4.999633e+003,7.211854e-002
5.000115e+003,8.261532e-002
5.000597e+003,9.254152e-002
5.001079e+003,9.886006e-002
5.001562e+003,9.872257e-002
5.002043e+003,9.045953e-002
5.002525e+003,7.420073e-002
5.003008e+003,5.189186e-002
5.003490e+003,2.671202e-002
5.003972e+003,2.132629e-003
5.004454e+003,-1.901091e-002
5.004936e+003,-3.509225e-002
5.005418e+003,-4.574645e-002
5.005900e+003,-5.147317e-002
5.006382e+003,-5.305045e-002
5.006865e+003,-5.107106e-002
5.007347e+003,-4.581199e-002
5.007829e+003,-3.744869e-002
5.008311e+003,-2.643400e-002
5.008793e+003,-1.377080e-002
5.009275e+003,-9.654055e-004
5.009757e+003,1.037727e-002
5.010240e+003,1.915421e-002
5.010722e+003,2.527211e-002
5.011204e+003,2.978973e-002
5.011686e+003,3.457516e-002
5.012168e+003,4.157891e-002
5.012650e+003,5.200518e-002
5.013132e+003,6.572101e-002
5.013614e+003,8.114911e-002
5.014097e+003,9.568963e-002
5.014579e+003,1.065044e-001
5.015061e+003,1.113623e-001
5.015543e+003,1.092428e-001
5.016025e+003,1.005157e-001
5.016507e+003,8.669460e-002
5.016989e+003,6.991677e-002
5.017471e+003,5.237535e-002
5.017954e+003,3.588923e-002
5.018436e+003,2.169275e-002
5.018918e+003,1.041141e-002
5.019400e+003,2.124451e-003
5.019882e+003,-3.577689e-003
5.020364e+003,-7.568085e-003
5.020846e+003,-1.114037e-002
5.021329e+003,-1.586115e-002
5.021811e+003,-2.325626e-002
5.022292e+003,-3.435492e-002
5.022775e+003,-4.921705e-002
5.023257e+003,-6.663397e-002
5.023739e+003,-8.417931e-002
5.024221e+003,-9.868654e-002
5.024703e+003,-1.070738e-001
5.025186e+003,-1.072885e-001
5.025667e+003,-9.906334e-002
5.026150e+003,-8.420266e-002
5.026632e+003,-6.625196e-002
5.027114e+003,-4.960717e-002
5.027596e+003,-3.831815e-002
5.028078e+003,-3.496229e-002
5.028560e+003,-3.995068e-002
5.029042e+003,-5.148501e-002
5.029524e+003,-6.615693e-002
5.030007e+003,-7.987718e-002
5.030489e+003,-8.920534e-002
5.030971e+003,-9.196582e-002
5.031453e+003,-8.763003e-002
5.031935e+003,-7.711227e-002
5.032417e+003,-6.220965e-002
5.032899e+003,-4.494497e-002
5.033381e+003,-2.704766e-002
5.033864e+003,-9.694538e-003
5.034346e+003,6.506721e-003
5.034828e+003,2.140130e-002
5.035310e+003,3.515908e-002
5.035792e+003,4.819318e-002
5.036274e+003,6.109946e-002
5.036756e+003,7.454323e-002
5.037239e+003,8.904023e-002
5.037721e+003,1.046611e-001
5.038203e+003,1.207759e-001
5.038685e+003,1.359969e-001
5.039167e+003,1.484224e-001
5.039649e+003,1.561637e-001
5.040131e+003,1.579855e-001
5.040613e+003,1.538040e-001
5.041096e+003,1.448079e-001
5.041578e+003,1.331091e-001
5.042060e+003,1.210296e-001
5.042542e+003,1.103007e-001
5.043024e+003,1.015055e-001
5.043506e+003,9.399712e-002
5.043988e+003,8.632199e-002
5.044470e+003,7.695634e-002
5.044953e+003,6.503315e-002
5.045435e+003,5.075267e-002
5.045917e+003,3.532267e-002
5.046399e+003,2.049074e-002
5.046881e+003,7.907861e-003
5.047363e+003,-1.378421e-003
5.047845e+003,-7.085179e-003
5.048327e+003,-9.476518e-003
5.048810e+003,-8.923657e-003
5.049292e+003,-5.505698e-003
5.049774e+003,1.114000e-003
5.050256e+003,1.144595e-002
5.050738e+003,2.566825e-002
5.051220e+003,4.310066e-002
5.051702e+003,6.193527e-002
5.052185e+003,7.940433e-002
5.052667e+003,9.238718e-002
5.053148e+003,9.827442e-002
5.053631e+003,9.579559e-002
5.054113e+003,8.551411e-002
5.054595e+003,6.980295e-002
5.055077e+003,5.228244e-002
5.055559e+003,3.687681e-002
5.056042e+003,2.676324e-002
5.056523e+003,2.351957e-002
5.057006e+003,2.671675e-002
5.057488e+003,3.407456e-002
5.057970e+003,4.213873e-002
5.058452e+003,4.728942e-002
5.058934e+003,4.679158e-002
5.059416e+003,3.957836e-002
5.059898e+003,2.653001e-002
5.060380e+003,1.016191e-002
5.060863e+003,-6.050643e-003
5.061345e+003,-1.916196e-002
5.061827e+003,-2.708636e-002
5.062309e+003,-2.925831e-002
5.062791e+003,-2.653034e-002
5.063273e+003,-2.058530e-002
5.063755e+003,-1.313443e-002
5.064237e+003,-5.251986e-003
5.064720e+003,2.869424e-003
5.065202e+003,1.165777e-002
5.065684e+003,2.155153e-002
5.066166e+003,3.237659e-002
5.066648e+003,4.306549e-002
5.067130e+003,5.191772e-002
5.067612e+003,5.732648e-002
5.068095e+003,5.864126e-002
5.068577e+003,5.672309e-002
5.069059e+003,5.384924e-002
5.069541e+003,5.290444e-002
5.070023e+003,5.613587e-002
5.070505e+003,6.399302e-002
5.070987e+003,7.459518e-002
5.071469e+003,8.413985e-002
5.071952e+003,8.817150e-002
5.072434e+003,8.324606e-002
5.072916e+003,6.832532e-002
5.073398e+003,4.532142e-002
5.073880e+003,1.855202e-002
5.074362e+003,-6.683508e-003
5.074844e+003,-2.583445e-002
5.075326e+003,-3.645325e-002
5.075809e+003,-3.867396e-002
5.076291e+003,-3.470517e-002
5.076773e+003,-2.764413e-002
5.077255e+003,-2.017853e-002
5.077737e+003,-1.373530e-002
5.078219e+003,-8.378127e-003
5.078701e+003,-3.378737e-003
5.079184e+003,1.920977e-003
5.079666e+003,7.438300e-003
5.080147e+003,1.220455e-002
5.080630e+003,1.477999e-002
5.081112e+003,1.396872e-002
5.081594e+003,9.433850e-003
5.082076e+003,1.888218e-003
5.082558e+003,-7.223196e-003
5.083041e+003,-1.635800e-002
5.083522e+003,-2.447648e-002
5.084004e+003,-3.128944e-002
5.084487e+003,-3.704349e-002
5.084969e+003,-4.199520e-002
5.085451e+003,-4.590147e-002
5.085933e+003,-4.784676e-002
5.086415e+003,-4.654638e-002
5.086897e+003,-4.099970e-002
5.087379e+003,-3.116544e-002
5.087862e+003,-1.829651e-002
5.088344e+003,-4.726604e-003
5.088826e+003,6.835863e-003
5.089308e+003,1.421416e-002
5.089790e+003,1.648553e-002
5.090272e+003,1.422797e-002
5.090754e+003,9.224748e-003
5.091236e+003,3.796795e-003
5.091719e+003,2.262328e-005
5.092201e+003,-6.551882e-004
5.092683e+003,2.225975e-003
5.093165e+003,8.256979e-003
5.093647e+003,1.630616e-002
5.094129e+003,2.463301e-002
5.094611e+003,3.096275e-002
5.095093e+003,3.264521e-002
5.095576e+003,2.705101e-002
5.096058e+003,1.225282e-002
5.096540e+003,-1.215767e-002
5.097022e+003,-4.443608e-002
5.097504e+003,-8.058757e-002
5.097986e+003,-1.150016e-001
5.098468e+003,-1.417277e-001
5.098951e+003,-1.560065e-001
5.099433e+003,-1.555225e-001
5.099915e+003,-1.409155e-001
5.100397e+003,-1.153755e-001
5.100879e+003,-8.350877e-002
5.101361e+003,-4.995224e-002
5.101843e+003,-1.827713e-002
5.102325e+003,9.453068e-003
5.102808e+003,3.244336e-002
5.103290e+003,5.053814e-002
5.103771e+003,6.364178e-002
5.104254e+003,7.153363e-002
5.104736e+003,7.414863e-002
5.105218e+003,7.209443e-002
5.105700e+003,6.701165e-002
5.106182e+003,6.144883e-002
5.106665e+003,5.817746e-002
5.107146e+003,5.918884e-002
5.107629e+003,6.481917e-002
5.108111e+003,7.343445e-002
5.108593e+003,8.187403e-002
5.109075e+003,8.650870e-002
5.109557e+003,8.448836e-002
5.110040e+003,7.466774e-002
5.110521e+003,5.785067e-002
5.111003e+003,3.630576e-002
5.111486e+003,1.282807e-002
5.111968e+003,-1.020048e-002
5.112450e+003,-3.134236e-002
5.112932e+003,-5.005042e-002
5.113414e+003,-6.615007e-002
5.113896e+003,-7.919746e-002
5.114378e+003,-8.808977e-002
5.114860e+003,-9.115516e-002
5.115343e+003,-8.669911e-002
5.115825e+003,-7.375780e-002
5.116307e+003,-5.271330e-002
5.116789e+003,-2.549455e-002
5.117271e+003,4.724130e-003
5.117753e+003,3.420275e-002
5.118235e+003,5.943358e-002
5.118718e+003,7.778482e-002
5.119200e+003,8.782197e-002
5.119682e+003,8.929419e-002
5.120164e+003,8.290158e-002
5.120646e+003,7.000931e-002
5.121128e+003,5.243300e-002
5.121610e+003,3.232908e-002
5.122092e+003,1.212979e-002
5.122575e+003,-5.622633e-003
5.123057e+003,-1.841523e-002
5.123539e+003,-2.424982e-002
5.124021e+003,-2.207303e-002
5.124503e+003,-1.214931e-002
5.124985e+003,3.795739e-003
5.125467e+003,2.276691e-002
5.125949e+003,4.104152e-002
5.126432e+003,5.497133e-002
5.126914e+003,6.185803e-002
5.127396e+003,6.066751e-002
5.127878e+003,5.236484e-002
5.128360e+003,3.973713e-002
5.128842e+003,2.670821e-002
5.129324e+003,1.729793e-002
5.129807e+003,1.450012e-002
5.130289e+003,1.940175e-002
5.130771e+003,3.081594e-002
5.131253e+003,4.555797e-002
5.131735e+003,5.929248e-002
5.132217e+003,6.769942e-002
5.132699e+003,6.760690e-002
5.133181e+003,5.776560e-002
5.133664e+003,3.906940e-002
5.134146e+003,1.421199e-002
5.134628e+003,-1.306357e-002
5.135110e+003,-3.886539e-002
5.135592e+003,-5.994328e-002
5.136074e+003,-7.418513e-002
5.136556e+003,-8.075512e-002
5.137038e+003,-7.992266e-002
5.137521e+003,-7.269997e-002
5.138002e+003,-6.042468e-002
5.138485e+003,-4.440084e-002
5.138967e+003,-2.567281e-002
5.139449e+003,-4.964290e-003
5.139931e+003,1.722379e-002
5.140413e+003,4.040435e-002
5.140896e+003,6.386770e-002
5.141377e+003,8.652472e-002
5.141859e+003,1.069251e-001
5.142342e+003,1.234922e-001
5.142824e+003,1.349244e-001
5.143306e+003,1.406246e-001
5.143788e+003,1.409702e-001
5.144270e+003,1.372707e-001
5.144752e+003,1.313725e-001
5.145234e+003,1.250195e-001
5.145717e+003,1.192097e-001
5.146199e+003,1.138169e-001
5.146681e+003,1.076711e-001
5.147163e+003,9.910794e-002
5.147645e+003,8.679065e-002
5.148127e+003,7.046979e-002
5.148609e+003,5.134327e-002
5.149091e+003,3.183157e-002
5.149574e+003,1.482537e-002
5.150056e+003,2.694799e-003
5.150538e+003,-3.535967e-003
5.151020e+003,-4.501270e-003
5.151502e+003,-2.155594e-003
5.151984e+003,1.078840e-003
5.152466e+003,3.319858e-003
5.152948e+003,3.960456e-003
5.153431e+003,3.855467e-003
5.153913e+003,4.698636e-003
5.154395e+003,8.200000e-003
5.154877e+003,1.506504e-002
5.155359e+003,2.441016e-002
5.155841e+003,3.384849e-002
5.156323e+003,4.024843e-002
5.156806e+003,4.088765e-002
5.157288e+003,3.455214e-002
5.157770e+003,2.213773e-002
5.158252e+003,6.493864e-003
5.158734e+003,-8.460195e-003
5.159216e+003,-1.903942e-002
5.159698e+003,-2.304691e-002
5.160180e+003,-2.052389e-002
5.160663e+003,-1.372430e-002
5.161145e+003,-6.325143e-003
5.161626e+003,-2.157028e-003
5.162109e+003,-3.910509e-003
5.162591e+003,-1.227401e-002
5.163073e+003,-2.579335e-002
5.163555e+003,-4.147125e-002
5.164037e+003,-5.585650e-002
5.164520e+003,-6.620634e-002
5.165001e+003,-7.130660e-002
5.165484e+003,-7.168794e-002
5.165966e+003,-6.921981e-002
5.166448e+003,-6.629280e-002
5.166930e+003,-6.492923e-002
5.167412e+003,-6.614792e-002
5.167895e+003,-6.977085e-002
5.168376e+003,-7.466427e-002
5.168858e+003,-7.924218e-002
5.169341e+003,-8.199091e-002
5.169823e+003,-8.181613e-002
5.170305e+003,-7.813700e-002
5.170787e+003,-7.078994e-002
5.171269e+003,-5.988611e-002
5.171751e+003,-4.576008e-002
5.172233e+003,-2.905956e-002
5.172715e+003,-1.091202e-002
5.173198e+003,6.975105e-003
5.173680e+003,2.242191e-002
5.174162e+003,3.314924e-002
5.174644e+003,3.734769e-002
5.175126e+003,3.426335e-002
5.175608e+003,2.458103e-002
5.176090e+003,1.043557e-002
5.176573e+003,-4.994559e-003
5.177055e+003,-1.821269e-002
5.177537e+003,-2.623403e-002
5.178019e+003,-2.727066e-002
5.178501e+003,-2.107117e-002
5.178983e+003,-8.833771e-003
5.179465e+003,7.249793e-003
5.179947e+003,2.465160e-002
5.180430e+003,4.115221e-002
5.180912e+003,5.528415e-002
5.181394e+003,6.647032e-002
5.181876e+003,7.486418e-002
5.182358e+003,8.099722e-002
5.182840e+003,8.539284e-002
5.183322e+003,8.829936e-002
5.183804e+003,8.963103e-002
5.184287e+003,8.912175e-002
5.184769e+003,8.656390e-002
5.185251e+003,8.204884e-002
5.185733e+003,7.606278e-002
5.186215e+003,6.938398e-002
5.186697e+003,6.282675e-002
5.187179e+003,5.695002e-002
5.187662e+003,5.186618e-002
5.188144e+003,4.723844e-002
5.188625e+003,4.246396e-002
5.189108e+003,3.695119e-002
5.189590e+003,3.035591e-002
5.190072e+003,2.266948e-002
5.190554e+003,1.413718e-002
5.191036e+003,5.080329e-003
5.191519e+003,-4.250804e-003
5.192000e+003,-1.369038e-002
5.192482e+003,-2.302218e-002
5.192965e+003,-3.178838e-002
5.193447e+003,-3.919489e-002
5.193929e+003,-4.423615e-002
5.194411e+003,-4.604886e-002
5.194893e+003,-4.435908e-002
5.195375e+003,-3.979149e-002
5.195857e+003,-3.382630e-002
5.196340e+003,-2.832724e-002
5.196822e+003,-2.477246e-002
5.197304e+003,-2.350144e-002
5.197786e+003,-2.334407e-002
5.198268e+003,-2.187567e-002
5.198750e+003,-1.628042e-002
5.199232e+003,-4.527153e-003
5.199714e+003,1.360605e-002
5.200197e+003,3.609202e-002
5.200679e+003,5.901555e-002
5.201161e+003,7.763588e-002
5.201643e+003,8.777250e-002
5.202125e+003,8.701388e-002
5.202607e+003,7.533551e-002
5.203089e+003,5.496126e-002
5.203571e+003,2.959147e-002
5.204054e+003,3.329135e-003
5.204536e+003,-2.031448e-002
5.205018e+003,-3.904941e-002
5.205500e+003,-5.196941e-002
5.205982e+003,-5.932277e-002
5.206464e+003,-6.207362e-002
5.206946e+003,-6.144291e-002
5.207429e+003,-5.855274e-002
5.207911e+003,-5.421631e-002
5.208393e+003,-4.886534e-002
5.208875e+003,-4.260034e-002
5.209357e+003,-3.535892e-002
5.209839e+003,-2.718722e-002
5.210321e+003,-1.855221e-002
5.210803e+003,-1.057177e-002
5.211286e+003,-5.011030e-003
5.211768e+003,-3.941959e-003
5.212250e+003,-9.093036e-003
5.212732e+003,-2.108140e-002
5.213214e+003,-3.883724e-002
5.213696e+003,-5.952255e-002
5.214178e+003,-7.908490e-002
5.214660e+003,-9.333014e-002
5.215143e+003,-9.917370e-002
5.215625e+003,-9.553354e-002
5.216107e+003,-8.363825e-002
5.216589e+003,-6.651728e-002
5.217071e+003,-4.792231e-002
5.217553e+003,-3.109965e-002
5.218035e+003,-1.788469e-002
5.218518e+003,-8.432221e-003
5.219000e+003,-1.608116e-003
5.219481e+003,4.209150e-003
5.219964e+003,1.031392e-002
5.220446e+003,1.719668e-002
5.220928e+003,2.455895e-002
5.221410e+003,3.172879e-002
5.221892e+003,3.821373e-002
5.222375e+003,4.410008e-002
5.222856e+003,5.011756e-002
5.223338e+003,5.736370e-002
5.223821e+003,6.683093e-002
5.224303e+003,7.893968e-002
5.224785e+003,9.324379e-002
5.225267e+003,1.083844e-001
5.225749e+003,1.222746e-001
5.226231e+003,1.324482e-001
5.226713e+003,1.365022e-001
5.227196e+003,1.325812e-001
5.227678e+003,1.198545e-001
5.228160e+003,9.890317e-002
5.228642e+003,7.189339e-002
5.229124e+003,4.239866e-002
5.229606e+003,1.479890e-002
5.230088e+003,-6.672052e-003
5.230570e+003,-1.898603e-002
5.231053e+003,-2.113314e-002
5.231535e+003,-1.436515e-002
5.232017e+003,-1.739284e-003
5.232499e+003,1.289488e-002
5.232981e+003,2.609361e-002
5.233463e+003,3.576070e-002
5.233945e+003,4.151118e-002
5.234427e+003,4.438818e-002
5.234910e+003,4.613107e-002
5.235392e+003,4.835505e-002
5.235874e+003,5.198891e-002
5.236356e+003,5.714557e-002
5.236838e+003,6.336285e-002
5.237320e+003,6.997656e-002
5.237802e+003,7.636551e-002
5.238285e+003,8.193934e-002
5.238767e+003,8.594421e-002
5.239249e+003,8.730967e-002
5.239731e+003,8.476436e-002
5.240213e+003,7.729422e-002
5.240695e+003,6.478845e-002
5.241177e+003,4.854828e-002
5.241659e+003,3.132459e-002
5.242142e+003,1.672402e-002
5.242624e+003,8.110231e-003
5.243105e+003,7.392379e-003
5.243588e+003,1.420735e-002
5.244070e+003,2.588752e-002
5.244552e+003,3.829414e-002
5.245034e+003,4.722452e-002
5.245516e+003,4.985137e-002
5.245999e+003,4.565094e-002
5.246480e+003,3.643850e-002
5.246963e+003,2.562775e-002
5.247445e+003,1.694200e-002
5.247927e+003,1.311969e-002
5.248409e+003,1.506441e-002
5.248891e+003,2.169006e-002
5.249374e+003,3.042678e-002
5.249855e+003,3.811998e-002
5.250337e+003,4.196893e-002
5.250820e+003,4.022066e-002
5.251302e+003,3.249055e-002
5.251784e+003,1.972824e-002
5.252266e+003,3.927854e-003
5.252748e+003,-1.231094e-002
5.253230e+003,-2.629019e-002
5.253712e+003,-3.572720e-002
5.254194e+003,-3.920220e-002
5.254677e+003,-3.644520e-002
5.255159e+003,-2.836702e-002
5.255641e+003,-1.679174e-002
5.256123e+003,-3.945755e-003
5.256605e+003,8.139722e-003
5.257087e+003,1.810978e-002
5.257569e+003,2.548730e-002
5.258052e+003,3.054624e-002
5.258534e+003,3.394337e-002
5.259016e+003,3.629243e-002
5.259498e+003,3.787471e-002
5.259980e+003,3.860158e-002
5.260462e+003,3.821172e-002
5.260944e+003,3.656841e-002
5.261426e+003,3.388051e-002
5.261909e+003,3.072554e-002
5.262391e+003,2.787125e-002
5.262873e+003,2.600466e-002
5.263355e+003,2.552265e-002
5.263837e+003,2.649166e-002
5.264319e+003,2.877541e-002
5.264801e+003,3.222143e-002
5.265283e+003,3.675897e-002
5.265766e+003,4.231893e-002
5.266248e+003,4.860811e-002
5.266730e+003,5.488402e-002
5.267212e+003,5.991019e-002
5.267694e+003,6.220001e-002
5.268176e+003,6.050880e-002
5.268658e+003,5.438291e-002
5.269141e+003,4.450568e-002
5.269623e+003,3.263928e-002
5.270104e+003,2.113515e-002
5.270587e+003,1.218840e-002
5.271069e+003,7.142279e-003
5.271551e+003,6.136332e-003
5.272033e+003,8.238980e-003
5.272515e+003,1.198929e-002
5.272998e+003,1.609528e-002
5.273479e+003,1.998267e-002
5.273962e+003,2.397533e-002
5.274444e+003,2.906739e-002
5.274926e+003,3.642627e-002
5.275408e+003,4.686216e-002
5.275890e+003,6.047369e-002
5.276372e+003,7.656181e-002
5.276854e+003,9.376353e-002
5.277336e+003,1.102777e-001
5.277819e+003,1.240689e-001
5.278301e+003,1.330238e-001
5.278783e+003,1.351242e-001
5.279265e+003,1.287318e-001
5.279747e+003,1.130144e-001
5.280229e+003,8.842124e-002
5.280711e+003,5.700903e-002
5.281193e+003,2.240448e-002
5.281676e+003,-1.070645e-002
5.282158e+003,-3.748786e-002
5.282640e+003,-5.401056e-002
5.283122e+003,-5.812115e-002
5.283604e+003,-4.984256e-002
5.284086e+003,-3.119355e-002
5.284568e+003,-5.526868e-003
5.285051e+003,2.335285e-002
5.285533e+003,5.198655e-002
5.286015e+003,7.775488e-002
5.286497e+003,9.901302e-002
5.286979e+003,1.149598e-001
5.287461e+003,1.254032e-001
5.287943e+003,1.305487e-001
5.288425e+003,1.308490e-001
5.288908e+003,1.268738e-001
5.289390e+003,1.191504e-001
5.289872e+003,1.079854e-001
5.290354e+003,9.335919e-002
5.290836e+003,7.501702e-002
5.291318e+003,5.281540e-002
5.291800e+003,2.724169e-002
5.292282e+003,-1.200358e-004
5.292765e+003,-2.645546e-002
5.293247e+003,-4.810762e-002
5.293729e+003,-6.146158e-002
5.294211e+003,-6.405855e-002
5.294693e+003,-5.551359e-002
5.295175e+003,-3.783457e-002
5.295657e+003,-1.495595e-002
5.296140e+003,8.373310e-003
5.296622e+003,2.792658e-002
5.297104e+003,4.104453e-002
5.297586e+003,4.700924e-002
5.298068e+003,4.667859e-002
5.298550e+003,4.163705e-002
5.299032e+003,3.331467e-002
5.299514e+003,2.249297e-002
5.299997e+003,9.385310e-003
5.300479e+003,-5.833941e-003
5.300960e+003,-2.240868e-002
5.301443e+003,-3.868066e-002
5.301925e+003,-5.228977e-002
5.302407e+003,-6.083334e-002
5.302889e+003,-6.267963e-002
5.303371e+003,-5.754832e-002
5.303854e+003,-4.659136e-002
5.304335e+003,-3.195547e-002
5.304818e+003,-1.605613e-002
5.305300e+003,-9.034579e-004
5.305782e+003,1.224775e-002
5.306264e+003,2.285411e-002
5.306746e+003,3.078899e-002
5.307229e+003,3.604919e-002
5.307710e+003,3.866643e-002
5.308192e+003,3.884981e-002
5.308675e+003,3.721470e-002
5.309157e+003,3.485804e-002
5.309639e+003,3.311926e-002
5.310121e+003,3.305572e-002
5.310603e+003,3.486043e-002
5.311085e+003,3.753878e-002
5.311567e+003,3.907871e-002
5.312049e+003,3.712894e-002
5.312532e+003,2.994493e-002
5.313014e+003,1.720980e-002
5.313496e+003,3.654643e-004
5.313978e+003,-1.770549e-002
5.314460e+003,-3.352708e-002
5.314942e+003,-4.406313e-002
5.315424e+003,-4.753259e-002
5.315907e+003,-4.372704e-002
5.316389e+003,-3.378797e-002
5.316871e+003,-1.963430e-002
5.317353e+003,-3.344063e-003
5.317835e+003,1.325242e-002
5.318317e+003,2.867211e-002
5.318799e+003,4.165645e-002
5.319281e+003,5.101330e-002
5.319764e+003,5.559272e-002
5.320246e+003,5.445525e-002
5.320728e+003,4.716091e-002
5.321210e+003,3.403101e-002
5.321692e+003,1.624656e-002
5.322174e+003,-4.271204e-003
5.322656e+003,-2.515916e-002
5.323138e+003,-4.399541e-002
5.323621e+003,-5.867860e-002
5.324103e+003,-6.775637e-002
5.324585e+003,-7.068828e-002
5.325067e+003,-6.802025e-002
5.325549e+003,-6.140450e-002
5.326031e+003,-5.336900e-002
5.326513e+003,-4.677369e-002
5.326996e+003,-4.401124e-002
5.327478e+003,-4.617197e-002
5.327959e+003,-5.250006e-002
5.328442e+003,-6.043317e-002
5.328924e+003,-6.631768e-002
5.329406e+003,-6.660557e-002
5.329888e+003,-5.910017e-002
5.330370e+003,-4.374989e-002
5.330853e+003,-2.264024e-002
5.331334e+003,8.434445e-004
5.331816e+003,2.334254e-002
5.332299e+003,4.276307e-002
5.332781e+003,5.886542e-002
5.333263e+003,7.294263e-002
5.333745e+003,8.675824e-002
5.334227e+003,1.012756e-001
5.334709e+003,1.158088e-001
5.335191e+003,1.280201e-001
5.335674e+003,1.347810e-001
5.336156e+003,1.335006e-001
5.336638e+003,1.233036e-001
5.337120e+003,1.055129e-001
5.337602e+003,8.322232e-002
5.338084e+003,6.017567e-002
5.338566e+003,3.948122e-002
5.339048e+003,2.274149e-002
5.339531e+003,9.934852e-003
5.340013e+003,-6.080778e-006
5.340495e+003,-8.307342e-003
5.340977e+003,-1.565367e-002
5.341459e+003,-2.200396e-002
5.341941e+003,-2.692810e-002
5.342423e+003,-3.017942e-002
5.342905e+003,-3.210697e-002
5.343388e+003,-3.362781e-002
5.343870e+003,-3.575427e-002
5.344352e+003,-3.895335e-002
5.344834e+003,-4.274468e-002
5.345316e+003,-4.583324e-002
5.345798e+003,-4.677430e-002
5.346280e+003,-4.485027e-002
5.346763e+003,-4.068921e-002
5.347245e+003,-3.625717e-002
5.347727e+003,-3.415577e-002
5.348209e+003,-3.649971e-002
5.348691e+003,-4.387169e-002
5.349173e+003,-5.484417e-002
5.349655e+003,-6.631667e-002
5.350137e+003,-7.455151e-002
5.350620e+003,-7.647962e-002
5.351102e+003,-7.074121e-002
5.351584e+003,-5.806573e-002
5.352066e+003,-4.089307e-002
5.352548e+003,-2.244942e-002
5.353030e+003,-5.678138e-003
5.353512e+003,7.569449e-003
5.353994e+003,1.684248e-002
5.354477e+003,2.289318e-002
5.354958e+003,2.716367e-002
5.355441e+003,3.121189e-002
5.355923e+003,3.626261e-002
5.356405e+003,4.293782e-002
5.356887e+003,5.112211e-002
5.357369e+003,5.990587e-002
5.357852e+003,6.761411e-002
5.358333e+003,7.199862e-002
5.358815e+003,7.067995e-002
5.359298e+003,6.183613e-002
5.359780e+003,4.498565e-002
5.360262e+003,2.158334e-002
5.360744e+003,-4.871864e-003
5.361226e+003,-2.939277e-002
5.361708e+003,-4.666139e-002
5.362190e+003,-5.247274e-002
5.362673e+003,-4.499171e-002
5.363155e+003,-2.536986e-002
5.363637e+003,2.525224e-003
5.364119e+003,3.319731e-002
5.364601e+003,6.105354e-002
5.365083e+003,8.185446e-002
5.365565e+003,9.360874e-002
5.366047e+003,9.667479e-002
5.366530e+003,9.314287e-002
5.367012e+003,8.582501e-002
5.367494e+003,7.727912e-002
5.367976e+003,6.920800e-002
5.368458e+003,6.236133e-002
5.368940e+003,5.683019e-002
5.369422e+003,5.247017e-002
5.369904e+003,4.917855e-002
5.370387e+003,4.688965e-002
5.370869e+003,4.533396e-002
5.371351e+003,4.377301e-002
5.371833e+003,4.095251e-002
5.372315e+003,3.541549e-002
5.372797e+003,2.612020e-002
5.373279e+003,1.311603e-002
5.373762e+003,-2.060279e-003
5.374244e+003,-1.653093e-002
5.374726e+003,-2.681728e-002
5.375208e+003,-2.996259e-002
5.375690e+003,-2.463302e-002
5.376172e+003,-1.175427e-002
5.376654e+003,5.611720e-003
5.377136e+003,2.315967e-002
5.377619e+003,3.669606e-002
5.378101e+003,4.344531e-002
5.378583e+003,4.281224e-002
5.379065e+003,3.634281e-002
5.379547e+003,2.696692e-002
5.380029e+003,1.788758e-002
5.380511e+003,1.157818e-002
5.380993e+003,9.242945e-003
5.381476e+003,1.085139e-002
5.381958e+003,1.559406e-002
5.382440e+003,2.244460e-002
5.382922e+003,3.052222e-002
5.383404e+003,3.911666e-002
5.383886e+003,4.746588e-002
5.384368e+003,5.453690e-002
5.384851e+003,5.906191e-002
5.385333e+003,5.992255e-002
5.385814e+003,5.674044e-002
5.386297e+003,5.035598e-002
5.386779e+003,4.287034e-002
5.387261e+003,3.711012e-002
5.387743e+003,3.566264e-002
5.388225e+003,3.986840e-002
5.388708e+003,4.922014e-002
5.389189e+003,6.146230e-002
5.389671e+003,7.338107e-002
5.390154e+003,8.196551e-002
5.390636e+003,8.545237e-002
5.391118e+003,8.382612e-002
5.391600e+003,7.860031e-002
5.392082e+003,7.203030e-002
5.392564e+003,6.615231e-002
5.393046e+003,6.208922e-002
5.393529e+003,5.990409e-002
5.394011e+003,5.899002e-002
5.394493e+003,5.871616e-002
5.394975e+003,5.893581e-002
5.395457e+003,6.006814e-002
5.395939e+003,6.271765e-002
5.396421e+003,6.705790e-002
5.396903e+003,7.233944e-002
5.397386e+003,7.682471e-002
5.397868e+003,7.824070e-002
5.398350e+003,7.458115e-002
5.398832e+003,6.491381e-002
5.399314e+003,4.984184e-002
5.399796e+003,3.142551e-002
5.400278e+003,1.260326e-002
5.400760e+003,-3.628781e-003
5.401243e+003,-1.501121e-002
5.401725e+003,-2.049244e-002
5.402207e+003,-2.030184e-002
5.402689e+003,-1.568131e-002
5.403171e+003,-8.435249e-003
5.403653e+003,-4.659488e-004
5.404135e+003,6.599811e-003
5.404618e+003,1.165979e-002
5.405100e+003,1.426961e-002
5.405582e+003,1.466358e-002
5.406064e+003,1.364637e-002
5.406546e+003,1.233837e-002
5.407028e+003,1.180164e-002
5.407510e+003,1.264138e-002
5.407992e+003,1.473182e-002
5.408475e+003,1.720626e-002
5.408957e+003,1.876689e-002
5.409438e+003,1.823010e-002
5.409921e+003,1.509614e-002
5.410403e+003,9.889694e-003
5.410885e+003,4.096476e-003
5.411367e+003,-3.075767e-004
5.411849e+003,-1.556030e-003
5.412332e+003,1.262196e-003
5.412813e+003,7.874693e-003
5.413296e+003,1.694557e-002
5.413778e+003,2.658308e-002
5.414260e+003,3.500960e-002
5.414742e+003,4.110847e-002
5.415224e+003,4.463558e-002
5.415706e+003,4.605193e-002
5.416188e+003,4.610403e-002
5.416670e+003,4.536738e-002
5.417153e+003,4.394648e-002
5.417635e+003,4.142137e-002
5.418117e+003,3.701099e-002
5.418599e+003,2.984702e-002
5.419081e+003,1.924289e-002
5.419563e+003,4.889917e-003
5.420045e+003,-1.302595e-002
5.420527e+003,-3.376114e-002
5.421010e+003,-5.599234e-002
5.421492e+003,-7.786431e-002
5.421974e+003,-9.716487e-002
5.422456e+003,-1.116645e-001
5.422938e+003,-1.195870e-001
5.423420e+003,-1.200898e-001
5.423902e+003,-1.135759e-001
5.424385e+003,-1.016881e-001
5.424867e+003,-8.694007e-002
5.425349e+003,-7.208601e-002
5.425831e+003,-5.944930e-002
5.426313e+003,-5.045610e-002
5.426795e+003,-4.553727e-002
5.427277e+003,-4.440197e-002
5.427759e+003,-4.652004e-002
5.428242e+003,-5.155691e-002
5.428724e+003,-5.953006e-002
5.429206e+003,-7.059770e-002
5.429688e+003,-8.458550e-002
5.430170e+003,-1.005088e-001
5.430652e+003,-1.163734e-001
5.431134e+003,-1.294036e-001
5.431616e+003,-1.368064e-001
5.432099e+003,-1.365132e-001
5.432581e+003,-1.279913e-001
5.433063e+003,-1.125897e-001
5.433545e+003,-9.330873e-002
5.434027e+003,-7.403431e-002
5.434509e+003,-5.848458e-002
5.434991e+003,-4.922276e-002
5.435474e+003,-4.706137e-002
5.435956e+003,-5.102197e-002
5.436438e+003,-5.879670e-002
5.436920e+003,-6.748541e-002
5.437402e+003,-7.432091e-002
5.437884e+003,-7.716440e-002
5.438366e+003,-7.469855e-002
5.438848e+003,-6.639148e-002
5.439331e+003,-5.237988e-002
5.439813e+003,-3.339854e-002
5.440295e+003,-1.078919e-002
5.440777e+003,1.348556e-002
5.441259e+003,3.695442e-002
5.441741e+003,5.696985e-002
5.442223e+003,7.124229e-002
5.442705e+003,7.842642e-002
5.443188e+003,7.853425e-002
5.443669e+003,7.297342e-002
5.444152e+003,6.413176e-002
5.444634e+003,5.460513e-002
5.445116e+003,4.633021e-002
5.445598e+003,3.995767e-002
5.446080e+003,3.473482e-002
5.446563e+003,2.896894e-002
5.447044e+003,2.089655e-002
5.447526e+003,9.606089e-003
5.448009e+003,-4.365708e-003
5.448491e+003,-1.901080e-002
5.448973e+003,-3.141747e-002
5.449455e+003,-3.871382e-002
5.449937e+003,-3.902953e-002
5.450419e+003,-3.212347e-002
5.450901e+003,-1.947039e-002
5.451384e+003,-3.821287e-003
5.451866e+003,1.155847e-002
5.452348e+003,2.368928e-002
5.452830e+003,3.048115e-002
5.453312e+003,3.103366e-002
5.453794e+003,2.565400e-002
5.454276e+003,1.568333e-002
5.454758e+003,3.217485e-003
5.455241e+003,-9.239789e-003
5.455723e+003,-1.919060e-002
5.456205e+003,-2.461143e-002
5.456687e+003,-2.440562e-002
5.457169e+003,-1.870309e-002
5.457651e+003,-8.858679e-003
5.458133e+003,2.927330e-003
5.458615e+003,1.429886e-002
5.459098e+003,2.352314e-002
5.459580e+003,3.005637e-002
5.460062e+003,3.464008e-002
5.460544e+003,3.884861e-002
5.461026e+003,4.424975e-002
5.461508e+003,5.153295e-002
5.461990e+003,6.000882e-002
5.462473e+003,6.765452e-002
5.462955e+003,7.197832e-002
5.463437e+003,7.101405e-002
5.463919e+003,6.424256e-002
5.464401e+003,5.298469e-002
5.464883e+003,4.008022e-002
5.465365e+003,2.896065e-002
5.465847e+003,2.247331e-002
5.466330e+003,2.190849e-002
5.466812e+003,2.658991e-002
5.467293e+003,3.415539e-002
5.467776e+003,4.138676e-002
5.468258e+003,4.525729e-002
5.468740e+003,4.382214e-002
5.469222e+003,3.668468e-002
5.469704e+003,2.496420e-002
5.470187e+003,1.087546e-002
5.470668e+003,-2.866220e-003
5.471150e+003,-1.360724e-002
5.471633e+003,-1.915962e-002
5.472115e+003,-1.802661e-002
5.472597e+003,-9.500479e-003
5.473079e+003,6.300491e-003
5.473561e+003,2.842216e-002
5.474043e+003,5.510733e-002
5.474525e+003,8.391821e-002
5.475008e+003,1.119901e-001
5.475490e+003,1.364127e-001
5.475972e+003,1.546744e-001
5.476454e+003,1.650636e-001
5.476936e+003,1.669158e-001
5.477418e+003,1.606413e-001
5.477900e+003,1.475356e-001
5.478382e+003,1.294362e-001
5.478865e+003,1.083318e-001
5.479347e+003,8.602796e-002
5.479829e+003,6.395625e-002
5.480311e+003,4.316070e-002
5.480793e+003,2.443815e-002
5.481275e+003,8.547335e-003
5.481757e+003,-3.631831e-003
5.482239e+003,-1.109905e-002
5.482722e+003,-1.294484e-002
5.483204e+003,-8.730465e-003
5.483686e+003,1.095732e-003
5.484168e+003,1.492608e-002
5.484650e+003,3.002299e-002
5.485132e+003,4.291540e-002
5.485614e+003,5.009898e-002
5.486097e+003,4.886306e-002
5.486579e+003,3.801181e-002
5.487061e+003,1.826804e-002
5.487543e+003,-7.766484e-003
5.488025e+003,-3.609793e-002
5.488507e+003,-6.215850e-002
5.488989e+003,-8.175855e-002
5.489471e+003,-9.195510e-002
5.489954e+003,-9.165633e-002
5.490436e+003,-8.185055e-002
5.490918e+003,-6.541954e-002
5.491400e+003,-4.655992e-002
5.491882e+003,-2.989946e-002
5.492364e+003,-1.946826e-002
5.492846e+003,-1.784799e-002
5.493328e+003,-2.524749e-002
5.493811e+003,-3.978547e-002
5.494292e+003,-5.790290e-002
5.494775e+003,-7.533868e-002
5.495257e+003,-8.827186e-002
5.495739e+003,-9.427945e-002
5.496221e+003,-9.282209e-002
5.496703e+003,-8.514182e-002
5.497186e+003,-7.366594e-002
5.497667e+003,-6.117434e-002
5.498149e+003,-5.003608e-002
5.498632e+003,-4.173895e-002
5.499114e+003,-3.677172e-002
5.499596e+003,-3.476088e-002
5.500078e+003,-3.469349e-002
5.500560e+003,-3.510134e-002
5.501042e+003,-3.419872e-002
5.501524e+003,-3.007042e-002
5.502007e+003,-2.102008e-002
5.502489e+003,-6.089762e-003
5.502971e+003,1.439609e-002
5.503453e+003,3.852682e-002
5.503935e+003,6.298879e-002
5.504417e+003,8.381142e-002
5.504899e+003,9.749214e-002
5.505381e+003,1.020998e-001
5.505864e+003,9.790282e-002
5.506346e+003,8.722627e-002
5.506828e+003,7.355099e-002
5.507310e+003,6.020026e-002
5.507792e+003,4.914627e-002
5.508274e+003,4.042301e-002
5.508756e+003,3.235745e-002
5.509238e+003,2.246549e-002
5.509721e+003,8.581885e-003
5.510203e+003,-1.026457e-002
5.510685e+003,-3.354492e-002
5.511167e+003,-5.950799e-002
5.511649e+003,-8.579214e-002
5.512131e+003,-1.100183e-001
5.512613e+003,-1.301105e-001
5.513096e+003,-1.443156e-001
5.513578e+003,-1.511071e-001
5.514060e+003,-1.492295e-001
5.514542e+003,-1.380275e-001
5.515024e+003,-1.179731e-001
5.515506e+003,-9.110516e-002
5.515988e+003,-6.104571e-002
5.516470e+003,-3.241304e-002
5.516953e+003,-9.743109e-003
5.517435e+003,3.703760e-003
5.517917e+003,6.778180e-003
5.518399e+003,5.827307e-004
5.518881e+003,-1.211425e-002
5.519363e+003,-2.791118e-002
5.519845e+003,-4.380032e-002
5.520327e+003,-5.778989e-002
5.520810e+003,-6.896000e-002
5.521292e+003,-7.708722e-002
5.521774e+003,-8.217031e-002
5.522256e+003,-8.418428e-002
5.522738e+003,-8.319867e-002
5.523220e+003,-7.973339e-002
5.523702e+003,-7.511805e-002
5.524185e+003,-7.132631e-002
5.524667e+003,-7.043061e-002
5.525148e+003,-7.383995e-002
5.525631e+003,-8.163214e-002
5.526113e+003,-9.235997e-002
5.526595e+003,-1.034883e-001
5.527077e+003,-1.123165e-001
5.527559e+003,-1.169911e-001
5.528042e+003,-1.171529e-001
5.528523e+003,-1.139199e-001
5.529006e+003,-1.092180e-001
5.529488e+003,-1.047758e-001
5.529970e+003,-1.012536e-001
5.530452e+003,-9.791206e-002
5.530934e+003,-9.297004e-002
5.531416e+003,-8.448965e-002
5.531898e+003,-7.139324e-002
5.532380e+003,-5.416438e-002
5.532863e+003,-3.492739e-002
5.533345e+003,-1.686159e-002
5.533827e+003,-3.173318e-003
5.534309e+003,3.989427e-003
5.534791e+003,4.287681e-003
5.535273e+003,-6.524085e-004
5.535755e+003,-7.724812e-003
5.536237e+003,-1.330237e-002
5.536720e+003,-1.434993e-002
5.537202e+003,-9.329536e-003
5.537684e+003,1.391413e-003
5.538166e+003,1.575197e-002
5.538648e+003,3.074655e-002
5.539130e+003,4.344714e-002
5.539612e+003,5.193917e-002
5.540095e+003,5.583865e-002
5.540577e+003,5.621020e-002
5.541059e+003,5.493448e-002
5.541541e+003,5.379337e-002
5.542023e+003,5.366138e-002
5.542505e+003,5.414929e-002
5.542987e+003,5.385469e-002
5.543469e+003,5.110825e-002
5.543952e+003,4.488132e-002
5.544434e+003,3.544399e-002
5.544916e+003,2.447341e-002
5.545398e+003,1.456382e-002
5.545880e+003,8.362380e-003
5.546362e+003,7.714600e-003
5.546844e+003,1.317338e-002
5.547326e+003,2.402801e-002
5.547809e+003,3.874920e-002
5.548291e+003,5.555932e-002
5.548772e+003,7.281528e-002
5.549255e+003,8.904170e-002
5.549737e+003,1.026853e-001
5.550219e+003,1.118466e-001
5.550701e+003,1.142769e-001
5.551183e+003,1.077860e-001
5.551666e+003,9.096622e-002
5.552147e+003,6.393193e-002
5.552630e+003,2.871086e-002
5.553112e+003,-1.094710e-002
5.553594e+003,-5.032400e-002
5.554076e+003,-8.477715e-002
5.554558e+003,-1.107203e-001
5.555040e+003,-1.260607e-001
5.555522e+003,-1.302038e-001
5.556004e+003,-1.236201e-001
5.556487e+003,-1.073414e-001
5.556969e+003,-8.263877e-002
5.557451e+003,-5.099949e-002
5.557933e+003,-1.432153e-002
5.558415e+003,2.488711e-002
5.558897e+003,6.351435e-002
5.559379e+003,9.814689e-002
5.559861e+003,1.255970e-001
5.560344e+003,1.434680e-001
5.560826e+003,1.505625e-001
5.561308e+003,1.470229e-001
5.561790e+003,1.342150e-001
5.562272e+003,1.144467e-001
5.562754e+003,9.061951e-002
5.563236e+003,6.586767e-002
5.563719e+003,4.318142e-002
5.564201e+003,2.501122e-002
5.564683e+003,1.289757e-002
5.565165e+003,7.237597e-003
5.565647e+003,7.318245e-003
5.566129e+003,1.167478e-002
5.566611e+003,1.869479e-002
5.567093e+003,2.724769e-002
5.567576e+003,3.706677e-002
5.568058e+003,4.869091e-002
5.568540e+003,6.296531e-002
5.569022e+003,8.031661e-002
5.569504e+003,1.001459e-001
5.569986e+003,1.206469e-001
5.570468e+003,1.391634e-001
5.570950e+003,1.529430e-001
5.571433e+003,1.599541e-001
5.571915e+003,1.594140e-001
5.572397e+003,1.518284e-001
5.572879e+003,1.385909e-001
5.573361e+003,1.213992e-001
5.573843e+003,1.018046e-001
5.574325e+003,8.109552e-002
5.574808e+003,6.049519e-002
5.575290e+003,4.145268e-002
5.575771e+003,2.574093e-002
5.576254e+003,1.518637e-002
5.576736e+003,1.107856e-002
5.577218e+003,1.352117e-002
5.577700e+003,2.106711e-002
5.578182e+003,3.087984e-002
5.578665e+003,3.943060e-002
5.579146e+003,4.349479e-002
5.579629e+003,4.107523e-002
5.580111e+003,3.191482e-002
5.580593e+003,1.744503e-002
5.581075e+003,2.498413e-004
5.581557e+003,-1.670361e-002
5.582039e+003,-3.077534e-002
5.582521e+003,-4.010203e-002
5.583003e+003,-4.373816e-002
5.583486e+003,-4.157290e-002
5.583968e+003,-3.415717e-002
5.584450e+003,-2.253968e-002
5.584932e+003,-8.137370e-003
5.585414e+003,7.405821e-003
5.585896e+003,2.231770e-002
5.586378e+003,3.497383e-002
5.586860e+003,4.407243e-002
5.587343e+003,4.877392e-002
5.587825e+003,4.876965e-002
5.588307e+003,4.430462e-002
5.588789e+003,3.619181e-002
5.589271e+003,2.581747e-002
5.589753e+003,1.507486e-002
5.590235e+003,6.126481e-003
5.590718e+003,9.340755e-004
5.591200e+003,6.190581e-004
5.591682e+003,4.867190e-003
5.592164e+003,1.167971e-002
5.592646e+003,1.771722e-002
5.593128e+003,1.926939e-002
5.593610e+003,1.359357e-002
5.594092e+003,1.352385e-004
5.594575e+003,-1.889714e-002
5.595057e+003,-3.892885e-002
5.595539e+003,-5.434074e-002
5.596021e+003,-6.027834e-002
5.596503e+003,-5.428511e-002
5.596985e+003,-3.714648e-002
5.597467e+003,-1.264187e-002
5.597949e+003,1.366742e-002
5.598432e+003,3.612678e-002
5.598914e+003,5.053186e-002
5.599396e+003,5.503557e-002
5.599878e+003,5.023680e-002
5.600360e+003,3.859940e-002
5.600842e+003,2.354915e-002
5.601324e+003,8.599894e-003
5.601807e+003,-3.289636e-003
5.602289e+003,-1.010970e-002
5.602771e+003,-1.102918e-002
5.603253e+003,-6.522655e-003
5.603735e+003,1.645031e-003
5.604217e+003,1.069472e-002
5.604699e+003,1.745656e-002
5.605181e+003,1.927490e-002
5.605664e+003,1.493379e-002
5.606146e+003,5.228806e-003
5.606627e+003,-7.124074e-003
5.607110e+003,-1.830685e-002
5.607592e+003,-2.468793e-002
5.608074e+003,-2.408657e-002
5.608556e+003,-1.649887e-002
5.609038e+003,-3.993646e-003
5.609521e+003,1.015026e-002
5.610002e+003,2.266140e-002
5.610484e+003,3.130840e-002
5.610967e+003,3.532973e-002
5.611449e+003,3.515957e-002
5.611931e+003,3.169838e-002
5.612413e+003,2.558229e-002
5.612896e+003,1.686573e-002
5.613377e+003,5.274541e-003
5.613859e+003,-9.144979e-003
5.614342e+003,-2.538443e-002
5.614824e+003,-4.124835e-002
5.615306e+003,-5.374045e-002
5.615788e+003,-5.993778e-002
5.616270e+003,-5.815788e-002
5.616752e+003,-4.800510e-002
5.617234e+003,-3.107459e-002
5.617716e+003,-1.019749e-002
5.618199e+003,1.149154e-002
5.618681e+003,3.147927e-002
5.619163e+003,4.843992e-002
5.619645e+003,6.227589e-002
5.620127e+003,7.370283e-002
5.620609e+003,8.362161e-002
5.621091e+003,9.256363e-002
5.621573e+003,1.004127e-001
5.622056e+003,1.064587e-001
5.622538e+003,1.097047e-001
5.623020e+003,1.092798e-001
5.623502e+003,1.048127e-001
5.623984e+003,9.666622e-002
5.624466e+003,8.598571e-002
5.624948e+003,7.454900e-002
5.625431e+003,6.443154e-002
5.625913e+003,5.753270e-002
5.626395e+003,5.505407e-002
5.626877e+003,5.707099e-002
5.627359e+003,6.235339e-002
5.627841e+003,6.854698e-002
5.628323e+003,7.271399e-002
5.628805e+003,7.209590e-002
5.629288e+003,6.486050e-002
5.629770e+003,5.058558e-002
5.630252e+003,3.032714e-002
5.630734e+003,6.275658e-003
5.631216e+003,-1.884444e-002
5.631698e+003,-4.240298e-002
5.632180e+003,-6.232018e-002
5.632662e+003,-7.726224e-002
5.633145e+003,-8.661610e-002
5.633626e+003,-9.036086e-002
5.634109e+003,-8.894633e-002
5.634591e+003,-8.321602e-002
5.635073e+003,-7.433221e-002
5.635555e+003,-6.363019e-002
5.636037e+003,-5.237719e-002
5.636520e+003,-4.150081e-002
5.637001e+003,-3.142235e-002
5.637483e+003,-2.211980e-002
5.637966e+003,-1.344039e-002
5.638448e+003,-5.532139e-003
5.638930e+003,8.463445e-004
5.639412e+003,4.370759e-003
5.639894e+003,3.636746e-003
5.640376e+003,-2.057130e-003
5.640858e+003,-1.197068e-002
5.641341e+003,-2.362533e-002
5.641823e+003,-3.320778e-002
5.642305e+003,-3.664425e-002
5.642787e+003,-3.100232e-002
5.643269e+003,-1.568752e-002
5.643751e+003,7.064317e-003
5.644233e+003,3.264489e-002
5.644715e+003,5.535778e-002
5.645198e+003,7.007991e-002
5.645680e+003,7.370748e-002
5.646162e+003,6.589244e-002
5.646644e+003,4.886423e-002
5.647126e+003,2.652782e-002
5.647608e+003,3.045795e-003
5.648090e+003,-1.822052e-002
5.648572e+003,-3.541208e-002
5.649055e+003,-4.821108e-002
5.649537e+003,-5.736582e-002
5.650019e+003,-6.398477e-002
5.650501e+003,-6.891000e-002
5.650983e+003,-7.238305e-002
5.651465e+003,-7.405937e-002
5.651947e+003,-7.328387e-002
5.652430e+003,-6.946344e-002
5.652912e+003,-6.237793e-002
5.653394e+003,-5.233098e-002
5.653876e+003,-4.012319e-002
5.654358e+003,-2.689306e-002
5.654840e+003,-1.389961e-002
5.655322e+003,-2.316549e-003
5.655804e+003,6.916379e-003
5.656287e+003,1.317111e-002
5.656769e+003,1.615028e-002
5.657251e+003,1.587620e-002
5.657733e+003,1.267980e-002
5.658215e+003,7.205551e-003
5.658697e+003,4.234337e-004
5.659179e+003,-6.389026e-003
5.659661e+003,-1.174400e-002
5.660144e+003,-1.415442e-002
5.660625e+003,-1.244852e-002
5.661108e+003,-6.114641e-003
5.661590e+003,4.446455e-003
5.662072e+003,1.788914e-002
5.662554e+003,3.218122e-002
5.663036e+003,4.511690e-002
5.663519e+003,5.493519e-002
5.664000e+003,6.082870e-002
5.664482e+003,6.314874e-002
5.664965e+003,6.322020e-002
5.665447e+003,6.283026e-002
5.665929e+003,6.358694e-002
5.666411e+003,6.639422e-002
5.666893e+003,7.123744e-002
5.667375e+003,7.733580e-002
5.667857e+003,8.355927e-002
5.668340e+003,8.890146e-002
5.668822e+003,9.279446e-002
5.669304e+003,9.514754e-002
5.669786e+003,9.613623e-002
5.670268e+003,9.589015e-002
5.670750e+003,9.426639e-002
5.671232e+003,9.083645e-002
5.671714e+003,8.509336e-002
5.672197e+003,7.676470e-002
5.672679e+003,6.605998e-002
5.673161e+003,5.371454e-002
5.673643e+003,4.079641e-002
5.674125e+003,2.836084e-002
5.674607e+003,1.711051e-002
5.675089e+003,7.212135e-003
5.675571e+003,-1.657846e-003
5.676054e+003,-1.007361e-002
5.676536e+003,-1.854244e-002
5.677018e+003,-2.724574e-002
5.677500e+003,-3.592688e-002
5.677982e+003,-4.391034e-002
5.678464e+003,-5.030043e-002
5.678946e+003,-5.408396e-002
5.679429e+003,-5.425361e-002
5.679911e+003,-4.989431e-002
5.680393e+003,-4.029206e-002
5.680875e+003,-2.511146e-002
5.681357e+003,-4.639832e-003
5.681839e+003,1.997670e-002
5.682321e+003,4.662949e-002
5.682803e+003,7.239555e-002
5.683286e+003,9.398618e-002
5.683768e+003,1.084331e-001
5.684250e+003,1.138398e-001
5.684732e+003,1.099694e-001
5.685214e+003,9.845696e-002
5.685696e+003,8.253761e-002
5.686178e+003,6.632090e-002
5.686660e+003,5.379176e-002
5.687143e+003,4.781019e-002
5.687625e+003,4.939556e-002
5.688106e+003,5.750193e-002
5.688589e+003,6.934732e-002
5.689071e+003,8.119439e-002
5.689553e+003,8.934795e-002
5.690035e+003,9.107759e-002
5.690518e+003,8.520883e-002
5.691000e+003,7.224017e-002
5.691481e+003,5.399797e-002
5.691964e+003,3.298423e-002
5.692446e+003,1.166199e-002
5.692928e+003,-8.076218e-003
5.693410e+003,-2.509847e-002
5.693892e+003,-3.887201e-002
5.694375e+003,-4.909056e-002
5.694856e+003,-5.531776e-002
5.695338e+003,-5.685830e-002
5.695821e+003,-5.295127e-002
5.696303e+003,-4.321373e-002
5.696785e+003,-2.812107e-002
5.697267e+003,-9.261824e-003
5.697749e+003,1.081878e-002
5.698231e+003,2.919593e-002
5.698713e+003,4.337166e-002
5.699195e+003,5.199067e-002
5.699678e+003,5.515899e-002
5.700160e+003,5.421706e-002
5.700642e+003,5.105311e-002
5.701124e+003,4.724889e-002
5.701606e+003,4.343154e-002
5.702088e+003,3.911940e-002
5.702570e+003,3.312846e-002
5.703053e+003,2.434414e-002
5.703535e+003,1.248419e-002
5.704017e+003,-1.528904e-003
5.704499e+003,-1.578942e-002
5.704981e+003,-2.814305e-002
5.705463e+003,-3.709610e-002
5.705945e+003,-4.245621e-002
5.706427e+003,-4.536922e-002
5.706910e+003,-4.769419e-002
5.707392e+003,-5.098007e-002
5.707874e+003,-5.552185e-002
5.708356e+003,-5.997234e-002
5.708838e+003,-6.175126e-002
5.709320e+003,-5.816174e-002
5.709802e+003,-4.775846e-002
5.710284e+003,-3.134961e-002
5.710767e+003,-1.217173e-002
5.711249e+003,4.922973e-003
5.711731e+003,1.500225e-002
5.712213e+003,1.473776e-002
5.712695e+003,3.587189e-003
5.713177e+003,-1.598341e-002
5.713659e+003,-3.931691e-002
5.714142e+003,-6.109329e-002
5.714624e+003,-7.697152e-002
5.715105e+003,-8.473224e-002
5.715588e+003,-8.454791e-002
5.716070e+003,-7.838608e-002
5.716552e+003,-6.889572e-002
5.717034e+003,-5.829151e-002
5.717516e+003,-4.768235e-002
5.717999e+003,-3.704312e-002
5.718480e+003,-2.572622e-002
5.718963e+003,-1.318650e-002
5.719445e+003,4.560623e-004
5.719927e+003,1.426660e-002
5.720409e+003,2.678023e-002
5.720891e+003,3.653269e-002
5.721373e+003,4.255313e-002
5.721855e+003,4.458918e-002
5.722337e+003,4.299909e-002
5.722820e+003,3.842780e-002
5.723302e+003,3.148911e-002
5.723784e+003,2.265672e-002
5.724266e+003,1.243095e-002
5.724748e+003,1.674382e-003
5.725230e+003,-8.112789e-003
5.725712e+003,-1.481077e-002
5.726194e+003,-1.610035e-002
5.726677e+003,-1.019765e-002
5.727159e+003,3.362058e-003
5.727641e+003,2.322918e-002
5.728123e+003,4.629653e-002
5.728605e+003,6.837120e-002
5.729087e+003,8.528183e-002
5.729569e+003,9.405196e-002
5.730052e+003,9.372390e-002
5.730534e+003,8.553321e-002
5.731016e+003,7.237478e-002
5.731498e+003,5.776910e-002
5.731980e+003,4.472100e-002
5.732462e+003,3.489192e-002
5.732944e+003,2.836897e-002
5.733426e+003,2.407021e-002
5.733909e+003,2.056857e-002
5.734391e+003,1.695571e-002
5.734873e+003,1.336457e-002
5.735355e+003,1.093163e-002
5.735837e+003,1.123345e-002
5.736319e+003,1.546599e-002
5.736801e+003,2.374559e-002
5.737283e+003,3.485127e-002
5.737766e+003,4.653021e-002
5.738248e+003,5.623775e-002
5.738730e+003,6.199303e-002
5.739212e+003,6.298456e-002
5.739694e+003,5.968139e-002
5.740176e+003,5.344251e-002
5.740658e+003,4.582785e-002
5.741141e+003,3.799117e-002
5.741623e+003,3.041821e-002
5.742104e+003,2.311358e-002
5.742587e+003,1.608900e-002
5.743069e+003,9.838216e-003
5.743551e+003,5.481140e-003
5.744033e+003,4.426023e-003
5.744515e+003,7.658916e-003
5.744998e+003,1.499171e-002
5.745479e+003,2.467024e-002
5.745962e+003,3.361281e-002
5.746444e+003,3.827105e-002
5.746926e+003,3.580799e-002
5.747408e+003,2.511538e-002
5.747890e+003,7.236436e-003
5.748372e+003,-1.499498e-002
5.748854e+003,-3.795217e-002
5.749336e+003,-5.843120e-002
5.749819e+003,-7.458115e-002
5.750301e+003,-8.618727e-002
5.750783e+003,-9.424476e-002
5.751265e+003,-1.000789e-001
5.751747e+003,-1.044550e-001
5.752229e+003,-1.070994e-001
5.752711e+003,-1.068371e-001
5.753193e+003,-1.022556e-001
5.753676e+003,-9.256060e-002
5.754158e+003,-7.821279e-002
5.754640e+003,-6.104352e-002
5.755122e+003,-4.379269e-002
5.755604e+003,-2.926642e-002
5.756086e+003,-1.946444e-002
5.756568e+003,-1.501442e-002
5.757051e+003,-1.509667e-002
5.757533e+003,-1.783320e-002
5.758015e+003,-2.094596e-002
5.758497e+003,-2.242638e-002
5.758979e+003,-2.100306e-002
5.759461e+003,-1.631373e-002
5.759943e+003,-8.811260e-003
5.760425e+003,4.847884e-004
5.760908e+003,1.026679e-002
5.761390e+003,1.916474e-002
5.761872e+003,2.589796e-002
5.762354e+003,2.937829e-002
5.762836e+003,2.880557e-002
5.763318e+003,2.378135e-002
5.763800e+003,1.443711e-002
5.764282e+003,1.543664e-003
5.764765e+003,-1.345072e-002
5.765247e+003,-2.850925e-002
5.765729e+003,-4.126205e-002
5.766211e+003,-4.942728e-002
5.766693e+003,-5.133639e-002
5.767175e+003,-4.643347e-002
5.767657e+003,-3.557395e-002
5.768139e+003,-2.095922e-002
5.768622e+003,-5.630576e-003
5.769104e+003,7.399370e-003
5.769586e+003,1.613149e-002
5.770068e+003,2.032422e-002
5.770550e+003,2.166113e-002
5.771032e+003,2.318342e-002
5.771514e+003,2.811338e-002
5.771997e+003,3.847679e-002
5.772479e+003,5.406723e-002
5.772960e+003,7.221162e-002
5.773443e+003,8.850261e-002
5.773925e+003,9.827409e-002
5.774407e+003,9.827513e-002
5.774889e+003,8.788722e-002
5.775371e+003,6.939342e-002
5.775854e+003,4.719159e-002
5.776335e+003,2.628138e-002
5.776817e+003,1.064823e-002
5.777300e+003,2.181639e-003
5.777782e+003,4.960180e-004
5.778264e+003,3.611003e-003
5.778746e+003,9.084704e-003
5.779228e+003,1.504374e-002
5.779710e+003,2.066809e-002
5.780192e+003,2.600147e-002
5.780675e+003,3.130716e-002
5.781157e+003,3.640377e-002
5.781639e+003,4.039272e-002
5.782121e+003,4.195123e-002
5.782603e+003,4.004097e-002
5.783085e+003,3.464643e-002
5.783567e+003,2.712718e-002
5.784049e+003,1.995489e-002
5.784532e+003,1.590664e-002
5.785014e+003,1.704988e-002
5.785496e+003,2.395052e-002
5.785978e+003,3.542945e-002
5.786460e+003,4.894575e-002
5.786942e+003,6.142271e-002
5.787424e+003,7.017463e-002
5.787906e+003,7.360012e-002
5.788389e+003,7.145699e-002
5.788871e+003,6.473263e-002
5.789353e+003,5.527100e-002
5.789835e+003,4.534829e-002
5.790317e+003,3.731487e-002
5.790799e+003,3.331091e-002
5.791281e+003,3.499476e-002
5.791764e+003,4.323804e-002
5.792246e+003,5.782412e-002
5.792728e+003,7.726876e-002
5.793210e+003,9.890012e-002
5.793692e+003,1.192635e-001
5.794174e+003,1.347820e-001
5.794656e+003,1.424847e-001
5.795138e+003,1.405753e-001
5.795621e+003,1.286771e-001
5.796103e+003,1.077332e-001
5.796585e+003,7.967628e-002
5.797067e+003,4.704762e-002
5.797549e+003,1.270574e-002
5.798031e+003,-2.035119e-002
5.798513e+003,-4.913860e-002
5.798995e+003,-7.094291e-002
5.799478e+003,-8.374122e-002
5.799959e+003,-8.669846e-002
5.800442e+003,-8.052985e-002
5.800924e+003,-6.749051e-002
5.801406e+003,-5.083480e-002
5.801888e+003,-3.403782e-002
5.802370e+003,-1.964691e-002
5.802853e+003,-8.633195e-003
5.803334e+003,-3.154491e-004
5.803816e+003,7.033555e-003
5.804299e+003,1.513844e-002
5.804781e+003,2.468830e-002
5.805263e+003,3.479283e-002
5.805745e+003,4.319760e-002
5.806227e+003,4.719278e-002
5.806709e+003,4.483462e-002
5.807191e+003,3.595077e-002
5.807674e+003,2.248396e-002
5.808156e+003,8.008019e-003
5.808638e+003,-3.397874e-003
5.809120e+003,-8.459429e-003
5.809602e+003,-5.676301e-003
5.810084e+003,4.411282e-003
5.810566e+003,1.970104e-002
5.811048e+003,3.747355e-002
5.811531e+003,5.534912e-002
5.812013e+003,7.184529e-002
5.812495e+003,8.635046e-002
5.812977e+003,9.862316e-002
5.813459e+003,1.081492e-001
5.813941e+003,1.137430e-001
5.814423e+003,1.136453e-001
5.814905e+003,1.061169e-001
5.815388e+003,9.027377e-002
5.815870e+003,6.677677e-002
5.816352e+003,3.803211e-002
5.816834e+003,7.760942e-003
5.817316e+003,-1.994091e-002
5.817798e+003,-4.171795e-002
5.818280e+003,-5.583645e-002
5.818763e+003,-6.251702e-002
5.819245e+003,-6.362054e-002
5.819727e+003,-6.183730e-002
5.820209e+003,-5.970630e-002
5.820691e+003,-5.882666e-002
5.821173e+003,-5.951736e-002
5.821655e+003,-6.098544e-002
5.822137e+003,-6.186678e-002
5.822620e+003,-6.088162e-002
5.823102e+003,-5.734107e-002
5.823583e+003,-5.133717e-002
5.824066e+003,-4.359960e-002
5.824548e+003,-3.513484e-002
5.825030e+003,-2.682880e-002
5.825512e+003,-1.917083e-002
5.825994e+003,-1.217185e-002
5.826477e+003,-5.449730e-003
5.826958e+003,1.608411e-003
5.827440e+003,9.699098e-003
5.827923e+003,1.951204e-002
5.828405e+003,3.166908e-002
5.828887e+003,4.662430e-002
5.829369e+003,6.447165e-002
5.829852e+003,8.467270e-002
5.830333e+003,1.058032e-001
5.830815e+003,1.254711e-001
5.831298e+003,1.405448e-001
5.831780e+003,1.477330e-001
5.832262e+003,1.445518e-001
5.832744e+003,1.297259e-001
5.833226e+003,1.042848e-001
5.833708e+003,7.148073e-002
5.834190e+003,3.626740e-002
5.834672e+003,4.265775e-003
5.835155e+003,-1.951192e-002
5.835637e+003,-3.181647e-002
5.836119e+003,-3.185809e-002
5.836601e+003,-2.135277e-002
5.837083e+003,-3.932326e-003
5.837565e+003,1.587477e-002
5.838047e+003,3.377238e-002
5.838529e+003,4.661664e-002
5.839012e+003,5.290745e-002
5.839494e+003,5.278877e-002
5.839976e+003,4.764741e-002
5.840458e+003,3.950196e-002
5.840940e+003,3.039641e-002
5.841422e+003,2.196045e-002
5.841904e+003,1.520493e-002
5.842387e+003,1.052507e-002
5.842869e+003,7.827712e-003
5.843351e+003,6.691170e-003
5.843833e+003,6.501008e-003
5.844315e+003,6.552103e-003
5.844797e+003,6.141449e-003
5.845279e+003,4.679629e-003
5.845761e+003,1.823324e-003
5.846244e+003,-2.402566e-003
5.846726e+003,-7.545623e-003
5.847208e+003,-1.277494e-002
5.847690e+003,-1.704800e-002
5.848172e+003,-1.935831e-002
5.848654e+003,-1.899210e-002
5.849136e+003,-1.571469e-002
5.849618e+003,-9.833297e-003
5.850101e+003,-2.125473e-003
5.850583e+003,6.335908e-003
5.851065e+003,1.441023e-002
5.851547e+003,2.112038e-002
5.852029e+003,2.585344e-002
5.852511e+003,2.850704e-002
5.852993e+003,2.955349e-002
5.853476e+003,2.998409e-002
5.853958e+003,3.109708e-002
5.854439e+003,3.412775e-002
5.854922e+003,3.978574e-002
5.855404e+003,4.784124e-002
5.855886e+003,5.694387e-002
5.856368e+003,6.482348e-002
5.856850e+003,6.889872e-002
5.857333e+003,6.714389e-002
5.857814e+003,5.891202e-002
5.858297e+003,4.536757e-002
5.858779e+003,2.928879e-002
5.859261e+003,1.423583e-002
5.859743e+003,3.351579e-003
5.860225e+003,-1.748763e-003
5.860707e+003,-1.538730e-003
5.861189e+003,1.669655e-003
5.861671e+003,4.713362e-003
5.862154e+003,4.902717e-003
5.862636e+003,1.119489e-003
5.863118e+003,-5.671995e-003
5.863600e+003,-1.328462e-002
5.864082e+003,-1.902429e-002
5.864564e+003,-2.102033e-002
5.865046e+003,-1.898242e-002
5.865528e+003,-1.417735e-002
5.866011e+003,-8.666606e-003
5.866493e+003,-4.207227e-003
5.866975e+003,-1.378172e-003
5.867457e+003,6.261037e-004
5.867939e+003,3.436571e-003
5.868421e+003,8.477632e-003
5.868903e+003,1.599932e-002
5.869386e+003,2.468375e-002
5.869868e+003,3.205053e-002
5.870350e+003,3.548381e-002
5.870832e+003,3.338965e-002
5.871314e+003,2.592399e-002
5.871796e+003,1.494428e-002
5.872278e+003,3.217132e-003
5.872760e+003,-6.732606e-003
5.873243e+003,-1.359493e-002
5.873725e+003,-1.764962e-002
5.874207e+003,-2.043630e-002
5.874689e+003,-2.395262e-002
5.875171e+003,-2.981027e-002
5.875653e+003,-3.873850e-002
5.876135e+003,-5.058937e-002
5.876617e+003,-6.470648e-002
5.877100e+003,-8.033678e-002
5.877582e+003,-9.678845e-002
5.878064e+003,-1.132454e-001
5.878546e+003,-1.284086e-001
5.879028e+003,-1.402904e-001
5.879510e+003,-1.464419e-001
5.879992e+003,-1.446575e-001
5.880475e+003,-1.339100e-001
5.880957e+003,-1.150757e-001
5.881438e+003,-9.103985e-002
5.881921e+003,-6.602591e-002
5.882403e+003,-4.434915e-002
5.882885e+003,-2.907332e-002
5.883367e+003,-2.111509e-002
5.883849e+003,-1.915444e-002
5.884332e+003,-2.036350e-002
5.884813e+003,-2.161821e-002
5.885296e+003,-2.066873e-002
5.885778e+003,-1.679602e-002
5.886260e+003,-1.074297e-002
5.886742e+003,-4.045897e-003
5.887224e+003,1.856924e-003
5.887706e+003,6.307253e-003
5.888188e+003,9.611450e-003
5.888670e+003,1.270005e-002
5.889153e+003,1.647894e-002
5.889635e+003,2.121191e-002
5.890117e+003,2.623466e-002
5.890599e+003,3.013100e-002
5.891081e+003,3.129065e-002
5.891563e+003,2.860846e-002
5.892045e+003,2.203517e-002
5.892527e+003,1.275835e-002
5.893010e+003,2.939658e-003
5.893492e+003,-4.900753e-003
5.893974e+003,-8.832558e-003
5.894456e+003,-7.522797e-003
5.894938e+003,-1.134179e-003
5.895420e+003,8.987582e-003
5.895902e+003,2.083215e-002
5.896385e+003,3.244835e-002
5.896867e+003,4.261121e-002
5.897349e+003,5.117753e-002
5.897831e+003,5.898199e-002
5.898313e+003,6.730181e-002
5.898795e+003,7.709937e-002
5.899277e+003,8.836129e-002
5.899759e+003,9.983122e-002
5.900242e+003,1.092812e-001
5.900724e+003,1.142392e-001
5.901206e+003,1.128903e-001
5.901688e+003,1.047853e-001
5.902170e+003,9.107208e-002
5.902652e+003,7.416926e-002
5.903134e+003,5.703875e-002
5.903616e+003,4.236807e-002
5.904099e+003,3.197543e-002
5.904581e+003,2.661022e-002
5.905063e+003,2.611564e-002
5.905545e+003,2.975990e-002
5.906027e+003,3.650673e-002
5.906509e+003,4.509591e-002
5.906991e+003,5.397152e-002
5.907474e+003,6.122610e-002
5.907956e+003,6.474348e-002
5.908438e+003,6.260946e-002
5.908920e+003,5.368329e-002
5.909402e+003,3.808773e-002
5.909884e+003,1.736439e-002
5.910366e+003,-5.826962e-003
5.910848e+003,-2.838171e-002
5.911331e+003,-4.754180e-002
5.911813e+003,-6.151058e-002
5.912294e+003,-6.969788e-002
5.912777e+003,-7.258531e-002
5.913259e+003,-7.136141e-002
5.913741e+003,-6.753052e-002
5.914223e+003,-6.263295e-002
5.914705e+003,-5.808107e-002
5.915188e+003,-5.501628e-002
5.915669e+003,-5.409014e-002
5.916151e+003,-5.517874e-002
5.916634e+003,-5.717530e-002
5.917116e+003,-5.807188e-002
5.917598e+003,-5.546641e-002
5.918080e+003,-4.742753e-002
5.918563e+003,-3.341735e-002
5.919044e+003,-1.484692e-002
5.919526e+003,5.079389e-003
5.920009e+003,2.229096e-002
5.920491e+003,3.324656e-002
5.920973e+003,3.623725e-002
5.921455e+003,3.202705e-002
5.921937e+003,2.352633e-002
5.922419e+003,1.461957e-002
5.922901e+003,8.649753e-003
5.923383e+003,7.217476e-003
5.923866e+003,9.799113e-003
5.924348e+003,1.430244e-002
5.924830e+003,1.841705e-002
5.925312e+003,2.029747e-002
5.925794e+003,1.978075e-002
5.926276e+003,1.814749e-002
5.926758e+003,1.730499e-002
5.927240e+003,1.875472e-002
5.927723e+003,2.286435e-002
5.928205e+003,2.875813e-002
5.928687e+003,3.479246e-002
5.929169e+003,3.929335e-002
5.929651e+003,4.114301e-002
5.930133e+003,3.995103e-002
5.930615e+003,3.582238e-002
5.931098e+003,2.897700e-002
5.931580e+003,1.953934e-002
5.932062e+003,7.673141e-003
5.932544e+003,-6.022505e-003
5.933026e+003,-2.015443e-002
5.933508e+003,-3.254663e-002
5.933990e+003,-4.077498e-002
5.934472e+003,-4.307760e-002
5.934955e+003,-3.923591e-002
5.935437e+003,-3.095896e-002
5.935919e+003,-2.149052e-002
5.936401e+003,-1.451331e-002
5.936883e+003,-1.277366e-002
5.937365e+003,-1.700835e-002
5.937847e+003,-2.563724e-002
5.938329e+003,-3.534484e-002
5.938812e+003,-4.228119e-002
5.939293e+003,-4.336053e-002
5.939776e+003,-3.713876e-002
5.940258e+003,-2.399406e-002
5.940740e+003,-5.679701e-003
5.941222e+003,1.541128e-002
5.941704e+003,3.686872e-002
5.942187e+003,5.653071e-002
5.942668e+003,7.242137e-002
5.943150e+003,8.261178e-002
5.943633e+003,8.529941e-002
5.944115e+003,7.923966e-002
5.944597e+003,6.439557e-002
5.945079e+003,4.245618e-002
5.945561e+003,1.684910e-002
5.946043e+003,-7.929775e-003
5.946525e+003,-2.751749e-002
5.947008e+003,-3.897511e-002
5.947490e+003,-4.163596e-002
5.947972e+003,-3.714503e-002
5.948454e+003,-2.867653e-002
5.948936e+003,-1.968339e-002
5.949418e+003,-1.272973e-002
5.949900e+003,-8.887448e-003
5.950382e+003,-7.877346e-003
5.950865e+003,-8.762753e-003
5.951347e+003,-1.074531e-002
5.951829e+003,-1.359953e-002
5.952311e+003,-1.751730e-002
5.952793e+003,-2.248844e-002
5.953275e+003,-2.763286e-002
5.953757e+003,-3.095997e-002
5.954239e+003,-2.982758e-002
5.954722e+003,-2.199840e-002
5.955204e+003,-6.842040e-003
5.955686e+003,1.361592e-002
5.956168e+003,3.566810e-002
5.956650e+003,5.422945e-002
5.957132e+003,6.464509e-002
5.957614e+003,6.421757e-002
5.958097e+003,5.302148e-002
5.958579e+003,3.368040e-002
5.959061e+003,1.022968e-002
5.959543e+003,-1.342156e-002
5.960025e+003,-3.476476e-002
5.960507e+003,-5.318988e-002
5.960989e+003,-6.957074e-002
5.961471e+003,-8.521862e-002
5.961954e+003,-1.007462e-001
5.962436e+003,-1.153822e-001
5.962918e+003,-1.270277e-001
5.963400e+003,-1.329901e-001
5.963882e+003,-1.310295e-001
5.964364e+003,-1.202416e-001
5.964846e+003,-1.014183e-001
5.965328e+003,-7.679219e-002
5.965811e+003,-4.935275e-002
5.966292e+003,-2.207506e-002
5.966775e+003,2.623611e-003
5.967257e+003,2.305890e-002
5.967739e+003,3.815584e-002
5.968221e+003,4.723382e-002
5.968703e+003,4.990616e-002
5.969186e+003,4.618140e-002
5.969667e+003,3.669034e-002
5.970149e+003,2.285294e-002
5.970632e+003,6.803687e-003
5.971114e+003,-8.991572e-003
5.971596e+003,-2.233150e-002
5.972078e+003,-3.186713e-002
5.972560e+003,-3.744116e-002
5.973042e+003,-4.003178e-002
5.973524e+003,-4.131832e-002
5.974007e+003,-4.303940e-002
5.974489e+003,-4.638870e-002
5.974971e+003,-5.166031e-002
5.975453e+003,-5.824032e-002
5.975935e+003,-6.490158e-002
5.976417e+003,-7.025541e-002
5.976899e+003,-7.318364e-002
5.977381e+003,-7.311568e-002
5.977864e+003,-7.009670e-002
5.978346e+003,-6.467277e-002
5.978828e+003,-5.766889e-002
5.979310e+003,-4.994328e-002
5.979792e+003,-4.218587e-002
5.980274e+003,-3.480102e-002
5.980756e+003,-2.789272e-002
5.981238e+003,-2.134943e-002
5.981721e+003,-1.500229e-002
5.982203e+003,-8.803730e-003
5.982685e+003,-2.953723e-003
5.983167e+003,2.095524e-003
5.983649e+003,5.785536e-003
5.984131e+003,7.711112e-003
5.984613e+003,7.889581e-003
5.985095e+003,6.904978e-003
5.985578e+003,5.825012e-003
5.986060e+003,5.879407e-003
5.986542e+003,7.991036e-003
5.987024e+003,1.245122e-002
5.987506e+003,1.863264e-002
5.987988e+003,2.519851e-002
5.988470e+003,3.056630e-002
5.988953e+003,3.347201e-002
5.989435e+003,3.338940e-002
5.989917e+003,3.062225e-002
5.990399e+003,2.603929e-002
5.990881e+003,2.059280e-002
5.991363e+003,1.486556e-002
5.991845e+003,8.877840e-003
5.992327e+003,2.255492e-003
5.992810e+003,-5.326646e-003
5.993292e+003,-1.366266e-002
5.993773e+003,-2.176853e-002
5.994256e+003,-2.804196e-002
5.994738e+003,-3.080682e-002
5.995220e+003,-2.902690e-002
5.995702e+003,-2.287339e-002
5.996184e+003,-1.387093e-002
5.996667e+003,-4.516487e-003
5.997148e+003,2.513847e-003
5.997631e+003,5.276031e-003
5.998113e+003,3.237460e-003
5.998595e+003,-2.535545e-003
5.999077e+003,-9.747057e-003
5.999559e+003,-1.565061e-002
6.000041e+003,-1.794700e-002
6.000523e+003,-1.548644e-002
6.001005e+003,-8.553808e-003
6.001488e+003,1.324195e-003
6.001970e+003,1.194738e-002
6.002452e+003,2.117371e-002
6.002934e+003,2.757001e-002
6.003416e+003,3.078320e-002
6.003898e+003,3.153103e-002
6.004380e+003,3.123153e-002
6.004862e+003,3.140055e-002
6.005345e+003,3.301882e-002
6.005827e+003,3.608406e-002
6.006309e+003,3.951359e-002
6.006791e+003,4.145301e-002
6.007273e+003,3.990839e-002
6.007755e+003,3.349181e-002
6.008237e+003,2.200463e-002
6.008720e+003,6.618763e-003
6.009202e+003,-1.044587e-002
6.009684e+003,-2.664953e-002
6.010166e+003,-3.998940e-002
6.010648e+003,-4.963271e-002
6.011130e+003,-5.604666e-002
6.011612e+003,-6.054839e-002
6.012094e+003,-6.445355e-002
6.012577e+003,-6.819778e-002
6.013059e+003,-7.084787e-002
6.013541e+003,-7.027519e-002
6.014023e+003,-6.398326e-002
6.014505e+003,-5.028405e-002
6.014987e+003,-2.933978e-002
6.015469e+003,-3.609010e-003
6.015951e+003,2.254176e-002
6.016434e+003,4.397130e-002
6.016916e+003,5.625265e-002
6.017398e+003,5.697024e-002
6.017880e+003,4.642817e-002
6.018362e+003,2.741583e-002
6.018844e+003,4.291344e-003
6.019326e+003,-1.830594e-002
6.019809e+003,-3.662863e-002
6.020291e+003,-4.851340e-002
6.020772e+003,-5.346358e-002
6.021255e+003,-5.224875e-002
6.021737e+003,-4.630490e-002
6.022219e+003,-3.722485e-002
6.022701e+003,-2.650277e-002
6.023183e+003,-1.551921e-002
6.023666e+003,-5.617134e-003
6.024147e+003,1.909553e-003
6.024630e+003,6.009734e-003
6.025112e+003,6.201810e-003
6.025594e+003,2.862281e-003
6.026076e+003,-2.724889e-003
6.026558e+003,-8.671849e-003
6.027040e+003,-1.309224e-002
6.027522e+003,-1.479080e-002
6.028004e+003,-1.374085e-002
6.028487e+003,-1.110582e-002
6.028969e+003,-8.737188e-003
6.029451e+003,-8.307768e-003
6.029933e+003,-1.042149e-002
6.030415e+003,-1.409087e-002
6.030897e+003,-1.685866e-002
6.031379e+003,-1.559430e-002
6.031861e+003,-7.710505e-003
6.032344e+003,7.657456e-003
6.032826e+003,2.899661e-002
6.033308e+003,5.260034e-002
6.033790e+003,7.359459e-002
6.034272e+003,8.747449e-002
6.034754e+003,9.160078e-002
6.035236e+003,8.609473e-002
6.035719e+003,7.378397e-002
6.036201e+003,5.920841e-002
6.036683e+003,4.705467e-002
6.037165e+003,4.060046e-002
6.037647e+003,4.073118e-002
6.038129e+003,4.585255e-002
6.038611e+003,5.266698e-002
6.039093e+003,5.745576e-002
6.039576e+003,5.734652e-002
6.040058e+003,5.110222e-002
6.040540e+003,3.921077e-002
6.041022e+003,2.336396e-002
6.041504e+003,5.651255e-003
6.041986e+003,-1.214059e-002
6.042468e+003,-2.884823e-002
6.042950e+003,-4.382551e-002
6.043433e+003,-5.658057e-002
6.043915e+003,-6.643170e-002
6.044396e+003,-7.241245e-002
6.044879e+003,-7.349535e-002
6.045361e+003,-6.902155e-002
6.045843e+003,-5.911245e-002
6.046325e+003,-4.485153e-002
6.046808e+003,-2.813961e-002
6.047290e+003,-1.127909e-002
6.047771e+003,3.548567e-003
6.048254e+003,1.472230e-002
6.048736e+003,2.144088e-002
6.049218e+003,2.373765e-002
6.049700e+003,2.234531e-002
6.050182e+003,1.846802e-002
6.050665e+003,1.351186e-002
6.051146e+003,8.784380e-003
6.051629e+003,5.172051e-003
6.052111e+003,2.846110e-003
6.052593e+003,1.108019e-003
6.053075e+003,-1.495339e-003
6.053557e+003,-6.713724e-003
6.054039e+003,-1.586320e-002
6.054521e+003,-2.905653e-002
6.055003e+003,-4.472768e-002
6.055485e+003,-5.973976e-002
6.055968e+003,-7.016432e-002
6.056450e+003,-7.253482e-002
6.056932e+003,-6.513517e-002
6.057414e+003,-4.881092e-002
6.057896e+003,-2.693328e-002
6.058378e+003,-4.461525e-003
6.058860e+003,1.359125e-002
6.059343e+003,2.373432e-002
6.059825e+003,2.503296e-002
6.060307e+003,1.923077e-002
6.060789e+003,9.958662e-003
6.061271e+003,1.384225e-003
6.061753e+003,-3.156988e-003
6.062235e+003,-2.055816e-003
6.062718e+003,4.397038e-003
6.063200e+003,1.449075e-002
6.063682e+003,2.592068e-002
6.064164e+003,3.658325e-002
6.064646e+003,4.506353e-002
6.065128e+003,5.073752e-002
6.065610e+003,5.359477e-002
6.066092e+003,5.397011e-002
6.066574e+003,5.233824e-002
6.067057e+003,4.921525e-002
6.067539e+003,4.511301e-002
6.068021e+003,4.046223e-002
6.068503e+003,3.547285e-002
6.068985e+003,2.998970e-002
6.069467e+003,2.346086e-002
6.069949e+003,1.511408e-002
6.070432e+003,4.336420e-003
6.070914e+003,-8.875248e-003
6.071396e+003,-2.360387e-002
6.071878e+003,-3.802865e-002
6.072360e+003,-4.982984e-002
6.072842e+003,-5.686972e-002
6.073324e+003,-5.790253e-002
6.073807e+003,-5.303498e-002
6.074289e+003,-4.374862e-002
6.074771e+003,-3.246841e-002
6.075253e+003,-2.183567e-002
6.075735e+003,-1.394701e-002
6.076217e+003,-9.810947e-003
6.076699e+003,-9.171288e-003
6.077181e+003,-1.070167e-002
6.077663e+003,-1.245728e-002
6.078146e+003,-1.241518e-002
6.078627e+003,-8.949756e-003
6.079110e+003,-1.145338e-003
6.079592e+003,1.106656e-002
6.080074e+003,2.696895e-002
6.080556e+003,4.523779e-002
6.081038e+003,6.421416e-002
6.081521e+003,8.220991e-002
6.082002e+003,9.778327e-002
6.082484e+003,1.099168e-001
6.082967e+003,1.180524e-001
6.083449e+003,1.219864e-001
6.083931e+003,1.216892e-001
6.084413e+003,1.171558e-001
6.084896e+003,1.083881e-001
6.085377e+003,9.554814e-002
6.085859e+003,7.922519e-002
6.086342e+003,6.067877e-002
6.086824e+003,4.189175e-002
6.087306e+003,2.532554e-002
6.087788e+003,1.338746e-002
6.088270e+003,7.753768e-003
6.088752e+003,8.777614e-003
6.089234e+003,1.520908e-002
6.089716e+003,2.436230e-002
6.090199e+003,3.272023e-002
6.090681e+003,3.682269e-002
6.091163e+003,3.419124e-002
6.091645e+003,2.402957e-002
6.092127e+003,7.501394e-003
6.092609e+003,-1.249728e-002
6.093091e+003,-3.202128e-002
6.093573e+003,-4.704982e-002
6.094056e+003,-5.450643e-002
6.094538e+003,-5.305792e-002
6.095020e+003,-4.346326e-002
6.095502e+003,-2.834793e-002
6.095984e+003,-1.143434e-002
6.096466e+003,3.564481e-003
6.096948e+003,1.404925e-002
6.097431e+003,1.926230e-002
6.097913e+003,2.036617e-002
6.098395e+003,1.982152e-002
6.098877e+003,2.028222e-002
6.099359e+003,2.343221e-002
6.099841e+003,2.923238e-002
6.100323e+003,3.589303e-002
6.100805e+003,4.058860e-002
6.101288e+003,4.061700e-002
6.101770e+003,3.451472e-002
6.102252e+003,2.266277e-002
6.102734e+003,7.148866e-003
6.103216e+003,-9.013500e-003
6.103698e+003,-2.292770e-002
6.104180e+003,-3.264256e-002
6.104662e+003,-3.743007e-002
6.105145e+003,-3.747378e-002
6.105626e+003,-3.323571e-002
6.106108e+003,-2.492349e-002
6.106591e+003,-1.240246e-002
6.107073e+003,4.371992e-003
6.107555e+003,2.464758e-002
6.108037e+003,4.633954e-002
6.108520e+003,6.607612e-002
6.109001e+003,7.997072e-002
6.109483e+003,8.489664e-002
6.109966e+003,7.974996e-002
6.110448e+003,6.614342e-002
6.110930e+003,4.814771e-002
6.111412e+003,3.113251e-002
6.111894e+003,2.011069e-002
6.112376e+003,1.820996e-002
6.112858e+003,2.583242e-002
6.113341e+003,4.076333e-002
6.113823e+003,5.910256e-002
6.114305e+003,7.658815e-002
6.114787e+003,8.979218e-002
6.115269e+003,9.680490e-002
6.115751e+003,9.729853e-002
6.116233e+003,9.212477e-002
6.116715e+003,8.273925e-002
6.117197e+003,7.071651e-002
6.117680e+003,5.747649e-002
6.118162e+003,4.418403e-002
6.118644e+003,3.170500e-002
6.119126e+003,2.053193e-002
6.119608e+003,1.069375e-002
6.120090e+003,1.749036e-003
6.120572e+003,-7.034665e-003
6.121055e+003,-1.630885e-002
6.121537e+003,-2.621063e-002
6.122019e+003,-3.609170e-002
6.122501e+003,-4.460568e-002
6.122983e+003,-5.019614e-002
6.123465e+003,-5.181362e-002
6.123947e+003,-4.952902e-002
6.124430e+003,-4.470411e-002
6.124912e+003,-3.955128e-002
6.125394e+003,-3.620220e-002
6.125876e+003,-3.566743e-002
6.126358e+003,-3.717568e-002
6.126840e+003,-3.826027e-002
6.127322e+003,-3.565167e-002
6.127804e+003,-2.667065e-002
6.128286e+003,-1.056103e-002
6.128769e+003,1.082316e-002
6.129251e+003,3.332824e-002
6.129733e+003,5.176036e-002
6.130215e+003,6.164411e-002
6.130697e+003,6.080548e-002
6.131179e+003,5.015597e-002
6.131661e+003,3.336552e-002
6.132144e+003,1.555187e-002
6.132625e+003,1.500005e-003
6.133107e+003,-5.897540e-003
6.133590e+003,-6.392293e-003
6.134072e+003,-2.074242e-003
6.134554e+003,3.806477e-003
6.135036e+003,8.360556e-003
6.135519e+003,1.027524e-002
6.136000e+003,1.023355e-002
6.136482e+003,1.040007e-002
6.136965e+003,1.323622e-002
6.137447e+003,2.018304e-002
6.137929e+003,3.079283e-002
6.138411e+003,4.268561e-002
6.138893e+003,5.234718e-002
6.139375e+003,5.642700e-002
6.139857e+003,5.298986e-002
6.140339e+003,4.221155e-002
6.140822e+003,2.625495e-002
6.141304e+003,8.445801e-003
6.141786e+003,-7.921136e-003
6.142268e+003,-2.059048e-002
6.142750e+003,-2.880340e-002
6.143232e+003,-3.307948e-002
6.143714e+003,-3.451176e-002
6.144196e+003,-3.396340e-002
6.144679e+003,-3.156329e-002
6.145161e+003,-2.671745e-002
6.145643e+003,-1.858148e-002
6.146125e+003,-6.709558e-003
6.146607e+003,8.478126e-003
6.147089e+003,2.566072e-002
6.147571e+003,4.303367e-002
6.148054e+003,5.896442e-002
6.148536e+003,7.255403e-002
6.149018e+003,8.382349e-002
6.149500e+003,9.343681e-002
6.149982e+003,1.021110e-001
6.150464e+003,1.100271e-001
6.150946e+003,1.165609e-001
6.151428e+003,1.204960e-001
6.151911e+003,1.206388e-001
6.152393e+003,1.165512e-001
6.152875e+003,1.090409e-001
6.153357e+003,1.001444e-001
6.153839e+003,9.254871e-002
6.154321e+003,8.864322e-002
6.154803e+003,8.955923e-002
6.155285e+003,9.457816e-002
6.155768e+003,1.011595e-001
6.156250e+003,1.056119e-001
6.156732e+003,1.042029e-001
6.157214e+003,9.435337e-002
6.157696e+003,7.554584e-002
6.158178e+003,4.966864e-002
6.158660e+003,2.069245e-002
6.159143e+003,-6.238217e-003
6.159625e+003,-2.605538e-002
6.160106e+003,-3.502255e-002
6.160589e+003,-3.164792e-002
6.161071e+003,-1.699342e-002
6.161553e+003,5.719459e-003
6.162035e+003,3.209830e-002
6.162517e+003,5.786142e-002
6.163000e+003,8.000100e-002
6.163481e+003,9.744210e-002
6.163964e+003,1.109809e-001
6.164446e+003,1.225446e-001
6.164928e+003,1.340671e-001
6.165410e+003,1.464215e-001
6.165892e+003,1.588235e-001
6.166374e+003,1.689387e-001
6.166856e+003,1.736441e-001
6.167338e+003,1.701407e-001
6.167821e+003,1.569858e-001
6.168303e+003,1.346669e-001
6.168785e+003,1.055429e-001
6.169267e+003,7.323872e-002
6.169749e+003,4.176388e-002
6.170231e+003,1.467725e-002
6.170713e+003,-5.472244e-003
6.171195e+003,-1.736338e-002
6.171678e+003,-2.085773e-002
6.172160e+003,-1.683261e-002
6.172642e+003,-7.005266e-003
6.173124e+003,6.270879e-003
6.173606e+003,2.027659e-002
6.174088e+003,3.233008e-002
6.174570e+003,4.030493e-002
6.175053e+003,4.313456e-002
6.175535e+003,4.110841e-002
6.176017e+003,3.579751e-002
6.176499e+003,2.957780e-002
6.176981e+003,2.489293e-002
6.177463e+003,2.352274e-002
6.177945e+003,2.613123e-002
6.178427e+003,3.224862e-002
6.178910e+003,4.065480e-002
6.179392e+003,4.996274e-002
6.179874e+003,5.913549e-002
6.180356e+003,6.772878e-002
6.180838e+003,7.580229e-002
6.181320e+003,8.360311e-002
6.181802e+003,9.121678e-002
6.182284e+003,9.836697e-002
6.182767e+003,1.044422e-001
6.183249e+003,1.087037e-001
6.183730e+003,1.105488e-001
6.184213e+003,1.097034e-001
6.184695e+003,1.062825e-001
6.185177e+003,1.007387e-001
6.185659e+003,9.376211e-002
6.186142e+003,8.618791e-002
6.186624e+003,7.892282e-002
6.187105e+003,7.286057e-002
6.187588e+003,6.875861e-002
6.188070e+003,6.708782e-002
6.188552e+003,6.792019e-002
6.189034e+003,7.093420e-002
6.189516e+003,7.557610e-002
6.189999e+003,8.132685e-002
6.190480e+003,8.794501e-002
6.190963e+003,9.553809e-002
6.191445e+003,1.043881e-001
6.191927e+003,1.145898e-001
6.192409e+003,1.256861e-001
6.192891e+003,1.365178e-001
6.193373e+003,1.454182e-001
6.193855e+003,1.507102e-001
6.194337e+003,1.512868e-001
6.194819e+003,1.469866e-001
6.195302e+003,1.385558e-001
6.195784e+003,1.271969e-001
6.196266e+003,1.139332e-001
6.196748e+003,9.913655e-002
6.197230e+003,8.249485e-002
6.197712e+003,6.346029e-002
6.198194e+003,4.194209e-002
6.198677e+003,1.884203e-002
6.199159e+003,-3.923289e-003
6.199641e+003,-2.401590e-002
6.200123e+003,-3.964953e-002
6.200605e+003,-5.045994e-002
6.201087e+003,-5.778186e-002
6.201569e+003,-6.409941e-002
6.202052e+003,-7.184517e-002
6.202534e+003,-8.211419e-002
6.203016e+003,-9.375207e-002
6.203498e+003,-1.036265e-001
6.203980e+003,-1.077031e-001
6.204462e+003,-1.026591e-001
6.204944e+003,-8.729258e-002
6.205426e+003,-6.310816e-002
6.205908e+003,-3.383140e-002
6.206391e+003,-4.085916e-003
6.206873e+003,2.217284e-002
6.207355e+003,4.279792e-002
6.207837e+003,5.773054e-002
6.208319e+003,6.840827e-002
6.208801e+003,7.668639e-002
6.209283e+003,8.383802e-002
6.209766e+003,9.008600e-002
6.210248e+003,9.480134e-002
6.210729e+003,9.715392e-002
6.211212e+003,9.680369e-002
6.211694e+003,9.425543e-002
6.212176e+003,9.072472e-002
6.212658e+003,8.763827e-002
6.213141e+003,8.606599e-002
6.213623e+003,8.637534e-002
6.214104e+003,8.823626e-002
6.214587e+003,9.089801e-002
6.215069e+003,9.353113e-002
6.215551e+003,9.544329e-002
6.216033e+003,9.610859e-002
6.216515e+003,9.509757e-002
6.216997e+003,9.205823e-002
6.217479e+003,8.683310e-002
6.217961e+003,7.965261e-002
6.218444e+003,7.122559e-002
6.218926e+003,6.255243e-002
6.219408e+003,5.443553e-002
6.219890e+003,4.688200e-002
6.220372e+003,3.874881e-002
6.220854e+003,2.794942e-002
6.221336e+003,1.230429e-002
6.221818e+003,-9.228065e-003
6.222301e+003,-3.547669e-002
6.222783e+003,-6.271864e-002
6.223265e+003,-8.539996e-002
6.223747e+003,-9.778818e-002
6.224229e+003,-9.597658e-002
6.224711e+003,-7.943936e-002
6.225193e+003,-5.147022e-002
6.225676e+003,-1.827367e-002
6.226158e+003,1.296892e-002
6.226640e+003,3.632004e-002
6.227122e+003,4.875375e-002
6.227604e+003,5.068963e-002
6.228086e+003,4.530656e-002
6.228568e+003,3.705101e-002
6.229050e+003,3.002989e-002
6.229533e+003,2.691968e-002
6.230015e+003,2.869043e-002
6.230497e+003,3.502520e-002
6.230979e+003,4.502657e-002
6.231461e+003,5.776212e-002
6.231943e+003,7.240096e-002
6.232425e+003,8.799491e-002
6.232907e+003,1.031884e-001
6.233390e+003,1.161475e-001
6.233872e+003,1.250048e-001
6.234354e+003,1.284219e-001
6.234836e+003,1.262266e-001
6.235318e+003,1.196406e-001
6.235800e+003,1.109459e-001
6.236282e+003,1.026929e-001
6.236765e+003,9.678035e-002
6.237247e+003,9.380945e-002
6.237729e+003,9.298254e-002
6.238211e+003,9.256127e-002
6.238693e+003,9.064572e-002
6.239175e+003,8.591315e-002
6.239657e+003,7.800996e-002
6.240139e+003,6.749129e-002
6.240622e+003,5.543202e-002
6.241104e+003,4.297163e-002
6.241586e+003,3.103685e-002
6.242068e+003,2.033322e-002
6.242550e+003,1.150804e-002
6.243032e+003,5.273357e-003
6.243514e+003,2.304253e-003
6.243996e+003,2.879283e-003
6.244479e+003,6.422404e-003
6.244960e+003,1.122583e-002
6.245443e+003,1.460567e-002
6.245925e+003,1.356607e-002
6.246407e+003,5.802596e-003
6.246889e+003,-9.322068e-003
6.247371e+003,-3.024431e-002
6.247854e+003,-5.338575e-002
6.248335e+003,-7.406811e-002
6.248817e+003,-8.787580e-002
6.249300e+003,-9.200027e-002
6.249782e+003,-8.609666e-002
6.250264e+003,-7.236072e-002
6.250746e+003,-5.481761e-002
6.251228e+003,-3.808836e-002
6.251710e+003,-2.606269e-002
6.252192e+003,-2.090603e-002
6.252675e+003,-2.267528e-002
6.253157e+003,-2.958957e-002
6.253639e+003,-3.878617e-002
6.254121e+003,-4.726696e-002
6.254603e+003,-5.273356e-002
6.255085e+003,-5.409948e-002
6.255567e+003,-5.160232e-002
6.256049e+003,-4.656290e-002
6.256532e+003,-4.091424e-002
6.257014e+003,-3.664237e-002
6.257496e+003,-3.526422e-002
6.257978e+003,-3.743682e-002
6.258460e+003,-4.276625e-002
6.258942e+003,-4.986141e-002
6.259424e+003,-5.664558e-002
6.259906e+003,-6.088278e-002
6.260389e+003,-6.080604e-002
6.260871e+003,-5.566988e-002
6.261353e+003,-4.603179e-002
6.261835e+003,-3.362116e-002
6.262317e+003,-2.078299e-002
6.262799e+003,-9.647897e-003
6.263281e+003,-1.315493e-003
6.263764e+003,4.623948e-003
6.264246e+003,1.002129e-002
6.264728e+003,1.741512e-002
6.265210e+003,2.906414e-002
6.265692e+003,4.590025e-002
6.266174e+003,6.693981e-002
6.266656e+003,8.939588e-002
6.267138e+003,1.094853e-001
6.267621e+003,1.236415e-001
6.268103e+003,1.296685e-001
6.268585e+003,1.273875e-001
6.269067e+003,1.185339e-001
6.269549e+003,1.059680e-001
6.270031e+003,9.254687e-002
6.270513e+003,8.012713e-002
6.270995e+003,6.910226e-002
6.271478e+003,5.863120e-002
6.271959e+003,4.741855e-002
6.272441e+003,3.467371e-002
6.272924e+003,2.081303e-002
6.273406e+003,7.594151e-003
6.273888e+003,-2.376263e-003
6.274370e+003,-6.557574e-003
6.274853e+003,-3.446645e-003
6.275334e+003,6.764204e-003
6.275816e+003,2.207356e-002
6.276299e+003,3.912378e-002
6.276781e+003,5.405020e-002
6.277263e+003,6.344697e-002
6.277745e+003,6.516641e-002
6.278227e+003,5.874983e-002
6.278709e+003,4.541092e-002
6.279191e+003,2.761172e-002
6.279674e+003,8.361745e-003
6.280156e+003,-9.577983e-003
6.280638e+003,-2.438492e-002
6.281120e+003,-3.557528e-002
6.281602e+003,-4.398721e-002
6.282084e+003,-5.132318e-002
6.282566e+003,-5.936173e-002
6.283048e+003,-6.907818e-002
6.283530e+003,-7.998426e-002
6.284013e+003,-8.996604e-002
6.284495e+003,-9.575071e-002
6.284977e+003,-9.391013e-002
6.285459e+003,-8.208737e-002
6.285941e+003,-6.000956e-002
6.286423e+003,-2.989334e-002
6.286905e+003,3.946663e-003
6.287388e+003,3.618166e-002
6.287870e+003,6.187832e-002
6.288352e+003,7.774525e-002
6.288834e+003,8.279601e-002
6.289316e+003,7.823793e-002
6.289798e+003,6.669423e-002
6.290280e+003,5.111001e-002
6.290763e+003,3.378724e-002
6.291245e+003,1.590363e-002
6.291727e+003,-2.357536e-003
6.292209e+003,-2.120520e-002
6.292691e+003,-4.049473e-002
6.293173e+003,-5.920772e-002
6.293655e+003,-7.540958e-002
6.294137e+003,-8.671933e-002
6.294619e+003,-9.110047e-002
6.295102e+003,-8.764479e-002
6.295583e+003,-7.698204e-002
6.296066e+003,-6.120333e-002
6.296548e+003,-4.320035e-002
6.297030e+003,-2.573182e-002
6.297512e+003,-1.056124e-002
6.297994e+003,1.986383e-003
6.298477e+003,1.285851e-002
6.298958e+003,2.355379e-002
6.299440e+003,3.513764e-002
6.299923e+003,4.742057e-002
6.300405e+003,5.868940e-002
6.300887e+003,6.617449e-002
6.301369e+003,6.713022e-002
6.301852e+003,6.012397e-002
6.302333e+003,4.599307e-002
6.302815e+003,2.801095e-002
6.303298e+003,1.108987e-002
6.303780e+003,2.376536e-004
6.304262e+003,-1.181747e-003
6.304744e+003,7.293750e-003
6.305226e+003,2.297093e-002
6.305708e+003,4.089066e-002
6.306190e+003,5.553769e-002
6.306672e+003,6.271148e-002
6.307155e+003,6.083300e-002
6.307637e+003,5.120038e-002
6.308119e+003,3.714932e-002
6.308601e+003,2.252773e-002
6.309083e+003,1.016367e-002
6.309565e+003,9.639376e-004
6.310047e+003,-6.037854e-003
6.310529e+003,-1.281396e-002
6.311012e+003,-2.114503e-002
6.311494e+003,-3.168976e-002
6.311976e+003,-4.373755e-002
6.312458e+003,-5.568858e-002
6.312940e+003,-6.593706e-002
6.313422e+003,-7.364718e-002
6.313904e+003,-7.899746e-002
6.314387e+003,-8.277570e-002
6.314869e+003,-8.557005e-002
6.315351e+003,-8.703376e-002
6.315833e+003,-8.567734e-002
6.316315e+003,-7.937571e-002
6.316797e+003,-6.640190e-002
6.317279e+003,-4.650615e-002
6.317761e+003,-2.150023e-002
6.318244e+003,4.987224e-003
6.318726e+003,2.853969e-002
6.319208e+003,4.535714e-002
6.319690e+003,5.344821e-002
6.320172e+003,5.312077e-002
6.320654e+003,4.660580e-002
6.321136e+003,3.704172e-002
6.321618e+003,2.731185e-002
6.322101e+003,1.924837e-002
6.322583e+003,1.348928e-002
6.323064e+003,9.931755e-003
6.323547e+003,8.434018e-003
6.324029e+003,9.323703e-003
6.324511e+003,1.340761e-002
6.324993e+003,2.147045e-002
6.325476e+003,3.354365e-002
6.325958e+003,4.836710e-002
6.326439e+003,6.342585e-002
6.326922e+003,7.551394e-002
6.327404e+003,8.179075e-002
6.327886e+003,8.076428e-002
6.328368e+003,7.279302e-002
6.328850e+003,5.988346e-002
6.329333e+003,4.488229e-002
6.329814e+003,3.042937e-002
6.330297e+003,1.812764e-002
6.330779e+003,8.261566e-003
6.331261e+003,1.230777e-004
6.331743e+003,-7.278960e-003
6.332225e+003,-1.451134e-002
6.332707e+003,-2.136223e-002
6.333189e+003,-2.698490e-002
6.333671e+003,-3.041679e-002
6.334153e+003,-3.115945e-002
6.334636e+003,-2.948576e-002
6.335118e+003,-2.630090e-002
6.335600e+003,-2.263242e-002
6.336082e+003,-1.903239e-002
6.336564e+003,-1.523003e-002
6.337046e+003,-1.024546e-002
6.337528e+003,-2.930081e-003
6.338011e+003,7.337139e-003
6.338493e+003,2.016936e-002
6.338975e+003,3.418337e-002
6.339457e+003,4.753194e-002
6.339939e+003,5.870742e-002
6.340421e+003,6.720538e-002
6.340903e+003,7.368344e-002
6.341386e+003,7.948941e-002
6.341868e+003,8.575791e-002
6.342350e+003,9.251782e-002
6.342832e+003,9.829047e-002
6.343314e+003,1.004525e-001
6.343796e+003,9.628025e-002
6.344278e+003,8.425131e-002
6.344760e+003,6.502058e-002
6.345242e+003,4.159827e-002
6.345725e+003,1.858801e-002
6.346207e+003,7.520192e-004
6.346689e+003,-8.536768e-003
6.347171e+003,-8.347814e-003
6.347653e+003,-3.649634e-004
6.348135e+003,1.183244e-002
6.348617e+003,2.403212e-002
6.349100e+003,3.267507e-002
6.349582e+003,3.571048e-002
6.350063e+003,3.281602e-002
6.350546e+003,2.507236e-002
6.351028e+003,1.437744e-002
6.351510e+003,2.902393e-003
6.351992e+003,-7.245061e-003
6.352475e+003,-1.417464e-002
6.352957e+003,-1.633134e-002
6.353438e+003,-1.270933e-002
6.353921e+003,-3.164298e-003
6.354403e+003,1.132538e-002
6.354885e+003,2.866082e-002
6.355367e+003,4.601966e-002
6.355849e+003,6.058691e-002
6.356331e+003,7.036407e-002
6.356813e+003,7.473519e-002
6.357296e+003,7.444981e-002
6.357778e+003,7.129853e-002
6.358260e+003,6.730703e-002
6.358742e+003,6.404474e-002
6.359224e+003,6.228852e-002
6.359706e+003,6.212281e-002
6.360188e+003,6.330489e-002
6.360670e+003,6.558380e-002
6.361152e+003,6.871572e-002
6.361635e+003,7.214412e-002
6.362117e+003,7.457816e-002
6.362599e+003,7.384326e-002
6.363081e+003,6.729437e-002
6.363563e+003,5.279045e-002
6.364045e+003,2.987525e-002
6.364527e+003,5.949918e-004
6.365010e+003,-3.055501e-002
6.365492e+003,-5.771766e-002
6.365974e+003,-7.548522e-002
6.366456e+003,-8.074762e-002
6.366938e+003,-7.380634e-002
6.367420e+003,-5.825164e-002
6.367902e+003,-3.961901e-002
6.368384e+003,-2.336969e-002
6.368867e+003,-1.302865e-002
6.369349e+003,-9.223106e-003
6.369831e+003,-9.941556e-003
6.370313e+003,-1.178706e-002
6.370795e+003,-1.158685e-002
6.371277e+003,-7.628049e-003
6.371759e+003,-3.704175e-005
6.372241e+003,9.733006e-003
6.372724e+003,1.992279e-002
6.373206e+003,2.942214e-002
6.373688e+003,3.819428e-002
6.374170e+003,4.702976e-002
6.374652e+003,5.684742e-002
6.375134e+003,6.796522e-002
6.375616e+003,7.973049e-002
6.376099e+003,9.066975e-002
6.376581e+003,9.903187e-002
6.377063e+003,1.034123e-001
6.377545e+003,1.031440e-001
6.378027e+003,9.830891e-002
6.378509e+003,8.944549e-002
6.378991e+003,7.718310e-002
6.379473e+003,6.203401e-002
6.379956e+003,4.444286e-002
6.380438e+003,2.501499e-002
6.380920e+003,4.733358e-003
6.381402e+003,-1.501638e-002
6.381884e+003,-3.266949e-002
6.382366e+003,-4.685738e-002
6.382848e+003,-5.674542e-002
6.383330e+003,-6.216655e-002
6.383813e+003,-6.350426e-002
6.384294e+003,-6.141727e-002
6.384777e+003,-5.657426e-002
6.385259e+003,-4.953785e-002
6.385741e+003,-4.082896e-002
6.386223e+003,-3.108466e-002
6.386705e+003,-2.116706e-002
6.387188e+003,-1.211918e-002
6.387669e+003,-4.879246e-003
6.388151e+003,-2.974837e-004
6.388634e+003,1.314831e-003
6.389116e+003,1.664242e-004
6.389598e+003,-3.089081e-003
6.390080e+003,-7.463527e-003
6.390562e+003,-1.168518e-002
6.391044e+003,-1.418010e-002
6.391526e+003,-1.308606e-002
6.392009e+003,-6.458271e-003
6.392491e+003,7.233302e-003
6.392973e+003,2.838266e-002
6.393455e+003,5.556476e-002
6.393937e+003,8.525719e-002
6.394419e+003,1.122600e-001
6.394901e+003,1.308569e-001
6.395383e+003,1.364324e-001
6.395866e+003,1.270072e-001
6.396348e+003,1.041064e-001
6.396830e+003,7.257317e-002
6.397312e+003,3.931962e-002
6.397794e+003,1.140612e-002
6.398276e+003,-5.904660e-003
6.398758e+003,-1.047164e-002
6.399240e+003,-3.580397e-003
6.399723e+003,1.078302e-002
6.400205e+003,2.735196e-002
6.400687e+003,4.117054e-002
6.401169e+003,4.886176e-002
6.401651e+003,4.926398e-002
6.402133e+003,4.337534e-002
6.402615e+003,3.375049e-002
6.403098e+003,2.360100e-002
6.403580e+003,1.585872e-002
6.404062e+003,1.240914e-002
6.404544e+003,1.363683e-002
6.405026e+003,1.836600e-002
6.405508e+003,2.421828e-002
6.405990e+003,2.832604e-002
6.406472e+003,2.823474e-002
6.406955e+003,2.273638e-002
6.407437e+003,1.235317e-002
6.407919e+003,-7.266987e-004
6.408401e+003,-1.327796e-002
6.408883e+003,-2.203518e-002
6.409365e+003,-2.470546e-002
6.409847e+003,-2.062727e-002
6.410329e+003,-1.084398e-002
6.410812e+003,2.399435e-003
6.411293e+003,1.649579e-002
6.411775e+003,2.929123e-002
6.412258e+003,3.956757e-002
6.412740e+003,4.706578e-002
6.413222e+003,5.215178e-002
6.413704e+003,5.537401e-002
6.414187e+003,5.716744e-002
6.414668e+003,5.782631e-002
6.415150e+003,5.768153e-002
6.415633e+003,5.728948e-002
6.416115e+003,5.743642e-002
6.416597e+003,5.888746e-002
6.417079e+003,6.198491e-002
6.417561e+003,6.632453e-002
6.418043e+003,7.073435e-002
6.418525e+003,7.374572e-002
6.419008e+003,7.385194e-002
6.419490e+003,7.056401e-002
6.419972e+003,6.460558e-002
6.420454e+003,5.772711e-002
6.420936e+003,5.205232e-002
6.421418e+003,4.921746e-002
6.421900e+003,4.967010e-002
6.422382e+003,5.243469e-002
6.422864e+003,5.545719e-002
6.423347e+003,5.639642e-002
6.423829e+003,5.354381e-002
6.424311e+003,4.650166e-002
6.424793e+003,3.635300e-002
6.425275e+003,2.526564e-002
6.425757e+003,1.569868e-002
6.426239e+003,9.525483e-003
6.426722e+003,7.403720e-003
6.427204e+003,8.611435e-003
6.427686e+003,1.138593e-002
6.428168e+003,1.361762e-002
6.428650e+003,1.363089e-002
6.429132e+003,1.076396e-002
6.429614e+003,5.543017e-003
6.430097e+003,-5.973399e-004
6.430579e+003,-5.924060e-003
6.431061e+003,-9.099277e-003
6.431543e+003,-9.682550e-003
6.432025e+003,-8.245017e-003
6.432507e+003,-6.057115e-003
6.432989e+003,-4.488788e-003
6.433471e+003,-4.387537e-003
6.433953e+003,-5.716692e-003
6.434436e+003,-7.630259e-003
6.434917e+003,-8.967825e-003
6.435400e+003,-8.956123e-003
6.435882e+003,-7.790877e-003
6.436364e+003,-6.803712e-003
6.436846e+003,-8.087176e-003
6.437328e+003,-1.368859e-002
6.437811e+003,-2.468175e-002
6.438292e+003,-4.049603e-002
6.438774e+003,-5.879172e-002
6.439257e+003,-7.595882e-002
6.439739e+003,-8.807806e-002
6.440221e+003,-9.201434e-002
6.440703e+003,-8.628404e-002
6.441186e+003,-7.144412e-002
6.441667e+003,-4.994074e-002
6.442149e+003,-2.552905e-002
6.442632e+003,-2.470539e-003
6.443114e+003,1.529385e-002
6.443596e+003,2.486405e-002
6.444078e+003,2.492945e-002
6.444560e+003,1.610003e-002
6.445042e+003,9.523368e-004
6.445524e+003,-1.629606e-002
6.446006e+003,-3.053302e-002
6.446489e+003,-3.685517e-002
6.446971e+003,-3.180562e-002
6.447453e+003,-1.439609e-002
6.447935e+003,1.344973e-002
6.448417e+003,4.725423e-002
6.448899e+003,8.110389e-002
6.449381e+003,1.094360e-001
6.449863e+003,1.279223e-001
6.450346e+003,1.348583e-001
6.450828e+003,1.311441e-001
6.451310e+003,1.195921e-001
6.451792e+003,1.037821e-001
6.452274e+003,8.692697e-002
6.452756e+003,7.114249e-002
6.453238e+003,5.729865e-002
6.453721e+003,4.537041e-002
6.454203e+003,3.501737e-002
6.454685e+003,2.608309e-002
6.455167e+003,1.880617e-002
6.455649e+003,1.370726e-002
6.456131e+003,1.127069e-002
6.456613e+003,1.160831e-002
6.457095e+003,1.426755e-002
6.457578e+003,1.825905e-002
6.458060e+003,2.228551e-002
6.458542e+003,2.508928e-002
6.459024e+003,2.581845e-002
6.459506e+003,2.431654e-002
6.459988e+003,2.125969e-002
6.460470e+003,1.808343e-002
6.460952e+003,1.667207e-002
6.461435e+003,1.883884e-002
6.461917e+003,2.570250e-002
6.462399e+003,3.714106e-002
6.462881e+003,5.153272e-002
6.463363e+003,6.594151e-002
6.463845e+003,7.676943e-002
6.464327e+003,8.071795e-002
6.464810e+003,7.576026e-002
6.465292e+003,6.178903e-002
6.465773e+003,4.070731e-002
6.466256e+003,1.592821e-002
6.466738e+003,-8.535319e-003
6.467220e+003,-2.907323e-002
6.467702e+003,-4.325004e-002
6.468184e+003,-5.014108e-002
6.468667e+003,-5.020987e-002
6.469148e+003,-4.486560e-002
6.469631e+003,-3.591571e-002
6.470113e+003,-2.510319e-002
6.470595e+003,-1.382695e-002
6.471077e+003,-3.043283e-003
6.471559e+003,6.709716e-003
6.472041e+003,1.522363e-002
6.472523e+003,2.249589e-002
6.473005e+003,2.857512e-002
6.473488e+003,3.339106e-002
6.473970e+003,3.661920e-002
6.474452e+003,3.765954e-002
6.474934e+003,3.579193e-002
6.475416e+003,3.050119e-002
6.475898e+003,2.186685e-002
6.476380e+003,1.084233e-002
6.476862e+003,-7.462263e-004
6.477345e+003,-1.055430e-002
6.477827e+003,-1.634878e-002
6.478309e+003,-1.670115e-002
6.478791e+003,-1.148086e-002
6.479273e+003,-1.950909e-003
6.479755e+003,9.578937e-003
6.480237e+003,2.039992e-002
6.480720e+003,2.813366e-002
6.481202e+003,3.134732e-002
6.481684e+003,2.976230e-002
6.482166e+003,2.414156e-002
6.482648e+003,1.594832e-002
6.483130e+003,6.940807e-003
6.483612e+003,-1.167248e-003
6.484094e+003,-6.931574e-003
6.484577e+003,-9.312466e-003
6.485059e+003,-7.771864e-003
6.485541e+003,-2.357223e-003
6.486023e+003,6.251652e-003
6.486505e+003,1.678962e-002
6.486987e+003,2.759141e-002
6.487469e+003,3.690698e-002
6.487951e+003,4.327574e-002
6.488434e+003,4.585182e-002
6.488916e+003,4.458327e-002
6.489397e+003,4.019708e-002
6.489880e+003,3.400438e-002
6.490362e+003,2.758360e-002
6.490844e+003,2.241541e-002
6.491326e+003,1.953881e-002
6.491809e+003,1.929060e-002
6.492291e+003,2.118880e-002
6.492772e+003,2.401665e-002
6.493255e+003,2.613393e-002
6.493737e+003,2.597786e-002
6.494219e+003,2.262433e-002
6.494701e+003,1.620886e-002
6.495183e+003,8.004110e-003
6.495665e+003,4.924965e-005
6.496147e+003,-5.593339e-003
6.496630e+003,-7.692046e-003
6.497112e+003,-6.449241e-003
6.497594e+003,-3.549980e-003
6.498076e+003,-1.565775e-003
6.498558e+003,-2.909051e-003
6.499040e+003,-8.761771e-003
6.499522e+003,-1.845372e-002
6.500004e+003,-2.959860e-002
6.500486e+003,-3.897354e-002
6.500969e+003,-4.379188e-002
6.501451e+003,-4.283009e-002
6.501933e+003,-3.692093e-002
6.502415e+003,-2.859944e-002
6.502897e+003,-2.106306e-002
6.503379e+003,-1.690653e-002
6.503861e+003,-1.718051e-002
6.504344e+003,-2.115759e-002
6.504826e+003,-2.686117e-002
6.505308e+003,-3.207444e-002
6.505790e+003,-3.535728e-002
6.506272e+003,-3.662668e-002
6.506754e+003,-3.707651e-002
6.507236e+003,-3.850912e-002
6.507719e+003,-4.239311e-002
6.508201e+003,-4.905071e-002
6.508683e+003,-5.729636e-002
6.509165e+003,-6.465127e-002
6.509647e+003,-6.804264e-002
6.510129e+003,-6.474356e-002
6.510611e+003,-5.325478e-002
6.511093e+003,-3.433060e-002
6.511575e+003,-9.653688e-003
6.512058e+003,1.729771e-002
6.512540e+003,4.243403e-002
6.513022e+003,6.214410e-002
6.513504e+003,7.433481e-002
6.513986e+003,7.908706e-002
6.514468e+003,7.866588e-002
6.514950e+003,7.680523e-002
6.515433e+003,7.743932e-002
6.515915e+003,8.328337e-002
6.516396e+003,9.477142e-002
6.516879e+003,1.097681e-001
6.517361e+003,1.241966e-001
6.517843e+003,1.333718e-001
6.518325e+003,1.335502e-001
6.518808e+003,1.231248e-001
6.519290e+003,1.030521e-001
6.519771e+003,7.641771e-002
6.520254e+003,4.739204e-002
6.520736e+003,2.003581e-002
6.521218e+003,-2.595148e-003
6.521700e+003,-1.880291e-002
6.522182e+003,-2.810137e-002
6.522664e+003,-3.082560e-002
6.523146e+003,-2.778991e-002
6.523628e+003,-2.015650e-002
6.524111e+003,-9.470794e-003
6.524593e+003,2.326554e-003
6.525075e+003,1.310041e-002
6.525557e+003,2.097774e-002
6.526039e+003,2.490523e-002
6.526521e+003,2.502754e-002
6.527003e+003,2.264123e-002
6.527485e+003,1.967030e-002
6.527968e+003,1.785724e-002
6.528450e+003,1.802897e-002
6.528932e+003,1.978101e-002
6.529414e+003,2.172515e-002
6.529896e+003,2.216854e-002
6.530378e+003,1.988378e-002
6.530860e+003,1.460016e-002
6.531343e+003,7.010799e-003
6.531825e+003,-1.644687e-003
6.532307e+003,-1.014242e-002
6.532789e+003,-1.764864e-002
6.533271e+003,-2.371345e-002
6.533753e+003,-2.793995e-002
6.534235e+003,-2.959526e-002
6.534717e+003,-2.748082e-002
6.535200e+003,-2.023486e-002
6.535682e+003,-6.980913e-003
6.536164e+003,1.199362e-002
6.536646e+003,3.490727e-002
6.537128e+003,5.873756e-002
6.537610e+003,8.001009e-002
6.538092e+003,9.581235e-002
6.538574e+003,1.046127e-001
6.539057e+003,1.065656e-001
6.539539e+003,1.032326e-001
6.540021e+003,9.690842e-002
6.540503e+003,8.987941e-002
6.540985e+003,8.389921e-002
6.541467e+003,7.998132e-002
6.541949e+003,7.830024e-002
6.542432e+003,7.867687e-002
6.542914e+003,7.995295e-002
6.543396e+003,8.011547e-002
6.543878e+003,7.639150e-002
6.544360e+003,6.574350e-002
6.544842e+003,4.580711e-002
6.545324e+003,1.602582e-002
6.545806e+003,-2.149399e-002
6.546289e+003,-6.190505e-002
6.546771e+003,-9.856437e-002
6.547253e+003,-1.248151e-001
6.547735e+003,-1.360027e-001
6.548217e+003,-1.309403e-001
6.548699e+003,-1.122059e-001
6.549181e+003,-8.511712e-002
6.549663e+003,-5.578963e-002
6.550146e+003,-2.908049e-002
6.550627e+003,-7.250743e-003
6.551109e+003,1.015393e-002
6.551592e+003,2.526147e-002
6.552074e+003,4.023321e-002
6.552556e+003,5.581297e-002
6.553038e+003,7.070872e-002
6.553521e+003,8.202117e-002
6.554002e+003,8.644394e-002
6.554484e+003,8.163787e-002
6.554967e+003,6.716812e-002
6.555449e+003,4.466267e-002
6.555931e+003,1.724739e-002
6.556413e+003,-1.137277e-002
6.556895e+003,-3.773152e-002
6.557377e+003,-5.902230e-002
6.557859e+003,-7.311256e-002
6.558342e+003,-7.838415e-002
6.558824e+003,-7.369933e-002
6.559306e+003,-5.865961e-002
6.559788e+003,-3.408089e-002
6.560270e+003,-2.402047e-003
6.560752e+003,3.230265e-002
6.561234e+003,6.489299e-002
6.561716e+003,9.023210e-002
6.562198e+003,1.044248e-001
6.562681e+003,1.057857e-001
6.563163e+003,9.518584e-002
6.563645e+003,7.566520e-002
6.564127e+003,5.147572e-002
6.564609e+003,2.690649e-002
6.565091e+003,5.279407e-003
6.565573e+003,-1.161180e-002
6.566056e+003,-2.353738e-002
6.566538e+003,-3.144290e-002
6.567020e+003,-3.684332e-002
6.567502e+003,-4.122258e-002
6.567984e+003,-4.560301e-002
6.568466e+003,-5.036211e-002
6.568948e+003,-5.529156e-002
6.569431e+003,-5.983289e-002
6.569913e+003,-6.338685e-002
6.570395e+003,-6.557751e-002
6.570877e+003,-6.636576e-002
6.571359e+003,-6.595596e-002
6.571841e+003,-6.452745e-002
6.572323e+003,-6.191589e-002
6.572805e+003,-5.737468e-002
6.573287e+003,-4.976786e-002
6.573770e+003,-3.797488e-002
6.574252e+003,-2.151480e-002
6.574734e+003,-1.077114e-003
6.575216e+003,2.134780e-002
6.575698e+003,4.290964e-002
6.576180e+003,6.082558e-002
6.576662e+003,7.344769e-002
6.577145e+003,8.099303e-002
6.577626e+003,8.554465e-002
6.578108e+003,9.022361e-002
6.578591e+003,9.781116e-002
6.579073e+003,1.093924e-001
6.579555e+003,1.236435e-001
6.580037e+003,1.371460e-001
6.580520e+003,1.456696e-001
6.581001e+003,1.459231e-001
6.581483e+003,1.370327e-001
6.581966e+003,1.210968e-001
6.582448e+003,1.025461e-001
6.582930e+003,8.654717e-002
6.583412e+003,7.710019e-002
6.583894e+003,7.561397e-002
6.584376e+003,8.052857e-002
6.584858e+003,8.810604e-002
6.585340e+003,9.401482e-002
6.585823e+003,9.502453e-002
6.586305e+003,9.012554e-002
6.586787e+003,8.067705e-002
6.587269e+003,6.962169e-002
6.587751e+003,6.018098e-002
6.588233e+003,5.460901e-002
6.588715e+003,5.348194e-002
6.589197e+003,5.571681e-002
6.589680e+003,5.918865e-002
6.590162e+003,6.160122e-002
6.590644e+003,6.123202e-002
6.591126e+003,5.730661e-002
6.591608e+003,4.996556e-002
6.592090e+003,3.996567e-002
6.592572e+003,2.832789e-002
6.593055e+003,1.609888e-002
6.593537e+003,4.278331e-003
6.594019e+003,-6.147909e-003
6.594501e+003,-1.418158e-002
6.594983e+003,-1.888268e-002
6.595465e+003,-1.955471e-002
6.595947e+003,-1.598499e-002
6.596429e+003,-8.636798e-003
6.596912e+003,1.305233e-003
6.597394e+003,1.208890e-002
6.597876e+003,2.173677e-002
6.598358e+003,2.850395e-002
6.598840e+003,3.133652e-002
6.599322e+003,3.020257e-002
6.599804e+003,2.618637e-002
6.600286e+003,2.128790e-002
6.600769e+003,1.794443e-002
6.601250e+003,1.837668e-002
6.601733e+003,2.393168e-002
6.602215e+003,3.462321e-002
6.602697e+003,4.903023e-002
6.603179e+003,6.461132e-002
6.603661e+003,7.824803e-002
6.604144e+003,8.738904e-002
6.604625e+003,9.036230e-002
6.605107e+003,8.687147e-002
6.605590e+003,7.799386e-002
6.606072e+003,6.584901e-002
6.606554e+003,5.308058e-002
6.607036e+003,4.231244e-002
6.607518e+003,3.569210e-002
6.608000e+003,3.455952e-002
6.608482e+003,3.922848e-002
6.608965e+003,4.887101e-002
6.609447e+003,6.154187e-002
6.609929e+003,7.442096e-002
6.610411e+003,8.433565e-002
6.610893e+003,8.852769e-002
6.611375e+003,8.548757e-002
6.611857e+003,7.556563e-002
6.612339e+003,6.106823e-002
6.612822e+003,4.568885e-002
6.613304e+003,3.337511e-002
6.613786e+003,2.698890e-002
6.614268e+003,2.726043e-002
6.614750e+003,3.247632e-002
6.615232e+003,3.908227e-002
6.615714e+003,4.301216e-002
6.616196e+003,4.124674e-002
6.616679e+003,3.299044e-002
6.617161e+003,2.000308e-002
6.617643e+003,5.960480e-003
6.618125e+003,-4.891166e-003
6.618607e+003,-9.253496e-003
6.619089e+003,-5.889697e-003
6.619571e+003,4.047934e-003
6.620054e+003,1.752372e-002
6.620536e+003,3.068197e-002
6.621018e+003,4.002071e-002
6.621500e+003,4.326296e-002
6.621982e+003,3.970781e-002
6.622464e+003,3.008606e-002
6.622946e+003,1.611905e-002
6.623428e+003,2.135450e-005
6.623911e+003,-1.589033e-002
6.624393e+003,-2.944782e-002
6.624875e+003,-3.880557e-002
6.625357e+003,-4.261888e-002
6.625839e+003,-4.024832e-002
6.626321e+003,-3.193099e-002
6.626803e+003,-1.881415e-002
6.627285e+003,-2.775596e-003
6.627768e+003,1.395815e-002
6.628250e+003,2.928859e-002
6.628731e+003,4.166079e-002
6.629214e+003,5.028820e-002
6.629696e+003,5.514314e-002
6.630178e+003,5.676621e-002
6.630660e+003,5.600554e-002
6.631143e+003,5.378951e-002
6.631625e+003,5.098008e-002
6.632106e+003,4.828880e-002
6.632589e+003,4.620710e-002
6.633071e+003,4.492244e-002
6.633553e+003,4.424257e-002
6.634035e+003,4.359204e-002
6.634517e+003,4.212590e-002
6.635000e+003,3.903284e-002
6.635481e+003,3.380910e-002
6.635964e+003,2.651658e-002
6.636446e+003,1.782570e-002
6.636928e+003,8.821226e-003
6.637410e+003,6.450149e-004
6.637892e+003,-5.868712e-003
6.638374e+003,-1.040883e-002
6.638856e+003,-1.317824e-002
6.639338e+003,-1.470443e-002
6.639820e+003,-1.560552e-002
6.640303e+003,-1.645503e-002
6.640785e+003,-1.780683e-002
6.641267e+003,-2.031572e-002
6.641749e+003,-2.479610e-002
6.642231e+003,-3.206414e-002
6.642713e+003,-4.252293e-002
6.643195e+003,-5.562182e-002
6.643678e+003,-6.946057e-002
6.644160e+003,-8.082578e-002
6.644642e+003,-8.581134e-002
6.645124e+003,-8.092859e-002
6.645606e+003,-6.436521e-002
6.646088e+003,-3.692661e-002
6.646570e+003,-2.258226e-003
6.647053e+003,3.381191e-002
6.647535e+003,6.465418e-002
6.648017e+003,8.451908e-002
6.648499e+003,8.998975e-002
6.648981e+003,8.076347e-002
6.649463e+003,5.956408e-002
6.649945e+003,3.128631e-002
6.650427e+003,1.704843e-003
6.650909e+003,-2.383217e-002
6.651392e+003,-4.138210e-002
6.651874e+003,-4.889201e-002
6.652356e+003,-4.620862e-002
6.652838e+003,-3.475864e-002
6.653320e+003,-1.707409e-002
6.653802e+003,3.705000e-003
6.654284e+003,2.428785e-002
6.654767e+003,4.163957e-002
6.655249e+003,5.334147e-002
6.655730e+003,5.789306e-002
6.656213e+003,5.491951e-002
6.656695e+003,4.523873e-002
6.657177e+003,3.075624e-002
6.657659e+003,1.418556e-002
6.658142e+003,-1.374155e-003
6.658624e+003,-1.294570e-002
6.659105e+003,-1.819283e-002
6.659588e+003,-1.586833e-002
6.660070e+003,-6.106344e-003
6.660552e+003,9.518640e-003
6.661034e+003,2.821606e-002
6.661516e+003,4.648387e-002
6.661998e+003,6.081562e-002
6.662480e+003,6.845633e-002
6.662962e+003,6.800769e-002
6.663445e+003,5.969810e-002
6.663927e+003,4.521843e-002
6.664409e+003,2.716317e-002
6.664891e+003,8.254901e-003
6.665373e+003,-9.385620e-003
6.665855e+003,-2.465248e-002
6.666337e+003,-3.748864e-002
6.666819e+003,-4.846981e-002
6.667302e+003,-5.818613e-002
6.667784e+003,-6.668036e-002
6.668266e+003,-7.318713e-002
6.668748e+003,-7.629231e-002
6.669230e+003,-7.445884e-002
6.669712e+003,-6.671797e-002
6.670194e+003,-5.325541e-002
6.670677e+003,-3.565646e-002
6.671159e+003,-1.669420e-002
6.671641e+003,2.958067e-004
6.672123e+003,1.226970e-002
6.672605e+003,1.729816e-002
6.673087e+003,1.511075e-002
6.673569e+003,7.204657e-003
6.674051e+003,-3.508385e-003
6.674534e+003,-1.341529e-002
6.675016e+003,-1.908315e-002
6.675498e+003,-1.808452e-002
6.675980e+003,-9.566849e-003
6.676462e+003,5.561730e-003
6.676944e+003,2.486027e-002
6.677426e+003,4.492588e-002
6.677908e+003,6.215775e-002
6.678391e+003,7.352486e-002
6.678873e+003,7.715425e-002
6.679355e+003,7.260978e-002
6.679837e+003,6.081399e-002
6.680319e+003,4.365975e-002
6.680801e+003,2.343838e-002
6.681283e+003,2.254515e-003
6.681766e+003,-1.840353e-002
6.682248e+003,-3.782213e-002
6.682729e+003,-5.591920e-002
6.683212e+003,-7.287106e-002
6.683694e+003,-8.866228e-002
6.684176e+003,-1.027451e-001
6.684658e+003,-1.139629e-001
6.685140e+003,-1.207961e-001
6.685623e+003,-1.218631e-001
6.686104e+003,-1.164922e-001
6.686587e+003,-1.051287e-001
6.687069e+003,-8.937931e-002
6.687551e+003,-7.162721e-002
6.688033e+003,-5.432995e-002
6.688515e+003,-3.926302e-002
6.688997e+003,-2.702107e-002
6.689479e+003,-1.700353e-002
6.689961e+003,-7.913796e-003
6.690444e+003,1.424335e-003
6.690926e+003,1.128786e-002
6.691408e+003,2.067897e-002
6.691890e+003,2.756292e-002
6.692372e+003,2.966492e-002
6.692854e+003,2.550838e-002
6.693336e+003,1.524420e-002
6.693818e+003,8.846238e-004
6.694301e+003,-1.419974e-002
6.694783e+003,-2.634441e-002
6.695265e+003,-3.279265e-002
6.695747e+003,-3.254443e-002
6.696229e+003,-2.654080e-002
6.696711e+003,-1.700853e-002
6.697193e+003,-6.507579e-003
6.697676e+003,3.106338e-003
6.698158e+003,1.125372e-002
6.698640e+003,1.854496e-002
6.699122e+003,2.612844e-002
6.699604e+003,3.481926e-002
6.700086e+003,4.443571e-002
6.700568e+003,5.365179e-002
6.701050e+003,6.042223e-002
6.701533e+003,6.277431e-002
6.702015e+003,5.961278e-002
6.702497e+003,5.120356e-002
6.702979e+003,3.916651e-002
6.703461e+003,2.602499e-002
6.703943e+003,1.452935e-002
6.704425e+003,7.020170e-003
6.704907e+003,5.024037e-003
6.705390e+003,9.130955e-003
6.705872e+003,1.907829e-002
6.706354e+003,3.391441e-002
6.706836e+003,5.215148e-002
6.707318e+003,7.189545e-002
6.707800e+003,9.100305e-002
6.708282e+003,1.073189e-001
6.708765e+003,1.189889e-001
6.709247e+003,1.247729e-001
6.709729e+003,1.242393e-001
6.710211e+003,1.177522e-001
6.710693e+003,1.062490e-001
6.711175e+003,9.090550e-002
6.711657e+003,7.283837e-002
6.712139e+003,5.297366e-002
6.712622e+003,3.211376e-002
6.713104e+003,1.112553e-002
6.713586e+003,-8.898688e-003
6.714068e+003,-2.664226e-002
6.714550e+003,-4.077401e-002
6.715032e+003,-5.029199e-002
6.715514e+003,-5.484244e-002
6.715996e+003,-5.485276e-002
6.716479e+003,-5.139905e-002
6.716960e+003,-4.585401e-002
6.717442e+003,-3.946259e-002
6.717925e+003,-3.302267e-002
6.718407e+003,-2.679151e-002
6.718889e+003,-2.063019e-002
6.719371e+003,-1.429023e-002
6.719854e+003,-7.693230e-003
6.720335e+003,-1.076726e-003
6.720817e+003,5.041363e-003
6.721300e+003,1.003426e-002
6.721782e+003,1.337047e-002
6.722264e+003,1.474810e-002
6.722746e+003,1.410762e-002
6.723228e+003,1.154152e-002
6.723710e+003,7.171753e-003
6.724192e+003,1.076127e-003
6.724675e+003,-6.685231e-003
6.725157e+003,-1.594559e-002
6.725639e+003,-2.626022e-002
6.726121e+003,-3.676428e-002
6.726603e+003,-4.613240e-002
6.727085e+003,-5.267264e-002
6.727567e+003,-5.460701e-002
6.728049e+003,-5.042744e-002
6.728531e+003,-3.929617e-002
6.729014e+003,-2.137398e-002
6.729496e+003,2.029605e-003
6.729978e+003,2.856157e-002
6.730460e+003,5.520258e-002
6.730942e+003,7.885155e-002
6.731424e+003,9.697437e-002
6.731906e+003,1.081352e-001
6.732389e+003,1.122481e-001
6.732871e+003,1.104715e-001
6.733353e+003,1.047867e-001
6.733835e+003,9.740736e-002
6.734317e+003,9.021346e-002
6.734799e+003,8.437353e-002
6.735281e+003,8.022831e-002
6.735764e+003,7.740372e-002
6.736246e+003,7.505307e-002
6.736728e+003,7.211988e-002
6.737210e+003,6.755970e-002
6.737692e+003,6.051603e-002
6.738174e+003,5.047815e-002
6.738656e+003,3.742959e-002
6.739138e+003,2.194826e-002
6.739620e+003,5.182607e-003
6.740103e+003,-1.135762e-002
6.740584e+003,-2.617991e-002
6.741067e+003,-3.823688e-002
6.741549e+003,-4.721574e-002
6.742031e+003,-5.352408e-002
6.742513e+003,-5.793081e-002
6.742995e+003,-6.099706e-002
6.743478e+003,-6.257020e-002
6.743959e+003,-6.163076e-002
6.744441e+003,-5.664617e-002
6.744924e+003,-4.634485e-002
6.745406e+003,-3.059421e-002
6.745888e+003,-1.096304e-002
6.746370e+003,9.357614e-003
6.746853e+003,2.634095e-002
6.747334e+003,3.636827e-002
6.747816e+003,3.745482e-002
6.748299e+003,2.996136e-002
6.748781e+003,1.649623e-002
6.749263e+003,1.050039e-003
6.749745e+003,-1.227993e-002
6.750227e+003,-2.047180e-002
6.750709e+003,-2.224731e-002
6.751191e+003,-1.806637e-002
6.751673e+003,-9.587030e-003
6.752156e+003,1.076195e-003
6.752638e+003,1.195399e-002
6.753120e+003,2.149696e-002
6.753602e+003,2.855266e-002
6.754084e+003,3.222989e-002
6.754566e+003,3.185228e-002
6.755048e+003,2.708968e-002
6.755530e+003,1.819405e-002
6.756013e+003,6.160933e-003
6.756495e+003,-7.343575e-003
6.756977e+003,-2.032272e-002
6.757459e+003,-3.092937e-002
6.757941e+003,-3.788643e-002
6.758423e+003,-4.061029e-002
6.758905e+003,-3.912435e-002
6.759388e+003,-3.378518e-002
6.759870e+003,-2.508817e-002
6.760352e+003,-1.369721e-002
6.760834e+003,-6.853373e-004
6.761316e+003,1.220336e-002
6.761798e+003,2.253529e-002
6.762280e+003,2.758880e-002
6.762762e+003,2.513327e-002
6.763245e+003,1.430602e-002
6.763727e+003,-3.814194e-003
6.764209e+003,-2.625871e-002
6.764691e+003,-4.890892e-002
6.765173e+003,-6.767326e-002
6.765655e+003,-7.963855e-002
6.766137e+003,-8.373755e-002
6.766619e+003,-8.069242e-002
6.767102e+003,-7.232197e-002
6.767583e+003,-6.057516e-002
6.768065e+003,-4.674806e-002
6.768548e+003,-3.121362e-002
6.769030e+003,-1.372020e-002
6.769512e+003,5.964341e-003
6.769994e+003,2.742888e-002
6.770477e+003,4.933149e-002
6.770958e+003,6.956552e-002
6.771440e+003,8.576786e-002
6.771923e+003,9.591766e-002
6.772405e+003,9.878024e-002
6.772887e+003,9.408063e-002
6.773369e+003,8.244937e-002
6.773851e+003,6.527477e-002
6.774333e+003,4.457242e-002
6.774815e+003,2.287821e-002
6.775298e+003,3.071920e-003
6.775780e+003,-1.197612e-002
6.776262e+003,-1.994726e-002
6.776744e+003,-1.966868e-002
6.777226e+003,-1.151540e-002
6.777708e+003,2.604749e-003
6.778190e+003,1.975234e-002
6.778672e+003,3.679194e-002
6.779154e+003,5.123964e-002
6.779637e+003,6.178235e-002
6.780119e+003,6.828182e-002
6.780601e+003,7.132679e-002
6.781083e+003,7.161454e-002
6.781565e+003,6.950790e-002
6.782047e+003,6.498899e-002
6.782529e+003,5.798695e-002
6.783012e+003,4.883172e-002
6.783494e+003,3.850609e-002
6.783976e+003,2.848460e-002
6.784458e+003,2.019397e-002
6.784940e+003,1.436924e-002
6.785422e+003,1.067165e-002
6.785904e+003,7.820228e-003
6.786387e+003,4.222601e-003
6.786869e+003,-1.186602e-003
6.787351e+003,-8.324279e-003
6.787833e+003,-1.588796e-002
6.788315e+003,-2.189772e-002
6.788797e+003,-2.460393e-002
6.789279e+003,-2.329942e-002
6.789761e+003,-1.870319e-002
6.790243e+003,-1.267654e-002
6.790726e+003,-7.477617e-003
6.791208e+003,-4.923752e-003
6.791690e+003,-5.861005e-003
6.792172e+003,-1.015188e-002
6.792654e+003,-1.710800e-002
6.793136e+003,-2.606914e-002
6.793618e+003,-3.678253e-002
6.794101e+003,-4.938051e-002
6.794583e+003,-6.400187e-002
6.795064e+003,-8.030798e-002
6.795547e+003,-9.719845e-002
6.796029e+003,-1.129061e-001
6.796511e+003,-1.254302e-001
6.796993e+003,-1.330766e-001
6.797476e+003,-1.348315e-001
6.797958e+003,-1.304049e-001
6.798439e+003,-1.199919e-001
6.798922e+003,-1.039565e-001
6.799404e+003,-8.268216e-002
6.799886e+003,-5.670527e-002
6.800368e+003,-2.705070e-002
6.800850e+003,4.468387e-003
6.801332e+003,3.524011e-002
6.801814e+003,6.224593e-002
6.802296e+003,8.274792e-002
6.802779e+003,9.499390e-002
6.803261e+003,9.863946e-002
6.803743e+003,9.472577e-002
6.804225e+003,8.527049e-002
6.804707e+003,7.270269e-002
6.805189e+003,5.940548e-002
6.805671e+003,4.750691e-002
6.806153e+003,3.886797e-002
6.806636e+003,3.507189e-002
6.807118e+003,3.722484e-002
6.807600e+003,4.553528e-002
6.808082e+003,5.885715e-002
6.808564e+003,7.451712e-002
6.809046e+003,8.869779e-002
6.809528e+003,9.741109e-002
6.810011e+003,9.778170e-002
6.810493e+003,8.912972e-002
6.810975e+003,7.334206e-002
6.811457e+003,5.428286e-002
6.811939e+003,3.641537e-002
6.812421e+003,2.318350e-002
6.812903e+003,1.583897e-002
6.813385e+003,1.321411e-002
6.813868e+003,1.251760e-002
6.814350e+003,1.076892e-002
6.814832e+003,6.207889e-003
6.815314e+003,-9.527649e-004
6.815796e+003,-8.740574e-003
6.816278e+003,-1.445523e-002
6.816760e+003,-1.600626e-002
6.817242e+003,-1.293284e-002
6.817725e+003,-6.664432e-003
6.818207e+003,5.202084e-005
6.818689e+003,4.262093e-003
6.819171e+003,3.949256e-003
6.819653e+003,-1.282063e-003
6.820135e+003,-1.005036e-002
6.820617e+003,-1.984072e-002
6.821100e+003,-2.780117e-002
6.821582e+003,-3.152197e-002
6.822063e+003,-2.951699e-002
6.822546e+003,-2.134310e-002
6.823028e+003,-7.445964e-003
6.823510e+003,1.111792e-002
6.823992e+003,3.296126e-002
6.824474e+003,5.659511e-002
6.824957e+003,8.060460e-002
6.825438e+003,1.037741e-001
6.825921e+003,1.251432e-001
6.826403e+003,1.439659e-001
6.826885e+003,1.595763e-001
6.827367e+003,1.712324e-001
6.827849e+003,1.780565e-001
6.828331e+003,1.791781e-001
6.828813e+003,1.740864e-001
6.829295e+003,1.630586e-001
6.829778e+003,1.474215e-001
6.830260e+003,1.294175e-001
6.830742e+003,1.115991e-001
6.831224e+003,9.591431e-002
6.831706e+003,8.285759e-002
6.832188e+003,7.111279e-002
6.832670e+003,5.796221e-002
6.833152e+003,4.041465e-002
6.833635e+003,1.665795e-002
6.834117e+003,-1.276805e-002
6.834599e+003,-4.463528e-002
6.835081e+003,-7.377564e-002
6.835563e+003,-9.471171e-002
6.836045e+003,-1.035772e-001
6.836527e+003,-9.958354e-002
6.837010e+003,-8.544580e-002
6.837492e+003,-6.658337e-002
6.837974e+003,-4.938429e-002
6.838456e+003,-3.917406e-002
6.838938e+003,-3.862020e-002
6.839420e+003,-4.710895e-002
6.839902e+003,-6.124026e-002
6.840384e+003,-7.617625e-002
6.840867e+003,-8.730517e-002
6.841349e+003,-9.163587e-002
6.841831e+003,-8.849923e-002
6.842313e+003,-7.941845e-002
6.842795e+003,-6.729788e-002
6.843277e+003,-5.528429e-002
6.843759e+003,-4.571521e-002
6.844241e+003,-3.949511e-002
6.844724e+003,-3.606503e-002
6.845206e+003,-3.392355e-002
6.845688e+003,-3.147588e-002
6.846170e+003,-2.788391e-002
6.846652e+003,-2.358989e-002
6.847134e+003,-2.029365e-002
6.847616e+003,-2.035381e-002
6.848099e+003,-2.580050e-002
6.848581e+003,-3.731551e-002
6.849063e+003,-5.358337e-002
6.849545e+003,-7.130687e-002
6.850027e+003,-8.594410e-002
6.850509e+003,-9.291656e-002
6.850991e+003,-8.898894e-002
6.851473e+003,-7.310686e-002
6.851956e+003,-4.662130e-002
6.852438e+003,-1.276122e-002
6.852920e+003,2.435448e-002
6.853402e+003,6.073426e-002
6.853884e+003,9.317131e-002
6.854366e+003,1.193758e-001
6.854848e+003,1.377034e-001
6.855330e+003,1.468090e-001
6.855813e+003,1.455648e-001
6.856294e+003,1.334087e-001
6.856776e+003,1.109974e-001
6.857259e+003,8.080267e-002
6.857741e+003,4.722606e-002
6.858223e+003,1.597412e-002
6.858705e+003,-7.239068e-003
6.859188e+003,-1.825948e-002
6.859669e+003,-1.575113e-002
6.860151e+003,-1.637611e-003
6.860634e+003,1.948112e-002
6.861116e+003,4.175088e-002
6.861598e+003,5.982514e-002
6.862080e+003,7.035747e-002
6.862562e+003,7.274392e-002
6.863044e+003,6.893256e-002
6.863526e+003,6.245458e-002
6.864009e+003,5.708196e-002
6.864491e+003,5.559314e-002
6.864973e+003,5.902693e-002
6.865455e+003,6.658569e-002
6.865937e+003,7.611408e-002
6.866419e+003,8.491550e-002
6.866901e+003,9.061274e-002
6.867383e+003,9.180260e-002
6.867865e+003,8.835224e-002
6.868348e+003,8.130048e-002
6.868830e+003,7.243425e-002
6.869312e+003,6.369180e-002
6.869794e+003,5.658868e-002
6.870276e+003,5.185135e-002
6.870758e+003,4.937454e-002
6.871240e+003,4.849879e-002
6.871723e+003,4.847683e-002
6.872205e+003,4.890847e-002
6.872687e+003,4.992618e-002
6.873169e+003,5.201772e-002
6.873651e+003,5.554930e-002
6.874133e+003,6.022131e-002
6.874615e+003,6.476317e-002
6.875098e+003,6.710101e-002
6.875580e+003,6.502607e-002
6.876062e+003,5.714368e-002
6.876544e+003,4.370530e-002
6.877026e+003,2.692044e-002
6.877508e+003,1.052884e-002
6.877990e+003,-1.280454e-003
6.878472e+003,-5.223523e-003
6.878954e+003,-2.474883e-005
6.879437e+003,1.317743e-002
6.879918e+003,3.129228e-002
6.880401e+003,5.042127e-002
6.880883e+003,6.722123e-002
6.881365e+003,7.994983e-002
6.881847e+003,8.878249e-002
6.882329e+003,9.537857e-002
6.882812e+003,1.018905e-001
6.883293e+003,1.098827e-001
6.883775e+003,1.195881e-001
6.884258e+003,1.297530e-001
6.884740e+003,1.380592e-001
6.885222e+003,1.418932e-001
6.885704e+003,1.391467e-001
6.886187e+003,1.287865e-001
6.886668e+003,1.110830e-001
6.887150e+003,8.753019e-002
6.887633e+003,6.057075e-002
6.888115e+003,3.323147e-002
6.888597e+003,8.714193e-003
6.889079e+003,-1.006113e-002
6.889561e+003,-2.095984e-002
6.890043e+003,-2.311944e-002
6.890525e+003,-1.727918e-002
6.891007e+003,-5.779544e-003
6.891490e+003,7.885885e-003
6.891972e+003,1.993851e-002
6.892454e+003,2.739470e-002
6.892936e+003,2.901533e-002
6.893418e+003,2.577108e-002
6.893900e+003,2.060431e-002
6.894382e+003,1.750658e-002
6.894864e+003,2.017896e-002
6.895347e+003,3.070554e-002
6.895829e+003,4.868368e-002
6.896311e+003,7.111605e-002
6.896793e+003,9.312303e-002
6.897275e+003,1.092685e-001
6.897757e+003,1.150936e-001
6.898239e+003,1.083929e-001
6.898722e+003,8.985373e-002
6.899204e+003,6.288221e-002
6.899686e+003,3.268429e-002
6.900168e+003,4.884320e-003
6.900650e+003,-1.590868e-002
6.901132e+003,-2.717628e-002
6.901614e+003,-2.891741e-002
6.902096e+003,-2.334594e-002
6.902579e+003,-1.400498e-002
6.903061e+003,-4.614764e-003
6.903543e+003,1.973850e-003
6.904025e+003,4.418333e-003
6.904507e+003,2.980818e-003
6.904989e+003,-8.594012e-004
6.905471e+003,-5.065642e-003
6.905953e+003,-7.710590e-003
6.906436e+003,-7.438542e-003
6.906917e+003,-3.639844e-003
6.907400e+003,3.607879e-003
6.907882e+003,1.369827e-002
6.908364e+003,2.562900e-002
6.908846e+003,3.806613e-002
6.909328e+003,4.939524e-002
6.909811e+003,5.786524e-002
6.910292e+003,6.189622e-002
6.910774e+003,6.051667e-002
6.911257e+003,5.377469e-002
6.911739e+003,4.291055e-002
6.912221e+003,3.012864e-002
6.912703e+003,1.796354e-002
6.913185e+003,8.432905e-003
6.913667e+003,2.299713e-003
6.914149e+003,-1.233905e-003
6.914632e+003,-4.231704e-003
6.915114e+003,-9.204061e-003
6.915596e+003,-1.807061e-002
6.916078e+003,-3.131847e-002
6.916560e+003,-4.770080e-002
6.917042e+003,-6.460017e-002
6.917524e+003,-7.890390e-002
6.918006e+003,-8.802682e-002
6.918489e+003,-9.066910e-002
6.918971e+003,-8.703022e-002
6.919453e+003,-7.845314e-002
6.919935e+003,-6.671933e-002
6.920417e+003,-5.334337e-002
6.920899e+003,-3.917497e-002
6.921381e+003,-2.443773e-002
6.921863e+003,-9.115713e-003
6.922346e+003,6.557671e-003
6.922828e+003,2.177687e-002
6.923310e+003,3.517065e-002
6.923792e+003,4.512409e-002
6.924274e+003,5.025053e-002
6.924756e+003,4.979054e-002
6.925238e+003,4.377314e-002
6.925721e+003,3.290677e-002
6.926203e+003,1.829751e-002
6.926685e+003,1.155223e-003
6.927167e+003,-1.737970e-002
6.927649e+003,-3.624850e-002
6.928131e+003,-5.438275e-002
6.928613e+003,-7.061824e-002
6.929095e+003,-8.370680e-002
6.929578e+003,-9.245162e-002
6.930060e+003,-9.592248e-002
6.930542e+003,-9.367047e-002
6.931024e+003,-8.587748e-002
6.931506e+003,-7.341876e-002
6.931988e+003,-5.785193e-002
6.932470e+003,-4.134196e-002
6.932952e+003,-2.649820e-002
6.933435e+003,-1.606529e-002
6.933917e+003,-1.242532e-002
6.934398e+003,-1.695054e-002
6.934881e+003,-2.936683e-002
6.935363e+003,-4.738547e-002
6.935845e+003,-6.685621e-002
6.936327e+003,-8.255809e-002
6.936810e+003,-8.950237e-002
6.937292e+003,-8.437869e-002
6.937773e+003,-6.663950e-002
6.938256e+003,-3.878660e-002
6.938738e+003,-5.688452e-003
6.939220e+003,2.687278e-002
6.939702e+003,5.391079e-002
6.940184e+003,7.257656e-002
6.940666e+003,8.265684e-002
6.941148e+003,8.610675e-002
6.941631e+003,8.589009e-002
6.942113e+003,8.466352e-002
6.942595e+003,8.385818e-002
6.943077e+003,8.347639e-002
6.943559e+003,8.257907e-002
6.944041e+003,8.008130e-002
6.944523e+003,7.542170e-002
6.945005e+003,6.876409e-002
6.945487e+003,6.070227e-002
6.945970e+003,5.173451e-002
6.946452e+003,4.190619e-002
6.946934e+003,3.091363e-002
6.947416e+003,1.867304e-002
6.947898e+003,6.044499e-003
6.948380e+003,-4.758919e-003
6.948862e+003,-1.045127e-002
6.949345e+003,-7.693224e-003
6.949827e+003,5.492757e-003
6.950309e+003,2.852132e-002
6.950791e+003,5.785365e-002
6.951273e+003,8.770887e-002
6.951755e+003,1.116984e-001
6.952237e+003,1.247907e-001
6.952720e+003,1.248445e-001
6.953202e+003,1.131211e-001
6.953684e+003,9.360756e-002
6.954166e+003,7.147393e-002
6.954648e+003,5.131573e-002
6.955130e+003,3.586891e-002
6.955612e+003,2.562252e-002
6.956094e+003,1.933770e-002
6.956576e+003,1.510403e-002
6.957059e+003,1.139235e-002
6.957541e+003,7.651194e-003
6.958023e+003,4.274079e-003
6.958505e+003,2.083132e-003
6.958987e+003,1.674575e-003
6.959469e+003,2.972435e-003
6.959951e+003,5.168609e-003
6.960434e+003,7.001815e-003
6.960916e+003,7.172894e-003
6.961397e+003,4.677250e-003
6.961880e+003,-1.055501e-003
6.962362e+003,-1.017640e-002
6.962844e+003,-2.245450e-002
6.963326e+003,-3.722442e-002
6.963809e+003,-5.324280e-002
6.964291e+003,-6.858014e-002
6.964772e+003,-8.072641e-002
6.965255e+003,-8.702053e-002
6.965737e+003,-8.534974e-002
6.966219e+003,-7.489393e-002
6.966701e+003,-5.660720e-002
6.967183e+003,-3.319348e-002
6.967665e+003,-8.522389e-003
6.968147e+003,1.333762e-002
6.968629e+003,2.913197e-002
6.969112e+003,3.712731e-002
6.969594e+003,3.730026e-002
6.970076e+003,3.101601e-002
6.970558e+003,2.040205e-002
6.971040e+003,7.708832e-003
6.971522e+003,-5.108356e-003
6.972004e+003,-1.650362e-002
6.972486e+003,-2.523445e-002
6.972969e+003,-3.021260e-002
6.973451e+003,-3.047543e-002
6.973933e+003,-2.532729e-002
6.974415e+003,-1.465708e-002
6.974897e+003,8.284718e-004
6.975379e+003,1.948192e-002
6.975861e+003,3.883922e-002
6.976344e+003,5.596884e-002
6.976826e+003,6.796208e-002
6.977308e+003,7.245593e-002
6.977790e+003,6.809192e-002
6.978272e+003,5.484417e-002
6.978754e+003,3.416446e-002
6.979236e+003,8.893121e-003
6.979718e+003,-1.711176e-002
6.980201e+003,-3.963489e-002
6.980683e+003,-5.497796e-002
6.981165e+003,-6.086157e-002
6.981647e+003,-5.709049e-002
6.982129e+003,-4.572968e-002
6.982611e+003,-3.065916e-002
6.983093e+003,-1.658025e-002
6.983575e+003,-7.747945e-003
6.984058e+003,-6.823207e-003
6.984540e+003,-1.421353e-002
6.985021e+003,-2.810482e-002
6.985504e+003,-4.514324e-002
6.985986e+003,-6.149999e-002
6.986468e+003,-7.393707e-002
6.986950e+003,-8.053149e-002
6.987433e+003,-8.088243e-002
6.987915e+003,-7.583997e-002
6.988396e+003,-6.695756e-002
6.988879e+003,-5.592594e-002
6.989361e+003,-4.418330e-002
6.989843e+003,-3.277214e-002
6.990325e+003,-2.238682e-002
6.990807e+003,-1.349329e-002
6.991290e+003,-6.413507e-003
6.991771e+003,-1.332840e-003
6.992254e+003,1.740401e-003
6.992736e+003,2.999421e-003
6.993218e+003,2.798449e-003
6.993700e+003,1.548583e-003
6.994182e+003,-4.014501e-004
6.994664e+003,-2.834243e-003
6.995146e+003,-5.643422e-003
6.995628e+003,-8.736017e-003
6.996110e+003,-1.191786e-002
6.996593e+003,-1.483705e-002
6.997075e+003,-1.703617e-002
6.997557e+003,-1.810854e-002
6.998039e+003,-1.789774e-002
6.998521e+003,-1.664874e-002
6.999003e+003,-1.502739e-002
6.999485e+003,-1.397133e-002
6.999968e+003,-1.439956e-002
7.000450e+003,-1.686860e-002
7.000932e+003,-2.129663e-002
7.001414e+003,-2.687198e-002
7.001896e+003,-3.221419e-002
7.002378e+003,-3.577466e-002
7.002860e+003,-3.637269e-002
7.003343e+003,-3.369141e-002
7.003825e+003,-2.853993e-002
7.004307e+003,-2.273936e-002
7.004789e+003,-1.868356e-002
7.005271e+003,-1.832372e-002
7.005753e+003,-2.261454e-002
7.006235e+003,-3.093092e-002
7.006717e+003,-4.109407e-002
7.007199e+003,-4.997487e-002
7.007682e+003,-5.449539e-002
7.008164e+003,-5.266950e-002
7.008646e+003,-4.427984e-002
7.009128e+003,-3.091043e-002
7.009610e+003,-1.530810e-002
7.010092e+003,-3.246300e-004
7.010574e+003,1.212561e-002
7.011057e+003,2.165922e-002
7.011539e+003,2.932864e-002
7.012021e+003,3.689824e-002
7.012503e+003,4.582806e-002
7.012985e+003,5.642547e-002
7.013467e+003,6.754684e-002
7.013949e+003,7.698184e-002
7.014432e+003,8.234856e-002
7.014914e+003,8.210242e-002
7.015396e+003,7.621527e-002
7.015878e+003,6.623492e-002
7.016360e+003,5.470632e-002
7.016842e+003,4.420475e-002
7.017324e+003,3.637772e-002
7.017806e+003,3.136511e-002
7.018288e+003,2.779326e-002
7.018771e+003,2.330813e-002
7.019252e+003,1.542191e-002
7.019735e+003,2.368799e-003
7.020217e+003,-1.629461e-002
7.020699e+003,-3.948957e-002
7.021181e+003,-6.482612e-002
7.021663e+003,-8.913156e-002
7.022146e+003,-1.091484e-001
7.022627e+003,-1.222403e-001
7.023109e+003,-1.269516e-001
7.023592e+003,-1.232935e-001
7.024074e+003,-1.126745e-001
7.024556e+003,-9.747434e-002
7.025038e+003,-8.035658e-002
7.025521e+003,-6.351747e-002
7.026002e+003,-4.811268e-002
7.026484e+003,-3.407118e-002
7.026967e+003,-2.037216e-002
7.027449e+003,-5.682400e-003
7.027931e+003,1.090445e-002
7.028413e+003,2.933720e-002
7.028895e+003,4.851013e-002
7.029377e+003,6.663595e-002
7.029859e+003,8.191691e-002
7.030341e+003,9.321182e-002
7.030824e+003,1.004066e-001
7.031306e+003,1.043417e-001
7.031788e+003,1.063564e-001
7.032270e+003,1.076774e-001
7.032752e+003,1.089270e-001
7.033234e+003,1.099423e-001
7.033716e+003,1.099282e-001
7.034198e+003,1.078212e-001
7.034681e+003,1.026703e-001
7.035163e+003,9.389324e-002
7.035645e+003,8.138056e-002
7.036127e+003,6.545102e-002
7.036609e+003,4.700069e-002
7.037091e+003,2.755860e-002
7.037573e+003,9.311805e-003
7.038056e+003,-5.078362e-003
7.038538e+003,-1.297171e-002
7.039020e+003,-1.250432e-002
7.039502e+003,-3.366850e-003
7.039984e+003,1.273526e-002
7.040466e+003,3.222512e-002
7.040948e+003,5.047169e-002
7.041430e+003,6.306508e-002
7.041913e+003,6.711322e-002
7.042395e+003,6.207977e-002
7.042877e+003,4.984859e-002
7.043359e+003,3.400581e-002
7.043841e+003,1.864092e-002
7.044323e+003,7.137146e-003
7.044805e+003,1.375874e-003
7.045287e+003,1.554071e-003
7.045770e+003,6.531397e-003
7.046251e+003,1.442712e-002
7.046734e+003,2.316193e-002
7.047216e+003,3.077305e-002
7.047698e+003,3.552665e-002
7.048180e+003,3.598421e-002
7.048662e+003,3.117508e-002
7.049145e+003,2.089268e-002
7.049626e+003,5.967340e-003
7.050108e+003,-1.171353e-002
7.050591e+003,-2.958973e-002
7.051073e+003,-4.516450e-002
7.051555e+003,-5.681533e-002
7.052037e+003,-6.429882e-002
7.052520e+003,-6.866347e-002
7.053001e+003,-7.155582e-002
7.053483e+003,-7.421862e-002
7.053966e+003,-7.667310e-002
7.054448e+003,-7.752793e-002
7.054930e+003,-7.457356e-002
7.055412e+003,-6.593096e-002
7.055894e+003,-5.122320e-002
7.056376e+003,-3.218961e-002
7.056858e+003,-1.239512e-002
7.057341e+003,3.897442e-003
7.057822e+003,1.322876e-002
7.058305e+003,1.417278e-002
7.058787e+003,7.771341e-003
7.059269e+003,-2.979612e-003
7.059751e+003,-1.431551e-002
7.060233e+003,-2.300477e-002
7.060715e+003,-2.721421e-002
7.061197e+003,-2.665141e-002
7.061680e+003,-2.207218e-002
7.062162e+003,-1.452954e-002
7.062644e+003,-4.807833e-003
7.063126e+003,6.689413e-003
7.063608e+003,1.962842e-002
7.064090e+003,3.329757e-002
7.064572e+003,4.637785e-002
7.065055e+003,5.713721e-002
7.065537e+003,6.398360e-002
7.066019e+003,6.607953e-002
7.066501e+003,6.403799e-002
7.066983e+003,5.865710e-002
7.067465e+003,5.132542e-002
7.067947e+003,4.310998e-002
7.068430e+003,3.439825e-002
7.068911e+003,2.503870e-002
7.069394e+003,1.490092e-002
7.069876e+003,4.516434e-003
7.070358e+003,-4.617482e-003
7.070840e+003,-1.033120e-002
7.071322e+003,-1.061442e-002
7.071804e+003,-4.611270e-003
7.072286e+003,6.732504e-003
7.072769e+003,2.075280e-002
7.073250e+003,3.392329e-002
7.073732e+003,4.314439e-002
7.074215e+003,4.689719e-002
7.074697e+003,4.573967e-002
7.075179e+003,4.192253e-002
7.075661e+003,3.831264e-002
7.076144e+003,3.712995e-002
7.076625e+003,3.907499e-002
7.077107e+003,4.321413e-002
7.077590e+003,4.760758e-002
7.078072e+003,5.030936e-002
7.078554e+003,5.021197e-002
7.079036e+003,4.732650e-002
7.079519e+003,4.240648e-002
7.080000e+003,3.617661e-002
7.080482e+003,2.863311e-002
7.080965e+003,1.884129e-002
7.081447e+003,5.386119e-003
7.081929e+003,-1.272198e-002
7.082411e+003,-3.514241e-002
7.082893e+003,-5.978316e-002
7.083375e+003,-8.313161e-002
7.083857e+003,-1.012575e-001
7.084339e+003,-1.110955e-001
7.084821e+003,-1.114831e-001
7.085304e+003,-1.035333e-001
7.085786e+003,-9.020679e-002
7.086268e+003,-7.528594e-002
7.086750e+003,-6.218128e-002
7.087232e+003,-5.303903e-002
7.087714e+003,-4.844850e-002
7.088196e+003,-4.777049e-002
7.088679e+003,-4.984897e-002
7.089161e+003,-5.373705e-002
7.089643e+003,-5.911148e-002
7.090125e+003,-6.622816e-002
7.090607e+003,-7.549430e-002
7.091089e+003,-8.690100e-002
7.091571e+003,-9.960608e-002
7.092054e+003,-1.118773e-001
7.092536e+003,-1.214437e-001
7.093018e+003,-1.261286e-001
7.093500e+003,-1.245249e-001
7.093982e+003,-1.164533e-001
7.094464e+003,-1.030250e-001
7.094946e+003,-8.628289e-002
7.095428e+003,-6.854903e-002
7.095910e+003,-5.172742e-002
7.096393e+003,-3.682362e-002
7.096875e+003,-2.386363e-002
7.097356e+003,-1.167912e-002
7.097839e+003,-4.433522e-004
7.098321e+003,9.920912e-003
7.098803e+003,1.867235e-002
7.099285e+003,2.442852e-002
7.099768e+003,2.578082e-002
7.100250e+003,2.209448e-002
7.100731e+003,1.412048e-002
7.101214e+003,4.087913e-003
7.101696e+003,-4.854077e-003
7.102178e+003,-9.689001e-003
7.102660e+003,-8.679779e-003
7.103143e+003,-2.121173e-003
7.103625e+003,7.664789e-003
7.104106e+003,1.715214e-002
7.104589e+003,2.296106e-002
7.105071e+003,2.319172e-002
7.105553e+003,1.817601e-002
7.106035e+003,1.030829e-002
7.106517e+003,3.005294e-003
7.106999e+003,-7.759919e-004
7.107481e+003,1.646734e-004
7.107964e+003,4.714968e-003
7.108445e+003,9.877179e-003
7.108928e+003,1.200498e-002
7.109410e+003,8.340917e-003
7.109892e+003,-1.765578e-003
7.110374e+003,-1.642971e-002
7.110856e+003,-3.172988e-002
7.111338e+003,-4.290956e-002
7.111820e+003,-4.581691e-002
7.112303e+003,-3.808181e-002
7.112785e+003,-1.968839e-002
7.113267e+003,7.136654e-003
7.113749e+003,3.856339e-002
7.114231e+003,7.004752e-002
7.114713e+003,9.721155e-002
7.115195e+003,1.165655e-001
7.115678e+003,1.260207e-001
7.116160e+003,1.251959e-001
7.116642e+003,1.154906e-001
7.117124e+003,9.986459e-002
7.117606e+003,8.226988e-002
7.118088e+003,6.677090e-002
7.118570e+003,5.653034e-002
7.119053e+003,5.295189e-002
7.119534e+003,5.528485e-002
7.120017e+003,6.087374e-002
7.120499e+003,6.601668e-002
7.120981e+003,6.716425e-002
7.121463e+003,6.204793e-002
7.121945e+003,5.033805e-002
7.122427e+003,3.360812e-002
7.122909e+003,1.465293e-002
7.123392e+003,-3.540247e-003
7.123874e+003,-1.874729e-002
7.124355e+003,-3.003138e-002
7.124838e+003,-3.768422e-002
7.125320e+003,-4.268349e-002
7.125802e+003,-4.595149e-002
7.126284e+003,-4.774869e-002
7.126767e+003,-4.744661e-002
7.127249e+003,-4.374598e-002
7.127730e+003,-3.522468e-002
7.128213e+003,-2.098641e-002
7.128695e+003,-1.166483e-003
7.129177e+003,2.287432e-002
7.129659e+003,4.868783e-002
7.130142e+003,7.317384e-002
7.130623e+003,9.318558e-002
7.131105e+003,1.061600e-001
7.131588e+003,1.106353e-001
7.132070e+003,1.065434e-001
7.132552e+003,9.520589e-002
7.133034e+003,7.902216e-002
7.133516e+003,6.090968e-002
7.133998e+003,4.363590e-002
7.134480e+003,2.922876e-002
7.134962e+003,1.864650e-002
7.135444e+003,1.181068e-002
7.135927e+003,7.975738e-003
7.136409e+003,6.277758e-003
7.136891e+003,6.228913e-003
7.137373e+003,7.945216e-003
7.137855e+003,1.200745e-002
7.138337e+003,1.901659e-002
7.138819e+003,2.904261e-002
7.139302e+003,4.122183e-002
7.139784e+003,5.369999e-002
7.140266e+003,6.397209e-002
7.140748e+003,6.950303e-002
7.141230e+003,6.840044e-002
7.141712e+003,5.990341e-002
7.142194e+003,4.454124e-002
7.142677e+003,2.395440e-002
7.143159e+003,4.909866e-004
7.143641e+003,-2.325564e-002
7.144123e+003,-4.482558e-002
7.144605e+003,-6.212506e-002
7.145087e+003,-7.353590e-002
7.145569e+003,-7.797454e-002
7.146051e+003,-7.496595e-002
7.146533e+003,-6.474612e-002
7.147016e+003,-4.834715e-002
7.147498e+003,-2.758763e-002
7.147980e+003,-4.907166e-003
7.148462e+003,1.696247e-002
7.148944e+003,3.543192e-002
7.149426e+003,4.849462e-002
7.149908e+003,5.506466e-002
7.150391e+003,5.513366e-002
7.150873e+003,4.971489e-002
7.151354e+003,4.059141e-002
7.151837e+003,2.992051e-002
7.152319e+003,1.976742e-002
7.152801e+003,1.165421e-002
7.153283e+003,6.214403e-003
7.153766e+003,3.041434e-003
7.154248e+003,7.970690e-004
7.154729e+003,-2.405401e-003
7.155212e+003,-8.406243e-003
7.155694e+003,-1.834028e-002
7.156176e+003,-3.211462e-002
7.156658e+003,-4.821234e-002
7.157140e+003,-6.392255e-002
7.157622e+003,-7.595820e-002
7.158104e+003,-8.128482e-002
7.158587e+003,-7.790478e-002
7.159069e+003,-6.510252e-002
7.159551e+003,-4.429120e-002
7.160033e+003,-1.780296e-002
7.160515e+003,1.148299e-002
7.160997e+003,4.079002e-002
7.161479e+003,6.788539e-002
7.161961e+003,9.120765e-002
7.162443e+003,1.097191e-001
7.162926e+003,1.226363e-001
7.163408e+003,1.292187e-001
7.163890e+003,1.287410e-001
7.164372e+003,1.206680e-001
7.164854e+003,1.049480e-001
7.165336e+003,8.228960e-002
7.165818e+003,5.429539e-002
7.166301e+003,2.338657e-002
7.166783e+003,-7.472619e-003
7.167265e+003,-3.518532e-002
7.167747e+003,-5.698021e-002
7.168229e+003,-7.083760e-002
7.168711e+003,-7.582146e-002
7.169193e+003,-7.226671e-002
7.169676e+003,-6.177700e-002
7.170158e+003,-4.699614e-002
7.170640e+003,-3.114827e-002
7.171122e+003,-1.740026e-002
7.171604e+003,-8.172959e-003
7.172086e+003,-4.584902e-003
7.172568e+003,-6.215210e-003
7.173050e+003,-1.130112e-002
7.173532e+003,-1.734447e-002
7.174015e+003,-2.194200e-002
7.174497e+003,-2.354609e-002
7.174979e+003,-2.186824e-002
7.175461e+003,-1.777071e-002
7.175943e+003,-1.270535e-002
7.176425e+003,-7.960751e-003
7.176907e+003,-4.072431e-003
7.177390e+003,-6.845522e-004
7.177872e+003,3.057846e-003
7.178354e+003,7.767398e-003
7.178836e+003,1.309732e-002
7.179318e+003,1.744673e-002
7.179800e+003,1.832174e-002
7.180282e+003,1.329061e-002
7.180765e+003,1.171937e-003
7.181247e+003,-1.707053e-002
7.181729e+003,-3.818746e-002
7.182211e+003,-5.742710e-002
7.182693e+003,-7.000979e-002
7.183175e+003,-7.274076e-002
7.183657e+003,-6.512086e-002
7.184139e+003,-4.951013e-002
7.184621e+003,-3.028083e-002
7.185104e+003,-1.230363e-002
7.185586e+003,6.348219e-004
7.186067e+003,6.879093e-003
7.186550e+003,7.059534e-003
7.187032e+003,3.384526e-003
7.187514e+003,-1.540896e-003
7.187996e+003,-5.814246e-003
7.188479e+003,-8.788095e-003
7.188960e+003,-1.090939e-002
7.189442e+003,-1.303125e-002
7.189925e+003,-1.551434e-002
7.190407e+003,-1.812828e-002
7.190889e+003,-1.975758e-002
7.191371e+003,-1.915223e-002
7.191854e+003,-1.570916e-002
7.192335e+003,-9.990605e-003
7.192817e+003,-3.682611e-003
7.193300e+003,1.026138e-003
7.193782e+003,2.375989e-003
7.194264e+003,-1.506346e-004
7.194746e+003,-5.517504e-003
7.195228e+003,-1.147882e-002
7.195710e+003,-1.543280e-002
7.196192e+003,-1.541361e-002
7.196675e+003,-1.080212e-002
7.197156e+003,-2.480389e-003
7.197639e+003,7.592179e-003
7.198121e+003,1.715854e-002
7.198603e+003,2.445132e-002
7.199085e+003,2.867180e-002
7.199567e+003,3.000917e-002
7.200049e+003,2.925814e-002
7.200531e+003,2.725566e-002
7.201014e+003,2.440616e-002
7.201496e+003,2.049302e-002
7.201978e+003,1.483263e-002
7.202460e+003,6.681951e-003
7.202942e+003,-4.278585e-003
7.203424e+003,-1.757841e-002
7.203906e+003,-3.184523e-002
7.204389e+003,-4.499953e-002
7.204871e+003,-5.471088e-002
7.205353e+003,-5.899471e-002
7.205835e+003,-5.678198e-002
7.206317e+003,-4.828813e-002
7.206799e+003,-3.504876e-002
7.207281e+003,-1.957551e-002
7.207764e+003,-4.701012e-003
7.208245e+003,7.201456e-003
7.208728e+003,1.487052e-002
7.209210e+003,1.844240e-002
7.209692e+003,1.924805e-002
7.210174e+003,1.918189e-002
7.210656e+003,1.988239e-002
7.211138e+003,2.205697e-002
7.211620e+003,2.523275e-002
7.212103e+003,2.802983e-002
7.212584e+003,2.881223e-002
7.213066e+003,2.639119e-002
7.213549e+003,2.043360e-002
7.214031e+003,1.138525e-002
7.214513e+003,-1.906459e-005
7.214995e+003,-1.334987e-002
7.215478e+003,-2.879645e-002
7.215959e+003,-4.694749e-002
7.216441e+003,-6.808259e-002
7.216924e+003,-9.132418e-002
7.217406e+003,-1.141521e-001
7.217888e+003,-1.326772e-001
7.218370e+003,-1.427350e-001
7.218853e+003,-1.414376e-001
7.219334e+003,-1.285268e-001
7.219816e+003,-1.068570e-001
7.220299e+003,-8.166533e-002
7.220781e+003,-5.883297e-002
7.221263e+003,-4.271102e-002
7.221745e+003,-3.473618e-002
7.222227e+003,-3.306937e-002
7.222709e+003,-3.370472e-002
7.223191e+003,-3.250097e-002
7.223673e+003,-2.722958e-002
7.224155e+003,-1.870267e-002
7.224638e+003,-1.043300e-002
7.225120e+003,-6.929019e-003
7.225602e+003,-1.135968e-002
7.226084e+003,-2.365221e-002
7.226566e+003,-3.993963e-002
7.227048e+003,-5.370168e-002
7.227530e+003,-5.819255e-002
7.228013e+003,-4.916862e-002
7.228495e+003,-2.678497e-002
7.228977e+003,4.130518e-003
7.229459e+003,3.555651e-002
7.229941e+003,5.895559e-002
7.230423e+003,6.814887e-002
7.230905e+003,6.134000e-002
7.231388e+003,4.158434e-002
7.231870e+003,1.559934e-002
7.232352e+003,-8.567073e-003
7.232834e+003,-2.410237e-002
7.233316e+003,-2.731048e-002
7.233798e+003,-1.824393e-002
7.234280e+003,-5.379850e-005
7.234762e+003,2.251257e-002
7.235244e+003,4.481558e-002
7.235727e+003,6.363421e-002
7.236209e+003,7.773694e-002
7.236691e+003,8.767603e-002
7.237173e+003,9.502440e-002
7.237655e+003,1.014092e-001
7.238137e+003,1.076912e-001
7.238619e+003,1.135332e-001
7.239102e+003,1.174374e-001
7.239583e+003,1.171915e-001
7.240065e+003,1.105614e-001
7.240548e+003,9.602908e-002
7.241030e+003,7.338053e-002
7.241512e+003,4.398534e-002
7.241994e+003,1.068160e-002
7.242477e+003,-2.272226e-002
7.242958e+003,-5.220782e-002
7.243440e+003,-7.436211e-002
7.243923e+003,-8.701723e-002
7.244405e+003,-8.954226e-002
7.244887e+003,-8.273396e-002
7.245369e+003,-6.838794e-002
7.245851e+003,-4.872658e-002
7.246333e+003,-2.588440e-002
7.246815e+003,-1.600772e-003
7.247298e+003,2.282696e-002
7.247780e+003,4.638417e-002
7.248262e+003,6.809852e-002
7.248744e+003,8.685904e-002
7.249226e+003,1.013906e-001
7.249708e+003,1.104024e-001
7.250190e+003,1.128532e-001
7.250672e+003,1.082357e-001
7.251154e+003,9.678311e-002
7.251637e+003,7.966860e-002
7.252119e+003,5.851547e-002
7.252601e+003,3.562826e-002
7.253083e+003,1.358989e-002
7.253565e+003,-5.056807e-003
7.254047e+003,-1.814425e-002
7.254529e+003,-2.419986e-002
7.255012e+003,-2.270497e-002
7.255494e+003,-1.422947e-002
7.255976e+003,-3.820130e-004
7.256458e+003,1.645497e-002
7.256940e+003,3.357682e-002
7.257422e+003,4.850046e-002
7.257904e+003,5.945970e-002
7.258387e+003,6.570894e-002
7.258869e+003,6.754211e-002
7.259351e+003,6.602168e-002
7.259833e+003,6.250890e-002
7.260315e+003,5.815188e-002
7.260797e+003,5.349879e-002
7.261279e+003,4.835467e-002
7.261761e+003,4.191531e-002
7.262243e+003,3.311951e-002
7.262726e+003,2.109750e-002
7.263208e+003,5.572634e-003
7.263689e+003,-1.290215e-002
7.264172e+003,-3.293889e-002
7.264654e+003,-5.254357e-002
7.265136e+003,-6.952630e-002
7.265618e+003,-8.199730e-002
7.266101e+003,-8.882834e-002
7.266583e+003,-8.995621e-002
7.267064e+003,-8.642881e-002
7.267547e+003,-8.015179e-002
7.268029e+003,-7.337466e-002
7.268511e+003,-6.804363e-002
7.268993e+003,-6.520971e-002
7.269476e+003,-6.468803e-002
7.269958e+003,-6.510361e-002
7.270439e+003,-6.433858e-002
7.270922e+003,-6.025675e-002
7.271404e+003,-5.147213e-002
7.271886e+003,-3.789898e-002
7.272368e+003,-2.088699e-002
7.272850e+003,-2.891685e-003
7.273332e+003,1.320706e-002
7.273814e+003,2.490328e-002
7.274297e+003,3.071656e-002
7.274778e+003,3.050301e-002
7.275261e+003,2.536686e-002
7.275743e+003,1.725011e-002
7.276225e+003,8.366887e-003
7.276707e+003,6.568682e-004
7.277189e+003,-4.618437e-003
7.277671e+003,-7.087635e-003
7.278153e+003,-7.294632e-003
7.278636e+003,-6.558346e-003
7.279118e+003,-6.679267e-003
7.279600e+003,-9.503716e-003
7.280082e+003,-1.638937e-002
7.280564e+003,-2.768203e-002
7.281046e+003,-4.237619e-002
7.281528e+003,-5.813961e-002
7.282011e+003,-7.179829e-002
7.282493e+003,-8.017845e-002
7.282975e+003,-8.128698e-002
7.283457e+003,-7.481783e-002
7.283939e+003,-6.247246e-002
7.284421e+003,-4.745702e-002
7.284903e+003,-3.338301e-002
7.285386e+003,-2.296104e-002
7.285867e+003,-1.700401e-002
7.286350e+003,-1.416721e-002
7.286832e+003,-1.156601e-002
7.287314e+003,-6.043039e-003
7.287796e+003,4.427815e-003
7.288278e+003,1.978183e-002
7.288760e+003,3.774493e-002
7.289242e+003,5.459499e-002
7.289725e+003,6.647064e-002
7.290207e+003,7.067864e-002
7.290688e+003,6.648557e-002
7.291171e+003,5.513771e-002
7.291653e+003,3.920578e-002
7.292135e+003,2.162470e-002
7.292617e+003,4.876816e-003
7.293100e+003,-9.372327e-003
7.293582e+003,-2.014713e-002
7.294063e+003,-2.676657e-002
7.294546e+003,-2.852173e-002
7.295028e+003,-2.468730e-002
7.295510e+003,-1.489984e-002
7.295992e+003,3.083835e-004
7.296475e+003,1.915580e-002
7.296956e+003,3.871265e-002
7.297438e+003,5.551829e-002
7.297921e+003,6.651994e-002
7.298403e+003,6.996260e-002
7.298885e+003,6.585711e-002
7.299367e+003,5.582825e-002
7.299849e+003,4.242042e-002
7.300331e+003,2.817609e-002
7.300813e+003,1.488631e-002
7.301295e+003,3.303908e-003
7.301777e+003,-6.624673e-003
7.302260e+003,-1.519479e-002
7.302742e+003,-2.236447e-002
7.303224e+003,-2.745344e-002
7.303706e+003,-2.925532e-002
7.304188e+003,-2.649611e-002
7.304670e+003,-1.841891e-002
7.305152e+003,-5.234508e-003
7.305635e+003,1.174572e-002
7.306117e+003,3.033086e-002
7.306599e+003,4.791749e-002
7.307081e+003,6.201424e-002
7.307563e+003,7.065142e-002
7.308045e+003,7.258464e-002
7.308527e+003,6.730736e-002
7.309010e+003,5.495192e-002
7.309492e+003,3.617087e-002
7.309974e+003,1.205174e-002
7.310456e+003,-1.593229e-002
7.310938e+003,-4.596807e-002
7.311420e+003,-7.598189e-002
7.311902e+003,-1.037723e-001
7.312384e+003,-1.271915e-001
7.312866e+003,-1.443560e-001
7.313349e+003,-1.537501e-001
7.313831e+003,-1.547569e-001
7.314313e+003,-1.474206e-001
7.314795e+003,-1.325989e-001
7.315277e+003,-1.118673e-001
7.315759e+003,-8.728734e-002
7.316241e+003,-6.108166e-002
7.316724e+003,-3.530230e-002
7.317206e+003,-1.159283e-002
7.317688e+003,8.889174e-003
7.318170e+003,2.539418e-002
7.318652e+003,3.742706e-002
7.319134e+003,4.463336e-002
7.319616e+003,4.681557e-002
7.320099e+003,4.408675e-002
7.320581e+003,3.707383e-002
7.321063e+003,2.702476e-002
7.321545e+003,1.569476e-002
7.322027e+003,4.982299e-003
7.322509e+003,-3.581664e-003
7.322991e+003,-9.286959e-003
7.323473e+003,-1.242558e-002
7.323955e+003,-1.408579e-002
7.324438e+003,-1.561323e-002
7.324920e+003,-1.795010e-002
7.325401e+003,-2.112748e-002
7.325884e+003,-2.412536e-002
7.326366e+003,-2.516133e-002
7.326848e+003,-2.229131e-002
7.327330e+003,-1.408328e-002
7.327813e+003,-1.066007e-004
7.328294e+003,1.892517e-002
7.328776e+003,4.136327e-002
7.329259e+003,6.504997e-002
7.329741e+003,8.777495e-002
7.330223e+003,1.076226e-001
7.330705e+003,1.231711e-001
7.331188e+003,1.335872e-001
7.331669e+003,1.386803e-001
7.332151e+003,1.389384e-001
7.332634e+003,1.355040e-001
7.333116e+003,1.300216e-001
7.333598e+003,1.243234e-001
7.334080e+003,1.200011e-001
7.334562e+003,1.179969e-001
7.335044e+003,1.183715e-001
7.335526e+003,1.203507e-001
7.336009e+003,1.226307e-001
7.336490e+003,1.238016e-001
7.336973e+003,1.226958e-001
7.337455e+003,1.185234e-001
7.337937e+003,1.107911e-001
7.338419e+003,9.913991e-002
7.338901e+003,8.329640e-002
7.339383e+003,6.326631e-002
7.339865e+003,3.973197e-002
7.340348e+003,1.443589e-002
7.340830e+003,-9.743595e-003
7.341312e+003,-2.923192e-002
7.341794e+003,-4.069292e-002
7.342276e+003,-4.217704e-002
7.342758e+003,-3.403331e-002
7.343240e+003,-1.915348e-002
7.343723e+003,-2.336126e-003
7.344205e+003,1.111140e-002
7.344687e+003,1.696034e-002
7.345169e+003,1.340706e-002
7.345651e+003,1.526630e-003
7.346133e+003,-1.525849e-002
7.346615e+003,-3.245571e-002
7.347098e+003,-4.600078e-002
7.347579e+003,-5.340574e-002
7.348062e+003,-5.417393e-002
7.348544e+003,-4.943143e-002
7.349026e+003,-4.105315e-002
7.349508e+003,-3.073709e-002
7.349990e+003,-1.943483e-002
7.350472e+003,-7.319384e-003
7.350954e+003,5.810110e-003
7.351437e+003,1.997973e-002
7.351918e+003,3.466555e-002
7.352400e+003,4.877617e-002
7.352883e+003,6.097190e-002
7.353365e+003,7.013067e-002
7.353847e+003,7.571946e-002
7.354329e+003,7.790498e-002
7.354812e+003,7.739113e-002
7.355293e+003,7.511111e-002
7.355775e+003,7.196190e-002
7.356258e+003,6.871545e-002
7.356740e+003,6.611542e-002
7.357222e+003,6.504061e-002
7.357704e+003,6.656271e-002
7.358187e+003,7.177284e-002
7.358668e+003,8.137723e-002
7.359150e+003,9.519957e-002
7.359633e+003,1.118114e-001
7.360115e+003,1.284968e-001
7.360597e+003,1.416479e-001
7.361079e+003,1.475194e-001
7.361561e+003,1.431286e-001
7.362043e+003,1.270191e-001
7.362525e+003,9.965588e-002
7.363007e+003,6.334708e-002
7.363489e+003,2.174943e-002
7.363972e+003,-2.086964e-002
7.364454e+003,-6.039183e-002
7.364936e+003,-9.344789e-002
7.365418e+003,-1.177642e-001
7.365900e+003,-1.322635e-001
7.366382e+003,-1.369939e-001
7.366864e+003,-1.329793e-001
7.367347e+003,-1.220441e-001
7.367829e+003,-1.066203e-001
7.368311e+003,-8.949941e-002
7.368793e+003,-7.349771e-002
7.369275e+003,-6.104534e-002
7.369757e+003,-5.377326e-002
7.370239e+003,-5.221756e-002
7.370722e+003,-5.575392e-002
7.371204e+003,-6.281202e-002
7.371686e+003,-7.131734e-002
7.372168e+003,-7.921472e-002
7.372650e+003,-8.489119e-002
7.373132e+003,-8.735783e-002
7.373614e+003,-8.615948e-002
7.374096e+003,-8.110850e-002
7.374578e+003,-7.202253e-002
7.375061e+003,-5.861296e-002
7.375543e+003,-4.074417e-002
7.376025e+003,-1.870509e-002
7.376507e+003,6.409569e-003
7.376989e+003,3.257276e-002
7.377471e+003,5.705813e-002
7.377953e+003,7.700063e-002
7.378436e+003,9.009187e-002
7.378917e+003,9.514010e-002
7.379399e+003,9.227019e-002
7.379882e+003,8.269561e-002
7.380364e+003,6.818517e-002
7.380846e+003,5.048164e-002
7.381328e+003,3.093692e-002
7.381811e+003,1.050148e-002
7.382292e+003,-9.988314e-003
7.382774e+003,-2.944129e-002
7.383257e+003,-4.631770e-002
7.383739e+003,-5.876739e-002
7.384221e+003,-6.507111e-002
7.384703e+003,-6.418702e-002
7.385185e+003,-5.614005e-002
7.385667e+003,-4.206850e-002
7.386149e+003,-2.391432e-002
7.386632e+003,-3.917841e-003
7.387114e+003,1.583930e-002
7.387596e+003,3.365446e-002
7.388078e+003,4.815616e-002
7.388560e+003,5.812884e-002
7.389042e+003,6.243028e-002
7.389524e+003,6.016219e-002
7.390006e+003,5.108096e-002
7.390488e+003,3.604870e-002
7.390971e+003,1.723599e-002
7.391453e+003,-2.141654e-003
7.391935e+003,-1.856186e-002
7.392417e+003,-2.917084e-002
7.392899e+003,-3.260786e-002
7.393381e+003,-2.932386e-002
7.393863e+003,-2.125290e-002
7.394346e+003,-1.098733e-002
7.394828e+003,-8.296694e-004
7.395310e+003,7.867567e-003
7.395792e+003,1.482188e-002
7.396274e+003,2.042466e-002
7.396756e+003,2.509999e-002
7.397238e+003,2.878818e-002
7.397721e+003,3.082843e-002
7.398203e+003,3.027990e-002
7.398685e+003,2.647689e-002
7.399167e+003,1.949179e-002
7.399649e+003,1.024241e-002
7.400131e+003,1.873958e-004
7.400613e+003,-9.217713e-003
7.401095e+003,-1.700443e-002
7.401577e+003,-2.286187e-002
7.402060e+003,-2.692598e-002
7.402542e+003,-2.934221e-002
7.403023e+003,-2.988747e-002
7.403506e+003,-2.790519e-002
7.403988e+003,-2.262520e-002
7.404470e+003,-1.371272e-002
7.404952e+003,-1.745356e-003
7.405435e+003,1.166339e-002
7.405917e+003,2.421813e-002
7.406398e+003,3.352181e-002
7.406881e+003,3.787368e-002
7.407363e+003,3.662886e-002
7.407845e+003,3.017044e-002
7.408327e+003,1.953003e-002
7.408810e+003,5.912208e-003
7.409292e+003,-9.598127e-003
7.409773e+003,-2.600569e-002
7.410256e+003,-4.213168e-002
7.410738e+003,-5.634891e-002
7.411220e+003,-6.659728e-002
7.411702e+003,-7.080131e-002
7.412184e+003,-6.756891e-002
7.412666e+003,-5.685082e-002
7.413148e+003,-4.020304e-002
7.413631e+003,-2.044899e-002
7.414112e+003,-8.180152e-004
7.414595e+003,1.610452e-002
7.415077e+003,2.916978e-002
7.415559e+003,3.885929e-002
7.416041e+003,4.680779e-002
7.416523e+003,5.489298e-002
7.417005e+003,6.432112e-002
7.417487e+003,7.511924e-002
7.417970e+003,8.622814e-002
7.418452e+003,9.609013e-002
7.418934e+003,1.033975e-001
7.419416e+003,1.076180e-001
7.419898e+003,1.090567e-001
7.420380e+003,1.084718e-001
7.420862e+003,1.064911e-001
7.421345e+003,1.031739e-001
7.421827e+003,9.796742e-002
7.422309e+003,9.008619e-002
7.422791e+003,7.911130e-002
7.423273e+003,6.548408e-002
7.423755e+003,5.061762e-002
7.424237e+003,3.653087e-002
7.424720e+003,2.513956e-002
7.425201e+003,1.750029e-002
7.425684e+003,1.333333e-002
7.426166e+003,1.103321e-002
7.426648e+003,8.175366e-003
7.427130e+003,2.331792e-003
7.427612e+003,-8.096796e-003
7.428094e+003,-2.331108e-002
7.428576e+003,-4.197137e-002
7.429059e+003,-6.149926e-002
7.429541e+003,-7.870678e-002
7.430022e+003,-9.056537e-002
7.430505e+003,-9.491585e-002
7.430987e+003,-9.095991e-002
7.431469e+003,-7.943588e-002
7.431951e+003,-6.245526e-002
7.432434e+003,-4.304715e-002
7.432916e+003,-2.452295e-002
7.433397e+003,-9.813421e-003
7.433880e+003,-9.323140e-004
7.434362e+003,1.322840e-003
7.434844e+003,-2.599868e-003
7.435326e+003,-1.119861e-002
7.435809e+003,-2.223469e-002
7.436290e+003,-3.307964e-002
7.436772e+003,-4.104948e-002
7.437255e+003,-4.373969e-002
7.437737e+003,-3.936579e-002
7.438219e+003,-2.717109e-002
7.438701e+003,-7.789684e-003
7.439183e+003,1.657750e-002
7.439665e+003,4.234206e-002
7.440147e+003,6.514877e-002
7.440629e+003,8.085763e-002
7.441111e+003,8.662229e-002
7.441594e+003,8.169566e-002
7.442076e+003,6.763625e-002
7.442558e+003,4.779073e-002
7.443040e+003,2.621197e-002
7.443522e+003,6.416029e-003
7.444004e+003,-9.538447e-003
7.444486e+003,-2.129920e-002
7.444969e+003,-2.974980e-002
7.445451e+003,-3.609848e-002
7.445933e+003,-4.100209e-002
7.446415e+003,-4.416385e-002
7.446897e+003,-4.459426e-002
7.447379e+003,-4.137832e-002
7.447861e+003,-3.452595e-002
7.448344e+003,-2.542649e-002
7.448826e+003,-1.662107e-002
7.449308e+003,-1.095079e-002
7.449790e+003,-1.046481e-002
7.450272e+003,-1.560462e-002
7.450754e+003,-2.505389e-002
7.451236e+003,-3.632058e-002
7.451718e+003,-4.676558e-002
7.452200e+003,-5.458418e-002
7.452683e+003,-5.928861e-002
7.453165e+003,-6.150715e-002
7.453647e+003,-6.227253e-002
7.454129e+003,-6.223196e-002
7.454611e+003,-6.123519e-002
7.455093e+003,-5.853279e-002
7.455575e+003,-5.346626e-002
7.456058e+003,-4.624256e-002
7.456540e+003,-3.831466e-002
7.457021e+003,-3.207811e-002
7.457504e+003,-2.995086e-002
7.457986e+003,-3.324378e-002
7.458468e+003,-4.137389e-002
7.458950e+003,-5.183901e-002
7.459433e+003,-6.102476e-002
7.459915e+003,-6.552279e-002
7.460396e+003,-6.339526e-002
7.460879e+003,-5.483973e-002
7.461361e+003,-4.198484e-002
7.461843e+003,-2.794077e-002
7.462325e+003,-1.555701e-002
7.462807e+003,-6.441087e-003
7.463289e+003,-6.301983e-004
7.463771e+003,3.026016e-003
7.464254e+003,6.044142e-003
7.464736e+003,9.488893e-003
7.465218e+003,1.354051e-002
7.465700e+003,1.759198e-002
7.466182e+003,2.073858e-002
7.466664e+003,2.234278e-002
7.467146e+003,2.236094e-002
7.467628e+003,2.130658e-002
7.468110e+003,1.982341e-002
7.468593e+003,1.829830e-002
7.469075e+003,1.659968e-002
7.469557e+003,1.414642e-002
7.470039e+003,1.024068e-002
7.470521e+003,4.470721e-003
7.471003e+003,-3.034899e-003
7.471485e+003,-1.162147e-002
7.471968e+003,-2.035639e-002
7.472450e+003,-2.835524e-002
7.472932e+003,-3.501036e-002
7.473414e+003,-4.002538e-002
7.473896e+003,-4.328748e-002
7.474378e+003,-4.470109e-002
7.474860e+003,-4.411368e-002
7.475343e+003,-4.138372e-002
7.475825e+003,-3.653009e-002
7.476307e+003,-2.983279e-002
7.476789e+003,-2.177616e-002
7.477271e+003,-1.282659e-002
7.477753e+003,-3.159591e-003
7.478235e+003,7.486454e-003
7.478717e+003,1.969376e-002
7.479199e+003,3.398402e-002
7.479682e+003,5.032752e-002
7.480164e+003,6.778782e-002
7.480646e+003,8.451074e-002
7.481128e+003,9.811798e-002
7.481610e+003,1.063701e-001
7.482092e+003,1.078294e-001
7.482574e+003,1.022446e-001
7.483057e+003,9.050794e-002
7.483539e+003,7.423025e-002
7.484021e+003,5.515248e-002
7.484503e+003,3.466457e-002
7.484985e+003,1.362585e-002
7.485467e+003,-7.486879e-003
7.485949e+003,-2.824369e-002
7.486432e+003,-4.795498e-002
7.486914e+003,-6.556604e-002
7.487396e+003,-7.979467e-002
7.487878e+003,-8.941540e-002
7.488360e+003,-9.352724e-002
7.488842e+003,-9.167879e-002
7.489324e+003,-8.383139e-002
7.489806e+003,-7.025029e-002
7.490288e+003,-5.145110e-002
7.490771e+003,-2.827260e-002
7.491253e+003,-2.030629e-003
7.491734e+003,2.539117e-002
7.492217e+003,5.166920e-002
7.492699e+003,7.444488e-002
7.493181e+003,9.190630e-002
7.493663e+003,1.033135e-001
7.494146e+003,1.092116e-001
7.494627e+003,1.111901e-001
7.495109e+003,1.112523e-001
7.495592e+003,1.110478e-001
7.496074e+003,1.113012e-001
7.496556e+003,1.116800e-001
7.497038e+003,1.111407e-001
7.497521e+003,1.085594e-001
7.498002e+003,1.033265e-001
7.498484e+003,9.558534e-002
7.498967e+003,8.615039e-002
7.499449e+003,7.595920e-002
7.499931e+003,6.558761e-002
7.500413e+003,5.499556e-002
7.500895e+003,4.366334e-002
7.501377e+003,3.103831e-002
7.501859e+003,1.704403e-002
7.502342e+003,2.372324e-003
7.502823e+003,-1.159892e-002
7.503306e+003,-2.321455e-002
7.503788e+003,-3.105943e-002
7.504270e+003,-3.432387e-002
7.504752e+003,-3.285920e-002
7.505234e+003,-2.695457e-002
7.505716e+003,-1.702647e-002
7.506198e+003,-3.459021e-003
7.506681e+003,1.326990e-002
7.507163e+003,3.223140e-002
7.507645e+003,5.168520e-002
7.508127e+003,6.899380e-002
7.508609e+003,8.098277e-002
7.509091e+003,8.470134e-002
7.509573e+003,7.832670e-002
7.510056e+003,6.185399e-002
7.510538e+003,3.728472e-002
7.511020e+003,8.230896e-003
7.511502e+003,-2.091259e-002
7.511984e+003,-4.592476e-002
7.512466e+003,-6.354152e-002
7.512948e+003,-7.189281e-002
7.513431e+003,-7.059630e-002
7.513912e+003,-6.062985e-002
7.514395e+003,-4.411653e-002
7.514877e+003,-2.407123e-002
7.515359e+003,-4.056368e-003
7.515841e+003,1.234151e-002
7.516323e+003,2.222962e-002
7.516805e+003,2.418435e-002
7.517287e+003,1.881044e-002
7.517770e+003,8.788735e-003
7.518251e+003,-1.739657e-003
7.518733e+003,-8.342254e-003
7.519216e+003,-7.645164e-003
7.519698e+003,1.628888e-003
7.520180e+003,1.833194e-002
7.520662e+003,3.938805e-002
7.521145e+003,6.089094e-002
7.521626e+003,7.933239e-002
7.522108e+003,9.246233e-002
7.522591e+003,9.948235e-002
7.523073e+003,1.006073e-001
7.523555e+003,9.633272e-002
7.524037e+003,8.686221e-002
7.524520e+003,7.202739e-002
7.525001e+003,5.173982e-002
7.525483e+003,2.670344e-002
7.525966e+003,-1.048895e-003
7.526448e+003,-2.816514e-002
7.526930e+003,-5.063990e-002
7.527412e+003,-6.492194e-002
7.527894e+003,-6.902459e-002
7.528376e+003,-6.318371e-002
7.528858e+003,-4.979984e-002
7.529340e+003,-3.270522e-002
7.529822e+003,-1.605227e-002
7.530305e+003,-3.275948e-003
7.530787e+003,3.585399e-003
7.531269e+003,4.057042e-003
7.531751e+003,-1.005277e-003
7.532233e+003,-9.821104e-003
7.532715e+003,-2.005950e-002
7.533197e+003,-2.910966e-002
7.533680e+003,-3.431747e-002
7.534162e+003,-3.331444e-002
7.534644e+003,-2.450089e-002
7.535126e+003,-7.599315e-003
7.535608e+003,1.594193e-002
7.536090e+003,4.294496e-002
7.536572e+003,6.904019e-002
7.537055e+003,8.967698e-002
7.537537e+003,1.013226e-001
7.538019e+003,1.024527e-001
7.538501e+003,9.398249e-002
7.538983e+003,7.898330e-002
7.539465e+003,6.178612e-002
7.539947e+003,4.678521e-002
7.540429e+003,3.733264e-002
7.540911e+003,3.503685e-002
7.541394e+003,3.959752e-002
7.541876e+003,4.911628e-002
7.542357e+003,6.069885e-002
7.542840e+003,7.114664e-002
7.543322e+003,7.759669e-002
7.543804e+003,7.804937e-002
7.544286e+003,7.176896e-002
7.544769e+003,5.952903e-002
7.545250e+003,4.363338e-002
7.545732e+003,2.761884e-002
7.546215e+003,1.559081e-002
7.546697e+003,1.125517e-002
7.547179e+003,1.685908e-002
7.547661e+003,3.236258e-002
7.548144e+003,5.516533e-002
7.548625e+003,8.057898e-002
7.549107e+003,1.029929e-001
7.549590e+003,1.174190e-001
7.550072e+003,1.209234e-001
7.550554e+003,1.134480e-001
7.551036e+003,9.770538e-002
7.551518e+003,7.815019e-002
7.552000e+003,5.936586e-002
7.552482e+003,4.443857e-002
7.552965e+003,3.391562e-002
7.553446e+003,2.574738e-002
7.553929e+003,1.625499e-002
7.554411e+003,1.783393e-003
7.554893e+003,-1.957171e-002
7.555375e+003,-4.682316e-002
7.555857e+003,-7.600445e-002
7.556339e+003,-1.012192e-001
7.556821e+003,-1.164833e-001
7.557304e+003,-1.177034e-001
7.557786e+003,-1.040735e-001
7.558268e+003,-7.838627e-002
7.558750e+003,-4.615914e-002
7.559232e+003,-1.390936e-002
7.559714e+003,1.279618e-002
7.560196e+003,3.083128e-002
7.560679e+003,4.008656e-002
7.561161e+003,4.295542e-002
7.561643e+003,4.307438e-002
7.562125e+003,4.382517e-002
7.562607e+003,4.717614e-002
7.563089e+003,5.324017e-002
7.563571e+003,6.060721e-002
7.564054e+003,6.720539e-002
7.564535e+003,7.127881e-002
7.565018e+003,7.208923e-002
7.565500e+003,7.012030e-002
7.565982e+003,6.679162e-002
7.566464e+003,6.387015e-002
7.566946e+003,6.283589e-002
7.567428e+003,6.441078e-002
7.567910e+003,6.834926e-002
7.568393e+003,7.348382e-002
7.568875e+003,7.796613e-002
7.569356e+003,7.964501e-002
7.569839e+003,7.654475e-002
7.570321e+003,6.740281e-002
7.570803e+003,5.218429e-002
7.571285e+003,3.242657e-002
7.571768e+003,1.124180e-002
7.572250e+003,-7.141956e-003
7.572731e+003,-1.827924e-002
7.573214e+003,-1.864391e-002
7.573696e+003,-6.668983e-003
7.574178e+003,1.666474e-002
7.574660e+003,4.792352e-002
7.575143e+003,8.200858e-002
7.575624e+003,1.134062e-001
7.576106e+003,1.375091e-001
7.576589e+003,1.516035e-001
7.577071e+003,1.552556e-001
7.577553e+003,1.500598e-001
7.578035e+003,1.389269e-001
7.578517e+003,1.252022e-001
7.578999e+003,1.118869e-001
7.579481e+003,1.011193e-001
7.579963e+003,9.394102e-002
7.580445e+003,9.029219e-002
7.580928e+003,8.916572e-002
7.581410e+003,8.888893e-002
7.581892e+003,8.752862e-002
7.582374e+003,8.339898e-002
7.582856e+003,7.558700e-002
7.583338e+003,6.433766e-002
7.583820e+003,5.112631e-002
7.584303e+003,3.832074e-002
7.584785e+003,2.848931e-002
7.585267e+003,2.357730e-002
7.585749e+003,2.426181e-002
7.586231e+003,2.975029e-002
7.586713e+003,3.811545e-002
7.587195e+003,4.703087e-002
7.587678e+003,5.459638e-002
7.588160e+003,5.990711e-002
7.588642e+003,6.314564e-002
7.589124e+003,6.520879e-002
7.589606e+003,6.709868e-002
7.590088e+003,6.940795e-002
7.590570e+003,7.215607e-002
7.591052e+003,7.503918e-002
7.591534e+003,7.789006e-002
7.592017e+003,8.112204e-002
7.592499e+003,8.581487e-002
7.592981e+003,9.339668e-002
7.593463e+003,1.050527e-001
7.593945e+003,1.211562e-001
7.594427e+003,1.410108e-001
7.594909e+003,1.630377e-001
7.595392e+003,1.853083e-001
7.595874e+003,2.061523e-001
7.596355e+003,2.245412e-001
7.596838e+003,2.400843e-001
7.597320e+003,2.526940e-001
7.597802e+003,2.621690e-001
7.598284e+003,2.679909e-001
7.598767e+003,2.695065e-001
7.599249e+003,2.664386e-001
7.599730e+003,2.594484e-001
7.600213e+003,2.503965e-001
7.600695e+003,2.420628e-001
7.601177e+003,2.373412e-001
7.601659e+003,2.381976e-001
7.602141e+003,2.448297e-001
7.602623e+003,2.554127e-001
7.603105e+003,2.665811e-001
7.603588e+003,2.744803e-001
7.604070e+003,2.759742e-001
7.604552e+003,2.695384e-001
7.605034e+003,2.555174e-001
7.605516e+003,2.357217e-001
7.605998e+003,2.126202e-001
7.606480e+003,1.885343e-001
7.606962e+003,1.651802e-001
7.607444e+003,1.436960e-001
7.607927e+003,1.250250e-001
7.608409e+003,1.103461e-001
7.608891e+003,1.012326e-001
7.609373e+003,9.937421e-002
7.609855e+003,1.059358e-001
7.610337e+003,1.208303e-001
7.610819e+003,1.422518e-001
7.611302e+003,1.667198e-001
7.611784e+003,1.896848e-001
7.612266e+003,2.065197e-001
7.612748e+003,2.135836e-001
7.613230e+003,2.090368e-001
7.613712e+003,1.932006e-001
7.614194e+003,1.684203e-001
7.614677e+003,1.385421e-001
7.615159e+003,1.081732e-001
7.615641e+003,8.189446e-002
7.616123e+003,6.353452e-002
7.616605e+003,5.557016e-002
7.617087e+003,5.870440e-002
7.617569e+003,7.169083e-002
7.618051e+003,9.148397e-002
7.618533e+003,1.137654e-001
7.619016e+003,1.338066e-001
7.619498e+003,1.475059e-001
7.619979e+003,1.523360e-001
7.620462e+003,1.479107e-001
7.620944e+003,1.359731e-001
7.621426e+003,1.197842e-001
7.621908e+003,1.031063e-001
7.622391e+003,8.912224e-002
7.622873e+003,7.965630e-002
7.623354e+003,7.496112e-002
7.623837e+003,7.409782e-002
7.624319e+003,7.571781e-002
7.624801e+003,7.890172e-002
7.625283e+003,8.370215e-002
7.625766e+003,9.117100e-002
7.626248e+003,1.028743e-001
7.626729e+003,1.201089e-001
7.627212e+003,1.431558e-001
7.627694e+003,1.708792e-001
7.628176e+003,2.008399e-001
7.628658e+003,2.298812e-001
7.629140e+003,2.549671e-001
7.629622e+003,2.739638e-001
7.630104e+003,2.860904e-001
7.630587e+003,2.918985e-001
7.631068e+003,2.928239e-001
7.631551e+003,2.905028e-001
7.632033e+003,2.861180e-001
7.632515e+003,2.800111e-001
7.632997e+003,2.716773e-001
7.633479e+003,2.601192e-001
7.633961e+003,2.444041e-001
7.634443e+003,2.242123e-001
7.634926e+003,2.001767e-001
7.635408e+003,1.739029e-001
7.635890e+003,1.476691e-001
7.636372e+003,1.239145e-001
7.636854e+003,1.046844e-001
7.637336e+003,9.119973e-002
7.637818e+003,8.366414e-002
7.638301e+003,8.133858e-002
7.638783e+003,8.282647e-002
7.639265e+003,8.645957e-002
7.639747e+003,9.066351e-002
7.640229e+003,9.421400e-002
7.640711e+003,9.635253e-002
7.641193e+003,9.678686e-002
7.641676e+003,9.563223e-002
7.642157e+003,9.334349e-002
7.642640e+003,9.065245e-002
7.643122e+003,8.848521e-002
7.643604e+003,8.781470e-002
7.644086e+003,8.942518e-002
7.644568e+003,9.362060e-002
7.645050e+003,9.997021e-002
7.645532e+003,1.072194e-001
7.646015e+003,1.134667e-001
7.646497e+003,1.166210e-001
7.646979e+003,1.150320e-001
7.647461e+003,1.080861e-001
7.647943e+003,9.653120e-002
7.648425e+003,8.236747e-002
7.648907e+003,6.829763e-002
7.649390e+003,5.691252e-002
7.649872e+003,4.990987e-002
7.650354e+003,4.764839e-002
7.650836e+003,4.921016e-002
7.651318e+003,5.293440e-002
7.651800e+003,5.718266e-002
7.652282e+003,6.099286e-002
7.652765e+003,6.432668e-002
7.653246e+003,6.779799e-002
7.653729e+003,7.201129e-002
7.654211e+003,7.684702e-002
7.654693e+003,8.106002e-002
7.655175e+003,8.244000e-002
7.655657e+003,7.852781e-002
7.656139e+003,6.762042e-002
7.656621e+003,4.964434e-002
7.657104e+003,2.650942e-002
7.657585e+003,1.755325e-003
7.658067e+003,-2.040764e-002
7.658550e+003,-3.631040e-002
7.659032e+003,-4.383162e-002
7.659514e+003,-4.283055e-002
7.659996e+003,-3.488163e-002
7.660479e+003,-2.247825e-002
7.660960e+003,-8.075016e-003
7.661442e+003,6.630821e-003
7.661925e+003,2.092634e-002
7.662407e+003,3.481150e-002
7.662889e+003,4.844821e-002
7.663371e+003,6.165534e-002
7.663854e+003,7.371879e-002
7.664335e+003,8.360710e-002
7.664817e+003,9.046651e-002
7.665300e+003,9.412627e-002
7.665782e+003,9.533394e-002
7.666264e+003,9.557037e-002
7.666746e+003,9.649666e-002
7.667228e+003,9.926659e-002
7.667710e+003,1.040102e-001
7.668192e+003,1.097290e-001
7.668674e+003,1.146661e-001
7.669156e+003,1.170153e-001
7.669639e+003,1.156895e-001
7.670121e+003,1.108377e-001
7.670603e+003,1.038985e-001
7.671085e+003,9.715303e-002
7.671567e+003,9.293488e-002
7.672049e+003,9.279029e-002
7.672531e+003,9.690085e-002
7.673014e+003,1.039854e-001
7.673496e+003,1.117219e-001
7.673978e+003,1.175483e-001
7.674460e+003,1.195707e-001
7.674942e+003,1.172738e-001
7.675424e+003,1.117854e-001
7.675906e+003,1.055907e-001
7.676389e+003,1.017695e-001
7.676871e+003,1.029916e-001
7.677353e+003,1.105900e-001
7.677835e+003,1.240162e-001
7.678317e+003,1.408562e-001
7.678799e+003,1.574103e-001
7.679281e+003,1.696599e-001
7.679763e+003,1.743293e-001
7.680245e+003,1.697260e-001
7.680728e+003,1.561223e-001
7.681210e+003,1.355917e-001
7.681692e+003,1.113911e-001
7.682174e+003,8.710934e-002
7.682656e+003,6.586045e-002
7.683138e+003,4.975061e-002
7.683620e+003,3.973310e-002
7.684103e+003,3.579734e-002
7.684584e+003,3.738540e-002
7.685066e+003,4.379109e-002
7.685549e+003,5.440054e-002
7.686031e+003,6.869202e-002
7.686513e+003,8.602633e-002
7.686995e+003,1.053464e-001
7.687478e+003,1.249409e-001
7.687959e+003,1.424074e-001
7.688441e+003,1.548802e-001
7.688924e+003,1.595046e-001
7.689406e+003,1.540521e-001
7.689888e+003,1.375192e-001
7.690370e+003,1.105414e-001
7.690852e+003,7.548752e-002
7.691334e+003,3.617321e-002
7.691816e+003,-2.770114e-003
7.692299e+003,-3.674550e-002
7.692781e+003,-6.206659e-002
7.693263e+003,-7.664994e-002
7.693745e+003,-8.035049e-002
7.694227e+003,-7.485564e-002
7.694709e+003,-6.316947e-002
7.695191e+003,-4.883066e-002
7.695673e+003,-3.508068e-002
7.696155e+003,-2.420558e-002
7.696638e+003,-1.721404e-002
7.697120e+003,-1.390437e-002
7.697602e+003,-1.325229e-002
7.698084e+003,-1.395749e-002
7.698566e+003,-1.495241e-002
7.699048e+003,-1.571010e-002
7.699530e+003,-1.627570e-002
7.700013e+003,-1.705447e-002
7.700495e+003,-1.847906e-002
7.700977e+003,-2.071597e-002
7.701459e+003,-2.354352e-002
7.701941e+003,-2.645171e-002
7.702423e+003,-2.890985e-002
7.702905e+003,-3.066500e-002
7.703388e+003,-3.191012e-002
7.703870e+003,-3.320976e-002
7.704352e+003,-3.517923e-002
7.704834e+003,-3.803554e-002
7.705316e+003,-4.122483e-002
7.705798e+003,-4.333344e-002
7.706280e+003,-4.239906e-002
7.706762e+003,-3.657395e-002
7.707244e+003,-2.492335e-002
7.707727e+003,-8.038999e-003
7.708209e+003,1.182474e-002
7.708690e+003,3.123050e-002
7.709173e+003,4.655332e-002
7.709655e+003,5.516895e-002
7.710137e+003,5.639493e-002
7.710619e+003,5.179900e-002
7.711102e+003,4.470784e-002
7.711583e+003,3.905705e-002
7.712065e+003,3.799344e-002
7.712548e+003,4.275660e-002
7.713030e+003,5.227189e-002
7.713512e+003,6.361207e-002
7.713994e+003,7.314154e-002
7.714477e+003,7.788488e-002
7.714958e+003,7.658091e-002
7.715440e+003,7.002356e-002
7.715923e+003,6.060196e-002
7.716405e+003,5.127810e-002
7.716887e+003,4.445679e-002
7.717369e+003,4.121305e-002
7.717851e+003,4.115646e-002
7.718333e+003,4.292016e-002
7.718815e+003,4.499435e-002
7.719298e+003,4.649433e-002
7.719779e+003,4.751338e-002
7.720262e+003,4.892502e-002
7.720744e+003,5.176271e-002
7.721226e+003,5.649355e-002
7.721708e+003,6.253794e-002
7.722190e+003,6.826126e-002
7.722672e+003,7.144725e-002
7.723154e+003,7.005330e-002
7.723637e+003,6.293958e-002
7.724119e+003,5.029293e-002
7.724601e+003,3.360731e-002
7.725083e+003,1.526679e-002
7.725565e+003,-2.082689e-003
7.726047e+003,-1.613840e-002
7.726529e+003,-2.534348e-002
7.727012e+003,-2.901994e-002
7.727494e+003,-2.727881e-002
7.727976e+003,-2.081660e-002
7.728458e+003,-1.070621e-002
7.728940e+003,1.760368e-003
7.729422e+003,1.518011e-002
7.729904e+003,2.813747e-002
7.730387e+003,3.933175e-002
7.730868e+003,4.774016e-002
7.731351e+003,5.278462e-002
7.731833e+003,5.444857e-002
7.732315e+003,5.329421e-002
7.732797e+003,5.035863e-002
7.733279e+003,4.694226e-002
7.733761e+003,4.433328e-002
7.734243e+003,4.352635e-002
7.734726e+003,4.499421e-002
7.735208e+003,4.855999e-002
7.735689e+003,5.340212e-002
7.736172e+003,5.820197e-002
7.736654e+003,6.141800e-002
7.737136e+003,6.163569e-002
7.737618e+003,5.791259e-002
7.738101e+003,5.002308e-002
7.738583e+003,3.852548e-002
7.739064e+003,2.462364e-002
7.739547e+003,9.865620e-003
7.740029e+003,-4.219306e-003
7.740511e+003,-1.642120e-002
7.740993e+003,-2.598959e-002
7.741476e+003,-3.258411e-002
7.741957e+003,-3.609120e-002
7.742439e+003,-3.642430e-002
7.742922e+003,-3.343633e-002
7.743404e+003,-2.701934e-002
7.743886e+003,-1.736826e-002
7.744368e+003,-5.286090e-003
7.744850e+003,7.646311e-003
7.745332e+003,1.918285e-002
7.745814e+003,2.687968e-002
7.746296e+003,2.877349e-002
7.746778e+003,2.409495e-002
7.747261e+003,1.372946e-002
7.747743e+003,2.174803e-004
7.748225e+003,-1.276824e-002
7.748707e+003,-2.134678e-002
7.749189e+003,-2.247735e-002
7.749671e+003,-1.479195e-002
7.750153e+003,1.067520e-003
7.750636e+003,2.272208e-002
7.751118e+003,4.683505e-002
7.751600e+003,7.011256e-002
7.752082e+003,9.016336e-002
7.752564e+003,1.059186e-001
7.753046e+003,1.174915e-001
7.753528e+003,1.255821e-001
7.754011e+003,1.307167e-001
7.754493e+003,1.326772e-001
7.754975e+003,1.303962e-001
7.755457e+003,1.223923e-001
7.755939e+003,1.075822e-001
7.756421e+003,8.612465e-002
7.756903e+003,5.990836e-002
7.757385e+003,3.241413e-002
7.757867e+003,7.924054e-003
7.758350e+003,-9.684209e-003
7.758832e+003,-1.813152e-002
7.759313e+003,-1.747308e-002
7.759796e+003,-1.008298e-002
7.760278e+003,1.286106e-004
7.760760e+003,8.995943e-003
7.761242e+003,1.341856e-002
7.761725e+003,1.225652e-002
7.762207e+003,6.501803e-003
7.762688e+003,-1.294770e-003
7.763171e+003,-8.088437e-003
7.763653e+003,-1.147882e-002
7.764135e+003,-1.050611e-002
7.764617e+003,-5.847331e-003
7.765100e+003,5.987952e-004
7.765582e+003,6.518538e-003
7.766063e+003,1.003536e-002
7.766546e+003,1.028439e-002
7.767028e+003,7.534797e-003
7.767510e+003,2.885118e-003
7.767992e+003,-2.281472e-003
7.768474e+003,-6.831741e-003
7.768956e+003,-1.020387e-002
7.769438e+003,-1.243675e-002
7.769921e+003,-1.396524e-002
7.770402e+003,-1.533065e-002
7.770885e+003,-1.696246e-002
7.771367e+003,-1.911752e-002
7.771849e+003,-2.195868e-002
7.772331e+003,-2.567182e-002
7.772813e+003,-3.050181e-002
7.773295e+003,-3.664120e-002
7.773777e+003,-4.400128e-002
7.774260e+003,-5.198342e-002
7.774742e+003,-5.939964e-002
7.775224e+003,-6.464383e-002
7.775706e+003,-6.610364e-002
7.776188e+003,-6.269012e-002
7.776670e+003,-5.423216e-002
7.777152e+003,-4.164579e-002
7.777635e+003,-2.666412e-002
7.778117e+003,-1.127651e-002
7.778599e+003,2.925021e-003
7.779081e+003,1.521926e-002
7.779563e+003,2.583695e-002
7.780045e+003,3.559911e-002
7.780527e+003,4.526031e-002
7.781010e+003,5.485250e-002
7.781491e+003,6.334930e-002
7.781974e+003,6.885003e-002
7.782456e+003,6.925896e-002
7.782938e+003,6.320292e-002
7.783420e+003,5.079713e-002
7.783902e+003,3.389985e-002
7.784384e+003,1.569427e-002
7.784866e+003,-2.830683e-004
7.785349e+003,-1.129826e-002
7.785831e+003,-1.629442e-002
7.786313e+003,-1.612043e-002
7.786795e+003,-1.302098e-002
7.787277e+003,-9.612771e-003
7.787759e+003,-7.799184e-003
7.788241e+003,-8.104274e-003
7.788724e+003,-9.718732e-003
7.789206e+003,-1.122216e-002
7.789688e+003,-1.162584e-002
7.790170e+003,-1.121486e-002
7.790652e+003,-1.174411e-002
7.791134e+003,-1.583003e-002
7.791616e+003,-2.575573e-002
7.792099e+003,-4.219884e-002
7.792580e+003,-6.346757e-002
7.793063e+003,-8.564716e-002
7.793545e+003,-1.036872e-001
7.794027e+003,-1.130565e-001
7.794509e+003,-1.113314e-001
7.794991e+003,-9.909307e-002
7.795473e+003,-7.977628e-002
7.795955e+003,-5.853720e-002
7.796438e+003,-4.058831e-002
7.796919e+003,-2.963644e-002
7.797401e+003,-2.698010e-002
7.797884e+003,-3.152353e-002
7.798366e+003,-4.058575e-002
7.798848e+003,-5.108514e-002
7.799330e+003,-6.058694e-002
7.799813e+003,-6.783069e-002
7.800294e+003,-7.263670e-002
7.800776e+003,-7.537811e-002
7.801259e+003,-7.637404e-002
7.801741e+003,-7.553829e-002
7.802223e+003,-7.243890e-002
7.802705e+003,-6.668385e-002
7.803188e+003,-5.837069e-002
7.803669e+003,-4.831300e-002
7.804151e+003,-3.788186e-002
7.804634e+003,-2.851354e-002
7.805116e+003,-2.111662e-002
7.805598e+003,-1.567533e-002
7.806080e+003,-1.125728e-002
7.806562e+003,-6.441242e-003
7.807044e+003,5.331088e-005
7.807526e+003,8.675275e-003
7.808008e+003,1.890466e-002
7.808490e+003,2.942071e-002
7.808973e+003,3.865889e-002
7.809455e+003,4.546445e-002
7.809937e+003,4.955072e-002
7.810419e+003,5.156791e-002
7.810901e+003,5.276914e-002
7.811383e+003,5.443795e-002
7.811865e+003,5.733522e-002
7.812348e+003,6.139708e-002
7.812830e+003,6.578922e-002
7.813312e+003,6.926442e-002
7.813794e+003,7.065044e-002
7.814276e+003,6.926464e-002
7.814758e+003,6.510881e-002
7.815240e+003,5.880453e-002
7.815723e+003,5.133260e-002
7.816205e+003,4.369332e-002
7.816687e+003,3.660131e-002
7.817169e+003,3.028451e-002
7.817651e+003,2.441190e-002
7.818133e+003,1.814732e-002
7.818615e+003,1.032523e-002
7.819097e+003,-2.579160e-004
7.819579e+003,-1.446265e-002
7.820062e+003,-3.240829e-002
7.820544e+003,-5.317990e-002
7.821026e+003,-7.478170e-002
7.821508e+003,-9.443184e-002
7.821990e+003,-1.091846e-001
7.822472e+003,-1.167248e-001
7.822954e+003,-1.160767e-001
7.823437e+003,-1.079564e-001
7.823918e+003,-9.460618e-002
7.824400e+003,-7.913611e-002
7.824883e+003,-6.459627e-002
7.825365e+003,-5.310905e-002
7.825847e+003,-4.536786e-002
7.826329e+003,-4.065569e-002
7.826812e+003,-3.732925e-002
7.827293e+003,-3.353989e-002
7.827775e+003,-2.789988e-002
7.828258e+003,-1.986699e-002
7.828740e+003,-9.774711e-003
7.829222e+003,1.410918e-003
7.829704e+003,1.244000e-002
7.830186e+003,2.208295e-002
7.830668e+003,2.932609e-002
7.831150e+003,3.348725e-002
7.831633e+003,3.431464e-002
7.832115e+003,3.209336e-002
7.832597e+003,2.770515e-002
7.833079e+003,2.253515e-002
7.833561e+003,1.815052e-002
7.834043e+003,1.579102e-002
7.834525e+003,1.585479e-002
7.835007e+003,1.764127e-002
7.835489e+003,1.955981e-002
7.835972e+003,1.981840e-002
7.836454e+003,1.735428e-002
7.836936e+003,1.258664e-002
7.837418e+003,7.574981e-003
7.837900e+003,5.402390e-003
7.838382e+003,8.859367e-003
7.838864e+003,1.920786e-002
7.839347e+003,3.523111e-002
7.839829e+003,5.330653e-002
7.840311e+003,6.851296e-002
7.840793e+003,7.637982e-002
7.841275e+003,7.457078e-002
7.841757e+003,6.379118e-002
7.842239e+003,4.752577e-002
7.842722e+003,3.071536e-002
7.843204e+003,1.793356e-002
7.843686e+003,1.182415e-002
7.844168e+003,1.241368e-002
7.844650e+003,1.750007e-002
7.845132e+003,2.383510e-002
7.845614e+003,2.849936e-002
7.846096e+003,2.985398e-002
7.846578e+003,2.773204e-002
7.847061e+003,2.294377e-002
7.847543e+003,1.649977e-002
7.848024e+003,9.042306e-003
7.848507e+003,7.910308e-004
7.848989e+003,-8.031036e-003
7.849471e+003,-1.662779e-002
7.849953e+003,-2.335135e-002
7.850436e+003,-2.599095e-002
7.850917e+003,-2.257996e-002
7.851399e+003,-1.235730e-002
7.851882e+003,3.610589e-003
7.852364e+003,2.251041e-002
7.852846e+003,4.060140e-002
7.853328e+003,5.444839e-002
7.853811e+003,6.203718e-002
7.854292e+003,6.329199e-002
7.854774e+003,5.979717e-002
7.855257e+003,5.389661e-002
7.855739e+003,4.761785e-002
7.856221e+003,4.191815e-002
7.856703e+003,3.656359e-002
7.857185e+003,3.063187e-002
7.857667e+003,2.333979e-002
7.858149e+003,1.476726e-002
7.858632e+003,6.131765e-003
7.859113e+003,-5.004708e-004
7.859596e+003,-2.918693e-003
7.860078e+003,4.270074e-004
7.860560e+003,9.843096e-003
7.861042e+003,2.422799e-002
7.861524e+003,4.133878e-002
7.862006e+003,5.835555e-002
7.862488e+003,7.254883e-002
7.862971e+003,8.187689e-002
7.863453e+003,8.539630e-002
7.863935e+003,8.342316e-002
7.864417e+003,7.741705e-002
7.864899e+003,6.959115e-002
7.865381e+003,6.230688e-002
7.865863e+003,5.738802e-002
7.866346e+003,5.556159e-002
7.866828e+003,5.624216e-002
7.867310e+003,5.779058e-002
7.867792e+003,5.820030e-002
7.868274e+003,5.596666e-002
7.868756e+003,4.906669e-002
7.869238e+003,3.916292e-002
7.869721e+003,2.905497e-002
7.870202e+003,2.162437e-002
7.870685e+003,1.853493e-002
7.871167e+003,1.940047e-002
7.871649e+003,2.185934e-002
7.872131e+003,2.259664e-002
7.872613e+003,1.890549e-002
7.873095e+003,1.009817e-002
7.873577e+003,-1.895528e-003
7.874060e+003,-1.306874e-002
7.874542e+003,-1.884583e-002
7.875023e+003,-1.595149e-002
7.875506e+003,-3.859324e-003
7.875988e+003,1.479457e-002
7.876470e+003,3.501306e-002
7.876952e+003,5.113431e-002
7.877435e+003,5.875087e-002
7.877917e+003,5.612511e-002
7.878398e+003,4.461227e-002
7.878881e+003,2.802029e-002
7.879363e+003,1.124283e-002
7.879845e+003,-1.262348e-003
7.880327e+003,-6.596815e-003
7.880810e+003,-3.833150e-003
7.881291e+003,6.264911e-003
7.881773e+003,2.192101e-002
7.882256e+003,4.102945e-002
7.882738e+003,6.154261e-002
7.883220e+003,8.148400e-002
7.883702e+003,9.874221e-002
7.884184e+003,1.109305e-001
7.884666e+003,1.155627e-001
7.885148e+003,1.106130e-001
7.885630e+003,9.529138e-002
7.886112e+003,7.069098e-002
7.886595e+003,3.994912e-002
7.887077e+003,7.726445e-003
7.887559e+003,-2.090867e-002
7.888041e+003,-4.182658e-002
7.888523e+003,-5.291317e-002
7.889005e+003,-5.445502e-002
7.889487e+003,-4.868349e-002
7.889970e+003,-3.867667e-002
7.890452e+003,-2.708654e-002
7.890934e+003,-1.522410e-002
7.891416e+003,-2.865193e-003
7.891898e+003,1.119100e-002
7.892380e+003,2.811700e-002
7.892862e+003,4.810119e-002
7.893345e+003,6.988856e-002
7.893827e+003,9.101219e-002
7.894309e+003,1.085782e-001
7.894791e+003,1.202202e-001
7.895273e+003,1.247917e-001
7.895755e+003,1.225260e-001
7.896237e+003,1.146672e-001
7.896719e+003,1.028234e-001
7.897201e+003,8.837842e-002
7.897684e+003,7.220985e-002
7.898166e+003,5.475620e-002
7.898648e+003,3.628949e-002
7.899130e+003,1.717341e-002
7.899612e+003,-1.819900e-003
7.900094e+003,-2.043107e-002
7.900576e+003,-3.737928e-002
7.901059e+003,-5.169981e-002
7.901541e+003,-6.283436e-002
7.902022e+003,-7.044736e-002
7.902505e+003,-7.417688e-002
7.902987e+003,-7.357585e-002
7.903469e+003,-6.836609e-002
7.903951e+003,-5.889694e-002
7.904434e+003,-4.651530e-002
7.904916e+003,-3.353607e-002
7.905397e+003,-2.268153e-002
7.905880e+003,-1.614576e-002
7.906362e+003,-1.468082e-002
7.906844e+003,-1.715358e-002
7.907326e+003,-2.084190e-002
7.907808e+003,-2.240669e-002
7.908290e+003,-1.915371e-002
7.908772e+003,-1.005237e-002
7.909255e+003,3.920011e-003
7.909737e+003,2.023476e-002
7.910219e+003,3.583939e-002
7.910701e+003,4.828927e-002
7.911183e+003,5.650654e-002
7.911665e+003,6.089816e-002
7.912147e+003,6.287420e-002
7.912629e+003,6.406290e-002
7.913111e+003,6.560216e-002
7.913594e+003,6.778559e-002
7.914076e+003,7.012863e-002
7.914558e+003,7.172050e-002
7.915040e+003,7.163942e-002
7.915522e+003,6.925099e-002
7.916004e+003,6.433473e-002
7.916486e+003,5.709488e-002
7.916969e+003,4.814372e-002
7.917451e+003,3.849036e-002
7.917933e+003,2.948111e-002
7.918415e+003,2.259683e-002
7.918897e+003,1.906336e-002
7.919379e+003,1.935675e-002
7.919861e+003,2.280650e-002
7.920344e+003,2.753540e-002
7.920826e+003,3.087465e-002
7.921308e+003,3.019087e-002
7.921790e+003,2.385081e-002
7.922272e+003,1.193995e-002
7.922754e+003,-3.586523e-003
7.923236e+003,-1.942604e-002
7.923718e+003,-3.194850e-002
7.924200e+003,-3.832966e-002
7.924683e+003,-3.737145e-002
7.925165e+003,-2.972689e-002
7.925646e+003,-1.750178e-002
7.926129e+003,-3.452804e-003
7.926611e+003,9.871415e-003
7.927093e+003,2.073188e-002
7.927575e+003,2.838983e-002
7.928058e+003,3.292967e-002
7.928540e+003,3.489774e-002
7.929021e+003,3.496721e-002
7.929504e+003,3.376403e-002
7.929986e+003,3.186611e-002
7.930468e+003,3.008262e-002
7.930950e+003,2.896111e-002
7.931433e+003,2.936170e-002
7.931915e+003,3.198732e-002
7.932396e+003,3.708377e-002
7.932879e+003,4.420550e-002
7.933361e+003,5.215783e-002
7.933843e+003,5.916459e-002
7.934325e+003,6.323715e-002
7.934807e+003,6.266054e-002
7.935289e+003,5.647736e-002
7.935771e+003,4.484029e-002
7.936254e+003,2.912164e-002
7.936735e+003,1.171176e-002
7.937218e+003,-4.483255e-003
7.937700e+003,-1.673898e-002
7.938182e+003,-2.320848e-002
7.938664e+003,-2.338348e-002
7.939146e+003,-1.813620e-002
7.939628e+003,-9.295968e-003
7.940110e+003,1.098491e-003
7.940593e+003,1.157541e-002
7.941075e+003,2.169828e-002
7.941557e+003,3.200169e-002
7.942039e+003,4.340487e-002
7.942521e+003,5.636661e-002
7.943003e+003,7.019508e-002
7.943485e+003,8.288505e-002
7.943968e+003,9.162933e-002
7.944450e+003,9.383427e-002
7.944932e+003,8.821119e-002
7.945414e+003,7.544469e-002
7.945896e+003,5.810410e-002
7.946378e+003,3.979441e-002
7.946860e+003,2.388930e-002
7.947343e+003,1.237864e-002
7.947824e+003,5.310916e-003
7.948307e+003,1.038200e-003
7.948789e+003,-2.884469e-003
7.949271e+003,-8.569720e-003
7.949753e+003,-1.692884e-002
7.950235e+003,-2.739300e-002
7.950717e+003,-3.825630e-002
7.951199e+003,-4.739229e-002
7.951682e+003,-5.296769e-002
7.952164e+003,-5.385391e-002
7.952646e+003,-4.965171e-002
7.953128e+003,-4.047368e-002
7.953610e+003,-2.673986e-002
7.954092e+003,-9.183728e-003
7.954574e+003,1.091996e-002
7.955057e+003,3.149068e-002
7.955539e+003,4.961357e-002
7.956021e+003,6.194039e-002
7.956503e+003,6.550045e-002
7.956985e+003,5.866452e-002
7.957467e+003,4.187186e-002
7.957949e+003,1.778013e-002
7.958432e+003,-9.281405e-003
7.958913e+003,-3.439129e-002
7.959396e+003,-5.327461e-002
7.959878e+003,-6.328607e-002
7.960360e+003,-6.385331e-002
7.960842e+003,-5.632208e-002
7.961324e+003,-4.342122e-002
7.961806e+003,-2.829506e-002
7.962288e+003,-1.397315e-002
7.962771e+003,-2.830148e-003
7.963252e+003,3.657176e-003
7.963734e+003,4.972099e-003
7.964217e+003,1.512128e-003
7.964699e+003,-5.535580e-003
7.965181e+003,-1.441271e-002
7.965663e+003,-2.312321e-002
7.966146e+003,-2.985643e-002
7.966627e+003,-3.340815e-002
7.967109e+003,-3.346714e-002
7.967592e+003,-3.065586e-002
7.968074e+003,-2.629570e-002
7.968556e+003,-2.197248e-002
7.969038e+003,-1.905429e-002
7.969521e+003,-1.832297e-002
7.970002e+003,-1.982243e-002
7.970484e+003,-2.293395e-002
7.970967e+003,-2.661069e-002
7.971449e+003,-2.967198e-002
7.971931e+003,-3.107504e-002
7.972413e+003,-3.012088e-002
7.972895e+003,-2.658197e-002
7.973377e+003,-2.074351e-002
7.973859e+003,-1.334004e-002
7.974341e+003,-5.370147e-003
7.974823e+003,2.195197e-003
7.975306e+003,8.736419e-003
7.975788e+003,1.421452e-002
7.976270e+003,1.917677e-002
7.976752e+003,2.448382e-002
7.977234e+003,3.083061e-002
7.977716e+003,3.825992e-002
7.978198e+003,4.591524e-002
7.978681e+003,5.220831e-002
7.979163e+003,5.539903e-002
7.979645e+003,5.437730e-002
7.980127e+003,4.930414e-002
7.980609e+003,4.178823e-002
7.981091e+003,3.445583e-002
7.981573e+003,3.003956e-002
7.982056e+003,3.034005e-002
7.982538e+003,3.549187e-002
7.983020e+003,4.384989e-002
7.983502e+003,5.255240e-002
7.983984e+003,5.853344e-002
7.984466e+003,5.957660e-002
7.984948e+003,5.500482e-002
7.985430e+003,4.577868e-002
7.985912e+003,3.403623e-002
7.986395e+003,2.232631e-002
7.986877e+003,1.286780e-002
7.987358e+003,7.089979e-003
7.987841e+003,5.533880e-003
7.988323e+003,8.021860e-003
7.988805e+003,1.391977e-002
7.989287e+003,2.234738e-002
7.989770e+003,3.229584e-002
7.990251e+003,4.270793e-002
7.990733e+003,5.260325e-002
7.991216e+003,6.127378e-002
7.991698e+003,6.848059e-002
7.992180e+003,7.451435e-002
7.992662e+003,8.004632e-002
7.993145e+003,8.574594e-002
7.993626e+003,9.182677e-002
7.994108e+003,9.775238e-002
7.994591e+003,1.022822e-001
7.995073e+003,1.038888e-001
7.995555e+003,1.013909e-001
7.996037e+003,9.452108e-002
7.996519e+003,8.415866e-002
7.997001e+003,7.210252e-002
7.997483e+003,6.047162e-002
7.997966e+003,5.099608e-002
7.998447e+003,4.450666e-002
7.998930e+003,4.082622e-002
7.999412e+003,3.906735e-002
7.999894e+003,3.815247e-002
8.000376e+003,3.728839e-002
8.000858e+003,3.618612e-002
8.001340e+003,3.497447e-002
8.001822e+003,3.392227e-002
8.002305e+003,3.316559e-002
8.002787e+003,3.259756e-002
8.003269e+003,3.195264e-002
8.003751e+003,3.098537e-002
8.004233e+003,2.959114e-002
8.004715e+003,2.776964e-002
8.005197e+003,2.545843e-002
8.005680e+003,2.237609e-002
8.006162e+003,1.803919e-002
8.006644e+003,1.202180e-002
8.007126e+003,4.367340e-003
8.007608e+003,-4.074038e-003
8.008090e+003,-1.162633e-002
8.008572e+003,-1.620349e-002
8.009055e+003,-1.605627e-002
8.009536e+003,-1.054599e-002
8.010019e+003,-5.764510e-004
8.010501e+003,1.156545e-002
8.010983e+003,2.295098e-002
8.011465e+003,3.104825e-002
8.011947e+003,3.462088e-002
8.012429e+003,3.409905e-002
8.012911e+003,3.126889e-002
8.013394e+003,2.842957e-002
8.013875e+003,2.739672e-002
8.014357e+003,2.877813e-002
8.014840e+003,3.180081e-002
8.015322e+003,3.470568e-002
8.015804e+003,3.547887e-002
8.016286e+003,3.257480e-002
8.016769e+003,2.534681e-002
8.017250e+003,1.408770e-002
8.017732e+003,-2.165356e-004
8.018215e+003,-1.620933e-002
8.018697e+003,-3.238327e-002
8.019179e+003,-4.715123e-002
8.019661e+003,-5.886328e-002
8.020144e+003,-6.592170e-002
8.020625e+003,-6.708106e-002
8.021107e+003,-6.187537e-002
8.021590e+003,-5.097922e-002
8.022072e+003,-3.627542e-002
8.022554e+003,-2.050563e-002
8.023036e+003,-6.568421e-003
8.023518e+003,3.247445e-003
8.024000e+003,7.814325e-003
8.024482e+003,7.226149e-003
8.024964e+003,2.371982e-003
8.025446e+003,-5.755420e-003
8.025929e+003,-1.665769e-002
8.026411e+003,-3.052155e-002
8.026893e+003,-4.789442e-002
8.027375e+003,-6.900284e-002
8.027857e+003,-9.306741e-002
8.028339e+003,-1.179882e-001
8.028821e+003,-1.406129e-001
8.029304e+003,-1.575299e-001
8.029786e+003,-1.660816e-001
8.030268e+003,-1.651930e-001
8.030750e+003,-1.556832e-001
8.031232e+003,-1.399485e-001
8.031714e+003,-1.211649e-001
8.032196e+003,-1.023329e-001
8.032679e+003,-8.552270e-002
8.033161e+003,-7.154818e-002
8.033643e+003,-6.010472e-002
8.034125e+003,-5.022157e-002
8.034607e+003,-4.079973e-002
8.035089e+003,-3.103525e-002
8.035571e+003,-2.062676e-002
8.036053e+003,-9.774099e-003
8.036535e+003,9.646081e-004
8.037018e+003,1.088565e-002
8.037500e+003,1.937989e-002
8.037982e+003,2.617929e-002
8.038464e+003,3.157680e-002
8.038946e+003,3.654693e-002
8.039428e+003,4.266674e-002
8.039910e+003,5.176125e-002
8.040393e+003,6.529197e-002
8.040875e+003,8.364369e-002
8.041356e+003,1.055774e-001
8.041839e+003,1.281321e-001
8.042321e+003,1.471387e-001
8.042803e+003,1.582847e-001
8.043285e+003,1.584271e-001
8.043768e+003,1.467036e-001
8.044250e+003,1.250154e-001
8.044731e+003,9.765083e-002
8.045214e+003,7.012831e-002
8.045696e+003,4.763499e-002
8.046178e+003,3.360222e-002
8.046660e+003,2.891407e-002
8.047142e+003,3.199990e-002
8.047624e+003,3.971730e-002
8.048106e+003,4.863627e-002
8.048589e+003,5.620809e-002
8.049071e+003,6.139208e-002
8.049553e+003,6.456523e-002
8.050035e+003,6.684803e-002
8.050517e+003,6.921018e-002
8.050999e+003,7.178486e-002
8.051481e+003,7.369705e-002
8.051963e+003,7.346359e-002
8.052445e+003,6.976028e-002
8.052928e+003,6.219057e-002
8.053410e+003,5.169481e-002
8.053892e+003,4.038579e-002
8.054374e+003,3.094283e-002
8.054856e+003,2.565268e-002
8.055338e+003,2.564026e-002
8.055820e+003,3.051041e-002
8.056303e+003,3.854859e-002
8.056785e+003,4.738985e-002
8.057267e+003,5.488783e-002
8.057749e+003,5.985345e-002
8.058231e+003,6.240261e-002
8.058713e+003,6.381365e-002
8.059195e+003,6.598137e-002
8.059678e+003,7.068386e-002
8.060160e+003,7.891417e-002
8.060642e+003,9.047268e-002
8.061124e+003,1.039121e-001
8.061606e+003,1.168175e-001
8.062088e+003,1.263306e-001
8.062570e+003,1.297906e-001
8.063052e+003,1.253643e-001
8.063534e+003,1.125478e-001
8.064017e+003,9.243497e-002
8.064499e+003,6.766942e-002
8.064980e+003,4.203471e-002
8.065463e+003,1.972023e-002
8.065945e+003,4.400176e-003
8.066427e+003,-1.638880e-003
8.066909e+003,1.944730e-003
8.067392e+003,1.350943e-002
8.067874e+003,2.995790e-002
8.068355e+003,4.767996e-002
8.068838e+003,6.359505e-002
8.069320e+003,7.592449e-002
8.069802e+003,8.441302e-002
8.070284e+003,8.993568e-002
8.070767e+003,9.368259e-002
8.071249e+003,9.630139e-002
8.071730e+003,9.740105e-002
8.072213e+003,9.566171e-002
8.072695e+003,8.951961e-002
8.073177e+003,7.811896e-002
8.073659e+003,6.207788e-002
8.074141e+003,4.367040e-002
8.074623e+003,2.627086e-002
8.075105e+003,1.323820e-002
8.075588e+003,6.680012e-003
8.076069e+003,6.615438e-003
8.076552e+003,1.090708e-002
8.077034e+003,1.602228e-002
8.077516e+003,1.834084e-002
8.077998e+003,1.549997e-002
8.078480e+003,7.251570e-003
8.078962e+003,-4.485500e-003
8.079444e+003,-1.636487e-002
8.079927e+003,-2.481860e-002
8.080409e+003,-2.724736e-002
8.080891e+003,-2.276132e-002
8.081373e+003,-1.225730e-002
8.081855e+003,2.097620e-003
8.082337e+003,1.768152e-002
8.082819e+003,3.216398e-002
8.083302e+003,4.391370e-002
8.083784e+003,5.200456e-002
8.084266e+003,5.596325e-002
8.084748e+003,5.550494e-002
8.085230e+003,5.045627e-002
8.085712e+003,4.094332e-002
8.086194e+003,2.770357e-002
8.086677e+003,1.231053e-002
8.087158e+003,-2.894781e-003
8.087641e+003,-1.523443e-002
8.088123e+003,-2.237380e-002
8.088605e+003,-2.300216e-002
8.089087e+003,-1.723832e-002
8.089569e+003,-6.586886e-003
8.090051e+003,6.549461e-003
8.090533e+003,1.961268e-002
8.091016e+003,3.059738e-002
8.091498e+003,3.845762e-002
8.091979e+003,4.308517e-002
8.092462e+003,4.492017e-002
8.092944e+003,4.440969e-002
8.093426e+003,4.158049e-002
8.093908e+003,3.592651e-002
8.094391e+003,2.665910e-002
8.094873e+003,1.320217e-002
8.095354e+003,-4.292401e-003
8.095837e+003,-2.464173e-002
8.096319e+003,-4.568356e-002
8.096801e+003,-6.468163e-002
8.097283e+003,-7.895187e-002
8.097766e+003,-8.650315e-002
8.098247e+003,-8.649548e-002
8.098729e+003,-7.939360e-002
8.099212e+003,-6.679848e-002
8.099694e+003,-5.103045e-002
8.100176e+003,-3.459100e-002
8.100658e+003,-1.963736e-002
8.101140e+003,-7.581081e-003
8.101622e+003,1.115745e-003
8.102104e+003,6.912887e-003
8.102586e+003,1.094144e-002
8.103068e+003,1.458510e-002
8.103551e+003,1.899756e-002
8.104033e+003,2.469813e-002
8.104515e+003,3.138941e-002
8.104997e+003,3.808869e-002
8.105479e+003,4.356017e-002
8.105961e+003,4.690866e-002
8.106443e+003,4.810005e-002
8.106926e+003,4.816397e-002
8.107408e+003,4.893047e-002
8.107890e+003,5.233793e-002
8.108372e+003,5.954725e-002
8.108854e+003,7.022502e-002
8.109336e+003,8.233760e-002
8.109818e+003,9.262023e-002
8.110301e+003,9.760979e-002
8.110783e+003,9.487571e-002
8.111265e+003,8.396552e-002
8.111747e+003,6.666715e-002
8.112229e+003,4.645229e-002
8.112711e+003,2.730037e-002
8.113193e+003,1.236872e-002
8.113675e+003,3.045730e-003
8.114157e+003,-1.237537e-003
8.114640e+003,-2.395005e-003
8.115122e+003,-2.581390e-003
8.115604e+003,-3.097065e-003
8.116086e+003,-3.880555e-003
8.116568e+003,-3.646162e-003
8.117050e+003,-7.219322e-004
8.117532e+003,5.915013e-003
8.118015e+003,1.590499e-002
8.118497e+003,2.744367e-002
8.118979e+003,3.793668e-002
8.119461e+003,4.506986e-002
8.119943e+003,4.779361e-002
8.120425e+003,4.675947e-002
8.120907e+003,4.400019e-002
8.121390e+003,4.198882e-002
8.121872e+003,4.248770e-002
8.122354e+003,4.568505e-002
8.122836e+003,4.998357e-002
8.123318e+003,5.251798e-002
8.123800e+003,5.017186e-002
8.124282e+003,4.067777e-002
8.124764e+003,2.338988e-002
8.125246e+003,-5.079662e-004
8.125729e+003,-2.835369e-002
8.126211e+003,-5.671683e-002
8.126693e+003,-8.219221e-002
8.127175e+003,-1.020531e-001
8.127657e+003,-1.146597e-001
8.128139e+003,-1.196291e-001
8.128621e+003,-1.178205e-001
8.129104e+003,-1.111674e-001
8.129585e+003,-1.023436e-001
8.130067e+003,-9.424063e-002
8.130550e+003,-8.928578e-002
8.131032e+003,-8.873853e-002
8.131514e+003,-9.218998e-002
8.131996e+003,-9.749743e-002
8.132479e+003,-1.012721e-001
8.132960e+003,-9.983905e-002
8.133442e+003,-9.038622e-002
8.133925e+003,-7.191838e-002
8.134407e+003,-4.568126e-002
8.134889e+003,-1.491471e-002
8.135371e+003,1.595910e-002
8.135853e+003,4.241239e-002
8.136335e+003,6.079259e-002
8.136817e+003,6.893747e-002
8.137300e+003,6.633834e-002
8.137782e+003,5.394892e-002
8.138264e+003,3.383143e-002
8.138746e+003,8.805588e-003
8.139228e+003,-1.784516e-002
8.139710e+003,-4.266991e-002
8.140192e+003,-6.244598e-002
8.140674e+003,-7.470566e-002
8.141156e+003,-7.829260e-002
8.141639e+003,-7.373297e-002
8.142121e+003,-6.319537e-002
8.142603e+003,-4.993844e-002
8.143085e+003,-3.735941e-002
8.143567e+003,-2.796024e-002
8.144049e+003,-2.262459e-002
8.144531e+003,-2.049903e-002
8.145014e+003,-1.953141e-002
8.145496e+003,-1.744494e-002
8.145978e+003,-1.274944e-002
8.146460e+003,-5.396293e-003
8.146942e+003,3.217227e-003
8.147424e+003,1.074805e-002
8.147906e+003,1.476996e-002
8.148389e+003,1.358533e-002
8.148871e+003,6.703383e-003
8.149353e+003,-5.126344e-003
8.149835e+003,-2.023941e-002
8.150317e+003,-3.653615e-002
8.150799e+003,-5.191308e-002
8.151281e+003,-6.454173e-002
8.151763e+003,-7.301091e-002
8.152245e+003,-7.641923e-002
8.152728e+003,-7.448444e-002
8.153210e+003,-6.765667e-002
8.153691e+003,-5.714052e-002
8.154174e+003,-4.471821e-002
8.154656e+003,-3.234070e-002
8.155138e+003,-2.158197e-002
8.155620e+003,-1.315930e-002
8.156103e+003,-6.735846e-003
8.156584e+003,-1.118169e-003
8.157066e+003,5.213774e-003
8.157549e+003,1.346610e-002
8.158031e+003,2.405848e-002
8.158513e+003,3.651861e-002
8.158995e+003,4.976450e-002
8.159478e+003,6.261098e-002
8.159959e+003,7.423957e-002
8.160441e+003,8.441289e-002
8.160924e+003,9.336816e-002
8.161406e+003,1.015007e-001
8.161888e+003,1.090524e-001
8.162370e+003,1.159909e-001
8.162852e+003,1.221266e-001
8.163334e+003,1.273499e-001
8.163816e+003,1.317767e-001
8.164299e+003,1.356386e-001
8.164780e+003,1.389181e-001
8.165263e+003,1.409172e-001
8.165745e+003,1.400475e-001
8.166227e+003,1.340671e-001
8.166709e+003,1.207781e-001
8.167191e+003,9.895261e-002
8.167673e+003,6.908870e-002
8.168155e+003,3.362836e-002
8.168638e+003,-3.517449e-003
8.169120e+003,-3.797472e-002
8.169602e+003,-6.602925e-002
8.170084e+003,-8.539650e-002
8.170566e+003,-9.534911e-002
8.171048e+003,-9.624018e-002
8.171530e+003,-8.876638e-002
8.172013e+003,-7.343602e-002
8.172495e+003,-5.057930e-002
8.172977e+003,-2.091865e-002
8.173459e+003,1.362693e-002
8.173941e+003,4.941832e-002
8.174423e+003,8.128851e-002
8.174905e+003,1.035629e-001
8.175388e+003,1.116113e-001
8.175869e+003,1.033421e-001
8.176352e+003,8.001939e-002
8.176834e+003,4.603922e-002
8.177316e+003,7.720977e-003
8.177798e+003,-2.842976e-002
8.178280e+003,-5.732089e-002
8.178762e+003,-7.622425e-002
8.179244e+003,-8.482416e-002
8.179727e+003,-8.454295e-002
8.180208e+003,-7.758542e-002
8.180690e+003,-6.617153e-002
8.181173e+003,-5.222334e-002
8.181655e+003,-3.746746e-002
8.182137e+003,-2.367901e-002
8.182619e+003,-1.274754e-002
8.183102e+003,-6.397555e-003
8.183583e+003,-5.649865e-003
8.184065e+003,-1.031334e-002
8.184548e+003,-1.883256e-002
8.185030e+003,-2.866098e-002
8.185512e+003,-3.706387e-002
8.185994e+003,-4.202373e-002
8.186477e+003,-4.284695e-002
8.186958e+003,-4.019908e-002
8.187440e+003,-3.555945e-002
8.187923e+003,-3.035479e-002
8.188405e+003,-2.517295e-002
8.188887e+003,-1.940858e-002
8.189369e+003,-1.148928e-002
8.189851e+003,4.262055e-004
8.190333e+003,1.757131e-002
8.190815e+003,3.985744e-002
8.191297e+003,6.556629e-002
8.191779e+003,9.152374e-002
8.192262e+003,1.136709e-001
8.192744e+003,1.278627e-001
8.193226e+003,1.307207e-001
8.193708e+003,1.203997e-001
8.194190e+003,9.715607e-002
8.194672e+003,6.359851e-002
8.195154e+003,2.449165e-002
8.195637e+003,-1.397575e-002
8.196119e+003,-4.541937e-002
8.196601e+003,-6.475117e-002
8.197083e+003,-6.952120e-002
8.197565e+003,-6.063613e-002
8.198047e+003,-4.211560e-002
8.198529e+003,-1.985734e-002
8.199012e+003,2.341796e-004
8.199494e+003,1.411307e-002
8.199976e+003,2.075652e-002
8.200458e+003,2.217681e-002
8.200939e+003,2.228321e-002
8.201422e+003,2.507083e-002
8.201904e+003,3.289316e-002
8.202387e+003,4.552812e-002
8.202868e+003,6.039144e-002
8.203351e+003,7.374977e-002
8.203833e+003,8.236124e-002
8.204314e+003,8.481238e-002
8.204797e+003,8.199082e-002
8.205279e+003,7.654409e-002
8.205762e+003,7.162976e-002
8.206243e+003,6.954846e-002
8.206726e+003,7.085089e-002
8.207207e+003,7.424529e-002
8.207689e+003,7.725143e-002
8.208172e+003,7.723797e-002
8.208654e+003,7.233876e-002
8.209136e+003,6.194466e-002
8.209618e+003,4.664104e-002
8.210101e+003,2.778684e-002
8.210582e+003,7.037253e-003
8.211064e+003,-1.394384e-002
8.211547e+003,-3.351969e-002
8.212029e+003,-4.999319e-002
8.212511e+003,-6.160819e-002
8.212993e+003,-6.678379e-002
8.213475e+003,-6.455529e-002
8.213957e+003,-5.502603e-002
8.214439e+003,-3.957279e-002
8.214922e+003,-2.063557e-002
8.215403e+003,-1.116847e-003
8.215886e+003,1.638851e-002
8.216368e+003,3.022239e-002
8.216850e+003,3.990377e-002
8.217332e+003,4.591726e-002
8.217814e+003,4.919692e-002
8.218297e+003,5.058445e-002
8.218778e+003,5.052736e-002
8.219261e+003,4.913520e-002
8.219742e+003,4.650960e-002
8.220225e+003,4.311566e-002
8.220707e+003,3.994398e-002
8.221189e+003,3.833045e-002
8.221672e+003,3.948891e-002
8.222153e+003,4.396903e-002
8.222636e+003,5.130175e-002
8.223117e+003,6.001374e-002
8.223600e+003,6.802139e-002
8.224082e+003,7.324732e-002
8.224564e+003,7.421307e-002
8.225046e+003,7.039247e-002
8.225528e+003,6.223559e-002
8.226011e+003,5.091593e-002
8.226492e+003,3.795017e-002
8.226975e+003,2.484691e-002
8.227457e+003,1.287493e-002
8.227939e+003,2.951804e-003
8.228421e+003,-4.404452e-003
8.228903e+003,-9.116163e-003
8.229385e+003,-1.158330e-002
8.229867e+003,-1.266465e-002
8.230350e+003,-1.353344e-002
8.230832e+003,-1.538302e-002
8.231313e+003,-1.904298e-002
8.231796e+003,-2.464489e-002
8.232278e+003,-3.149522e-002
8.232760e+003,-3.825041e-002
8.233242e+003,-4.336531e-002
8.233725e+003,-4.565972e-002
8.234207e+003,-4.477830e-002
8.234688e+003,-4.135162e-002
8.235171e+003,-3.678486e-002
8.235652e+003,-3.275845e-002
8.236135e+003,-3.064495e-002
8.236617e+003,-3.107349e-002
8.237100e+003,-3.379656e-002
8.237581e+003,-3.787259e-002
8.238063e+003,-4.204288e-002
8.238546e+003,-4.511519e-002
8.239027e+003,-4.619075e-002
8.239510e+003,-4.471008e-002
8.239992e+003,-4.031700e-002
8.240475e+003,-3.276429e-002
8.240956e+003,-2.193514e-002
8.241438e+003,-8.025819e-003
8.241920e+003,8.198950e-003
8.242402e+003,2.525078e-002
8.242885e+003,4.103223e-002
8.243367e+003,5.328843e-002
8.243850e+003,6.030631e-002
8.244331e+003,6.162901e-002
8.244813e+003,5.849652e-002
8.245295e+003,5.378741e-002
8.245777e+003,5.140273e-002
8.246260e+003,5.523889e-002
8.246742e+003,6.805704e-002
8.247224e+003,9.060692e-002
8.247706e+003,1.212825e-001
8.248188e+003,1.564039e-001
8.248670e+003,1.910143e-001
8.249152e+003,2.199286e-001
8.249635e+003,2.387241e-001
8.250117e+003,2.444356e-001
8.250599e+003,2.358499e-001
8.251081e+003,2.134429e-001
8.251563e+003,1.790932e-001
8.252045e+003,1.357162e-001
8.252527e+003,8.691644e-002
8.253010e+003,3.667154e-002
8.253491e+003,-1.098786e-002
8.253974e+003,-5.234126e-002
8.254456e+003,-8.437570e-002
8.254938e+003,-1.051460e-001
8.255420e+003,-1.139921e-001
8.255902e+003,-1.115294e-001
8.256385e+003,-9.939964e-002
8.256866e+003,-7.986140e-002
8.257349e+003,-5.535767e-002
8.257830e+003,-2.819101e-002
8.258313e+003,-3.726246e-004
8.258795e+003,2.638334e-002
8.259277e+003,5.061520e-002
8.259759e+003,7.111662e-002
8.260241e+003,8.702502e-002
8.260724e+003,9.794529e-002
8.261205e+003,1.040006e-001
8.261688e+003,1.057165e-001
8.262170e+003,1.037310e-001
8.262652e+003,9.844430e-002
8.263134e+003,8.979479e-002
8.263616e+003,7.733694e-002
8.264098e+003,6.066311e-002
8.264580e+003,4.003318e-002
8.265063e+003,1.692095e-002
8.265545e+003,-5.844750e-003
8.266027e+003,-2.453784e-002
8.266509e+003,-3.553479e-002
8.266991e+003,-3.653349e-002
8.267473e+003,-2.751294e-002
8.267955e+003,-1.099933e-002
8.268438e+003,8.556217e-003
8.268920e+003,2.613727e-002
8.269401e+003,3.780093e-002
8.269884e+003,4.198853e-002
8.270366e+003,4.005111e-002
8.270848e+003,3.571323e-002
8.271330e+003,3.370772e-002
8.271813e+003,3.805708e-002
8.272295e+003,5.062103e-002
8.272776e+003,7.041486e-002
8.273259e+003,9.390536e-002
8.273740e+003,1.161378e-001
8.274223e+003,1.322715e-001
8.274705e+003,1.389973e-001
8.275188e+003,1.353956e-001
8.275669e+003,1.230178e-001
8.276151e+003,1.052398e-001
8.276634e+003,8.616031e-002
8.277115e+003,6.941990e-002
8.277598e+003,5.729628e-002
8.278080e+003,5.030340e-002
8.278563e+003,4.734575e-002
8.279044e+003,4.631494e-002
8.279526e+003,4.490259e-002
8.280008e+003,4.136844e-002
8.280490e+003,3.504376e-002
8.280973e+003,2.645267e-002
8.281455e+003,1.706298e-002
8.281937e+003,8.793017e-003
8.282419e+003,3.462291e-003
8.282901e+003,2.359677e-003
8.283383e+003,6.027213e-003
8.283865e+003,1.425510e-002
8.284348e+003,2.620445e-002
8.284830e+003,4.055670e-002
8.285312e+003,5.563436e-002
8.285794e+003,6.951544e-002
8.286275e+003,8.021680e-002
8.286758e+003,8.600771e-002
8.287240e+003,8.582833e-002
8.287723e+003,7.967282e-002
8.288205e+003,6.872869e-002
8.288687e+003,5.510677e-002
8.289169e+003,4.115785e-002
8.289650e+003,2.858862e-002
8.290133e+003,1.774920e-002
8.290615e+003,7.463141e-003
8.291098e+003,-4.423431e-003
8.291579e+003,-1.991657e-002
8.292062e+003,-3.962284e-002
8.292544e+003,-6.195099e-002
8.293025e+003,-8.321141e-002
8.293508e+003,-9.868483e-002
8.293990e+003,-1.042844e-001
8.294473e+003,-9.813234e-002
8.294954e+003,-8.136956e-002
8.295437e+003,-5.783489e-002
8.295918e+003,-3.274237e-002
8.296400e+003,-1.092887e-002
8.296883e+003,4.573240e-003
8.297365e+003,1.305586e-002
8.297847e+003,1.561804e-002
8.298329e+003,1.399397e-002
8.298812e+003,9.418962e-003
8.299293e+003,2.165217e-003
8.299775e+003,-8.019879e-003
8.300258e+003,-2.087532e-002
8.300740e+003,-3.466455e-002
8.301222e+003,-4.600914e-002
8.301704e+003,-5.080341e-002
8.302186e+003,-4.596824e-002
8.302668e+003,-3.125090e-002
8.303150e+003,-1.013999e-002
8.303633e+003,1.072148e-002
8.304114e+003,2.358585e-002
8.304597e+003,2.237923e-002
8.305079e+003,5.085574e-003
8.305561e+003,-2.527536e-002
8.306043e+003,-6.151417e-002
8.306525e+003,-9.465195e-002
8.307008e+003,-1.168699e-001
8.307489e+003,-1.238895e-001
8.307972e+003,-1.159375e-001
8.308453e+003,-9.707370e-002
8.308936e+003,-7.332616e-002
8.309418e+003,-5.049550e-002
8.309900e+003,-3.249043e-002
8.310383e+003,-2.069350e-002
8.310864e+003,-1.433725e-002
8.311347e+003,-1.146192e-002
8.311828e+003,-9.901063e-003
8.312311e+003,-7.905210e-003
8.312793e+003,-4.324861e-003
8.313275e+003,1.463472e-003
8.313757e+003,9.627826e-003
8.314239e+003,1.980976e-002
8.314722e+003,3.098270e-002
8.315203e+003,4.145470e-002
8.315686e+003,4.920223e-002
8.316168e+003,5.253211e-002
8.316650e+003,5.083198e-002
8.317132e+003,4.503664e-002
8.317614e+003,3.750688e-002
8.318096e+003,3.127426e-002
8.318578e+003,2.892205e-002
8.319061e+003,3.158109e-002
8.319543e+003,3.849601e-002
8.320024e+003,4.736227e-002
8.320507e+003,5.527355e-002
8.320989e+003,5.983762e-002
8.321471e+003,5.995850e-002
8.321953e+003,5.597138e-002
8.322436e+003,4.914691e-002
8.322918e+003,4.088328e-002
8.323399e+003,3.202477e-002
8.323882e+003,2.263503e-002
8.324363e+003,1.227887e-002
8.324846e+003,5.832773e-004
8.325328e+003,-1.229281e-002
8.325811e+003,-2.557826e-002
8.326292e+003,-3.825906e-002
8.326774e+003,-4.968801e-002
8.327257e+003,-6.007381e-002
8.327738e+003,-7.053860e-002
8.328221e+003,-8.265502e-002
8.328703e+003,-9.764797e-002
8.329186e+003,-1.156287e-001
8.329667e+003,-1.352264e-001
8.330149e+003,-1.538027e-001
8.330631e+003,-1.681687e-001
8.331113e+003,-1.755115e-001
8.331596e+003,-1.741900e-001
8.332078e+003,-1.640312e-001
8.332561e+003,-1.462860e-001
8.333042e+003,-1.231589e-001
8.333524e+003,-9.725079e-002
8.334006e+003,-7.109643e-002
8.334488e+003,-4.688696e-002
8.334971e+003,-2.635131e-002
8.335453e+003,-1.071090e-002
8.335935e+003,-6.393924e-004
8.336417e+003,3.776817e-003
8.336899e+003,3.027342e-003
8.337381e+003,-1.936292e-003
8.337863e+003,-9.919302e-003
8.338346e+003,-1.973748e-002
8.338828e+003,-3.039889e-002
8.339310e+003,-4.113130e-002
8.339792e+003,-5.125626e-002
8.340273e+003,-6.000323e-002
8.340756e+003,-6.640226e-002
8.341238e+003,-6.935871e-002
8.341721e+003,-6.791199e-002
8.342202e+003,-6.157070e-002
8.342685e+003,-5.055754e-002
8.343167e+003,-3.582844e-002
8.343648e+003,-1.883728e-002
8.344131e+003,-1.146111e-003
8.344613e+003,1.594149e-002
8.345096e+003,3.155852e-002
8.345577e+003,4.520253e-002
8.346060e+003,5.648344e-002
8.346541e+003,6.485575e-002
8.347023e+003,6.950580e-002
8.347506e+003,6.948134e-002
8.347988e+003,6.402458e-002
8.348470e+003,5.296549e-002
8.348952e+003,3.700036e-002
8.349435e+003,1.773044e-002
8.349916e+003,-2.564220e-003
8.350398e+003,-2.134245e-002
8.350881e+003,-3.628329e-002
8.351363e+003,-4.570512e-002
8.351845e+003,-4.884036e-002
8.352327e+003,-4.593377e-002
8.352809e+003,-3.816811e-002
8.353291e+003,-2.743329e-002
8.353773e+003,-1.596272e-002
8.354256e+003,-5.879841e-003
8.354738e+003,1.264060e-003
8.355220e+003,4.842389e-003
8.355702e+003,5.272707e-003
8.356184e+003,3.830747e-003
8.356666e+003,2.188760e-003
8.357148e+003,1.821423e-003
8.357631e+003,3.491341e-003
8.358112e+003,7.006676e-003
8.358595e+003,1.133687e-002
8.359077e+003,1.502423e-002
8.359559e+003,1.671052e-002
8.360041e+003,1.556657e-002
8.360523e+003,1.147998e-002
8.361006e+003,4.982385e-003
8.361487e+003,-2.984851e-003
8.361970e+003,-1.132089e-002
8.362451e+003,-1.892711e-002
8.362934e+003,-2.477609e-002
8.363416e+003,-2.796487e-002
8.363898e+003,-2.785433e-002
8.364380e+003,-2.431473e-002
8.364862e+003,-1.798601e-002
8.365345e+003,-1.037638e-002
8.365826e+003,-3.639604e-003
8.366309e+003,-2.778148e-006
8.366791e+003,-1.006986e-003
8.367273e+003,-6.871801e-003
8.367755e+003,-1.630292e-002
8.368237e+003,-2.690260e-002
8.368719e+003,-3.607642e-002
8.369201e+003,-4.208178e-002
8.369684e+003,-4.476207e-002
8.370166e+003,-4.561905e-002
8.370647e+003,-4.715588e-002
8.371130e+003,-5.175350e-002
8.371612e+003,-6.056337e-002
8.372094e+003,-7.290290e-002
8.372576e+003,-8.641933e-002
8.373059e+003,-9.794587e-002
8.373541e+003,-1.046724e-001
8.374022e+003,-1.051286e-001
8.374505e+003,-9.958738e-002
8.374986e+003,-8.977294e-002
8.375469e+003,-7.806832e-002
8.375951e+003,-6.661057e-002
8.376434e+003,-5.665657e-002
8.376915e+003,-4.842466e-002
8.377397e+003,-4.137028e-002
8.377880e+003,-3.466487e-002
8.378361e+003,-2.760544e-002
8.378844e+003,-1.978810e-002
8.379326e+003,-1.105421e-002
8.379809e+003,-1.357023e-003
8.380290e+003,9.283261e-003
8.380772e+003,2.066419e-002
8.381255e+003,3.220524e-002
8.381736e+003,4.285175e-002
8.382219e+003,5.124178e-002
8.382701e+003,5.616000e-002
8.383184e+003,5.711982e-002
8.383665e+003,5.479088e-002
8.384147e+003,5.100840e-002
8.384629e+003,4.826086e-002
8.385111e+003,4.878893e-002
8.385594e+003,5.362736e-002
8.386076e+003,6.198997e-002
8.386558e+003,7.128695e-002
8.387040e+003,7.781807e-002
8.387522e+003,7.790749e-002
8.388004e+003,6.906751e-002
8.388486e+003,5.077591e-002
8.388969e+003,2.461944e-002
8.389451e+003,-6.191766e-003
8.389933e+003,-3.770736e-002
8.390415e+003,-6.617687e-002
8.390896e+003,-8.874554e-002
8.391379e+003,-1.037562e-001
8.391861e+003,-1.106930e-001
8.392344e+003,-1.099330e-001
8.392825e+003,-1.024956e-001
8.393308e+003,-8.990505e-002
8.393790e+003,-7.416903e-002
8.394271e+003,-5.775670e-002
8.394754e+003,-4.345537e-002
8.395236e+003,-3.402398e-002
8.395719e+003,-3.167685e-002
8.396200e+003,-3.753765e-002
8.396683e+003,-5.126213e-002
8.397164e+003,-7.100157e-002
8.397646e+003,-9.377645e-002
8.398129e+003,-1.161833e-001
8.398611e+003,-1.352273e-001
8.399093e+003,-1.490133e-001
8.399575e+003,-1.570635e-001
8.400058e+003,-1.601578e-001
8.400539e+003,-1.597636e-001
8.401021e+003,-1.572799e-001
8.401504e+003,-1.533987e-001
8.401986e+003,-1.478518e-001
8.402468e+003,-1.396574e-001
8.402950e+003,-1.277676e-001
8.403433e+003,-1.118320e-001
8.403914e+003,-9.271554e-002
8.404396e+003,-7.249318e-002
8.404879e+003,-5.385412e-002
8.405361e+003,-3.911652e-002
8.405843e+003,-2.925139e-002
8.406325e+003,-2.335769e-002
8.406807e+003,-1.887045e-002
8.407289e+003,-1.248332e-002
8.407771e+003,-1.445489e-003
8.408254e+003,1.529255e-002
8.408735e+003,3.657615e-002
8.409218e+003,5.942377e-002
8.409700e+003,8.015394e-002
8.410182e+003,9.580530e-002
8.410664e+003,1.052549e-001
8.411146e+003,1.095595e-001
8.411629e+003,1.113717e-001
8.412110e+003,1.136849e-001
8.412593e+003,1.184422e-001
8.413074e+003,1.256014e-001
8.413557e+003,1.330365e-001
8.414039e+003,1.372936e-001
8.414521e+003,1.348674e-001
8.415003e+003,1.234624e-001
8.415485e+003,1.027529e-001
8.415968e+003,7.439265e-002
8.416449e+003,4.135527e-002
8.416932e+003,6.938495e-003
8.417414e+003,-2.614344e-002
8.417896e+003,-5.625567e-002
8.418378e+003,-8.282094e-002
8.418860e+003,-1.058990e-001
8.419342e+003,-1.256213e-001
8.419824e+003,-1.417394e-001
8.420307e+003,-1.534440e-001
8.420789e+003,-1.594770e-001
8.421271e+003,-1.584486e-001
8.421753e+003,-1.492445e-001
8.422235e+003,-1.314210e-001
8.422717e+003,-1.055319e-001
8.423199e+003,-7.333823e-002
8.423682e+003,-3.784046e-002
8.424164e+003,-3.054183e-003
8.424646e+003,2.653922e-002
8.425128e+003,4.682349e-002
8.425610e+003,5.501282e-002
8.426092e+003,5.047001e-002
8.426574e+003,3.507260e-002
8.427057e+003,1.292041e-002
8.427539e+003,-1.061138e-002
8.428021e+003,-3.022571e-002
8.428503e+003,-4.204461e-002
8.428984e+003,-4.450259e-002
8.429467e+003,-3.851275e-002
8.429949e+003,-2.688929e-002
8.430432e+003,-1.327297e-002
8.430913e+003,-9.602646e-004
8.431396e+003,7.971403e-003
8.431878e+003,1.300502e-002
8.432359e+003,1.498149e-002
8.432842e+003,1.553987e-002
8.433324e+003,1.647568e-002
8.433807e+003,1.924909e-002
8.434288e+003,2.474040e-002
8.434771e+003,3.320783e-002
8.435252e+003,4.432503e-002
8.435734e+003,5.719538e-002
8.436217e+003,7.032816e-002
8.436699e+003,8.165697e-002
8.437181e+003,8.872001e-002
8.437663e+003,8.907653e-002
8.438146e+003,8.092412e-002
8.438627e+003,6.375974e-002
8.439109e+003,3.885949e-002
8.439592e+003,9.369509e-003
8.440074e+003,-2.009417e-002
8.440556e+003,-4.429166e-002
8.441038e+003,-5.846532e-002
8.441520e+003,-5.943684e-002
8.442002e+003,-4.641535e-002
8.442484e+003,-2.129802e-002
8.442967e+003,1.164029e-002
8.443448e+003,4.663160e-002
8.443931e+003,7.769079e-002
8.444413e+003,9.998458e-002
8.444895e+003,1.109387e-001
8.445377e+003,1.107647e-001
8.445859e+003,1.022240e-001
8.446342e+003,8.966532e-002
8.446823e+003,7.760777e-002
8.447306e+003,6.931741e-002
8.447787e+003,6.585658e-002
8.448270e+003,6.594143e-002
8.448752e+003,6.665836e-002
8.449234e+003,6.476533e-002
8.449717e+003,5.807177e-002
8.450198e+003,4.635349e-002
8.450681e+003,3.144594e-002
8.451162e+003,1.650025e-002
8.451645e+003,4.738654e-003
8.452127e+003,-1.747360e-003
8.452609e+003,-2.645670e-003
8.453091e+003,7.313035e-004
8.453573e+003,6.288080e-003
8.454056e+003,1.224904e-002
8.454537e+003,1.799016e-002
8.455020e+003,2.421347e-002
8.455502e+003,3.236806e-002
8.455984e+003,4.365727e-002
8.456466e+003,5.807292e-002
8.456948e+003,7.395323e-002
8.457430e+003,8.828745e-002
8.457912e+003,9.765712e-002
8.458395e+003,9.942647e-002
8.458877e+003,9.269367e-002
8.459358e+003,7.863114e-002
8.459841e+003,6.010913e-002
8.460323e+003,4.079063e-002
8.460805e+003,2.407415e-002
8.461287e+003,1.227012e-002
8.461770e+003,6.247223e-003
8.462252e+003,5.565162e-003
8.462733e+003,8.925405e-003
8.463216e+003,1.469995e-002
8.463697e+003,2.133997e-002
8.464180e+003,2.757860e-002
8.464662e+003,3.245537e-002
8.465145e+003,3.524935e-002
8.465626e+003,3.540738e-002
8.466108e+003,3.251458e-002
8.466591e+003,2.631598e-002
8.467072e+003,1.678040e-002
8.467555e+003,4.198343e-003
8.468037e+003,-1.069923e-002
8.468520e+003,-2.663618e-002
8.469001e+003,-4.177248e-002
8.469483e+003,-5.385848e-002
8.469965e+003,-6.061587e-002
8.470447e+003,-6.030413e-002
8.470930e+003,-5.231049e-002
8.471412e+003,-3.752176e-002
8.471895e+003,-1.826053e-002
8.472376e+003,2.286659e-003
8.472858e+003,2.100303e-002
8.473340e+003,3.580573e-002
8.473822e+003,4.625149e-002
8.474305e+003,5.351476e-002
8.474787e+003,5.972714e-002
8.475269e+003,6.695077e-002
8.475751e+003,7.623265e-002
8.476233e+003,8.715841e-002
8.476715e+003,9.809536e-002
8.477197e+003,1.069910e-001
8.477680e+003,1.123316e-001
8.478162e+003,1.137961e-001
8.478644e+003,1.122977e-001
8.479126e+003,1.094143e-001
8.479607e+003,1.065079e-001
8.480090e+003,1.039758e-001
8.480572e+003,1.009983e-001
8.481055e+003,9.588450e-002
8.481536e+003,8.682946e-002
8.482019e+003,7.270868e-002
8.482501e+003,5.355555e-002
8.482982e+003,3.055841e-002
8.483465e+003,5.669260e-003
8.483947e+003,-1.891000e-002
8.484430e+003,-4.109607e-002
8.484911e+003,-5.903237e-002
8.485394e+003,-7.102874e-002
8.485875e+003,-7.554404e-002
8.486357e+003,-7.141513e-002
8.486840e+003,-5.829425e-002
8.487322e+003,-3.713489e-002
8.487804e+003,-1.039818e-002
8.488286e+003,1.824754e-002
8.488769e+003,4.473333e-002
8.489250e+003,6.563551e-002
8.489732e+003,7.903828e-002
8.490215e+003,8.484586e-002
8.490697e+003,8.442780e-002
8.491179e+003,7.980414e-002
8.491661e+003,7.279635e-002
8.492143e+003,6.455927e-002
8.492625e+003,5.567335e-002
8.493107e+003,4.664301e-002
8.493590e+003,3.840732e-002
8.494072e+003,3.245967e-002
8.494554e+003,3.040776e-002
8.495036e+003,3.315822e-002
8.495518e+003,4.018196e-002
8.496000e+003,4.934084e-002
8.496482e+003,5.749904e-002
8.496965e+003,6.172866e-002
8.497446e+003,6.056573e-002
8.497929e+003,5.468087e-002
8.498411e+003,4.657145e-002
8.498893e+003,3.935398e-002
8.499375e+003,3.519996e-002
8.499857e+003,3.417176e-002
8.500340e+003,3.405420e-002
8.500821e+003,3.131854e-002
8.501304e+003,2.281327e-002
8.501785e+003,7.418915e-003
8.502268e+003,-1.309838e-002
8.502750e+003,-3.443672e-002
8.503232e+003,-5.116570e-002
8.503714e+003,-5.858016e-002
8.504196e+003,-5.422984e-002
8.504679e+003,-3.855649e-002
8.505160e+003,-1.450395e-002
8.505643e+003,1.359078e-002
8.506125e+003,4.127395e-002
8.506607e+003,6.491438e-002
8.507089e+003,8.207410e-002
8.507571e+003,9.140788e-002
8.508053e+003,9.239663e-002
8.508535e+003,8.520401e-002
8.509018e+003,7.075337e-002
8.509500e+003,5.089092e-002
8.509981e+003,2.838239e-002
8.510464e+003,6.561555e-003
8.510946e+003,-1.134239e-002
8.511428e+003,-2.295677e-002
8.511910e+003,-2.727168e-002
8.512393e+003,-2.467859e-002
8.512875e+003,-1.655112e-002
8.513356e+003,-4.606621e-003
8.513839e+003,9.617042e-003
8.514320e+003,2.492861e-002
8.514803e+003,4.028293e-002
8.515285e+003,5.443329e-002
8.515768e+003,6.575535e-002
8.516250e+003,7.246248e-002
8.516731e+003,7.319106e-002
8.517214e+003,6.769152e-002
8.517695e+003,5.723421e-002
8.518178e+003,4.445625e-002
8.518660e+003,3.261932e-002
8.519143e+003,2.454894e-002
8.519624e+003,2.168564e-002
8.520106e+003,2.363155e-002
8.520589e+003,2.834778e-002
8.521070e+003,3.287874e-002
8.521553e+003,3.428545e-002
8.522035e+003,3.044504e-002
8.522518e+003,2.050417e-002
8.522999e+003,4.966552e-003
8.523481e+003,-1.446536e-002
8.523963e+003,-3.515733e-002
8.524445e+003,-5.386826e-002
8.524928e+003,-6.718248e-002
8.525410e+003,-7.211637e-002
8.525892e+003,-6.686583e-002
8.526374e+003,-5.149805e-002
8.526856e+003,-2.828065e-002
8.527338e+003,-1.385591e-003
8.527820e+003,2.407851e-002
8.528303e+003,4.345022e-002
8.528785e+003,5.382454e-002
8.529267e+003,5.477094e-002
8.529749e+003,4.816451e-002
8.530230e+003,3.722290e-002
8.530713e+003,2.520046e-002
8.531195e+003,1.433476e-002
8.531678e+003,5.485037e-003
8.532159e+003,-1.474594e-003
8.532642e+003,-6.840315e-003
8.533124e+003,-1.038458e-002
8.533605e+003,-1.122850e-002
8.534088e+003,-8.379051e-003
8.534570e+003,-1.614086e-003
8.535053e+003,7.845464e-003
8.535534e+003,1.736602e-002
8.536017e+003,2.376248e-002
8.536498e+003,2.466048e-002
8.536980e+003,1.971873e-002
8.537463e+003,1.107958e-002
8.537945e+003,2.751934e-003
8.538428e+003,-8.621759e-004
8.538909e+003,3.340880e-003
8.539392e+003,1.601750e-002
8.539873e+003,3.527867e-002
8.540355e+003,5.764312e-002
8.540838e+003,7.954331e-002
8.541320e+003,9.864852e-002
8.541802e+003,1.144066e-001
8.542284e+003,1.276317e-001
8.542767e+003,1.394523e-001
8.543248e+003,1.502357e-001
8.543730e+003,1.590768e-001
8.544213e+003,1.641120e-001
8.544695e+003,1.634681e-001
8.545177e+003,1.563260e-001
8.545659e+003,1.435314e-001
8.546141e+003,1.274346e-001
8.546623e+003,1.110374e-001
8.547105e+003,9.685785e-002
8.547588e+003,8.604079e-002
8.548069e+003,7.807077e-002
8.548552e+003,7.119489e-002
8.549034e+003,6.327359e-002
8.549516e+003,5.267991e-002
8.549998e+003,3.889273e-002
8.550480e+003,2.263213e-002
8.550963e+003,5.608069e-003
8.551444e+003,-9.919675e-003
8.551927e+003,-2.158450e-002
8.552408e+003,-2.728062e-002
8.552891e+003,-2.548167e-002
8.553373e+003,-1.556235e-002
8.553855e+003,1.894904e-003
8.554337e+003,2.493050e-002
8.554819e+003,5.034693e-002
8.555302e+003,7.426243e-002
8.555783e+003,9.301264e-002
8.556266e+003,1.041444e-001
8.556748e+003,1.071401e-001
8.557230e+003,1.035685e-001
8.557712e+003,9.656116e-002
8.558194e+003,8.978289e-002
8.558676e+003,8.626311e-002
8.559158e+003,8.750436e-002
8.559641e+003,9.315357e-002
8.560123e+003,1.012845e-001
8.560605e+003,1.091133e-001
8.561087e+003,1.138504e-001
8.561569e+003,1.134134e-001
8.562051e+003,1.068520e-001
8.562533e+003,9.446925e-002
8.563016e+003,7.770419e-002
8.563498e+003,5.884828e-002
8.563979e+003,4.063632e-002
8.564462e+003,2.574082e-002
8.564944e+003,1.623251e-002
8.565426e+003,1.313111e-002
8.565908e+003,1.620593e-002
8.566391e+003,2.414006e-002
8.566873e+003,3.504198e-002
8.567354e+003,4.712434e-002
8.567837e+003,5.926197e-002
8.568318e+003,7.116955e-002
8.568801e+003,8.310848e-002
8.569283e+003,9.527414e-002
8.569766e+003,1.071969e-001
8.570247e+003,1.175104e-001
8.570729e+003,1.242611e-001
8.571212e+003,1.256475e-001
8.571693e+003,1.208165e-001
8.572176e+003,1.102855e-001
8.572658e+003,9.572399e-002
8.573141e+003,7.916754e-002
8.573622e+003,6.205865e-002
8.574104e+003,4.463449e-002
8.574586e+003,2.603406e-002
8.575068e+003,5.129226e-003
8.575551e+003,-1.831491e-002
8.576033e+003,-4.276979e-002
8.576515e+003,-6.489042e-002
8.576997e+003,-8.043012e-002
8.577479e+003,-8.578759e-002
8.577961e+003,-7.950573e-002
8.578443e+003,-6.301229e-002
8.578926e+003,-4.024339e-002
8.579408e+003,-1.623086e-002
8.579890e+003,4.691547e-003
8.580372e+003,2.029454e-002
8.580854e+003,3.086491e-002
8.581336e+003,3.849607e-002
8.581818e+003,4.565380e-002
8.582301e+003,5.372730e-002
8.582783e+003,6.223831e-002
8.583265e+003,6.903350e-002
8.583747e+003,7.130539e-002
8.584229e+003,6.691098e-002
8.584711e+003,5.535468e-002
8.585193e+003,3.800794e-002
8.585676e+003,1.752719e-002
8.586157e+003,-3.195633e-003
8.586640e+003,-2.204179e-002
8.587122e+003,-3.820382e-002
8.587604e+003,-5.209125e-002
8.588086e+003,-6.474345e-002
8.588568e+003,-7.708209e-002
8.589051e+003,-8.934443e-002
8.589532e+003,-1.008955e-001
8.590015e+003,-1.104177e-001
8.590496e+003,-1.163272e-001
8.590979e+003,-1.172284e-001
8.591461e+003,-1.122681e-001
8.591943e+003,-1.013383e-001
8.592425e+003,-8.513404e-002
8.592907e+003,-6.508244e-002
8.593390e+003,-4.313913e-002
8.593871e+003,-2.145130e-002
8.594354e+003,-1.931484e-003
8.594836e+003,1.414041e-002
8.595318e+003,2.632492e-002
8.595800e+003,3.491786e-002
8.596282e+003,4.054056e-002
8.596764e+003,4.360329e-002
8.597246e+003,4.392829e-002
8.597729e+003,4.078353e-002
8.598211e+003,3.339267e-002
8.598692e+003,2.172548e-002
8.599175e+003,7.174672e-003
8.599657e+003,-7.291207e-003
8.600139e+003,-1.770626e-002
8.600621e+003,-2.028336e-002
8.601104e+003,-1.273623e-002
8.601586e+003,4.829119e-003
8.602067e+003,2.988212e-002
8.602550e+003,5.835474e-002
8.603031e+003,8.609056e-002
8.603514e+003,1.102347e-001
8.603996e+003,1.299682e-001
8.604479e+003,1.462956e-001
8.604960e+003,1.610348e-001
8.605442e+003,1.755181e-001
8.605925e+003,1.896201e-001
8.606406e+003,2.015440e-001
8.606889e+003,2.084226e-001
8.607371e+003,2.074161e-001
8.607854e+003,1.968025e-001
8.608335e+003,1.766249e-001
8.608817e+003,1.487242e-001
8.609300e+003,1.162857e-001
8.609781e+003,8.320241e-002
8.610264e+003,5.352547e-002
8.610746e+003,3.109321e-002
8.611229e+003,1.923288e-002
8.611710e+003,2.035305e-002
8.612192e+003,3.535085e-002
8.612674e+003,6.298059e-002
8.613156e+003,9.952532e-002
8.613639e+003,1.391273e-001
8.614121e+003,1.749202e-001
8.614603e+003,2.007388e-001
8.615085e+003,2.128386e-001
8.615567e+003,2.109462e-001
8.616049e+003,1.981536e-001
8.616531e+003,1.796328e-001
8.617014e+003,1.606533e-001
8.617496e+003,1.447071e-001
8.617978e+003,1.325081e-001
8.618460e+003,1.222482e-001
8.618941e+003,1.109259e-001
8.619424e+003,9.608692e-002
8.619906e+003,7.716163e-002
8.620389e+003,5.580822e-002
8.620870e+003,3.517264e-002
8.621353e+003,1.848350e-002
8.621835e+003,7.684703e-003
8.622316e+003,2.736823e-003
8.622799e+003,1.855651e-003
8.623281e+003,2.487277e-003
8.623764e+003,2.481629e-003
8.624245e+003,8.796728e-004
8.624728e+003,-2.020142e-003
8.625209e+003,-5.246646e-003
8.625691e+003,-7.984336e-003
8.626174e+003,-1.014151e-002
8.626656e+003,-1.233546e-002
8.627138e+003,-1.532341e-002
8.627620e+003,-1.923142e-002
8.628103e+003,-2.305977e-002
8.628584e+003,-2.480611e-002
8.629066e+003,-2.222252e-002
8.629549e+003,-1.388092e-002
8.630031e+003,-4.054204e-005
8.630513e+003,1.711790e-002
8.630995e+003,3.404088e-002
8.631478e+003,4.692940e-002
8.631959e+003,5.298543e-002
8.632441e+003,5.128176e-002
8.632924e+003,4.294759e-002
8.633406e+003,3.067297e-002
8.633888e+003,1.781665e-002
8.634370e+003,7.517620e-003
8.634852e+003,2.126597e-003
8.635334e+003,3.054128e-003
8.635816e+003,1.090642e-002
8.636299e+003,2.566528e-002
8.636780e+003,4.671460e-002
8.637263e+003,7.267761e-002
8.637745e+003,1.012132e-001
8.638227e+003,1.290099e-001
8.638709e+003,1.521667e-001
8.639191e+003,1.669720e-001
8.639674e+003,1.708871e-001
8.640155e+003,1.633933e-001
8.640638e+003,1.463623e-001
8.641119e+003,1.237513e-001
8.641602e+003,1.006563e-001
8.642084e+003,8.199288e-002
8.642566e+003,7.120101e-002
8.643048e+003,6.936626e-002
8.643530e+003,7.500521e-002
8.644013e+003,8.455692e-002
8.644494e+003,9.342093e-002
8.644977e+003,9.724547e-002
8.645459e+003,9.312101e-002
8.645941e+003,8.037703e-002
8.646423e+003,6.078824e-002
8.646905e+003,3.814873e-002
8.647387e+003,1.732185e-002
8.647869e+003,2.998423e-003
8.648352e+003,-1.532188e-003
8.648834e+003,4.711271e-003
8.649315e+003,2.006458e-002
8.649798e+003,4.056360e-002
8.650280e+003,6.090881e-002
8.650762e+003,7.580654e-002
8.651244e+003,8.132165e-002
8.651727e+003,7.585947e-002
8.652209e+003,6.049775e-002
8.652690e+003,3.858298e-002
8.653173e+003,1.472964e-002
8.653654e+003,-6.461123e-003
8.654137e+003,-2.157177e-002
8.654619e+003,-2.908515e-002
8.655102e+003,-2.946056e-002
8.655584e+003,-2.459334e-002
8.656065e+003,-1.688012e-002
8.656548e+003,-8.237798e-003
8.657029e+003,5.699120e-004
8.657512e+003,1.005814e-002
8.657994e+003,2.156094e-002
8.658477e+003,3.636698e-002
8.658958e+003,5.479303e-002
8.659440e+003,7.557929e-002
8.659923e+003,9.589233e-002
8.660404e+003,1.120062e-001
8.660887e+003,1.204704e-001
8.661369e+003,1.193615e-001
8.661852e+003,1.091415e-001
8.662333e+003,9.275727e-002
8.662815e+003,7.487779e-002
8.663297e+003,6.048746e-002
8.663779e+003,5.331020e-002
8.664262e+003,5.462897e-002
8.664744e+003,6.293662e-002
8.665226e+003,7.455276e-002
8.665708e+003,8.497136e-002
8.666190e+003,9.042773e-002
8.666672e+003,8.909679e-002
8.667154e+003,8.149678e-002
8.667637e+003,6.999804e-002
8.668119e+003,5.769118e-002
8.668601e+003,4.710908e-002
8.669083e+003,3.932654e-002
8.669564e+003,3.377350e-002
8.670047e+003,2.877512e-002
8.670529e+003,2.252476e-002
8.671012e+003,1.403310e-002
8.671493e+003,3.643252e-003
8.671976e+003,-7.080204e-003
8.672458e+003,-1.600156e-002
8.672939e+003,-2.129660e-002
8.673422e+003,-2.218655e-002
8.673904e+003,-1.923304e-002
8.674387e+003,-1.410379e-002
8.674868e+003,-8.933012e-003
8.675351e+003,-5.541053e-003
8.675832e+003,-4.795433e-003
8.676314e+003,-6.310919e-003
8.676797e+003,-8.550067e-003
8.677279e+003,-9.260589e-003
8.677762e+003,-6.107739e-003
8.678243e+003,2.663771e-003
8.678726e+003,1.769151e-002
8.679207e+003,3.820300e-002
8.679689e+003,6.205069e-002
8.680172e+003,8.609713e-002
8.680654e+003,1.068909e-001
8.681136e+003,1.214796e-001
8.681618e+003,1.281307e-001
8.682101e+003,1.267275e-001
8.682582e+003,1.186944e-001
8.683064e+003,1.064704e-001
8.683547e+003,9.272991e-002
8.684029e+003,7.965289e-002
8.684511e+003,6.852232e-002
8.684993e+003,5.977318e-002
8.685475e+003,5.339881e-002
8.685957e+003,4.944552e-002
8.686439e+003,4.828637e-002
8.686922e+003,5.049218e-002
8.687403e+003,5.635555e-002
8.687886e+003,6.534994e-002
8.688368e+003,7.589021e-002
8.688850e+003,8.564077e-002
8.689332e+003,9.233702e-002
8.689814e+003,9.478476e-002
8.690297e+003,9.353821e-002
8.690778e+003,9.084316e-002
8.691261e+003,8.974703e-002
8.691742e+003,9.268913e-002
8.692225e+003,1.001910e-001
8.692707e+003,1.102942e-001
8.693189e+003,1.191076e-001
8.693671e+003,1.223338e-001
8.694153e+003,1.171709e-001
8.694636e+003,1.037700e-001
8.695117e+003,8.557035e-002
8.695600e+003,6.830800e-002
8.696082e+003,5.806303e-002
8.696564e+003,5.912558e-002
8.697046e+003,7.253030e-002
8.697528e+003,9.580400e-002
8.698010e+003,1.239515e-001
8.698492e+003,1.511996e-001
8.698975e+003,1.727566e-001
8.699457e+003,1.859223e-001
8.699939e+003,1.902490e-001
8.700421e+003,1.869077e-001
8.700903e+003,1.777333e-001
8.701385e+003,1.644669e-001
8.701867e+003,1.484937e-001
8.702350e+003,1.309975e-001
8.702832e+003,1.132760e-001
8.703313e+003,9.681129e-002
8.703796e+003,8.295143e-002
8.704278e+003,7.232629e-002
8.704760e+003,6.435264e-002
8.705242e+003,5.720364e-002
8.705725e+003,4.840767e-002
8.706207e+003,3.591159e-002
8.706688e+003,1.916663e-002
8.707171e+003,-2.765191e-004
8.707652e+003,-1.899592e-002
8.708135e+003,-3.272928e-002
8.708617e+003,-3.782732e-002
8.709100e+003,-3.255796e-002
8.709581e+003,-1.775488e-002
8.710063e+003,3.415886e-003
8.710546e+003,2.643852e-002
8.711027e+003,4.677759e-002
8.711510e+003,6.107591e-002
8.711992e+003,6.786075e-002
8.712475e+003,6.763274e-002
8.712956e+003,6.244202e-002
8.713438e+003,5.518267e-002
8.713920e+003,4.884168e-002
8.714402e+003,4.585480e-002
8.714885e+003,4.763600e-002
8.715367e+003,5.430662e-002
8.715849e+003,6.466213e-002
8.716331e+003,7.643041e-002
8.716813e+003,8.683828e-002
8.717295e+003,9.339853e-002
8.717777e+003,9.469708e-002
8.718260e+003,9.088567e-002
8.718742e+003,8.364127e-002
8.719224e+003,7.554778e-002
8.719706e+003,6.911139e-002
8.720188e+003,6.581921e-002
8.720670e+003,6.566959e-002
8.721152e+003,6.741583e-002
8.721635e+003,6.943266e-002
8.722117e+003,7.079882e-002
8.722599e+003,7.204638e-002
8.723081e+003,7.515227e-002
8.723563e+003,8.269387e-002
8.724045e+003,9.649827e-002
8.724527e+003,1.163930e-001
8.725010e+003,1.396682e-001
8.725491e+003,1.615764e-001
8.725974e+003,1.767468e-001
8.726456e+003,1.809757e-001
8.726938e+003,1.726798e-001
8.727420e+003,1.534316e-001
8.727902e+003,1.273831e-001
8.728385e+003,9.983072e-002
8.728866e+003,7.548789e-002
8.729349e+003,5.709374e-002
8.729830e+003,4.479769e-002
8.730313e+003,3.642622e-002
8.730795e+003,2.842125e-002
8.731277e+003,1.706460e-002
8.731759e+003,-3.851818e-004
8.732241e+003,-2.487970e-002
8.732724e+003,-5.516817e-002
8.733205e+003,-8.785049e-002
8.733688e+003,-1.177568e-001
8.734170e+003,-1.388170e-001
8.734652e+003,-1.453150e-001
8.735134e+003,-1.333788e-001
8.735616e+003,-1.023663e-001
8.736098e+003,-5.567649e-002
8.736580e+003,-5.571108e-004
8.737063e+003,5.327374e-002
8.737545e+003,9.596155e-002
8.738026e+003,1.201508e-001
8.738509e+003,1.230399e-001
8.738991e+003,1.070903e-001
8.739473e+003,7.908188e-002
8.739955e+003,4.782701e-002
8.740438e+003,2.136711e-002
8.740920e+003,4.661326e-003
8.741401e+003,-1.435780e-003
8.741884e+003,3.669538e-004
8.742365e+003,5.559937e-003
8.742848e+003,1.001701e-002
8.743330e+003,1.169245e-002
8.743813e+003,1.120024e-002
8.744295e+003,1.116529e-002
8.744776e+003,1.475442e-002
8.745259e+003,2.408835e-002
8.745740e+003,3.920299e-002
8.746223e+003,5.792321e-002
8.746705e+003,7.659437e-002
8.747188e+003,9.128843e-002
8.747669e+003,9.898411e-002
8.748151e+003,9.833483e-002
8.748634e+003,8.987948e-002
8.749115e+003,7.577928e-002
8.749598e+003,5.927736e-002
8.750080e+003,4.405770e-002
8.750563e+003,3.359219e-002
8.751044e+003,3.049629e-002
8.751526e+003,3.592744e-002
8.752008e+003,4.914114e-002
8.752490e+003,6.739959e-002
8.752973e+003,8.641510e-002
8.753455e+003,1.013638e-001
8.753937e+003,1.082612e-001
8.754419e+003,1.052625e-001
8.754901e+003,9.337582e-002
8.755383e+003,7.622804e-002
8.755865e+003,5.887423e-002
8.756348e+003,4.604627e-002
8.756830e+003,4.050539e-002
8.757312e+003,4.215925e-002
8.757794e+003,4.830341e-002
8.758275e+003,5.487521e-002
8.758758e+003,5.817121e-002
8.759240e+003,5.628699e-002
8.759723e+003,4.967850e-002
8.760204e+003,4.065830e-002
8.760687e+003,3.213030e-002
8.761169e+003,2.620561e-002
8.761650e+003,2.336737e-002
8.762133e+003,2.255774e-002
8.762615e+003,2.208744e-002
8.763098e+003,2.085582e-002
8.763579e+003,1.921884e-002
8.764062e+003,1.898258e-002
8.764543e+003,2.254533e-002
8.765025e+003,3.150254e-002
8.765508e+003,4.543725e-002
8.765990e+003,6.152129e-002
8.766473e+003,7.520200e-002
8.766954e+003,8.174940e-002
8.767437e+003,7.803480e-002
8.767918e+003,6.379874e-002
8.768400e+003,4.188211e-002
8.768883e+003,1.733606e-002
8.769365e+003,-4.210879e-003
8.769847e+003,-1.826828e-002
8.770329e+003,-2.263208e-002
8.770812e+003,-1.760080e-002
8.771293e+003,-5.311882e-003
8.771775e+003,1.139920e-002
8.772258e+003,3.007375e-002
8.772740e+003,4.920998e-002
8.773222e+003,6.820208e-002
8.773704e+003,8.679946e-002
8.774186e+003,1.044405e-001
8.774668e+003,1.198266e-001
8.775150e+003,1.309477e-001
8.775633e+003,1.355499e-001
8.776114e+003,1.318433e-001
8.776597e+003,1.191714e-001
8.777079e+003,9.840615e-002
8.777561e+003,7.194852e-002
8.778043e+003,4.334910e-002
8.778525e+003,1.665095e-002
8.779008e+003,-4.400884e-003
8.779489e+003,-1.713239e-002
8.779972e+003,-2.054766e-002
8.780453e+003,-1.562736e-002
8.780936e+003,-5.205827e-003
8.781418e+003,6.611895e-003
8.781900e+003,1.540827e-002
8.782382e+003,1.756713e-002
8.782864e+003,1.123306e-002
8.783347e+003,-3.187392e-003
8.783828e+003,-2.316449e-002
8.784311e+003,-4.480150e-002
8.784793e+003,-6.396708e-002
8.785275e+003,-7.742275e-002
8.785757e+003,-8.357126e-002
8.786239e+003,-8.261225e-002
8.786721e+003,-7.613861e-002
8.787203e+003,-6.642276e-002
8.787686e+003,-5.572867e-002
8.788168e+003,-4.590815e-002
8.788650e+003,-3.834931e-002
8.789132e+003,-3.414448e-002
8.789614e+003,-3.423695e-002
8.790096e+003,-3.934871e-002
8.790578e+003,-4.965521e-002
8.791061e+003,-6.437126e-002
8.791543e+003,-8.152644e-002
8.792024e+003,-9.816796e-002
8.792507e+003,-1.110420e-001
8.792989e+003,-1.175541e-001
8.793471e+003,-1.166277e-001
8.793953e+003,-1.090660e-001
8.794436e+003,-9.720632e-002
8.794918e+003,-8.392201e-002
8.795399e+003,-7.142353e-002
8.795882e+003,-6.029035e-002
8.796363e+003,-4.920955e-002
8.796846e+003,-3.556757e-002
8.797328e+003,-1.669359e-002
8.797811e+003,8.732799e-003
8.798292e+003,3.968248e-002
8.798774e+003,7.261124e-002
8.799257e+003,1.022295e-001
8.799738e+003,1.229515e-001
8.800221e+003,1.305154e-001
8.800703e+003,1.232171e-001
8.801186e+003,1.023592e-001
8.801667e+003,7.181562e-002
8.802149e+003,3.692180e-002
8.802631e+003,3.106699e-003
8.803113e+003,-2.528292e-002
8.803596e+003,-4.564685e-002
8.804078e+003,-5.718882e-002
8.804560e+003,-6.049558e-002
8.805042e+003,-5.690376e-002
8.805524e+003,-4.793553e-002
8.806006e+003,-3.498811e-002
8.806488e+003,-1.931281e-002
8.806971e+003,-2.183126e-003
8.807453e+003,1.491850e-002
8.807935e+003,3.025089e-002
8.808417e+003,4.197529e-002
8.808898e+003,4.849486e-002
8.809381e+003,4.885622e-002
8.809863e+003,4.306991e-002
8.810346e+003,3.223896e-002
8.810828e+003,1.845030e-002
8.811310e+003,4.455116e-003
8.811792e+003,-6.790610e-003
8.812273e+003,-1.263527e-002
8.812756e+003,-1.120435e-002
8.813238e+003,-1.765796e-003
8.813721e+003,1.506764e-002
8.814202e+003,3.734144e-002
8.814685e+003,6.199688e-002
8.815167e+003,8.534635e-002
8.815648e+003,1.037430e-001
8.816131e+003,1.143343e-001
8.816613e+003,1.157221e-001
8.817096e+003,1.083274e-001
8.817577e+003,9.430882e-002
8.818060e+003,7.700990e-002
8.818541e+003,6.007400e-002
8.819023e+003,4.649777e-002
8.819506e+003,3.792432e-002
8.819988e+003,3.439762e-002
8.820470e+003,3.462707e-002
8.820952e+003,3.661888e-002
8.821435e+003,3.839704e-002
8.821916e+003,3.852316e-002
8.822398e+003,3.624360e-002
8.822881e+003,3.128880e-002
8.823363e+003,2.352842e-002
8.823845e+003,1.275010e-002
8.824327e+003,-1.249636e-003
8.824809e+003,-1.826792e-002
8.825291e+003,-3.719909e-002
8.825773e+003,-5.576885e-002
8.826256e+003,-7.074572e-002
8.826737e+003,-7.870667e-002
8.827220e+003,-7.712108e-002
8.827702e+003,-6.533450e-002
8.828184e+003,-4.501008e-002
8.828666e+003,-1.977820e-002
8.829148e+003,5.837669e-003
8.829631e+003,2.783684e-002
8.830112e+003,4.395742e-002
8.830595e+003,5.421672e-002
8.831076e+003,6.057384e-002
8.831559e+003,6.587387e-002
8.832041e+003,7.252613e-002
8.832523e+003,8.146008e-002
8.833005e+003,9.175809e-002
8.833487e+003,1.010595e-001
8.833970e+003,1.065100e-001
8.834451e+003,1.058362e-001
8.834934e+003,9.812899e-002
8.835416e+003,8.409416e-002
8.835898e+003,6.577793e-002
8.836380e+003,4.597793e-002
8.836862e+003,2.761647e-002
8.837345e+003,1.328140e-002
8.837826e+003,4.983506e-003
8.838309e+003,4.045823e-003
8.838791e+003,1.099641e-002
8.839273e+003,2.540481e-002
8.839755e+003,4.572279e-002
8.840237e+003,6.928033e-002
8.840719e+003,9.257948e-002
8.841201e+003,1.119146e-001
8.841684e+003,1.241816e-001
8.842166e+003,1.276198e-001
8.842647e+003,1.222155e-001
8.843130e+003,1.096201e-001
8.843612e+003,9.262207e-002
8.844094e+003,7.438842e-002
8.844576e+003,5.775430e-002
8.845059e+003,4.477670e-002
8.845541e+003,3.660927e-002
8.846022e+003,3.359452e-002
8.846505e+003,3.539309e-002
8.846986e+003,4.101580e-002
8.847469e+003,4.875788e-002
8.847951e+003,5.617555e-002
8.848434e+003,6.029255e-002
8.848915e+003,5.814373e-002
8.849397e+003,4.757908e-002
8.849880e+003,2.806663e-002
8.850361e+003,1.149437e-003
8.850844e+003,-2.970493e-002
8.851326e+003,-5.989897e-002
8.851809e+003,-8.491303e-002
8.852290e+003,-1.015114e-001
8.852772e+003,-1.085199e-001
8.853254e+003,-1.069191e-001
8.853736e+003,-9.927227e-002
8.854219e+003,-8.876084e-002
8.854701e+003,-7.821786e-002
8.855183e+003,-6.948867e-002
8.855665e+003,-6.325160e-002
8.856147e+003,-5.921545e-002
8.856629e+003,-5.646235e-002
8.857111e+003,-5.375851e-002
8.857594e+003,-4.972709e-002
8.858076e+003,-4.297017e-002
8.858558e+003,-3.227861e-002
8.859040e+003,-1.700993e-002
8.859522e+003,2.442875e-003
8.860004e+003,2.432173e-002
8.860486e+003,4.558513e-002
8.860969e+003,6.254697e-002
8.861451e+003,7.196701e-002
8.861933e+003,7.222887e-002
8.862415e+003,6.411694e-002
8.862896e+003,5.080071e-002
8.863379e+003,3.693095e-002
8.863861e+003,2.712506e-002
8.864344e+003,2.439344e-002
8.864825e+003,2.910596e-002
8.865308e+003,3.888723e-002
8.865790e+003,4.945210e-002
8.866271e+003,5.602388e-002
8.866754e+003,5.477900e-002
8.867236e+003,4.382213e-002
8.867719e+003,2.345940e-002
8.868200e+003,-4.138242e-003
8.868683e+003,-3.557559e-002
8.869164e+003,-6.685882e-002
8.869646e+003,-9.385021e-002
8.870129e+003,-1.126115e-001
8.870611e+003,-1.198164e-001
8.871093e+003,-1.133575e-001
8.871575e+003,-9.307174e-002
8.872058e+003,-6.128683e-002
8.872539e+003,-2.280563e-002
8.873021e+003,1.591356e-002
8.873504e+003,4.829273e-002
8.873986e+003,6.942789e-002
8.874468e+003,7.746854e-002
8.874950e+003,7.399888e-002
8.875432e+003,6.322030e-002
8.875914e+003,5.024974e-002
8.876396e+003,3.924336e-002
8.876879e+003,3.212643e-002
8.877360e+003,2.841065e-002
8.877843e+003,2.605589e-002
8.878325e+003,2.284197e-002
8.878807e+003,1.750715e-002
8.879289e+003,1.008832e-002
8.879771e+003,1.368725e-003
8.880254e+003,-8.142589e-003
8.880735e+003,-1.899378e-002
8.881218e+003,-3.274464e-002
8.881699e+003,-5.097173e-002
8.882182e+003,-7.378334e-002
8.882664e+003,-9.867863e-002
8.883146e+003,-1.205312e-001
8.883629e+003,-1.329841e-001
8.884110e+003,-1.308402e-001
8.884593e+003,-1.124551e-001
8.885074e+003,-8.100680e-002
8.885557e+003,-4.392445e-002
8.886039e+003,-1.055802e-002
8.886521e+003,1.101839e-002
8.887003e+003,1.674337e-002
8.887485e+003,7.731444e-003
8.887968e+003,-1.063338e-002
8.888449e+003,-3.115260e-002
8.888932e+003,-4.772589e-002
8.889414e+003,-5.744577e-002
8.889896e+003,-6.102843e-002
8.890378e+003,-6.152946e-002
8.890860e+003,-6.209025e-002
8.891342e+003,-6.388289e-002
8.891824e+003,-6.527279e-002
8.892307e+003,-6.258072e-002
8.892789e+003,-5.203019e-002
8.893271e+003,-3.189872e-002
8.893753e+003,-3.819578e-003
8.894235e+003,2.739330e-002
8.894717e+003,5.532537e-002
8.895199e+003,7.424184e-002
8.895682e+003,8.108427e-002
8.896164e+003,7.637275e-002
8.896646e+003,6.371928e-002
8.897128e+003,4.826080e-002
8.897609e+003,3.473384e-002
8.898092e+003,2.597640e-002
8.898574e+003,2.236576e-002
8.899057e+003,2.224495e-002
8.899538e+003,2.298667e-002
8.900021e+003,2.216150e-002
8.900503e+003,1.836152e-002
8.900984e+003,1.148694e-002
8.901467e+003,2.575928e-003
8.901949e+003,-6.589578e-003
8.902432e+003,-1.388059e-002
8.902913e+003,-1.712382e-002
8.903396e+003,-1.435274e-002
8.903877e+003,-4.106267e-003
8.904359e+003,1.417532e-002
8.904842e+003,3.972660e-002
8.905324e+003,7.017761e-002
8.905807e+003,1.016120e-001
8.906288e+003,1.290645e-001
8.906771e+003,1.474069e-001
8.907252e+003,1.524199e-001
8.907734e+003,1.417732e-001
8.908217e+003,1.156619e-001
8.908699e+003,7.694227e-002
8.909181e+003,3.073851e-002
8.909663e+003,-1.639985e-002
8.910146e+003,-5.763699e-002
8.910627e+003,-8.709227e-002
8.911109e+003,-1.009671e-001
8.911592e+003,-9.833608e-002
8.912074e+003,-8.140069e-002
8.912556e+003,-5.507897e-002
8.913038e+003,-2.593981e-002
8.913520e+003,-6.779963e-004
8.914002e+003,1.549957e-002
8.914484e+003,2.011780e-002
8.914967e+003,1.392055e-002
8.915448e+003,4.353952e-004
8.915931e+003,-1.524519e-002
8.916413e+003,-2.806519e-002
8.916895e+003,-3.446740e-002
8.917377e+003,-3.326202e-002
8.917859e+003,-2.566222e-002
8.918342e+003,-1.454849e-002
8.918823e+003,-3.324043e-003
8.919306e+003,5.298895e-003
8.919787e+003,1.010959e-002
8.920270e+003,1.159442e-002
8.920752e+003,1.152109e-002
8.921234e+003,1.211571e-002
8.921716e+003,1.514361e-002
8.922198e+003,2.120258e-002
8.922681e+003,2.944529e-002
8.923162e+003,3.780767e-002
8.923645e+003,4.367019e-002
8.924127e+003,4.475382e-002
8.924609e+003,3.997480e-002
8.925091e+003,2.997703e-002
8.925573e+003,1.713366e-002
8.926055e+003,4.961542e-003
8.926537e+003,-2.914445e-003
8.927020e+003,-3.935098e-003
8.927502e+003,2.479264e-003
8.927984e+003,1.461599e-002
8.928466e+003,2.890746e-002
8.928948e+003,4.099977e-002
8.929430e+003,4.709488e-002
8.929912e+003,4.509410e-002
8.930395e+003,3.513989e-002
8.930877e+003,1.937996e-002
8.931358e+003,1.077628e-003
8.931841e+003,-1.656460e-002
8.932323e+003,-3.141676e-002
8.932805e+003,-4.292011e-002
8.933287e+003,-5.195722e-002
8.933770e+003,-6.022918e-002
8.934252e+003,-6.943530e-002
8.934733e+003,-8.056490e-002
8.935216e+003,-9.350321e-002
8.935697e+003,-1.069937e-001
8.936180e+003,-1.188787e-001
8.936662e+003,-1.265039e-001
8.937145e+003,-1.272073e-001
8.937626e+003,-1.188723e-001
8.938108e+003,-1.005265e-001
8.938591e+003,-7.291032e-002
8.939072e+003,-3.883952e-002
8.939555e+003,-3.132189e-003
8.940037e+003,2.807182e-002
8.940520e+003,4.858108e-002
8.941001e+003,5.374055e-002
8.941483e+003,4.185970e-002
8.941965e+003,1.496287e-002
8.942447e+003,-2.148376e-002
8.942930e+003,-5.987778e-002
8.943412e+003,-9.245483e-002
8.943894e+003,-1.133138e-001
8.944376e+003,-1.198496e-001
8.944858e+003,-1.131634e-001
8.945340e+003,-9.738985e-002
8.945822e+003,-7.824356e-002
8.946305e+003,-6.131501e-002
8.946787e+003,-5.065526e-002
8.947269e+003,-4.801114e-002
8.947751e+003,-5.280122e-002
8.948232e+003,-6.267890e-002
8.948715e+003,-7.433432e-002
8.949197e+003,-8.455230e-002
8.949680e+003,-9.075461e-002
8.950162e+003,-9.144908e-002
8.950644e+003,-8.637497e-002
8.951126e+003,-7.640877e-002
8.951607e+003,-6.326370e-002
8.952090e+003,-4.903126e-002
8.952572e+003,-3.565748e-002
8.953055e+003,-2.449729e-002
8.953536e+003,-1.610009e-002
8.954019e+003,-1.031642e-002
8.954501e+003,-6.683874e-003
8.954982e+003,-4.905734e-003
8.955465e+003,-5.161465e-003
8.955947e+003,-8.036730e-003
8.956430e+003,-1.403411e-002
8.956911e+003,-2.285218e-002
8.957394e+003,-3.279138e-002
8.957875e+003,-4.066354e-002
8.958357e+003,-4.241495e-002
8.958840e+003,-3.437022e-002
8.959322e+003,-1.469842e-002
8.959804e+003,1.546572e-002
8.960286e+003,5.174610e-002
8.960769e+003,8.730773e-002
8.961250e+003,1.145155e-001
8.961732e+003,1.269554e-001
8.962215e+003,1.211730e-001
8.962697e+003,9.759045e-002
8.963179e+003,6.036003e-002
8.963661e+003,1.625346e-002
8.964143e+003,-2.702921e-002
8.964625e+003,-6.262571e-002
8.965107e+003,-8.588789e-002
8.965590e+003,-9.507566e-002
8.966071e+003,-9.129861e-002
8.966554e+003,-7.783537e-002
8.967036e+003,-5.908683e-002
8.967518e+003,-3.945788e-002
8.968000e+003,-2.243016e-002
8.968482e+003,-1.001332e-002
8.968965e+003,-2.656724e-003
8.969446e+003,4.141371e-004
8.969929e+003,5.888164e-004
8.970410e+003,-7.729599e-004
8.970893e+003,-2.776160e-003
8.971375e+003,-5.053026e-003
8.971857e+003,-7.454913e-003
8.972340e+003,-9.557715e-003
8.972821e+003,-1.027963e-002
8.973304e+003,-7.891404e-003
8.973785e+003,-5.282309e-004
8.974268e+003,1.294759e-002
8.974750e+003,3.211154e-002
8.975232e+003,5.461897e-002
8.975714e+003,7.662354e-002
8.976196e+003,9.394395e-002
8.976679e+003,1.035892e-001
8.977160e+003,1.050264e-001
8.977643e+003,1.006099e-001
8.978125e+003,9.489436e-002
8.978607e+003,9.301931e-002
8.979089e+003,9.877098e-002
8.979571e+003,1.131613e-001
8.980053e+003,1.338491e-001
8.980535e+003,1.561940e-001
8.981018e+003,1.749712e-001
8.981500e+003,1.862887e-001
8.981981e+003,1.888583e-001
8.982464e+003,1.841169e-001
8.982946e+003,1.752158e-001
8.983428e+003,1.653967e-001
8.983910e+003,1.565372e-001
8.984393e+003,1.485390e-001
8.984875e+003,1.398110e-001
8.985356e+003,1.285651e-001
8.985839e+003,1.142517e-001
8.986320e+003,9.839158e-002
8.986803e+003,8.434522e-002
8.987285e+003,7.605815e-002
8.987768e+003,7.630540e-002
8.988249e+003,8.521225e-002
8.988731e+003,9.973042e-002
8.989214e+003,1.143515e-001
8.989695e+003,1.228180e-001
8.990178e+003,1.201808e-001
8.990660e+003,1.044272e-001
8.991143e+003,7.710136e-002
8.991624e+003,4.276242e-002
8.992106e+003,7.562391e-003
8.992588e+003,-2.248668e-002
8.993070e+003,-4.296672e-002
8.993553e+003,-5.183750e-002
8.994035e+003,-4.946443e-002
8.994518e+003,-3.807400e-002
8.994999e+003,-2.095149e-002
8.995481e+003,-1.668327e-003
8.995963e+003,1.650998e-002
8.996445e+003,3.103104e-002
8.996928e+003,4.034897e-002
8.997410e+003,4.414899e-002
8.997892e+003,4.345750e-002
8.998374e+003,4.051879e-002
8.998856e+003,3.832673e-002
8.999338e+003,3.981645e-002
8.999820e+003,4.689456e-002
9.000303e+003,5.963090e-002
9.000785e+003,7.595243e-002
9.001267e+003,9.203807e-002
9.001749e+003,1.033576e-001
9.002230e+003,1.060385e-001
9.002713e+003,9.809757e-002
9.003195e+003,8.010694e-002
9.003678e+003,5.506512e-002
9.004159e+003,2.753474e-002
9.004642e+003,2.368521e-003
9.005124e+003,-1.652636e-002
9.005605e+003,-2.698904e-002
9.006088e+003,-2.877219e-002
9.006570e+003,-2.313233e-002
9.007053e+003,-1.209951e-002
9.007534e+003,2.239252e-003
9.008017e+003,1.817414e-002
9.008498e+003,3.441813e-002
9.008980e+003,4.984445e-002
9.009463e+003,6.312528e-002
9.009945e+003,7.250682e-002
9.010427e+003,7.584295e-002
9.010909e+003,7.111838e-002
9.011392e+003,5.693610e-002
9.011873e+003,3.319065e-002
9.012355e+003,1.499256e-003
9.012838e+003,-3.473366e-002
9.013320e+003,-7.068899e-002
9.013802e+003,-1.009010e-001
9.014284e+003,-1.202773e-001
9.014766e+003,-1.251538e-001
9.015248e+003,-1.141447e-001
9.015730e+003,-8.856722e-002
9.016213e+003,-5.230662e-002
9.016695e+003,-1.110982e-002
9.017177e+003,2.855119e-002
9.017659e+003,6.077837e-002
9.018141e+003,8.138084e-002
9.018623e+003,8.855259e-002
9.019105e+003,8.293890e-002
9.019588e+003,6.712171e-002
9.020069e+003,4.472752e-002
9.020552e+003,1.945974e-002
9.021034e+003,-5.656656e-003
9.021516e+003,-2.864526e-002
9.021998e+003,-4.855312e-002
9.022480e+003,-6.516469e-002
9.022963e+003,-7.865000e-002
9.023444e+003,-8.930673e-002
9.023927e+003,-9.745088e-002
9.024408e+003,-1.034016e-001
9.024891e+003,-1.074515e-001
9.025373e+003,-1.097472e-001
9.025855e+003,-1.101017e-001
9.026337e+003,-1.078581e-001
9.026819e+003,-1.019589e-001
9.027302e+003,-9.130844e-002
9.027783e+003,-7.536776e-002
9.028266e+003,-5.476155e-002
9.028748e+003,-3.159373e-002
9.029230e+003,-9.224988e-003
9.029712e+003,8.536772e-003
9.030194e+003,1.862254e-002
9.030676e+003,1.984677e-002
9.031158e+003,1.354181e-002
9.031641e+003,3.361805e-003
9.032123e+003,-5.763247e-003
9.032604e+003,-9.204941e-003
9.033087e+003,-4.193859e-003
9.033569e+003,9.214105e-003
9.034051e+003,2.812366e-002
9.034533e+003,4.774035e-002
9.035016e+003,6.291163e-002
9.035498e+003,6.970152e-002
9.035979e+003,6.644894e-002
9.036462e+003,5.398907e-002
9.036943e+003,3.506410e-002
9.037426e+003,1.325987e-002
9.037908e+003,-8.054824e-003
9.038391e+003,-2.638879e-002
9.038872e+003,-4.024112e-002
9.039354e+003,-4.879992e-002
9.039837e+003,-5.154448e-002
9.040318e+003,-4.806551e-002
9.040801e+003,-3.824693e-002
9.041283e+003,-2.269295e-002
9.041766e+003,-3.160727e-003
9.042247e+003,1.746727e-002
9.042729e+003,3.570836e-002
9.043212e+003,4.847571e-002
9.043693e+003,5.417346e-002
9.044176e+003,5.341609e-002
9.044658e+003,4.899189e-002
9.045141e+003,4.497192e-002
9.045622e+003,4.522705e-002
9.046104e+003,5.190022e-002
9.046586e+003,6.445041e-002
9.047068e+003,7.969185e-002
9.047551e+003,9.286432e-002
9.048033e+003,9.935541e-002
9.048515e+003,9.642167e-002
9.048997e+003,8.424610e-002
9.049479e+003,6.592049e-002
9.049961e+003,4.635973e-002
9.050443e+003,3.056875e-002
9.050926e+003,2.192893e-002
9.051408e+003,2.115189e-002
9.051890e+003,2.627469e-002
9.052372e+003,3.365663e-002
9.052854e+003,3.955487e-002
9.053336e+003,4.164842e-002
9.053818e+003,3.992667e-002
9.054301e+003,3.662486e-002
9.054782e+003,3.526294e-002
9.055265e+003,3.917951e-002
9.055747e+003,5.012537e-002
9.056229e+003,6.744118e-002
9.056711e+003,8.811321e-002
9.057193e+003,1.076745e-001
9.057676e+003,1.216201e-001
9.058157e+003,1.268347e-001
9.058640e+003,1.225528e-001
9.059121e+003,1.105420e-001
9.059604e+003,9.447382e-002
9.060086e+003,7.870939e-002
9.060568e+003,6.690735e-002
9.061050e+003,6.091642e-002
9.061532e+003,6.031454e-002
9.062015e+003,6.274204e-002
9.062496e+003,6.490639e-002
9.062979e+003,6.390319e-002
9.063461e+003,5.838023e-002
9.063943e+003,4.911799e-002
9.064425e+003,3.880030e-002
9.064907e+003,3.104114e-002
9.065390e+003,2.901703e-002
9.065871e+003,3.421652e-002
9.066354e+003,4.578552e-002
9.066836e+003,6.072510e-002
9.067318e+003,7.486602e-002
9.067800e+003,8.424275e-002
9.068282e+003,8.634005e-002
9.068764e+003,8.074926e-002
9.069246e+003,6.902553e-002
9.069729e+003,5.387164e-002
9.070211e+003,3.804495e-002
9.070692e+003,2.347483e-002
9.071175e+003,1.094521e-002
9.071657e+003,4.085770e-004
9.072139e+003,-8.287335e-003
9.072621e+003,-1.477363e-002
9.073104e+003,-1.785888e-002
9.073586e+003,-1.587497e-002
9.074067e+003,-7.475642e-003
9.074550e+003,7.468794e-003
9.075031e+003,2.731145e-002
9.075514e+003,4.869526e-002
9.075996e+003,6.726164e-002
9.076479e+003,7.874522e-002
9.076960e+003,8.005013e-002
9.077442e+003,6.994305e-002
9.077925e+003,4.918559e-002
9.078406e+003,2.016417e-002
9.078889e+003,-1.375715e-002
9.079371e+003,-4.889822e-002
9.079854e+003,-8.176587e-002
9.080335e+003,-1.093698e-001
9.080817e+003,-1.294290e-001
9.081299e+003,-1.405651e-001
9.081781e+003,-1.425007e-001
9.082264e+003,-1.361825e-001
9.082746e+003,-1.236962e-001
9.083228e+003,-1.078837e-001
9.083710e+003,-9.170648e-002
9.084192e+003,-7.754197e-002
9.084674e+003,-6.668016e-002
9.085156e+003,-5.923089e-002
9.085639e+003,-5.448359e-002
9.086121e+003,-5.154947e-002
9.086603e+003,-4.997888e-002
9.087085e+003,-5.005581e-002
9.087566e+003,-5.263261e-002
9.088049e+003,-5.859473e-002
9.088531e+003,-6.822941e-002
9.089014e+003,-8.081510e-002
9.089496e+003,-9.463929e-002
9.089978e+003,-1.074382e-001
9.090460e+003,-1.170515e-001
9.090941e+003,-1.219929e-001
9.091424e+003,-1.217039e-001
9.091906e+003,-1.164348e-001
9.092389e+003,-1.068928e-001
9.092870e+003,-9.389596e-002
9.093353e+003,-7.823172e-002
9.093835e+003,-6.076398e-002
9.094316e+003,-4.265595e-002
9.094799e+003,-2.548439e-002
9.095281e+003,-1.106764e-002
9.095764e+003,-9.955788e-004
9.096245e+003,3.956177e-003
9.096728e+003,4.233963e-003
9.097209e+003,1.483884e-003
9.097691e+003,-1.966792e-003
9.098174e+003,-3.953943e-003
9.098656e+003,-3.305394e-003
9.099139e+003,-2.993136e-004
9.099620e+003,3.454680e-003
9.100102e+003,5.671052e-003
9.100584e+003,4.314029e-003
9.101066e+003,-1.580908e-003
9.101549e+003,-1.150272e-002
9.102031e+003,-2.360075e-002
9.102513e+003,-3.525657e-002
9.102995e+003,-4.382417e-002
9.103477e+003,-4.731181e-002
9.103959e+003,-4.472184e-002
9.104441e+003,-3.610209e-002
9.104924e+003,-2.235977e-002
9.105406e+003,-4.983783e-003
9.105888e+003,1.421973e-002
9.106370e+003,3.334383e-002
9.106852e+003,5.057373e-002
9.107334e+003,6.438617e-002
9.107816e+003,7.374717e-002
9.108299e+003,7.825242e-002
9.108780e+003,7.814004e-002
9.109263e+003,7.414669e-002
9.109744e+003,6.725383e-002
9.110227e+003,5.843688e-002
9.110709e+003,4.853843e-002
9.111191e+003,3.832207e-002
9.111674e+003,2.865620e-002
9.112155e+003,2.068478e-002
9.112638e+003,1.582239e-002
9.113119e+003,1.548608e-002
9.113602e+003,2.061928e-002
9.114084e+003,3.119832e-002
9.114566e+003,4.596950e-002
9.115049e+003,6.260085e-002
9.115530e+003,7.826810e-002
9.116012e+003,9.050121e-002
9.116494e+003,9.798473e-002
9.116977e+003,1.009965e-001
9.117459e+003,1.012980e-001
9.117941e+003,1.015005e-001
9.118423e+003,1.041395e-001
9.118905e+003,1.107947e-001
9.119387e+003,1.215713e-001
9.119869e+003,1.351010e-001
9.120352e+003,1.490268e-001
9.120834e+003,1.607603e-001
9.121316e+003,1.682277e-001
9.121798e+003,1.703515e-001
9.122279e+003,1.671451e-001
9.122762e+003,1.594501e-001
9.123244e+003,1.484744e-001
9.123727e+003,1.353385e-001
9.124209e+003,1.207975e-001
9.124690e+003,1.052117e-001
9.125173e+003,8.872746e-002
9.125654e+003,7.154988e-002
9.126137e+003,5.416765e-002
9.126619e+003,3.743113e-002
9.127102e+003,2.245523e-002
9.127584e+003,1.039895e-002
9.128065e+003,2.220488e-003
9.128547e+003,-1.495918e-003
9.129029e+003,-5.891797e-004
9.129512e+003,4.736197e-003
9.129994e+003,1.400383e-002
9.130477e+003,2.651331e-002
9.130958e+003,4.129994e-002
9.131440e+003,5.703858e-002
9.131922e+003,7.199281e-002
9.132404e+003,8.412966e-002
9.132887e+003,9.147067e-002
9.133369e+003,9.263816e-002
9.133852e+003,8.745065e-002
9.134333e+003,7.723723e-002
9.134815e+003,6.484248e-002
9.135297e+003,5.402047e-002
9.135779e+003,4.844026e-002
9.136262e+003,5.057683e-002
9.136744e+003,6.087426e-002
9.137227e+003,7.750670e-002
9.137708e+003,9.685295e-002
9.138189e+003,1.145424e-001
9.138672e+003,1.267213e-001
9.139154e+003,1.311174e-001
9.139637e+003,1.275700e-001
9.140119e+003,1.178900e-001
9.140601e+003,1.051504e-001
9.141083e+003,9.268581e-002
9.141564e+003,8.313788e-002
9.142047e+003,7.781442e-002
9.142529e+003,7.648311e-002
9.143012e+003,7.756916e-002
9.143494e+003,7.863563e-002
9.143976e+003,7.700521e-002
9.144457e+003,7.040646e-002
9.144939e+003,5.754752e-002
9.145422e+003,3.852007e-002
9.145904e+003,1.492313e-002
9.146387e+003,-1.038796e-002
9.146868e+003,-3.395012e-002
9.147351e+003,-5.263222e-002
9.147832e+003,-6.461603e-002
9.148314e+003,-7.008193e-002
9.148797e+003,-7.129702e-002
9.149279e+003,-7.198028e-002
9.149762e+003,-7.608894e-002
9.150243e+003,-8.642065e-002
9.150725e+003,-1.035393e-001
9.151207e+003,-1.254375e-001
9.151689e+003,-1.480785e-001
9.152172e+003,-1.666240e-001
9.152654e+003,-1.768985e-001
9.153136e+003,-1.765631e-001
9.153618e+003,-1.656201e-001
9.154100e+003,-1.461495e-001
9.154582e+003,-1.214919e-001
9.155064e+003,-9.526467e-002
9.155547e+003,-7.059549e-002
9.156029e+003,-4.977380e-002
9.156511e+003,-3.428169e-002
9.156993e+003,-2.499073e-002
9.157475e+003,-2.228460e-002
9.157957e+003,-2.598245e-002
9.158439e+003,-3.512042e-002
9.158922e+003,-4.778600e-002
9.159404e+003,-6.121654e-002
9.159886e+003,-7.225757e-002
9.160367e+003,-7.809139e-002
9.160850e+003,-7.699201e-002
9.161332e+003,-6.882217e-002
9.161814e+003,-5.508274e-002
9.162297e+003,-3.850624e-002
9.162778e+003,-2.235975e-002
9.163261e+003,-9.709633e-003
9.163742e+003,-2.865999e-003
9.164225e+003,-3.106300e-003
9.164707e+003,-1.078726e-002
9.165189e+003,-2.497750e-002
9.165672e+003,-4.400432e-002
9.166153e+003,-6.542496e-002
9.166635e+003,-8.616885e-002
9.167117e+003,-1.028255e-001
9.167600e+003,-1.121417e-001
9.168082e+003,-1.116831e-001
9.168564e+003,-1.004937e-001
9.169046e+003,-7.952318e-002
9.169528e+003,-5.162574e-002
9.170010e+003,-2.106276e-002
9.170492e+003,7.395541e-003
9.170975e+003,2.954043e-002
9.171457e+003,4.268207e-002
9.171939e+003,4.624401e-002
9.172421e+003,4.184381e-002
9.172902e+003,3.284262e-002
9.173385e+003,2.347324e-002
9.173867e+003,1.775660e-002
9.174350e+003,1.846659e-002
9.174832e+003,2.640154e-002
9.175313e+003,4.016076e-002
9.175796e+003,5.651630e-002
9.176277e+003,7.132163e-002
9.176760e+003,8.074185e-002
9.177242e+003,8.246513e-002
9.177725e+003,7.651820e-002
9.178207e+003,6.539334e-002
9.178688e+003,5.339350e-002
9.179171e+003,4.536034e-002
9.179652e+003,4.517490e-002
9.180135e+003,5.451971e-002
9.180617e+003,7.232309e-002
9.181100e+003,9.507470e-002
9.181582e+003,1.178973e-001
9.182063e+003,1.359905e-001
9.182545e+003,1.459434e-001
9.183027e+003,1.464877e-001
9.183510e+003,1.384959e-001
9.183992e+003,1.243150e-001
9.184475e+003,1.067608e-001
9.184956e+003,8.817429e-002
9.185438e+003,6.987651e-002
9.185920e+003,5.216112e-002
9.186402e+003,3.474493e-002
9.186885e+003,1.742472e-002
9.187367e+003,6.338502e-004
9.187850e+003,-1.433825e-002
9.188331e+003,-2.555168e-002
9.188813e+003,-3.096662e-002
9.189295e+003,-2.913771e-002
9.189777e+003,-1.980838e-002
9.190260e+003,-4.198159e-003
9.190742e+003,1.512649e-002
9.191224e+003,3.477773e-002
9.191706e+003,5.132582e-002
9.192188e+003,6.211143e-002
9.192670e+003,6.586166e-002
9.193152e+003,6.294252e-002
9.193635e+003,5.519297e-002
9.194117e+003,4.540504e-002
9.194599e+003,3.660806e-002
9.195080e+003,3.135326e-002
9.195563e+003,3.112898e-002
9.196045e+003,3.622154e-002
9.196527e+003,4.572916e-002
9.197010e+003,5.777667e-002
9.197491e+003,6.989901e-002
9.197974e+003,7.948775e-002
9.198455e+003,8.423214e-002
9.198938e+003,8.250397e-002
9.199420e+003,7.364246e-002
9.199902e+003,5.809679e-002
9.200385e+003,3.738818e-002
9.200866e+003,1.387781e-002
9.201349e+003,-9.633184e-003
9.201830e+003,-3.039626e-002
9.202313e+003,-4.619479e-002
9.202795e+003,-5.570094e-002
9.203277e+003,-5.863539e-002
9.203760e+003,-5.571274e-002
9.204241e+003,-4.841658e-002
9.204723e+003,-3.868392e-002
9.205205e+003,-2.857720e-002
9.205688e+003,-1.998528e-002
9.206170e+003,-1.435415e-002
9.206652e+003,-1.243269e-002
9.207134e+003,-1.404737e-002
9.207616e+003,-1.797677e-002
9.208098e+003,-2.203804e-002
9.208580e+003,-2.348097e-002
9.209063e+003,-1.968916e-002
9.209545e+003,-9.042835e-003
9.210027e+003,8.330657e-003
9.210509e+003,3.022479e-002
9.210990e+003,5.264392e-002
9.211473e+003,7.070596e-002
9.211955e+003,7.990832e-002
9.212438e+003,7.734678e-002
9.212920e+003,6.247166e-002
9.213401e+003,3.713048e-002
9.213884e+003,4.909278e-003
9.214365e+003,-2.995537e-002
9.214848e+003,-6.368247e-002
9.215330e+003,-9.369467e-002
9.215813e+003,-1.188196e-001
9.216295e+003,-1.390041e-001
9.216776e+003,-1.547896e-001
9.217258e+003,-1.668430e-001
9.217740e+003,-1.757350e-001
9.218223e+003,-1.819735e-001
9.218705e+003,-1.861494e-001
9.219188e+003,-1.890052e-001
9.219669e+003,-1.913139e-001
9.220151e+003,-1.936055e-001
9.220633e+003,-1.958927e-001
9.221115e+003,-1.975731e-001
9.221598e+003,-1.975900e-001
9.222080e+003,-1.947869e-001
9.222563e+003,-1.882775e-001
9.223044e+003,-1.776413e-001
9.223526e+003,-1.628674e-001
9.224008e+003,-1.441274e-001
9.224490e+003,-1.215785e-001
9.224973e+003,-9.539038e-002
9.225455e+003,-6.605282e-002
9.225937e+003,-3.481801e-002
9.226419e+003,-6.776714e-003
9.226900e+003,1.642225e-002
9.227383e+003,3.234651e-002
9.227865e+003,3.986499e-002
9.228348e+003,3.968083e-002
9.228830e+003,3.430554e-002
9.229312e+003,2.738689e-002
9.229794e+003,2.256928e-002
9.230275e+003,2.228958e-002
9.230758e+003,2.698216e-002
9.231240e+003,3.503503e-002
9.231723e+003,4.354924e-002
9.232205e+003,4.962462e-002
9.232687e+003,5.166586e-002
9.233168e+003,5.017228e-002
9.233650e+003,4.766320e-002
9.234133e+003,4.772915e-002
9.234615e+003,5.355665e-002
9.235098e+003,6.649553e-002
9.235579e+003,8.523387e-002
9.236062e+003,1.059074e-001
9.236543e+003,1.231135e-001
9.237025e+003,1.314677e-001
9.237508e+003,1.271707e-001
9.237990e+003,1.090936e-001
9.238473e+003,7.909688e-002
9.238954e+003,4.156909e-002
9.239436e+003,2.404282e-003
9.239918e+003,-3.225501e-002
9.240400e+003,-5.719566e-002
9.240883e+003,-6.902395e-002
9.241365e+003,-6.667795e-002
9.241847e+003,-5.155204e-002
9.242329e+003,-2.724978e-002
9.242811e+003,1.022861e-003
9.243293e+003,2.739149e-002
9.243775e+003,4.647306e-002
9.244258e+003,5.454992e-002
9.244740e+003,5.045833e-002
9.245222e+003,3.589016e-002
9.245704e+003,1.493709e-002
9.246186e+003,-7.059014e-003
9.246668e+003,-2.502800e-002
9.247150e+003,-3.557587e-002
9.247633e+003,-3.779140e-002
9.248114e+003,-3.317617e-002
9.248597e+003,-2.475327e-002
9.249078e+003,-1.573128e-002
9.249561e+003,-8.276416e-003
9.250043e+003,-2.881667e-003
9.250525e+003,1.455305e-003
9.251008e+003,6.397519e-003
9.251489e+003,1.321463e-002
9.251972e+003,2.202165e-002
9.252453e+003,3.165600e-002
9.252936e+003,4.021603e-002
9.253418e+003,4.596027e-002
9.253900e+003,4.810126e-002
9.254383e+003,4.710000e-002
9.254864e+003,4.433537e-002
9.255346e+003,4.135010e-002
9.255828e+003,3.908762e-002
9.256311e+003,3.752510e-002
9.256793e+003,3.588520e-002
9.257275e+003,3.169867e-002
9.257757e+003,2.655543e-002
9.258239e+003,2.121203e-002
9.258721e+003,1.701996e-002
9.259203e+003,1.529077e-002
9.259686e+003,1.659002e-002
9.260168e+003,2.037890e-002
9.260650e+003,2.524978e-002
9.261132e+003,2.968218e-002
9.261613e+003,3.294087e-002
9.262096e+003,3.562106e-002
9.262578e+003,3.948897e-002
9.263061e+003,4.661094e-002
9.263543e+003,5.814022e-002
9.264024e+003,7.334836e-002
9.264507e+003,8.942935e-002
9.264988e+003,1.022776e-001
9.265471e+003,1.079937e-001
9.265953e+003,1.045112e-001
9.266436e+003,9.265123e-002
9.266918e+003,7.613424e-002
9.267399e+003,6.051632e-002
9.267882e+003,5.145305e-002
9.268363e+003,5.294666e-002
9.268846e+003,6.619876e-002
9.269328e+003,8.941035e-002
9.269811e+003,1.184762e-001
9.270292e+003,1.481957e-001
9.270774e+003,1.735002e-001
9.271256e+003,1.903153e-001
9.271738e+003,1.959395e-001
9.272221e+003,1.890725e-001
9.272703e+003,1.697327e-001
9.273186e+003,1.392268e-001
9.273667e+003,1.001466e-001
9.274149e+003,5.621481e-002
9.274631e+003,1.178470e-002
9.275113e+003,-2.903890e-002
9.275596e+003,-6.343964e-002
9.276078e+003,-9.067502e-002
9.276561e+003,-1.121877e-001
9.277042e+003,-1.308511e-001
9.277523e+003,-1.495363e-001
9.278006e+003,-1.695316e-001
9.278488e+003,-1.894934e-001
9.278971e+003,-2.054525e-001
9.279453e+003,-2.119902e-001
9.279935e+003,-2.042094e-001
9.280417e+003,-1.797575e-001
9.280898e+003,-1.400988e-001
9.281381e+003,-9.051125e-002
9.281863e+003,-3.878151e-002
9.282346e+003,6.924302e-003
9.282828e+003,4.024584e-002
9.283310e+003,5.812502e-002
9.283791e+003,6.117598e-002
9.284273e+003,5.293457e-002
9.284756e+003,3.838143e-002
9.285238e+003,2.232052e-002
9.285721e+003,8.136741e-003
9.286202e+003,-2.784660e-003
9.286685e+003,-1.097756e-002
9.287166e+003,-1.835681e-002
9.287648e+003,-2.748225e-002
9.288131e+003,-4.138431e-002
9.288613e+003,-6.133130e-002
9.289096e+003,-8.774981e-002
9.289577e+003,-1.194257e-001
9.290060e+003,-1.534485e-001
9.290541e+003,-1.855470e-001
9.291023e+003,-2.108492e-001
9.291506e+003,-2.249561e-001
9.291988e+003,-2.250538e-001
9.292470e+003,-2.106973e-001
9.292952e+003,-1.839522e-001
9.293434e+003,-1.488013e-001
9.293916e+003,-1.100063e-001
9.294398e+003,-7.185344e-002
9.294881e+003,-3.726522e-002
9.295363e+003,-7.600433e-003
9.295845e+003,1.684472e-002
9.296327e+003,3.595310e-002
9.296809e+003,4.902776e-002
9.297291e+003,5.461374e-002
9.297773e+003,5.107412e-002
9.298256e+003,3.770311e-002
9.298738e+003,1.584594e-002
9.299220e+003,-1.058320e-002
9.299701e+003,-3.558476e-002
9.300184e+003,-5.254290e-002
9.300666e+003,-5.621829e-002
9.301148e+003,-4.452784e-002
9.301631e+003,-1.939975e-002
9.302112e+003,1.368293e-002
9.302595e+003,4.733980e-002
9.303076e+003,7.457739e-002
9.303559e+003,9.088292e-002
9.304041e+003,9.538665e-002
9.304523e+003,9.071229e-002
9.305006e+003,8.163291e-002
9.305487e+003,7.308338e-002
9.305969e+003,6.828647e-002
9.306451e+003,6.766561e-002
9.306934e+003,6.889103e-002
9.307416e+003,6.797145e-002
9.307898e+003,6.092882e-002
9.308380e+003,4.540836e-002
9.308862e+003,2.164278e-002
9.309344e+003,-7.537603e-003
9.309826e+003,-3.759629e-002
9.310309e+003,-6.371880e-002
9.310791e+003,-8.225385e-002
9.311273e+003,-9.167579e-002
9.311755e+003,-9.277734e-002
9.312237e+003,-8.809105e-002
9.312719e+003,-8.081315e-002
9.313201e+003,-7.366220e-002
9.313684e+003,-6.809366e-002
9.314166e+003,-6.412539e-002
9.314647e+003,-6.077968e-002
9.315130e+003,-5.691251e-002
9.315611e+003,-5.205932e-002
9.316094e+003,-4.693240e-002
9.316576e+003,-4.335173e-002
9.317059e+003,-4.362304e-002
9.317541e+003,-4.960036e-002
9.318022e+003,-6.179575e-002
9.318505e+003,-7.888067e-002
9.318986e+003,-9.775776e-002
9.319469e+003,-1.143694e-001
9.319951e+003,-1.245675e-001
9.320434e+003,-1.252790e-001
9.320916e+003,-1.153437e-001
9.321397e+003,-9.586202e-002
9.321879e+003,-6.998508e-002
9.322361e+003,-4.224069e-002
9.322844e+003,-1.758441e-002
9.323326e+003,-4.010179e-004
9.323809e+003,6.340858e-003
9.324290e+003,1.626393e-003
9.324772e+003,-1.346585e-002
9.325254e+003,-3.603920e-002
9.325736e+003,-6.200624e-002
9.326219e+003,-8.693037e-002
9.326701e+003,-1.068904e-001
9.327184e+003,-1.191631e-001
9.327665e+003,-1.225636e-001
9.328146e+003,-1.173728e-001
9.328629e+003,-1.049147e-001
9.329111e+003,-8.695584e-002
9.329594e+003,-6.515360e-002
9.330076e+003,-4.074804e-002
9.330558e+003,-1.457124e-002
9.331040e+003,1.269204e-002
9.331521e+003,4.016694e-002
9.332004e+003,6.656869e-002
9.332486e+003,9.022452e-002
9.332969e+003,1.093353e-001
9.333451e+003,1.223603e-001
9.333933e+003,1.283595e-001
9.334414e+003,1.271652e-001
9.334896e+003,1.193500e-001
9.335379e+003,1.060554e-001
9.335861e+003,8.879365e-002
9.336344e+003,6.930213e-002
9.336825e+003,4.945544e-002
9.337308e+003,3.116179e-002
9.337789e+003,1.615595e-002
9.338271e+003,5.662005e-003
9.338754e+003,9.889057e-006
9.339236e+003,-1.617785e-003
9.339719e+003,-1.121529e-003
9.340200e+003,-1.015877e-003
9.340683e+003,-3.641571e-003
9.341164e+003,-1.031543e-002
9.341646e+003,-2.075080e-002
9.342129e+003,-3.301302e-002
9.342611e+003,-4.407824e-002
9.343094e+003,-5.081464e-002
9.343575e+003,-5.102270e-002
9.344057e+003,-4.413778e-002
9.344539e+003,-3.134218e-002
9.345021e+003,-1.508384e-002
9.345504e+003,1.754311e-003
9.345986e+003,1.667062e-002
9.346468e+003,2.803048e-002
9.346950e+003,3.509945e-002
9.347432e+003,3.773130e-002
9.347914e+003,3.597947e-002
9.348396e+003,2.990345e-002
9.348879e+003,1.969978e-002
9.349361e+003,6.067924e-003
9.349843e+003,-9.428200e-003
9.350324e+003,-2.439390e-002
9.350807e+003,-3.603138e-002
9.351289e+003,-4.199952e-002
9.351771e+003,-4.136172e-002
9.352254e+003,-3.520977e-002
9.352735e+003,-2.662319e-002
9.353218e+003,-1.985853e-002
9.353699e+003,-1.897140e-002
9.354182e+003,-2.632274e-002
9.354664e+003,-4.150808e-002
9.355146e+003,-6.112386e-002
9.355629e+003,-7.949904e-002
9.356110e+003,-9.018326e-002
9.356592e+003,-8.773272e-002
9.357074e+003,-6.925400e-002
9.357557e+003,-3.527362e-002
9.358039e+003,1.026980e-002
9.358521e+003,6.084860e-002
9.359003e+003,1.087107e-001
9.359485e+003,1.464136e-001
9.359967e+003,1.681718e-001
9.360449e+003,1.707788e-001
9.360932e+003,1.540011e-001
9.361414e+003,1.204665e-001
9.361896e+003,7.513145e-002
9.362378e+003,2.443113e-002
9.362860e+003,-2.477798e-002
9.363342e+003,-6.635470e-002
9.363824e+003,-9.592095e-002
9.364307e+003,-1.116140e-001
9.364789e+003,-1.143442e-001
9.365271e+003,-1.074369e-001
9.365753e+003,-9.568797e-002
9.366234e+003,-8.404304e-002
9.366717e+003,-7.625508e-002
9.367199e+003,-7.391207e-002
9.367682e+003,-7.613723e-002
9.368164e+003,-8.005504e-002
9.368646e+003,-8.187152e-002
9.369128e+003,-7.821232e-002
9.369609e+003,-6.727996e-002
9.370092e+003,-4.945711e-002
9.370574e+003,-2.717922e-002
9.371057e+003,-4.149642e-003
9.371539e+003,1.580826e-002
9.372021e+003,2.986198e-002
9.372502e+003,3.688172e-002
9.372984e+003,3.755155e-002
9.373467e+003,3.389321e-002
9.373949e+003,2.840494e-002
9.374432e+003,2.312394e-002
9.374913e+003,1.892081e-002
9.375396e+003,1.524163e-002
9.375877e+003,1.036747e-002
9.376359e+003,2.102050e-003
9.376842e+003,-1.133004e-002
9.377324e+003,-3.045777e-002
9.377807e+003,-5.408303e-002
9.378288e+003,-7.932376e-002
9.378770e+003,-1.022084e-001
9.379252e+003,-1.186745e-001
9.379734e+003,-1.256763e-001
9.380217e+003,-1.220440e-001
9.380699e+003,-1.088080e-001
9.381181e+003,-8.876467e-002
9.381663e+003,-6.561266e-002
9.382145e+003,-4.277662e-002
9.382627e+003,-2.249501e-002
9.383109e+003,-5.506773e-003
9.383592e+003,8.550428e-003
9.384074e+003,2.023146e-002
9.384556e+003,2.931063e-002
9.385038e+003,3.424846e-002
9.385520e+003,3.243096e-002
9.386002e+003,2.117099e-002
9.386484e+003,-9.061693e-004
9.386967e+003,-3.269307e-002
9.387449e+003,-7.020919e-002
9.387931e+003,-1.072601e-001
9.388412e+003,-1.369902e-001
9.388895e+003,-1.537919e-001
9.389377e+003,-1.548655e-001
9.389859e+003,-1.408472e-001
9.390342e+003,-1.152973e-001
9.390823e+003,-8.329936e-002
9.391306e+003,-4.976624e-002
9.391787e+003,-1.812596e-002
9.392270e+003,1.015306e-002
9.392752e+003,3.513075e-002
9.393234e+003,5.738289e-002
9.393717e+003,7.695231e-002
9.394198e+003,9.277067e-002
9.394680e+003,1.028012e-001
9.395162e+003,1.048024e-001
9.395645e+003,9.734026e-002
9.396127e+003,8.058772e-002
9.396609e+003,5.657443e-002
9.397091e+003,2.880095e-002
9.397573e+003,1.397486e-003
9.398055e+003,-2.183383e-002
9.398537e+003,-3.815392e-002
9.399020e+003,-4.619861e-002
9.399502e+003,-4.586564e-002
9.399984e+003,-3.793420e-002
9.400466e+003,-2.363526e-002
9.400947e+003,-4.342791e-003
9.401430e+003,1.854983e-002
9.401912e+003,4.361175e-002
9.402395e+003,6.931444e-002
9.402877e+003,9.402126e-002
9.403358e+003,1.160631e-001
9.403841e+003,1.338747e-001
9.404322e+003,1.461261e-001
9.404805e+003,1.517907e-001
9.405287e+003,1.501275e-001
9.405770e+003,1.406132e-001
9.406252e+003,1.228985e-001
9.406733e+003,9.687654e-002
9.407216e+003,6.291261e-002
9.407697e+003,2.221070e-002
9.408180e+003,-2.279951e-002
9.408662e+003,-6.824640e-002
9.409145e+003,-1.089737e-001
9.409627e+003,-1.391994e-001
9.410108e+003,-1.536447e-001
9.410590e+003,-1.488968e-001
9.411072e+003,-1.246036e-001
9.411555e+003,-8.403475e-002
9.412037e+003,-3.375203e-002
9.412520e+003,1.779078e-002
9.413001e+003,6.225883e-002
9.413483e+003,9.352622e-002
9.413965e+003,1.091544e-001
9.414447e+003,1.107658e-001
9.414930e+003,1.032003e-001
9.415412e+003,9.277600e-002
9.415895e+003,8.527728e-002
9.416376e+003,8.434933e-002
9.416857e+003,9.077243e-002
9.417340e+003,1.027172e-001
9.417822e+003,1.167099e-001
9.418305e+003,1.288217e-001
9.418787e+003,1.356259e-001
9.419269e+003,1.346963e-001
9.419751e+003,1.247153e-001
9.420232e+003,1.054511e-001
9.420715e+003,7.784440e-002
9.421197e+003,4.424781e-002
9.421680e+003,8.609689e-003
9.422162e+003,-2.373546e-002
9.422644e+003,-4.691585e-002
9.423125e+003,-5.595592e-002
9.423607e+003,-4.837634e-002
9.424090e+003,-2.531551e-002
9.424572e+003,8.412180e-003
9.425055e+003,4.553691e-002
9.425536e+003,7.851812e-002
9.426019e+003,1.019241e-001
9.426500e+003,1.140894e-001
9.426982e+003,1.173775e-001
9.427465e+003,1.169229e-001
9.427947e+003,1.183473e-001
9.428430e+003,1.253683e-001
9.428911e+003,1.382607e-001
9.429394e+003,1.537662e-001
9.429875e+003,1.664359e-001
9.430357e+003,1.708110e-001
9.430840e+003,1.635345e-001
9.431322e+003,1.445791e-001
9.431805e+003,1.171841e-001
9.432286e+003,8.662616e-002
9.432768e+003,5.838402e-002
9.433250e+003,3.642265e-002
9.433732e+003,2.219353e-002
9.434215e+003,1.460983e-002
9.434697e+003,1.085965e-002
9.435179e+003,7.640081e-003
9.435661e+003,2.309008e-003
9.436143e+003,-6.430485e-003
9.436625e+003,-1.846236e-002
9.437107e+003,-3.270506e-002
9.437590e+003,-4.779964e-002
9.438072e+003,-6.271416e-002
9.438554e+003,-7.701447e-002
9.439035e+003,-9.070769e-002
9.439518e+003,-1.037474e-001
9.440000e+003,-1.154379e-001
9.440482e+003,-1.240367e-001
9.440965e+003,-1.268104e-001
9.441446e+003,-1.206449e-001
9.441929e+003,-1.030977e-001
9.442410e+003,-7.360494e-002
9.442893e+003,-3.422855e-002
9.443375e+003,1.013370e-002
9.443857e+003,5.256025e-002
9.444340e+003,8.567298e-002
9.444821e+003,1.035394e-001
9.445303e+003,1.032981e-001
9.445785e+003,8.595376e-002
9.446268e+003,5.606842e-002
9.446750e+003,2.046266e-002
9.447232e+003,-1.362026e-002
9.447714e+003,-4.027427e-002
9.448196e+003,-5.608106e-002
9.448678e+003,-6.038706e-002
9.449160e+003,-5.477956e-002
9.449643e+003,-4.209677e-002
9.450125e+003,-2.539392e-002
9.450607e+003,-7.193969e-003
9.451089e+003,1.084551e-002
9.451571e+003,2.790686e-002
9.452053e+003,4.378244e-002
9.452535e+003,5.858137e-002
9.453018e+003,7.244324e-002
9.453500e+003,8.527111e-002
9.453981e+003,9.650268e-002
9.454464e+003,1.049903e-001
9.454945e+003,1.091051e-001
9.455428e+003,1.071459e-001
9.455910e+003,9.800562e-002
9.456393e+003,8.187263e-002
9.456875e+003,6.063416e-002
9.457356e+003,3.768461e-002
9.457839e+003,1.706452e-002
9.458320e+003,2.169752e-003
9.458803e+003,-5.459575e-003
9.459285e+003,-6.700838e-003
9.459768e+003,-4.409085e-003
9.460250e+003,-2.053348e-003
9.460731e+003,-1.961347e-003
9.461213e+003,-3.955752e-003
9.461695e+003,-5.060919e-003
9.462178e+003,-5.250289e-004
9.462660e+003,1.418332e-002
9.463143e+003,4.121389e-002
9.463624e+003,7.895416e-002
9.464106e+003,1.220940e-001
9.464588e+003,1.632106e-001
9.465070e+003,1.952952e-001
9.465553e+003,2.142197e-001
9.466035e+003,2.201453e-001
9.466518e+003,2.173010e-001
9.466999e+003,2.122301e-001
9.467480e+003,2.112167e-001
9.467963e+003,2.179098e-001
9.468445e+003,2.320490e-001
9.468928e+003,2.497211e-001
9.469410e+003,2.649620e-001
9.469892e+003,2.720211e-001
9.470374e+003,2.674190e-001
9.470855e+003,2.510837e-001
9.471338e+003,2.262597e-001
9.471820e+003,1.983360e-001
9.472303e+003,1.730923e-001
9.472785e+003,1.549903e-001
9.473267e+003,1.460785e-001
9.473749e+003,1.455882e-001
9.474230e+003,1.505854e-001
9.474713e+003,1.570165e-001
9.475195e+003,1.609217e-001
9.475678e+003,1.594149e-001
9.476159e+003,1.511905e-001
9.476642e+003,1.364987e-001
9.477123e+003,1.167006e-001
9.477605e+003,9.362420e-002
9.478088e+003,6.897567e-002
9.478570e+003,4.400606e-002
9.479053e+003,1.951511e-002
9.479534e+003,-3.870286e-003
9.480017e+003,-2.531974e-002
9.480498e+003,-4.354589e-002
9.480980e+003,-5.684357e-002
9.481463e+003,-6.346435e-002
9.481945e+003,-6.221556e-002
9.482428e+003,-5.305967e-002
9.482909e+003,-3.746378e-002
9.483391e+003,-1.832909e-002
9.483873e+003,5.228995e-004
9.484355e+003,1.517264e-002
9.484838e+003,2.249629e-002
9.485320e+003,2.087921e-002
9.485802e+003,1.057122e-002
9.486284e+003,-6.372245e-003
9.486766e+003,-2.650279e-002
9.487248e+003,-4.561348e-002
9.487730e+003,-5.945308e-002
9.488213e+003,-6.440502e-002
9.488695e+003,-5.805185e-002
9.489177e+003,-3.956638e-002
9.489658e+003,-9.878729e-003
9.490141e+003,2.841647e-002
9.490623e+003,7.140928e-002
9.491105e+003,1.144193e-001
9.491588e+003,1.526218e-001
9.492069e+003,1.816310e-001
9.492552e+003,1.979510e-001
9.493033e+003,1.992855e-001
9.493516e+003,1.847530e-001
9.493998e+003,1.550742e-001
9.494480e+003,1.127423e-001
9.494963e+003,6.209141e-002
9.495444e+003,9.103764e-003
9.495927e+003,-3.920893e-002
9.496408e+003,-7.590235e-002
9.496891e+003,-9.553440e-002
9.497373e+003,-9.558907e-002
9.497855e+003,-7.742136e-002
9.498337e+003,-4.630579e-002
9.498819e+003,-1.040804e-002
9.499301e+003,2.114509e-002
9.499783e+003,4.058546e-002
9.500266e+003,4.352281e-002
9.500748e+003,3.003850e-002
9.501230e+003,4.513151e-003
9.501712e+003,-2.574612e-002
9.502194e+003,-5.263454e-002
9.502676e+003,-6.945994e-002
9.503158e+003,-7.256361e-002
9.503641e+003,-6.190434e-002
9.504123e+003,-4.052509e-002
9.504605e+003,-1.318664e-002
9.505087e+003,1.529642e-002
9.505568e+003,4.147068e-002
9.506051e+003,6.397595e-002
9.506533e+003,8.344185e-002
9.507016e+003,1.016789e-001
9.507498e+003,1.205185e-001
9.507979e+003,1.407468e-001
9.508462e+003,1.615201e-001
9.508943e+003,1.804592e-001
9.509426e+003,1.943671e-001
9.509908e+003,2.002874e-001
9.510391e+003,1.964941e-001
9.510873e+003,1.830465e-001
9.511354e+003,1.617166e-001
9.511836e+003,1.353591e-001
9.512318e+003,1.070164e-001
9.512801e+003,7.915021e-002
9.513283e+003,5.331225e-002
9.513766e+003,3.034694e-002
9.514247e+003,1.095591e-002
9.514729e+003,-3.731914e-003
9.515211e+003,-1.195310e-002
9.515693e+003,-1.166098e-002
9.516176e+003,-1.341774e-003
9.516658e+003,1.906150e-002
9.517141e+003,4.758641e-002
9.517622e+003,8.040138e-002
9.518104e+003,1.127202e-001
9.518586e+003,1.401710e-001
9.519068e+003,1.600737e-001
9.519551e+003,1.720830e-001
9.520033e+003,1.779214e-001
9.520515e+003,1.803250e-001
9.520997e+003,1.816826e-001
9.521479e+003,1.829857e-001
9.521961e+003,1.835573e-001
9.522443e+003,1.816595e-001
9.522926e+003,1.756596e-001
9.523408e+003,1.651568e-001
9.523890e+003,1.514882e-001
9.524372e+003,1.373257e-001
9.524854e+003,1.255270e-001
9.525336e+003,1.177783e-001
9.525818e+003,1.136939e-001
9.526301e+003,1.108505e-001
9.526783e+003,1.058033e-001
9.527265e+003,9.566517e-002
9.527746e+003,7.953521e-002
9.528229e+003,5.909799e-002
9.528711e+003,3.806626e-002
9.529193e+003,2.066712e-002
9.529676e+003,9.825402e-003
9.530157e+003,5.868568e-003
9.530640e+003,6.372744e-003
9.531121e+003,7.268748e-003
9.531604e+003,4.749936e-003
9.532086e+003,-2.871889e-003
9.532568e+003,-1.423432e-002
9.533051e+003,-2.540760e-002
9.533532e+003,-3.165311e-002
9.534014e+003,-2.971912e-002
9.534496e+003,-1.964139e-002
9.534979e+003,-5.181788e-003
9.535461e+003,7.395678e-003
9.535943e+003,1.177887e-002
9.536425e+003,4.284891e-003
9.536907e+003,-1.440292e-002
9.537389e+003,-3.925279e-002
9.537871e+003,-6.274369e-002
9.538354e+003,-7.784517e-002
9.538836e+003,-8.086921e-002
9.539318e+003,-7.295218e-002
9.539800e+003,-5.948961e-002
9.540282e+003,-4.773366e-002
9.540764e+003,-4.357495e-002
9.541246e+003,-4.890129e-002
9.541729e+003,-6.068465e-002
9.542211e+003,-7.219952e-002
9.542692e+003,-7.584816e-002
9.543175e+003,-6.636782e-002
9.543656e+003,-4.303735e-002
9.544139e+003,-9.956046e-003
9.544621e+003,2.566582e-002
9.545104e+003,5.639011e-002
9.545586e+003,7.730521e-002
9.546067e+003,8.747144e-002
9.546550e+003,8.952603e-002
9.547031e+003,8.778083e-002
9.547514e+003,8.580630e-002
9.547996e+003,8.466324e-002
9.548479e+003,8.255809e-002
9.548961e+003,7.597659e-002
9.549442e+003,6.164870e-002
9.549924e+003,3.834578e-002
9.550406e+003,7.657420e-003
9.550889e+003,-2.656164e-002
9.551371e+003,-5.972154e-002
9.551854e+003,-8.820540e-002
9.552335e+003,-1.104291e-001
9.552817e+003,-1.268120e-001
9.553299e+003,-1.387978e-001
9.553781e+003,-1.475258e-001
9.554264e+003,-1.528844e-001
9.554746e+003,-1.534235e-001
9.555229e+003,-1.471317e-001
9.555710e+003,-1.326419e-001
9.556191e+003,-1.102393e-001
9.556674e+003,-8.216756e-002
9.557156e+003,-5.209425e-002
9.557639e+003,-2.399683e-002
9.558121e+003,-9.633386e-004
9.558603e+003,1.561663e-002
9.559085e+003,2.622848e-002
9.559566e+003,3.283048e-002
9.560049e+003,3.812750e-002
9.560531e+003,4.480748e-002
9.561014e+003,5.492289e-002
9.561496e+003,6.946199e-002
9.561978e+003,8.808427e-002
9.562459e+003,1.090239e-001
9.562941e+003,1.292398e-001
9.563424e+003,1.449166e-001
9.563906e+003,1.523356e-001
9.564389e+003,1.489388e-001
9.564870e+003,1.342287e-001
9.565353e+003,1.100849e-001
9.565834e+003,8.026166e-002
9.566316e+003,4.912591e-002
9.566799e+003,2.017259e-002
9.567281e+003,-5.101082e-003
9.567764e+003,-2.739381e-002
9.568245e+003,-4.874858e-002
9.568728e+003,-7.101893e-002
9.569209e+003,-9.437700e-002
9.569691e+003,-1.166072e-001
9.570174e+003,-1.335871e-001
9.570656e+003,-1.407971e-001
9.571139e+003,-1.351901e-001
9.571620e+003,-1.165653e-001
9.572102e+003,-8.780453e-002
9.572584e+003,-5.387000e-002
9.573066e+003,-2.003040e-002
9.573549e+003,9.868504e-003
9.574031e+003,3.432572e-002
9.574513e+003,5.394390e-002
9.574995e+003,7.023874e-002
9.575477e+003,8.416255e-002
9.575959e+003,9.511525e-002
9.576441e+003,1.009418e-001
9.576924e+003,9.890418e-002
9.577406e+003,8.713479e-002
9.577888e+003,6.585462e-002
9.578369e+003,3.776959e-002
9.578852e+003,7.450824e-003
9.579334e+003,-2.003611e-002
9.579816e+003,-4.067412e-002
9.580299e+003,-5.259691e-002
9.580780e+003,-5.637020e-002
9.581263e+003,-5.443668e-002
9.581744e+003,-5.002837e-002
9.582227e+003,-4.598901e-002
9.582709e+003,-4.389349e-002
9.583191e+003,-4.366980e-002
9.583674e+003,-4.373927e-002
9.584155e+003,-4.156213e-002
9.584637e+003,-3.442822e-002
9.585119e+003,-2.032443e-002
9.585602e+003,1.293218e-003
9.586084e+003,2.901399e-002
9.586566e+003,5.945981e-002
9.587048e+003,8.786168e-002
9.587530e+003,1.091828e-001
9.588012e+003,1.195353e-001
9.588494e+003,1.174604e-001
9.588977e+003,1.046027e-001
9.589459e+003,8.545320e-002
9.589941e+003,6.615270e-002
9.590423e+003,5.270520e-002
9.590905e+003,4.920312e-002
9.591387e+003,5.667972e-002
9.591869e+003,7.296541e-002
9.592352e+003,9.353574e-002
9.592834e+003,1.129774e-001
9.593316e+003,1.265173e-001
9.593798e+003,1.311181e-001
9.594279e+003,1.258772e-001
9.594762e+003,1.117655e-001
9.595244e+003,9.096301e-002
9.595727e+003,6.611601e-002
9.596209e+003,3.976719e-002
9.596690e+003,1.404517e-002
9.597173e+003,-9.401580e-003
9.597654e+003,-2.939489e-002
9.598137e+003,-4.517424e-002
9.598619e+003,-5.635310e-002
9.599102e+003,-6.286374e-002
9.599584e+003,-6.487885e-002
9.600065e+003,-6.272893e-002
9.600547e+003,-5.685534e-002
9.601029e+003,-4.781745e-002
9.601512e+003,-3.631590e-002
9.601994e+003,-2.314764e-002
9.602477e+003,-9.022522e-003
9.602958e+003,5.741228e-003
9.603440e+003,2.150224e-002
9.603922e+003,3.934497e-002
9.604404e+003,6.072160e-002
9.604887e+003,8.669361e-002
9.605369e+003,1.170257e-001
9.605852e+003,1.495536e-001
9.606333e+003,1.802292e-001
9.606814e+003,2.039995e-001
9.607297e+003,2.162978e-001
9.607779e+003,2.145952e-001
9.608262e+003,1.993580e-001
9.608744e+003,1.739578e-001
9.609226e+003,1.435203e-001
9.609708e+003,1.131813e-001
9.610189e+003,8.650993e-002
9.610672e+003,6.479123e-002
9.611154e+003,4.745831e-002
9.611637e+003,3.338891e-002
9.612119e+003,2.234170e-002
9.612601e+003,1.572318e-002
9.613083e+003,1.620844e-002
9.613564e+003,2.632928e-002
9.614047e+003,4.670077e-002
9.614529e+003,7.480180e-002
9.615012e+003,1.050197e-001
9.615494e+003,1.300961e-001
9.615976e+003,1.434409e-001
9.616457e+003,1.413481e-001
9.616939e+003,1.241601e-001
9.617422e+003,9.590095e-002
9.617904e+003,6.257877e-002
9.618387e+003,2.993912e-002
9.618868e+003,1.643513e-003
9.619351e+003,-2.141089e-002
9.619832e+003,-4.048649e-002
9.620314e+003,-5.756309e-002
9.620797e+003,-7.383934e-002
9.621279e+003,-8.889326e-002
9.621762e+003,-1.008251e-001
9.622243e+003,-1.071947e-001
9.622725e+003,-1.062016e-001
9.623207e+003,-9.749427e-002
9.623689e+003,-8.224897e-002
9.624172e+003,-6.257050e-002
9.624654e+003,-4.061399e-002
9.625136e+003,-1.793045e-002
9.625618e+003,4.632434e-003
9.626100e+003,2.648344e-002
9.626582e+003,4.661718e-002
9.627064e+003,6.316730e-002
9.627547e+003,7.350693e-002
9.628029e+003,7.496712e-002
9.628511e+003,6.583513e-002
9.628992e+003,4.630128e-002
9.629475e+003,1.889670e-002
9.629957e+003,-1.177303e-002
9.630439e+003,-3.993800e-002
9.630922e+003,-5.994384e-002
9.631403e+003,-6.753492e-002
9.631886e+003,-6.081758e-002
9.632367e+003,-4.070663e-002
9.632850e+003,-1.079888e-002
9.633332e+003,2.327780e-002
9.633814e+003,5.492434e-002
9.634297e+003,7.787051e-002
9.634778e+003,8.748380e-002
9.635261e+003,8.179476e-002
9.635742e+003,6.194157e-002
9.636225e+003,3.183246e-002
9.636707e+003,-2.959035e-003
9.637189e+003,-3.677747e-002
9.637672e+003,-6.544096e-002
9.638153e+003,-8.721757e-002
9.638635e+003,-1.028551e-001
9.639117e+003,-1.146585e-001
9.639600e+003,-1.250030e-001
9.640082e+003,-1.349196e-001
9.640564e+003,-1.433768e-001
9.641046e+003,-1.475879e-001
9.641528e+003,-1.442304e-001
9.642010e+003,-1.310514e-001
9.642492e+003,-1.081473e-001
9.642975e+003,-7.833901e-002
9.643457e+003,-4.645434e-002
9.643939e+003,-1.779910e-002
9.644421e+003,3.566045e-003
9.644902e+003,1.606477e-002
9.645385e+003,2.090841e-002
9.645867e+003,2.140874e-002
9.646350e+003,2.163964e-002
9.646832e+003,2.501094e-002
9.647313e+003,3.329128e-002
9.647796e+003,4.637178e-002
9.648277e+003,6.272890e-002
9.648760e+003,8.027491e-002
9.649242e+003,9.718318e-002
9.649725e+003,1.123629e-001
9.650207e+003,1.254608e-001
9.650688e+003,1.364869e-001
9.651170e+003,1.452950e-001
9.651652e+003,1.511637e-001
9.652135e+003,1.526422e-001
9.652617e+003,1.477085e-001
9.653100e+003,1.341966e-001
9.653581e+003,1.104011e-001
9.654063e+003,7.575221e-002
9.654545e+003,3.143470e-002
9.655027e+003,-1.920308e-002
9.655510e+003,-7.063492e-002
9.655992e+003,-1.157012e-001
9.656475e+003,-1.467758e-001
9.656956e+003,-1.574258e-001
9.657438e+003,-1.442038e-001
9.657920e+003,-1.080358e-001
9.658402e+003,-5.465731e-002
9.658885e+003,6.225089e-003
9.659367e+003,6.301171e-002
9.659850e+003,1.049801e-001
9.660331e+003,1.249626e-001
9.660813e+003,1.210846e-001
9.661295e+003,9.699865e-002
9.661777e+003,6.054562e-002
9.662260e+003,2.130533e-002
9.662742e+003,-1.212949e-002
9.663224e+003,-3.425545e-002
9.663706e+003,-4.350553e-002
9.664188e+003,-4.170704e-002
9.664670e+003,-3.253877e-002
9.665152e+003,-1.971390e-002
9.665635e+003,-5.634750e-003
9.666117e+003,9.018504e-003
9.666599e+003,2.475440e-002
9.667080e+003,4.219265e-002
9.667563e+003,6.104122e-002
9.668045e+003,7.964410e-002
9.668527e+003,9.530774e-002
9.669010e+003,1.052337e-001
9.669491e+003,1.076017e-001
9.669974e+003,1.022888e-001
9.670455e+003,9.089595e-002
9.670938e+003,7.608683e-002
9.671420e+003,6.056306e-002
9.671902e+003,4.615377e-002
9.672385e+003,3.342228e-002
9.672866e+003,2.193401e-002
9.673348e+003,1.101465e-002
9.673830e+003,5.970257e-004
9.674313e+003,-8.285950e-003
9.674795e+003,-1.364153e-002
9.675277e+003,-1.327442e-002
9.675759e+003,-5.853212e-003
9.676241e+003,8.188382e-003
9.676723e+003,2.635326e-002
9.677205e+003,4.460077e-002
9.677688e+003,5.857118e-002
9.678170e+003,6.509883e-002
9.678652e+003,6.344847e-002
9.679134e+003,5.578119e-002
9.679616e+003,4.662716e-002
9.680098e+003,4.149843e-002
9.680580e+003,4.508230e-002
9.681063e+003,5.960121e-002
9.681545e+003,8.387655e-002
9.682026e+003,1.134066e-001
9.682509e+003,1.414517e-001
9.682990e+003,1.608027e-001
9.683473e+003,1.657051e-001
9.683955e+003,1.533731e-001
9.684438e+003,1.246811e-001
9.684920e+003,8.388199e-002
9.685401e+003,3.750102e-002
9.685884e+003,-7.229452e-003
9.686365e+003,-4.394395e-002
9.686848e+003,-6.833659e-002
9.687330e+003,-7.874363e-002
9.687813e+003,-7.608154e-002
9.688295e+003,-6.326925e-002
9.688776e+003,-4.435763e-002
9.689258e+003,-2.360172e-002
9.689740e+003,-4.687569e-003
9.690223e+003,9.800245e-003
9.690705e+003,1.860501e-002
9.691188e+003,2.176971e-002
9.691669e+003,2.042262e-002
9.692151e+003,1.646169e-002
9.692633e+003,1.221004e-002
9.693115e+003,1.009121e-002
9.693598e+003,1.234397e-002
9.694080e+003,2.077032e-002
9.694563e+003,3.649817e-002
9.695044e+003,5.975115e-002
9.695525e+003,8.965036e-002
9.696008e+003,1.241173e-001
9.696490e+003,1.599735e-001
9.696973e+003,1.933158e-001
9.697455e+003,2.201683e-001
9.697937e+003,2.372988e-001
9.698419e+003,2.429771e-001
9.698900e+003,2.374136e-001
9.699383e+003,2.226834e-001
9.699865e+003,2.021016e-001
9.700348e+003,1.792229e-001
9.700830e+003,1.568010e-001
9.701312e+003,1.360855e-001
9.701794e+003,1.167290e-001
9.702275e+003,9.733518e-002
9.702758e+003,7.641913e-002
9.703240e+003,5.336422e-002
9.703723e+003,2.895956e-002
9.704204e+003,5.283161e-003
9.704687e+003,-1.500708e-002
9.705168e+003,-2.965192e-002
9.705650e+003,-3.760159e-002
9.706133e+003,-3.931527e-002
9.706615e+003,-3.645013e-002
9.707098e+003,-3.112078e-002
9.707579e+003,-2.509060e-002
9.708062e+003,-1.926046e-002
9.708543e+003,-1.364840e-002
9.709025e+003,-7.800989e-003
9.709508e+003,-1.369190e-003
9.709990e+003,5.471682e-003
9.710473e+003,1.196001e-002
9.710954e+003,1.702949e-002
9.711436e+003,1.973148e-002
9.711918e+003,1.953803e-002
9.712400e+003,1.636247e-002
9.712883e+003,1.032617e-002
9.713365e+003,1.467885e-003
9.713847e+003,-1.035917e-002
9.714329e+003,-2.526928e-002
9.714811e+003,-4.287836e-002
9.715293e+003,-6.185462e-002
9.715775e+003,-7.979872e-002
9.716258e+003,-9.364274e-002
9.716740e+003,-1.004994e-001
9.717222e+003,-9.864672e-002
9.717703e+003,-8.821835e-002
9.718186e+003,-7.126954e-002
9.718668e+003,-5.115389e-002
9.719150e+003,-3.145885e-002
9.719633e+003,-1.494398e-002
9.720114e+003,-2.918387e-003
9.720597e+003,4.731929e-003
9.721078e+003,8.950999e-003
9.721561e+003,1.070544e-002
9.722043e+003,1.037493e-002
9.722525e+003,7.623305e-003
9.723008e+003,1.765550e-003
9.723489e+003,-7.602348e-003
9.723972e+003,-2.005825e-002
9.724453e+003,-3.417252e-002
9.724936e+003,-4.777020e-002
9.725418e+003,-5.849762e-002
9.725900e+003,-6.443040e-002
9.726382e+003,-6.448142e-002
9.726864e+003,-5.850880e-002
9.727346e+003,-4.718776e-002
9.727828e+003,-3.180518e-002
9.728311e+003,-1.410807e-002
9.728793e+003,3.772169e-003
9.729275e+003,1.941238e-002
9.729757e+003,3.033366e-002
9.730239e+003,3.443260e-002
9.730721e+003,3.051826e-002
9.731203e+003,1.874822e-002
9.731686e+003,7.473730e-004
9.732168e+003,-2.069124e-002
9.732650e+003,-4.223598e-002
9.733132e+003,-6.073629e-002
9.733613e+003,-7.375877e-002
9.734096e+003,-7.977349e-002
9.734578e+003,-7.801741e-002
9.735061e+003,-6.823274e-002
9.735543e+003,-5.052870e-002
9.736024e+003,-2.551380e-002
9.736507e+003,5.361167e-003
9.736988e+003,3.949684e-002
9.737471e+003,7.318237e-002
9.737953e+003,1.021614e-001
9.738436e+003,1.226597e-001
9.738918e+003,1.325442e-001
9.739399e+003,1.321492e-001
9.739881e+003,1.243844e-001
9.740363e+003,1.140033e-001
9.740846e+003,1.062511e-001
9.741328e+003,1.053566e-001
9.741811e+003,1.133830e-001
9.742292e+003,1.297916e-001
9.742774e+003,1.517939e-001
9.743256e+003,1.752860e-001
9.743738e+003,1.960037e-001
9.744221e+003,2.105302e-001
9.744703e+003,2.169237e-001
9.745186e+003,2.149008e-001
9.745667e+003,2.056571e-001
9.746149e+003,1.914471e-001
9.746631e+003,1.750430e-001
9.747113e+003,1.591491e-001
9.747596e+003,1.458599e-001
9.748078e+003,1.362666e-001
9.748560e+003,1.303362e-001
9.749042e+003,1.271313e-001
9.749523e+003,1.253208e-001
9.750006e+003,1.237873e-001
9.750488e+003,1.220597e-001
9.750971e+003,1.203744e-001
9.751453e+003,1.191779e-001
9.751935e+003,1.185398e-001
9.752417e+003,1.176208e-001
9.752898e+003,1.146395e-001
9.753381e+003,1.074718e-001
9.753863e+003,9.468962e-002
9.754346e+003,7.655334e-002
9.754828e+003,5.539316e-002
9.755310e+003,3.502772e-002
9.755791e+003,1.930676e-002
9.756273e+003,1.033190e-002
9.756756e+003,7.161496e-003
9.757238e+003,5.689183e-003
9.757721e+003,-8.268901e-005
9.758202e+003,-1.576587e-002
9.758685e+003,-4.417792e-002
9.759166e+003,-8.379160e-002
9.759648e+003,-1.287201e-001
9.760131e+003,-1.703077e-001
9.760613e+003,-1.997464e-001
9.761096e+003,-2.107401e-001
9.761577e+003,-2.012587e-001
9.762059e+003,-1.738434e-001
9.762541e+003,-1.345298e-001
9.763023e+003,-9.097067e-002
9.763506e+003,-5.053137e-002
9.763988e+003,-1.897352e-002
9.764470e+003,6.243626e-005
9.764952e+003,4.966880e-003
9.765434e+003,-4.136790e-003
9.765916e+003,-2.556436e-002
9.766398e+003,-5.605082e-002
9.766881e+003,-9.075266e-002
9.767363e+003,-1.236008e-001
9.767845e+003,-1.482010e-001
9.768327e+003,-1.591684e-001
9.768809e+003,-1.534743e-001
9.769291e+003,-1.312596e-001
9.769773e+003,-9.573278e-002
9.770256e+003,-5.213215e-002
9.770737e+003,-6.143280e-003
9.771220e+003,3.760805e-002
9.771701e+003,7.640859e-002
9.772184e+003,1.093831e-001
9.772666e+003,1.366430e-001
9.773148e+003,1.581540e-001
9.773631e+003,1.729219e-001
9.774112e+003,1.789171e-001
9.774595e+003,1.737821e-001
9.775076e+003,1.559931e-001
9.775559e+003,1.259336e-001
9.776041e+003,8.639024e-002
9.776523e+003,4.223321e-002
9.777006e+003,-6.095878e-004
9.777487e+003,-3.650701e-002
9.777969e+003,-6.133762e-002
9.778451e+003,-7.319832e-002
9.778934e+003,-7.247742e-002
9.779416e+003,-6.139224e-002
9.779898e+003,-4.322889e-002
9.780380e+003,-2.153517e-002
9.780862e+003,5.557167e-004
9.781344e+003,2.078805e-002
9.781826e+003,3.796889e-002
9.782309e+003,5.209530e-002
9.782791e+003,6.406112e-002
9.783273e+003,7.527628e-002
9.783755e+003,8.713925e-002
9.784236e+003,1.004986e-001
9.784719e+003,1.152549e-001
9.785201e+003,1.302369e-001
9.785684e+003,1.434059e-001
9.786166e+003,1.523298e-001
9.786647e+003,1.547767e-001
9.787130e+003,1.492472e-001
9.787611e+003,1.353154e-001
9.788094e+003,1.137369e-001
9.788576e+003,8.636525e-002
9.789059e+003,5.595076e-002
9.789541e+003,2.587627e-002
9.790022e+003,-1.621793e-004
9.790504e+003,-1.855269e-002
9.790986e+003,-2.625016e-002
9.791469e+003,-2.129499e-002
9.791951e+003,-3.247566e-003
9.792434e+003,2.661026e-002
9.792915e+003,6.541581e-002
9.793397e+003,1.092078e-001
9.793879e+003,1.536169e-001
9.794361e+003,1.945452e-001
9.794844e+003,2.286262e-001
9.795326e+003,2.533695e-001
9.795809e+003,2.670529e-001
9.796290e+003,2.685439e-001
9.796772e+003,2.572450e-001
9.797254e+003,2.332627e-001
9.797736e+003,1.977388e-001
9.798219e+003,1.531456e-001
9.798701e+003,1.033290e-001
9.799184e+003,5.316085e-002
9.799665e+003,7.840551e-003
9.800146e+003,-2.796663e-002
9.800629e+003,-5.089769e-002
9.801111e+003,-5.935846e-002
9.801594e+003,-5.362086e-002
9.802076e+003,-3.563522e-002
9.802558e+003,-8.727955e-003
9.803040e+003,2.268047e-002
9.803521e+003,5.333102e-002
9.804004e+003,7.749165e-002
9.804486e+003,8.961511e-002
9.804969e+003,8.536469e-002
9.805451e+003,6.285083e-002
9.805933e+003,2.367717e-002
9.806414e+003,-2.670883e-002
9.806896e+003,-7.972623e-002
9.807379e+003,-1.254357e-001
9.807861e+003,-1.549470e-001
9.808344e+003,-1.627173e-001
9.808825e+003,-1.479608e-001
9.809308e+003,-1.146608e-001
9.809789e+003,-7.014553e-002
9.810271e+003,-2.270748e-002
9.810754e+003,2.090432e-002
9.811236e+003,5.723852e-002
9.811719e+003,8.655056e-002
9.812200e+003,1.117891e-001
9.812682e+003,1.365553e-001
9.813164e+003,1.631857e-001
9.813646e+003,1.910248e-001
9.814129e+003,2.162144e-001
9.814611e+003,2.326976e-001
9.815093e+003,2.341470e-001
9.815575e+003,2.161577e-001
9.816057e+003,1.779973e-001
9.816539e+003,1.233751e-001
9.817021e+003,6.000340e-002
9.817504e+003,-1.934601e-003
9.817986e+003,-5.199823e-002
9.818468e+003,-8.180580e-002
9.818950e+003,-8.685718e-002
9.819432e+003,-6.740637e-002
9.819914e+003,-2.818528e-002
9.820396e+003,2.291383e-002
9.820879e+003,7.681622e-002
9.821361e+003,1.253450e-001
9.821843e+003,1.628292e-001
9.822324e+003,1.868190e-001
9.822807e+003,1.977838e-001
9.823289e+003,1.980116e-001
9.823771e+003,1.901962e-001
9.824254e+003,1.762726e-001
9.824735e+003,1.569225e-001
9.825218e+003,1.318680e-001
9.825699e+003,1.007294e-001
9.826182e+003,6.399167e-002
9.826664e+003,2.359616e-002
9.827146e+003,-1.713254e-002
9.827629e+003,-5.420376e-002
9.828110e+003,-8.400201e-002
9.828592e+003,-1.042015e-001
9.829074e+003,-1.141844e-001
9.829557e+003,-1.148464e-001
9.830039e+003,-1.079607e-001
9.830521e+003,-9.545710e-002
9.831003e+003,-7.896572e-002
9.831485e+003,-5.979190e-002
9.831967e+003,-3.923344e-002
9.832449e+003,-1.895638e-002
9.832932e+003,-1.117306e-003
9.833414e+003,1.193309e-002
9.833896e+003,1.828771e-002
9.834378e+003,1.717749e-002
9.834859e+003,9.379903e-003
9.835342e+003,-2.878188e-003
9.835824e+003,-1.650621e-002
9.836307e+003,-2.838203e-002
9.836789e+003,-3.609102e-002
9.837271e+003,-3.830843e-002
9.837753e+003,-3.475861e-002
9.838234e+003,-2.589123e-002
9.838717e+003,-1.252460e-002
9.839199e+003,4.337456e-003
9.839682e+003,2.346717e-002
9.840164e+003,4.327798e-002
9.840646e+003,6.179742e-002
9.841128e+003,7.688557e-002
9.841609e+003,8.666889e-002
9.842092e+003,8.998912e-002
9.842574e+003,8.661541e-002
9.843057e+003,7.707468e-002
9.843539e+003,6.220165e-002
9.844021e+003,4.255358e-002
9.844502e+003,1.837538e-002
9.844984e+003,-1.002710e-002
9.845467e+003,-4.143971e-002
9.845949e+003,-7.289211e-002
9.846432e+003,-9.938040e-002
9.846913e+003,-1.145712e-001
9.847396e+003,-1.124766e-001
9.847877e+003,-8.959029e-002
9.848359e+003,-4.664507e-002
9.848842e+003,1.082643e-002
9.849324e+003,7.354043e-002
9.849807e+003,1.308944e-001
9.850288e+003,1.739576e-001
9.850770e+003,1.979068e-001
9.851252e+003,2.029800e-001
9.851734e+003,1.936197e-001
9.852217e+003,1.762300e-001
9.852699e+003,1.565401e-001
9.853181e+003,1.376842e-001
9.853663e+003,1.197372e-001
9.854145e+003,1.007647e-001
9.854627e+003,7.876593e-002
9.855109e+003,5.350874e-002
9.855592e+003,2.733830e-002
9.856074e+003,4.556358e-003
9.856556e+003,-1.033686e-002
9.857037e+003,-1.470153e-002
9.857520e+003,-9.143628e-003
9.858002e+003,2.430603e-003
9.858484e+003,1.415163e-002
9.858967e+003,2.038004e-002
9.859448e+003,1.786998e-002
9.859931e+003,7.043740e-003
9.860412e+003,-8.102034e-003
9.860895e+003,-2.137676e-002
9.861377e+003,-2.647941e-002
9.861859e+003,-1.898386e-002
9.862342e+003,2.448753e-003
9.862823e+003,3.592784e-002
9.863306e+003,7.713358e-002
9.863787e+003,1.206332e-001
9.864270e+003,1.612083e-001
9.864752e+003,1.948068e-001
9.865234e+003,2.189593e-001
9.865717e+003,2.327207e-001
9.866198e+003,2.363216e-001
9.866680e+003,2.307269e-001
9.867162e+003,2.172301e-001
9.867645e+003,1.971322e-001
9.868127e+003,1.715208e-001
9.868609e+003,1.411698e-001
9.869091e+003,1.066015e-001
9.869573e+003,6.833747e-002
9.870055e+003,2.729784e-002
9.870537e+003,-1.478531e-002
9.871020e+003,-5.514658e-002
9.871502e+003,-9.014405e-002
9.871984e+003,-1.158670e-001
9.872466e+003,-1.290823e-001
9.872947e+003,-1.282329e-001
9.873430e+003,-1.141224e-001
9.873912e+003,-8.998911e-002
9.874395e+003,-6.091761e-002
9.874877e+003,-3.252666e-002
9.875358e+003,-9.738904e-003
9.875841e+003,4.405039e-003
9.876322e+003,9.259256e-003
9.876805e+003,6.348104e-003
9.877287e+003,-1.460511e-003
9.877770e+003,-1.105275e-002
9.878252e+003,-2.004687e-002
9.878733e+003,-2.735138e-002
9.879215e+003,-3.319212e-002
9.879697e+003,-3.870006e-002
9.880180e+003,-4.528217e-002
9.880662e+003,-5.401879e-002
9.881145e+003,-6.525108e-002
9.881626e+003,-7.840207e-002
9.882108e+003,-9.198156e-002
9.882590e+003,-1.036989e-001
9.883072e+003,-1.106513e-001
9.883555e+003,-1.096208e-001
9.884037e+003,-9.754498e-002
9.884520e+003,-7.218353e-002
9.885001e+003,-3.289427e-002
9.885483e+003,1.869378e-002
9.885965e+003,7.838773e-002
9.886447e+003,1.397495e-001
9.886930e+003,1.950910e-001
9.887412e+003,2.369751e-001
9.887894e+003,2.598410e-001
9.888376e+003,2.612709e-001
9.888857e+003,2.424937e-001
9.889340e+003,2.079575e-001
9.889822e+003,1.641256e-001
9.890305e+003,1.179187e-001
9.890787e+003,7.532466e-002
9.891269e+003,4.058268e-002
9.891751e+003,1.606681e-002
9.892232e+003,2.692381e-003
9.892715e+003,4.752760e-004
9.893197e+003,8.880345e-003
9.893680e+003,2.677915e-002
9.894162e+003,5.210703e-002
9.894644e+003,8.152383e-002
9.895125e+003,1.104301e-001
9.895607e+003,1.335414e-001
9.896090e+003,1.459485e-001
9.896572e+003,1.443274e-001
9.897055e+003,1.278536e-001
9.897536e+003,9.846112e-002
9.898019e+003,6.033636e-002
9.898500e+003,1.882837e-002
9.898982e+003,-2.083777e-002
9.899465e+003,-5.461878e-002
9.899947e+003,-8.019592e-002
9.900430e+003,-9.695218e-002
9.900911e+003,-1.055578e-001
9.901393e+003,-1.074388e-001
9.901875e+003,-1.043566e-001
9.902357e+003,-9.817738e-002
9.902840e+003,-9.075916e-002
9.903322e+003,-8.381766e-002
9.903804e+003,-7.868724e-002
9.904286e+003,-7.601956e-002
9.904768e+003,-7.557085e-002
9.905250e+003,-7.630662e-002
9.905732e+003,-7.653695e-002
9.906215e+003,-7.477488e-002
9.906697e+003,-7.023063e-002
9.907179e+003,-6.309091e-002
9.907661e+003,-5.435288e-002
9.908143e+003,-4.527847e-002
9.908625e+003,-3.673218e-002
9.909107e+003,-2.873656e-002
9.909590e+003,-2.047653e-002
9.910071e+003,-1.075784e-002
9.910554e+003,1.309086e-003
9.911035e+003,1.575104e-002
9.911518e+003,3.159112e-002
9.912000e+003,4.720071e-002
9.912482e+003,6.095843e-002
9.912965e+003,7.186222e-002
9.913446e+003,7.976428e-002
9.913929e+003,8.510347e-002
9.914410e+003,8.828940e-002
9.914893e+003,8.909599e-002
9.915375e+003,8.644227e-002
9.915857e+003,7.874767e-002
9.916340e+003,6.474990e-002
9.916821e+003,4.440598e-002
9.917303e+003,1.941313e-002
9.917785e+003,-6.972081e-003
9.918268e+003,-3.082264e-002
9.918750e+003,-4.880771e-002
9.919232e+003,-5.930622e-002
9.919714e+003,-6.288195e-002
9.920196e+003,-6.190880e-002
9.920678e+003,-5.951014e-002
9.921160e+003,-5.826958e-002
9.921643e+003,-5.924971e-002
9.922125e+003,-6.169708e-002
9.922607e+003,-6.350480e-002
9.923089e+003,-6.219310e-002
9.923570e+003,-5.598066e-002
9.924053e+003,-4.452866e-002
9.924535e+003,-2.911836e-002
9.925018e+003,-1.227512e-002
9.925500e+003,2.948051e-003
9.925981e+003,1.374421e-002
9.926464e+003,1.816355e-002
9.926945e+003,1.546992e-002
9.927428e+003,6.262575e-003
9.927910e+003,-7.579043e-003
9.928393e+003,-2.309864e-002
9.928875e+003,-3.663849e-002
9.929356e+003,-4.442186e-002
9.929839e+003,-4.331628e-002
9.930320e+003,-3.163549e-002
9.930803e+003,-9.735052e-003
9.931285e+003,1.985670e-002
9.931768e+003,5.291127e-002
9.932249e+003,8.449807e-002
9.932731e+003,1.102114e-001
9.933213e+003,1.272148e-001
9.933695e+003,1.347412e-001
9.934178e+003,1.338932e-001
9.934660e+003,1.268547e-001
9.935143e+003,1.158673e-001
9.935624e+003,1.024151e-001
9.936106e+003,8.697711e-002
9.936588e+003,6.941040e-002
9.937070e+003,4.978327e-002
9.937553e+003,2.923090e-002
9.938035e+003,1.035629e-002
9.938518e+003,-3.090765e-003
9.938999e+003,-7.213062e-003
9.939480e+003,7.147660e-004
9.939963e+003,2.114058e-002
9.940445e+003,5.182230e-002
9.940928e+003,8.832438e-002
9.941410e+003,1.252686e-001
9.941892e+003,1.578750e-001
9.942374e+003,1.832034e-001
9.942855e+003,2.006301e-001
9.943338e+003,2.114041e-001
9.943820e+003,2.175176e-001
9.944303e+003,2.204157e-001
9.944785e+003,2.201349e-001
9.945267e+003,2.152667e-001
9.945748e+003,2.037664e-001
9.946230e+003,1.842287e-001
9.946713e+003,1.570289e-001
9.947195e+003,1.247593e-001
9.947678e+003,9.169996e-002
9.948159e+003,6.249385e-002
9.948642e+003,4.056793e-002
9.949123e+003,2.697622e-002
9.949605e+003,2.016940e-002
9.950088e+003,1.680385e-002
9.950570e+003,1.325447e-002
9.951053e+003,7.192103e-003
9.951534e+003,-1.442241e-003
9.952017e+003,-1.047061e-002
9.952498e+003,-1.647976e-002
9.952980e+003,-1.632996e-002
9.953463e+003,-8.503074e-003
9.953945e+003,6.277073e-003
9.954427e+003,2.536535e-002
9.954909e+003,4.523597e-002
9.955391e+003,6.271560e-002
9.955873e+003,7.584170e-002
9.956355e+003,8.401395e-002
9.956838e+003,8.749187e-002
9.957320e+003,8.662634e-002
9.957802e+003,8.133224e-002
9.958284e+003,7.115372e-002
9.958766e+003,5.592730e-002
9.959248e+003,3.668659e-002
9.959730e+003,1.626326e-002
9.960213e+003,-8.772988e-004
9.960695e+003,-9.699219e-003
9.961177e+003,-6.263363e-003
9.961658e+003,1.062439e-002
9.962141e+003,3.848432e-002
9.962623e+003,7.142016e-002
9.963105e+003,1.015818e-001
9.963588e+003,1.213791e-001
9.964069e+003,1.257010e-001
9.964552e+003,1.134004e-001
9.965033e+003,8.758549e-002
9.965516e+003,5.467403e-002
9.965998e+003,2.256581e-002
9.966480e+003,-1.472704e-003
9.966963e+003,-1.273528e-002
9.967444e+003,-9.520890e-003
9.967926e+003,6.245649e-003
9.968408e+003,2.997786e-002
9.968891e+003,5.570005e-002
9.969373e+003,7.743294e-002
9.969855e+003,9.038596e-002
9.970337e+003,9.177694e-002
9.970819e+003,8.121672e-002
9.971301e+003,6.066427e-002
9.971783e+003,3.399244e-002
9.972266e+003,6.224065e-003
9.972748e+003,-1.746546e-002
9.973230e+003,-3.282938e-002
9.973712e+003,-3.750999e-002
9.974194e+003,-3.164781e-002
9.974676e+003,-1.794387e-002
9.975158e+003,-1.088958e-003
9.975641e+003,1.336283e-002
9.976123e+003,2.042401e-002
9.976604e+003,1.703357e-002
9.977087e+003,2.955099e-003
9.977568e+003,-1.907150e-002
9.978051e+003,-4.400186e-002
9.978533e+003,-6.580777e-002
9.979016e+003,-7.906581e-002
9.979498e+003,-8.034391e-002
9.979979e+003,-6.898755e-002
9.980462e+003,-4.711343e-002
9.980943e+003,-1.888362e-002
9.981426e+003,1.064965e-002
9.981908e+003,3.674547e-002
9.982391e+003,5.589354e-002
9.982873e+003,6.628181e-002
9.983354e+003,6.782299e-002
9.983836e+003,6.187473e-002
9.984318e+003,5.081594e-002
9.984801e+003,3.758751e-002
9.985283e+003,2.523031e-002
9.985766e+003,1.641189e-002
9.986247e+003,1.295938e-002
9.986729e+003,1.548392e-002
9.987211e+003,2.323488e-002
9.987693e+003,3.430000e-002
9.988176e+003,4.616097e-002
9.988658e+003,5.645541e-002
9.989141e+003,6.367539e-002
9.989622e+003,6.751773e-002
9.990104e+003,6.872625e-002
9.990586e+003,6.848804e-002
9.991068e+003,6.765724e-002
9.991551e+003,6.617638e-002
9.992033e+003,6.297863e-002
9.992515e+003,5.642887e-002
9.992997e+003,4.510101e-002
9.993479e+003,2.853275e-002
9.993961e+003,7.626856e-003
9.994443e+003,-1.543836e-002
9.994926e+003,-3.767337e-002
9.995408e+003,-5.583936e-002
9.995890e+003,-6.684766e-002
9.996371e+003,-6.792410e-002
9.996854e+003,-5.669543e-002
9.997336e+003,-3.147405e-002
9.997818e+003,8.090240e-003
9.998301e+003,6.005352e-002
9.998782e+003,1.194135e-001
9.999265e+003,1.780501e-001
9.999746e+003,2.258141e-001
1.000023e+004,2.527303e-001
1.000071e+004,2.517339e-001
1.000119e+004,2.209731e-001
1.000168e+004,1.647125e-001
1.000216e+004,9.232674e-002
1.000264e+004,1.562145e-002
1.000312e+004,-5.456202e-002
1.000360e+004,-1.111618e-001
1.000409e+004,-1.520582e-001
1.000457e+004,-1.792257e-001
1.000505e+004,-1.963915e-001
1.000553e+004,-2.063697e-001
1.000601e+004,-2.093331e-001
1.000650e+004,-2.028099e-001
1.000698e+004,-1.833524e-001
1.000746e+004,-1.490335e-001
1.000794e+004,-1.015477e-001
1.000842e+004,-4.687834e-002
1.000891e+004,5.859180e-003
1.000939e+004,4.699178e-002
1.000987e+004,6.927502e-002
1.001035e+004,7.014399e-002
1.001084e+004,5.242710e-002
1.001132e+004,2.336824e-002
1.001180e+004,-7.565009e-003
1.001228e+004,-3.125771e-002
1.001276e+004,-4.110286e-002
1.001325e+004,-3.423444e-002
1.001373e+004,-1.172487e-002
1.001421e+004,2.207102e-002
1.001469e+004,6.071880e-002
1.001517e+004,9.715655e-002
1.001566e+004,1.251514e-001
1.001614e+004,1.405380e-001
1.001662e+004,1.420038e-001
1.001710e+004,1.312064e-001
1.001759e+004,1.121336e-001
1.001807e+004,8.985218e-002
1.001855e+004,6.905126e-002
1.001903e+004,5.291760e-002
1.001951e+004,4.277365e-002
1.002000e+004,3.857497e-002
1.002048e+004,3.993681e-002
1.002096e+004,4.706680e-002
1.002144e+004,6.099146e-002
1.002192e+004,8.282303e-002
1.002241e+004,1.123591e-001
1.002289e+004,1.467622e-001
1.002337e+004,1.801672e-001
1.002385e+004,2.047155e-001
1.002433e+004,2.128558e-001
1.002482e+004,2.000834e-001
1.002530e+004,1.669523e-001
1.002578e+004,1.193788e-001
1.002626e+004,6.693346e-002
1.002675e+004,1.969887e-002
1.002723e+004,-1.506905e-002
1.002771e+004,-3.512308e-002
1.002819e+004,-4.339356e-002
1.002867e+004,-4.623364e-002
1.002916e+004,-5.022616e-002
1.002964e+004,-5.946578e-002
1.003012e+004,-7.389003e-002
1.003060e+004,-8.944277e-002
1.003108e+004,-9.980237e-002
1.003157e+004,-9.886079e-002
1.003205e+004,-8.295303e-002
1.003253e+004,-5.208028e-002
1.003301e+004,-9.870209e-003
1.003350e+004,3.748718e-002
1.003398e+004,8.281057e-002
1.003446e+004,1.194905e-001
1.003494e+004,1.427181e-001
1.003542e+004,1.502647e-001
1.003591e+004,1.428013e-001
1.003639e+004,1.237355e-001
1.003687e+004,9.850762e-002
1.003735e+004,7.333726e-002
1.003783e+004,5.360483e-002
1.003832e+004,4.228611e-002
1.003880e+004,3.899803e-002
1.003928e+004,4.011469e-002
1.003976e+004,4.005742e-002
1.004025e+004,3.338800e-002
1.004073e+004,1.694622e-002
1.004121e+004,-8.815738e-003
1.004169e+004,-3.986315e-002
1.004217e+004,-6.997060e-002
1.004266e+004,-9.289436e-002
1.004314e+004,-1.044241e-001
1.004362e+004,-1.035130e-001
1.004410e+004,-9.213497e-002
1.004458e+004,-7.409140e-002
1.004507e+004,-5.340553e-002
1.004555e+004,-3.303295e-002
1.004603e+004,-1.436417e-002
1.004651e+004,2.443772e-003
1.004700e+004,1.766804e-002
1.004748e+004,3.127788e-002
1.004796e+004,4.264536e-002
1.004844e+004,5.079139e-002
1.004892e+004,5.494226e-002
1.004941e+004,5.503992e-002
1.004989e+004,5.193548e-002
1.005037e+004,4.721547e-002
1.005085e+004,4.281029e-002
1.005133e+004,4.059623e-002
1.005182e+004,4.211378e-002
1.005230e+004,4.837291e-002
1.005278e+004,5.963136e-002
1.005326e+004,7.508864e-002
1.005374e+004,9.260640e-002
1.005423e+004,1.087197e-001
1.005471e+004,1.192004e-001
1.005519e+004,1.202228e-001
1.005567e+004,1.098296e-001
1.005616e+004,8.911128e-002
1.005664e+004,6.245944e-002
1.005712e+004,3.655119e-002
1.005760e+004,1.826241e-002
1.005808e+004,1.224982e-002
1.005857e+004,1.919601e-002
1.005905e+004,3.550690e-002
1.005953e+004,5.461360e-002
1.006001e+004,6.960246e-002
1.006049e+004,7.562230e-002
1.006098e+004,7.151383e-002
1.006146e+004,5.980178e-002
1.006194e+004,4.518599e-002
1.006242e+004,3.230694e-002
1.006290e+004,2.385080e-002
1.006339e+004,1.982717e-002
1.006387e+004,1.821657e-002
1.006435e+004,1.649746e-002
1.006483e+004,1.316338e-002
1.006532e+004,8.422996e-003
1.006580e+004,3.763658e-003
1.006628e+004,6.901326e-004
1.006676e+004,-5.999342e-004
1.006724e+004,-1.802254e-003
1.006773e+004,-5.938063e-003
1.006821e+004,-1.583280e-002
1.006869e+004,-3.237029e-002
1.006917e+004,-5.342020e-002
1.006965e+004,-7.405407e-002
1.007014e+004,-8.807652e-002
1.007062e+004,-9.029150e-002
1.007110e+004,-7.858669e-002
1.007158e+004,-5.498927e-002
1.007207e+004,-2.526458e-002
1.007255e+004,2.800863e-003
1.007303e+004,2.180927e-002
1.007351e+004,2.701265e-002
1.007399e+004,1.768520e-002
1.007448e+004,-2.779458e-003
1.007496e+004,-2.799117e-002
1.007544e+004,-5.048586e-002
1.007592e+004,-6.384680e-002
1.007640e+004,-6.443596e-002
1.007689e+004,-5.230128e-002
1.007737e+004,-3.105956e-002
1.007785e+004,-6.814712e-003
1.007833e+004,1.357971e-002
1.007881e+004,2.442166e-002
1.007930e+004,2.267238e-002
1.007978e+004,8.627935e-003
1.008026e+004,-1.443922e-002
1.008074e+004,-4.151714e-002
1.008123e+004,-6.750642e-002
1.008171e+004,-8.867869e-002
1.008219e+004,-1.034199e-001
1.008267e+004,-1.120451e-001
1.008315e+004,-1.158700e-001
1.008364e+004,-1.160445e-001
1.008412e+004,-1.127266e-001
1.008460e+004,-1.049887e-001
1.008508e+004,-9.146438e-002
1.008556e+004,-7.137637e-002
1.008605e+004,-4.540713e-002
1.008653e+004,-1.596255e-002
1.008701e+004,1.330435e-002
1.008749e+004,3.848135e-002
1.008798e+004,5.643672e-002
1.008846e+004,6.546564e-002
1.008894e+004,6.533643e-002
1.008942e+004,5.686015e-002
1.008990e+004,4.134203e-002
1.009039e+004,2.031248e-002
1.009087e+004,-4.380216e-003
1.009135e+004,-3.023554e-002
1.009183e+004,-5.379898e-002
1.009231e+004,-7.088985e-002
1.009280e+004,-7.746678e-002
1.009328e+004,-7.091080e-002
1.009376e+004,-5.121810e-002
1.009424e+004,-2.153671e-002
1.009472e+004,1.228666e-002
1.009521e+004,4.308098e-002
1.009569e+004,6.419312e-002
1.009617e+004,7.117280e-002
1.009665e+004,6.277336e-002
1.009714e+004,4.104624e-002
1.009762e+004,1.064723e-002
1.009810e+004,-2.230005e-002
1.009858e+004,-5.141419e-002
1.009906e+004,-7.110225e-002
1.009955e+004,-7.738571e-002
1.010003e+004,-6.854593e-002
1.010051e+004,-4.559162e-002
1.010099e+004,-1.242281e-002
1.010147e+004,2.452911e-002
1.010196e+004,5.735921e-002
1.010244e+004,7.840388e-002
1.010292e+004,8.226707e-002
1.010340e+004,6.757183e-002
1.010389e+004,3.780622e-002
1.010437e+004,8.429577e-004
1.010485e+004,-3.286937e-002
1.010533e+004,-5.297450e-002
1.010581e+004,-5.192761e-002
1.010630e+004,-2.691549e-002
1.010678e+004,1.959464e-002
1.010726e+004,8.076563e-002
1.010774e+004,1.473660e-001
1.010822e+004,2.101258e-001
1.010871e+004,2.617626e-001
1.010919e+004,2.981805e-001
1.010967e+004,3.186665e-001
1.011015e+004,3.252338e-001
1.011063e+004,3.214660e-001
1.011112e+004,3.112802e-001
1.011160e+004,2.979541e-001
1.011208e+004,2.836092e-001
1.011256e+004,2.691840e-001
1.011305e+004,2.547870e-001
1.011353e+004,2.402365e-001
1.011401e+004,2.255501e-001
1.011449e+004,2.111730e-001
1.011497e+004,1.978300e-001
1.011546e+004,1.860360e-001
1.011594e+004,1.754716e-001
1.011642e+004,1.645428e-001
1.011690e+004,1.504325e-001
1.011738e+004,1.297905e-001
1.011787e+004,9.994509e-002
1.011835e+004,6.024650e-002
1.011883e+004,1.300567e-002
1.011931e+004,-3.645216e-002
1.011980e+004,-8.082334e-002
1.012028e+004,-1.127488e-001
1.012076e+004,-1.270375e-001
1.012124e+004,-1.225462e-001
1.012172e+004,-1.023928e-001
1.012221e+004,-7.347991e-002
1.012269e+004,-4.435502e-002
1.012317e+004,-2.265287e-002
1.012365e+004,-1.288430e-002
1.012413e+004,-1.531227e-002
1.012462e+004,-2.626563e-002
1.012510e+004,-3.972658e-002
1.012558e+004,-4.958842e-002
1.012606e+004,-5.176539e-002
1.012654e+004,-4.542527e-002
1.012703e+004,-3.296120e-002
1.012751e+004,-1.879698e-002
1.012799e+004,-7.538716e-003
1.012847e+004,-2.203357e-003
1.012896e+004,-3.184516e-003
1.012944e+004,-8.306826e-003
1.012992e+004,-1.388237e-002
1.013040e+004,-1.629282e-002
1.013088e+004,-1.342444e-002
1.013137e+004,-5.357883e-003
1.013185e+004,5.956492e-003
1.013233e+004,1.785474e-002
1.013281e+004,2.838155e-002
1.013329e+004,3.728094e-002
1.013378e+004,4.605874e-002
1.013426e+004,5.706577e-002
1.013474e+004,7.203881e-002
1.013522e+004,9.082773e-002
1.013571e+004,1.109913e-001
1.013619e+004,1.285611e-001
1.013667e+004,1.397139e-001
1.013715e+004,1.426172e-001
1.013763e+004,1.385447e-001
1.013812e+004,1.316377e-001
1.013860e+004,1.272838e-001
1.013908e+004,1.297604e-001
1.013956e+004,1.401804e-001
1.014004e+004,1.556978e-001
1.014053e+004,1.703871e-001
1.014101e+004,1.774515e-001
1.014149e+004,1.718051e-001
1.014197e+004,1.519033e-001
1.014246e+004,1.200520e-001
1.014294e+004,8.114851e-002
1.014342e+004,4.053569e-002
1.014390e+004,2.046151e-003
1.014438e+004,-3.284119e-002
1.014487e+004,-6.441227e-002
1.014535e+004,-9.313042e-002
1.014583e+004,-1.179958e-001
1.014631e+004,-1.358183e-001
1.014679e+004,-1.418962e-001
1.014728e+004,-1.318664e-001
1.014776e+004,-1.038757e-001
1.014824e+004,-6.002752e-002
1.014872e+004,-6.381222e-003
1.014921e+004,4.853232e-002
1.014969e+004,9.602921e-002
1.015017e+004,1.294426e-001
1.015065e+004,1.453336e-001
1.015113e+004,1.434806e-001
1.015162e+004,1.259916e-001
1.015210e+004,9.624206e-002
1.015258e+004,5.814119e-002
1.015306e+004,1.613169e-002
1.015354e+004,-2.456359e-002
1.015403e+004,-5.794177e-002
1.015451e+004,-7.795206e-002
1.015499e+004,-7.997628e-002
1.015547e+004,-6.253945e-002
1.015596e+004,-2.843249e-002
1.015644e+004,1.544622e-002
1.015692e+004,5.971438e-002
1.015740e+004,9.512928e-002
1.015788e+004,1.152727e-001
1.015837e+004,1.182881e-001
1.015885e+004,1.070353e-001
1.015933e+004,8.768068e-002
1.015981e+004,6.735732e-002
1.016029e+004,5.183826e-002
1.016078e+004,4.403678e-002
1.016126e+004,4.370071e-002
1.016174e+004,4.814797e-002
1.016222e+004,5.354379e-002
1.016271e+004,5.617205e-002
1.016319e+004,5.334675e-002
1.016367e+004,4.388953e-002
1.016415e+004,2.828226e-002
1.016463e+004,8.613708e-003
1.016512e+004,-1.167761e-002
1.016560e+004,-2.836650e-002
1.016608e+004,-3.737777e-002
1.016656e+004,-3.597141e-002
1.016704e+004,-2.380561e-002
1.016753e+004,-3.389759e-003
1.016801e+004,2.043144e-002
1.016849e+004,4.195216e-002
1.016897e+004,5.657740e-002
1.016946e+004,6.253307e-002
1.016994e+004,6.157745e-002
1.017042e+004,5.834931e-002
1.017090e+004,5.855928e-002
1.017138e+004,6.673974e-002
1.017187e+004,8.446291e-002
1.017235e+004,1.097197e-001
1.017283e+004,1.376286e-001
1.017331e+004,1.620830e-001
1.017379e+004,1.776107e-001
1.017428e+004,1.807513e-001
1.017476e+004,1.705858e-001
1.017524e+004,1.484823e-001
1.017572e+004,1.174193e-001
1.017620e+004,8.128801e-002
1.017669e+004,4.438746e-002
1.017717e+004,1.106831e-002
1.017765e+004,-1.466665e-002
1.017813e+004,-2.973585e-002
1.017862e+004,-3.264441e-002
1.017910e+004,-2.395105e-002
1.017958e+004,-6.212445e-003
1.018006e+004,1.671718e-002
1.018054e+004,4.081539e-002
1.018103e+004,6.296650e-002
1.018151e+004,8.148035e-002
1.018199e+004,9.582902e-002
1.018247e+004,1.058019e-001
1.018295e+004,1.103870e-001
1.018344e+004,1.082692e-001
1.018392e+004,9.754087e-002
1.018440e+004,7.717136e-002
1.018488e+004,4.821669e-002
1.018537e+004,1.424238e-002
1.018585e+004,-1.948375e-002
1.018633e+004,-4.782668e-002
1.018681e+004,-6.782749e-002
1.018729e+004,-7.991459e-002
1.018778e+004,-8.756781e-002
1.018826e+004,-9.546097e-002
1.018874e+004,-1.068994e-001
1.018922e+004,-1.218037e-001
1.018970e+004,-1.363202e-001
1.019019e+004,-1.444012e-001
1.019067e+004,-1.407217e-001
1.019115e+004,-1.235661e-001
1.019163e+004,-9.622796e-002
1.019211e+004,-6.610832e-002
1.019260e+004,-4.178359e-002
1.019308e+004,-2.931858e-002
1.019356e+004,-2.952278e-002
1.019404e+004,-3.746437e-002
1.019453e+004,-4.454051e-002
1.019501e+004,-4.222831e-002
1.019549e+004,-2.586163e-002
1.019597e+004,3.239681e-003
1.019645e+004,3.821848e-002
1.019694e+004,6.948510e-002
1.019742e+004,8.862549e-002
1.019790e+004,9.172147e-002
1.019838e+004,8.071817e-002
1.019886e+004,6.239169e-002
1.019935e+004,4.552160e-002
1.019983e+004,3.757662e-002
1.020031e+004,4.228823e-002
1.020079e+004,5.895227e-002
1.020128e+004,8.346926e-002
1.020176e+004,1.104029e-001
1.020224e+004,1.350240e-001
1.020272e+004,1.544846e-001
1.020320e+004,1.678127e-001
1.020369e+004,1.750165e-001
1.020417e+004,1.759703e-001
1.020465e+004,1.697627e-001
1.020513e+004,1.548681e-001
1.020561e+004,1.300448e-001
1.020610e+004,9.549319e-002
1.020658e+004,5.368049e-002
1.020706e+004,9.383545e-003
1.020754e+004,-3.117275e-002
1.020802e+004,-6.183503e-002
1.020851e+004,-7.819480e-002
1.020899e+004,-7.884357e-002
1.020947e+004,-6.577785e-002
1.020995e+004,-4.380676e-002
1.021044e+004,-1.913789e-002
1.021092e+004,2.424813e-003
1.021140e+004,1.711882e-002
1.021188e+004,2.419456e-002
1.021236e+004,2.591786e-002
1.021285e+004,2.660610e-002
1.021333e+004,3.101903e-002
1.021381e+004,4.259609e-002
1.021429e+004,6.241906e-002
1.021477e+004,8.869435e-002
1.021526e+004,1.174488e-001
1.021574e+004,1.438634e-001
1.021622e+004,1.637760e-001
1.021670e+004,1.747895e-001
1.021719e+004,1.766012e-001
1.021767e+004,1.705091e-001
1.021815e+004,1.583976e-001
1.021863e+004,1.417167e-001
1.021911e+004,1.209371e-001
1.021960e+004,9.571709e-002
1.022008e+004,6.567214e-002
1.022056e+004,3.136139e-002
1.022104e+004,-4.990967e-003
1.022152e+004,-3.939933e-002
1.022201e+004,-6.673774e-002
1.022249e+004,-8.187943e-002
1.022297e+004,-8.096698e-002
1.022345e+004,-6.240356e-002
1.022393e+004,-2.728430e-002
1.022442e+004,2.080388e-002
1.022490e+004,7.649204e-002
1.022538e+004,1.336018e-001
1.022586e+004,1.861158e-001
1.022635e+004,2.289441e-001
1.022683e+004,2.583996e-001
1.022731e+004,2.724009e-001
1.022779e+004,2.704795e-001
1.022827e+004,2.536773e-001
1.022876e+004,2.243785e-001
1.022924e+004,1.860704e-001
1.022972e+004,1.429968e-001
1.023020e+004,9.966335e-002
1.023068e+004,6.020059e-002
1.023117e+004,2.766387e-002
1.023165e+004,3.428807e-003
1.023213e+004,-1.311154e-002
1.023261e+004,-2.436371e-002
1.023310e+004,-3.380046e-002
1.023358e+004,-4.480618e-002
1.023406e+004,-5.944023e-002
1.023454e+004,-7.757806e-002
1.023502e+004,-9.683906e-002
1.023551e+004,-1.134549e-001
1.023599e+004,-1.238521e-001
1.023647e+004,-1.263689e-001
1.023695e+004,-1.223805e-001
1.023743e+004,-1.162616e-001
1.023792e+004,-1.140526e-001
1.023840e+004,-1.212379e-001
1.023888e+004,-1.404645e-001
1.023936e+004,-1.701273e-001
1.023984e+004,-2.044552e-001
1.024033e+004,-2.351431e-001
1.024081e+004,-2.539498e-001
1.024129e+004,-2.552787e-001
1.024177e+004,-2.377923e-001
1.024226e+004,-2.045365e-001
1.024274e+004,-1.616757e-001
1.024322e+004,-1.164658e-001
1.024370e+004,-7.528601e-002
1.024418e+004,-4.239027e-002
1.024467e+004,-1.956826e-002
1.024515e+004,-6.715280e-003
1.024563e+004,-2.455507e-003
1.024611e+004,-4.731836e-003
1.024659e+004,-1.102873e-002
1.024708e+004,-1.838555e-002
1.024756e+004,-2.350518e-002
1.024804e+004,-2.319838e-002
1.024852e+004,-1.515732e-002
1.024900e+004,1.226812e-003
1.024949e+004,2.441398e-002
1.024997e+004,5.093660e-002
1.025045e+004,7.629973e-002
1.025093e+004,9.624875e-002
1.025142e+004,1.079193e-001
1.025190e+004,1.104501e-001
1.025238e+004,1.049033e-001
1.025286e+004,9.364696e-002
1.025334e+004,7.956459e-002
1.025383e+004,6.544505e-002
1.025431e+004,5.371590e-002
1.025479e+004,4.643000e-002
1.025527e+004,4.525756e-002
1.025575e+004,5.126852e-002
1.025624e+004,6.448217e-002
1.025672e+004,8.339021e-002
1.025720e+004,1.047752e-001
1.025768e+004,1.240694e-001
1.025817e+004,1.362657e-001
1.025865e+004,1.371284e-001
1.025913e+004,1.242872e-001
1.025961e+004,9.783838e-002
1.026009e+004,6.027952e-002
1.026058e+004,1.588437e-002
1.026106e+004,-3.018562e-002
1.026154e+004,-7.271697e-002
1.026202e+004,-1.070614e-001
1.026250e+004,-1.295631e-001
1.026299e+004,-1.379318e-001
1.026347e+004,-1.316415e-001
1.026395e+004,-1.122675e-001
1.026443e+004,-8.352017e-002
1.026492e+004,-5.072930e-002
1.026540e+004,-1.973023e-002
1.026588e+004,4.593729e-003
1.026636e+004,1.960553e-002
1.026684e+004,2.550500e-002
1.026733e+004,2.491375e-002
1.026781e+004,2.157054e-002
1.026829e+004,1.866031e-002
1.026877e+004,1.748100e-002
1.026925e+004,1.701232e-002
1.026974e+004,1.454582e-002
1.027022e+004,7.065146e-003
1.027070e+004,-7.251199e-003
1.027118e+004,-2.805233e-002
1.027167e+004,-5.274304e-002
1.027215e+004,-7.728150e-002
1.027263e+004,-9.744720e-002
1.027311e+004,-1.100418e-001
1.027359e+004,-1.136106e-001
1.027408e+004,-1.085591e-001
1.027456e+004,-9.680294e-002
1.027504e+004,-8.120155e-002
1.027552e+004,-6.495723e-002
1.027600e+004,-5.105653e-002
1.027649e+004,-4.168094e-002
1.027697e+004,-3.765635e-002
1.027745e+004,-3.807642e-002
1.027793e+004,-4.035937e-002
1.027841e+004,-4.093055e-002
1.027890e+004,-3.646858e-002
1.027938e+004,-2.532553e-002
1.027986e+004,-8.513111e-003
1.028034e+004,1.029421e-002
1.028083e+004,2.593061e-002
1.028131e+004,3.374486e-002
1.028179e+004,3.165208e-002
1.028227e+004,2.131435e-002
1.028275e+004,7.838079e-003
1.028324e+004,-1.992953e-003
1.028372e+004,-2.258019e-003
1.028420e+004,9.851226e-003
1.028468e+004,3.301875e-002
1.028516e+004,6.241187e-002
1.028565e+004,9.155991e-002
1.028613e+004,1.146160e-001
1.028661e+004,1.280251e-001
1.028709e+004,1.310086e-001
1.028758e+004,1.249249e-001
1.028806e+004,1.121094e-001
1.028854e+004,9.496667e-002
1.028902e+004,7.578272e-002
1.028950e+004,5.717796e-002
1.028999e+004,4.263772e-002
1.029047e+004,3.644351e-002
1.029095e+004,4.265300e-002
1.029143e+004,6.337857e-002
1.029191e+004,9.715390e-002
1.029240e+004,1.383253e-001
1.029288e+004,1.780280e-001
1.029336e+004,2.065704e-001
1.029384e+004,2.163428e-001
1.029432e+004,2.040694e-001
1.029481e+004,1.715058e-001
1.029529e+004,1.243812e-001
1.029577e+004,7.016598e-002
1.029625e+004,1.570543e-002
1.029674e+004,-3.429298e-002
1.029722e+004,-7.746028e-002
1.029770e+004,-1.128982e-001
1.029818e+004,-1.400032e-001
1.029866e+004,-1.578047e-001
1.029915e+004,-1.652461e-001
1.029963e+004,-1.622165e-001
1.030011e+004,-1.506391e-001
1.030059e+004,-1.348311e-001
1.030107e+004,-1.207039e-001
1.030156e+004,-1.139955e-001
1.030204e+004,-1.182583e-001
1.030252e+004,-1.334805e-001
1.030300e+004,-1.559331e-001
1.030349e+004,-1.792833e-001
1.030397e+004,-1.964807e-001
1.030445e+004,-2.016855e-001
1.030493e+004,-1.916098e-001
1.030541e+004,-1.660099e-001
1.030590e+004,-1.274533e-001
1.030638e+004,-8.081731e-002
1.030686e+004,-3.218819e-002
1.030734e+004,1.158053e-002
1.030782e+004,4.393942e-002
1.030831e+004,5.989181e-002
1.030879e+004,5.739065e-002
1.030927e+004,3.841760e-002
1.030975e+004,9.113925e-003
1.031023e+004,-2.147081e-002
1.031072e+004,-4.390625e-002
1.031120e+004,-5.143057e-002
1.031168e+004,-4.236154e-002
1.031216e+004,-2.080474e-002
1.031265e+004,4.797749e-003
1.031313e+004,2.485361e-002
1.031361e+004,3.234921e-002
1.031409e+004,2.562905e-002
1.031457e+004,9.070919e-003
1.031506e+004,-8.653295e-003
1.031554e+004,-1.804288e-002
1.031602e+004,-1.256965e-002
1.031650e+004,8.686634e-003
1.031698e+004,4.055997e-002
1.031747e+004,7.358477e-002
1.031795e+004,9.728108e-002
1.031843e+004,1.036667e-001
1.031891e+004,8.975860e-002
1.031940e+004,5.832410e-002
1.031988e+004,1.683871e-002
1.032036e+004,-2.481360e-002
1.032084e+004,-5.707991e-002
1.032132e+004,-7.313866e-002
1.032181e+004,-7.042094e-002
1.032229e+004,-5.101136e-002
1.032277e+004,-2.094345e-002
1.032325e+004,1.139839e-002
1.032373e+004,3.740726e-002
1.032422e+004,5.042761e-002
1.032470e+004,4.742397e-002
1.032518e+004,2.965423e-002
1.032566e+004,2.087503e-003
1.032614e+004,-2.830499e-002
1.032663e+004,-5.484298e-002
1.032711e+004,-7.320701e-002
1.032759e+004,-8.251724e-002
1.032807e+004,-8.501513e-002
1.032856e+004,-8.450545e-002
1.032904e+004,-8.424096e-002
1.032952e+004,-8.518729e-002
1.033000e+004,-8.544560e-002
1.033048e+004,-8.110233e-002
1.033097e+004,-6.813215e-002
1.033145e+004,-4.450314e-002
1.033193e+004,-1.153577e-002
1.033241e+004,2.610767e-002
1.033289e+004,6.182837e-002
1.033338e+004,8.930940e-002
1.033386e+004,1.046215e-001
1.033434e+004,1.073671e-001
1.033482e+004,1.004613e-001
1.033530e+004,8.875351e-002
1.033579e+004,7.715893e-002
1.033627e+004,6.910458e-002
1.033675e+004,6.587534e-002
1.033723e+004,6.695902e-002
1.033772e+004,7.128724e-002
1.033820e+004,7.831012e-002
1.033868e+004,8.878731e-002
1.033916e+004,1.046870e-001
1.033964e+004,1.282688e-001
1.034013e+004,1.607270e-001
1.034061e+004,2.009672e-001
1.034109e+004,2.450594e-001
1.034157e+004,2.866825e-001
1.034205e+004,3.185190e-001
1.034254e+004,3.342122e-001
1.034302e+004,3.302764e-001
1.034350e+004,3.073205e-001
1.034398e+004,2.701297e-001
1.034447e+004,2.265000e-001
1.034495e+004,1.851330e-001
1.034543e+004,1.532481e-001
1.034591e+004,1.347000e-001
1.034639e+004,1.292258e-001
1.034688e+004,1.330412e-001
1.034736e+004,1.405027e-001
1.034784e+004,1.461814e-001
1.034832e+004,1.465713e-001
1.034880e+004,1.408362e-001
1.034929e+004,1.304201e-001
1.034977e+004,1.178153e-001
1.035025e+004,1.051221e-001
1.035073e+004,9.306698e-002
1.035121e+004,8.087610e-002
1.035170e+004,6.696576e-002
1.035218e+004,5.002415e-002
1.035266e+004,2.990350e-002
1.035314e+004,7.877783e-003
1.035363e+004,-1.383430e-002
1.035411e+004,-3.300388e-002
1.035459e+004,-4.829735e-002
1.035507e+004,-5.971751e-002
1.035555e+004,-6.841446e-002
1.035604e+004,-7.602248e-002
1.035652e+004,-8.388096e-002
1.035700e+004,-9.249703e-002
1.035748e+004,-1.014272e-001
1.035796e+004,-1.095178e-001
1.035845e+004,-1.152808e-001
1.035893e+004,-1.171850e-001
1.035941e+004,-1.137827e-001
1.035989e+004,-1.037697e-001
1.036038e+004,-8.616406e-002
1.036086e+004,-6.070575e-002
1.036134e+004,-2.838706e-002
1.036182e+004,8.156022e-003
1.036230e+004,4.470676e-002
1.036279e+004,7.614178e-002
1.036327e+004,9.758847e-002
1.036375e+004,1.056688e-001
1.036423e+004,9.933682e-002
1.036471e+004,7.996647e-002
1.036520e+004,5.067984e-002
1.036568e+004,1.525731e-002
1.036616e+004,-2.284882e-002
1.036664e+004,-6.096814e-002
1.036713e+004,-9.701849e-002
1.036761e+004,-1.289255e-001
1.036809e+004,-1.541295e-001
1.036857e+004,-1.696023e-001
1.036905e+004,-1.725833e-001
1.036954e+004,-1.615976e-001
1.037002e+004,-1.373418e-001
1.037050e+004,-1.029217e-001
1.037098e+004,-6.323203e-002
1.037146e+004,-2.368701e-002
1.037195e+004,1.117868e-002
1.037243e+004,3.864546e-002
1.037291e+004,5.791690e-002
1.037339e+004,6.943884e-002
1.037388e+004,7.385179e-002
1.037436e+004,7.115153e-002
1.037484e+004,6.049373e-002
1.037532e+004,4.072020e-002
1.037580e+004,1.131284e-002
1.037629e+004,-2.671831e-002
1.037677e+004,-7.044034e-002
1.037725e+004,-1.152547e-001
1.037773e+004,-1.556561e-001
1.037821e+004,-1.861626e-001
1.037870e+004,-2.021101e-001
1.037918e+004,-2.001922e-001
1.037966e+004,-1.788217e-001
1.038014e+004,-1.384712e-001
1.038063e+004,-8.205915e-002
1.038111e+004,-1.523632e-002
1.038159e+004,5.373816e-002
1.038207e+004,1.148537e-001
1.038255e+004,1.580418e-001
1.038304e+004,1.754514e-001
1.038352e+004,1.637042e-001
1.038400e+004,1.253712e-001
1.038448e+004,6.904137e-002
1.038496e+004,7.757682e-003
1.038545e+004,-4.387648e-002
1.038593e+004,-7.316682e-002
1.038641e+004,-7.242262e-002
1.038689e+004,-4.083794e-002
1.038738e+004,1.531597e-002
1.038786e+004,8.419140e-002
1.038834e+004,1.511309e-001
1.038882e+004,2.019929e-001
1.038930e+004,2.262485e-001
1.038979e+004,2.191633e-001
1.039027e+004,1.826116e-001
1.039075e+004,1.243704e-001
1.039123e+004,5.608092e-002
1.039171e+004,-9.620137e-003
1.039220e+004,-6.205201e-002
1.039268e+004,-9.472068e-002
1.039316e+004,-1.062192e-001
1.039364e+004,-9.961729e-002
1.039413e+004,-8.067688e-002
1.039461e+004,-5.562792e-002
1.039509e+004,-2.933732e-002
1.039557e+004,-4.465094e-003
1.039605e+004,1.827086e-002
1.039654e+004,3.909064e-002
1.039702e+004,5.806667e-002
1.039750e+004,7.456756e-002
1.039798e+004,8.750023e-002
1.039846e+004,9.615302e-002
1.039895e+004,1.010247e-001
1.039943e+004,1.043715e-001
1.039991e+004,1.095368e-001
1.040039e+004,1.197905e-001
1.040088e+004,1.369298e-001
1.040136e+004,1.603645e-001
1.040184e+004,1.871391e-001
1.040232e+004,2.128968e-001
1.040280e+004,2.333529e-001
1.040329e+004,2.456349e-001
1.040377e+004,2.489596e-001
1.040425e+004,2.444735e-001
1.040473e+004,2.344913e-001
1.040521e+004,2.216012e-001
1.040570e+004,2.080678e-001
1.040618e+004,1.956818e-001
1.040666e+004,1.858936e-001
1.040714e+004,1.798972e-001
1.040762e+004,1.784271e-001
1.040811e+004,1.813038e-001
1.040859e+004,1.870488e-001
1.040907e+004,1.929760e-001
1.040955e+004,1.959646e-001
1.041004e+004,1.937279e-001
1.041052e+004,1.860139e-001
1.041100e+004,1.750696e-001
1.041148e+004,1.649648e-001
1.041196e+004,1.599157e-001
1.041245e+004,1.623024e-001
1.041293e+004,1.713407e-001
1.041341e+004,1.831619e-001
1.041389e+004,1.924441e-001
1.041437e+004,1.949771e-001
1.041486e+004,1.900163e-001
1.041534e+004,1.812651e-001
1.041582e+004,1.758639e-001
1.041630e+004,1.816293e-001
1.041679e+004,2.035794e-001
1.041727e+004,2.411500e-001
1.041775e+004,2.872927e-001
1.041823e+004,3.299257e-001
1.041871e+004,3.552886e-001
1.041920e+004,3.519993e-001
1.041968e+004,3.143777e-001
1.042016e+004,2.439540e-001
1.042064e+004,1.488441e-001
1.042112e+004,4.147040e-002
1.042161e+004,-6.442525e-002
1.042209e+004,-1.565024e-001
1.042257e+004,-2.256383e-001
1.042305e+004,-2.666616e-001
1.042353e+004,-2.782165e-001
1.042402e+004,-2.621492e-001
1.042450e+004,-2.227768e-001
1.042498e+004,-1.662281e-001
1.042546e+004,-9.985653e-002
1.042595e+004,-3.161665e-002
1.042643e+004,3.069014e-002
1.042691e+004,8.030181e-002
1.042739e+004,1.123956e-001
1.042787e+004,1.248119e-001
1.042836e+004,1.184104e-001
1.042884e+004,9.692142e-002
1.042932e+004,6.625483e-002
1.042980e+004,3.329926e-002
1.043028e+004,4.585688e-003
1.043077e+004,-1.527683e-002
1.043125e+004,-2.461193e-002
1.043173e+004,-2.499763e-002
1.043221e+004,-2.067505e-002
1.043269e+004,-1.712815e-002
1.043318e+004,-1.921623e-002
1.043366e+004,-2.944818e-002
1.043414e+004,-4.700515e-002
1.043462e+004,-6.790109e-002
1.043511e+004,-8.627611e-002
1.043559e+004,-9.638132e-002
1.043607e+004,-9.452699e-002
1.043655e+004,-8.026510e-002
1.043703e+004,-5.638320e-002
1.043752e+004,-2.777121e-002
1.043800e+004,3.291091e-004
1.043848e+004,2.396168e-002
1.043896e+004,4.135361e-002
1.043944e+004,5.281004e-002
1.043993e+004,5.980329e-002
1.044041e+004,6.379265e-002
1.044089e+004,6.537835e-002
1.044137e+004,6.417485e-002
1.044186e+004,5.939442e-002
1.044234e+004,5.076786e-002
1.044282e+004,3.926067e-002
1.044330e+004,2.714965e-002
1.044378e+004,1.734737e-002
1.044427e+004,1.224102e-002
1.044475e+004,1.256905e-002
1.044523e+004,1.688042e-002
1.044571e+004,2.189593e-002
1.044619e+004,2.371778e-002
1.044668e+004,1.946025e-002
1.044716e+004,8.658784e-003
1.044764e+004,-6.145072e-003
1.044812e+004,-1.994994e-002
1.044860e+004,-2.684643e-002
1.044909e+004,-2.204584e-002
1.044957e+004,-3.652447e-003
1.045005e+004,2.648745e-002
1.045053e+004,6.320539e-002
1.045102e+004,9.958167e-002
1.045150e+004,1.291014e-001
1.045198e+004,1.475825e-001
1.045246e+004,1.541269e-001
1.045294e+004,1.507381e-001
1.045343e+004,1.408079e-001
1.045391e+004,1.271755e-001
1.045439e+004,1.106622e-001
1.045487e+004,8.978504e-002
1.045535e+004,6.182139e-002
1.045584e+004,2.475679e-002
1.045632e+004,-2.080966e-002
1.045680e+004,-7.078314e-002
1.045728e+004,-1.182872e-001
1.045777e+004,-1.558346e-001
1.045825e+004,-1.781092e-001
1.045873e+004,-1.841510e-001
1.045921e+004,-1.779223e-001
1.045969e+004,-1.669099e-001
1.046018e+004,-1.592940e-001
1.046066e+004,-1.608821e-001
1.046114e+004,-1.730159e-001
1.046162e+004,-1.924668e-001
1.046210e+004,-2.130827e-001
1.046259e+004,-2.284669e-001
1.046307e+004,-2.344453e-001
1.046355e+004,-2.302853e-001
1.046403e+004,-2.182909e-001
1.046451e+004,-2.021893e-001
1.046500e+004,-1.852701e-001
1.046548e+004,-1.692501e-001
1.046596e+004,-1.543543e-001
1.046644e+004,-1.403782e-001
1.046693e+004,-1.279398e-001
1.046741e+004,-1.190326e-001
1.046789e+004,-1.164048e-001
1.046837e+004,-1.219930e-001
1.046885e+004,-1.352368e-001
1.046934e+004,-1.522720e-001
1.046982e+004,-1.666256e-001
1.047030e+004,-1.713039e-001
1.047078e+004,-1.614461e-001
1.047126e+004,-1.363805e-001
1.047175e+004,-1.001477e-001
1.047223e+004,-6.022381e-002
1.047271e+004,-2.497066e-002
1.047319e+004,-8.722229e-004
1.047368e+004,9.353526e-003
1.047416e+004,7.132303e-003
1.047464e+004,-3.038665e-003
1.047512e+004,-1.546631e-002
1.047560e+004,-2.508610e-002
1.047609e+004,-2.859758e-002
1.047657e+004,-2.474811e-002
1.047705e+004,-1.403963e-002
1.047753e+004,1.692175e-003
1.047801e+004,1.952844e-002
1.047850e+004,3.557301e-002
1.047898e+004,4.520283e-002
1.047946e+004,4.376416e-002
1.047994e+004,2.775580e-002
1.048042e+004,-3.832906e-003
1.048091e+004,-4.861085e-002
1.048139e+004,-1.008258e-001
1.048187e+004,-1.525128e-001
1.048235e+004,-1.954037e-001
1.048284e+004,-2.228786e-001
1.048332e+004,-2.312231e-001
1.048380e+004,-2.197883e-001
1.048428e+004,-1.901962e-001
1.048476e+004,-1.451572e-001
1.048525e+004,-8.760035e-002
1.048573e+004,-2.054207e-002
1.048621e+004,5.236804e-002
1.048669e+004,1.261393e-001
1.048717e+004,1.942305e-001
1.048766e+004,2.492636e-001
1.048814e+004,2.845719e-001
1.048862e+004,2.960081e-001
1.048910e+004,2.832136e-001
1.048959e+004,2.497535e-001
1.049007e+004,2.020246e-001
1.049055e+004,1.474127e-001
1.049103e+004,9.249030e-002
1.049151e+004,4.195442e-002
1.049200e+004,-1.446479e-003
1.049248e+004,-3.626223e-002
1.049296e+004,-6.158113e-002
1.049344e+004,-7.673257e-002
1.049392e+004,-8.164057e-002
1.049441e+004,-7.753467e-002
1.049489e+004,-6.741936e-002
1.049537e+004,-5.577342e-002
1.049585e+004,-4.736355e-002
1.049633e+004,-4.558573e-002
1.049682e+004,-5.109844e-002
1.049730e+004,-6.147539e-002
1.049778e+004,-7.218017e-002
1.049826e+004,-7.852825e-002
1.049875e+004,-7.777768e-002
1.049923e+004,-7.035472e-002
1.049971e+004,-5.959502e-002
1.050019e+004,-5.008768e-002
1.050067e+004,-4.539835e-002
1.050116e+004,-4.625337e-002
1.050164e+004,-5.005138e-002
1.050212e+004,-5.193686e-002
1.050260e+004,-4.693719e-002
1.050308e+004,-3.217338e-002
1.050357e+004,-8.136005e-003
1.050405e+004,2.153355e-002
1.050453e+004,5.161727e-002
1.050501e+004,7.749192e-002
1.050550e+004,9.689243e-002
1.050598e+004,1.104918e-001
1.050646e+004,1.211117e-001
1.050694e+004,1.320403e-001
1.050742e+004,1.453294e-001
1.050791e+004,1.609032e-001
1.050839e+004,1.768593e-001
1.050887e+004,1.907392e-001
1.050935e+004,2.010757e-001
1.050983e+004,2.084027e-001
1.051032e+004,2.151811e-001
1.051080e+004,2.246354e-001
1.051128e+004,2.390367e-001
1.051176e+004,2.582645e-001
1.051225e+004,2.793648e-001
1.051273e+004,2.973655e-001
1.051321e+004,3.070394e-001
1.051369e+004,3.048764e-001
1.051417e+004,2.904303e-001
1.051466e+004,2.664618e-001
1.051514e+004,2.378154e-001
1.051562e+004,2.094978e-001
1.051610e+004,1.847703e-001
1.051658e+004,1.640487e-001
1.051707e+004,1.450498e-001
1.051755e+004,1.240885e-001
1.051803e+004,9.795798e-002
1.051851e+004,6.561305e-002
1.051899e+004,2.899004e-002
1.051948e+004,-7.313181e-003
1.051996e+004,-3.731930e-002
1.052044e+004,-5.536932e-002
1.052092e+004,-5.760479e-002
1.052141e+004,-4.275561e-002
1.052189e+004,-1.212725e-002
1.052237e+004,3.099871e-002
1.052285e+004,8.213400e-002
1.052333e+004,1.361681e-001
1.052382e+004,1.876693e-001
1.052430e+004,2.310628e-001
1.052478e+004,2.609828e-001
1.052526e+004,2.730113e-001
1.052574e+004,2.647446e-001
1.052623e+004,2.368283e-001
1.052671e+004,1.934478e-001
1.052719e+004,1.418803e-001
1.052767e+004,9.104736e-002
1.052816e+004,4.942783e-002
1.052864e+004,2.297821e-002
1.052912e+004,1.375957e-002
1.052960e+004,1.974492e-002
1.053008e+004,3.586568e-002
1.053057e+004,5.590084e-002
1.053105e+004,7.451195e-002
1.053153e+004,8.871301e-002
1.053201e+004,9.833802e-002
1.053249e+004,1.054850e-001
1.053298e+004,1.132822e-001
1.053346e+004,1.244896e-001
1.053394e+004,1.404037e-001
1.053442e+004,1.603307e-001
1.053490e+004,1.816611e-001
1.053539e+004,2.004134e-001
1.053587e+004,2.120550e-001
1.053635e+004,2.124359e-001
1.053683e+004,1.987031e-001
1.053732e+004,1.700521e-001
1.053780e+004,1.281237e-001
1.053828e+004,7.683973e-002
1.053876e+004,2.157384e-002
1.053924e+004,-3.221733e-002
1.053973e+004,-8.050691e-002
1.054021e+004,-1.217957e-001
1.054069e+004,-1.572988e-001
1.054117e+004,-1.900308e-001
1.054165e+004,-2.230440e-001
1.054214e+004,-2.574839e-001
1.054262e+004,-2.912900e-001
1.054310e+004,-3.191846e-001
1.054358e+004,-3.340891e-001
1.054407e+004,-3.294925e-001
1.054455e+004,-3.018558e-001
1.054503e+004,-2.520892e-001
1.054551e+004,-1.855064e-001
1.054599e+004,-1.102956e-001
1.054648e+004,-3.516089e-002
1.054696e+004,3.288680e-002
1.054744e+004,8.973152e-002
1.054792e+004,1.340067e-001
1.054840e+004,1.659179e-001
1.054889e+004,1.858279e-001
1.054937e+004,1.934558e-001
1.054985e+004,1.881651e-001
1.055033e+004,1.701915e-001
1.055081e+004,1.420978e-001
1.055130e+004,1.095292e-001
1.055178e+004,8.059455e-002
1.055226e+004,6.381618e-002
1.055274e+004,6.529552e-002
1.055323e+004,8.620185e-002
1.055371e+004,1.216338e-001
1.055419e+004,1.615339e-001
1.055467e+004,1.934011e-001
1.055515e+004,2.059309e-001
1.055564e+004,1.922990e-001
1.055612e+004,1.519664e-001
1.055660e+004,9.046438e-002
1.055708e+004,1.739518e-002
1.055756e+004,-5.650404e-002
1.055805e+004,-1.221400e-001
1.055853e+004,-1.737881e-001
1.055901e+004,-2.093753e-001
1.055949e+004,-2.295370e-001
1.055998e+004,-2.361120e-001
1.056046e+004,-2.308520e-001
1.056094e+004,-2.148867e-001
1.056142e+004,-1.890258e-001
1.056190e+004,-1.545445e-001
1.056239e+004,-1.138879e-001
1.056287e+004,-7.081094e-002
1.056335e+004,-2.979964e-002
1.056383e+004,5.002551e-003
1.056431e+004,3.088009e-002
1.056480e+004,4.714419e-002
1.056528e+004,5.497574e-002
1.056576e+004,5.659797e-002
1.056624e+004,5.417451e-002
1.056672e+004,4.894500e-002
1.056721e+004,4.098009e-002
1.056769e+004,2.962173e-002
1.056817e+004,1.434114e-002
1.056865e+004,-4.450788e-003
1.056914e+004,-2.505204e-002
1.056962e+004,-4.473612e-002
1.057010e+004,-6.047653e-002
1.057058e+004,-6.976071e-002
1.057106e+004,-7.112464e-002
1.057155e+004,-6.422715e-002
1.057203e+004,-4.955424e-002
1.057251e+004,-2.803218e-002
1.057299e+004,-8.427532e-004
1.057347e+004,3.044343e-002
1.057396e+004,6.355662e-002
1.057444e+004,9.536721e-002
1.057492e+004,1.221832e-001
1.057540e+004,1.405892e-001
1.057589e+004,1.485789e-001
1.057637e+004,1.464928e-001
1.057685e+004,1.372591e-001
1.057733e+004,1.256951e-001
1.057781e+004,1.170460e-001
1.057830e+004,1.153033e-001
1.057878e+004,1.219854e-001
1.057926e+004,1.358654e-001
1.057974e+004,1.537080e-001
1.058022e+004,1.716156e-001
1.058071e+004,1.863339e-001
1.058119e+004,1.959569e-001
1.058167e+004,1.998407e-001
1.058215e+004,1.979754e-001
1.058263e+004,1.903315e-001
1.058312e+004,1.766416e-001
1.058360e+004,1.567489e-001
1.058408e+004,1.312382e-001
1.058456e+004,1.018663e-001
1.058505e+004,7.129924e-002
1.058553e+004,4.220124e-002
1.058601e+004,1.607498e-002
1.058649e+004,-7.439793e-003
1.058697e+004,-3.023630e-002
1.058746e+004,-5.431407e-002
1.058794e+004,-7.983783e-002
1.058842e+004,-1.037090e-001
1.058890e+004,-1.196200e-001
1.058938e+004,-1.199557e-001
1.058987e+004,-9.900660e-002
1.059035e+004,-5.620063e-002
1.059083e+004,2.149359e-003
1.059131e+004,6.361904e-002
1.059180e+004,1.130016e-001
1.059228e+004,1.371291e-001
1.059276e+004,1.293935e-001
1.059324e+004,9.219687e-002
1.059372e+004,3.633873e-002
1.059421e+004,-2.243115e-002
1.059469e+004,-6.836827e-002
1.059517e+004,-9.035992e-002
1.059565e+004,-8.464622e-002
1.059613e+004,-5.491168e-002
1.059662e+004,-1.006731e-002
1.059710e+004,3.917310e-002
1.059758e+004,8.356949e-002
1.059806e+004,1.174454e-001
1.059854e+004,1.392004e-001
1.059903e+004,1.505073e-001
1.059951e+004,1.548361e-001
1.059999e+004,1.559719e-001
1.060047e+004,1.569396e-001
1.060096e+004,1.594387e-001
1.060144e+004,1.636838e-001
1.060192e+004,1.685257e-001
1.060240e+004,1.718027e-001
1.060288e+004,1.709400e-001
1.060337e+004,1.637704e-001
1.060385e+004,1.494060e-001
1.060433e+004,1.288625e-001
1.060481e+004,1.051229e-001
1.060529e+004,8.249931e-002
1.060578e+004,6.543928e-002
1.060626e+004,5.719161e-002
1.060674e+004,5.884637e-002
1.060722e+004,6.911681e-002
1.060771e+004,8.489345e-002
1.060819e+004,1.022451e-001
1.060867e+004,1.173635e-001
1.060915e+004,1.270499e-001
1.060963e+004,1.286639e-001
1.061012e+004,1.198183e-001
1.061060e+004,9.828015e-002
1.061108e+004,6.243752e-002
1.061156e+004,1.233292e-002
1.061204e+004,-4.914470e-002
1.061253e+004,-1.155674e-001
1.061301e+004,-1.773513e-001
1.061349e+004,-2.234044e-001
1.061397e+004,-2.436888e-001
1.061446e+004,-2.319167e-001
1.061494e+004,-1.874313e-001
1.061542e+004,-1.157987e-001
1.061590e+004,-2.760487e-002
1.061638e+004,6.388174e-002
1.061687e+004,1.455958e-001
1.061735e+004,2.072957e-001
1.061783e+004,2.432964e-001
1.061831e+004,2.530118e-001
1.061879e+004,2.403316e-001
1.061928e+004,2.121413e-001
1.061976e+004,1.764327e-001
1.062024e+004,1.404821e-001
1.062072e+004,1.094916e-001
1.062121e+004,8.595428e-002
1.062169e+004,6.983685e-002
1.062217e+004,5.948073e-002
1.062265e+004,5.291839e-002
1.062313e+004,4.913750e-002
1.062362e+004,4.879837e-002
1.062410e+004,5.408200e-002
1.062458e+004,6.768508e-002
1.062506e+004,9.135015e-002
1.062554e+004,1.245537e-001
1.062603e+004,1.639553e-001
1.062651e+004,2.039260e-001
1.062699e+004,2.380166e-001
1.062747e+004,2.607960e-001
1.062796e+004,2.692994e-001
1.062844e+004,2.634830e-001
1.062892e+004,2.455428e-001
1.062940e+004,2.184764e-001
1.062988e+004,1.846000e-001
1.063037e+004,1.447255e-001
1.063085e+004,9.837274e-002
1.063133e+004,4.490333e-002
1.063181e+004,-1.497920e-002
1.063229e+004,-7.809135e-002
1.063278e+004,-1.385676e-001
1.063326e+004,-1.887657e-001
1.063374e+004,-2.210034e-001
1.063422e+004,-2.295627e-001
1.063471e+004,-2.123407e-001
1.063519e+004,-1.716865e-001
1.063567e+004,-1.142190e-001
1.063615e+004,-4.968418e-002
1.063663e+004,1.088680e-002
1.063712e+004,5.734807e-002
1.063760e+004,8.251389e-002
1.063808e+004,8.372057e-002
1.063856e+004,6.350248e-002
1.063904e+004,2.912932e-002
1.063953e+004,-9.022454e-003
1.064001e+004,-3.997336e-002
1.064049e+004,-5.490166e-002
1.064097e+004,-4.935925e-002
1.064146e+004,-2.422476e-002
1.064194e+004,1.494643e-002
1.064242e+004,5.995930e-002
1.064290e+004,1.026849e-001
1.064338e+004,1.374701e-001
1.064387e+004,1.624252e-001
1.064435e+004,1.792165e-001
1.064483e+004,1.915838e-001
1.064531e+004,2.032738e-001
1.064579e+004,2.162048e-001
1.064628e+004,2.297133e-001
1.064676e+004,2.406812e-001
1.064724e+004,2.447289e-001
1.064772e+004,2.376918e-001
1.064820e+004,2.168583e-001
1.064869e+004,1.816179e-001
1.064917e+004,1.334822e-001
1.064965e+004,7.568139e-002
1.065013e+004,1.262853e-002
1.065062e+004,-5.054302e-002
1.065110e+004,-1.083264e-001
1.065158e+004,-1.551649e-001
1.065206e+004,-1.858830e-001
1.065254e+004,-1.962827e-001
1.065303e+004,-1.838479e-001
1.065351e+004,-1.484015e-001
1.065399e+004,-9.253765e-002
1.065447e+004,-2.168239e-002
1.065495e+004,5.629676e-002
1.065544e+004,1.319501e-001
1.065592e+004,1.955349e-001
1.065640e+004,2.386121e-001
1.065688e+004,2.557088e-001
1.065737e+004,2.456651e-001
1.065785e+004,2.122224e-001
1.065833e+004,1.634931e-001
1.065881e+004,1.102370e-001
1.065929e+004,6.328399e-002
1.065978e+004,3.083172e-002
1.066026e+004,1.651130e-002
1.066074e+004,1.892973e-002
1.066122e+004,3.287779e-002
1.066170e+004,5.172647e-002
1.066219e+004,7.002534e-002
1.066267e+004,8.521807e-002
1.066315e+004,9.778792e-002
1.066363e+004,1.098703e-001
1.066411e+004,1.230914e-001
1.066460e+004,1.367575e-001
1.066508e+004,1.473470e-001
1.066556e+004,1.496231e-001
1.066604e+004,1.388764e-001
1.066653e+004,1.132383e-001
1.066701e+004,7.493105e-002
1.066749e+004,2.979924e-002
1.066797e+004,-1.473347e-002
1.066845e+004,-5.239351e-002
1.066894e+004,-8.024430e-002
1.066942e+004,-9.935366e-002
1.066990e+004,-1.136822e-001
1.067038e+004,-1.277659e-001
1.067086e+004,-1.442937e-001
1.067135e+004,-1.626724e-001
1.067183e+004,-1.791643e-001
1.067231e+004,-1.884585e-001
1.067279e+004,-1.859360e-001
1.067328e+004,-1.696611e-001
1.067376e+004,-1.413427e-001
1.067424e+004,-1.060050e-001
1.067472e+004,-7.062574e-002
1.067520e+004,-4.230733e-002
1.067569e+004,-2.655336e-002
1.067617e+004,-2.602438e-002
1.067665e+004,-3.997255e-002
1.067713e+004,-6.403313e-002
1.067761e+004,-9.103281e-002
1.067810e+004,-1.121612e-001
1.067858e+004,-1.187891e-001
1.067906e+004,-1.046541e-001
1.067954e+004,-6.793822e-002
1.068002e+004,-1.257566e-002
1.068051e+004,5.184299e-002
1.068099e+004,1.118672e-001
1.068147e+004,1.534083e-001
1.068195e+004,1.655091e-001
1.068244e+004,1.434530e-001
1.068292e+004,9.013467e-002
1.068340e+004,1.520395e-002
1.068388e+004,-6.769189e-002
1.068436e+004,-1.445647e-001
1.068485e+004,-2.043767e-001
1.068533e+004,-2.409502e-001
1.068581e+004,-2.531095e-001
1.068629e+004,-2.433755e-001
1.068677e+004,-2.160274e-001
1.068726e+004,-1.754114e-001
1.068774e+004,-1.250753e-001
1.068822e+004,-6.780193e-002
1.068870e+004,-6.187628e-003
1.068919e+004,5.676363e-002
1.068967e+004,1.174360e-001
1.069015e+004,1.718995e-001
1.069063e+004,2.165247e-001
1.069111e+004,2.485882e-001
1.069160e+004,2.666054e-001
1.069208e+004,2.703076e-001
1.069256e+004,2.603868e-001
1.069304e+004,2.382108e-001
1.069352e+004,2.056724e-001
1.069401e+004,1.651950e-001
1.069449e+004,1.197882e-001
1.069497e+004,7.300392e-002
1.069545e+004,2.869389e-002
1.069593e+004,-9.418118e-003
1.069642e+004,-3.824806e-002
1.069690e+004,-5.581843e-002
1.069738e+004,-6.158790e-002
1.069786e+004,-5.660728e-002
1.069835e+004,-4.349351e-002
1.069883e+004,-2.619833e-002
1.069931e+004,-9.520098e-003
1.069979e+004,1.676701e-003
1.070027e+004,3.476520e-003
1.070076e+004,-6.045455e-003
1.070124e+004,-2.609497e-002
1.070172e+004,-5.309589e-002
1.070220e+004,-8.148689e-002
1.070268e+004,-1.052605e-001
1.070317e+004,-1.197923e-001
1.070365e+004,-1.233110e-001
1.070413e+004,-1.174247e-001
1.070461e+004,-1.064648e-001
1.070509e+004,-9.588446e-002
1.070558e+004,-9.034335e-002
1.070606e+004,-9.224346e-002
1.070654e+004,-1.012760e-001
1.070702e+004,-1.150896e-001
1.070751e+004,-1.307750e-001
1.070799e+004,-1.461292e-001
1.070847e+004,-1.607894e-001
1.070895e+004,-1.761092e-001
1.070943e+004,-1.943138e-001
1.070992e+004,-2.173020e-001
1.071040e+004,-2.456511e-001
1.071088e+004,-2.782103e-001
1.071136e+004,-3.123519e-001
1.071184e+004,-3.446277e-001
1.071233e+004,-3.714398e-001
1.071281e+004,-3.894265e-001
1.071329e+004,-3.955312e-001
1.071377e+004,-3.869905e-001
1.071426e+004,-3.615674e-001
1.071474e+004,-3.182101e-001
1.071522e+004,-2.580025e-001
1.071570e+004,-1.849769e-001
1.071618e+004,-1.062467e-001
1.071667e+004,-3.109156e-002
1.071715e+004,3.096564e-002
1.071763e+004,7.257459e-002
1.071811e+004,9.062508e-002
1.071859e+004,8.714817e-002
1.071908e+004,6.861243e-002
1.071956e+004,4.379332e-002
1.072004e+004,2.096702e-002
1.072052e+004,5.457048e-003
1.072100e+004,-1.583087e-003
1.072149e+004,-2.766595e-003
1.072197e+004,-2.701675e-003
1.072245e+004,-5.616638e-003
1.072293e+004,-1.335061e-002
1.072342e+004,-2.450192e-002
1.072390e+004,-3.504391e-002
1.072438e+004,-4.011553e-002
1.072486e+004,-3.620793e-002
1.072534e+004,-2.279822e-002
1.072583e+004,-2.704026e-003
1.072631e+004,1.903367e-002
1.072679e+004,3.730408e-002
1.072727e+004,4.922331e-002
1.072775e+004,5.559177e-002
1.072824e+004,6.084152e-002
1.072872e+004,7.139204e-002
1.072920e+004,9.296966e-002
1.072968e+004,1.278925e-001
1.073017e+004,1.734102e-001
1.073065e+004,2.218501e-001
1.073113e+004,2.626539e-001
1.073161e+004,2.856385e-001
1.073209e+004,2.843090e-001
1.073258e+004,2.580104e-001
1.073306e+004,2.121371e-001
1.073354e+004,1.563366e-001
1.073402e+004,1.013598e-001
1.073450e+004,5.568470e-002
1.073499e+004,2.311328e-002
1.073547e+004,2.168757e-003
1.073595e+004,-1.257440e-002
1.073643e+004,-2.783315e-002
1.073692e+004,-4.871912e-002
1.073740e+004,-7.671711e-002
1.073788e+004,-1.092482e-001
1.073836e+004,-1.408852e-001
1.073884e+004,-1.655378e-001
1.073933e+004,-1.787524e-001
1.073981e+004,-1.791095e-001
1.074029e+004,-1.681999e-001
1.074077e+004,-1.493046e-001
1.074125e+004,-1.254353e-001
1.074174e+004,-9.763034e-002
1.074222e+004,-6.426680e-002
1.074270e+004,-2.171661e-002
1.074318e+004,3.387887e-002
1.074367e+004,1.044063e-001
1.074415e+004,1.880393e-001
1.074463e+004,2.786864e-001
1.074511e+004,3.669115e-001
1.074559e+004,4.420576e-001
1.074608e+004,4.948661e-001
1.074656e+004,5.197219e-001
1.074704e+004,5.158092e-001
1.074752e+004,4.868815e-001
1.074800e+004,4.398416e-001
1.074849e+004,3.827184e-001
1.074897e+004,3.227457e-001
1.074945e+004,2.651126e-001
1.074993e+004,2.126306e-001
1.075041e+004,1.662009e-001
1.075090e+004,1.257050e-001
1.075138e+004,9.086234e-002
1.075186e+004,6.169724e-002
1.075234e+004,3.849887e-002
1.075283e+004,2.139860e-002
1.075331e+004,9.845757e-003
1.075379e+004,2.277840e-003
1.075427e+004,-3.833016e-003
1.075475e+004,-1.155079e-002
1.075524e+004,-2.380262e-002
1.075572e+004,-4.267476e-002
1.075620e+004,-6.885502e-002
1.075668e+004,-1.013210e-001
1.075716e+004,-1.372967e-001
1.075765e+004,-1.724742e-001
1.075813e+004,-2.015050e-001
1.075861e+004,-2.187723e-001
1.075909e+004,-2.193994e-001
1.075958e+004,-2.003503e-001
1.076006e+004,-1.613636e-001
1.076054e+004,-1.054154e-001
1.076102e+004,-3.847613e-002
1.076150e+004,3.150013e-002
1.076199e+004,9.617428e-002
1.076247e+004,1.486137e-001
1.076295e+004,1.847558e-001
1.076343e+004,2.040756e-001
1.076391e+004,2.092217e-001
1.076440e+004,2.047449e-001
1.076488e+004,1.953833e-001
1.076536e+004,1.845398e-001
1.076584e+004,1.734997e-001
1.076632e+004,1.616257e-001
1.076681e+004,1.473614e-001
1.076729e+004,1.295424e-001
1.076777e+004,1.083967e-001
1.076825e+004,8.576783e-002
1.076874e+004,6.445647e-002
1.076922e+004,4.708255e-002
1.076970e+004,3.471557e-002
1.077018e+004,2.657102e-002
1.077066e+004,2.045804e-002
1.077115e+004,1.412098e-002
1.077163e+004,6.847451e-003
1.077211e+004,5.614951e-004
1.077259e+004,-2.364339e-004
1.077307e+004,1.012622e-002
1.077356e+004,3.615171e-002
1.077404e+004,7.877895e-002
1.077452e+004,1.339792e-001
1.077500e+004,1.930890e-001
1.077549e+004,2.449963e-001
1.077597e+004,2.795402e-001
1.077645e+004,2.909265e-001
1.077693e+004,2.798384e-001
1.077741e+004,2.533445e-001
1.077790e+004,2.225381e-001
1.077838e+004,1.987620e-001
1.077886e+004,1.898513e-001
1.077934e+004,1.978175e-001
1.077982e+004,2.187934e-001
1.078031e+004,2.451250e-001
1.078079e+004,2.686405e-001
1.078127e+004,2.836933e-001
1.078175e+004,2.887479e-001
1.078223e+004,2.859876e-001
1.078272e+004,2.793340e-001
1.078320e+004,2.719817e-001
1.078368e+004,2.646996e-001
1.078416e+004,2.556990e-001
1.078465e+004,2.420367e-001
1.078513e+004,2.217314e-001
1.078561e+004,1.954123e-001
1.078609e+004,1.665553e-001
1.078657e+004,1.400894e-001
1.078706e+004,1.200032e-001
1.078754e+004,1.071479e-001
1.078802e+004,9.842126e-002
1.078850e+004,8.790584e-002
1.078898e+004,6.960192e-002
1.078947e+004,4.056710e-002
1.078995e+004,2.983313e-003
1.079043e+004,-3.591866e-002
1.079091e+004,-6.620091e-002
1.079139e+004,-7.892701e-002
1.079188e+004,-6.969858e-002
1.079236e+004,-4.051768e-002
1.079284e+004,8.413490e-004
1.079332e+004,4.372839e-002
1.079381e+004,7.859568e-002
1.079429e+004,1.004083e-001
1.079477e+004,1.100859e-001
1.079525e+004,1.134273e-001
1.079573e+004,1.180563e-001
1.079622e+004,1.297371e-001
1.079670e+004,1.496277e-001
1.079718e+004,1.735746e-001
1.079766e+004,1.936793e-001
1.079814e+004,2.014383e-001
1.079863e+004,1.911636e-001
1.079911e+004,1.623373e-001
1.079959e+004,1.200207e-001
1.080007e+004,7.321873e-002
1.080056e+004,3.189593e-002
1.080104e+004,3.790862e-003
1.080152e+004,-7.845257e-003
1.080200e+004,-4.867757e-003
1.080248e+004,6.862171e-003
1.080297e+004,1.978564e-002
1.080345e+004,2.728415e-002
1.080393e+004,2.571998e-002
1.080441e+004,1.522611e-002
1.080489e+004,-9.112927e-004
1.080538e+004,-1.789352e-002
1.080586e+004,-3.133181e-002
1.080634e+004,-3.866951e-002
1.080682e+004,-3.960356e-002
1.080730e+004,-3.545991e-002
1.080779e+004,-2.791843e-002
1.080827e+004,-1.774092e-002
1.080875e+004,-4.132729e-003
1.080923e+004,1.492897e-002
1.080972e+004,4.152048e-002
1.081020e+004,7.628190e-002
1.081068e+004,1.173153e-001
1.081116e+004,1.600265e-001
1.081164e+004,1.980573e-001
1.081213e+004,2.249798e-001
1.081261e+004,2.360784e-001
1.081309e+004,2.295105e-001
1.081357e+004,2.064040e-001
1.081405e+004,1.699239e-001
1.081454e+004,1.237896e-001
1.081502e+004,7.094378e-002
1.081550e+004,1.296464e-002
1.081598e+004,-4.957218e-002
1.081647e+004,-1.160504e-001
1.081695e+004,-1.846844e-001
1.081743e+004,-2.519292e-001
1.081791e+004,-3.127711e-001
1.081839e+004,-3.618042e-001
1.081888e+004,-3.946212e-001
1.081936e+004,-4.089134e-001
1.081984e+004,-4.048280e-001
1.082032e+004,-3.844959e-001
1.082080e+004,-3.510185e-001
1.082129e+004,-3.074226e-001
1.082177e+004,-2.560416e-001
1.082225e+004,-1.985238e-001
1.082273e+004,-1.363351e-001
1.082321e+004,-7.139534e-002
1.082370e+004,-6.457474e-003
1.082418e+004,5.498966e-002
1.082466e+004,1.092469e-001
1.082514e+004,1.531010e-001
1.082563e+004,1.843818e-001
1.082611e+004,2.021844e-001
1.082659e+004,2.067551e-001
1.082707e+004,1.991847e-001
1.082755e+004,1.810988e-001
1.082804e+004,1.544558e-001
1.082852e+004,1.214594e-001
1.082900e+004,8.450450e-002
1.082948e+004,4.608456e-002
1.082996e+004,8.639148e-003
1.083045e+004,-2.560543e-002
1.083093e+004,-5.469170e-002
1.083141e+004,-7.712548e-002
1.083189e+004,-9.176314e-002
1.083238e+004,-9.800964e-002
1.083286e+004,-9.615999e-002
1.083334e+004,-8.782982e-002
1.083382e+004,-7.621612e-002
1.083430e+004,-6.586325e-002
1.083479e+004,-6.173176e-002
1.083527e+004,-6.766466e-002
1.083575e+004,-8.470133e-002
1.083623e+004,-1.099150e-001
1.083671e+004,-1.364029e-001
1.083720e+004,-1.547048e-001
1.083768e+004,-1.553860e-001
1.083816e+004,-1.320100e-001
1.083864e+004,-8.345966e-002
1.083913e+004,-1.470034e-002
1.083961e+004,6.440046e-002
1.084009e+004,1.418535e-001
1.084057e+004,2.069535e-001
1.084105e+004,2.530920e-001
1.084154e+004,2.790128e-001
1.084202e+004,2.881795e-001
1.084250e+004,2.866504e-001
1.084298e+004,2.803807e-001
1.084346e+004,2.730059e-001
1.084395e+004,2.648811e-001
1.084443e+004,2.535878e-001
1.084491e+004,2.355203e-001
1.084539e+004,2.077914e-001
1.084588e+004,1.696770e-001
1.084636e+004,1.231255e-001
1.084684e+004,7.228790e-002
1.084732e+004,2.239332e-002
1.084780e+004,-2.155516e-002
1.084829e+004,-5.584808e-002
1.084877e+004,-7.868154e-002
1.084925e+004,-9.030335e-002
1.084973e+004,-9.279520e-002
1.085021e+004,-8.959506e-002
1.085070e+004,-8.479465e-002
1.085118e+004,-8.221121e-002
1.085166e+004,-8.429449e-002
1.085214e+004,-9.108046e-002
1.085263e+004,-9.956133e-002
1.085311e+004,-1.038801e-001
1.085359e+004,-9.659688e-002
1.085407e+004,-7.091469e-002
1.085455e+004,-2.331134e-002
1.085504e+004,4.430767e-002
1.085552e+004,1.238478e-001
1.085600e+004,2.022107e-001
1.085648e+004,2.643200e-001
1.085696e+004,2.971810e-001
1.085745e+004,2.936997e-001
1.085793e+004,2.549734e-001
1.085841e+004,1.902021e-001
1.085889e+004,1.141428e-001
1.085938e+004,4.287377e-002
1.085986e+004,-1.074355e-002
1.086034e+004,-4.037093e-002
1.086082e+004,-4.717572e-002
1.086130e+004,-3.827868e-002
1.086179e+004,-2.328300e-002
1.086227e+004,-1.095931e-002
1.086275e+004,-6.203399e-003
1.086323e+004,-9.324395e-003
1.086371e+004,-1.719250e-002
1.086420e+004,-2.559748e-002
1.086468e+004,-3.164912e-002
1.086516e+004,-3.513813e-002
1.086564e+004,-3.832421e-002
1.086613e+004,-4.437498e-002
1.086661e+004,-5.530177e-002
1.086709e+004,-7.045209e-002
1.086757e+004,-8.633557e-002
1.086805e+004,-9.791650e-002
1.086854e+004,-1.008057e-001
1.086902e+004,-9.333798e-002
1.086950e+004,-7.754885e-002
1.086998e+004,-5.853883e-002
1.087046e+004,-4.243482e-002
1.087095e+004,-3.379002e-002
1.087143e+004,-3.353184e-002
1.087191e+004,-3.835925e-002
1.087239e+004,-4.188914e-002
1.087288e+004,-3.712021e-002
1.087336e+004,-1.922657e-002
1.087384e+004,1.243142e-002
1.087432e+004,5.385509e-002
1.087480e+004,9.764122e-002
1.087529e+004,1.353772e-001
1.087577e+004,1.602605e-001
1.087625e+004,1.689760e-001
1.087673e+004,1.621937e-001
1.087721e+004,1.436136e-001
1.087770e+004,1.180565e-001
1.087818e+004,8.946661e-002
1.087866e+004,5.967809e-002
1.087914e+004,2.842046e-002
1.087962e+004,-5.517372e-003
1.088011e+004,-4.253757e-002
1.088059e+004,-8.070596e-002
1.088107e+004,-1.151658e-001
1.088155e+004,-1.388520e-001
1.088204e+004,-1.443612e-001
1.088252e+004,-1.263776e-001
1.088300e+004,-8.380936e-002
1.088348e+004,-2.085899e-002
1.088396e+004,5.339388e-002
1.088445e+004,1.268207e-001
1.088493e+004,1.869415e-001
1.088541e+004,2.236991e-001
1.088589e+004,2.315328e-001
1.088637e+004,2.102611e-001
1.088686e+004,1.646739e-001
1.088734e+004,1.031177e-001
1.088782e+004,3.556394e-002
1.088830e+004,-2.830251e-002
1.088878e+004,-8.056797e-002
1.088927e+004,-1.159358e-001
1.088975e+004,-1.319393e-001
1.089023e+004,-1.286884e-001
1.089071e+004,-1.083823e-001
1.089120e+004,-7.479527e-002
1.089168e+004,-3.283689e-002
1.089216e+004,1.181441e-002
1.089264e+004,5.300929e-002
1.089312e+004,8.483782e-002
1.089361e+004,1.019702e-001
1.089409e+004,1.004014e-001
1.089457e+004,7.815414e-002
1.089505e+004,3.585211e-002
1.089553e+004,-2.300835e-002
1.089602e+004,-9.225166e-002
1.089650e+004,-1.637781e-001
1.089698e+004,-2.288533e-001
1.089746e+004,-2.797306e-001
1.089795e+004,-3.112417e-001
1.089843e+004,-3.219175e-001
1.089891e+004,-3.142712e-001
1.089939e+004,-2.941030e-001
1.089987e+004,-2.689880e-001
1.090036e+004,-2.463756e-001
1.090084e+004,-2.318537e-001
1.090132e+004,-2.280482e-001
1.090180e+004,-2.343949e-001
1.090228e+004,-2.477040e-001
1.090277e+004,-2.632056e-001
1.090325e+004,-2.756768e-001
1.090373e+004,-2.803457e-001
1.090421e+004,-2.734641e-001
1.090469e+004,-2.526402e-001
1.090518e+004,-2.171149e-001
1.090566e+004,-1.680943e-001
1.090614e+004,-1.090776e-001
1.090662e+004,-4.592177e-002
1.090711e+004,1.367488e-002
1.090759e+004,6.145493e-002
1.090807e+004,9.051443e-002
1.090855e+004,9.733636e-002
1.090903e+004,8.320273e-002
1.090952e+004,5.431268e-002
1.091000e+004,2.032359e-002
1.091048e+004,-8.394842e-003
1.091096e+004,-2.398694e-002
1.091144e+004,-2.375214e-002
1.091193e+004,-1.123892e-002
1.091241e+004,4.710744e-003
1.091289e+004,1.277895e-002
1.091337e+004,2.981653e-003
1.091386e+004,-2.980183e-002
1.091434e+004,-8.378484e-002
1.091482e+004,-1.504145e-001
1.091530e+004,-2.166572e-001
1.091578e+004,-2.686951e-001
1.091627e+004,-2.958684e-001
1.091675e+004,-2.936396e-001
1.091723e+004,-2.646906e-001
1.091771e+004,-2.178730e-001
1.091819e+004,-1.654105e-001
1.091868e+004,-1.192628e-001
1.091916e+004,-8.773892e-002
1.091964e+004,-7.330676e-002
1.092012e+004,-7.215047e-002
1.092060e+004,-7.553206e-002
1.092109e+004,-7.251858e-002
1.092157e+004,-5.328252e-002
1.092205e+004,-1.205456e-002
1.092253e+004,5.106485e-002
1.092302e+004,1.298930e-001
1.092350e+004,2.135504e-001
1.092398e+004,2.892845e-001
1.092446e+004,3.453446e-001
1.092494e+004,3.739125e-001
1.092543e+004,3.728421e-001
1.092591e+004,3.458764e-001
1.092639e+004,3.013436e-001
1.092687e+004,2.497428e-001
1.092735e+004,2.009146e-001
1.092784e+004,1.615894e-001
1.092832e+004,1.339947e-001
1.092880e+004,1.159033e-001
1.092928e+004,1.020581e-001
1.092977e+004,8.646336e-002
1.093025e+004,6.472807e-002
1.093073e+004,3.565139e-002
1.093121e+004,1.518398e-003
1.093169e+004,-3.292969e-002
1.093218e+004,-6.239793e-002
1.093266e+004,-8.303072e-002
1.093314e+004,-9.369595e-002
1.093362e+004,-9.606262e-002
1.093410e+004,-9.349679e-002
1.093459e+004,-8.931758e-002
1.093507e+004,-8.524118e-002
1.093555e+004,-8.073805e-002
1.093603e+004,-7.359040e-002
1.093651e+004,-6.135617e-002
1.093700e+004,-4.300971e-002
1.093748e+004,-1.994428e-002
1.093796e+004,4.179951e-003
1.093844e+004,2.471638e-002
1.093893e+004,3.788407e-002
1.093941e+004,4.235250e-002
1.093989e+004,3.982879e-002
1.094037e+004,3.437285e-002
1.094085e+004,3.075440e-002
1.094134e+004,3.258644e-002
1.094182e+004,4.103201e-002
1.094230e+004,5.456925e-002
1.094278e+004,6.980372e-002
1.094326e+004,8.287244e-002
1.094375e+004,9.078952e-002
1.094423e+004,9.220912e-002
1.094471e+004,8.743328e-002
1.094519e+004,7.788371e-002
1.094568e+004,6.546215e-002
1.094616e+004,5.215586e-002
1.094664e+004,3.997543e-002
1.094712e+004,3.102945e-002
1.094760e+004,2.743670e-002
1.094809e+004,3.090712e-002
1.094857e+004,4.210194e-002
1.094905e+004,6.012823e-002
1.094953e+004,8.255152e-002
1.095001e+004,1.060776e-001
1.095050e+004,1.276709e-001
1.095098e+004,1.455717e-001
1.095146e+004,1.596523e-001
1.095194e+004,1.708677e-001
1.095242e+004,1.800634e-001
1.095291e+004,1.868267e-001
1.095339e+004,1.891377e-001
1.095387e+004,1.842159e-001
1.095435e+004,1.702375e-001
1.095484e+004,1.484568e-001
1.095532e+004,1.237755e-001
1.095580e+004,1.038913e-001
1.095628e+004,9.666507e-002
1.095676e+004,1.067428e-001
1.095725e+004,1.329008e-001
1.095773e+004,1.674343e-001
1.095821e+004,1.980996e-001
1.095869e+004,2.120220e-001
1.095917e+004,2.000741e-001
1.095966e+004,1.599904e-001
1.096014e+004,9.701837e-002
1.096062e+004,2.197397e-002
1.096110e+004,-5.234555e-002
1.096159e+004,-1.148430e-001
1.096207e+004,-1.584846e-001
1.096255e+004,-1.806960e-001
1.096303e+004,-1.821447e-001
1.096351e+004,-1.649869e-001
1.096400e+004,-1.317562e-001
1.096448e+004,-8.550379e-002
1.096496e+004,-3.089848e-002
1.096544e+004,2.473175e-002
1.096592e+004,7.156929e-002
1.096641e+004,9.927128e-002
1.096689e+004,1.002976e-001
1.096737e+004,7.325169e-002
1.096785e+004,2.459344e-002
1.096833e+004,-3.236534e-002
1.096882e+004,-8.113287e-002
1.096930e+004,-1.071579e-001
1.096978e+004,-1.025077e-001
1.097026e+004,-6.830940e-002
1.097075e+004,-1.399005e-002
1.097123e+004,4.638704e-002
1.097171e+004,9.920926e-002
1.097219e+004,1.357731e-001
1.097267e+004,1.543997e-001
1.097316e+004,1.595878e-001
1.097364e+004,1.588685e-001
1.097412e+004,1.589256e-001
1.097460e+004,1.626713e-001
1.097508e+004,1.683875e-001
1.097557e+004,1.710527e-001
1.097605e+004,1.650526e-001
1.097653e+004,1.469786e-001
1.097701e+004,1.173235e-001
1.097750e+004,8.047240e-002
1.097798e+004,4.314307e-002
1.097846e+004,1.202679e-002
1.097894e+004,-8.412333e-003
1.097942e+004,-1.722787e-002
1.097991e+004,-1.707589e-002
1.098039e+004,-1.327081e-002
1.098087e+004,-1.227477e-002
1.098135e+004,-2.011923e-002
1.098183e+004,-4.110267e-002
1.098232e+004,-7.689798e-002
1.098280e+004,-1.260661e-001
1.098328e+004,-1.839449e-001
1.098376e+004,-2.429570e-001
1.098425e+004,-2.934377e-001
1.098473e+004,-3.250718e-001
1.098521e+004,-3.288709e-001
1.098569e+004,-2.992950e-001
1.098617e+004,-2.360084e-001
1.098666e+004,-1.446442e-001
1.098714e+004,-3.616362e-002
1.098762e+004,7.515782e-002
1.098810e+004,1.746527e-001
1.098858e+004,2.503335e-001
1.098907e+004,2.953132e-001
1.098955e+004,3.089519e-001
1.099003e+004,2.964604e-001
1.099051e+004,2.671222e-001
1.099099e+004,2.316903e-001
1.099148e+004,1.997338e-001
1.099196e+004,1.776499e-001
1.099244e+004,1.677714e-001
1.099292e+004,1.686168e-001
1.099341e+004,1.760110e-001
1.099389e+004,1.846301e-001
1.099437e+004,1.895121e-001
1.099485e+004,1.871789e-001
1.099533e+004,1.761959e-001
1.099582e+004,1.571812e-001
1.099630e+004,1.324083e-001
1.099678e+004,1.051934e-001
1.099726e+004,7.923187e-002
1.099774e+004,5.799011e-002
1.099823e+004,4.420576e-002
1.099871e+004,3.952035e-002
1.099919e+004,4.425685e-002
1.099967e+004,5.734271e-002
1.100016e+004,7.637158e-002
1.100064e+004,9.779814e-002
1.100112e+004,1.172703e-001
1.100160e+004,1.301124e-001
1.100208e+004,1.319589e-001
1.100257e+004,1.194920e-001
1.100305e+004,9.116716e-002
1.100353e+004,4.774800e-002
1.100401e+004,-7.534910e-003
1.100449e+004,-6.933402e-002
1.100498e+004,-1.310498e-001
1.100546e+004,-1.860585e-001
1.100594e+004,-2.290049e-001
1.100642e+004,-2.567931e-001
1.100690e+004,-2.689725e-001
1.100739e+004,-2.674139e-001
1.100787e+004,-2.554347e-001
1.100835e+004,-2.367407e-001
1.100883e+004,-2.145965e-001
1.100932e+004,-1.914844e-001
1.100980e+004,-1.692450e-001
1.101028e+004,-1.494290e-001
1.101076e+004,-1.334945e-001
1.101124e+004,-1.225912e-001
1.101173e+004,-1.169535e-001
1.101221e+004,-1.152208e-001
1.101269e+004,-1.141592e-001
1.101317e+004,-1.091599e-001
1.101365e+004,-9.556051e-002
1.101414e+004,-7.039953e-002
1.101462e+004,-3.389509e-002
1.101510e+004,1.007757e-002
1.101558e+004,5.489949e-002
1.101607e+004,9.329991e-002
1.101655e+004,1.200276e-001
1.101703e+004,1.338232e-001
1.101751e+004,1.380915e-001
1.101799e+004,1.398375e-001
1.101848e+004,1.472431e-001
1.101896e+004,1.667861e-001
1.101944e+004,2.009787e-001
1.101992e+004,2.475403e-001
1.102040e+004,3.002403e-001
1.102089e+004,3.509982e-001
1.102137e+004,3.923835e-001
1.102185e+004,4.195681e-001
1.102233e+004,4.310845e-001
1.102281e+004,4.282586e-001
1.102330e+004,4.137278e-001
1.102378e+004,3.897701e-001
1.102426e+004,3.571814e-001
1.102474e+004,3.151628e-001
1.102523e+004,2.622617e-001
1.102571e+004,1.980008e-001
1.102619e+004,1.245594e-001
1.102667e+004,4.780220e-002
1.102715e+004,-2.289230e-002
1.102764e+004,-7.620200e-002
1.102812e+004,-1.015733e-001
1.102860e+004,-9.237742e-002
1.102908e+004,-4.854608e-002
1.102956e+004,2.225921e-002
1.103005e+004,1.055602e-001
1.103053e+004,1.830862e-001
1.103101e+004,2.372694e-001
1.103149e+004,2.559991e-001
1.103198e+004,2.361947e-001
1.103246e+004,1.849726e-001
1.103294e+004,1.178868e-001
1.103342e+004,5.465529e-002
1.103390e+004,1.365078e-002
1.103439e+004,6.867889e-003
1.103487e+004,3.692254e-002
1.103535e+004,9.695978e-002
1.103583e+004,1.733741e-001
1.103631e+004,2.503283e-001
1.103680e+004,3.144986e-001
1.103728e+004,3.584795e-001
1.103776e+004,3.818419e-001
1.103824e+004,3.897324e-001
1.103872e+004,3.897647e-001
1.103921e+004,3.884767e-001
1.103969e+004,3.886269e-001
1.104017e+004,3.881877e-001
1.104065e+004,3.812391e-001
1.104114e+004,3.603290e-001
1.104162e+004,3.194386e-001
1.104210e+004,2.565573e-001
1.104258e+004,1.750397e-001
1.104306e+004,8.332323e-002
1.104355e+004,-6.892392e-003
1.104403e+004,-8.341479e-002
1.104451e+004,-1.364113e-001
1.104499e+004,-1.604887e-001
1.104547e+004,-1.554472e-001
1.104596e+004,-1.256133e-001
1.104644e+004,-7.811895e-002
1.104692e+004,-2.083336e-002
1.104740e+004,3.949234e-002
1.104789e+004,9.805068e-002
1.104837e+004,1.519679e-001
1.104885e+004,1.996210e-001
1.104933e+004,2.398730e-001
1.104981e+004,2.717170e-001
1.105030e+004,2.944865e-001
1.105078e+004,3.083760e-001
1.105126e+004,3.147663e-001
1.105174e+004,3.159204e-001
1.105222e+004,3.139912e-001
1.105271e+004,3.097757e-001
1.105319e+004,3.019640e-001
1.105367e+004,2.875205e-001
1.105415e+004,2.633097e-001
1.105463e+004,2.283622e-001
1.105512e+004,1.856731e-001
1.105560e+004,1.424268e-001
1.105608e+004,1.081430e-001
1.105656e+004,9.119756e-002
1.105705e+004,9.507583e-002
1.105753e+004,1.160710e-001
1.105801e+004,1.437071e-001
1.105849e+004,1.640419e-001
1.105897e+004,1.646960e-001
1.105946e+004,1.395749e-001
1.105994e+004,9.128384e-002
1.106042e+004,3.018783e-002
1.106090e+004,-2.948807e-002
1.106138e+004,-7.484947e-002
1.106187e+004,-9.863629e-002
1.106235e+004,-1.009374e-001
1.106283e+004,-8.783717e-002
1.106331e+004,-6.789611e-002
1.106379e+004,-4.824364e-002
1.106428e+004,-3.203261e-002
1.106476e+004,-1.816407e-002
1.106524e+004,-3.008279e-003
1.106572e+004,1.705790e-002
1.106621e+004,4.370815e-002
1.106669e+004,7.621357e-002
1.106717e+004,1.124353e-001
1.106765e+004,1.503705e-001
1.106813e+004,1.890855e-001
1.106862e+004,2.283168e-001
1.106910e+004,2.669185e-001
1.106958e+004,3.011446e-001
1.107006e+004,3.240231e-001
1.107054e+004,3.266332e-001
1.107103e+004,3.011453e-001
1.107151e+004,2.444961e-001
1.107199e+004,1.610626e-001
1.107247e+004,6.298766e-002
1.107296e+004,-3.222433e-002
1.107344e+004,-1.060570e-001
1.107392e+004,-1.437240e-001
1.107440e+004,-1.376958e-001
1.107488e+004,-8.901539e-002
1.107537e+004,-6.339985e-003
1.107585e+004,9.655821e-002
1.107633e+004,2.037612e-001
1.107681e+004,2.997849e-001
1.107729e+004,3.714525e-001
1.107778e+004,4.092560e-001
1.107826e+004,4.085136e-001
1.107874e+004,3.704530e-001
1.107922e+004,3.027841e-001
1.107971e+004,2.191010e-001
1.108019e+004,1.365976e-001
1.108067e+004,7.221078e-002
1.108115e+004,3.811953e-002
1.108163e+004,3.808011e-002
1.108212e+004,6.602584e-002
1.108260e+004,1.076722e-001
1.108308e+004,1.447896e-001
1.108356e+004,1.608003e-001
1.108404e+004,1.458282e-001
1.108453e+004,9.952024e-002
1.108501e+004,3.077428e-002
1.108549e+004,-4.535510e-002
1.108597e+004,-1.123144e-001
1.108646e+004,-1.565617e-001
1.108694e+004,-1.704749e-001
1.108742e+004,-1.529981e-001
1.108790e+004,-1.083215e-001
1.108838e+004,-4.355717e-002
1.108887e+004,3.347013e-002
1.108935e+004,1.155350e-001
1.108983e+004,1.962343e-001
1.109031e+004,2.694981e-001
1.109079e+004,3.290690e-001
1.109128e+004,3.685716e-001
1.109176e+004,3.824450e-001
1.109224e+004,3.675107e-001
1.109272e+004,3.245716e-001
1.109321e+004,2.592779e-001
1.109369e+004,1.816643e-001
1.109417e+004,1.041900e-001
1.109465e+004,3.869446e-002
1.109513e+004,-6.795021e-003
1.109562e+004,-3.023496e-002
1.109610e+004,-3.577410e-002
1.109658e+004,-3.172536e-002
1.109706e+004,-2.691890e-002
1.109754e+004,-2.678896e-002
1.109803e+004,-3.080500e-002
1.109851e+004,-3.244613e-002
1.109899e+004,-2.194701e-002
1.109947e+004,9.130944e-003
1.109996e+004,6.332042e-002
1.110044e+004,1.346493e-001
1.110092e+004,2.093496e-001
1.110140e+004,2.699316e-001
1.110188e+004,3.012706e-001
1.110237e+004,2.963898e-001
1.110285e+004,2.595644e-001
1.110333e+004,2.053554e-001
1.110381e+004,1.538117e-001
1.110429e+004,1.236618e-001
1.110478e+004,1.261220e-001
1.110526e+004,1.616348e-001
1.110574e+004,2.205880e-001
1.110622e+004,2.874205e-001
1.110671e+004,3.462144e-001
1.110719e+004,3.854721e-001
1.110767e+004,4.003980e-001
1.110815e+004,3.923079e-001
1.110863e+004,3.660970e-001
1.110912e+004,3.273622e-001
1.110960e+004,2.807127e-001
1.111008e+004,2.297591e-001
1.111056e+004,1.783270e-001
1.111104e+004,1.316701e-001
1.111153e+004,9.649011e-002
1.111201e+004,7.930887e-002
1.111249e+004,8.377235e-002
1.111297e+004,1.082151e-001
1.111346e+004,1.448551e-001
1.111394e+004,1.812963e-001
1.111442e+004,2.039483e-001
1.111490e+004,2.020712e-001
1.111538e+004,1.708485e-001
1.111587e+004,1.123272e-001
1.111635e+004,3.400963e-002
1.111683e+004,-5.410926e-002
1.111731e+004,-1.426650e-001
1.111779e+004,-2.249043e-001
1.111828e+004,-2.969305e-001
1.111876e+004,-3.565749e-001
1.111924e+004,-4.019239e-001
1.111972e+004,-4.305858e-001
1.112020e+004,-4.402207e-001
1.112069e+004,-4.300182e-001
1.112117e+004,-4.021683e-001
1.112165e+004,-3.622631e-001
1.112213e+004,-3.180792e-001
1.112262e+004,-2.770392e-001
1.112310e+004,-2.434183e-001
1.112358e+004,-2.166233e-001
1.112406e+004,-1.914648e-001
1.112454e+004,-1.604542e-001
1.112503e+004,-1.172065e-001
1.112551e+004,-5.948548e-002
1.112599e+004,9.427384e-003
1.112647e+004,8.161142e-002
1.112695e+004,1.472072e-001
1.112744e+004,1.977374e-001
1.112792e+004,2.286329e-001
1.112840e+004,2.399658e-001
1.112888e+004,2.352424e-001
1.112937e+004,2.189973e-001
1.112985e+004,1.944326e-001
1.113033e+004,1.622270e-001
1.113081e+004,1.209966e-001
1.113129e+004,6.907176e-002
1.113178e+004,6.664469e-003
1.113226e+004,-6.262112e-002
1.113274e+004,-1.316476e-001
1.113322e+004,-1.910620e-001
1.113370e+004,-2.315481e-001
1.113419e+004,-2.461544e-001
1.113467e+004,-2.319118e-001
1.113515e+004,-1.903722e-001
1.113563e+004,-1.271798e-001
1.113611e+004,-5.107318e-002
1.113660e+004,2.730083e-002
1.113708e+004,9.662668e-002
1.113756e+004,1.463175e-001
1.113804e+004,1.682272e-001
1.113853e+004,1.586148e-001
1.113901e+004,1.199190e-001
1.113949e+004,6.159876e-002
1.113997e+004,-8.342467e-004
1.114045e+004,-4.878335e-002
1.114094e+004,-6.520680e-002
1.114142e+004,-3.960931e-002
1.114190e+004,2.830073e-002
1.114238e+004,1.277071e-001
1.114286e+004,2.390576e-001
1.114335e+004,3.390915e-001
1.114383e+004,4.069673e-001
1.114431e+004,4.295499e-001
1.114479e+004,4.042139e-001
1.114528e+004,3.384010e-001
1.114576e+004,2.463362e-001
1.114624e+004,1.442945e-001
1.114672e+004,4.618903e-002
1.114720e+004,-3.909327e-002
1.114769e+004,-1.080702e-001
1.114817e+004,-1.611838e-001
1.114865e+004,-2.005320e-001
1.114913e+004,-2.279519e-001
1.114961e+004,-2.441747e-001
1.115010e+004,-2.490929e-001
1.115058e+004,-2.426387e-001
1.115106e+004,-2.255637e-001
1.115154e+004,-1.996116e-001
1.115202e+004,-1.670037e-001
1.115251e+004,-1.295965e-001
1.115299e+004,-8.825997e-002
1.115347e+004,-4.291163e-002
1.115395e+004,6.748693e-003
1.115444e+004,6.016835e-002
1.115492e+004,1.151317e-001
1.115540e+004,1.677233e-001
1.115588e+004,2.132266e-001
1.115636e+004,2.476663e-001
1.115685e+004,2.693629e-001
1.115733e+004,2.798043e-001
1.115781e+004,2.833796e-001
1.115829e+004,2.859859e-001
1.115877e+004,2.929622e-001
1.115926e+004,3.070907e-001
1.115974e+004,3.273838e-001
1.116022e+004,3.491034e-001
1.116070e+004,3.650427e-001
1.116118e+004,3.676776e-001
1.116167e+004,3.515325e-001
1.116215e+004,3.150382e-001
1.116263e+004,2.613043e-001
1.116311e+004,1.975264e-001
1.116360e+004,1.331325e-001
1.116408e+004,7.717594e-002
1.116456e+004,3.576715e-002
1.116504e+004,1.039103e-002
1.116552e+004,-2.294895e-003
1.116601e+004,-9.061230e-003
1.116649e+004,-1.752099e-002
1.116697e+004,-3.318297e-002
1.116745e+004,-5.713876e-002
1.116793e+004,-8.522215e-002
1.116842e+004,-1.090180e-001
1.116890e+004,-1.184366e-001
1.116938e+004,-1.049844e-001
1.116986e+004,-6.460352e-002
1.117035e+004,7.158145e-004
1.117083e+004,8.353052e-002
1.117131e+004,1.724901e-001
1.117179e+004,2.551254e-001
1.117227e+004,3.206157e-001
1.117276e+004,3.618155e-001
1.117324e+004,3.760696e-001
1.117372e+004,3.648050e-001
1.117420e+004,3.323094e-001
1.117468e+004,2.842930e-001
1.117517e+004,2.267429e-001
1.117565e+004,1.652879e-001
1.117613e+004,1.049974e-001
1.117661e+004,5.036320e-002
1.117709e+004,5.227085e-003
1.117758e+004,-2.744522e-002
1.117806e+004,-4.587119e-002
1.117854e+004,-4.966978e-002
1.117902e+004,-3.983862e-002
1.117951e+004,-1.845690e-002
1.117999e+004,1.178105e-002
1.118047e+004,4.800831e-002
1.118095e+004,8.743130e-002
1.118143e+004,1.273166e-001
1.118192e+004,1.648024e-001
1.118240e+004,1.967307e-001
1.118288e+004,2.197006e-001
1.118336e+004,2.304555e-001
1.118384e+004,2.265381e-001
1.118433e+004,2.070052e-001
1.118481e+004,1.729099e-001
1.118529e+004,1.273354e-001
1.118577e+004,7.492439e-002
1.118626e+004,2.105976e-002
1.118674e+004,-2.899876e-002
1.118722e+004,-7.069238e-002
1.118770e+004,-1.002622e-001
1.118818e+004,-1.144293e-001
1.118867e+004,-1.099817e-001
1.118915e+004,-8.373204e-002
1.118963e+004,-3.320215e-002
1.119011e+004,4.194183e-002
1.119059e+004,1.381477e-001
1.119108e+004,2.467373e-001
1.119156e+004,3.540398e-001
1.119204e+004,4.433899e-001
1.119252e+004,4.987536e-001
1.119300e+004,5.089782e-001
1.119349e+004,4.712198e-001
1.119397e+004,3.922463e-001
1.119445e+004,2.869861e-001
1.119493e+004,1.746717e-001
1.119542e+004,7.378753e-002
1.119590e+004,-2.490861e-003
1.119638e+004,-4.885089e-002
1.119686e+004,-6.763483e-002
1.119734e+004,-6.620625e-002
1.119783e+004,-5.316695e-002
1.119831e+004,-3.506504e-002
1.119879e+004,-1.485221e-002
1.119927e+004,7.572417e-003
1.119975e+004,3.339244e-002
1.120024e+004,6.272776e-002
1.120072e+004,9.348421e-002
1.120120e+004,1.216270e-001
1.120168e+004,1.429813e-001
1.120217e+004,1.547972e-001
1.120265e+004,1.568216e-001
1.120313e+004,1.509578e-001
1.120361e+004,1.398391e-001
1.120409e+004,1.251981e-001
1.120458e+004,1.070626e-001
1.120506e+004,8.435493e-002
1.120554e+004,5.666376e-002
1.120602e+004,2.623159e-002
1.120650e+004,-1.041447e-003
1.120699e+004,-1.639910e-002
1.120747e+004,-1.081975e-002
1.120795e+004,2.150139e-002
1.120843e+004,8.018032e-002
1.120892e+004,1.574658e-001
1.120940e+004,2.394521e-001
1.120988e+004,3.093534e-001
1.121036e+004,3.517442e-001
1.121084e+004,3.563913e-001
1.121133e+004,3.205911e-001
1.121181e+004,2.495691e-001
1.121229e+004,1.551720e-001
1.121277e+004,5.344343e-002
1.121325e+004,-3.828882e-002
1.121374e+004,-1.043712e-001
1.121422e+004,-1.335144e-001
1.121470e+004,-1.208802e-001
1.121518e+004,-6.912386e-002
1.121567e+004,1.204220e-002
1.121615e+004,1.079385e-001
1.121663e+004,2.023444e-001
1.121711e+004,2.814048e-001
1.121759e+004,3.368482e-001
1.121808e+004,3.674321e-001
1.121856e+004,3.780864e-001
1.121904e+004,3.770999e-001
1.121952e+004,3.724993e-001
1.122000e+004,3.691109e-001
1.122049e+004,3.674192e-001
1.122097e+004,3.644411e-001
1.122145e+004,3.558792e-001
1.122193e+004,3.383014e-001
1.122241e+004,3.102355e-001
1.122290e+004,2.717846e-001
1.122338e+004,2.232701e-001
1.122386e+004,1.640116e-001
1.122434e+004,9.231076e-002
1.122483e+004,6.988521e-003
1.122531e+004,-9.017168e-002
1.122579e+004,-1.924397e-001
1.122627e+004,-2.879687e-001
1.122675e+004,-3.620299e-001
1.122724e+004,-4.010631e-001
1.122772e+004,-3.969835e-001
1.122820e+004,-3.499345e-001
1.122868e+004,-2.683239e-001
1.122916e+004,-1.661932e-001
1.122965e+004,-5.912759e-002
1.123013e+004,3.957096e-002
1.123061e+004,1.210594e-001
1.123109e+004,1.810427e-001
1.123158e+004,2.183826e-001
1.123206e+004,2.336118e-001
1.123254e+004,2.276493e-001
1.123302e+004,2.025472e-001
1.123350e+004,1.623828e-001
1.123399e+004,1.138802e-001
1.123447e+004,6.573444e-002
1.123495e+004,2.650649e-002
1.123543e+004,1.901135e-003
1.123591e+004,-7.211382e-003
1.123640e+004,-4.865363e-003
1.123688e+004,2.106011e-003
1.123736e+004,7.456358e-003
1.123784e+004,8.509693e-003
1.123832e+004,7.144367e-003
1.123881e+004,8.164571e-003
1.123929e+004,1.581526e-002
1.123977e+004,3.022595e-002
1.124025e+004,4.571319e-002
1.124074e+004,5.206439e-002
1.124122e+004,3.853369e-002
1.124170e+004,-1.089444e-003
1.124218e+004,-6.466497e-002
1.124266e+004,-1.410787e-001
1.124315e+004,-2.133773e-001
1.124363e+004,-2.645139e-001
1.124411e+004,-2.833628e-001
1.124459e+004,-2.685419e-001
1.124507e+004,-2.285616e-001
1.124556e+004,-1.783736e-001
1.124604e+004,-1.338572e-001
1.124652e+004,-1.065201e-001
1.124700e+004,-1.004202e-001
1.124748e+004,-1.122002e-001
1.124797e+004,-1.337446e-001
1.124845e+004,-1.559735e-001
1.124893e+004,-1.720877e-001
1.124941e+004,-1.791030e-001
1.124990e+004,-1.774146e-001
1.125038e+004,-1.689830e-001
1.125086e+004,-1.552076e-001
1.125134e+004,-1.355223e-001
1.125182e+004,-1.072990e-001
1.125231e+004,-6.701902e-002
1.125279e+004,-1.214889e-002
1.125327e+004,5.707139e-002
1.125375e+004,1.366384e-001
1.125423e+004,2.189988e-001
1.125472e+004,2.944675e-001
1.125520e+004,3.534727e-001
1.125568e+004,3.889878e-001
1.125616e+004,3.984218e-001
1.125665e+004,3.843709e-001
1.125713e+004,3.539302e-001
1.125761e+004,3.166935e-001
1.125809e+004,2.820034e-001
1.125857e+004,2.563183e-001
1.125906e+004,2.416119e-001
1.125954e+004,2.354087e-001
1.126002e+004,2.324766e-001
1.126050e+004,2.275493e-001
1.126098e+004,2.180083e-001
1.126147e+004,2.054401e-001
1.126195e+004,1.953938e-001
1.126243e+004,1.953586e-001
1.126291e+004,2.114556e-001
1.126339e+004,2.462319e-001
1.126388e+004,2.962728e-001
1.126436e+004,3.525657e-001
1.126484e+004,4.025762e-001
1.126532e+004,4.335921e-001
1.126581e+004,4.363211e-001
1.126629e+004,4.076949e-001
1.126677e+004,3.520728e-001
1.126725e+004,2.804869e-001
1.126773e+004,2.080996e-001
1.126822e+004,1.505217e-001
1.126870e+004,1.199341e-001
1.126918e+004,1.219977e-001
1.126966e+004,1.543289e-001
1.127014e+004,2.069477e-001
1.127063e+004,2.646398e-001
1.127111e+004,3.106938e-001
1.127159e+004,3.310645e-001
1.127207e+004,3.178167e-001
1.127256e+004,2.708552e-001
1.127304e+004,1.974750e-001
1.127352e+004,1.099806e-001
1.127400e+004,2.224677e-002
1.127448e+004,-5.363726e-002
1.127497e+004,-1.096721e-001
1.127545e+004,-1.427360e-001
1.127593e+004,-1.539942e-001
1.127641e+004,-1.475136e-001
1.127689e+004,-1.287777e-001
1.127738e+004,-1.035698e-001
1.127786e+004,-7.728646e-002
1.127834e+004,-5.442799e-002
1.127882e+004,-3.797346e-002
1.127930e+004,-2.860456e-002
1.127979e+004,-2.410430e-002
1.128027e+004,-1.946922e-002
1.128075e+004,-8.133406e-003
1.128123e+004,1.578414e-002
1.128172e+004,5.489936e-002
1.128220e+004,1.067300e-001
1.128268e+004,1.635726e-001
1.128316e+004,2.144269e-001
1.128364e+004,2.484103e-001
1.128413e+004,2.583756e-001
1.128461e+004,2.432614e-001
1.128509e+004,2.081986e-001
1.128557e+004,1.623489e-001
1.128605e+004,1.154330e-001
1.128654e+004,7.443064e-002
1.128702e+004,4.178120e-002
1.128750e+004,1.565757e-002
1.128798e+004,-8.077645e-003
1.128847e+004,-3.333171e-002
1.128895e+004,-6.187417e-002
1.128943e+004,-9.280732e-002
1.128991e+004,-1.233875e-001
1.129039e+004,-1.505032e-001
1.129088e+004,-1.719010e-001
1.129136e+004,-1.865395e-001
1.129184e+004,-1.940618e-001
1.129232e+004,-1.939463e-001
1.129280e+004,-1.850896e-001
1.129329e+004,-1.662874e-001
1.129377e+004,-1.374784e-001
1.129425e+004,-1.010410e-001
1.129473e+004,-6.221815e-002
1.129521e+004,-2.817698e-002
1.129570e+004,-5.795606e-003
1.129618e+004,9.959983e-004
1.129666e+004,-6.846199e-003
1.129714e+004,-2.323706e-002
1.129763e+004,-3.870367e-002
1.129811e+004,-4.354388e-002
1.129859e+004,-3.119932e-002
1.129907e+004,-5.416045e-004
1.129955e+004,4.375352e-002
1.130004e+004,9.277212e-002
1.130052e+004,1.361633e-001
1.130100e+004,1.651050e-001
1.130148e+004,1.744549e-001
1.130196e+004,1.635508e-001
1.130245e+004,1.356783e-001
1.130293e+004,9.667409e-002
1.130341e+004,5.329653e-002
1.130389e+004,1.188420e-002
1.130438e+004,-2.247632e-002
1.130486e+004,-4.632272e-002
1.130534e+004,-5.791570e-002
1.130582e+004,-5.721432e-002
1.130630e+004,-4.575744e-002
1.130679e+004,-2.640125e-002
1.130727e+004,-2.870335e-003
1.130775e+004,2.082379e-002
1.130823e+004,4.095021e-002
1.130871e+004,5.445110e-002
1.130920e+004,5.908198e-002
1.130968e+004,5.334922e-002
1.131016e+004,3.639767e-002
1.131064e+004,8.001748e-003
1.131113e+004,-3.127088e-002
1.131161e+004,-7.979797e-002
1.131209e+004,-1.347236e-001
1.131257e+004,-1.920538e-001
1.131305e+004,-2.471197e-001
1.131354e+004,-2.953350e-001
1.131402e+004,-3.330217e-001
1.131450e+004,-3.580181e-001
1.131498e+004,-3.698480e-001
1.131546e+004,-3.693957e-001
1.131595e+004,-3.582285e-001
1.131643e+004,-3.378447e-001
1.131691e+004,-3.091590e-001
1.131739e+004,-2.724465e-001
1.131788e+004,-2.277772e-001
1.131836e+004,-1.757657e-001
1.131884e+004,-1.182906e-001
1.131932e+004,-5.879793e-002
1.131980e+004,-1.921517e-003
1.132029e+004,4.760524e-002
1.132077e+004,8.648119e-002
1.132125e+004,1.143043e-001
1.132173e+004,1.343554e-001
1.132221e+004,1.531833e-001
1.132270e+004,1.788343e-001
1.132318e+004,2.181035e-001
1.132366e+004,2.736992e-001
1.132414e+004,3.424126e-001
1.132463e+004,4.153197e-001
1.132511e+004,4.793626e-001
1.132559e+004,5.215045e-001
1.132607e+004,5.326217e-001
1.132655e+004,5.104823e-001
1.132704e+004,4.605584e-001
1.132752e+004,3.942879e-001
1.132800e+004,3.253473e-001
1.132848e+004,2.652588e-001
1.132896e+004,2.199300e-001
1.132945e+004,1.883837e-001
1.132993e+004,1.641164e-001
1.133041e+004,1.385271e-001
1.133089e+004,1.050854e-001
1.133138e+004,6.264582e-002
1.133186e+004,1.668724e-002
1.133234e+004,-2.194887e-002
1.133282e+004,-4.037032e-002
1.133330e+004,-2.791381e-002
1.133379e+004,1.995880e-002
1.133427e+004,9.939551e-002
1.133475e+004,1.983323e-001
1.133523e+004,2.992071e-001
1.133571e+004,3.834674e-001
1.133620e+004,4.364775e-001
1.133668e+004,4.512614e-001
1.133716e+004,4.299028e-001
1.133764e+004,3.821928e-001
1.133813e+004,3.219826e-001
1.133861e+004,2.624107e-001
1.133909e+004,2.115591e-001
1.133957e+004,1.700621e-001
1.134005e+004,1.316061e-001
1.134054e+004,8.625871e-002
1.134102e+004,2.543472e-002
1.134150e+004,-5.343833e-002
1.134198e+004,-1.444786e-001
1.134246e+004,-2.342124e-001
1.134295e+004,-3.055252e-001
1.134343e+004,-3.432784e-001
1.134391e+004,-3.395536e-001
1.134439e+004,-2.966270e-001
1.134487e+004,-2.266252e-001
1.134536e+004,-1.479987e-001
1.134584e+004,-8.008710e-002
1.134632e+004,-3.767035e-002
1.134680e+004,-2.727073e-002
1.134729e+004,-4.617538e-002
1.134777e+004,-8.409890e-002
1.134825e+004,-1.265944e-001
1.134873e+004,-1.590285e-001
1.134921e+004,-1.701147e-001
1.134970e+004,-1.543692e-001
1.135018e+004,-1.132028e-001
1.135066e+004,-5.455958e-002
1.135114e+004,8.843322e-003
1.135162e+004,6.244808e-002
1.135211e+004,9.346555e-002
1.135259e+004,9.436575e-002
1.135307e+004,6.527367e-002
1.135355e+004,1.439260e-002
1.135404e+004,-4.394388e-002
1.135452e+004,-9.322451e-002
1.135500e+004,-1.195598e-001
1.135548e+004,-1.157026e-001
1.135596e+004,-8.301899e-002
1.135645e+004,-3.058070e-002
1.135693e+004,2.792981e-002
1.135741e+004,7.826611e-002
1.135789e+004,1.090850e-001
1.135837e+004,1.138223e-001
1.135886e+004,9.086463e-002
1.135934e+004,4.268885e-002
1.135982e+004,-2.509474e-002
1.136030e+004,-1.042167e-001
1.136078e+004,-1.838677e-001
1.136127e+004,-2.511914e-001
1.136175e+004,-2.929196e-001
1.136223e+004,-2.983075e-001
1.136271e+004,-2.625600e-001
1.136320e+004,-1.892332e-001
1.136368e+004,-9.016880e-002
1.136416e+004,1.757774e-002
1.136464e+004,1.169931e-001
1.136512e+004,1.966084e-001
1.136561e+004,2.539502e-001
1.136609e+004,2.953189e-001
1.136657e+004,3.317831e-001
1.136705e+004,3.730015e-001
1.136753e+004,4.215997e-001
1.136802e+004,4.707054e-001
1.136850e+004,5.058949e-001
1.136898e+004,5.108452e-001
1.136946e+004,4.743508e-001
1.136995e+004,3.957630e-001
1.137043e+004,2.865793e-001
1.137091e+004,1.675297e-001
1.137139e+004,6.236681e-002
1.137187e+004,-9.131869e-003
1.137236e+004,-3.631627e-002
1.137284e+004,-1.936560e-002
1.137332e+004,3.245962e-002
1.137380e+004,1.046872e-001
1.137428e+004,1.818352e-001
1.137477e+004,2.506005e-001
1.137525e+004,3.015843e-001
1.137573e+004,3.298646e-001
1.137621e+004,3.349960e-001
1.137669e+004,3.207650e-001
1.137718e+004,2.945802e-001
1.137766e+004,2.661389e-001
1.137814e+004,2.452055e-001
1.137862e+004,2.388959e-001
1.137911e+004,2.493934e-001
1.137959e+004,2.731115e-001
1.138007e+004,3.018405e-001
1.138055e+004,3.255484e-001
1.138103e+004,3.357150e-001
1.138152e+004,3.277961e-001
1.138200e+004,3.018133e-001
1.138248e+004,2.609901e-001
1.138296e+004,2.093474e-001
1.138344e+004,1.497037e-001
1.138393e+004,8.327629e-002
1.138441e+004,1.113539e-002
1.138489e+004,-6.339224e-002
1.138537e+004,-1.329864e-001
1.138586e+004,-1.866716e-001
1.138634e+004,-2.126448e-001
1.138682e+004,-2.023839e-001
1.138730e+004,-1.546461e-001
1.138778e+004,-7.702737e-002
1.138827e+004,1.565578e-002
1.138875e+004,1.058110e-001
1.138923e+004,1.786506e-001
1.138971e+004,2.265750e-001
1.139019e+004,2.504447e-001
1.139068e+004,2.572375e-001
1.139116e+004,2.553560e-001
1.139164e+004,2.499773e-001
1.139212e+004,2.406966e-001
1.139260e+004,2.224450e-001
1.139309e+004,1.890053e-001
1.139357e+004,1.372555e-001
1.139405e+004,6.999074e-002
1.139453e+004,-4.115702e-003
1.139502e+004,-7.350286e-002
1.139550e+004,-1.283342e-001
1.139598e+004,-1.645915e-001
1.139646e+004,-1.857193e-001
1.139694e+004,-2.010168e-001
1.139743e+004,-2.214602e-001
1.139791e+004,-2.547649e-001
1.139839e+004,-3.017798e-001
1.139887e+004,-3.557003e-001
1.139935e+004,-4.043797e-001
1.139984e+004,-4.347597e-001
1.140032e+004,-4.376399e-001
1.140080e+004,-4.109482e-001
1.140128e+004,-3.603334e-001
1.140177e+004,-2.969616e-001
1.140225e+004,-2.334318e-001
1.140273e+004,-1.793873e-001
1.140321e+004,-1.384620e-001
1.140369e+004,-1.076350e-001
1.140418e+004,-7.912743e-002
1.140466e+004,-4.400368e-002
1.140514e+004,3.948187e-003
1.140562e+004,6.550762e-002
1.140610e+004,1.354206e-001
1.140659e+004,2.040181e-001
1.140707e+004,2.603262e-001
1.140755e+004,2.954078e-001
1.140803e+004,3.046692e-001
1.140851e+004,2.883947e-001
1.140900e+004,2.505960e-001
1.140948e+004,1.969791e-001
1.140996e+004,1.331186e-001
1.141044e+004,6.367369e-002
1.141093e+004,-7.151051e-003
1.141141e+004,-7.443362e-002
1.141189e+004,-1.316312e-001
1.141237e+004,-1.708478e-001
1.141285e+004,-1.845614e-001
1.141334e+004,-1.682792e-001
1.141382e+004,-1.229870e-001
1.141430e+004,-5.621170e-002
1.141478e+004,1.899009e-002
1.141526e+004,8.696618e-002
1.141575e+004,1.333913e-001
1.141623e+004,1.488181e-001
1.141671e+004,1.306518e-001
1.141719e+004,8.308323e-002
1.141767e+004,1.499926e-002
1.141816e+004,-6.243188e-002
1.141864e+004,-1.381610e-001
1.141912e+004,-2.025526e-001
1.141960e+004,-2.476947e-001
1.142009e+004,-2.673139e-001
1.142057e+004,-2.570020e-001
1.142105e+004,-2.150967e-001
1.142153e+004,-1.439542e-001
1.142201e+004,-5.086052e-002
1.142250e+004,5.224321e-002
1.142298e+004,1.506413e-001
1.142346e+004,2.300349e-001
1.142394e+004,2.800767e-001
1.142442e+004,2.970000e-001
1.142491e+004,2.843907e-001
1.142539e+004,2.518772e-001
1.142587e+004,2.122997e-001
1.142635e+004,1.784071e-001
1.142684e+004,1.600980e-001
1.142732e+004,1.628357e-001
1.142780e+004,1.873210e-001
1.142828e+004,2.301133e-001
1.142876e+004,2.847461e-001
1.142925e+004,3.429964e-001
1.142973e+004,3.961689e-001
1.143021e+004,4.363824e-001
1.143069e+004,4.578065e-001
1.143117e+004,4.576465e-001
1.143166e+004,4.365377e-001
1.143214e+004,3.980855e-001
1.143262e+004,3.475752e-001
1.143310e+004,2.902510e-001
1.143358e+004,2.298444e-001
1.143407e+004,1.679806e-001
1.143455e+004,1.047192e-001
1.143503e+004,3.996144e-002
1.143551e+004,-2.497473e-002
1.143600e+004,-8.640471e-002
1.143648e+004,-1.384714e-001
1.143696e+004,-1.744679e-001
1.143744e+004,-1.887470e-001
1.143792e+004,-1.784196e-001
1.143841e+004,-1.441807e-001
1.143889e+004,-9.005795e-002
1.143937e+004,-2.238298e-002
1.143985e+004,5.143484e-002
1.144033e+004,1.238254e-001
1.144082e+004,1.875079e-001
1.144130e+004,2.356933e-001
1.144178e+004,2.624350e-001
1.144226e+004,2.633946e-001
1.144275e+004,2.369434e-001
1.144323e+004,1.851685e-001
1.144371e+004,1.142392e-001
1.144419e+004,3.377477e-002
1.144467e+004,-4.474432e-002
1.144516e+004,-1.100888e-001
1.144564e+004,-1.533073e-001
1.144612e+004,-1.691289e-001
1.144660e+004,-1.564752e-001
1.144708e+004,-1.181253e-001
1.144757e+004,-5.981032e-002
1.144805e+004,1.088800e-002
1.144853e+004,8.580194e-002
1.144901e+004,1.569776e-001
1.144950e+004,2.175712e-001
1.144998e+004,2.625241e-001
1.145046e+004,2.889901e-001
1.145094e+004,2.963786e-001
1.145142e+004,2.859456e-001
1.145191e+004,2.600434e-001
1.145239e+004,2.213452e-001
1.145287e+004,1.724063e-001
1.145335e+004,1.157592e-001
1.145383e+004,5.438745e-002
1.145432e+004,-7.873922e-003
1.145480e+004,-6.651680e-002
1.145528e+004,-1.173218e-001
1.145576e+004,-1.577881e-001
1.145625e+004,-1.882631e-001
1.145673e+004,-2.119194e-001
1.145721e+004,-2.331888e-001
1.145769e+004,-2.550739e-001
1.145817e+004,-2.765332e-001
1.145866e+004,-2.913764e-001
1.145914e+004,-2.896336e-001
1.145962e+004,-2.612805e-001
1.146010e+004,-2.010075e-001
1.146058e+004,-1.119698e-001
1.146107e+004,-6.630207e-003
1.146155e+004,9.606293e-002
1.146203e+004,1.763131e-001
1.146251e+004,2.197788e-001
1.146299e+004,2.220540e-001
1.146348e+004,1.895987e-001
1.146396e+004,1.368700e-001
1.146444e+004,8.096106e-002
1.146492e+004,3.601693e-002
1.146541e+004,9.649875e-003
1.146589e+004,2.514743e-003
1.146637e+004,1.064274e-002
1.146685e+004,2.888080e-002
1.146733e+004,5.350668e-002
1.146782e+004,8.284036e-002
1.146830e+004,1.159761e-001
1.146878e+004,1.508548e-001
1.146926e+004,1.832526e-001
1.146974e+004,2.076919e-001
1.147023e+004,2.201048e-001
1.147071e+004,2.209157e-001
1.147119e+004,2.167139e-001
1.147167e+004,2.191909e-001
1.147216e+004,2.412950e-001
1.147264e+004,2.919801e-001
1.147312e+004,3.717436e-001
1.147360e+004,4.709718e-001
1.147408e+004,5.719793e-001
1.147457e+004,6.540985e-001
1.147505e+004,6.999340e-001
1.147553e+004,7.005008e-001
1.147601e+004,6.575141e-001
1.147649e+004,5.822911e-001
1.147698e+004,4.919936e-001
1.147746e+004,4.047712e-001
1.147794e+004,3.354665e-001
1.147842e+004,2.930157e-001
1.147890e+004,2.798426e-001
1.147939e+004,2.925850e-001
1.147987e+004,3.238260e-001
1.148035e+004,3.637125e-001
1.148083e+004,4.014030e-001
1.148132e+004,4.263481e-001
1.148180e+004,4.295779e-001
1.148228e+004,4.050474e-001
1.148276e+004,3.508765e-001
1.148324e+004,2.701495e-001
1.148373e+004,1.709506e-001
1.148421e+004,6.550097e-002
1.148469e+004,-3.150142e-002
1.148517e+004,-1.050396e-001
1.148565e+004,-1.420717e-001
1.148614e+004,-1.336339e-001
1.148662e+004,-7.649320e-002
1.148710e+004,2.588326e-002
1.148758e+004,1.632896e-001
1.148807e+004,3.198844e-001
1.148855e+004,4.764760e-001
1.148903e+004,6.136953e-001
1.148951e+004,7.153757e-001
1.148999e+004,7.712503e-001
1.149048e+004,7.781881e-001
1.149096e+004,7.396580e-001
1.149144e+004,6.637326e-001
1.149192e+004,5.604592e-001
1.149240e+004,4.396008e-001
1.149289e+004,3.095241e-001
1.149337e+004,1.774434e-001
1.149385e+004,5.060550e-002
1.149433e+004,-6.246586e-002
1.149481e+004,-1.515896e-001
1.149530e+004,-2.059595e-001
1.149578e+004,-2.164731e-001
1.149626e+004,-1.785798e-001
1.149674e+004,-9.452199e-002
1.149723e+004,2.601978e-002
1.149771e+004,1.672793e-001
1.149819e+004,3.104013e-001
1.149867e+004,4.371597e-001
1.149915e+004,5.333084e-001
1.149964e+004,5.906992e-001
1.150012e+004,6.077535e-001
1.150060e+004,5.883628e-001
1.150108e+004,5.397050e-001
1.150156e+004,4.697422e-001
1.150205e+004,3.852354e-001
1.150253e+004,2.909283e-001
1.150301e+004,1.901241e-001
1.150349e+004,8.635262e-002
1.150398e+004,-1.466202e-002
1.150446e+004,-1.037400e-001
1.150494e+004,-1.685820e-001
1.150542e+004,-1.960884e-001
1.150590e+004,-1.762747e-001
1.150639e+004,-1.065914e-001
1.150687e+004,5.013462e-003
1.150735e+004,1.397999e-001
1.150783e+004,2.713867e-001
1.150831e+004,3.717948e-001
1.150880e+004,4.186819e-001
1.150928e+004,4.014873e-001
1.150976e+004,3.244083e-001
1.151024e+004,2.051994e-001
1.151072e+004,7.000804e-002
1.151121e+004,-5.395650e-002
1.151169e+004,-1.455213e-001
1.151217e+004,-1.941213e-001
1.151265e+004,-2.006207e-001
1.151314e+004,-1.746298e-001
1.151362e+004,-1.298216e-001
1.151410e+004,-7.925685e-002
1.151458e+004,-3.236432e-002
1.151506e+004,5.757717e-003
1.151555e+004,3.317011e-002
1.151603e+004,4.924458e-002
1.151651e+004,5.341665e-002
1.151699e+004,4.524214e-002
1.151747e+004,2.558210e-002
1.151796e+004,-1.965243e-003
1.151844e+004,-3.044824e-002
1.151892e+004,-5.042575e-002
1.151940e+004,-5.223394e-002
1.151988e+004,-2.884653e-002
1.152037e+004,2.184497e-002
1.152085e+004,9.631167e-002
1.152133e+004,1.865133e-001
1.152181e+004,2.823137e-001
1.152230e+004,3.740905e-001
1.152278e+004,4.544953e-001
1.152326e+004,5.188778e-001
1.152374e+004,5.646168e-001
1.152422e+004,5.900803e-001
1.152471e+004,5.940121e-001
1.152519e+004,5.757341e-001
1.152567e+004,5.360036e-001
1.152615e+004,4.778658e-001
1.152663e+004,4.067970e-001
1.152712e+004,3.297595e-001
1.152760e+004,2.534305e-001
1.152808e+004,1.823547e-001
1.152856e+004,1.179432e-001
1.152905e+004,5.889267e-002
1.152953e+004,2.946023e-003
1.153001e+004,-5.078058e-002
1.153049e+004,-1.000464e-001
1.153097e+004,-1.392850e-001
1.153146e+004,-1.612542e-001
1.153194e+004,-1.599645e-001
1.153242e+004,-1.336608e-001
1.153290e+004,-8.651648e-002
1.153338e+004,-2.818178e-002
1.153387e+004,2.880644e-002
1.153435e+004,7.285686e-002
1.153483e+004,9.697385e-002
1.153531e+004,1.008468e-001
1.153579e+004,9.062064e-002
1.153628e+004,7.650833e-002
1.153676e+004,6.923025e-002
1.153724e+004,7.663030e-002
1.153772e+004,1.016051e-001
1.153821e+004,1.418369e-001
1.153869e+004,1.910876e-001
1.153917e+004,2.413156e-001
1.153965e+004,2.847905e-001
1.154013e+004,3.156547e-001
1.154062e+004,3.307755e-001
1.154110e+004,3.300300e-001
1.154158e+004,3.161869e-001
1.154206e+004,2.944375e-001
1.154254e+004,2.714192e-001
1.154303e+004,2.536232e-001
1.154351e+004,2.453369e-001
1.154399e+004,2.466739e-001
1.154447e+004,2.525103e-001
1.154496e+004,2.530703e-001
1.154544e+004,2.363897e-001
1.154592e+004,1.921423e-001
1.154640e+004,1.156098e-001
1.154688e+004,1.030699e-002
1.154737e+004,-1.118967e-001
1.154785e+004,-2.334343e-001
1.154833e+004,-3.356684e-001
1.154881e+004,-4.038759e-001
1.154929e+004,-4.308277e-001
1.154978e+004,-4.177999e-001
1.155026e+004,-3.729208e-001
1.155074e+004,-3.078449e-001
1.155122e+004,-2.342852e-001
1.155171e+004,-1.617352e-001
1.155219e+004,-9.686977e-002
1.155267e+004,-4.415105e-002
1.155315e+004,-6.593526e-003
1.155363e+004,1.422328e-002
1.155412e+004,1.910284e-002
1.155460e+004,1.247381e-002
1.155508e+004,2.763815e-003
1.155556e+004,9.652864e-004
1.155604e+004,1.735987e-002
1.155653e+004,5.747836e-002
1.155701e+004,1.190609e-001
1.155749e+004,1.916467e-001
1.155797e+004,2.594497e-001
1.155846e+004,3.067701e-001
1.155894e+004,3.239203e-001
1.155942e+004,3.111523e-001
1.155990e+004,2.787009e-001
1.156038e+004,2.426744e-001
1.156087e+004,2.184004e-001
1.156135e+004,2.140244e-001
1.156183e+004,2.270833e-001
1.156231e+004,2.454829e-001
1.156279e+004,2.524494e-001
1.156328e+004,2.334088e-001
1.156376e+004,1.820488e-001
1.156424e+004,1.032394e-001
1.156472e+004,1.181753e-002
1.156521e+004,-7.214994e-002
1.156569e+004,-1.297524e-001
1.156617e+004,-1.489618e-001
1.156665e+004,-1.278429e-001
1.156713e+004,-7.449100e-002
1.156762e+004,-4.155248e-003
1.156810e+004,6.515036e-002
1.156858e+004,1.170884e-001
1.156906e+004,1.404329e-001
1.156954e+004,1.310506e-001
1.157003e+004,9.243051e-002
1.157051e+004,3.492590e-002
1.157099e+004,-2.613208e-002
1.157147e+004,-7.336552e-002
1.157196e+004,-9.045094e-002
1.157244e+004,-6.586501e-002
1.157292e+004,4.604464e-003
1.157340e+004,1.166755e-001
1.157388e+004,2.581956e-001
1.157437e+004,4.114407e-001
1.157485e+004,5.564678e-001
1.157533e+004,6.745903e-001
1.157581e+004,7.511132e-001
1.157629e+004,7.768655e-001
1.157678e+004,7.486500e-001
1.157726e+004,6.690919e-001
1.157774e+004,5.463426e-001
1.157822e+004,3.937016e-001
1.157871e+004,2.287773e-001
1.157919e+004,7.165101e-002
1.157967e+004,-5.814967e-002
1.158015e+004,-1.453964e-001
1.158063e+004,-1.825339e-001
1.158112e+004,-1.714315e-001
1.158160e+004,-1.226858e-001
1.158208e+004,-5.248442e-002
1.158256e+004,2.205223e-002
1.158304e+004,8.752123e-002
1.158353e+004,1.372785e-001
1.158401e+004,1.718512e-001
1.158449e+004,1.967500e-001
1.158497e+004,2.187755e-001
1.158546e+004,2.424998e-001
1.158594e+004,2.683962e-001
1.158642e+004,2.932454e-001
1.158690e+004,3.123657e-001
1.158738e+004,3.224265e-001
1.158787e+004,3.234273e-001
1.158835e+004,3.189128e-001
1.158883e+004,3.143767e-001
1.158931e+004,3.146781e-001
1.158979e+004,3.217332e-001
1.159028e+004,3.335712e-001
1.159076e+004,3.451600e-001
1.159124e+004,3.505742e-001
1.159172e+004,3.454642e-001
1.159220e+004,3.287109e-001
1.159269e+004,3.025671e-001
1.159317e+004,2.713081e-001
1.159365e+004,2.390598e-001
1.159413e+004,2.077938e-001
1.159462e+004,1.763473e-001
1.159510e+004,1.408713e-001
1.159558e+004,9.651260e-002
1.159606e+004,3.969058e-002
1.159654e+004,-2.985480e-002
1.159703e+004,-1.079398e-001
1.159751e+004,-1.861073e-001
1.159799e+004,-2.530828e-001
1.159847e+004,-2.971788e-001
1.159895e+004,-3.091044e-001
1.159944e+004,-2.845548e-001
1.159992e+004,-2.259853e-001
1.160040e+004,-1.431010e-001
1.160088e+004,-5.178897e-002
1.160137e+004,2.851884e-002
1.160185e+004,7.872993e-002
1.160233e+004,8.463106e-002
1.160281e+004,4.057974e-002
1.160329e+004,-4.782595e-002
1.160378e+004,-1.638719e-001
1.160426e+004,-2.826305e-001
1.160474e+004,-3.762783e-001
1.160522e+004,-4.206350e-001
1.160570e+004,-4.012422e-001
1.160619e+004,-3.172468e-001
1.160667e+004,-1.818385e-001
1.160715e+004,-1.891671e-002
1.160763e+004,1.431896e-001
1.160811e+004,2.791373e-001
1.160860e+004,3.728587e-001
1.160908e+004,4.207879e-001
1.160956e+004,4.311233e-001
1.161004e+004,4.196084e-001
1.161053e+004,4.034944e-001
1.161101e+004,3.958668e-001
1.161149e+004,4.021996e-001
1.161197e+004,4.200424e-001
1.161245e+004,4.415385e-001
1.161294e+004,4.574535e-001
1.161342e+004,4.609179e-001
1.161390e+004,4.493371e-001
1.161438e+004,4.238683e-001
1.161486e+004,3.871057e-001
1.161535e+004,3.405357e-001
1.161583e+004,2.833767e-001
1.161631e+004,2.136165e-001
1.161679e+004,1.308186e-001
1.161727e+004,3.923598e-002
1.161776e+004,-5.059245e-002
1.161824e+004,-1.230966e-001
1.161872e+004,-1.618964e-001
1.161920e+004,-1.556531e-001
1.161969e+004,-1.032331e-001
1.162017e+004,-1.591518e-002
1.162065e+004,8.452126e-002
1.162113e+004,1.713840e-001
1.162161e+004,2.205081e-001
1.162210e+004,2.170984e-001
1.162258e+004,1.597891e-001
1.162306e+004,6.076863e-002
1.162354e+004,-5.780295e-002
1.162402e+004,-1.696490e-001
1.162451e+004,-2.505470e-001
1.162499e+004,-2.831495e-001
1.162547e+004,-2.596225e-001
1.162595e+004,-1.821298e-001
1.162644e+004,-6.167989e-002
1.162692e+004,8.409067e-002
1.162740e+004,2.338248e-001
1.162788e+004,3.658384e-001
1.162836e+004,4.617578e-001
1.162885e+004,5.099323e-001
1.162933e+004,5.078800e-001
1.162981e+004,4.629471e-001
1.163029e+004,3.906334e-001
1.163077e+004,3.106994e-001
1.163126e+004,2.419962e-001
1.163174e+004,1.976259e-001
1.163222e+004,1.820629e-001
1.163270e+004,1.911848e-001
1.163318e+004,2.151546e-001
1.163367e+004,2.421018e-001
1.163415e+004,2.622944e-001
1.163463e+004,2.700035e-001
1.163511e+004,2.632154e-001
1.163560e+004,2.417018e-001
1.163608e+004,2.048297e-001
1.163656e+004,1.505459e-001
1.163704e+004,7.629200e-002
1.163752e+004,-1.848935e-002
1.163801e+004,-1.295432e-001
1.163849e+004,-2.463029e-001
1.163897e+004,-3.528539e-001
1.163945e+004,-4.314556e-001
1.163993e+004,-4.675457e-001
1.164042e+004,-4.543996e-001
1.164090e+004,-3.956153e-001
1.164138e+004,-3.043767e-001
1.164186e+004,-1.996592e-001
1.164235e+004,-1.007047e-001
1.164283e+004,-2.169068e-002
1.164331e+004,3.162038e-002
1.164379e+004,6.228259e-002
1.164427e+004,7.975984e-002
1.164476e+004,9.581617e-002
1.164524e+004,1.202727e-001
1.164572e+004,1.580328e-001
1.164620e+004,2.081314e-001
1.164668e+004,2.647499e-001
1.164717e+004,3.195094e-001
1.164765e+004,3.641057e-001
1.164813e+004,3.924871e-001
1.164861e+004,4.021424e-001
1.164909e+004,3.944426e-001
1.164958e+004,3.742195e-001
1.165006e+004,3.488208e-001
1.165054e+004,3.268248e-001
1.165102e+004,3.165352e-001
1.165151e+004,3.243840e-001
1.165199e+004,3.534687e-001
1.165247e+004,4.025465e-001
1.165295e+004,4.658336e-001
1.165343e+004,5.338269e-001
1.165392e+004,5.951062e-001
1.165440e+004,6.387529e-001
1.165488e+004,6.567699e-001
1.165536e+004,6.457925e-001
1.165584e+004,6.075467e-001
1.165633e+004,5.478744e-001
1.165681e+004,4.746540e-001
1.165729e+004,3.953326e-001
1.165777e+004,3.149454e-001
1.165826e+004,2.352770e-001
1.165874e+004,1.553710e-001
1.165922e+004,7.306352e-002
1.165970e+004,-1.313231e-002
1.166018e+004,-1.025363e-001
1.166067e+004,-1.917282e-001
1.166115e+004,-2.750281e-001
1.166163e+004,-3.457750e-001
1.166211e+004,-3.979109e-001
1.166259e+004,-4.273747e-001
1.166308e+004,-4.329811e-001
1.166356e+004,-4.167116e-001
1.166404e+004,-3.835175e-001
1.166452e+004,-3.406672e-001
1.166500e+004,-2.968486e-001
1.166549e+004,-2.608118e-001
1.166597e+004,-2.397103e-001
1.166645e+004,-2.374006e-001
1.166693e+004,-2.532284e-001
1.166742e+004,-2.819028e-001
1.166790e+004,-3.148050e-001
1.166838e+004,-3.425345e-001
1.166886e+004,-3.578791e-001
1.166934e+004,-3.580658e-001
1.166983e+004,-3.453082e-001
1.167031e+004,-3.253244e-001
1.167079e+004,-3.043600e-001
1.167127e+004,-2.859765e-001
1.167175e+004,-2.690635e-001
1.167224e+004,-2.480718e-001
1.167272e+004,-2.154673e-001
1.167320e+004,-1.653463e-001
1.167368e+004,-9.653605e-002
1.167417e+004,-1.371116e-002
1.167465e+004,7.402328e-002
1.167513e+004,1.564111e-001
1.167561e+004,2.256072e-001
1.167609e+004,2.782871e-001
1.167658e+004,3.152987e-001
1.167706e+004,3.391458e-001
1.167754e+004,3.508025e-001
1.167802e+004,3.478175e-001
1.167850e+004,3.250436e-001
1.167899e+004,2.779217e-001
1.167947e+004,2.067610e-001
1.167995e+004,1.196834e-001
1.168043e+004,3.229250e-002
1.168092e+004,-3.641295e-002
1.168140e+004,-7.051621e-002
1.168188e+004,-6.334388e-002
1.168236e+004,-2.050444e-002
1.168284e+004,4.174381e-002
1.168333e+004,1.022903e-001
1.168381e+004,1.427410e-001
1.168429e+004,1.535339e-001
1.168477e+004,1.360296e-001
1.168525e+004,9.987954e-002
1.168574e+004,5.718900e-002
1.168622e+004,1.644395e-002
1.168670e+004,-2.088829e-002
1.168718e+004,-5.967137e-002
1.168767e+004,-1.070350e-001
1.168815e+004,-1.672973e-001
1.168863e+004,-2.386341e-001
1.168911e+004,-3.132539e-001
1.168959e+004,-3.809479e-001
1.169008e+004,-4.340613e-001
1.169056e+004,-4.711438e-001
1.169104e+004,-4.972091e-001
1.169152e+004,-5.203298e-001
1.169200e+004,-5.462390e-001
1.169249e+004,-5.737064e-001
1.169297e+004,-5.931545e-001
1.169345e+004,-5.894918e-001
1.169393e+004,-5.480997e-001
1.169441e+004,-4.613510e-001
1.169490e+004,-3.326637e-001
1.169538e+004,-1.761984e-001
1.169586e+004,-1.242441e-002
1.169634e+004,1.385264e-001
1.169683e+004,2.627262e-001
1.169731e+004,3.552555e-001
1.169779e+004,4.192310e-001
1.169827e+004,4.620799e-001
1.169875e+004,4.911659e-001
1.169924e+004,5.108639e-001
1.169972e+004,5.221838e-001
1.170020e+004,5.246334e-001
1.170068e+004,5.188709e-001
1.170116e+004,5.084217e-001
1.170165e+004,4.993569e-001
1.170213e+004,4.979981e-001
1.170261e+004,5.077567e-001
1.170309e+004,5.266631e-001
1.170357e+004,5.468114e-001
1.170406e+004,5.561112e-001
1.170454e+004,5.418096e-001
1.170502e+004,4.946209e-001
1.170550e+004,4.121558e-001
1.170599e+004,3.006256e-001
1.170647e+004,1.743151e-001
1.170695e+004,5.289932e-002
1.170743e+004,-4.283130e-002
1.170791e+004,-9.591810e-002
1.170840e+004,-9.771220e-002
1.170888e+004,-5.068168e-002
1.170936e+004,3.146912e-002
1.170984e+004,1.268523e-001
1.171032e+004,2.111973e-001
1.171081e+004,2.649227e-001
1.171129e+004,2.792071e-001
1.171177e+004,2.587407e-001
1.171225e+004,2.197595e-001
1.171274e+004,1.836853e-001
1.171322e+004,1.685474e-001
1.171370e+004,1.815723e-001
1.171418e+004,2.161596e-001
1.171466e+004,2.548168e-001
1.171515e+004,2.770773e-001
1.171563e+004,2.691135e-001
1.171611e+004,2.308161e-001
1.171659e+004,1.770342e-001
1.171707e+004,1.321014e-001
1.171756e+004,1.196701e-001
1.171804e+004,1.520179e-001
1.171852e+004,2.234089e-001
1.171900e+004,3.105530e-001
1.171948e+004,3.802711e-001
1.171997e+004,4.014283e-001
1.172045e+004,3.563753e-001
1.172093e+004,2.473436e-001
1.172141e+004,9.537562e-002
1.172190e+004,-6.755118e-002
1.172238e+004,-2.097834e-001
1.172286e+004,-3.100224e-001
1.172334e+004,-3.623540e-001
1.172382e+004,-3.749280e-001
1.172431e+004,-3.637136e-001
1.172479e+004,-3.445701e-001
1.172527e+004,-3.270766e-001
1.172575e+004,-3.122989e-001
1.172623e+004,-2.948065e-001
1.172672e+004,-2.670301e-001
1.172720e+004,-2.241621e-001
1.172768e+004,-1.670706e-001
1.172816e+004,-1.023489e-001
1.172865e+004,-3.996958e-002
1.172913e+004,1.001681e-002
1.172961e+004,4.019564e-002
1.173009e+004,4.703510e-002
1.173057e+004,3.070210e-002
1.173106e+004,-5.857117e-003
1.173154e+004,-5.777654e-002
1.173202e+004,-1.186658e-001
1.173250e+004,-1.807169e-001
1.173298e+004,-2.350763e-001
1.173347e+004,-2.729797e-001
1.173395e+004,-2.876909e-001
1.173443e+004,-2.766882e-001
1.173491e+004,-2.431802e-001
1.173539e+004,-1.960912e-001
1.173588e+004,-1.481643e-001
1.173636e+004,-1.125460e-001
1.173684e+004,-9.886821e-002
1.173732e+004,-1.101411e-001
1.173781e+004,-1.415975e-001
1.173829e+004,-1.819832e-001
1.173877e+004,-2.169468e-001
1.173925e+004,-2.334463e-001
1.173973e+004,-2.237846e-001
1.174022e+004,-1.880504e-001
1.174070e+004,-1.342676e-001
1.174118e+004,-7.622904e-002
1.174166e+004,-2.962194e-002
1.174214e+004,-7.502500e-003
1.174263e+004,-1.637033e-002
1.174311e+004,-5.396230e-002
1.174359e+004,-1.094577e-001
1.174407e+004,-1.661582e-001
1.174456e+004,-2.060155e-001
1.174504e+004,-2.147843e-001
1.174552e+004,-1.862691e-001
1.174600e+004,-1.242625e-001
1.174648e+004,-4.145332e-002
1.174697e+004,4.440336e-002
1.174745e+004,1.157650e-001
1.174793e+004,1.602407e-001
1.174841e+004,1.735729e-001
1.174889e+004,1.597903e-001
1.174938e+004,1.286757e-001
1.174986e+004,9.162414e-002
1.175034e+004,5.751074e-002
1.175082e+004,3.012149e-002
1.175130e+004,8.024415e-003
1.175179e+004,-1.325921e-002
1.175227e+004,-3.783991e-002
1.175275e+004,-6.629030e-002
1.175323e+004,-9.405050e-002
1.175372e+004,-1.120946e-001
1.175420e+004,-1.096653e-001
1.175468e+004,-7.807317e-002
1.175516e+004,-1.412422e-002
1.175564e+004,7.811042e-002
1.175613e+004,1.877968e-001
1.175661e+004,2.999611e-001
1.175709e+004,3.988141e-001
1.175757e+004,4.716550e-001
1.175805e+004,5.113026e-001
1.175854e+004,5.170025e-001
1.175902e+004,4.936736e-001
1.175950e+004,4.498973e-001
1.175998e+004,3.953679e-001
1.176047e+004,3.385478e-001
1.176095e+004,2.851149e-001
1.176143e+004,2.374737e-001
1.176191e+004,1.952987e-001
1.176239e+004,1.568362e-001
1.176288e+004,1.205263e-001
1.176336e+004,8.642986e-002
1.176384e+004,5.696562e-002
1.176432e+004,3.661453e-002
1.176480e+004,3.052503e-002
1.176529e+004,4.232063e-002
1.176577e+004,7.177781e-002
1.176625e+004,1.132634e-001
1.176673e+004,1.557669e-001
1.176721e+004,1.849348e-001
1.176770e+004,1.868191e-001
1.176818e+004,1.523276e-001
1.176866e+004,8.093351e-002
1.176914e+004,-1.773716e-002
1.176963e+004,-1.252377e-001
1.177011e+004,-2.184276e-001
1.177059e+004,-2.752572e-001
1.177107e+004,-2.803800e-001
1.177155e+004,-2.287283e-001
1.177204e+004,-1.259282e-001
1.177252e+004,1.431996e-002
1.177300e+004,1.746311e-001
1.177348e+004,3.382909e-001
1.177396e+004,4.920614e-001
1.177445e+004,6.268114e-001
1.177493e+004,7.364129e-001
1.177541e+004,8.161311e-001
1.177589e+004,8.618373e-001
1.177638e+004,8.707798e-001
1.177686e+004,8.435996e-001
1.177734e+004,7.863715e-001
1.177782e+004,7.111595e-001
1.177830e+004,6.340933e-001
1.177879e+004,5.710948e-001
1.177927e+004,5.326805e-001
1.177975e+004,5.200385e-001
1.178023e+004,5.243853e-001
1.178071e+004,5.303010e-001
1.178120e+004,5.219609e-001
1.178168e+004,4.897522e-001
1.178216e+004,4.345087e-001
1.178264e+004,3.675577e-001
1.178313e+004,3.065264e-001
1.178361e+004,2.685994e-001
1.178409e+004,2.639486e-001
1.178457e+004,2.919257e-001
1.178505e+004,3.413925e-001
1.178554e+004,3.947989e-001
1.178602e+004,4.341248e-001
1.178650e+004,4.462273e-001
1.178698e+004,4.256741e-001
1.178746e+004,3.743170e-001
1.178795e+004,2.991741e-001
1.178843e+004,2.085892e-001
1.178891e+004,1.102617e-001
1.178939e+004,1.063386e-002
1.178988e+004,-8.447903e-002
1.179036e+004,-1.690816e-001
1.179084e+004,-2.370076e-001
1.179132e+004,-2.830389e-001
1.179180e+004,-3.045540e-001
1.179229e+004,-3.026357e-001
1.179277e+004,-2.817584e-001
1.179325e+004,-2.479797e-001
1.179373e+004,-2.064861e-001
1.179421e+004,-1.598267e-001
1.179470e+004,-1.078941e-001
1.179518e+004,-4.977908e-002
1.179566e+004,1.345612e-002
1.179614e+004,7.667577e-002
1.179663e+004,1.306289e-001
1.179711e+004,1.643662e-001
1.179759e+004,1.692149e-001
1.179807e+004,1.424733e-001
1.179855e+004,8.896784e-002
1.179904e+004,1.954694e-002
1.179952e+004,-5.291339e-002
1.180000e+004,-1.181608e-001
1.180048e+004,-1.716813e-001
1.180096e+004,-2.148653e-001
1.180145e+004,-2.523075e-001
1.180193e+004,-2.877485e-001
1.180241e+004,-3.208050e-001
1.180289e+004,-3.462071e-001
1.180338e+004,-3.559934e-001
1.180386e+004,-3.436100e-001
1.180434e+004,-3.078375e-001
1.180482e+004,-2.544681e-001
1.180530e+004,-1.947437e-001
1.180579e+004,-1.411875e-001
1.180627e+004,-1.027731e-001
1.180675e+004,-8.167262e-002
1.180723e+004,-7.299910e-002
1.180771e+004,-6.747643e-002
1.180820e+004,-5.560665e-002
1.180868e+004,-3.131315e-002
1.180916e+004,6.507211e-003
1.180964e+004,5.489212e-002
1.181013e+004,1.092717e-001
1.181061e+004,1.658843e-001
1.181109e+004,2.227835e-001
1.181157e+004,2.790022e-001
1.181205e+004,3.325635e-001
1.181254e+004,3.787322e-001
1.181302e+004,4.098327e-001
1.181350e+004,4.171032e-001
1.181398e+004,3.938957e-001
1.181446e+004,3.386784e-001
1.181495e+004,2.562767e-001
1.181543e+004,1.565972e-001
1.181591e+004,5.130159e-002
1.181639e+004,-5.012358e-002
1.181687e+004,-1.431650e-001
1.181736e+004,-2.287568e-001
1.181784e+004,-3.113020e-001
1.181832e+004,-3.949637e-001
1.181880e+004,-4.809610e-001
1.181929e+004,-5.651590e-001
1.181977e+004,-6.386223e-001
1.182025e+004,-6.900484e-001
1.182073e+004,-7.092097e-001
1.182121e+004,-6.900808e-001
1.182170e+004,-6.325936e-001
1.182218e+004,-5.425915e-001
1.182266e+004,-4.302426e-001
1.182314e+004,-3.076390e-001
1.182362e+004,-1.864183e-001
1.182411e+004,-7.604064e-002
1.182459e+004,1.701109e-002
1.182507e+004,8.919521e-002
1.182555e+004,1.393708e-001
1.182604e+004,1.681714e-001
1.182652e+004,1.776528e-001
1.182700e+004,1.713922e-001
1.182748e+004,1.549557e-001
1.182796e+004,1.363734e-001
1.182845e+004,1.260727e-001
1.182893e+004,1.357514e-001
1.182941e+004,1.760031e-001
1.182989e+004,2.530854e-001
1.183037e+004,3.658113e-001
1.183086e+004,5.038522e-001
1.183134e+004,6.485284e-001
1.183182e+004,7.764227e-001
1.183230e+004,8.651157e-001
1.183278e+004,8.993759e-001
1.183327e+004,8.756971e-001
1.183375e+004,8.033895e-001
1.183423e+004,7.015828e-001
1.183471e+004,5.930505e-001
1.183520e+004,4.970801e-001
1.183568e+004,4.240325e-001
1.183616e+004,3.735237e-001
1.183664e+004,3.366145e-001
1.183712e+004,3.008055e-001
1.183761e+004,2.556183e-001
1.183809e+004,1.965421e-001
1.183857e+004,1.260007e-001
1.183905e+004,5.135228e-002
1.183953e+004,-1.882485e-002
1.184002e+004,-7.830343e-002
1.184050e+004,-1.250767e-001
1.184098e+004,-1.609615e-001
1.184146e+004,-1.895216e-001
1.184195e+004,-2.135822e-001
1.184243e+004,-2.335495e-001
1.184291e+004,-2.471203e-001
1.184339e+004,-2.501930e-001
1.184387e+004,-2.383035e-001
1.184436e+004,-2.079069e-001
1.184484e+004,-1.571838e-001
1.184532e+004,-8.649556e-002
1.184580e+004,1.185120e-003
1.184628e+004,9.973564e-002
1.184677e+004,1.995488e-001
1.184725e+004,2.880857e-001
1.184773e+004,3.519453e-001
1.184821e+004,3.804762e-001
1.184869e+004,3.700298e-001
1.184918e+004,3.261774e-001
1.184966e+004,2.675419e-001
1.185014e+004,2.194927e-001
1.185062e+004,2.087816e-001
1.185111e+004,2.558173e-001
1.185159e+004,3.679779e-001
1.185207e+004,5.361814e-001
1.185255e+004,7.359517e-001
1.185303e+004,9.328007e-001
1.185352e+004,1.090335e+000
1.185400e+004,1.178600e+000
1.185448e+004,1.180216e+000
1.185496e+004,1.092784e+000
1.185544e+004,9.275266e-001
1.185593e+004,7.053064e-001
1.185641e+004,4.516824e-001
1.185689e+004,1.924431e-001
1.185737e+004,-4.965065e-002
1.185786e+004,-2.568048e-001
1.185834e+004,-4.171043e-001
1.185882e+004,-5.247505e-001
1.185930e+004,-5.798579e-001
1.185978e+004,-5.878944e-001
1.186027e+004,-5.587819e-001
1.186075e+004,-5.056537e-001
1.186123e+004,-4.433092e-001
1.186171e+004,-3.864068e-001
1.186219e+004,-3.475076e-001
1.186268e+004,-3.351663e-001
1.186316e+004,-3.524228e-001
1.186364e+004,-3.961396e-001
1.186412e+004,-4.575633e-001
1.186460e+004,-5.241947e-001
1.186509e+004,-5.826185e-001
1.186557e+004,-6.215422e-001
1.186605e+004,-6.341448e-001
1.186653e+004,-6.190143e-001
1.186702e+004,-5.794647e-001
1.186750e+004,-5.216542e-001
1.186798e+004,-4.524393e-001
1.186846e+004,-3.779942e-001
1.186894e+004,-3.037853e-001
1.186943e+004,-2.356879e-001
1.186991e+004,-1.812621e-001
1.187039e+004,-1.499132e-001
1.187087e+004,-1.511039e-001
1.187135e+004,-1.908062e-001
1.187184e+004,-2.675123e-001
1.187232e+004,-3.697617e-001
1.187280e+004,-4.768585e-001
1.187328e+004,-5.632636e-001
1.187376e+004,-6.055462e-001
1.187425e+004,-5.895056e-001
1.187473e+004,-5.148069e-001
1.187521e+004,-3.953602e-001
1.187569e+004,-2.553950e-001
1.187618e+004,-1.228467e-001
1.187666e+004,-2.257776e-002
1.187714e+004,2.836304e-002
1.187762e+004,2.247064e-002
1.187810e+004,-3.900266e-002
1.187859e+004,-1.479143e-001
1.187907e+004,-2.907740e-001
1.187955e+004,-4.494319e-001
1.188003e+004,-6.017485e-001
1.188051e+004,-7.214944e-001
1.188100e+004,-7.839212e-001
1.188148e+004,-7.706831e-001
1.188196e+004,-6.755928e-001
1.188244e+004,-5.082604e-001
1.188293e+004,-2.935683e-001
1.188341e+004,-6.634320e-002
1.188389e+004,1.374536e-001
1.188437e+004,2.900951e-001
1.188485e+004,3.786424e-001
1.188534e+004,4.063882e-001
1.188582e+004,3.890467e-001
1.188630e+004,3.477466e-001
1.188678e+004,3.020377e-001
1.188726e+004,2.656766e-001
1.188775e+004,2.461952e-001
1.188823e+004,2.471817e-001
1.188871e+004,2.709139e-001
1.188919e+004,3.191548e-001
1.188967e+004,3.913701e-001
1.189016e+004,4.815413e-001
1.189064e+004,5.759875e-001
1.189112e+004,6.544893e-001
1.189160e+004,6.954165e-001
1.189209e+004,6.833768e-001
1.189257e+004,6.162313e-001
1.189305e+004,5.080999e-001
1.189353e+004,3.864143e-001
1.189401e+004,2.835760e-001
1.189450e+004,2.262433e-001
1.189498e+004,2.265380e-001
1.189546e+004,2.787892e-001
1.189594e+004,3.630551e-001
1.189642e+004,4.536991e-001
1.189691e+004,5.292298e-001
1.189739e+004,5.793031e-001
1.189787e+004,6.062646e-001
1.189835e+004,6.210733e-001
1.189884e+004,6.358793e-001
1.189932e+004,6.568251e-001
1.189980e+004,6.802828e-001
1.190028e+004,6.939083e-001
1.190076e+004,6.816254e-001
1.190125e+004,6.300873e-001
1.190173e+004,5.339059e-001
1.190221e+004,3.978154e-001
1.190269e+004,2.353804e-001
1.190317e+004,6.522433e-002
1.190366e+004,-9.347480e-002
1.190414e+004,-2.245694e-001
1.190462e+004,-3.168113e-001
1.190510e+004,-3.642879e-001
1.190558e+004,-3.663335e-001
1.190607e+004,-3.276677e-001
1.190655e+004,-2.587641e-001
1.190703e+004,-1.756938e-001
1.190751e+004,-9.845620e-002
1.190800e+004,-4.734164e-002
1.190848e+004,-3.790880e-002
1.190896e+004,-7.614902e-002
1.190944e+004,-1.557647e-001
1.190992e+004,-2.589690e-001
1.191041e+004,-3.609710e-001
1.191089e+004,-4.347059e-001
1.191137e+004,-4.637543e-001
1.191185e+004,-4.421814e-001
1.191233e+004,-3.761675e-001
1.191282e+004,-2.807231e-001
1.191330e+004,-1.741365e-001
1.191378e+004,-7.244763e-002
1.191426e+004,1.404131e-002
1.191475e+004,8.129295e-002
1.191523e+004,1.295338e-001
1.191571e+004,1.601971e-001
1.191619e+004,1.735561e-001
1.191667e+004,1.682124e-001
1.191716e+004,1.425015e-001
1.191764e+004,9.681565e-002
1.191812e+004,3.533765e-002
1.191860e+004,-3.403218e-002
1.191908e+004,-1.018349e-001
1.191957e+004,-1.604272e-001
1.192005e+004,-2.069634e-001
1.192053e+004,-2.444400e-001
1.192101e+004,-2.801145e-001
1.192150e+004,-3.217901e-001
1.192198e+004,-3.734428e-001
1.192246e+004,-4.320055e-001
1.192294e+004,-4.867374e-001
1.192342e+004,-5.215837e-001
1.192391e+004,-5.197578e-001
1.192439e+004,-4.689108e-001
1.192487e+004,-3.651695e-001
1.192535e+004,-2.148802e-001
1.192583e+004,-3.378896e-002
1.192632e+004,1.558866e-001
1.192680e+004,3.296517e-001
1.192728e+004,4.652720e-001
1.192776e+004,5.468278e-001
1.192825e+004,5.676075e-001
1.192873e+004,5.313330e-001
1.192921e+004,4.514116e-001
1.192969e+004,3.481742e-001
1.193017e+004,2.444434e-001
1.193066e+004,1.602760e-001
1.193114e+004,1.081428e-001
1.193162e+004,8.995260e-002
1.193210e+004,9.697036e-002
1.193258e+004,1.128878e-001
1.193307e+004,1.193020e-001
1.193355e+004,1.019929e-001
1.193403e+004,5.595315e-002
1.193451e+004,-1.263465e-002
1.193499e+004,-8.830704e-002
1.193548e+004,-1.514855e-001
1.193596e+004,-1.849565e-001
1.193644e+004,-1.792106e-001
1.193692e+004,-1.347758e-001
1.193741e+004,-6.101373e-002
1.193789e+004,2.773903e-002
1.193837e+004,1.169077e-001
1.193885e+004,1.954215e-001
1.193933e+004,2.572526e-001
1.193982e+004,3.006493e-001
1.194030e+004,3.260052e-001
1.194078e+004,3.337845e-001
1.194126e+004,3.236495e-001
1.194174e+004,2.975808e-001
1.194223e+004,2.531869e-001
1.194271e+004,1.937756e-001
1.194319e+004,1.263478e-001
1.194367e+004,6.034929e-002
1.194416e+004,5.103703e-003
1.194464e+004,-3.295569e-002
1.194512e+004,-5.204549e-002
1.194560e+004,-5.511976e-002
1.194608e+004,-4.842032e-002
1.194657e+004,-3.926063e-002
1.194705e+004,-3.398358e-002
1.194753e+004,-3.675856e-002
1.194801e+004,-4.932738e-002
1.194849e+004,-7.131194e-002
1.194898e+004,-1.005091e-001
1.194946e+004,-1.328517e-001
1.194994e+004,-1.622055e-001
1.195042e+004,-1.805882e-001
1.195090e+004,-1.794000e-001
1.195139e+004,-1.517705e-001
1.195187e+004,-9.537300e-002
1.195235e+004,-1.445906e-002
1.195283e+004,8.013663e-002
1.195332e+004,1.735704e-001
1.195380e+004,2.515399e-001
1.195428e+004,3.051674e-001
1.195476e+004,3.341841e-001
1.195524e+004,3.468646e-001
1.195573e+004,3.564174e-001
1.195621e+004,3.750654e-001
1.195669e+004,4.082011e-001
1.195717e+004,4.511515e-001
1.195765e+004,4.900657e-001
1.195814e+004,5.066636e-001
1.195862e+004,4.849290e-001
1.195910e+004,4.170703e-001
1.195958e+004,3.065018e-001
1.196007e+004,1.668885e-001
1.196055e+004,1.789848e-002
1.196103e+004,-1.205019e-001
1.196151e+004,-2.329778e-001
1.196199e+004,-3.113324e-001
1.196248e+004,-3.541788e-001
1.196296e+004,-3.646318e-001
1.196344e+004,-3.475558e-001
1.196392e+004,-3.077044e-001
1.196440e+004,-2.492897e-001
1.196489e+004,-1.765947e-001
1.196537e+004,-9.476390e-002
1.196585e+004,-9.997031e-003
1.196633e+004,7.104702e-002
1.196681e+004,1.422377e-001
1.196730e+004,1.986951e-001
1.196778e+004,2.368486e-001
1.196826e+004,2.539874e-001
1.196874e+004,2.479172e-001
1.196923e+004,2.173432e-001
1.196971e+004,1.631048e-001
1.197019e+004,8.967893e-002
1.197067e+004,5.897703e-003
1.197115e+004,-7.602106e-002
1.197164e+004,-1.432592e-001
1.197212e+004,-1.860996e-001
1.197260e+004,-2.017725e-001
1.197308e+004,-1.940302e-001
1.197356e+004,-1.705607e-001
1.197405e+004,-1.400521e-001
1.197453e+004,-1.082800e-001
1.197501e+004,-7.611446e-002
1.197549e+004,-4.060838e-002
1.197597e+004,1.290306e-003
1.197646e+004,4.839455e-002
1.197694e+004,9.288251e-002
1.197742e+004,1.217099e-001
1.197790e+004,1.218748e-001
1.197839e+004,8.747339e-002
1.197887e+004,2.517388e-002
1.197935e+004,-4.497961e-002
1.197983e+004,-9.459777e-002
1.198031e+004,-9.630734e-002
1.198080e+004,-3.381961e-002
1.198128e+004,9.144100e-002
1.198176e+004,2.599790e-001
1.198224e+004,4.403782e-001
1.198272e+004,5.994904e-001
1.198321e+004,7.125734e-001
1.198369e+004,7.695460e-001
1.198417e+004,7.754075e-001
1.198465e+004,7.454555e-001
1.198514e+004,6.979387e-001
1.198562e+004,6.474352e-001
1.198610e+004,6.013970e-001
1.198658e+004,5.605449e-001
1.198706e+004,5.219446e-001
1.198755e+004,4.825571e-001
1.198803e+004,4.412226e-001
1.198851e+004,3.982485e-001
1.198899e+004,3.532826e-001
1.198947e+004,3.031572e-001
1.198996e+004,2.413779e-001
1.199044e+004,1.599871e-001
1.199092e+004,5.322422e-002
1.199140e+004,-7.861187e-002
1.199188e+004,-2.269117e-001
1.199237e+004,-3.753200e-001
1.199285e+004,-5.031852e-001
1.199333e+004,-5.908394e-001
1.199381e+004,-6.249447e-001
1.199430e+004,-6.021485e-001
1.199478e+004,-5.298962e-001
1.199526e+004,-4.242669e-001
1.199574e+004,-3.056274e-001
1.199622e+004,-1.934747e-001
1.199671e+004,-1.019275e-001
1.199719e+004,-3.703323e-002
1.199767e+004,3.454284e-003
1.199815e+004,2.780079e-002
1.199863e+004,4.620662e-002
1.199912e+004,6.625621e-002
1.199960e+004,8.957486e-002
1.200008e+004,1.111026e-001
1.200056e+004,1.214681e-001
1.200105e+004,1.116851e-001
1.200153e+004,7.833767e-002
1.200201e+004,2.704081e-002
1.200249e+004,-2.754004e-002
1.200297e+004,-6.559324e-002
1.200346e+004,-6.909197e-002
1.200394e+004,-2.846796e-002
1.200442e+004,5.189101e-002
1.200490e+004,1.533744e-001
1.200538e+004,2.476555e-001
1.200587e+004,3.047682e-001
1.200635e+004,3.020155e-001
1.200683e+004,2.307658e-001
1.200731e+004,9.910359e-002
1.200779e+004,-7.014035e-002
1.200828e+004,-2.449595e-001
1.200876e+004,-3.914251e-001
1.200924e+004,-4.806208e-001
1.200972e+004,-4.938305e-001
1.201021e+004,-4.253685e-001
1.201069e+004,-2.831143e-001
1.201117e+004,-8.705407e-002
1.201165e+004,1.339026e-001
1.201213e+004,3.466617e-001
1.201262e+004,5.198401e-001
1.201310e+004,6.298953e-001
1.201358e+004,6.660014e-001
1.201406e+004,6.320280e-001
1.201454e+004,5.446490e-001
1.201503e+004,4.278966e-001
1.201551e+004,3.059422e-001
1.201599e+004,1.966722e-001
1.201647e+004,1.083591e-001
1.201696e+004,4.040282e-002
1.201744e+004,-1.261743e-002
1.201792e+004,-5.569929e-002
1.201840e+004,-8.947337e-002
1.201888e+004,-1.092950e-001
1.201937e+004,-1.076188e-001
1.201985e+004,-7.836407e-002
1.202033e+004,-2.108333e-002
1.202081e+004,5.711705e-002
1.202129e+004,1.428602e-001
1.202178e+004,2.204137e-001
1.202226e+004,2.764736e-001
1.202274e+004,3.038103e-001
1.202322e+004,3.025094e-001
1.202371e+004,2.787594e-001
1.202419e+004,2.421393e-001
1.202467e+004,2.027098e-001
1.202515e+004,1.689002e-001
1.202563e+004,1.465310e-001
1.202612e+004,1.387300e-001
1.202660e+004,1.462613e-001
1.202708e+004,1.679308e-001
1.202756e+004,2.010428e-001
1.202804e+004,2.420774e-001
1.202853e+004,2.876501e-001
1.202901e+004,3.354896e-001
1.202949e+004,3.848805e-001
1.202997e+004,4.360864e-001
1.203046e+004,4.887543e-001
1.203094e+004,5.400248e-001
1.203142e+004,5.835375e-001
1.203190e+004,6.103783e-001
1.203238e+004,6.121724e-001
1.203287e+004,5.853413e-001
1.203335e+004,5.345888e-001
1.203383e+004,4.735647e-001
1.203431e+004,4.215797e-001
1.203479e+004,3.970294e-001
1.203528e+004,4.098753e-001
1.203576e+004,4.563993e-001
1.203624e+004,5.187457e-001
1.203672e+004,5.699108e-001
1.203721e+004,5.825984e-001
1.203769e+004,5.387185e-001
1.203817e+004,4.359373e-001
1.203865e+004,2.887750e-001
1.203913e+004,1.238870e-001
1.203962e+004,-2.850797e-002
1.204010e+004,-1.436604e-001
1.204058e+004,-2.084689e-001
1.204106e+004,-2.229827e-001
1.204154e+004,-1.974968e-001
1.204203e+004,-1.471514e-001
1.204251e+004,-8.653497e-002
1.204299e+004,-2.623085e-002
1.204347e+004,2.796243e-002
1.204396e+004,7.367415e-002
1.204444e+004,1.097646e-001
1.204492e+004,1.346439e-001
1.204540e+004,1.458883e-001
1.204588e+004,1.411071e-001
1.204637e+004,1.193826e-001
1.204685e+004,8.241321e-002
1.204733e+004,3.474574e-002
1.204781e+004,-1.706947e-002
1.204829e+004,-6.614852e-002
1.204878e+004,-1.072645e-001
1.204926e+004,-1.385456e-001
1.204974e+004,-1.622972e-001
1.205022e+004,-1.845293e-001
1.205071e+004,-2.130955e-001
1.205119e+004,-2.547930e-001
1.205167e+004,-3.122223e-001
1.205215e+004,-3.814840e-001
1.205263e+004,-4.517303e-001
1.205312e+004,-5.071279e-001
1.205360e+004,-5.309644e-001
1.205408e+004,-5.107253e-001
1.205456e+004,-4.423348e-001
1.205504e+004,-3.318373e-001
1.205553e+004,-1.936590e-001
1.205601e+004,-4.602531e-002
1.205649e+004,9.459999e-002
1.205697e+004,2.176834e-001
1.205746e+004,3.196830e-001
1.205794e+004,4.017973e-001
1.205842e+004,4.658207e-001
1.205890e+004,5.104684e-001
1.205938e+004,5.303149e-001
1.205987e+004,5.181713e-001
1.206035e+004,4.698622e-001
1.206083e+004,3.888930e-001
1.206131e+004,2.882442e-001
1.206179e+004,1.878093e-001
1.206228e+004,1.081416e-001
1.206276e+004,6.305340e-002
1.206324e+004,5.428551e-002
1.206372e+004,7.071427e-002
1.206420e+004,9.274957e-002
1.206469e+004,1.003919e-001
1.206517e+004,8.174778e-002
1.206565e+004,3.818103e-002
1.206613e+004,-1.585844e-002
1.206662e+004,-5.852069e-002
1.206710e+004,-6.907469e-002
1.206758e+004,-3.571424e-002
1.206806e+004,4.032232e-002
1.206854e+004,1.455145e-001
1.206903e+004,2.588735e-001
1.206951e+004,3.585351e-001
1.206999e+004,4.275404e-001
1.207047e+004,4.570253e-001
1.207095e+004,4.464509e-001
1.207144e+004,4.017415e-001
1.207192e+004,3.326899e-001
1.207240e+004,2.506918e-001
1.207288e+004,1.671757e-001
1.207336e+004,9.247287e-002
1.207385e+004,3.473222e-002
1.207433e+004,-1.229360e-003
1.207481e+004,-1.479940e-002
1.207529e+004,-9.601711e-003
1.207578e+004,7.679570e-003
1.207626e+004,2.951924e-002
1.207674e+004,5.006128e-002
1.207722e+004,6.685050e-002
1.207770e+004,8.092912e-002
1.207819e+004,9.517640e-002
1.207867e+004,1.117131e-001
1.207915e+004,1.297894e-001
1.207963e+004,1.454241e-001
1.208011e+004,1.531705e-001
1.208060e+004,1.492232e-001
1.208108e+004,1.342720e-001
1.208156e+004,1.145006e-001
1.208204e+004,9.994836e-002
1.208253e+004,1.007062e-001
1.208301e+004,1.225211e-001
1.208349e+004,1.637594e-001
1.208397e+004,2.151895e-001
1.208445e+004,2.628558e-001
1.208494e+004,2.929789e-001
1.208542e+004,2.969410e-001
1.208590e+004,2.744057e-001
1.208638e+004,2.334611e-001
1.208686e+004,1.879291e-001
1.208735e+004,1.530430e-001
1.208783e+004,1.411270e-001
1.208831e+004,1.586360e-001
1.208879e+004,2.051495e-001
1.208927e+004,2.740807e-001
1.208976e+004,3.543307e-001
1.209024e+004,4.321129e-001
1.209072e+004,4.926079e-001
1.209120e+004,5.216113e-001
1.209169e+004,5.075520e-001
1.209217e+004,4.439698e-001
1.209265e+004,3.319339e-001
1.209313e+004,1.813269e-001
1.209361e+004,9.892068e-003
1.209410e+004,-1.603921e-001
1.209458e+004,-3.088607e-001
1.209506e+004,-4.218079e-001
1.209554e+004,-4.960332e-001
1.209602e+004,-5.387314e-001
1.209651e+004,-5.635286e-001
1.209699e+004,-5.840405e-001
1.209747e+004,-6.073343e-001
1.209795e+004,-6.299229e-001
1.209844e+004,-6.380929e-001
1.209892e+004,-6.127469e-001
1.209940e+004,-5.370942e-001
1.209988e+004,-4.042199e-001
1.210036e+004,-2.214765e-001
1.210085e+004,-9.929154e-003
1.210133e+004,2.008727e-001
1.210181e+004,3.807372e-001
1.210229e+004,5.064363e-001
1.210277e+004,5.666331e-001
1.210326e+004,5.629076e-001
1.210374e+004,5.071335e-001
1.210422e+004,4.166458e-001
1.210470e+004,3.092164e-001
1.210518e+004,1.995958e-001
1.210567e+004,9.843758e-002
1.210615e+004,1.322861e-002
1.210663e+004,-5.006581e-002
1.210711e+004,-8.608301e-002
1.210760e+004,-9.072410e-002
1.210808e+004,-6.322295e-002
1.210856e+004,-8.538440e-003
1.210904e+004,6.140342e-002
1.210952e+004,1.287798e-001
1.211001e+004,1.735115e-001
1.211049e+004,1.785734e-001
1.211097e+004,1.351605e-001
1.211145e+004,4.568098e-002
1.211193e+004,-7.672118e-002
1.211242e+004,-2.120675e-001
1.211290e+004,-3.394504e-001
1.211338e+004,-4.428037e-001
1.211386e+004,-5.145542e-001
1.211435e+004,-5.560430e-001
1.211483e+004,-5.748260e-001
1.211531e+004,-5.800952e-001
1.211579e+004,-5.781292e-001
1.211627e+004,-5.695931e-001
1.211676e+004,-5.497237e-001
1.211724e+004,-5.112343e-001
1.211772e+004,-4.487125e-001
1.211820e+004,-3.626791e-001
1.211868e+004,-2.615494e-001
1.211917e+004,-1.604647e-001
1.211965e+004,-7.719176e-002
1.212013e+004,-2.654941e-002
1.212061e+004,-1.550301e-002
1.212109e+004,-4.078513e-002
1.212158e+004,-8.982445e-002
1.212206e+004,-1.444902e-001
1.212254e+004,-1.862410e-001
1.212302e+004,-2.009525e-001
1.212351e+004,-1.819566e-001
1.212399e+004,-1.305417e-001
1.212447e+004,-5.412878e-002
1.212495e+004,3.683002e-002
1.212543e+004,1.318442e-001
1.212592e+004,2.222131e-001
1.212640e+004,3.014065e-001
1.212688e+004,3.644853e-001
1.212736e+004,4.075109e-001
1.212784e+004,4.275812e-001
1.212833e+004,4.237377e-001
1.212881e+004,3.981580e-001
1.212929e+004,3.567600e-001
1.212977e+004,3.084308e-001
1.213026e+004,2.626803e-001
1.213074e+004,2.263528e-001
1.213122e+004,2.007534e-001
1.213170e+004,1.806774e-001
1.213218e+004,1.561789e-001
1.213267e+004,1.166653e-001
1.213315e+004,5.574807e-002
1.213363e+004,-2.519953e-002
1.213411e+004,-1.163701e-001
1.213459e+004,-2.022076e-001
1.213508e+004,-2.665747e-001
1.213556e+004,-2.984401e-001
1.213604e+004,-2.957802e-001
1.213652e+004,-2.660411e-001
1.213700e+004,-2.229810e-001
1.213749e+004,-1.813153e-001
1.213797e+004,-1.515399e-001
1.213845e+004,-1.371268e-001
1.213893e+004,-1.351141e-001
1.213942e+004,-1.395031e-001
1.213990e+004,-1.455728e-001
1.214038e+004,-1.528086e-001
1.214086e+004,-1.648585e-001
1.214134e+004,-1.864456e-001
1.214183e+004,-2.187913e-001
1.214231e+004,-2.560322e-001
1.214279e+004,-2.848560e-001
1.214327e+004,-2.881569e-001
1.214375e+004,-2.515272e-001
1.214424e+004,-1.698510e-001
1.214472e+004,-5.096556e-002
1.214520e+004,8.550511e-002
1.214568e+004,2.139652e-001
1.214617e+004,3.110870e-001
1.214665e+004,3.631161e-001
1.214713e+004,3.692030e-001
1.214761e+004,3.394685e-001
1.214809e+004,2.889159e-001
1.214858e+004,2.302065e-001
1.214906e+004,1.686996e-001
1.214954e+004,1.019227e-001
1.215002e+004,2.340957e-002
1.215050e+004,-7.125200e-002
1.215099e+004,-1.793959e-001
1.215147e+004,-2.900279e-001
1.215195e+004,-3.872444e-001
1.215243e+004,-4.567883e-001
1.215292e+004,-4.924791e-001
1.215340e+004,-4.991325e-001
1.215388e+004,-4.902229e-001
1.215436e+004,-4.811480e-001
1.215484e+004,-4.812280e-001
1.215533e+004,-4.884039e-001
1.215581e+004,-4.894477e-001
1.215629e+004,-4.659578e-001
1.215677e+004,-4.036252e-001
1.215725e+004,-3.006362e-001
1.215774e+004,-1.713367e-001
1.215822e+004,-4.282454e-002
1.215870e+004,5.371148e-002
1.215918e+004,9.431048e-002
1.215966e+004,7.109102e-002
1.216015e+004,-4.853058e-003
1.216063e+004,-1.074593e-001
1.216111e+004,-2.046574e-001
1.216159e+004,-2.685327e-001
1.216208e+004,-2.829093e-001
1.216256e+004,-2.460538e-001
1.216304e+004,-1.684205e-001
1.216352e+004,-6.727513e-002
1.216400e+004,3.913382e-002
1.216449e+004,1.356863e-001
1.216497e+004,2.119979e-001
1.216545e+004,2.621395e-001
1.216593e+004,2.837671e-001
1.216641e+004,2.776735e-001
1.216690e+004,2.478940e-001
1.216738e+004,2.016755e-001
1.216786e+004,1.484769e-001
1.216834e+004,9.775054e-002
1.216883e+004,5.623567e-002
1.216931e+004,2.611859e-002
1.216979e+004,5.259121e-003
1.217027e+004,-1.030178e-002
1.217075e+004,-2.265206e-002
1.217124e+004,-2.911983e-002
1.217172e+004,-2.204580e-002
1.217220e+004,8.150069e-003
1.217268e+004,6.771760e-002
1.217316e+004,1.546417e-001
1.217365e+004,2.567411e-001
1.217413e+004,3.543598e-001
1.217461e+004,4.270843e-001
1.217509e+004,4.618416e-001
1.217557e+004,4.587510e-001
1.217606e+004,4.318470e-001
1.217654e+004,4.039704e-001
1.217702e+004,3.977281e-001
1.217750e+004,4.262562e-001
1.217799e+004,4.876697e-001
1.217847e+004,5.654884e-001
1.217895e+004,6.346829e-001
1.217943e+004,6.706272e-001
1.217991e+004,6.572235e-001
1.218040e+004,5.912133e-001
1.218088e+004,4.815696e-001
1.218136e+004,3.449183e-001
1.218184e+004,1.992839e-001
1.218232e+004,5.869692e-002
1.218281e+004,-6.959845e-002
1.218329e+004,-1.849224e-001
1.218377e+004,-2.907461e-001
1.218425e+004,-3.914781e-001
1.218474e+004,-4.896668e-001
1.218522e+004,-5.842357e-001
1.218570e+004,-6.698279e-001
1.218618e+004,-7.371752e-001
1.218666e+004,-7.745139e-001
1.218715e+004,-7.701932e-001
1.218763e+004,-7.163534e-001
1.218811e+004,-6.129698e-001
1.218859e+004,-4.707570e-001
1.218907e+004,-3.116382e-001
1.218956e+004,-1.648202e-001
1.219004e+004,-5.958285e-002
1.219052e+004,-1.649765e-002
1.219100e+004,-4.034704e-002
1.219148e+004,-1.177370e-001
1.219197e+004,-2.207688e-001
1.219245e+004,-3.157923e-001
1.219293e+004,-3.742002e-001
1.219341e+004,-3.813037e-001
1.219390e+004,-3.399946e-001
1.219438e+004,-2.679613e-001
1.219486e+004,-1.898909e-001
1.219534e+004,-1.280628e-001
1.219582e+004,-9.511679e-002
1.219631e+004,-9.141595e-002
1.219679e+004,-1.072182e-001
1.219727e+004,-1.279405e-001
1.219775e+004,-1.399475e-001
1.219823e+004,-1.346627e-001
1.219872e+004,-1.100093e-001
1.219920e+004,-6.951833e-002
1.219968e+004,-2.028002e-002
1.220016e+004,2.910212e-002
1.220065e+004,7.002836e-002
1.220113e+004,9.509899e-002
1.220161e+004,9.946376e-002
1.220209e+004,8.243494e-002
1.220257e+004,4.876709e-002
1.220306e+004,8.553239e-003
1.220354e+004,-2.505139e-002
1.220402e+004,-4.007681e-002
1.220450e+004,-3.052529e-002
1.220498e+004,4.594293e-004
1.220547e+004,4.086481e-002
1.220595e+004,7.399932e-002
1.220643e+004,8.526893e-002
1.220691e+004,6.885529e-002
1.220739e+004,3.133914e-002
1.220788e+004,-9.658466e-003
1.220836e+004,-3.177216e-002
1.220884e+004,-1.690151e-002
1.220932e+004,4.071014e-002
1.220981e+004,1.308411e-001
1.221029e+004,2.297980e-001
1.221077e+004,3.081226e-001
1.221125e+004,3.404229e-001
1.221173e+004,3.136270e-001
1.221222e+004,2.308882e-001
1.221270e+004,1.101589e-001
1.221318e+004,-2.167634e-002
1.221366e+004,-1.369024e-001
1.221414e+004,-2.146204e-001
1.221463e+004,-2.457068e-001
1.221511e+004,-2.340024e-001
1.221559e+004,-1.939512e-001
1.221607e+004,-1.458388e-001
1.221656e+004,-1.101061e-001
1.221704e+004,-1.020995e-001
1.221752e+004,-1.283445e-001
1.221800e+004,-1.851266e-001
1.221848e+004,-2.597538e-001
1.221897e+004,-3.342922e-001
1.221945e+004,-3.908077e-001
1.221993e+004,-4.168530e-001
1.222041e+004,-4.089757e-001
1.222089e+004,-3.736086e-001
1.222138e+004,-3.245402e-001
1.222186e+004,-2.778395e-001
1.222234e+004,-2.460367e-001
1.222282e+004,-2.337675e-001
1.222330e+004,-2.365295e-001
1.222379e+004,-2.428963e-001
1.222427e+004,-2.390916e-001
1.222475e+004,-2.139445e-001
1.222523e+004,-1.623133e-001
1.222572e+004,-8.595108e-002
1.222620e+004,7.987097e-003
1.222668e+004,1.096350e-001
1.222716e+004,2.088696e-001
1.222764e+004,2.965831e-001
1.222813e+004,3.647389e-001
1.222861e+004,4.059763e-001
1.222909e+004,4.137547e-001
1.222957e+004,3.835843e-001
1.223005e+004,3.150132e-001
1.223054e+004,2.133458e-001
1.223102e+004,8.991739e-002
1.223150e+004,-3.961336e-002
1.223198e+004,-1.585130e-001
1.223246e+004,-2.525254e-001
1.223295e+004,-3.123922e-001
1.223343e+004,-3.345844e-001
1.223391e+004,-3.203951e-001
1.223439e+004,-2.742552e-001
1.223488e+004,-2.023198e-001
1.223536e+004,-1.119467e-001
1.223584e+004,-1.193891e-002
1.223632e+004,8.722667e-002
1.223680e+004,1.740945e-001
1.223729e+004,2.382447e-001
1.223777e+004,2.731533e-001
1.223825e+004,2.786851e-001
1.223873e+004,2.618604e-001
1.223921e+004,2.351390e-001
1.223970e+004,2.125508e-001
1.224018e+004,2.051042e-001
1.224066e+004,2.173493e-001
1.224114e+004,2.465339e-001
1.224163e+004,2.846136e-001
1.224211e+004,3.220990e-001
1.224259e+004,3.519562e-001
1.224307e+004,3.718970e-001
1.224355e+004,3.842227e-001
1.224404e+004,3.935667e-001
1.224452e+004,4.037903e-001
1.224500e+004,4.156079e-001
1.224548e+004,4.260385e-001
1.224596e+004,4.298548e-001
1.224645e+004,4.222414e-001
1.224693e+004,4.013843e-001
1.224741e+004,3.698409e-001
1.224789e+004,3.341706e-001
1.224838e+004,3.030723e-001
1.224886e+004,2.848122e-001
1.224934e+004,2.848639e-001
1.224982e+004,3.044218e-001
1.225030e+004,3.399971e-001
1.225079e+004,3.840663e-001
1.225127e+004,4.263633e-001
1.225175e+004,4.557052e-001
1.225223e+004,4.620880e-001
1.225271e+004,4.388216e-001
1.225320e+004,3.842765e-001
1.225368e+004,3.026959e-001
1.225416e+004,2.036089e-001
1.225464e+004,9.977818e-002
1.225513e+004,4.166840e-003
1.225561e+004,-7.313848e-002
1.225609e+004,-1.270597e-001
1.225657e+004,-1.580794e-001
1.225705e+004,-1.712028e-001
1.225754e+004,-1.738756e-001
1.225802e+004,-1.736878e-001
1.225850e+004,-1.765852e-001
1.225898e+004,-1.859387e-001
1.225946e+004,-2.023782e-001
1.225995e+004,-2.240352e-001
1.226043e+004,-2.468828e-001
1.226091e+004,-2.651238e-001
1.226139e+004,-2.718518e-001
1.226188e+004,-2.602427e-001
1.226236e+004,-2.252696e-001
1.226284e+004,-1.655355e-001
1.226332e+004,-8.454445e-002
1.226380e+004,9.247042e-003
1.226429e+004,1.038727e-001
1.226477e+004,1.865050e-001
1.226525e+004,2.464635e-001
1.226573e+004,2.774796e-001
1.226621e+004,2.783529e-001
1.226670e+004,2.518617e-001
1.226718e+004,2.026777e-001
1.226766e+004,1.355141e-001
1.226814e+004,5.451491e-002
1.226863e+004,-3.594184e-002
1.226911e+004,-1.297432e-001
1.226959e+004,-2.180288e-001
1.227007e+004,-2.896460e-001
1.227055e+004,-3.332771e-001
1.227104e+004,-3.405061e-001
1.227152e+004,-3.085122e-001
1.227200e+004,-2.411920e-001
1.227248e+004,-1.482435e-001
1.227296e+004,-4.267522e-002
1.227345e+004,6.219654e-002
1.227393e+004,1.551705e-001
1.227441e+004,2.284031e-001
1.227489e+004,2.775845e-001
1.227538e+004,3.016659e-001
1.227586e+004,3.027983e-001
1.227634e+004,2.866489e-001
1.227682e+004,2.626098e-001
1.227730e+004,2.430061e-001
1.227779e+004,2.406489e-001
1.227827e+004,2.649428e-001
1.227875e+004,3.178788e-001
1.227923e+004,3.918466e-001
1.227971e+004,4.707896e-001
1.228020e+004,5.348268e-001
1.228068e+004,5.668715e-001
1.228116e+004,5.586977e-001
1.228164e+004,5.143732e-001
1.228213e+004,4.490191e-001
1.228261e+004,3.837495e-001
1.228309e+004,3.383933e-001
1.228357e+004,3.249174e-001
1.228405e+004,3.441011e-001
1.228454e+004,3.865442e-001
1.228502e+004,4.372110e-001
1.228550e+004,4.813533e-001
1.228598e+004,5.093748e-001
1.228646e+004,5.189451e-001
1.228695e+004,5.140042e-001
1.228743e+004,5.016524e-001
1.228791e+004,4.886394e-001
1.228839e+004,4.790035e-001
1.228887e+004,4.735236e-001
1.228936e+004,4.706327e-001
1.228984e+004,4.678628e-001
1.229032e+004,4.629605e-001
1.229080e+004,4.543279e-001
1.229129e+004,4.410369e-001
1.229177e+004,4.228992e-001
1.229225e+004,4.008888e-001
1.229273e+004,3.777005e-001
1.229321e+004,3.578591e-001
1.229370e+004,3.468109e-001
1.229418e+004,3.489623e-001
1.229466e+004,3.653337e-001
1.229514e+004,3.920254e-001
1.229562e+004,4.205835e-001
1.229611e+004,4.405834e-001
1.229659e+004,4.436067e-001
1.229707e+004,4.269178e-001
1.229755e+004,3.950599e-001
1.229804e+004,3.584197e-001
1.229852e+004,3.291408e-001
1.229900e+004,3.160484e-001
1.229948e+004,3.207706e-001
1.229996e+004,3.368354e-001
1.230045e+004,3.522157e-001
1.230093e+004,3.542633e-001
1.230141e+004,3.348828e-001
1.230189e+004,2.937390e-001
1.230237e+004,2.382637e-001
1.230286e+004,1.807422e-001
1.230334e+004,1.340176e-001
1.230382e+004,1.077465e-001
1.230430e+004,1.065677e-001
1.230478e+004,1.304183e-001
1.230527e+004,1.761555e-001
1.230575e+004,2.391721e-001
1.230623e+004,3.139717e-001
1.230671e+004,3.935524e-001
1.230720e+004,4.683981e-001
1.230768e+004,5.263865e-001
1.230816e+004,5.545965e-001
1.230864e+004,5.429850e-001
1.230912e+004,4.887075e-001
1.230961e+004,3.991553e-001
1.231009e+004,2.919843e-001
1.231057e+004,1.915229e-001
1.231105e+004,1.224547e-001
1.231153e+004,1.028698e-001
1.231202e+004,1.391192e-001
1.231250e+004,2.242598e-001
1.231298e+004,3.404112e-001
1.231346e+004,4.640550e-001
1.231395e+004,5.722359e-001
1.231443e+004,6.475230e-001
1.231491e+004,6.802632e-001
1.231539e+004,6.678942e-001
1.231587e+004,6.123516e-001
1.231636e+004,5.173029e-001
1.231684e+004,3.867812e-001
1.231732e+004,2.258920e-001
1.231780e+004,4.304871e-002
1.231828e+004,-1.476781e-001
1.231877e+004,-3.257580e-001
1.231925e+004,-4.660583e-001
1.231973e+004,-5.434039e-001
1.232021e+004,-5.386879e-001
1.232069e+004,-4.445686e-001
1.232118e+004,-2.687166e-001
1.232166e+004,-3.331360e-002
1.232214e+004,2.292594e-001
1.232262e+004,4.833733e-001
1.232311e+004,6.977649e-001
1.232359e+004,8.516942e-001
1.232407e+004,9.380305e-001
1.232455e+004,9.626201e-001
1.232503e+004,9.404237e-001
1.232552e+004,8.898621e-001
1.232600e+004,8.272135e-001
1.232648e+004,7.626932e-001
1.232696e+004,6.991283e-001
1.232744e+004,6.332315e-001
1.232793e+004,5.586983e-001
1.232841e+004,4.698743e-001
1.232889e+004,3.647370e-001
1.232937e+004,2.463126e-001
1.232985e+004,1.223254e-001
1.233034e+004,3.491724e-003
1.233082e+004,-9.877739e-002
1.233130e+004,-1.745364e-001
1.233178e+004,-2.168627e-001
1.233227e+004,-2.226585e-001
1.233275e+004,-1.927668e-001
1.233323e+004,-1.315679e-001
1.233371e+004,-4.624226e-002
1.233419e+004,5.414981e-002
1.233468e+004,1.596809e-001
1.233516e+004,2.606336e-001
1.233564e+004,3.486370e-001
1.233612e+004,4.177920e-001
1.233660e+004,4.655947e-001
1.233709e+004,4.933402e-001
1.233757e+004,5.057051e-001
1.233805e+004,5.094134e-001
1.233853e+004,5.112515e-001
1.233902e+004,5.160265e-001
1.233950e+004,5.251576e-001
1.233998e+004,5.364000e-001
1.234046e+004,5.448115e-001
1.234094e+004,5.446422e-001
1.234143e+004,5.315195e-001
1.234191e+004,5.041843e-001
1.234239e+004,4.651769e-001
1.234287e+004,4.202101e-001
1.234335e+004,3.765687e-001
1.234384e+004,3.408816e-001
1.234432e+004,3.173482e-001
1.234480e+004,3.068399e-001
1.234528e+004,3.071483e-001
1.234576e+004,3.141317e-001
1.234625e+004,3.231776e-001
1.234673e+004,3.303178e-001
1.234721e+004,3.325586e-001
1.234769e+004,3.274211e-001
1.234818e+004,3.121100e-001
1.234866e+004,2.829634e-001
1.234914e+004,2.357609e-001
1.234962e+004,1.670793e-001
1.235010e+004,7.635455e-002
1.235059e+004,-3.214738e-002
1.235107e+004,-1.484023e-001
1.235155e+004,-2.574312e-001
1.235203e+004,-3.419331e-001
1.235251e+004,-3.861352e-001
1.235300e+004,-3.797351e-001
1.235348e+004,-3.206986e-001
1.235396e+004,-2.160783e-001
1.235444e+004,-8.067878e-002
1.235493e+004,6.590907e-002
1.235541e+004,2.029998e-001
1.235589e+004,3.123204e-001
1.235637e+004,3.806945e-001
1.235685e+004,4.016357e-001
1.235734e+004,3.758453e-001
1.235782e+004,3.107391e-001
1.235830e+004,2.191227e-001
1.235878e+004,1.171229e-001
1.235926e+004,2.152820e-002
1.235975e+004,-5.316546e-002
1.236023e+004,-9.750210e-002
1.236071e+004,-1.089774e-001
1.236119e+004,-9.251051e-002
1.236167e+004,-5.916011e-002
1.236216e+004,-2.326690e-002
1.236264e+004,1.250923e-003
1.236312e+004,4.374648e-003
1.236360e+004,-1.776703e-002
1.236409e+004,-6.239552e-002
1.236457e+004,-1.211568e-001
1.236505e+004,-1.820800e-001
1.236553e+004,-2.316099e-001
1.236601e+004,-2.561958e-001
1.236650e+004,-2.434313e-001
1.236698e+004,-1.831365e-001
1.236746e+004,-6.882408e-002
1.236794e+004,1.003545e-001
1.236842e+004,3.176445e-001
1.236891e+004,5.676107e-001
1.236939e+004,8.268940e-001
1.236987e+004,1.067300e+000
1.237035e+004,1.260926e+000
1.237084e+004,1.386148e+000
1.237132e+004,1.432660e+000
1.237180e+004,1.403705e+000
1.237228e+004,1.314522e+000
1.237276e+004,1.187374e+000
1.237325e+004,1.045009e+000
1.237373e+004,9.048876e-001
1.237421e+004,7.766405e-001
1.237469e+004,6.622079e-001
1.237517e+004,5.589710e-001
1.237566e+004,4.636569e-001
1.237614e+004,3.753038e-001
1.237662e+004,2.961307e-001
1.237710e+004,2.302491e-001
1.237758e+004,1.812231e-001
1.237807e+004,1.499999e-001
1.237855e+004,1.344149e-001
1.237903e+004,1.305399e-001
1.237951e+004,1.350985e-001
1.238000e+004,1.476095e-001
1.238048e+004,1.710512e-001
1.238096e+004,2.105697e-001
1.238144e+004,2.706502e-001
1.238192e+004,3.519027e-001
1.238241e+004,4.488098e-001
1.238289e+004,5.494646e-001
1.238337e+004,6.375642e-001
1.238385e+004,6.960995e-001
1.238433e+004,7.115793e-001
1.238482e+004,6.775472e-001
1.238530e+004,5.964879e-001
1.238578e+004,4.797517e-001
1.238626e+004,3.455707e-001
1.238675e+004,2.155216e-001
1.238723e+004,1.100121e-001
1.238771e+004,4.365579e-002
1.238819e+004,2.167504e-002
1.238867e+004,3.850723e-002
1.238916e+004,7.935788e-002
1.238964e+004,1.245593e-001
1.239012e+004,1.555505e-001
1.239060e+004,1.605331e-001
1.239108e+004,1.377361e-001
1.239157e+004,9.493180e-002
1.239205e+004,4.522500e-002
1.239253e+004,7.341844e-004
1.239301e+004,-3.319708e-002
1.239350e+004,-6.070361e-002
1.239398e+004,-9.373191e-002
1.239446e+004,-1.465817e-001
1.239494e+004,-2.289118e-001
1.239542e+004,-3.402212e-001
1.239591e+004,-4.683298e-001
1.239639e+004,-5.927244e-001
1.239687e+004,-6.914639e-001
1.239735e+004,-7.486785e-001
1.239783e+004,-7.594265e-001
1.239832e+004,-7.300346e-001
1.239880e+004,-6.742058e-001
1.239928e+004,-6.071034e-001
1.239976e+004,-5.402851e-001
1.240025e+004,-4.796237e-001
1.240073e+004,-4.266104e-001
1.240121e+004,-3.816418e-001
1.240169e+004,-3.469363e-001
1.240217e+004,-3.271149e-001
1.240266e+004,-3.269501e-001
1.240314e+004,-3.475620e-001
1.240362e+004,-3.833988e-001
1.240410e+004,-4.221022e-001
1.240458e+004,-4.478405e-001
1.240507e+004,-4.469270e-001
1.240555e+004,-4.129367e-001
1.240603e+004,-3.489002e-001
1.240651e+004,-2.653486e-001
1.240699e+004,-1.750843e-001
1.240748e+004,-8.716268e-002
1.240796e+004,-3.030373e-003
1.240844e+004,8.329574e-002
1.240892e+004,1.811626e-001
1.240941e+004,2.974801e-001
1.240989e+004,4.321528e-001
1.241037e+004,5.769233e-001
1.241085e+004,7.179343e-001
1.241133e+004,8.404096e-001
1.241182e+004,9.329262e-001
1.241230e+004,9.891729e-001
1.241278e+004,1.006610e+000
1.241326e+004,9.832894e-001
1.241374e+004,9.152539e-001
1.241423e+004,7.966833e-001
1.241471e+004,6.233854e-001
1.241519e+004,3.980923e-001
1.241567e+004,1.347222e-001
1.241615e+004,-1.411110e-001
1.241664e+004,-3.964265e-001
1.241712e+004,-5.988995e-001
1.241760e+004,-7.256652e-001
1.241808e+004,-7.694450e-001
1.241857e+004,-7.395452e-001
1.241905e+004,-6.573970e-001
1.241953e+004,-5.486451e-001
1.242001e+004,-4.351788e-001
1.242049e+004,-3.302388e-001
1.242098e+004,-2.380012e-001
1.242146e+004,-1.567910e-001
1.242194e+004,-8.352192e-002
1.242242e+004,-1.678199e-002
1.242290e+004,4.281616e-002
1.242339e+004,9.459321e-002
1.242387e+004,1.402346e-001
1.242435e+004,1.846287e-001
1.242483e+004,2.340877e-001
1.242532e+004,2.926085e-001
1.242580e+004,3.581794e-001
1.242628e+004,4.214019e-001
1.242676e+004,4.677089e-001
1.242724e+004,4.826837e-001
1.242773e+004,4.583037e-001
1.242821e+004,3.972518e-001
1.242869e+004,3.131119e-001
1.242917e+004,2.260277e-001
1.242965e+004,1.553954e-001
1.243014e+004,1.124888e-001
1.243062e+004,9.601705e-002
1.243110e+004,9.245985e-002
1.243158e+004,8.106653e-002
1.243206e+004,4.155134e-002
1.243255e+004,-3.840789e-002
1.243303e+004,-1.583935e-001
1.243351e+004,-3.044583e-001
1.243399e+004,-4.521854e-001
1.243448e+004,-5.724774e-001
1.243496e+004,-6.385122e-001
1.243544e+004,-6.319378e-001
1.243592e+004,-5.483354e-001
1.243640e+004,-3.981708e-001
1.243689e+004,-2.053516e-001
1.243737e+004,-2.656383e-003
1.243785e+004,1.748226e-001
1.243833e+004,2.968855e-001
1.243881e+004,3.445580e-001
1.243930e+004,3.140710e-001
1.243978e+004,2.173630e-001
1.244026e+004,7.878318e-002
1.244074e+004,-7.120439e-002
1.244123e+004,-2.034847e-001
1.244171e+004,-2.966543e-001
1.244219e+004,-3.404281e-001
1.244267e+004,-3.353713e-001
1.244315e+004,-2.896161e-001
1.244364e+004,-2.142772e-001
1.244412e+004,-1.195770e-001
1.244460e+004,-1.313739e-002
1.244508e+004,9.925444e-002
1.244556e+004,2.112753e-001
1.244605e+004,3.136472e-001
1.244653e+004,3.931940e-001
1.244701e+004,4.342105e-001
1.244749e+004,4.219601e-001
1.244797e+004,3.471666e-001
1.244846e+004,2.098689e-001
1.244894e+004,2.120075e-002
1.244942e+004,-1.975649e-001
1.244990e+004,-4.183977e-001
1.245039e+004,-6.113173e-001
1.245087e+004,-7.494380e-001
1.245135e+004,-8.132938e-001
1.245183e+004,-7.938482e-001
1.245231e+004,-6.939178e-001
1.245280e+004,-5.278878e-001
1.245328e+004,-3.197381e-001
1.245376e+004,-9.949041e-002
1.245424e+004,1.015753e-001
1.245472e+004,2.563355e-001
1.245521e+004,3.469695e-001
1.245569e+004,3.687283e-001
1.245617e+004,3.312077e-001
1.245665e+004,2.563424e-001
1.245714e+004,1.730787e-001
1.245762e+004,1.097176e-001
1.245810e+004,8.593946e-002
1.245858e+004,1.070268e-001
1.245906e+004,1.624370e-001
1.245955e+004,2.295780e-001
1.246003e+004,2.818293e-001
1.246051e+004,2.981931e-001
1.246099e+004,2.711749e-001
1.246147e+004,2.098997e-001
1.246196e+004,1.370840e-001
1.246244e+004,8.076268e-002
1.246292e+004,6.381263e-002
1.246340e+004,9.536204e-002
1.246388e+004,1.675618e-001
1.246437e+004,2.590490e-001
1.246485e+004,3.436540e-001
1.246533e+004,4.007028e-001
1.246581e+004,4.226140e-001
1.246630e+004,4.169592e-001
1.246678e+004,4.009395e-001
1.246726e+004,3.931383e-001
1.246774e+004,4.044188e-001
1.246822e+004,4.330703e-001
1.246871e+004,4.663300e-001
1.246919e+004,4.875540e-001
1.246967e+004,4.856246e-001
1.247015e+004,4.620529e-001
1.247063e+004,4.322126e-001
1.247112e+004,4.197981e-001
1.247160e+004,4.467641e-001
1.247208e+004,5.231338e-001
1.247256e+004,6.411874e-001
1.247305e+004,7.765977e-001
1.247353e+004,8.960606e-001
1.247401e+004,9.683136e-001
1.247449e+004,9.742166e-001
1.247497e+004,9.122372e-001
1.247546e+004,7.977303e-001
1.247594e+004,6.568553e-001
1.247642e+004,5.178968e-001
1.247690e+004,4.032781e-001
1.247738e+004,3.248508e-001
1.247787e+004,2.833451e-001
1.247835e+004,2.712029e-001
1.247883e+004,2.769117e-001
1.247931e+004,2.889071e-001
1.247979e+004,2.978706e-001
1.248028e+004,2.973523e-001
1.248076e+004,2.834298e-001
1.248124e+004,2.542895e-001
1.248172e+004,2.102049e-001
1.248221e+004,1.537801e-001
1.248269e+004,8.992416e-002
1.248317e+004,2.505615e-002
1.248365e+004,-3.455579e-002
1.248413e+004,-8.485551e-002
1.248462e+004,-1.256417e-001
1.248510e+004,-1.609943e-001
1.248558e+004,-1.980956e-001
1.248606e+004,-2.446670e-001
1.248654e+004,-3.057815e-001
1.248703e+004,-3.811076e-001
1.248751e+004,-4.635909e-001
1.248799e+004,-5.402166e-001
1.248847e+004,-5.949253e-001
1.248896e+004,-6.130947e-001
1.248944e+004,-5.864167e-001
1.248992e+004,-5.166916e-001
1.249040e+004,-4.171469e-001
1.249088e+004,-3.104587e-001
1.249137e+004,-2.235888e-001
1.249185e+004,-1.806438e-001
1.249233e+004,-1.958154e-001
1.249281e+004,-2.687471e-001
1.249329e+004,-3.841106e-001
1.249378e+004,-5.158365e-001
1.249426e+004,-6.347257e-001
1.249474e+004,-7.168204e-001
1.249522e+004,-7.495690e-001
1.249571e+004,-7.337262e-001
1.249619e+004,-6.806857e-001
1.249667e+004,-6.067428e-001
1.249715e+004,-5.268067e-001
1.249763e+004,-4.501863e-001
1.249812e+004,-3.796260e-001
1.249860e+004,-3.135021e-001
1.249908e+004,-2.494557e-001
1.249956e+004,-1.873891e-001
1.250004e+004,-1.303222e-001
