4.999633e+003,1.846221e-002
5.000115e+003,-6.868786e-003
5.000597e+003,-2.845084e-002
5.001079e+003,-4.490773e-002
5.001562e+003,-5.559445e-002
5.002043e+003,-6.042406e-002
5.002525e+003,-5.976206e-002
5.003008e+003,-5.444999e-002
5.003490e+003,-4.590559e-002
5.003972e+003,-3.616125e-002
5.004454e+003,-2.770163e-002
5.004936e+003,-2.304487e-002
5.005418e+003,-2.414304e-002
5.005900e+003,-3.179190e-002
5.006382e+003,-4.527578e-002
5.006865e+003,-6.241467e-002
5.007347e+003,-8.004431e-002
5.007829e+003,-9.480614e-002
5.008311e+003,-1.040112e-001
5.008793e+003,-1.063159e-001
5.009275e+003,-1.020127e-001
5.009757e+003,-9.286233e-002
5.010240e+003,-8.153615e-002
5.010722e+003,-7.083766e-002
5.011204e+003,-6.292206e-002
5.011686e+003,-5.871762e-002
5.012168e+003,-5.769331e-002
5.012650e+003,-5.802941e-002
5.013132e+003,-5.715230e-002
5.013614e+003,-5.250675e-002
5.014097e+003,-4.237057e-002
5.014579e+003,-2.648848e-002
5.015061e+003,-6.323059e-003
5.015543e+003,1.519312e-002
5.016025e+003,3.438103e-002
5.016507e+003,4.783326e-002
5.016989e+003,5.342282e-002
5.017471e+003,5.096662e-002
5.017954e+003,4.229480e-002
5.018436e+003,3.066711e-002
5.018918e+003,1.970989e-002
5.019400e+003,1.223517e-002
5.019882e+003,9.366802e-003
5.020364e+003,1.029794e-002
5.020846e+003,1.277106e-002
5.021329e+003,1.409116e-002
5.021811e+003,1.227132e-002
5.022292e+003,6.855851e-003
5.022775e+003,-9.045356e-004
5.023257e+003,-8.585921e-003
5.023739e+003,-1.360133e-002
5.024221e+003,-1.426125e-002
5.024703e+003,-1.044211e-002
5.025186e+003,-3.591043e-003
5.025667e+003,3.923193e-003
5.026150e+003,9.833887e-003
5.026632e+003,1.294470e-002
5.027114e+003,1.364365e-002
5.027596e+003,1.375404e-002
5.028078e+003,1.578372e-002
5.028560e+003,2.186834e-002
5.029042e+003,3.281243e-002
5.029524e+003,4.757870e-002
5.030007e+003,6.340607e-002
5.030489e+003,7.649820e-002
5.030971e+003,8.308386e-002
5.031453e+003,8.051617e-002
5.031935e+003,6.811082e-002
5.032417e+003,4.750230e-002
5.032899e+003,2.242409e-002
5.033381e+003,-2.049325e-003
5.033864e+003,-2.064397e-002
5.034346e+003,-2.916556e-002
5.034828e+003,-2.561145e-002
5.035310e+003,-1.080619e-002
5.035792e+003,1.167029e-002
5.036274e+003,3.632345e-002
5.036756e+003,5.718232e-002
5.037239e+003,6.944323e-002
5.037721e+003,7.081093e-002
5.038203e+003,6.208547e-002
5.038685e+003,4.677380e-002
5.039167e+003,2.984228e-002
5.039649e+003,1.604163e-002
5.040131e+003,8.401314e-003
5.040613e+003,7.426234e-003
5.041096e+003,1.125001e-002
5.041578e+003,1.661848e-002
5.042060e+003,2.025632e-002
5.042542e+003,2.004906e-002
5.043024e+003,1.560495e-002
5.043506e+003,8.072958e-003
5.043988e+003,-5.662672e-004
5.044470e+003,-8.318231e-003
5.044953e+003,-1.370859e-002
5.045435e+003,-1.586175e-002
5.045917e+003,-1.423825e-002
5.046399e+003,-8.337762e-003
5.046881e+003,2.329192e-003
5.047363e+003,1.789278e-002
5.047845e+003,3.756641e-002
5.048327e+003,5.924450e-002
5.048810e+003,7.961491e-002
5.049292e+003,9.492268e-002
5.049774e+003,1.021864e-001
5.050256e+003,1.003918e-001
5.050738e+003,9.112006e-002
5.051220e+003,7.826468e-002
5.051702e+003,6.686466e-002
5.052185e+003,6.146672e-002
5.052667e+003,6.463710e-002
5.053148e+003,7.618042e-002
5.053631e+003,9.332147e-002
5.054113e+003,1.117109e-001
5.054595e+003,1.268111e-001
5.055077e+003,1.351306e-001
5.055559e+003,1.349243e-001
5.056042e+003,1.262627e-001
5.056523e+003,1.106464e-001
5.057006e+003,9.047312e-002
5.057488e+003,6.860460e-002
5.057970e+003,4.810829e-002
5.058452e+003,3.206556e-002
5.058934e+003,2.327536e-002
5.059416e+003,2.376104e-002
5.059898e+003,3.416246e-002
5.060380e+003,5.325221e-002
5.060863e+003,7.785056e-002
5.061345e+003,1.033042e-001
5.061827e+003,1.244578e-001
5.062309e+003,1.368538e-001
5.062791e+003,1.377880e-001
5.063273e+003,1.269056e-001
5.063755e+003,1.061998e-001
5.064237e+003,7.947845e-002
5.064720e+003,5.150327e-002
5.065202e+003,2.704280e-002
5.065684e+003,1.002370e-002
5.066166e+003,2.884354e-003
5.066648e+003,6.179739e-003
5.067130e+003,1.847891e-002
5.067612e+003,3.660861e-002
5.068095e+003,5.627639e-002
5.068577e+003,7.302060e-002
5.069059e+003,8.329932e-002
5.069541e+003,8.540855e-002
5.070023e+003,7.990049e-002
5.070505e+003,6.929941e-002
5.070987e+003,5.716623e-002
5.071469e+003,4.683587e-002
5.071952e+003,4.031319e-002
5.072434e+003,3.776766e-002
5.072916e+003,3.781693e-002
5.073398e+003,3.844165e-002
5.073880e+003,3.809288e-002
5.074362e+003,3.647384e-002
5.074844e+003,3.464366e-002
5.075326e+003,3.441934e-002
5.075809e+003,3.738500e-002
5.076291e+003,4.399259e-002
5.076773e+003,5.317685e-002
5.077255e+003,6.264646e-002
5.077737e+003,6.968888e-002
5.078219e+003,7.210008e-002
5.078701e+003,6.882835e-002
5.079184e+003,6.010190e-002
5.079666e+003,4.708299e-002
5.080147e+003,3.130689e-002
5.080630e+003,1.421554e-002
5.081112e+003,-3.022587e-003
5.081594e+003,-1.942056e-002
5.082076e+003,-3.398462e-002
5.082558e+003,-4.563785e-002
5.083041e+003,-5.335481e-002
5.083522e+003,-5.643655e-002
5.084004e+003,-5.473522e-002
5.084487e+003,-4.865082e-002
5.084969e+003,-3.886414e-002
5.085451e+003,-2.595407e-002
5.085933e+003,-1.015758e-002
5.086415e+003,8.514951e-003
5.086897e+003,2.978980e-002
5.087379e+003,5.248827e-002
5.087862e+003,7.410937e-002
5.088344e+003,9.097365e-002
5.088826e+003,9.903223e-002
5.089308e+003,9.512103e-002
5.089790e+003,7.818554e-002
5.090272e+003,4.995108e-002
5.090754e+003,1.470629e-002
5.091236e+003,-2.177390e-002
5.091719e+003,-5.376448e-002
5.092201e+003,-7.710799e-002
5.092683e+003,-8.997744e-002
5.093165e+003,-9.287132e-002
5.093647e+003,-8.784912e-002
5.094129e+003,-7.743002e-002
5.094611e+003,-6.364309e-002
5.095093e+003,-4.758631e-002
5.095576e+003,-2.958724e-002
5.096058e+003,-9.781183e-003
5.096540e+003,1.123630e-002
5.097022e+003,3.201965e-002
5.097504e+003,5.033371e-002
5.097986e+003,6.364638e-002
5.098468e+003,6.986489e-002
5.098951e+003,6.804870e-002
5.099433e+003,5.885279e-002
5.099915e+003,4.454394e-002
5.100397e+003,2.855620e-002
5.100879e+003,1.467303e-002
5.101361e+003,6.032271e-003
5.101843e+003,4.221588e-003
5.102325e+003,8.748315e-003
5.102808e+003,1.710047e-002
5.103290e+003,2.546046e-002
5.103771e+003,2.991644e-002
5.104254e+003,2.780969e-002
5.104736e+003,1.874941e-002
5.105218e+003,4.888976e-003
5.105700e+003,-9.705514e-003
5.106182e+003,-2.042387e-002
5.106665e+003,-2.374239e-002
5.107146e+003,-1.850599e-002
5.107629e+003,-6.361334e-003
5.108111e+003,8.835349e-003
5.108593e+003,2.240409e-002
5.109075e+003,3.047203e-002
5.109557e+003,3.121394e-002
5.110040e+003,2.524895e-002
5.110521e+003,1.510696e-002
5.111003e+003,4.063504e-003
5.111486e+003,-5.125822e-003
5.111968e+003,-1.107663e-002
5.112450e+003,-1.393794e-002
5.112932e+003,-1.492595e-002
5.113414e+003,-1.555480e-002
5.113896e+003,-1.696740e-002
5.114378e+003,-1.964343e-002
5.114860e+003,-2.351796e-002
5.115343e+003,-2.832154e-002
5.115825e+003,-3.386275e-002
5.116307e+003,-4.005311e-002
5.116789e+003,-4.666265e-002
5.117271e+003,-5.298031e-002
5.117753e+003,-5.763299e-002
5.118235e+003,-5.874655e-002
5.118718e+003,-5.445481e-002
5.119200e+003,-4.357208e-002
5.119682e+003,-2.614211e-002
5.120164e+003,-3.614848e-003
5.120646e+003,2.144298e-002
5.121128e+003,4.600198e-002
5.121610e+003,6.734505e-002
5.122092e+003,8.368874e-002
5.122575e+003,9.435212e-002
5.123057e+003,9.995806e-002
5.123539e+003,1.017408e-001
5.124021e+003,1.011131e-001
5.124503e+003,9.922326e-002
5.124985e+003,9.670864e-002
5.125467e+003,9.368251e-002
5.125949e+003,8.991463e-002
5.126432e+003,8.511744e-002
5.126914e+003,7.923547e-002
5.127396e+003,7.264303e-002
5.127878e+003,6.618554e-002
5.128360e+003,6.104160e-002
5.128842e+003,5.843596e-002
5.129324e+003,5.928351e-002
5.129807e+003,6.387714e-002
5.130289e+003,7.172401e-002
5.130771e+003,8.158882e-002
5.131253e+003,9.172529e-002
5.131735e+003,1.002087e-001
5.132217e+003,1.052569e-001
5.132699e+003,1.054591e-001
5.133181e+003,9.990428e-002
5.133664e+003,8.826571e-002
5.134146e+003,7.091071e-002
5.134628e+003,4.904931e-002
5.135110e+003,2.484292e-002
5.135592e+003,1.321992e-003
5.136074e+003,-1.802494e-002
5.136556e+003,-3.001343e-002
5.137038e+003,-3.271797e-002
5.137521e+003,-2.630280e-002
5.138002e+003,-1.336672e-002
5.138485e+003,1.443626e-003
5.138967e+003,1.254369e-002
5.139449e+003,1.494388e-002
5.139931e+003,5.704931e-003
5.140413e+003,-1.519180e-002
5.140896e+003,-4.486535e-002
5.141377e+003,-7.842513e-002
5.141859e+003,-1.103938e-001
5.142342e+003,-1.361584e-001
5.142824e+003,-1.529868e-001
5.143306e+003,-1.603600e-001
5.143788e+003,-1.596517e-001
5.144270e+003,-1.533954e-001
5.144752e+003,-1.444537e-001
5.145234e+003,-1.353220e-001
5.145717e+003,-1.276641e-001
5.146199e+003,-1.220598e-001
5.146681e+003,-1.179191e-001
5.147163e+003,-1.135638e-001
5.147645e+003,-1.065329e-001
5.148127e+003,-9.416296e-002
5.148609e+003,-7.439776e-002
5.149091e+003,-4.663440e-002
5.149574e+003,-1.230685e-002
5.150056e+003,2.507992e-002
5.150538e+003,6.058736e-002
5.151020e+003,8.901553e-002
5.151502e+003,1.062367e-001
5.151984e+003,1.102235e-001
5.152466e+003,1.014148e-001
5.152948e+003,8.232651e-002
5.153431e+003,5.716492e-002
5.153913e+003,2.919895e-002
5.154395e+003,1.396730e-003
5.154877e+003,-2.429965e-002
5.155359e+003,-4.676452e-002
5.155841e+003,-6.523812e-002
5.156323e+003,-7.895089e-002
5.156806e+003,-8.703227e-002
5.157288e+003,-8.871365e-002
5.157770e+003,-8.365791e-002
5.158252e+003,-7.219202e-002
5.158734e+003,-5.530505e-002
5.159216e+003,-3.443382e-002
5.159698e+003,-1.118825e-002
5.160180e+003,1.281608e-002
5.160663e+003,3.595355e-002
5.161145e+003,5.650086e-002
5.161626e+003,7.264969e-002
5.162109e+003,8.276884e-002
5.162591e+003,8.590356e-002
5.163073e+003,8.230594e-002
5.163555e+003,7.368173e-002
5.164037e+003,6.290875e-002
5.164520e+003,5.321196e-002
5.165001e+003,4.706682e-002
5.165484e+003,4.528791e-002
5.165966e+003,4.673282e-002
5.166448e+003,4.880317e-002
5.166930e+003,4.856318e-002
5.167412e+003,4.400116e-002
5.167895e+003,3.487762e-002
5.168376e+003,2.278761e-002
5.168858e+003,1.042937e-002
5.169341e+003,4.399391e-004
5.169823e+003,-5.647107e-003
5.170305e+003,-7.843584e-003
5.170787e+003,-7.378169e-003
5.171269e+003,-5.812283e-003
5.171751e+003,-4.081237e-003
5.172233e+003,-1.960547e-003
5.172715e+003,1.775367e-003
5.173198e+003,8.592873e-003
5.173680e+003,1.922873e-002
5.174162e+003,3.299993e-002
5.174644e+003,4.773974e-002
5.175126e+003,6.040430e-002
5.175608e+003,6.808773e-002
5.176090e+003,6.901614e-002
5.176573e+003,6.312774e-002
5.177055e+003,5.204802e-002
5.177537e+003,3.852860e-002
5.178019e+003,2.561197e-002
5.178501e+003,1.583871e-002
5.178983e+003,1.073056e-002
5.179465e+003,1.062863e-002
5.179947e+003,1.482820e-002
5.180430e+003,2.188423e-002
5.180912e+003,2.997169e-002
5.181394e+003,3.722971e-002
5.181876e+003,4.205721e-002
5.182358e+003,4.333506e-002
5.182840e+003,4.054099e-002
5.183322e+003,3.372657e-002
5.183804e+003,2.336210e-002
5.184287e+003,1.005322e-002
5.184769e+003,-5.511644e-003
5.185251e+003,-2.247202e-002
5.185733e+003,-3.979114e-002
5.186215e+003,-5.609969e-002
5.186697e+003,-6.963253e-002
5.187179e+003,-7.840273e-002
5.187662e+003,-8.064598e-002
5.188144e+003,-7.540596e-002
5.188625e+003,-6.300578e-002
5.189108e+003,-4.514581e-002
5.189590e+003,-2.450783e-002
5.190072e+003,-3.975173e-003
5.190554e+003,1.421973e-002
5.191036e+003,2.904620e-002
5.191519e+003,4.067466e-002
5.192000e+003,4.993095e-002
5.192482e+003,5.748085e-002
5.192965e+003,6.316365e-002
5.193447e+003,6.583467e-002
5.193929e+003,6.383336e-002
5.194411e+003,5.587820e-002
5.194893e+003,4.196094e-002
5.195375e+003,2.378323e-002
5.195857e+003,4.468886e-003
5.196340e+003,-1.239257e-002
5.196822e+003,-2.400321e-002
5.197304e+003,-2.938997e-002
5.197786e+003,-2.976475e-002
5.198268e+003,-2.804092e-002
5.198750e+003,-2.769539e-002
5.199232e+003,-3.143426e-002
5.199714e+003,-4.018547e-002
5.200197e+003,-5.278839e-002
5.200679e+003,-6.646019e-002
5.201161e+003,-7.781880e-002
5.201643e+003,-8.405245e-002
5.202125e+003,-8.380771e-002
5.202607e+003,-7.751349e-002
5.203089e+003,-6.709360e-002
5.203571e+003,-5.523990e-002
5.204054e+003,-4.454535e-002
5.204536e+003,-3.679909e-002
5.205018e+003,-3.264495e-002
5.205500e+003,-3.165167e-002
5.205982e+003,-3.269504e-002
5.206464e+003,-3.445991e-002
5.206946e+003,-3.586295e-002
5.207429e+003,-3.626658e-002
5.207911e+003,-3.546496e-002
5.208393e+003,-3.352037e-002
5.208875e+003,-3.057331e-002
5.209357e+003,-2.672860e-002
5.209839e+003,-2.205209e-002
5.210321e+003,-1.663702e-002
5.210803e+003,-1.066051e-002
5.211286e+003,-4.364722e-003
5.211768e+003,2.040414e-003
5.212250e+003,8.486462e-003
5.212732e+003,1.506902e-002
5.213214e+003,2.191850e-002
5.213696e+003,2.894587e-002
5.214178e+003,3.559195e-002
5.214660e+003,4.075658e-002
5.215143e+003,4.261719e-002
5.215625e+003,4.069293e-002
5.216107e+003,3.457699e-002
5.216589e+003,2.499847e-002
5.217071e+003,1.382156e-002
5.217553e+003,3.513402e-003
5.218035e+003,-3.761052e-003
5.218518e+003,-7.038033e-003
5.219000e+003,-7.007981e-003
5.219481e+003,-5.739039e-003
5.219964e+003,-5.707131e-003
5.220446e+003,-8.513055e-003
5.220928e+003,-1.386220e-002
5.221410e+003,-1.931954e-002
5.221892e+003,-2.103535e-002
5.222375e+003,-1.520639e-002
5.222856e+003,3.098809e-004
5.223338e+003,2.490476e-002
5.223821e+003,5.512758e-002
5.224303e+003,8.565689e-002
5.224785e+003,1.109499e-001
5.225267e+003,1.269017e-001
5.225749e+003,1.318608e-001
5.226231e+003,1.266533e-001
5.226713e+003,1.137334e-001
5.227196e+003,9.595391e-002
5.227678e+003,7.556260e-002
5.228160e+003,5.383807e-002
5.228642e+003,3.140425e-002
5.229124e+003,8.911004e-003
5.229606e+003,-1.238814e-002
5.230088e+003,-3.053042e-002
5.230570e+003,-4.328802e-002
5.231053e+003,-4.891990e-002
5.231535e+003,-4.681044e-002
5.232017e+003,-3.763983e-002
5.232499e+003,-2.299499e-002
5.232981e+003,-4.644243e-003
5.233463e+003,1.611803e-002
5.233945e+003,3.869562e-002
5.234427e+003,6.286820e-002
5.234910e+003,8.811783e-002
5.235392e+003,1.130113e-001
5.235874e+003,1.350397e-001
5.236356e+003,1.510908e-001
5.236838e+003,1.583995e-001
5.237320e+003,1.555618e-001
5.237802e+003,1.431351e-001
5.238285e+003,1.235376e-001
5.238767e+003,1.002756e-001
5.239249e+003,7.684671e-002
5.239731e+003,5.579862e-002
5.240213e+003,3.832976e-002
5.240695e+003,2.452884e-002
5.241177e+003,1.403073e-002
5.241659e+003,6.677523e-003
5.242142e+003,2.806357e-003
5.242624e+003,3.016489e-003
5.243105e+003,7.571127e-003
5.243588e+003,1.580788e-002
5.244070e+003,2.594870e-002
5.244552e+003,3.550070e-002
5.245034e+003,4.212249e-002
5.245516e+003,4.456712e-002
5.245999e+003,4.211367e-002
5.246480e+003,3.757093e-002
5.246963e+003,3.375247e-002
5.247445e+003,3.304085e-002
5.247927e+003,3.632304e-002
5.248409e+003,4.256397e-002
5.248891e+003,4.921529e-002
5.249374e+003,5.326871e-002
5.249855e+003,5.246855e-002
5.250337e+003,4.614303e-002
5.250820e+003,3.531746e-002
5.251302e+003,2.211457e-002
5.251784e+003,8.762413e-003
5.252266e+003,-3.324412e-003
5.252748e+003,-1.399249e-002
5.253230e+003,-2.416583e-002
5.253712e+003,-3.516401e-002
5.254194e+003,-4.787139e-002
5.254677e+003,-6.215201e-002
5.255159e+003,-7.676508e-002
5.255641e+003,-8.978545e-002
5.256123e+003,-9.930347e-002
5.256605e+003,-1.040778e-001
5.257087e+003,-1.038775e-001
5.257569e+003,-9.942644e-002
5.258052e+003,-9.204361e-002
5.258534e+003,-8.317965e-002
5.259016e+003,-7.403952e-002
5.259498e+003,-6.539332e-002
5.259980e+003,-5.756398e-002
5.260462e+003,-5.050682e-002
5.260944e+003,-4.389514e-002
5.261426e+003,-3.718162e-002
5.261909e+003,-2.967452e-002
5.262391e+003,-2.069549e-002
5.262873e+003,-9.848910e-003
5.263355e+003,2.656920e-003
5.263837e+003,1.577820e-002
5.264319e+003,2.765825e-002
5.264801e+003,3.599339e-002
5.265283e+003,3.868631e-002
5.265766e+003,3.458101e-002
5.266248e+003,2.400017e-002
5.266730e+003,8.847664e-003
5.267212e+003,-7.813687e-003
5.267694e+003,-2.260330e-002
5.268176e+003,-3.280853e-002
5.268658e+003,-3.716560e-002
5.269141e+003,-3.614511e-002
5.269623e+003,-3.163125e-002
5.270104e+003,-2.611738e-002
5.270587e+003,-2.173265e-002
5.271069e+003,-1.947758e-002
5.271551e+003,-1.895734e-002
5.272033e+003,-1.869466e-002
5.272515e+003,-1.687337e-002
5.272998e+003,-1.219765e-002
5.273479e+003,-4.519630e-003
5.273962e+003,5.007446e-003
5.274444e+003,1.429622e-002
5.274926e+003,2.104954e-002
5.275408e+003,2.354263e-002
5.275890e+003,2.115113e-002
5.276372e+003,1.442941e-002
5.276854e+003,4.734606e-003
5.277336e+003,-6.391601e-003
5.277819e+003,-1.789018e-002
5.278301e+003,-2.949629e-002
5.278783e+003,-4.165158e-002
5.279265e+003,-5.503260e-002
5.279747e+003,-6.990420e-002
5.280229e+003,-8.558663e-002
5.280711e+003,-1.002826e-001
5.281193e+003,-1.113670e-001
5.281676e+003,-1.160519e-001
5.282158e+003,-1.121949e-001
5.282640e+003,-9.896265e-002
5.283122e+003,-7.712770e-002
5.283604e+003,-4.891358e-002
5.284086e+003,-1.746757e-002
5.284568e+003,1.384261e-002
5.285051e+003,4.207325e-002
5.285533e+003,6.511173e-002
5.286015e+003,8.178138e-002
5.286497e+003,9.170368e-002
5.286979e+003,9.505276e-002
5.287461e+003,9.234373e-002
5.287943e+003,8.433569e-002
5.288425e+003,7.204698e-002
5.288908e+003,5.681091e-002
5.289390e+003,4.027904e-002
5.289872e+003,2.430858e-002
5.290354e+003,1.073133e-002
5.290836e+003,1.064734e-003
5.291318e+003,-3.743860e-003
5.291800e+003,-3.459343e-003
5.292282e+003,1.447933e-003
5.292765e+003,9.939995e-003
5.293247e+003,2.062666e-002
5.293729e+003,3.199770e-002
5.294211e+003,4.262562e-002
5.294693e+003,5.131762e-002
5.295175e+003,5.721560e-002
5.295657e+003,5.985336e-002
5.296140e+003,5.917993e-002
5.296622e+003,5.555274e-002
5.297104e+003,4.969618e-002
5.297586e+003,4.261775e-002
5.298068e+003,3.547418e-002
5.298550e+003,2.938921e-002
5.299032e+003,2.524047e-002
5.299514e+003,2.345447e-002
5.299997e+003,2.386352e-002
5.300479e+003,2.568161e-002
5.300960e+003,2.763572e-002
5.301443e+003,2.824800e-002
5.301925e+003,2.621124e-002
5.302407e+003,2.075281e-002
5.302889e+003,1.186588e-002
5.303371e+003,3.141279e-004
5.303854e+003,-1.260938e-002
5.304335e+003,-2.549504e-002
5.304818e+003,-3.724931e-002
5.305300e+003,-4.737713e-002
5.305782e+003,-5.599521e-002
5.306264e+003,-6.356662e-002
5.306746e+003,-7.046773e-002
5.307229e+003,-7.658108e-002
5.307710e+003,-8.117318e-002
5.308192e+003,-8.278117e-002
5.308675e+003,-7.997542e-002
5.309157e+003,-7.180272e-002
5.309639e+003,-5.824636e-002
5.310121e+003,-4.039600e-002
5.310603e+003,-2.025480e-002
5.311085e+003,-2.587659e-004
5.311567e+003,1.730638e-002
5.312049e+003,3.077602e-002
5.312532e+003,3.931529e-002
5.313014e+003,4.284021e-002
5.313496e+003,4.175096e-002
5.313978e+003,3.664302e-002
5.314460e+003,2.814170e-002
5.314942e+003,1.691575e-002
5.315424e+003,3.817660e-003
5.315907e+003,-9.972309e-003
5.316389e+003,-2.291964e-002
5.316871e+003,-3.327917e-002
5.317353e+003,-3.936885e-002
5.317835e+003,-3.986781e-002
5.318317e+003,-3.402948e-002
5.318799e+003,-2.175578e-002
5.319281e+003,-3.557246e-003
5.319764e+003,1.952246e-002
5.320246e+003,4.594353e-002
5.320728e+003,7.365561e-002
5.321210e+003,1.000992e-001
5.321692e+003,1.223373e-001
5.322174e+003,1.374053e-001
5.322656e+003,1.428680e-001
5.323138e+003,1.374443e-001
5.323621e+003,1.214721e-001
5.324103e+003,9.699504e-002
5.324585e+003,6.736679e-002
5.325067e+003,3.645188e-002
5.325549e+003,7.667542e-003
5.326031e+003,-1.680351e-002
5.326513e+003,-3.634856e-002
5.326996e+003,-5.169594e-002
5.327478e+003,-6.423790e-002
5.327959e+003,-7.520810e-002
5.328442e+003,-8.507335e-002
5.328924e+003,-9.338931e-002
5.329406e+003,-9.914583e-002
5.329888e+003,-1.013988e-001
5.330370e+003,-9.985711e-002
5.330853e+003,-9.512196e-002
5.331334e+003,-8.844892e-002
5.331816e+003,-8.114040e-002
5.332299e+003,-7.387315e-002
5.332781e+003,-6.631687e-002
5.333263e+003,-5.727374e-002
5.333745e+003,-4.531490e-002
5.334227e+003,-2.963449e-002
5.334709e+003,-1.071146e-002
5.335191e+003,9.566118e-003
5.335674e+003,2.842856e-002
5.336156e+003,4.321630e-002
5.336638e+003,5.241711e-002
5.337120e+003,5.627700e-002
5.337602e+003,5.667964e-002
5.338084e+003,5.631015e-002
5.338566e+003,5.739339e-002
5.339048e+003,6.086152e-002
5.339531e+003,6.579322e-002
5.340013e+003,6.993749e-002
5.340495e+003,7.079797e-002
5.340977e+003,6.683753e-002
5.341459e+003,5.825316e-002
5.341941e+003,4.697817e-002
5.342423e+003,3.592530e-002
5.342905e+003,2.782425e-002
5.343388e+003,2.418287e-002
5.343870e+003,2.484125e-002
5.344352e+003,2.830680e-002
5.344834e+003,3.267887e-002
5.345316e+003,3.667577e-002
5.345798e+003,4.022990e-002
5.346280e+003,4.434998e-002
5.346763e+003,5.033794e-002
5.347245e+003,5.878390e-002
5.347727e+003,6.887665e-002
5.348209e+003,7.841423e-002
5.348691e+003,8.455650e-002
5.349173e+003,8.499255e-002
5.349655e+003,7.897731e-002
5.350137e+003,6.773627e-002
5.350620e+003,5.403177e-002
5.351102e+003,4.108025e-002
5.351584e+003,3.131155e-002
5.352066e+003,2.552504e-002
5.352548e+003,2.280478e-002
5.353030e+003,2.120250e-002
5.353512e+003,1.884395e-002
5.353994e+003,1.492759e-002
5.354477e+003,1.015245e-002
5.354958e+003,6.401365e-003
5.355441e+003,5.868858e-003
5.355923e+003,1.007004e-002
5.356405e+003,1.919108e-002
5.356887e+003,3.205114e-002
5.357369e+003,4.665499e-002
5.357852e+003,6.105904e-002
5.358333e+003,7.415609e-002
5.358815e+003,8.603996e-002
5.359298e+003,9.780294e-002
5.359780e+003,1.108566e-001
5.360262e+003,1.260496e-001
5.360744e+003,1.429194e-001
5.361226e+003,1.593568e-001
5.361708e+003,1.718269e-001
5.362190e+003,1.761233e-001
5.362673e+003,1.684936e-001
5.363155e+003,1.468599e-001
5.363637e+003,1.117996e-001
5.364119e+003,6.696105e-002
5.364601e+003,1.868883e-002
5.365083e+003,-2.517452e-002
5.365565e+003,-5.708853e-002
5.366047e+003,-7.175248e-002
5.366530e+003,-6.759035e-002
5.367012e+003,-4.725685e-002
5.367494e+003,-1.691628e-002
5.367976e+003,1.554322e-002
5.368458e+003,4.279570e-002
5.368940e+003,6.008555e-002
5.369422e+003,6.626134e-002
5.369904e+003,6.351189e-002
5.370387e+003,5.597852e-002
5.370869e+003,4.787234e-002
5.371351e+003,4.187230e-002
5.371833e+003,3.842397e-002
5.372315e+003,3.613781e-002
5.372797e+003,3.299868e-002
5.373279e+003,2.776003e-002
5.373762e+003,2.085531e-002
5.374244e+003,1.442472e-002
5.374726e+003,1.148908e-002
5.375208e+003,1.468661e-002
5.375690e+003,2.514960e-002
5.376172e+003,4.198641e-002
5.376654e+003,6.252557e-002
5.377136e+003,8.313454e-002
5.377619e+003,1.002058e-001
5.378101e+003,1.109032e-001
5.378583e+003,1.134612e-001
5.379065e+003,1.071046e-001
5.379547e+003,9.183620e-002
5.380029e+003,6.834350e-002
5.380511e+003,3.810759e-002
5.380993e+003,3.589039e-003
5.381476e+003,-3.175781e-002
5.381958e+003,-6.384683e-002
5.382440e+003,-8.871417e-002
5.382922e+003,-1.034514e-001
5.383404e+003,-1.069710e-001
5.383886e+003,-1.002937e-001
5.384368e+003,-8.623361e-002
5.384851e+003,-6.859757e-002
5.385333e+003,-5.119789e-002
5.385814e+003,-3.701752e-002
5.386297e+003,-2.776398e-002
5.386779e+003,-2.385676e-002
5.387261e+003,-2.471799e-002
5.387743e+003,-2.916281e-002
5.388225e+003,-3.573459e-002
5.388708e+003,-4.294628e-002
5.389189e+003,-4.948137e-002
5.389671e+003,-5.441422e-002
5.390154e+003,-5.743496e-002
5.390636e+003,-5.896758e-002
5.391118e+003,-6.003897e-002
5.391600e+003,-6.183292e-002
5.392082e+003,-6.502524e-002
5.392564e+003,-6.916322e-002
5.393046e+003,-7.242014e-002
5.393529e+003,-7.195655e-002
5.394011e+003,-6.487100e-002
5.394493e+003,-4.943097e-002
5.394975e+003,-2.609137e-002
5.395457e+003,2.154506e-003
5.395939e+003,3.030081e-002
5.396421e+003,5.259546e-002
5.396903e+003,6.412121e-002
5.397386e+003,6.214718e-002
5.397868e+003,4.680381e-002
5.398350e+003,2.089889e-002
5.398832e+003,-1.098523e-002
5.399314e+003,-4.373683e-002
5.399796e+003,-7.286818e-002
5.400278e+003,-9.528811e-002
5.400760e+003,-1.094809e-001
5.401243e+003,-1.154245e-001
5.401725e+003,-1.142021e-001
5.402207e+003,-1.075701e-001
5.402689e+003,-9.755895e-002
5.403171e+003,-8.613133e-002
5.403653e+003,-7.489684e-002
5.404135e+003,-6.490828e-002
5.404618e+003,-5.659594e-002
5.405100e+003,-4.989207e-002
5.405582e+003,-4.453414e-002
5.406064e+003,-4.043971e-002
5.406546e+003,-3.797447e-002
5.407028e+003,-3.794701e-002
5.407510e+003,-4.127213e-002
5.407992e+003,-4.840780e-002
5.408475e+003,-5.881242e-002
5.408957e+003,-7.070938e-002
5.409438e+003,-8.134675e-002
5.409921e+003,-8.773166e-002
5.410403e+003,-8.759365e-002
5.410885e+003,-8.020504e-002
5.411367e+003,-6.672850e-002
5.411849e+003,-4.994977e-002
5.412332e+003,-3.349582e-002
5.412813e+003,-2.082594e-002
5.413296e+003,-1.434702e-002
5.413778e+003,-1.492626e-002
5.414260e+003,-2.189653e-002
5.414742e+003,-3.345204e-002
5.415224e+003,-4.720731e-002
5.415706e+003,-6.069465e-002
5.416188e+003,-7.168708e-002
5.416670e+003,-7.837269e-002
5.417153e+003,-7.948691e-002
5.417635e+003,-7.449087e-002
5.418117e+003,-6.378651e-002
5.418599e+003,-4.885523e-002
5.419081e+003,-3.216583e-002
5.419563e+003,-1.675665e-002
5.420045e+003,-5.536982e-003
5.420527e+003,-5.022291e-004
5.421010e+003,-2.141858e-003
5.421492e+003,-9.282419e-003
5.421974e+003,-1.945856e-002
5.422456e+003,-2.970152e-002
5.422938e+003,-3.746789e-002
5.423420e+003,-4.137601e-002
5.423902e+003,-4.149742e-002
5.424385e+003,-3.912918e-002
5.424867e+003,-3.616910e-002
5.425349e+003,-3.435300e-002
5.425831e+003,-3.463615e-002
5.426313e+003,-3.691715e-002
5.426795e+003,-4.015534e-002
5.427277e+003,-4.278767e-002
5.427759e+003,-4.326274e-002
5.428242e+003,-4.049839e-002
5.428724e+003,-3.412814e-002
5.429206e+003,-2.449883e-002
5.429688e+003,-1.247616e-002
5.430170e+003,8.291167e-004
5.430652e+003,1.430298e-002
5.431134e+003,2.690108e-002
5.431616e+003,3.794617e-002
5.432099e+003,4.686512e-002
5.432581e+003,5.328039e-002
5.433063e+003,5.703503e-002
5.433545e+003,5.822897e-002
5.434027e+003,5.722522e-002
5.434509e+003,5.458377e-002
5.434991e+003,5.091457e-002
5.435474e+003,4.668798e-002
5.435956e+003,4.207930e-002
5.436438e+003,3.692414e-002
5.436920e+003,3.082246e-002
5.437402e+003,2.336073e-002
5.437884e+003,1.436262e-002
5.438366e+003,4.055638e-003
5.438848e+003,-6.929586e-003
5.439331e+003,-1.773786e-002
5.439813e+003,-2.757418e-002
5.440295e+003,-3.596233e-002
5.440777e+003,-4.284640e-002
5.441259e+003,-4.847630e-002
5.441741e+003,-5.312798e-002
5.442223e+003,-5.680814e-002
5.442705e+003,-5.911627e-002
5.443188e+003,-5.936787e-002
5.443669e+003,-5.694588e-002
5.444152e+003,-5.171450e-002
5.444634e+003,-4.426545e-002
5.445116e+003,-3.581737e-002
5.445598e+003,-2.774805e-002
5.446080e+003,-2.093901e-002
5.446563e+003,-1.525042e-002
5.447044e+003,-9.432892e-003
5.447526e+003,-1.608026e-003
5.448009e+003,9.815344e-003
5.448491e+003,2.515730e-002
5.448973e+003,4.287457e-002
5.449455e+003,5.971047e-002
5.449937e+003,7.164957e-002
5.450419e+003,7.538373e-002
5.450901e+003,6.972784e-002
5.451384e+003,5.638734e-002
5.451866e+003,3.970370e-002
5.452348e+003,2.540528e-002
5.452830e+003,1.878799e-002
5.453312e+003,2.298093e-002
5.453794e+003,3.792326e-002
5.454276e+003,6.040865e-002
5.454758e+003,8.515307e-002
5.455241e+003,1.064692e-001
5.455723e+003,1.199312e-001
5.456205e+003,1.234613e-001
5.456687e+003,1.175340e-001
5.457169e+003,1.045520e-001
5.457651e+003,8.774707e-002
5.458133e+003,7.008013e-002
5.458615e+003,5.352913e-002
5.459098e+003,3.893234e-002
5.459580e+003,2.630384e-002
5.460062e+003,1.537081e-002
5.460544e+003,6.045284e-003
5.461026e+003,-1.368519e-003
5.461508e+003,-6.278344e-003
5.461990e+003,-8.045519e-003
5.462473e+003,-6.596835e-003
5.462955e+003,-2.427267e-003
5.463437e+003,3.265182e-003
5.463919e+003,8.757749e-003
5.464401e+003,1.216496e-002
5.464883e+003,1.189743e-002
5.465365e+003,7.110045e-003
5.465847e+003,-1.976021e-003
5.466330e+003,-1.398297e-002
5.466812e+003,-2.658674e-002
5.467293e+003,-3.702528e-002
5.467776e+003,-4.280267e-002
5.468258e+003,-4.239418e-002
5.468740e+003,-3.571586e-002
5.469222e+003,-2.417089e-002
5.469704e+003,-1.022200e-002
5.470187e+003,3.378672e-003
5.470668e+003,1.442413e-002
5.471150e+003,2.183112e-002
5.471633e+003,2.573777e-002
5.472115e+003,2.709562e-002
5.472597e+003,2.695472e-002
5.473079e+003,2.578805e-002
5.473561e+003,2.319435e-002
5.474043e+003,1.815600e-002
5.474525e+003,9.764512e-003
5.475008e+003,-1.916610e-003
5.475490e+003,-1.529244e-002
5.475972e+003,-2.732490e-002
5.476454e+003,-3.433564e-002
5.476936e+003,-3.325757e-002
5.477418e+003,-2.283860e-002
5.477900e+003,-4.293436e-003
5.478382e+003,1.888909e-002
5.478865e+003,4.194286e-002
5.479347e+003,6.027234e-002
5.479829e+003,7.082634e-002
5.480311e+003,7.290611e-002
5.480793e+003,6.814252e-002
5.481275e+003,5.970660e-002
5.481757e+003,5.110992e-002
5.482239e+003,4.507609e-002
5.482722e+003,4.287963e-002
5.483204e+003,4.430707e-002
5.483686e+003,4.812264e-002
5.484168e+003,5.274109e-002
5.484650e+003,5.678997e-002
5.485132e+003,5.937204e-002
5.485614e+003,6.003064e-002
5.486097e+003,5.857420e-002
5.486579e+003,5.495275e-002
5.487061e+003,4.929494e-002
5.487543e+003,4.206615e-002
5.488025e+003,3.419077e-002
5.488507e+003,2.696957e-002
5.488989e+003,2.172866e-002
5.489471e+003,1.930705e-002
5.489954e+003,1.962359e-002
5.490436e+003,2.157900e-002
5.490918e+003,2.342267e-002
5.491400e+003,2.349858e-002
5.491882e+003,2.107962e-002
5.492364e+003,1.690692e-002
5.492846e+003,1.312009e-002
5.493328e+003,1.258072e-002
5.493811e+003,1.771126e-002
5.494292e+003,2.937867e-002
5.494775e+003,4.628745e-002
5.495257e+003,6.517546e-002
5.495739e+003,8.178453e-002
5.496221e+003,9.225757e-002
5.496703e+003,9.443408e-002
5.497186e+003,8.855070e-002
5.497667e+003,7.708961e-002
5.498149e+003,6.385785e-002
5.498632e+003,5.268280e-002
5.499114e+003,4.624164e-002
5.499596e+003,4.545617e-002
5.500078e+003,4.961720e-002
5.500560e+003,5.708437e-002
5.501042e+003,6.617507e-002
5.501524e+003,7.581347e-002
5.502007e+003,8.566365e-002
5.502489e+003,9.574370e-002
5.502971e+003,1.057774e-001
5.503453e+003,1.146694e-001
5.503935e+003,1.204296e-001
5.504417e+003,1.206564e-001
5.504899e+003,1.134137e-001
5.505381e+003,9.813721e-002
5.505864e+003,7.616708e-002
5.506346e+003,5.064036e-002
5.506828e+003,2.573444e-002
5.507310e+003,5.515327e-003
5.507792e+003,-7.193286e-003
5.508274e+003,-1.151413e-002
5.508756e+003,-8.567129e-003
5.509238e+003,-9.036349e-004
5.509721e+003,8.408850e-003
5.510203e+003,1.668811e-002
5.510685e+003,2.222482e-002
5.511167e+003,2.443386e-002
5.511649e+003,2.364453e-002
5.512131e+003,2.073622e-002
5.512613e+003,1.683615e-002
5.513096e+003,1.319536e-002
5.513578e+003,1.120822e-002
5.514060e+003,1.242553e-002
5.514542e+003,1.839551e-002
5.515024e+003,3.026332e-002
5.515506e+003,4.821924e-002
5.515988e+003,7.102487e-002
5.516470e+003,9.588516e-002
5.516953e+003,1.188371e-001
5.517435e+003,1.356258e-001
5.517917e+003,1.428227e-001
5.518399e+003,1.388107e-001
5.518881e+003,1.242778e-001
5.519363e+003,1.020211e-001
5.519845e+003,7.611070e-002
5.520327e+003,5.069773e-002
5.520810e+003,2.888251e-002
5.521292e+003,1.203800e-002
5.521774e+003,-1.914316e-004
5.522256e+003,-9.254141e-003
5.522738e+003,-1.669364e-002
5.523220e+003,-2.319263e-002
5.523702e+003,-2.802214e-002
5.524185e+003,-2.919352e-002
5.524667e+003,-2.410294e-002
5.525148e+003,-1.061299e-002
5.525631e+003,1.187009e-002
5.526113e+003,4.170089e-002
5.526595e+003,7.495781e-002
5.527077e+003,1.061440e-001
5.527559e+003,1.294751e-001
5.528042e+003,1.404045e-001
5.528523e+003,1.369319e-001
5.529006e+003,1.202728e-001
5.529488e+003,9.463672e-002
5.529970e+003,6.612457e-002
5.530452e+003,4.104156e-002
5.530934e+003,2.412779e-002
5.531416e+003,1.726537e-002
5.531898e+003,1.909142e-002
5.532380e+003,2.565710e-002
5.532863e+003,3.191509e-002
5.533345e+003,3.352284e-002
5.533827e+003,2.833352e-002
5.534309e+003,1.705987e-002
5.534791e+003,2.903526e-003
5.535273e+003,-9.677541e-003
5.535755e+003,-1.658021e-002
5.536237e+003,-1.544355e-002
5.536720e+003,-6.327172e-003
5.537202e+003,8.502040e-003
5.537684e+003,2.549837e-002
5.538166e+003,4.104766e-002
5.538648e+003,5.247026e-002
5.539130e+003,5.848250e-002
5.539612e+003,5.905835e-002
5.540095e+003,5.489406e-002
5.540577e+003,4.681138e-002
5.541059e+003,3.539275e-002
5.541541e+003,2.096660e-002
5.542023e+003,3.855075e-003
5.542505e+003,-1.533297e-002
5.542987e+003,-3.557601e-002
5.543469e+003,-5.556978e-002
5.543952e+003,-7.403769e-002
5.544434e+003,-9.003474e-002
5.544916e+003,-1.030607e-001
5.545398e+003,-1.129116e-001
5.545880e+003,-1.193559e-001
5.546362e+003,-1.218328e-001
5.546844e+003,-1.193714e-001
5.547326e+003,-1.108210e-001
5.547809e+003,-9.531819e-002
5.548291e+003,-7.279051e-002
5.548772e+003,-4.426964e-002
5.549255e+003,-1.187334e-002
5.549737e+003,2.153345e-002
5.550219e+003,5.285582e-002
5.550701e+003,7.927588e-002
5.551183e+003,9.861390e-002
5.551666e+003,1.095182e-001
5.552147e+003,1.115499e-001
5.552630e+003,1.052474e-001
5.553112e+003,9.219377e-002
5.553594e+003,7.500736e-002
5.554076e+003,5.712134e-002
5.554558e+003,4.222400e-002
5.555040e+003,3.349930e-002
5.555522e+003,3.266008e-002
5.556004e+003,3.928424e-002
5.556487e+003,5.069505e-002
5.556969e+003,6.255046e-002
5.557451e+003,7.003672e-002
5.557933e+003,6.931000e-002
5.558415e+003,5.870312e-002
5.558897e+003,3.927870e-002
5.559379e+003,1.454321e-002
5.559861e+003,-1.055969e-002
5.560344e+003,-3.101226e-002
5.560826e+003,-4.298926e-002
5.561308e+003,-4.466312e-002
5.561790e+003,-3.639307e-002
5.562272e+003,-2.037001e-002
5.562754e+003,6.244740e-005
5.563236e+003,2.116392e-002
5.563719e+003,3.945428e-002
5.564201e+003,5.220225e-002
5.564683e+003,5.775059e-002
5.565165e+003,5.569629e-002
5.565647e+003,4.691470e-002
5.566129e+003,3.338760e-002
5.566611e+003,1.780974e-002
5.567093e+003,3.016013e-003
5.567576e+003,-8.642994e-003
5.568058e+003,-1.579194e-002
5.568540e+003,-1.822394e-002
5.569022e+003,-1.673203e-002
5.569504e+003,-1.265777e-002
5.569986e+003,-7.353361e-003
5.570468e+003,-1.781962e-003
5.570950e+003,3.597525e-003
5.571433e+003,8.661162e-003
5.571915e+003,1.330696e-002
5.572397e+003,1.719834e-002
5.572879e+003,1.971650e-002
5.573361e+003,2.014511e-002
5.573843e+003,1.797440e-002
5.574325e+003,1.314229e-002
5.574808e+003,6.066632e-003
5.575290e+003,-2.555238e-003
5.575771e+003,-1.206466e-002
5.576254e+003,-2.208780e-002
5.576736e+003,-3.255441e-002
5.577218e+003,-4.346243e-002
5.577700e+003,-5.451656e-002
5.578182e+003,-6.486074e-002
5.578665e+003,-7.309856e-002
5.579146e+003,-7.765707e-002
5.579629e+003,-7.736716e-002
5.580111e+003,-7.200003e-002
5.580593e+003,-6.249247e-002
5.581075e+003,-5.072102e-002
5.581557e+003,-3.889158e-002
5.582039e+003,-2.879632e-002
5.582521e+003,-2.125764e-002
5.583003e+003,-1.599270e-002
5.583486e+003,-1.193266e-002
5.583968e+003,-7.815654e-003
5.584450e+003,-2.752901e-003
5.584932e+003,3.499133e-003
5.585414e+003,1.062227e-002
5.585896e+003,1.825930e-002
5.586378e+003,2.630229e-002
5.586860e+003,3.506158e-002
5.587343e+003,4.501614e-002
5.587825e+003,5.627514e-002
5.588307e+003,6.803481e-002
5.588789e+003,7.836067e-002
5.589271e+003,8.450243e-002
5.589753e+003,8.370537e-002
5.590235e+003,7.423551e-002
5.590718e+003,5.620062e-002
5.591200e+003,3.179990e-002
5.591682e+003,4.853179e-003
5.592164e+003,-2.024156e-002
5.592646e+003,-3.973488e-002
5.593128e+003,-5.147655e-002
5.593610e+003,-5.525575e-002
5.594092e+003,-5.246347e-002
5.594575e+003,-4.528941e-002
5.595057e+003,-3.583905e-002
5.595539e+003,-2.554789e-002
5.596021e+003,-1.509595e-002
5.596503e+003,-4.773974e-003
5.596985e+003,4.958887e-003
5.597467e+003,1.306057e-002
5.597949e+003,1.788171e-002
5.598432e+003,1.757570e-002
5.598914e+003,1.077139e-002
5.599396e+003,-2.792781e-003
5.599878e+003,-2.196091e-002
5.600360e+003,-4.432101e-002
5.600842e+003,-6.677728e-002
5.601324e+003,-8.630992e-002
5.601807e+003,-1.006430e-001
5.602289e+003,-1.086080e-001
5.602771e+003,-1.101383e-001
5.603253e+003,-1.059830e-001
5.603735e+003,-9.731489e-002
5.604217e+003,-8.539997e-002
5.604699e+003,-7.141407e-002
5.605181e+003,-5.638640e-002
5.605664e+003,-4.118755e-002
5.606146e+003,-2.648350e-002
5.606627e+003,-1.264209e-002
5.607110e+003,3.455874e-004
5.607592e+003,1.283101e-002
5.608074e+003,2.529801e-002
5.608556e+003,3.800642e-002
5.609038e+003,5.062255e-002
5.609521e+003,6.202433e-002
5.610002e+003,7.043711e-002
5.610484e+003,7.393672e-002
5.610967e+003,7.119779e-002
5.611449e+003,6.223070e-002
5.611931e+003,4.880759e-002
5.612413e+003,3.435250e-002
5.612896e+003,2.324277e-002
5.613377e+003,1.967861e-002
5.613859e+003,2.644334e-002
5.614342e+003,4.394054e-002
5.614824e+003,6.982834e-002
5.615306e+003,9.939981e-002
5.615788e+003,1.266369e-001
5.616270e+003,1.456721e-001
5.616752e+003,1.522576e-001
5.617234e+003,1.448096e-001
5.617716e+003,1.248301e-001
5.618199e+003,9.650753e-002
5.618681e+003,6.561739e-002
5.619163e+003,3.801613e-002
5.619645e+003,1.815426e-002
5.620127e+003,8.035868e-003
5.620609e+003,6.925158e-003
5.621091e+003,1.187004e-002
5.621573e+003,1.885434e-002
5.622056e+003,2.419007e-002
5.622538e+003,2.569017e-002
5.623020e+003,2.324594e-002
5.623502e+003,1.864876e-002
5.623984e+003,1.476589e-002
5.624466e+003,1.440460e-002
5.624948e+003,1.929142e-002
5.625431e+003,2.952172e-002
5.625913e+003,4.363174e-002
5.626395e+003,5.920056e-002
5.626877e+003,7.369804e-002
5.627359e+003,8.523057e-002
5.627841e+003,9.291346e-002
5.628323e+003,9.677967e-002
5.628805e+003,9.733541e-002
5.629288e+003,9.501184e-002
5.629770e+003,8.978483e-002
5.630252e+003,8.114333e-002
5.630734e+003,6.842683e-002
5.631216e+003,5.139174e-002
5.631698e+003,3.076513e-002
5.632180e+003,8.535344e-003
5.632662e+003,-1.218937e-002
5.633145e+003,-2.777971e-002
5.633626e+003,-3.500887e-002
5.634109e+003,-3.204217e-002
5.634591e+003,-1.917929e-002
5.635073e+003,9.259524e-004
5.635555e+003,2.371179e-002
5.636037e+003,4.376852e-002
5.636520e+003,5.625244e-002
5.637001e+003,5.824509e-002
5.637483e+003,4.961992e-002
5.637966e+003,3.309972e-002
5.638448e+003,1.343628e-002
5.638930e+003,-4.056479e-003
5.639412e+003,-1.514444e-002
5.639894e+003,-1.793515e-002
5.640376e+003,-1.332889e-002
5.640858e+003,-4.520846e-003
5.641341e+003,4.231722e-003
5.641823e+003,9.097148e-003
5.642305e+003,7.862061e-003
5.642787e+003,4.335026e-004
5.643269e+003,-1.144091e-002
5.643751e+003,-2.500947e-002
5.644233e+003,-3.749693e-002
5.644715e+003,-4.683118e-002
5.645198e+003,-5.190819e-002
5.645680e+003,-5.244518e-002
5.646162e+003,-4.865964e-002
5.646644e+003,-4.104187e-002
5.647126e+003,-3.037968e-002
5.647608e+003,-1.785233e-002
5.648090e+003,-5.258046e-003
5.648572e+003,5.155533e-003
5.649055e+003,1.116089e-002
5.649537e+003,1.122114e-002
5.650019e+003,5.066719e-003
5.650501e+003,-6.120057e-003
5.650983e+003,-2.004671e-002
5.651465e+003,-3.405878e-002
5.651947e+003,-4.596980e-002
5.652430e+003,-5.460266e-002
5.652912e+003,-5.982213e-002
5.653394e+003,-6.210211e-002
5.653876e+003,-6.191187e-002
5.654358e+003,-5.928981e-002
5.654840e+003,-5.385147e-002
5.655322e+003,-4.521770e-002
5.655804e+003,-3.358983e-002
5.656287e+003,-2.008973e-002
5.656769e+003,-6.592963e-003
5.657251e+003,4.940105e-003
5.657733e+003,1.333035e-002
5.658215e+003,1.878489e-002
5.658697e+003,2.287169e-002
5.659179e+003,2.779503e-002
5.659661e+003,3.526547e-002
5.660144e+003,4.549681e-002
5.660625e+003,5.684323e-002
5.661108e+003,6.631261e-002
5.661590e+003,7.078218e-002
5.662072e+003,6.839696e-002
5.662554e+003,5.951950e-002
5.663036e+003,4.678402e-002
5.663519e+003,3.420445e-002
5.664000e+003,2.570625e-002
5.664482e+003,2.369986e-002
5.664965e+003,2.827687e-002
5.665447e+003,3.732400e-002
5.665929e+003,4.745184e-002
5.666411e+003,5.530944e-002
5.666893e+003,5.873307e-002
5.667375e+003,5.729647e-002
5.667857e+003,5.211649e-002
5.668340e+003,4.508679e-002
5.668822e+003,3.792119e-002
5.669304e+003,3.141644e-002
5.669786e+003,2.520482e-002
5.670268e+003,1.804376e-002
5.670750e+003,8.481104e-003
5.671232e+003,-4.384153e-003
5.671714e+003,-2.033347e-002
5.672197e+003,-3.785422e-002
5.672679e+003,-5.442246e-002
5.673161e+003,-6.716113e-002
5.673643e+003,-7.367837e-002
5.674125e+003,-7.282859e-002
5.674607e+003,-6.514942e-002
5.675089e+003,-5.280932e-002
5.675571e+003,-3.904528e-002
5.676054e+003,-2.724204e-002
5.676536e+003,-1.994561e-002
5.677018e+003,-1.815167e-002
5.677500e+003,-2.112600e-002
5.677982e+003,-2.677277e-002
5.678464e+003,-3.261859e-002
5.678946e+003,-3.658107e-002
5.679429e+003,-3.765897e-002
5.679911e+003,-3.608502e-002
5.680393e+003,-3.299822e-002
5.680875e+003,-2.985602e-002
5.681357e+003,-2.789249e-002
5.681839e+003,-2.785290e-002
5.682321e+003,-3.004334e-002
5.682803e+003,-3.453853e-002
5.683286e+003,-4.130635e-002
5.683768e+003,-5.008821e-002
5.684250e+003,-6.007417e-002
5.684732e+003,-6.960894e-002
5.685214e+003,-7.623199e-002
5.685696e+003,-7.722820e-002
5.686178e+003,-7.059248e-002
5.686660e+003,-5.603316e-002
5.687143e+003,-3.551823e-002
5.687625e+003,-1.299929e-002
5.688106e+003,6.705655e-003
5.688589e+003,1.948520e-002
5.689071e+003,2.332712e-002
5.689553e+003,1.893636e-002
5.690035e+003,9.316497e-003
5.690518e+003,-1.481324e-003
5.691000e+003,-9.869789e-003
5.691481e+003,-1.383202e-002
5.691964e+003,-1.318618e-002
5.692446e+003,-9.001267e-003
5.692928e+003,-2.575334e-003
5.693410e+003,5.420439e-003
5.693892e+003,1.515873e-002
5.694375e+003,2.714510e-002
5.694856e+003,4.131633e-002
5.695338e+003,5.632066e-002
5.695821e+003,6.947010e-002
5.696303e+003,7.749865e-002
5.696785e+003,7.781991e-002
5.697267e+003,6.968339e-002
5.697749e+003,5.464017e-002
5.698231e+003,3.604664e-002
5.698713e+003,1.780599e-002
5.699195e+003,2.925209e-003
5.699678e+003,-7.446710e-003
5.700160e+003,-1.407724e-002
5.700642e+003,-1.882938e-002
5.701124e+003,-2.340394e-002
5.701606e+003,-2.827632e-002
5.702088e+003,-3.233666e-002
5.702570e+003,-3.338061e-002
5.703053e+003,-2.918377e-002
5.703535e+003,-1.862756e-002
5.704017e+003,-2.349080e-003
5.704499e+003,1.735794e-002
5.704981e+003,3.730273e-002
5.705463e+003,5.444304e-002
5.705945e+003,6.675961e-002
5.706427e+003,7.363933e-002
5.706910e+003,7.570764e-002
5.707392e+003,7.429758e-002
5.707874e+003,7.085633e-002
5.708356e+003,6.654605e-002
5.708838e+003,6.215873e-002
5.709320e+003,5.817521e-002
5.709802e+003,5.507028e-002
5.710284e+003,5.342932e-002
5.710767e+003,5.394593e-002
5.711249e+003,5.727590e-002
5.711731e+003,6.380898e-002
5.712213e+003,7.343040e-002
5.712695e+003,8.533376e-002
5.713177e+003,9.794155e-002
5.713659e+003,1.089953e-001
5.714142e+003,1.158705e-001
5.714624e+003,1.161241e-001
5.715105e+003,1.081882e-001
5.715588e+003,9.201238e-002
5.716070e+003,6.939708e-002
5.716552e+003,4.380896e-002
5.717034e+003,1.962853e-002
5.717516e+003,1.011576e-003
5.717999e+003,-9.261286e-003
5.718480e+003,-1.051761e-002
5.718963e+003,-4.215166e-003
5.719445e+003,6.753910e-003
5.719927e+003,1.917539e-002
5.720409e+003,3.056126e-002
5.720891e+003,3.970214e-002
5.721373e+003,4.654550e-002
5.721855e+003,5.155966e-002
5.722337e+003,5.499098e-002
5.722820e+003,5.645607e-002
5.723302e+003,5.510775e-002
5.723784e+003,5.028385e-002
5.724266e+003,4.226152e-002
5.724748e+003,3.265519e-002
5.725230e+003,2.416261e-002
5.725712e+003,1.969522e-002
5.726194e+003,2.125779e-002
5.726677e+003,2.909375e-002
5.727159e+003,4.150629e-002
5.727641e+003,5.545266e-002
5.728123e+003,6.764703e-002
5.728605e+003,7.568061e-002
5.729087e+003,7.868242e-002
5.729569e+003,7.729042e-002
5.730052e+003,7.304161e-002
5.730534e+003,6.755026e-002
5.731016e+003,6.189514e-002
5.731498e+003,5.647100e-002
5.731980e+003,5.127743e-002
5.732462e+003,4.638290e-002
5.732944e+003,4.223469e-002
5.733426e+003,3.961077e-002
5.733909e+003,3.924647e-002
5.734391e+003,4.137577e-002
5.734873e+003,4.548416e-002
5.735355e+003,5.044844e-002
5.735837e+003,5.500823e-002
5.736319e+003,5.831546e-002
5.736801e+003,6.025413e-002
5.737283e+003,6.134669e-002
5.737766e+003,6.229334e-002
5.738248e+003,6.340031e-002
5.738730e+003,6.422494e-002
5.739212e+003,6.365647e-002
5.739694e+003,6.057904e-002
5.740176e+003,5.408760e-002
5.740658e+003,4.436051e-002
5.741141e+003,3.260401e-002
5.741623e+003,2.062084e-002
5.742104e+003,1.010340e-002
5.742587e+003,1.994732e-003
5.743069e+003,-3.779973e-003
5.743551e+003,-8.102384e-003
5.744033e+003,-1.210479e-002
5.744515e+003,-1.656852e-002
5.744998e+003,-2.158356e-002
5.745479e+003,-2.662499e-002
5.745962e+003,-3.097873e-002
5.746444e+003,-3.427071e-002
5.746926e+003,-3.680965e-002
5.747408e+003,-3.955971e-002
5.747890e+003,-4.375400e-002
5.748372e+003,-5.033753e-002
5.748854e+003,-5.950194e-002
5.749336e+003,-7.051827e-002
5.749819e+003,-8.192290e-002
5.750301e+003,-9.195518e-002
5.750783e+003,-9.905081e-002
5.751265e+003,-1.022078e-001
5.751747e+003,-1.011304e-001
5.752229e+003,-9.616991e-002
5.752711e+003,-8.815189e-002
5.753193e+003,-7.818412e-002
5.753676e+003,-6.749215e-002
5.754158e+003,-5.727205e-002
5.754640e+003,-4.852744e-002
5.755122e+003,-4.188152e-002
5.755604e+003,-3.740623e-002
5.756086e+003,-3.454755e-002
5.756568e+003,-3.221945e-002
5.757051e+003,-2.908099e-002
5.757533e+003,-2.393240e-002
5.758015e+003,-1.610395e-002
5.758497e+003,-5.701261e-003
5.758979e+003,6.381422e-003
5.759461e+003,1.868323e-002
5.759943e+003,2.955526e-002
5.760425e+003,3.757170e-002
5.760908e+003,4.185805e-002
5.761390e+003,4.226600e-002
5.761872e+003,3.938092e-002
5.762354e+003,3.438384e-002
5.762836e+003,2.880465e-002
5.763318e+003,2.420391e-002
5.763800e+003,2.182685e-002
5.764282e+003,2.229262e-002
5.764765e+003,2.540088e-002
5.765247e+003,3.013552e-002
5.765729e+003,3.490297e-002
5.766211e+003,3.796259e-002
5.766693e+003,3.792224e-002
5.767175e+003,3.412478e-002
5.767657e+003,2.677813e-002
5.768139e+003,1.677867e-002
5.768622e+003,5.311690e-003
5.769104e+003,-6.584307e-003
5.769586e+003,-1.828031e-002
5.770068e+003,-2.951921e-002
5.770550e+003,-4.022091e-002
5.771032e+003,-4.968862e-002
5.771514e+003,-5.673494e-002
5.771997e+003,-5.966105e-002
5.772479e+003,-5.676130e-002
5.772960e+003,-4.706483e-002
5.773443e+003,-3.100645e-002
5.773925e+003,-1.070240e-002
5.774407e+003,1.036252e-002
5.774889e+003,2.820344e-002
5.775371e+003,3.949366e-002
5.775854e+003,4.261049e-002
5.776335e+003,3.818734e-002
5.776817e+003,2.896606e-002
5.777300e+003,1.899454e-002
5.777782e+003,1.244065e-002
5.778264e+003,1.240480e-002
5.778746e+003,2.008938e-002
5.779228e+003,3.454369e-002
5.779710e+003,5.301464e-002
5.780192e+003,7.175763e-002
5.780675e+003,8.705076e-002
5.781157e+003,9.613022e-002
5.781639e+003,9.781832e-002
5.782121e+003,9.271719e-002
5.782603e+003,8.295771e-002
5.783085e+003,7.159413e-002
5.783567e+003,6.180591e-002
5.784049e+003,5.610559e-002
5.784532e+003,5.574510e-002
5.785014e+003,6.046559e-002
5.785496e+003,6.865025e-002
5.785978e+003,7.783048e-002
5.786460e+003,8.539476e-002
5.786942e+003,8.928646e-002
5.787424e+003,8.847960e-002
5.787906e+003,8.309728e-002
5.788389e+003,7.416291e-002
5.788871e+003,6.310551e-002
5.789353e+003,5.122135e-002
5.789835e+003,3.929441e-002
5.790317e+003,2.749676e-002
5.790799e+003,1.556723e-002
5.791281e+003,3.154824e-003
5.791764e+003,-9.840670e-003
5.792246e+003,-2.307561e-002
5.792728e+003,-3.577872e-002
5.793210e+003,-4.693741e-002
5.793692e+003,-5.554499e-002
5.794174e+003,-6.079260e-002
5.794656e+003,-6.214153e-002
5.795138e+003,-5.929101e-002
5.795621e+003,-5.211570e-002
5.796103e+003,-4.065877e-002
5.796585e+003,-2.522132e-002
5.797067e+003,-6.516797e-003
5.797549e+003,1.419730e-002
5.798031e+003,3.511005e-002
5.798513e+003,5.402192e-002
5.798995e+003,6.865700e-002
5.799478e+003,7.702461e-002
5.799959e+003,7.771050e-002
5.800442e+003,7.001727e-002
5.800924e+003,5.395560e-002
5.801406e+003,3.017067e-002
5.801888e+003,-1.232005e-004
5.802370e+003,-3.505611e-002
5.802853e+003,-7.198433e-002
5.803334e+003,-1.074438e-001
5.803816e+003,-1.373494e-001
5.804299e+003,-1.575429e-001
5.804781e+003,-1.646466e-001
5.805263e+003,-1.570065e-001
5.805745e+003,-1.354031e-001
5.806227e+003,-1.032222e-001
5.806709e+003,-6.593005e-002
5.807191e+003,-2.992520e-002
5.807674e+003,-1.070226e-003
5.808156e+003,1.666520e-002
5.808638e+003,2.203605e-002
5.809120e+003,1.658798e-002
5.809602e+003,3.979194e-003
5.810084e+003,-1.117105e-002
5.810566e+003,-2.450147e-002
5.811048e+003,-3.282194e-002
5.811531e+003,-3.451643e-002
5.812013e+003,-2.945329e-002
5.812495e+003,-1.859082e-002
5.812977e+003,-3.521457e-003
5.813459e+003,1.386562e-002
5.813941e+003,3.155345e-002
5.814423e+003,4.747041e-002
5.814905e+003,5.958984e-002
5.815388e+003,6.614158e-002
5.815870e+003,6.592440e-002
5.816352e+003,5.861311e-002
5.816834e+003,4.491764e-002
5.817316e+003,2.649239e-002
5.817798e+003,5.593256e-003
5.818280e+003,-1.541242e-002
5.818763e+003,-3.451835e-002
5.819245e+003,-5.038340e-002
5.819727e+003,-6.239474e-002
5.820209e+003,-7.051950e-002
5.820691e+003,-7.504857e-002
5.821173e+003,-7.635255e-002
5.821655e+003,-7.473210e-002
5.822137e+003,-7.038151e-002
5.822620e+003,-6.343361e-002
5.823102e+003,-5.403836e-002
5.823583e+003,-4.244273e-002
5.824066e+003,-2.906279e-002
5.824548e+003,-1.454731e-002
5.825030e+003,1.853970e-004
5.825512e+003,1.398017e-002
5.825994e+003,2.559709e-002
5.826477e+003,3.399698e-002
5.826958e+003,3.870239e-002
5.827440e+003,4.010094e-002
5.827923e+003,3.952748e-002
5.828405e+003,3.900899e-002
5.828887e+003,4.067937e-002
5.829369e+003,4.602372e-002
5.829852e+003,5.522322e-002
5.830333e+003,6.688197e-002
5.830815e+003,7.830120e-002
5.831298e+003,8.626252e-002
5.831780e+003,8.807081e-002
5.832262e+003,8.252616e-002
5.832744e+003,7.026889e-002
5.833226e+003,5.377363e-002
5.833708e+003,3.658934e-002
5.834190e+003,2.230808e-002
5.834672e+003,1.357890e-002
5.835155e+003,1.148330e-002
5.835637e+003,1.543531e-002
5.836119e+003,2.357337e-002
5.836601e+003,3.345243e-002
5.837083e+003,4.277859e-002
5.837565e+003,4.996435e-002
5.838047e+003,5.438397e-002
5.838529e+003,5.632130e-002
5.839012e+003,5.668356e-002
5.839494e+003,5.659167e-002
5.839976e+003,5.696023e-002
5.840458e+003,5.816934e-002
5.840940e+003,5.991421e-002
5.841422e+003,6.129000e-002
5.841904e+003,6.111748e-002
5.842387e+003,5.843657e-002
5.842869e+003,5.301035e-002
5.843351e+003,4.563193e-002
5.843833e+003,3.805270e-002
5.844315e+003,3.247076e-002
5.844797e+003,3.070218e-002
5.845279e+003,3.333106e-002
5.845761e+003,3.920728e-002
5.846244e+003,4.557673e-002
5.846726e+003,4.889804e-002
5.847208e+003,4.610964e-002
5.847690e+003,3.588302e-002
5.848172e+003,1.934551e-002
5.848654e+003,-8.173878e-005
5.849136e+003,-1.775135e-002
5.849618e+003,-2.941239e-002
5.850101e+003,-3.278256e-002
5.850583e+003,-2.844783e-002
5.851065e+003,-1.970708e-002
5.851547e+003,-1.138651e-002
5.852029e+003,-8.057585e-003
5.852511e+003,-1.233100e-002
5.852993e+003,-2.387197e-002
5.853476e+003,-3.949618e-002
5.853958e+003,-5.428397e-002
5.854439e+003,-6.326563e-002
5.854922e+003,-6.303710e-002
5.855404e+003,-5.273141e-002
5.855886e+003,-3.405483e-002
5.856368e+003,-1.047318e-002
5.856850e+003,1.405422e-002
5.857333e+003,3.626855e-002
5.857814e+003,5.430353e-002
5.858297e+003,6.770626e-002
5.858779e+003,7.691739e-002
5.859261e+003,8.255005e-002
5.859743e+003,8.484235e-002
5.860225e+003,8.352403e-002
5.860707e+003,7.810787e-002
5.861189e+003,6.840139e-002
5.861671e+003,5.493310e-002
5.862154e+003,3.904045e-002
5.862636e+003,2.254462e-002
5.863118e+003,7.157477e-003
5.863600e+003,-6.113682e-003
5.864082e+003,-1.724734e-002
5.864564e+003,-2.702720e-002
5.865046e+003,-3.646432e-002
5.865528e+003,-4.607698e-002
5.866011e+003,-5.537105e-002
5.866493e+003,-6.278960e-002
5.866975e+003,-6.619545e-002
5.867457e+003,-6.370994e-002
5.867939e+003,-5.455781e-002
5.868421e+003,-3.954734e-002
5.868903e+003,-2.095724e-002
5.869386e+003,-1.845687e-003
5.869868e+003,1.495682e-002
5.870350e+003,2.777433e-002
5.870832e+003,3.656654e-002
5.871314e+003,4.278507e-002
5.871796e+003,4.867994e-002
5.872278e+003,5.634378e-002
5.872760e+003,6.686333e-002
5.873243e+003,7.987513e-002
5.873725e+003,9.364495e-002
5.874207e+003,1.055880e-001
5.874689e+003,1.130135e-001
5.875171e+003,1.138463e-001
5.875653e+003,1.071479e-001
5.876135e+003,9.336206e-002
5.876617e+003,7.429785e-002
5.877100e+003,5.289060e-002
5.877582e+003,3.276648e-002
5.878064e+003,1.761957e-002
5.878546e+003,1.043708e-002
5.879028e+003,1.268885e-002
5.879510e+003,2.369641e-002
5.879992e+003,4.044580e-002
5.880475e+003,5.804254e-002
5.880957e+003,7.081566e-002
5.881438e+003,7.381858e-002
5.881921e+003,6.426662e-002
5.882403e+003,4.240387e-002
5.882885e+003,1.145722e-002
5.883367e+003,-2.334192e-002
5.883849e+003,-5.633205e-002
5.884332e+003,-8.302072e-002
5.884813e+003,-1.011281e-001
5.885296e+003,-1.107302e-001
5.885778e+003,-1.135390e-001
5.886260e+003,-1.117220e-001
5.886742e+003,-1.068326e-001
5.887224e+003,-9.932967e-002
5.887706e+003,-8.884775e-002
5.888188e+003,-7.500394e-002
5.888670e+003,-5.826928e-002
5.889153e+003,-4.041056e-002
5.889635e+003,-2.422954e-002
5.890117e+003,-1.267991e-002
5.890599e+003,-7.753237e-003
5.891081e+003,-9.647889e-003
5.891563e+003,-1.660915e-002
5.892045e+003,-2.552377e-002
5.892527e+003,-3.301415e-002
5.893010e+003,-3.656505e-002
5.893492e+003,-3.522423e-002
5.893974e+003,-2.969512e-002
5.894456e+003,-2.156596e-002
5.894938e+003,-1.266680e-002
5.895420e+003,-4.273524e-003
5.895902e+003,3.213056e-003
5.896385e+003,1.011451e-002
5.896867e+003,1.701480e-002
5.897349e+003,2.427397e-002
5.897831e+003,3.175867e-002
5.898313e+003,3.887891e-002
5.898795e+003,4.484590e-002
5.899277e+003,4.896490e-002
5.899759e+003,5.079565e-002
5.900242e+003,5.012807e-002
5.900724e+003,4.685180e-002
5.901206e+003,4.086890e-002
5.901688e+003,3.216246e-002
5.902170e+003,2.101847e-002
5.902652e+003,8.272332e-003
5.903134e+003,-4.603936e-003
5.903616e+003,-1.570278e-002
5.904099e+003,-2.315493e-002
5.904581e+003,-2.570305e-002
5.905063e+003,-2.311990e-002
5.905545e+003,-1.626243e-002
5.906027e+003,-6.715257e-003
5.906509e+003,3.824549e-003
5.906991e+003,1.413715e-002
5.907474e+003,2.376801e-002
5.907956e+003,3.288342e-002
5.908438e+003,4.178059e-002
5.908920e+003,5.031823e-002
5.909402e+003,5.758471e-002
5.909884e+003,6.201263e-002
5.910366e+003,6.192664e-002
5.910848e+003,5.628675e-002
5.911331e+003,4.527662e-002
5.911813e+003,3.044195e-002
5.912294e+003,1.428826e-002
5.912777e+003,-5.033388e-004
5.913259e+003,-1.190291e-002
5.913741e+003,-1.904015e-002
5.914223e+003,-2.218098e-002
5.914705e+003,-2.221060e-002
5.915188e+003,-1.989636e-002
5.915669e+003,-1.530895e-002
5.916151e+003,-7.701682e-003
5.916634e+003,4.073753e-003
5.917116e+003,2.079557e-002
5.917598e+003,4.210040e-002
5.918080e+003,6.608140e-002
5.918563e+003,8.947332e-002
5.919044e+003,1.083934e-001
5.919526e+003,1.193733e-001
5.920009e+003,1.203021e-001
5.920491e+003,1.109495e-001
5.920973e+003,9.292115e-002
5.921455e+003,6.912435e-002
5.921937e+003,4.298814e-002
5.922419e+003,1.772302e-002
5.922901e+003,-4.171428e-003
5.923383e+003,-2.109027e-002
5.923866e+003,-3.226975e-002
5.924348e+003,-3.763372e-002
5.924830e+003,-3.767962e-002
5.925312e+003,-3.331575e-002
5.925794e+003,-2.585999e-002
5.926276e+003,-1.687882e-002
5.926758e+003,-7.965744e-003
5.927240e+003,-4.560739e-004
5.927723e+003,4.837127e-003
5.928205e+003,7.767022e-003
5.928687e+003,8.818775e-003
5.929169e+003,8.910622e-003
5.929651e+003,9.107510e-003
5.930133e+003,1.034486e-002
5.930615e+003,1.323210e-002
5.931098e+003,1.795207e-002
5.931580e+003,2.422959e-002
5.932062e+003,3.133792e-002
5.932544e+003,3.814197e-002
5.933026e+003,4.321611e-002
5.933508e+003,4.508266e-002
5.933990e+003,4.257357e-002
5.934472e+003,3.523573e-002
5.934955e+003,2.362392e-002
5.935437e+003,9.309215e-003
5.935919e+003,-5.492378e-003
5.936401e+003,-1.861152e-002
5.936883e+003,-2.871147e-002
5.937365e+003,-3.584901e-002
5.937847e+003,-4.153351e-002
5.938329e+003,-4.818676e-002
5.938812e+003,-5.815127e-002
5.939293e+003,-7.260425e-002
5.939776e+003,-9.080210e-002
5.940258e+003,-1.099762e-001
5.940740e+003,-1.259533e-001
5.941222e+003,-1.342922e-001
5.941704e+003,-1.315325e-001
5.942187e+003,-1.161202e-001
5.942668e+003,-8.872179e-002
5.943150e+003,-5.188860e-002
5.943633e+003,-9.275321e-003
5.944115e+003,3.525347e-002
5.944597e+003,7.831462e-002
5.945079e+003,1.173309e-001
5.945561e+003,1.505118e-001
5.946043e+003,1.766510e-001
5.946525e+003,1.949318e-001
5.947008e+003,2.048596e-001
5.947490e+003,2.063255e-001
5.947972e+003,1.997166e-001
5.948454e+003,1.859678e-001
5.948936e+003,1.665009e-001
5.949418e+003,1.430748e-001
5.949900e+003,1.176174e-001
5.950382e+003,9.209909e-002
5.950865e+003,6.845622e-002
5.951347e+003,4.850713e-002
5.951829e+003,3.379069e-002
5.952311e+003,2.530115e-002
5.952793e+003,2.318113e-002
5.953275e+003,2.651034e-002
5.953757e+003,3.333772e-002
5.954239e+003,4.102909e-002
5.954722e+003,4.686927e-002
5.955204e+003,4.873026e-002
5.955686e+003,4.557756e-002
5.956168e+003,3.757820e-002
5.956650e+003,2.591573e-002
5.957132e+003,1.227387e-002
5.957614e+003,-1.680530e-003
5.958097e+003,-1.462477e-002
5.958579e+003,-2.562105e-002
5.959061e+003,-3.393242e-002
5.959543e+003,-3.879148e-002
5.960025e+003,-3.931444e-002
5.960507e+003,-3.466024e-002
5.960989e+003,-2.438462e-002
5.961471e+003,-8.815490e-003
5.961954e+003,1.075795e-002
5.962436e+003,3.221466e-002
5.962918e+003,5.303937e-002
5.963400e+003,7.091786e-002
5.963882e+003,8.427069e-002
5.964364e+003,9.253943e-002
5.964846e+003,9.615280e-002
5.965328e+003,9.623751e-002
5.965811e+003,9.422460e-002
5.966292e+003,9.150695e-002
5.966775e+003,8.923049e-002
5.967257e+003,8.820508e-002
5.967739e+003,8.886104e-002
5.968221e+003,9.118088e-002
5.968703e+003,9.460205e-002
5.969186e+003,9.795907e-002
5.969667e+003,9.957204e-002
5.970149e+003,9.755145e-002
5.970632e+003,9.029788e-002
5.971114e+003,7.706536e-002
5.971596e+003,5.839258e-002
5.972078e+003,3.621862e-002
5.972560e+003,1.359512e-002
5.973042e+003,-5.956048e-003
5.973524e+003,-1.926493e-002
5.974007e+003,-2.427748e-002
5.974489e+003,-2.054303e-002
5.974971e+003,-9.292361e-003
5.975453e+003,6.907201e-003
5.975935e+003,2.482179e-002
5.976417e+003,4.136953e-002
5.976899e+003,5.437595e-002
5.977381e+003,6.306857e-002
5.977864e+003,6.816985e-002
5.978346e+003,7.154451e-002
5.978828e+003,7.547565e-002
5.979310e+003,8.176181e-002
5.979792e+003,9.090665e-002
5.980274e+003,1.016809e-001
5.980756e+003,1.112521e-001
5.981238e+003,1.159087e-001
5.981721e+003,1.121991e-001
5.982203e+003,9.813637e-002
5.982685e+003,7.405535e-002
5.983167e+003,4.279904e-002
5.983649e+003,9.121698e-003
5.984131e+003,-2.153049e-002
5.984613e+003,-4.448083e-002
5.985095e+003,-5.705504e-002
5.985578e+003,-5.919150e-002
5.986060e+003,-5.324555e-002
5.986542e+003,-4.307880e-002
5.987024e+003,-3.272548e-002
5.987506e+003,-2.515713e-002
5.987988e+003,-2.142445e-002
5.988470e+003,-2.049635e-002
5.988953e+003,-1.978910e-002
5.989435e+003,-1.618386e-002
5.989917e+003,-7.197279e-003
5.990399e+003,8.054473e-003
5.990881e+003,2.838304e-002
5.991363e+003,5.068675e-002
5.991845e+003,7.070647e-002
5.992327e+003,8.417361e-002
5.992810e+003,8.802648e-002
5.993292e+003,8.133670e-002
5.993773e+003,6.566031e-002
5.994256e+003,4.469379e-002
5.994738e+003,2.332371e-002
5.995220e+003,6.345070e-003
5.995702e+003,-2.775798e-003
5.996184e+003,-2.735257e-003
5.996667e+003,5.402832e-003
5.997148e+003,1.865538e-002
5.997631e+003,3.304242e-002
5.998113e+003,4.467648e-002
5.998595e+003,5.069816e-002
5.999077e+003,4.983385e-002
5.999559e+003,4.250383e-002
6.000041e+003,3.054704e-002
6.000523e+003,1.670438e-002
6.001005e+003,4.003836e-003
6.001488e+003,-4.847806e-003
6.001970e+003,-7.999411e-003
6.002452e+003,-4.852725e-003
6.002934e+003,3.761229e-003
6.003416e+003,1.571854e-002
6.003898e+003,2.809908e-002
6.004380e+003,3.798015e-002
6.004862e+003,4.332317e-002
6.005345e+003,4.365094e-002
6.005827e+003,4.022526e-002
6.006309e+003,3.558467e-002
6.006791e+003,3.254469e-002
6.007273e+003,3.300325e-002
6.007755e+003,3.701906e-002
6.008237e+003,4.256815e-002
6.008720e+003,4.613786e-002
6.009202e+003,4.398034e-002
6.009684e+003,3.356518e-002
6.010166e+003,1.467068e-002
6.010648e+003,-1.031299e-002
6.011130e+003,-3.698717e-002
6.011612e+003,-6.022224e-002
6.012094e+003,-7.563022e-002
6.012577e+003,-8.071013e-002
6.013059e+003,-7.530923e-002
6.013541e+003,-6.133607e-002
6.014023e+003,-4.194735e-002
6.014505e+003,-2.058735e-002
6.014987e+003,-2.337663e-004
6.015469e+003,1.696327e-002
6.015951e+003,2.967450e-002
6.016434e+003,3.719215e-002
6.016916e+003,3.924308e-002
6.017398e+003,3.594022e-002
6.017880e+003,2.785965e-002
6.018362e+003,1.613786e-002
6.018844e+003,2.469442e-003
6.019326e+003,-1.107242e-002
6.019809e+003,-2.235976e-002
6.020291e+003,-2.956943e-002
6.020772e+003,-3.145773e-002
6.021255e+003,-2.747980e-002
6.021737e+003,-1.776210e-002
6.022219e+003,-2.995832e-003
6.022701e+003,1.567210e-002
6.023183e+003,3.671575e-002
6.023666e+003,5.829798e-002
6.024147e+003,7.839154e-002
6.024630e+003,9.500380e-002
6.025112e+003,1.065017e-001
6.025594e+003,1.119632e-001
6.026076e+003,1.114364e-001
6.026558e+003,1.059960e-001
6.027040e+003,9.754304e-002
6.027522e+003,8.838236e-002
6.028004e+003,8.068605e-002
6.028487e+003,7.598830e-002
6.028969e+003,7.484517e-002
6.029451e+003,7.674147e-002
6.029933e+003,8.026277e-002
6.030415e+003,8.348745e-002
6.030897e+003,8.450833e-002
6.031379e+003,8.196280e-002
6.031861e+003,7.544419e-002
6.032344e+003,6.568135e-002
6.032826e+003,5.441847e-002
6.033308e+003,4.399977e-002
6.033790e+003,3.674783e-002
6.034272e+003,3.429786e-002
6.034754e+003,3.708211e-002
6.035236e+003,4.412763e-002
6.035719e+003,5.324117e-002
6.036201e+003,6.153439e-002
6.036683e+003,6.613766e-002
6.037165e+003,6.490013e-002
6.037647e+003,5.689620e-002
6.038129e+003,4.263347e-002
6.038611e+003,2.395206e-002
6.039093e+003,3.673837e-003
6.039576e+003,-1.490793e-002
6.040058e+003,-2.861523e-002
6.040540e+003,-3.497715e-002
6.041022e+003,-3.275627e-002
6.041504e+003,-2.231567e-002
6.041986e+003,-5.710745e-003
6.042468e+003,1.359862e-002
6.042950e+003,3.144253e-002
6.043433e+003,4.393692e-002
6.043915e+003,4.853069e-002
6.044396e+003,4.477120e-002
6.044879e+003,3.449517e-002
6.045361e+003,2.132257e-002
6.045843e+003,9.579367e-003
6.046325e+003,2.996576e-003
6.046808e+003,3.631406e-003
6.047290e+003,1.137969e-002
6.047771e+003,2.422409e-002
6.048254e+003,3.907672e-002
6.048736e+003,5.288758e-002
6.049218e+003,6.354436e-002
6.049700e+003,7.030457e-002
6.050182e+003,7.365350e-002
6.050665e+003,7.475502e-002
6.051146e+003,7.480324e-002
6.051629e+003,7.457007e-002
6.052111e+003,7.429747e-002
6.052593e+003,7.388502e-002
6.053075e+003,7.318363e-002
6.053557e+003,7.218494e-002
6.054039e+003,7.099657e-002
6.054521e+003,6.964397e-002
6.055003e+003,6.785783e-002
6.055485e+003,6.502324e-002
6.055968e+003,6.037427e-002
6.056450e+003,5.337225e-002
6.056932e+003,4.408538e-002
6.057414e+003,3.336573e-002
6.057896e+003,2.270233e-002
6.058378e+003,1.378249e-002
6.058860e+003,7.931903e-003
6.059343e+003,5.665906e-003
6.059825e+003,6.534123e-003
6.060307e+003,9.308035e-003
6.060789e+003,1.240990e-002
6.061271e+003,1.438851e-002
6.061753e+003,1.425158e-002
6.062235e+003,1.155686e-002
6.062718e+003,6.288372e-003
6.063200e+003,-1.361733e-003
6.063682e+003,-1.116480e-002
6.064164e+003,-2.289210e-002
6.064646e+003,-3.621766e-002
6.065128e+003,-5.056567e-002
6.065610e+003,-6.500665e-002
6.066092e+003,-7.827834e-002
6.066574e+003,-8.894370e-002
6.067057e+003,-9.563902e-002
6.067539e+003,-9.733625e-002
6.068021e+003,-9.355007e-002
6.068503e+003,-8.445036e-002
6.068985e+003,-7.086866e-002
6.069467e+003,-5.420377e-002
6.069949e+003,-3.623375e-002
6.070432e+003,-1.884949e-002
6.070914e+003,-3.744648e-003
6.071396e+003,7.870757e-003
6.071878e+003,1.544469e-002
6.072360e+003,1.907024e-002
6.072842e+003,1.927051e-002
6.073324e+003,1.665605e-002
6.073807e+003,1.160590e-002
6.074289e+003,4.141282e-003
6.074771e+003,-5.908740e-003
6.075253e+003,-1.848700e-002
6.075735e+003,-3.281913e-002
6.076217e+003,-4.712158e-002
6.076699e+003,-5.873303e-002
6.077181e+003,-6.473168e-002
6.077663e+003,-6.287717e-002
6.078146e+003,-5.252898e-002
6.078627e+003,-3.514345e-002
6.079110e+003,-1.406898e-002
6.079592e+003,6.290776e-003
6.080074e+003,2.184482e-002
6.080556e+003,2.999589e-002
6.081038e+003,3.030665e-002
6.081521e+003,2.437709e-002
6.082002e+003,1.501216e-002
6.082484e+003,5.051733e-003
6.082967e+003,-3.635932e-003
6.083449e+003,-1.058796e-002
6.083931e+003,-1.647281e-002
6.084413e+003,-2.230089e-002
6.084896e+003,-2.854316e-002
6.085377e+003,-3.460895e-002
6.085859e+003,-3.895048e-002
6.086342e+003,-3.975659e-002
6.086824e+003,-3.591156e-002
6.087306e+003,-2.776335e-002
6.087788e+003,-1.732435e-002
6.088270e+003,-7.782257e-003
6.088752e+003,-2.505070e-003
6.089234e+003,-3.939807e-003
6.089716e+003,-1.283634e-002
6.090199e+003,-2.807007e-002
6.090681e+003,-4.707459e-002
6.091163e+003,-6.665071e-002
6.091645e+003,-8.380030e-002
6.092127e+003,-9.628431e-002
6.092609e+003,-1.027824e-001
6.093091e+003,-1.027412e-001
6.093573e+003,-9.612785e-002
6.094056e+003,-8.329859e-002
6.094538e+003,-6.506612e-002
6.095020e+003,-4.288015e-002
6.095502e+003,-1.892413e-002
6.095984e+003,4.059095e-003
6.096466e+003,2.327021e-002
6.096948e+003,3.655841e-002
6.097431e+003,4.306229e-002
6.097913e+003,4.349955e-002
6.098395e+003,3.993990e-002
6.098877e+003,3.510720e-002
6.099359e+003,3.146137e-002
6.099841e+003,3.040977e-002
6.100323e+003,3.194736e-002
6.100805e+003,3.484201e-002
6.101288e+003,3.725983e-002
6.101770e+003,3.755593e-002
6.102252e+003,3.491531e-002
6.102734e+003,2.961781e-002
6.103216e+003,2.287401e-002
6.103698e+003,1.635122e-002
6.104180e+003,1.160773e-002
6.104662e+003,9.647245e-003
6.105145e+003,1.071458e-002
6.105626e+003,1.433616e-002
6.106108e+003,1.952306e-002
6.106591e+003,2.503250e-002
6.107073e+003,2.961705e-002
6.107555e+003,3.224111e-002
6.108037e+003,3.227283e-002
6.108520e+003,2.964643e-002
6.109001e+003,2.495338e-002
6.109483e+003,1.939389e-002
6.109966e+003,1.452750e-002
6.110448e+003,1.189578e-002
6.110930e+003,1.252502e-002
6.111412e+003,1.657616e-002
6.111894e+003,2.325963e-002
6.112376e+003,3.109406e-002
6.112858e+003,3.843190e-002
6.113341e+003,4.404181e-002
6.113823e+003,4.749214e-002
6.114305e+003,4.914935e-002
6.114787e+003,4.977442e-002
6.115269e+003,4.988978e-002
6.115751e+003,4.921517e-002
6.116233e+003,4.646605e-002
6.116715e+003,3.966651e-002
6.117197e+003,2.690661e-002
6.117680e+003,7.266351e-003
6.118162e+003,-1.846903e-002
6.118644e+003,-4.761872e-002
6.119126e+003,-7.606094e-002
6.119608e+003,-9.920467e-002
6.120090e+003,-1.131531e-001
6.120572e+003,-1.156689e-001
6.121055e+003,-1.066348e-001
6.121537e+003,-8.789827e-002
6.122019e+003,-6.260645e-002
6.122501e+003,-3.430182e-002
6.122983e+003,-6.097438e-003
6.123465e+003,1.981968e-002
6.123947e+003,4.225846e-002
6.124430e+003,6.073523e-002
6.124912e+003,7.501341e-002
6.125394e+003,8.469406e-002
6.125876e+003,8.903080e-002
6.126358e+003,8.704040e-002
6.126840e+003,7.786381e-002
6.127322e+003,6.124537e-002
6.127804e+003,3.795521e-002
6.128286e+003,9.994618e-003
6.128769e+003,-1.951738e-002
6.129251e+003,-4.678929e-002
6.129733e+003,-6.805128e-002
6.130215e+003,-8.033513e-002
6.130697e+003,-8.214013e-002
6.131179e+003,-7.380153e-002
6.131661e+003,-5.745118e-002
6.132144e+003,-3.656622e-002
6.132625e+003,-1.521363e-002
6.133107e+003,2.819750e-003
6.133590e+003,1.479431e-002
6.134072e+003,1.950264e-002
6.134554e+003,1.737844e-002
6.135036e+003,1.024265e-002
6.135519e+003,7.866886e-004
6.136000e+003,-8.063219e-003
6.136482e+003,-1.376118e-002
6.136965e+003,-1.463048e-002
6.137447e+003,-1.016090e-002
6.137929e+003,-1.079428e-003
6.138411e+003,1.082006e-002
6.138893e+003,2.307878e-002
6.139375e+003,3.315641e-002
6.139857e+003,3.908931e-002
6.140339e+003,4.006228e-002
6.140822e+003,3.671089e-002
6.141304e+003,3.101106e-002
6.141786e+003,2.573963e-002
6.142268e+003,2.359894e-002
6.142750e+003,2.627567e-002
6.143232e+003,3.375599e-002
6.143714e+003,4.416920e-002
6.144196e+003,5.426702e-002
6.144679e+003,6.041756e-002
6.145161e+003,5.979102e-002
6.145643e+003,5.132335e-002
6.146125e+003,3.611031e-002
6.146607e+003,1.708919e-002
6.147089e+003,-1.873659e-003
6.147571e+003,-1.715563e-002
6.148054e+003,-2.639451e-002
6.148536e+003,-2.900981e-002
6.149018e+003,-2.609160e-002
6.149500e+003,-1.976376e-002
6.149982e+003,-1.231744e-002
6.150464e+003,-5.470450e-003
6.150946e+003,-2.054330e-005
6.151428e+003,4.031580e-003
6.151911e+003,7.021668e-003
6.152393e+003,9.089401e-003
6.152875e+003,9.848383e-003
6.153357e+003,8.421560e-003
6.153839e+003,3.830366e-003
6.154321e+003,-4.438980e-003
6.154803e+003,-1.595342e-002
6.155285e+003,-2.917107e-002
6.155768e+003,-4.170989e-002
6.156250e+003,-5.098619e-002
6.156732e+003,-5.501500e-002
6.157214e+003,-5.309617e-002
6.157696e+003,-4.614378e-002
6.158178e+003,-3.653104e-002
6.158660e+003,-2.747846e-002
6.159143e+003,-2.215635e-002
6.159625e+003,-2.276270e-002
6.160106e+003,-2.985004e-002
6.160589e+003,-4.210631e-002
6.161071e+003,-5.666425e-002
6.161553e+003,-6.985796e-002
6.162035e+003,-7.820724e-002
6.162517e+003,-7.933558e-002
6.163000e+003,-7.254353e-002
6.163481e+003,-5.886803e-002
6.163964e+003,-4.062848e-002
6.164446e+003,-2.063305e-002
6.164928e+003,-1.331792e-003
6.165410e+003,1.578685e-002
6.165892e+003,3.035898e-002
6.166374e+003,4.284255e-002
6.166856e+003,5.390840e-002
6.167338e+003,6.380562e-002
6.167821e+003,7.199048e-002
6.168303e+003,7.719187e-002
6.168785e+003,7.789453e-002
6.169267e+003,7.303347e-002
6.169749e+003,6.259523e-002
6.170231e+003,4.785377e-002
6.170713e+003,3.112033e-002
6.171195e+003,1.509293e-002
6.171678e+003,2.060601e-003
6.172160e+003,-6.719329e-003
6.172642e+003,-1.123437e-002
6.173124e+003,-1.246074e-002
6.173606e+003,-1.178274e-002
6.174088e+003,-1.035913e-002
6.174570e+003,-8.708965e-003
6.175053e+003,-6.669222e-003
6.175535e+003,-3.697037e-003
6.176017e+003,6.656702e-004
6.176499e+003,6.407147e-003
6.176981e+003,1.292508e-002
6.177463e+003,1.921411e-002
6.177945e+003,2.425458e-002
6.178427e+003,2.740781e-002
6.178910e+003,2.863670e-002
6.179392e+003,2.846932e-002
6.179874e+003,2.775296e-002
6.180356e+003,2.733834e-002
6.180838e+003,2.784737e-002
6.181320e+003,2.960879e-002
6.181802e+003,3.273987e-002
6.182284e+003,3.726865e-002
6.182767e+003,4.317557e-002
6.183249e+003,5.029511e-002
6.183730e+003,5.812015e-002
6.184213e+003,6.563596e-002
6.184695e+003,7.132722e-002
6.185177e+003,7.343693e-002
6.185659e+003,7.043827e-002
6.186142e+003,6.156497e-002
6.186624e+003,4.719241e-002
6.187105e+003,2.889810e-002
6.187588e+003,9.148736e-003
6.188070e+003,-9.292974e-003
6.188552e+003,-2.403806e-002
6.189034e+003,-3.358860e-002
6.189516e+003,-3.754120e-002
6.189999e+003,-3.643987e-002
6.190480e+003,-3.137285e-002
6.190963e+003,-2.349027e-002
6.191445e+003,-1.363022e-002
6.191927e+003,-2.178945e-003
6.192409e+003,1.081080e-002
6.192891e+003,2.532129e-002
6.193373e+003,4.103199e-002
6.193855e+003,5.708997e-002
6.194337e+003,7.209106e-002
6.194819e+003,8.429546e-002
6.195302e+003,9.201659e-002
6.195784e+003,9.405840e-002
6.196266e+003,9.005558e-002
6.196748e+003,8.060222e-002
6.197230e+003,6.712847e-002
6.197712e+003,5.157102e-002
6.198194e+003,3.595371e-002
6.198677e+003,2.202035e-002
6.199159e+003,1.103044e-002
6.199641e+003,3.755591e-003
6.200123e+003,6.208553e-004
6.200605e+003,1.867148e-003
6.201087e+003,7.602215e-003
6.201569e+003,1.766991e-002
6.202052e+003,3.138087e-002
6.202534e+003,4.725869e-002
6.203016e+003,6.299585e-002
6.203498e+003,7.575461e-002
6.203980e+003,8.283755e-002
6.204462e+003,8.253642e-002
6.204944e+003,7.486624e-002
6.205426e+003,6.187695e-002
6.205908e+003,4.735475e-002
6.206391e+003,3.593867e-002
6.206873e+003,3.189814e-002
6.207355e+003,3.795830e-002
6.207837e+003,5.455478e-002
6.208319e+003,7.974685e-002
6.208801e+003,1.097785e-001
6.209283e+003,1.400551e-001
6.209766e+003,1.661894e-001
6.210248e+003,1.848044e-001
6.210729e+003,1.939280e-001
6.211212e+003,1.929920e-001
6.211694e+003,1.825806e-001
6.212176e+003,1.641091e-001
6.212658e+003,1.395515e-001
6.213141e+003,1.112422e-001
6.213623e+003,8.169243e-002
6.214104e+003,5.335600e-002
6.214587e+003,2.833043e-002
6.215069e+003,8.060881e-003
6.215551e+003,-6.836980e-003
6.216033e+003,-1.654012e-002
6.216515e+003,-2.175859e-002
6.216997e+003,-2.334988e-002
6.217479e+003,-2.196912e-002
6.217961e+003,-1.790269e-002
6.218444e+003,-1.114337e-002
6.218926e+003,-1.646269e-003
6.219408e+003,1.038374e-002
6.219890e+003,2.433130e-002
6.220372e+003,3.922269e-002
6.220854e+003,5.395951e-002
6.221336e+003,6.760610e-002
6.221818e+003,7.957823e-002
6.222301e+003,8.963877e-002
6.222783e+003,9.771590e-002
6.223265e+003,1.036578e-001
6.223747e+003,1.070749e-001
6.224229e+003,1.073744e-001
6.224711e+003,1.039848e-001
6.225193e+003,9.666692e-002
6.225676e+003,8.575220e-002
6.226158e+003,7.217979e-002
6.226640e+003,5.729854e-002
6.227122e+003,4.251061e-002
6.227604e+003,2.890714e-002
6.228086e+003,1.704720e-002
6.228568e+003,6.960162e-003
6.229050e+003,-1.652593e-003
6.229533e+003,-9.124729e-003
6.230015e+003,-1.557558e-002
6.230497e+003,-2.080173e-002
6.230979e+003,-2.433331e-002
6.231461e+003,-2.560822e-002
6.231943e+003,-2.418283e-002
6.232425e+003,-1.990535e-002
6.232907e+003,-1.301370e-002
6.233390e+003,-4.263593e-003
6.233872e+003,5.469281e-003
6.234354e+003,1.492952e-002
6.234836e+003,2.277968e-002
6.235318e+003,2.785070e-002
6.235800e+003,2.944203e-002
6.236282e+003,2.760105e-002
6.236765e+003,2.327662e-002
6.237247e+003,1.824359e-002
6.237729e+003,1.475007e-002
6.238211e+003,1.493403e-002
6.238693e+003,2.015844e-002
6.239175e+003,3.047883e-002
6.239657e+003,4.444782e-002
6.240139e+003,5.936925e-002
6.240622e+003,7.196650e-002
6.241104e+003,7.928172e-002
6.241586e+003,7.953271e-002
6.242068e+003,7.265338e-002
6.242550e+003,6.033786e-002
6.243032e+003,4.556228e-002
6.243514e+003,3.172533e-002
6.243996e+003,2.167499e-002
6.244479e+003,1.692894e-002
6.244960e+003,1.733426e-002
6.245443e+003,2.126696e-002
6.245925e+003,2.628910e-002
6.246407e+003,3.002687e-002
6.246889e+003,3.095981e-002
6.247371e+003,2.884766e-002
6.247854e+003,2.465832e-002
6.248335e+003,2.004782e-002
6.248817e+003,1.661186e-002
6.249300e+003,1.520921e-002
6.249782e+003,1.561868e-002
6.250264e+003,1.664736e-002
6.250746e+003,1.661975e-002
6.251228e+003,1.402553e-002
6.251710e+003,8.052759e-003
6.252192e+003,-1.195562e-003
6.252675e+003,-1.284750e-002
6.253157e+003,-2.565004e-002
6.253639e+003,-3.838208e-002
6.254121e+003,-5.009369e-002
6.254603e+003,-6.009172e-002
6.255085e+003,-6.774534e-002
6.255567e+003,-7.229172e-002
6.256049e+003,-7.282364e-002
6.256532e+003,-6.853442e-002
6.257014e+003,-5.913876e-002
6.257496e+003,-4.526533e-002
6.257978e+003,-2.859848e-002
6.258460e+003,-1.164662e-002
6.258942e+003,2.814292e-003
6.259424e+003,1.242102e-002
6.259906e+003,1.576977e-002
6.260389e+003,1.264149e-002
6.260871e+003,3.873757e-003
6.261353e+003,-8.995134e-003
6.261835e+003,-2.410848e-002
6.262317e+003,-3.954098e-002
6.262799e+003,-5.338677e-002
6.263281e+003,-6.379178e-002
6.263764e+003,-6.909116e-002
6.264246e+003,-6.820400e-002
6.264728e+003,-6.083599e-002
6.265210e+003,-4.823628e-002
6.265692e+003,-3.306179e-002
6.266174e+003,-1.884738e-002
6.266656e+003,-9.005561e-003
6.267138e+003,-5.678221e-003
6.267621e+003,-8.901609e-003
6.268103e+003,-1.647723e-002
6.268585e+003,-2.467759e-002
6.269067e+003,-2.956298e-002
6.269549e+003,-2.840798e-002
6.270031e+003,-2.066787e-002
6.270513e+003,-8.094002e-003
6.270995e+003,6.040910e-003
6.271478e+003,1.827852e-002
6.271959e+003,2.631813e-002
6.272441e+003,2.983314e-002
6.272924e+003,3.047133e-002
6.273406e+003,3.110749e-002
6.273888e+003,3.471747e-002
6.274370e+003,4.335893e-002
6.274853e+003,5.763579e-002
6.275334e+003,7.676555e-002
6.275816e+003,9.909396e-002
6.276299e+003,1.227353e-001
6.276781e+003,1.460227e-001
6.277263e+003,1.676013e-001
6.277745e+003,1.862095e-001
6.278227e+003,2.003510e-001
6.278709e+003,2.081077e-001
6.279191e+003,2.072653e-001
6.279674e+003,1.957640e-001
6.280156e+003,1.723405e-001
6.280638e+003,1.371376e-001
6.281120e+003,9.206633e-002
6.281602e+003,4.078222e-002
6.282084e+003,-1.174790e-002
6.282566e+003,-6.000803e-002
6.283048e+003,-9.887336e-002
6.283530e+003,-1.245396e-001
6.284013e+003,-1.352488e-001
6.284495e+003,-1.316419e-001
6.284977e+003,-1.166276e-001
6.285459e+003,-9.475856e-002
6.285941e+003,-7.123130e-002
6.286423e+003,-5.075073e-002
6.286905e+003,-3.655913e-002
6.287388e+003,-2.989990e-002
6.287870e+003,-3.005471e-002
6.288352e+003,-3.490650e-002
6.288834e+003,-4.180856e-002
6.289316e+003,-4.844903e-002
6.289798e+003,-5.342949e-002
6.290280e+003,-5.641056e-002
6.290763e+003,-5.785908e-002
6.291245e+003,-5.858082e-002
6.291727e+003,-5.927707e-002
6.292209e+003,-6.030730e-002
6.292691e+003,-6.170999e-002
6.293173e+003,-6.339888e-002
6.293655e+003,-6.537782e-002
6.294137e+003,-6.783295e-002
6.294619e+003,-7.104752e-002
6.295102e+003,-7.539357e-002
6.295583e+003,-8.042946e-002
6.296066e+003,-8.553458e-002
6.296548e+003,-8.973555e-002
6.297030e+003,-9.191583e-002
6.297512e+003,-9.106963e-002
6.297994e+003,-8.649889e-002
6.298477e+003,-7.789753e-002
6.298958e+003,-6.533623e-002
6.299440e+003,-4.920932e-002
6.299923e+003,-3.020612e-002
6.300405e+003,-9.327454e-003
6.300887e+003,1.209011e-002
6.301369e+003,3.241321e-002
6.301852e+003,4.987235e-002
6.302333e+003,6.284533e-002
6.302815e+003,7.019474e-002
6.303298e+003,7.154333e-002
6.303780e+003,6.737697e-002
6.304262e+003,5.892311e-002
6.304744e+003,4.783905e-002
6.305226e+003,3.581646e-002
6.305708e+003,2.423547e-002
6.306190e+003,1.396999e-002
6.306672e+003,5.377179e-003
6.307155e+003,-1.568174e-003
6.307637e+003,-7.078321e-003
6.308119e+003,-1.137922e-002
6.308601e+003,-1.460867e-002
6.309083e+003,-1.678855e-002
6.309565e+003,-1.784269e-002
6.310047e+003,-1.762857e-002
6.310529e+003,-1.597079e-002
6.311012e+003,-1.270876e-002
6.311494e+003,-7.779550e-003
6.311976e+003,-1.338684e-003
6.312458e+003,6.113601e-003
6.312940e+003,1.366694e-002
6.313422e+003,2.006777e-002
6.313904e+003,2.395601e-002
6.314387e+003,2.424095e-002
6.314869e+003,2.051087e-002
6.315351e+003,1.332438e-002
6.315833e+003,4.241893e-003
6.316315e+003,-4.472268e-003
6.316797e+003,-1.043057e-002
6.317279e+003,-1.182484e-002
6.317761e+003,-8.022026e-003
6.318244e+003,1.645748e-004
6.318726e+003,1.065039e-002
6.319208e+003,2.067434e-002
6.319690e+003,2.763519e-002
6.320172e+003,2.989828e-002
6.320654e+003,2.730587e-002
6.321136e+003,2.122691e-002
6.321618e+003,1.414313e-002
6.322101e+003,8.924494e-003
6.322583e+003,8.036156e-003
6.323064e+003,1.291495e-002
6.323547e+003,2.366680e-002
6.324029e+003,3.910960e-002
6.324511e+003,5.707740e-002
6.324993e+003,7.484967e-002
6.325476e+003,8.958896e-002
6.325958e+003,9.873476e-002
6.326439e+003,1.003451e-001
6.326922e+003,9.343712e-002
6.327404e+003,7.828408e-002
6.327886e+003,5.660694e-002
6.328368e+003,3.152891e-002
6.328850e+003,7.183528e-003
6.329333e+003,-1.203826e-002
6.329814e+003,-2.247550e-002
6.330297e+003,-2.216262e-002
6.330779e+003,-1.146540e-002
6.331261e+003,6.860038e-003
6.331743e+003,2.826506e-002
6.332225e+003,4.752818e-002
6.332707e+003,6.007671e-002
6.333189e+003,6.311706e-002
6.333671e+003,5.624487e-002
6.334153e+003,4.138879e-002
6.334636e+003,2.216168e-002
6.335118e+003,2.866111e-003
6.335600e+003,-1.252945e-002
6.336082e+003,-2.117466e-002
6.336564e+003,-2.173609e-002
6.337046e+003,-1.440423e-002
6.337528e+003,-6.066817e-004
6.338011e+003,1.743566e-002
6.338493e+003,3.718760e-002
6.338975e+003,5.623456e-002
6.339457e+003,7.263129e-002
6.339939e+003,8.513962e-002
6.340421e+003,9.332995e-002
6.340903e+003,9.752589e-002
6.341386e+003,9.859272e-002
6.341868e+003,9.761269e-002
6.342350e+003,9.553707e-002
6.342832e+003,9.292655e-002
6.343314e+003,8.987118e-002
6.343796e+003,8.611679e-002
6.344278e+003,8.134180e-002
6.344760e+003,7.546175e-002
6.345242e+003,6.882560e-002
6.345725e+003,6.221103e-002
6.346207e+003,5.661659e-002
6.346689e+003,5.293847e-002
6.347171e+003,5.167370e-002
6.347653e+003,5.277748e-002
6.348135e+003,5.572858e-002
6.348617e+003,5.975556e-002
6.349100e+003,6.409822e-002
6.349582e+003,6.816081e-002
6.350063e+003,7.146836e-002
6.350546e+003,7.344359e-002
6.351028e+003,7.313034e-002
6.351510e+003,6.904718e-002
6.351992e+003,5.932925e-002
6.352475e+003,4.220515e-002
6.352957e+003,1.670481e-002
6.353438e+003,-1.663921e-002
6.353921e+003,-5.538597e-002
6.354403e+003,-9.530071e-002
6.354885e+003,-1.310489e-001
6.355367e+003,-1.573175e-001
6.355849e+003,-1.700413e-001
6.356331e+003,-1.673594e-001
6.356813e+003,-1.500163e-001
6.357296e+003,-1.210637e-001
6.357778e+003,-8.510050e-002
6.358260e+003,-4.721668e-002
6.358742e+003,-1.200844e-002
6.359224e+003,1.708028e-002
6.359706e+003,3.798871e-002
6.360188e+003,4.991363e-002
6.360670e+003,5.300624e-002
6.361152e+003,4.807670e-002
6.361635e+003,3.640901e-002
6.362117e+003,1.967580e-002
6.362599e+003,-1.340989e-004
6.363081e+003,-2.086446e-002
6.363563e+003,-4.043721e-002
6.364045e+003,-5.712779e-002
6.364527e+003,-6.975560e-002
6.365010e+003,-7.770401e-002
6.365492e+003,-8.077496e-002
6.365974e+003,-7.898266e-002
6.366456e+003,-7.243495e-002
6.366938e+003,-6.140178e-002
6.367420e+003,-4.654907e-002
6.367902e+003,-2.918305e-002
6.368384e+003,-1.129216e-002
6.368867e+003,4.764758e-003
6.369349e+003,1.690287e-002
6.369831e+003,2.406727e-002
6.370313e+003,2.675657e-002
6.370795e+003,2.700646e-002
6.371277e+003,2.772636e-002
6.371759e+003,3.157013e-002
6.372241e+003,3.976594e-002
6.372724e+003,5.140317e-002
6.373206e+003,6.352624e-002
6.373688e+003,7.206504e-002
6.374170e+003,7.328054e-002
6.374652e+003,6.517634e-002
6.375134e+003,4.833122e-002
6.375616e+003,2.583826e-002
6.376099e+003,2.395667e-003
6.376581e+003,-1.707730e-002
6.377063e+003,-2.876636e-002
6.377545e+003,-3.076781e-002
6.378027e+003,-2.316897e-002
6.378509e+003,-7.515823e-003
6.378991e+003,1.398814e-002
6.379473e+003,3.915907e-002
6.379956e+003,6.612788e-002
6.380438e+003,9.322777e-002
6.380920e+003,1.186617e-001
6.381402e+003,1.402322e-001
6.381884e+003,1.553655e-001
6.382366e+003,1.615009e-001
6.382848e+003,1.567376e-001
6.383330e+003,1.405083e-001
6.383813e+003,1.140362e-001
6.384294e+003,8.041051e-002
6.384777e+003,4.423432e-002
6.385259e+003,1.091539e-002
6.385741e+003,-1.426033e-002
6.386223e+003,-2.709558e-002
6.386705e+003,-2.530738e-002
6.387188e+003,-9.042776e-003
6.387669e+003,1.880210e-002
6.388151e+003,5.369856e-002
6.388634e+003,8.971848e-002
6.389116e+003,1.208771e-001
6.389598e+003,1.422911e-001
6.390080e+003,1.510404e-001
6.390562e+003,1.465074e-001
6.391044e+003,1.301333e-001
6.391526e+003,1.047303e-001
6.392009e+003,7.363198e-002
6.392491e+003,3.999026e-002
6.392973e+003,6.427329e-003
6.393455e+003,-2.494010e-002
6.393937e+003,-5.226661e-002
6.394419e+003,-7.378950e-002
6.394901e+003,-8.789568e-002
6.395383e+003,-9.349404e-002
6.395866e+003,-9.054923e-002
6.396348e+003,-8.049975e-002
6.396830e+003,-6.628597e-002
6.397312e+003,-5.185366e-002
6.397794e+003,-4.122167e-002
6.398276e+003,-3.740527e-002
6.398758e+003,-4.157463e-002
6.399240e+003,-5.275776e-002
6.399723e+003,-6.819689e-002
6.400205e+003,-8.422321e-002
6.400687e+003,-9.732985e-002
6.401169e+003,-1.050670e-001
6.401651e+003,-1.064727e-001
6.402133e+003,-1.019462e-001
6.402615e+003,-9.269132e-002
6.403098e+003,-8.001236e-002
6.403580e+003,-6.478388e-002
6.404062e+003,-4.731982e-002
6.404544e+003,-2.768346e-002
6.405026e+003,-6.279686e-003
6.405508e+003,1.556690e-002
6.405990e+003,3.536553e-002
6.406472e+003,4.975315e-002
6.406955e+003,5.533147e-002
6.407437e+003,4.982018e-002
6.407919e+003,3.313145e-002
6.408401e+003,7.937720e-003
6.408883e+003,-2.056976e-002
6.409365e+003,-4.577556e-002
6.409847e+003,-6.132836e-002
6.410329e+003,-6.292179e-002
6.410812e+003,-4.958940e-002
6.411293e+003,-2.406367e-002
6.411775e+003,7.949027e-003
6.412258e+003,3.935980e-002
6.412740e+003,6.363814e-002
6.413222e+003,7.647430e-002
6.413704e+003,7.665101e-002
6.414187e+003,6.591321e-002
6.414668e+003,4.798773e-002
6.415150e+003,2.718361e-002
6.415633e+003,7.095705e-003
6.416115e+003,-1.017956e-002
6.416597e+003,-2.415393e-002
6.417079e+003,-3.548684e-002
6.417561e+003,-4.523666e-002
6.418043e+003,-5.414734e-002
6.418525e+003,-6.218128e-002
6.419008e+003,-6.854451e-002
6.419490e+003,-7.183671e-002
6.419972e+003,-7.052123e-002
6.420454e+003,-6.342188e-002
6.420936e+003,-5.015150e-002
6.421418e+003,-3.138662e-002
6.421900e+003,-8.924853e-003
6.422382e+003,1.452147e-002
6.422864e+003,3.580719e-002
6.423347e+003,5.205272e-002
6.423829e+003,6.140512e-002
6.424311e+003,6.363072e-002
6.424793e+003,6.030281e-002
6.425275e+003,5.444768e-002
6.425757e+003,4.969287e-002
6.426239e+003,4.915887e-002
6.426722e+003,5.445712e-002
6.427204e+003,6.514402e-002
6.427686e+003,7.883213e-002
6.428168e+003,9.192783e-002
6.428650e+003,1.007426e-001
6.429132e+003,1.025997e-001
6.429614e+003,9.657694e-002
6.430097e+003,8.367787e-002
6.430579e+003,6.643518e-002
6.431061e+003,4.813545e-002
6.431543e+003,3.194268e-002
6.432025e+003,2.017663e-002
6.432507e+003,1.390587e-002
6.432989e+003,1.289511e-002
6.433471e+003,1.585323e-002
6.433953e+003,2.087654e-002
6.434436e+003,2.596589e-002
6.434917e+003,2.950116e-002
6.435400e+003,3.057000e-002
6.435882e+003,2.907413e-002
6.436364e+003,2.558848e-002
6.436846e+003,2.102249e-002
6.437328e+003,1.621048e-002
6.437811e+003,1.160030e-002
6.438292e+003,7.181566e-003
6.438774e+003,2.694434e-003
6.439257e+003,-1.979114e-003
6.439739e+003,-6.449433e-003
6.440221e+003,-9.705123e-003
6.440703e+003,-1.037541e-002
6.441186e+003,-7.309198e-003
6.441667e+003,-2.280551e-004
6.442149e+003,9.869288e-003
6.442632e+003,2.079694e-002
6.443114e+003,2.979940e-002
6.443596e+003,3.447895e-002
6.444078e+003,3.364639e-002
6.444560e+003,2.771455e-002
6.445042e+003,1.844404e-002
6.445524e+003,8.142367e-003
6.446006e+003,-1.325212e-003
6.446489e+003,-9.262756e-003
6.446971e+003,-1.627736e-002
6.447453e+003,-2.376811e-002
6.447935e+003,-3.302214e-002
6.448417e+003,-4.435308e-002
6.448899e+003,-5.669111e-002
6.449381e+003,-6.777383e-002
6.449863e+003,-7.500486e-002
6.450346e+003,-7.630433e-002
6.450828e+003,-7.082002e-002
6.451310e+003,-5.911340e-002
6.451792e+003,-4.281928e-002
6.452274e+003,-2.400075e-002
6.452756e+003,-4.532305e-003
6.453238e+003,1.421771e-002
6.453721e+003,3.132632e-002
6.454203e+003,4.601368e-002
6.454685e+003,5.736074e-002
6.455167e+003,6.428342e-002
6.455649e+003,6.584170e-002
6.456131e+003,6.176510e-002
6.456613e+003,5.293442e-002
6.457095e+003,4.155177e-002
6.457578e+003,3.084917e-002
6.458060e+003,2.437620e-002
6.458542e+003,2.508071e-002
6.459024e+003,3.447939e-002
6.459506e+003,5.218127e-002
6.459988e+003,7.590191e-002
6.460470e+003,1.019505e-001
6.460952e+003,1.260405e-001
6.461435e+003,1.442097e-001
6.461917e+003,1.536325e-001
6.462399e+003,1.531515e-001
6.462881e+003,1.434247e-001
6.463363e+003,1.266631e-001
6.463845e+003,1.060240e-001
6.464327e+003,8.481160e-002
6.464810e+003,6.569847e-002
6.465292e+003,5.018479e-002
6.465773e+003,3.844881e-002
6.466256e+003,2.960953e-002
6.466738e+003,2.227802e-002
6.467220e+003,1.517190e-002
6.467702e+003,7.558262e-003
6.468184e+003,-6.205501e-004
6.468667e+003,-8.930199e-003
6.469148e+003,-1.678836e-002
6.469631e+003,-2.376096e-002
6.470113e+003,-2.965389e-002
6.470595e+003,-3.437965e-002
6.471077e+003,-3.772232e-002
6.471559e+003,-3.919449e-002
6.472041e+003,-3.813232e-002
6.472523e+003,-3.402909e-002
6.473005e+003,-2.694655e-002
6.473488e+003,-1.775803e-002
6.473970e+003,-8.029600e-003
6.474452e+003,4.820291e-004
6.474934e+003,6.527019e-003
6.475416e+003,9.932258e-003
6.475898e+003,1.174246e-002
6.476380e+003,1.381233e-002
6.476862e+003,1.799017e-002
6.477345e+003,2.524517e-002
6.477827e+003,3.514294e-002
6.478309e+003,4.593060e-002
6.478791e+003,5.521732e-002
6.479273e+003,6.095711e-002
6.479755e+003,6.229245e-002
6.480237e+003,5.987031e-002
6.480720e+003,5.549312e-002
6.481202e+003,5.123734e-002
6.481684e+003,4.844927e-002
6.482166e+003,4.705209e-002
6.482648e+003,4.546735e-002
6.483130e+003,4.118352e-002
6.483612e+003,3.173389e-002
6.484094e+003,1.569325e-002
6.484577e+003,-6.678584e-003
6.485059e+003,-3.335141e-002
6.485541e+003,-6.098065e-002
6.486023e+003,-8.570380e-002
6.486505e+003,-1.040017e-001
6.486987e+003,-1.133848e-001
6.487469e+003,-1.127690e-001
6.487951e+003,-1.025221e-001
6.488434e+003,-8.424091e-002
6.488916e+003,-6.035140e-002
6.489397e+003,-3.362243e-002
6.489880e+003,-6.678693e-003
6.490362e+003,1.840394e-002
6.490844e+003,4.033634e-002
6.491326e+003,5.862784e-002
6.491809e+003,7.337029e-002
6.492291e+003,8.487760e-002
6.492772e+003,9.333441e-002
6.493255e+003,9.862183e-002
6.493737e+003,1.004207e-001
6.494219e+003,9.856156e-002
6.494701e+003,9.345476e-002
6.495183e+003,8.636174e-002
6.495665e+003,7.931219e-002
6.496147e+003,7.462155e-002
6.496630e+003,7.415563e-002
6.497112e+003,7.863514e-002
6.497594e+003,8.729006e-002
6.498076e+003,9.804678e-002
6.498558e+003,1.082076e-001
6.499040e+003,1.153633e-001
6.499522e+003,1.181672e-001
6.500004e+003,1.166544e-001
6.500486e+003,1.119892e-001
6.500969e+003,1.057785e-001
6.501451e+003,9.928545e-002
6.501933e+003,9.291478e-002
6.502415e+003,8.620983e-002
6.502897e+003,7.834961e-002
6.503379e+003,6.888859e-002
6.503861e+003,5.835320e-002
6.504344e+003,4.836418e-002
6.504826e+003,4.117003e-002
6.505308e+003,3.875522e-002
6.505790e+003,4.190046e-002
6.506272e+003,4.962296e-002
6.506754e+003,5.928531e-002
6.507236e+003,6.738716e-002
6.507719e+003,7.076061e-002
6.508201e+003,6.770735e-002
6.508683e+003,5.862459e-002
6.509165e+003,4.586803e-002
6.509647e+003,3.290431e-002
6.510129e+003,2.308482e-002
6.510611e+003,1.851088e-002
6.511093e+003,1.938699e-002
6.511575e+003,2.415716e-002
6.512058e+003,3.012571e-002
6.512540e+003,3.448728e-002
6.513022e+003,3.523494e-002
6.513504e+003,3.166014e-002
6.513986e+003,2.433528e-002
6.514468e+003,1.468823e-002
6.514950e+003,4.418821e-003
6.515433e+003,-4.984858e-003
6.515915e+003,-1.247956e-002
6.516396e+003,-1.745565e-002
6.516879e+003,-1.960927e-002
6.517361e+003,-1.885362e-002
6.517843e+003,-1.535295e-002
6.518325e+003,-9.643577e-003
6.518808e+003,-2.712875e-003
6.519290e+003,4.098303e-003
6.519771e+003,9.414666e-003
6.520254e+003,1.227385e-002
6.520736e+003,1.250094e-002
6.521218e+003,1.080273e-002
6.521700e+003,8.482428e-003
6.522182e+003,6.857156e-003
6.522664e+003,6.619521e-003
6.523146e+003,7.439856e-003
6.523628e+003,8.016755e-003
6.524111e+003,6.590821e-003
6.524593e+003,1.724417e-003
6.525075e+003,-6.975111e-003
6.525557e+003,-1.849361e-002
6.526039e+003,-3.056033e-002
6.526521e+003,-4.024517e-002
6.527003e+003,-4.476197e-002
6.527485e+003,-4.217897e-002
6.527968e+003,-3.181702e-002
6.528450e+003,-1.428067e-002
6.528932e+003,8.774780e-003
6.529414e+003,3.496691e-002
6.529896e+003,6.147023e-002
6.530378e+003,8.524426e-002
6.530860e+003,1.032908e-001
6.531343e+003,1.130418e-001
6.531825e+003,1.128903e-001
6.532307e+003,1.027369e-001
6.532789e+003,8.431452e-002
6.533271e+003,6.106360e-002
6.533753e+003,3.747224e-002
6.534235e+003,1.801254e-002
6.534717e+003,6.002651e-003
6.535200e+003,2.793167e-003
6.535682e+003,7.575237e-003
6.536164e+003,1.786918e-002
6.536646e+003,3.048070e-002
6.537128e+003,4.253433e-002
6.537610e+003,5.219570e-002
6.538092e+003,5.886677e-002
6.538574e+003,6.289160e-002
6.539057e+003,6.501468e-002
6.539539e+003,6.589832e-002
6.540021e+003,6.591184e-002
6.540503e+003,6.521747e-002
6.540985e+003,6.400332e-002
6.541467e+003,6.264349e-002
6.541949e+003,6.167615e-002
6.542432e+003,6.137916e-002
6.542914e+003,6.157484e-002
6.543396e+003,6.137560e-002
6.543878e+003,5.929982e-002
6.544360e+003,5.369609e-002
6.544842e+003,4.331268e-002
6.545324e+003,2.777793e-002
6.545806e+003,7.803692e-003
6.546289e+003,-1.493754e-002
6.546771e+003,-3.816249e-002
6.547253e+003,-5.937778e-002
6.547735e+003,-7.618390e-002
6.548217e+003,-8.644432e-002
6.548699e+003,-8.839538e-002
6.549181e+003,-8.081695e-002
6.549663e+003,-6.332705e-002
6.550146e+003,-3.673802e-002
6.550627e+003,-3.297258e-003
6.551109e+003,3.339107e-002
6.551592e+003,6.887205e-002
6.552074e+003,9.870506e-002
6.552556e+003,1.194446e-001
6.553038e+003,1.294141e-001
6.553521e+003,1.290106e-001
6.554002e+003,1.204513e-001
6.554484e+003,1.070801e-001
6.554967e+003,9.249401e-002
6.555449e+003,7.976863e-002
6.555931e+003,7.096304e-002
6.556413e+003,6.693614e-002
6.556895e+003,6.739225e-002
6.557377e+003,7.104917e-002
6.557859e+003,7.587945e-002
6.558342e+003,7.945364e-002
6.558824e+003,7.943625e-002
6.559306e+003,7.421737e-002
6.559788e+003,6.353121e-002
6.560270e+003,4.880464e-002
6.560752e+003,3.298229e-002
6.561234e+003,1.973348e-002
6.561716e+003,1.221151e-002
6.562198e+003,1.179118e-002
6.562681e+003,1.731549e-002
6.563163e+003,2.525466e-002
6.563645e+003,3.084390e-002
6.564127e+003,2.985310e-002
6.564609e+003,2.033430e-002
6.565091e+003,3.638770e-003
6.565573e+003,-1.576258e-002
6.566056e+003,-3.166863e-002
6.566538e+003,-3.827852e-002
6.567020e+003,-3.228406e-002
6.567502e+003,-1.414014e-002
6.567984e+003,1.196032e-002
6.568466e+003,3.938936e-002
6.568948e+003,6.117748e-002
6.569431e+003,7.214655e-002
6.569913e+003,7.036151e-002
6.570395e+003,5.746413e-002
6.570877e+003,3.786781e-002
6.571359e+003,1.717359e-002
6.571841e+003,3.889209e-004
6.572323e+003,-9.471907e-003
6.572805e+003,-1.196261e-002
6.573287e+003,-9.157983e-003
6.573770e+003,-4.556512e-003
6.574252e+003,-1.933450e-003
6.574734e+003,-4.208673e-003
6.575216e+003,-1.271029e-002
6.575698e+003,-2.698190e-002
6.576180e+003,-4.509799e-002
6.576662e+003,-6.430781e-002
6.577145e+003,-8.176317e-002
6.577626e+003,-9.511013e-002
6.578108e+003,-1.028204e-001
6.578591e+003,-1.042600e-001
6.579073e+003,-9.959345e-002
6.579555e+003,-8.965551e-002
6.580037e+003,-7.588441e-002
6.580520e+003,-6.031024e-002
6.581001e+003,-4.549857e-002
6.581483e+003,-3.430863e-002
6.581966e+003,-2.938237e-002
6.582448e+003,-3.241874e-002
6.582930e+003,-4.344666e-002
6.583412e+003,-6.040441e-002
6.583894e+003,-7.929450e-002
6.584376e+003,-9.500103e-002
6.584858e+003,-1.025960e-001
6.585340e+003,-9.873413e-002
6.585823e+003,-8.265503e-002
6.586305e+003,-5.642843e-002
6.586787e+003,-2.435277e-002
6.587269e+003,8.262835e-003
6.587751e+003,3.648231e-002
6.588233e+003,5.681624e-002
6.588715e+003,6.768342e-002
6.589197e+003,6.924503e-002
6.589680e+003,6.285018e-002
6.590162e+003,5.044096e-002
6.590644e+003,3.418365e-002
6.591126e+003,1.638793e-002
6.591608e+003,-4.376924e-004
6.592090e+003,-1.364086e-002
6.592572e+003,-2.076345e-002
6.593055e+003,-2.013357e-002
6.593537e+003,-1.147228e-002
6.594019e+003,3.815555e-003
6.594501e+003,2.290159e-002
6.594983e+003,4.233764e-002
6.595465e+003,5.912309e-002
6.595947e+003,7.160474e-002
6.596429e+003,7.982630e-002
6.596912e+003,8.518145e-002
6.597394e+003,8.953621e-002
6.597876e+003,9.422405e-002
6.598358e+003,9.936696e-002
6.598840e+003,1.038105e-001
6.599322e+003,1.056653e-001
6.599804e+003,1.031654e-001
6.600286e+003,9.543055e-002
6.600769e+003,8.279634e-002
6.601250e+003,6.661060e-002
6.601733e+003,4.865184e-002
6.602215e+003,3.048378e-002
6.602697e+003,1.304532e-002
6.603179e+003,-3.381154e-003
6.603661e+003,-1.888834e-002
6.604144e+003,-3.358142e-002
6.604625e+003,-4.731723e-002
6.605107e+003,-5.968467e-002
6.605590e+003,-7.017042e-002
6.606072e+003,-7.834979e-002
6.606554e+003,-8.395000e-002
6.607036e+003,-8.674076e-002
6.607518e+003,-8.634593e-002
6.608000e+003,-8.215006e-002
6.608482e+003,-7.343926e-002
6.608965e+003,-5.978075e-002
6.609447e+003,-4.148941e-002
6.609929e+003,-1.993743e-002
6.610411e+003,2.496459e-003
6.610893e+003,2.289166e-002
6.611375e+003,3.852419e-002
6.611857e+003,4.760715e-002
6.612339e+003,4.975431e-002
6.612822e+003,4.600726e-002
6.613304e+003,3.844649e-002
6.613786e+003,2.955983e-002
6.614268e+003,2.160085e-002
6.614750e+003,1.612329e-002
6.615232e+003,1.376872e-002
6.615714e+003,1.427802e-002
6.616196e+003,1.664822e-002
6.616679e+003,1.937177e-002
6.617161e+003,2.074088e-002
6.617643e+003,1.922022e-002
6.618125e+003,1.386062e-002
6.618607e+003,4.654492e-003
6.619089e+003,-7.318230e-003
6.619571e+003,-2.008535e-002
6.620054e+003,-3.133583e-002
6.620536e+003,-3.918399e-002
6.621018e+003,-4.286507e-002
6.621500e+003,-4.306684e-002
6.621982e+003,-4.172790e-002
6.622464e+003,-4.135444e-002
6.622946e+003,-4.412064e-002
6.623428e+003,-5.111740e-002
6.623911e+003,-6.204401e-002
6.624393e+003,-7.542908e-002
6.624875e+003,-8.922248e-002
6.625357e+003,-1.014441e-001
6.625839e+003,-1.105894e-001
6.626321e+003,-1.156631e-001
6.626803e+003,-1.159480e-001
6.627285e+003,-1.107722e-001
6.627768e+003,-9.953905e-002
6.628250e+003,-8.210187e-002
6.628731e+003,-5.932687e-002
6.629214e+003,-3.350712e-002
6.629696e+003,-8.295625e-003
6.630178e+003,1.197899e-002
6.630660e+003,2.345059e-002
6.631143e+003,2.389592e-002
6.631625e+003,1.347613e-002
6.632106e+003,-5.280185e-003
6.632589e+003,-2.825866e-002
6.633071e+003,-5.098809e-002
6.633553e+003,-6.982840e-002
6.634035e+003,-8.268318e-002
6.634517e+003,-8.905505e-002
6.635000e+003,-8.953847e-002
6.635481e+003,-8.512439e-002
6.635964e+003,-7.665490e-002
6.636446e+003,-6.464846e-002
6.636928e+003,-4.947001e-002
6.637410e+003,-3.163480e-002
6.637892e+003,-1.199531e-002
6.638374e+003,8.327922e-003
6.638856e+003,2.822506e-002
6.639338e+003,4.689818e-002
6.639820e+003,6.398071e-002
6.640303e+003,7.938624e-002
6.640785e+003,9.296841e-002
6.641267e+003,1.041996e-001
6.641749e+003,1.120776e-001
6.642231e+003,1.153443e-001
6.642713e+003,1.129249e-001
6.643195e+003,1.043665e-001
6.643678e+003,9.005212e-002
6.644160e+003,7.109296e-002
6.644642e+003,4.897923e-002
6.645124e+003,2.520144e-002
6.645606e+003,1.056581e-003
6.646088e+003,-2.227440e-002
6.646570e+003,-4.347618e-002
6.647053e+003,-6.090540e-002
6.647535e+003,-7.267836e-002
6.648017e+003,-7.711709e-002
6.648499e+003,-7.341836e-002
6.648981e+003,-6.224408e-002
6.649463e+003,-4.591524e-002
6.649945e+003,-2.803629e-002
6.650427e+003,-1.262406e-002
6.650909e+003,-3.034397e-003
6.651392e+003,-1.068170e-003
6.651874e+003,-6.555764e-003
6.652356e+003,-1.751906e-002
6.652838e+003,-3.079399e-002
6.653320e+003,-4.286385e-002
6.653802e+003,-5.064633e-002
6.654284e+003,-5.207149e-002
6.654767e+003,-4.640704e-002
6.655249e+003,-3.436364e-002
6.655730e+003,-1.801098e-002
6.656213e+003,-4.893350e-004
6.656695e+003,1.452558e-002
6.657177e+003,2.360057e-002
6.657659e+003,2.444174e-002
6.658142e+003,1.665434e-002
6.658624e+003,2.057161e-003
6.659105e+003,-1.566401e-002
6.659588e+003,-3.194880e-002
6.660070e+003,-4.270924e-002
6.660552e+003,-4.555469e-002
6.661034e+003,-4.042916e-002
6.661516e+003,-2.941877e-002
6.661998e+003,-1.582765e-002
6.662480e+003,-2.924368e-003
6.662962e+003,7.117140e-003
6.663445e+003,1.367150e-002
6.663927e+003,1.739779e-002
6.664409e+003,1.947911e-002
6.664891e+003,2.079945e-002
6.665373e+003,2.154815e-002
6.665855e+003,2.111343e-002
6.666337e+003,1.883048e-002
6.666819e+003,1.459526e-002
6.667302e+003,9.241768e-003
6.667784e+003,4.393840e-003
6.668266e+003,1.839700e-003
6.668748e+003,2.733906e-003
6.669230e+003,7.026446e-003
6.669712e+003,1.341382e-002
6.670194e+003,1.985492e-002
6.670677e+003,2.442573e-002
6.671159e+003,2.613004e-002
6.671641e+003,2.530855e-002
6.672123e+003,2.347909e-002
6.672605e+003,2.269846e-002
6.673087e+003,2.474066e-002
6.673569e+003,3.044429e-002
6.674051e+003,3.948117e-002
6.674534e+003,5.059729e-002
6.675016e+003,6.217577e-002
6.675498e+003,7.285493e-002
6.675980e+003,8.194206e-002
6.676462e+003,8.947764e-002
6.676944e+003,9.596400e-002
6.677426e+003,1.019114e-001
6.677908e+003,1.074193e-001
6.678391e+003,1.119833e-001
6.678873e+003,1.146221e-001
6.679355e+003,1.142850e-001
6.679837e+003,1.103836e-001
6.680319e+003,1.032284e-001
6.680801e+003,9.416769e-002
6.681283e+003,8.532207e-002
6.681766e+003,7.895501e-002
6.682248e+003,7.667692e-002
6.682729e+003,7.877527e-002
6.683212e+003,8.395690e-002
6.683694e+003,8.965611e-002
6.684176e+003,9.284940e-002
6.684658e+003,9.110311e-002
6.685140e+003,8.346363e-002
6.685623e+003,7.083777e-002
6.686104e+003,5.570322e-002
6.686587e+003,4.125827e-002
6.687069e+003,3.035440e-002
6.687551e+003,2.464659e-002
6.688033e+003,2.429288e-002
6.688515e+003,2.827890e-002
6.688997e+003,3.515412e-002
6.689479e+003,4.378738e-002
6.689961e+003,5.376638e-002
6.690444e+003,6.526774e-002
6.690926e+003,7.850916e-002
6.691408e+003,9.311455e-002
6.691890e+003,1.077702e-001
6.692372e+003,1.203944e-001
6.692854e+003,1.287706e-001
6.693336e+003,1.313416e-001
6.693818e+003,1.277707e-001
6.694301e+003,1.189868e-001
6.694783e+003,1.066891e-001
6.695265e+003,9.255476e-002
6.695747e+003,7.753587e-002
6.696229e+003,6.161283e-002
6.696711e+003,4.390249e-002
6.697193e+003,2.345010e-002
6.697676e+003,-1.458179e-004
6.698158e+003,-2.633711e-002
6.698640e+003,-5.367464e-002
6.699122e+003,-8.023414e-002
6.699604e+003,-1.041772e-001
6.700086e+003,-1.241763e-001
6.700568e+003,-1.395484e-001
6.701050e+003,-1.501261e-001
6.701533e+003,-1.560304e-001
6.702015e+003,-1.575263e-001
6.702497e+003,-1.550374e-001
6.702979e+003,-1.492493e-001
6.703461e+003,-1.411406e-001
6.703943e+003,-1.318102e-001
6.704425e+003,-1.221095e-001
6.704907e+003,-1.122514e-001
6.705390e+003,-1.016417e-001
6.705872e+003,-8.910917e-002
6.706354e+003,-7.351401e-002
6.706836e+003,-5.449450e-002
6.707318e+003,-3.299293e-002
6.707800e+003,-1.126539e-002
6.708282e+003,7.696500e-003
6.708765e+003,2.112002e-002
6.709247e+003,2.737704e-002
6.709729e+003,2.647394e-002
6.710211e+003,1.989871e-002
6.710693e+003,9.920638e-003
6.711175e+003,-1.309239e-003
6.711657e+003,-1.243419e-002
6.712139e+003,-2.305918e-002
6.712622e+003,-3.339923e-002
6.713104e+003,-4.366441e-002
6.713586e+003,-5.355627e-002
6.714068e+003,-6.216811e-002
6.714550e+003,-6.834443e-002
6.715032e+003,-7.129524e-002
6.715514e+003,-7.111344e-002
6.715996e+003,-6.888838e-002
6.716479e+003,-6.631488e-002
6.716960e+003,-6.495579e-002
6.717442e+003,-6.549312e-002
6.717925e+003,-6.731412e-002
6.718407e+003,-6.862586e-002
6.718889e+003,-6.705940e-002
6.719371e+003,-6.052217e-002
6.719854e+003,-4.797596e-002
6.720335e+003,-2.987607e-002
6.720817e+003,-8.160970e-003
6.721300e+003,1.415593e-002
6.721782e+003,3.363632e-002
6.722264e+003,4.713013e-002
6.722746e+003,5.240500e-002
6.723228e+003,4.859278e-002
6.723710e+003,3.638716e-002
6.724192e+003,1.794958e-002
6.724675e+003,-3.482774e-003
6.725157e+003,-2.423116e-002
6.725639e+003,-4.091468e-002
6.726121e+003,-5.109913e-002
6.726603e+003,-5.366585e-002
6.727085e+003,-4.883258e-002
6.727567e+003,-3.773270e-002
6.728049e+003,-2.200789e-002
6.728531e+003,-3.418616e-003
6.729014e+003,1.627351e-002
6.729496e+003,3.518545e-002
6.729978e+003,5.114748e-002
6.730460e+003,6.175373e-002
6.730942e+003,6.479584e-002
6.731424e+003,5.902034e-002
6.731906e+003,4.490772e-002
6.732389e+003,2.505213e-002
6.732871e+003,3.816927e-003
6.733353e+003,-1.376442e-002
6.733835e+003,-2.350943e-002
6.734317e+003,-2.344941e-002
6.734799e+003,-1.445973e-002
6.735281e+003,1.332840e-004
6.735764e+003,1.582426e-002
6.736246e+003,2.854891e-002
6.736728e+003,3.597597e-002
6.737210e+003,3.796067e-002
6.737692e+003,3.604720e-002
6.738174e+003,3.234585e-002
6.738656e+003,2.837593e-002
6.739138e+003,2.443554e-002
6.739620e+003,1.975408e-002
6.740103e+003,1.326755e-002
6.740584e+003,4.540141e-003
6.741067e+003,-5.696385e-003
6.741549e+003,-1.568895e-002
6.742031e+003,-2.341803e-002
6.742513e+003,-2.755676e-002
6.742995e+003,-2.812218e-002
6.743478e+003,-2.647021e-002
6.743959e+003,-2.462863e-002
6.744441e+003,-2.430046e-002
6.744924e+003,-2.603086e-002
6.745406e+003,-2.893550e-002
6.745888e+003,-3.109900e-002
6.746370e+003,-3.042235e-002
6.746853e+003,-2.549994e-002
6.747334e+003,-1.612559e-002
6.747816e+003,-3.241862e-003
6.748299e+003,1.156619e-002
6.748781e+003,2.672544e-002
6.749263e+003,4.113918e-002
6.749745e+003,5.427397e-002
6.750227e+003,6.590905e-002
6.750709e+003,7.576791e-002
6.751191e+003,8.328546e-002
6.751673e+003,8.765112e-002
6.752156e+003,8.808590e-002
6.752638e+003,8.417337e-002
6.753120e+003,7.604368e-002
6.753602e+003,6.431473e-002
6.754084e+003,4.984974e-002
6.754566e+003,3.350329e-002
6.755048e+003,1.602555e-002
6.755530e+003,-1.816529e-003
6.756013e+003,-1.899906e-002
6.756495e+003,-3.407862e-002
6.756977e+003,-4.528623e-002
6.757459e+003,-5.092311e-002
6.757941e+003,-4.991743e-002
6.758423e+003,-4.234035e-002
6.758905e+003,-2.955711e-002
6.759388e+003,-1.397538e-002
6.759870e+003,1.550223e-003
6.760352e+003,1.441731e-002
6.760834e+003,2.281700e-002
6.761316e+003,2.595527e-002
6.761798e+003,2.396248e-002
6.762280e+003,1.763719e-002
6.762762e+003,8.208769e-003
6.763245e+003,-2.774135e-003
6.763727e+003,-1.345768e-002
6.764209e+003,-2.173563e-002
6.764691e+003,-2.548294e-002
6.765173e+003,-2.300742e-002
6.765655e+003,-1.359845e-002
6.766137e+003,2.066382e-003
6.766619e+003,2.189504e-002
6.767102e+003,4.283769e-002
6.767583e+003,6.171482e-002
6.768065e+003,7.611819e-002
6.768548e+003,8.502636e-002
6.769030e+003,8.888552e-002
6.769512e+003,8.914050e-002
6.769994e+003,8.744651e-002
6.770477e+003,8.493271e-002
6.770958e+003,8.185177e-002
6.771440e+003,7.775728e-002
6.771923e+003,7.208980e-002
6.772405e+003,6.485051e-002
6.772887e+003,5.699434e-002
6.773369e+003,5.030592e-002
6.773851e+003,4.677068e-002
6.774333e+003,4.770226e-002
6.774815e+003,5.301508e-002
6.775298e+003,6.098596e-002
6.775780e+003,6.864677e-002
6.776262e+003,7.268760e-002
6.776744e+003,7.053724e-002
6.777226e+003,6.121620e-002
6.777708e+003,4.565022e-002
6.778190e+003,2.634883e-002
6.778672e+003,6.594621e-003
6.779154e+003,-1.053670e-002
6.779637e+003,-2.296847e-002
6.780119e+003,-2.997212e-002
6.780601e+003,-3.201040e-002
6.781083e+003,-3.021269e-002
6.781565e+003,-2.574844e-002
6.782047e+003,-1.937322e-002
6.782529e+003,-1.131846e-002
6.783012e+003,-1.527108e-003
6.783494e+003,9.918101e-003
6.783976e+003,2.240909e-002
6.784458e+003,3.468086e-002
6.784940e+003,4.502906e-002
6.785422e+003,5.181350e-002
6.785904e+003,5.405255e-002
6.786387e+003,5.185936e-002
6.786869e+003,4.652326e-002
6.787351e+003,4.017339e-002
6.787833e+003,3.512749e-002
6.788315e+003,3.315423e-002
6.788797e+003,3.491493e-002
6.789279e+003,3.978810e-002
6.789761e+003,4.613071e-002
6.790243e+003,5.187773e-002
6.790726e+003,5.525770e-002
6.791208e+003,5.537112e-002
6.791690e+003,5.243976e-002
6.792172e+003,4.766192e-002
6.792654e+003,4.275091e-002
6.793136e+003,3.933741e-002
6.793618e+003,3.844772e-002
6.794101e+003,4.022436e-002
6.794583e+003,4.395920e-002
6.795064e+003,4.839681e-002
6.795547e+003,5.217985e-002
6.796029e+003,5.427337e-002
6.796511e+003,5.422797e-002
6.796993e+003,5.221148e-002
6.797476e+003,4.882374e-002
6.797958e+003,4.478281e-002
6.798439e+003,4.060603e-002
6.798922e+003,3.639898e-002
6.799404e+003,3.181684e-002
6.799886e+003,2.619533e-002
6.800368e+003,1.878807e-002
6.800850e+003,9.018295e-003
6.801332e+003,-3.338096e-003
6.801814e+003,-1.807848e-002
6.802296e+003,-3.459667e-002
6.802779e+003,-5.195777e-002
6.803261e+003,-6.897864e-002
6.803743e+003,-8.430028e-002
6.804225e+003,-9.647940e-002
6.804707e+003,-1.041451e-001
6.805189e+003,-1.062443e-001
6.805671e+003,-1.023347e-001
6.806153e+003,-9.281898e-002
6.806636e+003,-7.898181e-002
6.807118e+003,-6.273971e-002
6.807600e+003,-4.612586e-002
6.808082e+003,-3.066906e-002
6.808564e+003,-1.691146e-002
6.809046e+003,-4.289525e-003
6.809528e+003,8.528171e-003
6.810011e+003,2.294973e-002
6.810493e+003,3.969200e-002
6.810975e+003,5.827516e-002
6.811457e+003,7.702351e-002
6.811939e+003,9.359299e-002
6.812421e+003,1.057950e-001
6.812903e+003,1.123369e-001
6.813385e+003,1.131350e-001
6.813868e+003,1.090692e-001
6.814350e+003,1.013360e-001
6.814832e+003,9.077595e-002
6.815314e+003,7.757620e-002
6.815796e+003,6.155315e-002
6.816278e+003,4.289612e-002
6.816760e+003,2.295682e-002
6.817242e+003,4.574121e-003
6.817725e+003,-8.404648e-003
6.818207e+003,-1.236590e-002
6.818689e+003,-5.483019e-003
6.819171e+003,1.111059e-002
6.819653e+003,3.314368e-002
6.820135e+003,5.426021e-002
6.820617e+003,6.798743e-002
6.821100e+003,6.988575e-002
6.821582e+003,5.902056e-002
6.822063e+003,3.815905e-002
6.822546e+003,1.262767e-002
6.823028e+003,-1.167604e-002
6.823510e+003,-3.028981e-002
6.823992e+003,-4.141925e-002
6.824474e+003,-4.597840e-002
6.824957e+003,-4.655401e-002
6.825438e+003,-4.585499e-002
6.825921e+003,-4.537503e-002
6.826403e+003,-4.482517e-002
6.826885e+003,-4.249045e-002
6.827367e+003,-3.623509e-002
6.827849e+003,-2.462623e-002
6.828331e+003,-7.666381e-003
6.828813e+003,1.312681e-002
6.829295e+003,3.522613e-002
6.829778e+003,5.587893e-002
6.830260e+003,7.281324e-002
6.830742e+003,8.463868e-002
6.831224e+003,9.092341e-002
6.831706e+003,9.208500e-002
6.832188e+003,8.925685e-002
6.832670e+003,8.419181e-002
6.833152e+003,7.912860e-002
6.833635e+003,7.648146e-002
6.834117e+003,7.828093e-002
6.834599e+003,8.546287e-002
6.835081e+003,9.727537e-002
6.835563e+003,1.111290e-001
6.836045e+003,1.230968e-001
6.836527e+003,1.290112e-001
6.837010e+003,1.258264e-001
6.837492e+003,1.127499e-001
6.837974e+003,9.169656e-002
6.838456e+003,6.685509e-002
6.838938e+003,4.350406e-002
6.839420e+003,2.649604e-002
6.839902e+003,1.893714e-002
6.840384e+003,2.147860e-002
6.840867e+003,3.237663e-002
6.841349e+003,4.819484e-002
6.841831e+003,6.483984e-002
6.842313e+003,7.858823e-002
6.842795e+003,8.685839e-002
6.843277e+003,8.862542e-002
6.843759e+003,8.449253e-002
6.844241e+003,7.647764e-002
6.844724e+003,6.756394e-002
6.845206e+003,6.104784e-002
6.845688e+003,5.974763e-002
6.846170e+003,6.521232e-002
6.846652e+003,7.715234e-002
6.847134e+003,9.332813e-002
6.847616e+003,1.100321e-001
6.848099e+003,1.230977e-001
6.848581e+003,1.291396e-001
6.849063e+003,1.265935e-001
6.849545e+003,1.161545e-001
6.850027e+003,1.004274e-001
6.850509e+003,8.293220e-002
6.850991e+003,6.677752e-002
6.851473e+003,5.366448e-002
6.851956e+003,4.348927e-002
6.852438e+003,3.471067e-002
6.852920e+003,2.525903e-002
6.853402e+003,1.355017e-002
6.853884e+003,-8.475886e-004
6.854366e+003,-1.715348e-002
6.854848e+003,-3.388512e-002
6.855330e+003,-4.964157e-002
6.855813e+003,-6.375615e-002
6.856294e+003,-7.650648e-002
6.856776e+003,-8.879896e-002
6.857259e+003,-1.015023e-001
6.857741e+003,-1.147659e-001
6.858223e+003,-1.276562e-001
6.858705e+003,-1.382854e-001
6.859188e+003,-1.443785e-001
6.859669e+003,-1.440291e-001
6.860151e+003,-1.363276e-001
6.860634e+003,-1.216175e-001
6.861116e+003,-1.013104e-001
6.861598e+003,-7.737400e-002
6.862080e+003,-5.172222e-002
6.862562e+003,-2.574972e-002
6.863044e+003,-1.688341e-004
6.863526e+003,2.482682e-002
6.864009e+003,4.917199e-002
6.864491e+003,7.249105e-002
6.864973e+003,9.379642e-002
6.865455e+003,1.114596e-001
6.865937e+003,1.235008e-001
6.866419e+003,1.281451e-001
6.866901e+003,1.245056e-001
6.867383e+003,1.131910e-001
6.867865e+003,9.661856e-002
6.868348e+003,7.885113e-002
6.868830e+003,6.488567e-002
6.869312e+003,5.948783e-002
6.869794e+003,6.584082e-002
6.870276e+003,8.440213e-002
6.870758e+003,1.123708e-001
6.871240e+003,1.440380e-001
6.871723e+003,1.720460e-001
6.872205e+003,1.892811e-001
6.872687e+003,1.908793e-001
6.873169e+003,1.757212e-001
6.873651e+003,1.469036e-001
6.874133e+003,1.109735e-001
6.874615e+003,7.611028e-002
6.875098e+003,4.979769e-002
6.875580e+003,3.670983e-002
6.876062e+003,3.747568e-002
6.876544e+003,4.869936e-002
6.877026e+003,6.419901e-002
6.877508e+003,7.702766e-002
6.877990e+003,8.159517e-002
6.878472e+003,7.520606e-002
6.878954e+003,5.856008e-002
6.879437e+003,3.513954e-002
6.879918e+003,9.793104e-003
6.880401e+003,-1.292265e-002
6.880883e+003,-3.004863e-002
6.881365e+003,-4.078240e-002
6.881847e+003,-4.614663e-002
6.882329e+003,-4.812307e-002
6.882812e+003,-4.858842e-002
6.883293e+003,-4.854238e-002
6.883775e+003,-4.788925e-002
6.884258e+003,-4.577798e-002
6.884740e+003,-4.126628e-002
6.885222e+003,-3.396006e-002
6.885704e+003,-2.432844e-002
6.886187e+003,-1.357141e-002
6.886668e+003,-3.134849e-003
6.887150e+003,5.876628e-003
6.887633e+003,1.310613e-002
6.888115e+003,1.898703e-002
6.888597e+003,2.441248e-002
6.889079e+003,3.019017e-002
6.889561e+003,3.652568e-002
6.890043e+003,4.275090e-002
6.890525e+003,4.739947e-002
6.891007e+003,4.858969e-002
6.891490e+003,4.456774e-002
6.891972e+003,3.422920e-002
6.892454e+003,1.747222e-002
6.892936e+003,-4.687988e-003
6.893418e+003,-3.023716e-002
6.893900e+003,-5.645928e-002
6.894382e+003,-8.034890e-002
6.894864e+003,-9.908231e-002
6.895347e+003,-1.104931e-001
6.895829e+003,-1.134864e-001
6.896311e+003,-1.083015e-001
6.896793e+003,-9.653700e-002
6.897275e+003,-8.088455e-002
6.897757e+003,-6.460200e-002
6.898239e+003,-5.084053e-002
6.898722e+003,-4.199960e-002
6.899204e+003,-3.928013e-002
6.899686e+003,-4.253862e-002
6.900168e+003,-5.044477e-002
6.900650e+003,-6.085422e-002
6.901132e+003,-7.126611e-002
6.901614e+003,-7.925357e-002
6.902096e+003,-8.281435e-002
6.902579e+003,-8.064670e-002
6.903061e+003,-7.237404e-002
6.903543e+003,-5.870825e-002
6.904025e+003,-4.148548e-002
6.904507e+003,-2.347463e-002
6.904989e+003,-7.892354e-003
6.905471e+003,2.335752e-003
6.905953e+003,5.389338e-003
6.906436e+003,1.167674e-003
6.906917e+003,-8.563449e-003
6.907400e+003,-2.062250e-002
6.907882e+003,-3.136965e-002
6.908364e+003,-3.786327e-002
6.908846e+003,-3.879915e-002
6.909328e+003,-3.487217e-002
6.909811e+003,-2.841224e-002
6.910292e+003,-2.242835e-002
6.910774e+003,-1.943174e-002
6.911257e+003,-2.049616e-002
6.911739e+003,-2.491570e-002
6.912221e+003,-3.057382e-002
6.912703e+003,-3.485031e-002
6.913185e+003,-3.568367e-002
6.913667e+003,-3.235992e-002
6.914149e+003,-2.572862e-002
6.914632e+003,-1.778762e-002
6.915114e+003,-1.082488e-002
6.915596e+003,-6.462243e-003
6.916078e+003,-4.960190e-003
6.916560e+003,-5.025568e-003
6.917042e+003,-4.172477e-003
6.917524e+003,5.054845e-004
6.918006e+003,1.141943e-002
6.918489e+003,2.972053e-002
6.918971e+003,5.491172e-002
6.919453e+003,8.492795e-002
6.919935e+003,1.166327e-001
6.920417e+003,1.465620e-001
6.920899e+003,1.716933e-001
6.921381e+003,1.900243e-001
6.921863e+003,2.008197e-001
6.922346e+003,2.044891e-001
6.922828e+003,2.021795e-001
6.923310e+003,1.952543e-001
6.923792e+003,1.848639e-001
6.924274e+003,1.717592e-001
6.924756e+003,1.563892e-001
6.925238e+003,1.391847e-001
6.925721e+003,1.208403e-001
6.926203e+003,1.024028e-001
6.926685e+003,8.506992e-002
6.927167e+003,6.976106e-002
6.927649e+003,5.666430e-002
6.928131e+003,4.501737e-002
6.928613e+003,3.330657e-002
6.929095e+003,1.988843e-002
6.929578e+003,3.825849e-003
6.930060e+003,-1.440938e-002
6.930542e+003,-3.270776e-002
6.931024e+003,-4.773735e-002
6.931506e+003,-5.590647e-002
6.931988e+003,-5.453433e-002
6.932470e+003,-4.278252e-002
6.932952e+003,-2.198440e-002
6.933435e+003,4.753240e-003
6.933917e+003,3.350987e-002
6.934398e+003,6.069095e-002
6.934881e+003,8.391439e-002
6.935363e+003,1.023442e-001
6.935845e+003,1.164188e-001
6.936327e+003,1.271725e-001
6.936810e+003,1.354881e-001
6.937292e+003,1.415973e-001
6.937773e+003,1.449917e-001
6.938256e+003,1.447041e-001
6.938738e+003,1.397709e-001
6.939220e+003,1.296476e-001
6.939702e+003,1.144276e-001
6.940184e+003,9.484620e-002
6.940666e+003,7.215261e-002
6.941148e+003,4.796691e-002
6.941631e+003,2.417841e-002
6.942113e+003,2.857792e-003
6.942595e+003,-1.390237e-002
6.943077e+003,-2.427093e-002
6.943559e+003,-2.713617e-002
6.944041e+003,-2.247804e-002
6.944523e+003,-1.159256e-002
6.945005e+003,3.036108e-003
6.945487e+003,1.823306e-002
6.945970e+003,3.087182e-002
6.946452e+003,3.861445e-002
6.946934e+003,4.040027e-002
6.947416e+003,3.652991e-002
6.947898e+003,2.835475e-002
6.948380e+003,1.773183e-002
6.948862e+003,6.470107e-003
6.949345e+003,-4.048834e-003
6.949827e+003,-1.301058e-002
6.950309e+003,-2.012797e-002
6.950791e+003,-2.554363e-002
6.951273e+003,-2.976940e-002
6.951755e+003,-3.366383e-002
6.952237e+003,-3.835819e-002
6.952720e+003,-4.501639e-002
6.953202e+003,-5.438773e-002
6.953684e+003,-6.625172e-002
6.954166e+003,-7.898572e-002
6.954648e+003,-8.952723e-002
6.955130e+003,-9.390669e-002
6.955612e+003,-8.831485e-002
6.956094e+003,-7.042160e-002
6.956576e+003,-4.049530e-002
6.957059e+003,-1.867623e-003
6.957541e+003,3.952409e-002
6.958023e+003,7.646547e-002
6.958505e+003,1.022879e-001
6.958987e+003,1.126101e-001
6.959469e+003,1.064373e-001
6.959951e+003,8.628118e-002
6.960434e+003,5.729898e-002
6.960916e+003,2.577402e-002
6.961397e+003,-2.554955e-003
6.961880e+003,-2.380493e-002
6.962362e+003,-3.655973e-002
6.962844e+003,-4.170056e-002
6.963326e+003,-4.163007e-002
6.963809e+003,-3.922128e-002
6.964291e+003,-3.684686e-002
6.964772e+003,-3.574740e-002
6.965255e+003,-3.584268e-002
6.965737e+003,-3.594292e-002
6.966219e+003,-3.423005e-002
6.966701e+003,-2.885719e-002
6.967183e+003,-1.853932e-002
6.967665e+003,-3.040456e-003
6.968147e+003,1.651959e-002
6.968629e+003,3.761384e-002
6.969112e+003,5.657760e-002
6.969594e+003,6.922299e-002
6.970076e+003,7.173675e-002
6.970558e+003,6.168946e-002
6.971040e+003,3.889209e-002
6.971522e+003,5.814864e-003
6.972004e+003,-3.263786e-002
6.972486e+003,-7.002742e-002
6.972969e+003,-9.977133e-002
6.973451e+003,-1.166605e-001
6.973933e+003,-1.181040e-001
6.974415e+003,-1.045909e-001
6.974897e+003,-7.955168e-002
6.975379e+003,-4.839290e-002
6.975861e+003,-1.717938e-002
6.976344e+003,8.666771e-003
6.976826e+003,2.530771e-002
6.977308e+003,3.090356e-002
6.977790e+003,2.554063e-002
6.978272e+003,1.086375e-002
6.978754e+003,-1.036655e-002
6.979236e+003,-3.465952e-002
6.979718e+003,-5.812724e-002
6.980201e+003,-7.687055e-002
6.980683e+003,-8.751898e-002
6.981165e+003,-8.791191e-002
6.981647e+003,-7.774759e-002
6.982129e+003,-5.891873e-002
6.982611e+003,-3.527844e-002
6.983093e+003,-1.175836e-002
6.983575e+003,6.976690e-003
6.984058e+003,1.791888e-002
6.984540e+003,2.064862e-002
6.985021e+003,1.742536e-002
6.985504e+003,1.235704e-002
6.985986e+003,9.929058e-003
6.986468e+003,1.344037e-002
6.986950e+003,2.393821e-002
6.987433e+003,4.003858e-002
6.987915e+003,5.865172e-002
6.988396e+003,7.626583e-002
6.988879e+003,9.023644e-002
6.989361e+003,9.956704e-002
6.989843e+003,1.049244e-001
6.990325e+003,1.079811e-001
6.990807e+003,1.104617e-001
6.991290e+003,1.133582e-001
6.991771e+003,1.166479e-001
6.992254e+003,1.195686e-001
6.992736e+003,1.212281e-001
6.993218e+003,1.211803e-001
6.993700e+003,1.196544e-001
6.994182e+003,1.173342e-001
6.994664e+003,1.148363e-001
6.995146e+003,1.121981e-001
6.995628e+003,1.086800e-001
6.996110e+003,1.030192e-001
6.996593e+003,9.403259e-002
6.997075e+003,8.128185e-002
6.997557e+003,6.547029e-002
6.998039e+003,4.836925e-002
6.998521e+003,3.229339e-002
6.999003e+003,1.935780e-002
6.999485e+003,1.084493e-002
6.999968e+003,6.947643e-003
7.000450e+003,6.972271e-003
7.000932e+003,9.869447e-003
7.001414e+003,1.481480e-002
7.001896e+003,2.154970e-002
7.002378e+003,3.031541e-002
7.002860e+003,4.141258e-002
7.003343e+003,5.459927e-002
7.003825e+003,6.862681e-002
7.004307e+003,8.116744e-002
7.004789e+003,8.923506e-002
7.005271e+003,9.000346e-002
7.005753e+003,8.175408e-002
7.006235e+003,6.462696e-002
7.006717e+003,4.086949e-002
7.007199e+003,1.443915e-002
7.007682e+003,-9.973260e-003
7.008164e+003,-2.823171e-002
7.008646e+003,-3.795267e-002
7.009128e+003,-3.920543e-002
7.009610e+003,-3.443966e-002
7.010092e+003,-2.761104e-002
7.010574e+003,-2.276029e-002
7.011057e+003,-2.252248e-002
7.011539e+003,-2.710787e-002
7.012021e+003,-3.416067e-002
7.012503e+003,-3.959706e-002
7.012985e+003,-3.915678e-002
7.013467e+003,-3.010881e-002
7.013949e+003,-1.245894e-002
7.014432e+003,1.083069e-002
7.014914e+003,3.472939e-002
7.015396e+003,5.381352e-002
7.015878e+003,6.408941e-002
7.016360e+003,6.426111e-002
7.016842e+003,5.596984e-002
7.017324e+003,4.295661e-002
7.017806e+003,2.953450e-002
7.018288e+003,1.901731e-002
7.018771e+003,1.272853e-002
7.019252e+003,9.929033e-003
7.019735e+003,8.589455e-003
7.020217e+003,6.583089e-003
7.020699e+003,2.739463e-003
7.021181e+003,-2.678403e-003
7.021663e+003,-8.204358e-003
7.022146e+003,-1.190579e-002
7.022627e+003,-1.222101e-002
7.023109e+003,-8.502461e-003
7.023592e+003,-1.068514e-003
7.024074e+003,9.162533e-003
7.024556e+003,2.118460e-002
7.025038e+003,3.425777e-002
7.025521e+003,4.793406e-002
7.026002e+003,6.179843e-002
7.026484e+003,7.514253e-002
7.026967e+003,8.682453e-002
7.027449e+003,9.545884e-002
7.027931e+003,9.988190e-002
7.028413e+003,9.967107e-002
7.028895e+003,9.544452e-002
7.029377e+003,8.876240e-002
7.029859e+003,8.164127e-002
7.030341e+003,7.587612e-002
7.030824e+003,7.245519e-002
7.031306e+003,7.130229e-002
7.031788e+003,7.142636e-002
7.032270e+003,7.137509e-002
7.032752e+003,6.977347e-002
7.033234e+003,6.572466e-002
7.033716e+003,5.895042e-002
7.034198e+003,4.968821e-002
7.034681e+003,3.846763e-002
7.035163e+003,2.591203e-002
7.035645e+003,1.261246e-002
7.036127e+003,-7.535009e-004
7.036609e+003,-1.349404e-002
7.037091e+003,-2.491998e-002
7.037573e+003,-3.448311e-002
7.038056e+003,-4.194703e-002
7.038538e+003,-4.747538e-002
7.039020e+003,-5.153928e-002
7.039502e+003,-5.463084e-002
7.039984e+003,-5.688351e-002
7.040466e+003,-5.777726e-002
7.040948e+003,-5.610366e-002
7.041430e+003,-5.027011e-002
7.041913e+003,-3.887732e-002
7.042395e+003,-2.136984e-002
7.042877e+003,1.499734e-003
7.043359e+003,2.760408e-002
7.043841e+003,5.384151e-002
7.044323e+003,7.689235e-002
7.044805e+003,9.407593e-002
7.045287e+003,1.040044e-001
7.045770e+003,1.068012e-001
7.046251e+003,1.038132e-001
7.046734e+003,9.694343e-002
7.047216e+003,8.787650e-002
7.047698e+003,7.751833e-002
7.048180e+003,6.588720e-002
7.048662e+003,5.250502e-002
7.049145e+003,3.711856e-002
7.049626e+003,2.041872e-002
7.050108e+003,4.397167e-003
7.050591e+003,-7.891150e-003
7.051073e+003,-1.314851e-002
7.051555e+003,-8.964510e-003
7.052037e+003,5.183812e-003
7.052520e+003,2.749333e-002
7.053001e+003,5.419317e-002
7.053483e+003,8.062227e-002
7.053966e+003,1.026464e-001
7.054448e+003,1.178778e-001
7.054930e+003,1.262273e-001
7.055412e+003,1.295883e-001
7.055894e+003,1.308123e-001
7.056376e+003,1.324279e-001
7.056858e+003,1.356426e-001
7.057341e+003,1.400244e-001
7.057822e+003,1.439391e-001
7.058305e+003,1.454786e-001
7.058787e+003,1.434125e-001
7.059269e+003,1.377176e-001
7.059751e+003,1.294761e-001
7.060233e+003,1.202580e-001
7.060715e+003,1.113496e-001
7.061197e+003,1.032356e-001
7.061680e+003,9.558336e-002
7.062162e+003,8.769115e-002
7.062644e+003,7.911526e-002
7.063126e+003,7.009882e-002
7.063608e+003,6.154503e-002
7.064090e+003,5.453609e-002
7.064572e+003,4.966025e-002
7.065055e+003,4.652658e-002
7.065537e+003,4.376076e-002
7.066019e+003,3.952583e-002
7.066501e+003,3.232500e-002
7.066983e+003,2.174733e-002
7.067465e+003,8.723990e-003
7.067947e+003,-4.768193e-003
7.068430e+003,-1.643105e-002
7.068911e+003,-2.444884e-002
7.069394e+003,-2.801419e-002
7.069876e+003,-2.738336e-002
7.070358e+003,-2.351393e-002
7.070840e+003,-1.753421e-002
7.071322e+003,-1.033771e-002
7.071804e+003,-2.481911e-003
7.072286e+003,5.632348e-003
7.072769e+003,1.348998e-002
7.073250e+003,2.032671e-002
7.073732e+003,2.525093e-002
7.074215e+003,2.756504e-002
7.074697e+003,2.709008e-002
7.075179e+003,2.428434e-002
7.075661e+003,2.006658e-002
7.076144e+003,1.543663e-002
7.076625e+003,1.111580e-002
7.077107e+003,7.422719e-003
7.077590e+003,4.453939e-003
7.078072e+003,2.435196e-003
7.078554e+003,1.975474e-003
7.079036e+003,3.981710e-003
7.079519e+003,9.178980e-003
7.080000e+003,1.743415e-002
7.080482e+003,2.725828e-002
7.080965e+003,3.584628e-002
7.081447e+003,3.978515e-002
7.081929e+003,3.622657e-002
7.082411e+003,2.404899e-002
7.082893e+003,4.481129e-003
7.083375e+003,-1.913463e-002
7.083857e+003,-4.238599e-002
7.084339e+003,-6.122593e-002
7.084821e+003,-7.320757e-002
7.085304e+003,-7.802367e-002
7.085786e+003,-7.717960e-002
7.086268e+003,-7.302158e-002
7.086750e+003,-6.761329e-002
7.087232e+003,-6.197702e-002
7.087714e+003,-5.599066e-002
7.088196e+003,-4.888368e-002
7.088679e+003,-3.999079e-002
7.089161e+003,-2.933535e-002
7.089643e+003,-1.775879e-002
7.090125e+003,-6.588590e-003
7.090607e+003,2.913689e-003
7.091089e+003,9.994444e-003
7.091571e+003,1.451907e-002
7.092054e+003,1.675627e-002
7.092536e+003,1.704279e-002
7.093018e+003,1.559256e-002
7.093500e+003,1.259681e-002
7.093982e+003,8.540389e-003
7.094464e+003,4.476880e-003
7.094946e+003,1.978887e-003
7.095428e+003,2.645498e-003
7.095910e+003,7.322222e-003
7.096393e+003,1.541410e-002
7.096875e+003,2.470818e-002
7.097356e+003,3.192692e-002
7.097839e+003,3.386714e-002
7.098321e+003,2.869380e-002
7.098803e+003,1.681693e-002
7.099285e+003,9.133604e-004
7.099768e+003,-1.495731e-002
7.100250e+003,-2.678756e-002
7.100731e+003,-3.199532e-002
7.101214e+003,-3.015056e-002
7.101696e+003,-2.277417e-002
7.102178e+003,-1.236162e-002
7.102660e+003,-1.138401e-003
7.103143e+003,9.843499e-003
7.103625e+003,2.084995e-002
7.104106e+003,3.282063e-002
7.104589e+003,4.630155e-002
7.105071e+003,6.053032e-002
7.105553e+003,7.317682e-002
7.106035e+003,8.092700e-002
7.106517e+003,8.069412e-002
7.106999e+003,7.094210e-002
7.107481e+003,5.254710e-002
7.107964e+003,2.882019e-002
7.108445e+003,4.666138e-003
7.108928e+003,-1.480065e-002
7.109410e+003,-2.567386e-002
7.109892e+003,-2.622919e-002
7.110374e+003,-1.718931e-002
7.110856e+003,-1.295671e-003
7.111338e+003,1.757367e-002
7.111820e+003,3.540726e-002
7.112303e+003,4.889835e-002
7.112785e+003,5.595964e-002
7.113267e+003,5.589661e-002
7.113749e+003,4.930941e-002
7.114231e+003,3.781644e-002
7.114713e+003,2.366967e-002
7.115195e+003,9.304957e-003
7.115678e+003,-3.129524e-003
7.116160e+003,-1.219570e-002
7.116642e+003,-1.743844e-002
7.117124e+003,-1.941346e-002
7.117606e+003,-1.943416e-002
7.118088e+003,-1.909815e-002
7.118570e+003,-1.974458e-002
7.119053e+003,-2.202937e-002
7.119534e+003,-2.576110e-002
7.120017e+003,-3.003763e-002
7.120499e+003,-3.360667e-002
7.120981e+003,-3.529437e-002
7.121463e+003,-3.433890e-002
7.121945e+003,-3.052405e-002
7.122427e+003,-2.410694e-002
7.122909e+003,-1.562136e-002
7.123392e+003,-5.676537e-003
7.123874e+003,5.154484e-003
7.124355e+003,1.633505e-002
7.124838e+003,2.730532e-002
7.125320e+003,3.745088e-002
7.125802e+003,4.616491e-002
7.126284e+003,5.300309e-002
7.126767e+003,5.785770e-002
7.127249e+003,6.104118e-002
7.127730e+003,6.319769e-002
7.128213e+003,6.503890e-002
7.128695e+003,6.701175e-002
7.129177e+003,6.905216e-002
7.129659e+003,7.054871e-002
7.130142e+003,7.058842e-002
7.130623e+003,6.839828e-002
7.131105e+003,6.379469e-002
7.131588e+003,5.742345e-002
7.132070e+003,5.064598e-002
7.132552e+003,4.507523e-002
7.133034e+003,4.192885e-002
7.133516e+003,4.146557e-002
7.133998e+003,4.275649e-002
7.134480e+003,4.391200e-002
7.134962e+003,4.269224e-002
7.135444e+003,3.726111e-002
7.135927e+003,2.678224e-002
7.136409e+003,1.163081e-002
7.136891e+003,-6.826332e-003
7.137373e+003,-2.673705e-002
7.137855e+003,-4.629706e-002
7.138337e+003,-6.406704e-002
7.138819e+003,-7.897113e-002
7.139302e+003,-9.006310e-002
7.139784e+003,-9.628481e-002
7.140266e+003,-9.645355e-002
7.140748e+003,-8.958267e-002
7.141230e+003,-7.543502e-002
7.141712e+003,-5.503642e-002
7.142194e+003,-3.083612e-002
7.142677e+003,-6.329531e-003
7.143159e+003,1.480405e-002
7.143641e+003,2.975097e-002
7.144123e+003,3.737934e-002
7.144605e+003,3.846710e-002
7.145087e+003,3.523128e-002
7.145569e+003,3.035610e-002
7.146051e+003,2.594490e-002
7.146533e+003,2.284923e-002
7.147016e+003,2.064083e-002
7.147498e+003,1.817999e-002
7.147980e+003,1.445176e-002
7.148462e+003,9.229250e-003
7.148944e+003,3.232172e-003
7.149426e+003,-2.277582e-003
7.149908e+003,-6.223418e-003
7.150391e+003,-8.351853e-003
7.150873e+003,-9.409070e-003
7.151354e+003,-1.072532e-002
7.151837e+003,-1.339282e-002
7.152319e+003,-1.745722e-002
7.152801e+003,-2.156630e-002
7.153283e+003,-2.331750e-002
7.153766e+003,-2.021235e-002
7.154248e+003,-1.082308e-002
7.154729e+003,4.349545e-003
7.155212e+003,2.273562e-002
7.155694e+003,4.037807e-002
7.156176e+003,5.318723e-002
7.156658e+003,5.827311e-002
7.157140e+003,5.483852e-002
7.157622e+003,4.431760e-002
7.158104e+003,2.976700e-002
7.158587e+003,1.480675e-002
7.159069e+003,2.529210e-003
7.159551e+003,-5.177489e-003
7.160033e+003,-7.831858e-003
7.160515e+003,-6.043525e-003
7.160997e+003,-9.637905e-004
7.161479e+003,6.229023e-003
7.161961e+003,1.462272e-002
7.162443e+003,2.361511e-002
7.162926e+003,3.281329e-002
7.163408e+003,4.193829e-002
7.163890e+003,5.083084e-002
7.164372e+003,5.954973e-002
7.164854e+003,6.846521e-002
7.165336e+003,7.822938e-002
7.165818e+003,8.956020e-002
7.166301e+003,1.028798e-001
7.166783e+003,1.179391e-001
7.167265e+003,1.335978e-001
7.167747e+003,1.478854e-001
7.168229e+003,1.583699e-001
7.168711e+003,1.627390e-001
7.169193e+003,1.594187e-001
7.169676e+003,1.480388e-001
7.170158e+003,1.296033e-001
7.170640e+003,1.063235e-001
7.171122e+003,8.116845e-002
7.171604e+003,5.725523e-002
7.172086e+003,3.723063e-002
7.172568e+003,2.278331e-002
7.173050e+003,1.438893e-002
7.173532e+003,1.133345e-002
7.174015e+003,1.199870e-002
7.174497e+003,1.433226e-002
7.174979e+003,1.638226e-002
7.175461e+003,1.676262e-002
7.175943e+003,1.493796e-002
7.176425e+003,1.126765e-002
7.176907e+003,6.815828e-003
7.177390e+003,2.996480e-003
7.177872e+003,1.160090e-003
7.178354e+003,2.234222e-003
7.178836e+003,6.501885e-003
7.179318e+003,1.355670e-002
7.179800e+003,2.242571e-002
7.180282e+003,3.181466e-002
7.180765e+003,4.040973e-002
7.181247e+003,4.716215e-002
7.181729e+003,5.148997e-002
7.182211e+003,5.334905e-002
7.182693e+003,5.316048e-002
7.183175e+003,5.161893e-002
7.183657e+003,4.944295e-002
7.184139e+003,4.714495e-002
7.184621e+003,4.489144e-002
7.185104e+003,4.249186e-002
7.185586e+003,3.950828e-002
7.186067e+003,3.543441e-002
7.186550e+003,2.986911e-002
7.187032e+003,2.262056e-002
7.187514e+003,1.371386e-002
7.187996e+003,3.325728e-003
7.188479e+003,-8.296716e-003
7.188960e+003,-2.087296e-002
7.189442e+003,-3.405370e-002
7.189925e+003,-4.733304e-002
7.190407e+003,-5.994964e-002
7.190889e+003,-7.087391e-002
7.191371e+003,-7.886553e-002
7.191854e+003,-8.262064e-002
7.192335e+003,-8.096095e-002
7.192817e+003,-7.302089e-002
7.193300e+003,-5.841195e-002
7.193782e+003,-3.737158e-002
7.194264e+003,-1.091181e-002
7.194746e+003,1.905015e-002
7.195228e+003,4.964743e-002
7.195710e+003,7.721730e-002
7.196192e+003,9.774926e-002
7.196675e+003,1.076368e-001
7.197156e+003,1.045977e-001
7.197639e+003,8.849438e-002
7.198121e+003,6.172457e-002
7.198603e+003,2.893414e-002
7.199085e+003,-3.988704e-003
7.199567e+003,-3.139969e-002
7.200049e+003,-4.940159e-002
7.200531e+003,-5.683711e-002
7.201014e+003,-5.539867e-002
7.201496e+003,-4.880106e-002
7.201978e+003,-4.132015e-002
7.202460e+003,-3.624383e-002
7.202942e+003,-3.480759e-002
7.203424e+003,-3.598702e-002
7.203906e+003,-3.717572e-002
7.204389e+003,-3.543144e-002
7.204871e+003,-2.876956e-002
7.205353e+003,-1.700104e-002
7.205835e+003,-1.837313e-003
7.206317e+003,1.369800e-002
7.206799e+003,2.624507e-002
7.207281e+003,3.306450e-002
7.207764e+003,3.264913e-002
7.208245e+003,2.486730e-002
7.208728e+003,1.072175e-002
7.209210e+003,-8.069092e-003
7.209692e+003,-2.946480e-002
7.210174e+003,-5.136713e-002
7.210656e+003,-7.177107e-002
7.211138e+003,-8.888924e-002
7.211620e+003,-1.013205e-001
7.212103e+003,-1.082568e-001
7.212584e+003,-1.096402e-001
7.213066e+003,-1.061572e-001
7.213549e+003,-9.901194e-002
7.214031e+003,-8.952964e-002
7.214513e+003,-7.874060e-002
7.214995e+003,-6.712843e-002
7.215478e+003,-5.466625e-002
7.215959e+003,-4.113412e-002
7.216441e+003,-2.657617e-002
7.216924e+003,-1.167835e-002
7.217406e+003,2.126116e-003
7.217888e+003,1.290398e-002
7.218370e+003,1.875066e-002
7.218853e+003,1.840957e-002
7.219334e+003,1.175024e-002
7.219816e+003,-7.536425e-005
7.220299e+003,-1.485861e-002
7.220781e+003,-2.986544e-002
7.221263e+003,-4.250721e-002
7.221745e+003,-5.092764e-002
7.222227e+003,-5.435904e-002
7.222709e+003,-5.315886e-002
7.223191e+003,-4.854460e-002
7.223673e+003,-4.212165e-002
7.224155e+003,-3.534694e-002
7.224638e+003,-2.908679e-002
7.225120e+003,-2.340865e-002
7.225602e+003,-1.768364e-002
7.226084e+003,-1.097849e-002
7.226566e+003,-2.602319e-003
7.227048e+003,7.408434e-003
7.227530e+003,1.808934e-002
7.228013e+003,2.775980e-002
7.228495e+003,3.460851e-002
7.228977e+003,3.743718e-002
7.229459e+003,3.624424e-002
7.229941e+003,3.235649e-002
7.230423e+003,2.798113e-002
7.230905e+003,2.529864e-002
7.231388e+003,2.545162e-002
7.231870e+003,2.788732e-002
7.232352e+003,3.041172e-002
7.232834e+003,3.002046e-002
7.233316e+003,2.421475e-002
7.233798e+003,1.225723e-002
7.234280e+003,-4.188855e-003
7.234762e+003,-2.135477e-002
7.235244e+003,-3.452636e-002
7.235727e+003,-3.963877e-002
7.236209e+003,-3.468932e-002
7.236691e+003,-2.041832e-002
7.237173e+003,-6.007405e-006
7.237655e+003,2.206169e-002
7.238137e+003,4.146982e-002
7.238619e+003,5.529191e-002
7.239102e+003,6.250789e-002
7.239583e+003,6.372977e-002
7.240065e+003,6.040021e-002
7.240548e+003,5.393041e-002
7.241030e+003,4.520571e-002
7.241512e+003,3.464533e-002
7.241994e+003,2.268637e-002
7.242477e+003,1.032794e-002
7.242958e+003,-6.622847e-004
7.243440e+003,-8.089107e-003
7.243923e+003,-1.012059e-002
7.244405e+003,-6.164474e-003
7.244887e+003,2.615678e-003
7.245369e+003,1.344661e-002
7.245851e+003,2.276291e-002
7.246333e+003,2.740225e-002
7.246815e+003,2.571057e-002
7.247298e+003,1.811867e-002
7.247780e+003,6.965956e-003
7.248262e+003,-4.346848e-003
7.248744e+003,-1.253148e-002
7.249226e+003,-1.546004e-002
7.249708e+003,-1.271727e-002
7.250190e+003,-5.514281e-003
7.250672e+003,3.921198e-003
7.251154e+003,1.318062e-002
7.251637e+003,2.041550e-002
7.252119e+003,2.468787e-002
7.252601e+003,2.600243e-002
7.253083e+003,2.498777e-002
7.253565e+003,2.248155e-002
7.254047e+003,1.918181e-002
7.254529e+003,1.545983e-002
7.255012e+003,1.133648e-002
7.255494e+003,6.564002e-003
7.255976e+003,7.483666e-004
7.256458e+003,-6.521760e-003
7.256940e+003,-1.553793e-002
7.257422e+003,-2.631509e-002
7.257904e+003,-3.842619e-002
7.258387e+003,-5.087942e-002
7.258869e+003,-6.211386e-002
7.259351e+003,-7.017668e-002
7.259833e+003,-7.308780e-002
7.260315e+003,-6.932075e-002
7.260797e+003,-5.826348e-002
7.261279e+003,-4.050591e-002
7.261761e+003,-1.784158e-002
7.262243e+003,7.040571e-003
7.262726e+003,3.109711e-002
7.263208e+003,5.155012e-002
7.263689e+003,6.641067e-002
7.264172e+003,7.476770e-002
7.264654e+003,7.678671e-002
7.265136e+003,7.345431e-002
7.265618e+003,6.617849e-002
7.266101e+003,5.638316e-002
7.266583e+003,4.522125e-002
7.267064e+003,3.347423e-002
7.267547e+003,2.163536e-002
7.268029e+003,1.010789e-002
7.268511e+003,-5.882640e-004
7.268993e+003,-9.704696e-003
7.269476e+003,-1.631073e-002
7.269958e+003,-1.949459e-002
7.270439e+003,-1.865004e-002
7.270922e+003,-1.373632e-002
7.271404e+003,-5.398484e-003
7.271886e+003,5.119278e-003
7.272368e+003,1.625904e-002
7.272850e+003,2.654650e-002
7.273332e+003,3.496660e-002
7.273814e+003,4.118722e-002
7.274297e+003,4.555644e-002
7.274778e+003,4.888431e-002
7.275261e+003,5.209884e-002
7.275743e+003,5.590644e-002
7.276225e+003,6.057148e-002
7.276707e+003,6.587043e-002
7.277189e+003,7.120034e-002
7.277671e+003,7.576650e-002
7.278153e+003,7.876077e-002
7.278636e+003,7.947299e-002
7.279118e+003,7.733019e-002
7.279600e+003,7.190328e-002
7.280082e+003,6.293247e-002
7.280564e+003,5.039898e-002
7.281046e+003,3.462289e-002
7.281528e+003,1.633004e-002
7.282011e+003,-3.373926e-003
7.282493e+003,-2.318572e-002
7.282975e+003,-4.172854e-002
7.283457e+003,-5.791551e-002
7.283939e+003,-7.107031e-002
7.284421e+003,-8.093969e-002
7.284903e+003,-8.755162e-002
7.285386e+003,-9.098355e-002
7.285867e+003,-9.114591e-002
7.286350e+003,-8.768068e-002
7.286832e+003,-8.002800e-002
7.287314e+003,-6.764501e-002
7.287796e+003,-5.030330e-002
7.288278e+003,-2.836484e-002
7.288760e+003,-2.948569e-003
7.289242e+003,2.406453e-002
7.289725e+003,5.019458e-002
7.290207e+003,7.266755e-002
7.290688e+003,8.881251e-002
7.291171e+003,9.649293e-002
7.291653e+003,9.450220e-002
7.292135e+003,8.284315e-002
7.292617e+003,6.280670e-002
7.293100e+003,3.678680e-002
7.293582e+003,7.830412e-003
7.294063e+003,-2.098713e-002
7.294546e+003,-4.718212e-002
7.295028e+003,-6.926900e-002
7.295510e+003,-8.680147e-002
7.295992e+003,-1.000337e-001
7.296475e+003,-1.093478e-001
7.296956e+003,-1.147023e-001
7.297438e+003,-1.153687e-001
7.297921e+003,-1.101099e-001
7.298403e+003,-9.777322e-002
7.298885e+003,-7.807299e-002
7.299367e+003,-5.222439e-002
7.299849e+003,-2.312389e-002
7.300331e+003,5.061952e-003
7.300813e+003,2.779590e-002
7.301295e+003,4.125495e-002
7.301777e+003,4.322768e-002
7.302260e+003,3.353618e-002
7.302742e+003,1.389001e-002
7.303224e+003,-1.270328e-002
7.303706e+003,-4.270662e-002
7.304188e+003,-7.272289e-002
7.304670e+003,-9.989677e-002
7.305152e+003,-1.220435e-001
7.305635e+003,-1.376331e-001
7.306117e+003,-1.457926e-001
7.306599e+003,-1.464147e-001
7.307081e+003,-1.403267e-001
7.307563e+003,-1.293640e-001
7.308045e+003,-1.161776e-001
7.308527e+003,-1.037074e-001
7.309010e+003,-9.441382e-002
7.309492e+003,-8.951119e-002
7.309974e+003,-8.849934e-002
7.310456e+003,-8.922104e-002
7.310938e+003,-8.848618e-002
7.311420e+003,-8.308272e-002
7.311902e+003,-7.082640e-002
7.312384e+003,-5.127578e-002
7.312866e+003,-2.587110e-002
7.313349e+003,2.471921e-003
7.313831e+003,3.035172e-002
7.314313e+003,5.462802e-002
7.314795e+003,7.312753e-002
7.315277e+003,8.490343e-002
7.315759e+003,9.010377e-002
7.316241e+003,8.960333e-002
7.316724e+003,8.460682e-002
7.317206e+003,7.638434e-002
7.317688e+003,6.619137e-002
7.318170e+003,5.531168e-002
7.318652e+003,4.510459e-002
7.319134e+003,3.695412e-002
7.319616e+003,3.209124e-002
7.320099e+003,3.134416e-002
7.320581e+003,3.492087e-002
7.321063e+003,4.231938e-002
7.321545e+003,5.240638e-002
7.322027e+003,6.363580e-002
7.322509e+003,7.433158e-002
7.322991e+003,8.295170e-002
7.323473e+003,8.827978e-002
7.323955e+003,8.953530e-002
7.324438e+003,8.642668e-002
7.324920e+003,7.917539e-002
7.325401e+003,6.851462e-002
7.325884e+003,5.563259e-002
7.326366e+003,4.201633e-002
7.326848e+003,2.917704e-002
7.327330e+003,1.829748e-002
7.327813e+003,9.910794e-003
7.328294e+003,3.750823e-003
7.328776e+003,-1.122558e-003
7.329259e+003,-5.921609e-003
7.329741e+003,-1.157624e-002
7.330223e+003,-1.823822e-002
7.330705e+003,-2.506245e-002
7.331188e+003,-3.039745e-002
7.331669e+003,-3.236285e-002
7.332151e+003,-2.962644e-002
7.332634e+003,-2.208479e-002
7.333116e+003,-1.115527e-002
7.333598e+003,4.832090e-004
7.334080e+003,9.657672e-003
7.334562e+003,1.372750e-002
7.335044e+003,1.150442e-002
7.335526e+003,3.720884e-003
7.336009e+003,-7.138867e-003
7.336490e+003,-1.759560e-002
7.336973e+003,-2.425154e-002
7.337455e+003,-2.480884e-002
7.337937e+003,-1.868957e-002
7.338419e+003,-7.078000e-003
7.338901e+003,7.579663e-003
7.339383e+003,2.239751e-002
7.339865e+003,3.488428e-002
7.340348e+003,4.351600e-002
7.340830e+003,4.791380e-002
7.341312e+003,4.866497e-002
7.341794e+003,4.694785e-002
7.342276e+003,4.414329e-002
7.342758e+003,4.154962e-002
7.343240e+003,4.022052e-002
7.343723e+003,4.087487e-002
7.344205e+003,4.382932e-002
7.344687e+003,4.889857e-002
7.345169e+003,5.537475e-002
7.345651e+003,6.210657e-002
7.346133e+003,6.773542e-002
7.346615e+003,7.104971e-002
7.347098e+003,7.134764e-002
7.347579e+003,6.866307e-002
7.348062e+003,6.375035e-002
7.348544e+003,5.781973e-002
7.349026e+003,5.212932e-002
7.349508e+003,4.760578e-002
7.349990e+003,4.464557e-002
7.350472e+003,4.315299e-002
7.350954e+003,4.274915e-002
7.351437e+003,4.300902e-002
7.351918e+003,4.358830e-002
7.352400e+003,4.418493e-002
7.352883e+003,4.439211e-002
7.353365e+003,4.357407e-002
7.353847e+003,4.089088e-002
7.354329e+003,3.551011e-002
7.354812e+003,2.692284e-002
7.355293e+003,1.519687e-002
7.355775e+003,1.009488e-003
7.356258e+003,-1.459122e-002
7.356740e+003,-3.059521e-002
7.357222e+003,-4.639965e-002
7.357704e+003,-6.193085e-002
7.358187e+003,-7.743111e-002
7.358668e+003,-9.300043e-002
7.359150e+003,-1.081261e-001
7.359633e+003,-1.214634e-001
7.360115e+003,-1.310277e-001
7.360597e+003,-1.347608e-001
7.361079e+003,-1.312429e-001
7.361561e+003,-1.202342e-001
7.362043e+003,-1.027995e-001
7.362525e+003,-8.096384e-002
7.363007e+003,-5.706702e-002
7.363489e+003,-3.311910e-002
7.363972e+003,-1.043767e-002
7.364454e+003,1.030889e-002
7.364936e+003,2.873895e-002
7.365418e+003,4.431924e-002
7.365900e+003,5.611978e-002
7.366382e+003,6.291805e-002
7.366864e+003,6.361860e-002
7.367347e+003,5.778784e-002
7.367829e+003,4.604354e-002
7.368311e+003,3.011327e-002
7.368793e+003,1.253515e-002
7.369275e+003,-3.866115e-003
7.369757e+003,-1.652140e-002
7.370239e+003,-2.350594e-002
7.370722e+003,-2.371448e-002
7.371204e+003,-1.687299e-002
7.371686e+003,-3.486578e-003
7.372168e+003,1.521187e-002
7.372650e+003,3.732746e-002
7.373132e+003,6.046284e-002
7.373614e+003,8.204357e-002
7.374096e+003,9.979790e-002
7.374578e+003,1.122640e-001
7.375061e+003,1.191652e-001
7.375543e+003,1.212703e-001
7.376025e+003,1.201433e-001
7.376507e+003,1.174816e-001
7.376989e+003,1.145317e-001
7.377471e+003,1.117932e-001
7.377953e+003,1.091228e-001
7.378436e+003,1.061469e-001
7.378917e+003,1.027348e-001
7.379399e+003,9.925274e-002
7.379882e+003,9.644277e-002
7.380364e+003,9.497745e-002
7.380846e+003,9.493215e-002
7.381328e+003,9.548099e-002
7.381811e+003,9.502244e-002
7.382292e+003,9.172261e-002
7.382774e+003,8.424549e-002
7.383257e+003,7.233238e-002
7.383739e+003,5.695822e-002
7.384221e+003,3.999534e-002
7.384703e+003,2.355029e-002
7.385185e+003,9.285149e-003
7.385667e+003,-1.978456e-003
7.386149e+003,-1.023449e-002
7.386632e+003,-1.592546e-002
7.387114e+003,-1.947444e-002
7.387596e+003,-2.098022e-002
7.388078e+003,-2.022484e-002
7.388560e+003,-1.695412e-002
7.389042e+003,-1.123900e-002
7.389524e+003,-3.689777e-003
7.390006e+003,4.611242e-003
7.390488e+003,1.242995e-002
7.390971e+003,1.878653e-002
7.391453e+003,2.324208e-002
7.391935e+003,2.593552e-002
7.392417e+003,2.738211e-002
7.392899e+003,2.816776e-002
7.393381e+003,2.870914e-002
7.393863e+003,2.918608e-002
7.394346e+003,2.963105e-002
7.394828e+003,3.006349e-002
7.395310e+003,3.054062e-002
7.395792e+003,3.106960e-002
7.396274e+003,3.143991e-002
7.396756e+003,3.111125e-002
7.397238e+003,2.928321e-002
7.397721e+003,2.517112e-002
7.398203e+003,1.838161e-002
7.398685e+003,9.196419e-003
7.399167e+003,-1.401879e-003
7.399649e+003,-1.200451e-002
7.400131e+003,-2.123237e-002
7.400613e+003,-2.815160e-002
7.401095e+003,-3.244200e-002
7.401577e+003,-3.424364e-002
7.402060e+003,-3.378564e-002
7.402542e+003,-3.102905e-002
7.403023e+003,-2.555837e-002
7.403506e+003,-1.682349e-002
7.403988e+003,-4.633964e-003
7.404470e+003,1.035203e-002
7.404952e+003,2.643043e-002
7.405435e+003,4.110849e-002
7.405917e+003,5.181516e-002
7.406398e+003,5.654213e-002
7.406881e+003,5.464223e-002
7.407363e+003,4.695915e-002
7.407845e+003,3.552901e-002
7.408327e+003,2.295274e-002
7.408810e+003,1.171529e-002
7.409292e+003,3.703560e-003
7.409773e+003,3.546001e-005
7.410256e+003,1.141789e-003
7.410738e+003,6.938294e-003
7.411220e+003,1.693403e-002
7.411702e+003,3.022662e-002
7.412184e+003,4.546082e-002
7.412666e+003,6.088966e-002
7.413148e+003,7.463485e-002
7.413631e+003,8.511813e-002
7.414112e+003,9.150427e-002
7.414595e+003,9.394057e-002
7.415077e+003,9.344230e-002
7.415559e+003,9.143251e-002
7.416041e+003,8.911815e-002
7.416523e+003,8.698121e-002
7.417005e+003,8.462011e-002
7.417487e+003,8.101489e-002
7.417970e+003,7.508457e-002
7.418452e+003,6.626593e-002
7.418934e+003,5.483637e-002
7.419416e+003,4.183180e-002
7.419898e+003,2.860458e-002
7.420380e+003,1.623698e-002
7.420862e+003,5.086001e-003
7.421345e+003,-5.332794e-003
7.421827e+003,-1.607778e-002
7.422309e+003,-2.825650e-002
7.422791e+003,-4.247033e-002
7.423273e+003,-5.844693e-002
7.423755e+003,-7.498447e-002
7.424237e+003,-9.020494e-002
7.424720e+003,-1.020148e-001
7.425201e+003,-1.086263e-001
7.425684e+003,-1.090016e-001
7.426166e+003,-1.031199e-001
7.426648e+003,-9.201691e-002
7.427130e+003,-7.758588e-002
7.427612e+003,-6.217220e-002
7.428094e+003,-4.804109e-002
7.428576e+003,-3.684440e-002
7.429059e+003,-2.924322e-002
7.429541e+003,-2.482338e-002
7.430022e+003,-2.236109e-002
7.430505e+003,-2.037014e-002
7.430987e+003,-1.774012e-002
7.431469e+003,-1.421797e-002
7.431951e+003,-1.053280e-002
7.432434e+003,-8.106367e-003
7.432916e+003,-8.471421e-003
7.433397e+003,-1.265117e-002
7.433880e+003,-2.076743e-002
7.434362e+003,-3.203271e-002
7.434844e+003,-4.509893e-002
7.435326e+003,-5.857091e-002
7.435809e+003,-7.143427e-002
7.436290e+003,-8.321371e-002
7.436772e+003,-9.382925e-002
7.437255e+003,-1.033207e-001
7.437737e+003,-1.115670e-001
7.438219e+003,-1.182554e-001
7.438701e+003,-1.230709e-001
7.439183e+003,-1.259771e-001
7.439665e+003,-1.273841e-001
7.440147e+003,-1.280484e-001
7.440629e+003,-1.287102e-001
7.441111e+003,-1.296354e-001
7.441594e+003,-1.303141e-001
7.442076e+003,-1.295136e-001
7.442558e+003,-1.257124e-001
7.443040e+003,-1.177470e-001
7.443522e+003,-1.053795e-001
7.444004e+003,-8.951876e-002
7.444486e+003,-7.199055e-002
7.444969e+003,-5.496374e-002
7.445451e+003,-4.030065e-002
7.445933e+003,-2.911392e-002
7.446415e+003,-2.168818e-002
7.446897e+003,-1.772849e-002
7.447379e+003,-1.673872e-002
7.447861e+003,-1.829384e-002
7.448344e+003,-2.206557e-002
7.448826e+003,-2.762971e-002
7.449308e+003,-3.422841e-002
7.449790e+003,-4.069525e-002
7.450272e+003,-4.565508e-002
7.450754e+003,-4.794232e-002
7.451236e+003,-4.703647e-002
7.451718e+003,-4.327855e-002
7.452200e+003,-3.772943e-002
7.452683e+003,-3.171247e-002
7.453165e+003,-2.625111e-002
7.453647e+003,-2.167472e-002
7.454129e+003,-1.758453e-002
7.454611e+003,-1.318723e-002
7.455093e+003,-7.817253e-003
7.455575e+003,-1.376813e-003
7.456058e+003,5.526574e-003
7.456540e+003,1.180247e-002
7.457021e+003,1.633291e-002
7.457504e+003,1.842080e-002
7.457986e+003,1.801082e-002
7.458468e+003,1.559250e-002
7.458950e+003,1.186690e-002
7.459433e+003,7.372593e-003
7.459915e+003,2.269745e-003
7.460396e+003,-3.620756e-003
7.460879e+003,-1.057157e-002
7.461361e+003,-1.865022e-002
7.461843e+003,-2.753392e-002
7.462325e+003,-3.652488e-002
7.462807e+003,-4.473345e-002
7.463289e+003,-5.131153e-002
7.463771e+003,-5.561383e-002
7.464254e+003,-5.723615e-002
7.464736e+003,-5.597537e-002
7.465218e+003,-5.180892e-002
7.465700e+003,-4.496541e-002
7.466182e+003,-3.606805e-002
7.466664e+003,-2.623662e-002
7.467146e+003,-1.700282e-002
7.467628e+003,-9.960705e-003
7.468110e+003,-6.217780e-003
7.468593e+003,-5.847948e-003
7.469075e+003,-7.623681e-003
7.469557e+003,-9.218880e-003
7.470039e+003,-7.892023e-003
7.470521e+003,-1.436002e-003
7.471003e+003,1.096456e-002
7.471485e+003,2.831863e-002
7.471968e+003,4.803597e-002
7.472450e+003,6.668063e-002
7.472932e+003,8.097365e-002
7.473414e+003,8.866394e-002
7.473896e+003,8.896855e-002
7.474378e+003,8.249398e-002
7.474860e+003,7.077755e-002
7.475343e+003,5.572715e-002
7.475825e+003,3.922585e-002
7.476307e+003,2.302003e-002
7.476789e+003,8.811438e-003
7.477271e+003,-1.661666e-003
7.477753e+003,-6.770548e-003
7.478235e+003,-5.443682e-003
7.478717e+003,2.216747e-003
7.479199e+003,1.444876e-002
7.479682e+003,2.779893e-002
7.480164e+003,3.772854e-002
7.480646e+003,3.978269e-002
7.481128e+003,3.098791e-002
7.481610e+003,1.099632e-002
7.482092e+003,-1.746436e-002
7.482574e+003,-4.905885e-002
7.483057e+003,-7.713832e-002
7.483539e+003,-9.547862e-002
7.484021e+003,-9.992292e-002
7.484503e+003,-8.942205e-002
7.484985e+003,-6.617443e-002
7.485467e+003,-3.486873e-002
7.485949e+003,-1.319024e-003
7.486432e+003,2.905133e-002
7.486914e+003,5.241917e-002
7.487396e+003,6.715924e-002
7.487878e+003,7.375505e-002
7.488360e+003,7.416973e-002
7.488842e+003,7.096048e-002
7.489324e+003,6.644061e-002
7.489806e+003,6.211523e-002
7.490288e+003,5.848195e-002
7.490771e+003,5.515965e-002
7.491253e+003,5.122603e-002
7.491734e+003,4.562778e-002
7.492217e+003,3.755663e-002
7.492699e+003,2.673320e-002
7.493181e+003,1.357264e-002
7.493663e+003,-7.821271e-004
7.494146e+003,-1.457742e-002
7.494627e+003,-2.572637e-002
7.495109e+003,-3.222680e-002
7.495592e+003,-3.264393e-002
7.496074e+003,-2.653058e-002
7.496556e+003,-1.463772e-002
7.497038e+003,1.191379e-003
7.497521e+003,1.845375e-002
7.498002e+003,3.463300e-002
7.498484e+003,4.785211e-002
7.498967e+003,5.730523e-002
7.499449e+003,6.331608e-002
7.499931e+003,6.701008e-002
7.500413e+003,6.973793e-002
7.500895e+003,7.248157e-002
7.501377e+003,7.547276e-002
7.501859e+003,7.815607e-002
7.502342e+003,7.947931e-002
7.502823e+003,7.835837e-002
7.503306e+003,7.410598e-002
7.503788e+003,6.665401e-002
7.504270e+003,5.651220e-002
7.504752e+003,4.453149e-002
7.505234e+003,3.161968e-002
7.505716e+003,1.855444e-002
7.506198e+003,5.965431e-003
7.506681e+003,-5.545780e-003
7.507163e+003,-1.525894e-002
7.507645e+003,-2.228576e-002
7.508127e+003,-2.568937e-002
7.508609e+003,-2.475119e-002
7.509091e+003,-1.928210e-002
7.509573e+003,-9.841930e-003
7.510056e+003,2.238417e-003
7.510538e+003,1.506140e-002
7.511020e+003,2.653829e-002
7.511502e+003,3.482259e-002
7.511984e+003,3.867849e-002
7.512466e+003,3.769401e-002
7.512948e+003,3.230184e-002
7.513431e+003,2.362306e-002
7.513912e+003,1.318553e-002
7.514395e+003,2.590320e-003
7.514877e+003,-6.794827e-003
7.515359e+003,-1.404276e-002
7.515841e+003,-1.872707e-002
7.516323e+003,-2.082747e-002
7.516805e+003,-2.052601e-002
7.517287e+003,-1.798519e-002
7.517770e+003,-1.321751e-002
7.518251e+003,-6.124789e-003
7.518733e+003,3.288023e-003
7.519216e+003,1.461467e-002
7.519698e+003,2.682097e-002
7.520180e+003,3.824745e-002
7.520662e+003,4.691963e-002
7.521145e+003,5.111115e-002
7.521626e+003,4.997250e-002
7.522108e+003,4.397424e-002
7.522591e+003,3.495392e-002
7.523073e+003,2.569897e-002
7.523555e+003,1.918138e-002
7.524037e+003,1.770363e-002
7.524520e+003,2.225171e-002
7.525001e+003,3.226446e-002
7.525483e+003,4.586141e-002
7.525966e+003,6.040012e-002
7.526448e+003,7.313722e-002
7.526930e+003,8.177700e-002
7.527412e+003,8.479082e-002
7.527894e+003,8.151606e-002
7.528376e+003,7.212641e-002
7.528858e+003,5.756830e-002
7.529340e+003,3.948638e-002
7.529822e+003,2.012107e-002
7.530305e+003,2.036927e-003
7.530787e+003,-1.230100e-002
7.531269e+003,-2.106390e-002
7.531751e+003,-2.354028e-002
7.532233e+003,-2.036447e-002
7.532715e+003,-1.336310e-002
7.533197e+003,-5.035004e-003
7.533680e+003,2.162826e-003
7.534162e+003,6.462679e-003
7.534644e+003,7.133619e-003
7.535126e+003,4.430738e-003
7.535608e+003,-7.746103e-004
7.536090e+003,-7.473382e-003
7.536572e+003,-1.487274e-002
7.537055e+003,-2.248601e-002
7.537537e+003,-2.997378e-002
7.538019e+003,-3.688494e-002
7.538501e+003,-4.248999e-002
7.538983e+003,-4.583269e-002
7.539465e+003,-4.599296e-002
7.539947e+003,-4.242607e-002
7.540429e+003,-3.519516e-002
7.540911e+003,-2.496706e-002
7.541394e+003,-1.276664e-002
7.541876e+003,3.907830e-004
7.542357e+003,1.381011e-002
7.542840e+003,2.722874e-002
7.543322e+003,4.069578e-002
7.543804e+003,5.430021e-002
7.544286e+003,6.789528e-002
7.544769e+003,8.094846e-002
7.545250e+003,9.256630e-002
7.545732e+003,1.016506e-001
7.546215e+003,1.070938e-001
7.546697e+003,1.079385e-001
7.547179e+003,1.034924e-001
7.547661e+003,9.344763e-002
7.548144e+003,7.806411e-002
7.548625e+003,5.841638e-002
7.549107e+003,3.661103e-002
7.549590e+003,1.581122e-002
7.550072e+003,-8.170011e-005
7.550554e+003,-7.134411e-003
7.551036e+003,-2.352219e-003
7.551518e+003,1.536099e-002
7.552000e+003,4.458570e-002
7.552482e+003,8.137091e-002
7.552965e+003,1.198905e-001
7.553446e+003,1.536204e-001
7.553929e+003,1.767154e-001
7.554411e+003,1.852154e-001
7.554893e+003,1.777806e-001
7.555375e+003,1.558150e-001
7.555857e+003,1.230065e-001
7.556339e+003,8.445074e-002
7.556821e+003,4.558871e-002
7.557304e+003,1.119484e-002
7.557786e+003,-1.539927e-002
7.558268e+003,-3.272277e-002
7.558750e+003,-4.117380e-002
7.559232e+003,-4.263612e-002
7.559714e+003,-3.979774e-002
7.560196e+003,-3.533649e-002
7.560679e+003,-3.121741e-002
7.561161e+003,-2.825239e-002
7.561643e+003,-2.613089e-002
7.562125e+003,-2.385065e-002
7.562607e+003,-2.037010e-002
7.563089e+003,-1.519572e-002
7.563571e+003,-8.638373e-003
7.564054e+003,-1.619493e-003
7.564535e+003,4.882393e-003
7.565018e+003,1.047040e-002
7.565500e+003,1.572058e-002
7.565982e+003,2.209056e-002
7.566464e+003,3.133406e-002
7.566946e+003,4.465137e-002
7.567428e+003,6.195583e-002
7.567910e+003,8.161046e-002
7.568393e+003,1.007984e-001
7.568875e+003,1.164141e-001
7.569356e+003,1.261296e-001
7.569839e+003,1.292042e-001
7.570321e+003,1.267104e-001
7.570803e+003,1.210894e-001
7.571285e+003,1.152313e-001
7.571768e+003,1.114610e-001
7.572250e+003,1.108317e-001
7.572731e+003,1.129813e-001
7.573214e+003,1.165528e-001
7.573696e+003,1.199516e-001
7.574178e+003,1.220938e-001
7.574660e+003,1.228366e-001
7.575143e+003,1.229377e-001
7.575624e+003,1.235961e-001
7.576106e+003,1.257919e-001
7.576589e+003,1.297100e-001
7.577071e+003,1.344851e-001
7.577553e+003,1.383745e-001
7.578035e+003,1.393020e-001
7.578517e+003,1.355895e-001
7.578999e+003,1.266321e-001
7.579481e+003,1.132902e-001
7.579963e+003,9.785400e-002
7.580445e+003,8.355684e-002
7.580928e+003,7.374251e-002
7.581410e+003,7.090539e-002
7.581892e+003,7.588018e-002
7.582374e+003,8.744319e-002
7.582856e+003,1.024879e-001
7.583338e+003,1.167730e-001
7.583820e+003,1.260563e-001
7.584303e+003,1.272853e-001
7.584785e+003,1.194711e-001
7.585267e+003,1.039582e-001
7.585749e+003,8.398946e-002
7.586231e+003,6.370720e-002
7.586713e+003,4.691810e-002
7.587195e+003,3.603718e-002
7.587678e+003,3.155483e-002
7.588160e+003,3.217997e-002
7.588642e+003,3.556488e-002
7.589124e+003,3.930796e-002
7.589606e+003,4.184476e-002
7.590088e+003,4.290389e-002
7.590570e+003,4.339400e-002
7.591052e+003,4.479713e-002
7.591534e+003,4.845690e-002
7.592017e+003,5.487936e-002
7.592499e+003,6.351295e-002
7.592981e+003,7.298033e-002
7.593463e+003,8.164715e-002
7.593945e+003,8.825387e-002
7.594427e+003,9.232292e-002
7.594909e+003,9.416535e-002
7.595392e+003,9.450208e-002
7.595874e+003,9.389558e-002
7.596355e+003,9.228115e-002
7.596838e+003,8.885068e-002
7.597320e+003,8.238561e-002
7.597802e+003,7.193050e-002
7.598284e+003,5.752711e-002
7.598767e+003,4.067295e-002
7.599249e+003,2.425628e-002
7.599730e+003,1.192392e-002
7.600213e+003,7.069072e-003
7.600695e+003,1.178986e-002
7.601177e+003,2.618845e-002
7.601659e+003,4.825296e-002
7.602141e+003,7.434707e-002
7.602623e+003,1.001160e-001
7.603105e+003,1.214915e-001
7.603588e+003,1.354884e-001
7.604070e+003,1.406083e-001
7.604552e+003,1.368502e-001
7.605034e+003,1.254695e-001
7.605516e+003,1.086680e-001
7.605998e+003,8.933529e-002
7.606480e+003,7.083096e-002
7.606962e+003,5.670195e-002
7.607444e+003,5.021989e-002
7.607927e+003,5.372608e-002
7.608409e+003,6.792851e-002
7.608891e+003,9.141735e-002
7.609373e+003,1.206698e-001
7.609855e+003,1.506757e-001
7.610337e+003,1.760815e-001
7.610819e+003,1.925260e-001
7.611302e+003,1.977309e-001
7.611784e+003,1.919748e-001
7.612266e+003,1.778020e-001
7.612748e+003,1.591016e-001
7.613230e+003,1.399206e-001
7.613712e+003,1.234381e-001
7.614194e+003,1.114165e-001
7.614677e+003,1.042095e-001
7.615159e+003,1.011711e-001
7.615641e+003,1.011788e-001
7.616123e+003,1.030132e-001
7.616605e+003,1.054833e-001
7.617087e+003,1.073766e-001
7.617569e+003,1.074236e-001
7.618051e+003,1.044491e-001
7.618533e+003,9.774474e-002
7.619016e+003,8.752409e-002
7.619498e+003,7.521065e-002
7.619979e+003,6.333219e-002
7.620462e+003,5.495182e-002
7.620944e+003,5.277975e-002
7.621426e+003,5.827881e-002
7.621908e+003,7.109673e-002
7.622391e+003,8.912434e-002
7.622873e+003,1.090270e-001
7.623354e+003,1.271869e-001
7.623837e+003,1.406399e-001
7.624319e+003,1.477001e-001
7.624801e+003,1.481059e-001
7.625283e+003,1.427227e-001
7.625766e+003,1.330010e-001
7.626248e+003,1.204446e-001
7.626729e+003,1.062772e-001
7.627212e+003,9.137029e-002
7.627694e+003,7.636149e-002
7.628176e+003,6.182708e-002
7.628658e+003,4.838992e-002
7.629140e+003,3.671117e-002
7.629622e+003,2.739371e-002
7.630104e+003,2.086639e-002
7.630587e+003,1.730996e-002
7.631068e+003,1.664362e-002
7.631551e+003,1.855013e-002
7.632033e+003,2.250434e-002
7.632515e+003,2.779155e-002
7.632997e+003,3.353613e-002
7.633479e+003,3.878143e-002
7.633961e+003,4.264625e-002
7.634443e+003,4.453779e-002
7.634926e+003,4.435056e-002
7.635408e+003,4.255893e-002
7.635890e+003,4.013624e-002
7.636372e+003,3.829905e-002
7.636854e+003,3.815008e-002
7.637336e+003,4.033837e-002
7.637818e+003,4.485060e-002
7.638301e+003,5.099396e-002
7.638783e+003,5.755873e-002
7.639265e+003,6.309167e-002
7.639747e+003,6.619459e-002
7.640229e+003,6.578206e-002
7.640711e+003,6.126997e-002
7.641193e+003,5.269055e-002
7.641676e+003,4.072773e-002
7.642157e+003,2.664636e-002
7.642640e+003,1.207825e-002
7.643122e+003,-1.345347e-003
7.643604e+003,-1.245796e-002
7.644086e+003,-2.097954e-002
7.644568e+003,-2.771037e-002
7.645050e+003,-3.434745e-002
7.645532e+003,-4.289931e-002
7.646015e+003,-5.485332e-002
7.646497e+003,-7.039837e-002
7.646979e+003,-8.804674e-002
7.647461e+003,-1.048864e-001
7.647943e+003,-1.174574e-001
7.648425e+003,-1.229735e-001
7.648907e+003,-1.204246e-001
7.649390e+003,-1.110998e-001
7.649872e+003,-9.827179e-002
7.650354e+003,-8.611871e-002
7.650836e+003,-7.827275e-002
7.651318e+003,-7.655125e-002
7.651800e+003,-8.035847e-002
7.652282e+003,-8.697984e-002
7.652765e+003,-9.263584e-002
7.653246e+003,-9.382173e-002
7.653729e+003,-8.849096e-002
7.654211e+003,-7.652346e-002
7.654693e+003,-5.943765e-002
7.655175e+003,-3.954451e-002
7.655657e+003,-1.897687e-002
7.656139e+003,9.666278e-004
7.656621e+003,1.991865e-002
7.657104e+003,3.802784e-002
7.657585e+003,5.532223e-002
7.658067e+003,7.122667e-002
7.658550e+003,8.450665e-002
7.659032e+003,9.367549e-002
7.659514e+003,9.765760e-002
7.659996e+003,9.636571e-002
7.660479e+003,9.089265e-002
7.660960e+003,8.320903e-002
7.661442e+003,7.549645e-002
7.661925e+003,6.941540e-002
7.662407e+003,6.562311e-002
7.662889e+003,6.372595e-002
7.663371e+003,6.263945e-002
7.663854e+003,6.114679e-002
7.664335e+003,5.837771e-002
7.664817e+003,5.400138e-002
7.665300e+003,4.809467e-002
7.665782e+003,4.082070e-002
7.666264e+003,3.214161e-002
7.666746e+003,2.175547e-002
7.667228e+003,9.308251e-003
7.667710e+003,-5.228655e-003
7.668192e+003,-2.122655e-002
7.668674e+003,-3.731104e-002
7.669156e+003,-5.160190e-002
7.669639e+003,-6.220804e-002
7.670121e+003,-6.778447e-002
7.670603e+003,-6.792706e-002
7.671085e+003,-6.325321e-002
7.671567e+003,-5.515175e-002
7.672049e+003,-4.532170e-002
7.672531e+003,-3.529068e-002
7.673014e+003,-2.608450e-002
7.673496e+003,-1.813010e-002
7.673978e+003,-1.136820e-002
7.674460e+003,-5.480736e-003
7.674942e+003,-1.266855e-004
7.675424e+003,4.884560e-003
7.675906e+003,9.503460e-003
7.676389e+003,1.342262e-002
7.676871e+003,1.611711e-002
7.677353e+003,1.694381e-002
7.677835e+003,1.531053e-002
7.678317e+003,1.090834e-002
7.678799e+003,3.960636e-003
7.679281e+003,-4.600894e-003
7.679763e+003,-1.313389e-002
7.680245e+003,-1.951942e-002
7.680728e+003,-2.161094e-002
7.681210e+003,-1.778392e-002
7.681692e+003,-7.412359e-003
7.682174e+003,8.891995e-003
7.682656e+003,2.936337e-002
7.683138e+003,5.145855e-002
7.683620e+003,7.241701e-002
7.684103e+003,8.972933e-002
7.684584e+003,1.015617e-001
7.685066e+003,1.068964e-001
7.685549e+003,1.054976e-001
7.686031e+003,9.777097e-002
7.686513e+003,8.459745e-002
7.686995e+003,6.718493e-002
7.687478e+003,4.693348e-002
7.687959e+003,2.529097e-002
7.688441e+003,3.591736e-003
7.688924e+003,-1.709014e-002
7.689406e+003,-3.601534e-002
7.689888e+003,-5.273345e-002
7.690370e+003,-6.692148e-002
7.690852e+003,-7.817811e-002
7.691334e+003,-8.588912e-002
7.691816e+003,-8.926622e-002
7.692299e+003,-8.758778e-002
7.692781e+003,-8.056784e-002
7.693263e+003,-6.869815e-002
7.693745e+003,-5.339129e-002
7.694227e+003,-3.681893e-002
7.694709e+003,-2.145991e-002
7.695191e+003,-9.496543e-003
7.695673e+003,-2.268977e-003
7.696155e+003,2.045721e-005
7.696638e+003,-1.744974e-003
7.697120e+003,-5.961522e-003
7.697602e+003,-1.083764e-002
7.698084e+003,-1.489961e-002
7.698566e+003,-1.730540e-002
7.699048e+003,-1.788719e-002
7.699530e+003,-1.694985e-002
7.700013e+003,-1.493462e-002
7.700495e+003,-1.209270e-002
7.700977e+003,-8.296875e-003
7.701459e+003,-3.062865e-003
7.701941e+003,4.222692e-003
7.702423e+003,1.394293e-002
7.702905e+003,2.588736e-002
7.703388e+003,3.902736e-002
7.703870e+003,5.154610e-002
7.704352e+003,6.116739e-002
7.704834e+003,6.572911e-002
7.705316e+003,6.384796e-002
7.705798e+003,5.546008e-002
7.706280e+003,4.203078e-002
7.706762e+003,2.631911e-002
7.707244e+003,1.173337e-002
7.707727e+003,1.467940e-003
7.708209e+003,-2.300138e-003
7.708690e+003,1.105110e-003
7.709173e+003,1.083343e-002
7.709655e+003,2.490847e-002
7.710137e+003,4.086969e-002
7.710619e+003,5.640676e-002
7.711102e+003,6.977865e-002
7.711583e+003,7.993141e-002
7.712065e+003,8.636665e-002
7.712548e+003,8.890093e-002
7.713030e+003,8.745874e-002
7.713512e+003,8.197568e-002
7.713994e+003,7.240412e-002
7.714477e+003,5.877676e-002
7.714958e+003,4.124023e-002
7.715440e+003,2.015231e-002
7.715923e+003,-3.789118e-003
7.716405e+003,-2.932976e-002
7.716887e+003,-5.442812e-002
7.717369e+003,-7.617378e-002
7.717851e+003,-9.104989e-002
7.718333e+003,-9.564386e-002
7.718815e+003,-8.770711e-002
7.719298e+003,-6.722951e-002
7.719779e+003,-3.706332e-002
7.720262e+003,-2.700945e-003
7.720744e+003,2.890589e-002
7.721226e+003,5.120350e-002
7.721708e+003,5.995840e-002
7.722190e+003,5.453002e-002
7.722672e+003,3.798034e-002
7.723154e+003,1.594472e-002
7.723637e+003,-5.317075e-003
7.724119e+003,-2.093863e-002
7.724601e+003,-2.876979e-002
7.725083e+003,-2.955705e-002
7.725565e+003,-2.603196e-002
7.726047e+003,-2.140846e-002
7.726529e+003,-1.798693e-002
7.727012e+003,-1.643271e-002
7.727494e+003,-1.592426e-002
7.727976e+003,-1.494990e-002
7.728458e+003,-1.227079e-002
7.728940e+003,-7.570972e-003
7.729422e+003,-1.549566e-003
7.729904e+003,4.469483e-003
7.730387e+003,9.104037e-003
7.730868e+003,1.132320e-002
7.731351e+003,1.053107e-002
7.731833e+003,6.396835e-003
7.732315e+003,-1.338299e-003
7.732797e+003,-1.285883e-002
7.733279e+003,-2.802843e-002
7.733761e+003,-4.605501e-002
7.734243e+003,-6.533061e-002
7.734726e+003,-8.363743e-002
7.735208e+003,-9.870043e-002
7.735689e+003,-1.088395e-001
7.736172e+003,-1.133781e-001
7.736654e+003,-1.125707e-001
7.737136e+003,-1.070786e-001
7.737618e+003,-9.730034e-002
7.738101e+003,-8.298713e-002
7.738583e+003,-6.344535e-002
7.739064e+003,-3.829727e-002
7.739547e+003,-8.417784e-003
7.740029e+003,2.351082e-002
7.740511e+003,5.325927e-002
7.740993e+003,7.617806e-002
7.741476e+003,8.878326e-002
7.741957e+003,9.009940e-002
7.742439e+003,8.209424e-002
7.742922e+003,6.892470e-002
7.743404e+003,5.526660e-002
7.743886e+003,4.445425e-002
7.744368e+003,3.726985e-002
7.744850e+003,3.193364e-002
7.745332e+003,2.528763e-002
7.745814e+003,1.459612e-002
7.746296e+003,-8.796935e-004
7.746778e+003,-1.927347e-002
7.747261e+003,-3.673075e-002
7.747743e+003,-4.893936e-002
7.748225e+003,-5.285760e-002
7.748707e+003,-4.787760e-002
7.749189e+003,-3.596492e-002
7.749671e+003,-2.080180e-002
7.750153e+003,-6.391693e-003
7.750636e+003,4.242760e-003
7.751118e+003,9.768835e-003
7.751600e+003,1.050443e-002
7.752082e+003,7.832198e-003
7.752564e+003,3.465947e-003
7.753046e+003,-1.071589e-003
7.753528e+003,-4.610057e-003
7.754011e+003,-6.224812e-003
7.754493e+003,-5.089119e-003
7.754975e+003,-4.816592e-004
7.755457e+003,8.004493e-003
7.755939e+003,2.016888e-002
7.756421e+003,3.501628e-002
7.756903e+003,5.081099e-002
7.757385e+003,6.537362e-002
7.757867e+003,7.649752e-002
7.758350e+003,8.232331e-002
7.758832e+003,8.157662e-002
7.759313e+003,7.368266e-002
7.759796e+003,5.884587e-002
7.760278e+003,3.816076e-002
7.760760e+003,1.371747e-002
7.761242e+003,-1.143937e-002
7.761725e+003,-3.365983e-002
7.762207e+003,-4.939769e-002
7.762688e+003,-5.613111e-002
7.763171e+003,-5.316847e-002
7.763653e+003,-4.196639e-002
7.764135e+003,-2.573553e-002
7.764617e+003,-8.402278e-003
7.765100e+003,6.700302e-003
7.765582e+003,1.787863e-002
7.766063e+003,2.541727e-002
7.766546e+003,3.107048e-002
7.767028e+003,3.694998e-002
7.767510e+003,4.432181e-002
7.767992e+003,5.285453e-002
7.768474e+003,6.063959e-002
7.768956e+003,6.494606e-002
7.769438e+003,6.334625e-002
7.769921e+003,5.470762e-002
7.770402e+003,3.964610e-002
7.770885e+003,2.031128e-002
7.771367e+003,-3.222959e-004
7.771849e+003,-1.930522e-002
7.772331e+003,-3.436492e-002
7.772813e+003,-4.418607e-002
7.773295e+003,-4.835467e-002
7.773777e+003,-4.713302e-002
7.774260e+003,-4.123714e-002
7.774742e+003,-3.169161e-002
7.775224e+003,-1.972494e-002
7.775706e+003,-6.622866e-003
7.776188e+003,6.475047e-003
7.776670e+003,1.886217e-002
7.777152e+003,3.031545e-002
7.777635e+003,4.098097e-002
7.778117e+003,5.101968e-002
7.778599e+003,6.019581e-002
7.779081e+003,6.765303e-002
7.779563e+003,7.206646e-002
7.780045e+003,7.217607e-002
7.780527e+003,6.748572e-002
7.781010e+003,5.878034e-002
7.781491e+003,4.815271e-002
7.781974e+003,3.844428e-002
7.782456e+003,3.228598e-002
7.782938e+003,3.113407e-002
7.783420e+003,3.471784e-002
7.783902e+003,4.113611e-002
7.784384e+003,4.754670e-002
7.784866e+003,5.113583e-002
7.785349e+003,4.995881e-002
7.785831e+003,4.334746e-002
7.786313e+003,3.181568e-002
7.786795e+003,1.662980e-002
7.787277e+003,-6.789633e-004
7.787759e+003,-1.863966e-002
7.788241e+003,-3.595141e-002
7.788724e+003,-5.148854e-002
7.789206e+003,-6.436436e-002
7.789688e+003,-7.413231e-002
7.790170e+003,-8.104291e-002
7.790652e+003,-8.615472e-002
7.791134e+003,-9.111196e-002
7.791616e+003,-9.756023e-002
7.792099e+003,-1.063923e-001
7.792580e+003,-1.171661e-001
7.793063e+003,-1.280126e-001
7.793545e+003,-1.361470e-001
7.794027e+003,-1.387992e-001
7.794509e+003,-1.341578e-001
7.794991e+003,-1.219024e-001
7.795473e+003,-1.031007e-001
7.795955e+003,-7.957792e-002
7.796438e+003,-5.313240e-002
7.796919e+003,-2.503468e-002
7.797401e+003,3.935286e-003
7.797884e+003,3.298850e-002
7.798366e+003,6.072989e-002
7.798848e+003,8.491307e-002
7.799330e+003,1.028155e-001
7.799813e+003,1.121486e-001
7.800294e+003,1.120818e-001
7.800776e+003,1.038382e-001
7.801259e+003,9.048720e-002
7.801741e+003,7.595187e-002
7.802223e+003,6.365530e-002
7.802705e+003,5.543743e-002
7.803188e+003,5.125498e-002
7.803669e+003,4.978507e-002
7.804151e+003,4.958826e-002
7.804634e+003,5.019515e-002
7.805116e+003,5.252159e-002
7.805598e+003,5.836911e-002
7.806080e+003,6.925430e-002
7.806562e+003,8.517502e-002
7.807044e+003,1.039774e-001
7.807526e+003,1.216989e-001
7.808008e+003,1.337663e-001
7.808490e+003,1.365472e-001
7.808973e+003,1.285487e-001
7.809455e+003,1.107620e-001
7.809937e+003,8.607356e-002
7.810419e+003,5.809447e-002
7.810901e+003,2.999762e-002
7.811383e+003,3.872052e-003
7.811865e+003,-1.921701e-002
7.812348e+003,-3.866730e-002
7.812830e+003,-5.372481e-002
7.813312e+003,-6.324083e-002
7.813794e+003,-6.596695e-002
7.814276e+003,-6.121237e-002
7.814758e+003,-4.946014e-002
7.815240e+003,-3.254506e-002
7.815723e+003,-1.323370e-002
7.816205e+003,5.627111e-003
7.816687e+003,2.198703e-002
7.817169e+003,3.507184e-002
7.817651e+003,4.525043e-002
7.818133e+003,5.339074e-002
7.818615e+003,6.005983e-002
7.819097e+003,6.498677e-002
7.819579e+003,6.705073e-002
7.820062e+003,6.477852e-002
7.820544e+003,5.708117e-002
7.821026e+003,4.386249e-002
7.821508e+003,2.622699e-002
7.821990e+003,6.237297e-003
7.822472e+003,-1.361125e-002
7.822954e+003,-3.092736e-002
7.823437e+003,-4.376006e-002
7.823918e+003,-5.068638e-002
7.824400e+003,-5.076845e-002
7.824883e+003,-4.356068e-002
7.825365e+003,-2.927413e-002
7.825847e+003,-9.046599e-003
7.826329e+003,1.487353e-002
7.826812e+003,3.924764e-002
7.827293e+003,6.037403e-002
7.827775e+003,7.491994e-002
7.828258e+003,8.077715e-002
7.828740e+003,7.760655e-002
7.829222e+003,6.684756e-002
7.829704e+003,5.119028e-002
7.830186e+003,3.373129e-002
7.830668e+003,1.714999e-002
7.831150e+003,3.197688e-003
7.831633e+003,-7.381729e-003
7.832115e+003,-1.459022e-002
7.832597e+003,-1.880188e-002
7.833079e+003,-2.050398e-002
7.833561e+003,-2.025374e-002
7.834043e+003,-1.878105e-002
7.834525e+003,-1.705930e-002
7.835007e+003,-1.618089e-002
7.835489e+003,-1.700935e-002
7.835972e+003,-1.975190e-002
7.836454e+003,-2.370491e-002
7.836936e+003,-2.739097e-002
7.837418e+003,-2.913568e-002
7.837900e+003,-2.790197e-002
7.838382e+003,-2.398215e-002
7.838864e+003,-1.928778e-002
7.839347e+003,-1.687261e-002
7.839829e+003,-1.986830e-002
7.840311e+003,-3.018651e-002
7.840793e+003,-4.750984e-002
7.841275e+003,-6.902371e-002
7.841757e+003,-9.006988e-002
7.842239e+003,-1.055388e-001
7.842722e+003,-1.115154e-001
7.843204e+003,-1.065752e-001
7.843686e+003,-9.225018e-002
7.844168e+003,-7.249150e-002
7.844650e+003,-5.233838e-002
7.845132e+003,-3.628879e-002
7.845614e+003,-2.695978e-002
7.846096e+003,-2.448360e-002
7.846578e+003,-2.678144e-002
7.847061e+003,-3.052210e-002
7.847543e+003,-3.234095e-002
7.848024e+003,-2.984864e-002
7.848507e+003,-2.210424e-002
7.848989e+003,-9.484026e-003
7.849471e+003,6.867955e-003
7.849953e+003,2.567906e-002
7.850436e+003,4.596779e-002
7.850917e+003,6.709001e-002
7.851399e+003,8.846550e-002
7.851882e+003,1.091974e-001
7.852364e+003,1.278374e-001
7.852846e+003,1.424628e-001
7.853328e+003,1.510698e-001
7.853811e+003,1.521316e-001
7.854292e+003,1.450964e-001
7.854774e+003,1.306367e-001
7.855257e+003,1.105716e-001
7.855739e+003,8.752012e-002
7.856221e+003,6.442092e-002
7.856703e+003,4.406551e-002
7.857185e+003,2.872924e-002
7.857667e+003,1.991825e-002
7.858149e+003,1.821014e-002
7.858632e+003,2.318064e-002
7.859113e+003,3.345170e-002
7.859596e+003,4.692092e-002
7.860078e+003,6.120045e-002
7.860560e+003,7.420212e-002
7.861042e+003,8.469903e-002
7.861524e+003,9.263862e-002
7.862006e+003,9.903061e-002
7.862488e+003,1.053862e-001
7.862971e+003,1.128860e-001
7.863453e+003,1.216084e-001
7.863935e+003,1.301711e-001
7.864417e+003,1.359957e-001
7.864899e+003,1.361443e-001
7.865381e+003,1.284213e-001
7.865863e+003,1.122986e-001
7.866346e+003,8.928476e-002
7.866828e+003,6.258718e-002
7.867310e+003,3.621204e-002
7.867792e+003,1.386383e-002
7.868274e+003,-1.944099e-003
7.868756e+003,-1.029388e-002
7.869238e+003,-1.172960e-002
7.869721e+003,-7.802653e-003
7.870202e+003,-5.383877e-004
7.870685e+003,7.941800e-003
7.871167e+003,1.560005e-002
7.871649e+003,2.058219e-002
7.872131e+003,2.141161e-002
7.872613e+003,1.736094e-002
7.873095e+003,8.905012e-003
7.873577e+003,-1.999141e-003
7.874060e+003,-1.208394e-002
7.874542e+003,-1.752326e-002
7.875023e+003,-1.512199e-002
7.875506e+003,-3.543140e-003
7.875988e+003,1.593284e-002
7.876470e+003,3.949583e-002
7.876952e+003,6.180501e-002
7.877435e+003,7.759114e-002
7.877917e+003,8.329642e-002
7.878398e+003,7.815547e-002
7.878881e+003,6.433692e-002
7.879363e+003,4.613005e-002
7.879845e+003,2.852216e-002
7.880327e+003,1.571333e-002
7.880810e+003,1.008440e-002
7.881291e+003,1.190006e-002
7.881773e+003,1.971622e-002
7.882256e+003,3.120534e-002
7.882738e+003,4.401407e-002
7.883220e+003,5.633623e-002
7.883702e+003,6.706540e-002
7.884184e+003,7.558978e-002
7.884666e+003,8.142594e-002
7.885148e+003,8.391581e-002
7.885630e+003,8.214493e-002
7.886112e+003,7.512633e-002
7.886595e+003,6.218270e-002
7.887077e+003,4.338562e-002
7.887559e+003,1.988507e-002
7.888041e+003,-6.016914e-003
7.888523e+003,-3.113296e-002
7.889005e+003,-5.199029e-002
7.889487e+003,-6.564794e-002
7.889970e+003,-7.051815e-002
7.890452e+003,-6.692919e-002
7.890934e+003,-5.720107e-002
7.891416e+003,-4.513460e-002
7.891898e+003,-3.501223e-002
7.892380e+003,-3.040134e-002
7.892862e+003,-3.315351e-002
7.893345e+003,-4.294582e-002
7.893827e+003,-5.751821e-002
7.894309e+003,-7.349885e-002
7.894791e+003,-8.748662e-002
7.895273e+003,-9.697879e-002
7.895755e+003,-1.008259e-001
7.896237e+003,-9.912492e-002
7.896719e+003,-9.271409e-002
7.897201e+003,-8.258271e-002
7.897684e+003,-6.949770e-002
7.898166e+003,-5.398366e-002
7.898648e+003,-3.657839e-002
7.899130e+003,-1.813386e-002
7.899612e+003,6.884799e-005
7.900094e+003,1.653342e-002
7.900576e+003,2.995265e-002
7.901059e+003,3.963235e-002
7.901541e+003,4.567012e-002
7.902022e+003,4.878269e-002
7.902505e+003,4.986093e-002
7.902987e+003,4.948321e-002
7.903469e+003,4.764174e-002
7.903951e+003,4.382242e-002
7.904434e+003,3.738854e-002
7.904916e+003,2.805821e-002
7.905397e+003,1.622266e-002
7.905880e+003,2.946868e-003
7.906362e+003,-1.032931e-002
7.906844e+003,-2.221477e-002
7.907326e+003,-3.169087e-002
7.907808e+003,-3.819229e-002
7.908290e+003,-4.146097e-002
7.908772e+003,-4.133044e-002
7.909255e+003,-3.763361e-002
7.909737e+003,-3.033648e-002
7.910219e+003,-1.983520e-002
7.910701e+003,-7.217774e-003
7.911183e+003,5.730635e-003
7.911665e+003,1.688154e-002
7.912147e+003,2.438257e-002
7.912629e+003,2.728175e-002
7.913111e+003,2.585908e-002
7.913594e+003,2.148825e-002
7.914076e+003,1.607666e-002
7.914558e+003,1.133986e-002
7.915040e+003,8.248105e-003
7.915522e+003,6.886633e-003
7.916004e+003,6.750069e-003
7.916486e+003,7.261267e-003
7.916969e+003,8.195226e-003
7.917451e+003,9.756824e-003
7.917933e+003,1.227294e-002
7.918415e+003,1.569507e-002
7.918897e+003,1.923715e-002
7.919379e+003,2.141729e-002
7.919861e+003,2.055609e-002
7.920344e+003,1.552176e-002
7.920826e+003,6.348836e-003
7.921308e+003,-5.611027e-003
7.921790e+003,-1.813151e-002
7.922272e+003,-2.897209e-002
7.922754e+003,-3.675596e-002
7.923236e+003,-4.143261e-002
7.923718e+003,-4.408276e-002
7.924200e+003,-4.614481e-002
7.924683e+003,-4.843790e-002
7.925165e+003,-5.047290e-002
7.925646e+003,-5.042196e-002
7.926129e+003,-4.581055e-002
7.926611e+003,-3.465239e-002
7.927093e+003,-1.652870e-002
7.927575e+003,6.878555e-003
7.928058e+003,3.205741e-002
7.928540e+003,5.465516e-002
7.929021e+003,7.080192e-002
7.929504e+003,7.825883e-002
7.929986e+003,7.697489e-002
7.930468e+003,6.888621e-002
7.930950e+003,5.712701e-002
7.931433e+003,4.495814e-002
7.931915e+003,3.487341e-002
7.932396e+003,2.815746e-002
7.932879e+003,2.497299e-002
7.933361e+003,2.482810e-002
7.933843e+003,2.714015e-002
7.934325e+003,3.161545e-002
7.934807e+003,3.828415e-002
7.935289e+003,4.720920e-002
7.935771e+003,5.804285e-002
7.936254e+003,6.967918e-002
7.936735e+003,8.021456e-002
7.937218e+003,8.730307e-002
7.937700e+003,8.882453e-002
7.938182e+003,8.364120e-002
7.938664e+003,7.215207e-002
7.939146e+003,5.640247e-002
7.939628e+003,3.964905e-002
7.940110e+003,2.547936e-002
7.940593e+003,1.676122e-002
7.941075e+003,1.478110e-002
7.941557e+003,1.888058e-002
7.942039e+003,2.672433e-002
7.942521e+003,3.509994e-002
7.943003e+003,4.095391e-002
7.943485e+003,4.228986e-002
7.943968e+003,3.862970e-002
7.944450e+003,3.092636e-002
7.944932e+003,2.103885e-002
7.945414e+003,1.103546e-002
7.945896e+003,2.617314e-003
7.946378e+003,-3.154839e-003
7.946860e+003,-5.826094e-003
7.947343e+003,-5.356450e-003
7.947824e+003,-1.973314e-003
7.948307e+003,3.809589e-003
7.948789e+003,1.103825e-002
7.949271e+003,1.819875e-002
7.949753e+003,2.333596e-002
7.950235e+003,2.451304e-002
7.950717e+003,2.051968e-002
7.951199e+003,1.155238e-002
7.951682e+003,-4.808000e-004
7.952164e+003,-1.227543e-002
7.952646e+003,-2.006533e-002
7.953128e+003,-2.089079e-002
7.953610e+003,-1.372656e-002
7.954092e+003,-2.316131e-006
7.954574e+003,1.673960e-002
7.955057e+003,3.196940e-002
7.955539e+003,4.168609e-002
7.956021e+003,4.376751e-002
7.956503e+003,3.865117e-002
7.956985e+003,2.909282e-002
7.957467e+003,1.909984e-002
7.957949e+003,1.244717e-002
7.958432e+003,1.133243e-002
7.958913e+003,1.565530e-002
7.959396e+003,2.315673e-002
7.959878e+003,3.033200e-002
7.960360e+003,3.376458e-002
7.960842e+003,3.140119e-002
7.961324e+003,2.330570e-002
7.961806e+003,1.175500e-002
7.962288e+003,4.450156e-004
7.962771e+003,-6.716804e-003
7.963252e+003,-6.919485e-003
7.963734e+003,5.990037e-004
7.964217e+003,1.426941e-002
7.964699e+003,3.066676e-002
7.965181e+003,4.557893e-002
7.965663e+003,5.530680e-002
7.966146e+003,5.775857e-002
7.966627e+003,5.297451e-002
7.967109e+003,4.291896e-002
7.967592e+003,3.063924e-002
7.968074e+003,1.911811e-002
7.968556e+003,1.025184e-002
7.969038e+003,4.323882e-003
7.969521e+003,1.380722e-004
7.970002e+003,-4.289578e-003
7.970484e+003,-1.079382e-002
7.970967e+003,-2.026456e-002
7.971449e+003,-3.228963e-002
7.971931e+003,-4.532770e-002
7.972413e+003,-5.728001e-002
7.972895e+003,-6.618527e-002
7.973377e+003,-7.075395e-002
7.973859e+003,-7.057395e-002
7.974341e+003,-6.599361e-002
7.974823e+003,-5.782834e-002
7.975306e+003,-4.707975e-002
7.975788e+003,-3.479272e-002
7.976270e+003,-2.205225e-002
7.976752e+003,-1.001542e-002
7.977234e+003,1.530445e-004
7.977716e+003,7.506206e-003
7.978198e+003,1.164356e-002
7.978681e+003,1.298004e-002
7.979163e+003,1.277178e-002
7.979645e+003,1.279890e-002
7.980127e+003,1.476340e-002
7.980609e+003,1.961347e-002
7.981091e+003,2.707600e-002
7.981573e+003,3.562189e-002
7.982056e+003,4.292308e-002
7.982538e+003,4.665411e-002
7.983020e+003,4.533668e-002
7.983502e+003,3.889242e-002
7.983984e+003,2.867338e-002
7.984466e+003,1.694497e-002
7.984948e+003,6.017262e-003
7.985430e+003,-2.630370e-003
7.985912e+003,-8.875296e-003
7.986395e+003,-1.390507e-002
7.986877e+003,-1.960382e-002
7.987358e+003,-2.761007e-002
7.987841e+003,-3.842884e-002
7.988323e+003,-5.097668e-002
7.988805e+003,-6.277683e-002
7.989287e+003,-7.076973e-002
7.989770e+003,-7.245100e-002
7.990251e+003,-6.689899e-002
7.990733e+003,-5.526913e-002
7.991216e+003,-4.051326e-002
7.991698e+003,-2.637785e-002
7.992180e+003,-1.598091e-002
7.992662e+003,-1.073436e-002
7.993145e+003,-9.695168e-003
7.993626e+003,-9.987491e-003
7.994108e+003,-7.986783e-003
7.994591e+003,-8.495840e-004
7.995073e+003,1.222521e-002
7.995555e+003,2.952999e-002
7.996037e+003,4.739687e-002
7.996519e+003,6.157576e-002
7.997001e+003,6.891413e-002
7.997483e+003,6.867458e-002
7.997966e+003,6.295484e-002
7.998447e+003,5.602289e-002
7.998930e+003,5.279916e-002
7.999412e+003,5.704411e-002
7.999894e+003,6.991307e-002
8.000376e+003,8.938987e-002
8.000858e+003,1.107800e-001
8.001340e+003,1.280693e-001
8.001822e+003,1.356823e-001
8.002305e+003,1.300847e-001
8.002787e+003,1.107749e-001
8.003269e+003,8.042946e-002
8.003751e+003,4.421996e-002
8.004233e+003,8.523788e-003
8.004715e+003,-2.062373e-002
8.005197e+003,-3.895685e-002
8.005680e+003,-4.494646e-002
8.006162e+003,-4.006781e-002
8.006644e+003,-2.828066e-002
8.007126e+003,-1.482396e-002
8.007608e+003,-4.628007e-003
8.008090e+003,-8.003033e-004
8.008572e+003,-3.675282e-003
8.009055e+003,-1.078318e-002
8.009536e+003,-1.780319e-002
8.010019e+003,-2.020861e-002
8.010501e+003,-1.502745e-002
8.010983e+003,-2.061792e-003
8.011465e+003,1.591162e-002
8.011947e+003,3.404962e-002
8.012429e+003,4.711230e-002
8.012911e+003,5.124133e-002
8.013394e+003,4.516069e-002
8.013875e+003,3.036402e-002
8.014357e+003,1.028110e-002
8.014840e+003,-1.116528e-002
8.015322e+003,-3.097226e-002
8.015804e+003,-4.785544e-002
8.016286e+003,-6.215847e-002
8.016769e+003,-7.501201e-002
8.017250e+003,-8.720968e-002
8.017732e+003,-9.836528e-002
8.018215e+003,-1.067540e-001
8.018697e+003,-1.099059e-001
8.019179e+003,-1.056781e-001
8.019661e+003,-9.332673e-002
8.020144e+003,-7.411516e-002
8.020625e+003,-5.120476e-002
8.021107e+003,-2.886307e-002
8.021590e+003,-1.127882e-002
8.022072e+003,-1.389101e-003
8.022554e+003,-8.890073e-005
8.023036e+003,-6.201779e-003
8.023518e+003,-1.642451e-002
8.024000e+003,-2.671117e-002
8.024482e+003,-3.325329e-002
8.024964e+003,-3.352546e-002
8.025446e+003,-2.696593e-002
8.025929e+003,-1.509516e-002
8.026411e+003,-1.013309e-003
8.026893e+003,1.160847e-002
8.027375e+003,1.975138e-002
8.027857e+003,2.208461e-002
8.028339e+003,1.942860e-002
8.028821e+003,1.443416e-002
8.029304e+003,1.054853e-002
8.029786e+003,1.062801e-002
8.030268e+003,1.572861e-002
8.030750e+003,2.457182e-002
8.031232e+003,3.393734e-002
8.031714e+003,3.986274e-002
8.032196e+003,3.918712e-002
8.032679e+003,3.081726e-002
8.033161e+003,1.620045e-002
8.033643e+003,-1.182167e-003
8.034125e+003,-1.708375e-002
8.034607e+003,-2.799787e-002
8.035089e+003,-3.230304e-002
8.035571e+003,-3.061962e-002
8.036053e+003,-2.529307e-002
8.036535e+003,-1.927422e-002
8.037018e+003,-1.488781e-002
8.037500e+003,-1.297999e-002
8.037982e+003,-1.273272e-002
8.038464e+003,-1.213757e-002
8.038946e+003,-8.870210e-003
8.039428e+003,-1.196141e-003
8.039910e+003,1.141342e-002
8.040393e+003,2.812198e-002
8.040875e+003,4.701000e-002
8.041356e+003,6.564678e-002
8.041839e+003,8.174182e-002
8.042321e+003,9.367996e-002
8.042803e+003,1.008098e-001
8.043285e+003,1.034349e-001
8.043768e+003,1.025371e-001
8.044250e+003,9.932934e-002
8.044731e+003,9.478400e-002
8.045214e+003,8.930721e-002
8.045696e+003,8.269398e-002
8.046178e+003,7.440840e-002
8.046660e+003,6.409480e-002
8.047142e+003,5.209722e-002
8.047624e+003,3.971324e-002
8.048106e+003,2.897890e-002
8.048589e+003,2.196769e-002
8.049071e+003,1.982016e-002
8.049553e+003,2.189813e-002
8.050035e+003,2.548480e-002
8.050517e+003,2.628949e-002
8.050999e+003,1.971245e-002
8.051481e+003,2.496504e-003
8.051963e+003,-2.581431e-002
8.052445e+003,-6.217769e-002
8.052928e+003,-1.004456e-001
8.053410e+003,-1.327965e-001
8.053892e+003,-1.514712e-001
8.054374e+003,-1.516441e-001
8.054856e+003,-1.321581e-001
8.055338e+003,-9.608521e-002
8.055820e+003,-4.991244e-002
8.056303e+003,-1.911185e-003
8.056785e+003,3.979244e-002
8.057267e+003,6.892519e-002
8.057749e+003,8.217501e-002
8.058231e+003,7.953904e-002
8.058713e+003,6.395661e-002
8.059195e+003,4.041405e-002
8.059678e+003,1.477144e-002
8.060160e+003,-7.436673e-003
8.060642e+003,-2.200819e-002
8.061124e+003,-2.671864e-002
8.061606e+003,-2.150684e-002
8.062088e+003,-8.196088e-003
8.062570e+003,1.014422e-002
8.063052e+003,3.000229e-002
8.063534e+003,4.816564e-002
8.064017e+003,6.221957e-002
8.064499e+003,7.072779e-002
8.064980e+003,7.314403e-002
8.065463e+003,6.958610e-002
8.065945e+003,6.061751e-002
8.066427e+003,4.712626e-002
8.066909e+003,3.030524e-002
8.067392e+003,1.167021e-002
8.067874e+003,-6.968293e-003
8.068355e+003,-2.363073e-002
8.068838e+003,-3.638842e-002
8.069320e+003,-4.362828e-002
8.069802e+003,-4.429899e-002
8.070284e+003,-3.809388e-002
8.070767e+003,-2.554992e-002
8.071249e+003,-8.056817e-003
8.071730e+003,1.223882e-002
8.072213e+003,3.266176e-002
8.072695e+003,5.038713e-002
8.073177e+003,6.294023e-002
8.073659e+003,6.871378e-002
8.074141e+003,6.734245e-002
8.074623e+003,5.977777e-002
8.075105e+003,4.799602e-002
8.075588e+003,3.441035e-002
8.076069e+003,2.119144e-002
8.076552e+003,9.750929e-003
8.077034e+003,5.813130e-004
8.077516e+003,-6.509640e-003
8.077998e+003,-1.191162e-002
8.078480e+003,-1.572927e-002
8.078962e+003,-1.755747e-002
8.079444e+003,-1.663477e-002
8.079927e+003,-1.230510e-002
8.080409e+003,-4.558664e-003
8.080891e+003,5.626164e-003
8.081373e+003,1.633428e-002
8.081855e+003,2.517750e-002
8.082337e+003,3.000512e-002
8.082819e+003,2.958897e-002
8.083302e+003,2.402614e-002
8.083784e+003,1.472448e-002
8.084266e+003,3.996873e-003
8.084748e+003,-5.696124e-003
8.085230e+003,-1.215814e-002
8.085712e+003,-1.417261e-002
8.086194e+003,-1.162954e-002
8.086677e+003,-5.508095e-003
8.087158e+003,2.384888e-003
8.087641e+003,9.865887e-003
8.088123e+003,1.492988e-002
8.088605e+003,1.629253e-002
8.089087e+003,1.377976e-002
8.089569e+003,8.434438e-003
8.090051e+003,2.269397e-003
8.090533e+003,-2.296765e-003
8.091016e+003,-3.164957e-003
8.091498e+003,7.927621e-004
8.091979e+003,9.379904e-003
8.092462e+003,2.114126e-002
8.092944e+003,3.381000e-002
8.093426e+003,4.495496e-002
8.093908e+003,5.258581e-002
8.094391e+003,5.551968e-002
8.094873e+003,5.343806e-002
8.095354e+003,4.670577e-002
8.095837e+003,3.610822e-002
8.096319e+003,2.265564e-002
8.096801e+003,7.515945e-003
8.097283e+003,-7.970195e-003
8.097766e+003,-2.230331e-002
8.098247e+003,-3.396114e-002
8.098729e+003,-4.166570e-002
8.099212e+003,-4.469001e-002
8.099694e+003,-4.306028e-002
8.100176e+003,-3.753961e-002
8.100658e+003,-2.937704e-002
8.101140e+003,-1.991918e-002
8.101622e+003,-1.024706e-002
8.102104e+003,-9.826233e-004
8.102586e+003,7.680965e-003
8.103068e+003,1.578330e-002
8.103551e+003,2.336398e-002
8.104033e+003,3.031718e-002
8.104515e+003,3.638838e-002
8.104997e+003,4.127655e-002
8.105479e+003,4.475368e-002
8.105961e+003,4.672343e-002
8.106443e+003,4.720230e-002
8.106926e+003,4.627185e-002
8.107408e+003,4.406947e-002
8.107890e+003,4.084537e-002
8.108372e+003,3.703696e-002
8.108854e+003,3.325979e-002
8.109336e+003,3.013198e-002
8.109818e+003,2.794500e-002
8.110301e+003,2.631969e-002
8.110783e+003,2.406425e-002
8.111265e+003,1.941417e-002
8.111747e+003,1.067748e-002
8.112229e+003,-2.909827e-003
8.112711e+003,-2.048011e-002
8.113193e+003,-3.936126e-002
8.113675e+003,-5.563864e-002
8.114157e+003,-6.534760e-002
8.114640e+003,-6.588656e-002
8.115122e+003,-5.708830e-002
8.115604e+003,-4.239827e-002
8.116086e+003,-2.517502e-002
8.116568e+003,-1.025186e-002
8.117050e+003,-1.434894e-003
8.117532e+003,-2.328707e-004
8.118015e+003,-5.452202e-003
8.118497e+003,-1.381057e-002
8.118979e+003,-2.130356e-002
8.119461e+003,-2.474979e-002
8.119943e+003,-2.288728e-002
8.120425e+003,-1.661262e-002
8.120907e+003,-8.340227e-003
8.121390e+003,-8.346800e-004
8.121872e+003,3.930935e-003
8.122354e+003,5.390120e-003
8.122836e+003,4.247275e-003
8.123318e+003,1.732815e-003
8.123800e+003,-1.320995e-003
8.124282e+003,-5.083249e-003
8.124764e+003,-1.067899e-002
8.125246e+003,-1.950036e-002
8.125729e+003,-3.220898e-002
8.126211e+003,-4.793455e-002
8.126693e+003,-6.410784e-002
8.127175e+003,-7.708704e-002
8.127657e+003,-8.337414e-002
8.128139e+003,-8.093624e-002
8.128621e+003,-7.007536e-002
8.129104e+003,-5.346366e-002
8.129585e+003,-3.530047e-002
8.130067e+003,-1.990596e-002
8.130550e+003,-1.029030e-002
8.131032e+003,-7.238502e-003
8.131514e+003,-9.234161e-003
8.131996e+003,-1.320685e-002
8.132479e+003,-1.577292e-002
8.132960e+003,-1.447461e-002
8.133442e+003,-8.568571e-003
8.133925e+003,8.665504e-004
8.134407e+003,1.144990e-002
8.134889e+003,2.036796e-002
8.135371e+003,2.523728e-002
8.135853e+003,2.467909e-002
8.136335e+003,1.849650e-002
8.136817e+003,7.522979e-003
8.137300e+003,-6.686642e-003
8.137782e+003,-2.215469e-002
8.138264e+003,-3.668805e-002
8.138746e+003,-4.802009e-002
8.139228e+003,-5.397590e-002
8.139710e+003,-5.273424e-002
8.140192e+003,-4.318169e-002
8.140674e+003,-2.526114e-002
8.141156e+003,-1.655471e-004
8.141639e+003,2.974709e-002
8.142121e+003,6.134716e-002
8.142603e+003,9.134354e-002
8.143085e+003,1.169274e-001
8.143567e+003,1.362517e-001
8.144049e+003,1.486166e-001
8.144531e+003,1.543442e-001
8.145014e+003,1.544397e-001
8.145496e+003,1.501871e-001
8.145978e+003,1.428210e-001
8.146460e+003,1.333988e-001
8.146942e+003,1.225836e-001
8.147424e+003,1.109243e-001
8.147906e+003,9.890424e-002
8.148389e+003,8.699870e-002
8.148871e+003,7.565936e-002
8.149353e+003,6.523491e-002
8.149835e+003,5.586159e-002
8.150317e+003,4.736700e-002
8.150799e+003,3.923102e-002
8.151281e+003,3.064261e-002
8.151763e+003,2.067252e-002
8.152245e+003,8.551642e-003
8.152728e+003,-6.002411e-003
8.153210e+003,-2.251043e-002
8.153691e+003,-3.962643e-002
8.154174e+003,-5.529124e-002
8.154656e+003,-6.715450e-002
8.155138e+003,-7.316677e-002
8.155620e+003,-7.215350e-002
8.156103e+003,-6.416009e-002
8.156584e+003,-5.042423e-002
8.157066e+003,-3.297365e-002
8.157549e+003,-1.400119e-002
8.158031e+003,4.732174e-003
8.158513e+003,2.222621e-002
8.158995e+003,3.818322e-002
8.159478e+003,5.262240e-002
8.159959e+003,6.538442e-002
8.160441e+003,7.579761e-002
8.160924e+003,8.270217e-002
8.161406e+003,8.485189e-002
8.161888e+003,8.152014e-002
8.162370e+003,7.301940e-002
8.162852e+003,6.086051e-002
8.163334e+003,4.742883e-002
8.163816e+003,3.527167e-002
8.164299e+003,2.627452e-002
8.164780e+003,2.106458e-002
8.165263e+003,1.888523e-002
8.165745e+003,1.798313e-002
8.166227e+003,1.633441e-002
8.166709e+003,1.240730e-002
8.167191e+003,5.666606e-003
8.167673e+003,-3.345532e-003
8.168155e+003,-1.333121e-002
8.168638e+003,-2.278190e-002
8.169120e+003,-3.050222e-002
8.169602e+003,-3.591577e-002
8.170084e+003,-3.908060e-002
8.170566e+003,-4.047869e-002
8.171048e+003,-4.072468e-002
8.171530e+003,-4.033575e-002
8.172013e+003,-3.963557e-002
8.172495e+003,-3.877505e-002
8.172977e+003,-3.779632e-002
8.173459e+003,-3.666671e-002
8.173941e+003,-3.526033e-002
8.174423e+003,-3.332800e-002
8.174905e+003,-3.052838e-002
8.175388e+003,-2.657224e-002
8.175869e+003,-2.146243e-002
8.176352e+003,-1.573308e-002
8.176834e+003,-1.054812e-002
8.177316e+003,-7.570969e-003
8.177798e+003,-8.420973e-003
8.178280e+003,-1.416371e-002
8.178762e+003,-2.469901e-002
8.179244e+003,-3.846009e-002
8.179727e+003,-5.257176e-002
8.180208e+003,-6.349616e-002
8.180690e+003,-6.800925e-002
8.181173e+003,-6.420653e-002
8.181655e+003,-5.219240e-002
8.182137e+003,-3.419067e-002
8.182619e+003,-1.400185e-002
8.183102e+003,4.037608e-003
8.183583e+003,1.625717e-002
8.184065e+003,2.061446e-002
8.184548e+003,1.710581e-002
8.185030e+003,7.521991e-003
8.185512e+003,-5.307185e-003
8.185994e+003,-1.845221e-002
8.186477e+003,-2.963925e-002
8.186958e+003,-3.756867e-002
8.187440e+003,-4.176294e-002
8.187923e+003,-4.212796e-002
8.188405e+003,-3.853016e-002
8.188887e+003,-3.065022e-002
8.189369e+003,-1.820427e-002
8.189851e+003,-1.403324e-003
8.190333e+003,1.862829e-002
8.190815e+003,3.976079e-002
8.191297e+003,5.922652e-002
8.191779e+003,7.434759e-002
8.192262e+003,8.332410e-002
8.192744e+003,8.573166e-002
8.193226e+003,8.250114e-002
8.193708e+003,7.540385e-002
8.194190e+003,6.630497e-002
8.194672e+003,5.655910e-002
8.195154e+003,4.683518e-002
8.195637e+003,3.741794e-002
8.196119e+003,2.876266e-002
8.196601e+003,2.191986e-002
8.197083e+003,1.849520e-002
8.197565e+003,2.004848e-002
8.198047e+003,2.715460e-002
8.198529e+003,3.858262e-002
8.199012e+003,5.106952e-002
8.199494e+003,5.994065e-002
8.199976e+003,6.045378e-002
8.200458e+003,4.938772e-002
8.200939e+003,2.624235e-002
8.201422e+003,-6.455813e-003
8.201904e+003,-4.388613e-002
8.202387e+003,-8.041894e-002
8.202868e+003,-1.112680e-001
8.203351e+003,-1.336848e-001
8.203833e+003,-1.472987e-001
8.204314e+003,-1.535881e-001
8.204797e+003,-1.548271e-001
8.205279e+003,-1.530295e-001
8.205762e+003,-1.493326e-001
8.206243e+003,-1.439998e-001
8.206726e+003,-1.368985e-001
8.207207e+003,-1.280996e-001
8.207689e+003,-1.182321e-001
8.208172e+003,-1.083984e-001
8.208654e+003,-9.966777e-002
8.209136e+003,-9.251041e-002
8.209618e+003,-8.640264e-002
8.210101e+003,-7.988091e-002
8.210582e+003,-7.104950e-002
8.211064e+003,-5.834707e-002
8.211547e+003,-4.126456e-002
8.212029e+003,-2.072993e-002
8.212511e+003,9.884991e-004
8.212993e+003,2.082944e-002
8.213475e+003,3.575487e-002
8.213957e+003,4.357723e-002
8.214439e+003,4.355631e-002
8.214922e+003,3.660643e-002
8.215403e+003,2.507078e-002
8.215886e+003,1.213242e-002
8.216368e+003,1.017063e-003
8.216850e+003,-5.805628e-003
8.217332e+003,-7.209273e-003
8.217814e+003,-3.617069e-003
8.218297e+003,3.242973e-003
8.218778e+003,1.096690e-002
8.219261e+003,1.728583e-002
8.219742e+003,2.078150e-002
8.220225e+003,2.125502e-002
8.220707e+003,1.962695e-002
8.221189e+003,1.743131e-002
8.221672e+003,1.612578e-002
8.222153e+003,1.650813e-002
8.222636e+003,1.846949e-002
8.223117e+003,2.115834e-002
8.223600e+003,2.344367e-002
8.224082e+003,2.444161e-002
8.224564e+003,2.386321e-002
8.225046e+003,2.205013e-002
8.225528e+003,1.972783e-002
8.226011e+003,1.763635e-002
8.226492e+003,1.623343e-002
8.226975e+003,1.559460e-002
8.227457e+003,1.551021e-002
8.227939e+003,1.567248e-002
8.228421e+003,1.581978e-002
8.228903e+003,1.576422e-002
8.229385e+003,1.533338e-002
8.229867e+003,1.432999e-002
8.230350e+003,1.260526e-002
8.230832e+003,1.025261e-002
8.231313e+003,7.813286e-003
8.231796e+003,6.324061e-003
8.232278e+003,7.081959e-003
8.232760e+003,1.114506e-002
8.233242e+003,1.876004e-002
8.233725e+003,2.900691e-002
8.234207e+003,3.990513e-002
8.234688e+003,4.903615e-002
8.235171e+003,5.448115e-002
8.235652e+003,5.568366e-002
8.236135e+003,5.382707e-002
8.236617e+003,5.149934e-002
8.237100e+003,5.172537e-002
8.237581e+003,5.674097e-002
8.238063e+003,6.701712e-002
8.238546e+003,8.095513e-002
8.239027e+003,9.538896e-002
8.239510e+003,1.067092e-001
8.239992e+003,1.121300e-001
8.240475e+003,1.106112e-001
8.240956e+003,1.030928e-001
8.241438e+003,9.200578e-002
8.241920e+003,8.031731e-002
8.242402e+003,7.052234e-002
8.242885e+003,6.396548e-002
8.243367e+003,6.069137e-002
8.243850e+003,5.978294e-002
8.244331e+003,5.996364e-002
8.244813e+003,6.017859e-002
8.245295e+003,5.993624e-002
8.245777e+003,5.933067e-002
8.246260e+003,5.880167e-002
8.246742e+003,5.877386e-002
8.247224e+003,5.932729e-002
8.247706e+003,6.001432e-002
8.248188e+003,5.987950e-002
8.248670e+003,5.768456e-002
8.249152e+003,5.229482e-002
8.249635e+003,4.313868e-002
8.250117e+003,3.061061e-002
8.250599e+003,1.626550e-002
8.251081e+003,2.677026e-003
8.251563e+003,-7.081203e-003
8.252045e+003,-1.023427e-002
8.252527e+003,-5.153047e-003
8.253010e+003,8.047213e-003
8.253491e+003,2.740269e-002
8.253974e+003,4.956997e-002
8.254456e+003,7.072983e-002
8.254938e+003,8.761038e-002
8.255420e+003,9.826274e-002
8.255902e+003,1.023274e-001
8.256385e+003,1.007499e-001
8.256866e+003,9.513601e-002
8.257349e+003,8.707847e-002
8.257830e+003,7.775816e-002
8.258313e+003,6.795380e-002
8.258795e+003,5.836150e-002
8.259277e+003,4.995813e-002
8.259759e+003,4.411807e-002
8.260241e+003,4.233114e-002
8.260724e+003,4.559223e-002
8.261205e+003,5.373255e-002
8.261688e+003,6.503405e-002
8.262170e+003,7.637382e-002
8.262652e+003,8.393063e-002
8.263134e+003,8.424865e-002
8.263616e+003,7.530221e-002
8.264098e+003,5.719821e-002
8.264580e+003,3.228430e-002
8.265063e+003,4.633397e-003
8.265545e+003,-2.093030e-002
8.266027e+003,-3.998428e-002
8.266509e+003,-4.954096e-002
8.266991e+003,-4.872793e-002
8.267473e+003,-3.898085e-002
8.267955e+003,-2.372149e-002
8.268438e+003,-7.581050e-003
8.268920e+003,4.687752e-003
8.269401e+003,9.391254e-003
8.269884e+003,4.879701e-003
8.270366e+003,-7.890330e-003
8.270848e+003,-2.552637e-002
8.271330e+003,-4.304319e-002
8.271813e+003,-5.523154e-002
8.272295e+003,-5.815990e-002
8.272776e+003,-5.034272e-002
8.273259e+003,-3.319090e-002
8.273740e+003,-1.059220e-002
8.274223e+003,1.223692e-002
8.274705e+003,3.024292e-002
8.275188e+003,3.988542e-002
8.275669e+003,3.994154e-002
8.276151e+003,3.157742e-002
8.276634e+003,1.776312e-002
8.277115e+003,2.307537e-003
8.277598e+003,-1.114014e-002
8.278080e+003,-1.984361e-002
8.278563e+003,-2.235468e-002
8.279044e+003,-1.852867e-002
8.279526e+003,-9.286759e-003
8.280008e+003,3.750903e-003
8.280490e+003,1.866870e-002
8.280973e+003,3.363886e-002
8.281455e+003,4.723928e-002
8.281937e+003,5.865082e-002
8.282419e+003,6.767526e-002
8.282901e+003,7.454544e-002
8.283383e+003,7.957106e-002
8.283865e+003,8.274856e-002
8.284348e+003,8.351643e-002
8.284830e+003,8.080924e-002
8.285312e+003,7.345542e-002
8.285794e+003,6.080586e-002
8.286275e+003,4.335119e-002
8.286758e+003,2.304516e-002
8.287240e+003,3.134702e-003
8.287723e+003,-1.252273e-002
8.288205e+003,-2.046751e-002
8.288687e+003,-1.863852e-002
8.289169e+003,-7.015093e-003
8.289650e+003,1.232931e-002
8.290133e+003,3.577840e-002
8.290615e+003,5.913372e-002
8.291098e+003,7.865670e-002
8.291579e+003,9.186049e-002
8.292062e+003,9.783030e-002
8.292544e+003,9.703135e-002
8.293025e+003,9.074383e-002
8.293508e+003,8.038087e-002
8.293990e+003,6.696162e-002
8.294473e+003,5.092726e-002
8.294954e+003,3.233839e-002
8.295437e+003,1.133630e-002
8.295918e+003,-1.135494e-002
8.296400e+003,-3.413175e-002
8.296883e+003,-5.459234e-002
8.297365e+003,-7.002131e-002
8.297847e+003,-7.813429e-002
8.298329e+003,-7.781173e-002
8.298812e+003,-6.952724e-002
8.299293e+003,-5.527288e-002
8.299775e+003,-3.797255e-002
8.300258e+003,-2.058301e-002
8.300740e+003,-5.179376e-003
8.301222e+003,7.452934e-003
8.301704e+003,1.784036e-002
8.302186e+003,2.721524e-002
8.302668e+003,3.667411e-002
8.303150e+003,4.646450e-002
8.303633e+003,5.573027e-002
8.304114e+003,6.283547e-002
8.304597e+003,6.611559e-002
8.305079e+003,6.470272e-002
8.305561e+003,5.903320e-002
8.306043e+003,5.079589e-002
8.306525e+003,4.234092e-002
8.307008e+003,3.581804e-002
8.307489e+003,3.243125e-002
8.307972e+003,3.212963e-002
8.308453e+003,3.383949e-002
8.308936e+003,3.608619e-002
8.309418e+003,3.768118e-002
8.309900e+003,3.814469e-002
8.310383e+003,3.769127e-002
8.310864e+003,3.683993e-002
8.311347e+003,3.589628e-002
8.311828e+003,3.460382e-002
8.312311e+003,3.215415e-002
8.312793e+003,2.754951e-002
8.313275e+003,2.012858e-002
8.313757e+003,9.991339e-003
8.314239e+003,-1.880173e-003
8.314722e+003,-1.385201e-002
8.315203e+003,-2.410325e-002
8.315686e+003,-3.112230e-002
8.316168e+003,-3.405062e-002
8.316650e+003,-3.278999e-002
8.317132e+003,-2.790179e-002
8.317614e+003,-2.039025e-002
8.318096e+003,-1.145757e-002
8.318578e+003,-2.268680e-003
8.319061e+003,6.277682e-003
8.319543e+003,1.377105e-002
8.320024e+003,2.045531e-002
8.320507e+003,2.724036e-002
8.320989e+003,3.546397e-002
8.321471e+003,4.639224e-002
8.321953e+003,6.058453e-002
8.322436e+003,7.736728e-002
8.322918e+003,9.468525e-002
8.323399e+003,1.094840e-001
8.323882e+003,1.185623e-001
8.324363e+003,1.196061e-001
8.324846e+003,1.119995e-001
8.325328e+003,9.706655e-002
8.325811e+003,7.762682e-002
8.326292e+003,5.703780e-002
8.326774e+003,3.812043e-002
8.327257e+003,2.240332e-002
8.327738e+003,9.961099e-003
8.328221e+003,-1.560771e-004
8.328703e+003,-9.167635e-003
8.329186e+003,-1.786184e-002
8.329667e+003,-2.625428e-002
8.330149e+003,-3.369382e-002
8.330631e+003,-3.927391e-002
8.331113e+003,-4.227796e-002
8.331596e+003,-4.238706e-002
8.332078e+003,-3.991234e-002
8.332561e+003,-3.516566e-002
8.333042e+003,-2.851526e-002
8.333524e+003,-2.049849e-002
8.334006e+003,-1.212132e-002
8.334488e+003,-5.133006e-003
8.334971e+003,-2.004225e-003
8.335453e+003,-5.445045e-003
8.335935e+003,-1.752888e-002
8.336417e+003,-3.872377e-002
8.336899e+003,-6.724526e-002
8.337381e+003,-9.907025e-002
8.337863e+003,-1.287143e-001
8.338346e+003,-1.505751e-001
8.338828e+003,-1.604106e-001
8.339310e+003,-1.564566e-001
8.339792e+003,-1.398192e-001
8.340273e+003,-1.140511e-001
8.340756e+003,-8.410449e-002
8.341238e+003,-5.503572e-002
8.341721e+003,-3.085129e-002
8.342202e+003,-1.377790e-002
8.342685e+003,-4.067551e-003
8.343167e+003,-2.990431e-004
8.343648e+003,-3.526060e-005
8.344131e+003,-6.463103e-004
8.344613e+003,-9.465146e-005
8.345096e+003,2.508214e-003
8.345577e+003,6.718318e-003
8.346060e+003,1.100728e-002
8.346541e+003,1.337528e-002
8.347023e+003,1.213097e-002
8.347506e+003,6.557744e-003
8.347988e+003,-2.795229e-003
8.348470e+003,-1.432156e-002
8.348952e+003,-2.598083e-002
8.349435e+003,-3.606166e-002
8.349916e+003,-4.373764e-002
8.350398e+003,-4.916064e-002
8.350881e+003,-5.305998e-002
8.351363e+003,-5.606623e-002
8.351845e+003,-5.812877e-002
8.352327e+003,-5.835757e-002
8.352809e+003,-5.540421e-002
8.353291e+003,-4.820907e-002
8.353773e+003,-3.673305e-002
8.354256e+003,-2.227696e-002
8.354738e+003,-7.183007e-003
8.355220e+003,5.978366e-003
8.355702e+003,1.536969e-002
8.356184e+003,2.054212e-002
8.356666e+003,2.247491e-002
8.357148e+003,2.298916e-002
8.357631e+003,2.383172e-002
8.358112e+003,2.587865e-002
8.358595e+003,2.883118e-002
8.359077e+003,3.151606e-002
8.359559e+003,3.259808e-002
8.360041e+003,3.132316e-002
8.360523e+003,2.792353e-002
8.361006e+003,2.351623e-002
8.361487e+003,1.959439e-002
8.361970e+003,1.740739e-002
8.362451e+003,1.746751e-002
8.362934e+003,1.965742e-002
8.363416e+003,2.359304e-002
8.363898e+003,2.893907e-002
8.364380e+003,3.564003e-002
8.364862e+003,4.385773e-002
8.365345e+003,5.367682e-002
8.365826e+003,6.478447e-002
8.366309e+003,7.633993e-002
8.366791e+003,8.713140e-002
8.367273e+003,9.594157e-002
8.367755e+003,1.019229e-001
8.368237e+003,1.047871e-001
8.368719e+003,1.047320e-001
8.369201e+003,1.021914e-001
8.369684e+003,9.758110e-002
8.370166e+003,9.120192e-002
8.370647e+003,8.332877e-002
8.371130e+003,7.438143e-002
8.371612e+003,6.500420e-002
8.372094e+003,5.593873e-002
8.372576e+003,4.771939e-002
8.373059e+003,4.036270e-002
8.373541e+003,3.326881e-002
8.374022e+003,2.546122e-002
8.374505e+003,1.610520e-002
8.374986e+003,5.070084e-003
8.375469e+003,-6.760786e-003
8.375951e+003,-1.762949e-002
8.376434e+003,-2.547986e-002
8.376915e+003,-2.874035e-002
8.377397e+003,-2.697793e-002
8.377880e+003,-2.114215e-002
8.378361e+003,-1.330830e-002
8.378844e+003,-6.046146e-003
8.379326e+003,-1.677825e-003
8.379809e+003,-1.686660e-003
8.380290e+003,-6.423978e-003
8.380772e+003,-1.511667e-002
8.381255e+003,-2.608956e-002
8.381736e+003,-3.711203e-002
8.382219e+003,-4.582863e-002
8.382701e+003,-5.026613e-002
8.383184e+003,-4.937933e-002
8.383665e+003,-4.350878e-002
8.384147e+003,-3.454324e-002
8.384629e+003,-2.559264e-002
8.385111e+003,-2.012435e-002
8.385594e+003,-2.076522e-002
8.386076e+003,-2.820104e-002
8.386558e+003,-4.067618e-002
8.387040e+003,-5.441791e-002
8.387522e+003,-6.493028e-002
8.388004e+003,-6.868744e-002
8.388486e+003,-6.452295e-002
8.388969e+003,-5.409422e-002
8.389451e+003,-4.118345e-002
8.389933e+003,-3.010792e-002
8.390415e+003,-2.391511e-002
8.390896e+003,-2.313452e-002
8.391379e+003,-2.559797e-002
8.391861e+003,-2.735528e-002
8.392344e+003,-2.423733e-002
8.392825e+003,-1.338521e-002
8.393308e+003,5.909516e-003
8.393790e+003,3.175475e-002
8.394271e+003,6.080934e-002
8.394754e+003,8.911818e-002
8.395236e+003,1.129177e-001
8.395719e+003,1.291002e-001
8.396200e+003,1.354266e-001
8.396683e+003,1.307127e-001
8.397164e+003,1.151433e-001
8.397646e+003,9.063613e-002
8.398129e+003,6.096718e-002
8.398611e+003,3.133561e-002
8.399093e+003,7.260971e-003
8.399575e+003,-6.941324e-003
8.400058e+003,-9.550318e-003
8.400539e+003,-2.076248e-003
8.401021e+003,1.122741e-002
8.401504e+003,2.486765e-002
8.401986e+003,3.404561e-002
8.402468e+003,3.620723e-002
8.402950e+003,3.156319e-002
8.403433e+003,2.241808e-002
8.403914e+003,1.171622e-002
8.404396e+003,1.564549e-003
8.404879e+003,-7.542507e-003
8.405361e+003,-1.647321e-002
8.405843e+003,-2.641653e-002
8.406325e+003,-3.770199e-002
8.406807e+003,-4.919701e-002
8.407289e+003,-5.866511e-002
8.407771e+003,-6.391721e-002
8.408254e+003,-6.411954e-002
8.408735e+003,-6.048914e-002
8.409218e+003,-5.589660e-002
8.409700e+003,-5.346013e-002
8.410182e+003,-5.477538e-002
8.410664e+003,-5.868579e-002
8.411146e+003,-6.131123e-002
8.411629e+003,-5.748535e-002
8.412110e+003,-4.307666e-002
8.412593e+003,-1.720545e-002
8.413074e+003,1.664557e-002
8.413557e+003,5.118965e-002
8.414039e+003,7.742743e-002
8.414521e+003,8.749841e-002
8.415003e+003,7.721956e-002
8.415485e+003,4.739209e-002
8.415968e+003,3.474295e-003
8.416449e+003,-4.614085e-002
8.416932e+003,-9.251899e-002
8.417414e+003,-1.283750e-001
8.417896e+003,-1.493956e-001
8.418378e+003,-1.544625e-001
8.418860e+003,-1.449866e-001
8.419342e+003,-1.238420e-001
8.419824e+003,-9.440280e-002
8.420307e+003,-5.999049e-002
8.420789e+003,-2.375267e-002
8.421271e+003,1.123802e-002
8.421753e+003,4.194936e-002
8.422235e+003,6.561025e-002
8.422717e+003,8.018147e-002
8.423199e+003,8.488410e-002
8.423682e+003,8.050641e-002
8.424164e+003,6.940788e-002
8.424646e+003,5.454709e-002
8.425128e+003,3.877877e-002
8.425610e+003,2.394122e-002
8.426092e+003,1.038010e-002
8.426574e+003,-2.908299e-003
8.427057e+003,-1.752970e-002
8.427539e+003,-3.461149e-002
8.428021e+003,-5.381896e-002
8.428503e+003,-7.289405e-002
8.428984e+003,-8.796041e-002
8.429467e+003,-9.455111e-002
8.429949e+003,-8.902822e-002
8.430432e+003,-6.989725e-002
8.430913e+003,-3.853606e-002
8.431396e+003,9.406043e-004
8.431878e+003,4.264984e-002
8.432359e+003,8.041011e-002
8.432842e+003,1.092065e-001
8.433324e+003,1.261757e-001
8.433807e+003,1.308476e-001
8.434288e+003,1.246799e-001
8.434771e+003,1.101762e-001
8.435252e+003,8.998075e-002
8.435734e+003,6.627267e-002
8.436217e+003,4.059604e-002
8.436699e+003,1.405247e-002
8.437181e+003,-1.234919e-002
8.437663e+003,-3.740990e-002
8.438146e+003,-5.966264e-002
8.438627e+003,-7.751386e-002
8.439109e+003,-8.952300e-002
8.439592e+003,-9.470785e-002
8.440074e+003,-9.279352e-002
8.440556e+003,-8.436982e-002
8.441038e+003,-7.094508e-002
8.441520e+003,-5.487760e-002
8.442002e+003,-3.914122e-002
8.442484e+003,-2.689217e-002
8.442967e+003,-2.086368e-002
8.443448e+003,-2.271666e-002
8.443931e+003,-3.255789e-002
8.444413e+003,-4.884182e-002
8.444895e+003,-6.876152e-002
8.445377e+003,-8.904136e-002
8.445859e+003,-1.068521e-001
8.446342e+003,-1.204841e-001
8.446823e+003,-1.294941e-001
8.447306e+003,-1.342742e-001
8.447787e+003,-1.352680e-001
8.448270e+003,-1.322488e-001
8.448752e+003,-1.240696e-001
8.449234e+003,-1.090813e-001
8.449717e+003,-8.608417e-002
8.450198e+003,-5.539273e-002
8.450681e+003,-1.949231e-002
8.451162e+003,1.708529e-002
8.451645e+003,4.870601e-002
8.452127e+003,7.007297e-002
8.452609e+003,7.761981e-002
8.453091e+003,7.034642e-002
8.453573e+003,4.984362e-002
8.454056e+003,1.960690e-002
8.454537e+003,-1.598073e-002
8.455020e+003,-5.249209e-002
8.455502e+003,-8.604737e-002
8.455984e+003,-1.132279e-001
8.456466e+003,-1.309529e-001
8.456948e+003,-1.364779e-001
8.457430e+003,-1.277764e-001
8.457912e+003,-1.042622e-001
8.458395e+003,-6.754498e-002
8.458877e+003,-2.178558e-002
8.459358e+003,2.667956e-002
8.459841e+003,7.049156e-002
8.460323e+003,1.029058e-001
8.460805e+003,1.193918e-001
8.461287e+003,1.186701e-001
8.461770e+003,1.028702e-001
8.462252e+003,7.682278e-002
8.462733e+003,4.678593e-002
8.463216e+003,1.904869e-002
8.463697e+003,-1.202755e-003
8.464180e+003,-1.055537e-002
8.464662e+003,-7.589654e-003
8.465145e+003,7.205133e-003
8.465626e+003,3.166704e-002
8.466108e+003,6.227938e-002
8.466591e+003,9.459487e-002
8.467072e+003,1.238192e-001
8.467555e+003,1.455451e-001
8.468037e+003,1.565159e-001
8.468520e+003,1.552140e-001
8.469001e+003,1.420736e-001
8.469483e+003,1.192311e-001
8.469965e+003,8.989002e-002
8.470447e+003,5.752827e-002
8.470930e+003,2.522774e-002
8.471412e+003,-4.668339e-003
8.471895e+003,-3.052866e-002
8.472376e+003,-5.117676e-002
8.472858e+003,-6.564284e-002
8.473340e+003,-7.313087e-002
8.473822e+003,-7.325922e-002
8.474305e+003,-6.644751e-002
8.474787e+003,-5.419968e-002
8.475269e+003,-3.904444e-002
8.475751e+003,-2.404141e-002
8.476233e+003,-1.197947e-002
8.476715e+003,-4.569789e-003
8.477197e+003,-1.981679e-003
8.477680e+003,-2.947059e-003
8.478162e+003,-5.419351e-003
8.478644e+003,-7.520420e-003
8.479126e+003,-8.365424e-003
8.479607e+003,-8.391741e-003
8.480090e+003,-9.029383e-003
8.480572e+003,-1.184420e-002
8.481055e+003,-1.753167e-002
8.481536e+003,-2.522634e-002
8.482019e+003,-3.247470e-002
8.482501e+003,-3.594205e-002
8.482982e+003,-3.260298e-002
8.483465e+003,-2.094275e-002
8.483947e+003,-1.673886e-003
8.484430e+003,2.233918e-002
8.484911e+003,4.693413e-002
8.485394e+003,6.795511e-002
8.485875e+003,8.250199e-002
8.486357e+003,8.965328e-002
8.486840e+003,9.035706e-002
8.487322e+003,8.667674e-002
8.487804e+003,8.070026e-002
8.488286e+003,7.360085e-002
8.488769e+003,6.523474e-002
8.489250e+003,5.441214e-002
8.489732e+003,3.969034e-002
8.490215e+003,2.032939e-002
8.490697e+003,-2.995751e-003
8.491179e+003,-2.801023e-002
8.491661e+003,-5.124005e-002
8.492143e+003,-6.883560e-002
8.492625e+003,-7.752728e-002
8.493107e+003,-7.542271e-002
8.493590e+003,-6.245199e-002
8.494072e+003,-4.040181e-002
8.494554e+003,-1.258764e-002
8.495036e+003,1.672951e-002
8.495518e+003,4.306960e-002
8.496000e+003,6.250091e-002
8.496482e+003,7.234850e-002
8.496965e+003,7.172713e-002
8.497446e+003,6.176645e-002
8.497929e+003,4.542229e-002
8.498411e+003,2.685301e-002
8.498893e+003,1.047229e-002
8.499375e+003,-8.426345e-005
8.499857e+003,-2.789941e-003
8.500340e+003,2.384638e-003
8.500821e+003,1.362277e-002
8.501304e+003,2.787630e-002
8.501785e+003,4.172597e-002
8.502268e+003,5.222039e-002
8.502750e+003,5.747208e-002
8.503232e+003,5.690942e-002
8.503714e+003,5.120552e-002
8.504196e+003,4.198170e-002
8.504679e+003,3.139086e-002
8.505160e+003,2.165455e-002
8.505643e+003,1.460105e-002
8.506125e+003,1.126380e-002
8.506607e+003,1.163663e-002
8.507089e+003,1.470029e-002
8.507571e+003,1.878626e-002
8.508053e+003,2.222024e-002
8.508535e+003,2.403280e-002
8.509018e+003,2.442756e-002
8.509500e+003,2.473486e-002
8.509981e+003,2.677516e-002
8.510464e+003,3.184393e-002
8.510946e+003,3.976811e-002
8.511428e+003,4.853453e-002
8.511910e+003,5.478834e-002
8.512393e+003,5.511228e-002
8.512875e+003,4.759178e-002
8.513356e+003,3.295286e-002
8.513839e+003,1.466122e-002
8.514320e+003,-2.208578e-003
8.514803e+003,-1.295942e-002
8.515285e+003,-1.529542e-002
8.515768e+003,-1.047292e-002
8.516250e+003,-2.997157e-003
8.516731e+003,1.093410e-003
8.517214e+003,-3.292591e-003
8.517695e+003,-1.813774e-002
8.518178e+003,-4.136914e-002
8.518660e+003,-6.757563e-002
8.519143e+003,-9.008142e-002
8.519624e+003,-1.034854e-001
8.520106e+003,-1.055978e-001
8.520589e+003,-9.800529e-002
8.521070e+003,-8.511552e-002
8.521553e+003,-7.218227e-002
8.522035e+003,-6.320152e-002
8.522518e+003,-5.954945e-002
8.522999e+003,-5.983160e-002
8.523481e+003,-6.084596e-002
8.523963e+003,-5.910300e-002
8.524445e+003,-5.219408e-002
8.524928e+003,-3.948712e-002
8.525410e+003,-2.202190e-002
8.525892e+003,-1.856713e-003
8.526374e+003,1.869660e-002
8.526856e+003,3.758181e-002
8.527338e+003,5.313333e-002
8.527820e+003,6.398039e-002
8.528303e+003,6.898754e-002
8.528785e+003,6.742852e-002
8.529267e+003,5.937972e-002
8.529749e+003,4.611057e-002
8.530230e+003,3.016855e-002
8.530713e+003,1.496226e-002
8.531195e+003,3.883820e-003
8.531678e+003,-7.459956e-004
8.532159e+003,1.494879e-003
8.532642e+003,8.875129e-003
8.533124e+003,1.796291e-002
8.533605e+003,2.465331e-002
8.534088e+003,2.542687e-002
8.534570e+003,1.842441e-002
8.535053e+003,4.006675e-003
8.535534e+003,-1.534398e-002
8.536017e+003,-3.571518e-002
8.536498e+003,-5.283035e-002
8.536980e+003,-6.319540e-002
8.537463e+003,-6.503114e-002
8.537945e+003,-5.874475e-002
8.538428e+003,-4.679014e-002
8.538909e+003,-3.291174e-002
8.539392e+003,-2.095046e-002
8.539873e+003,-1.356304e-002
8.540355e+003,-1.129498e-002
8.540838e+003,-1.238221e-002
8.541320e+003,-1.342920e-002
8.541802e+003,-1.078059e-002
8.542284e+003,-2.098898e-003
8.542767e+003,1.248111e-002
8.543248e+003,3.014045e-002
8.543730e+003,4.627382e-002
8.544213e+003,5.620058e-002
8.544695e+003,5.701737e-002
8.545177e+003,4.882085e-002
8.545659e+003,3.476873e-002
8.546141e+003,1.993389e-002
8.546623e+003,9.416676e-003
8.547105e+003,6.490325e-003
8.547588e+003,1.155516e-002
8.548069e+003,2.216804e-002
8.548552e+003,3.428721e-002
8.549034e+003,4.395223e-002
8.549516e+003,4.877495e-002
8.549998e+003,4.863220e-002
8.550480e+003,4.536616e-002
8.550963e+003,4.174007e-002
8.551444e+003,4.018405e-002
8.551927e+003,4.188119e-002
8.552408e+003,4.651766e-002
8.552891e+003,5.267913e-002
8.553373e+003,5.859953e-002
8.553855e+003,6.286663e-002
8.554337e+003,6.478895e-002
8.554819e+003,6.434263e-002
8.555302e+003,6.182723e-002
8.555783e+003,5.746113e-002
8.556266e+003,5.112238e-002
8.556748e+003,4.232678e-002
8.557230e+003,3.041761e-002
8.557712e+003,1.487205e-002
8.558194e+003,-4.372194e-003
8.558676e+003,-2.664126e-002
8.559158e+003,-5.035324e-002
8.559641e+003,-7.301344e-002
8.560123e+003,-9.145365e-002
8.560605e+003,-1.023666e-001
8.561087e+003,-1.030966e-001
8.561569e+003,-9.250924e-002
8.562051e+003,-7.164594e-002
8.562533e+003,-4.385298e-002
8.563016e+003,-1.420123e-002
8.563498e+003,1.173208e-002
8.563979e+003,2.936978e-002
8.564462e+003,3.641037e-002
8.564944e+003,3.339551e-002
8.565426e+003,2.335160e-002
8.565908e+003,1.065648e-002
8.566391e+003,-4.099945e-004
8.566873e+003,-6.868827e-003
8.567354e+003,-7.582928e-003
8.567837e+003,-3.044073e-003
8.568318e+003,5.348262e-003
8.568801e+003,1.607702e-002
8.569283e+003,2.797025e-002
8.569766e+003,4.017789e-002
8.570247e+003,5.180497e-002
8.570729e+003,6.154123e-002
8.571212e+003,6.761962e-002
8.571693e+003,6.823187e-002
8.572176e+003,6.224603e-002
8.572658e+003,4.986725e-002
8.573141e+003,3.287469e-002
8.573622e+003,1.425957e-002
8.574104e+003,-2.623831e-003
8.574586e+003,-1.504560e-002
8.575068e+003,-2.161623e-002
8.575551e+003,-2.245705e-002
8.576033e+003,-1.881351e-002
8.576515e+003,-1.235071e-002
8.576997e+003,-4.484749e-003
8.577479e+003,3.969590e-003
8.577961e+003,1.275829e-002
8.578443e+003,2.194716e-002
8.578926e+003,3.146639e-002
8.579408e+003,4.112737e-002
8.579890e+003,5.069831e-002
8.580372e+003,6.009318e-002
8.580854e+003,6.942621e-002
8.581336e+003,7.880073e-002
8.581818e+003,8.788688e-002
8.582301e+003,9.552324e-002
8.582783e+003,9.964050e-002
8.583265e+003,9.769924e-002
8.583747e+003,8.759592e-002
8.584229e+003,6.873438e-002
8.584711e+003,4.281718e-002
8.585193e+003,1.396439e-002
8.585676e+003,-1.199706e-002
8.586157e+003,-2.891241e-002
8.586640e+003,-3.192765e-002
8.587122e+003,-1.885195e-002
8.587604e+003,9.161176e-003
8.588086e+003,4.779426e-002
8.588568e+003,9.051055e-002
8.589051e+003,1.299620e-001
8.589532e+003,1.594805e-001
8.590015e+003,1.743217e-001
8.590496e+003,1.724463e-001
8.590979e+003,1.547548e-001
8.591461e+003,1.247857e-001
8.591943e+003,8.795530e-002
8.592425e+003,5.046878e-002
8.592907e+003,1.809054e-002
8.593390e+003,-4.988912e-003
8.593871e+003,-1.692983e-002
8.594354e+003,-1.844912e-002
8.594836e+003,-1.236887e-002
8.595318e+003,-2.610844e-003
8.595800e+003,7.069623e-003
8.596282e+003,1.420738e-002
8.596764e+003,1.823939e-002
8.597246e+003,2.041314e-002
8.597729e+003,2.305553e-002
8.598211e+003,2.849828e-002
8.598692e+003,3.806824e-002
8.599175e+003,5.150342e-002
8.599657e+003,6.697400e-002
8.600139e+003,8.165061e-002
8.600621e+003,9.256978e-002
8.601104e+003,9.746768e-002
8.601586e+003,9.531374e-002
8.602067e+003,8.642614e-002
8.602550e+003,7.222403e-002
8.603031e+003,5.478425e-002
8.603514e+003,3.638995e-002
8.603996e+003,1.919122e-002
8.604479e+003,4.994606e-003
8.604960e+003,-4.878906e-003
8.605442e+003,-9.738968e-003
8.605925e+003,-9.689392e-003
8.606406e+003,-5.741561e-003
8.606889e+003,2.451393e-004
8.607371e+003,5.898140e-003
8.607854e+003,8.943758e-003
8.608335e+003,7.956697e-003
8.608817e+003,2.992936e-003
8.609300e+003,-4.106799e-003
8.609781e+003,-1.024435e-002
8.610264e+003,-1.173438e-002
8.610746e+003,-5.503924e-003
8.611229e+003,9.872885e-003
8.611710e+003,3.364768e-002
8.612192e+003,6.309547e-002
8.612674e+003,9.437267e-002
8.613156e+003,1.237017e-001
8.613639e+003,1.484122e-001
8.614121e+003,1.674291e-001
8.614603e+003,1.810376e-001
8.615085e+003,1.900736e-001
8.615567e+003,1.949556e-001
8.616049e+003,1.950539e-001
8.616531e+003,1.887505e-001
8.617014e+003,1.742222e-001
8.617496e+003,1.506261e-001
8.617978e+003,1.191403e-001
8.618460e+003,8.332837e-002
8.618941e+003,4.856152e-002
8.619424e+003,2.063160e-002
8.619906e+003,4.053908e-003
8.620389e+003,7.071109e-004
8.620870e+003,9.331329e-003
8.621353e+003,2.606122e-002
8.621835e+003,4.576178e-002
8.622316e+003,6.364096e-002
8.622799e+003,7.654581e-002
8.623281e+003,8.352309e-002
8.623764e+003,8.554961e-002
8.624245e+003,8.466618e-002
8.624728e+003,8.293951e-002
8.625209e+003,8.166607e-002
8.625691e+003,8.105189e-002
8.626174e+003,8.036397e-002
8.626656e+003,7.836839e-002
8.627138e+003,7.382147e-002
8.627620e+003,6.584682e-002
8.628103e+003,5.414968e-002
8.628584e+003,3.910577e-002
8.629066e+003,2.177475e-002
8.629549e+003,3.838822e-003
8.630031e+003,-1.258487e-002
8.630513e+003,-2.530784e-002
8.630995e+003,-3.258687e-002
8.631478e+003,-3.365934e-002
8.631959e+003,-2.908868e-002
8.632441e+003,-2.073444e-002
8.632924e+003,-1.129452e-002
8.633406e+003,-3.556330e-003
8.633888e+003,3.630059e-004
8.634370e+003,-5.080018e-004
8.634852e+003,-5.965127e-003
8.635334e+003,-1.498832e-002
8.635816e+003,-2.624812e-002
8.636299e+003,-3.846242e-002
8.636780e+003,-5.042132e-002
8.637263e+003,-6.072174e-002
8.637745e+003,-6.746768e-002
8.638227e+003,-6.826418e-002
8.638709e+003,-6.070856e-002
8.639191e+003,-4.330860e-002
8.639674e+003,-1.647255e-002
8.640155e+003,1.692211e-002
8.640638e+003,5.177342e-002
8.641119e+003,8.187542e-002
8.641602e+003,1.016112e-001
8.642084e+003,1.075981e-001
8.642566e+003,9.965154e-002
8.643048e+003,8.068849e-002
8.643530e+003,5.562930e-002
8.644013e+003,2.975462e-002
8.644494e+003,7.172468e-003
8.644977e+003,-1.004693e-002
8.645459e+003,-2.183924e-002
8.645941e+003,-2.939019e-002
8.646423e+003,-3.411566e-002
8.646905e+003,-3.688184e-002
8.647387e+003,-3.777124e-002
8.647869e+003,-3.638048e-002
8.648352e+003,-3.237078e-002
8.648834e+003,-2.590690e-002
8.649315e+003,-1.774308e-002
8.649798e+003,-8.956502e-003
8.650280e+003,-5.444482e-004
8.650762e+003,6.828966e-003
8.651244e+003,1.276451e-002
8.651727e+003,1.679170e-002
8.652209e+003,1.801769e-002
8.652690e+003,1.506397e-002
8.653173e+003,6.453460e-003
8.653654e+003,-8.649086e-003
8.654137e+003,-2.967887e-002
8.654619e+003,-5.431140e-002
8.655102e+003,-7.878275e-002
8.655584e+003,-9.886999e-002
8.656065e+003,-1.111892e-001
8.656548e+003,-1.142818e-001
8.657029e+003,-1.090147e-001
8.657512e+003,-9.810612e-002
8.657994e+003,-8.496820e-002
8.658477e+003,-7.236551e-002
8.658958e+003,-6.146366e-002
8.659440e+003,-5.166465e-002
8.659923e+003,-4.127028e-002
8.660404e+003,-2.864667e-002
8.660887e+003,-1.334586e-002
8.661369e+003,3.333924e-003
8.661852e+003,1.860872e-002
8.662333e+003,2.918611e-002
8.662815e+003,3.254461e-002
8.663297e+003,2.797973e-002
8.663779e+003,1.698725e-002
8.664262e+003,2.833760e-003
8.664744e+003,-1.050865e-002
8.665226e+003,-1.964235e-002
8.665708e+003,-2.275410e-002
8.666190e+003,-1.999720e-002
8.666672e+003,-1.314649e-002
8.667154e+003,-4.702375e-003
8.667637e+003,3.186781e-003
8.668119e+003,9.567141e-003
8.668601e+003,1.497207e-002
8.669083e+003,2.106212e-002
8.669564e+003,2.975545e-002
8.670047e+003,4.218902e-002
8.670529e+003,5.792725e-002
8.671012e+003,7.475269e-002
8.671493e+003,8.924126e-002
8.671976e+003,9.785916e-002
8.672458e+003,9.837500e-002
8.672939e+003,9.097919e-002
8.673422e+003,7.864632e-002
8.673904e+003,6.648035e-002
8.674387e+003,6.014043e-002
8.674868e+003,6.381945e-002
8.675351e+003,7.848591e-002
8.675832e+003,1.010892e-001
8.676314e+003,1.251452e-001
8.676797e+003,1.426414e-001
8.677279e+003,1.466934e-001
8.677762e+003,1.340516e-001
8.678243e+003,1.065312e-001
8.678726e+003,7.078084e-002
8.679207e+003,3.637512e-002
8.679689e+003,1.283101e-002
8.680172e+003,6.557493e-003
8.680654e+003,1.879878e-002
8.681136e+003,4.529024e-002
8.681618e+003,7.773443e-002
8.682101e+003,1.065488e-001
8.682582e+003,1.238948e-001
8.683064e+003,1.259384e-001
8.683547e+003,1.136283e-001
8.684029e+003,9.185809e-002
8.684511e+003,6.745739e-002
8.684993e+003,4.682773e-002
8.685475e+003,3.406798e-002
8.685957e+003,3.016019e-002
8.686439e+003,3.333440e-002
8.686922e+003,4.028838e-002
8.687403e+003,4.767506e-002
8.687886e+003,5.326575e-002
8.688368e+003,5.642126e-002
8.688850e+003,5.783347e-002
8.689332e+003,5.878606e-002
8.689814e+003,6.032090e-002
8.690297e+003,6.265689e-002
8.690778e+003,6.504332e-002
8.691261e+003,6.603263e-002
8.691742e+003,6.401066e-002
8.692225e+003,5.777249e-002
8.692707e+003,4.696950e-002
8.693189e+003,3.233411e-002
8.693671e+003,1.566290e-002
8.694153e+003,-4.190827e-004
8.694636e+003,-1.288099e-002
8.695117e+003,-1.885427e-002
8.695600e+003,-1.627979e-002
8.696082e+003,-4.516609e-003
8.696564e+003,1.525138e-002
8.697046e+003,3.998560e-002
8.697528e+003,6.525482e-002
8.698010e+003,8.617409e-002
8.698492e+003,9.863517e-002
8.698975e+003,1.004934e-001
8.699457e+003,9.232151e-002
8.699939e+003,7.742260e-002
8.700421e+003,6.100991e-002
8.700903e+003,4.873794e-002
8.701385e+003,4.501020e-002
8.701867e+003,5.158465e-002
8.702350e+003,6.703267e-002
8.702832e+003,8.714678e-002
8.703313e+003,1.063304e-001
8.703796e+003,1.194954e-001
8.704278e+003,1.238383e-001
8.704760e+003,1.198629e-001
8.705242e+003,1.112560e-001
8.705725e+003,1.036131e-001
8.706207e+003,1.024272e-001
8.706688e+003,1.110326e-001
8.707171e+003,1.292391e-001
8.707652e+003,1.531641e-001
8.708135e+003,1.763467e-001
8.708617e+003,1.917539e-001
8.709100e+003,1.939596e-001
8.709581e+003,1.807207e-001
8.710063e+003,1.534239e-001
8.710546e+003,1.163296e-001
8.711027e+003,7.500539e-002
8.711510e+003,3.462180e-002
8.711992e+003,-1.218946e-003
8.712475e+003,-3.075123e-002
8.712956e+003,-5.348171e-002
8.713438e+003,-6.925017e-002
8.713920e+003,-7.751831e-002
8.714402e+003,-7.732281e-002
8.714885e+003,-6.793451e-002
8.715367e+003,-4.984547e-002
8.715849e+003,-2.547527e-002
8.716331e+003,9.248528e-004
8.716813e+003,2.431707e-002
8.717295e+003,4.053087e-002
8.717777e+003,4.782693e-002
8.718260e+003,4.763457e-002
8.718742e+003,4.404845e-002
8.719224e+003,4.221573e-002
8.719706e+003,4.625503e-002
8.720188e+003,5.758428e-002
8.720670e+003,7.437192e-002
8.721152e+003,9.233711e-002
8.721635e+003,1.065254e-001
8.722117e+003,1.132597e-001
8.722599e+003,1.114105e-001
8.723081e+003,1.024732e-001
8.723563e+003,8.951228e-002
8.724045e+003,7.555088e-002
8.724527e+003,6.221119e-002
8.725010e+003,4.924729e-002
8.725491e+003,3.514610e-002
8.725974e+003,1.843963e-002
8.726456e+003,-9.731202e-004
8.726938e+003,-2.118731e-002
8.727420e+003,-3.868009e-002
8.727902e+003,-4.955967e-002
8.728385e+003,-5.109612e-002
8.728866e+003,-4.282681e-002
8.729349e+003,-2.673946e-002
8.729830e+003,-6.471871e-003
8.730313e+003,1.408152e-002
8.730795e+003,3.211568e-002
8.731277e+003,4.663491e-002
8.731759e+003,5.829671e-002
8.732241e+003,6.855102e-002
8.732724e+003,7.854614e-002
8.733205e+003,8.837139e-002
8.733688e+003,9.694131e-002
8.734170e+003,1.025700e-001
8.734652e+003,1.038994e-001
8.735134e+003,1.007214e-001
8.735616e+003,9.430470e-002
8.736098e+003,8.708043e-002
8.736580e+003,8.182982e-002
8.737063e+003,8.071864e-002
8.737545e+003,8.456237e-002
8.738026e+003,9.258453e-002
8.738509e+003,1.027163e-001
8.738991e+003,1.122763e-001
8.739473e+003,1.187507e-001
8.739955e+003,1.204017e-001
8.740438e+003,1.165437e-001
8.740920e+003,1.074747e-001
8.741401e+003,9.417292e-002
8.741884e+003,7.792611e-002
8.742365e+003,6.005092e-002
8.742848e+003,4.178788e-002
8.743330e+003,2.436607e-002
8.743813e+003,9.146590e-003
8.744295e+003,-2.291524e-003
8.744776e+003,-8.243464e-003
8.745259e+003,-7.196855e-003
8.745740e+003,1.686583e-003
8.746223e+003,1.809190e-002
8.746705e+003,4.028989e-002
8.747188e+003,6.526968e-002
8.747669e+003,8.931343e-002
8.748151e+003,1.088887e-001
8.748634e+003,1.215876e-001
8.749115e+003,1.267848e-001
8.749598e+003,1.257611e-001
8.750080e+003,1.212227e-001
8.750563e+003,1.163782e-001
8.751044e+003,1.139102e-001
8.751526e+003,1.152157e-001
8.752008e+003,1.201669e-001
8.752490e+003,1.274169e-001
8.752973e+003,1.350561e-001
8.753455e+003,1.413043e-001
8.753937e+003,1.449611e-001
8.754419e+003,1.454940e-001
8.754901e+003,1.428354e-001
8.755383e+003,1.370947e-001
8.755865e+003,1.283927e-001
8.756348e+003,1.169145e-001
8.756830e+003,1.031125e-001
8.757312e+003,8.788401e-002
8.757794e+003,7.255124e-002
8.758275e+003,5.859112e-002
8.758758e+003,4.722543e-002
8.759240e+003,3.908688e-002
8.759723e+003,3.415915e-002
8.760204e+003,3.204690e-002
8.760687e+003,3.244006e-002
8.761169e+003,3.550643e-002
8.761650e+003,4.195657e-002
8.762133e+003,5.268373e-002
8.762615e+003,6.811532e-002
8.763098e+003,8.759329e-002
8.763579e+003,1.091128e-001
8.764062e+003,1.297172e-001
8.764543e+003,1.461965e-001
8.765025e+003,1.561264e-001
8.765508e+003,1.585894e-001
8.765990e+003,1.542992e-001
8.766473e+003,1.450716e-001
8.766954e+003,1.328950e-001
8.767437e+003,1.190436e-001
8.767918e+003,1.036505e-001
8.768400e+003,8.592994e-002
8.768883e+003,6.491958e-002
8.769365e+003,4.036095e-002
8.769847e+003,1.327324e-002
8.770329e+003,-1.407403e-002
8.770812e+003,-3.879163e-002
8.771293e+003,-5.831815e-002
8.771775e+003,-7.125447e-002
8.772258e+003,-7.771816e-002
8.772740e+003,-7.908587e-002
8.773222e+003,-7.727266e-002
8.773704e+003,-7.389829e-002
8.774186e+003,-6.971358e-002
8.774668e+003,-6.451217e-002
8.775150e+003,-5.750593e-002
8.775633e+003,-4.792435e-002
8.776114e+003,-3.551039e-002
8.776597e+003,-2.066402e-002
8.777079e+003,-4.183502e-003
8.777561e+003,1.322820e-002
8.778043e+003,3.140024e-002
8.778525e+003,5.080441e-002
8.779008e+003,7.223232e-002
8.779489e+003,9.615308e-002
8.779972e+003,1.220433e-001
8.780453e+003,1.480298e-001
8.780936e+003,1.710754e-001
8.781418e+003,1.877159e-001
8.781900e+003,1.951096e-001
8.782382e+003,1.920165e-001
8.782864e+003,1.793294e-001
8.783347e+003,1.599473e-001
8.783828e+003,1.380273e-001
8.784311e+003,1.178844e-001
8.784793e+003,1.029400e-001
8.785275e+003,9.507493e-002
8.785757e+003,9.456646e-002
8.786239e+003,1.005282e-001
8.786721e+003,1.115641e-001
8.787203e+003,1.262876e-001
8.787686e+003,1.434689e-001
8.788168e+003,1.618068e-001
8.788650e+003,1.795572e-001
8.789132e+003,1.943556e-001
8.789614e+003,2.034974e-001
8.790096e+003,2.046895e-001
8.790578e+003,1.970004e-001
8.791061e+003,1.815436e-001
8.791543e+003,1.614675e-001
8.792024e+003,1.410897e-001
8.792507e+003,1.244051e-001
8.792989e+003,1.135358e-001
8.793471e+003,1.077978e-001
8.793953e+003,1.038572e-001
8.794436e+003,9.699755e-002
8.794918e+003,8.308963e-002
8.795399e+003,6.034599e-002
8.795882e+003,3.028969e-002
8.796363e+003,-2.570759e-003
8.796846e+003,-3.219301e-002
8.797328e+003,-5.295895e-002
8.797811e+003,-6.132819e-002
8.798292e+003,-5.655979e-002
8.798774e+003,-4.033825e-002
8.799257e+003,-1.565101e-002
8.799738e+003,1.442936e-002
8.800221e+003,4.744461e-002
8.800703e+003,8.146966e-002
8.801186e+003,1.144592e-001
8.801667e+003,1.435687e-001
8.802149e+003,1.650240e-001
8.802631e+003,1.748149e-001
8.803113e+003,1.700159e-001
8.803596e+003,1.501461e-001
8.804078e+003,1.178770e-001
8.804560e+003,7.865028e-002
8.805042e+003,3.925354e-002
8.805524e+003,5.881655e-003
8.806006e+003,-1.755442e-002
8.806488e+003,-3.022954e-002
8.806971e+003,-3.407865e-002
8.807453e+003,-3.259161e-002
8.807935e+003,-2.931773e-002
8.808417e+003,-2.671508e-002
8.808898e+003,-2.573312e-002
8.809381e+003,-2.611695e-002
8.809863e+003,-2.708950e-002
8.810346e+003,-2.796396e-002
8.810828e+003,-2.838905e-002
8.811310e+003,-2.822056e-002
8.811792e+003,-2.725650e-002
8.812273e+003,-2.513755e-002
8.812756e+003,-2.156723e-002
8.813238e+003,-1.675177e-002
8.813721e+003,-1.175733e-002
8.814202e+003,-8.466828e-003
8.814685e+003,-9.011418e-003
8.815167e+003,-1.484742e-002
8.815648e+003,-2.588616e-002
8.816131e+003,-4.012397e-002
8.816613e+003,-5.402899e-002
8.817096e+003,-6.360067e-002
8.817577e+003,-6.569886e-002
8.818060e+003,-5.909912e-002
8.818541e+003,-4.485485e-002
8.819023e+003,-2.585794e-002
8.819506e+003,-5.834975e-003
8.819988e+003,1.177907e-002
8.820470e+003,2.466026e-002
8.820952e+003,3.187937e-002
8.821435e+003,3.369156e-002
8.821916e+003,3.107355e-002
8.822398e+003,2.529364e-002
8.822881e+003,1.768577e-002
8.823363e+003,9.616956e-003
8.823845e+003,2.503784e-003
8.824327e+003,-2.278261e-003
8.824809e+003,-3.642927e-003
8.825291e+003,-1.192615e-003
8.825773e+003,4.866904e-003
8.826256e+003,1.352874e-002
8.826737e+003,2.340141e-002
8.827220e+003,3.317774e-002
8.827702e+003,4.199600e-002
8.828184e+003,4.951012e-002
8.828666e+003,5.564801e-002
8.829148e+003,6.021986e-002
8.829631e+003,6.263614e-002
8.830112e+003,6.194671e-002
8.830595e+003,5.723884e-002
8.831076e+003,4.822450e-002
8.831559e+003,3.571404e-002
8.832041e+003,2.169775e-002
8.832523e+003,8.925628e-003
8.833005e+003,1.102450e-004
8.833487e+003,-2.942770e-003
8.833970e+003,6.810022e-005
8.834451e+003,7.844715e-003
8.834934e+003,1.791916e-002
8.835416e+003,2.743119e-002
8.835898e+003,3.396915e-002
8.836380e+003,3.620641e-002
8.836862e+003,3.418275e-002
8.837345e+003,2.922303e-002
8.837826e+003,2.358879e-002
8.838309e+003,1.998743e-002
8.838791e+003,2.103389e-002
8.839273e+003,2.871829e-002
8.839755e+003,4.392349e-002
8.840237e+003,6.606508e-002
8.840719e+003,9.296748e-002
8.841201e+003,1.210886e-001
8.841684e+003,1.461369e-001
8.842166e+003,1.639932e-001
8.842647e+003,1.717068e-001
8.843130e+003,1.682588e-001
8.843612e+003,1.548141e-001
8.844094e+003,1.343355e-001
8.844576e+003,1.106479e-001
8.845059e+003,8.724286e-002
8.845541e+003,6.622022e-002
8.846022e+003,4.772823e-002
8.846505e+003,3.009961e-002
8.846986e+003,1.064622e-002
8.847469e+003,-1.315227e-002
8.847951e+003,-4.246655e-002
8.848434e+003,-7.635237e-002
8.848915e+003,-1.116841e-001
8.849397e+003,-1.438490e-001
8.849880e+003,-1.680150e-001
8.850361e+003,-1.805876e-001
8.850844e+003,-1.803890e-001
8.851326e+003,-1.691570e-001
8.851809e+003,-1.511637e-001
8.852290e+003,-1.320336e-001
8.852772e+003,-1.171107e-001
8.853254e+003,-1.098929e-001
8.853736e+003,-1.110450e-001
8.854219e+003,-1.183177e-001
8.854701e+003,-1.273875e-001
8.855183e+003,-1.333130e-001
8.855665e+003,-1.320966e-001
8.856147e+003,-1.218135e-001
8.856629e+003,-1.030791e-001
8.857111e+003,-7.856460e-002
8.857594e+003,-5.210535e-002
8.858076e+003,-2.759261e-002
8.858558e+003,-8.066292e-003
8.859040e+003,4.780022e-003
8.859522e+003,1.067008e-002
8.860004e+003,1.052728e-002
8.860486e+003,6.134065e-003
8.860969e+003,-2.344403e-004
8.861451e+003,-6.199213e-003
8.861933e+003,-9.725327e-003
8.862415e+003,-9.615242e-003
8.862896e+003,-5.925114e-003
8.863379e+003,-9.950652e-005
8.863861e+003,5.352995e-003
8.864344e+003,7.662374e-003
8.864825e+003,4.861549e-003
8.865308e+003,-3.294745e-003
8.865790e+003,-1.498955e-002
8.866271e+003,-2.682621e-002
8.866754e+003,-3.503246e-002
8.867236e+003,-3.694084e-002
8.867719e+003,-3.212824e-002
8.868200e+003,-2.270281e-002
8.868683e+003,-1.257318e-002
8.869164e+003,-5.974215e-003
8.869646e+003,-5.851368e-003
8.870129e+003,-1.276906e-002
8.870611e+003,-2.477476e-002
8.871093e+003,-3.822808e-002
8.871575e+003,-4.919472e-002
8.872058e+003,-5.479799e-002
8.872539e+003,-5.399878e-002
8.873021e+003,-4.758259e-002
8.873504e+003,-3.750249e-002
8.873986e+003,-2.598085e-002
8.874468e+003,-1.480275e-002
8.874950e+003,-5.052161e-003
8.875432e+003,2.734061e-003
8.875914e+003,8.232606e-003
8.876396e+003,1.110273e-002
8.876879e+003,1.101062e-002
8.877360e+003,7.856739e-003
8.877843e+003,2.004201e-003
8.878325e+003,-5.696062e-003
8.878807e+003,-1.414843e-002
8.879289e+003,-2.239886e-002
8.879771e+003,-2.992186e-002
8.880254e+003,-3.660054e-002
8.880735e+003,-4.236994e-002
8.881218e+003,-4.671416e-002
8.881699e+003,-4.833864e-002
8.882182e+003,-4.529305e-002
8.882664e+003,-3.560347e-002
8.883146e+003,-1.819556e-002
8.883629e+003,6.303721e-003
8.884110e+003,3.529722e-002
8.884593e+003,6.468676e-002
8.885074e+003,8.996277e-002
8.885557e+003,1.075121e-001
8.886039e+003,1.156343e-001
8.886521e+003,1.148808e-001
8.887003e+003,1.075937e-001
8.887485e+003,9.702674e-002
8.887968e+003,8.620251e-002
8.888449e+003,7.711697e-002
8.888932e+003,7.046566e-002
8.889414e+003,6.588550e-002
8.889896e+003,6.250077e-002
8.890378e+003,5.948979e-002
8.890860e+003,5.644915e-002
8.891342e+003,5.347127e-002
8.891824e+003,5.098845e-002
8.892307e+003,4.950598e-002
8.892789e+003,4.933904e-002
8.893271e+003,5.041758e-002
8.893753e+003,5.217691e-002
8.894235e+003,5.354444e-002
8.894717e+003,5.304929e-002
8.895199e+003,4.908789e-002
8.895682e+003,4.034195e-002
8.896164e+003,2.626709e-002
8.896646e+003,7.486547e-003
8.897128e+003,-1.410212e-002
8.897609e+003,-3.563366e-002
8.898092e+003,-5.396910e-002
8.898574e+003,-6.657453e-002
8.899057e+003,-7.227109e-002
8.899538e+003,-7.156269e-002
8.900021e+003,-6.640095e-002
8.900503e+003,-5.947191e-002
8.900984e+003,-5.327908e-002
8.901467e+003,-4.937137e-002
8.901949e+003,-4.798661e-002
8.902432e+003,-4.819581e-002
8.902913e+003,-4.843034e-002
8.903396e+003,-4.713989e-002
8.903877e+003,-4.332190e-002
8.904359e+003,-3.676010e-002
8.904842e+003,-2.795532e-002
8.905324e+003,-1.784728e-002
8.905807e+003,-7.470600e-003
8.906288e+003,2.339142e-003
8.906771e+003,1.113375e-002
8.907252e+003,1.892850e-002
8.907734e+003,2.617079e-002
8.908217e+003,3.359489e-002
8.908699e+003,4.195178e-002
8.909181e+003,5.163751e-002
8.909663e+003,6.230882e-002
8.910146e+003,7.263830e-002
8.910627e+003,8.036691e-002
8.911109e+003,8.273453e-002
8.911592e+003,7.722232e-002
8.912074e+003,6.239177e-002
8.912556e+003,3.852227e-002
8.913038e+003,7.791174e-003
8.913520e+003,-2.610438e-002
8.914002e+003,-5.877112e-002
8.914484e+003,-8.610533e-002
8.914967e+003,-1.051092e-001
8.915448e+003,-1.143043e-001
8.915931e+003,-1.137002e-001
8.916413e+003,-1.044581e-001
8.916895e+003,-8.847461e-002
8.917377e+003,-6.806421e-002
8.917859e+003,-4.577404e-002
8.918342e+003,-2.432631e-002
8.918823e+003,-6.328554e-003
8.919306e+003,6.060577e-003
8.919787e+003,1.162439e-002
8.920270e+003,1.052485e-002
8.920752e+003,4.462179e-003
8.921234e+003,-3.584916e-003
8.921716e+003,-1.001732e-002
8.922198e+003,-1.148333e-002
8.922681e+003,-5.680274e-003
8.923162e+003,8.150182e-003
8.923645e+003,2.913924e-002
8.924127e+003,5.506749e-002
8.924609e+003,8.284496e-002
8.925091e+003,1.090338e-001
8.925573e+003,1.303280e-001
8.926055e+003,1.439901e-001
8.926537e+003,1.482781e-001
8.927020e+003,1.428441e-001
8.927502e+003,1.289890e-001
8.927984e+003,1.095953e-001
8.928466e+003,8.859716e-002
8.928948e+003,7.000548e-002
8.929430e+003,5.673062e-002
8.929912e+003,4.961871e-002
8.930395e+003,4.713169e-002
8.930877e+003,4.590761e-002
8.931358e+003,4.209447e-002
8.931841e+003,3.299658e-002
8.932323e+003,1.838451e-002
8.932805e+003,9.009200e-004
8.933287e+003,-1.467076e-002
8.933770e+003,-2.304895e-002
8.934252e+003,-2.040162e-002
8.934733e+003,-5.848293e-003
8.935216e+003,1.807021e-002
8.935697e+003,4.613880e-002
8.936180e+003,7.214221e-002
8.936662e+003,9.082974e-002
8.937145e+003,9.945109e-002
8.937626e+003,9.834458e-002
8.938108e+003,9.044033e-002
8.938591e+003,7.994536e-002
8.939072e+003,7.074407e-002
8.939555e+003,6.509703e-002
8.940037e+003,6.305519e-002
8.940520e+003,6.271751e-002
8.941001e+003,6.116097e-002
8.941483e+003,5.567052e-002
8.941965e+003,4.484043e-002
8.942447e+003,2.920025e-002
8.942930e+003,1.118839e-002
8.943412e+003,-5.505516e-003
8.943894e+003,-1.703233e-002
8.944376e+003,-2.059279e-002
8.944858e+003,-1.540932e-002
8.945340e+003,-3.155325e-003
8.945822e+003,1.232171e-002
8.946305e+003,2.594811e-002
8.946787e+003,3.279464e-002
8.947269e+003,2.946716e-002
8.947751e+003,1.508263e-002
8.948232e+003,-8.487956e-003
8.948715e+003,-3.721518e-002
8.949197e+003,-6.603636e-002
8.949680e+003,-9.021936e-002
8.950162e+003,-1.065113e-001
8.950644e+003,-1.136609e-001
8.951126e+003,-1.122534e-001
8.951607e+003,-1.040364e-001
8.952090e+003,-9.109012e-002
8.952572e+003,-7.519693e-002
8.953055e+003,-5.761948e-002
8.953536e+003,-3.926886e-002
8.954019e+003,-2.105319e-002
8.954501e+003,-4.134338e-003
8.954982e+003,1.009837e-002
8.955465e+003,2.034732e-002
8.955947e+003,2.585161e-002
8.956430e+003,2.670778e-002
8.956911e+003,2.386850e-002
8.957394e+003,1.877827e-002
8.957875e+003,1.278808e-002
8.958357e+003,6.608220e-003
8.958840e+003,5.175438e-005
8.959322e+003,-7.805831e-003
8.959804e+003,-1.811190e-002
8.960286e+003,-3.158491e-002
8.960769e+003,-4.799824e-002
8.961250e+003,-6.600482e-002
8.961732e+003,-8.335984e-002
8.962215e+003,-9.744287e-002
8.962697e+003,-1.058877e-001
8.963179e+003,-1.071240e-001
8.963661e+003,-1.007027e-001
8.964143e+003,-8.736969e-002
8.964625e+003,-6.892605e-002
8.965107e+003,-4.793833e-002
8.965590e+003,-2.735722e-002
8.966071e+003,-1.007932e-002
8.966554e+003,1.516340e-003
8.967036e+003,6.003333e-003
8.967518e+003,3.226984e-003
8.968000e+003,-5.600774e-003
8.968482e+003,-1.811427e-002
8.968965e+003,-3.132511e-002
8.969446e+003,-4.237492e-002
8.969929e+003,-4.931578e-002
8.970410e+003,-5.167944e-002
8.970893e+003,-5.063301e-002
8.971375e+003,-4.862814e-002
8.971857e+003,-4.860516e-002
8.972340e+003,-5.295647e-002
8.972821e+003,-6.254774e-002
8.973304e+003,-7.610748e-002
8.973785e+003,-9.021714e-002
8.974268e+003,-9.997962e-002
8.974750e+003,-1.002459e-001
8.975232e+003,-8.709550e-002
8.975714e+003,-5.915361e-002
8.976196e+003,-1.833318e-002
8.976679e+003,3.027714e-002
8.977160e+003,7.942592e-002
8.977643e+003,1.213854e-001
8.978125e+003,1.498535e-001
8.978607e+003,1.615060e-001
8.979089e+003,1.567145e-001
8.979571e+003,1.391525e-001
8.980053e+003,1.146797e-001
8.980535e+003,8.939199e-002
8.981018e+003,6.804483e-002
8.981500e+003,5.309409e-002
8.981981e+003,4.468013e-002
8.982464e+003,4.144376e-002
8.982946e+003,4.173899e-002
8.983428e+003,4.467060e-002
8.983910e+003,5.049422e-002
8.984393e+003,6.022931e-002
8.984875e+003,7.470813e-002
8.985356e+003,9.354898e-002
8.985839e+003,1.145810e-001
8.986320e+003,1.340451e-001
8.986803e+003,1.475485e-001
8.987285e+003,1.514118e-001
8.987768e+003,1.438694e-001
8.988249e+003,1.256435e-001
8.988731e+003,9.967189e-002
8.989214e+003,7.012029e-002
8.989695e+003,4.108661e-002
8.990178e+003,1.549429e-002
8.990660e+003,-5.447651e-003
8.991143e+003,-2.210506e-002
8.991624e+003,-3.576316e-002
8.992106e+003,-4.779149e-002
8.992588e+003,-5.897415e-002
8.993070e+003,-6.922209e-002
8.993553e+003,-7.769594e-002
8.994035e+003,-8.321213e-002
8.994518e+003,-8.473340e-002
8.994999e+003,-8.176631e-002
8.995481e+003,-7.456499e-002
8.995963e+003,-6.412327e-002
8.996445e+003,-5.198977e-002
8.996928e+003,-3.995724e-002
8.997410e+003,-2.967938e-002
8.997892e+003,-2.227982e-002
8.998374e+003,-1.804549e-002
8.998856e+003,-1.631859e-002
8.999338e+003,-1.568034e-002
8.999820e+003,-1.443477e-002
9.000303e+003,-1.127199e-002
9.000785e+003,-5.873970e-003
9.001267e+003,8.004019e-004
9.001749e+003,6.719177e-003
9.002230e+003,9.444762e-003
9.002713e+003,7.032946e-003
9.003195e+003,-1.187621e-003
9.003678e+003,-1.427414e-002
9.004159e+003,-2.990621e-002
9.004642e+003,-4.509073e-002
9.005124e+003,-5.702832e-002
9.005605e+003,-6.378388e-002
9.006088e+003,-6.452507e-002
9.006570e+003,-5.932140e-002
9.007053e+003,-4.871355e-002
9.007534e+003,-3.335299e-002
9.008017e+003,-1.393157e-002
9.008498e+003,8.586621e-003
9.008980e+003,3.263662e-002
9.009463e+003,5.593243e-002
9.009945e+003,7.577654e-002
9.010427e+003,8.975936e-002
9.010909e+003,9.672546e-002
9.011392e+003,9.730434e-002
9.011873e+003,9.393709e-002
9.012355e+003,9.015793e-002
9.012838e+003,8.938473e-002
9.013320e+003,9.368968e-002
9.013802e+003,1.030536e-001
9.014284e+003,1.154054e-001
9.014766e+003,1.274028e-001
9.015248e+003,1.355945e-001
9.015730e+003,1.374651e-001
9.016213e+003,1.319690e-001
9.016695e+003,1.194379e-001
9.017177e+003,1.010613e-001
9.017659e+003,7.830903e-002
9.018141e+003,5.262817e-002
9.018623e+003,2.551757e-002
9.019105e+003,-1.187530e-003
9.019588e+003,-2.514939e-002
9.020069e+003,-4.375806e-002
9.020552e+003,-5.480024e-002
9.021034e+003,-5.731594e-002
9.021516e+003,-5.221294e-002
9.021998e+003,-4.225467e-002
9.022480e+003,-3.130700e-002
9.022963e+003,-2.309285e-002
9.023444e+003,-1.997566e-002
9.023927e+003,-2.232051e-002
9.024408e+003,-2.872885e-002
9.024891e+003,-3.702623e-002
9.025373e+003,-4.550842e-002
9.025855e+003,-5.381604e-002
9.026337e+003,-6.298732e-002
9.026819e+003,-7.464783e-002
9.027302e+003,-8.973477e-002
9.027783e+003,-1.074076e-001
9.028266e+003,-1.247375e-001
9.028748e+003,-1.374157e-001
9.029230e+003,-1.412400e-001
9.029712e+003,-1.337594e-001
9.030194e+003,-1.153669e-001
9.030676e+003,-8.936383e-002
9.031158e+003,-6.096759e-002
9.031641e+003,-3.567616e-002
9.032123e+003,-1.764385e-002
9.032604e+003,-8.667350e-003
9.033087e+003,-8.075676e-003
9.033569e+003,-1.342186e-002
9.034051e+003,-2.157414e-002
9.034533e+003,-2.972832e-002
9.035016e+003,-3.600560e-002
9.035498e+003,-3.956296e-002
9.035979e+003,-4.036849e-002
9.036462e+003,-3.888268e-002
9.036943e+003,-3.581905e-002
9.037426e+003,-3.200972e-002
9.037908e+003,-2.828525e-002
9.038391e+003,-2.527229e-002
9.038872e+003,-2.311488e-002
9.039354e+003,-2.125805e-002
9.039837e+003,-1.849003e-002
9.040318e+003,-1.335903e-002
9.040801e+003,-4.882338e-003
9.041283e+003,6.758088e-003
9.041766e+003,1.984451e-002
9.042247e+003,3.150290e-002
9.042729e+003,3.865113e-002
9.043212e+003,3.923318e-002
9.043693e+003,3.317961e-002
9.044176e+003,2.260186e-002
9.044658e+003,1.103850e-002
9.045141e+003,2.006237e-003
9.045622e+003,-2.530872e-003
9.046104e+003,-3.065041e-003
9.046586e+003,-2.354180e-003
9.047068e+003,-4.157911e-003
9.047551e+003,-1.142641e-002
9.048033e+003,-2.474609e-002
9.048515e+003,-4.175643e-002
9.048997e+003,-5.783023e-002
9.049479e+003,-6.774969e-002
9.049961e+003,-6.766880e-002
9.050443e+003,-5.653176e-002
9.050926e+003,-3.637213e-002
9.051408e+003,-1.142200e-002
9.051890e+003,1.352072e-002
9.052372e+003,3.472941e-002
9.052854e+003,5.051402e-002
9.053336e+003,6.120152e-002
9.053818e+003,6.829568e-002
9.054301e+003,7.333410e-002
9.054782e+003,7.703544e-002
9.055265e+003,7.911006e-002
9.055747e+003,7.872789e-002
9.056229e+003,7.529824e-002
9.056711e+003,6.908733e-002
9.057193e+003,6.133141e-002
9.057676e+003,5.380806e-002
9.058157e+003,4.813062e-002
9.058640e+003,4.516561e-002
9.059121e+003,4.487786e-002
9.059604e+003,4.664924e-002
9.060086e+003,4.984644e-002
9.060568e+003,5.428087e-002
9.061050e+003,6.028004e-002
9.061532e+003,6.832444e-002
9.062015e+003,7.846770e-002
9.062496e+003,8.989442e-002
9.062979e+003,1.009065e-001
9.063461e+003,1.093954e-001
9.063943e+003,1.135832e-001
9.064425e+003,1.126564e-001
9.064907e+003,1.069561e-001
9.065390e+003,9.762467e-002
9.065871e+003,8.589840e-002
9.066354e+003,7.244124e-002
9.066836e+003,5.710081e-002
9.067318e+003,3.924590e-002
9.067800e+003,1.852845e-002
9.068282e+003,-4.334511e-003
9.068764e+003,-2.720373e-002
9.069246e+003,-4.684237e-002
9.069729e+003,-5.984946e-002
9.070211e+003,-6.382264e-002
9.070692e+003,-5.824501e-002
9.071175e+003,-4.470637e-002
9.071657e+003,-2.636882e-002
9.072139e+003,-6.893107e-003
9.072621e+003,1.058394e-002
9.073104e+003,2.426477e-002
9.073586e+003,3.377866e-002
9.074067e+003,3.973125e-002
9.074550e+003,4.298372e-002
9.075031e+003,4.402890e-002
9.075514e+003,4.273172e-002
9.075996e+003,3.849930e-002
9.076479e+003,3.074804e-002
9.076960e+003,1.943466e-002
9.077442e+003,5.433318e-003
9.077925e+003,-9.364650e-003
9.078406e+003,-2.225010e-002
9.078889e+003,-3.015274e-002
9.079371e+003,-3.028785e-002
9.079854e+003,-2.090654e-002
9.080335e+003,-2.013323e-003
9.080817e+003,2.415609e-002
9.081299e+003,5.314777e-002
9.081781e+003,7.898797e-002
9.082264e+003,9.557566e-002
9.082746e+003,9.849428e-002
9.083228e+003,8.669782e-002
9.083710e+003,6.341372e-002
9.084192e+003,3.575247e-002
9.084674e+003,1.292726e-002
9.085156e+003,3.533686e-003
9.085639e+003,1.278253e-002
9.086121e+003,4.069494e-002
9.086603e+003,8.196218e-002
9.087085e+003,1.275518e-001
9.087566e+003,1.674718e-001
9.088049e+003,1.936744e-001
9.088531e+003,2.020699e-001
9.089014e+003,1.930267e-001
9.089496e+003,1.703688e-001
9.089978e+003,1.394737e-001
9.090460e+003,1.053577e-001
9.090941e+003,7.152011e-002
9.091424e+003,3.985740e-002
9.091906e+003,1.141121e-002
9.092389e+003,-1.266199e-002
9.092870e+003,-3.054718e-002
9.093353e+003,-4.000014e-002
9.093835e+003,-3.924141e-002
9.094316e+003,-2.803129e-002
9.094799e+003,-8.331533e-003
9.095281e+003,1.584484e-002
9.095764e+003,3.940696e-002
9.096245e+003,5.760977e-002
9.096728e+003,6.736083e-002
9.097209e+003,6.792073e-002
9.097691e+003,6.079733e-002
9.098174e+003,4.897774e-002
9.098656e+003,3.587452e-002
9.099139e+003,2.439448e-002
9.099620e+003,1.639523e-002
9.100102e+003,1.258004e-002
9.100584e+003,1.270984e-002
9.101066e+003,1.594950e-002
9.101549e+003,2.120683e-002
9.102031e+003,2.740521e-002
9.102513e+003,3.368645e-002
9.102995e+003,3.953146e-002
9.103477e+003,4.480900e-002
9.103959e+003,4.962052e-002
9.104441e+003,5.402749e-002
9.104924e+003,5.772320e-002
9.105406e+003,5.984097e-002
9.105888e+003,5.907889e-002
9.106370e+003,5.419806e-002
9.106852e+003,4.474716e-002
9.107334e+003,3.169025e-002
9.107816e+003,1.757059e-002
9.108299e+003,5.996399e-003
9.108780e+003,5.306546e-004
9.109263e+003,3.378823e-003
9.109744e+003,1.442960e-002
9.110227e+003,3.111238e-002
9.110709e+003,4.920945e-002
9.111191e+003,6.434110e-002
9.111674e+003,7.352449e-002
9.112155e+003,7.614825e-002
9.112638e+003,7.394556e-002
9.113119e+003,6.998474e-002
9.113602e+003,6.713559e-002
9.114084e+003,6.670003e-002
9.114566e+003,6.781448e-002
9.115049e+003,6.787717e-002
9.115530e+003,6.379662e-002
9.116012e+003,5.350855e-002
9.116494e+003,3.711399e-002
9.116977e+003,1.717350e-002
9.117459e+003,-1.945696e-003
9.117941e+003,-1.540172e-002
9.118423e+003,-1.939408e-002
9.118905e+003,-1.235553e-002
9.119387e+003,4.518969e-003
9.119869e+003,2.749743e-002
9.120352e+003,5.116356e-002
9.120834e+003,6.964234e-002
9.121316e+003,7.790530e-002
9.121798e+003,7.288254e-002
9.122279e+003,5.415321e-002
9.122762e+003,2.405767e-002
9.123244e+003,-1.282152e-002
9.123727e+003,-5.071442e-002
9.124209e+003,-8.399887e-002
9.124690e+003,-1.084456e-001
9.125173e+003,-1.220000e-001
9.125654e+003,-1.248701e-001
9.126137e+003,-1.189372e-001
9.126619e+003,-1.067729e-001
9.127102e+003,-9.069273e-002
9.127584e+003,-7.224249e-002
9.128065e+003,-5.228168e-002
9.128547e+003,-3.152046e-002
9.129029e+003,-1.112598e-002
9.129512e+003,7.024683e-003
9.129994e+003,2.067540e-002
9.130477e+003,2.800607e-002
9.130958e+003,2.853619e-002
9.131440e+003,2.362099e-002
9.131922e+003,1.620974e-002
9.132404e+003,9.891830e-003
9.132887e+003,7.622667e-003
9.133369e+003,1.070224e-002
9.133852e+003,1.847294e-002
9.134333e+003,2.886854e-002
9.134815e+003,3.950712e-002
9.135297e+003,4.879203e-002
9.135779e+003,5.646550e-002
9.136262e+003,6.336379e-002
9.136744e+003,7.054728e-002
9.137227e+003,7.831541e-002
9.137708e+003,8.568276e-002
9.138189e+003,9.064592e-002
9.138672e+003,9.114767e-002
9.139154e+003,8.625834e-002
9.139637e+003,7.694879e-002
9.140119e+003,6.599890e-002
9.140601e+003,5.699442e-002
9.141083e+003,5.281762e-002
9.141564e+003,5.430644e-002
9.142047e+003,5.970396e-002
9.142529e+003,6.517159e-002
9.143012e+003,6.616636e-002
9.143494e+003,5.911469e-002
9.143976e+003,4.270814e-002
9.144457e+003,1.833365e-002
9.144939e+003,-1.046899e-002
9.145422e+003,-3.923562e-002
9.145904e+003,-6.396610e-002
9.146387e+003,-8.215296e-002
9.146868e+003,-9.314526e-002
9.147351e+003,-9.784409e-002
9.147832e+003,-9.796599e-002
9.148314e+003,-9.520975e-002
9.148797e+003,-9.061628e-002
9.149279e+003,-8.428119e-002
9.149762e+003,-7.544120e-002
9.150243e+003,-6.285742e-002
9.150725e+003,-4.537266e-002
9.151207e+003,-2.250515e-002
9.151689e+003,5.067748e-003
9.152172e+003,3.528506e-002
9.152654e+003,6.486207e-002
9.153136e+003,8.988225e-002
9.153618e+003,1.067317e-001
9.154100e+003,1.131331e-001
9.154582e+003,1.089392e-001
9.155064e+003,9.636806e-002
9.155547e+003,7.952842e-002
9.156029e+003,6.333136e-002
9.156511e+003,5.212153e-002
9.156993e+003,4.847937e-002
9.157475e+003,5.259039e-002
9.157957e+003,6.237036e-002
9.158439e+003,7.426210e-002
9.158922e+003,8.439247e-002
9.159404e+003,8.968344e-002
9.159886e+003,8.857371e-002
9.160367e+003,8.118705e-002
9.160850e+003,6.899425e-002
9.161332e+003,5.417137e-002
9.161814e+003,3.891163e-002
9.162297e+003,2.489733e-002
9.162778e+003,1.303564e-002
9.163261e+003,3.457054e-003
9.163742e+003,-4.292479e-003
9.164225e+003,-1.095837e-002
9.164707e+003,-1.728069e-002
9.165189e+003,-2.372950e-002
9.165672e+003,-3.041234e-002
9.166153e+003,-3.709799e-002
9.166635e+003,-4.338284e-002
9.167117e+003,-4.892418e-002
9.167600e+003,-5.363354e-002
9.168082e+003,-5.772307e-002
9.168564e+003,-6.155221e-002
9.169046e+003,-6.531558e-002
9.169528e+003,-6.870603e-002
9.170010e+003,-7.072660e-002
9.170492e+003,-6.978404e-002
9.170975e+003,-6.408578e-002
9.171457e+003,-5.222977e-002
9.171939e+003,-3.378438e-002
9.172421e+003,-9.646374e-003
9.172902e+003,1.795564e-002
9.173385e+003,4.581563e-002
9.173867e+003,7.034658e-002
9.174350e+003,8.824681e-002
9.174832e+003,9.708193e-002
9.175313e+003,9.569532e-002
9.175796e+003,8.442059e-002
9.176277e+003,6.509276e-002
9.176760e+003,4.084277e-002
9.177242e+003,1.564901e-002
9.177725e+003,-6.347359e-003
9.178207e+003,-2.167046e-002
9.178688e+003,-2.828545e-002
9.179171e+003,-2.607078e-002
9.179652e+003,-1.678606e-002
9.180135e+003,-3.495690e-003
9.180617e+003,1.037551e-002
9.181100e+003,2.201028e-002
9.181582e+003,2.982270e-002
9.182063e+003,3.352297e-002
9.182545e+003,3.367669e-002
9.183027e+003,3.105995e-002
9.183510e+003,2.620276e-002
9.183992e+003,1.938823e-002
9.184475e+003,1.109146e-002
9.184956e+003,2.548223e-003
9.185438e+003,-3.989446e-003
9.185920e+003,-5.635611e-003
9.186402e+003,1.217706e-004
9.186885e+003,1.418355e-002
9.187367e+003,3.498779e-002
9.187850e+003,5.856458e-002
9.188331e+003,7.963298e-002
9.188813e+003,9.337676e-002
9.189295e+003,9.717423e-002
9.189777e+003,9.152114e-002
9.190260e+003,7.970911e-002
9.190742e+003,6.637484e-002
9.191224e+003,5.555565e-002
9.191706e+003,4.912249e-002
9.192188e+003,4.627493e-002
9.192670e+003,4.426240e-002
9.193152e+003,3.990409e-002
9.193635e+003,3.112152e-002
9.194117e+003,1.774831e-002
9.194599e+003,1.298550e-003
9.195080e+003,-1.606660e-002
9.195563e+003,-3.272697e-002
9.196045e+003,-4.824957e-002
9.196527e+003,-6.313530e-002
9.197010e+003,-7.783952e-002
9.197491e+003,-9.168407e-002
9.197974e+003,-1.023799e-001
9.198455e+003,-1.065776e-001
9.198938e+003,-1.013064e-001
9.199420e+003,-8.564062e-002
9.199902e+003,-6.172962e-002
9.200385e+003,-3.456716e-002
9.200866e+003,-1.045842e-002
9.201349e+003,5.225476e-003
9.201830e+003,1.005305e-002
9.202313e+003,5.427429e-003
9.202795e+003,-4.016229e-003
9.203277e+003,-1.224754e-002
9.203760e+003,-1.412568e-002
9.204241e+003,-7.185752e-003
9.204723e+003,7.755141e-003
9.205205e+003,2.729847e-002
9.205688e+003,4.703012e-002
9.206170e+003,6.319734e-002
9.206652e+003,7.381110e-002
9.207134e+003,7.885158e-002
9.207616e+003,7.970494e-002
9.208098e+003,7.826464e-002
9.208580e+003,7.617754e-002
9.209063e+003,7.451809e-002
9.209545e+003,7.387715e-002
9.210027e+003,7.462198e-002
9.210509e+003,7.704190e-002
9.210990e+003,8.123323e-002
9.211473e+003,8.679798e-002
9.211955e+003,9.258974e-002
9.212438e+003,9.674117e-002
9.212920e+003,9.706040e-002
9.213401e+003,9.167480e-002
9.213884e+003,7.965229e-002
9.214365e+003,6.132656e-002
9.214848e+003,3.818923e-002
9.215330e+003,1.241605e-002
9.215813e+003,-1.374789e-002
9.216295e+003,-3.848610e-002
9.216776e+003,-6.063345e-002
9.217258e+003,-7.963021e-002
9.217740e+003,-9.534342e-002
9.218223e+003,-1.079164e-001
9.218705e+003,-1.177220e-001
9.219188e+003,-1.253713e-001
9.219669e+003,-1.316451e-001
9.220151e+003,-1.372435e-001
9.220633e+003,-1.423671e-001
9.221115e+003,-1.462946e-001
9.221598e+003,-1.472041e-001
9.222080e+003,-1.424334e-001
9.222563e+003,-1.292062e-001
9.223044e+003,-1.056282e-001
9.223526e+003,-7.159519e-002
9.224008e+003,-2.924434e-002
9.224490e+003,1.727597e-002
9.224973e+003,6.268132e-002
9.225455e+003,1.017847e-001
9.225937e+003,1.306669e-001
9.226419e+003,1.473975e-001
9.226900e+003,1.521433e-001
9.227383e+003,1.466587e-001
9.227865e+003,1.334738e-001
9.228348e+003,1.150717e-001
9.228830e+003,9.333225e-002
9.229312e+003,6.936426e-002
9.229794e+003,4.368594e-002
9.230275e+003,1.659804e-002
9.230758e+003,-1.143488e-002
9.231240e+003,-3.953218e-002
9.231723e+003,-6.632782e-002
9.232205e+003,-9.006536e-002
9.232687e+003,-1.088015e-001
9.233168e+003,-1.206629e-001
9.233650e+003,-1.241180e-001
9.234133e+003,-1.182361e-001
9.234615e+003,-1.029011e-001
9.235098e+003,-7.893686e-002
9.235579e+003,-4.809634e-002
9.236062e+003,-1.288699e-002
9.236543e+003,2.375236e-002
9.237025e+003,5.885888e-002
9.237508e+003,8.983922e-002
9.237990e+003,1.147517e-001
9.238473e+003,1.324200e-001
9.238954e+003,1.423829e-001
9.239436e+003,1.447492e-001
9.239918e+003,1.400529e-001
9.240400e+003,1.291874e-001
9.240883e+003,1.134342e-001
9.241365e+003,9.452159e-002
9.241847e+003,7.459964e-002
9.242329e+003,5.602071e-002
9.242811e+003,4.089786e-002
9.243293e+003,3.053176e-002
9.243775e+003,2.491136e-002
9.244258e+003,2.253216e-002
9.244740e+003,2.070652e-002
9.245222e+003,1.636621e-002
9.245704e+003,7.144281e-003
9.246186e+003,-7.643424e-003
9.246668e+003,-2.652500e-002
9.247150e+003,-4.617381e-002
9.247633e+003,-6.246978e-002
9.248114e+003,-7.198715e-002
9.248597e+003,-7.335513e-002
9.249078e+003,-6.792553e-002
9.249561e+003,-5.941394e-002
9.250043e+003,-5.257826e-002
9.250525e+003,-5.140211e-002
9.251008e+003,-5.748282e-002
9.251489e+003,-6.927577e-002
9.251972e+003,-8.252713e-002
9.252453e+003,-9.175829e-002
9.252936e+003,-9.223969e-002
9.253418e+003,-8.168809e-002
9.253900e+003,-6.103299e-002
9.254383e+003,-3.397925e-002
9.254864e+003,-5.584920e-003
9.255346e+003,1.953983e-002
9.255828e+003,3.868092e-002
9.256311e+003,5.157017e-002
9.256793e+003,5.989233e-002
9.257275e+003,6.605157e-002
9.257757e+003,7.174907e-002
9.258239e+003,7.706919e-002
9.258721e+003,8.035020e-002
9.259203e+003,7.890347e-002
9.259686e+003,7.022877e-002
9.260168e+003,5.320738e-002
9.260650e+003,2.879776e-002
9.261132e+003,-9.118566e-006
9.261613e+003,-2.891423e-002
9.262096e+003,-5.340736e-002
9.262578e+003,-6.983439e-002
9.263061e+003,-7.610870e-002
9.263543e+003,-7.192263e-002
9.264024e+003,-5.851754e-002
9.264507e+003,-3.820181e-002
9.264988e+003,-1.383695e-002
9.265471e+003,1.155581e-002
9.265953e+003,3.502953e-002
9.266436e+003,5.385038e-002
9.266918e+003,6.565224e-002
9.267399e+003,6.868929e-002
9.267882e+003,6.218543e-002
9.268363e+003,4.667915e-002
9.268846e+003,2.419723e-002
9.269328e+003,-1.899882e-003
9.269811e+003,-2.746734e-002
9.270292e+003,-4.843386e-002
9.270774e+003,-6.173636e-002
9.271256e+003,-6.602475e-002
9.271738e+003,-6.187668e-002
9.272221e+003,-5.142400e-002
9.272703e+003,-3.751115e-002
9.273186e+003,-2.269574e-002
9.273667e+003,-8.474414e-003
9.274149e+003,4.963235e-003
9.274631e+003,1.836791e-002
9.275113e+003,3.263399e-002
9.275596e+003,4.795689e-002
9.276078e+003,6.335914e-002
9.276561e+003,7.683352e-002
9.277042e+003,8.605414e-002
9.277523e+003,8.931971e-002
9.278006e+003,8.626095e-002
9.278488e+003,7.794269e-002
9.278971e+003,6.628462e-002
9.279453e+003,5.307556e-002
9.279935e+003,3.908983e-002
9.280417e+003,2.379918e-002
9.280898e+003,5.897497e-003
9.281381e+003,-1.556048e-002
9.281863e+003,-3.995403e-002
9.282346e+003,-6.447164e-002
9.282828e+003,-8.449196e-002
9.283310e+003,-9.494663e-002
9.283791e+003,-9.216746e-002
9.284273e+003,-7.544890e-002
9.284756e+003,-4.762991e-002
9.285238e+003,-1.439548e-002
9.285721e+003,1.745776e-002
9.286202e+003,4.211024e-002
9.286685e+003,5.634733e-002
9.287166e+003,6.014093e-002
9.287648e+003,5.607101e-002
9.288131e+003,4.795846e-002
9.288613e+003,3.941088e-002
9.289096e+003,3.281416e-002
9.289577e+003,2.914504e-002
9.290060e+003,2.842876e-002
9.290541e+003,3.042245e-002
9.291023e+003,3.506258e-002
9.291506e+003,4.243413e-002
9.291988e+003,5.235124e-002
9.292470e+003,6.389233e-002
9.292952e+003,7.526895e-002
9.293434e+003,8.421332e-002
9.293916e+003,8.876003e-002
9.294398e+003,8.805118e-002
9.294881e+003,8.274914e-002
9.295363e+003,7.482210e-002
9.295845e+003,6.677776e-002
9.296327e+003,6.069451e-002
9.296809e+003,5.749608e-002
9.297291e+003,5.678136e-002
9.297773e+003,5.723493e-002
9.298256e+003,5.735783e-002
9.298738e+003,5.612791e-002
9.299220e+003,5.328576e-002
9.299701e+003,4.918410e-002
9.300184e+003,4.439319e-002
9.300666e+003,3.937518e-002
9.301148e+003,3.446087e-002
9.301631e+003,3.013332e-002
9.302112e+003,2.738179e-002
9.302595e+003,2.778683e-002
9.303076e+003,3.310639e-002
9.303559e+003,4.441272e-002
9.304041e+003,6.113236e-002
9.304523e+003,8.049987e-002
9.305006e+003,9.783827e-002
9.305487e+003,1.077527e-001
9.305969e+003,1.059020e-001
9.306451e+003,9.069745e-002
9.306934e+003,6.422194e-002
9.307416e+003,3.191518e-002
9.307898e+003,1.040240e-003
9.308380e+003,-2.156298e-002
9.308862e+003,-3.163662e-002
9.309344e+003,-2.880100e-002
9.309826e+003,-1.654341e-002
9.310309e+003,-9.413988e-004
9.310791e+003,1.139355e-002
9.311273e+003,1.542542e-002
9.311755e+003,9.165027e-003
9.312237e+003,-5.909912e-003
9.312719e+003,-2.550369e-002
9.313201e+003,-4.388593e-002
9.313684e+003,-5.549449e-002
9.314166e+003,-5.627369e-002
9.314647e+003,-4.444841e-002
9.315130e+003,-2.066880e-002
9.315611e+003,1.234882e-002
9.316094e+003,5.046569e-002
9.316576e+003,8.883646e-002
9.317059e+003,1.225598e-001
9.317541e+003,1.472204e-001
9.318022e+003,1.593449e-001
9.318505e+003,1.568019e-001
9.318986e+003,1.391307e-001
9.319469e+003,1.077349e-001
9.319951e+003,6.581379e-002
9.320434e+003,1.797670e-002
9.320916e+003,-3.045162e-002
9.321397e+003,-7.430205e-002
9.321879e+003,-1.093996e-001
9.322361e+003,-1.331520e-001
9.322844e+003,-1.447481e-001
9.323326e+003,-1.449513e-001
9.323809e+003,-1.356014e-001
9.324290e+003,-1.190210e-001
9.324772e+003,-9.752622e-002
9.325254e+003,-7.316846e-002
9.325736e+003,-4.771343e-002
9.326219e+003,-2.275893e-002
9.326701e+003,1.579787e-004
9.327184e+003,1.957974e-002
9.327665e+003,3.429929e-002
9.328146e+003,4.360900e-002
9.328629e+003,4.749856e-002
9.329111e+003,4.668971e-002
9.329594e+003,4.247575e-002
9.330076e+003,3.642986e-002
9.330558e+003,3.010386e-002
9.331040e+003,2.482886e-002
9.331521e+003,2.165881e-002
9.332004e+003,2.141021e-002
9.332486e+003,2.470162e-002
9.332969e+003,3.190970e-002
9.333451e+003,4.303071e-002
9.333933e+003,5.752097e-002
9.334414e+003,7.423624e-002
9.334896e+003,9.156477e-002
9.335379e+003,1.077622e-001
9.335861e+003,1.213911e-001
9.336344e+003,1.317048e-001
9.336825e+003,1.388233e-001
9.337308e+003,1.436367e-001
9.337789e+003,1.474861e-001
9.338271e+003,1.517552e-001
9.338754e+003,1.575215e-001
9.339236e+003,1.653563e-001
9.339719e+003,1.752810e-001
9.340200e+003,1.868217e-001
9.340683e+003,1.991026e-001
9.341164e+003,2.109615e-001
9.341646e+003,2.211169e-001
9.342129e+003,2.284166e-001
9.342611e+003,2.321406e-001
9.343094e+003,2.322380e-001
9.343575e+003,2.293372e-001
9.344057e+003,2.244129e-001
9.344539e+003,2.181553e-001
9.345021e+003,2.102837e-001
9.345504e+003,1.991666e-001
9.345986e+003,1.820728e-001
9.346468e+003,1.561367e-001
9.346950e+003,1.197771e-001
9.347432e+003,7.401264e-002
9.347914e+003,2.303688e-002
9.348396e+003,-2.637056e-002
9.348879e+003,-6.655926e-002
9.349361e+003,-9.130590e-002
9.349843e+003,-9.783237e-002
9.350324e+003,-8.772133e-002
9.350807e+003,-6.632449e-002
9.351289e+003,-4.086287e-002
9.351771e+003,-1.796487e-002
9.352254e+003,-1.608244e-003
9.352735e+003,7.759450e-003
9.353218e+003,1.266618e-002
9.353699e+003,1.698034e-002
9.354182e+003,2.397876e-002
9.354664e+003,3.496321e-002
9.355146e+003,4.895176e-002
9.355629e+003,6.343838e-002
9.356110e+003,7.572965e-002
9.356592e+003,8.416197e-002
9.357074e+003,8.864608e-002
9.357557e+003,9.037703e-002
9.358039e+003,9.096950e-002
9.358521e+003,9.152491e-002
9.359003e+003,9.210598e-002
9.359485e+003,9.183028e-002
9.359967e+003,8.945470e-002
9.360449e+003,8.408939e-002
9.360932e+003,7.566492e-002
9.361414e+003,6.495751e-002
9.361896e+003,5.323937e-002
9.362378e+003,4.180291e-002
9.362860e+003,3.162663e-002
9.363342e+003,2.331252e-002
9.363824e+003,1.723194e-002
9.364307e+003,1.368964e-002
9.364789e+003,1.292545e-002
9.365271e+003,1.490860e-002
9.365753e+003,1.904686e-002
9.366234e+003,2.402576e-002
9.366717e+003,2.794805e-002
9.367199e+003,2.878460e-002
9.367682e+003,2.497245e-002
9.368164e+003,1.590101e-002
9.368646e+003,2.077426e-003
9.369128e+003,-1.508118e-002
9.369609e+003,-3.370101e-002
9.370092e+003,-5.192664e-002
9.370574e+003,-6.822358e-002
9.371057e+003,-8.144790e-002
9.371539e+003,-9.077039e-002
9.372021e+003,-9.561095e-002
9.372502e+003,-9.569162e-002
9.372984e+003,-9.118575e-002
9.373467e+003,-8.282732e-002
9.373949e+003,-7.182617e-002
9.374432e+003,-5.954507e-002
9.374913e+003,-4.706375e-002
9.375396e+003,-3.487989e-002
9.375877e+003,-2.297488e-002
9.376359e+003,-1.129044e-002
9.376842e+003,-4.030433e-004
9.377324e+003,8.003090e-003
9.377807e+003,1.124877e-002
9.378288e+003,6.494464e-003
9.378770e+003,-7.942537e-003
9.379252e+003,-3.134792e-002
9.379734e+003,-6.008534e-002
9.380217e+003,-8.819225e-002
9.380699e+003,-1.090327e-001
9.381181e+003,-1.174302e-001
9.381663e+003,-1.114555e-001
9.382145e+003,-9.307785e-002
9.382627e+003,-6.738148e-002
9.383109e+003,-4.063487e-002
9.383592e+003,-1.799133e-002
9.384074e+003,-1.754028e-003
9.384556e+003,9.111458e-003
9.385038e+003,1.806824e-002
9.385520e+003,2.913669e-002
9.386002e+003,4.487438e-002
9.386484e+003,6.504035e-002
9.386967e+003,8.644811e-002
9.387449e+003,1.040032e-001
9.387931e+003,1.124630e-001
9.388412e+003,1.082331e-001
9.388895e+003,9.057756e-002
9.389377e+003,6.190170e-002
9.389859e+003,2.712355e-002
9.390342e+003,-7.564500e-003
9.390823e+003,-3.611465e-002
9.391306e+003,-5.383779e-002
9.391787e+003,-5.817274e-002
9.392270e+003,-4.893674e-002
9.392752e+003,-2.810710e-002
9.393234e+003,7.508296e-004
9.393717e+003,3.326336e-002
9.394198e+003,6.507614e-002
9.394680e+003,9.256877e-002
9.395162e+003,1.133214e-001
9.395645e+003,1.262622e-001
9.396127e+003,1.315166e-001
9.396609e+003,1.300627e-001
9.397091e+003,1.233379e-001
9.397573e+003,1.129172e-001
9.398055e+003,1.003105e-001
9.398537e+003,8.684330e-002
9.399020e+003,7.354621e-002
9.399502e+003,6.100833e-002
9.399984e+003,4.922288e-002
9.400466e+003,3.752936e-002
9.400947e+003,2.476581e-002
9.401430e+003,9.669907e-003
9.401912e+003,-8.565408e-003
9.402395e+003,-2.979207e-002
9.402877e+003,-5.269697e-002
9.403358e+003,-7.501319e-002
9.403841e+003,-9.409943e-002
9.404322e+003,-1.076586e-001
9.404805e+003,-1.142985e-001
9.405287e+003,-1.137200e-001
9.405770e+003,-1.065065e-001
9.406252e+003,-9.369121e-002
9.406733e+003,-7.637778e-002
9.407216e+003,-5.562722e-002
9.407697e+003,-3.263034e-002
9.408180e+003,-8.973025e-003
9.408662e+003,1.330148e-002
9.409145e+003,3.203915e-002
9.409627e+003,4.569520e-002
9.410108e+003,5.411831e-002
9.410590e+003,5.895180e-002
9.411072e+003,6.330344e-002
9.411555e+003,7.066335e-002
9.412037e+003,8.340488e-002
9.412520e+003,1.015731e-001
9.413001e+003,1.225148e-001
9.413483e+003,1.416647e-001
9.413965e+003,1.542533e-001
9.414447e+003,1.572582e-001
9.414930e+003,1.507620e-001
9.415412e+003,1.380928e-001
9.415895e+003,1.246331e-001
9.416376e+003,1.157491e-001
9.416857e+003,1.146838e-001
9.417340e+003,1.212794e-001
9.417822e+003,1.320565e-001
9.418305e+003,1.416023e-001
9.418787e+003,1.446793e-001
9.419269e+003,1.381894e-001
9.419751e+003,1.222260e-001
9.420232e+003,9.987358e-002
9.420715e+003,7.593752e-002
9.421197e+003,5.520028e-002
9.421680e+003,4.091372e-002
9.422162e+003,3.405758e-002
9.422644e+003,3.352129e-002
9.423125e+003,3.698240e-002
9.423607e+003,4.201837e-002
9.424090e+003,4.696916e-002
9.424572e+003,5.124977e-002
9.425055e+003,5.508385e-002
9.425536e+003,5.888019e-002
9.426019e+003,6.259709e-002
9.426500e+003,6.540935e-002
9.426982e+003,6.583547e-002
9.427465e+003,6.227522e-002
9.427947e+003,5.372919e-002
9.428430e+003,4.038734e-002
9.428911e+003,2.381417e-002
9.429394e+003,6.606491e-003
9.429875e+003,-8.388069e-003
9.430357e+003,-1.901590e-002
9.430840e+003,-2.455872e-002
9.431322e+003,-2.595780e-002
9.431805e+003,-2.539363e-002
9.432286e+003,-2.535093e-002
9.432768e+003,-2.752174e-002
9.433250e+003,-3.199512e-002
9.433732e+003,-3.708880e-002
9.434215e+003,-3.992567e-002
9.434697e+003,-3.754070e-002
9.435179e+003,-2.806882e-002
9.435661e+003,-1.152200e-002
9.436143e+003,1.015715e-002
9.436625e+003,3.375557e-002
9.437107e+003,5.583990e-002
9.437590e+003,7.371818e-002
9.438072e+003,8.591830e-002
9.438554e+003,9.206523e-002
9.439035e+003,9.236304e-002
9.439518e+003,8.708315e-002
9.440000e+003,7.641910e-002
9.440482e+003,6.081074e-002
9.440965e+003,4.151348e-002
9.441446e+003,2.097645e-002
9.441929e+003,2.632243e-003
9.442410e+003,-1.002300e-002
9.442893e+003,-1.471429e-002
9.443375e+003,-1.154307e-002
9.443857e+003,-3.317001e-003
9.444340e+003,5.222211e-003
9.444821e+003,9.088872e-003
9.445303e+003,5.017010e-003
9.445785e+003,-7.123492e-003
9.446268e+003,-2.407904e-002
9.446750e+003,-4.026132e-002
9.447232e+003,-4.966771e-002
9.447714e+003,-4.789215e-002
9.448196e+003,-3.344703e-002
9.448678e+003,-7.959157e-003
9.449160e+003,2.468640e-002
9.449643e+003,5.975637e-002
9.450125e+003,9.298994e-002
9.450607e+003,1.213607e-001
9.451089e+003,1.431795e-001
9.451571e+003,1.577817e-001
9.452053e+003,1.651830e-001
9.452535e+003,1.659670e-001
9.453018e+003,1.613953e-001
9.453500e+003,1.534864e-001
9.453981e+003,1.447615e-001
9.454464e+003,1.375469e-001
9.454945e+003,1.330393e-001
9.455428e+003,1.305968e-001
9.455910e+003,1.277280e-001
9.456393e+003,1.209791e-001
9.456875e+003,1.074714e-001
9.457356e+003,8.645439e-002
9.457839e+003,6.012891e-002
9.458320e+003,3.324832e-002
9.458803e+003,1.154000e-002
9.459285e+003,-4.481437e-004
9.459768e+003,-1.148117e-003
9.460250e+003,7.409873e-003
9.460731e+003,2.049589e-002
9.461213e+003,3.275237e-002
9.461695e+003,4.055884e-002
9.462178e+003,4.365668e-002
9.462660e+003,4.530616e-002
9.463143e+003,5.086653e-002
9.463624e+003,6.535609e-002
9.464106e+003,9.097861e-002
9.464588e+003,1.256283e-001
9.465070e+003,1.629978e-001
9.465553e+003,1.942860e-001
9.466035e+003,2.108883e-001
9.466518e+003,2.071040e-001
9.466999e+003,1.819151e-001
9.467480e+003,1.392610e-001
9.467963e+003,8.677125e-002
9.468445e+003,3.344959e-002
9.468928e+003,-1.288044e-002
9.469410e+003,-4.752604e-002
9.469892e+003,-6.968658e-002
9.470374e+003,-8.187528e-002
9.470855e+003,-8.830574e-002
9.471338e+003,-9.287802e-002
9.471820e+003,-9.750773e-002
9.472303e+003,-1.013993e-001
9.472785e+003,-1.015140e-001
9.473267e+003,-9.403248e-002
9.473749e+003,-7.623406e-002
9.474230e+003,-4.801948e-002
9.474713e+003,-1.242198e-002
9.475195e+003,2.513874e-002
9.475678e+003,5.861130e-002
9.476159e+003,8.340181e-002
9.476642e+003,9.796534e-002
9.477123e+003,1.042500e-001
9.477605e+003,1.068026e-001
9.478088e+003,1.108870e-001
9.478570e+003,1.203697e-001
9.479053e+003,1.362073e-001
9.479534e+003,1.561091e-001
9.480017e+003,1.754495e-001
9.480498e+003,1.890047e-001
9.480980e+003,1.927868e-001
9.481463e+003,1.852716e-001
9.481945e+003,1.676298e-001
9.482428e+003,1.430220e-001
9.482909e+003,1.153872e-001
9.483391e+003,8.828890e-002
9.483873e+003,6.424685e-002
9.484355e+003,4.467045e-002
9.484838e+003,3.020057e-002
9.485320e+003,2.110500e-002
9.485802e+003,1.743100e-002
9.486284e+003,1.883300e-002
9.486766e+003,2.423960e-002
9.487248e+003,3.165706e-002
9.487730e+003,3.836128e-002
9.488213e+003,4.153263e-002
9.488695e+003,3.914919e-002
9.489177e+003,3.078968e-002
9.489658e+003,1.799512e-002
9.490141e+003,3.994676e-003
9.490623e+003,-7.148893e-003
9.491105e+003,-1.169465e-002
9.491588e+003,-7.290872e-003
9.492069e+003,6.384788e-003
9.492552e+003,2.758618e-002
9.493033e+003,5.302600e-002
9.493516e+003,7.876793e-002
9.493998e+003,1.011960e-001
9.494480e+003,1.177836e-001
9.494963e+003,1.274685e-001
9.495444e+003,1.305735e-001
9.495927e+003,1.283530e-001
9.496408e+003,1.223636e-001
9.496891e+003,1.139062e-001
9.497373e+003,1.037581e-001
9.497855e+003,9.229221e-002
9.498337e+003,7.991377e-002
9.498819e+003,6.757797e-002
9.499301e+003,5.708031e-002
9.499783e+003,5.087043e-002
9.500266e+003,5.134029e-002
9.500748e+003,5.979499e-002
9.501230e+003,7.552288e-002
9.501712e+003,9.542171e-002
9.502194e+003,1.144719e-001
9.502676e+003,1.270150e-001
9.503158e+003,1.284371e-001
9.503641e+003,1.166418e-001
9.504123e+003,9.275671e-002
9.504605e+003,6.073964e-002
9.505087e+003,2.617271e-002
9.505568e+003,-5.358961e-003
9.506051e+003,-2.962675e-002
9.506533e+003,-4.440822e-002
9.507016e+003,-4.932771e-002
9.507498e+003,-4.515952e-002
9.507979e+003,-3.307045e-002
9.508462e+003,-1.422334e-002
9.508943e+003,1.010864e-002
9.509426e+003,3.810327e-002
9.509908e+003,6.702373e-002
9.510391e+003,9.329464e-002
9.510873e+003,1.131384e-001
9.511354e+003,1.235585e-001
9.511836e+003,1.232365e-001
9.512318e+003,1.129199e-001
9.512801e+003,9.511607e-002
9.513283e+003,7.324659e-002
9.513766e+003,5.065896e-002
9.514247e+003,2.992360e-002
9.514729e+003,1.264518e-002
9.515211e+003,-2.892014e-004
9.515693e+003,-8.339260e-003
9.516176e+003,-1.116229e-002
9.516658e+003,-8.836200e-003
9.517141e+003,-2.305545e-003
9.517622e+003,6.321198e-003
9.518104e+003,1.398825e-002
9.518586e+003,1.753184e-002
9.519068e+003,1.487511e-002
9.519551e+003,6.030734e-003
9.520033e+003,-6.642490e-003
9.520515e+003,-1.917872e-002
9.520997e+003,-2.751368e-002
9.521479e+003,-2.912869e-002
9.521961e+003,-2.407670e-002
9.522443e+003,-1.488665e-002
9.522926e+003,-5.362405e-003
9.523408e+003,1.172907e-003
9.523890e+003,3.354306e-003
9.524372e+003,2.272155e-003
9.524854e+003,7.658912e-004
9.525336e+003,1.883823e-003
9.525818e+003,7.280090e-003
9.526301e+003,1.633947e-002
9.526783e+003,2.644652e-002
9.527265e+003,3.424380e-002
9.527746e+003,3.723667e-002
9.528229e+003,3.494692e-002
9.528711e+003,2.906309e-002
9.529193e+003,2.255203e-002
9.529676e+003,1.821390e-002
9.530157e+003,1.742098e-002
9.530640e+003,1.965743e-002
9.531121e+003,2.304978e-002
9.531604e+003,2.557094e-002
9.532086e+003,2.627107e-002
9.532568e+003,2.589572e-002
9.533051e+003,2.657300e-002
9.533532e+003,3.071887e-002
9.534014e+003,3.968244e-002
9.534496e+003,5.276135e-002
9.534979e+003,6.701387e-002
9.535461e+003,7.802995e-002
9.535943e+003,8.117978e-002
9.536425e+003,7.306141e-002
9.536907e+003,5.258663e-002
9.537389e+003,2.144554e-002
9.537871e+003,-1.610800e-002
9.538354e+003,-5.404129e-002
9.538836e+003,-8.571437e-002
9.539318e+003,-1.052387e-001
9.539800e+003,-1.088111e-001
9.540282e+003,-9.577028e-002
9.540764e+003,-6.908466e-002
9.541246e+003,-3.500571e-002
9.541729e+003,-1.784717e-003
9.542211e+003,2.236051e-002
9.542692e+003,3.151282e-002
9.543175e+003,2.383151e-002
9.543656e+003,2.162592e-003
9.544139e+003,-2.684246e-002
9.544621e+003,-5.488251e-002
9.545104e+003,-7.471278e-002
9.545586e+003,-8.242972e-002
9.546067e+003,-7.851221e-002
9.546550e+003,-6.728241e-002
9.547031e+003,-5.507042e-002
9.547514e+003,-4.784778e-002
9.547996e+003,-4.923669e-002
9.548479e+003,-5.956526e-002
9.548961e+003,-7.615945e-002
9.549442e+003,-9.456922e-002
9.549924e+003,-1.101381e-001
9.550406e+003,-1.193280e-001
9.550889e+003,-1.204573e-001
9.551371e+003,-1.138269e-001
9.551854e+003,-1.014339e-001
9.552335e+003,-8.650777e-002
9.552817e+003,-7.298778e-002
9.553299e+003,-6.491645e-002
9.553781e+003,-6.568131e-002
9.554264e+003,-7.714294e-002
9.554746e+003,-9.887595e-002
9.555229e+003,-1.278790e-001
9.555710e+003,-1.590531e-001
9.556191e+003,-1.864809e-001
9.556674e+003,-2.051601e-001
9.557156e+003,-2.125556e-001
9.557639e+003,-2.093116e-001
9.558121e+003,-1.987709e-001
9.558603e+003,-1.854610e-001
9.559085e+003,-1.731861e-001
9.559566e+003,-1.635624e-001
9.560049e+003,-1.556401e-001
9.560531e+003,-1.467451e-001
9.561014e+003,-1.340931e-001
9.561496e+003,-1.163601e-001
9.561978e+003,-9.442657e-002
9.562459e+003,-7.093904e-002
9.562941e+003,-4.894333e-002
9.563424e+003,-3.032015e-002
9.563906e+003,-1.486284e-002
9.564389e+003,-5.099136e-004
9.564870e+003,1.534783e-002
9.565353e+003,3.413158e-002
9.565834e+003,5.481357e-002
9.566316e+003,7.377268e-002
9.566799e+003,8.600833e-002
9.567281e+003,8.711523e-002
9.567764e+003,7.518691e-002
9.568245e+003,5.179377e-002
9.568728e+003,2.162184e-002
9.569209e+003,-9.041767e-003
9.569691e+003,-3.431010e-002
9.570174e+003,-5.036948e-002
9.570656e+003,-5.624057e-002
9.571139e+003,-5.350928e-002
9.571620e+003,-4.536079e-002
9.572102e+003,-3.546148e-002
9.572584e+003,-2.713179e-002
9.573066e+003,-2.294300e-002
9.573549e+003,-2.456741e-002
9.574031e+003,-3.260202e-002
9.574513e+003,-4.622652e-002
9.574995e+003,-6.284363e-002
9.575477e+003,-7.807679e-002
9.575959e+003,-8.648374e-002
9.576441e+003,-8.304681e-002
9.576924e+003,-6.505162e-002
9.577406e+003,-3.361500e-002
9.577888e+003,5.912186e-003
9.578369e+003,4.508293e-002
9.578852e+003,7.481916e-002
9.579334e+003,8.836545e-002
9.579816e+003,8.357497e-002
9.580299e+003,6.356081e-002
9.580780e+003,3.538960e-002
9.581263e+003,7.323631e-003
9.581744e+003,-1.425705e-002
9.582227e+003,-2.698872e-002
9.582709e+003,-3.287383e-002
9.583191e+003,-3.678505e-002
9.583674e+003,-4.385145e-002
9.584155e+003,-5.690554e-002
9.584637e+003,-7.509668e-002
9.585119e+003,-9.422321e-002
9.585602e+003,-1.085602e-001
9.586084e+003,-1.133217e-001
9.586566e+003,-1.066720e-001
9.587048e+003,-9.046603e-002
9.587530e+003,-6.949738e-002
9.588012e+003,-4.967321e-002
9.588494e+003,-3.592777e-002
9.588977e+003,-3.070033e-002
9.589459e+003,-3.347311e-002
9.589941e+003,-4.137241e-002
9.590423e+003,-5.041952e-002
9.590905e+003,-5.684089e-002
9.591387e+003,-5.795677e-002
9.591869e+003,-5.246734e-002
9.592352e+003,-4.026664e-002
9.592834e+003,-2.208730e-002
9.593316e+003,7.514260e-004
9.593798e+003,2.639936e-002
9.594279e+003,5.244271e-002
9.594762e+003,7.599786e-002
9.595244e+003,9.409750e-002
9.595727e+003,1.043660e-001
9.596209e+003,1.057830e-001
9.596690e+003,9.921723e-002
9.597173e+003,8.747481e-002
9.597654e+003,7.469334e-002
9.598137e+003,6.525041e-002
9.598619e+003,6.246956e-002
9.599102e+003,6.753049e-002
9.599584e+003,7.894051e-002
9.600065e+003,9.276060e-002
9.600547e+003,1.035559e-001
9.601029e+003,1.058232e-001
9.601512e+003,9.551127e-002
9.601994e+003,7.121748e-002
9.602477e+003,3.473483e-002
9.602958e+003,-9.211723e-003
9.603440e+003,-5.398195e-002
9.603922e+003,-9.252774e-002
9.604404e+003,-1.189861e-001
9.604887e+003,-1.299232e-001
9.605369e+003,-1.248996e-001
9.605852e+003,-1.062408e-001
9.606333e+003,-7.815263e-002
9.606814e+003,-4.552073e-002
9.607297e+003,-1.279507e-002
9.607779e+003,1.672336e-002
9.608262e+003,4.107961e-002
9.608744e+003,5.944542e-002
9.609226e+003,7.172528e-002
9.609708e+003,7.823843e-002
9.610189e+003,7.961224e-002
9.610672e+003,7.685071e-002
9.611154e+003,7.140900e-002
9.611637e+003,6.507999e-002
9.612119e+003,5.960422e-002
9.612601e+003,5.608872e-002
9.613083e+003,5.447503e-002
9.613564e+003,5.333887e-002
9.614047e+003,5.020775e-002
9.614529e+003,4.237570e-002
9.615012e+003,2.797059e-002
9.615494e+003,6.891137e-003
9.615976e+003,-1.875236e-002
9.616457e+003,-4.488993e-002
9.616939e+003,-6.638435e-002
9.617422e+003,-7.828562e-002
9.617904e+003,-7.706212e-002
9.618387e+003,-6.145590e-002
9.618868e+003,-3.275945e-002
9.619351e+003,5.501367e-003
9.619832e+003,4.833476e-002
9.620314e+003,9.028207e-002
9.620797e+003,1.264243e-001
9.621279e+003,1.532175e-001
9.621762e+003,1.690277e-001
9.622243e+003,1.742806e-001
9.622725e+003,1.711907e-001
9.623207e+003,1.631046e-001
9.623689e+003,1.535950e-001
9.624172e+003,1.455309e-001
9.624654e+003,1.403961e-001
9.625136e+003,1.380654e-001
9.625618e+003,1.371035e-001
9.626100e+003,1.354504e-001
9.626582e+003,1.312037e-001
9.627064e+003,1.231737e-001
9.627547e+003,1.110031e-001
9.628029e+003,9.486318e-002
9.628511e+003,7.496414e-002
9.628992e+003,5.123214e-002
9.629475e+003,2.342424e-002
9.629957e+003,-8.279572e-003
9.630439e+003,-4.246618e-002
9.630922e+003,-7.592380e-002
9.631403e+003,-1.037739e-001
9.631886e+003,-1.204959e-001
9.632367e+003,-1.216334e-001
9.632850e+003,-1.055984e-001
9.633332e+003,-7.483839e-002
9.633814e+003,-3.579326e-002
9.634297e+003,2.507654e-003
9.634778e+003,3.083478e-002
9.635261e+003,4.235924e-002
9.635742e+003,3.457720e-002
9.636225e+003,9.897278e-003
9.636707e+003,-2.528357e-002
9.637189e+003,-6.264360e-002
9.637672e+003,-9.437639e-002
9.638153e+003,-1.151661e-001
9.638635e+003,-1.231035e-001
9.639117e+003,-1.194017e-001
9.639600e+003,-1.072221e-001
9.640082e+003,-9.019358e-002
9.640564e+003,-7.120688e-002
9.641046e+003,-5.184184e-002
9.641528e+003,-3.245701e-002
9.642010e+003,-1.270833e-002
9.642492e+003,7.842587e-003
9.642975e+003,2.929556e-002
9.643457e+003,5.124415e-002
9.643939e+003,7.280014e-002
9.644421e+003,9.267861e-002
9.644902e+003,1.092678e-001
9.645385e+003,1.207253e-001
9.645867e+003,1.252181e-001
9.646350e+003,1.213951e-001
9.646832e+003,1.090404e-001
9.647313e+003,8.967874e-002
9.647796e+003,6.679802e-002
9.648277e+003,4.541107e-002
9.648760e+003,3.090071e-002
9.649242e+003,2.741420e-002
9.649725e+003,3.634084e-002
9.650207e+003,5.548654e-002
9.650688e+003,7.937606e-002
9.651170e+003,1.007161e-001
9.651652e+003,1.125991e-001
9.652135e+003,1.107131e-001
9.652617e+003,9.477777e-002
9.653100e+003,6.868839e-002
9.653581e+003,3.929786e-002
9.654063e+003,1.425400e-002
9.654545e+003,-3.697184e-004
9.655027e+003,-1.865468e-003
9.655510e+003,8.439505e-003
9.655992e+003,2.576286e-002
9.656475e+003,4.340900e-002
9.656956e+003,5.472403e-002
9.657438e+003,5.487061e-002
9.657920e+003,4.197782e-002
9.658402e+003,1.744420e-002
9.658885e+003,-1.448962e-002
9.659367e+003,-4.784271e-002
9.659850e+003,-7.624579e-002
9.660331e+003,-9.434099e-002
9.660813e+003,-9.895796e-002
9.661295e+003,-8.984233e-002
9.661777e+003,-6.975605e-002
9.662260e+003,-4.386232e-002
9.662742e+003,-1.846772e-002
9.663224e+003,6.036012e-004
9.663706e+003,9.562123e-003
9.664188e+003,7.645356e-003
9.664670e+003,-2.797022e-003
9.665152e+003,-1.717882e-002
9.665635e+003,-3.022043e-002
9.666117e+003,-3.761615e-002
9.666599e+003,-3.724307e-002
9.667080e+003,-2.952808e-002
9.667563e+003,-1.693638e-002
9.668045e+003,-2.889162e-003
9.668527e+003,9.395756e-003
9.669010e+003,1.769054e-002
9.669491e+003,2.096398e-002
9.669974e+003,1.911224e-002
9.670455e+003,1.254082e-002
9.670938e+003,1.937742e-003
9.671420e+003,-1.161023e-002
9.671902e+003,-2.628999e-002
9.672385e+003,-3.936043e-002
9.672866e+003,-4.741705e-002
9.673348e+003,-4.724145e-002
9.673830e+003,-3.701809e-002
9.674313e+003,-1.742183e-002
9.674795e+003,7.973783e-003
9.675277e+003,3.329952e-002
9.675759e+003,5.192808e-002
9.676241e+003,5.845745e-002
9.676723e+003,5.042448e-002
9.677205e+003,2.910181e-002
9.677688e+003,-9.234678e-004
9.678170e+003,-3.321216e-002
9.678652e+003,-6.140028e-002
9.679134e+003,-8.087453e-002
9.679616e+003,-8.965401e-002
9.680098e+003,-8.831960e-002
9.680580e+003,-7.922658e-002
9.681063e+003,-6.545842e-002
9.681545e+003,-4.995868e-002
9.682026e+003,-3.506725e-002
9.682509e+003,-2.242614e-002
9.682990e+003,-1.304905e-002
9.683473e+003,-7.343898e-003
9.683955e+003,-5.015817e-003
9.684438e+003,-4.955134e-003
9.684920e+003,-5.309411e-003
9.685401e+003,-3.882453e-003
9.685884e+003,1.175729e-003
9.686365e+003,1.062433e-002
9.686848e+003,2.366728e-002
9.687330e+003,3.803352e-002
9.687813e+003,5.064508e-002
9.688295e+003,5.864906e-002
9.688776e+003,6.040410e-002
9.689258e+003,5.602882e-002
9.689740e+003,4.717197e-002
9.690223e+003,3.632791e-002
9.690705e+003,2.576240e-002
9.691188e+003,1.665010e-002
9.691669e+003,8.748190e-003
9.692151e+003,7.175489e-004
9.692633e+003,-9.082250e-003
9.693115e+003,-2.168612e-002
9.693598e+003,-3.689367e-002
9.694080e+003,-5.316737e-002
9.694563e+003,-6.807920e-002
9.695044e+003,-7.910795e-002
9.695525e+003,-8.446665e-002
9.696008e+003,-8.365215e-002
9.696490e+003,-7.753403e-002
9.696973e+003,-6.797767e-002
9.697455e+003,-5.715839e-002
9.697937e+003,-4.682235e-002
9.698419e+003,-3.775612e-002
9.698900e+003,-2.964867e-002
9.699383e+003,-2.139522e-002
9.699865e+003,-1.173840e-002
9.700348e+003,-1.965713e-005
9.700830e+003,1.324728e-002
9.701312e+003,2.623259e-002
9.701794e+003,3.619949e-002
9.702275e+003,4.038766e-002
9.702758e+003,3.709137e-002
9.703240e+003,2.652754e-002
9.703723e+003,1.111367e-002
9.704204e+003,-5.039352e-003
9.704687e+003,-1.732266e-002
9.705168e+003,-2.213873e-002
9.705650e+003,-1.819503e-002
9.706133e+003,-7.099648e-003
9.706615e+003,6.991800e-003
9.707098e+003,1.859639e-002
9.707579e+003,2.259923e-002
9.708062e+003,1.586102e-002
9.708543e+003,-1.792250e-003
9.709025e+003,-2.750097e-002
9.709508e+003,-5.619886e-002
9.709990e+003,-8.200696e-002
9.710473e+003,-9.971514e-002
9.710954e+003,-1.059061e-001
9.711436e+003,-9.946331e-002
9.711918e+003,-8.144077e-002
9.712400e+003,-5.446543e-002
9.712883e+003,-2.194360e-002
9.713365e+003,1.266408e-002
9.713847e+003,4.631869e-002
9.714329e+003,7.657278e-002
9.714811e+003,1.014985e-001
9.715293e+003,1.195216e-001
9.715775e+003,1.293332e-001
9.716258e+003,1.300078e-001
9.716740e+003,1.213488e-001
9.717222e+003,1.043480e-001
9.717703e+003,8.152928e-002
9.718186e+003,5.690926e-002
9.718668e+003,3.538921e-002
9.719150e+003,2.159242e-002
9.719633e+003,1.841970e-002
9.720114e+003,2.580889e-002
9.720597e+003,4.021186e-002
9.721078e+003,5.516682e-002
9.721561e+003,6.294234e-002
9.722043e+003,5.680641e-002
9.722525e+003,3.317914e-002
9.723008e+003,-7.096983e-003
9.723489e+003,-5.884876e-002
9.723972e+003,-1.140114e-001
9.724453e+003,-1.639015e-001
9.724936e+003,-2.015094e-001
9.725418e+003,-2.230246e-001
9.725900e+003,-2.281525e-001
9.726382e+003,-2.192947e-001
9.726864e+003,-2.001044e-001
9.727346e+003,-1.741067e-001
9.727828e+003,-1.439181e-001
9.728311e+003,-1.112215e-001
9.728793e+003,-7.725240e-002
9.729275e+003,-4.334524e-002
9.729757e+003,-1.114259e-002
9.730239e+003,1.764719e-002
9.730721e+003,4.173941e-002
9.731203e+003,6.062764e-002
9.731686e+003,7.449834e-002
9.732168e+003,8.368165e-002
9.732650e+003,8.793912e-002
9.733132e+003,8.605149e-002
9.733613e+003,7.607246e-002
9.734096e+003,5.627928e-002
9.734578e+003,2.645667e-002
9.735061e+003,-1.109772e-002
9.735543e+003,-5.140957e-002
9.736024e+003,-8.772390e-002
9.736507e+003,-1.131991e-001
9.736988e+003,-1.227645e-001
9.737471e+003,-1.144249e-001
9.737953e+003,-8.954189e-002
9.738436e+003,-5.206900e-002
9.738918e+003,-7.153199e-003
9.739399e+003,4.026942e-002
9.739881e+003,8.633968e-002
9.740363e+003,1.283913e-001
9.740846e+003,1.645035e-001
9.741328e+003,1.929346e-001
9.741811e+003,2.118801e-001
9.742292e+003,2.197559e-001
9.742774e+003,2.158701e-001
9.743256e+003,2.010941e-001
9.743738e+003,1.781066e-001
9.744221e+003,1.509807e-001
9.744703e+003,1.241993e-001
9.745186e+003,1.014578e-001
9.745667e+003,8.471185e-002
9.746149e+003,7.381380e-002
9.746631e+003,6.683356e-002
9.747113e+003,6.090106e-002
9.747596e+003,5.324539e-002
9.748078e+003,4.208733e-002
9.748560e+003,2.714577e-002
9.749042e+003,9.669336e-003
9.749523e+003,-7.956177e-003
9.750006e+003,-2.289300e-002
9.750488e+003,-3.266497e-002
9.750971e+003,-3.593080e-002
9.751453e+003,-3.299624e-002
9.751935e+003,-2.594981e-002
9.752417e+003,-1.828836e-002
9.752898e+003,-1.406278e-002
9.753381e+003,-1.674012e-002
9.753863e+003,-2.812293e-002
9.754346e+003,-4.770139e-002
9.754828e+003,-7.269745e-002
9.755310e+003,-9.881587e-002
9.755791e+003,-1.214453e-001
9.756273e+003,-1.368748e-001
9.756756e+003,-1.431012e-001
9.757238e+003,-1.400000e-001
9.757721e+003,-1.289146e-001
9.758202e+003,-1.119535e-001
9.758685e+003,-9.134299e-002
9.759166e+003,-6.906746e-002
9.759648e+003,-4.681008e-002
9.760131e+003,-2.602641e-002
9.760613e+003,-7.940764e-003
9.761096e+003,6.628219e-003
9.761577e+003,1.751480e-002
9.762059e+003,2.529702e-002
9.762541e+003,3.103072e-002
9.763023e+003,3.562356e-002
9.763506e+003,3.910439e-002
9.763988e+003,4.019816e-002
9.764470e+003,3.655344e-002
9.764952e+003,2.567746e-002
9.765434e+003,6.249303e-003
9.765916e+003,-2.078932e-002
9.766398e+003,-5.195672e-002
9.766881e+003,-8.203455e-002
9.767363e+003,-1.057170e-001
9.767845e+003,-1.194327e-001
9.768327e+003,-1.225278e-001
9.768809e+003,-1.172609e-001
9.769291e+003,-1.076090e-001
9.769773e+003,-9.745778e-002
9.770256e+003,-8.904728e-002
9.770737e+003,-8.240940e-002
9.771220e+003,-7.602894e-002
9.771701e+003,-6.833567e-002
9.772184e+003,-5.919867e-002
9.772666e+003,-5.057979e-002
9.773148e+003,-4.592311e-002
9.773631e+003,-4.851946e-002
9.774112e+003,-5.964394e-002
9.774595e+003,-7.742640e-002
9.775076e+003,-9.708698e-002
9.775559e+003,-1.125127e-001
9.776041e+003,-1.184973e-001
9.776523e+003,-1.126317e-001
9.777006e+003,-9.598866e-002
9.777487e+003,-7.231969e-002
9.777969e+003,-4.618872e-002
9.778451e+003,-2.096492e-002
9.778934e+003,2.369259e-003
9.779416e+003,2.506590e-002
9.779898e+003,4.925695e-002
9.780380e+003,7.611585e-002
9.780862e+003,1.044748e-001
9.781344e+003,1.306025e-001
9.781826e+003,1.493092e-001
9.782309e+003,1.557554e-001
9.782791e+003,1.474405e-001
9.783273e+003,1.251877e-001
9.783755e+003,9.289680e-002
9.784236e+003,5.618781e-002
9.784719e+003,2.056204e-002
9.785201e+003,-1.013238e-002
9.785684e+003,-3.434763e-002
9.786166e+003,-5.245953e-002
9.786647e+003,-6.570342e-002
9.787130e+003,-7.503144e-002
9.787611e+003,-8.046514e-002
9.788094e+003,-8.121909e-002
9.788576e+003,-7.647198e-002
9.789059e+003,-6.634645e-002
9.789541e+003,-5.256335e-002
9.790022e+003,-3.838869e-002
9.790504e+003,-2.781679e-002
9.790986e+003,-2.428269e-002
9.791469e+003,-2.941597e-002
9.791951e+003,-4.235085e-002
9.792434e+003,-5.989502e-002
9.792915e+003,-7.753054e-002
9.793397e+003,-9.089446e-002
9.793879e+003,-9.719649e-002
9.794361e+003,-9.604614e-002
9.794844e+003,-8.938351e-002
9.795326e+003,-8.055075e-002
9.795809e+003,-7.287391e-002
9.796290e+003,-6.831715e-002
9.796772e+003,-6.674357e-002
9.797254e+003,-6.607815e-002
9.797736e+003,-6.330217e-002
9.798219e+003,-5.585874e-002
9.798701e+003,-4.287012e-002
9.799184e+003,-2.564099e-002
9.799665e+003,-7.221824e-003
9.800146e+003,8.789894e-003
9.800629e+003,1.970328e-002
9.801111e+003,2.481531e-002
9.801594e+003,2.564600e-002
9.802076e+003,2.522486e-002
9.802558e+003,2.675528e-002
9.803040e+003,3.226778e-002
9.803521e+003,4.187310e-002
9.804004e+003,5.393989e-002
9.804486e+003,6.609116e-002
9.804969e+003,7.653320e-002
9.805451e+003,8.507286e-002
9.805933e+003,9.331317e-002
9.806414e+003,1.038927e-001
9.806896e+003,1.190847e-001
9.807379e+003,1.393892e-001
9.807861e+003,1.627759e-001
9.808344e+003,1.849697e-001
9.808825e+003,2.007187e-001
9.809308e+003,2.055755e-001
9.809789e+003,1.974995e-001
9.810271e+003,1.776513e-001
9.810754e+003,1.500655e-001
9.811236e+003,1.203193e-001
9.811719e+003,9.370306e-002
9.812200e+003,7.356874e-002
9.812682e+003,6.035833e-002
9.813164e+003,5.201490e-002
9.813646e+003,4.488678e-002
9.814129e+003,3.538454e-002
9.814611e+003,2.148611e-002
9.815093e+003,3.625296e-003
9.815575e+003,-1.531645e-002
9.816057e+003,-3.087955e-002
9.816539e+003,-3.843930e-002
9.817021e+003,-3.468569e-002
9.817504e+003,-1.869437e-002
9.817986e+003,7.734020e-003
9.818468e+003,4.053835e-002
9.818950e+003,7.447632e-002
9.819432e+003,1.044491e-001
9.819914e+003,1.266579e-001
9.820396e+003,1.392833e-001
9.820879e+003,1.425630e-001
9.821361e+003,1.383516e-001
9.821843e+003,1.293793e-001
9.822324e+003,1.184689e-001
9.822807e+003,1.079126e-001
9.823289e+003,9.910394e-002
9.823771e+003,9.241723e-002
9.824254e+003,8.727182e-002
9.824735e+003,8.231770e-002
9.825218e+003,7.570880e-002
9.825699e+003,6.544688e-002
9.826182e+003,4.976726e-002
9.826664e+003,2.749986e-002
9.827146e+003,-1.685171e-003
9.827629e+003,-3.721645e-002
9.828110e+003,-7.774141e-002
9.828592e+003,-1.213355e-001
9.829074e+003,-1.656629e-001
9.829557e+003,-2.079914e-001
9.830039e+003,-2.450896e-001
9.830521e+003,-2.731785e-001
9.831003e+003,-2.881838e-001
9.831485e+003,-2.864589e-001
9.831967e+003,-2.659238e-001
9.832449e+003,-2.272803e-001
9.832932e+003,-1.747605e-001
9.833414e+003,-1.158878e-001
9.833896e+003,-6.003229e-002
9.834378e+003,-1.602369e-002
9.834859e+003,1.044472e-002
9.835342e+003,1.867446e-002
9.835824e+003,1.330852e-002
9.836307e+003,2.919662e-003
9.836789e+003,-2.737273e-003
9.837271e+003,4.140139e-003
9.837753e+003,2.699405e-002
9.838234e+003,6.405394e-002
9.838717e+003,1.092622e-001
9.839199e+003,1.545191e-001
9.839682e+003,1.923307e-001
9.840164e+003,2.178918e-001
9.840646e+003,2.299778e-001
9.841128e+003,2.305800e-001
9.841609e+003,2.236961e-001
9.842092e+003,2.139036e-001
9.842574e+003,2.052342e-001
9.843057e+003,2.005549e-001
9.843539e+003,2.013551e-001
9.844021e+003,2.077461e-001
9.844502e+003,2.183500e-001
9.844984e+003,2.303468e-001
9.845467e+003,2.397635e-001
9.845949e+003,2.422255e-001
9.846432e+003,2.341396e-001
9.846913e+003,2.139806e-001
9.847396e+003,1.831586e-001
9.847877e+003,1.459998e-001
9.848359e+003,1.086923e-001
9.848842e+003,7.749127e-002
9.849324e+003,5.682971e-002
9.849807e+003,4.805686e-002
9.850288e+003,4.928355e-002
9.850770e+003,5.634177e-002
9.851252e+003,6.440389e-002
9.851734e+003,6.956271e-002
9.852217e+003,6.976759e-002
9.852699e+003,6.487367e-002
9.853181e+003,5.599064e-002
9.853663e+003,4.459110e-002
9.854145e+003,3.184092e-002
9.854627e+003,1.837595e-002
9.855109e+003,4.438659e-003
9.855592e+003,-9.913202e-003
9.856074e+003,-2.479089e-002
9.856556e+003,-4.070060e-002
9.857037e+003,-5.879904e-002
9.857520e+003,-8.084597e-002
9.858002e+003,-1.086347e-001
9.858484e+003,-1.429843e-001
9.858967e+003,-1.826991e-001
9.859448e+003,-2.240541e-001
9.859931e+003,-2.612273e-001
9.860412e+003,-2.876979e-001
9.860895e+003,-2.981569e-001
9.861377e+003,-2.901734e-001
9.861859e+003,-2.649202e-001
9.862342e+003,-2.266538e-001
9.862823e+003,-1.811955e-001
9.863306e+003,-1.340875e-001
9.863787e+003,-8.920249e-002
9.864270e+003,-4.833727e-002
9.864752e+003,-1.183204e-002
9.865234e+003,2.023030e-002
9.865717e+003,4.693886e-002
9.866198e+003,6.617852e-002
9.866680e+003,7.517114e-002
9.867162e+003,7.167646e-002
9.867645e+003,5.527614e-002
9.868127e+003,2.813179e-002
9.868609e+003,-5.142293e-003
9.869091e+003,-3.845125e-002
9.869573e+003,-6.564202e-002
9.870055e+003,-8.182984e-002
9.870537e+003,-8.419169e-002
9.871020e+003,-7.206666e-002
9.871502e+003,-4.650952e-002
9.871984e+003,-9.615843e-003
9.872466e+003,3.606204e-002
9.872947e+003,8.783568e-002
9.873430e+003,1.429426e-001
9.873912e+003,1.984818e-001
9.874395e+003,2.513531e-001
9.874877e+003,2.983617e-001
9.875358e+003,3.364308e-001
9.875841e+003,3.628346e-001
9.876322e+003,3.754678e-001
9.876805e+003,3.731086e-001
9.877287e+003,3.556612e-001
9.877770e+003,3.243488e-001
9.878252e+003,2.817894e-001
9.878733e+003,2.318588e-001
9.879215e+003,1.792819e-001
9.879697e+003,1.289757e-001
9.880180e+003,8.527992e-002
9.880662e+003,5.128556e-002
9.881145e+003,2.846161e-002
9.881626e+003,1.667993e-002
9.882108e+003,1.458739e-002
9.882590e+003,2.014641e-002
9.883072e+003,3.111999e-002
9.883555e+003,4.533711e-002
9.884037e+003,6.070711e-002
9.884520e+003,7.508963e-002
9.885001e+003,8.619996e-002
9.885483e+003,9.170790e-002
9.885965e+003,8.958150e-002
9.886447e+003,7.860009e-002
9.886930e+003,5.886112e-002
9.887412e+003,3.207909e-002
9.887894e+003,1.519401e-003
9.888376e+003,-2.849704e-002
9.888857e+003,-5.346489e-002
9.889340e+003,-6.977777e-002
9.889822e+003,-7.576983e-002
9.890305e+003,-7.241979e-002
9.890787e+003,-6.344243e-002
9.891269e+003,-5.460398e-002
9.891751e+003,-5.228744e-002
9.892232e+003,-6.157665e-002
9.892715e+003,-8.435365e-002
9.893197e+003,-1.180257e-001
9.893680e+003,-1.554361e-001
9.894162e+003,-1.862248e-001
9.894644e+003,-1.994432e-001
9.895125e+003,-1.867406e-001
9.895607e+003,-1.451375e-001
9.896090e+003,-7.844641e-002
9.896572e+003,3.193546e-003
9.897055e+003,8.558984e-002
9.897536e+003,1.539165e-001
9.898019e+003,1.962828e-001
9.898500e+003,2.064561e-001
9.898982e+003,1.850527e-001
9.899465e+003,1.390002e-001
9.899947e+003,7.955997e-002
9.900430e+003,1.953449e-002
9.900911e+003,-2.960942e-002
9.901393e+003,-6.007026e-002
9.901875e+003,-6.907516e-002
9.902357e+003,-5.909270e-002
9.902840e+003,-3.692418e-002
9.903322e+003,-1.189147e-002
9.903804e+003,6.487862e-003
9.904286e+003,1.081504e-002
9.904768e+003,-2.452363e-003
9.905250e+003,-3.233023e-002
9.905732e+003,-7.379634e-002
9.906215e+003,-1.195310e-001
9.906697e+003,-1.621197e-001
9.907179e+003,-1.960910e-001
9.907661e+003,-2.190494e-001
9.908143e+003,-2.315438e-001
9.908625e+003,-2.358429e-001
9.909107e+003,-2.342566e-001
9.909590e+003,-2.278183e-001
9.910071e+003,-2.159431e-001
9.910554e+003,-1.971787e-001
9.911035e+003,-1.706243e-001
9.911518e+003,-1.372396e-001
9.912000e+003,-1.003112e-001
9.912482e+003,-6.474981e-002
9.912965e+003,-3.548247e-002
9.913446e+003,-1.566555e-002
9.913929e+003,-5.554920e-003
9.914410e+003,-2.570526e-003
9.914893e+003,-2.535207e-003
9.915375e+003,-1.524756e-003
9.915857e+003,2.506440e-003
9.916340e+003,9.030832e-003
9.916821e+003,1.543821e-002
9.917303e+003,1.841329e-002
9.917785e+003,1.552156e-002
9.918268e+003,6.283064e-003
9.918750e+003,-7.690999e-003
9.919232e+003,-2.345193e-002
9.919714e+003,-3.790287e-002
9.920196e+003,-4.881878e-002
9.920678e+003,-5.525643e-002
9.921160e+003,-5.727633e-002
9.921643e+003,-5.525797e-002
9.922125e+003,-4.925879e-002
9.922607e+003,-3.878557e-002
9.923089e+003,-2.308481e-002
9.923570e+003,-1.763257e-003
9.924053e+003,2.461905e-002
9.924535e+003,5.431164e-002
9.925018e+003,8.462305e-002
9.925500e+003,1.125419e-001
9.925981e+003,1.354523e-001
9.926464e+003,1.516553e-001
9.926945e+003,1.605397e-001
9.927428e+003,1.624189e-001
9.927910e+003,1.581916e-001
9.928393e+003,1.490113e-001
9.928875e+003,1.360868e-001
9.929356e+003,1.206246e-001
9.929839e+003,1.038385e-001
9.930320e+003,8.693427e-002
9.930803e+003,7.102265e-002
9.931285e+003,5.697501e-002
9.931768e+003,4.528094e-002
9.932249e+003,3.596112e-002
9.932731e+003,2.855647e-002
9.933213e+003,2.218174e-002
9.933695e+003,1.562987e-002
9.934178e+003,7.534177e-003
9.934660e+003,-3.388289e-003
9.935143e+003,-1.800739e-002
9.935624e+003,-3.642094e-002
9.936106e+003,-5.768745e-002
9.936588e+003,-7.981847e-002
9.937070e+003,-1.001119e-001
9.937553e+003,-1.158189e-001
9.938035e+003,-1.249555e-001
9.938518e+003,-1.269777e-001
9.938999e+003,-1.230409e-001
9.939480e+003,-1.156982e-001
9.939963e+003,-1.081083e-001
9.940445e+003,-1.030243e-001
9.940928e+003,-1.019301e-001
9.941410e+003,-1.046280e-001
9.941892e+003,-1.093982e-001
9.942374e+003,-1.136248e-001
9.942855e+003,-1.146247e-001
9.943338e+003,-1.103781e-001
9.943820e+003,-9.995192e-002
9.944303e+003,-8.356667e-002
9.944785e+003,-6.240430e-002
9.945267e+003,-3.832423e-002
9.945748e+003,-1.361813e-002
9.946230e+003,9.157592e-003
9.946713e+003,2.732699e-002
9.947195e+003,3.830823e-002
9.947678e+003,3.995077e-002
9.948159e+003,3.097071e-002
9.948642e+003,1.138232e-002
9.949123e+003,-1.721046e-002
9.949605e+003,-5.158020e-002
9.950088e+003,-8.715981e-002
9.950570e+003,-1.186334e-001
9.951053e+003,-1.407570e-001
9.951534e+003,-1.492767e-001
9.952017e+003,-1.417729e-001
9.952498e+003,-1.182446e-001
9.952980e+003,-8.127477e-002
9.953463e+003,-3.568654e-002
9.953945e+003,1.227940e-002
9.954427e+003,5.610519e-002
9.954909e+003,9.019037e-002
9.955391e+003,1.108105e-001
9.955873e+003,1.166266e-001
9.956355e+003,1.086840e-001
9.956838e+003,9.000423e-002
9.957320e+003,6.497081e-002
9.957802e+003,3.869621e-002
9.958284e+003,1.644708e-002
9.958766e+003,3.077818e-003
9.959248e+003,2.368615e-003
9.959730e+003,1.623699e-002
9.960213e+003,4.396863e-002
9.960695e+003,8.178966e-002
9.961177e+003,1.231530e-001
9.961658e+003,1.599473e-001
9.962141e+003,1.844815e-001
9.962623e+003,1.917001e-001
9.963105e+003,1.808397e-001
9.963588e+003,1.558374e-001
9.964069e+003,1.242139e-001
9.964552e+003,9.475686e-002
9.965033e+003,7.481802e-002
9.965516e+003,6.821696e-002
9.965998e+003,7.450841e-002
9.966480e+003,8.981731e-002
9.966963e+003,1.087760e-001
9.967444e+003,1.267645e-001
9.967926e+003,1.413272e-001
9.968408e+003,1.523815e-001
9.968891e+003,1.612296e-001
9.969373e+003,1.690187e-001
9.969855e+003,1.754938e-001
9.970337e+003,1.786840e-001
9.970819e+003,1.756715e-001
9.971301e+003,1.640538e-001
9.971783e+003,1.433905e-001
9.972266e+003,1.159481e-001
9.972748e+003,8.639620e-002
9.973230e+003,6.057817e-002
9.973712e+003,4.385554e-002
9.974194e+003,3.964266e-002
9.974676e+003,4.859522e-002
9.975158e+003,6.860689e-002
9.975641e+003,9.547208e-002
9.976123e+003,1.239147e-001
9.976604e+003,1.486869e-001
9.977087e+003,1.655389e-001
9.977568e+003,1.719522e-001
9.978051e+003,1.675529e-001
9.978533e+003,1.541063e-001
9.979016e+003,1.350114e-001
9.979498e+003,1.143181e-001
9.979979e+003,9.549328e-002
9.980462e+003,8.033421e-002
9.980943e+003,6.847788e-002
9.981426e+003,5.777385e-002
9.981908e+003,4.544161e-002
9.982391e+003,2.955955e-002
9.982873e+003,1.023056e-002
9.983354e+003,-1.013106e-002
9.983836e+003,-2.756687e-002
9.984318e+003,-3.807176e-002
9.984801e+003,-3.912950e-002
9.985283e+003,-3.055596e-002
9.985766e+003,-1.425839e-002
9.986247e+003,6.922586e-003
9.986729e+003,3.063374e-002
9.987211e+003,5.588988e-002
9.987693e+003,8.290407e-002
9.988176e+003,1.119402e-001
9.988658e+003,1.418336e-001
9.989141e+003,1.690780e-001
9.989622e+003,1.881565e-001
9.990104e+003,1.931965e-001
9.990586e+003,1.803372e-001
9.991068e+003,1.497630e-001
9.991551e+003,1.064251e-001
9.992033e+003,5.900661e-002
9.992515e+003,1.745673e-002
9.992997e+003,-9.961269e-003
9.993479e+003,-1.896994e-002
9.993961e+003,-1.010244e-002
9.994443e+003,1.211240e-002
9.994926e+003,4.109164e-002
9.995408e+003,7.037136e-002
9.995890e+003,9.517292e-002
9.996371e+003,1.129420e-001
9.996854e+003,1.229631e-001
9.997336e+003,1.255194e-001
9.997818e+003,1.211510e-001
9.998301e+003,1.102477e-001
9.998782e+003,9.312255e-002
9.999265e+003,7.027003e-002
9.999746e+003,4.256993e-002
1.000023e+004,1.133318e-002
1.000071e+004,-2.174142e-002
1.000119e+004,-5.456444e-002
1.000168e+004,-8.455700e-002
1.000216e+004,-1.085808e-001
1.000264e+004,-1.231383e-001
1.000312e+004,-1.250243e-001
1.000360e+004,-1.123647e-001
1.000409e+004,-8.567018e-002
1.000457e+004,-4.836034e-002
1.000505e+004,-6.320924e-003
1.000553e+004,3.355214e-002
1.000601e+004,6.536578e-002
1.000650e+004,8.599561e-002
1.000698e+004,9.581991e-002
1.000746e+004,9.805545e-002
1.000794e+004,9.696434e-002
1.000842e+004,9.574553e-002
1.000891e+004,9.510081e-002
1.000939e+004,9.316742e-002
1.000987e+004,8.685607e-002
1.001035e+004,7.393833e-002
1.001084e+004,5.482967e-002
1.001132e+004,3.313519e-002
1.001180e+004,1.460813e-002
1.001228e+004,4.933536e-003
1.001276e+004,7.319960e-003
1.001325e+004,2.098547e-002
1.001373e+004,4.122617e-002
1.001421e+004,6.104982e-002
1.001469e+004,7.367889e-002
1.001517e+004,7.488633e-002
1.001566e+004,6.425606e-002
1.001614e+004,4.497139e-002
1.001662e+004,2.236232e-002
1.001710e+004,1.900135e-003
1.001759e+004,-1.256264e-002
1.001807e+004,-1.974656e-002
1.001855e+004,-2.095046e-002
1.001903e+004,-1.934073e-002
1.001951e+004,-1.892766e-002
1.002000e+004,-2.357643e-002
1.002048e+004,-3.621905e-002
1.002096e+004,-5.827548e-002
1.002144e+004,-8.924916e-002
1.002192e+004,-1.265292e-001
1.002241e+004,-1.655225e-001
1.002289e+004,-2.002451e-001
1.002337e+004,-2.243862e-001
1.002385e+004,-2.326645e-001
1.002433e+004,-2.221194e-001
1.002482e+004,-1.929304e-001
1.002530e+004,-1.484802e-001
1.002578e+004,-9.462237e-002
1.002626e+004,-3.839040e-002
1.002675e+004,1.344619e-002
1.002723e+004,5.558042e-002
1.002771e+004,8.488274e-002
1.002819e+004,1.006074e-001
1.002867e+004,1.042026e-001
1.002916e+004,9.888810e-002
1.002964e+004,8.905521e-002
1.003012e+004,7.947857e-002
1.003060e+004,7.435237e-002
1.003108e+004,7.627096e-002
1.003157e+004,8.543244e-002
1.003205e+004,9.941562e-002
1.003253e+004,1.137824e-001
1.003301e+004,1.234753e-001
1.003350e+004,1.246237e-001
1.003398e+004,1.161152e-001
1.003446e+004,1.002819e-001
1.003494e+004,8.233885e-002
1.003542e+004,6.868447e-002
1.003591e+004,6.464471e-002
1.003639e+004,7.249954e-002
1.003687e+004,9.055851e-002
1.003735e+004,1.136649e-001
1.003783e+004,1.349548e-001
1.003832e+004,1.482106e-001
1.003880e+004,1.499290e-001
1.003928e+004,1.403588e-001
1.003976e+004,1.231791e-001
1.004025e+004,1.039959e-001
1.004073e+004,8.825186e-002
1.004121e+004,7.930490e-002
1.004169e+004,7.733019e-002
1.004217e+004,7.936807e-002
1.004266e+004,8.043385e-002
1.004314e+004,7.526130e-002
1.004362e+004,6.008762e-002
1.004410e+004,3.392193e-002
1.004458e+004,-1.063961e-003
1.004507e+004,-4.011083e-002
1.004555e+004,-7.722018e-002
1.004603e+004,-1.068617e-001
1.004651e+004,-1.255159e-001
1.004700e+004,-1.325756e-001
1.004748e+004,-1.303234e-001
1.004796e+004,-1.230041e-001
1.004844e+004,-1.153112e-001
1.004892e+004,-1.108012e-001
1.004941e+004,-1.107647e-001
1.004989e+004,-1.139089e-001
1.005037e+004,-1.169114e-001
1.005085e+004,-1.155938e-001
1.005133e+004,-1.062753e-001
1.005182e+004,-8.683991e-002
1.005230e+004,-5.721010e-002
1.005278e+004,-1.917265e-002
1.005326e+004,2.425901e-002
1.005374e+004,6.962787e-002
1.005423e+004,1.136695e-001
1.005471e+004,1.536533e-001
1.005519e+004,1.874602e-001
1.005567e+004,2.135435e-001
1.005616e+004,2.309206e-001
1.005664e+004,2.392493e-001
1.005712e+004,2.389223e-001
1.005760e+004,2.310511e-001
1.005808e+004,2.172482e-001
1.005857e+004,1.992364e-001
1.005905e+004,1.784284e-001
1.005953e+004,1.557079e-001
1.006001e+004,1.313847e-001
1.006049e+004,1.056805e-001
1.006098e+004,7.917597e-002
1.006146e+004,5.318183e-002
1.006194e+004,2.978003e-002
1.006242e+004,1.147391e-002
1.006290e+004,5.717691e-004
1.006339e+004,-1.441276e-003
1.006387e+004,5.713357e-003
1.006435e+004,2.110528e-002
1.006483e+004,4.292716e-002
1.006532e+004,6.897089e-002
1.006580e+004,9.701072e-002
1.006628e+004,1.249363e-001
1.006676e+004,1.506318e-001
1.006724e+004,1.717541e-001
1.006773e+004,1.856379e-001
1.006821e+004,1.895111e-001
1.006869e+004,1.810569e-001
1.006917e+004,1.591756e-001
1.006965e+004,1.246704e-001
1.007014e+004,8.056808e-002
1.007062e+004,3.189029e-002
1.007110e+004,-1.512725e-002
1.007158e+004,-5.418644e-002
1.007207e+004,-8.015113e-002
1.007255e+004,-9.002224e-002
1.007303e+004,-8.341679e-002
1.007351e+004,-6.244951e-002
1.007399e+004,-3.108677e-002
1.007448e+004,5.814428e-003
1.007496e+004,4.349768e-002
1.007544e+004,7.806677e-002
1.007592e+004,1.068518e-001
1.007640e+004,1.283630e-001
1.007689e+004,1.419459e-001
1.007737e+004,1.473359e-001
1.007785e+004,1.443254e-001
1.007833e+004,1.326915e-001
1.007881e+004,1.124181e-001
1.007930e+004,8.411515e-002
1.007978e+004,4.943989e-002
1.008026e+004,1.130179e-002
1.008074e+004,-2.630979e-002
1.008123e+004,-5.891246e-002
1.008171e+004,-8.241877e-002
1.008219e+004,-9.409266e-002
1.008267e+004,-9.329240e-002
1.008315e+004,-8.176266e-002
1.008364e+004,-6.336143e-002
1.008412e+004,-4.326827e-002
1.008460e+004,-2.687099e-002
1.008508e+004,-1.861607e-002
1.008556e+004,-2.111406e-002
1.008605e+004,-3.471090e-002
1.008653e+004,-5.760040e-002
1.008701e+004,-8.640209e-002
1.008749e+004,-1.170123e-001
1.008798e+004,-1.454798e-001
1.008846e+004,-1.686822e-001
1.008894e+004,-1.846677e-001
1.008942e+004,-1.926534e-001
1.008990e+004,-1.927929e-001
1.009039e+004,-1.858368e-001
1.009087e+004,-1.731146e-001
1.009135e+004,-1.563047e-001
1.009183e+004,-1.375601e-001
1.009231e+004,-1.194931e-001
1.009280e+004,-1.049344e-001
1.009328e+004,-9.640664e-002
1.009376e+004,-9.542033e-002
1.009424e+004,-1.018400e-001
1.009472e+004,-1.136160e-001
1.009521e+004,-1.270809e-001
1.009569e+004,-1.378015e-001
1.009617e+004,-1.417492e-001
1.009665e+004,-1.363994e-001
1.009714e+004,-1.213748e-001
1.009762e+004,-9.840725e-002
1.009810e+004,-7.065085e-002
1.009858e+004,-4.161778e-002
1.009906e+004,-1.413963e-002
1.009955e+004,1.028058e-002
1.010003e+004,3.154316e-002
1.010051e+004,5.050905e-002
1.010099e+004,6.828932e-002
1.010147e+004,8.558396e-002
1.010196e+004,1.023139e-001
1.010244e+004,1.176255e-001
1.010292e+004,1.301849e-001
1.010340e+004,1.385905e-001
1.010389e+004,1.417477e-001
1.010437e+004,1.391253e-001
1.010485e+004,1.308993e-001
1.010533e+004,1.180214e-001
1.010581e+004,1.022273e-001
1.010630e+004,8.594201e-002
1.010678e+004,7.201392e-002
1.010726e+004,6.323209e-002
1.010774e+004,6.168079e-002
1.010822e+004,6.809326e-002
1.010871e+004,8.143832e-002
1.010919e+004,9.894896e-002
1.010967e+004,1.166725e-001
1.011015e+004,1.304349e-001
1.011063e+004,1.369436e-001
1.011112e+004,1.346846e-001
1.011160e+004,1.243363e-001
1.011208e+004,1.085849e-001
1.011256e+004,9.142116e-002
1.011305e+004,7.714012e-002
1.011353e+004,6.932087e-002
1.011401e+004,7.002776e-002
1.011449e+004,7.937938e-002
1.011497e+004,9.552912e-002
1.011546e+004,1.150125e-001
1.011594e+004,1.333678e-001
1.011642e+004,1.459122e-001
1.011690e+004,1.485562e-001
1.011738e+004,1.385328e-001
1.011787e+004,1.149394e-001
1.011835e+004,7.900106e-002
1.011883e+004,3.400829e-002
1.011931e+004,-1.507972e-002
1.011980e+004,-6.232572e-002
1.012028e+004,-1.017213e-001
1.012076e+004,-1.281986e-001
1.012124e+004,-1.386364e-001
1.012172e+004,-1.325117e-001
1.012221e+004,-1.123433e-001
1.012269e+004,-8.342797e-002
1.012317e+004,-5.294115e-002
1.012365e+004,-2.844093e-002
1.012413e+004,-1.605414e-002
1.012462e+004,-1.881572e-002
1.012510e+004,-3.569832e-002
1.012558e+004,-6.174542e-002
1.012606e+004,-8.940089e-002
1.012654e+004,-1.107081e-001
1.012703e+004,-1.196956e-001
1.012751e+004,-1.141427e-001
1.012799e+004,-9.610569e-002
1.012847e+004,-7.102320e-002
1.012896e+004,-4.575175e-002
1.012944e+004,-2.626193e-002
1.012992e+004,-1.582046e-002
1.013040e+004,-1.424548e-002
1.013088e+004,-1.837429e-002
1.013137e+004,-2.341884e-002
1.013185e+004,-2.459994e-002
1.013233e+004,-1.845386e-002
1.013281e+004,-3.461825e-003
1.013329e+004,1.998622e-002
1.013378e+004,5.000819e-002
1.013426e+004,8.368737e-002
1.013474e+004,1.173848e-001
1.013522e+004,1.469606e-001
1.013571e+004,1.681145e-001
1.013619e+004,1.770280e-001
1.013667e+004,1.712937e-001
1.013715e+004,1.508598e-001
1.013763e+004,1.185829e-001
1.013812e+004,8.004267e-002
1.013860e+004,4.253917e-002
1.013908e+004,1.352864e-002
1.013956e+004,-1.021348e-003
1.014004e+004,2.138481e-003
1.014053e+004,2.302047e-002
1.014101e+004,5.859804e-002
1.014149e+004,1.035011e-001
1.014197e+004,1.509311e-001
1.014246e+004,1.936173e-001
1.014294e+004,2.247892e-001
1.014342e+004,2.392054e-001
1.014390e+004,2.341984e-001
1.014438e+004,2.105074e-001
1.014487e+004,1.725194e-001
1.014535e+004,1.275765e-001
1.014583e+004,8.428250e-002
1.014631e+004,5.017161e-002
1.014679e+004,2.948799e-002
1.014728e+004,2.193823e-002
1.014776e+004,2.301436e-002
1.014824e+004,2.588157e-002
1.014872e+004,2.414352e-002
1.014921e+004,1.436180e-002
1.014969e+004,-2.733240e-003
1.015017e+004,-2.284252e-002
1.015065e+004,-4.020774e-002
1.015113e+004,-5.026668e-002
1.015162e+004,-5.167760e-002
1.015210e+004,-4.677553e-002
1.015258e+004,-4.064679e-002
1.015306e+004,-3.869997e-002
1.015354e+004,-4.434959e-002
1.015403e+004,-5.759994e-002
1.015451e+004,-7.510109e-002
1.015499e+004,-9.152342e-002
1.015547e+004,-1.015372e-001
1.015596e+004,-1.015175e-001
1.015644e+004,-9.035508e-002
1.015692e+004,-6.925469e-002
1.015740e+004,-4.085683e-002
1.015788e+004,-8.217666e-003
1.015837e+004,2.591541e-002
1.015885e+004,5.938192e-002
1.015933e+004,9.056485e-002
1.015981e+004,1.182695e-001
1.016029e+004,1.416917e-001
1.016078e+004,1.604622e-001
1.016126e+004,1.746223e-001
1.016174e+004,1.844020e-001
1.016222e+004,1.898300e-001
1.016271e+004,1.903949e-001
1.016319e+004,1.850405e-001
1.016367e+004,1.726506e-001
1.016415e+004,1.528971e-001
1.016463e+004,1.270556e-001
1.016512e+004,9.831192e-002
1.016560e+004,7.126238e-002
1.016608e+004,5.069048e-002
1.016656e+004,4.007658e-002
1.016704e+004,4.046912e-002
1.016753e+004,5.020290e-002
1.016801e+004,6.555887e-002
1.016849e+004,8.202292e-002
1.016897e+004,9.555324e-002
1.016946e+004,1.033309e-001
1.016994e+004,1.038069e-001
1.017042e+004,9.626617e-002
1.017090e+004,8.038069e-002
1.017138e+004,5.616634e-002
1.017187e+004,2.443360e-002
1.017235e+004,-1.257835e-002
1.017283e+004,-5.091311e-002
1.017331e+004,-8.537514e-002
1.017379e+004,-1.107939e-001
1.017428e+004,-1.236227e-001
1.017476e+004,-1.231494e-001
1.017524e+004,-1.117012e-001
1.017572e+004,-9.367245e-002
1.017620e+004,-7.377344e-002
1.017669e+004,-5.528433e-002
1.017717e+004,-3.909666e-002
1.017765e+004,-2.392897e-002
1.017813e+004,-7.518283e-003
1.017862e+004,1.188019e-002
1.017910e+004,3.446280e-002
1.017958e+004,5.878809e-002
1.018006e+004,8.255429e-002
1.018054e+004,1.036947e-001
1.018103e+004,1.211052e-001
1.018151e+004,1.345892e-001
1.018199e+004,1.441089e-001
1.018247e+004,1.488761e-001
1.018295e+004,1.469121e-001
1.018344e+004,1.356055e-001
1.018392e+004,1.127588e-001
1.018440e+004,7.809152e-002
1.018488e+004,3.403034e-002
1.018537e+004,-1.458373e-002
1.018585e+004,-6.179584e-002
1.018633e+004,-1.022537e-001
1.018681e+004,-1.325575e-001
1.018729e+004,-1.516959e-001
1.018778e+004,-1.605340e-001
1.018826e+004,-1.608038e-001
1.018874e+004,-1.542378e-001
1.018922e+004,-1.422907e-001
1.018970e+004,-1.264436e-001
1.019019e+004,-1.086646e-001
1.019067e+004,-9.147311e-002
1.019115e+004,-7.730316e-002
1.019163e+004,-6.736626e-002
1.019211e+004,-6.064567e-002
1.019260e+004,-5.374148e-002
1.019308e+004,-4.192102e-002
1.019356e+004,-2.109089e-002
1.019404e+004,1.016464e-002
1.019453e+004,4.948978e-002
1.019501e+004,9.124114e-002
1.019549e+004,1.284271e-001
1.019597e+004,1.552373e-001
1.019645e+004,1.689642e-001
1.019694e+004,1.703950e-001
1.019742e+004,1.625291e-001
1.019790e+004,1.483458e-001
1.019838e+004,1.288647e-001
1.019886e+004,1.025989e-001
1.019935e+004,6.676978e-002
1.019983e+004,1.969164e-002
1.020031e+004,-3.693563e-002
1.020079e+004,-9.712027e-002
1.020128e+004,-1.517160e-001
1.020176e+004,-1.912617e-001
1.020224e+004,-2.093258e-001
1.020272e+004,-2.048646e-001
1.020320e+004,-1.825328e-001
1.020369e+004,-1.508204e-001
1.020417e+004,-1.188613e-001
1.020465e+004,-9.330210e-002
1.020513e+004,-7.649844e-002
1.020561e+004,-6.661582e-002
1.020610e+004,-5.933947e-002
1.020658e+004,-5.025017e-002
1.020706e+004,-3.677813e-002
1.020754e+004,-1.900525e-002
1.020802e+004,7.911299e-004
1.020851e+004,1.939410e-002
1.020899e+004,3.399878e-002
1.020947e+004,4.308303e-002
1.020995e+004,4.658622e-002
1.021044e+004,4.554756e-002
1.021092e+004,4.152841e-002
1.021140e+004,3.608577e-002
1.021188e+004,3.038747e-002
1.021236e+004,2.492768e-002
1.021285e+004,1.930235e-002
1.021333e+004,1.212328e-002
1.021381e+004,5.749192e-004
1.021429e+004,-1.682040e-002
1.021477e+004,-4.141891e-002
1.021526e+004,-7.239483e-002
1.021574e+004,-1.062799e-001
1.021622e+004,-1.375447e-001
1.021670e+004,-1.601764e-001
1.021719e+004,-1.696877e-001
1.021767e+004,-1.646810e-001
1.021815e+004,-1.471993e-001
1.021863e+004,-1.216337e-001
1.021911e+004,-9.266382e-002
1.021960e+004,-6.322519e-002
1.022008e+004,-3.352499e-002
1.022056e+004,-1.637092e-003
1.022104e+004,3.457616e-002
1.022152e+004,7.515894e-002
1.022201e+004,1.165636e-001
1.022249e+004,1.518141e-001
1.022297e+004,1.724216e-001
1.022345e+004,1.713186e-001
1.022393e+004,1.455929e-001
1.022442e+004,9.787603e-002
1.022490e+004,3.583050e-002
1.022538e+004,-2.999537e-002
1.022586e+004,-8.902320e-002
1.022635e+004,-1.330973e-001
1.022683e+004,-1.577559e-001
1.022731e+004,-1.621719e-001
1.022779e+004,-1.481925e-001
1.022827e+004,-1.191525e-001
1.022876e+004,-7.900593e-002
1.022924e+004,-3.195496e-002
1.022972e+004,1.759401e-002
1.023020e+004,6.506272e-002
1.023068e+004,1.059437e-001
1.023117e+004,1.362401e-001
1.023165e+004,1.529100e-001
1.023213e+004,1.541101e-001
1.023261e+004,1.391986e-001
1.023310e+004,1.086495e-001
1.023358e+004,6.411290e-002
1.023406e+004,8.728134e-003
1.023454e+004,-5.246555e-002
1.023502e+004,-1.124089e-001
1.023551e+004,-1.626100e-001
1.023599e+004,-1.945992e-001
1.023647e+004,-2.019779e-001
1.023695e+004,-1.823856e-001
1.023743e+004,-1.385877e-001
1.023792e+004,-7.812838e-002
1.023840e+004,-1.152937e-002
1.023888e+004,5.040967e-002
1.023936e+004,9.929326e-002
1.023984e+004,1.309094e-001
1.024033e+004,1.456146e-001
1.024081e+004,1.474009e-001
1.024129e+004,1.421919e-001
1.024177e+004,1.360748e-001
1.024226e+004,1.339989e-001
1.024274e+004,1.391013e-001
1.024322e+004,1.524999e-001
1.024370e+004,1.732989e-001
1.024418e+004,1.986870e-001
1.024467e+004,2.250787e-001
1.024515e+004,2.452989e-001
1.024563e+004,2.543304e-001
1.024611e+004,2.495000e-001
1.024659e+004,2.317475e-001
1.024708e+004,2.058607e-001
1.024756e+004,1.792893e-001
1.024804e+004,1.597354e-001
1.024852e+004,1.523345e-001
1.024900e+004,1.575621e-001
1.024949e+004,1.708104e-001
1.024997e+004,1.839278e-001
1.025045e+004,1.881783e-001
1.025093e+004,1.774638e-001
1.025142e+004,1.505366e-001
1.025190e+004,1.113636e-001
1.025238e+004,6.757519e-002
1.025286e+004,2.769732e-002
1.025334e+004,-1.710625e-003
1.025383e+004,-1.795049e-002
1.025431e+004,-2.253967e-002
1.025479e+004,-2.011172e-002
1.025527e+004,-1.648989e-002
1.025575e+004,-1.676908e-002
1.025624e+004,-2.408590e-002
1.025672e+004,-3.935796e-002
1.025720e+004,-6.183903e-002
1.025768e+004,-9.004941e-002
1.025817e+004,-1.225810e-001
1.025865e+004,-1.584234e-001
1.025913e+004,-1.967127e-001
1.025961e+004,-2.360751e-001
1.026009e+004,-2.739172e-001
1.026058e+004,-3.060707e-001
1.026106e+004,-3.270854e-001
1.026154e+004,-3.312315e-001
1.026202e+004,-3.139819e-001
1.026250e+004,-2.735087e-001
1.026299e+004,-2.116338e-001
1.026347e+004,-1.337991e-001
1.026395e+004,-4.794416e-002
1.026443e+004,3.739576e-002
1.026492e+004,1.151101e-001
1.026540e+004,1.808968e-001
1.026588e+004,2.335002e-001
1.026636e+004,2.737842e-001
1.026684e+004,3.031384e-001
1.026733e+004,3.220085e-001
1.026781e+004,3.292684e-001
1.026829e+004,3.227308e-001
1.026877e+004,3.005387e-001
1.026925e+004,2.627424e-001
1.026974e+004,2.122702e-001
1.027022e+004,1.547726e-001
1.027070e+004,9.732480e-002
1.027118e+004,4.647860e-002
1.027167e+004,6.431330e-003
1.027215e+004,-2.198185e-002
1.027263e+004,-4.113067e-002
1.027311e+004,-5.541080e-002
1.027359e+004,-6.956591e-002
1.027408e+004,-8.713739e-002
1.027456e+004,-1.095027e-001
1.027504e+004,-1.356574e-001
1.027552e+004,-1.654583e-001
1.027600e+004,-1.927159e-001
1.027649e+004,-2.128104e-001
1.027697e+004,-2.214345e-001
1.027745e+004,-2.151582e-001
1.027793e+004,-1.918992e-001
1.027841e+004,-1.513256e-001
1.027890e+004,-9.516298e-002
1.027938e+004,-2.731830e-002
1.027986e+004,4.628460e-002
1.028034e+004,1.182404e-001
1.028083e+004,1.805789e-001
1.028131e+004,2.259771e-001
1.028179e+004,2.490771e-001
1.028227e+004,2.476312e-001
1.028275e+004,2.231578e-001
1.028324e+004,1.808431e-001
1.028372e+004,1.285838e-001
1.028420e+004,7.531291e-002
1.028468e+004,2.901823e-002
1.028516e+004,-4.970366e-003
1.028565e+004,-2.486181e-002
1.028613e+004,-3.213683e-002
1.028661e+004,-3.023221e-002
1.028709e+004,-2.270711e-002
1.028758e+004,-1.167073e-002
1.028806e+004,2.833877e-003
1.028854e+004,2.221341e-002
1.028902e+004,4.778091e-002
1.028950e+004,7.906397e-002
1.028999e+004,1.128778e-001
1.029047e+004,1.437779e-001
1.029095e+004,1.658823e-001
1.029143e+004,1.753617e-001
1.029191e+004,1.724636e-001
1.029240e+004,1.620235e-001
1.029288e+004,1.520254e-001
1.029336e+004,1.506620e-001
1.029384e+004,1.630729e-001
1.029432e+004,1.891529e-001
1.029481e+004,2.233927e-001
1.029529e+004,2.568584e-001
1.029577e+004,2.804980e-001
1.029625e+004,2.884039e-001
1.029674e+004,2.796984e-001
1.029722e+004,2.583209e-001
1.029770e+004,2.309079e-001
1.029818e+004,2.037558e-001
1.029866e+004,1.802081e-001
1.029915e+004,1.595657e-001
1.029963e+004,1.379211e-001
1.030011e+004,1.104791e-001
1.030059e+004,7.429949e-002
1.030107e+004,3.026207e-002
1.030156e+004,-1.657480e-002
1.030204e+004,-5.834682e-002
1.030252e+004,-8.691569e-002
1.030300e+004,-9.657773e-002
1.030349e+004,-8.597051e-002
1.030397e+004,-5.854933e-002
1.030445e+004,-2.153000e-002
1.030493e+004,1.630232e-002
1.030541e+004,4.718069e-002
1.030590e+004,6.651228e-002
1.030638e+004,7.372429e-002
1.030686e+004,7.261031e-002
1.030734e+004,6.919216e-002
1.030782e+004,6.939515e-002
1.030831e+004,7.673400e-002
1.030879e+004,9.083800e-002
1.030927e+004,1.073535e-001
1.030975e+004,1.193227e-001
1.031023e+004,1.196218e-001
1.031072e+004,1.036197e-001
1.031120e+004,7.108565e-002
1.031168e+004,2.660312e-002
1.031216e+004,-2.171415e-002
1.031265e+004,-6.477302e-002
1.031313e+004,-9.539716e-002
1.031361e+004,-1.104982e-001
1.031409e+004,-1.117178e-001
1.031457e+004,-1.043228e-001
1.031506e+004,-9.482008e-002
1.031554e+004,-8.825163e-002
1.031602e+004,-8.623164e-002
1.031650e+004,-8.645907e-002
1.031698e+004,-8.383104e-002
1.031747e+004,-7.265384e-002
1.031795e+004,-4.905932e-002
1.031843e+004,-1.271777e-002
1.031891e+004,3.271844e-002
1.031940e+004,8.048821e-002
1.031988e+004,1.225004e-001
1.032036e+004,1.513793e-001
1.032084e+004,1.621823e-001
1.032132e+004,1.534257e-001
1.032181e+004,1.273197e-001
1.032229e+004,8.931497e-002
1.032277e+004,4.713448e-002
1.032325e+004,9.468699e-003
1.032373e+004,-1.550784e-002
1.032422e+004,-2.161311e-002
1.032470e+004,-5.878445e-003
1.032518e+004,3.078070e-002
1.032566e+004,8.368766e-002
1.032614e+004,1.453835e-001
1.032663e+004,2.072581e-001
1.032711e+004,2.613840e-001
1.032759e+004,3.020092e-001
1.032807e+004,3.262717e-001
1.032856e+004,3.339902e-001
1.032904e+004,3.267324e-001
1.032952e+004,3.066410e-001
1.033000e+004,2.755517e-001
1.033048e+004,2.347731e-001
1.033097e+004,1.855545e-001
1.033145e+004,1.299260e-001
1.033193e+004,7.138553e-002
1.033241e+004,1.495821e-002
1.033289e+004,-3.358133e-002
1.033338e+004,-6.913987e-002
1.033386e+004,-8.887125e-002
1.033434e+004,-9.323941e-002
1.033482e+004,-8.609772e-002
1.033530e+004,-7.367752e-002
1.033579e+004,-6.280107e-002
1.033627e+004,-5.893156e-002
1.033675e+004,-6.472924e-002
1.033723e+004,-7.952919e-002
1.033772e+004,-1.001571e-001
1.033820e+004,-1.219894e-001
1.033868e+004,-1.406825e-001
1.033916e+004,-1.533749e-001
1.033964e+004,-1.590905e-001
1.034013e+004,-1.583000e-001
1.034061e+004,-1.519626e-001
1.034109e+004,-1.405791e-001
1.034157e+004,-1.237616e-001
1.034205e+004,-1.005586e-001
1.034254e+004,-7.039717e-002
1.034302e+004,-3.417783e-002
1.034350e+004,5.054369e-003
1.034398e+004,4.229113e-002
1.034447e+004,7.165340e-002
1.034495e+004,8.804148e-002
1.034543e+004,8.870857e-002
1.034591e+004,7.413055e-002
1.034639e+004,4.784033e-002
1.034688e+004,1.534472e-002
1.034736e+004,-1.738268e-002
1.034784e+004,-4.520405e-002
1.034832e+004,-6.445478e-002
1.034880e+004,-7.282866e-002
1.034929e+004,-6.882578e-002
1.034977e+004,-5.130699e-002
1.035025e+004,-1.962776e-002
1.035073e+004,2.552884e-002
1.035121e+004,8.096889e-002
1.035170e+004,1.401487e-001
1.035218e+004,1.933965e-001
1.035266e+004,2.295589e-001
1.035314e+004,2.388131e-001
1.035363e+004,2.157788e-001
1.035411e+004,1.617566e-001
1.035459e+004,8.512429e-002
1.035507e+004,-4.405373e-004
1.035555e+004,-7.943365e-002
1.035604e+004,-1.385921e-001
1.035652e+004,-1.702387e-001
1.035700e+004,-1.738343e-001
1.035748e+004,-1.552901e-001
1.035796e+004,-1.243593e-001
1.035845e+004,-9.109123e-002
1.035893e+004,-6.262171e-002
1.035941e+004,-4.137937e-002
1.035989e+004,-2.519676e-002
1.036038e+004,-9.076573e-003
1.036086e+004,1.221087e-002
1.036134e+004,4.173195e-002
1.036182e+004,7.903676e-002
1.036230e+004,1.202191e-001
1.036279e+004,1.592153e-001
1.036327e+004,1.897498e-001
1.036375e+004,2.071788e-001
1.036423e+004,2.096075e-001
1.036471e+004,1.979952e-001
1.036520e+004,1.753612e-001
1.036568e+004,1.455217e-001
1.036616e+004,1.119023e-001
1.036664e+004,7.685714e-002
1.036713e+004,4.165538e-002
1.036761e+004,6.978047e-003
1.036809e+004,-2.644815e-002
1.036857e+004,-5.742034e-002
1.036905e+004,-8.438416e-002
1.036954e+004,-1.059254e-001
1.037002e+004,-1.214080e-001
1.037050e+004,-1.313518e-001
1.037098e+004,-1.372688e-001
1.037146e+004,-1.409515e-001
1.037195e+004,-1.435057e-001
1.037243e+004,-1.446047e-001
1.037291e+004,-1.423966e-001
1.037339e+004,-1.342174e-001
1.037388e+004,-1.178726e-001
1.037436e+004,-9.292983e-002
1.037484e+004,-6.139963e-002
1.037532e+004,-2.741358e-002
1.037580e+004,4.049190e-003
1.037629e+004,2.888919e-002
1.037677e+004,4.533685e-002
1.037725e+004,5.449693e-002
1.037773e+004,5.975684e-002
1.037821e+004,6.533631e-002
1.037870e+004,7.462779e-002
1.037918e+004,8.904564e-002
1.037966e+004,1.078308e-001
1.038014e+004,1.287934e-001
1.038063e+004,1.495339e-001
1.038111e+004,1.684931e-001
1.038159e+004,1.853280e-001
1.038207e+004,2.005125e-001
1.038255e+004,2.144998e-001
1.038304e+004,2.270084e-001
1.038352e+004,2.369051e-001
1.038400e+004,2.427929e-001
1.038448e+004,2.439814e-001
1.038496e+004,2.412590e-001
1.038545e+004,2.369374e-001
1.038593e+004,2.340042e-001
1.038641e+004,2.346967e-001
1.038689e+004,2.391606e-001
1.038738e+004,2.448855e-001
1.038786e+004,2.472803e-001
1.038834e+004,2.412333e-001
1.038882e+004,2.230371e-001
1.038930e+004,1.918851e-001
1.038979e+004,1.503375e-001
1.039027e+004,1.036128e-001
1.039075e+004,5.804692e-002
1.039123e+004,1.936386e-002
1.039171e+004,-8.608100e-003
1.039220e+004,-2.441748e-002
1.039268e+004,-2.870616e-002
1.039316e+004,-2.350587e-002
1.039364e+004,-1.153634e-002
1.039413e+004,4.230358e-003
1.039461e+004,2.074384e-002
1.039509e+004,3.499424e-002
1.039557e+004,4.429824e-002
1.039605e+004,4.680984e-002
1.039654e+004,4.208119e-002
1.039702e+004,3.136319e-002
1.039750e+004,1.738715e-002
1.039798e+004,3.596357e-003
1.039846e+004,-6.923077e-003
1.039895e+004,-1.250749e-002
1.039943e+004,-1.298194e-002
1.039991e+004,-9.749208e-003
1.040039e+004,-4.913380e-003
1.040088e+004,-3.977798e-004
1.040136e+004,2.631614e-003
1.040184e+004,3.810927e-003
1.040232e+004,3.166059e-003
1.040280e+004,5.535600e-004
1.040329e+004,-4.685866e-003
1.040377e+004,-1.365892e-002
1.040425e+004,-2.749356e-002
1.040473e+004,-4.682060e-002
1.040521e+004,-7.146257e-002
1.040570e+004,-1.004752e-001
1.040618e+004,-1.324435e-001
1.040666e+004,-1.657657e-001
1.040714e+004,-1.986733e-001
1.040762e+004,-2.289413e-001
1.040811e+004,-2.535165e-001
1.040859e+004,-2.684577e-001
1.040907e+004,-2.695143e-001
1.040955e+004,-2.533605e-001
1.041004e+004,-2.190978e-001
1.041052e+004,-1.693595e-001
1.041100e+004,-1.103793e-001
1.041148e+004,-5.075777e-002
1.041196e+004,7.716439e-004
1.041245e+004,3.778757e-002
1.041293e+004,5.787580e-002
1.041341e+004,6.287638e-002
1.041389e+004,5.758243e-002
1.041437e+004,4.745970e-002
1.041486e+004,3.638791e-002
1.041534e+004,2.540315e-002
1.041582e+004,1.294816e-002
1.041630e+004,-3.564896e-003
1.041679e+004,-2.567470e-002
1.041727e+004,-5.229260e-002
1.041775e+004,-7.939576e-002
1.041823e+004,-1.011656e-001
1.041871e+004,-1.120728e-001
1.041920e+004,-1.089743e-001
1.041968e+004,-9.230360e-002
1.042016e+004,-6.588008e-002
1.042064e+004,-3.551400e-002
1.042112e+004,-7.092577e-003
1.042161e+004,1.502395e-002
1.042209e+004,2.872757e-002
1.042257e+004,3.392788e-002
1.042305e+004,3.173787e-002
1.042353e+004,2.366934e-002
1.042402e+004,1.130444e-002
1.042450e+004,-3.470630e-003
1.042498e+004,-1.799352e-002
1.042546e+004,-2.865073e-002
1.042595e+004,-3.140867e-002
1.042643e+004,-2.305941e-002
1.042691e+004,-2.723136e-003
1.042739e+004,2.712382e-002
1.042787e+004,6.073635e-002
1.042836e+004,9.050172e-002
1.042884e+004,1.092572e-001
1.042932e+004,1.126579e-001
1.042980e+004,1.006127e-001
1.043028e+004,7.725351e-002
1.043077e+004,4.911409e-002
1.043125e+004,2.266801e-002
1.043173e+004,2.009584e-003
1.043221e+004,-1.228112e-002
1.043269e+004,-2.264865e-002
1.043318e+004,-3.274323e-002
1.043366e+004,-4.516574e-002
1.043414e+004,-5.985807e-002
1.043462e+004,-7.391243e-002
1.043511e+004,-8.291107e-002
1.043559e+004,-8.318077e-002
1.043607e+004,-7.389469e-002
1.043655e+004,-5.799158e-002
1.043703e+004,-4.139981e-002
1.043752e+004,-3.081655e-002
1.043800e+004,-3.094743e-002
1.043848e+004,-4.237512e-002
1.043896e+004,-6.097500e-002
1.043944e+004,-7.915506e-002
1.043993e+004,-8.844626e-002
1.044041e+004,-8.243527e-002
1.044089e+004,-5.893916e-002
1.044137e+004,-2.067745e-002
1.044186e+004,2.567422e-002
1.044234e+004,7.155795e-002
1.044282e+004,1.089067e-001
1.044330e+004,1.320230e-001
1.044378e+004,1.385142e-001
1.044427e+004,1.292724e-001
1.044475e+004,1.078183e-001
1.044523e+004,7.940862e-002
1.044571e+004,5.017099e-002
1.044619e+004,2.631210e-002
1.044668e+004,1.330735e-002
1.044716e+004,1.500985e-002
1.044764e+004,3.278416e-002
1.044812e+004,6.494529e-002
1.044860e+004,1.068244e-001
1.044909e+004,1.516267e-001
1.044957e+004,1.919489e-001
1.045005e+004,2.215254e-001
1.045053e+004,2.366325e-001
1.045102e+004,2.366804e-001
1.045150e+004,2.238336e-001
1.045198e+004,2.019023e-001
1.045246e+004,1.750237e-001
1.045294e+004,1.466913e-001
1.045343e+004,1.194461e-001
1.045391e+004,9.517213e-002
1.045439e+004,7.561508e-002
1.045487e+004,6.266370e-002
1.045535e+004,5.810497e-002
1.045584e+004,6.290875e-002
1.045632e+004,7.641054e-002
1.045680e+004,9.587893e-002
1.045728e+004,1.168090e-001
1.045777e+004,1.339454e-001
1.045825e+004,1.426829e-001
1.045873e+004,1.403023e-001
1.045921e+004,1.265682e-001
1.045969e+004,1.035146e-001
1.046018e+004,7.460337e-002
1.046066e+004,4.369990e-002
1.046114e+004,1.422842e-002
1.046162e+004,-1.118522e-002
1.046210e+004,-3.069799e-002
1.046259e+004,-4.312598e-002
1.046307e+004,-4.797703e-002
1.046355e+004,-4.572361e-002
1.046403e+004,-3.815557e-002
1.046451e+004,-2.850005e-002
1.046500e+004,-2.103855e-002
1.046548e+004,-2.018201e-002
1.046596e+004,-2.925682e-002
1.046644e+004,-4.945222e-002
1.046693e+004,-7.936107e-002
1.046741e+004,-1.153126e-001
1.046789e+004,-1.523613e-001
1.046837e+004,-1.855311e-001
1.046885e+004,-2.108451e-001
1.046934e+004,-2.258352e-001
1.046982e+004,-2.295145e-001
1.047030e+004,-2.220568e-001
1.047078e+004,-2.045206e-001
1.047126e+004,-1.788267e-001
1.047175e+004,-1.479555e-001
1.047223e+004,-1.160897e-001
1.047271e+004,-8.836732e-002
1.047319e+004,-7.005071e-002
1.047368e+004,-6.521886e-002
1.047416e+004,-7.537983e-002
1.047464e+004,-9.854273e-002
1.047512e+004,-1.291855e-001
1.047560e+004,-1.592559e-001
1.047609e+004,-1.799671e-001
1.047657e+004,-1.838698e-001
1.047705e+004,-1.665957e-001
1.047753e+004,-1.278009e-001
1.047801e+004,-7.110570e-002
1.047850e+004,-3.122137e-003
1.047898e+004,6.812431e-002
1.047946e+004,1.349674e-001
1.047994e+004,1.916564e-001
1.048042e+004,2.353510e-001
1.048091e+004,2.663217e-001
1.048139e+004,2.872860e-001
1.048187e+004,3.020290e-001
1.048235e+004,3.136957e-001
1.048284e+004,3.233208e-001
1.048332e+004,3.291707e-001
1.048380e+004,3.272609e-001
1.048428e+004,3.129898e-001
1.048476e+004,2.833538e-001
1.048525e+004,2.388776e-001
1.048573e+004,1.843843e-001
1.048621e+004,1.281244e-001
1.048669e+004,7.944175e-002
1.048717e+004,4.580541e-002
1.048766e+004,3.037461e-002
1.048814e+004,3.109864e-002
1.048862e+004,4.174282e-002
1.048910e+004,5.442738e-002
1.048959e+004,6.263087e-002
1.049007e+004,6.342973e-002
1.049055e+004,5.811757e-002
1.049103e+004,5.108998e-002
1.049151e+004,4.772625e-002
1.049200e+004,5.190111e-002
1.049248e+004,6.490038e-002
1.049296e+004,8.535307e-002
1.049344e+004,1.102950e-001
1.049392e+004,1.365775e-001
1.049441e+004,1.618560e-001
1.049489e+004,1.847548e-001
1.049537e+004,2.043512e-001
1.049585e+004,2.195269e-001
1.049633e+004,2.287703e-001
1.049682e+004,2.306781e-001
1.049730e+004,2.249015e-001
1.049778e+004,2.129153e-001
1.049826e+004,1.979909e-001
1.049875e+004,1.841562e-001
1.049923e+004,1.745206e-001
1.049971e+004,1.697909e-001
1.050019e+004,1.678169e-001
1.050067e+004,1.645335e-001
1.050116e+004,1.559535e-001
1.050164e+004,1.402871e-001
1.050212e+004,1.191350e-001
1.050260e+004,9.710377e-002
1.050308e+004,7.994270e-002
1.050357e+004,7.202773e-002
1.050405e+004,7.435952e-002
1.050453e+004,8.401415e-002
1.050501e+004,9.530459e-002
1.050550e+004,1.020977e-001
1.050598e+004,1.002037e-001
1.050646e+004,8.876670e-002
1.050694e+004,7.013227e-002
1.050742e+004,4.844529e-002
1.050791e+004,2.781975e-002
1.050839e+004,1.102042e-002
1.050887e+004,-8.145632e-004
1.050935e+004,-7.531354e-003
1.050983e+004,-9.047185e-003
1.051032e+004,-4.925041e-003
1.051080e+004,5.163922e-003
1.051128e+004,2.031530e-002
1.051176e+004,3.734853e-002
1.051225e+004,5.068632e-002
1.051273e+004,5.358469e-002
1.051321e+004,4.043648e-002
1.051369e+004,9.241375e-003
1.051417e+004,-3.687611e-002
1.051466e+004,-8.988980e-002
1.051514e+004,-1.388856e-001
1.051562e+004,-1.731181e-001
1.051610e+004,-1.849097e-001
1.051658e+004,-1.713082e-001
1.051707e+004,-1.340508e-001
1.051755e+004,-7.817462e-002
1.051803e+004,-1.016938e-002
1.051851e+004,6.339144e-002
1.051899e+004,1.362612e-001
1.051948e+004,2.021661e-001
1.051996e+004,2.543938e-001
1.052044e+004,2.860896e-001
1.052092e+004,2.915919e-001
1.052141e+004,2.684398e-001
1.052189e+004,2.191201e-001
1.052237e+004,1.515045e-001
1.052285e+004,7.752027e-002
1.052333e+004,1.014148e-002
1.052382e+004,-4.019848e-002
1.052430e+004,-6.846350e-002
1.052478e+004,-7.605316e-002
1.052526e+004,-6.963953e-002
1.052574e+004,-5.828661e-002
1.052623e+004,-5.000544e-002
1.052671e+004,-4.906720e-002
1.052719e+004,-5.500211e-002
1.052767e+004,-6.346119e-002
1.052816e+004,-6.837791e-002
1.052864e+004,-6.445940e-002
1.052912e+004,-4.907304e-002
1.052960e+004,-2.297330e-002
1.053008e+004,1.017066e-002
1.053057e+004,4.506080e-002
1.053105e+004,7.628603e-002
1.053153e+004,9.955557e-002
1.053201e+004,1.123804e-001
1.053249e+004,1.142080e-001
1.053298e+004,1.061817e-001
1.053346e+004,9.072948e-002
1.053394e+004,7.111967e-002
1.053442e+004,5.103721e-002
1.053490e+004,3.417725e-002
1.053539e+004,2.383758e-002
1.053587e+004,2.249362e-002
1.053635e+004,3.135347e-002
1.053683e+004,4.991981e-002
1.053732e+004,7.564536e-002
1.053780e+004,1.038458e-001
1.053828e+004,1.280797e-001
1.053876e+004,1.411528e-001
1.053924e+004,1.367203e-001
1.053973e+004,1.111839e-001
1.054021e+004,6.532128e-002
1.054069e+004,4.989985e-003
1.054117e+004,-5.959744e-002
1.054165e+004,-1.161069e-001
1.054214e+004,-1.533319e-001
1.054262e+004,-1.644602e-001
1.054310e+004,-1.491872e-001
1.054358e+004,-1.138136e-001
1.054407e+004,-6.919755e-002
1.054455e+004,-2.727590e-002
1.054503e+004,2.543394e-003
1.054551e+004,1.576818e-002
1.054599e+004,1.315701e-002
1.054648e+004,-9.555023e-004
1.054696e+004,-2.145233e-002
1.054744e+004,-4.501093e-002
1.054792e+004,-7.129613e-002
1.054840e+004,-1.023067e-001
1.054889e+004,-1.403078e-001
1.054937e+004,-1.854447e-001
1.054985e+004,-2.342534e-001
1.055033e+004,-2.798432e-001
1.055081e+004,-3.137276e-001
1.055130e+004,-3.285278e-001
1.055178e+004,-3.203980e-001
1.055226e+004,-2.901937e-001
1.055274e+004,-2.430036e-001
1.055323e+004,-1.864064e-001
1.055371e+004,-1.281686e-001
1.055419e+004,-7.448655e-002
1.055467e+004,-2.912959e-002
1.055515e+004,6.414108e-003
1.055564e+004,3.221406e-002
1.055612e+004,4.915230e-002
1.055660e+004,5.853105e-002
1.055708e+004,6.206348e-002
1.055756e+004,6.198809e-002
1.055805e+004,6.098183e-002
1.055853e+004,6.172125e-002
1.055901e+004,6.623198e-002
1.055949e+004,7.537805e-002
1.055998e+004,8.882946e-002
1.056046e+004,1.056012e-001
1.056094e+004,1.249160e-001
1.056142e+004,1.469160e-001
1.056190e+004,1.727823e-001
1.056239e+004,2.041071e-001
1.056287e+004,2.417607e-001
1.056335e+004,2.847814e-001
1.056383e+004,3.298541e-001
1.056431e+004,3.716912e-001
1.056480e+004,4.042264e-001
1.056528e+004,4.221681e-001
1.056576e+004,4.223152e-001
1.056624e+004,4.041711e-001
1.056672e+004,3.697261e-001
1.056721e+004,3.226418e-001
1.056769e+004,2.672676e-001
1.056817e+004,2.078962e-001
1.056865e+004,1.484267e-001
1.056914e+004,9.232788e-002
1.056962e+004,4.263550e-002
1.057010e+004,1.757830e-003
1.057058e+004,-2.893379e-002
1.057106e+004,-4.952937e-002
1.057155e+004,-6.172016e-002
1.057203e+004,-6.844322e-002
1.057251e+004,-7.306110e-002
1.057299e+004,-7.836197e-002
1.057347e+004,-8.578742e-002
1.057396e+004,-9.520457e-002
1.057444e+004,-1.052754e-001
1.057492e+004,-1.141868e-001
1.057540e+004,-1.203425e-001
1.057589e+004,-1.226783e-001
1.057637e+004,-1.205064e-001
1.057685e+004,-1.130863e-001
1.057733e+004,-9.929611e-002
1.057781e+004,-7.773983e-002
1.057830e+004,-4.737563e-002
1.057878e+004,-8.434562e-003
1.057926e+004,3.682985e-002
1.057974e+004,8.401984e-002
1.058022e+004,1.273163e-001
1.058071e+004,1.608909e-001
1.058119e+004,1.805351e-001
1.058167e+004,1.849202e-001
1.058215e+004,1.760348e-001
1.058263e+004,1.586580e-001
1.058312e+004,1.390629e-001
1.058360e+004,1.233808e-001
1.058408e+004,1.161158e-001
1.058456e+004,1.191941e-001
1.058505e+004,1.316979e-001
1.058553e+004,1.502710e-001
1.058601e+004,1.700092e-001
1.058649e+004,1.856185e-001
1.058697e+004,1.926166e-001
1.058746e+004,1.883520e-001
1.058794e+004,1.726209e-001
1.058842e+004,1.476957e-001
1.058890e+004,1.177090e-001
1.058938e+004,8.752678e-002
1.058987e+004,6.144659e-002
1.059035e+004,4.215414e-002
1.059083e+004,3.030391e-002
1.059131e+004,2.485219e-002
1.059180e+004,2.395881e-002
1.059228e+004,2.602089e-002
1.059276e+004,3.033861e-002
1.059324e+004,3.709929e-002
1.059372e+004,4.672347e-002
1.059421e+004,5.897553e-002
1.059469e+004,7.240543e-002
1.059517e+004,8.454820e-002
1.059565e+004,9.291695e-002
1.059613e+004,9.636743e-002
1.059662e+004,9.613104e-002
1.059710e+004,9.587240e-002
1.059758e+004,1.005377e-001
1.059806e+004,1.143443e-001
1.059854e+004,1.387357e-001
1.059903e+004,1.712461e-001
1.059951e+004,2.058793e-001
1.059999e+004,2.349532e-001
1.060047e+004,2.516820e-001
1.060096e+004,2.524014e-001
1.060144e+004,2.374817e-001
1.060192e+004,2.105798e-001
1.060240e+004,1.766526e-001
1.060288e+004,1.397412e-001
1.060337e+004,1.016172e-001
1.060385e+004,6.193741e-002
1.060433e+004,1.977484e-002
1.060481e+004,-2.432021e-002
1.060529e+004,-6.689288e-002
1.060578e+004,-1.016990e-001
1.060626e+004,-1.215568e-001
1.060674e+004,-1.212679e-001
1.060722e+004,-1.003407e-001
1.060771e+004,-6.421094e-002
1.060819e+004,-2.323442e-002
1.060867e+004,1.032704e-002
1.060915e+004,2.623785e-002
1.060963e+004,1.964144e-002
1.061012e+004,-7.432760e-003
1.061060e+004,-4.693713e-002
1.061108e+004,-8.765444e-002
1.061156e+004,-1.189087e-001
1.061204e+004,-1.337726e-001
1.061253e+004,-1.307046e-001
1.061301e+004,-1.132263e-001
1.061349e+004,-8.801072e-002
1.061397e+004,-6.226387e-002
1.061446e+004,-4.140755e-002
1.061494e+004,-2.779349e-002
1.061542e+004,-2.069657e-002
1.061590e+004,-1.735976e-002
1.061638e+004,-1.456628e-002
1.061687e+004,-1.015909e-002
1.061735e+004,-4.050135e-003
1.061783e+004,1.531459e-003
1.061831e+004,2.592835e-003
1.061879e+004,-5.407022e-003
1.061928e+004,-2.596875e-002
1.061976e+004,-5.999047e-002
1.062024e+004,-1.046801e-001
1.062072e+004,-1.533430e-001
1.062121e+004,-1.962847e-001
1.062169e+004,-2.227794e-001
1.062217e+004,-2.236985e-001
1.062265e+004,-1.940675e-001
1.062313e+004,-1.347123e-001
1.062362e+004,-5.235968e-002
1.062410e+004,4.192841e-002
1.062458e+004,1.355119e-001
1.062506e+004,2.172290e-001
1.062554e+004,2.797953e-001
1.062603e+004,3.208752e-001
1.062651e+004,3.426462e-001
1.062699e+004,3.501965e-001
1.062747e+004,3.494421e-001
1.062796e+004,3.453290e-001
1.062844e+004,3.408482e-001
1.062892e+004,3.369862e-001
1.062940e+004,3.333522e-001
1.062988e+004,3.290289e-001
1.063037e+004,3.232474e-001
1.063085e+004,3.156888e-001
1.063133e+004,3.064418e-001
1.063181e+004,2.957802e-001
1.063229e+004,2.839264e-001
1.063278e+004,2.708857e-001
1.063326e+004,2.563564e-001
1.063374e+004,2.397065e-001
1.063422e+004,2.200608e-001
1.063471e+004,1.965896e-001
1.063519e+004,1.690537e-001
1.063567e+004,1.385106e-001
1.063615e+004,1.078852e-001
1.063663e+004,8.199112e-002
1.063712e+004,6.667674e-002
1.063760e+004,6.709825e-002
1.063808e+004,8.556902e-002
1.063856e+004,1.198007e-001
1.063904e+004,1.624050e-001
1.063953e+004,2.021792e-001
1.064001e+004,2.270219e-001
1.064049e+004,2.276013e-001
1.064097e+004,2.004510e-001
1.064146e+004,1.492676e-001
1.064194e+004,8.382614e-002
1.064242e+004,1.687006e-002
1.064290e+004,-3.985655e-002
1.064338e+004,-7.894166e-002
1.064387e+004,-9.882312e-002
1.064435e+004,-1.031066e-001
1.064483e+004,-9.821794e-002
1.064531e+004,-9.054874e-002
1.064579e+004,-8.432496e-002
1.064628e+004,-8.093373e-002
1.064676e+004,-7.967868e-002
1.064724e+004,-7.926193e-002
1.064772e+004,-7.905763e-002
1.064820e+004,-7.950475e-002
1.064869e+004,-8.153523e-002
1.064917e+004,-8.552765e-002
1.064965e+004,-9.053444e-002
1.065013e+004,-9.433731e-002
1.065062e+004,-9.436981e-002
1.065110e+004,-8.900920e-002
1.065158e+004,-7.849008e-002
1.065206e+004,-6.487894e-002
1.065254e+004,-5.106048e-002
1.065303e+004,-3.923451e-002
1.065351e+004,-2.970683e-002
1.065399e+004,-2.061206e-002
1.065447e+004,-8.721198e-003
1.065495e+004,9.074253e-003
1.065544e+004,3.434130e-002
1.065592e+004,6.640699e-002
1.065640e+004,1.026169e-001
1.065688e+004,1.392572e-001
1.065737e+004,1.725265e-001
1.065785e+004,1.990107e-001
1.065833e+004,2.155183e-001
1.065881e+004,2.186450e-001
1.065929e+004,2.047067e-001
1.065978e+004,1.705428e-001
1.066026e+004,1.151574e-001
1.066074e+004,4.152985e-002
1.066122e+004,-4.244538e-002
1.066170e+004,-1.247625e-001
1.066219e+004,-1.920285e-001
1.066267e+004,-2.333673e-001
1.066315e+004,-2.440706e-001
1.066363e+004,-2.274820e-001
1.066411e+004,-1.942035e-001
1.066460e+004,-1.587717e-001
1.066508e+004,-1.349811e-001
1.066556e+004,-1.315885e-001
1.066604e+004,-1.499386e-001
1.066653e+004,-1.842302e-001
1.066701e+004,-2.240709e-001
1.066749e+004,-2.581255e-001
1.066797e+004,-2.773992e-001
1.066845e+004,-2.770562e-001
1.066894e+004,-2.564635e-001
1.066942e+004,-2.179444e-001
1.066990e+004,-1.651846e-001
1.067038e+004,-1.021565e-001
1.067086e+004,-3.292245e-002
1.067135e+004,3.792579e-002
1.067183e+004,1.048139e-001
1.067231e+004,1.613176e-001
1.067279e+004,2.011034e-001
1.067328e+004,2.194130e-001
1.067376e+004,2.144915e-001
1.067424e+004,1.883526e-001
1.067472e+004,1.465602e-001
1.067520e+004,9.712146e-002
1.067569e+004,4.889185e-002
1.067617e+004,9.979345e-003
1.067665e+004,-1.349179e-002
1.067713e+004,-1.815700e-002
1.067761e+004,-3.704308e-003
1.067810e+004,2.715357e-002
1.067858e+004,6.902842e-002
1.067906e+004,1.145685e-001
1.067954e+004,1.555826e-001
1.068002e+004,1.844958e-001
1.068051e+004,1.958539e-001
1.068099e+004,1.874403e-001
1.068147e+004,1.605857e-001
1.068195e+004,1.194952e-001
1.068244e+004,6.979569e-002
1.068292e+004,1.684678e-002
1.068340e+004,-3.552701e-002
1.068388e+004,-8.541432e-002
1.068436e+004,-1.322430e-001
1.068485e+004,-1.756259e-001
1.068533e+004,-2.142436e-001
1.068581e+004,-2.453369e-001
1.068629e+004,-2.650639e-001
1.068677e+004,-2.695690e-001
1.068726e+004,-2.562967e-001
1.068774e+004,-2.250126e-001
1.068822e+004,-1.781658e-001
1.068870e+004,-1.205345e-001
1.068919e+004,-5.837644e-002
1.068967e+004,1.578586e-003
1.069015e+004,5.302174e-002
1.069063e+004,9.075037e-002
1.069111e+004,1.112085e-001
1.069160e+004,1.129781e-001
1.069208e+004,9.721434e-002
1.069256e+004,6.786041e-002
1.069304e+004,3.138312e-002
1.069352e+004,-4.152280e-003
1.069401e+004,-3.062605e-002
1.069449e+004,-4.169772e-002
1.069497e+004,-3.440300e-002
1.069545e+004,-9.976776e-003
1.069593e+004,2.643309e-002
1.069642e+004,6.715354e-002
1.069690e+004,1.041059e-001
1.069738e+004,1.310340e-001
1.069786e+004,1.451678e-001
1.069835e+004,1.478132e-001
1.069883e+004,1.436960e-001
1.069931e+004,1.392653e-001
1.069979e+004,1.404808e-001
1.070027e+004,1.507563e-001
1.070076e+004,1.696906e-001
1.070124e+004,1.929915e-001
1.070172e+004,2.136516e-001
1.070220e+004,2.240597e-001
1.070268e+004,2.184151e-001
1.070317e+004,1.946841e-001
1.070365e+004,1.554448e-001
1.070413e+004,1.073225e-001
1.070461e+004,5.919642e-002
1.070509e+004,1.979435e-002
1.070558e+004,-4.520083e-003
1.070606e+004,-1.106531e-002
1.070654e+004,-9.448400e-004
1.070702e+004,2.190794e-002
1.070751e+004,5.224535e-002
1.070799e+004,8.475260e-002
1.070847e+004,1.148977e-001
1.070895e+004,1.389881e-001
1.070943e+004,1.538927e-001
1.070992e+004,1.568633e-001
1.071040e+004,1.457908e-001
1.071088e+004,1.199000e-001
1.071136e+004,8.053723e-002
1.071184e+004,3.154525e-002
1.071233e+004,-2.112717e-002
1.071281e+004,-7.055005e-002
1.071329e+004,-1.102384e-001
1.071377e+004,-1.352881e-001
1.071426e+004,-1.428150e-001
1.071474e+004,-1.317039e-001
1.071522e+004,-1.020722e-001
1.071570e+004,-5.498463e-002
1.071618e+004,7.254470e-003
1.071667e+004,8.035932e-002
1.071715e+004,1.574480e-001
1.071763e+004,2.292861e-001
1.071811e+004,2.858301e-001
1.071859e+004,3.188585e-001
1.071908e+004,3.247804e-001
1.071956e+004,3.063636e-001
1.072004e+004,2.723938e-001
1.072052e+004,2.350901e-001
1.072100e+004,2.060956e-001
1.072149e+004,1.925629e-001
1.072197e+004,1.948887e-001
1.072245e+004,2.070097e-001
1.072293e+004,2.191128e-001
1.072342e+004,2.216058e-001
1.072390e+004,2.086911e-001
1.072438e+004,1.801158e-001
1.072486e+004,1.405356e-001
1.072534e+004,9.701293e-002
1.072583e+004,5.596096e-002
1.072631e+004,2.096262e-002
1.072679e+004,-7.680541e-003
1.072727e+004,-3.175615e-002
1.072775e+004,-5.319658e-002
1.072824e+004,-7.253923e-002
1.072872e+004,-8.858585e-002
1.072920e+004,-9.930772e-002
1.072968e+004,-1.033311e-001
1.073017e+004,-1.010314e-001
1.073065e+004,-9.451897e-002
1.073113e+004,-8.646660e-002
1.073161e+004,-7.843758e-002
1.073209e+004,-6.971467e-002
1.073258e+004,-5.740722e-002
1.073306e+004,-3.794977e-002
1.073354e+004,-9.353403e-003
1.073402e+004,2.688210e-002
1.073450e+004,6.521460e-002
1.073499e+004,9.731216e-002
1.073547e+004,1.147389e-001
1.073595e+004,1.120315e-001
1.073643e+004,8.891926e-002
1.073692e+004,5.079632e-002
1.073740e+004,7.261073e-003
1.073788e+004,-3.071796e-002
1.073836e+004,-5.401277e-002
1.073884e+004,-5.773854e-002
1.073933e+004,-4.231538e-002
1.073981e+004,-1.282122e-002
1.074029e+004,2.288777e-002
1.074077e+004,5.659074e-002
1.074125e+004,8.188806e-002
1.074174e+004,9.557898e-002
1.074222e+004,9.794502e-002
1.074270e+004,9.195405e-002
1.074318e+004,8.168500e-002
1.074367e+004,7.049996e-002
1.074415e+004,5.960661e-002
1.074463e+004,4.757772e-002
1.074511e+004,3.109505e-002
1.074559e+004,6.729092e-003
1.074608e+004,-2.689662e-002
1.074656e+004,-6.746329e-002
1.074704e+004,-1.086428e-001
1.074752e+004,-1.414421e-001
1.074800e+004,-1.568566e-001
1.074849e+004,-1.488914e-001
1.074897e+004,-1.167842e-001
1.074945e+004,-6.551788e-002
1.074993e+004,-4.361620e-003
1.075041e+004,5.603413e-002
1.075090e+004,1.068706e-001
1.075138e+004,1.435210e-001
1.075186e+004,1.661256e-001
1.075234e+004,1.784288e-001
1.075283e+004,1.855794e-001
1.075331e+004,1.919675e-001
1.075379e+004,1.999925e-001
1.075427e+004,2.100602e-001
1.075475e+004,2.214467e-001
1.075524e+004,2.332781e-001
1.075572e+004,2.449520e-001
1.075620e+004,2.558019e-001
1.075668e+004,2.643705e-001
1.075716e+004,2.679880e-001
1.075765e+004,2.632333e-001
1.075813e+004,2.473622e-001
1.075861e+004,2.201484e-001
1.075909e+004,1.851856e-001
1.075958e+004,1.497654e-001
1.076006e+004,1.230410e-001
1.076054e+004,1.129968e-001
1.076102e+004,1.233801e-001
1.076150e+004,1.518658e-001
1.076199e+004,1.902771e-001
1.076247e+004,2.268777e-001
1.076295e+004,2.499415e-001
1.076343e+004,2.513090e-001
1.076391e+004,2.286725e-001
1.076440e+004,1.858508e-001
1.076488e+004,1.311123e-001
1.076536e+004,7.429710e-002
1.076584e+004,2.381930e-002
1.076632e+004,-1.549318e-002
1.076681e+004,-4.320176e-002
1.076729e+004,-6.270208e-002
1.076777e+004,-7.970758e-002
1.076825e+004,-1.003415e-001
1.076874e+004,-1.293753e-001
1.076922e+004,-1.690949e-001
1.076970e+004,-2.184514e-001
1.077018e+004,-2.734091e-001
1.077066e+004,-3.275732e-001
1.077115e+004,-3.732255e-001
1.077163e+004,-4.025414e-001
1.077211e+004,-4.087991e-001
1.077259e+004,-3.874350e-001
1.077307e+004,-3.368466e-001
1.077356e+004,-2.589132e-001
1.077404e+004,-1.592244e-001
1.077452e+004,-4.696260e-002
1.077500e+004,6.570269e-002
1.077549e+004,1.648984e-001
1.077597e+004,2.371186e-001
1.077645e+004,2.719179e-001
1.077693e+004,2.646719e-001
1.077741e+004,2.185292e-001
1.077790e+004,1.446543e-001
1.077838e+004,6.025981e-002
1.077886e+004,-1.535031e-002
1.077934e+004,-6.572166e-002
1.077982e+004,-8.168416e-002
1.078031e+004,-6.381847e-002
1.078079e+004,-2.207682e-002
1.078127e+004,2.736273e-002
1.078175e+004,6.696197e-002
1.078223e+004,8.276859e-002
1.078272e+004,6.785271e-002
1.078320e+004,2.331682e-002
1.078368e+004,-4.306709e-002
1.078416e+004,-1.197110e-001
1.078465e+004,-1.943344e-001
1.078513e+004,-2.563584e-001
1.078561e+004,-2.981581e-001
1.078609e+004,-3.153595e-001
1.078657e+004,-3.066904e-001
1.078706e+004,-2.738199e-001
1.078754e+004,-2.212703e-001
1.078802e+004,-1.561310e-001
1.078850e+004,-8.719248e-002
1.078898e+004,-2.336429e-002
1.078947e+004,2.830524e-002
1.078995e+004,6.430298e-002
1.079043e+004,8.527428e-002
1.079091e+004,9.523389e-002
1.079139e+004,9.963488e-002
1.079188e+004,1.031193e-001
1.079236e+004,1.079483e-001
1.079284e+004,1.138002e-001
1.079332e+004,1.189558e-001
1.079381e+004,1.221874e-001
1.079429e+004,1.242870e-001
1.079477e+004,1.283191e-001
1.079525e+004,1.383340e-001
1.079573e+004,1.570809e-001
1.079622e+004,1.838355e-001
1.079670e+004,2.134751e-001
1.079718e+004,2.374103e-001
1.079766e+004,2.461514e-001
1.079814e+004,2.325540e-001
1.079863e+004,1.944735e-001
1.079911e+004,1.358010e-001
1.079959e+004,6.551714e-002
1.080007e+004,-4.788411e-003
1.080056e+004,-6.405765e-002
1.080104e+004,-1.043325e-001
1.080152e+004,-1.220867e-001
1.080200e+004,-1.181570e-001
1.080248e+004,-9.659985e-002
1.080297e+004,-6.304703e-002
1.080345e+004,-2.311705e-002
1.080393e+004,1.875754e-002
1.080441e+004,5.993003e-002
1.080489e+004,9.955927e-002
1.080538e+004,1.381133e-001
1.080586e+004,1.764753e-001
1.080634e+004,2.148529e-001
1.080682e+004,2.518019e-001
1.080730e+004,2.837505e-001
1.080779e+004,3.053529e-001
1.080827e+004,3.107642e-001
1.080875e+004,2.955422e-001
1.080923e+004,2.585266e-001
1.080972e+004,2.029086e-001
1.081020e+004,1.359316e-001
1.081068e+004,6.717767e-002
1.081116e+004,6.001705e-003
1.081164e+004,-4.093833e-002
1.081213e+004,-7.110868e-002
1.081261e+004,-8.595885e-002
1.081309e+004,-8.935384e-002
1.081357e+004,-8.533074e-002
1.081405e+004,-7.620680e-002
1.081454e+004,-6.186978e-002
1.081502e+004,-4.049777e-002
1.081550e+004,-1.026483e-002
1.081598e+004,2.887757e-002
1.081647e+004,7.426541e-002
1.081695e+004,1.209057e-001
1.081743e+004,1.629734e-001
1.081791e+004,1.956577e-001
1.081839e+004,2.164399e-001
1.081888e+004,2.252000e-001
1.081936e+004,2.231658e-001
1.081984e+004,2.113261e-001
1.082032e+004,1.892168e-001
1.082080e+004,1.548178e-001
1.082129e+004,1.057375e-001
1.082177e+004,4.119013e-002
1.082225e+004,-3.618677e-002
1.082273e+004,-1.196605e-001
1.082321e+004,-1.994191e-001
1.082370e+004,-2.650875e-001
1.082418e+004,-3.088413e-001
1.082466e+004,-3.278822e-001
1.082514e+004,-3.252361e-001
1.082563e+004,-3.085220e-001
1.082611e+004,-2.871627e-001
1.082659e+004,-2.691243e-001
1.082707e+004,-2.584237e-001
1.082755e+004,-2.543115e-001
1.082804e+004,-2.523628e-001
1.082852e+004,-2.469534e-001
1.082900e+004,-2.340529e-001
1.082948e+004,-2.131862e-001
1.082996e+004,-1.877876e-001
1.083045e+004,-1.638668e-001
1.083093e+004,-1.475467e-001
1.083141e+004,-1.424952e-001
1.083189e+004,-1.485078e-001
1.083238e+004,-1.613456e-001
1.083286e+004,-1.741614e-001
1.083334e+004,-1.798466e-001
1.083382e+004,-1.733796e-001
1.083430e+004,-1.533124e-001
1.083479e+004,-1.219221e-001
1.083527e+004,-8.411123e-002
1.083575e+004,-4.561439e-002
1.083623e+004,-1.126602e-002
1.083671e+004,1.605587e-002
1.083720e+004,3.557233e-002
1.083768e+004,4.802736e-002
1.083816e+004,5.486847e-002
1.083864e+004,5.768302e-002
1.083913e+004,5.815743e-002
1.083961e+004,5.846924e-002
1.084009e+004,6.171674e-002
1.084057e+004,7.189947e-002
1.084105e+004,9.314402e-002
1.084154e+004,1.282499e-001
1.084202e+004,1.770351e-001
1.084250e+004,2.352026e-001
1.084298e+004,2.943941e-001
1.084346e+004,3.437258e-001
1.084395e+004,3.725293e-001
1.084443e+004,3.734757e-001
1.084491e+004,3.449927e-001
1.084539e+004,2.920548e-001
1.084588e+004,2.249695e-001
1.084636e+004,1.564962e-001
1.084684e+004,9.823655e-002
1.084732e+004,5.749406e-002
1.084780e+004,3.565254e-002
1.084829e+004,2.858349e-002
1.084877e+004,2.887482e-002
1.084925e+004,2.900763e-002
1.084973e+004,2.427803e-002
1.085021e+004,1.439017e-002
1.085070e+004,3.202811e-003
1.085118e+004,-3.143361e-003
1.085166e+004,1.140444e-003
1.085214e+004,1.920065e-002
1.085263e+004,5.047617e-002
1.085311e+004,9.115537e-002
1.085359e+004,1.357867e-001
1.085407e+004,1.792102e-001
1.085455e+004,2.179184e-001
1.085504e+004,2.503010e-001
1.085552e+004,2.758173e-001
1.085600e+004,2.936695e-001
1.085648e+004,3.017865e-001
1.085696e+004,2.967355e-001
1.085745e+004,2.746876e-001
1.085793e+004,2.330116e-001
1.085841e+004,1.717498e-001
1.085889e+004,9.427237e-002
1.085938e+004,6.802958e-003
1.085986e+004,-8.295808e-002
1.086034e+004,-1.674657e-001
1.086082e+004,-2.405095e-001
1.086130e+004,-2.975510e-001
1.086179e+004,-3.353614e-001
1.086227e+004,-3.515057e-001
1.086275e+004,-3.442671e-001
1.086323e+004,-3.133766e-001
1.086371e+004,-2.612216e-001
1.086420e+004,-1.938301e-001
1.086468e+004,-1.208270e-001
1.086516e+004,-5.394191e-002
1.086564e+004,-4.333602e-003
1.086613e+004,2.034952e-002
1.086661e+004,1.800176e-002
1.086709e+004,-7.682072e-003
1.086757e+004,-4.883908e-002
1.086805e+004,-9.624148e-002
1.086854e+004,-1.420418e-001
1.086902e+004,-1.813150e-001
1.086950e+004,-2.118981e-001
1.086998e+004,-2.329133e-001
1.087046e+004,-2.430273e-001
1.087095e+004,-2.395990e-001
1.087143e+004,-2.193421e-001
1.087191e+004,-1.802478e-001
1.087239e+004,-1.237353e-001
1.087288e+004,-5.575840e-002
1.087336e+004,1.396609e-002
1.087384e+004,7.452543e-002
1.087432e+004,1.171754e-001
1.087480e+004,1.380662e-001
1.087529e+004,1.391429e-001
1.087577e+004,1.268375e-001
1.087625e+004,1.091297e-001
1.087673e+004,9.225084e-002
1.087721e+004,7.842015e-002
1.087770e+004,6.548403e-002
1.087818e+004,4.843849e-002
1.087866e+004,2.198768e-002
1.087914e+004,-1.704904e-002
1.087962e+004,-6.840707e-002
1.088011e+004,-1.284149e-001
1.088059e+004,-1.910501e-001
1.088107e+004,-2.493493e-001
1.088155e+004,-2.965977e-001
1.088204e+004,-3.270846e-001
1.088252e+004,-3.365817e-001
1.088300e+004,-3.228464e-001
1.088348e+004,-2.862788e-001
1.088396e+004,-2.305299e-001
1.088445e+004,-1.625862e-001
1.088493e+004,-9.190848e-002
1.088541e+004,-2.858349e-002
1.088589e+004,1.902280e-002
1.088637e+004,4.625532e-002
1.088686e+004,5.299138e-002
1.088734e+004,4.294691e-002
1.088782e+004,2.179731e-002
1.088830e+004,-5.013390e-003
1.088878e+004,-3.377334e-002
1.088927e+004,-6.269026e-002
1.088975e+004,-9.084952e-002
1.089023e+004,-1.166949e-001
1.089071e+004,-1.370391e-001
1.089120e+004,-1.473109e-001
1.089168e+004,-1.430518e-001
1.089216e+004,-1.219625e-001
1.089264e+004,-8.546446e-002
1.089312e+004,-3.883483e-002
1.089361e+004,1.008859e-002
1.089409e+004,5.315028e-002
1.089457e+004,8.405545e-002
1.089505e+004,9.949169e-002
1.089553e+004,9.885016e-002
1.089602e+004,8.298495e-002
1.089650e+004,5.295361e-002
1.089698e+004,9.633501e-003
1.089746e+004,-4.547134e-002
1.089795e+004,-1.087127e-001
1.089843e+004,-1.731150e-001
1.089891e+004,-2.285625e-001
1.089939e+004,-2.637629e-001
1.089987e+004,-2.694628e-001
1.090036e+004,-2.416350e-001
1.090084e+004,-1.832182e-001
1.090132e+004,-1.035458e-001
1.090180e+004,-1.561911e-002
1.090228e+004,6.768183e-002
1.090277e+004,1.369141e-001
1.090325e+004,1.876692e-001
1.090373e+004,2.200444e-001
1.090421e+004,2.365779e-001
1.090469e+004,2.398938e-001
1.090518e+004,2.313077e-001
1.090566e+004,2.109907e-001
1.090614e+004,1.793544e-001
1.090662e+004,1.386054e-001
1.090711e+004,9.332842e-002
1.090759e+004,4.951881e-002
1.090807e+004,1.239498e-002
1.090855e+004,-1.590370e-002
1.090903e+004,-3.742501e-002
1.090952e+004,-5.750899e-002
1.091000e+004,-8.206809e-002
1.091048e+004,-1.141830e-001
1.091096e+004,-1.516118e-001
1.091144e+004,-1.865261e-001
1.091193e+004,-2.078784e-001
1.091241e+004,-2.056465e-001
1.091289e+004,-1.753006e-001
1.091337e+004,-1.206196e-001
1.091386e+004,-5.358627e-002
1.091434e+004,8.741383e-003
1.091482e+004,4.929584e-002
1.091530e+004,5.621435e-002
1.091578e+004,2.643799e-002
1.091627e+004,-3.340866e-002
1.091675e+004,-1.089683e-001
1.091723e+004,-1.821035e-001
1.091771e+004,-2.354760e-001
1.091819e+004,-2.563868e-001
1.091868e+004,-2.389894e-001
1.091916e+004,-1.846577e-001
1.091964e+004,-1.008376e-001
1.092012e+004,1.009211e-003
1.092060e+004,1.077561e-001
1.092109e+004,2.067822e-001
1.092157e+004,2.876686e-001
1.092205e+004,3.432705e-001
1.092253e+004,3.701167e-001
1.092302e+004,3.681749e-001
1.092350e+004,3.401045e-001
1.092398e+004,2.902527e-001
1.092446e+004,2.236723e-001
1.092494e+004,1.454357e-001
1.092543e+004,6.052799e-002
1.092591e+004,-2.574700e-002
1.092639e+004,-1.071725e-001
1.092687e+004,-1.763419e-001
1.092735e+004,-2.251602e-001
1.092784e+004,-2.462859e-001
1.092832e+004,-2.352187e-001
1.092880e+004,-1.923091e-001
1.092928e+004,-1.237910e-001
1.092977e+004,-4.115282e-002
1.093025e+004,4.128136e-002
1.093073e+004,1.099941e-001
1.093121e+004,1.560326e-001
1.093169e+004,1.776027e-001
1.093218e+004,1.805035e-001
1.093266e+004,1.760766e-001
1.093314e+004,1.771965e-001
1.093362e+004,1.935671e-001
1.093410e+004,2.279218e-001
1.093459e+004,2.744857e-001
1.093507e+004,3.202974e-001
1.093555e+004,3.489836e-001
1.093603e+004,3.457232e-001
1.093651e+004,3.017794e-001
1.093700e+004,2.172112e-001
1.093748e+004,1.010954e-001
1.093796e+004,-3.057997e-002
1.093844e+004,-1.585165e-001
1.093893e+004,-2.640835e-001
1.093941e+004,-3.326583e-001
1.093989e+004,-3.556989e-001
1.094037e+004,-3.314258e-001
1.094085e+004,-2.643864e-001
1.094134e+004,-1.643412e-001
1.094182e+004,-4.481206e-002
1.094230e+004,7.859688e-002
1.094278e+004,1.901594e-001
1.094326e+004,2.762693e-001
1.094375e+004,3.277088e-001
1.094423e+004,3.413971e-001
1.094471e+004,3.209784e-001
1.094519e+004,2.758529e-001
1.094568e+004,2.187620e-001
1.094616e+004,1.625841e-001
1.094664e+004,1.173088e-001
1.094712e+004,8.809458e-002
1.094760e+004,7.492574e-002
1.094809e+004,7.379876e-002
1.094857e+004,7.883928e-002
1.094905e+004,8.447207e-002
1.094953e+004,8.685434e-002
1.095001e+004,8.419438e-002
1.095050e+004,7.611519e-002
1.095098e+004,6.264202e-002
1.095146e+004,4.349601e-002
1.095194e+004,1.814254e-002
1.095242e+004,-1.340695e-002
1.095291e+004,-4.947313e-002
1.095339e+004,-8.591691e-002
1.095387e+004,-1.162320e-001
1.095435e+004,-1.327108e-001
1.095484e+004,-1.284123e-001
1.095532e+004,-9.929366e-002
1.095580e+004,-4.573726e-002
1.095628e+004,2.710869e-002
1.095676e+004,1.103440e-001
1.095725e+004,1.933810e-001
1.095773e+004,2.663993e-001
1.095821e+004,3.224126e-001
1.095869e+004,3.583162e-001
1.095917e+004,3.746541e-001
1.095966e+004,3.742936e-001
1.096014e+004,3.605917e-001
1.096062e+004,3.358119e-001
1.096110e+004,3.004468e-001
1.096159e+004,2.537401e-001
1.096207e+004,1.952035e-001
1.096255e+004,1.264607e-001
1.096303e+004,5.253392e-002
1.096351e+004,-1.818345e-002
1.096400e+004,-7.553476e-002
1.096448e+004,-1.104071e-001
1.096496e+004,-1.177928e-001
1.096544e+004,-9.892647e-002
1.096592e+004,-6.153683e-002
1.096641e+004,-1.788933e-002
1.096689e+004,1.885033e-002
1.096737e+004,3.867967e-002
1.096785e+004,3.776270e-002
1.096833e+004,1.928477e-002
1.096882e+004,-8.076239e-003
1.096930e+004,-3.339279e-002
1.096978e+004,-4.720519e-002
1.097026e+004,-4.441999e-002
1.097075e+004,-2.552262e-002
1.097123e+004,4.063304e-003
1.097171e+004,3.595061e-002
1.097219e+004,6.120190e-002
1.097267e+004,7.235866e-002
1.097316e+004,6.469365e-002
1.097364e+004,3.677242e-002
1.097412e+004,-9.345926e-003
1.097460e+004,-6.806118e-002
1.097508e+004,-1.304612e-001
1.097557e+004,-1.852139e-001
1.097605e+004,-2.204506e-001
1.097653e+004,-2.265384e-001
1.097701e+004,-1.990381e-001
1.097750e+004,-1.407176e-001
1.097798e+004,-6.155720e-002
1.097846e+004,2.367356e-002
1.097894e+004,9.967890e-002
1.097942e+004,1.552549e-001
1.097991e+004,1.864511e-001
1.098039e+004,1.969503e-001
1.098087e+004,1.954712e-001
1.098135e+004,1.913004e-001
1.098183e+004,1.899078e-001
1.098232e+004,1.905860e-001
1.098280e+004,1.871312e-001
1.098328e+004,1.711832e-001
1.098376e+004,1.366454e-001
1.098425e+004,8.317071e-002
1.098473e+004,1.721000e-002
1.098521e+004,-4.983536e-002
1.098569e+004,-1.049294e-001
1.098617e+004,-1.376265e-001
1.098666e+004,-1.424799e-001
1.098714e+004,-1.193829e-001
1.098762e+004,-7.209301e-002
1.098810e+004,-6.124559e-003
1.098858e+004,7.271921e-002
1.098907e+004,1.585528e-001
1.098955e+004,2.446738e-001
1.099003e+004,3.228872e-001
1.099051e+004,3.839047e-001
1.099099e+004,4.191745e-001
1.099148e+004,4.235601e-001
1.099196e+004,3.976127e-001
1.099244e+004,3.481970e-001
1.099292e+004,2.869263e-001
1.099341e+004,2.268735e-001
1.099389e+004,1.788572e-001
1.099437e+004,1.488292e-001
1.099485e+004,1.373572e-001
1.099533e+004,1.411688e-001
1.099582e+004,1.557180e-001
1.099630e+004,1.773171e-001
1.099678e+004,2.037669e-001
1.099726e+004,2.333901e-001
1.099774e+004,2.633642e-001
1.099823e+004,2.887028e-001
1.099871e+004,3.028714e-001
1.099919e+004,3.000404e-001
1.099967e+004,2.779174e-001
1.100016e+004,2.396104e-001
1.100064e+004,1.933168e-001
1.100112e+004,1.496737e-001
1.100160e+004,1.177902e-001
1.100208e+004,1.017218e-001
1.100257e+004,9.904982e-002
1.100305e+004,1.022776e-001
1.100353e+004,1.024080e-001
1.100401e+004,9.300961e-002
1.100449e+004,7.286828e-002
1.100498e+004,4.607071e-002
1.100546e+004,1.965175e-002
1.100594e+004,1.110552e-004
1.100642e+004,-9.419556e-003
1.100690e+004,-1.001307e-002
1.100739e+004,-5.557090e-003
1.100787e+004,-9.829000e-005
1.100835e+004,4.485411e-003
1.100883e+004,9.158351e-003
1.100932e+004,1.641512e-002
1.100980e+004,2.781220e-002
1.101028e+004,4.185750e-002
1.101076e+004,5.360128e-002
1.101124e+004,5.635592e-002
1.101173e+004,4.480477e-002
1.101221e+004,1.797705e-002
1.101269e+004,-1.942639e-002
1.101317e+004,-5.809531e-002
1.101365e+004,-8.713972e-002
1.101414e+004,-9.773231e-002
1.101462e+004,-8.574852e-002
1.101510e+004,-5.235035e-002
1.101558e+004,-2.529060e-003
1.101607e+004,5.737690e-002
1.101655e+004,1.217175e-001
1.101703e+004,1.861878e-001
1.101751e+004,2.469456e-001
1.101799e+004,2.990908e-001
1.101848e+004,3.358033e-001
1.101896e+004,3.491145e-001
1.101944e+004,3.323740e-001
1.101992e+004,2.834654e-001
1.102040e+004,2.072487e-001
1.102089e+004,1.158852e-001
1.102137e+004,2.655100e-002
1.102185e+004,-4.282078e-002
1.102233e+004,-7.826344e-002
1.102281e+004,-7.327376e-002
1.102330e+004,-2.994935e-002
1.102378e+004,4.236487e-002
1.102426e+004,1.301129e-001
1.102474e+004,2.189862e-001
1.102523e+004,2.966979e-001
1.102571e+004,3.545439e-001
1.102619e+004,3.878453e-001
1.102667e+004,3.957408e-001
1.102715e+004,3.807715e-001
1.102764e+004,3.484153e-001
1.102812e+004,3.064136e-001
1.102860e+004,2.636514e-001
1.102908e+004,2.285552e-001
1.102956e+004,2.073438e-001
1.103005e+004,2.027255e-001
1.103053e+004,2.135914e-001
1.103101e+004,2.358783e-001
1.103149e+004,2.642393e-001
1.103198e+004,2.937561e-001
1.103246e+004,3.208907e-001
1.103294e+004,3.432716e-001
1.103342e+004,3.585483e-001
1.103390e+004,3.631066e-001
1.103439e+004,3.516004e-001
1.103487e+004,3.179096e-001
1.103535e+004,2.574104e-001
1.103583e+004,1.696998e-001
1.103631e+004,6.050410e-002
1.103680e+004,-5.832436e-002
1.103728e+004,-1.710951e-001
1.103776e+004,-2.622611e-001
1.103824e+004,-3.207434e-001
1.103872e+004,-3.430513e-001
1.103921e+004,-3.341005e-001
1.103969e+004,-3.055010e-001
1.104017e+004,-2.719678e-001
1.104065e+004,-2.470904e-001
1.104114e+004,-2.397515e-001
1.104162e+004,-2.521238e-001
1.104210e+004,-2.795735e-001
1.104258e+004,-3.122347e-001
1.104306e+004,-3.376523e-001
1.104355e+004,-3.437983e-001
1.104403e+004,-3.218630e-001
1.104451e+004,-2.683994e-001
1.104499e+004,-1.865369e-001
1.104547e+004,-8.604567e-002
1.104596e+004,1.791613e-002
1.104644e+004,1.074022e-001
1.104692e+004,1.653502e-001
1.104740e+004,1.796076e-001
1.104789e+004,1.462900e-001
1.104837e+004,7.128563e-002
1.104885e+004,-3.073928e-002
1.104933e+004,-1.397491e-001
1.104981e+004,-2.352482e-001
1.105030e+004,-3.012604e-001
1.105078e+004,-3.299272e-001
1.105126e+004,-3.227108e-001
1.105174e+004,-2.889484e-001
1.105222e+004,-2.423215e-001
1.105271e+004,-1.964616e-001
1.105319e+004,-1.611404e-001
1.105367e+004,-1.402041e-001
1.105415e+004,-1.317124e-001
1.105463e+004,-1.299323e-001
1.105512e+004,-1.282390e-001
1.105560e+004,-1.217932e-001
1.105608e+004,-1.090901e-001
1.105656e+004,-9.197859e-002
1.105705e+004,-7.432775e-002
1.105753e+004,-5.996294e-002
1.105801e+004,-5.069354e-002
1.105849e+004,-4.515431e-002
1.105897e+004,-3.884757e-002
1.105946e+004,-2.535218e-002
1.105994e+004,1.708757e-003
1.106042e+004,4.655365e-002
1.106090e+004,1.096043e-001
1.106138e+004,1.867877e-001
1.106187e+004,2.699803e-001
1.106235e+004,3.485039e-001
1.106283e+004,4.113144e-001
1.106331e+004,4.493538e-001
1.106379e+004,4.574921e-001
1.106428e+004,4.355934e-001
1.106476e+004,3.884552e-001
1.106524e+004,3.246388e-001
1.106572e+004,2.544633e-001
1.106621e+004,1.876535e-001
1.106669e+004,1.312443e-001
1.106717e+004,8.831365e-002
1.106765e+004,5.788540e-002
1.106813e+004,3.597801e-002
1.106862e+004,1.738613e-002
1.106910e+004,-2.440123e-003
1.106958e+004,-2.604123e-002
1.107006e+004,-5.349634e-002
1.107054e+004,-8.289496e-002
1.107103e+004,-1.114093e-001
1.107151e+004,-1.364465e-001
1.107199e+004,-1.563752e-001
1.107247e+004,-1.705739e-001
1.107296e+004,-1.789013e-001
1.107344e+004,-1.809999e-001
1.107392e+004,-1.759277e-001
1.107440e+004,-1.624377e-001
1.107488e+004,-1.398561e-001
1.107537e+004,-1.091414e-001
1.107585e+004,-7.351492e-002
1.107633e+004,-3.816979e-002
1.107681e+004,-8.957090e-003
1.107729e+004,9.550259e-003
1.107778e+004,1.583655e-002
1.107826e+004,1.227988e-002
1.107874e+004,4.407249e-003
1.107922e+004,-1.179342e-003
1.107971e+004,4.617361e-004
1.108019e+004,1.036888e-002
1.108067e+004,2.497798e-002
1.108115e+004,3.742754e-002
1.108163e+004,4.047523e-002
1.108212e+004,2.987837e-002
1.108260e+004,6.797717e-003
1.108308e+004,-2.190613e-002
1.108356e+004,-4.579088e-002
1.108404e+004,-5.466685e-002
1.108453e+004,-4.266359e-002
1.108501e+004,-1.083950e-002
1.108549e+004,3.285216e-002
1.108597e+004,7.636425e-002
1.108646e+004,1.080592e-001
1.108694e+004,1.210725e-001
1.108742e+004,1.156956e-001
1.108790e+004,9.876245e-002
1.108838e+004,8.027744e-002
1.108887e+004,6.869029e-002
1.108935e+004,6.681473e-002
1.108983e+004,7.016812e-002
1.109031e+004,6.854200e-002
1.109079e+004,5.025544e-002
1.109128e+004,7.362335e-003
1.109176e+004,-6.035931e-002
1.109224e+004,-1.443121e-001
1.109272e+004,-2.293415e-001
1.109321e+004,-2.984723e-001
1.109369e+004,-3.382968e-001
1.109417e+004,-3.430119e-001
1.109465e+004,-3.156879e-001
1.109513e+004,-2.664715e-001
1.109562e+004,-2.086205e-001
1.109610e+004,-1.540480e-001
1.109658e+004,-1.100813e-001
1.109706e+004,-7.846352e-002
1.109754e+004,-5.657725e-002
1.109803e+004,-3.996190e-002
1.109851e+004,-2.480675e-002
1.109899e+004,-9.343375e-003
1.109947e+004,6.251958e-003
1.109996e+004,2.106887e-002
1.110044e+004,3.492777e-002
1.110092e+004,4.922920e-002
1.110140e+004,6.672233e-002
1.110188e+004,9.031379e-002
1.110237e+004,1.215162e-001
1.110285e+004,1.592962e-001
1.110333e+004,1.998709e-001
1.110381e+004,2.375471e-001
1.110429e+004,2.662521e-001
1.110478e+004,2.811625e-001
1.110526e+004,2.798851e-001
1.110574e+004,2.629074e-001
1.110622e+004,2.333454e-001
1.110671e+004,1.962294e-001
1.110719e+004,1.576130e-001
1.110767e+004,1.236931e-001
1.110815e+004,9.998975e-002
1.110863e+004,9.054671e-002
1.110912e+004,9.723834e-002
1.110960e+004,1.192150e-001
1.111008e+004,1.527907e-001
1.111056e+004,1.919312e-001
1.111104e+004,2.293681e-001
1.111153e+004,2.581040e-001
1.111201e+004,2.728875e-001
1.111249e+004,2.712034e-001
1.111297e+004,2.535056e-001
1.111346e+004,2.227011e-001
1.111394e+004,1.831563e-001
1.111442e+004,1.396236e-001
1.111490e+004,9.641691e-002
1.111538e+004,5.698500e-002
1.111587e+004,2.381380e-002
1.111635e+004,-1.522208e-003
1.111683e+004,-1.832110e-002
1.111731e+004,-2.676121e-002
1.111779e+004,-2.784843e-002
1.111828e+004,-2.314598e-002
1.111876e+004,-1.421621e-002
1.111924e+004,-1.882489e-003
1.111972e+004,1.440210e-002
1.112020e+004,3.673723e-002
1.112069e+004,6.827225e-002
1.112117e+004,1.120359e-001
1.112165e+004,1.694085e-001
1.112213e+004,2.387596e-001
1.112262e+004,3.147913e-001
1.112310e+004,3.889408e-001
1.112358e+004,4.508487e-001
1.112406e+004,4.905401e-001
1.112454e+004,5.007117e-001
1.112503e+004,4.784821e-001
1.112551e+004,4.261314e-001
1.112599e+004,3.506898e-001
1.112647e+004,2.625600e-001
1.112695e+004,1.735974e-001
1.112744e+004,9.512523e-002
1.112792e+004,3.628635e-002
1.112840e+004,2.961366e-003
1.112888e+004,-2.689234e-003
1.112937e+004,1.785417e-002
1.112985e+004,5.993041e-002
1.113033e+004,1.163897e-001
1.113081e+004,1.784476e-001
1.113129e+004,2.367205e-001
1.113178e+004,2.824902e-001
1.113226e+004,3.091606e-001
1.113274e+004,3.136778e-001
1.113322e+004,2.974961e-001
1.113370e+004,2.666026e-001
1.113419e+004,2.302987e-001
1.113467e+004,1.988343e-001
1.113515e+004,1.804682e-001
1.113563e+004,1.788559e-001
1.113611e+004,1.916859e-001
1.113660e+004,2.111372e-001
1.113708e+004,2.261307e-001
1.113756e+004,2.257050e-001
1.113804e+004,2.024352e-001
1.113853e+004,1.547763e-001
1.113901e+004,8.761104e-002
1.113949e+004,1.092443e-002
1.113997e+004,-6.297655e-002
1.114045e+004,-1.225112e-001
1.114094e+004,-1.593818e-001
1.114142e+004,-1.698812e-001
1.114190e+004,-1.548818e-001
1.114238e+004,-1.189135e-001
1.114286e+004,-6.892600e-002
1.114335e+004,-1.316508e-002
1.114383e+004,3.977433e-002
1.114431e+004,8.194235e-002
1.114479e+004,1.072982e-001
1.114528e+004,1.131696e-001
1.114576e+004,1.014216e-001
1.114624e+004,7.862056e-002
1.114672e+004,5.465413e-002
1.114720e+004,3.984464e-002
1.114769e+004,4.133575e-002
1.114817e+004,6.007329e-002
1.114865e+004,8.971280e-002
1.114913e+004,1.181693e-001
1.114961e+004,1.314980e-001
1.115010e+004,1.188049e-001
1.115058e+004,7.639080e-002
1.115106e+004,9.549094e-003
1.115154e+004,-6.872725e-002
1.115202e+004,-1.417340e-001
1.115251e+004,-1.943385e-001
1.115299e+004,-2.176726e-001
1.115347e+004,-2.116208e-001
1.115395e+004,-1.843777e-001
1.115444e+004,-1.494688e-001
1.115492e+004,-1.214481e-001
1.115540e+004,-1.117272e-001
1.115588e+004,-1.256827e-001
1.115636e+004,-1.615881e-001
1.115685e+004,-2.113436e-001
1.115733e+004,-2.625927e-001
1.115781e+004,-3.016788e-001
1.115829e+004,-3.168947e-001
1.115877e+004,-3.014807e-001
1.115926e+004,-2.557829e-001
1.115974e+004,-1.879400e-001
1.116022e+004,-1.126031e-001
1.116070e+004,-4.763244e-002
1.116118e+004,-9.392914e-003
1.116167e+004,-7.938491e-003
1.116215e+004,-4.369462e-002
1.116263e+004,-1.069817e-001
1.116311e+004,-1.808527e-001
1.116360e+004,-2.464919e-001
1.116408e+004,-2.893091e-001
1.116456e+004,-3.034087e-001
1.116504e+004,-2.926551e-001
1.116552e+004,-2.679413e-001
1.116601e+004,-2.418696e-001
1.116649e+004,-2.231186e-001
1.116697e+004,-2.128595e-001
1.116745e+004,-2.046716e-001
1.116793e+004,-1.879039e-001
1.116842e+004,-1.529326e-001
1.116890e+004,-9.595007e-002
1.116938e+004,-2.120043e-002
1.116986e+004,6.019315e-002
1.117035e+004,1.340795e-001
1.117083e+004,1.881848e-001
1.117131e+004,2.157932e-001
1.117179e+004,2.171662e-001
1.117227e+004,1.983145e-001
1.117276e+004,1.680022e-001
1.117324e+004,1.344518e-001
1.117372e+004,1.031121e-001
1.117420e+004,7.613237e-002
1.117468e+004,5.324972e-002
1.117517e+004,3.317832e-002
1.117565e+004,1.457194e-002
1.117613e+004,-3.865589e-003
1.117661e+004,-2.386491e-002
1.117709e+004,-4.796992e-002
1.117758e+004,-7.914960e-002
1.117806e+004,-1.194847e-001
1.117854e+004,-1.684363e-001
1.117902e+004,-2.216406e-001
1.117951e+004,-2.710994e-001
1.117999e+004,-3.070410e-001
1.118047e+004,-3.209123e-001
1.118095e+004,-3.083281e-001
1.118143e+004,-2.707120e-001
1.118192e+004,-2.148461e-001
1.118240e+004,-1.504373e-001
1.118288e+004,-8.667254e-002
1.118336e+004,-2.921549e-002
1.118384e+004,2.107446e-002
1.118433e+004,6.717016e-002
1.118481e+004,1.131408e-001
1.118529e+004,1.609476e-001
1.118577e+004,2.082932e-001
1.118626e+004,2.485933e-001
1.118674e+004,2.732102e-001
1.118722e+004,2.750815e-001
1.118770e+004,2.522174e-001
1.118818e+004,2.095269e-001
1.118867e+004,1.580870e-001
1.118915e+004,1.120087e-001
1.118963e+004,8.401202e-002
1.119011e+004,8.132946e-002
1.119059e+004,1.034148e-001
1.119108e+004,1.422663e-001
1.119156e+004,1.852123e-001
1.119204e+004,2.191090e-001
1.119252e+004,2.344021e-001
1.119300e+004,2.276224e-001
1.119349e+004,2.015579e-001
1.119397e+004,1.632770e-001
1.119445e+004,1.209516e-001
1.119493e+004,8.077428e-002
1.119542e+004,4.510168e-002
1.119590e+004,1.240539e-002
1.119638e+004,-2.110362e-002
1.119686e+004,-5.893807e-002
1.119734e+004,-1.019676e-001
1.119783e+004,-1.471959e-001
1.119831e+004,-1.881857e-001
1.119879e+004,-2.169865e-001
1.119927e+004,-2.268499e-001
1.119975e+004,-2.147428e-001
1.120024e+004,-1.827596e-001
1.120072e+004,-1.379361e-001
1.120120e+004,-9.051064e-002
1.120168e+004,-5.115468e-002
1.120217e+004,-2.813244e-002
1.120265e+004,-2.508465e-002
1.120313e+004,-4.019507e-002
1.120361e+004,-6.691838e-002
1.120409e+004,-9.598219e-002
1.120458e+004,-1.179792e-001
1.120506e+004,-1.257172e-001
1.120554e+004,-1.156346e-001
1.120602e+004,-8.796147e-002
1.120650e+004,-4.576595e-002
1.120699e+004,6.596497e-003
1.120747e+004,6.494693e-002
1.120795e+004,1.260856e-001
1.120843e+004,1.876972e-001
1.120892e+004,2.475501e-001
1.120940e+004,3.025191e-001
1.120988e+004,3.480524e-001
1.121036e+004,3.785022e-001
1.121084e+004,3.883214e-001
1.121133e+004,3.737010e-001
1.121181e+004,3.339733e-001
1.121229e+004,2.721845e-001
1.121277e+004,1.945674e-001
1.121325e+004,1.091074e-001
1.121374e+004,2.374301e-002
1.121422e+004,-5.512792e-002
1.121470e+004,-1.233396e-001
1.121518e+004,-1.787339e-001
1.121567e+004,-2.203293e-001
1.121615e+004,-2.474428e-001
1.121663e+004,-2.592760e-001
1.121711e+004,-2.551704e-001
1.121759e+004,-2.353310e-001
1.121808e+004,-2.015488e-001
1.121856e+004,-1.574327e-001
1.121904e+004,-1.079261e-001
1.121952e+004,-5.827928e-002
1.122000e+004,-1.294558e-002
1.122049e+004,2.509991e-002
1.122097e+004,5.437906e-002
1.122145e+004,7.440680e-002
1.122193e+004,8.508919e-002
1.122241e+004,8.646759e-002
1.122290e+004,7.900341e-002
1.122338e+004,6.421290e-002
1.122386e+004,4.515807e-002
1.122434e+004,2.628049e-002
1.122483e+004,1.236742e-002
1.122531e+004,6.931694e-003
1.122579e+004,1.069146e-002
1.122627e+004,2.092452e-002
1.122675e+004,3.216160e-002
1.122724e+004,3.809214e-002
1.122772e+004,3.396562e-002
1.122820e+004,1.847527e-002
1.122868e+004,-5.707501e-003
1.122916e+004,-3.299722e-002
1.122965e+004,-5.709557e-002
1.123013e+004,-7.336936e-002
1.123061e+004,-8.039141e-002
1.123109e+004,-8.002467e-002
1.123158e+004,-7.608433e-002
1.123206e+004,-7.218727e-002
1.123254e+004,-7.007575e-002
1.123302e+004,-6.847773e-002
1.123350e+004,-6.376415e-002
1.123399e+004,-5.158663e-002
1.123447e+004,-2.883795e-002
1.123495e+004,4.909732e-003
1.123543e+004,4.703736e-002
1.123591e+004,9.263609e-002
1.123640e+004,1.359995e-001
1.123688e+004,1.722436e-001
1.123736e+004,1.985090e-001
1.123784e+004,2.144661e-001
1.123832e+004,2.221550e-001
1.123881e+004,2.253927e-001
1.123929e+004,2.290011e-001
1.123977e+004,2.379844e-001
1.124025e+004,2.566590e-001
1.124074e+004,2.877087e-001
1.124122e+004,3.312573e-001
1.124170e+004,3.842191e-001
1.124218e+004,4.402902e-001
1.124266e+004,4.908354e-001
1.124315e+004,5.266427e-001
1.124363e+004,5.401416e-001
1.124411e+004,5.274348e-001
1.124459e+004,4.894501e-001
1.124507e+004,4.317675e-001
1.124556e+004,3.630635e-001
1.124604e+004,2.925963e-001
1.124652e+004,2.275029e-001
1.124700e+004,1.707976e-001
1.124748e+004,1.207576e-001
1.124797e+004,7.192577e-002
1.124845e+004,1.744696e-002
1.124893e+004,-4.796898e-002
1.124941e+004,-1.253720e-001
1.124990e+004,-2.100631e-001
1.125038e+004,-2.918458e-001
1.125086e+004,-3.571329e-001
1.125134e+004,-3.924008e-001
1.125182e+004,-3.879848e-001
1.125231e+004,-3.410156e-001
1.125279e+004,-2.565164e-001
1.125327e+004,-1.462459e-001
1.125375e+004,-2.561408e-002
1.125423e+004,9.034148e-002
1.125472e+004,1.905788e-001
1.125520e+004,2.700568e-001
1.125568e+004,3.295028e-001
1.125616e+004,3.731926e-001
1.125665e+004,4.057749e-001
1.125713e+004,4.295285e-001
1.125761e+004,4.432189e-001
1.125809e+004,4.430083e-001
1.125857e+004,4.249663e-001
1.125906e+004,3.880138e-001
1.125954e+004,3.359134e-001
1.126002e+004,2.773328e-001
1.126050e+004,2.238276e-001
1.126098e+004,1.864942e-001
1.126147e+004,1.725871e-001
1.126195e+004,1.833977e-001
1.126243e+004,2.141604e-001
1.126291e+004,2.561209e-001
1.126339e+004,2.988534e-001
1.126388e+004,3.339116e-001
1.126436e+004,3.563819e-001
1.126484e+004,3.650178e-001
1.126532e+004,3.609494e-001
1.126581e+004,3.457379e-001
1.126629e+004,3.197328e-001
1.126677e+004,2.814594e-001
1.126725e+004,2.282694e-001
1.126773e+004,1.579422e-001
1.126822e+004,7.053982e-002
1.126870e+004,-3.023937e-002
1.126918e+004,-1.367335e-001
1.126966e+004,-2.381472e-001
1.127014e+004,-3.223096e-001
1.127063e+004,-3.779025e-001
1.127111e+004,-3.966459e-001
1.127159e+004,-3.749728e-001
1.127207e+004,-3.148777e-001
1.127256e+004,-2.237779e-001
1.127304e+004,-1.134276e-001
1.127352e+004,1.935227e-003
1.127400e+004,1.079142e-001
1.127448e+004,1.923846e-001
1.127497e+004,2.476030e-001
1.127545e+004,2.715500e-001
1.127593e+004,2.681200e-001
1.127641e+004,2.459814e-001
1.127689e+004,2.162689e-001
1.127738e+004,1.896556e-001
1.127786e+004,1.736063e-001
1.127834e+004,1.706279e-001
1.127882e+004,1.780581e-001
1.127930e+004,1.894580e-001
1.127979e+004,1.971433e-001
1.128027e+004,1.949681e-001
1.128075e+004,1.803557e-001
1.128123e+004,1.548217e-001
1.128172e+004,1.228288e-001
1.128220e+004,8.951447e-002
1.128268e+004,5.835878e-002
1.128316e+004,2.991681e-002
1.128364e+004,2.273224e-003
1.128413e+004,-2.695368e-002
1.128461e+004,-5.805195e-002
1.128509e+004,-8.749109e-002
1.128557e+004,-1.081598e-001
1.128605e+004,-1.118245e-001
1.128654e+004,-9.295998e-002
1.128702e+004,-5.228160e-002
1.128750e+004,1.793833e-003
1.128798e+004,5.478503e-002
1.128847e+004,9.059627e-002
1.128895e+004,9.719986e-002
1.128943e+004,7.129508e-002
1.128991e+004,1.997849e-002
1.129039e+004,-4.138323e-002
1.129088e+004,-9.433895e-002
1.129136e+004,-1.235771e-001
1.129184e+004,-1.217252e-001
1.129232e+004,-9.088677e-002
1.129280e+004,-4.052266e-002
1.129329e+004,1.711202e-002
1.129377e+004,7.183181e-002
1.129425e+004,1.183387e-001
1.129473e+004,1.564046e-001
1.129521e+004,1.885618e-001
1.129570e+004,2.170278e-001
1.129618e+004,2.416598e-001
1.129666e+004,2.600187e-001
1.129714e+004,2.693430e-001
1.129763e+004,2.691198e-001
1.129811e+004,2.625572e-001
1.129859e+004,2.558687e-001
1.129907e+004,2.555193e-001
1.129955e+004,2.648042e-001
1.130004e+004,2.816259e-001
1.130052e+004,2.988260e-001
1.130100e+004,3.071743e-001
1.130148e+004,2.997190e-001
1.130196e+004,2.753888e-001
1.130245e+004,2.399565e-001
1.130293e+004,2.036999e-001
1.130341e+004,1.767425e-001
1.130389e+004,1.642952e-001
1.130438e+004,1.641596e-001
1.130486e+004,1.678322e-001
1.130534e+004,1.648287e-001
1.130582e+004,1.482781e-001
1.130630e+004,1.191146e-001
1.130679e+004,8.672420e-002
1.130727e+004,6.547418e-002
1.130775e+004,6.847823e-002
1.130823e+004,1.012633e-001
1.130871e+004,1.581196e-001
1.130920e+004,2.227859e-001
1.130968e+004,2.733441e-001
1.131016e+004,2.895135e-001
1.131064e+004,2.596187e-001
1.131113e+004,1.846682e-001
1.131161e+004,7.814115e-002
1.131209e+004,-3.825468e-002
1.131257e+004,-1.411257e-001
1.131305e+004,-2.118522e-001
1.131354e+004,-2.408895e-001
1.131402e+004,-2.288743e-001
1.131450e+004,-1.847257e-001
1.131498e+004,-1.218716e-001
1.131546e+004,-5.407991e-002
1.131595e+004,7.843889e-003
1.131643e+004,5.780742e-002
1.131691e+004,9.455723e-002
1.131739e+004,1.205443e-001
1.131788e+004,1.401058e-001
1.131836e+004,1.575587e-001
1.131884e+004,1.757214e-001
1.131932e+004,1.952164e-001
1.131980e+004,2.146891e-001
1.132029e+004,2.318156e-001
1.132077e+004,2.447360e-001
1.132125e+004,2.533877e-001
1.132173e+004,2.601953e-001
1.132221e+004,2.697408e-001
1.132270e+004,2.873918e-001
1.132318e+004,3.173085e-001
1.132366e+004,3.605743e-001
1.132414e+004,4.142352e-001
1.132463e+004,4.716633e-001
1.132511e+004,5.243048e-001
1.132559e+004,5.638974e-001
1.132607e+004,5.846183e-001
1.132655e+004,5.841978e-001
1.132704e+004,5.636817e-001
1.132752e+004,5.260859e-001
1.132800e+004,4.746949e-001
1.132848e+004,4.119310e-001
1.132896e+004,3.394479e-001
1.132945e+004,2.594744e-001
1.132993e+004,1.767309e-001
1.133041e+004,9.979179e-002
1.133089e+004,4.084453e-002
1.133138e+004,1.340334e-002
1.133186e+004,2.843978e-002
1.133234e+004,9.017482e-002
1.133282e+004,1.931138e-001
1.133330e+004,3.216666e-001
1.133379e+004,4.529533e-001
1.133427e+004,5.623254e-001
1.133475e+004,6.300533e-001
1.133523e+004,6.469519e-001
1.133571e+004,6.168851e-001
1.133620e+004,5.551692e-001
1.133668e+004,4.834574e-001
1.133716e+004,4.229893e-001
1.133764e+004,3.885514e-001
1.133813e+004,3.850331e-001
1.133861e+004,4.073857e-001
1.133909e+004,4.435775e-001
1.133957e+004,4.791848e-001
1.134005e+004,5.018675e-001
1.134054e+004,5.042428e-001
1.134102e+004,4.845088e-001
1.134150e+004,4.451558e-001
1.134198e+004,3.908181e-001
1.134246e+004,3.264260e-001
1.134295e+004,2.563443e-001
1.134343e+004,1.844815e-001
1.134391e+004,1.148049e-001
1.134439e+004,5.157799e-002
1.134487e+004,-1.042956e-003
1.134536e+004,-3.989583e-002
1.134584e+004,-6.362883e-002
1.134632e+004,-7.286452e-002
1.134680e+004,-6.950733e-002
1.134729e+004,-5.553307e-002
1.134777e+004,-3.197470e-002
1.134825e+004,1.235554e-003
1.134873e+004,4.436247e-002
1.134921e+004,9.632488e-002
1.134970e+004,1.533795e-001
1.135018e+004,2.088981e-001
1.135066e+004,2.546101e-001
1.135114e+004,2.829250e-001
1.135162e+004,2.893290e-001
1.135211e+004,2.737461e-001
1.135259e+004,2.402297e-001
1.135307e+004,1.951807e-001
1.135355e+004,1.450015e-001
1.135404e+004,9.434393e-002
1.135452e+004,4.573959e-002
1.135500e+004,6.131698e-004
1.135548e+004,-3.909593e-002
1.135596e+004,-6.996067e-002
1.135645e+004,-8.731287e-002
1.135693e+004,-8.704877e-002
1.135741e+004,-6.799338e-002
1.135789e+004,-3.353639e-002
1.135837e+004,8.521559e-003
1.135886e+004,4.813071e-002
1.135934e+004,7.638081e-002
1.135982e+004,8.868250e-002
1.136030e+004,8.631484e-002
1.136078e+004,7.559095e-002
1.136127e+004,6.494237e-002
1.136175e+004,6.117889e-002
1.136223e+004,6.657653e-002
1.136271e+004,7.805724e-002
1.136320e+004,8.872639e-002
1.136368e+004,9.095848e-002
1.136416e+004,7.961553e-002
1.136464e+004,5.409919e-002
1.136512e+004,1.859122e-002
1.136561e+004,-1.934922e-002
1.136609e+004,-5.108323e-002
1.136657e+004,-6.917680e-002
1.136705e+004,-6.900096e-002
1.136753e+004,-4.941542e-002
1.136802e+004,-1.267702e-002
1.136850e+004,3.614444e-002
1.136898e+004,9.005401e-002
1.136946e+004,1.412859e-001
1.136995e+004,1.827147e-001
1.137043e+004,2.093393e-001
1.137091e+004,2.194096e-001
1.137139e+004,2.146602e-001
1.137187e+004,1.993499e-001
1.137236e+004,1.783291e-001
1.137284e+004,1.549068e-001
1.137332e+004,1.295204e-001
1.137380e+004,9.990764e-002
1.137428e+004,6.278872e-002
1.137477e+004,1.628435e-002
1.137525e+004,-3.812253e-002
1.137573e+004,-9.514145e-002
1.137621e+004,-1.470990e-001
1.137669e+004,-1.866444e-001
1.137718e+004,-2.094060e-001
1.137766e+004,-2.151919e-001
1.137814e+004,-2.070346e-001
1.137862e+004,-1.885486e-001
1.137911e+004,-1.610615e-001
1.137959e+004,-1.221881e-001
1.138007e+004,-6.681381e-002
1.138055e+004,9.813473e-003
1.138103e+004,1.083322e-001
1.138152e+004,2.227581e-001
1.138200e+004,3.406314e-001
1.138248e+004,4.460245e-001
1.138296e+004,5.242684e-001
1.138344e+004,5.664041e-001
1.138393e+004,5.714666e-001
1.138441e+004,5.456951e-001
1.138489e+004,4.992287e-001
1.138537e+004,4.419838e-001
1.138586e+004,3.806934e-001
1.138634e+004,3.183570e-001
1.138682e+004,2.557600e-001
1.138730e+004,1.942153e-001
1.138778e+004,1.374971e-001
1.138827e+004,9.193951e-002
1.138875e+004,6.454276e-002
1.138923e+004,6.002455e-002
1.138971e+004,7.833447e-002
1.139019e+004,1.139316e-001
1.139068e+004,1.571967e-001
1.139116e+004,1.972400e-001
1.139164e+004,2.247391e-001
1.139212e+004,2.336570e-001
1.139260e+004,2.215293e-001
1.139309e+004,1.888742e-001
1.139357e+004,1.386316e-001
1.139405e+004,7.623197e-002
1.139453e+004,1.015076e-002
1.139502e+004,-4.787228e-002
1.139550e+004,-8.393245e-002
1.139598e+004,-8.481348e-002
1.139646e+004,-4.202439e-002
1.139694e+004,4.446183e-002
1.139743e+004,1.645024e-001
1.139791e+004,2.992277e-001
1.139839e+004,4.254931e-001
1.139887e+004,5.218784e-001
1.139935e+004,5.740308e-001
1.139984e+004,5.773823e-001
1.140032e+004,5.364220e-001
1.140080e+004,4.612050e-001
1.140128e+004,3.629328e-001
1.140177e+004,2.506674e-001
1.140225e+004,1.304903e-001
1.140273e+004,7.061213e-003
1.140321e+004,-1.137282e-001
1.140369e+004,-2.228681e-001
1.140418e+004,-3.085363e-001
1.140466e+004,-3.588417e-001
1.140514e+004,-3.659534e-001
1.140562e+004,-3.297789e-001
1.140610e+004,-2.594433e-001
1.140659e+004,-1.716949e-001
1.140707e+004,-8.663607e-002
1.140755e+004,-2.228953e-002
1.140803e+004,1.005132e-002
1.140851e+004,8.141913e-003
1.140900e+004,-2.175787e-002
1.140948e+004,-6.773385e-002
1.140996e+004,-1.161185e-001
1.141044e+004,-1.550697e-001
1.141093e+004,-1.768265e-001
1.141141e+004,-1.782587e-001
1.141189e+004,-1.599671e-001
1.141237e+004,-1.246417e-001
1.141285e+004,-7.552008e-002
1.141334e+004,-1.557822e-002
1.141382e+004,5.234158e-002
1.141430e+004,1.247243e-001
1.141478e+004,1.964712e-001
1.141526e+004,2.605362e-001
1.141575e+004,3.085832e-001
1.141623e+004,3.327375e-001
1.141671e+004,3.280094e-001
1.141719e+004,2.945687e-001
1.141767e+004,2.387676e-001
1.141816e+004,1.724164e-001
1.141864e+004,1.100297e-001
1.141912e+004,6.483848e-002
1.141960e+004,4.491572e-002
1.142009e+004,5.090374e-002
1.142057e+004,7.632468e-002
1.142105e+004,1.104454e-001
1.142153e+004,1.426069e-001
1.142201e+004,1.662870e-001
1.142250e+004,1.812561e-001
1.142298e+004,1.929690e-001
1.142346e+004,2.095141e-001
1.142394e+004,2.374993e-001
1.142442e+004,2.787197e-001
1.142491e+004,3.290588e-001
1.142539e+004,3.800161e-001
1.142587e+004,4.220259e-001
1.142635e+004,4.479691e-001
1.142684e+004,4.552984e-001
1.142732e+004,4.459797e-001
1.142780e+004,4.245417e-001
1.142828e+004,3.954443e-001
1.142876e+004,3.612243e-001
1.142925e+004,3.223703e-001
1.142973e+004,2.788742e-001
1.143021e+004,2.324489e-001
1.143069e+004,1.880018e-001
1.143117e+004,1.533218e-001
1.143166e+004,1.368521e-001
1.143214e+004,1.444422e-001
1.143262e+004,1.765429e-001
1.143310e+004,2.271620e-001
1.143358e+004,2.850953e-001
1.143407e+004,3.369115e-001
1.143455e+004,3.704326e-001
1.143503e+004,3.773626e-001
1.143551e+004,3.542615e-001
1.143600e+004,3.019309e-001
1.143648e+004,2.239927e-001
1.143696e+004,1.256933e-001
1.143744e+004,1.361204e-002
1.143792e+004,-1.037558e-001
1.143841e+004,-2.152701e-001
1.143889e+004,-3.072655e-001
1.143937e+004,-3.651947e-001
1.143985e+004,-3.767291e-001
1.144033e+004,-3.354390e-001
1.144082e+004,-2.437220e-001
1.144130e+004,-1.137238e-001
1.144178e+004,3.437831e-002
1.144226e+004,1.764516e-001
1.144275e+004,2.896941e-001
1.144323e+004,3.575263e-001
1.144371e+004,3.726424e-001
1.144419e+004,3.374690e-001
1.144467e+004,2.621945e-001
1.144516e+004,1.612747e-001
1.144564e+004,4.960964e-002
1.144612e+004,-6.053493e-002
1.144660e+004,-1.612123e-001
1.144708e+004,-2.489443e-001
1.144757e+004,-3.236422e-001
1.144805e+004,-3.868852e-001
1.144853e+004,-4.402402e-001
1.144901e+004,-4.840988e-001
1.144950e+004,-5.172647e-001
1.144998e+004,-5.372336e-001
1.145046e+004,-5.409350e-001
1.145094e+004,-5.256360e-001
1.145142e+004,-4.897769e-001
1.145191e+004,-4.335834e-001
1.145239e+004,-3.594095e-001
1.145287e+004,-2.717976e-001
1.145335e+004,-1.772587e-001
1.145383e+004,-8.371880e-002
1.145432e+004,4.268469e-004
1.145480e+004,6.766339e-002
1.145528e+004,1.129546e-001
1.145576e+004,1.352035e-001
1.145625e+004,1.380311e-001
1.145673e+004,1.293573e-001
1.145721e+004,1.195914e-001
1.145769e+004,1.187397e-001
1.145817e+004,1.332280e-001
1.145866e+004,1.634756e-001
1.145914e+004,2.031298e-001
1.145962e+004,2.403958e-001
1.146010e+004,2.612227e-001
1.146058e+004,2.534443e-001
1.146107e+004,2.105945e-001
1.146155e+004,1.341667e-001
1.146203e+004,3.362222e-002
1.146251e+004,-7.579921e-002
1.146299e+004,-1.767357e-001
1.146348e+004,-2.537470e-001
1.146396e+004,-2.966804e-001
1.146444e+004,-3.025745e-001
1.146492e+004,-2.757603e-001
1.146541e+004,-2.262909e-001
1.146589e+004,-1.672682e-001
1.146637e+004,-1.118640e-001
1.146685e+004,-7.082126e-002
1.146733e+004,-5.093763e-002
1.146782e+004,-5.466295e-002
1.146830e+004,-8.059148e-002
1.146878e+004,-1.244372e-001
1.146926e+004,-1.800511e-001
1.146974e+004,-2.401683e-001
1.147023e+004,-2.968076e-001
1.147071e+004,-3.415100e-001
1.147119e+004,-3.657771e-001
1.147167e+004,-3.620388e-001
1.147216e+004,-3.252121e-001
1.147264e+004,-2.545038e-001
1.147312e+004,-1.547500e-001
1.147360e+004,-3.651691e-002
1.147408e+004,8.549505e-002
1.147457e+004,1.955467e-001
1.147505e+004,2.805776e-001
1.147553e+004,3.332497e-001
1.147601e+004,3.531527e-001
1.147649e+004,3.456596e-001
1.147698e+004,3.188736e-001
1.147746e+004,2.799320e-001
1.147794e+004,2.322376e-001
1.147842e+004,1.747967e-001
1.147890e+004,1.038451e-001
1.147939e+004,1.610270e-002
1.147987e+004,-8.821800e-002
1.148035e+004,-2.038168e-001
1.148083e+004,-3.210776e-001
1.148132e+004,-4.288688e-001
1.148180e+004,-5.181167e-001
1.148228e+004,-5.845366e-001
1.148276e+004,-6.293361e-001
1.148324e+004,-6.576671e-001
1.148373e+004,-6.756381e-001
1.148421e+004,-6.872870e-001
1.148469e+004,-6.928133e-001
1.148517e+004,-6.886886e-001
1.148565e+004,-6.694186e-001
1.148614e+004,-6.301072e-001
1.148662e+004,-5.688370e-001
1.148710e+004,-4.881427e-001
1.148758e+004,-3.953040e-001
1.148807e+004,-3.015238e-001
1.148855e+004,-2.201801e-001
1.148903e+004,-1.643366e-001
1.148951e+004,-1.437286e-001
1.148999e+004,-1.616682e-001
1.149048e+004,-2.126520e-001
1.149096e+004,-2.817088e-001
1.149144e+004,-3.463745e-001
1.149192e+004,-3.815000e-001
1.149240e+004,-3.659975e-001
1.149289e+004,-2.895522e-001
1.149337e+004,-1.568376e-001
1.149385e+004,1.271362e-002
1.149433e+004,1.900449e-001
1.149481e+004,3.450626e-001
1.149530e+004,4.556871e-001
1.149578e+004,5.139868e-001
1.149626e+004,5.270444e-001
1.149674e+004,5.123363e-001
1.149723e+004,4.897283e-001
1.149771e+004,4.736001e-001
1.149819e+004,4.683619e-001
1.149867e+004,4.689010e-001
1.149915e+004,4.651701e-001
1.149964e+004,4.483812e-001
1.150012e+004,4.158226e-001
1.150060e+004,3.722273e-001
1.150108e+004,3.274201e-001
1.150156e+004,2.917605e-001
1.150205e+004,2.718458e-001
1.150253e+004,2.685576e-001
1.150301e+004,2.780913e-001
1.150349e+004,2.949460e-001
1.150398e+004,3.149124e-001
1.150446e+004,3.363449e-001
1.150494e+004,3.591841e-001
1.150542e+004,3.826037e-001
1.150590e+004,4.029837e-001
1.150639e+004,4.137262e-001
1.150687e+004,4.073288e-001
1.150735e+004,3.787483e-001
1.150783e+004,3.282244e-001
1.150831e+004,2.619317e-001
1.150880e+004,1.899422e-001
1.150928e+004,1.224178e-001
1.150976e+004,6.578044e-002
1.151024e+004,2.123536e-002
1.151072e+004,-1.480457e-002
1.151121e+004,-4.759049e-002
1.151169e+004,-8.064986e-002
1.151217e+004,-1.138211e-001
1.151265e+004,-1.436914e-001
1.151314e+004,-1.660502e-001
1.151362e+004,-1.788538e-001
1.151410e+004,-1.839418e-001
1.151458e+004,-1.864586e-001
1.151506e+004,-1.922155e-001
1.151555e+004,-2.043849e-001
1.151603e+004,-2.213186e-001
1.151651e+004,-2.366961e-001
1.151699e+004,-2.419510e-001
1.151747e+004,-2.297315e-001
1.151796e+004,-1.966818e-001
1.151844e+004,-1.443165e-001
1.151892e+004,-7.784348e-002
1.151940e+004,-3.841185e-003
1.151988e+004,7.182717e-002
1.152037e+004,1.448100e-001
1.152085e+004,2.116243e-001
1.152133e+004,2.683927e-001
1.152181e+004,3.101905e-001
1.152230e+004,3.318560e-001
1.152278e+004,3.301448e-001
1.152326e+004,3.061606e-001
1.152374e+004,2.666228e-001
1.152422e+004,2.229387e-001
1.152471e+004,1.880831e-001
1.152519e+004,1.724008e-001
1.152567e+004,1.800935e-001
1.152615e+004,2.079208e-001
1.152663e+004,2.466499e-001
1.152712e+004,2.845149e-001
1.152760e+004,3.111270e-001
1.152808e+004,3.202597e-001
1.152856e+004,3.106863e-001
1.152905e+004,2.852409e-001
1.152953e+004,2.490060e-001
1.153001e+004,2.076474e-001
1.153049e+004,1.664801e-001
1.153097e+004,1.301989e-001
1.153146e+004,1.027762e-001
1.153194e+004,8.708175e-002
1.153242e+004,8.420373e-002
1.153290e+004,9.291983e-002
1.153338e+004,1.098821e-001
1.153387e+004,1.307230e-001
1.153435e+004,1.516562e-001
1.153483e+004,1.706524e-001
1.153531e+004,1.873418e-001
1.153579e+004,2.014786e-001
1.153628e+004,2.108108e-001
1.153676e+004,2.098682e-001
1.153724e+004,1.910148e-001
1.153772e+004,1.480185e-001
1.153821e+004,8.083925e-002
1.153869e+004,-7.869995e-004
1.153917e+004,-7.739559e-002
1.153965e+004,-1.245485e-001
1.154013e+004,-1.211937e-001
1.154062e+004,-5.946255e-002
1.154110e+004,5.294474e-002
1.154158e+004,1.901348e-001
1.154206e+004,3.167006e-001
1.154254e+004,3.994842e-001
1.154303e+004,4.189619e-001
1.154351e+004,3.755265e-001
1.154399e+004,2.880409e-001
1.154447e+004,1.853894e-001
1.154496e+004,9.478240e-002
1.154544e+004,3.181855e-002
1.154592e+004,-3.685780e-003
1.154640e+004,-2.479228e-002
1.154688e+004,-4.927816e-002
1.154737e+004,-9.018357e-002
1.154785e+004,-1.493187e-001
1.154833e+004,-2.163646e-001
1.154881e+004,-2.735062e-001
1.154929e+004,-3.030880e-001
1.154978e+004,-2.946666e-001
1.155026e+004,-2.484678e-001
1.155074e+004,-1.742253e-001
1.155122e+004,-8.658734e-002
1.155171e+004,3.383656e-004
1.155219e+004,7.681198e-002
1.155267e+004,1.384477e-001
1.155315e+004,1.847779e-001
1.155363e+004,2.169193e-001
1.155412e+004,2.359478e-001
1.155460e+004,2.428065e-001
1.155508e+004,2.394257e-001
1.155556e+004,2.299485e-001
1.155604e+004,2.208891e-001
1.155653e+004,2.197397e-001
1.155701e+004,2.324735e-001
1.155749e+004,2.610614e-001
1.155797e+004,3.021587e-001
1.155846e+004,3.475942e-001
1.155894e+004,3.864952e-001
1.155942e+004,4.082305e-001
1.155990e+004,4.051081e-001
1.156038e+004,3.740504e-001
1.156087e+004,3.170129e-001
1.156135e+004,2.404088e-001
1.156183e+004,1.539578e-001
1.156231e+004,6.921905e-002
1.156279e+004,-2.172489e-003
1.156328e+004,-5.059313e-002
1.156376e+004,-7.064361e-002
1.156424e+004,-6.292403e-002
1.156472e+004,-3.460044e-002
1.156521e+004,1.832773e-003
1.156569e+004,3.160121e-002
1.156617e+004,4.173402e-002
1.156665e+004,2.483057e-002
1.156713e+004,-1.886668e-002
1.156762e+004,-8.183490e-002
1.156810e+004,-1.518154e-001
1.156858e+004,-2.154319e-001
1.156906e+004,-2.615173e-001
1.156954e+004,-2.831655e-001
1.157003e+004,-2.782835e-001
1.157051e+004,-2.490907e-001
1.157099e+004,-2.012719e-001
1.157147e+004,-1.449501e-001
1.157196e+004,-8.809106e-002
1.157244e+004,-4.213021e-002
1.157292e+004,-1.760332e-002
1.157340e+004,-2.116512e-002
1.157388e+004,-5.247123e-002
1.157437e+004,-1.023830e-001
1.157485e+004,-1.539067e-001
1.157533e+004,-1.863662e-001
1.157581e+004,-1.818421e-001
1.157629e+004,-1.316306e-001
1.157678e+004,-4.011349e-002
1.157726e+004,7.575648e-002
1.157774e+004,1.914970e-001
1.157822e+004,2.830044e-001
1.157871e+004,3.344577e-001
1.157919e+004,3.432274e-001
1.157967e+004,3.199482e-001
1.158015e+004,2.838819e-001
1.158063e+004,2.556136e-001
1.158112e+004,2.500464e-001
1.158160e+004,2.722242e-001
1.158208e+004,3.170910e-001
1.158256e+004,3.726647e-001
1.158304e+004,4.249497e-001
1.158353e+004,4.625797e-001
1.158401e+004,4.796540e-001
1.158449e+004,4.762021e-001
1.158497e+004,4.567252e-001
1.158546e+004,4.278484e-001
1.158594e+004,3.961392e-001
1.158642e+004,3.666939e-001
1.158690e+004,3.425520e-001
1.158738e+004,3.246613e-001
1.158787e+004,3.120767e-001
1.158835e+004,3.022694e-001
1.158883e+004,2.916146e-001
1.158931e+004,2.761809e-001
1.158979e+004,2.528041e-001
1.159028e+004,2.202184e-001
1.159076e+004,1.798566e-001
1.159124e+004,1.359837e-001
1.159172e+004,9.502929e-002
1.159220e+004,6.427506e-002
1.159269e+004,5.025393e-002
1.159317e+004,5.725333e-002
1.159365e+004,8.620694e-002
1.159413e+004,1.341062e-001
1.159462e+004,1.939659e-001
1.159510e+004,2.553757e-001
1.159558e+004,3.056993e-001
1.159606e+004,3.319846e-001
1.159654e+004,3.234860e-001
1.159703e+004,2.744434e-001
1.159751e+004,1.864482e-001
1.159799e+004,6.955395e-002
1.159847e+004,-5.859297e-002
1.159895e+004,-1.758550e-001
1.159944e+004,-2.604738e-001
1.159992e+004,-2.965319e-001
1.160040e+004,-2.784439e-001
1.160088e+004,-2.130131e-001
1.160137e+004,-1.182115e-001
1.160185e+004,-1.879117e-002
1.160233e+004,5.958480e-002
1.160281e+004,9.864751e-002
1.160329e+004,9.102353e-002
1.160378e+004,4.185929e-002
1.160426e+004,-3.368066e-002
1.160474e+004,-1.158861e-001
1.160522e+004,-1.870779e-001
1.160570e+004,-2.370395e-001
1.160619e+004,-2.654682e-001
1.160667e+004,-2.806802e-001
1.160715e+004,-2.951828e-001
1.160763e+004,-3.199090e-001
1.160811e+004,-3.594391e-001
1.160860e+004,-4.101247e-001
1.160908e+004,-4.618320e-001
1.160956e+004,-5.024926e-001
1.161004e+004,-5.234717e-001
1.161053e+004,-5.234474e-001
1.161101e+004,-5.091659e-001
1.161149e+004,-4.927623e-001
1.161197e+004,-4.867352e-001
1.161245e+004,-4.986164e-001
1.161294e+004,-5.275236e-001
1.161342e+004,-5.641024e-001
1.161390e+004,-5.939877e-001
1.161438e+004,-6.034000e-001
1.161486e+004,-5.845194e-001
1.161535e+004,-5.384135e-001
1.161583e+004,-4.744373e-001
1.161631e+004,-4.065638e-001
1.161679e+004,-3.482416e-001
1.161727e+004,-3.077353e-001
1.161776e+004,-2.855350e-001
1.161824e+004,-2.746011e-001
1.161872e+004,-2.632248e-001
1.161920e+004,-2.394058e-001
1.161969e+004,-1.951741e-001
1.162017e+004,-1.293794e-001
1.162065e+004,-4.809215e-002
1.162113e+004,3.739988e-002
1.162161e+004,1.142728e-001
1.162210e+004,1.723256e-001
1.162258e+004,2.072802e-001
1.162306e+004,2.221129e-001
1.162354e+004,2.258796e-001
1.162402e+004,2.303363e-001
1.162451e+004,2.454558e-001
1.162499e+004,2.754157e-001
1.162547e+004,3.165363e-001
1.162595e+004,3.580107e-001
1.162644e+004,3.852651e-001
1.162692e+004,3.847996e-001
1.162740e+004,3.487553e-001
1.162788e+004,2.775658e-001
1.162836e+004,1.798369e-001
1.162885e+004,6.973999e-002
1.162933e+004,-3.687663e-002
1.162981e+004,-1.261574e-001
1.163029e+004,-1.885677e-001
1.163077e+004,-2.195799e-001
1.163126e+004,-2.191992e-001
1.163174e+004,-1.911873e-001
1.163222e+004,-1.426144e-001
1.163270e+004,-8.372550e-002
1.163318e+004,-2.952675e-002
1.163367e+004,8.563471e-003
1.163415e+004,1.925600e-002
1.163463e+004,-2.737101e-003
1.163511e+004,-5.362593e-002
1.163560e+004,-1.198854e-001
1.163608e+004,-1.811130e-001
1.163656e+004,-2.160736e-001
1.163704e+004,-2.100266e-001
1.163752e+004,-1.605090e-001
1.163801e+004,-7.905553e-002
1.163849e+004,1.216598e-002
1.163897e+004,8.777057e-002
1.163945e+004,1.278711e-001
1.163993e+004,1.247452e-001
1.164042e+004,8.489925e-002
1.164090e+004,2.584199e-002
1.164138e+004,-3.098257e-002
1.164186e+004,-6.818140e-002
1.164235e+004,-7.818116e-002
1.164283e+004,-6.474242e-002
1.164331e+004,-4.002971e-002
1.164379e+004,-1.881045e-002
1.164427e+004,-1.231229e-002
1.164476e+004,-2.408925e-002
1.164524e+004,-4.915804e-002
1.164572e+004,-7.624209e-002
1.164620e+004,-9.186465e-002
1.164668e+004,-8.465741e-002
1.164717e+004,-4.859204e-002
1.164765e+004,1.544959e-002
1.164813e+004,9.970684e-002
1.164861e+004,1.908014e-001
1.164909e+004,2.718836e-001
1.164958e+004,3.254563e-001
1.165006e+004,3.366866e-001
1.165054e+004,2.968015e-001
1.165102e+004,2.058522e-001
1.165151e+004,7.395199e-002
1.165199e+004,-7.969216e-002
1.165247e+004,-2.300647e-001
1.165295e+004,-3.512993e-001
1.165343e+004,-4.220937e-001
1.165392e+004,-4.302017e-001
1.165440e+004,-3.749022e-001
1.165488e+004,-2.669292e-001
1.165536e+004,-1.259989e-001
1.165584e+004,2.338284e-002
1.165633e+004,1.568358e-001
1.165681e+004,2.546625e-001
1.165729e+004,3.051214e-001
1.165777e+004,3.058108e-001
1.165826e+004,2.629837e-001
1.165874e+004,1.890727e-001
1.165922e+004,9.911147e-002
1.165970e+004,7.030196e-003
1.166018e+004,-7.714844e-002
1.166067e+004,-1.484170e-001
1.166115e+004,-2.059578e-001
1.166163e+004,-2.508618e-001
1.166211e+004,-2.834896e-001
1.166259e+004,-3.017646e-001
1.166308e+004,-3.012766e-001
1.166356e+004,-2.772095e-001
1.166404e+004,-2.271313e-001
1.166452e+004,-1.533917e-001
1.166500e+004,-6.368888e-002
1.166549e+004,3.099039e-002
1.166597e+004,1.199146e-001
1.166645e+004,1.962761e-001
1.166693e+004,2.592597e-001
1.166742e+004,3.134413e-001
1.166790e+004,3.657025e-001
1.166838e+004,4.210963e-001
1.166886e+004,4.796671e-001
1.166934e+004,5.357717e-001
1.166983e+004,5.802038e-001
1.167031e+004,6.040516e-001
1.167079e+004,6.023908e-001
1.167127e+004,5.760738e-001
1.167175e+004,5.308735e-001
1.167224e+004,4.746092e-001
1.167272e+004,4.138962e-001
1.167320e+004,3.522767e-001
1.167368e+004,2.906222e-001
1.167417e+004,2.293483e-001
1.167465e+004,1.708791e-001
1.167513e+004,1.206152e-001
1.167561e+004,8.546223e-002
1.167609e+004,7.042922e-002
1.167658e+004,7.509364e-002
1.167706e+004,9.212663e-002
1.167754e+004,1.092312e-001
1.167802e+004,1.141252e-001
1.167850e+004,1.004778e-001
1.167899e+004,7.192699e-002
1.167947e+004,4.193109e-002
1.167995e+004,2.899574e-002
1.168043e+004,4.896652e-002
1.168092e+004,1.075816e-001
1.168140e+004,1.965861e-001
1.168188e+004,2.952962e-001
1.168236e+004,3.771862e-001
1.168284e+004,4.189072e-001
1.168333e+004,4.081260e-001
1.168381e+004,3.471305e-001
1.168429e+004,2.509735e-001
1.168477e+004,1.412494e-001
1.168525e+004,3.832383e-002
1.168574e+004,-4.472313e-002
1.168622e+004,-1.042486e-001
1.168670e+004,-1.440624e-001
1.168718e+004,-1.709297e-001
1.168767e+004,-1.900736e-001
1.168815e+004,-2.027961e-001
1.168863e+004,-2.070194e-001
1.168911e+004,-2.000071e-001
1.168959e+004,-1.815042e-001
1.169008e+004,-1.554500e-001
1.169056e+004,-1.292720e-001
1.169104e+004,-1.110671e-001
1.169152e+004,-1.060317e-001
1.169200e+004,-1.138267e-001
1.169249e+004,-1.280760e-001
1.169297e+004,-1.382176e-001
1.169345e+004,-1.329498e-001
1.169393e+004,-1.039288e-001
1.169441e+004,-4.837491e-002
1.169490e+004,2.980219e-002
1.169538e+004,1.225219e-001
1.169586e+004,2.186044e-001
1.169634e+004,3.070026e-001
1.169683e+004,3.790852e-001
1.169731e+004,4.299830e-001
1.169779e+004,4.589502e-001
1.169827e+004,4.689036e-001
1.169875e+004,4.653340e-001
1.169924e+004,4.547768e-001
1.169972e+004,4.430723e-001
1.170020e+004,4.337816e-001
1.170068e+004,4.272247e-001
1.170116e+004,4.205536e-001
1.170165e+004,4.089818e-001
1.170213e+004,3.878484e-001
1.170261e+004,3.547748e-001
1.170309e+004,3.110380e-001
1.170357e+004,2.615091e-001
1.170406e+004,2.130746e-001
1.170454e+004,1.720992e-001
1.170502e+004,1.419432e-001
1.170550e+004,1.215822e-001
1.170599e+004,1.059543e-001
1.170647e+004,8.793752e-002
1.170695e+004,6.116402e-002
1.170743e+004,2.254992e-002
1.170791e+004,-2.640381e-002
1.170840e+004,-7.988921e-002
1.170888e+004,-1.293301e-001
1.170936e+004,-1.654450e-001
1.170984e+004,-1.801134e-001
1.171032e+004,-1.676753e-001
1.171081e+004,-1.257378e-001
1.171129e+004,-5.579082e-002
1.171177e+004,3.618938e-002
1.171225e+004,1.393701e-001
1.171274e+004,2.385245e-001
1.171322e+004,3.159706e-001
1.171370e+004,3.551509e-001
1.171418e+004,3.451824e-001
1.171466e+004,2.849094e-001
1.171515e+004,1.847593e-001
1.171563e+004,6.525490e-002
1.171611e+004,-4.774697e-002
1.171659e+004,-1.297087e-001
1.171707e+004,-1.637401e-001
1.171756e+004,-1.444360e-001
1.171804e+004,-7.799874e-002
1.171852e+004,2.110419e-002
1.171900e+004,1.353466e-001
1.171948e+004,2.489714e-001
1.171997e+004,3.506273e-001
1.172045e+004,4.332537e-001
1.172093e+004,4.921130e-001
1.172141e+004,5.227638e-001
1.172190e+004,5.206295e-001
1.172238e+004,4.827367e-001
1.172286e+004,4.107408e-001
1.172334e+004,3.133720e-001
1.172382e+004,2.064949e-001
1.172431e+004,1.100585e-001
1.172479e+004,4.276364e-002
1.172527e+004,1.647560e-002
1.172575e+004,3.268118e-002
1.172623e+004,8.251780e-002
1.172672e+004,1.504088e-001
1.172720e+004,2.195347e-001
1.172768e+004,2.768384e-001
1.172816e+004,3.154019e-001
1.172865e+004,3.335129e-001
1.172913e+004,3.314734e-001
1.172961e+004,3.083213e-001
1.173009e+004,2.605140e-001
1.173057e+004,1.834198e-001
1.173106e+004,7.481570e-002
1.173154e+004,-6.160507e-002
1.173202e+004,-2.148404e-001
1.173250e+004,-3.683973e-001
1.173298e+004,-5.047463e-001
1.173347e+004,-6.104077e-001
1.173395e+004,-6.792923e-001
1.173443e+004,-7.127967e-001
1.173491e+004,-7.168545e-001
1.173539e+004,-6.976969e-001
1.173588e+004,-6.586874e-001
1.173636e+004,-5.999370e-001
1.173684e+004,-5.208648e-001
1.173732e+004,-4.241558e-001
1.173781e+004,-3.186857e-001
1.173829e+004,-2.193654e-001
1.173877e+004,-1.434194e-001
1.173925e+004,-1.045176e-001
1.173973e+004,-1.074120e-001
1.174022e+004,-1.456143e-001
1.174070e+004,-2.032757e-001
1.174118e+004,-2.605117e-001
1.174166e+004,-2.998883e-001
1.174214e+004,-3.113631e-001
1.174263e+004,-2.938315e-001
1.174311e+004,-2.530907e-001
1.174359e+004,-1.976732e-001
1.174407e+004,-1.347982e-001
1.174456e+004,-6.832810e-002
1.174504e+004,6.503660e-004
1.174552e+004,7.146838e-002
1.174600e+004,1.415056e-001
1.174648e+004,2.054606e-001
1.174697e+004,2.568571e-001
1.174745e+004,2.910115e-001
1.174793e+004,3.077569e-001
1.174841e+004,3.122760e-001
1.174889e+004,3.133294e-001
1.174938e+004,3.195027e-001
1.174986e+004,3.351550e-001
1.175034e+004,3.580149e-001
1.175082e+004,3.796635e-001
1.175130e+004,3.888238e-001
1.175179e+004,3.760963e-001
1.175227e+004,3.381842e-001
1.175275e+004,2.799481e-001
1.175323e+004,2.135532e-001
1.175372e+004,1.550855e-001
1.175420e+004,1.198673e-001
1.175468e+004,1.180454e-001
1.175516e+004,1.517730e-001
1.175564e+004,2.146115e-001
1.175613e+004,2.929884e-001
1.175661e+004,3.690082e-001
1.175709e+004,4.240006e-001
1.175757e+004,4.420138e-001
1.175805e+004,4.130831e-001
1.175854e+004,3.357348e-001
1.175902e+004,2.181932e-001
1.175950e+004,7.770666e-002
1.175998e+004,-6.229398e-002
1.176047e+004,-1.769194e-001
1.176095e+004,-2.454698e-001
1.176143e+004,-2.565694e-001
1.176191e+004,-2.112757e-001
1.176239e+004,-1.230556e-001
1.176288e+004,-1.439740e-002
1.176336e+004,8.911636e-002
1.176384e+004,1.655577e-001
1.176432e+004,2.022002e-001
1.176480e+004,1.982401e-001
1.176529e+004,1.640105e-001
1.176577e+004,1.171172e-001
1.176625e+004,7.683407e-002
1.176673e+004,5.854432e-002
1.176721e+004,6.987730e-002
1.176770e+004,1.095377e-001
1.176818e+004,1.688519e-001
1.176866e+004,2.351826e-001
1.176914e+004,2.958643e-001
1.176963e+004,3.413540e-001
1.177011e+004,3.667555e-001
1.177059e+004,3.715692e-001
1.177107e+004,3.581706e-001
1.177155e+004,3.299383e-001
1.177204e+004,2.899297e-001
1.177252e+004,2.406182e-001
1.177300e+004,1.845724e-001
1.177348e+004,1.254489e-001
1.177396e+004,6.847415e-002
1.177445e+004,1.984807e-002
1.177493e+004,-1.491983e-002
1.177541e+004,-3.306594e-002
1.177589e+004,-3.597581e-002
1.177638e+004,-2.903487e-002
1.177686e+004,-1.968770e-002
1.177734e+004,-1.430745e-002
1.177782e+004,-1.510869e-002
1.177830e+004,-1.845933e-002
1.177879e+004,-1.551133e-002
1.177927e+004,4.788375e-003
1.177975e+004,5.123425e-002
1.178023e+004,1.260793e-001
1.178071e+004,2.226406e-001
1.178120e+004,3.258595e-001
1.178168e+004,4.158085e-001
1.178216e+004,4.731054e-001
1.178264e+004,4.845917e-001
1.178313e+004,4.475658e-001
1.178361e+004,3.712727e-001
1.178409e+004,2.750903e-001
1.178457e+004,1.837386e-001
1.178505e+004,1.206936e-001
1.178554e+004,1.015627e-001
1.178602e+004,1.293418e-001
1.178650e+004,1.931120e-001
1.178698e+004,2.708810e-001
1.178746e+004,3.360471e-001
1.178795e+004,3.656440e-001
1.178843e+004,3.476995e-001
1.178891e+004,2.851057e-001
1.178939e+004,1.943872e-001
1.178988e+004,9.962807e-002
1.179036e+004,2.362959e-002
1.179084e+004,-2.046733e-002
1.179132e+004,-3.386987e-002
1.179180e+004,-3.115210e-002
1.179229e+004,-3.378786e-002
1.179277e+004,-6.063249e-002
1.179325e+004,-1.191845e-001
1.179373e+004,-2.012672e-001
1.179421e+004,-2.850189e-001
1.179470e+004,-3.425005e-001
1.179518e+004,-3.499484e-001
1.179566e+004,-2.966495e-001
1.179614e+004,-1.890222e-001
1.179663e+004,-4.845903e-002
1.179711e+004,9.603640e-002
1.179759e+004,2.174224e-001
1.179807e+004,2.987860e-001
1.179855e+004,3.373421e-001
1.179904e+004,3.433632e-001
1.179952e+004,3.351322e-001
1.180000e+004,3.322757e-001
1.180048e+004,3.499658e-001
1.180096e+004,3.955560e-001
1.180145e+004,4.679219e-001
1.180193e+004,5.587692e-001
1.180241e+004,6.548775e-001
1.180289e+004,7.405779e-001
1.180338e+004,8.002697e-001
1.180386e+004,8.210530e-001
1.180434e+004,7.954028e-001
1.180482e+004,7.233704e-001
1.180530e+004,6.135129e-001
1.180579e+004,4.818549e-001
1.180627e+004,3.488032e-001
1.180675e+004,2.347121e-001
1.180723e+004,1.553820e-001
1.180771e+004,1.188440e-001
1.180820e+004,1.242870e-001
1.180868e+004,1.631647e-001
1.180916e+004,2.217628e-001
1.180964e+004,2.841879e-001
1.181013e+004,3.349765e-001
1.181061e+004,3.610928e-001
1.181109e+004,3.535719e-001
1.181157e+004,3.091226e-001
1.181205e+004,2.316026e-001
1.181254e+004,1.326919e-001
1.181302e+004,3.081747e-002
1.181350e+004,-5.225813e-002
1.181398e+004,-9.678974e-002
1.181446e+004,-9.084849e-002
1.181495e+004,-3.446458e-002
1.181543e+004,5.965585e-002
1.181591e+004,1.694246e-001
1.181639e+004,2.697115e-001
1.181687e+004,3.395550e-001
1.181736e+004,3.677309e-001
1.181784e+004,3.548629e-001
1.181832e+004,3.116508e-001
1.181880e+004,2.542459e-001
1.181929e+004,1.987747e-001
1.181977e+004,1.568772e-001
1.182025e+004,1.335461e-001
1.182073e+004,1.274128e-001
1.182121e+004,1.327747e-001
1.182170e+004,1.423085e-001
1.182218e+004,1.495748e-001
1.182266e+004,1.508180e-001
1.182314e+004,1.458995e-001
1.182362e+004,1.382910e-001
1.182411e+004,1.340289e-001
1.182459e+004,1.396092e-001
1.182507e+004,1.591785e-001
1.182555e+004,1.919050e-001
1.182604e+004,2.307836e-001
1.182652e+004,2.639402e-001
1.182700e+004,2.786224e-001
1.182748e+004,2.667650e-001
1.182796e+004,2.298613e-001
1.182845e+004,1.805660e-001
1.182893e+004,1.394314e-001
1.182941e+004,1.272582e-001
1.182989e+004,1.558492e-001
1.183037e+004,2.212447e-001
1.183086e+004,3.029283e-001
1.183134e+004,3.700863e-001
1.183182e+004,3.928589e-001
1.183230e+004,3.540986e-001
1.183278e+004,2.566251e-001
1.183327e+004,1.226643e-001
1.183375e+004,-1.452962e-002
1.183423e+004,-1.233745e-001
1.183471e+004,-1.854533e-001
1.183520e+004,-2.008044e-001
1.183568e+004,-1.849604e-001
1.183616e+004,-1.596012e-001
1.183664e+004,-1.415936e-001
1.183712e+004,-1.356832e-001
1.183761e+004,-1.340792e-001
1.183809e+004,-1.227065e-001
1.183857e+004,-9.064603e-002
1.183905e+004,-3.775160e-002
1.183953e+004,2.363180e-002
1.184002e+004,7.390244e-002
1.184050e+004,9.579857e-002
1.184098e+004,8.344474e-002
1.184146e+004,4.619105e-002
1.184195e+004,5.250234e-003
1.184243e+004,-1.530270e-002
1.184291e+004,1.046195e-003
1.184339e+004,5.617023e-002
1.184387e+004,1.367010e-001
1.184436e+004,2.200466e-001
1.184484e+004,2.841943e-001
1.184532e+004,3.168494e-001
1.184580e+004,3.199448e-001
1.184628e+004,3.078136e-001
1.184677e+004,3.001997e-001
1.184725e+004,3.133929e-001
1.184773e+004,3.533043e-001
1.184821e+004,4.131231e-001
1.184869e+004,4.760706e-001
1.184918e+004,5.216150e-001
1.184966e+004,5.323862e-001
1.185014e+004,4.991770e-001
1.185062e+004,4.228112e-001
1.185111e+004,3.130541e-001
1.185159e+004,1.857342e-001
1.185207e+004,5.934427e-002
1.185255e+004,-4.810910e-002
1.185303e+004,-1.218027e-001
1.185352e+004,-1.523967e-001
1.185400e+004,-1.378369e-001
1.185448e+004,-8.424434e-002
1.185496e+004,-5.325812e-003
1.185544e+004,8.000041e-002
1.185593e+004,1.514886e-001
1.185641e+004,1.920462e-001
1.185689e+004,1.915440e-001
1.185737e+004,1.487904e-001
1.185786e+004,7.107508e-002
1.185834e+004,-2.849774e-002
1.185882e+004,-1.348982e-001
1.185930e+004,-2.349221e-001
1.185978e+004,-3.196236e-001
1.186027e+004,-3.848950e-001
1.186075e+004,-4.304224e-001
1.186123e+004,-4.578006e-001
1.186171e+004,-4.687109e-001
1.186219e+004,-4.638334e-001
1.186268e+004,-4.427281e-001
1.186316e+004,-4.045309e-001
1.186364e+004,-3.490623e-001
1.186412e+004,-2.779005e-001
1.186460e+004,-1.950495e-001
1.186509e+004,-1.069609e-001
1.186557e+004,-2.179694e-002
1.186605e+004,5.204067e-002
1.186653e+004,1.079086e-001
1.186702e+004,1.430009e-001
1.186750e+004,1.598505e-001
1.186798e+004,1.665479e-001
1.186846e+004,1.752296e-001
1.186894e+004,1.989229e-001
1.186943e+004,2.474890e-001
1.186991e+004,3.238974e-001
1.187039e+004,4.221579e-001
1.187087e+004,5.278487e-001
1.187135e+004,6.213975e-001
1.187184e+004,6.833640e-001
1.187232e+004,7.002090e-001
1.187280e+004,6.687561e-001
1.187328e+004,5.978368e-001
1.187376e+004,5.064270e-001
1.187425e+004,4.186549e-001
1.187473e+004,3.570773e-001
1.187521e+004,3.362001e-001
1.187569e+004,3.582188e-001
1.187618e+004,4.122978e-001
1.187666e+004,4.776547e-001
1.187714e+004,5.295575e-001
1.187762e+004,5.464666e-001
1.187810e+004,5.161809e-001
1.187859e+004,4.391237e-001
1.187907e+004,3.277734e-001
1.187955e+004,2.025210e-001
1.188003e+004,8.545568e-002
1.188051e+004,-5.742468e-003
1.188100e+004,-6.179970e-002
1.188148e+004,-8.275304e-002
1.188196e+004,-7.600698e-002
1.188244e+004,-5.279099e-002
1.188293e+004,-2.459732e-002
1.188341e+004,-8.163102e-004
1.188389e+004,1.202761e-002
1.188437e+004,9.884441e-003
1.188485e+004,-9.437389e-003
1.188534e+004,-4.630244e-002
1.188582e+004,-9.849986e-002
1.188630e+004,-1.602860e-001
1.188678e+004,-2.221997e-001
1.188726e+004,-2.724327e-001
1.188775e+004,-2.997600e-001
1.188823e+004,-2.971193e-001
1.188871e+004,-2.643635e-001
1.188919e+004,-2.088688e-001
1.188967e+004,-1.435109e-001
1.189016e+004,-8.268275e-002
1.189064e+004,-3.794366e-002
1.189112e+004,-1.511115e-002
1.189160e+004,-1.395027e-002
1.189209e+004,-3.038610e-002
1.189257e+004,-5.996751e-002
1.189305e+004,-1.007377e-001
1.189353e+004,-1.540042e-001
1.189401e+004,-2.225730e-001
1.189450e+004,-3.073018e-001
1.189498e+004,-4.037169e-001
1.189546e+004,-5.004802e-001
1.189594e+004,-5.806860e-001
1.189642e+004,-6.257312e-001
1.189691e+004,-6.204642e-001
1.189739e+004,-5.578870e-001
1.189787e+004,-4.419332e-001
1.189835e+004,-2.875459e-001
1.189884e+004,-1.181464e-001
1.189932e+004,3.871021e-002
1.189980e+004,1.563602e-001
1.190028e+004,2.137237e-001
1.190076e+004,1.990399e-001
1.190125e+004,1.123260e-001
1.190173e+004,-3.374687e-002
1.190221e+004,-2.150524e-001
1.190269e+004,-3.997521e-001
1.190317e+004,-5.544782e-001
1.190366e+004,-6.517788e-001
1.190414e+004,-6.766803e-001
1.190462e+004,-6.300789e-001
1.190510e+004,-5.276089e-001
1.190558e+004,-3.942679e-001
1.190607e+004,-2.565942e-001
1.190655e+004,-1.350067e-001
1.190703e+004,-3.878349e-002
1.190751e+004,3.483605e-002
1.190800e+004,9.746512e-002
1.190848e+004,1.638183e-001
1.190896e+004,2.457379e-001
1.190944e+004,3.481509e-001
1.190992e+004,4.680375e-001
1.191041e+004,5.961253e-001
1.191089e+004,7.199768e-001
1.191137e+004,8.269219e-001
1.191185e+004,9.057618e-001
1.191233e+004,9.472686e-001
1.191282e+004,9.442483e-001
1.191330e+004,8.921865e-001
1.191378e+004,7.909470e-001
1.191426e+004,6.470412e-001
1.191475e+004,4.751978e-001
1.191523e+004,2.978269e-001
1.191571e+004,1.416654e-001
1.191619e+004,3.212195e-002
1.191667e+004,-1.303575e-002
1.191716e+004,1.148247e-002
1.191764e+004,9.689458e-002
1.191812e+004,2.226989e-001
1.191860e+004,3.623183e-001
1.191908e+004,4.901935e-001
1.191957e+004,5.879668e-001
1.192005e+004,6.478087e-001
1.192053e+004,6.721276e-001
1.192101e+004,6.703146e-001
1.192150e+004,6.541175e-001
1.192198e+004,6.334571e-001
1.192246e+004,6.139841e-001
1.192294e+004,5.968287e-001
1.192342e+004,5.801144e-001
1.192391e+004,5.612507e-001
1.192439e+004,5.389049e-001
1.192487e+004,5.139207e-001
1.192535e+004,4.890164e-001
1.192583e+004,4.676209e-001
1.192632e+004,4.524657e-001
1.192680e+004,4.445139e-001
1.192728e+004,4.425606e-001
1.192776e+004,4.435176e-001
1.192825e+004,4.431157e-001
1.192873e+004,4.366392e-001
1.192921e+004,4.194026e-001
1.192969e+004,3.869170e-001
1.193017e+004,3.349519e-001
1.193066e+004,2.598498e-001
1.193114e+004,1.593768e-001
1.193162e+004,3.412771e-002
1.193210e+004,-1.108644e-001
1.193258e+004,-2.649787e-001
1.193307e+004,-4.121049e-001
1.193355e+004,-5.325896e-001
1.193403e+004,-6.070893e-001
1.193451e+004,-6.215899e-001
1.193499e+004,-5.720866e-001
1.193548e+004,-4.671261e-001
1.193596e+004,-3.268881e-001
1.193644e+004,-1.786264e-001
1.193692e+004,-4.962239e-002
1.193741e+004,4.024150e-002
1.193789e+004,8.391065e-002
1.193837e+004,8.870334e-002
1.193885e+004,7.323502e-002
1.193933e+004,6.055615e-002
1.193982e+004,6.978045e-002
1.194030e+004,1.091703e-001
1.194078e+004,1.731732e-001
1.194126e+004,2.444838e-001
1.194174e+004,3.004194e-001
1.194223e+004,3.213944e-001
1.194271e+004,2.984838e-001
1.194319e+004,2.372297e-001
1.194367e+004,1.561200e-001
1.194416e+004,8.021029e-002
1.194464e+004,3.233613e-002
1.194512e+004,2.531728e-002
1.194560e+004,5.803665e-002
1.194608e+004,1.166479e-001
1.194657e+004,1.801912e-001
1.194705e+004,2.283199e-001
1.194753e+004,2.481585e-001
1.194801e+004,2.377374e-001
1.194849e+004,2.049096e-001
1.194898e+004,1.625800e-001
1.194946e+004,1.225929e-001
1.194994e+004,9.103274e-002
1.195042e+004,6.684952e-002
1.195090e+004,4.410631e-002
1.195139e+004,1.652733e-002
1.195187e+004,-1.791692e-002
1.195235e+004,-5.454454e-002
1.195283e+004,-8.270456e-002
1.195332e+004,-8.931051e-002
1.195380e+004,-6.352983e-002
1.195428e+004,-6.266956e-004
1.195476e+004,9.649128e-002
1.195524e+004,2.183421e-001
1.195573e+004,3.517504e-001
1.195621e+004,4.831055e-001
1.195669e+004,6.006691e-001
1.195717e+004,6.953356e-001
1.195765e+004,7.601992e-001
1.195814e+004,7.899138e-001
1.195862e+004,7.808095e-001
1.195910e+004,7.320920e-001
1.195958e+004,6.475916e-001
1.196007e+004,5.368944e-001
1.196055e+004,4.147419e-001
1.196103e+004,2.982291e-001
1.196151e+004,2.024350e-001
1.196199e+004,1.360299e-001
1.196248e+004,9.867036e-002
1.196296e+004,8.139007e-002
1.196344e+004,7.001054e-002
1.196392e+004,5.038703e-002
1.196440e+004,1.360824e-002
1.196489e+004,-4.069682e-002
1.196537e+004,-1.040858e-001
1.196585e+004,-1.621190e-001
1.196633e+004,-1.992556e-001
1.196681e+004,-2.041413e-001
1.196730e+004,-1.735688e-001
1.196778e+004,-1.139268e-001
1.196826e+004,-3.980075e-002
1.196874e+004,2.977401e-002
1.196923e+004,7.632238e-002
1.196971e+004,8.683094e-002
1.197019e+004,5.721353e-002
1.197067e+004,-6.613469e-003
1.197115e+004,-9.035458e-002
1.197164e+004,-1.752125e-001
1.197212e+004,-2.429144e-001
1.197260e+004,-2.804727e-001
1.197308e+004,-2.831968e-001
1.197356e+004,-2.553300e-001
1.197405e+004,-2.080159e-001
1.197453e+004,-1.555009e-001
1.197501e+004,-1.109173e-001
1.197549e+004,-8.303123e-002
1.197597e+004,-7.480624e-002
1.197646e+004,-8.382198e-002
1.197694e+004,-1.038896e-001
1.197742e+004,-1.269434e-001
1.197790e+004,-1.445066e-001
1.197839e+004,-1.485664e-001
1.197887e+004,-1.322052e-001
1.197935e+004,-9.052591e-002
1.197983e+004,-2.212745e-002
1.198031e+004,6.919757e-002
1.198080e+004,1.734149e-001
1.198128e+004,2.748386e-001
1.198176e+004,3.548728e-001
1.198224e+004,3.964940e-001
1.198272e+004,3.891292e-001
1.198321e+004,3.321562e-001
1.198369e+004,2.356191e-001
1.198417e+004,1.177726e-001
1.198465e+004,2.831671e-004
1.198514e+004,-9.725146e-002
1.198562e+004,-1.616567e-001
1.198610e+004,-1.881671e-001
1.198658e+004,-1.797841e-001
1.198706e+004,-1.447200e-001
1.198755e+004,-9.319513e-002
1.198803e+004,-3.478223e-002
1.198851e+004,2.309781e-002
1.198899e+004,7.561976e-002
1.198947e+004,1.204452e-001
1.198996e+004,1.575137e-001
1.199044e+004,1.887964e-001
1.199092e+004,2.177203e-001
1.199140e+004,2.479443e-001
1.199188e+004,2.815473e-001
1.199237e+004,3.172506e-001
1.199285e+004,3.496368e-001
1.199333e+004,3.701615e-001
1.199381e+004,3.699909e-001
1.199430e+004,3.437262e-001
1.199478e+004,2.923691e-001
1.199526e+004,2.239835e-001
1.199574e+004,1.514183e-001
1.199622e+004,8.780379e-002
1.199671e+004,4.163657e-002
1.199719e+004,1.358352e-002
1.199767e+004,-3.499279e-003
1.199815e+004,-2.119160e-002
1.199863e+004,-5.014826e-002
1.199912e+004,-9.510626e-002
1.199960e+004,-1.525227e-001
1.200008e+004,-2.119118e-001
1.200056e+004,-2.602100e-001
1.200105e+004,-2.871432e-001
1.200153e+004,-2.892430e-001
1.200201e+004,-2.709364e-001
1.200249e+004,-2.424961e-001
1.200297e+004,-2.159110e-001
1.200346e+004,-2.004428e-001
1.200394e+004,-1.993165e-001
1.200442e+004,-2.087898e-001
1.200490e+004,-2.192896e-001
1.200538e+004,-2.180910e-001
1.200587e+004,-1.926203e-001
1.200635e+004,-1.336671e-001
1.200683e+004,-3.809401e-002
1.200731e+004,8.927706e-002
1.200779e+004,2.350577e-001
1.200828e+004,3.785890e-001
1.200876e+004,4.955911e-001
1.200924e+004,5.639112e-001
1.200972e+004,5.700745e-001
1.201021e+004,5.144500e-001
1.201069e+004,4.127783e-001
1.201117e+004,2.927358e-001
1.201165e+004,1.859886e-001
1.201213e+004,1.180551e-001
1.201262e+004,9.952461e-002
1.201310e+004,1.220844e-001
1.201358e+004,1.612719e-001
1.201406e+004,1.853227e-001
1.201454e+004,1.669560e-001
1.201503e+004,9.358170e-002
1.201551e+004,-2.800908e-002
1.201599e+004,-1.741527e-001
1.201647e+004,-3.127390e-001
1.201696e+004,-4.140073e-001
1.201744e+004,-4.595003e-001
1.201792e+004,-4.460941e-001
1.201840e+004,-3.842973e-001
1.201888e+004,-2.923336e-001
1.201937e+004,-1.889563e-001
1.201985e+004,-8.795556e-002
1.202033e+004,3.852540e-003
1.202081e+004,8.514781e-002
1.202129e+004,1.566369e-001
1.202178e+004,2.177156e-001
1.202226e+004,2.649031e-001
1.202274e+004,2.924888e-001
1.202322e+004,2.946394e-001
1.202371e+004,2.676466e-001
1.202419e+004,2.112315e-001
1.202467e+004,1.285819e-001
1.202515e+004,2.554768e-002
1.202563e+004,-9.023276e-002
1.202612e+004,-2.097085e-001
1.202660e+004,-3.223155e-001
1.202708e+004,-4.159907e-001
1.202756e+004,-4.780534e-001
1.202804e+004,-4.973321e-001
1.202853e+004,-4.671615e-001
1.202901e+004,-3.881615e-001
1.202949e+004,-2.694375e-001
1.202997e+004,-1.272783e-001
1.203046e+004,1.858669e-002
1.203094e+004,1.499825e-001
1.203142e+004,2.547200e-001
1.203190e+004,3.288477e-001
1.203238e+004,3.760401e-001
1.203287e+004,4.046196e-001
1.203335e+004,4.235927e-001
1.203383e+004,4.393435e-001
1.203431e+004,4.542056e-001
1.203479e+004,4.670180e-001
1.203528e+004,4.752947e-001
1.203576e+004,4.774832e-001
1.203624e+004,4.742863e-001
1.203672e+004,4.685154e-001
1.203721e+004,4.637529e-001
1.203769e+004,4.626569e-001
1.203817e+004,4.658232e-001
1.203865e+004,4.717213e-001
1.203913e+004,4.776065e-001
1.203962e+004,4.807966e-001
1.204010e+004,4.795479e-001
1.204058e+004,4.730754e-001
1.204106e+004,4.607969e-001
1.204154e+004,4.413831e-001
1.204203e+004,4.123275e-001
1.204251e+004,3.705197e-001
1.204299e+004,3.137666e-001
1.204347e+004,2.426826e-001
1.204396e+004,1.620627e-001
1.204444e+004,8.097665e-002
1.204492e+004,1.129965e-002
1.204540e+004,-3.493178e-002
1.204588e+004,-4.844867e-002
1.204637e+004,-2.499568e-002
1.204685e+004,3.372937e-002
1.204733e+004,1.205072e-001
1.204781e+004,2.240276e-001
1.204829e+004,3.307881e-001
1.204878e+004,4.270424e-001
1.204926e+004,5.005903e-001
1.204974e+004,5.423455e-001
1.205022e+004,5.476186e-001
1.205071e+004,5.169355e-001
1.205119e+004,4.561092e-001
1.205167e+004,3.753041e-001
1.205215e+004,2.870608e-001
1.205263e+004,2.035904e-001
1.205312e+004,1.340321e-001
1.205360e+004,8.252885e-002
1.205408e+004,4.783697e-002
1.205456e+004,2.468176e-002
1.205504e+004,6.389217e-003
1.205553e+004,-1.224457e-002
1.205601e+004,-3.301616e-002
1.205649e+004,-5.406841e-002
1.205697e+004,-7.129409e-002
1.205746e+004,-8.057610e-002
1.205794e+004,-7.969791e-002
1.205842e+004,-6.900101e-002
1.205890e+004,-5.056694e-002
1.205938e+004,-2.650161e-002
1.205987e+004,2.599146e-003
1.206035e+004,3.798788e-002
1.206083e+004,8.153526e-002
1.206131e+004,1.334795e-001
1.206179e+004,1.903961e-001
1.206228e+004,2.446698e-001
1.206276e+004,2.861063e-001
1.206324e+004,3.053149e-001
1.206372e+004,2.975898e-001
1.206420e+004,2.656057e-001
1.206469e+004,2.195257e-001
1.206517e+004,1.741098e-001
1.206565e+004,1.436409e-001
1.206613e+004,1.368089e-001
1.206662e+004,1.534975e-001
1.206710e+004,1.848524e-001
1.206758e+004,2.165444e-001
1.206806e+004,2.339104e-001
1.206854e+004,2.270689e-001
1.206903e+004,1.942494e-001
1.206951e+004,1.423497e-001
1.206999e+004,8.476749e-002
1.207047e+004,3.742417e-002
1.207095e+004,1.430147e-002
1.207144e+004,2.371310e-002
1.207192e+004,6.615077e-002
1.207240e+004,1.341228e-001
1.207288e+004,2.140108e-001
1.207336e+004,2.895612e-001
1.207385e+004,3.461715e-001
1.207433e+004,3.748047e-001
1.207481e+004,3.743341e-001
1.207529e+004,3.515041e-001
1.207578e+004,3.183476e-001
1.207626e+004,2.876989e-001
1.207674e+004,2.681727e-001
1.207722e+004,2.604482e-001
1.207770e+004,2.565401e-001
1.207819e+004,2.428110e-001
1.207867e+004,2.059083e-001
1.207915e+004,1.393435e-001
1.207963e+004,4.783703e-002
1.208011e+004,-5.272448e-002
1.208060e+004,-1.400889e-001
1.208108e+004,-1.935135e-001
1.208156e+004,-2.016082e-001
1.208204e+004,-1.669195e-001
1.208253e+004,-1.052717e-001
1.208301e+004,-4.001566e-002
1.208349e+004,6.596420e-003
1.208397e+004,2.152557e-002
1.208445e+004,5.416316e-003
1.208494e+004,-2.816689e-002
1.208542e+004,-5.815796e-002
1.208590e+004,-6.365256e-002
1.208638e+004,-3.074040e-002
1.208686e+004,4.385335e-002
1.208735e+004,1.530512e-001
1.208783e+004,2.826741e-001
1.208831e+004,4.157323e-001
1.208879e+004,5.359023e-001
1.208927e+004,6.292808e-001
1.208976e+004,6.847564e-001
1.209024e+004,6.941296e-001
1.209072e+004,6.530496e-001
1.209120e+004,5.629575e-001
1.209169e+004,4.331196e-001
1.209217e+004,2.811790e-001
1.209265e+004,1.308939e-001
1.209313e+004,6.881008e-003
1.209361e+004,-7.225268e-002
1.209410e+004,-9.983488e-002
1.209458e+004,-8.350033e-002
1.209506e+004,-4.265968e-002
1.209554e+004,-1.738869e-003
1.209602e+004,1.825938e-002
1.209651e+004,7.143745e-003
1.209699e+004,-3.151410e-002
1.209747e+004,-8.208597e-002
1.209795e+004,-1.227648e-001
1.209844e+004,-1.332525e-001
1.209892e+004,-1.014188e-001
1.209940e+004,-2.662774e-002
1.209988e+004,8.114176e-002
1.210036e+004,2.055409e-001
1.210085e+004,3.294010e-001
1.210133e+004,4.393364e-001
1.210181e+004,5.279492e-001
1.210229e+004,5.934385e-001
1.210277e+004,6.374771e-001
1.210326e+004,6.626886e-001
1.210374e+004,6.709032e-001
1.210422e+004,6.627798e-001
1.210470e+004,6.386869e-001
1.210518e+004,6.001768e-001
1.210567e+004,5.511562e-001
1.210615e+004,4.980533e-001
1.210663e+004,4.487253e-001
1.210711e+004,4.104335e-001
1.210760e+004,3.876112e-001
1.210808e+004,3.803296e-001
1.210856e+004,3.841722e-001
1.210904e+004,3.918098e-001
1.210952e+004,3.959486e-001
1.211001e+004,3.927199e-001
1.211049e+004,3.841737e-001
1.211097e+004,3.786114e-001
1.211145e+004,3.881472e-001
1.211193e+004,4.239884e-001
1.211242e+004,4.909946e-001
1.211290e+004,5.836255e-001
1.211338e+004,6.850884e-001
1.211386e+004,7.704880e-001
1.211435e+004,8.133385e-001
1.211483e+004,7.934802e-001
1.211531e+004,7.036825e-001
1.211579e+004,5.525197e-001
1.211627e+004,3.623939e-001
1.211676e+004,1.634289e-001
1.211724e+004,-1.459520e-002
1.211772e+004,-1.495421e-001
1.211820e+004,-2.312250e-001
1.211868e+004,-2.616739e-001
1.211917e+004,-2.517780e-001
1.211965e+004,-2.159717e-001
1.212013e+004,-1.672237e-001
1.212061e+004,-1.141994e-001
1.212109e+004,-6.125017e-002
1.212158e+004,-1.049746e-002
1.212206e+004,3.556638e-002
1.212254e+004,7.250506e-002
1.212302e+004,9.418650e-002
1.212351e+004,9.461286e-002
1.212399e+004,7.027991e-002
1.212447e+004,2.179057e-002
1.212495e+004,-4.608821e-002
1.212543e+004,-1.258661e-001
1.212592e+004,-2.094252e-001
1.212640e+004,-2.896649e-001
1.212688e+004,-3.609568e-001
1.212736e+004,-4.184150e-001
1.212784e+004,-4.567439e-001
1.212833e+004,-4.696901e-001
1.212881e+004,-4.509242e-001
1.212929e+004,-3.964255e-001
1.212977e+004,-3.075699e-001
1.213026e+004,-1.934857e-001
1.213074e+004,-7.116986e-002
1.213122e+004,3.745079e-002
1.213170e+004,1.110407e-001
1.213218e+004,1.351655e-001
1.213267e+004,1.069813e-001
1.213315e+004,3.639275e-002
1.213363e+004,-5.689862e-002
1.213411e+004,-1.495216e-001
1.213459e+004,-2.217065e-001
1.213508e+004,-2.632513e-001
1.213556e+004,-2.760786e-001
1.213604e+004,-2.723832e-001
1.213652e+004,-2.689545e-001
1.213700e+004,-2.797762e-001
1.213749e+004,-3.097218e-001
1.213797e+004,-3.517945e-001
1.213845e+004,-3.890107e-001
1.213893e+004,-4.003046e-001
1.213942e+004,-3.683421e-001
1.213990e+004,-2.864211e-001
1.214038e+004,-1.619523e-001
1.214086e+004,-1.527205e-002
1.214134e+004,1.257694e-001
1.214183e+004,2.335300e-001
1.214231e+004,2.879617e-001
1.214279e+004,2.812666e-001
1.214327e+004,2.185333e-001
1.214375e+004,1.146104e-001
1.214424e+004,-1.117660e-002
1.214472e+004,-1.402771e-001
1.214520e+004,-2.583547e-001
1.214568e+004,-3.562134e-001
1.214617e+004,-4.286992e-001
1.214665e+004,-4.727939e-001
1.214713e+004,-4.861740e-001
1.214761e+004,-4.669367e-001
1.214809e+004,-4.144171e-001
1.214858e+004,-3.304140e-001
1.214906e+004,-2.199981e-001
1.214954e+004,-9.140685e-002
1.215002e+004,4.497675e-002
1.215050e+004,1.781338e-001
1.215099e+004,2.978604e-001
1.215147e+004,3.957877e-001
1.215195e+004,4.659357e-001
1.215243e+004,5.050626e-001
1.215292e+004,5.130833e-001
1.215340e+004,4.935779e-001
1.215388e+004,4.540040e-001
1.215436e+004,4.050337e-001
1.215484e+004,3.586141e-001
1.215533e+004,3.249708e-001
1.215581e+004,3.094372e-001
1.215629e+004,3.103971e-001
1.215677e+004,3.193960e-001
1.215725e+004,3.237237e-001
1.215774e+004,3.107455e-001
1.215822e+004,2.724364e-001
1.215870e+004,2.084095e-001
1.215918e+004,1.261979e-001
1.215966e+004,3.873154e-002
1.216015e+004,-3.986960e-002
1.216063e+004,-9.843408e-002
1.216111e+004,-1.312725e-001
1.216159e+004,-1.384771e-001
1.216208e+004,-1.244132e-001
1.216256e+004,-9.549839e-002
1.216304e+004,-5.836949e-002
1.216352e+004,-1.894436e-002
1.216400e+004,1.789125e-002
1.216449e+004,4.870541e-002
1.216497e+004,7.260486e-002
1.216545e+004,9.279300e-002
1.216593e+004,1.175541e-001
1.216641e+004,1.592679e-001
1.216690e+004,2.306467e-001
1.216738e+004,3.387847e-001
1.216786e+004,4.791811e-001
1.216834e+004,6.326606e-001
1.216883e+004,7.675359e-001
1.216931e+004,8.474115e-001
1.216979e+004,8.425857e-001
1.217027e+004,7.410371e-001
1.217075e+004,5.545700e-001
1.217124e+004,3.171749e-001
1.217172e+004,7.564417e-002
1.217220e+004,-1.243674e-001
1.217268e+004,-2.517121e-001
1.217316e+004,-2.976446e-001
1.217365e+004,-2.755634e-001
1.217413e+004,-2.132025e-001
1.217461e+004,-1.408514e-001
1.217509e+004,-8.059134e-002
1.217557e+004,-4.075394e-002
1.217606e+004,-1.723040e-002
1.217654e+004,-1.164094e-004
1.217702e+004,1.805070e-002
1.217750e+004,3.654499e-002
1.217799e+004,4.572760e-002
1.217847e+004,3.127754e-002
1.217895e+004,-1.900262e-002
1.217943e+004,-1.091354e-001
1.217991e+004,-2.322497e-001
1.218040e+004,-3.719485e-001
1.218088e+004,-5.066885e-001
1.218136e+004,-6.151153e-001
1.218184e+004,-6.804464e-001
1.218232e+004,-6.929338e-001
1.218281e+004,-6.505395e-001
1.218329e+004,-5.586399e-001
1.218377e+004,-4.294503e-001
1.218425e+004,-2.812224e-001
1.218474e+004,-1.365720e-001
1.218522e+004,-1.921431e-002
1.218570e+004,5.092095e-002
1.218618e+004,6.305680e-002
1.218666e+004,1.939128e-002
1.218715e+004,-6.461959e-002
1.218763e+004,-1.643757e-001
1.218811e+004,-2.536927e-001
1.218859e+004,-3.132341e-001
1.218907e+004,-3.365283e-001
1.218956e+004,-3.314067e-001
1.219004e+004,-3.158644e-001
1.219052e+004,-3.102588e-001
1.219100e+004,-3.290415e-001
1.219148e+004,-3.753244e-001
1.219197e+004,-4.401606e-001
1.219245e+004,-5.063356e-001
1.219293e+004,-5.547173e-001
1.219341e+004,-5.705280e-001
1.219390e+004,-5.473855e-001
1.219438e+004,-4.882262e-001
1.219486e+004,-4.036065e-001
1.219534e+004,-3.086520e-001
1.219582e+004,-2.198762e-001
1.219631e+004,-1.523952e-001
1.219679e+004,-1.174288e-001
1.219727e+004,-1.198523e-001
1.219775e+004,-1.560972e-001
1.219823e+004,-2.133635e-001
1.219872e+004,-2.713589e-001
1.219920e+004,-3.071133e-001
1.219968e+004,-3.020595e-001
1.220016e+004,-2.491165e-001
1.220065e+004,-1.568949e-001
1.220113e+004,-4.881652e-002
1.220161e+004,4.318278e-002
1.220209e+004,8.839733e-002
1.220257e+004,6.696631e-002
1.220306e+004,-2.429692e-002
1.220354e+004,-1.719144e-001
1.220402e+004,-3.510996e-001
1.220450e+004,-5.337579e-001
1.220498e+004,-6.956157e-001
1.220547e+004,-8.199043e-001
1.220595e+004,-8.971033e-001
1.220643e+004,-9.223349e-001
1.220691e+004,-8.929747e-001
1.220739e+004,-8.084834e-001
1.220788e+004,-6.727477e-001
1.220836e+004,-4.972740e-001
1.220884e+004,-3.025825e-001
1.220932e+004,-1.157257e-001
1.220981e+004,3.610462e-002
1.221029e+004,1.335789e-001
1.221077e+004,1.712781e-001
1.221125e+004,1.589118e-001
1.221173e+004,1.170308e-001
1.221222e+004,6.909436e-002
1.221270e+004,3.334408e-002
1.221318e+004,1.793467e-002
1.221366e+004,2.117549e-002
1.221414e+004,3.625497e-002
1.221463e+004,5.762958e-002
1.221511e+004,8.552559e-002
1.221559e+004,1.261619e-001
1.221607e+004,1.877227e-001
1.221656e+004,2.744431e-001
1.221704e+004,3.821893e-001
1.221752e+004,4.981125e-001
1.221800e+004,6.047868e-001
1.221848e+004,6.868238e-001
1.221897e+004,7.366322e-001
1.221945e+004,7.568773e-001
1.221993e+004,7.563008e-001
1.222041e+004,7.453074e-001
1.222089e+004,7.295803e-001
1.222138e+004,7.068324e-001
1.222186e+004,6.678484e-001
1.222234e+004,6.011819e-001
1.222282e+004,4.991107e-001
1.222330e+004,3.619495e-001
1.222379e+004,1.988307e-001
1.222427e+004,2.493943e-002
1.222475e+004,-1.431179e-001
1.222523e+004,-2.915058e-001
1.222572e+004,-4.112091e-001
1.222620e+004,-4.976202e-001
1.222668e+004,-5.486907e-001
1.222716e+004,-5.632815e-001
1.222764e+004,-5.409527e-001
1.222813e+004,-4.833342e-001
1.222861e+004,-3.960893e-001
1.222909e+004,-2.899449e-001
1.222957e+004,-1.796542e-001
1.223005e+004,-8.082176e-002
1.223054e+004,-5.739655e-003
1.223102e+004,3.999061e-002
1.223150e+004,5.856549e-002
1.223198e+004,5.841229e-002
1.223246e+004,5.076563e-002
1.223295e+004,4.590338e-002
1.223343e+004,5.043735e-002
1.223391e+004,6.632906e-002
1.223439e+004,9.145710e-002
1.223488e+004,1.210259e-001
1.223536e+004,1.490621e-001
1.223584e+004,1.695867e-001
1.223632e+004,1.774856e-001
1.223680e+004,1.693263e-001
1.223729e+004,1.442540e-001
1.223777e+004,1.047574e-001
1.223825e+004,5.681661e-002
1.223873e+004,8.989582e-003
1.223921e+004,-2.959487e-002
1.223970e+004,-5.178060e-002
1.224018e+004,-5.449507e-002
1.224066e+004,-3.953035e-002
1.224114e+004,-1.265495e-002
1.224163e+004,1.851540e-002
1.224211e+004,4.692256e-002
1.224259e+004,6.776279e-002
1.224307e+004,7.895935e-002
1.224355e+004,8.057079e-002
1.224404e+004,7.378616e-002
1.224452e+004,6.022479e-002
1.224500e+004,4.189111e-002
1.224548e+004,2.156400e-002
1.224596e+004,3.019491e-003
1.224645e+004,-9.482550e-003
1.224693e+004,-1.253867e-002
1.224741e+004,-5.254633e-003
1.224789e+004,9.683894e-003
1.224838e+004,2.627802e-002
1.224886e+004,3.697067e-002
1.224934e+004,3.526121e-002
1.224982e+004,1.808367e-002
1.225030e+004,-1.432160e-002
1.225079e+004,-5.704758e-002
1.225127e+004,-1.003611e-001
1.225175e+004,-1.341325e-001
1.225223e+004,-1.498218e-001
1.225271e+004,-1.414620e-001
1.225320e+004,-1.060745e-001
1.225368e+004,-4.424438e-002
1.225416e+004,3.884488e-002
1.225464e+004,1.324759e-001
1.225513e+004,2.207456e-001
1.225561e+004,2.852270e-001
1.225609e+004,3.099081e-001
1.225657e+004,2.869374e-001
1.225705e+004,2.206890e-001
1.225754e+004,1.277696e-001
1.225802e+004,3.200295e-002
1.225850e+004,-4.433640e-002
1.225898e+004,-8.969116e-002
1.225946e+004,-1.086734e-001
1.225995e+004,-1.208951e-001
1.226043e+004,-1.531208e-001
1.226091e+004,-2.278409e-001
1.226139e+004,-3.531503e-001
1.226188e+004,-5.182506e-001
1.226236e+004,-6.962769e-001
1.226284e+004,-8.529231e-001
1.226332e+004,-9.571400e-001
1.226380e+004,-9.898525e-001
1.226429e+004,-9.480013e-001
1.226477e+004,-8.433200e-001
1.226525e+004,-6.971748e-001
1.226573e+004,-5.338701e-001
1.226621e+004,-3.748752e-001
1.226670e+004,-2.354961e-001
1.226718e+004,-1.241897e-001
1.226766e+004,-4.360024e-002
1.226814e+004,7.905417e-003
1.226863e+004,3.499729e-002
1.226911e+004,4.449545e-002
1.226959e+004,4.447109e-002
1.227007e+004,4.305059e-002
1.227055e+004,4.706756e-002
1.227104e+004,6.106250e-002
1.227152e+004,8.710257e-002
1.227200e+004,1.254479e-001
1.227248e+004,1.755677e-001
1.227296e+004,2.367864e-001
1.227345e+004,3.081203e-001
1.227393e+004,3.874626e-001
1.227441e+004,4.708069e-001
1.227489e+004,5.522897e-001
1.227538e+004,6.253488e-001
1.227586e+004,6.845876e-001
1.227634e+004,7.273824e-001
1.227682e+004,7.543290e-001
1.227730e+004,7.681754e-001
1.227779e+004,7.717057e-001
1.227827e+004,7.656269e-001
1.227875e+004,7.475762e-001
1.227923e+004,7.127764e-001
1.227971e+004,6.560088e-001
1.228020e+004,5.738987e-001
1.228068e+004,4.665197e-001
1.228116e+004,3.368272e-001
1.228164e+004,1.941948e-001
1.228213e+004,4.929138e-002
1.228261e+004,-8.551284e-002
1.228309e+004,-1.970732e-001
1.228357e+004,-2.726595e-001
1.228405e+004,-3.017550e-001
1.228454e+004,-2.784628e-001
1.228502e+004,-2.039434e-001
1.228550e+004,-8.783850e-002
1.228598e+004,5.238105e-002
1.228646e+004,1.945822e-001
1.228695e+004,3.169926e-001
1.228743e+004,4.033907e-001
1.228791e+004,4.464636e-001
1.228839e+004,4.480594e-001
1.228887e+004,4.164722e-001
1.228936e+004,3.621813e-001
1.228984e+004,2.940021e-001
1.229032e+004,2.171942e-001
1.229080e+004,1.339900e-001
1.229129e+004,4.582555e-002
1.229177e+004,-4.418226e-002
1.229225e+004,-1.298790e-001
1.229273e+004,-2.024154e-001
1.229321e+004,-2.519239e-001
1.229370e+004,-2.696188e-001
1.229418e+004,-2.495368e-001
1.229466e+004,-1.896746e-001
1.229514e+004,-9.279446e-002
1.229562e+004,3.276369e-002
1.229611e+004,1.723622e-001
1.229659e+004,3.051896e-001
1.229707e+004,4.062948e-001
1.229755e+004,4.511757e-001
1.229804e+004,4.224035e-001
1.229852e+004,3.163536e-001
1.229900e+004,1.472592e-001
1.229948e+004,-5.387194e-002
1.229996e+004,-2.462298e-001
1.230045e+004,-3.903605e-001
1.230093e+004,-4.596986e-001
1.230141e+004,-4.480654e-001
1.230189e+004,-3.701367e-001
1.230237e+004,-2.547676e-001
1.230286e+004,-1.340883e-001
1.230334e+004,-3.291949e-002
1.230382e+004,3.741702e-002
1.230430e+004,7.907222e-002
1.230478e+004,1.024254e-001
1.230527e+004,1.186984e-001
1.230575e+004,1.340249e-001
1.230623e+004,1.474538e-001
1.230671e+004,1.532254e-001
1.230720e+004,1.455334e-001
1.230768e+004,1.229211e-001
1.230816e+004,8.997460e-002
1.230864e+004,5.568669e-002
1.230912e+004,2.974126e-002
1.230961e+004,1.892036e-002
1.231009e+004,2.544314e-002
1.231057e+004,4.766373e-002
1.231105e+004,8.212521e-002
1.231153e+004,1.253184e-001
1.231202e+004,1.725577e-001
1.231250e+004,2.219063e-001
1.231298e+004,2.673390e-001
1.231346e+004,3.007931e-001
1.231395e+004,3.142752e-001
1.231443e+004,3.033736e-001
1.231491e+004,2.703927e-001
1.231539e+004,2.250142e-001
1.231587e+004,1.813584e-001
1.231636e+004,1.521639e-001
1.231684e+004,1.425480e-001
1.231732e+004,1.464222e-001
1.231780e+004,1.476863e-001
1.231828e+004,1.262376e-001
1.231877e+004,6.654847e-002
1.231925e+004,-3.482113e-002
1.231973e+004,-1.662010e-001
1.232021e+004,-3.038929e-001
1.232069e+004,-4.202698e-001
1.232118e+004,-4.935150e-001
1.232166e+004,-5.148531e-001
1.232214e+004,-4.903243e-001
1.232262e+004,-4.366558e-001
1.232311e+004,-3.734026e-001
1.232359e+004,-3.150196e-001
1.232407e+004,-2.662987e-001
1.232455e+004,-2.228523e-001
1.232503e+004,-1.759570e-001
1.232552e+004,-1.191742e-001
1.232600e+004,-5.360057e-002
1.232648e+004,1.053780e-002
1.232696e+004,5.649080e-002
1.232744e+004,6.660177e-002
1.232793e+004,2.868736e-002
1.232841e+004,-5.915285e-002
1.232889e+004,-1.868535e-001
1.232937e+004,-3.341492e-001
1.232985e+004,-4.749837e-001
1.233034e+004,-5.831705e-001
1.233082e+004,-6.379397e-001
1.233130e+004,-6.283431e-001
1.233178e+004,-5.557557e-001
1.233227e+004,-4.338292e-001
1.233275e+004,-2.855103e-001
1.233323e+004,-1.373924e-001
1.233371e+004,-1.272986e-002
1.233419e+004,7.472053e-002
1.233468e+004,1.238328e-001
1.233516e+004,1.450003e-001
1.233564e+004,1.550898e-001
1.233612e+004,1.702284e-001
1.233660e+004,1.990761e-001
1.233709e+004,2.392351e-001
1.233757e+004,2.784345e-001
1.233805e+004,3.002471e-001
1.233853e+004,2.920583e-001
1.233902e+004,2.518415e-001
1.233950e+004,1.907064e-001
1.233998e+004,1.299892e-001
1.234046e+004,9.394505e-002
1.234094e+004,1.008265e-001
1.234143e+004,1.557042e-001
1.234191e+004,2.476617e-001
1.234239e+004,3.523465e-001
1.234287e+004,4.379249e-001
1.234335e+004,4.781137e-001
1.234384e+004,4.547903e-001
1.234432e+004,3.645038e-001
1.234480e+004,2.194237e-001
1.234528e+004,4.457837e-002
1.234576e+004,-1.276060e-001
1.234625e+004,-2.641147e-001
1.234673e+004,-3.381700e-001
1.234721e+004,-3.349115e-001
1.234769e+004,-2.549259e-001
1.234818e+004,-1.147800e-001
1.234866e+004,5.596098e-002
1.234914e+004,2.210776e-001
1.234962e+004,3.462612e-001
1.235010e+004,4.077796e-001
1.235059e+004,3.986566e-001
1.235107e+004,3.302188e-001
1.235155e+004,2.282303e-001
1.235203e+004,1.246772e-001
1.235251e+004,4.785779e-002
1.235300e+004,1.409730e-002
1.235348e+004,2.379217e-002
1.235396e+004,6.285700e-002
1.235444e+004,1.086522e-001
1.235493e+004,1.379995e-001
1.235541e+004,1.344541e-001
1.235589e+004,9.263889e-002
1.235637e+004,1.871393e-002
1.235685e+004,-7.257497e-002
1.235734e+004,-1.628359e-001
1.235782e+004,-2.351452e-001
1.235830e+004,-2.778006e-001
1.235878e+004,-2.859359e-001
1.235926e+004,-2.611011e-001
1.235975e+004,-2.095757e-001
1.236023e+004,-1.403663e-001
1.236071e+004,-6.360050e-002
1.236119e+004,1.047211e-002
1.236167e+004,7.209772e-002
1.236216e+004,1.126892e-001
1.236264e+004,1.258653e-001
1.236312e+004,1.088178e-001
1.236360e+004,6.356850e-002
1.236409e+004,-2.555389e-003
1.236457e+004,-7.779912e-002
1.236505e+004,-1.483739e-001
1.236553e+004,-2.019194e-001
1.236601e+004,-2.310018e-001
1.236650e+004,-2.353231e-001
1.236698e+004,-2.215208e-001
1.236746e+004,-2.002574e-001
1.236794e+004,-1.814803e-001
1.236842e+004,-1.697565e-001
1.236891e+004,-1.618218e-001
1.236939e+004,-1.477121e-001
1.236987e+004,-1.153053e-001
1.237035e+004,-5.651819e-002
1.237084e+004,2.756678e-002
1.237132e+004,1.252116e-001
1.237180e+004,2.173630e-001
1.237228e+004,2.848413e-001
1.237276e+004,3.164228e-001
1.237325e+004,3.141734e-001
1.237373e+004,2.935666e-001
1.237421e+004,2.783936e-001
1.237469e+004,2.908429e-001
1.237517e+004,3.432164e-001
1.237566e+004,4.328506e-001
1.237614e+004,5.426526e-001
1.237662e+004,6.470090e-001
1.237710e+004,7.206333e-001
1.237758e+004,7.467331e-001
1.237807e+004,7.213905e-001
1.237855e+004,6.529754e-001
1.237903e+004,5.577530e-001
1.237951e+004,4.542229e-001
1.238000e+004,3.586710e-001
1.238048e+004,2.830880e-001
1.238096e+004,2.350708e-001
1.238144e+004,2.183724e-001
1.238192e+004,2.329158e-001
1.238241e+004,2.740508e-001
1.238289e+004,3.319568e-001
1.238337e+004,3.925349e-001
1.238385e+004,4.405345e-001
1.238433e+004,4.642465e-001
1.238482e+004,4.597924e-001
1.238530e+004,4.327082e-001
1.238578e+004,3.955218e-001
1.238626e+004,3.618942e-001
1.238675e+004,3.397380e-001
1.238723e+004,3.265562e-001
1.238771e+004,3.095698e-001
1.238819e+004,2.711031e-001
1.238867e+004,1.971183e-001
1.238916e+004,8.505742e-002
1.238964e+004,-5.275539e-002
1.239012e+004,-1.919323e-001
1.239060e+004,-3.040045e-001
1.239108e+004,-3.661716e-001
1.239157e+004,-3.686681e-001
1.239205e+004,-3.167567e-001
1.239253e+004,-2.269147e-001
1.239301e+004,-1.194542e-001
1.239350e+004,-1.126881e-002
1.239398e+004,8.805203e-002
1.239446e+004,1.754914e-001
1.239494e+004,2.503955e-001
1.239542e+004,3.095626e-001
1.239591e+004,3.445722e-001
1.239639e+004,3.430065e-001
1.239687e+004,2.931065e-001
1.239735e+004,1.895754e-001
1.239783e+004,3.761570e-002
1.239832e+004,-1.468225e-001
1.239880e+004,-3.408022e-001
1.239928e+004,-5.206163e-001
1.239976e+004,-6.679914e-001
1.240025e+004,-7.740274e-001
1.240073e+004,-8.397205e-001
1.240121e+004,-8.733458e-001
1.240169e+004,-8.860764e-001
1.240217e+004,-8.876503e-001
1.240266e+004,-8.835412e-001
1.240314e+004,-8.743263e-001
1.240362e+004,-8.570576e-001
1.240410e+004,-8.278520e-001
1.240458e+004,-7.857364e-001
1.240507e+004,-7.313254e-001
1.240555e+004,-6.707018e-001
1.240603e+004,-6.125482e-001
1.240651e+004,-5.654255e-001
1.240699e+004,-5.347506e-001
1.240748e+004,-5.206851e-001
1.240796e+004,-5.180114e-001
1.240844e+004,-5.183926e-001
1.240892e+004,-5.143171e-001
1.240941e+004,-5.030276e-001
1.240989e+004,-4.884221e-001
1.241037e+004,-4.795822e-001
1.241085e+004,-4.860852e-001
1.241133e+004,-5.118893e-001
1.241182e+004,-5.506580e-001
1.241230e+004,-5.852628e-001
1.241278e+004,-5.926953e-001
1.241326e+004,-5.531632e-001
1.241374e+004,-4.597655e-001
1.241423e+004,-3.241643e-001
1.241471e+004,-1.749709e-001
1.241519e+004,-4.862985e-002
1.241567e+004,2.391806e-002
1.241615e+004,2.947656e-002
1.241664e+004,-2.131683e-002
1.241712e+004,-9.669054e-002
1.241760e+004,-1.543989e-001
1.241808e+004,-1.563812e-001
1.241857e+004,-8.187248e-002
1.241905e+004,6.595626e-002
1.241953e+004,2.620783e-001
1.242001e+004,4.690819e-001
1.242049e+004,6.498674e-001
1.242098e+004,7.785729e-001
1.242146e+004,8.461103e-001
1.242194e+004,8.593372e-001
1.242242e+004,8.354605e-001
1.242290e+004,7.946599e-001
1.242339e+004,7.538390e-001
1.242387e+004,7.231048e-001
1.242435e+004,7.050499e-001
1.242483e+004,6.958115e-001
1.242532e+004,6.868079e-001
1.242580e+004,6.666209e-001
1.242628e+004,6.231760e-001
1.242676e+004,5.465450e-001
1.242724e+004,4.322141e-001
1.242773e+004,2.839012e-001
1.242821e+004,1.145772e-001
1.242869e+004,-5.531758e-002
1.242917e+004,-2.024126e-001
1.242965e+004,-3.063761e-001
1.243014e+004,-3.551802e-001
1.243062e+004,-3.476442e-001
1.243110e+004,-2.923777e-001
1.243158e+004,-2.038419e-001
1.243206e+004,-9.756585e-002
1.243255e+004,1.327003e-002
1.243303e+004,1.186642e-001
1.243351e+004,2.104307e-001
1.243399e+004,2.802832e-001
1.243448e+004,3.192094e-001
1.243496e+004,3.190753e-001
1.243544e+004,2.764431e-001
1.243592e+004,1.933702e-001
1.243640e+004,8.075669e-002
1.243689e+004,-4.500651e-002
1.243737e+004,-1.669352e-001
1.243785e+004,-2.725662e-001
1.243833e+004,-3.568569e-001
1.243881e+004,-4.215504e-001
1.243930e+004,-4.714948e-001
1.243978e+004,-5.100024e-001
1.244026e+004,-5.358589e-001
1.244074e+004,-5.437518e-001
1.244123e+004,-5.279900e-001
1.244171e+004,-4.874619e-001
1.244219e+004,-4.288497e-001
1.244267e+004,-3.658356e-001
1.244315e+004,-3.140619e-001
1.244364e+004,-2.839961e-001
1.244412e+004,-2.752324e-001
1.244460e+004,-2.753635e-001
1.244508e+004,-2.644578e-001
1.244556e+004,-2.234989e-001
1.244605e+004,-1.431925e-001
1.244653e+004,-2.925926e-002
1.244701e+004,9.826881e-002
1.244749e+004,2.117037e-001
1.244797e+004,2.856705e-001
1.244846e+004,3.062246e-001
1.244894e+004,2.753039e-001
1.244942e+004,2.088505e-001
1.244990e+004,1.297842e-001
1.245039e+004,5.912618e-002
1.245087e+004,9.002747e-003
1.245135e+004,-1.997315e-002
1.245183e+004,-3.653190e-002
1.245231e+004,-5.335136e-002
1.245280e+004,-8.105785e-002
1.245328e+004,-1.240794e-001
1.245376e+004,-1.796225e-001
1.245424e+004,-2.395021e-001
1.245472e+004,-2.934295e-001
1.245521e+004,-3.321247e-001
1.245569e+004,-3.492020e-001
1.245617e+004,-3.416941e-001
1.245665e+004,-3.097629e-001
1.245714e+004,-2.562762e-001
1.245762e+004,-1.865591e-001
1.245810e+004,-1.081022e-001
1.245858e+004,-2.972133e-002
1.245906e+004,4.015169e-002
1.245955e+004,9.582094e-002
1.246003e+004,1.364926e-001
1.246051e+004,1.671884e-001
1.246099e+004,1.976223e-001
1.246147e+004,2.390214e-001
1.246196e+004,2.997830e-001
1.246244e+004,3.815290e-001
1.246292e+004,4.771738e-001
1.246340e+004,5.719953e-001
1.246388e+004,6.475841e-001
1.246437e+004,6.874082e-001
1.246485e+004,6.820701e-001
1.246533e+004,6.323820e-001
1.246581e+004,5.491209e-001
1.246630e+004,4.496661e-001
1.246678e+004,3.518287e-001
1.246726e+004,2.686954e-001
1.246774e+004,2.046774e-001
1.246822e+004,1.551547e-001
1.246871e+004,1.097040e-001
1.246919e+004,5.771119e-002
1.246967e+004,-5.798405e-003
1.247015e+004,-7.646882e-002
1.247063e+004,-1.407017e-001
1.247112e+004,-1.797733e-001
1.247160e+004,-1.766278e-001
1.247208e+004,-1.228557e-001
1.247256e+004,-2.317485e-002
1.247305e+004,1.043955e-001
1.247353e+004,2.328855e-001
1.247401e+004,3.338086e-001
1.247449e+004,3.851572e-001
1.247497e+004,3.772815e-001
1.247546e+004,3.148121e-001
1.247594e+004,2.142104e-001
1.247642e+004,9.806199e-002
1.247690e+004,-1.177021e-002
1.247738e+004,-9.981973e-002
1.247787e+004,-1.598901e-001
1.247835e+004,-1.946888e-001
1.247883e+004,-2.129947e-001
1.247931e+004,-2.258520e-001
1.247979e+004,-2.432464e-001
1.248028e+004,-2.720705e-001
1.248076e+004,-3.153262e-001
1.248124e+004,-3.719691e-001
1.248172e+004,-4.367994e-001
1.248221e+004,-5.002843e-001
1.248269e+004,-5.487736e-001
1.248317e+004,-5.658604e-001
1.248365e+004,-5.353522e-001
1.248413e+004,-4.455783e-001
1.248462e+004,-2.938782e-001
1.248510e+004,-8.961280e-002
1.248558e+004,1.457846e-001
1.248606e+004,3.823092e-001
1.248654e+004,5.877674e-001
1.248703e+004,7.352515e-001
1.248751e+004,8.093963e-001
1.248799e+004,8.094577e-001
1.248847e+004,7.483037e-001
1.248896e+004,6.478268e-001
1.248944e+004,5.324286e-001
1.248992e+004,4.227622e-001
1.249040e+004,3.315700e-001
1.249088e+004,2.625506e-001
1.249137e+004,2.120335e-001
1.249185e+004,1.723913e-001
1.249233e+004,1.357391e-001
1.249281e+004,9.669606e-002
1.249329e+004,5.354125e-002
1.249378e+004,7.787169e-003
1.249426e+004,-3.728551e-002
1.249474e+004,-7.837402e-002
1.249522e+004,-1.135453e-001
1.249571e+004,-1.429496e-001
1.249619e+004,-1.688621e-001
1.249667e+004,-1.952343e-001
1.249715e+004,-2.268480e-001
1.249763e+004,-2.687566e-001
1.249812e+004,-3.245452e-001
1.249860e+004,-3.951794e-001
1.249908e+004,-4.777238e-001
1.249956e+004,-5.645463e-001
1.250004e+004,-6.434992e-001
