4.999633e+003,4.468458e-002
5.000115e+003,4.487133e-002
5.000597e+003,4.128686e-002
5.001079e+003,3.567325e-002
5.001562e+003,3.033307e-002
5.002043e+003,2.741066e-002
5.002525e+003,2.816283e-002
5.003008e+003,3.245070e-002
5.003490e+003,3.863655e-002
5.003972e+003,4.395112e-002
5.004454e+003,4.524555e-002
5.004936e+003,3.991438e-002
5.005418e+003,2.671735e-002
5.005900e+003,6.258450e-003
5.006382e+003,-1.901521e-002
5.006865e+003,-4.529285e-002
5.007347e+003,-6.823049e-002
5.007829e+003,-8.392256e-002
5.008311e+003,-8.978221e-002
5.008793e+003,-8.513065e-002
5.009275e+003,-7.136734e-002
5.009757e+003,-5.168506e-002
5.010240e+003,-3.038811e-002
5.010722e+003,-1.195666e-002
5.011204e+003,-5.903728e-005
5.011686e+003,3.262884e-003
5.012168e+003,-1.958972e-003
5.012650e+003,-1.365128e-002
5.013132e+003,-2.820352e-002
5.013614e+003,-4.131421e-002
5.014097e+003,-4.896069e-002
5.014579e+003,-4.825134e-002
5.015061e+003,-3.796340e-002
5.015543e+003,-1.866847e-002
5.016025e+003,7.534484e-003
5.016507e+003,3.756008e-002
5.016989e+003,6.798196e-002
5.017471e+003,9.561965e-002
5.017954e+003,1.179564e-001
5.018436e+003,1.333486e-001
5.018918e+003,1.410525e-001
5.019400e+003,1.411321e-001
5.019882e+003,1.343190e-001
5.020364e+003,1.218794e-001
5.020846e+003,1.055058e-001
5.021329e+003,8.721653e-002
5.021811e+003,6.922105e-002
5.022292e+003,5.371020e-002
5.022775e+003,4.255885e-002
5.023257e+003,3.698238e-002
5.023739e+003,3.724121e-002
5.024221e+003,4.251444e-002
5.024703e+003,5.103853e-002
5.025186e+003,6.052639e-002
5.025667e+003,6.877202e-002
5.026150e+003,7.424591e-002
5.026632e+003,7.645473e-002
5.027114e+003,7.589912e-002
5.027596e+003,7.361448e-002
5.028078e+003,7.046387e-002
5.028560e+003,6.648788e-002
5.029042e+003,6.062968e-002
5.029524e+003,5.102043e-002
5.030007e+003,3.576273e-002
5.030489e+003,1.400010e-002
5.030971e+003,-1.332071e-002
5.031453e+003,-4.319802e-002
5.031935e+003,-7.110633e-002
5.032417e+003,-9.216229e-002
5.032899e+003,-1.025298e-001
5.033381e+003,-1.005577e-001
5.033864e+003,-8.723624e-002
5.034346e+003,-6.581796e-002
5.034828e+003,-4.075820e-002
5.035310e+003,-1.636897e-002
5.035792e+003,4.343894e-003
5.036274e+003,2.029379e-002
5.036756e+003,3.223630e-002
5.037239e+003,4.210943e-002
5.037721e+003,5.207368e-002
5.038203e+003,6.358564e-002
5.038685e+003,7.677957e-002
5.039167e+003,9.030568e-002
5.039649e+003,1.016400e-001
5.040131e+003,1.077688e-001
5.040613e+003,1.060688e-001
5.041096e+003,9.515871e-002
5.041578e+003,7.547957e-002
5.042060e+003,4.940471e-002
5.042542e+003,2.078573e-002
5.043024e+003,-5.987039e-003
5.043506e+003,-2.714820e-002
5.043988e+003,-4.056071e-002
5.044470e+003,-4.618841e-002
5.044953e+003,-4.583656e-002
5.045435e+003,-4.223576e-002
5.045917e+003,-3.781965e-002
5.046399e+003,-3.369521e-002
5.046881e+003,-2.924825e-002
5.047363e+003,-2.256835e-002
5.047845e+003,-1.152067e-002
5.048327e+003,5.006534e-003
5.048810e+003,2.624396e-002
5.049292e+003,4.947769e-002
5.049774e+003,7.083625e-002
5.050256e+003,8.661017e-002
5.050738e+003,9.455407e-002
5.051220e+003,9.464075e-002
5.051702e+003,8.898412e-002
5.052185e+003,8.100522e-002
5.052667e+003,7.421242e-002
5.053148e+003,7.107673e-002
5.053631e+003,7.237877e-002
5.054113e+003,7.716077e-002
5.054595e+003,8.317090e-002
5.055077e+003,8.754625e-002
5.055559e+003,8.748939e-002
5.056042e+003,8.080291e-002
5.056523e+003,6.626668e-002
5.057006e+003,4.389320e-002
5.057488e+003,1.506125e-002
5.057970e+003,-1.754437e-002
5.058452e+003,-5.028632e-002
5.058934e+003,-7.925165e-002
5.059416e+003,-1.011313e-001
5.059898e+003,-1.140323e-001
5.060380e+003,-1.179049e-001
5.060863e+003,-1.143783e-001
5.061345e+003,-1.060579e-001
5.061827e+003,-9.551858e-002
5.062309e+003,-8.444301e-002
5.062791e+003,-7.327163e-002
5.063273e+003,-6.146451e-002
5.063755e+003,-4.818407e-002
5.064237e+003,-3.300422e-002
5.064720e+003,-1.626102e-002
5.065202e+003,1.125981e-003
5.065684e+003,1.822227e-002
5.066166e+003,3.466006e-002
5.066648e+003,5.083165e-002
5.067130e+003,6.750270e-002
5.067612e+003,8.499307e-002
5.068095e+003,1.023556e-001
5.068577e+003,1.170511e-001
5.069059e+003,1.254158e-001
5.069541e+003,1.238453e-001
5.070023e+003,1.102474e-001
5.070505e+003,8.514635e-002
5.070987e+003,5.193248e-002
5.071469e+003,1.610634e-002
5.071952e+003,-1.620628e-002
5.072434e+003,-3.989387e-002
5.072916e+003,-5.204490e-002
5.073398e+003,-5.230407e-002
5.073880e+003,-4.239816e-002
5.074362e+003,-2.516440e-002
5.074844e+003,-3.557365e-003
5.075326e+003,1.997818e-002
5.075809e+003,4.363108e-002
5.076291e+003,6.597327e-002
5.076773e+003,8.561782e-002
5.077255e+003,1.010506e-001
5.077737e+003,1.107504e-001
5.078219e+003,1.135276e-001
5.078701e+003,1.088973e-001
5.079184e+003,9.730449e-002
5.079666e+003,8.011653e-002
5.080147e+003,5.941185e-002
5.080630e+003,3.766210e-002
5.081112e+003,1.739318e-002
5.081594e+003,8.589764e-004
5.082076e+003,-1.028031e-002
5.082558e+003,-1.527125e-002
5.083041e+003,-1.450926e-002
5.083522e+003,-9.589978e-003
5.084004e+003,-3.053466e-003
5.084487e+003,2.204864e-003
5.084969e+003,3.734367e-003
5.085451e+003,2.863680e-004
5.085933e+003,-7.761069e-003
5.086415e+003,-1.849962e-002
5.086897e+003,-2.909290e-002
5.087379e+003,-3.665546e-002
5.087862e+003,-3.906372e-002
5.088344e+003,-3.540300e-002
5.088826e+003,-2.594228e-002
5.089308e+003,-1.175872e-002
5.089790e+003,5.714686e-003
5.090272e+003,2.495446e-002
5.090754e+003,4.432009e-002
5.091236e+003,6.185189e-002
5.091719e+003,7.515617e-002
5.092201e+003,8.152968e-002
5.092683e+003,7.888553e-002
5.093165e+003,6.650263e-002
5.093647e+003,4.572647e-002
5.094129e+003,2.008060e-002
5.094611e+003,-5.429766e-003
5.095093e+003,-2.570138e-002
5.095576e+003,-3.715207e-002
5.096058e+003,-3.896260e-002
5.096540e+003,-3.342906e-002
5.097022e+003,-2.524110e-002
5.097504e+003,-1.991934e-002
5.097986e+003,-2.196931e-002
5.098468e+003,-3.341086e-002
5.098951e+003,-5.318545e-002
5.099433e+003,-7.760789e-002
5.099915e+003,-1.016505e-001
5.100397e+003,-1.205721e-001
5.100879e+003,-1.313207e-001
5.101361e+003,-1.332641e-001
5.101843e+003,-1.280702e-001
5.102325e+003,-1.188663e-001
5.102808e+003,-1.090344e-001
5.103290e+003,-1.010866e-001
5.103771e+003,-9.598500e-002
5.104254e+003,-9.308541e-002
5.104736e+003,-9.064621e-002
5.105218e+003,-8.665883e-002
5.105700e+003,-7.966341e-002
5.106182e+003,-6.925105e-002
5.106665e+003,-5.609408e-002
5.107146e+003,-4.154030e-002
5.107629e+003,-2.698048e-002
5.108111e+003,-1.328322e-002
5.108593e+003,-5.530682e-004
5.109075e+003,1.168322e-002
5.109557e+003,2.395980e-002
5.110040e+003,3.628649e-002
5.110521e+003,4.780814e-002
5.111003e+003,5.692355e-002
5.111486e+003,6.186939e-002
5.111968e+003,6.154396e-002
5.112450e+003,5.620347e-002
5.112932e+003,4.768636e-002
5.113414e+003,3.900613e-002
5.113896e+003,3.342623e-002
5.114378e+003,3.336367e-002
5.114860e+003,3.955639e-002
5.115343e+003,5.082481e-002
5.115825e+003,6.450914e-002
5.116307e+003,7.738274e-002
5.116789e+003,8.665684e-002
5.117271e+003,9.068353e-002
5.117753e+003,8.912886e-002
5.118235e+003,8.263874e-002
5.118718e+003,7.223976e-002
5.119200e+003,5.879930e-002
5.119682e+003,4.279288e-002
5.120164e+003,2.443693e-002
5.120646e+003,4.049845e-003
5.121128e+003,-1.760165e-002
5.121610e+003,-3.918332e-002
5.122092e+003,-5.897686e-002
5.122575e+003,-7.518675e-002
5.123057e+003,-8.667567e-002
5.123539e+003,-9.288190e-002
5.124021e+003,-9.393271e-002
5.124503e+003,-9.045609e-002
5.124985e+003,-8.333232e-002
5.125467e+003,-7.352021e-002
5.125949e+003,-6.201417e-002
5.126432e+003,-4.988324e-002
5.126914e+003,-3.827992e-002
5.127396e+003,-2.832443e-002
5.127878e+003,-2.085717e-002
5.128360e+003,-1.615584e-002
5.128842e+003,-1.376971e-002
5.129324e+003,-1.259380e-002
5.129807e+003,-1.120254e-002
5.130289e+003,-8.332998e-003
5.130771e+003,-3.325047e-003
5.131253e+003,3.669861e-003
5.131735e+003,1.179847e-002
5.132217e+003,1.987755e-002
5.132699e+003,2.685238e-002
5.133181e+003,3.213361e-002
5.133664e+003,3.567031e-002
5.134146e+003,3.774744e-002
5.134628e+003,3.862641e-002
5.135110e+003,3.821856e-002
5.135592e+003,3.596132e-002
5.136074e+003,3.097059e-002
5.136556e+003,2.241471e-002
5.137038e+003,9.955975e-003
5.137521e+003,-5.926854e-003
5.138002e+003,-2.387643e-002
5.138485e+003,-4.190054e-002
5.138967e+003,-5.785568e-002
5.139449e+003,-7.002220e-002
5.139931e+003,-7.759061e-002
5.140413e+003,-8.090714e-002
5.140896e+003,-8.139928e-002
5.141377e+003,-8.119787e-002
5.141859e+003,-8.256061e-002
5.142342e+003,-8.725969e-002
5.142824e+003,-9.610627e-002
5.143306e+003,-1.087419e-001
5.143788e+003,-1.237429e-001
5.144270e+003,-1.389842e-001
5.144752e+003,-1.521317e-001
5.145234e+003,-1.611065e-001
5.145717e+003,-1.643959e-001
5.146199e+003,-1.611692e-001
5.146681e+003,-1.512424e-001
5.147163e+003,-1.349977e-001
5.147645e+003,-1.133551e-001
5.148127e+003,-8.783257e-002
5.148609e+003,-6.063156e-002
5.149091e+003,-3.461439e-002
5.149574e+003,-1.303540e-002
5.150056e+003,1.025454e-003
5.150538e+003,5.435997e-003
5.151020e+003,-2.381145e-004
5.151502e+003,-1.429753e-002
5.151984e+003,-3.301997e-002
5.152466e+003,-5.137992e-002
5.152948e+003,-6.422147e-002
5.153431e+003,-6.758619e-002
5.153913e+003,-5.963594e-002
5.154395e+003,-4.114576e-002
5.154877e+003,-1.517063e-002
5.155359e+003,1.387905e-002
5.155841e+003,4.148068e-002
5.156323e+003,6.417624e-002
5.156806e+003,8.034128e-002
5.157288e+003,9.035241e-002
5.157770e+003,9.615351e-002
5.158252e+003,1.003946e-001
5.158734e+003,1.054231e-001
5.159216e+003,1.124248e-001
5.159698e+003,1.209557e-001
5.160180e+003,1.289935e-001
5.160663e+003,1.335056e-001
5.161145e+003,1.313948e-001
5.161626e+003,1.205729e-001
5.162109e+003,1.008489e-001
5.162591e+003,7.433383e-002
5.163073e+003,4.517182e-002
5.163555e+003,1.859596e-002
5.164037e+003,-4.711687e-004
5.164520e+003,-8.873113e-003
5.165001e+003,-6.265572e-003
5.165484e+003,4.622686e-003
5.165966e+003,1.865985e-002
5.166448e+003,2.975432e-002
5.166930e+003,3.264283e-002
5.167412e+003,2.445917e-002
5.167895e+003,5.576060e-003
5.168376e+003,-2.055370e-002
5.168858e+003,-4.849609e-002
5.169341e+003,-7.250148e-002
5.169823e+003,-8.818071e-002
5.170305e+003,-9.364954e-002
5.170787e+003,-8.980341e-002
5.171269e+003,-7.969944e-002
5.171751e+003,-6.733029e-002
5.172233e+003,-5.625961e-002
5.172715e+003,-4.859592e-002
5.173198e+003,-4.461467e-002
5.173680e+003,-4.307874e-002
5.174162e+003,-4.205233e-002
5.174644e+003,-3.984738e-002
5.175126e+003,-3.573198e-002
5.175608e+003,-3.015624e-002
5.176090e+003,-2.445384e-002
5.176573e+003,-2.017934e-002
5.177055e+003,-1.836725e-002
5.177537e+003,-1.901369e-002
5.178019e+003,-2.098268e-002
5.178501e+003,-2.237196e-002
5.178983e+003,-2.119950e-002
5.179465e+003,-1.615357e-002
5.179947e+003,-7.128434e-003
5.180430e+003,4.656765e-003
5.180912e+003,1.701069e-002
5.181394e+003,2.748397e-002
5.181876e+003,3.420641e-002
5.182358e+003,3.655985e-002
5.182840e+003,3.544817e-002
5.183322e+003,3.305356e-002
5.183804e+003,3.213535e-002
5.184287e+003,3.505246e-002
5.184769e+003,4.297404e-002
5.185251e+003,5.527242e-002
5.185733e+003,6.959501e-002
5.186215e+003,8.249795e-002
5.186697e+003,9.048998e-002
5.187179e+003,9.116365e-002
5.187662e+003,8.404354e-002
5.188144e+003,7.085786e-002
5.188625e+003,5.511652e-002
5.189108e+003,4.110795e-002
5.189590e+003,3.262815e-002
5.190072e+003,3.185511e-002
5.190554e+003,3.873402e-002
5.191036e+003,5.105939e-002
5.191519e+003,6.519687e-002
5.192000e+003,7.717595e-002
5.192482e+003,8.377845e-002
5.192965e+003,8.328372e-002
5.193447e+003,7.568626e-002
5.193929e+003,6.241200e-002
5.194411e+003,4.573515e-002
5.194893e+003,2.816418e-002
5.195375e+003,1.200749e-002
5.195857e+003,-8.146944e-004
5.196340e+003,-8.790012e-003
5.196822e+003,-1.081508e-002
5.197304e+003,-6.292895e-003
5.197786e+003,4.670367e-003
5.198268e+003,2.108571e-002
5.198750e+003,4.108404e-002
5.199232e+003,6.220822e-002
5.199714e+003,8.195942e-002
5.200197e+003,9.841303e-002
5.200679e+003,1.106442e-001
5.201161e+003,1.187588e-001
5.201643e+003,1.234943e-001
5.202125e+003,1.255696e-001
5.202607e+003,1.251042e-001
5.203089e+003,1.214238e-001
5.203571e+003,1.133982e-001
5.204054e+003,1.002009e-001
5.204536e+003,8.214720e-002
5.205018e+003,6.117954e-002
5.205500e+003,4.068592e-002
5.205982e+003,2.462003e-002
5.206464e+003,1.622041e-002
5.206946e+003,1.684126e-002
5.207429e+003,2.539408e-002
5.207911e+003,3.865402e-002
5.208393e+003,5.232251e-002
5.208875e+003,6.242064e-002
5.209357e+003,6.646190e-002
5.209839e+003,6.396756e-002
5.210321e+003,5.618691e-002
5.210803e+003,4.522732e-002
5.211286e+003,3.303071e-002
5.211768e+003,2.065841e-002
5.212250e+003,8.168176e-003
5.212732e+003,-4.925356e-003
5.213214e+003,-1.888726e-002
5.213696e+003,-3.310813e-002
5.214178e+003,-4.590740e-002
5.214660e+003,-5.492092e-002
5.215143e+003,-5.789929e-002
5.215625e+003,-5.367680e-002
5.216107e+003,-4.274366e-002
5.216589e+003,-2.728376e-002
5.217071e+003,-1.059785e-002
5.217553e+003,3.879856e-003
5.218035e+003,1.361768e-002
5.218518e+003,1.771074e-002
5.219000e+003,1.705628e-002
5.219481e+003,1.394658e-002
5.219964e+003,1.124707e-002
5.220446e+003,1.145513e-002
5.220928e+003,1.595389e-002
5.221410e+003,2.468871e-002
5.221892e+003,3.633936e-002
5.222375e+003,4.889454e-002
5.222856e+003,6.041075e-002
5.223338e+003,6.969091e-002
5.223821e+003,7.665431e-002
5.224303e+003,8.227476e-002
5.224785e+003,8.810478e-002
5.225267e+003,9.554744e-002
5.225749e+003,1.051342e-001
5.226231e+003,1.160806e-001
5.226713e+003,1.263080e-001
5.227196e+003,1.329610e-001
5.227678e+003,1.332757e-001
5.228160e+003,1.255297e-001
5.228642e+003,1.097626e-001
5.229124e+003,8.801764e-002
5.229606e+003,6.398918e-002
5.230088e+003,4.214221e-002
5.230570e+003,2.654332e-002
5.231053e+003,1.975471e-002
5.231535e+003,2.214391e-002
5.232017e+003,3.183986e-002
5.232499e+003,4.535935e-002
5.232981e+003,5.870719e-002
5.233463e+003,6.859936e-002
5.233945e+003,7.341883e-002
5.234427e+003,7.359897e-002
5.234910e+003,7.131364e-002
5.235392e+003,6.958186e-002
5.235874e+003,7.109692e-002
5.236356e+003,7.719127e-002
5.236838e+003,8.730239e-002
5.237320e+003,9.912379e-002
5.237802e+003,1.093724e-001
5.238285e+003,1.148792e-001
5.238767e+003,1.136015e-001
5.239249e+003,1.051986e-001
5.239731e+003,9.099936e-002
5.240213e+003,7.343658e-002
5.240695e+003,5.521987e-002
5.241177e+003,3.858900e-002
5.241659e+003,2.490067e-002
5.242142e+003,1.461563e-002
5.242624e+003,7.567793e-003
5.243105e+003,3.299751e-003
5.243588e+003,1.281609e-003
5.244070e+003,9.574351e-004
5.244552e+003,1.708596e-003
5.245034e+003,2.891982e-003
5.245516e+003,4.056907e-003
5.245999e+003,5.287848e-003
5.246480e+003,7.519211e-003
5.246963e+003,1.249756e-002
5.247445e+003,2.229367e-002
5.247927e+003,3.841723e-002
5.248409e+003,6.087434e-002
5.248891e+003,8.762922e-002
5.249374e+003,1.148292e-001
5.249855e+003,1.378389e-001
5.250337e+003,1.527470e-001
5.250820e+003,1.577503e-001
5.251302e+003,1.538208e-001
5.251784e+003,1.443247e-001
5.252266e+003,1.336886e-001
5.252748e+003,1.256167e-001
5.253230e+003,1.215799e-001
5.253712e+003,1.202164e-001
5.254194e+003,1.179202e-001
5.254677e+003,1.103889e-001
5.255159e+003,9.449183e-002
5.255641e+003,6.968313e-002
5.256123e+003,3.840163e-002
5.256605e+003,5.352002e-003
5.257087e+003,-2.398052e-002
5.257569e+003,-4.496889e-002
5.258052e+003,-5.505416e-002
5.258534e+003,-5.419579e-002
5.259016e+003,-4.455728e-002
5.259498e+003,-2.967655e-002
5.259980e+003,-1.346867e-002
5.260462e+003,6.464045e-004
5.260944e+003,1.034016e-002
5.261426e+003,1.468063e-002
5.261909e+003,1.418863e-002
5.262391e+003,1.066740e-002
5.262873e+003,6.785322e-003
5.263355e+003,5.402931e-003
5.263837e+003,8.732385e-003
5.264319e+003,1.755596e-002
5.264801e+003,3.080999e-002
5.265283e+003,4.577501e-002
5.265766e+003,5.889317e-002
5.266248e+003,6.695975e-002
5.266730e+003,6.823865e-002
5.267212e+003,6.304887e-002
5.267694e+003,5.356771e-002
5.268176e+003,4.292675e-002
5.268658e+003,3.398725e-002
5.269141e+003,2.832951e-002
5.269623e+003,2.588717e-002
5.270104e+003,2.534394e-002
5.270587e+003,2.503443e-002
5.271069e+003,2.384935e-002
5.271551e+003,2.166523e-002
5.272033e+003,1.908932e-002
5.272515e+003,1.669046e-002
5.272998e+003,1.417675e-002
5.273479e+003,1.002872e-002
5.273962e+003,1.879370e-003
5.274444e+003,-1.244820e-002
5.274926e+003,-3.368650e-002
5.275408e+003,-6.024350e-002
5.275890e+003,-8.815505e-002
5.276372e+003,-1.119752e-001
5.276854e+003,-1.263264e-001
5.277336e+003,-1.274422e-001
5.277819e+003,-1.143086e-001
5.278301e+003,-8.888178e-002
5.278783e+003,-5.546675e-002
5.279265e+003,-1.953033e-002
5.279747e+003,1.361316e-002
5.280229e+003,3.984994e-002
5.280711e+003,5.683299e-002
5.281193e+003,6.406283e-002
5.281676e+003,6.262247e-002
5.282158e+003,5.474201e-002
5.282640e+003,4.331585e-002
5.283122e+003,3.142129e-002
5.283604e+003,2.185112e-002
5.284086e+003,1.669096e-002
5.284568e+003,1.701227e-002
5.285051e+003,2.276609e-002
5.285533e+003,3.291865e-002
5.286015e+003,4.578329e-002
5.286497e+003,5.942408e-002
5.286979e+003,7.199088e-002
5.287461e+003,8.190440e-002
5.287943e+003,8.791450e-002
5.288425e+003,8.913200e-002
5.288908e+003,8.513636e-002
5.289390e+003,7.617429e-002
5.289872e+003,6.334340e-002
5.290354e+003,4.857937e-002
5.290836e+003,3.430525e-002
5.291318e+003,2.275774e-002
5.291800e+003,1.520315e-002
5.292282e+003,1.137933e-002
5.292765e+003,9.462645e-003
5.293247e+003,6.660667e-003
5.293729e+003,2.535753e-004
5.294211e+003,-1.131507e-002
5.294693e+003,-2.775370e-002
5.295175e+003,-4.694444e-002
5.295657e+003,-6.566560e-002
5.296140e+003,-8.069382e-002
5.296622e+003,-8.980039e-002
5.297104e+003,-9.222706e-002
5.297586e+003,-8.850067e-002
5.298068e+003,-7.977571e-002
5.298550e+003,-6.711612e-002
5.299032e+003,-5.112518e-002
5.299514e+003,-3.211292e-002
5.299997e+003,-1.066973e-002
5.300479e+003,1.173238e-002
5.300960e+003,3.253039e-002
5.301443e+003,4.847825e-002
5.301925e+003,5.657323e-002
5.302407e+003,5.511277e-002
5.302889e+003,4.439294e-002
5.303371e+003,2.670606e-002
5.303854e+003,5.616256e-003
5.304335e+003,-1.517035e-002
5.304818e+003,-3.284456e-002
5.305300e+003,-4.601330e-002
5.305782e+003,-5.454456e-002
5.306264e+003,-5.891823e-002
5.306746e+003,-5.949187e-002
5.307229e+003,-5.609939e-002
5.307710e+003,-4.821043e-002
5.308192e+003,-3.551155e-002
5.308675e+003,-1.853494e-002
5.309157e+003,9.303042e-004
5.309639e+003,2.005085e-002
5.310121e+003,3.571913e-002
5.310603e+003,4.557304e-002
5.311085e+003,4.882593e-002
5.311567e+003,4.654019e-002
5.312049e+003,4.121577e-002
5.312532e+003,3.585440e-002
5.313014e+003,3.286946e-002
5.313496e+003,3.325512e-002
5.313978e+003,3.629923e-002
5.314460e+003,3.989765e-002
5.314942e+003,4.130515e-002
5.315424e+003,3.802982e-002
5.315907e+003,2.857488e-002
5.316389e+003,1.283171e-002
5.316871e+003,-7.928425e-003
5.317353e+003,-3.139436e-002
5.317835e+003,-5.474946e-002
5.318317e+003,-7.525420e-002
5.318799e+003,-9.075489e-002
5.319281e+003,-1.000298e-001
5.319764e+003,-1.029197e-001
5.320246e+003,-1.002264e-001
5.320728e+003,-9.341060e-002
5.321210e+003,-8.417460e-002
5.321692e+003,-7.405122e-002
5.322174e+003,-6.412245e-002
5.322656e+003,-5.494359e-002
5.323138e+003,-4.666748e-002
5.323621e+003,-3.928217e-002
5.324103e+003,-3.283339e-002
5.324585e+003,-2.752347e-002
5.325067e+003,-2.364909e-002
5.325549e+003,-2.142770e-002
5.326031e+003,-2.081807e-002
5.326513e+003,-2.144079e-002
5.326996e+003,-2.264437e-002
5.327478e+003,-2.368170e-002
5.327959e+003,-2.389999e-002
5.328442e+003,-2.284698e-002
5.328924e+003,-2.025325e-002
5.329406e+003,-1.593218e-002
5.329888e+003,-9.694688e-003
5.330370e+003,-1.370544e-003
5.330853e+003,9.036263e-003
5.331334e+003,2.111947e-002
5.331816e+003,3.389480e-002
5.332299e+003,4.580203e-002
5.332781e+003,5.493951e-002
5.333263e+003,5.948060e-002
5.333745e+003,5.813522e-002
5.334227e+003,5.049807e-002
5.334709e+003,3.717457e-002
5.335191e+003,1.966614e-002
5.335674e+003,7.898477e-005
5.336156e+003,-1.924080e-002
5.336638e+003,-3.605693e-002
5.337120e+003,-4.853561e-002
5.337602e+003,-5.548086e-002
5.338084e+003,-5.652130e-002
5.338566e+003,-5.228858e-002
5.339048e+003,-4.422959e-002
5.339531e+003,-3.453961e-002
5.340013e+003,-2.570197e-002
5.340495e+003,-1.989405e-002
5.340977e+003,-1.839990e-002
5.341459e+003,-2.123735e-002
5.341941e+003,-2.716216e-002
5.342423e+003,-3.408689e-002
5.342905e+003,-3.979888e-002
5.343388e+003,-4.273300e-002
5.343870e+003,-4.250998e-002
5.344352e+003,-4.001978e-002
5.344834e+003,-3.700350e-002
5.345316e+003,-3.529664e-002
5.345798e+003,-3.604528e-002
5.346280e+003,-3.921521e-002
5.346763e+003,-4.358409e-002
5.347245e+003,-4.720452e-002
5.347727e+003,-4.814629e-002
5.348209e+003,-4.523421e-002
5.348691e+003,-3.851556e-002
5.349173e+003,-2.930032e-002
5.349655e+003,-1.977413e-002
5.350137e+003,-1.232915e-002
5.350620e+003,-8.843252e-003
5.351102e+003,-1.013510e-002
5.351584e+003,-1.574980e-002
5.352066e+003,-2.412045e-002
5.352548e+003,-3.304394e-002
5.353030e+003,-4.032347e-002
5.353512e+003,-4.438181e-002
5.353994e+003,-4.465031e-002
5.354477e+003,-4.160238e-002
5.354958e+003,-3.641866e-002
5.355441e+003,-3.040655e-002
5.355923e+003,-2.440137e-002
5.356405e+003,-1.839706e-002
5.356887e+003,-1.158196e-002
5.357369e+003,-2.803924e-003
5.357852e+003,8.691552e-003
5.358333e+003,2.254746e-002
5.358815e+003,3.693818e-002
5.359298e+003,4.879410e-002
5.359780e+003,5.461008e-002
5.360262e+003,5.158761e-002
5.360744e+003,3.869275e-002
5.361226e+003,1.721059e-002
5.361708e+003,-9.449178e-003
5.362190e+003,-3.665846e-002
5.362673e+003,-5.987376e-002
5.363155e+003,-7.586612e-002
5.363637e+003,-8.344212e-002
5.364119e+003,-8.343089e-002
5.364601e+003,-7.801041e-002
5.365083e+003,-6.969875e-002
5.365565e+003,-6.043526e-002
5.366047e+003,-5.108916e-002
5.366530e+003,-4.151158e-002
5.367012e+003,-3.100333e-002
5.367494e+003,-1.891673e-002
5.367976e+003,-5.105082e-003
5.368458e+003,9.938554e-003
5.368940e+003,2.523043e-002
5.369422e+003,3.957214e-002
5.369904e+003,5.178108e-002
5.370387e+003,6.075644e-002
5.370869e+003,6.544278e-002
5.371351e+003,6.482518e-002
5.371833e+003,5.809971e-002
5.372315e+003,4.505507e-002
5.372797e+003,2.654299e-002
5.373279e+003,4.795372e-003
5.373762e+003,-1.665625e-002
5.374244e+003,-3.357384e-002
5.374726e+003,-4.202163e-002
5.375208e+003,-3.949692e-002
5.375690e+003,-2.579500e-002
5.376172e+003,-3.272434e-003
5.376654e+003,2.364023e-002
5.377136e+003,4.956695e-002
5.377619e+003,6.960677e-002
5.378101e+003,8.058294e-002
5.378583e+003,8.171846e-002
5.379065e+003,7.455686e-002
5.379547e+003,6.221737e-002
5.380029e+003,4.828780e-002
5.380511e+003,3.574111e-002
5.380993e+003,2.621376e-002
5.381476e+003,1.984056e-002
5.381958e+003,1.565189e-002
5.382440e+003,1.235501e-002
5.382922e+003,9.194763e-003
5.383404e+003,6.556434e-003
5.383886e+003,6.052705e-003
5.384368e+003,1.000352e-002
5.384851e+003,2.043222e-002
5.385333e+003,3.790259e-002
5.385814e+003,6.064004e-002
5.386297e+003,8.435293e-002
5.386779e+003,1.029720e-001
5.387261e+003,1.102065e-001
5.387743e+003,1.014886e-001
5.388225e+003,7.567594e-002
5.388708e+003,3.589188e-002
5.389189e+003,-1.087442e-002
5.389671e+003,-5.538942e-002
5.390154e+003,-8.856916e-002
5.390636e+003,-1.039061e-001
5.391118e+003,-9.915311e-002
5.391600e+003,-7.673606e-002
5.392082e+003,-4.279784e-002
5.392564e+003,-5.237483e-003
5.393046e+003,2.857126e-002
5.393529e+003,5.362207e-002
5.394011e+003,6.812347e-002
5.394493e+003,7.320236e-002
5.394975e+003,7.175369e-002
5.395457e+003,6.700847e-002
5.395939e+003,6.140175e-002
5.396421e+003,5.609121e-002
5.396903e+003,5.114017e-002
5.397386e+003,4.610129e-002
5.397868e+003,4.062607e-002
5.398350e+003,3.479898e-002
5.398832e+003,2.909197e-002
5.399314e+003,2.404470e-002
5.399796e+003,1.989377e-002
5.400278e+003,1.629618e-002
5.400760e+003,1.255542e-002
5.401243e+003,7.658506e-003
5.401725e+003,5.936481e-004
5.402207e+003,-9.413043e-003
5.402689e+003,-2.276513e-002
5.403171e+003,-3.943852e-002
5.403653e+003,-5.892738e-002
5.404135e+003,-8.014898e-002
5.404618e+003,-1.013447e-001
5.405100e+003,-1.200889e-001
5.405582e+003,-1.335281e-001
5.406064e+003,-1.388976e-001
5.406546e+003,-1.342263e-001
5.407028e+003,-1.190175e-001
5.407510e+003,-9.464609e-002
5.407992e+003,-6.427266e-002
5.408475e+003,-3.223038e-002
5.408957e+003,-3.025850e-003
5.409438e+003,1.975091e-002
5.409921e+003,3.426409e-002
5.410403e+003,4.075825e-002
5.410885e+003,4.129738e-002
5.411367e+003,3.904244e-002
5.411849e+003,3.732157e-002
5.412332e+003,3.876648e-002
5.412813e+003,4.471709e-002
5.413296e+003,5.498902e-002
5.413778e+003,6.799810e-002
5.414260e+003,8.116686e-002
5.414742e+003,9.150083e-002
5.415224e+003,9.621273e-002
5.415706e+003,9.328248e-002
5.416188e+003,8.186102e-002
5.416670e+003,6.245279e-002
5.417153e+003,3.684731e-002
5.417635e+003,7.815160e-003
5.418117e+003,-2.136409e-002
5.418599e+003,-4.743473e-002
5.419081e+003,-6.764364e-002
5.419563e+003,-8.008596e-002
5.420045e+003,-8.389972e-002
5.420527e+003,-7.934248e-002
5.421010e+003,-6.779072e-002
5.421492e+003,-5.166341e-002
5.421974e+003,-3.421288e-002
5.422456e+003,-1.910395e-002
5.422938e+003,-9.749625e-003
5.423420e+003,-8.490425e-003
5.423902e+003,-1.584007e-002
5.424385e+003,-3.009576e-002
5.424867e+003,-4.755890e-002
5.425349e+003,-6.342476e-002
5.425831e+003,-7.313793e-002
5.426313e+003,-7.378828e-002
5.426795e+003,-6.504863e-002
5.427277e+003,-4.928186e-002
5.427759e+003,-3.073724e-002
5.428242e+003,-1.410899e-002
5.428724e+003,-2.999472e-003
5.429206e+003,1.116180e-003
5.429688e+003,-9.639483e-004
5.430170e+003,-6.905432e-003
5.430652e+003,-1.406259e-002
5.431134e+003,-2.078265e-002
5.431616e+003,-2.639116e-002
5.432099e+003,-3.157246e-002
5.432581e+003,-3.740947e-002
5.433063e+003,-4.448588e-002
5.433545e+003,-5.231608e-002
5.434027e+003,-5.937441e-002
5.434509e+003,-6.369102e-002
5.434991e+003,-6.370309e-002
5.435474e+003,-5.894204e-002
5.435956e+003,-5.024485e-002
5.436438e+003,-3.943907e-002
5.436920e+003,-2.871375e-002
5.437402e+003,-2.001187e-002
5.437884e+003,-1.470768e-002
5.438366e+003,-1.362220e-002
5.438848e+003,-1.721573e-002
5.439331e+003,-2.570029e-002
5.439813e+003,-3.889199e-002
5.440295e+003,-5.583002e-002
5.440777e+003,-7.440438e-002
5.441259e+003,-9.132250e-002
5.441741e+003,-1.026323e-001
5.442223e+003,-1.047458e-001
5.442705e+003,-9.561861e-002
5.443188e+003,-7.560113e-002
5.443669e+003,-4.755790e-002
5.444152e+003,-1.613037e-002
5.444634e+003,1.362972e-002
5.445116e+003,3.775124e-002
5.445598e+003,5.437949e-002
5.446080e+003,6.396208e-002
5.446563e+003,6.856297e-002
5.447044e+003,7.066686e-002
5.447526e+003,7.203755e-002
5.448009e+003,7.311817e-002
5.448491e+003,7.316443e-002
5.448973e+003,7.094281e-002
5.449455e+003,6.557274e-002
5.449937e+003,5.706372e-002
5.450419e+003,4.629171e-002
5.450901e+003,3.447824e-002
5.451384e+003,2.250718e-002
5.451866e+003,1.049875e-002
5.452348e+003,-2.087225e-003
5.452830e+003,-1.584289e-002
5.453312e+003,-3.061073e-002
5.453794e+003,-4.493426e-002
5.454276e+003,-5.611642e-002
5.454758e+003,-6.096542e-002
5.455241e+003,-5.697662e-002
5.455723e+003,-4.346438e-002
5.456205e+003,-2.214049e-002
5.456687e+003,3.152152e-003
5.457169e+003,2.749262e-002
5.457651e+003,4.633748e-002
5.458133e+003,5.683864e-002
5.458615e+003,5.855688e-002
5.459098e+003,5.336268e-002
5.459580e+003,4.463469e-002
5.460062e+003,3.611303e-002
5.460544e+003,3.084318e-002
5.461026e+003,3.054444e-002
5.461508e+003,3.551374e-002
5.461990e+003,4.485409e-002
5.462473e+003,5.720264e-002
5.462955e+003,7.091155e-002
5.463437e+003,8.428828e-002
5.463919e+003,9.564525e-002
5.464401e+003,1.033507e-001
5.464883e+003,1.060115e-001
5.465365e+003,1.028048e-001
5.465847e+003,9.384013e-002
5.466330e+003,8.035229e-002
5.466812e+003,6.455857e-002
5.467293e+003,4.914962e-002
5.467776e+003,3.656267e-002
5.468258e+003,2.831026e-002
5.468740e+003,2.463770e-002
5.469222e+003,2.464463e-002
5.469704e+003,2.679302e-002
5.470187e+003,2.954246e-002
5.470668e+003,3.180100e-002
5.471150e+003,3.298631e-002
5.471633e+003,3.271104e-002
5.472115e+003,3.032239e-002
5.472597e+003,2.462934e-002
5.473079e+003,1.407457e-002
5.473561e+003,-2.619611e-003
5.474043e+003,-2.557912e-002
5.474525e+003,-5.311267e-002
5.475008e+003,-8.167155e-002
5.475490e+003,-1.066139e-001
5.475972e+003,-1.235812e-001
5.476454e+003,-1.299674e-001
5.476936e+003,-1.258617e-001
5.477418e+003,-1.140405e-001
5.477900e+003,-9.898982e-002
5.478382e+003,-8.535673e-002
5.478865e+003,-7.645787e-002
5.479347e+003,-7.342704e-002
5.479829e+003,-7.528630e-002
5.480311e+003,-7.981128e-002
5.480793e+003,-8.471877e-002
5.481275e+003,-8.859179e-002
5.481757e+003,-9.113240e-002
5.482239e+003,-9.270936e-002
5.482722e+003,-9.354620e-002
5.483204e+003,-9.308028e-002
5.483686e+003,-8.991720e-002
5.484168e+003,-8.246562e-002
5.484650e+003,-6.994332e-002
5.485132e+003,-5.320755e-002
5.485614e+003,-3.491030e-002
5.486097e+003,-1.879551e-002
5.486579e+003,-8.380874e-003
5.487061e+003,-5.590286e-003
5.487543e+003,-9.961645e-003
5.488025e+003,-1.881142e-002
5.488507e+003,-2.829992e-002
5.488989e+003,-3.492047e-002
5.489471e+003,-3.674530e-002
5.489954e+003,-3.389654e-002
5.490436e+003,-2.809918e-002
5.490918e+003,-2.160529e-002
5.491400e+003,-1.604753e-002
5.491882e+003,-1.176555e-002
5.492364e+003,-7.881686e-003
5.492846e+003,-3.002115e-003
5.493328e+003,3.762084e-003
5.493811e+003,1.217219e-002
5.494292e+003,2.074605e-002
5.494775e+003,2.727019e-002
5.495257e+003,2.964369e-002
5.495739e+003,2.665593e-002
5.496221e+003,1.838258e-002
5.496703e+003,6.103289e-003
5.497186e+003,-8.130515e-003
5.497667e+003,-2.203204e-002
5.498149e+003,-3.350444e-002
5.498632e+003,-4.087393e-002
5.499114e+003,-4.298861e-002
5.499596e+003,-3.929752e-002
5.500078e+003,-2.997109e-002
5.500560e+003,-1.601113e-002
5.501042e+003,7.825449e-004
5.501524e+003,1.810318e-002
5.502007e+003,3.367513e-002
5.502489e+003,4.586775e-002
5.502971e+003,5.412104e-002
5.503453e+003,5.896344e-002
5.503935e+003,6.158356e-002
5.504417e+003,6.314393e-002
5.504899e+003,6.417369e-002
5.505381e+003,6.435431e-002
5.505864e+003,6.282133e-002
5.506346e+003,5.883308e-002
5.506828e+003,5.245375e-002
5.507310e+003,4.486792e-002
5.507792e+003,3.811972e-002
5.508274e+003,3.436503e-002
5.508756e+003,3.498462e-002
5.509238e+003,3.999037e-002
5.509721e+003,4.801279e-002
5.510203e+003,5.686724e-002
5.510685e+003,6.441033e-002
5.511167e+003,6.926838e-002
5.511649e+003,7.110736e-002
5.512131e+003,7.037301e-002
5.512613e+003,6.771877e-002
5.513096e+003,6.350175e-002
5.513578e+003,5.767334e-002
5.514060e+003,5.014636e-002
5.514542e+003,4.142245e-002
5.515024e+003,3.307362e-002
5.515506e+003,2.770353e-002
5.515988e+003,2.825662e-002
5.516470e+003,3.688437e-002
5.516953e+003,5.384074e-002
5.517435e+003,7.692313e-002
5.517917e+003,1.017728e-001
5.518399e+003,1.229917e-001
5.518881e+003,1.356917e-001
5.519363e+003,1.369209e-001
5.519845e+003,1.264675e-001
5.520327e+003,1.067973e-001
5.520810e+003,8.220701e-002
5.521292e+003,5.754128e-002
5.521774e+003,3.693079e-002
5.522256e+003,2.292648e-002
5.522738e+003,1.620939e-002
5.523220e+003,1.583612e-002
5.523702e+003,1.982536e-002
5.524185e+003,2.587618e-002
5.524667e+003,3.194256e-002
5.525148e+003,3.662871e-002
5.525631e+003,3.930557e-002
5.526113e+003,3.997183e-002
5.526595e+003,3.892852e-002
5.527077e+003,3.638547e-002
5.527559e+003,3.215651e-002
5.528042e+003,2.559298e-002
5.528523e+003,1.583202e-002
5.529006e+003,2.303614e-003
5.529488e+003,-1.470462e-002
5.529970e+003,-3.370748e-002
5.530452e+003,-5.214744e-002
5.530934e+003,-6.705175e-002
5.531416e+003,-7.604253e-002
5.531898e+003,-7.831527e-002
5.532380e+003,-7.514662e-002
5.532863e+003,-6.963920e-002
5.533345e+003,-6.571571e-002
5.533827e+003,-6.670541e-002
5.534309e+003,-7.406991e-002
5.534791e+003,-8.678932e-002
5.535273e+003,-1.016757e-001
5.535755e+003,-1.145028e-001
5.536237e+003,-1.215054e-001
5.536720e+003,-1.206527e-001
5.537202e+003,-1.122153e-001
5.537684e+003,-9.845661e-002
5.538166e+003,-8.265112e-002
5.538648e+003,-6.788441e-002
5.539130e+003,-5.612220e-002
5.539612e+003,-4.785786e-002
5.540095e+003,-4.235888e-002
5.540577e+003,-3.828375e-002
5.541059e+003,-3.433489e-002
5.541541e+003,-2.968198e-002
5.542023e+003,-2.406883e-002
5.542505e+003,-1.769478e-002
5.542987e+003,-1.104407e-002
5.543469e+003,-4.792534e-003
5.543952e+003,2.026692e-004
5.544434e+003,2.937809e-003
5.544916e+003,2.451380e-003
5.545398e+003,-1.793540e-003
5.545880e+003,-9.448330e-003
5.546362e+003,-1.897595e-002
5.546844e+003,-2.774763e-002
5.547326e+003,-3.264265e-002
5.547809e+003,-3.102583e-002
5.548291e+003,-2.176367e-002
5.548772e+003,-5.857436e-003
5.549255e+003,1.362402e-002
5.549737e+003,3.236393e-002
5.550219e+003,4.611001e-002
5.550701e+003,5.200125e-002
5.551183e+003,4.940649e-002
5.551666e+003,3.995741e-002
5.552147e+003,2.677782e-002
5.552630e+003,1.323529e-002
5.553112e+003,1.732041e-003
5.553594e+003,-6.974211e-003
5.554076e+003,-1.366453e-002
5.554558e+003,-1.985949e-002
5.555040e+003,-2.671882e-002
5.555522e+003,-3.416700e-002
5.556004e+003,-4.064970e-002
5.556487e+003,-4.365990e-002
5.556969e+003,-4.082004e-002
5.557451e+003,-3.104784e-002
5.557933e+003,-1.527677e-002
5.558415e+003,3.622975e-003
5.558897e+003,2.173871e-002
5.559379e+003,3.548659e-002
5.559861e+003,4.290601e-002
5.560344e+003,4.434476e-002
5.560826e+003,4.225476e-002
5.561308e+003,4.018924e-002
5.561790e+003,4.142365e-002
5.562272e+003,4.776304e-002
5.562754e+003,5.899840e-002
5.563236e+003,7.317439e-002
5.563719e+003,8.747736e-002
5.564201e+003,9.929711e-002
5.564683e+003,1.069789e-001
5.565165e+003,1.099721e-001
5.565647e+003,1.084094e-001
5.566129e+003,1.024419e-001
5.566611e+003,9.177461e-002
5.567093e+003,7.572058e-002
5.567576e+003,5.379906e-002
5.568058e+003,2.657894e-002
5.568540e+003,-3.705349e-003
5.569022e+003,-3.317837e-002
5.569504e+003,-5.712022e-002
5.569986e+003,-7.129470e-002
5.570468e+003,-7.329158e-002
5.570950e+003,-6.332202e-002
5.571433e+003,-4.412372e-002
5.571915e+003,-2.001284e-002
5.572397e+003,4.522602e-003
5.572879e+003,2.611614e-002
5.573361e+003,4.321498e-002
5.573843e+003,5.597774e-002
5.574325e+003,6.554522e-002
5.574808e+003,7.310791e-002
5.575290e+003,7.923076e-002
5.575771e+003,8.371283e-002
5.576254e+003,8.595800e-002
5.576736e+003,8.557724e-002
5.577218e+003,8.284902e-002
5.577700e+003,7.877500e-002
5.578182e+003,7.470599e-002
5.578665e+003,7.174990e-002
5.579146e+003,7.028443e-002
5.579629e+003,6.983393e-002
5.580111e+003,6.937324e-002
5.580593e+003,6.789950e-002
5.581075e+003,6.498074e-002
5.581557e+003,6.100644e-002
5.582039e+003,5.701888e-002
5.582521e+003,5.420884e-002
5.583003e+003,5.331426e-002
5.583486e+003,5.419486e-002
5.583968e+003,5.576531e-002
5.584450e+003,5.630921e-002
5.584932e+003,5.404780e-002
5.585414e+003,4.771931e-002
5.585896e+003,3.718238e-002
5.586378e+003,2.347351e-002
5.586860e+003,8.742892e-003
5.587343e+003,-4.140114e-003
5.587825e+003,-1.220065e-002
5.588307e+003,-1.308817e-002
5.588789e+003,-5.777518e-003
5.589271e+003,8.941987e-003
5.589753e+003,2.838156e-002
5.590235e+003,4.840111e-002
5.590718e+003,6.437576e-002
5.591200e+003,7.246994e-002
5.591682e+003,7.083566e-002
5.592164e+003,6.029757e-002
5.592646e+003,4.420766e-002
5.593128e+003,2.742966e-002
5.593610e+003,1.474801e-002
5.594092e+003,9.248075e-003
5.594575e+003,1.126480e-002
5.595057e+003,1.831077e-002
5.595539e+003,2.603243e-002
5.596021e+003,2.985070e-002
5.596503e+003,2.667590e-002
5.596985e+003,1.606341e-002
5.597467e+003,3.998532e-004
5.597949e+003,-1.591152e-002
5.598432e+003,-2.792428e-002
5.598914e+003,-3.171781e-002
5.599396e+003,-2.550786e-002
5.599878e+003,-9.963746e-003
5.600360e+003,1.227736e-002
5.600842e+003,3.761777e-002
5.601324e+003,6.259696e-002
5.601807e+003,8.468853e-002
5.602289e+003,1.025837e-001
5.602771e+003,1.159840e-001
5.603253e+003,1.251062e-001
5.603735e+003,1.301741e-001
5.604217e+003,1.311186e-001
5.604699e+003,1.275774e-001
5.605181e+003,1.191440e-001
5.605664e+003,1.057190e-001
5.606146e+003,8.779731e-002
5.606627e+003,6.657332e-002
5.607110e+003,4.382921e-002
5.607592e+003,2.165368e-002
5.608074e+003,2.085908e-003
5.608556e+003,-1.321437e-002
5.609038e+003,-2.319649e-002
5.609521e+003,-2.751679e-002
5.610002e+003,-2.651116e-002
5.610484e+003,-2.107119e-002
5.610967e+003,-1.246017e-002
5.611449e+003,-2.102509e-003
5.611931e+003,8.625066e-003
5.612413e+003,1.857571e-002
5.612896e+003,2.696373e-002
5.613377e+003,3.342363e-002
5.613859e+003,3.798366e-002
5.614342e+003,4.095787e-002
5.614824e+003,4.278287e-002
5.615306e+003,4.384685e-002
5.615788e+003,4.436700e-002
5.616270e+003,4.439874e-002
5.616752e+003,4.377887e-002
5.617234e+003,4.243103e-002
5.617716e+003,4.044615e-002
5.618199e+003,3.817411e-002
5.618681e+003,3.619942e-002
5.619163e+003,3.519167e-002
5.619645e+003,3.567956e-002
5.620127e+003,3.783929e-002
5.620609e+003,4.139594e-002
5.621091e+003,4.569725e-002
5.621573e+003,4.995225e-002
5.622056e+003,5.355597e-002
5.622538e+003,5.637749e-002
5.623020e+003,5.889253e-002
5.623502e+003,6.208930e-002
5.623984e+003,6.715599e-002
5.624466e+003,7.503316e-002
5.624948e+003,8.596426e-002
5.625431e+003,9.918354e-002
5.625913e+003,1.128468e-001
5.626395e+003,1.242503e-001
5.626877e+003,1.303109e-001
5.627359e+003,1.282129e-001
5.627841e+003,1.160743e-001
5.628323e+003,9.346335e-002
5.628805e+003,6.161853e-002
5.629288e+003,2.328674e-002
5.629770e+003,-1.780244e-002
5.630252e+003,-5.769994e-002
5.630734e+003,-9.302794e-002
5.631216e+003,-1.215670e-001
5.631698e+003,-1.424688e-001
5.632180e+003,-1.560537e-001
5.632662e+003,-1.633095e-001
5.633145e+003,-1.653220e-001
5.633626e+003,-1.628845e-001
5.634109e+003,-1.564429e-001
5.634591e+003,-1.463571e-001
5.635073e+003,-1.332994e-001
5.635555e+003,-1.185296e-001
5.636037e+003,-1.038456e-001
5.636520e+003,-9.117302e-002
5.637001e+003,-8.195260e-002
5.637483e+003,-7.661729e-002
5.637966e+003,-7.442779e-002
5.638448e+003,-7.378461e-002
5.638930e+003,-7.290510e-002
5.639412e+003,-7.057092e-002
5.639894e+003,-6.660557e-002
5.640376e+003,-6.186290e-002
5.640858e+003,-5.773813e-002
5.641341e+003,-5.544073e-002
5.641823e+003,-5.537609e-002
5.642305e+003,-5.691587e-002
5.642787e+003,-5.863436e-002
5.643269e+003,-5.885582e-002
5.643751e+003,-5.621826e-002
5.644233e+003,-4.998497e-002
5.644715e+003,-4.000401e-002
5.645198e+003,-2.642972e-002
5.645680e+003,-9.455377e-003
5.646162e+003,1.071584e-002
5.646644e+003,3.360368e-002
5.647126e+003,5.802597e-002
5.647608e+003,8.192679e-002
5.648090e+003,1.024720e-001
5.648572e+003,1.167215e-001
5.649055e+003,1.225460e-001
5.649537e+003,1.194184e-001
5.650019e+003,1.086890e-001
5.650501e+003,9.316110e-002
5.650983e+003,7.610209e-002
5.651465e+003,6.010003e-002
5.651947e+003,4.625895e-002
5.652430e+003,3.407515e-002
5.652912e+003,2.201987e-002
5.653394e+003,8.530754e-003
5.653876e+003,-7.059562e-003
5.654358e+003,-2.406954e-002
5.654840e+003,-4.065191e-002
5.655322e+003,-5.446847e-002
5.655804e+003,-6.350157e-002
5.656287e+003,-6.663407e-002
5.656769e+003,-6.379931e-002
5.657251e+003,-5.574865e-002
5.657733e+003,-4.366758e-002
5.658215e+003,-2.889546e-002
5.658697e+003,-1.287182e-002
5.659179e+003,2.764605e-003
5.659661e+003,1.613133e-002
5.660144e+003,2.530297e-002
5.660625e+003,2.878703e-002
5.661108e+003,2.609591e-002
5.661590e+003,1.810712e-002
5.662072e+003,6.947344e-003
5.662554e+003,-4.655069e-003
5.663036e+003,-1.432976e-002
5.663519e+003,-2.092720e-002
5.664000e+003,-2.488161e-002
5.664482e+003,-2.788346e-002
5.664965e+003,-3.198810e-002
5.665447e+003,-3.855260e-002
5.665929e+003,-4.747600e-002
5.666411e+003,-5.707985e-002
5.666893e+003,-6.467268e-002
5.667375e+003,-6.753939e-002
5.667857e+003,-6.392436e-002
5.668340e+003,-5.361246e-002
5.668822e+003,-3.792326e-002
5.669304e+003,-1.920086e-002
5.669786e+003,-7.432652e-005
5.670268e+003,1.719981e-002
5.670750e+003,3.111111e-002
5.671232e+003,4.095649e-002
5.671714e+003,4.669870e-002
5.672197e+003,4.877002e-002
5.672679e+003,4.791336e-002
5.673161e+003,4.506060e-002
5.673643e+003,4.119219e-002
5.674125e+003,3.714006e-002
5.674607e+003,3.336823e-002
5.675089e+003,2.983338e-002
5.675571e+003,2.603098e-002
5.676054e+003,2.125340e-002
5.676536e+003,1.496553e-002
5.677018e+003,7.114113e-003
5.677500e+003,-1.804219e-003
5.677982e+003,-1.096429e-002
5.678464e+003,-1.965238e-002
5.678946e+003,-2.765543e-002
5.679429e+003,-3.537338e-002
5.679911e+003,-4.356874e-002
5.680393e+003,-5.285070e-002
5.680875e+003,-6.315652e-002
5.681357e+003,-7.352080e-002
5.681839e+003,-8.229490e-002
5.682321e+003,-8.775215e-002
5.682803e+003,-8.881152e-002
5.683286e+003,-8.553808e-002
5.683768e+003,-7.918089e-002
5.684250e+003,-7.172827e-002
5.684732e+003,-6.518675e-002
5.685214e+003,-6.090524e-002
5.685696e+003,-5.921594e-002
5.686178e+003,-5.948820e-002
5.686660e+003,-6.048658e-002
5.687143e+003,-6.080700e-002
5.687625e+003,-5.918517e-002
5.688106e+003,-5.460820e-002
5.688589e+003,-4.631405e-002
5.689071e+003,-3.383496e-002
5.689553e+003,-1.718151e-002
5.690035e+003,2.884626e-003
5.690518e+003,2.468000e-002
5.691000e+003,4.574331e-002
5.691481e+003,6.337896e-002
5.691964e+003,7.545956e-002
5.692446e+003,8.115014e-002
5.692928e+003,8.117465e-002
5.693410e+003,7.741554e-002
5.693892e+003,7.195647e-002
5.694375e+003,6.598839e-002
5.694856e+003,5.912415e-002
5.695338e+003,4.951710e-002
5.695821e+003,3.481064e-002
5.696303e+003,1.353037e-002
5.696785e+003,-1.372539e-002
5.697267e+003,-4.390090e-002
5.697749e+003,-7.217246e-002
5.698231e+003,-9.349342e-002
5.698713e+003,-1.043679e-001
5.699195e+003,-1.041024e-001
5.699678e+003,-9.500659e-002
5.700160e+003,-8.147725e-002
5.700642e+003,-6.837357e-002
5.701124e+003,-5.936259e-002
5.701606e+003,-5.587022e-002
5.702088e+003,-5.696244e-002
5.702570e+003,-6.006331e-002
5.703053e+003,-6.209362e-002
5.703535e+003,-6.052036e-002
5.704017e+003,-5.396192e-002
5.704499e+003,-4.227857e-002
5.704981e+003,-2.633126e-002
5.705463e+003,-7.677726e-003
5.705945e+003,1.161989e-002
5.706427e+003,2.909567e-002
5.706910e+003,4.205588e-002
5.707392e+003,4.799641e-002
5.707874e+003,4.527136e-002
5.708356e+003,3.380189e-002
5.708838e+003,1.543777e-002
5.709320e+003,-6.143962e-003
5.709802e+003,-2.646103e-002
5.710284e+003,-4.151073e-002
5.710767e+003,-4.900809e-002
5.711249e+003,-4.901481e-002
5.711731e+003,-4.366821e-002
5.712213e+003,-3.610612e-002
5.712695e+003,-2.904148e-002
5.713177e+003,-2.360159e-002
5.713659e+003,-1.893223e-002
5.714142e+003,-1.272450e-002
5.714624e+003,-2.408143e-003
5.715105e+003,1.353799e-002
5.715588e+003,3.474336e-002
5.716070e+003,5.892391e-002
5.716552e+003,8.265574e-002
5.717034e+003,1.025768e-001
5.717516e+003,1.164943e-001
5.717999e+003,1.239570e-001
5.718480e+003,1.261209e-001
5.718963e+003,1.250466e-001
5.719445e+003,1.227912e-001
5.719927e+003,1.206887e-001
5.720409e+003,1.190734e-001
5.720891e+003,1.174626e-001
5.721373e+003,1.150170e-001
5.721855e+003,1.110095e-001
5.722337e+003,1.050950e-001
5.722820e+003,9.731433e-002
5.723302e+003,8.791502e-002
5.723784e+003,7.715070e-002
5.724266e+003,6.519470e-002
5.724748e+003,5.221260e-002
5.725230e+003,3.853032e-002
5.725712e+003,2.477688e-002
5.726194e+003,1.189630e-002
5.726677e+003,9.944368e-004
5.727159e+003,-6.925834e-003
5.727641e+003,-1.123537e-002
5.728123e+003,-1.185201e-002
5.728605e+003,-9.264513e-003
5.729087e+003,-4.420676e-003
5.729569e+003,1.458835e-003
5.730052e+003,7.073171e-003
5.730534e+003,1.120067e-002
5.731016e+003,1.282451e-002
5.731498e+003,1.124947e-002
5.731980e+003,6.228602e-003
5.732462e+003,-1.912950e-003
5.732944e+003,-1.220675e-002
5.733426e+003,-2.308882e-002
5.733909e+003,-3.261348e-002
5.734391e+003,-3.882622e-002
5.734873e+003,-4.022213e-002
5.735355e+003,-3.616538e-002
5.735837e+003,-2.713568e-002
5.736319e+003,-1.470564e-002
5.736801e+003,-1.225360e-003
5.737283e+003,1.072353e-002
5.737766e+003,1.897056e-002
5.738248e+003,2.232215e-002
5.738730e+003,2.088417e-002
5.739212e+003,1.603338e-002
5.739694e+003,1.003016e-002
5.740176e+003,5.372270e-003
5.740658e+003,4.090046e-003
5.741141e+003,7.197864e-003
5.741623e+003,1.448626e-002
5.742104e+003,2.472202e-002
5.742587e+003,3.618100e-002
5.743069e+003,4.731259e-002
5.743551e+003,5.727625e-002
5.744033e+003,6.613228e-002
5.744515e+003,7.460326e-002
5.744998e+003,8.350231e-002
5.745479e+003,9.307925e-002
5.745962e+003,1.025934e-001
5.746444e+003,1.103478e-001
5.746926e+003,1.142356e-001
5.747408e+003,1.126179e-001
5.747890e+003,1.051889e-001
5.748372e+003,9.344386e-002
5.748854e+003,8.049809e-002
5.749336e+003,7.024946e-002
5.749819e+003,6.614454e-002
5.750301e+003,6.998654e-002
5.750783e+003,8.122947e-002
5.751265e+003,9.703101e-002
5.751747e+003,1.130504e-001
5.752229e+003,1.247016e-001
5.752711e+003,1.284142e-001
5.753193e+003,1.224821e-001
5.753676e+003,1.072628e-001
5.754158e+003,8.475563e-002
5.754640e+003,5.781497e-002
5.755122e+003,2.935018e-002
5.755604e+003,1.802383e-003
5.756086e+003,-2.299922e-002
5.756568e+003,-4.370421e-002
5.757051e+003,-5.925621e-002
5.757533e+003,-6.886470e-002
5.758015e+003,-7.220086e-002
5.758497e+003,-6.970656e-002
5.758979e+003,-6.278668e-002
5.759461e+003,-5.367068e-002
5.759943e+003,-4.487813e-002
5.760425e+003,-3.843595e-002
5.760908e+003,-3.515885e-002
5.761390e+003,-3.432695e-002
5.761872e+003,-3.395243e-002
5.762354e+003,-3.157545e-002
5.762836e+003,-2.528716e-002
5.763318e+003,-1.455271e-002
5.763800e+003,-4.732410e-004
5.764282e+003,1.464411e-002
5.764765e+003,2.823552e-002
5.765247e+003,3.854072e-002
5.765729e+003,4.530334e-002
5.766211e+003,4.979226e-002
5.766693e+003,5.411978e-002
5.767175e+003,6.014691e-002
5.767657e+003,6.845427e-002
5.768139e+003,7.783873e-002
5.768622e+003,8.557875e-002
5.769104e+003,8.839069e-002
5.769586e+003,8.371008e-002
5.770068e+003,7.079136e-002
5.770550e+003,5.119656e-002
5.771032e+003,2.842123e-002
5.771514e+003,6.898079e-003
5.771997e+003,-9.367810e-003
5.772479e+003,-1.797247e-002
5.772960e+003,-1.871390e-002
5.773443e+003,-1.345532e-002
5.773925e+003,-5.357667e-003
5.774407e+003,2.206396e-003
5.774889e+003,6.667909e-003
5.775371e+003,6.886080e-003
5.775854e+003,3.232564e-003
5.776335e+003,-2.806786e-003
5.776817e+003,-9.298602e-003
5.777300e+003,-1.452360e-002
5.777782e+003,-1.741378e-002
5.778264e+003,-1.767066e-002
5.778746e+003,-1.560797e-002
5.779228e+003,-1.185809e-002
5.779710e+003,-7.103863e-003
5.780192e+003,-1.947225e-003
5.780675e+003,3.066281e-003
5.781157e+003,7.340383e-003
5.781639e+003,1.015785e-002
5.782121e+003,1.074801e-002
5.782603e+003,8.514688e-003
5.783085e+003,3.350384e-003
5.783567e+003,-4.108590e-003
5.784049e+003,-1.243494e-002
5.784532e+003,-1.965024e-002
5.785014e+003,-2.371419e-002
5.785496e+003,-2.311022e-002
5.785978e+003,-1.731733e-002
5.786460e+003,-6.985947e-003
5.786942e+003,6.256448e-003
5.787424e+003,2.029831e-002
5.787906e+003,3.314471e-002
5.788389e+003,4.339461e-002
5.788871e+003,5.042668e-002
5.789353e+003,5.426093e-002
5.789835e+003,5.521035e-002
5.790317e+003,5.352179e-002
5.790799e+003,4.919244e-002
5.791281e+003,4.204496e-002
5.791764e+003,3.200277e-002
5.792246e+003,1.940025e-002
5.792728e+003,5.142529e-003
5.793210e+003,-9.392488e-003
5.793692e+003,-2.267985e-002
5.794174e+003,-3.345044e-002
5.794656e+003,-4.097535e-002
5.795138e+003,-4.509782e-002
5.795621e+003,-4.600985e-002
5.796103e+003,-4.390972e-002
5.796585e+003,-3.874582e-002
5.797067e+003,-3.021469e-002
5.797549e+003,-1.804903e-002
5.798031e+003,-2.468587e-003
5.798513e+003,1.544499e-002
5.798995e+003,3.368710e-002
5.799478e+003,4.969925e-002
5.799959e+003,6.109070e-002
5.800442e+003,6.645858e-002
5.800924e+003,6.597381e-002
5.801406e+003,6.143703e-002
5.801888e+003,5.584810e-002
5.802370e+003,5.235624e-002
5.802853e+003,5.318742e-002
5.803334e+003,5.879181e-002
5.803816e+003,6.754699e-002
5.804299e+003,7.613620e-002
5.804781e+003,8.049126e-002
5.805263e+003,7.700242e-002
5.805745e+003,6.362005e-002
5.806227e+003,4.052632e-002
5.806709e+003,1.020652e-002
5.807191e+003,-2.306238e-002
5.807674e+003,-5.412874e-002
5.808156e+003,-7.802401e-002
5.808638e+003,-9.089643e-002
5.809120e+003,-9.062829e-002
5.809602e+003,-7.706356e-002
5.810084e+003,-5.188548e-002
5.810566e+003,-1.826028e-002
5.811048e+003,1.962750e-002
5.811531e+003,5.706890e-002
5.812013e+003,8.934189e-002
5.812495e+003,1.122699e-001
5.812977e+003,1.228415e-001
5.813459e+003,1.198315e-001
5.813941e+003,1.042674e-001
5.814423e+003,7.952949e-002
5.814905e+003,5.091255e-002
5.815388e+003,2.461757e-002
5.815870e+003,6.356088e-003
5.816352e+003,-6.280836e-005
5.816834e+003,6.288047e-003
5.817316e+003,2.326795e-002
5.817798e+003,4.638913e-002
5.818280e+003,7.023300e-002
5.818763e+003,9.007901e-002
5.819245e+003,1.031666e-001
5.819727e+003,1.091475e-001
5.820209e+003,1.096120e-001
5.820691e+003,1.069553e-001
5.821173e+003,1.031145e-001
5.821655e+003,9.874178e-002
5.822137e+003,9.315979e-002
5.822620e+003,8.507057e-002
5.823102e+003,7.363470e-002
5.823583e+003,5.935893e-002
5.824066e+003,4.432173e-002
5.824548e+003,3.158487e-002
5.825030e+003,2.403365e-002
5.825512e+003,2.317258e-002
5.825994e+003,2.843831e-002
5.826477e+003,3.735842e-002
5.826958e+003,4.649550e-002
5.827440e+003,5.275556e-002
5.827923e+003,5.448003e-002
5.828405e+003,5.185740e-002
5.828887e+003,4.651837e-002
5.829369e+003,4.056028e-002
5.829852e+003,3.549583e-002
5.830333e+003,3.162743e-002
5.830815e+003,2.811323e-002
5.831298e+003,2.363786e-002
5.831780e+003,1.730262e-002
5.832262e+003,9.229481e-003
5.832744e+003,6.888937e-004
5.833226e+003,-6.565168e-003
5.833708e+003,-1.115645e-002
5.834190e+003,-1.285334e-002
5.834672e+003,-1.282611e-002
5.835155e+003,-1.325743e-002
5.835637e+003,-1.647663e-002
5.836119e+003,-2.400829e-002
5.836601e+003,-3.595373e-002
5.837083e+003,-5.095718e-002
5.837565e+003,-6.673295e-002
5.838047e+003,-8.088901e-002
5.838529e+003,-9.168138e-002
5.839012e+003,-9.840843e-002
5.839494e+003,-1.013517e-001
5.839976e+003,-1.013805e-001
5.840458e+003,-9.946617e-002
5.840940e+003,-9.634051e-002
5.841422e+003,-9.241011e-002
5.841904e+003,-8.787889e-002
5.842387e+003,-8.292653e-002
5.842869e+003,-7.778899e-002
5.843351e+003,-7.267861e-002
5.843833e+003,-6.760664e-002
5.844315e+003,-6.225270e-002
5.844797e+003,-5.601529e-002
5.845279e+003,-4.828072e-002
5.845761e+003,-3.881525e-002
5.846244e+003,-2.809090e-002
5.846726e+003,-1.735563e-002
5.847208e+003,-8.354690e-003
5.847690e+003,-2.763731e-003
5.848172e+003,-1.530840e-003
5.848654e+003,-4.384993e-003
5.849136e+003,-9.722087e-003
5.849618e+003,-1.494597e-002
5.850101e+003,-1.717604e-002
5.850583e+003,-1.409907e-002
5.851065e+003,-4.693387e-003
5.851547e+003,1.040231e-002
5.852029e+003,2.898420e-002
5.852511e+003,4.780729e-002
5.852993e+003,6.337994e-002
5.853476e+003,7.280526e-002
5.853958e+003,7.444822e-002
5.854439e+003,6.827053e-002
5.854922e+003,5.577126e-002
5.855404e+003,3.957503e-002
5.855886e+003,2.279121e-002
5.856368e+003,8.314397e-003
5.856850e+003,-1.763200e-003
5.857333e+003,-6.499307e-003
5.857814e+003,-6.153292e-003
5.858297e+003,-1.967997e-003
5.858779e+003,4.228844e-003
5.859261e+003,1.048422e-002
5.859743e+003,1.513031e-002
5.860225e+003,1.707198e-002
5.860707e+003,1.592281e-002
5.861189e+003,1.199620e-002
5.861671e+003,6.177303e-003
5.862154e+003,-2.939791e-004
5.862636e+003,-6.097752e-003
5.863118e+003,-1.013931e-002
5.863600e+003,-1.179661e-002
5.864082e+003,-1.108959e-002
5.864564e+003,-8.694104e-003
5.865046e+003,-5.764795e-003
5.865528e+003,-3.593341e-003
5.866011e+003,-3.191581e-003
5.866493e+003,-4.932971e-003
5.866975e+003,-8.383544e-003
5.867457e+003,-1.239702e-002
5.867939e+003,-1.545678e-002
5.868421e+003,-1.615423e-002
5.868903e+003,-1.363856e-002
5.869386e+003,-7.880787e-003
5.869868e+003,3.352926e-004
5.870350e+003,9.680367e-003
5.870832e+003,1.869610e-002
5.871314e+003,2.620563e-002
5.871796e+003,3.158169e-002
5.872278e+003,3.480301e-002
5.872760e+003,3.631685e-002
5.873243e+003,3.678970e-002
5.873725e+003,3.685034e-002
5.874207e+003,3.690716e-002
5.874689e+003,3.707398e-002
5.875171e+003,3.719279e-002
5.875653e+003,3.691624e-002
5.876135e+003,3.581417e-002
5.876617e+003,3.348421e-002
5.877100e+003,2.966274e-002
5.877582e+003,2.433503e-002
5.878064e+003,1.783103e-002
5.878546e+003,1.087761e-002
5.879028e+003,4.568681e-003
5.879510e+003,2.274925e-004
5.879992e+003,-8.373541e-004
5.880475e+003,2.359251e-003
5.880957e+003,1.017528e-002
5.881438e+003,2.212632e-002
5.881921e+003,3.682648e-002
5.882403e+003,5.212281e-002
5.882885e+003,6.541818e-002
5.883367e+003,7.413844e-002
5.883849e+003,7.626322e-002
5.884332e+003,7.081424e-002
5.884813e+003,5.818075e-002
5.885296e+003,4.017733e-002
5.885778e+003,1.977792e-002
5.886260e+003,5.501005e-004
5.886742e+003,-1.409339e-002
5.887224e+003,-2.163948e-002
5.887706e+003,-2.101006e-002
5.888188e+003,-1.273044e-002
5.888670e+003,1.319004e-003
5.889153e+003,1.848330e-002
5.889635e+003,3.604689e-002
5.890117e+003,5.183929e-002
5.890599e+003,6.454071e-002
5.891081e+003,7.362551e-002
5.891563e+003,7.903685e-002
5.892045e+003,8.079674e-002
5.892527e+003,7.877352e-002
5.893010e+003,7.273729e-002
5.893492e+003,6.267931e-002
5.893974e+003,4.921902e-002
5.894456e+003,3.386771e-002
5.894938e+003,1.890672e-002
5.895420e+003,6.905293e-003
5.895902e+003,-1.692706e-005
5.896385e+003,-8.958767e-004
5.896867e+003,3.699492e-003
5.897349e+003,1.180289e-002
5.897831e+003,2.068259e-002
5.898313e+003,2.774899e-002
5.898795e+003,3.139868e-002
5.899277e+003,3.148059e-002
5.899759e+003,2.922314e-002
5.900242e+003,2.668067e-002
5.900724e+003,2.594251e-002
5.901206e+003,2.842566e-002
5.901688e+003,3.450898e-002
5.902170e+003,4.359986e-002
5.902652e+003,5.453314e-002
5.903134e+003,6.607237e-002
5.903616e+003,7.727151e-002
5.904099e+003,8.755827e-002
5.904581e+003,9.656022e-002
5.905063e+003,1.038321e-001
5.905545e+003,1.086880e-001
5.906027e+003,1.102759e-001
5.906509e+003,1.078899e-001
5.906991e+003,1.013738e-001
5.907474e+003,9.139934e-002
5.907956e+003,7.944775e-002
5.908438e+003,6.745413e-002
5.908920e+003,5.723972e-002
5.909402e+003,4.996558e-002
5.909884e+003,4.584315e-002
5.910366e+003,4.422049e-002
5.910848e+003,4.398581e-002
5.911331e+003,4.407898e-002
5.911813e+003,4.385587e-002
5.912294e+003,4.313487e-002
5.912777e+003,4.192789e-002
5.913259e+003,4.003244e-002
5.913741e+003,3.674776e-002
5.914223e+003,3.092478e-002
5.914705e+003,2.138841e-002
5.915188e+003,7.561679e-003
5.915669e+003,-1.001574e-002
5.916151e+003,-2.956958e-002
5.916634e+003,-4.850359e-002
5.917116e+003,-6.422640e-002
5.917598e+003,-7.506796e-002
5.918080e+003,-8.088759e-002
5.918563e+003,-8.308548e-002
5.919044e+003,-8.397715e-002
5.919526e+003,-8.577341e-002
5.920009e+003,-8.959000e-002
5.920491e+003,-9.490470e-002
5.920973e+003,-9.968488e-002
5.921455e+003,-1.011151e-001
5.921937e+003,-9.660093e-002
5.922419e+003,-8.463214e-002
5.922901e+003,-6.518050e-002
5.923383e+003,-3.954513e-002
5.923866e+003,-9.807171e-003
5.924348e+003,2.179575e-002
5.924830e+003,5.328339e-002
5.925312e+003,8.302254e-002
5.925794e+003,1.095737e-001
5.926276e+003,1.315199e-001
5.926758e+003,1.475025e-001
5.927240e+003,1.565326e-001
5.927723e+003,1.584446e-001
5.928205e+003,1.542211e-001
5.928687e+003,1.459305e-001
5.929169e+003,1.361941e-001
5.929651e+003,1.273414e-001
5.930133e+003,1.206069e-001
5.930615e+003,1.157457e-001
5.931098e+003,1.112824e-001
5.931580e+003,1.053224e-001
5.932062e+003,9.658379e-002
5.932544e+003,8.518498e-002
5.933026e+003,7.281826e-002
5.933508e+003,6.220517e-002
5.933990e+003,5.605312e-002
5.934472e+003,5.595625e-002
5.934955e+003,6.170925e-002
5.935437e+003,7.132176e-002
5.935919e+003,8.171491e-002
5.936401e+003,8.979505e-002
5.936883e+003,9.345646e-002
5.937365e+003,9.212565e-002
5.937847e+003,8.668213e-002
5.938329e+003,7.886513e-002
5.938812e+003,7.046917e-002
5.939293e+003,6.267795e-002
5.939776e+003,5.577529e-002
5.940258e+003,4.928086e-002
5.940740e+003,4.238129e-002
5.941222e+003,3.443373e-002
5.941704e+003,2.533584e-002
5.942187e+003,1.565019e-002
5.942668e+003,6.481901e-003
5.943150e+003,-8.116421e-004
5.943633e+003,-4.976857e-003
5.944115e+003,-5.198517e-003
5.944597e+003,-1.353560e-003
5.945079e+003,5.858855e-003
5.945561e+003,1.494944e-002
5.946043e+003,2.386068e-002
5.946525e+003,3.037099e-002
5.947008e+003,3.261156e-002
5.947490e+003,2.956228e-002
5.947972e+003,2.136287e-002
5.948454e+003,9.310963e-003
5.948936e+003,-4.483627e-003
5.949418e+003,-1.769178e-002
5.949900e+003,-2.841177e-002
5.950382e+003,-3.565214e-002
5.950865e+003,-3.949788e-002
5.951347e+003,-4.092924e-002
5.951829e+003,-4.138939e-002
5.952311e+003,-4.227331e-002
5.952793e+003,-4.450923e-002
5.953275e+003,-4.833756e-002
5.953757e+003,-5.330143e-002
5.954239e+003,-5.839433e-002
5.954722e+003,-6.229121e-002
5.955204e+003,-6.360985e-002
5.955686e+003,-6.119586e-002
5.956168e+003,-5.434871e-002
5.956650e+003,-4.308782e-002
5.957132e+003,-2.826304e-002
5.957614e+003,-1.148390e-002
5.958097e+003,5.187834e-003
5.958579e+003,1.973831e-002
5.959061e+003,3.075331e-002
5.959543e+003,3.782368e-002
5.960025e+003,4.163699e-002
5.960507e+003,4.370305e-002
5.960989e+003,4.581322e-002
5.961471e+003,4.944786e-002
5.961954e+003,5.536244e-002
5.962436e+003,6.349190e-002
5.962918e+003,7.315851e-002
5.963400e+003,8.343250e-002
5.963882e+003,9.344176e-002
5.964364e+003,1.024869e-001
5.964846e+003,1.099502e-001
5.965328e+003,1.151212e-001
5.965811e+003,1.171145e-001
5.966292e+003,1.149940e-001
5.966775e+003,1.080848e-001
5.967257e+003,9.630947e-002
5.967739e+003,8.034187e-002
5.968221e+003,6.144226e-002
5.968703e+003,4.100640e-002
5.969186e+003,2.003551e-002
5.969667e+003,-1.188678e-003
5.970149e+003,-2.301165e-002
5.970632e+003,-4.588427e-002
5.971114e+003,-6.963037e-002
5.971596e+003,-9.286433e-002
5.972078e+003,-1.128906e-001
5.972560e+003,-1.262206e-001
5.973042e+003,-1.295639e-001
5.973524e+003,-1.209262e-001
5.974007e+003,-1.003830e-001
5.974489e+003,-7.022823e-002
5.974971e+003,-3.445422e-002
5.975453e+003,2.216884e-003
5.975935e+003,3.538209e-002
5.976417e+003,6.174351e-002
5.976899e+003,7.945318e-002
5.977381e+003,8.805518e-002
5.977864e+003,8.821339e-002
5.978346e+003,8.143204e-002
5.978828e+003,6.987027e-002
5.979310e+003,5.620205e-002
5.979792e+003,4.337947e-002
5.980274e+003,3.418287e-002
5.980756e+003,3.057972e-002
5.981238e+003,3.308306e-002
5.981721e+003,4.039830e-002
5.982203e+003,4.960032e-002
5.982685e+003,5.689353e-002
5.983167e+003,5.875843e-002
5.983649e+003,5.309737e-002
5.984131e+003,3.995797e-002
5.984613e+003,2.155886e-002
5.985095e+003,1.604567e-003
5.985578e+003,-1.585473e-002
5.986060e+003,-2.760636e-002
5.986542e+003,-3.209759e-002
5.987024e+003,-2.966472e-002
5.987506e+003,-2.215939e-002
5.987988e+003,-1.219099e-002
5.988470e+003,-2.291004e-003
5.988953e+003,5.725742e-003
5.989435e+003,1.105882e-002
5.989917e+003,1.388531e-002
5.990399e+003,1.509622e-002
5.990881e+003,1.593847e-002
5.991363e+003,1.765842e-002
5.991845e+003,2.119171e-002
5.992327e+003,2.691461e-002
5.992810e+003,3.447800e-002
5.993292e+003,4.276896e-002
5.993773e+003,5.005197e-002
5.994256e+003,5.431308e-002
5.994738e+003,5.376163e-002
5.995220e+003,4.736745e-002
5.995702e+003,3.526393e-002
5.996184e+003,1.885994e-002
5.996667e+003,5.836764e-004
5.997148e+003,-1.669557e-002
5.997631e+003,-3.040272e-002
5.998113e+003,-3.891977e-002
5.998595e+003,-4.196402e-002
5.999077e+003,-4.056589e-002
5.999559e+003,-3.666591e-002
6.000041e+003,-3.247376e-002
6.000523e+003,-2.980000e-002
6.001005e+003,-2.956157e-002
6.001488e+003,-3.159041e-002
6.001970e+003,-3.476828e-002
6.002452e+003,-3.741284e-002
6.002934e+003,-3.778008e-002
6.003416e+003,-3.453876e-002
6.003898e+003,-2.710975e-002
6.004380e+003,-1.582072e-002
6.004862e+003,-1.882698e-003
6.005345e+003,1.277555e-002
6.005827e+003,2.577844e-002
6.006309e+003,3.465828e-002
6.006791e+003,3.728012e-002
6.007273e+003,3.230415e-002
6.007755e+003,1.960683e-002
6.008237e+003,5.311990e-004
6.008720e+003,-2.217547e-002
6.009202e+003,-4.482585e-002
6.009684e+003,-6.362286e-002
6.010166e+003,-7.566469e-002
6.010648e+003,-7.981186e-002
6.011130e+003,-7.708545e-002
6.011612e+003,-7.038101e-002
6.012094e+003,-6.351460e-002
6.012577e+003,-5.988177e-002
6.013059e+003,-6.120090e-002
6.013541e+003,-6.682606e-002
6.014023e+003,-7.392582e-002
6.014505e+003,-7.849383e-002
6.014987e+003,-7.682130e-002
6.015469e+003,-6.686854e-002
6.015951e+003,-4.900873e-002
6.016434e+003,-2.587357e-002
6.016916e+003,-1.395794e-003
6.017398e+003,2.053354e-002
6.017880e+003,3.725111e-002
6.018362e+003,4.789756e-002
6.018844e+003,5.323867e-002
6.019326e+003,5.492500e-002
6.019809e+003,5.460482e-002
6.020291e+003,5.331198e-002
6.020772e+003,5.135331e-002
6.021255e+003,4.863568e-002
6.021737e+003,4.515122e-002
6.022219e+003,4.129337e-002
6.022701e+003,3.781265e-002
6.023183e+003,3.545602e-002
6.023666e+003,3.452896e-002
6.024147e+003,3.466794e-002
6.024630e+003,3.498559e-002
6.025112e+003,3.452777e-002
6.025594e+003,3.278904e-002
6.026076e+003,2.998507e-002
6.026558e+003,2.691015e-002
6.027040e+003,2.444325e-002
6.027522e+003,2.297515e-002
6.028004e+003,2.208910e-002
6.028487e+003,2.069868e-002
6.028969e+003,1.759622e-002
6.029451e+003,1.213087e-002
6.029933e+003,4.648560e-003
6.030415e+003,-3.558021e-003
6.030897e+003,-1.078306e-002
6.031379e+003,-1.565380e-002
6.031861e+003,-1.769744e-002
6.032344e+003,-1.743056e-002
6.032826e+003,-1.593601e-002
6.033308e+003,-1.418087e-002
6.033790e+003,-1.248017e-002
6.034272e+003,-1.043478e-002
6.034754e+003,-7.399824e-003
6.035236e+003,-3.221987e-003
6.035719e+003,1.205474e-003
6.036201e+003,3.962626e-003
6.036683e+003,2.800843e-003
6.037165e+003,-3.752871e-003
6.037647e+003,-1.541662e-002
6.038129e+003,-2.983014e-002
6.038611e+003,-4.313691e-002
6.039093e+003,-5.129299e-002
6.039576e+003,-5.155862e-002
6.040058e+003,-4.351511e-002
6.040540e+003,-2.915625e-002
6.041022e+003,-1.203244e-002
6.041504e+003,4.136808e-003
6.041986e+003,1.673880e-002
6.042468e+003,2.487880e-002
6.042950e+003,2.913157e-002
6.043433e+003,3.067365e-002
6.043915e+003,3.033086e-002
6.044396e+003,2.808002e-002
6.044879e+003,2.326536e-002
6.045361e+003,1.538212e-002
6.045843e+003,4.960080e-003
6.046325e+003,-5.984149e-003
6.046808e+003,-1.423735e-002
6.047290e+003,-1.635110e-002
6.047771e+003,-9.858367e-003
6.048254e+003,5.782220e-003
6.048736e+003,2.901924e-002
6.049218e+003,5.669945e-002
6.049700e+003,8.510608e-002
6.050182e+003,1.109782e-001
6.050665e+003,1.320975e-001
6.051146e+003,1.472835e-001
6.051629e+003,1.559633e-001
6.052111e+003,1.576933e-001
6.052593e+003,1.519883e-001
6.053075e+003,1.385933e-001
6.053557e+003,1.180359e-001
6.054039e+003,9.209830e-002
6.054521e+003,6.385303e-002
6.055003e+003,3.711627e-002
6.055485e+003,1.547878e-002
6.055968e+003,1.305387e-003
6.056450e+003,-4.866850e-003
6.056932e+003,-4.284268e-003
6.057414e+003,6.634554e-004
6.057896e+003,7.365926e-003
6.058378e+003,1.378789e-002
6.058860e+003,1.883551e-002
6.059343e+003,2.223277e-002
6.059825e+003,2.409464e-002
6.060307e+003,2.450845e-002
6.060789e+003,2.337776e-002
6.061271e+003,2.058875e-002
6.061753e+003,1.634257e-002
6.062235e+003,1.138657e-002
6.062718e+003,6.931403e-003
6.063200e+003,4.231513e-003
6.063682e+003,4.020229e-003
6.064164e+003,6.107386e-003
6.064646e+003,9.393155e-003
6.065128e+003,1.234916e-002
6.065610e+003,1.377063e-002
6.066092e+003,1.344142e-002
6.066574e+003,1.236837e-002
6.067057e+003,1.243191e-002
6.067539e+003,1.557815e-002
6.068021e+003,2.290772e-002
6.068503e+003,3.408085e-002
6.068985e+003,4.732405e-002
6.069467e+003,6.005031e-002
6.069949e+003,6.982563e-002
6.070432e+003,7.525799e-002
6.070914e+003,7.642637e-002
6.071396e+003,7.467910e-002
6.071878e+003,7.191448e-002
6.072360e+003,6.967835e-002
6.072842e+003,6.847512e-002
6.073324e+003,6.757614e-002
6.073807e+003,6.538125e-002
6.074289e+003,6.015586e-002
6.074771e+003,5.082845e-002
6.075253e+003,3.753903e-002
6.075735e+003,2.175642e-002
6.076217e+003,5.962014e-003
6.076699e+003,-6.957070e-003
6.077181e+003,-1.439887e-002
6.077663e+003,-1.464012e-002
6.078146e+003,-7.222018e-003
6.078627e+003,6.910167e-003
6.079110e+003,2.549743e-002
6.079592e+003,4.536638e-002
6.080074e+003,6.291460e-002
6.080556e+003,7.483958e-002
6.081038e+003,7.888895e-002
6.081521e+003,7.446943e-002
6.082002e+003,6.290554e-002
6.082484e+003,4.719427e-002
6.082967e+003,3.125036e-002
6.083449e+003,1.882635e-002
6.083931e+003,1.244438e-002
6.084413e+003,1.271049e-002
6.084896e+003,1.826237e-002
6.085377e+003,2.636795e-002
6.085859e+003,3.393767e-002
6.086342e+003,3.854905e-002
6.086824e+003,3.908473e-002
6.087306e+003,3.576064e-002
6.087788e+003,2.959560e-002
6.088270e+003,2.162519e-002
6.088752e+003,1.226956e-002
6.089234e+003,1.177330e-003
6.089716e+003,-1.237439e-002
6.090199e+003,-2.872753e-002
6.090681e+003,-4.712816e-002
6.091163e+003,-6.544236e-002
6.091645e+003,-8.050852e-002
6.092127e+003,-8.904013e-002
6.092609e+003,-8.873335e-002
6.093091e+003,-7.912770e-002
6.093573e+003,-6.186432e-002
6.094056e+003,-4.023785e-002
6.094538e+003,-1.822527e-002
6.095020e+003,6.260466e-004
6.095502e+003,1.404557e-002
6.095984e+003,2.135988e-002
6.096466e+003,2.326199e-002
6.096948e+003,2.122142e-002
6.097431e+003,1.683019e-002
6.097913e+003,1.134210e-002
6.098395e+003,5.519655e-003
6.098877e+003,-2.572284e-004
6.099359e+003,-5.768730e-003
6.099841e+003,-1.076922e-002
6.100323e+003,-1.491249e-002
6.100805e+003,-1.776733e-002
6.101288e+003,-1.884976e-002
6.101770e+003,-1.761509e-002
6.102252e+003,-1.342026e-002
6.102734e+003,-5.532446e-003
6.103216e+003,6.727543e-003
6.103698e+003,2.367612e-002
6.104180e+003,4.486417e-002
6.104662e+003,6.874322e-002
6.105145e+003,9.258479e-002
6.105626e+003,1.127692e-001
6.106108e+003,1.254258e-001
6.106591e+003,1.272659e-001
6.107073e+003,1.163674e-001
6.107555e+003,9.268075e-002
6.108037e+003,5.812417e-002
6.108520e+003,1.627220e-002
6.109001e+003,-2.824454e-002
6.109483e+003,-7.046062e-002
6.109966e+003,-1.057762e-001
6.110448e+003,-1.305174e-001
6.110930e+003,-1.423819e-001
6.111412e+003,-1.407016e-001
6.111894e+003,-1.265260e-001
6.112376e+003,-1.024831e-001
6.112858e+003,-7.239231e-002
6.113341e+003,-4.065407e-002
6.113823e+003,-1.151345e-002
6.114305e+003,1.164912e-002
6.114787e+003,2.683608e-002
6.115269e+003,3.364606e-002
6.115751e+003,3.315730e-002
6.116233e+003,2.754566e-002
6.116715e+003,1.955575e-002
6.117197e+003,1.194831e-002
6.117680e+003,7.014925e-003
6.118162e+003,6.212405e-003
6.118644e+003,9.946815e-003
6.119126e+003,1.753829e-002
6.119608e+003,2.739900e-002
6.120090e+003,3.743378e-002
6.120572e+003,4.560990e-002
6.121055e+003,5.055738e-002
6.121537e+003,5.199806e-002
6.122019e+003,5.081181e-002
6.122501e+003,4.865348e-002
6.122983e+003,4.721126e-002
6.123465e+003,4.737041e-002
6.123947e+003,4.863104e-002
6.124430e+003,4.906357e-002
6.124912e+003,4.588270e-002
6.125394e+003,3.645976e-002
6.125876e+003,1.939313e-002
6.126358e+003,-4.788277e-003
6.126840e+003,-3.357193e-002
6.127322e+003,-6.308217e-002
6.127804e+003,-8.913071e-002
6.128286e+003,-1.083010e-001
6.128769e+003,-1.186932e-001
6.129251e+003,-1.201296e-001
6.129733e+003,-1.138591e-001
6.130215e+003,-1.019797e-001
6.130697e+003,-8.685546e-002
6.131179e+003,-7.071672e-002
6.131661e+003,-5.548082e-002
6.132144e+003,-4.269737e-002
6.132625e+003,-3.348949e-002
6.133107e+003,-2.843023e-002
6.133590e+003,-2.740713e-002
6.134072e+003,-2.960220e-002
6.134554e+003,-3.369268e-002
6.135036e+003,-3.826148e-002
6.135519e+003,-4.226567e-002
6.136000e+003,-4.533631e-002
6.136482e+003,-4.773320e-002
6.136965e+003,-4.994167e-002
6.137447e+003,-5.209654e-002
6.137929e+003,-5.353994e-002
6.138411e+003,-5.278918e-002
6.138893e+003,-4.800606e-002
6.139375e+003,-3.780443e-002
6.139857e+003,-2.203770e-002
6.140339e+003,-2.177929e-003
6.140822e+003,1.890664e-002
6.141304e+003,3.787741e-002
6.141786e+003,5.194057e-002
6.142268e+003,5.976888e-002
6.142750e+003,6.183626e-002
6.143232e+003,6.006612e-002
6.143714e+003,5.696600e-002
6.144196e+003,5.462933e-002
6.144679e+003,5.401323e-002
6.145161e+003,5.475008e-002
6.145643e+003,5.550018e-002
6.146125e+003,5.462988e-002
6.146607e+003,5.090110e-002
6.147089e+003,4.391295e-002
6.147571e+003,3.419147e-002
6.148054e+003,2.299103e-002
6.148536e+003,1.196183e-002
6.149018e+003,2.831314e-003
6.149500e+003,-2.832863e-003
6.149982e+003,-3.796831e-003
6.150464e+003,6.731340e-004
6.150946e+003,1.062650e-002
6.151428e+003,2.526820e-002
6.151911e+003,4.291403e-002
6.152393e+003,6.114719e-002
6.152875e+003,7.719105e-002
6.153357e+003,8.841870e-002
6.153839e+003,9.285048e-002
6.154321e+003,8.948953e-002
6.154803e+003,7.841363e-002
6.155285e+003,6.064548e-002
6.155768e+003,3.790388e-002
6.156250e+003,1.235395e-002
6.156732e+003,-1.358097e-002
6.157214e+003,-3.736672e-002
6.157696e+003,-5.654318e-002
6.158178e+003,-6.901154e-002
6.158660e+003,-7.341114e-002
6.159143e+003,-6.947623e-002
6.159625e+003,-5.821072e-002
6.160106e+003,-4.175160e-002
6.160589e+003,-2.290768e-002
6.161071e+003,-4.502060e-003
6.161553e+003,1.125426e-002
6.162035e+003,2.313358e-002
6.162517e+003,3.089210e-002
6.163000e+003,3.495020e-002
6.163481e+003,3.594076e-002
6.163964e+003,3.435787e-002
6.164446e+003,3.046455e-002
6.164928e+003,2.446952e-002
6.165410e+003,1.683555e-002
6.165892e+003,8.512665e-003
6.166374e+003,9.289949e-004
6.166856e+003,-4.301173e-003
6.167338e+003,-5.845682e-003
6.167821e+003,-3.098737e-003
6.168303e+003,3.590599e-003
6.168785e+003,1.299790e-002
6.169267e+003,2.336467e-002
6.169749e+003,3.285140e-002
6.170231e+003,3.992909e-002
6.170713e+003,4.359580e-002
6.171195e+003,4.340529e-002
6.171678e+003,3.938678e-002
6.172160e+003,3.193857e-002
6.172642e+003,2.179731e-002
6.173124e+003,1.004122e-002
6.173606e+003,-1.931101e-003
6.174088e+003,-1.253149e-002
6.174570e+003,-2.025553e-002
6.175053e+003,-2.404303e-002
6.175535e+003,-2.359487e-002
6.176017e+003,-1.949600e-002
6.176499e+003,-1.305003e-002
6.176981e+003,-5.843646e-003
6.177463e+003,8.201888e-004
6.177945e+003,6.408525e-003
6.178427e+003,1.136241e-002
6.178910e+003,1.691094e-002
6.179392e+003,2.453210e-002
6.179874e+003,3.523672e-002
6.180356e+003,4.893476e-002
6.180838e+003,6.413300e-002
6.181320e+003,7.811028e-002
6.181802e+003,8.755230e-002
6.182284e+003,8.946136e-002
6.182767e+003,8.205017e-002
6.183249e+003,6.532294e-002
6.183730e+003,4.115072e-002
6.184213e+003,1.281956e-002
6.184695e+003,-1.578985e-002
6.185177e+003,-4.111311e-002
6.185659e+003,-6.061144e-002
6.186142e+003,-7.307965e-002
6.186624e+003,-7.851617e-002
6.187105e+003,-7.768553e-002
6.187588e+003,-7.160734e-002
6.188070e+003,-6.119920e-002
6.188552e+003,-4.719531e-002
6.189034e+003,-3.030613e-002
6.189516e+003,-1.146042e-002
6.189999e+003,8.063659e-003
6.190480e+003,2.673741e-002
6.190963e+003,4.309050e-002
6.191445e+003,5.607827e-002
6.191927e+003,6.530936e-002
6.192409e+003,7.100131e-002
6.192891e+003,7.368131e-002
6.193373e+003,7.379920e-002
6.193855e+003,7.148610e-002
6.194337e+003,6.662756e-002
6.194819e+003,5.924920e-002
6.195302e+003,5.001654e-002
6.195784e+003,4.053920e-002
6.196266e+003,3.321486e-002
6.196748e+003,3.055202e-002
6.197230e+003,3.417822e-002
6.197712e+003,4.394564e-002
6.198194e+003,5.757334e-002
6.198677e+003,7.108981e-002
6.199159e+003,8.001958e-002
6.199641e+003,8.092649e-002
6.200123e+003,7.273102e-002
6.200605e+003,5.725962e-002
6.201087e+003,3.875766e-002
6.201569e+003,2.249986e-002
6.202052e+003,1.298918e-002
6.202534e+003,1.242557e-002
6.203016e+003,1.986615e-002
6.203498e+003,3.162082e-002
6.203980e+003,4.243631e-002
6.204462e+003,4.715854e-002
6.204944e+003,4.227102e-002
6.205426e+003,2.684164e-002
6.205908e+003,2.663964e-003
6.206391e+003,-2.633405e-002
6.206873e+003,-5.513702e-002
6.207355e+003,-7.879688e-002
6.207837e+003,-9.340639e-002
6.208319e+003,-9.673118e-002
6.208801e+003,-8.847290e-002
6.209283e+003,-7.021715e-002
6.209766e+003,-4.513471e-002
6.210248e+003,-1.748506e-002
6.210729e+003,8.046153e-003
6.211212e+003,2.712107e-002
6.211694e+003,3.652509e-002
6.212176e+003,3.477854e-002
6.212658e+003,2.241135e-002
6.213141e+003,1.790134e-003
6.213623e+003,-2.348674e-002
6.214104e+003,-4.946916e-002
6.214587e+003,-7.275171e-002
6.215069e+003,-9.111445e-002
6.215551e+003,-1.037237e-001
6.216033e+003,-1.108700e-001
6.216515e+003,-1.133882e-001
6.216997e+003,-1.120168e-001
6.217479e+003,-1.069568e-001
6.217961e+003,-9.779477e-002
6.218444e+003,-8.379522e-002
6.218926e+003,-6.441824e-002
6.219408e+003,-3.983345e-002
6.219890e+003,-1.121276e-002
6.220372e+003,1.931200e-002
6.220854e+003,4.900055e-002
6.221336e+003,7.502076e-002
6.221818e+003,9.494217e-002
6.222301e+003,1.070611e-001
6.222783e+003,1.105109e-001
6.223265e+003,1.052152e-001
6.223747e+003,9.180116e-002
6.224229e+003,7.156928e-002
6.224711e+003,4.653811e-002
6.225193e+003,1.948060e-002
6.225676e+003,-6.190443e-003
6.226158e+003,-2.680778e-002
6.226640e+003,-3.911736e-002
6.227122e+003,-4.108667e-002
6.227604e+003,-3.258872e-002
6.228086e+003,-1.567258e-002
6.228568e+003,5.761893e-003
6.229050e+003,2.686352e-002
6.229533e+003,4.306091e-002
6.230015e+003,5.124188e-002
6.230497e+003,5.049773e-002
6.230979e+003,4.219428e-002
6.231461e+003,2.936576e-002
6.231943e+003,1.566140e-002
6.232425e+003,4.215278e-003
6.232907e+003,-3.191213e-003
6.233390e+003,-6.448267e-003
6.233872e+003,-6.859556e-003
6.234354e+003,-6.511098e-003
6.234836e+003,-7.503463e-003
6.235318e+003,-1.129931e-002
6.235800e+003,-1.834803e-002
6.236282e+003,-2.802597e-002
6.236765e+003,-3.883564e-002
6.237247e+003,-4.877024e-002
6.237729e+003,-5.575668e-002
6.238211e+003,-5.811386e-002
6.238693e+003,-5.496588e-002
6.239175e+003,-4.653197e-002
6.239657e+003,-3.419666e-002
6.240139e+003,-2.027901e-002
6.240622e+003,-7.492909e-003
6.241104e+003,1.797272e-003
6.241586e+003,6.312203e-003
6.242068e+003,6.324990e-003
6.242550e+003,3.653293e-003
6.243032e+003,1.119837e-003
6.243514e+003,1.621797e-003
6.243996e+003,7.115496e-003
6.244479e+003,1.787972e-002
6.244960e+003,3.233501e-002
6.245443e+003,4.749263e-002
6.245925e+003,5.987106e-002
6.246407e+003,6.654304e-002
6.246889e+003,6.593904e-002
6.247371e+003,5.814180e-002
6.247854e+003,4.461753e-002
6.248335e+003,2.754623e-002
6.248817e+003,9.052361e-003
6.249300e+003,-9.359485e-003
6.249782e+003,-2.697897e-002
6.250264e+003,-4.367411e-002
6.250746e+003,-5.944747e-002
6.251228e+003,-7.400509e-002
6.251710e+003,-8.654489e-002
6.252192e+003,-9.585409e-002
6.252675e+003,-1.006610e-001
6.253157e+003,-1.000832e-001
6.253639e+003,-9.398406e-002
6.254121e+003,-8.310732e-002
6.254603e+003,-6.895386e-002
6.255085e+003,-5.346799e-002
6.255567e+003,-3.865572e-002
6.256049e+003,-2.625594e-002
6.256532e+003,-1.753695e-002
6.257014e+003,-1.322284e-002
6.257496e+003,-1.350373e-002
6.257978e+003,-1.807017e-002
6.258460e+003,-2.613532e-002
6.258942e+003,-3.645213e-002
6.259424e+003,-4.736809e-002
6.259906e+003,-5.696865e-002
6.260389e+003,-6.333447e-002
6.260871e+003,-6.488832e-002
6.261353e+003,-6.075650e-002
6.261835e+003,-5.104000e-002
6.262317e+003,-3.689820e-002
6.262799e+003,-2.039209e-002
6.263281e+003,-4.103856e-003
6.263764e+003,9.381871e-003
6.264246e+003,1.801719e-002
6.264728e+003,2.065841e-002
6.265210e+003,1.725893e-002
6.265692e+003,8.786686e-003
6.266174e+003,-3.071908e-003
6.266656e+003,-1.632955e-002
6.267138e+003,-2.911927e-002
6.267621e+003,-4.001280e-002
6.268103e+003,-4.817107e-002
6.268585e+003,-5.331679e-002
6.269067e+003,-5.557387e-002
6.269549e+003,-5.525201e-002
6.270031e+003,-5.266203e-002
6.270513e+003,-4.802524e-002
6.270995e+003,-4.149735e-002
6.271478e+003,-3.327933e-002
6.271959e+003,-2.375136e-002
6.272441e+003,-1.355344e-002
6.272924e+003,-3.558144e-003
6.273406e+003,5.275048e-003
6.273888e+003,1.211873e-002
6.274370e+003,1.648722e-002
6.274853e+003,1.834884e-002
6.275334e+003,1.808752e-002
6.275816e+003,1.632305e-002
6.276299e+003,1.366354e-002
6.276781e+003,1.050075e-002
6.277263e+003,6.947816e-003
6.277745e+003,2.958532e-003
6.278227e+003,-1.418007e-003
6.278709e+003,-5.768264e-003
6.279191e+003,-9.175986e-003
6.279674e+003,-1.031858e-002
6.280156e+003,-7.806968e-003
6.280638e+003,-6.683415e-004
6.281120e+003,1.120299e-002
6.281602e+003,2.680591e-002
6.282084e+003,4.411133e-002
6.282566e+003,6.045072e-002
6.283048e+003,7.309288e-002
6.283530e+003,7.982796e-002
6.284013e+003,7.939207e-002
6.284495e+003,7.164013e-002
6.284977e+003,5.747338e-002
6.285459e+003,3.860225e-002
6.285941e+003,1.724956e-002
6.286423e+003,-4.131163e-003
6.286905e+003,-2.310346e-002
6.287388e+003,-3.748709e-002
6.287870e+003,-4.561934e-002
6.288352e+003,-4.663144e-002
6.288834e+003,-4.067956e-002
6.289316e+003,-2.903475e-002
6.289798e+003,-1.394858e-002
6.290280e+003,1.726407e-003
6.290763e+003,1.509526e-002
6.291245e+003,2.382126e-002
6.291727e+003,2.660924e-002
6.292209e+003,2.344908e-002
6.292691e+003,1.557031e-002
6.293173e+003,5.139461e-003
6.293655e+003,-5.216348e-003
6.294137e+003,-1.295702e-002
6.294619e+003,-1.615367e-002
6.295102e+003,-1.391813e-002
6.295583e+003,-6.604820e-003
6.296066e+003,4.172070e-003
6.296548e+003,1.585982e-002
6.297030e+003,2.556799e-002
6.297512e+003,3.085044e-002
6.297994e+003,3.046682e-002
6.298477e+003,2.487234e-002
6.298958e+003,1.622351e-002
6.299440e+003,7.825040e-003
6.299923e+003,3.142066e-003
6.300405e+003,4.683860e-003
6.300887e+003,1.314607e-002
6.301369e+003,2.713023e-002
6.301852e+003,4.355915e-002
6.302333e+003,5.864960e-002
6.302815e+003,6.909814e-002
6.303298e+003,7.305954e-002
6.303780e+003,7.058958e-002
6.304262e+003,6.343600e-002
6.304744e+003,5.431128e-002
6.305226e+003,4.595773e-002
6.305708e+003,4.035615e-002
6.306190e+003,3.832571e-002
6.306672e+003,3.957947e-002
6.307155e+003,4.311907e-002
6.307637e+003,4.775192e-002
6.308119e+003,5.251679e-002
6.308601e+003,5.688966e-002
6.309083e+003,6.075742e-002
6.309565e+003,6.423715e-002
6.310047e+003,6.745454e-002
6.310529e+003,7.037856e-002
6.311012e+003,7.276435e-002
6.311494e+003,7.421304e-002
6.311976e+003,7.432546e-002
6.312458e+003,7.290796e-002
6.312940e+003,7.017048e-002
6.313422e+003,6.684133e-002
6.313904e+003,6.412113e-002
6.314387e+003,6.342782e-002
6.314869e+003,6.595393e-002
6.315351e+003,7.215063e-002
6.315833e+003,8.132834e-002
6.316315e+003,9.157605e-002
6.316797e+003,1.001222e-001
6.317279e+003,1.041053e-001
6.317761e+003,1.015451e-001
6.318244e+003,9.218770e-002
6.318726e+003,7.789215e-002
6.319208e+003,6.236064e-002
6.319690e+003,5.023661e-002
6.320172e+003,4.582394e-002
6.320654e+003,5.182210e-002
6.321136e+003,6.846723e-002
6.321618e+003,9.332722e-002
6.322101e+003,1.217874e-001
6.322583e+003,1.480647e-001
6.323064e+003,1.664680e-001
6.323547e+003,1.726025e-001
6.324029e+003,1.642698e-001
6.324511e+003,1.419070e-001
6.324993e+003,1.084997e-001
6.325476e+003,6.899226e-002
6.325958e+003,2.929284e-002
6.326439e+003,-4.935951e-003
6.326922e+003,-2.944890e-002
6.327404e+003,-4.225145e-002
6.327886e+003,-4.384924e-002
6.328368e+003,-3.681516e-002
6.328850e+003,-2.479408e-002
6.329333e+003,-1.127651e-002
6.329814e+003,1.424876e-003
6.330297e+003,1.262485e-002
6.330779e+003,2.299269e-002
6.331261e+003,3.370427e-002
6.331743e+003,4.541305e-002
6.332225e+003,5.751614e-002
6.332707e+003,6.806405e-002
6.333189e+003,7.437541e-002
6.333671e+003,7.409817e-002
6.334153e+003,6.625587e-002
6.334636e+003,5.182555e-002
6.335118e+003,3.360249e-002
6.335600e+003,1.541797e-002
6.336082e+003,1.037968e-003
6.336564e+003,-6.826320e-003
6.337046e+003,-7.058498e-003
6.337528e+003,-1.162771e-004
6.338011e+003,1.241657e-002
6.338493e+003,2.842851e-002
6.338975e+003,4.575984e-002
6.339457e+003,6.243157e-002
6.339939e+003,7.666495e-002
6.340421e+003,8.684798e-002
6.340903e+003,9.160407e-002
6.341386e+003,9.001801e-002
6.341868e+003,8.194052e-002
6.342350e+003,6.821021e-002
6.342832e+003,5.064469e-002
6.343314e+003,3.175133e-002
6.343796e+003,1.423472e-002
6.344278e+003,4.605757e-004
6.344760e+003,-7.963631e-003
6.345242e+003,-1.040298e-002
6.345725e+003,-7.209165e-003
6.346207e+003,4.004964e-004
6.346689e+003,1.053494e-002
6.347171e+003,2.087312e-002
6.347653e+003,2.898534e-002
6.348135e+003,3.275510e-002
6.348617e+003,3.086598e-002
6.349100e+003,2.323147e-002
6.349582e+003,1.119110e-002
6.350063e+003,-2.674459e-003
6.350546e+003,-1.513783e-002
6.351028e+003,-2.318769e-002
6.351510e+003,-2.488402e-002
6.351992e+003,-1.990044e-002
6.352475e+003,-9.550714e-003
6.352957e+003,3.708193e-003
6.353438e+003,1.710231e-002
6.353921e+003,2.838101e-002
6.354403e+003,3.636762e-002
6.354885e+003,4.105157e-002
6.355367e+003,4.324958e-002
6.355849e+003,4.403149e-002
6.356331e+003,4.417754e-002
6.356813e+003,4.386379e-002
6.357296e+003,4.276251e-002
6.357778e+003,4.030344e-002
6.358260e+003,3.611073e-002
6.358742e+003,3.033928e-002
6.359224e+003,2.378633e-002
6.359706e+003,1.773215e-002
6.360188e+003,1.356371e-002
6.360670e+003,1.230814e-002
6.361152e+003,1.423436e-002
6.361635e+003,1.866704e-002
6.362117e+003,2.410297e-002
6.362599e+003,2.863058e-002
6.363081e+003,3.054553e-002
6.363563e+003,2.896259e-002
6.364045e+003,2.418633e-002
6.364527e+003,1.765927e-002
6.365010e+003,1.145188e-002
6.365492e+003,7.451313e-003
6.365974e+003,6.563012e-003
6.366456e+003,8.281671e-003
6.366938e+003,1.087245e-002
6.367420e+003,1.215534e-002
6.367902e+003,1.060126e-002
6.368384e+003,6.261347e-003
6.368867e+003,1.065510e-003
6.369349e+003,-1.737603e-003
6.369831e+003,1.140847e-003
6.370313e+003,1.151395e-002
6.370795e+003,2.859894e-002
6.371277e+003,4.880896e-002
6.371759e+003,6.662074e-002
6.372241e+003,7.624333e-002
6.372724e+003,7.347679e-002
6.373206e+003,5.706952e-002
6.373688e+003,2.908818e-002
6.374170e+003,-5.786492e-003
6.374652e+003,-4.171333e-002
6.375134e+003,-7.331984e-002
6.375616e+003,-9.693592e-002
6.376099e+003,-1.110865e-001
6.376581e+003,-1.162270e-001
6.377063e+003,-1.139846e-001
6.377545e+003,-1.062950e-001
6.378027e+003,-9.476778e-002
6.378509e+003,-8.043608e-002
6.378991e+003,-6.385678e-002
6.379473e+003,-4.540223e-002
6.379956e+003,-2.556934e-002
6.380438e+003,-5.190996e-003
6.380920e+003,1.448798e-002
6.381402e+003,3.185860e-002
6.381884e+003,4.509972e-002
6.382366e+003,5.242312e-002
6.382848e+003,5.239544e-002
6.383330e+003,4.428961e-002
6.383813e+003,2.837556e-002
6.384294e+003,6.043089e-003
6.384777e+003,-2.031667e-002
6.385259e+003,-4.766439e-002
6.385741e+003,-7.280236e-002
6.386223e+003,-9.285096e-002
6.386705e+003,-1.055842e-001
6.387188e+003,-1.095804e-001
6.387669e+003,-1.042227e-001
6.388151e+003,-8.977925e-002
6.388634e+003,-6.735218e-002
6.389116e+003,-3.898232e-002
6.389598e+003,-7.620790e-003
6.390080e+003,2.314941e-002
6.390562e+003,4.969942e-002
6.391044e+003,6.913745e-002
6.391526e+003,8.002259e-002
6.392009e+003,8.270354e-002
6.392491e+003,7.909395e-002
6.392973e+003,7.193507e-002
6.393455e+003,6.384196e-002
6.393937e+003,5.654557e-002
6.394419e+003,5.065737e-002
6.394901e+003,4.601811e-002
6.395383e+003,4.238323e-002
6.395866e+003,4.000869e-002
6.396348e+003,3.974914e-002
6.396830e+003,4.255088e-002
6.397312e+003,4.858519e-002
6.397794e+003,5.652548e-002
6.398276e+003,6.347276e-002
6.398758e+003,6.575061e-002
6.399240e+003,6.035137e-002
6.399723e+003,4.643926e-002
6.400205e+003,2.620457e-002
6.400687e+003,4.586893e-003
6.401169e+003,-1.214268e-002
6.401651e+003,-1.844875e-002
6.402133e+003,-1.145613e-002
6.402615e+003,8.012974e-003
6.403098e+003,3.566122e-002
6.403580e+003,6.505280e-002
6.404062e+003,8.950096e-002
6.404544e+003,1.038017e-001
6.405026e+003,1.052784e-001
6.405508e+003,9.395991e-002
6.405990e+003,7.207194e-002
6.406472e+003,4.320951e-002
6.406955e+003,1.153174e-002
6.407437e+003,-1.886359e-002
6.407919e+003,-4.441880e-002
6.408401e+003,-6.255720e-002
6.408883e+003,-7.212155e-002
6.409365e+003,-7.369065e-002
6.409847e+003,-6.954960e-002
6.410329e+003,-6.313644e-002
6.410812e+003,-5.799421e-002
6.411293e+003,-5.652735e-002
6.411775e+003,-5.904167e-002
6.412258e+003,-6.351372e-002
6.412740e+003,-6.627593e-002
6.413222e+003,-6.341873e-002
6.413704e+003,-5.238254e-002
6.414187e+003,-3.310493e-002
6.414668e+003,-8.259972e-003
6.415150e+003,1.749847e-002
6.415633e+003,3.897804e-002
6.416115e+003,5.201975e-002
6.416597e+003,5.464984e-002
6.417079e+003,4.748278e-002
6.417561e+003,3.335964e-002
6.418043e+003,1.646598e-002
6.418525e+003,1.294381e-003
6.419008e+003,-8.268648e-003
6.419490e+003,-9.615427e-003
6.419972e+003,-1.733768e-003
6.420454e+003,1.472387e-002
6.420936e+003,3.758448e-002
6.421418e+003,6.350555e-002
6.421900e+003,8.853782e-002
6.422382e+003,1.088533e-001
6.422864e+003,1.215047e-001
6.423347e+003,1.250143e-001
6.423829e+003,1.196016e-001
6.424311e+003,1.069730e-001
6.424793e+003,8.975910e-002
6.425275e+003,7.082354e-002
6.425757e+003,5.269914e-002
6.426239e+003,3.731204e-002
6.426722e+003,2.598857e-002
6.427204e+003,1.959434e-002
6.427686e+003,1.861384e-002
6.428168e+003,2.305938e-002
6.428650e+003,3.225094e-002
6.429132e+003,4.463835e-002
6.429614e+003,5.786194e-002
6.430097e+003,6.914672e-002
6.430579e+003,7.595257e-002
6.431061e+003,7.665311e-002
6.431543e+003,7.097700e-002
6.432025e+003,6.003819e-002
6.432507e+003,4.595629e-002
6.432989e+003,3.123610e-002
6.433471e+003,1.814810e-002
6.433953e+003,8.306364e-003
6.434436e+003,2.510152e-003
6.434917e+003,7.866035e-004
6.435400e+003,2.513388e-003
6.435882e+003,6.537972e-003
6.436364e+003,1.129836e-002
6.436846e+003,1.501798e-002
6.437328e+003,1.603381e-002
6.437811e+003,1.322395e-002
6.438292e+003,6.387309e-003
6.438774e+003,-3.621494e-003
6.439257e+003,-1.513128e-002
6.439739e+003,-2.622856e-002
6.440221e+003,-3.544010e-002
6.440703e+003,-4.220313e-002
6.441186e+003,-4.687219e-002
6.441667e+003,-5.023129e-002
6.442149e+003,-5.274246e-002
6.442632e+003,-5.392721e-002
6.443114e+003,-5.224211e-002
6.443596e+003,-4.558223e-002
6.444078e+003,-3.222993e-002
6.444560e+003,-1.182454e-002
6.445042e+003,1.411145e-002
6.445524e+003,4.236372e-002
6.446006e+003,6.887969e-002
6.446489e+003,8.992554e-002
6.446971e+003,1.030652e-001
6.447453e+003,1.075903e-001
6.447935e+003,1.043119e-001
6.448417e+003,9.492557e-002
6.448899e+003,8.132519e-002
6.449381e+003,6.519372e-002
6.449863e+003,4.796695e-002
6.450346e+003,3.107715e-002
6.450828e+003,1.611610e-002
6.451310e+003,4.739566e-003
6.451792e+003,-1.744560e-003
6.452274e+003,-2.909242e-003
6.452756e+003,4.580494e-004
6.453238e+003,6.475187e-003
6.453721e+003,1.276337e-002
6.454203e+003,1.728295e-002
6.454685e+003,1.901633e-002
6.455167e+003,1.816559e-002
6.455649e+003,1.577192e-002
6.456131e+003,1.296163e-002
6.456613e+003,1.021884e-002
6.457095e+003,7.074211e-003
6.457578e+003,2.384534e-003
6.458060e+003,-4.929813e-003
6.458542e+003,-1.506642e-002
6.459024e+003,-2.687117e-002
6.459506e+003,-3.798412e-002
6.459988e+003,-4.557179e-002
6.460470e+003,-4.733996e-002
6.460952e+003,-4.239550e-002
6.461435e+003,-3.160569e-002
6.461917e+003,-1.733029e-002
6.462399e+003,-2.662862e-003
6.462881e+003,9.510710e-003
6.463363e+003,1.730329e-002
6.463845e+003,2.023952e-002
6.464327e+003,1.922852e-002
6.464810e+003,1.617802e-002
6.465292e+003,1.340458e-002
6.465773e+003,1.299707e-002
6.466256e+003,1.626025e-002
6.466738e+003,2.333809e-002
6.467220e+003,3.310264e-002
6.467702e+003,4.337274e-002
6.468184e+003,5.146431e-002
6.468667e+003,5.496561e-002
6.469148e+003,5.251487e-002
6.469631e+003,4.429673e-002
6.470113e+003,3.203068e-002
6.470595e+003,1.839929e-002
6.471077e+003,6.097774e-003
6.471559e+003,-3.127522e-003
6.472041e+003,-9.047383e-003
6.472523e+003,-1.286843e-002
6.473005e+003,-1.652385e-002
6.473488e+003,-2.164054e-002
6.473970e+003,-2.863830e-002
6.474452e+003,-3.636150e-002
6.474934e+003,-4.240637e-002
6.475416e+003,-4.400081e-002
6.475898e+003,-3.906069e-002
6.476380e+003,-2.699370e-002
6.476862e+003,-8.957471e-003
6.477345e+003,1.246992e-002
6.477827e+003,3.401582e-002
6.478309e+003,5.253019e-002
6.478791e+003,6.563122e-002
6.479273e+003,7.205807e-002
6.479755e+003,7.175891e-002
6.480237e+003,6.580222e-002
6.480720e+003,5.623457e-002
6.481202e+003,4.577017e-002
6.481684e+003,3.735901e-002
6.482166e+003,3.356277e-002
6.482648e+003,3.584440e-002
6.483130e+003,4.400017e-002
6.483612e+003,5.600885e-002
6.484094e+003,6.847454e-002
6.484577e+003,7.761488e-002
6.485059e+003,8.049446e-002
6.485541e+003,7.605192e-002
6.486023e+003,6.550986e-002
6.486505e+003,5.198536e-002
6.486987e+003,3.944491e-002
6.487469e+003,3.141451e-002
6.487951e+003,2.994415e-002
6.488434e+003,3.518870e-002
6.488916e+003,4.567581e-002
6.489397e+003,5.903533e-002
6.489880e+003,7.280201e-002
6.490362e+003,8.494826e-002
6.490844e+003,9.400845e-002
6.491326e+003,9.890244e-002
6.491809e+003,9.871957e-002
6.492291e+003,9.270445e-002
6.492772e+003,8.052167e-002
6.493255e+003,6.266138e-002
6.493737e+003,4.071512e-002
6.494219e+003,1.727881e-002
6.494701e+003,-4.582304e-003
6.495183e+003,-2.213893e-002
6.495665e+003,-3.374447e-002
6.496147e+003,-3.919666e-002
6.496630e+003,-3.955708e-002
6.497112e+003,-3.652170e-002
6.497594e+003,-3.164061e-002
6.498076e+003,-2.574110e-002
6.498558e+003,-1.879209e-002
6.499040e+003,-1.022433e-002
6.499522e+003,4.965389e-004
6.500004e+003,1.334910e-002
6.500486e+003,2.753737e-002
6.500969e+003,4.165082e-002
6.501451e+003,5.408479e-002
6.501933e+003,6.348834e-002
6.502415e+003,6.902404e-002
6.502897e+003,7.035515e-002
6.503379e+003,6.743931e-002
6.503861e+003,6.031404e-002
6.504344e+003,4.904841e-002
6.504826e+003,3.392041e-002
6.505308e+003,1.572556e-002
6.505790e+003,-3.982497e-003
6.506272e+003,-2.291456e-002
6.506754e+003,-3.841217e-002
6.507236e+003,-4.807064e-002
6.507719e+003,-5.039458e-002
6.508201e+003,-4.522681e-002
6.508683e+003,-3.377876e-002
6.509165e+003,-1.825580e-002
6.509647e+003,-1.237106e-003
6.510129e+003,1.494388e-002
6.510611e+003,2.859874e-002
6.511093e+003,3.886358e-002
6.511575e+003,4.522790e-002
6.512058e+003,4.749086e-002
6.512540e+003,4.548534e-002
6.513022e+003,3.908870e-002
6.513504e+003,2.844485e-002
6.513986e+003,1.427059e-002
6.514468e+003,-1.940624e-003
6.514950e+003,-1.797524e-002
6.515433e+003,-3.126777e-002
6.515915e+003,-3.949966e-002
6.516396e+003,-4.124109e-002
6.516879e+003,-3.641605e-002
6.517361e+003,-2.642214e-002
6.517843e+003,-1.385212e-002
6.518325e+003,-1.892337e-003
6.518808e+003,6.426608e-003
6.519290e+003,8.917604e-003
6.519771e+003,4.684149e-003
6.520254e+003,-5.768721e-003
6.520736e+003,-2.075377e-002
6.521218e+003,-3.785658e-002
6.521700e+003,-5.448154e-002
6.522182e+003,-6.834379e-002
6.522664e+003,-7.780207e-002
6.523146e+003,-8.199014e-002
6.523628e+003,-8.076730e-002
6.524111e+003,-7.455242e-002
6.524593e+003,-6.412327e-002
6.525075e+003,-5.045239e-002
6.525557e+003,-3.462028e-002
6.526039e+003,-1.780578e-002
6.526521e+003,-1.315619e-003
6.527003e+003,1.340747e-002
6.527485e+003,2.485948e-002
6.527968e+003,3.166762e-002
6.528450e+003,3.288843e-002
6.528932e+003,2.834548e-002
6.529414e+003,1.889846e-002
6.529896e+003,6.524756e-003
6.530378e+003,-5.874644e-003
6.530860e+003,-1.496149e-002
6.531343e+003,-1.766192e-002
6.531825e+003,-1.192218e-002
6.532307e+003,2.685428e-003
6.532789e+003,2.468756e-002
6.533271e+003,5.086439e-002
6.533753e+003,7.681537e-002
6.534235e+003,9.780782e-002
6.534717e+003,1.097108e-001
6.535200e+003,1.098054e-001
6.535682e+003,9.730680e-002
6.536164e+003,7.351052e-002
6.536646e+003,4.156135e-002
6.537128e+003,5.911877e-003
6.537610e+003,-2.842492e-002
6.538092e+003,-5.671221e-002
6.538574e+003,-7.529687e-002
6.539057e+003,-8.226504e-002
6.539539e+003,-7.781881e-002
6.540021e+003,-6.426039e-002
6.540503e+003,-4.552805e-002
6.540985e+003,-2.633269e-002
6.541467e+003,-1.107332e-002
6.541949e+003,-2.943376e-003
6.542432e+003,-2.882818e-003
6.542914e+003,-9.796031e-003
6.543396e+003,-2.095043e-002
6.543878e+003,-3.290287e-002
6.544360e+003,-4.254552e-002
6.544842e+003,-4.792721e-002
6.545324e+003,-4.860612e-002
6.545806e+003,-4.547788e-002
6.546289e+003,-4.022254e-002
6.546771e+003,-3.463746e-002
6.547253e+003,-3.012575e-002
6.547735e+003,-2.749329e-002
6.548217e+003,-2.704029e-002
6.548699e+003,-2.879453e-002
6.549181e+003,-3.269341e-002
6.549663e+003,-3.859094e-002
6.550146e+003,-4.610302e-002
6.550627e+003,-5.442803e-002
6.551109e+003,-6.232014e-002
6.551592e+003,-6.832212e-002
6.552074e+003,-7.121669e-002
6.552556e+003,-7.051358e-002
6.553038e+003,-6.672677e-002
6.553521e+003,-6.126544e-002
6.554002e+003,-5.592994e-002
6.554484e+003,-5.220168e-002
6.554967e+003,-5.063706e-002
6.555449e+003,-5.065621e-002
6.555931e+003,-5.085182e-002
6.556413e+003,-4.970357e-002
6.556895e+003,-4.638260e-002
6.557377e+003,-4.126616e-002
6.557859e+003,-3.589600e-002
6.558342e+003,-3.235630e-002
6.558824e+003,-3.231465e-002
6.559306e+003,-3.613890e-002
6.559788e+003,-4.249285e-002
6.560270e+003,-4.862369e-002
6.560752e+003,-5.126216e-002
6.561234e+003,-4.779174e-002
6.561716e+003,-3.722190e-002
6.562198e+003,-2.057785e-002
6.562681e+003,-5.611527e-004
6.563163e+003,1.936556e-002
6.563645e+003,3.609081e-002
6.564127e+003,4.772683e-002
6.564609e+003,5.393457e-002
6.565091e+003,5.564079e-002
6.565573e+003,5.434328e-002
6.566056e+003,5.135204e-002
6.566538e+003,4.730634e-002
6.567020e+003,4.215072e-002
6.567502e+003,3.552868e-002
6.567984e+003,2.736057e-002
6.568466e+003,1.830082e-002
6.568948e+003,9.839525e-003
6.569431e+003,3.983505e-003
6.569913e+003,2.641589e-003
6.570395e+003,6.962012e-003
6.570877e+003,1.688247e-002
6.571359e+003,3.105866e-002
6.571841e+003,4.718578e-002
6.572323e+003,6.258734e-002
6.572805e+003,7.476699e-002
6.573287e+003,8.223682e-002
6.573770e+003,8.456534e-002
6.574252e+003,8.243454e-002
6.574734e+003,7.742381e-002
6.575216e+003,7.164605e-002
6.575698e+003,6.730884e-002
6.576180e+003,6.626523e-002
6.576662e+003,6.961271e-002
6.577145e+003,7.740947e-002
6.577626e+003,8.858191e-002
6.578108e+003,1.010801e-001
6.578591e+003,1.122845e-001
6.579073e+003,1.195879e-001
6.579555e+003,1.210009e-001
6.580037e+003,1.156039e-001
6.580520e+003,1.037050e-001
6.581001e+003,8.666752e-002
6.581483e+003,6.648974e-002
6.581966e+003,4.530630e-002
6.582448e+003,2.499144e-002
6.582930e+003,6.978767e-003
6.583412e+003,-7.701268e-003
6.583894e+003,-1.827047e-002
6.584376e+003,-2.408669e-002
6.584858e+003,-2.467302e-002
6.585340e+003,-1.990139e-002
6.585823e+003,-1.023007e-002
6.586305e+003,3.164231e-003
6.586787e+003,1.848920e-002
6.587269e+003,3.369759e-002
6.587751e+003,4.699391e-002
6.588233e+003,5.728386e-002
6.588715e+003,6.436496e-002
6.589197e+003,6.875792e-002
6.589680e+003,7.123706e-002
6.590162e+003,7.226119e-002
6.590644e+003,7.156564e-002
6.591126e+003,6.812024e-002
6.591608e+003,6.050432e-002
6.592090e+003,4.756778e-002
6.592572e+003,2.911109e-002
6.593055e+003,6.293172e-003
6.593537e+003,-1.842794e-002
6.594019e+003,-4.183585e-002
6.594501e+003,-6.080413e-002
6.594983e+003,-7.315765e-002
6.595465e+003,-7.824770e-002
6.595947e+003,-7.704748e-002
6.596429e+003,-7.174633e-002
6.596912e+003,-6.499161e-002
6.597394e+003,-5.903824e-002
6.597876e+003,-5.508516e-002
6.598358e+003,-5.300473e-002
6.598840e+003,-5.153372e-002
6.599322e+003,-4.883952e-002
6.599804e+003,-4.325614e-002
6.600286e+003,-3.393810e-002
6.600769e+003,-2.121772e-002
6.601250e+003,-6.556610e-003
6.601733e+003,7.883422e-003
6.602215e+003,1.990031e-002
6.602697e+003,2.791924e-002
6.603179e+003,3.144551e-002
6.603661e+003,3.117183e-002
6.604144e+003,2.863268e-002
6.604625e+003,2.570644e-002
6.605107e+003,2.396988e-002
6.605590e+003,2.420638e-002
6.606072e+003,2.620399e-002
6.606554e+003,2.889580e-002
6.607036e+003,3.078210e-002
6.607518e+003,3.048890e-002
6.608000e+003,2.728273e-002
6.608482e+003,2.138480e-002
6.608965e+003,1.399110e-002
6.609447e+003,6.989505e-003
6.609929e+003,2.443767e-003
6.610411e+003,1.977067e-003
6.610893e+003,6.222779e-003
6.611375e+003,1.450913e-002
6.611857e+003,2.490153e-002
6.612339e+003,3.463967e-002
6.612822e+003,4.088952e-002
6.613304e+003,4.161216e-002
6.613786e+003,3.627545e-002
6.614268e+003,2.614218e-002
6.614750e+003,1.398259e-002
6.615232e+003,3.255465e-003
6.615714e+003,-2.986011e-003
6.616196e+003,-3.073693e-003
6.616679e+003,2.783671e-003
6.617161e+003,1.269225e-002
6.617643e+003,2.387121e-002
6.618125e+003,3.372491e-002
6.618607e+003,4.073719e-002
6.619089e+003,4.481591e-002
6.619571e+003,4.696863e-002
6.620054e+003,4.850565e-002
6.620536e+003,5.019138e-002
6.621018e+003,5.178528e-002
6.621500e+003,5.220881e-002
6.621982e+003,5.024830e-002
6.622464e+003,4.541101e-002
6.622946e+003,3.845265e-002
6.623428e+003,3.124198e-002
6.623911e+003,2.596378e-002
6.624393e+003,2.401955e-002
6.624875e+003,2.518151e-002
6.625357e+003,2.747707e-002
6.625839e+003,2.794608e-002
6.626321e+003,2.398010e-002
6.626803e+003,1.463381e-002
6.627285e+003,1.265744e-003
6.627768e+003,-1.285015e-002
6.628250e+003,-2.382530e-002
6.628731e+003,-2.881364e-002
6.629214e+003,-2.728185e-002
6.629696e+003,-2.130875e-002
6.630178e+003,-1.476553e-002
6.630660e+003,-1.173320e-002
6.631143e+003,-1.485393e-002
6.631625e+003,-2.432910e-002
6.632106e+003,-3.797004e-002
6.632589e+003,-5.222617e-002
6.633071e+003,-6.368995e-002
6.633553e+003,-7.040048e-002
6.634035e+003,-7.240859e-002
6.634517e+003,-7.143265e-002
6.635000e+003,-6.987847e-002
6.635481e+003,-6.962813e-002
6.635964e+003,-7.124950e-002
6.636446e+003,-7.383949e-002
6.636928e+003,-7.548498e-002
6.637410e+003,-7.405391e-002
6.637892e+003,-6.794816e-002
6.638374e+003,-5.655305e-002
6.638856e+003,-4.031565e-002
6.639338e+003,-2.055424e-002
6.639820e+003,8.373014e-004
6.640303e+003,2.167875e-002
6.640785e+003,3.977359e-002
6.641267e+003,5.320869e-002
6.641749e+003,6.070841e-002
6.642231e+003,6.197574e-002
6.642713e+003,5.786823e-002
6.643195e+003,5.025404e-002
6.643678e+003,4.150373e-002
6.644160e+003,3.375487e-002
6.644642e+003,2.823707e-002
6.645124e+003,2.497036e-002
6.645606e+003,2.300683e-002
6.646088e+003,2.113334e-002
6.646570e+003,1.871292e-002
6.647053e+003,1.624528e-002
6.647535e+003,1.533469e-002
6.648017e+003,1.802471e-002
6.648499e+003,2.576683e-002
6.648981e+003,3.848522e-002
6.649463e+003,5.418200e-002
6.649945e+003,6.929944e-002
6.650427e+003,7.972631e-002
6.650909e+003,8.206098e-002
6.651392e+003,7.465386e-002
6.651874e+003,5.807213e-002
6.652356e+003,3.488706e-002
6.652838e+003,8.946822e-003
6.653320e+003,-1.555304e-002
6.653802e+003,-3.490026e-002
6.654284e+003,-4.642694e-002
6.654767e+003,-4.879236e-002
6.655249e+003,-4.207376e-002
6.655730e+003,-2.774394e-002
6.656213e+003,-8.532088e-003
6.656695e+003,1.191121e-002
6.657177e+003,2.961913e-002
6.657659e+003,4.115445e-002
6.658142e+003,4.451011e-002
6.658624e+003,3.976426e-002
6.659105e+003,2.919918e-002
6.659588e+003,1.675110e-002
6.660070e+003,6.905709e-003
6.660552e+003,3.382095e-003
6.661034e+003,8.044794e-003
6.661516e+003,2.040482e-002
6.661998e+003,3.785213e-002
6.662480e+003,5.650353e-002
6.662962e+003,7.235713e-002
6.663445e+003,8.238523e-002
6.663927e+003,8.526721e-002
6.664409e+003,8.161474e-002
6.664891e+003,7.369565e-002
6.665373e+003,6.477252e-002
6.665855e+003,5.822072e-002
6.666337e+003,5.661273e-002
6.666819e+003,6.094847e-002
6.667302e+003,7.023135e-002
6.667784e+003,8.154741e-002
6.668266e+003,9.071586e-002
6.668748e+003,9.341596e-002
6.669230e+003,8.650745e-002
6.669712e+003,6.912993e-002
6.670194e+003,4.317064e-002
6.670677e+003,1.286735e-002
6.671159e+003,-1.638151e-002
6.671641e+003,-3.961070e-002
6.672123e+003,-5.371162e-002
6.672605e+003,-5.815902e-002
6.673087e+003,-5.479353e-002
6.673569e+003,-4.680371e-002
6.674051e+003,-3.737816e-002
6.674534e+003,-2.860749e-002
6.675016e+003,-2.106132e-002
6.675498e+003,-1.412754e-002
6.675980e+003,-6.844069e-003
6.676462e+003,1.252932e-003
6.676944e+003,9.701107e-003
6.677426e+003,1.729104e-002
6.677908e+003,2.270949e-002
6.678391e+003,2.526862e-002
6.678873e+003,2.531544e-002
6.679355e+003,2.410338e-002
6.679837e+003,2.320153e-002
6.680319e+003,2.376127e-002
6.680801e+003,2.602573e-002
6.681283e+003,2.932929e-002
6.681766e+003,3.256806e-002
6.682248e+003,3.487460e-002
6.682729e+003,3.612573e-002
6.683212e+003,3.700606e-002
6.683694e+003,3.858502e-002
6.684176e+003,4.161806e-002
6.684658e+003,4.592324e-002
6.685140e+003,5.014613e-002
6.685623e+003,5.203996e-002
6.686104e+003,4.915287e-002
6.686587e+003,3.964508e-002
6.687069e+003,2.292548e-002
6.687551e+003,-9.987780e-005
6.688033e+003,-2.719923e-002
6.688515e+003,-5.528432e-002
6.688997e+003,-8.098647e-002
6.689479e+003,-1.011828e-001
6.689961e+003,-1.134019e-001
6.690444e+003,-1.161152e-001
6.690926e+003,-1.089383e-001
6.691408e+003,-9.273361e-002
6.691890e+003,-6.955770e-002
6.692372e+003,-4.239149e-002
6.692854e+003,-1.464329e-002
6.693336e+003,1.049057e-002
6.693818e+003,3.064136e-002
6.694301e+003,4.467490e-002
6.694783e+003,5.276591e-002
6.695265e+003,5.613461e-002
6.695747e+003,5.656009e-002
6.696229e+003,5.584893e-002
6.696711e+003,5.543379e-002
6.697193e+003,5.616523e-002
6.697676e+003,5.830267e-002
6.698158e+003,6.161182e-002
6.698640e+003,6.548253e-002
6.699122e+003,6.902595e-002
6.699604e+003,7.116811e-002
6.700086e+003,7.078694e-002
6.700568e+003,6.692369e-002
6.701050e+003,5.904725e-002
6.701533e+003,4.729585e-002
6.702015e+003,3.260333e-002
6.702497e+003,1.664269e-002
6.702979e+003,1.580387e-003
6.703461e+003,-1.030353e-002
6.703943e+003,-1.704022e-002
6.704425e+003,-1.735494e-002
6.704907e+003,-1.094919e-002
6.705390e+003,1.351057e-003
6.705872e+003,1.760410e-002
6.706354e+003,3.494668e-002
6.706836e+003,4.999662e-002
6.707318e+003,5.944871e-002
6.707800e+003,6.077618e-002
6.708282e+003,5.287040e-002
6.708765e+003,3.641557e-002
6.709247e+003,1.383992e-002
6.709729e+003,-1.118776e-002
6.710211e+003,-3.458191e-002
6.710693e+003,-5.272450e-002
6.711175e+003,-6.312732e-002
6.711657e+003,-6.469208e-002
6.712139e+003,-5.757017e-002
6.712622e+003,-4.279417e-002
6.713104e+003,-2.192586e-002
6.713586e+003,3.098743e-003
6.714068e+003,2.991309e-002
6.714550e+003,5.561041e-002
6.715032e+003,7.681609e-002
6.715514e+003,9.010682e-002
6.715996e+003,9.274994e-002
6.716479e+003,8.352730e-002
6.716960e+003,6.329781e-002
6.717442e+003,3.501353e-002
6.717925e+003,3.117800e-003
6.718407e+003,-2.748208e-002
6.718889e+003,-5.248939e-002
6.719371e+003,-6.895527e-002
6.719854e+003,-7.547532e-002
6.720335e+003,-7.191501e-002
6.720817e+003,-5.895690e-002
6.721300e+003,-3.780763e-002
6.721782e+003,-1.024974e-002
6.722264e+003,2.104722e-002
6.722746e+003,5.227119e-002
6.723228e+003,7.863364e-002
6.723710e+003,9.514754e-002
6.724192e+003,9.788285e-002
6.724675e+003,8.526020e-002
6.725157e+003,5.882549e-002
6.725639e+003,2.310040e-002
6.726121e+003,-1.553278e-002
6.726603e+003,-5.054016e-002
6.727085e+003,-7.690775e-002
6.727567e+003,-9.212811e-002
6.728049e+003,-9.624984e-002
6.728531e+003,-9.101854e-002
6.729014e+003,-7.865289e-002
6.729496e+003,-6.086585e-002
6.729978e+003,-3.857386e-002
6.730460e+003,-1.235457e-002
6.730942e+003,1.668652e-002
6.731424e+003,4.619572e-002
6.731906e+003,7.248729e-002
6.732389e+003,9.127210e-002
6.732871e+003,9.897001e-002
6.733353e+003,9.407397e-002
6.733835e+003,7.797871e-002
6.734317e+003,5.489289e-002
6.734799e+003,3.082907e-002
6.735281e+003,1.202184e-002
6.735764e+003,3.319992e-003
6.736246e+003,7.058158e-003
6.736728e+003,2.268810e-002
6.737210e+003,4.715905e-002
6.737692e+003,7.581025e-002
6.738174e+003,1.034529e-001
6.738656e+003,1.253694e-001
6.739138e+003,1.380760e-001
6.739620e+003,1.398068e-001
6.740103e+003,1.307203e-001
6.740584e+003,1.128237e-001
6.741067e+003,8.958585e-002
6.741549e+003,6.523356e-002
6.742031e+003,4.380781e-002
6.742513e+003,2.817838e-002
6.742995e+003,1.930208e-002
6.743478e+003,1.600040e-002
6.743959e+003,1.539834e-002
6.744441e+003,1.394112e-002
6.744924e+003,8.680240e-003
6.745406e+003,-1.605937e-003
6.745888e+003,-1.585805e-002
6.746370e+003,-3.095819e-002
6.746853e+003,-4.266553e-002
6.747334e+003,-4.695010e-002
6.747816e+003,-4.127624e-002
6.748299e+003,-2.541953e-002
6.748781e+003,-1.580359e-003
6.749263e+003,2.619036e-002
6.749745e+003,5.301432e-002
6.750227e+003,7.430590e-002
6.750709e+003,8.666265e-002
6.751191e+003,8.833501e-002
6.751673e+003,7.925497e-002
6.752156e+003,6.074068e-002
6.752638e+003,3.505002e-002
6.753120e+003,4.932620e-003
6.753602e+003,-2.674229e-002
6.754084e+003,-5.727652e-002
6.754566e+003,-8.438320e-002
6.755048e+003,-1.063968e-001
6.755530e+003,-1.224351e-001
6.756013e+003,-1.324578e-001
6.756495e+003,-1.371658e-001
6.756977e+003,-1.377246e-001
6.757459e+003,-1.353661e-001
6.757941e+003,-1.309911e-001
6.758423e+003,-1.248763e-001
6.758905e+003,-1.166681e-001
6.759388e+003,-1.056181e-001
6.759870e+003,-9.101208e-002
6.760352e+003,-7.262733e-002
6.760834e+003,-5.104378e-002
6.761316e+003,-2.768383e-002
6.761798e+003,-4.558983e-003
6.762280e+003,1.619001e-002
6.762762e+003,3.279707e-002
6.763245e+003,4.424470e-002
6.763727e+003,5.038905e-002
6.764209e+003,5.181559e-002
6.764691e+003,4.950529e-002
6.765173e+003,4.445319e-002
6.765655e+003,3.738301e-002
6.766137e+003,2.864854e-002
6.766619e+003,1.833316e-002
6.767102e+003,6.486090e-003
6.767583e+003,-6.606549e-003
6.768065e+003,-2.021875e-002
6.768548e+003,-3.312185e-002
6.769030e+003,-4.368896e-002
6.769512e+003,-5.014918e-002
6.769994e+003,-5.094118e-002
6.770477e+003,-4.509238e-002
6.770958e+003,-3.253712e-002
6.771440e+003,-1.428562e-002
6.771923e+003,7.626964e-003
6.772405e+003,3.043832e-002
6.772887e+003,5.116369e-002
6.773369e+003,6.719749e-002
6.773851e+003,7.685534e-002
6.774333e+003,7.970330e-002
6.774815e+003,7.657784e-002
6.775298e+003,6.929576e-002
6.775780e+003,6.014930e-002
6.776262e+003,5.134480e-002
6.776744e+003,4.454619e-002
6.777226e+003,4.063148e-002
6.777708e+003,3.968535e-002
6.778190e+003,4.117353e-002
6.778672e+003,4.420421e-002
6.779154e+003,4.778923e-002
6.779637e+003,5.105573e-002
6.780119e+003,5.339732e-002
6.780601e+003,5.457009e-002
6.781083e+003,5.472816e-002
6.781565e+003,5.437302e-002
6.782047e+003,5.419058e-002
6.782529e+003,5.478255e-002
6.783012e+003,5.636054e-002
6.783494e+003,5.852435e-002
6.783976e+003,6.025464e-002
6.784458e+003,6.018792e-002
6.784940e+003,5.712494e-002
6.785422e+003,5.059665e-002
6.785904e+003,4.124522e-002
6.786387e+003,3.081238e-002
6.786869e+003,2.167076e-002
6.787351e+003,1.602793e-002
6.787833e+003,1.509691e-002
6.788315e+003,1.857422e-002
6.788797e+003,2.469279e-002
6.789279e+003,3.074374e-002
6.789761e+003,3.417474e-002
6.790243e+003,3.356007e-002
6.790726e+003,2.922923e-002
6.791208e+003,2.326866e-002
6.791690e+003,1.887804e-002
6.792172e+003,1.929862e-002
6.792654e+003,2.667592e-002
6.793136e+003,4.122954e-002
6.793618e+003,6.098708e-002
6.794101e+003,8.215457e-002
6.794583e+003,1.000106e-001
6.795064e+003,1.100795e-001
6.795547e+003,1.092823e-001
6.796029e+003,9.678393e-002
6.796511e+003,7.432728e-002
6.796993e+003,4.595389e-002
6.797476e+003,1.714149e-002
6.797958e+003,-6.476460e-003
6.798439e+003,-2.052313e-002
6.798922e+003,-2.306046e-002
6.799404e+003,-1.518871e-002
6.799886e+003,-8.287804e-004
6.800368e+003,1.432854e-002
6.800850e+003,2.445961e-002
6.801332e+003,2.536847e-002
6.801814e+003,1.582722e-002
6.802296e+003,-1.943624e-003
6.802779e+003,-2.283130e-002
6.803261e+003,-4.026673e-002
6.803743e+003,-4.810568e-002
6.804225e+003,-4.239154e-002
6.804707e+003,-2.249288e-002
6.805189e+003,8.682856e-003
6.805671e+003,4.542173e-002
6.806153e+003,8.064093e-002
6.806636e+003,1.076208e-001
6.807118e+003,1.215758e-001
6.807600e+003,1.206902e-001
6.808082e+003,1.064116e-001
6.808564e+003,8.298495e-002
6.809046e+003,5.637684e-002
6.809528e+003,3.285349e-002
6.810011e+003,1.753542e-002
6.810493e+003,1.325668e-002
6.810975e+003,1.999791e-002
6.811457e+003,3.503259e-002
6.811939e+003,5.374230e-002
6.812421e+003,7.086966e-002
6.812903e+003,8.185151e-002
6.813385e+003,8.386580e-002
6.813868e+003,7.633481e-002
6.814350e+003,6.081591e-002
6.814832e+003,4.040223e-002
6.815314e+003,1.888068e-002
6.815796e+003,-8.805094e-005
6.816278e+003,-1.358546e-002
6.816760e+003,-1.979071e-002
6.817242e+003,-1.812117e-002
6.817725e+003,-9.232784e-003
6.818207e+003,5.086260e-003
6.818689e+003,2.215951e-002
6.819171e+003,3.885904e-002
6.819653e+003,5.225417e-002
6.820135e+003,6.028821e-002
6.820617e+003,6.240212e-002
6.821100e+003,5.973227e-002
6.821582e+003,5.479205e-002
6.822063e+003,5.066565e-002
6.822546e+003,4.996469e-002
6.823028e+003,5.392119e-002
6.823510e+003,6.195955e-002
6.823992e+003,7.191084e-002
6.824474e+003,8.077787e-002
6.824957e+003,8.574624e-002
6.825438e+003,8.505838e-002
6.825921e+003,7.845420e-002
6.826403e+003,6.708688e-002
6.826885e+003,5.303909e-002
6.827367e+003,3.869367e-002
6.827849e+003,2.619970e-002
6.828331e+003,1.715503e-002
6.828813e+003,1.247832e-002
6.829295e+003,1.236345e-002
6.829778e+003,1.623172e-002
6.830260e+003,2.269740e-002
6.830742e+003,2.965614e-002
6.831224e+003,3.461687e-002
6.831706e+003,3.529909e-002
6.832188e+003,3.035224e-002
6.832670e+003,1.992215e-002
6.833152e+003,5.777969e-003
6.833635e+003,-9.143525e-003
6.834117e+003,-2.167074e-002
6.834599e+003,-2.946880e-002
6.835081e+003,-3.181389e-002
6.835563e+003,-2.974285e-002
6.836045e+003,-2.551978e-002
6.836527e+003,-2.166926e-002
6.837010e+003,-2.001362e-002
6.837492e+003,-2.113143e-002
6.837974e+003,-2.443321e-002
6.838456e+003,-2.874100e-002
6.838938e+003,-3.301916e-002
6.839420e+003,-3.685251e-002
6.839902e+003,-4.043246e-002
6.840384e+003,-4.409774e-002
6.840867e+003,-4.773422e-002
6.841349e+003,-5.042497e-002
6.841831e+003,-5.061335e-002
6.842313e+003,-4.676073e-002
6.842795e+003,-3.819387e-002
6.843277e+003,-2.569539e-002
6.843759e+003,-1.148042e-002
6.844241e+003,1.515132e-003
6.844724e+003,1.076677e-002
6.845206e+003,1.521857e-002
6.845688e+003,1.577025e-002
6.846170e+003,1.493216e-002
6.846652e+003,1.574714e-002
6.847134e+003,2.040549e-002
6.847616e+003,2.912764e-002
6.848099e+003,3.979752e-002
6.848581e+003,4.853632e-002
6.849063e+003,5.103680e-002
6.849545e+003,4.418172e-002
6.850027e+003,2.735523e-002
6.850509e+003,2.934639e-003
6.850991e+003,-2.410646e-002
6.851473e+003,-4.765789e-002
6.851956e+003,-6.225916e-002
6.852438e+003,-6.479328e-002
6.852920e+003,-5.550081e-002
6.853402e+003,-3.796082e-002
6.853884e+003,-1.800451e-002
6.854366e+003,-1.867833e-003
6.854848e+003,5.846631e-003
6.855330e+003,3.733855e-003
6.855813e+003,-5.875191e-003
6.856294e+003,-1.764095e-002
6.856776e+003,-2.502865e-002
6.857259e+003,-2.262776e-002
6.857741e+003,-8.174376e-003
6.858223e+003,1.647233e-002
6.858705e+003,4.580069e-002
6.859188e+003,7.244047e-002
6.859669e+003,8.964997e-002
6.860151e+003,9.359146e-002
6.860634e+003,8.456635e-002
6.861116e+003,6.678478e-002
6.861598e+003,4.680545e-002
6.862080e+003,3.127244e-002
6.862562e+003,2.480350e-002
6.863044e+003,2.877066e-002
6.863526e+003,4.132348e-002
6.864009e+003,5.850534e-002
6.864491e+003,7.591542e-002
6.864973e+003,9.022673e-002
6.865455e+003,1.000241e-001
6.865937e+003,1.057753e-001
6.866419e+003,1.091186e-001
6.866901e+003,1.118772e-001
6.867383e+003,1.152306e-001
6.867865e+003,1.193109e-001
6.868348e+003,1.232685e-001
6.868830e+003,1.256649e-001
6.869312e+003,1.249811e-001
6.869794e+003,1.200611e-001
6.870276e+003,1.104012e-001
6.870758e+003,9.627561e-002
6.871240e+003,7.871176e-002
6.871723e+003,5.932420e-002
6.872205e+003,4.000791e-002
6.872687e+003,2.252517e-002
6.873169e+003,8.087463e-003
6.873651e+003,-2.909702e-003
6.874133e+003,-1.085173e-002
6.874615e+003,-1.652612e-002
6.875098e+003,-2.052009e-002
6.875580e+003,-2.265720e-002
6.876062e+003,-2.176857e-002
6.876544e+003,-1.597791e-002
6.877026e+003,-3.448698e-003
6.877508e+003,1.669524e-002
6.877990e+003,4.368597e-002
6.878472e+003,7.500394e-002
6.878954e+003,1.069399e-001
6.879437e+003,1.356116e-001
6.879918e+003,1.580015e-001
6.880401e+003,1.725675e-001
6.880883e+003,1.791886e-001
6.881365e+003,1.785115e-001
6.881847e+003,1.712246e-001
6.882329e+003,1.574288e-001
6.882812e+003,1.367171e-001
6.883293e+003,1.087977e-001
6.883775e+003,7.434376e-002
6.884258e+003,3.557182e-002
6.884740e+003,-3.843684e-003
6.885222e+003,-3.959044e-002
6.885704e+003,-6.796969e-002
6.886187e+003,-8.703943e-002
6.886668e+003,-9.713486e-002
6.887150e+003,-1.005296e-001
6.887633e+003,-1.003960e-001
6.888115e+003,-9.953859e-002
6.888597e+003,-9.945766e-002
6.889079e+003,-1.001155e-001
6.889561e+003,-1.004206e-001
6.890043e+003,-9.910897e-002
6.890525e+003,-9.554308e-002
6.891007e+003,-9.004722e-002
6.891490e+003,-8.367410e-002
6.891972e+003,-7.760831e-002
6.892454e+003,-7.258572e-002
6.892936e+003,-6.866601e-002
6.893418e+003,-6.546443e-002
6.893900e+003,-6.266695e-002
6.894382e+003,-6.047900e-002
6.894864e+003,-5.969067e-002
6.895347e+003,-6.126126e-002
6.895829e+003,-6.561363e-002
6.896311e+003,-7.202345e-002
6.896793e+003,-7.848126e-002
6.897275e+003,-8.218934e-002
6.897757e+003,-8.053847e-002
6.898239e+003,-7.215208e-002
6.898722e+003,-5.752234e-002
6.899204e+003,-3.893071e-002
6.899686e+003,-1.966219e-002
6.900168e+003,-2.840230e-003
6.900650e+003,9.621579e-003
6.901132e+003,1.751213e-002
6.901614e+003,2.207346e-002
6.902096e+003,2.515300e-002
6.902579e+003,2.815517e-002
6.903061e+003,3.125820e-002
6.903543e+003,3.322750e-002
6.904025e+003,3.189354e-002
6.904507e+003,2.509134e-002
6.904989e+003,1.168856e-002
6.905471e+003,-7.684733e-003
6.905953e+003,-3.046603e-002
6.906436e+003,-5.260885e-002
6.906917e+003,-6.951126e-002
6.907400e+003,-7.715490e-002
6.907882e+003,-7.314482e-002
6.908364e+003,-5.738462e-002
6.908846e+003,-3.221909e-002
6.909328e+003,-2.002817e-003
6.909811e+003,2.781669e-002
6.910292e+003,5.189607e-002
6.910774e+003,6.618967e-002
6.911257e+003,6.883808e-002
6.911739e+003,6.051484e-002
6.912221e+003,4.411691e-002
6.912703e+003,2.396449e-002
6.913185e+003,4.620038e-003
6.913667e+003,-1.021434e-002
6.914149e+003,-1.845420e-002
6.914632e+003,-1.986212e-002
6.915114e+003,-1.575722e-002
6.915596e+003,-8.377140e-003
6.916078e+003,-1.438799e-004
6.916560e+003,6.935618e-003
6.917042e+003,1.160115e-002
6.917524e+003,1.339151e-002
6.918006e+003,1.249720e-002
6.918489e+003,9.527287e-003
6.918971e+003,5.282227e-003
6.919453e+003,5.772433e-004
6.919935e+003,-3.879188e-003
6.920417e+003,-7.562157e-003
6.920899e+003,-1.016808e-002
6.921381e+003,-1.161308e-002
6.921863e+003,-1.199927e-002
6.922346e+003,-1.157585e-002
6.922828e+003,-1.073274e-002
6.923310e+003,-1.004907e-002
6.923792e+003,-1.036963e-002
6.924274e+003,-1.282869e-002
6.924756e+003,-1.871683e-002
6.925238e+003,-2.913248e-002
6.925721e+003,-4.446783e-002
6.926203e+003,-6.390761e-002
6.926685e+003,-8.519473e-002
6.927167e+003,-1.048778e-001
6.927649e+003,-1.190926e-001
6.928131e+003,-1.246949e-001
6.928613e+003,-1.203589e-001
6.929095e+003,-1.071938e-001
6.929578e+003,-8.855806e-002
6.930060e+003,-6.905183e-002
6.930542e+003,-5.300541e-002
6.931024e+003,-4.302267e-002
6.931506e+003,-3.914450e-002
6.931988e+003,-3.896495e-002
6.932470e+003,-3.865000e-002
6.932952e+003,-3.445039e-002
6.933435e+003,-2.411688e-002
6.933917e+003,-7.695024e-003
6.934398e+003,1.254391e-002
6.934881e+003,3.292316e-002
6.935363e+003,4.954183e-002
6.935845e+003,5.934733e-002
6.936327e+003,6.075538e-002
6.936810e+003,5.372481e-002
6.937292e+003,3.943347e-002
6.937773e+003,1.981566e-002
6.938256e+003,-2.821017e-003
6.938738e+003,-2.602989e-002
6.939220e+003,-4.738788e-002
6.939702e+003,-6.472045e-002
6.940184e+003,-7.645594e-002
6.940666e+003,-8.203688e-002
6.941148e+003,-8.219630e-002
6.941631e+003,-7.889312e-002
6.942113e+003,-7.481594e-002
6.942595e+003,-7.256010e-002
6.943077e+003,-7.375909e-002
6.943559e+003,-7.850006e-002
6.944041e+003,-8.525945e-002
6.944523e+003,-9.141012e-002
6.945005e+003,-9.408006e-002
6.945487e+003,-9.103994e-002
6.945970e+003,-8.130813e-002
6.946452e+003,-6.530646e-002
6.946934e+003,-4.459661e-002
6.947416e+003,-2.137412e-002
6.947898e+003,2.059499e-003
6.948380e+003,2.369171e-002
6.948862e+003,4.201697e-002
6.949345e+003,5.612272e-002
6.949827e+003,6.570613e-002
6.950309e+003,7.104167e-002
6.950791e+003,7.286632e-002
6.951273e+003,7.214176e-002
6.951755e+003,6.971034e-002
6.952237e+003,6.595593e-002
6.952720e+003,6.063771e-002
6.953202e+003,5.303474e-002
6.953684e+003,4.240423e-002
6.954166e+003,2.858170e-002
6.954648e+003,1.242868e-002
6.955130e+003,-4.147839e-003
6.955612e+003,-1.870724e-002
6.956094e+003,-2.915854e-002
6.956576e+003,-3.463349e-002
6.957059e+003,-3.591139e-002
6.957541e+003,-3.512330e-002
6.958023e+003,-3.479261e-002
6.958505e+003,-3.661157e-002
6.958987e+003,-4.052962e-002
6.959469e+003,-4.463360e-002
6.959951e+003,-4.595585e-002
6.960434e+003,-4.190712e-002
6.960916e+003,-3.170584e-002
6.961397e+003,-1.712515e-002
6.961880e+003,-2.144207e-003
6.962362e+003,8.436682e-003
6.962844e+003,1.088312e-002
6.963326e+003,4.128364e-003
6.963809e+003,-9.610638e-003
6.964291e+003,-2.549905e-002
6.964772e+003,-3.779144e-002
6.965255e+003,-4.190399e-002
6.965737e+003,-3.603636e-002
6.966219e+003,-2.173030e-002
6.966701e+003,-3.199837e-003
6.967183e+003,1.424304e-002
6.967665e+003,2.601942e-002
6.968147e+003,2.968087e-002
6.968629e+003,2.541764e-002
6.969112e+003,1.560873e-002
6.969594e+003,3.710393e-003
6.970076e+003,-7.019267e-003
6.970558e+003,-1.448388e-002
6.971040e+003,-1.812425e-002
6.971522e+003,-1.869499e-002
6.972004e+003,-1.764763e-002
6.972486e+003,-1.641652e-002
6.972969e+003,-1.586625e-002
6.973451e+003,-1.604159e-002
6.973933e+003,-1.633063e-002
6.974415e+003,-1.547750e-002
6.974897e+003,-1.222174e-002
6.975379e+003,-5.683651e-003
6.975861e+003,4.302196e-003
6.976344e+003,1.701376e-002
6.976826e+003,3.086469e-002
6.977308e+003,4.362838e-002
6.977790e+003,5.282904e-002
6.978272e+003,5.622372e-002
6.978754e+003,5.227167e-002
6.979236e+003,4.048384e-002
6.979718e+003,2.157810e-002
6.980201e+003,-2.584548e-003
6.980683e+003,-2.925155e-002
6.981165e+003,-5.515399e-002
6.981647e+003,-7.693429e-002
6.982129e+003,-9.157372e-002
6.982611e+003,-9.678877e-002
6.983093e+003,-9.137469e-002
6.983575e+003,-7.546082e-002
6.984058e+003,-5.061855e-002
6.984540e+003,-1.975406e-002
6.985021e+003,1.325781e-002
6.985504e+003,4.417554e-002
6.985986e+003,6.912338e-002
6.986468e+003,8.528620e-002
6.986950e+003,9.139010e-002
6.987433e+003,8.784986e-002
6.987915e+003,7.656293e-002
6.988396e+003,6.043017e-002
6.988879e+003,4.274742e-002
6.989361e+003,2.661569e-002
6.989843e+003,1.447820e-002
6.990325e+003,7.828920e-003
6.990807e+003,7.089805e-003
6.991290e+003,1.163285e-002
6.991771e+003,1.993085e-002
6.992254e+003,2.983071e-002
6.992736e+003,3.893906e-002
6.993218e+003,4.507853e-002
6.993700e+003,4.673136e-002
6.994182e+003,4.335851e-002
6.994664e+003,3.549523e-002
6.995146e+003,2.458070e-002
6.995628e+003,1.256509e-002
6.996110e+003,1.412829e-003
6.996593e+003,-7.345913e-003
6.997075e+003,-1.288945e-002
6.997557e+003,-1.515246e-002
6.998039e+003,-1.468011e-002
6.998521e+003,-1.237985e-002
6.999003e+003,-9.271607e-003
6.999485e+003,-6.301551e-003
6.999968e+003,-4.232312e-003
7.000450e+003,-3.584557e-003
7.000932e+003,-4.600742e-003
7.001414e+003,-7.225022e-003
7.001896e+003,-1.112164e-002
7.002378e+003,-1.576037e-002
7.002860e+003,-2.057205e-002
7.003343e+003,-2.513125e-002
7.003825e+003,-2.928732e-002
7.004307e+003,-3.316569e-002
7.004789e+003,-3.707339e-002
7.005271e+003,-4.106366e-002
7.005753e+003,-4.480135e-002
7.006235e+003,-4.740365e-002
7.006717e+003,-4.754554e-002
7.007199e+003,-4.380006e-002
7.007682e+003,-3.511366e-002
7.008164e+003,-2.125068e-002
7.008646e+003,-3.043554e-003
7.009128e+003,1.764847e-002
7.009610e+003,3.826521e-002
7.010092e+003,5.605531e-002
7.010574e+003,6.861862e-002
7.011057e+003,7.433819e-002
7.011539e+003,7.261182e-002
7.012021e+003,6.385957e-002
7.012503e+003,4.933941e-002
7.012985e+003,3.083306e-002
7.013467e+003,1.027729e-002
7.013949e+003,-1.058176e-002
7.014432e+003,-3.043207e-002
7.014914e+003,-4.847072e-002
7.015396e+003,-6.428178e-002
7.015878e+003,-7.755439e-002
7.016360e+003,-8.775616e-002
7.016842e+003,-9.392782e-002
7.017324e+003,-9.475075e-002
7.017806e+003,-8.894420e-002
7.018288e+003,-7.589749e-002
7.018771e+003,-5.629659e-002
7.019252e+003,-3.243946e-002
7.019735e+003,-8.005315e-003
7.020217e+003,1.276229e-002
7.020699e+003,2.624648e-002
7.021181e+003,3.061008e-002
7.021663e+003,2.645162e-002
7.022146e+003,1.665263e-002
7.022627e+003,5.405591e-003
7.023109e+003,-3.254517e-003
7.023592e+003,-6.869090e-003
7.024074e+003,-5.377191e-003
7.024556e+003,-1.015401e-003
7.025038e+003,2.663659e-003
7.025521e+003,2.265817e-003
7.026002e+003,-4.056659e-003
7.026484e+003,-1.583819e-002
7.026967e+003,-3.043026e-002
7.027449e+003,-4.394389e-002
7.027931e+003,-5.260942e-002
7.028413e+003,-5.402438e-002
7.028895e+003,-4.784676e-002
7.029377e+003,-3.573778e-002
7.029859e+003,-2.065538e-002
7.030341e+003,-5.819334e-003
7.030824e+003,6.258617e-003
7.031306e+003,1.437038e-002
7.031788e+003,1.870529e-002
7.032270e+003,2.050959e-002
7.032752e+003,2.150794e-002
7.033234e+003,2.331636e-002
7.033716e+003,2.702173e-002
7.034198e+003,3.300852e-002
7.034681e+003,4.101967e-002
7.035163e+003,5.037745e-002
7.035645e+003,6.030262e-002
7.036127e+003,7.005093e-002
7.036609e+003,7.918589e-002
7.037091e+003,8.756400e-002
7.037573e+003,9.521732e-002
7.038056e+003,1.021344e-001
7.038538e+003,1.080147e-001
7.039020e+003,1.120932e-001
7.039502e+003,1.131260e-001
7.039984e+003,1.095808e-001
7.040466e+003,1.000097e-001
7.040948e+003,8.350910e-002
7.041430e+003,6.013241e-002
7.041913e+003,3.112493e-002
7.042395e+003,-1.102056e-003
7.042877e+003,-3.326606e-002
7.043359e+003,-6.171461e-002
7.043841e+003,-8.302180e-002
7.044323e+003,-9.455980e-002
7.044805e+003,-9.494266e-002
7.045287e+003,-8.427383e-002
7.045770e+003,-6.416123e-002
7.046251e+003,-3.749238e-002
7.046734e+003,-7.991691e-003
7.047216e+003,2.038040e-002
7.047698e+003,4.408193e-002
7.048180e+003,6.056252e-002
7.048662e+003,6.862058e-002
7.049145e+003,6.845982e-002
7.049626e+003,6.144599e-002
7.050108e+003,4.965857e-002
7.050591e+003,3.539084e-002
7.051073e+003,2.075099e-002
7.051555e+003,7.451231e-003
7.052037e+003,-3.223483e-003
7.052520e+003,-1.035631e-002
7.053001e+003,-1.336248e-002
7.053483e+003,-1.204646e-002
7.053966e+003,-6.735502e-003
7.054448e+003,1.607887e-003
7.054930e+003,1.141820e-002
7.055412e+003,2.077915e-002
7.055894e+003,2.786832e-002
7.056376e+003,3.145997e-002
7.056858e+003,3.129938e-002
7.057341e+003,2.819198e-002
7.057822e+003,2.375787e-002
7.058305e+003,1.993455e-002
7.058787e+003,1.841043e-002
7.059269e+003,2.018768e-002
7.059751e+003,2.540264e-002
7.060233e+003,3.341436e-002
7.060715e+003,4.306701e-002
7.061197e+003,5.299251e-002
7.061680e+003,6.185335e-002
7.062162e+003,6.850263e-002
7.062644e+003,7.210609e-002
7.063126e+003,7.228310e-002
7.063608e+003,6.927652e-002
7.064090e+003,6.408051e-002
7.064572e+003,5.840629e-002
7.065055e+003,5.438444e-002
7.065537e+003,5.400569e-002
7.066019e+003,5.844165e-002
7.066501e+003,6.730250e-002
7.066983e+003,7.903125e-002
7.067465e+003,9.077968e-002
7.067947e+003,9.934623e-002
7.068430e+003,1.021760e-001
7.068911e+003,9.819124e-002
7.069394e+003,8.813060e-002
7.069876e+003,7.425413e-002
7.070358e+003,5.952120e-002
7.070840e+003,4.655733e-002
7.071322e+003,3.680770e-002
7.071804e+003,3.019244e-002
7.072286e+003,2.536774e-002
7.072769e+003,2.044763e-002
7.073250e+003,1.386581e-002
7.073732e+003,5.024966e-003
7.074215e+003,-5.502007e-003
7.074697e+003,-1.624901e-002
7.075179e+003,-2.544499e-002
7.075661e+003,-3.163933e-002
7.076144e+003,-3.411197e-002
7.076625e+003,-3.294400e-002
7.077107e+003,-2.879229e-002
7.077590e+003,-2.253780e-002
7.078072e+003,-1.500757e-002
7.078554e+003,-6.898439e-003
7.079036e+003,1.099243e-003
7.079519e+003,8.098224e-003
7.080000e+003,1.290283e-002
7.080482e+003,1.411844e-002
7.080965e+003,1.050059e-002
7.081447e+003,1.432811e-003
7.081929e+003,-1.265753e-002
7.082411e+003,-3.013402e-002
7.082893e+003,-4.833712e-002
7.083375e+003,-6.409361e-002
7.083857e+003,-7.440478e-002
7.084339e+003,-7.711092e-002
7.084821e+003,-7.134737e-002
7.085304e+003,-5.768440e-002
7.085786e+003,-3.794597e-002
7.086268e+003,-1.479084e-002
7.086750e+003,8.816655e-003
7.087232e+003,3.012227e-002
7.087714e+003,4.699609e-002
7.088196e+003,5.820016e-002
7.088679e+003,6.349407e-002
7.089161e+003,6.357796e-002
7.089643e+003,5.987881e-002
7.090125e+003,5.420592e-002
7.090607e+003,4.832975e-002
7.091089e+003,4.357593e-002
7.091571e+003,4.054312e-002
7.092054e+003,3.903587e-002
7.092536e+003,3.824380e-002
7.093018e+003,3.711300e-002
7.093500e+003,3.477788e-002
7.093982e+003,3.089002e-002
7.094464e+003,2.571369e-002
7.094946e+003,1.995171e-002
7.095428e+003,1.437996e-002
7.095910e+003,9.455375e-003
7.096393e+003,5.076590e-003
7.096875e+003,6.114530e-004
7.097356e+003,-4.827516e-003
7.097839e+003,-1.187794e-002
7.098321e+003,-2.066377e-002
7.098803e+003,-3.057141e-002
7.099285e+003,-4.036212e-002
7.099768e+003,-4.852571e-002
7.100250e+003,-5.373721e-002
7.100731e+003,-5.524770e-002
7.101214e+003,-5.308071e-002
7.101696e+003,-4.799212e-002
7.102178e+003,-4.123937e-002
7.102660e+003,-3.425743e-002
7.103143e+003,-2.834204e-002
7.103625e+003,-2.440424e-002
7.104106e+003,-2.282052e-002
7.104589e+003,-2.337708e-002
7.105071e+003,-2.530872e-002
7.105553e+003,-2.744318e-002
7.106035e+003,-2.846131e-002
7.106517e+003,-2.725395e-002
7.106999e+003,-2.330554e-002
7.107481e+003,-1.698628e-002
7.107964e+003,-9.624898e-003
7.108445e+003,-3.281051e-003
7.108928e+003,-2.345755e-004
7.109410e+003,-2.321025e-003
7.109892e+003,-1.031986e-002
7.110374e+003,-2.360554e-002
7.110856e+003,-4.019525e-002
7.111338e+003,-5.719822e-002
7.111820e+003,-7.153773e-002
7.112303e+003,-8.072954e-002
7.112785e+003,-8.348868e-002
7.113267e+003,-8.000252e-002
7.113749e+003,-7.181618e-002
7.114231e+003,-6.138972e-002
7.114713e+003,-5.146018e-002
7.115195e+003,-4.436854e-002
7.115678e+003,-4.149949e-002
7.116160e+003,-4.294783e-002
7.116642e+003,-4.748448e-002
7.117124e+003,-5.284384e-002
7.117606e+003,-5.629081e-002
7.118088e+003,-5.535306e-002
7.118570e+003,-4.854373e-002
7.119053e+003,-3.587598e-002
7.119534e+003,-1.900712e-002
7.120017e+003,-9.404243e-004
7.120499e+003,1.466175e-002
7.120981e+003,2.438106e-002
7.121463e+003,2.591523e-002
7.121945e+003,1.867142e-002
7.122427e+003,3.913012e-003
7.122909e+003,-1.557105e-002
7.123392e+003,-3.615998e-002
7.123874e+003,-5.424318e-002
7.124355e+003,-6.697498e-002
7.124838e+003,-7.276054e-002
7.125320e+003,-7.139172e-002
7.125802e+003,-6.385258e-002
7.126284e+003,-5.189338e-002
7.126767e+003,-3.750977e-002
7.127249e+003,-2.247090e-002
7.127730e+003,-8.013279e-003
7.128213e+003,5.226711e-003
7.128695e+003,1.706598e-002
7.129177e+003,2.750263e-002
7.129659e+003,3.638226e-002
7.130142e+003,4.323013e-002
7.130623e+003,4.733291e-002
7.131105e+003,4.806784e-002
7.131588e+003,4.534838e-002
7.132070e+003,3.996677e-002
7.132552e+003,3.361608e-002
7.133034e+003,2.849101e-002
7.133516e+003,2.655836e-002
7.133998e+003,2.877579e-002
7.134480e+003,3.461875e-002
7.134962e+003,4.219115e-002
7.135444e+003,4.895592e-002
7.135927e+003,5.282721e-002
7.136409e+003,5.315579e-002
7.136891e+003,5.113296e-002
7.137373e+003,4.935695e-002
7.137855e+003,5.067252e-002
7.138337e+003,5.674563e-002
7.138819e+003,6.700572e-002
7.139302e+003,7.848078e-002
7.139784e+003,8.668468e-002
7.140266e+003,8.725260e-002
7.140748e+003,7.766853e-002
7.141230e+003,5.836874e-002
7.141712e+003,3.276471e-002
7.142194e+003,6.186688e-003
7.142677e+003,-1.580935e-002
7.143159e+003,-2.909635e-002
7.143641e+003,-3.198764e-002
7.144123e+003,-2.532070e-002
7.144605e+003,-1.174495e-002
7.145087e+003,5.345045e-003
7.145569e+003,2.272244e-002
7.146051e+003,3.776988e-002
7.146533e+003,4.845748e-002
7.147016e+003,5.313706e-002
7.147498e+003,5.050302e-002
7.147980e+003,3.990922e-002
7.148462e+003,2.193997e-002
7.148944e+003,-1.112359e-003
7.149426e+003,-2.526341e-002
7.149908e+003,-4.556047e-002
7.150391e+003,-5.738655e-002
7.150873e+003,-5.789554e-002
7.151354e+003,-4.699903e-002
7.151837e+003,-2.747112e-002
7.152319e+003,-4.099076e-003
7.152801e+003,1.778672e-002
7.153283e+003,3.382144e-002
7.153766e+003,4.159426e-002
7.154248e+003,4.083057e-002
7.154729e+003,3.285910e-002
7.155212e+003,1.975083e-002
7.155694e+003,3.590391e-003
7.156176e+003,-1.382189e-002
7.156658e+003,-3.084353e-002
7.157140e+003,-4.571095e-002
7.157622e+003,-5.646483e-002
7.158104e+003,-6.129433e-002
7.158587e+003,-5.922715e-002
7.159069e+003,-5.071874e-002
7.159551e+003,-3.823610e-002
7.160033e+003,-2.549815e-002
7.160515e+003,-1.642015e-002
7.160997e+003,-1.369762e-002
7.161479e+003,-1.772325e-002
7.161961e+003,-2.635564e-002
7.162443e+003,-3.570522e-002
7.162926e+003,-4.164910e-002
7.163408e+003,-4.145198e-002
7.163890e+003,-3.481335e-002
7.164372e+003,-2.390426e-002
7.164854e+003,-1.238886e-002
7.165336e+003,-3.854390e-003
7.165818e+003,-3.160840e-004
7.166301e+003,-1.419252e-003
7.166783e+003,-4.651265e-003
7.167265e+003,-6.442599e-003
7.167747e+003,-3.668543e-003
7.168229e+003,5.081214e-003
7.168711e+003,1.896467e-002
7.169193e+003,3.524340e-002
7.169676e+003,5.031287e-002
7.170158e+003,6.093547e-002
7.170640e+003,6.518158e-002
7.171122e+003,6.277653e-002
7.171604e+003,5.484222e-002
7.172086e+003,4.327215e-002
7.172568e+003,3.007668e-002
7.173050e+003,1.696626e-002
7.173532e+003,5.257400e-003
7.174015e+003,-4.004633e-003
7.174497e+003,-9.912770e-003
7.174979e+003,-1.172911e-002
7.175461e+003,-9.113851e-003
7.175943e+003,-2.428617e-003
7.176425e+003,7.097623e-003
7.176907e+003,1.751051e-002
7.177390e+003,2.660589e-002
7.177872e+003,3.258565e-002
7.178354e+003,3.463035e-002
7.178836e+003,3.314141e-002
7.179318e+003,2.954593e-002
7.179800e+003,2.574892e-002
7.180282e+003,2.347126e-002
7.180765e+003,2.374701e-002
7.181247e+003,2.676098e-002
7.181729e+003,3.202795e-002
7.182211e+003,3.874842e-002
7.182693e+003,4.610746e-002
7.183175e+003,5.335660e-002
7.183657e+003,5.968486e-002
7.184139e+003,6.404780e-002
7.184621e+003,6.517944e-002
7.185104e+003,6.192176e-002
7.185586e+003,5.381114e-002
7.186067e+003,4.166153e-002
7.186550e+003,2.780114e-002
7.187032e+003,1.571541e-002
7.187514e+003,9.099760e-003
7.187996e+003,1.061748e-002
7.188479e+003,2.084487e-002
7.188960e+003,3.785999e-002
7.189442e+003,5.769078e-002
7.189925e+003,7.549736e-002
7.190407e+003,8.694383e-002
7.190889e+003,8.946126e-002
7.191371e+003,8.265505e-002
7.191854e+003,6.798732e-002
7.192335e+003,4.794159e-002
7.192817e+003,2.512083e-002
7.193300e+003,1.686830e-003
7.193782e+003,-2.069374e-002
7.194264e+003,-4.054064e-002
7.194746e+003,-5.623920e-002
7.195228e+003,-6.604937e-002
7.195710e+003,-6.856722e-002
7.196192e+003,-6.345382e-002
7.196675e+003,-5.202505e-002
7.197156e+003,-3.729369e-002
7.197639e+003,-2.328407e-002
7.198121e+003,-1.379294e-002
7.198603e+003,-1.107184e-002
7.199085e+003,-1.499580e-002
7.199567e+003,-2.310609e-002
7.200049e+003,-3.154002e-002
7.200531e+003,-3.647013e-002
7.201014e+003,-3.545384e-002
7.201496e+003,-2.815581e-002
7.201978e+003,-1.620507e-002
7.202460e+003,-2.340398e-003
7.202942e+003,1.071430e-002
7.203424e+003,2.113821e-002
7.203906e+003,2.833286e-002
7.204389e+003,3.264638e-002
7.204871e+003,3.475885e-002
7.205353e+003,3.510571e-002
7.205835e+003,3.363062e-002
7.206317e+003,2.993665e-002
7.206799e+003,2.367547e-002
7.207281e+003,1.490736e-002
7.207764e+003,4.220809e-003
7.208245e+003,-7.429538e-003
7.208728e+003,-1.903483e-002
7.209210e+003,-2.978567e-002
7.209692e+003,-3.911818e-002
7.210174e+003,-4.655160e-002
7.210656e+003,-5.146129e-002
7.211138e+003,-5.298157e-002
7.211620e+003,-5.015937e-002
7.212103e+003,-4.232317e-002
7.212584e+003,-2.949073e-002
7.213066e+003,-1.259434e-002
7.213549e+003,6.614184e-003
7.214031e+003,2.595264e-002
7.214513e+003,4.331943e-002
7.214995e+003,5.710357e-002
7.215478e+003,6.634520e-002
7.215959e+003,7.064994e-002
7.216441e+003,6.999665e-002
7.216924e+003,6.461959e-002
7.217406e+003,5.506561e-002
7.217888e+003,4.237698e-002
7.218370e+003,2.822236e-002
7.218853e+003,1.478157e-002
7.219334e+003,4.304480e-003
7.219816e+003,-1.543583e-003
7.220299e+003,-2.274459e-003
7.220781e+003,1.334758e-003
7.221263e+003,7.133347e-003
7.221745e+003,1.273899e-002
7.222227e+003,1.633816e-002
7.222709e+003,1.734641e-002
7.223191e+003,1.654247e-002
7.223673e+003,1.563707e-002
7.224155e+003,1.649082e-002
7.224638e+003,2.033769e-002
7.225120e+003,2.734175e-002
7.225602e+003,3.663186e-002
7.226084e+003,4.672297e-002
7.226566e+003,5.606453e-002
7.227048e+003,6.344163e-002
7.227530e+003,6.808778e-002
7.228013e+003,6.956419e-002
7.228495e+003,6.759720e-002
7.228977e+003,6.206268e-002
7.229459e+003,5.317543e-002
7.229941e+003,4.176341e-002
7.230423e+003,2.939706e-002
7.230905e+003,1.817811e-002
7.231388e+003,1.016405e-002
7.231870e+003,6.630066e-003
7.232352e+003,7.514520e-003
7.232834e+003,1.135996e-002
7.233316e+003,1.584116e-002
7.233798e+003,1.867903e-002
7.234280e+003,1.853173e-002
7.234762e+003,1.545153e-002
7.235244e+003,1.070328e-002
7.235727e+003,6.051559e-003
7.236209e+003,2.886211e-003
7.236691e+003,1.636021e-003
7.237173e+003,1.774893e-003
7.237655e+003,2.414185e-003
7.238137e+003,3.154033e-003
7.238619e+003,4.704657e-003
7.239102e+003,8.878609e-003
7.239583e+003,1.786198e-002
7.240065e+003,3.304381e-002
7.240548e+003,5.393796e-002
7.241030e+003,7.774429e-002
7.241512e+003,9.984966e-002
7.241994e+003,1.151641e-001
7.242477e+003,1.198003e-001
7.242958e+003,1.124187e-001
7.243440e+003,9.467949e-002
7.243923e+003,7.061695e-002
7.244405e+003,4.521126e-002
7.244887e+003,2.275280e-002
7.245369e+003,5.640122e-003
7.245851e+003,-5.973674e-003
7.246333e+003,-1.364702e-002
7.246815e+003,-1.954413e-002
7.247298e+003,-2.526607e-002
7.247780e+003,-3.109895e-002
7.248262e+003,-3.594124e-002
7.248744e+003,-3.787137e-002
7.249226e+003,-3.506204e-002
7.249708e+003,-2.664049e-002
7.250190e+003,-1.315990e-002
7.250672e+003,3.462992e-003
7.251154e+003,2.046741e-002
7.251637e+003,3.494488e-002
7.252119e+003,4.471388e-002
7.252601e+003,4.851489e-002
7.253083e+003,4.617511e-002
7.253565e+003,3.842797e-002
7.254047e+003,2.660117e-002
7.254529e+003,1.231431e-002
7.255012e+003,-2.729007e-003
7.255494e+003,-1.684623e-002
7.255976e+003,-2.843057e-002
7.256458e+003,-3.602583e-002
7.256940e+003,-3.846679e-002
7.257422e+003,-3.507768e-002
7.257904e+003,-2.586881e-002
7.258387e+003,-1.164430e-002
7.258869e+003,6.052844e-003
7.259351e+003,2.518200e-002
7.259833e+003,4.358788e-002
7.260315e+003,5.942055e-002
7.260797e+003,7.146484e-002
7.261279e+003,7.927489e-002
7.261761e+003,8.307642e-002
7.262243e+003,8.348294e-002
7.262726e+003,8.114120e-002
7.263208e+003,7.644588e-002
7.263689e+003,6.943166e-002
7.264172e+003,5.987584e-002
7.264654e+003,4.755488e-002
7.265136e+003,3.253642e-002
7.265618e+003,1.537616e-002
7.266101e+003,-2.865281e-003
7.266583e+003,-2.078939e-002
7.267064e+003,-3.693910e-002
7.267547e+003,-5.007783e-002
7.268029e+003,-5.937346e-002
7.268511e+003,-6.445014e-002
7.268993e+003,-6.533941e-002
7.269476e+003,-6.239997e-002
7.269958e+003,-5.626679e-002
7.270439e+003,-4.783906e-002
7.270922e+003,-3.825934e-002
7.271404e+003,-2.881214e-002
7.271886e+003,-2.069799e-002
7.272368e+003,-1.471726e-002
7.272850e+003,-1.097982e-002
7.273332e+003,-8.795607e-003
7.273814e+003,-6.861518e-003
7.274297e+003,-3.743294e-003
7.274778e+003,1.492147e-003
7.275261e+003,8.742355e-003
7.275743e+003,1.668293e-002
7.276225e+003,2.306345e-002
7.276707e+003,2.542784e-002
7.277189e+003,2.201445e-002
7.277671e+003,1.249297e-002
7.278153e+003,-1.761100e-003
7.278636e+003,-1.798351e-002
7.279118e+003,-3.282759e-002
7.279600e+003,-4.336542e-002
7.280082e+003,-4.791597e-002
7.280564e+003,-4.641223e-002
7.281046e+003,-4.021201e-002
7.281528e+003,-3.148136e-002
7.282011e+003,-2.243191e-002
7.282493e+003,-1.472191e-002
7.282975e+003,-9.195194e-003
7.283457e+003,-5.998902e-003
7.283939e+003,-4.930771e-003
7.284421e+003,-5.808439e-003
7.284903e+003,-8.687330e-003
7.285386e+003,-1.385763e-002
7.285867e+003,-2.166678e-002
7.286350e+003,-3.228080e-002
7.286832e+003,-4.549412e-002
7.287314e+003,-6.064506e-002
7.287796e+003,-7.663278e-002
7.288278e+003,-9.200297e-002
7.288760e+003,-1.050844e-001
7.289242e+003,-1.141891e-001
7.289725e+003,-1.178998e-001
7.290207e+003,-1.154322e-001
7.290688e+003,-1.069886e-001
7.291171e+003,-9.395460e-002
7.291653e+003,-7.878405e-002
7.292135e+003,-6.450054e-002
7.292617e+003,-5.389434e-002
7.293100e+003,-4.865693e-002
7.293582e+003,-4.878426e-002
7.294063e+003,-5.252864e-002
7.294546e+003,-5.698198e-002
7.295028e+003,-5.910630e-002
7.295510e+003,-5.681856e-002
7.295992e+003,-4.969632e-002
7.296475e+003,-3.902657e-002
7.296956e+003,-2.719756e-002
7.297438e+003,-1.671165e-002
7.297921e+003,-9.248997e-003
7.298403e+003,-5.178691e-003
7.298885e+003,-3.703149e-003
7.299367e+003,-3.529995e-003
7.299849e+003,-3.722566e-003
7.300331e+003,-4.306899e-003
7.300813e+003,-6.339512e-003
7.301295e+003,-1.140572e-002
7.301777e+003,-2.078471e-002
7.302260e+003,-3.466463e-002
7.302742e+003,-5.175690e-002
7.303224e+003,-6.947638e-002
7.303706e+003,-8.461343e-002
7.304188e+003,-9.423809e-002
7.304670e+003,-9.651101e-002
7.305152e+003,-9.114459e-002
7.305635e+003,-7.940774e-002
7.306117e+003,-6.372942e-002
7.306599e+003,-4.706424e-002
7.307081e+003,-3.221370e-002
7.307563e+003,-2.125975e-002
7.308045e+003,-1.520334e-002
7.308527e+003,-1.384483e-002
7.309010e+003,-1.591068e-002
7.309492e+003,-1.940932e-002
7.309974e+003,-2.216412e-002
7.310456e+003,-2.241428e-002
7.310938e+003,-1.931771e-002
7.311420e+003,-1.317590e-002
7.311902e+003,-5.268885e-003
7.312384e+003,2.668631e-003
7.312866e+003,9.139357e-003
7.313349e+003,1.347928e-002
7.313831e+003,1.599653e-002
7.314313e+003,1.778643e-002
7.314795e+003,2.006157e-002
7.315277e+003,2.343806e-002
7.315759e+003,2.748732e-002
7.316241e+003,3.078791e-002
7.316724e+003,3.148629e-002
7.317206e+003,2.813339e-002
7.317688e+003,2.042475e-002
7.318170e+003,9.503730e-003
7.318652e+003,-2.322068e-003
7.319134e+003,-1.234014e-002
7.319616e+003,-1.834717e-002
7.320099e+003,-1.933554e-002
7.320581e+003,-1.568471e-002
7.321063e+003,-8.818711e-003
7.321545e+003,-5.240435e-004
7.322027e+003,7.749072e-003
7.322509e+003,1.530505e-002
7.322991e+003,2.219849e-002
7.323473e+003,2.887041e-002
7.323955e+003,3.564494e-002
7.324438e+003,4.234434e-002
7.324920e+003,4.819347e-002
7.325401e+003,5.202946e-002
7.325884e+003,5.269407e-002
7.326366e+003,4.942539e-002
7.326848e+003,4.209913e-002
7.327330e+003,3.126329e-002
7.327813e+003,1.801049e-002
7.328294e+003,3.790403e-003
7.328776e+003,-9.746740e-003
7.329259e+003,-2.084661e-002
7.329741e+003,-2.773217e-002
7.330223e+003,-2.874787e-002
7.330705e+003,-2.261708e-002
7.331188e+003,-8.786927e-003
7.331669e+003,1.224749e-002
7.332151e+003,3.878678e-002
7.332634e+003,6.805666e-002
7.333116e+003,9.664708e-002
7.333598e+003,1.211688e-001
7.334080e+003,1.389456e-001
7.334562e+003,1.485384e-001
7.335044e+003,1.499450e-001
7.335526e+003,1.444275e-001
7.336009e+003,1.340386e-001
7.336490e+003,1.210137e-001
7.336973e+003,1.072279e-001
7.337455e+003,9.387819e-002
7.337937e+003,8.145366e-002
7.338419e+003,6.995295e-002
7.338901e+003,5.922137e-002
7.339383e+003,4.925553e-002
7.339865e+003,4.035562e-002
7.340348e+003,3.308639e-002
7.340830e+003,2.809587e-002
7.341312e+003,2.589961e-002
7.341794e+003,2.673485e-002
7.342276e+003,3.053739e-002
7.342758e+003,3.701865e-002
7.343240e+003,4.576553e-002
7.343723e+003,5.627866e-002
7.344205e+003,6.799825e-002
7.344687e+003,7.987366e-002
7.345169e+003,9.060024e-002
7.345651e+003,9.857041e-002
7.346133e+003,1.021546e-001
7.346615e+003,1.001594e-001
7.347098e+003,9.232008e-002
7.347579e+003,7.962622e-002
7.348062e+003,6.431108e-002
7.348544e+003,4.944168e-002
7.349026e+003,3.820214e-002
7.349508e+003,3.308751e-002
7.349990e+003,3.526331e-002
7.350472e+003,4.428109e-002
7.350954e+003,5.820766e-002
7.351437e+003,7.408932e-002
7.351918e+003,8.858654e-002
7.352400e+003,9.860520e-002
7.352883e+003,1.018001e-001
7.353365e+003,9.689997e-002
7.353847e+003,8.385923e-002
7.354329e+003,6.385588e-002
7.354812e+003,3.914325e-002
7.355293e+003,1.274636e-002
7.355775e+003,-1.198954e-002
7.356258e+003,-3.194274e-002
7.356740e+003,-4.473899e-002
7.357222e+003,-4.912066e-002
7.357704e+003,-4.506213e-002
7.358187e+003,-3.361754e-002
7.358668e+003,-1.657861e-002
7.359150e+003,3.922752e-003
7.359633e+003,2.574007e-002
7.360115e+003,4.690349e-002
7.360597e+003,6.569799e-002
7.361079e+003,8.070955e-002
7.361561e+003,9.091725e-002
7.362043e+003,9.584887e-002
7.362525e+003,9.573396e-002
7.363007e+003,9.154030e-002
7.363489e+003,8.480273e-002
7.363972e+003,7.724579e-002
7.364454e+003,7.031374e-002
7.364936e+003,6.479019e-002
7.365418e+003,6.067150e-002
7.365900e+003,5.734827e-002
7.366382e+003,5.400881e-002
7.366864e+003,5.007369e-002
7.367347e+003,4.546640e-002
7.367829e+003,4.062149e-002
7.368311e+003,3.627991e-002
7.368793e+003,3.322986e-002
7.369275e+003,3.215988e-002
7.369757e+003,3.368859e-002
7.370239e+003,3.848770e-002
7.370722e+003,4.731676e-002
7.371204e+003,6.081148e-002
7.371686e+003,7.901337e-002
7.372168e+003,1.008244e-001
7.372650e+003,1.236989e-001
7.373132e+003,1.438582e-001
7.373614e+003,1.571155e-001
7.374096e+003,1.601093e-001
7.374578e+003,1.514997e-001
7.375061e+003,1.327200e-001
7.375543e+003,1.074374e-001
7.376025e+003,8.077008e-002
7.376507e+003,5.765357e-002
7.376989e+003,4.143880e-002
7.377471e+003,3.315333e-002
7.377953e+003,3.164145e-002
7.378436e+003,3.441324e-002
7.378917e+003,3.875475e-002
7.379399e+003,4.259964e-002
7.379882e+003,4.484803e-002
7.380364e+003,4.513285e-002
7.380846e+003,4.331458e-002
7.381328e+003,3.909053e-002
7.381811e+003,3.198843e-002
7.382292e+003,2.175151e-002
7.382774e+003,8.863770e-003
7.383257e+003,-5.144118e-003
7.383739e+003,-1.786830e-002
7.384221e+003,-2.669271e-002
7.384703e+003,-2.968001e-002
7.385185e+003,-2.629504e-002
7.385667e+003,-1.762388e-002
7.386149e+003,-5.977939e-003
7.386632e+003,5.950084e-003
7.387114e+003,1.601666e-002
7.387596e+003,2.326285e-002
7.388078e+003,2.802465e-002
7.388560e+003,3.153208e-002
7.389042e+003,3.522289e-002
7.389524e+003,4.008450e-002
7.390006e+003,4.627690e-002
7.390488e+003,5.313287e-002
7.390971e+003,5.946871e-002
7.391453e+003,6.404015e-002
7.391935e+003,6.596879e-002
7.392417e+003,6.502023e-002
7.392899e+003,6.168659e-002
7.393381e+003,5.707730e-002
7.393863e+003,5.264871e-002
7.394346e+003,4.981629e-002
7.394828e+003,4.952234e-002
7.395310e+003,5.187091e-002
7.395792e+003,5.596650e-002
7.396274e+003,6.007170e-002
7.396756e+003,6.210374e-002
7.397238e+003,6.035231e-002
7.397721e+003,5.417529e-002
7.398203e+003,4.439051e-002
7.398685e+003,3.317184e-002
7.399167e+003,2.345018e-002
7.399649e+003,1.802666e-002
7.400131e+003,1.872854e-002
7.400613e+003,2.591063e-002
7.401095e+003,3.844491e-002
7.401577e+003,5.412903e-002
7.402060e+003,7.028615e-002
7.402542e+003,8.429952e-002
7.403023e+003,9.393154e-002
7.403506e+003,9.744482e-002
7.403988e+003,9.367119e-002
7.404470e+003,8.217835e-002
7.404952e+003,6.356254e-002
7.405435e+003,3.972618e-002
7.405917e+003,1.395841e-002
7.406398e+003,-9.718656e-003
7.406881e+003,-2.723770e-002
7.407363e+003,-3.566559e-002
7.407845e+003,-3.411480e-002
7.408327e+003,-2.405573e-002
7.408810e+003,-8.858010e-003
7.409292e+003,7.285439e-003
7.409773e+003,2.063209e-002
7.410256e+003,2.886620e-002
7.410738e+003,3.143661e-002
7.411220e+003,2.922280e-002
7.411702e+003,2.379763e-002
7.412184e+003,1.670249e-002
7.412666e+003,9.071232e-003
7.413148e+003,1.691292e-003
7.413631e+003,-4.681006e-003
7.414112e+003,-9.073777e-003
7.414595e+003,-1.037773e-002
7.415077e+003,-7.775864e-003
7.415559e+003,-1.295672e-003
7.416041e+003,7.872907e-003
7.416523e+003,1.756489e-002
7.417005e+003,2.534381e-002
7.417487e+003,2.943652e-002
7.417970e+003,2.945534e-002
7.418452e+003,2.653403e-002
7.418934e+003,2.277926e-002
7.419416e+003,2.027543e-002
7.419898e+003,2.010954e-002
7.420380e+003,2.188323e-002
7.420862e+003,2.394702e-002
7.421345e+003,2.424208e-002
7.421827e+003,2.134446e-002
7.422309e+003,1.522258e-002
7.422791e+003,7.374722e-003
7.423273e+003,3.146067e-004
7.423755e+003,-3.340540e-003
7.424237e+003,-1.787715e-003
7.424720e+003,5.375532e-003
7.425201e+003,1.704258e-002
7.425684e+003,3.090334e-002
7.426166e+003,4.397523e-002
7.426648e+003,5.317524e-002
7.427130e+003,5.584291e-002
7.427612e+003,5.021786e-002
7.428094e+003,3.588941e-002
7.428576e+003,1.415964e-002
7.429059e+003,-1.184320e-002
7.429541e+003,-3.749673e-002
7.430022e+003,-5.755372e-002
7.430505e+003,-6.741859e-002
7.430987e+003,-6.446448e-002
7.431469e+003,-4.890718e-002
7.431951e+003,-2.384919e-002
7.432434e+003,5.598379e-003
7.432916e+003,3.383156e-002
7.433397e+003,5.634657e-002
7.433880e+003,7.081369e-002
7.434362e+003,7.726495e-002
7.434844e+003,7.741929e-002
7.435326e+003,7.352961e-002
7.435809e+003,6.730472e-002
7.436290e+003,5.936495e-002
7.436772e+003,4.940256e-002
7.437255e+003,3.686465e-002
7.437737e+003,2.171366e-002
7.438219e+003,4.937153e-003
7.438701e+003,-1.147174e-002
7.439183e+003,-2.500496e-002
7.439665e+003,-3.334634e-002
7.440147e+003,-3.499195e-002
7.440629e+003,-2.958720e-002
7.441111e+003,-1.796016e-002
7.441594e+003,-1.960265e-003
7.442076e+003,1.577039e-002
7.442558e+003,3.205068e-002
7.443040e+003,4.349946e-002
7.443522e+003,4.705093e-002
7.444004e+003,4.065064e-002
7.444486e+003,2.397265e-002
7.444969e+003,-1.134902e-003
7.445451e+003,-3.077033e-002
7.445933e+003,-5.978738e-002
7.446415e+003,-8.313215e-002
7.446897e+003,-9.728475e-002
7.447379e+003,-1.012753e-001
7.447861e+003,-9.686425e-002
7.448344e+003,-8.779284e-002
7.448826e+003,-7.838565e-002
7.449308e+003,-7.205358e-002
7.449790e+003,-7.027090e-002
7.450272e+003,-7.237468e-002
7.450754e+003,-7.617033e-002
7.451236e+003,-7.899871e-002
7.451718e+003,-7.877564e-002
7.452200e+003,-7.459501e-002
7.452683e+003,-6.673928e-002
7.453165e+003,-5.622544e-002
7.453647e+003,-4.420077e-002
7.454129e+003,-3.151148e-002
7.454611e+003,-1.861725e-002
7.455093e+003,-5.812239e-003
7.455575e+003,6.445553e-003
7.456058e+003,1.732490e-002
7.456540e+003,2.566811e-002
7.457021e+003,3.027560e-002
7.457504e+003,3.028826e-002
7.457986e+003,2.549102e-002
7.458468e+003,1.642231e-002
7.458950e+003,4.277321e-003
7.459433e+003,-9.318932e-003
7.459915e+003,-2.256913e-002
7.460396e+003,-3.372695e-002
7.460879e+003,-4.128031e-002
7.461361e+003,-4.412249e-002
7.461843e+003,-4.172793e-002
7.462325e+003,-3.430038e-002
7.462807e+003,-2.282006e-002
7.463289e+003,-8.913722e-003
7.463771e+003,5.472317e-003
7.464254e+003,1.853011e-002
7.464736e+003,2.903784e-002
7.465218e+003,3.663787e-002
7.465700e+003,4.183811e-002
7.466182e+003,4.573309e-002
7.466664e+003,4.954870e-002
7.467146e+003,5.417645e-002
7.467628e+003,5.983102e-002
7.468110e+003,6.605439e-002
7.468593e+003,7.180357e-002
7.469075e+003,7.582683e-002
7.469557e+003,7.706621e-002
7.470039e+003,7.500429e-002
7.470521e+003,6.986889e-002
7.471003e+003,6.264491e-002
7.471485e+003,5.488105e-002
7.471968e+003,4.832088e-002
7.472450e+003,4.443415e-002
7.472932e+003,4.397082e-002
7.473414e+003,4.668455e-002
7.473896e+003,5.135033e-002
7.474378e+003,5.611957e-002
7.474860e+003,5.913152e-002
7.475343e+003,5.917862e-002
7.475825e+003,5.616821e-002
7.476307e+003,5.117306e-002
7.476789e+003,4.601388e-002
7.477271e+003,4.251426e-002
7.477753e+003,4.172130e-002
7.478235e+003,4.342129e-002
7.478717e+003,4.617003e-002
7.479199e+003,4.784310e-002
7.479682e+003,4.648411e-002
7.480164e+003,4.109554e-002
7.480646e+003,3.203811e-002
7.481128e+003,2.087600e-002
7.481610e+003,9.745791e-003
7.482092e+003,5.308339e-004
7.482574e+003,-5.803787e-003
7.483057e+003,-9.443013e-003
7.483539e+003,-1.144436e-002
7.484021e+003,-1.309729e-002
7.484503e+003,-1.521252e-002
7.484985e+003,-1.765046e-002
7.485467e+003,-1.928367e-002
7.485949e+003,-1.840001e-002
7.486432e+003,-1.337703e-002
7.486914e+003,-3.362882e-003
7.487396e+003,1.128528e-002
7.487878e+003,2.894903e-002
7.488360e+003,4.708312e-002
7.488842e+003,6.281430e-002
7.489324e+003,7.361499e-002
7.489806e+003,7.786535e-002
7.490288e+003,7.517164e-002
7.490771e+003,6.639318e-002
7.491253e+003,5.340944e-002
7.491734e+003,3.871463e-002
7.492217e+003,2.494795e-002
7.492699e+003,1.445525e-002
7.493181e+003,8.947205e-003
7.493663e+003,9.280992e-003
7.494146e+003,1.536501e-002
7.494627e+003,2.617394e-002
7.495109e+003,3.986847e-002
7.495592e+003,5.402629e-002
7.496074e+003,6.599340e-002
7.496556e+003,7.334276e-002
7.497038e+003,7.437757e-002
7.497521e+003,6.856040e-002
7.498002e+003,5.672050e-002
7.498484e+003,4.092025e-002
7.498967e+003,2.396234e-002
7.499449e+003,8.642617e-003
7.499931e+003,-3.014132e-003
7.500413e+003,-1.027099e-002
7.500895e+003,-1.374874e-002
7.501377e+003,-1.501430e-002
7.501859e+003,-1.584911e-002
7.502342e+003,-1.749988e-002
7.502823e+003,-2.022332e-002
7.503306e+003,-2.330374e-002
7.503788e+003,-2.550253e-002
7.504270e+003,-2.570035e-002
7.504752e+003,-2.341300e-002
7.505234e+003,-1.894220e-002
7.505716e+003,-1.312306e-002
7.506198e+003,-6.848378e-003
7.506681e+003,-6.722499e-004
7.507163e+003,5.253856e-003
7.507645e+003,1.085822e-002
7.508127e+003,1.563189e-002
7.508609e+003,1.826765e-002
7.509091e+003,1.677327e-002
7.509573e+003,9.155801e-003
7.510056e+003,-5.539913e-003
7.510538e+003,-2.630236e-002
7.511020e+003,-4.983792e-002
7.511502e+003,-7.116438e-002
7.511984e+003,-8.502857e-002
7.512466e+003,-8.768244e-002
7.512948e+003,-7.834326e-002
7.513431e+003,-5.973336e-002
7.513912e+003,-3.742302e-002
7.514395e+003,-1.816091e-002
7.514877e+003,-7.771993e-003
7.515359e+003,-9.368793e-003
7.515841e+003,-2.249067e-002
7.516323e+003,-4.342155e-002
7.516805e+003,-6.650234e-002
7.517287e+003,-8.592235e-002
7.517770e+003,-9.736351e-002
7.518251e+003,-9.899590e-002
7.518733e+003,-9.160912e-002
7.519216e+003,-7.797832e-002
7.519698e+003,-6.178884e-002
7.520180e+003,-4.651175e-002
7.520662e+003,-3.454971e-002
7.521145e+003,-2.681950e-002
7.521626e+003,-2.278069e-002
7.522108e+003,-2.080940e-002
7.522591e+003,-1.876633e-002
7.523073e+003,-1.460697e-002
7.523555e+003,-6.908086e-003
7.524037e+003,4.778926e-003
7.524520e+003,1.979900e-002
7.525001e+003,3.649925e-002
7.525483e+003,5.254026e-002
7.525966e+003,6.534866e-002
7.526448e+003,7.262444e-002
7.526930e+003,7.281136e-002
7.527412e+003,6.544881e-002
7.527894e+003,5.133981e-002
7.528376e+003,3.248868e-002
7.528858e+003,1.178641e-002
7.529340e+003,-7.508310e-003
7.529822e+003,-2.258386e-002
7.530305e+003,-3.166997e-002
7.530787e+003,-3.457069e-002
7.531269e+003,-3.275713e-002
7.531751e+003,-2.894961e-002
7.532233e+003,-2.625370e-002
7.532715e+003,-2.710235e-002
7.533197e+003,-3.237694e-002
7.533680e+003,-4.106349e-002
7.534162e+003,-5.062348e-002
7.534644e+003,-5.797591e-002
7.535126e+003,-6.071624e-002
7.535608e+003,-5.806538e-002
7.536090e+003,-5.113006e-002
7.536572e+003,-4.234044e-002
7.537055e+003,-3.429624e-002
7.537537e+003,-2.852982e-002
7.538019e+003,-2.475038e-002
7.538501e+003,-2.092956e-002
7.538983e+003,-1.420771e-002
7.539465e+003,-2.219386e-003
7.539947e+003,1.576345e-002
7.540429e+003,3.838942e-002
7.540911e+003,6.267372e-002
7.541394e+003,8.509994e-002
7.541876e+003,1.028438e-001
7.542357e+003,1.145508e-001
7.542840e+003,1.203411e-001
7.543322e+003,1.211203e-001
7.543804e+003,1.176269e-001
7.544286e+003,1.097817e-001
7.544769e+003,9.674118e-002
7.545250e+003,7.767823e-002
7.545732e+003,5.290880e-002
7.546215e+003,2.475711e-002
7.546697e+003,-2.374853e-003
7.547179e+003,-2.292538e-002
7.547661e+003,-3.181779e-002
7.548144e+003,-2.621854e-002
7.548625e+003,-6.708160e-003
7.549107e+003,2.261796e-002
7.549590e+003,5.518084e-002
7.550072e+003,8.370739e-002
7.550554e+003,1.021442e-001
7.551036e+003,1.070700e-001
7.551518e+003,9.823303e-002
7.552000e+003,7.819234e-002
7.552482e+003,5.134922e-002
7.552965e+003,2.278036e-002
7.553446e+003,-2.773653e-003
7.553929e+003,-2.159333e-002
7.554411e+003,-3.135262e-002
7.554893e+003,-3.128556e-002
7.555375e+003,-2.223162e-002
7.555857e+003,-6.552813e-003
7.556339e+003,1.215851e-002
7.556821e+003,2.965185e-002
7.557304e+003,4.184134e-002
7.557786e+003,4.571237e-002
7.558268e+003,4.005567e-002
7.558750e+003,2.578634e-002
7.559232e+003,5.728272e-003
7.559714e+003,-1.607908e-002
7.560196e+003,-3.533779e-002
7.560679e+003,-4.845153e-002
7.561161e+003,-5.318339e-002
7.561643e+003,-4.897785e-002
7.562125e+003,-3.690974e-002
7.562607e+003,-1.937371e-002
7.563089e+003,3.678386e-004
7.563571e+003,1.870404e-002
7.564054e+003,3.223841e-002
7.564535e+003,3.838030e-002
7.565018e+003,3.590406e-002
7.565500e+003,2.534433e-002
7.565982e+003,9.057576e-003
7.566464e+003,-9.174642e-003
7.566946e+003,-2.499244e-002
7.567428e+003,-3.456743e-002
7.567910e+003,-3.564740e-002
7.568393e+003,-2.817834e-002
7.568875e+003,-1.426136e-002
7.569356e+003,2.572194e-003
7.569839e+003,1.853472e-002
7.570321e+003,3.080106e-002
7.570803e+003,3.834857e-002
7.571285e+003,4.213758e-002
7.571768e+003,4.460062e-002
7.572250e+003,4.866213e-002
7.572731e+003,5.666585e-002
7.573214e+003,6.958604e-002
7.573696e+003,8.675488e-002
7.574178e+003,1.061265e-001
7.574660e+003,1.249128e-001
7.575143e+003,1.403329e-001
7.575624e+003,1.502414e-001
7.576106e+003,1.534949e-001
7.576589e+003,1.500402e-001
7.577071e+003,1.407910e-001
7.577553e+003,1.273884e-001
7.578035e+003,1.119119e-001
7.578517e+003,9.656648e-002
7.578999e+003,8.334956e-002
7.579481e+003,7.371832e-002
7.579963e+003,6.832062e-002
7.580445e+003,6.688032e-002
7.580928e+003,6.831385e-002
7.581410e+003,7.108521e-002
7.581892e+003,7.370871e-002
7.582374e+003,7.523188e-002
7.582856e+003,7.551870e-002
7.583338e+003,7.522158e-002
7.583820e+003,7.545489e-002
7.584303e+003,7.730711e-002
7.584785e+003,8.139181e-002
7.585267e+003,8.761332e-002
7.585749e+003,9.521874e-002
7.586231e+003,1.030791e-001
7.586713e+003,1.100498e-001
7.587195e+003,1.152473e-001
7.587678e+003,1.181421e-001
7.588160e+003,1.184784e-001
7.588642e+003,1.161158e-001
7.589124e+003,1.109188e-001
7.589606e+003,1.027695e-001
7.590088e+003,9.169500e-002
7.590570e+003,7.801916e-002
7.591052e+003,6.241237e-002
7.591534e+003,4.588043e-002
7.592017e+003,2.951995e-002
7.592499e+003,1.431626e-002
7.592981e+003,1.012357e-003
7.593463e+003,-9.883842e-003
7.593945e+003,-1.799241e-002
7.594427e+003,-2.296419e-002
7.594909e+003,-2.450561e-002
7.595392e+003,-2.256222e-002
7.595874e+003,-1.758295e-002
7.596355e+003,-1.070094e-002
7.596838e+003,-3.666730e-003
7.597320e+003,1.529879e-003
7.597802e+003,3.254359e-003
7.598284e+003,8.090154e-004
7.598767e+003,-5.263318e-003
7.599249e+003,-1.331782e-002
7.599730e+003,-2.115988e-002
7.600213e+003,-2.678676e-002
7.600695e+003,-2.900098e-002
7.601177e+003,-2.763887e-002
7.601659e+003,-2.334728e-002
7.602141e+003,-1.706229e-002
7.602623e+003,-9.486240e-003
7.603105e+003,-8.445731e-004
7.603588e+003,8.958952e-003
7.604070e+003,1.989987e-002
7.604552e+003,3.138788e-002
7.605034e+003,4.212279e-002
7.605516e+003,5.040227e-002
7.605998e+003,5.478498e-002
7.606480e+003,5.479711e-002
7.606962e+003,5.130836e-002
7.607444e+003,4.633306e-002
7.607927e+003,4.228168e-002
7.608409e+003,4.096296e-002
7.608891e+003,4.277996e-002
7.609373e+003,4.649215e-002
7.609855e+003,4.966305e-002
7.610337e+003,4.959914e-002
7.610819e+003,4.436683e-002
7.611302e+003,3.345371e-002
7.611784e+003,1.782377e-002
7.612266e+003,-5.915280e-004
7.612748e+003,-1.966921e-002
7.613230e+003,-3.774801e-002
7.613712e+003,-5.387475e-002
7.614194e+003,-6.760301e-002
7.614677e+003,-7.854858e-002
7.615159e+003,-8.602656e-002
7.615641e+003,-8.903032e-002
7.616123e+003,-8.660223e-002
7.616605e+003,-7.840671e-002
7.617087e+003,-6.517641e-002
7.617569e+003,-4.874307e-002
7.618051e+003,-3.156494e-002
7.618533e+003,-1.592404e-002
7.619016e+003,-3.151506e-003
7.619498e+003,6.746854e-003
7.619979e+003,1.486438e-002
7.620462e+003,2.264210e-002
7.620944e+003,3.091959e-002
7.621426e+003,3.922345e-002
7.621908e+003,4.567892e-002
7.622391e+003,4.742065e-002
7.622873e+003,4.179118e-002
7.623354e+003,2.741705e-002
7.623837e+003,4.959759e-003
7.624319e+003,-2.281849e-002
7.624801e+003,-5.171864e-002
7.625283e+003,-7.726074e-002
7.625766e+003,-9.591229e-002
7.626248e+003,-1.059519e-001
7.626729e+003,-1.076848e-001
7.627212e+003,-1.029767e-001
7.627694e+003,-9.432810e-002
7.628176e+003,-8.386540e-002
7.628658e+003,-7.263823e-002
7.629140e+003,-6.047090e-002
7.629622e+003,-4.638934e-002
7.630104e+003,-2.941231e-002
7.630587e+003,-9.350656e-003
7.631068e+003,1.274249e-002
7.631551e+003,3.468009e-002
7.632033e+003,5.378178e-002
7.632515e+003,6.778999e-002
7.632997e+003,7.568048e-002
7.633479e+003,7.802327e-002
7.633961e+003,7.673728e-002
7.634443e+003,7.434072e-002
7.634926e+003,7.301557e-002
7.635408e+003,7.388216e-002
7.635890e+003,7.677765e-002
7.636372e+003,8.060016e-002
7.636854e+003,8.402165e-002
7.637336e+003,8.621411e-002
7.637818e+003,8.724537e-002
7.638301e+003,8.797912e-002
7.638783e+003,8.956263e-002
7.639265e+003,9.278581e-002
7.639747e+003,9.764480e-002
7.640229e+003,1.033193e-001
7.640711e+003,1.085454e-001
7.641193e+003,1.121538e-001
7.641676e+003,1.134674e-001
7.642157e+003,1.123442e-001
7.642640e+003,1.088668e-001
7.643122e+003,1.028946e-001
7.643604e+003,9.378246e-002
7.644086e+003,8.049165e-002
7.644568e+003,6.209316e-002
7.645050e+003,3.843300e-002
7.645532e+003,1.060358e-002
7.646015e+003,-1.906808e-002
7.646497e+003,-4.757711e-002
7.646979e+003,-7.213151e-002
7.647461e+003,-9.098862e-002
7.647943e+003,-1.038654e-001
7.648425e+003,-1.117533e-001
7.648907e+003,-1.162587e-001
7.649390e+003,-1.188104e-001
7.649872e+003,-1.201151e-001
7.650354e+003,-1.200884e-001
7.650836e+003,-1.182146e-001
7.651318e+003,-1.140722e-001
7.651800e+003,-1.076884e-001
7.652282e+003,-9.951571e-002
7.652765e+003,-9.005908e-002
7.653246e+003,-7.943314e-002
7.653729e+003,-6.710133e-002
7.654211e+003,-5.208903e-002
7.654693e+003,-3.357673e-002
7.655175e+003,-1.160407e-002
7.655657e+003,1.248555e-002
7.656139e+003,3.612053e-002
7.656621e+003,5.610597e-002
7.657104e+003,6.951188e-002
7.657585e+003,7.447050e-002
7.658067e+003,7.057622e-002
7.658550e+003,5.879778e-002
7.659032e+003,4.105750e-002
7.659514e+003,1.976622e-002
7.659996e+003,-2.446115e-003
7.660479e+003,-2.276357e-002
7.660960e+003,-3.816163e-002
7.661442e+003,-4.560711e-002
7.661925e+003,-4.265781e-002
7.662407e+003,-2.837817e-002
7.662889e+003,-4.209541e-003
7.663371e+003,2.569258e-002
7.663854e+003,5.501739e-002
7.664335e+003,7.676768e-002
7.664817e+003,8.523232e-002
7.665300e+003,7.776745e-002
7.665782e+003,5.569254e-002
7.666264e+003,2.391923e-002
7.666746e+003,-1.057345e-002
7.667228e+003,-4.084563e-002
7.667710e+003,-6.190249e-002
7.668192e+003,-7.174592e-002
7.668674e+003,-7.131274e-002
7.669156e+003,-6.350334e-002
7.669639e+003,-5.182778e-002
7.670121e+003,-3.925025e-002
7.670603e+003,-2.761430e-002
7.671085e+003,-1.769868e-002
7.671567e+003,-9.662326e-003
7.672049e+003,-3.514920e-003
7.672531e+003,6.651605e-004
7.673014e+003,2.827339e-003
7.673496e+003,3.209155e-003
7.673978e+003,2.517837e-003
7.674460e+003,1.857435e-003
7.674942e+003,2.395286e-003
7.675424e+003,4.929921e-003
7.675906e+003,9.593313e-003
7.676389e+003,1.585559e-002
7.676871e+003,2.283907e-002
7.677353e+003,2.978213e-002
7.677835e+003,3.641444e-002
7.678317e+003,4.305324e-002
7.678799e+003,5.037462e-002
7.679281e+003,5.897424e-002
7.679763e+003,6.892917e-002
7.680245e+003,7.956383e-002
7.680728e+003,8.952650e-002
7.681210e+003,9.714901e-002
7.681692e+003,1.009578e-001
7.682174e+003,1.001652e-001
7.682656e+003,9.499551e-002
7.683138e+003,8.676709e-002
7.683620e+003,7.771112e-002
7.684103e+003,7.056228e-002
7.684584e+003,6.797823e-002
7.685066e+003,7.188928e-002
7.685549e+003,8.291201e-002
7.686031e+003,9.999406e-002
7.686513e+003,1.204461e-001
7.686995e+003,1.404413e-001
7.687478e+003,1.559217e-001
7.687959e+003,1.636906e-001
7.688441e+003,1.623617e-001
7.688924e+003,1.528303e-001
7.689406e+003,1.380721e-001
7.689888e+003,1.222968e-001
7.690370e+003,1.097228e-001
7.690852e+003,1.033768e-001
7.691334e+003,1.043135e-001
7.691816e+003,1.114788e-001
7.692299e+003,1.221977e-001
7.692781e+003,1.330487e-001
7.693263e+003,1.407856e-001
7.693745e+003,1.430105e-001
7.694227e+003,1.384589e-001
7.694709e+003,1.269409e-001
7.695191e+003,1.091046e-001
7.695673e+003,8.620895e-002
7.696155e+003,6.000773e-002
7.696638e+003,3.272574e-002
7.697120e+003,7.012688e-003
7.697602e+003,-1.425309e-002
7.698084e+003,-2.836782e-002
7.698566e+003,-3.335470e-002
7.699048e+003,-2.850675e-002
7.699530e+003,-1.472777e-002
7.700013e+003,5.475165e-003
7.700495e+003,2.838941e-002
7.700977e+003,4.980576e-002
7.701459e+003,6.586818e-002
7.701941e+003,7.385615e-002
7.702423e+003,7.271385e-002
7.702905e+003,6.320728e-002
7.703388e+003,4.768241e-002
7.703870e+003,2.948642e-002
7.704352e+003,1.218572e-002
7.704834e+003,-1.242397e-003
7.705316e+003,-9.059409e-003
7.705798e+003,-1.110184e-002
7.706280e+003,-8.720469e-003
7.706762e+003,-4.341938e-003
7.707244e+003,-7.791396e-004
7.707727e+003,-4.912035e-004
7.708209e+003,-5.002541e-003
7.708690e+003,-1.462746e-002
7.709173e+003,-2.853546e-002
7.709655e+003,-4.507780e-002
7.710137e+003,-6.222337e-002
7.710619e+003,-7.794774e-002
7.711102e+003,-9.047709e-002
7.711583e+003,-9.838175e-002
7.712065e+003,-1.005877e-001
7.712548e+003,-9.640257e-002
7.713030e+003,-8.561455e-002
7.713512e+003,-6.865148e-002
7.713994e+003,-4.671859e-002
7.714477e+003,-2.182097e-002
7.714958e+003,3.454559e-003
7.715440e+003,2.627748e-002
7.715923e+003,4.405545e-002
7.716405e+003,5.487611e-002
7.716887e+003,5.780432e-002
7.717369e+003,5.297802e-002
7.717851e+003,4.151616e-002
7.718333e+003,2.530198e-002
7.718815e+003,6.713440e-003
7.719298e+003,-1.165430e-002
7.719779e+003,-2.727139e-002
7.720262e+003,-3.798193e-002
7.720744e+003,-4.234648e-002
7.721226e+003,-3.997846e-002
7.721708e+003,-3.177628e-002
7.722190e+003,-1.992298e-002
7.722672e+003,-7.553984e-003
7.723154e+003,1.914189e-003
7.723637e+003,5.671924e-003
7.724119e+003,2.382677e-003
7.724601e+003,-7.259128e-003
7.725083e+003,-2.051186e-002
7.725565e+003,-3.319363e-002
7.726047e+003,-4.079224e-002
7.726529e+003,-3.977353e-002
7.727012e+003,-2.869031e-002
7.727494e+003,-8.730512e-003
7.727976e+003,1.649652e-002
7.728458e+003,4.189940e-002
7.728940e+003,6.229853e-002
7.729422e+003,7.384697e-002
7.729904e+003,7.503644e-002
7.730387e+003,6.698235e-002
7.730868e+003,5.292933e-002
7.731351e+003,3.718205e-002
7.731833e+003,2.385036e-002
7.732315e+003,1.582930e-002
7.732797e+003,1.431525e-002
7.733279e+003,1.893622e-002
7.733761e+003,2.834270e-002
7.734243e+003,4.095019e-002
7.734726e+003,5.550482e-002
7.735208e+003,7.125500e-002
7.735689e+003,8.770584e-002
7.736172e+003,1.041239e-001
7.736654e+003,1.190714e-001
7.737136e+003,1.302397e-001
7.737618e+003,1.347280e-001
7.738101e+003,1.297283e-001
7.738583e+003,1.134078e-001
7.739064e+003,8.568813e-002
7.739547e+003,4.864345e-002
7.740029e+003,6.356151e-003
7.740511e+003,-3.577108e-002
7.740993e+003,-7.209155e-002
7.741476e+003,-9.791553e-002
7.741957e+003,-1.105320e-001
7.742439e+003,-1.097850e-001
7.742922e+003,-9.804595e-002
7.743404e+003,-7.957969e-002
7.743886e+003,-5.946244e-002
7.744368e+003,-4.233693e-002
7.744850e+003,-3.134089e-002
7.745332e+003,-2.752731e-002
7.745814e+003,-2.981599e-002
7.746296e+003,-3.569387e-002
7.746778e+003,-4.219020e-002
7.747261e+003,-4.692364e-002
7.747743e+003,-4.884849e-002
7.748225e+003,-4.846789e-002
7.748707e+003,-4.747501e-002
7.749189e+003,-4.798361e-002
7.749671e+003,-5.164424e-002
7.750153e+003,-5.896630e-002
7.750636e+003,-6.907164e-002
7.751118e+003,-7.993597e-002
7.751600e+003,-8.899928e-002
7.752082e+003,-9.391300e-002
7.752564e+003,-9.317393e-002
7.753046e+003,-8.646828e-002
7.753528e+003,-7.466754e-002
7.754011e+003,-5.953315e-002
7.754493e+003,-4.325655e-002
7.754975e+003,-2.797592e-002
7.755457e+003,-1.537970e-002
7.755939e+003,-6.457470e-003
7.756421e+003,-1.413851e-003
7.756903e+003,2.707136e-004
7.757385e+003,-3.345322e-004
7.757867e+003,-1.853173e-003
7.758350e+003,-2.860692e-003
7.758832e+003,-2.111117e-003
7.759313e+003,1.300658e-003
7.759796e+003,7.843937e-003
7.760278e+003,1.750084e-002
7.760760e+003,2.972722e-002
7.761242e+003,4.341638e-002
7.761725e+003,5.690065e-002
7.762207e+003,6.806219e-002
7.762688e+003,7.462543e-002
7.763171e+003,7.464400e-002
7.763653e+003,6.709379e-002
7.764135e+003,5.238135e-002
7.764617e+003,3.253984e-002
7.765100e+003,1.095041e-002
7.765582e+003,-8.403538e-003
7.766063e+003,-2.194005e-002
7.766546e+003,-2.739017e-002
7.767028e+003,-2.427161e-002
7.767510e+003,-1.374209e-002
7.767992e+003,2.090370e-003
7.768474e+003,2.108211e-002
7.768956e+003,4.176736e-002
7.769438e+003,6.353348e-002
7.769921e+003,8.617952e-002
7.770402e+003,1.090958e-001
7.770885e+003,1.305204e-001
7.771367e+003,1.473344e-001
7.771849e+003,1.556271e-001
7.772331e+003,1.519036e-001
7.772813e+003,1.344755e-001
7.773295e+003,1.044406e-001
7.773777e+003,6.578817e-002
7.774260e+003,2.451101e-002
7.774742e+003,-1.297637e-002
7.775224e+003,-4.152563e-002
7.775706e+003,-5.842573e-002
7.776188e+003,-6.363381e-002
7.776670e+003,-5.925395e-002
7.777152e+003,-4.826259e-002
7.777635e+003,-3.339731e-002
7.778117e+003,-1.649419e-002
7.778599e+003,1.501256e-003
7.779081e+003,1.999308e-002
7.779563e+003,3.804450e-002
7.780045e+003,5.395585e-002
7.780527e+003,6.536593e-002
7.781010e+003,6.985992e-002
7.781491e+003,6.581835e-002
7.781974e+003,5.312876e-002
7.782456e+003,3.344492e-002
7.782938e+003,9.874119e-003
7.783420e+003,-1.379840e-002
7.783902e+003,-3.407368e-002
7.784384e+003,-4.857838e-002
7.784866e+003,-5.654105e-002
7.785349e+003,-5.881156e-002
7.785831e+003,-5.747456e-002
7.786313e+003,-5.520625e-002
7.786795e+003,-5.455617e-002
7.787277e+003,-5.731994e-002
7.787759e+003,-6.412368e-002
7.788241e+003,-7.429230e-002
7.788724e+003,-8.601883e-002
7.789206e+003,-9.679442e-002
7.789688e+003,-1.039963e-001
7.790170e+003,-1.054841e-001
7.790652e+003,-1.000450e-001
7.791134e+003,-8.757195e-002
7.791616e+003,-6.894840e-002
7.792099e+003,-4.571198e-002
7.792580e+003,-1.964419e-002
7.793063e+003,7.559746e-003
7.793545e+003,3.444303e-002
7.794027e+003,5.976196e-002
7.794509e+003,8.237345e-002
7.794991e+003,1.011623e-001
7.795473e+003,1.151000e-001
7.795955e+003,1.234410e-001
7.796438e+003,1.259686e-001
7.796919e+003,1.231618e-001
7.797401e+003,1.161735e-001
7.797884e+003,1.065999e-001
7.798366e+003,9.611513e-002
7.798848e+003,8.610910e-002
7.799330e+003,7.746316e-002
7.799813e+003,7.052878e-002
7.800294e+003,6.528059e-002
7.800776e+003,6.154266e-002
7.801259e+003,5.916881e-002
7.801741e+003,5.810130e-002
7.802223e+003,5.830608e-002
7.802705e+003,5.965010e-002
7.803188e+003,6.181074e-002
7.803669e+003,6.428312e-002
7.804151e+003,6.649525e-002
7.804634e+003,6.798582e-002
7.805116e+003,6.856991e-002
7.805598e+003,6.842662e-002
7.806080e+003,6.807286e-002
7.806562e+003,6.822624e-002
7.807044e+003,6.959323e-002
7.807526e+003,7.260552e-002
7.808008e+003,7.721133e-002
7.808490e+003,8.267945e-002
7.808973e+003,8.757760e-002
7.809455e+003,8.994406e-002
7.809937e+003,8.765922e-002
7.810419e+003,7.895732e-002
7.810901e+003,6.295002e-002
7.811383e+003,3.999379e-002
7.811865e+003,1.175643e-002
7.812348e+003,-1.907620e-002
7.812830e+003,-4.938306e-002
7.813312e+003,-7.629691e-002
7.813794e+003,-9.776658e-002
7.814276e+003,-1.128043e-001
7.814758e+003,-1.213565e-001
7.815240e+003,-1.238928e-001
7.815723e+003,-1.209230e-001
7.816205e+003,-1.126748e-001
7.816687e+003,-9.908249e-002
7.817169e+003,-8.008434e-002
7.817651e+003,-5.607948e-002
7.818133e+003,-2.831637e-002
7.818615e+003,9.881961e-004
7.819097e+003,2.888787e-002
7.819579e+003,5.224316e-002
7.820062e+003,6.838084e-002
7.820544e+003,7.566614e-002
7.821026e+003,7.382325e-002
7.821508e+003,6.394114e-002
7.821990e+003,4.820190e-002
7.822472e+003,2.943533e-002
7.822954e+003,1.061744e-002
7.823437e+003,-5.590664e-003
7.823918e+003,-1.720370e-002
7.824400e+003,-2.314015e-002
7.824883e+003,-2.330126e-002
7.825365e+003,-1.849563e-002
7.825847e+003,-1.022215e-002
7.826329e+003,-3.512522e-004
7.826812e+003,9.228873e-003
7.827293e+003,1.692408e-002
7.827775e+003,2.164654e-002
7.828258e+003,2.291135e-002
7.828740e+003,2.084334e-002
7.829222e+003,1.613727e-002
7.829704e+003,9.991456e-003
7.830186e+003,3.990532e-003
7.830668e+003,-1.218488e-004
7.831150e+003,-8.250454e-004
7.831633e+003,2.670821e-003
7.832115e+003,9.926550e-003
7.832597e+003,1.899779e-002
7.833079e+003,2.658708e-002
7.833561e+003,2.871086e-002
7.834043e+003,2.177320e-002
7.834525e+003,3.743847e-003
7.835007e+003,-2.496191e-002
7.835489e+003,-6.124881e-002
7.835972e+003,-9.989439e-002
7.836454e+003,-1.347488e-001
7.836936e+003,-1.602015e-001
7.837418e+003,-1.724410e-001
7.837900e+003,-1.699231e-001
7.838382e+003,-1.540316e-001
7.838864e+003,-1.276373e-001
7.839347e+003,-9.448734e-002
7.839829e+003,-5.841287e-002
7.840311e+003,-2.282980e-002
7.840793e+003,9.453679e-003
7.841275e+003,3.625641e-002
7.841757e+003,5.604194e-002
7.842239e+003,6.802625e-002
7.842722e+003,7.233740e-002
7.843204e+003,7.008823e-002
7.843686e+003,6.322297e-002
7.844168e+003,5.409687e-002
7.844650e+003,4.489352e-002
7.845132e+003,3.709017e-002
7.845614e+003,3.118346e-002
7.846096e+003,2.678030e-002
7.846578e+003,2.299347e-002
7.847061e+003,1.894815e-002
7.847543e+003,1.416792e-002
7.848024e+003,8.688076e-003
7.848507e+003,2.893417e-003
7.848989e+003,-2.783144e-003
7.849471e+003,-8.106426e-003
7.849953e+003,-1.308609e-002
7.850436e+003,-1.780839e-002
7.850917e+003,-2.216684e-002
7.851399e+003,-2.566819e-002
7.851882e+003,-2.745360e-002
7.852364e+003,-2.656055e-002
7.852846e+003,-2.232286e-002
7.853328e+003,-1.473126e-002
7.853811e+003,-4.591784e-003
7.854292e+003,6.587942e-003
7.854774e+003,1.693709e-002
7.855257e+003,2.465245e-002
7.855739e+003,2.837515e-002
7.856221e+003,2.741507e-002
7.856703e+003,2.180014e-002
7.857185e+003,1.218607e-002
7.857667e+003,-3.204043e-004
7.858149e+003,-1.438588e-002
7.858632e+003,-2.870153e-002
7.859113e+003,-4.223594e-002
7.859596e+003,-5.443610e-002
7.860078e+003,-6.529499e-002
7.860560e+003,-7.521568e-002
7.861042e+003,-8.466718e-002
7.861524e+003,-9.373198e-002
7.862006e+003,-1.017349e-001
7.862488e+003,-1.071592e-001
7.862971e+003,-1.079682e-001
7.863453e+003,-1.022766e-001
7.863935e+003,-8.913610e-002
7.864417e+003,-6.909997e-002
7.864899e+003,-4.428487e-002
7.865381e+003,-1.784591e-002
7.865863e+003,6.960277e-003
7.866346e+003,2.775064e-002
7.866828e+003,4.362024e-002
7.867310e+003,5.512143e-002
7.867792e+003,6.363755e-002
7.868274e+003,7.044326e-002
7.868756e+003,7.565547e-002
7.869238e+003,7.846963e-002
7.869721e+003,7.697295e-002
7.870202e+003,6.906217e-002
7.870685e+003,5.334198e-002
7.871167e+003,2.974234e-002
7.871649e+003,-3.687525e-004
7.872131e+003,-3.454413e-002
7.872613e+003,-6.984810e-002
7.873095e+003,-1.033828e-001
7.873577e+003,-1.325622e-001
7.874060e+003,-1.551396e-001
7.874542e+003,-1.691566e-001
7.875023e+003,-1.730184e-001
7.875506e+003,-1.657963e-001
7.875988e+003,-1.476767e-001
7.876470e+003,-1.203344e-001
7.876952e+003,-8.698305e-002
7.877435e+003,-5.197439e-002
7.877917e+003,-2.001403e-002
7.878398e+003,4.767357e-003
7.878881e+003,1.959048e-002
7.879363e+003,2.343404e-002
7.879845e+003,1.702540e-002
7.880327e+003,2.532912e-003
7.880810e+003,-1.685112e-002
7.881291e+003,-3.730223e-002
7.881773e+003,-5.472315e-002
7.882256e+003,-6.517477e-002
7.882738e+003,-6.548433e-002
7.883220e+003,-5.401674e-002
7.883702e+003,-3.140840e-002
7.884184e+003,-9.300454e-004
7.884666e+003,3.183422e-002
7.885148e+003,6.010230e-002
7.885630e+003,7.760055e-002
7.886112e+003,8.036906e-002
7.886595e+003,6.805079e-002
7.887077e+003,4.416550e-002
7.887559e+003,1.519843e-002
7.888041e+003,-1.124685e-002
7.888523e+003,-2.864123e-002
7.889005e+003,-3.335690e-002
7.889487e+003,-2.555872e-002
7.889970e+003,-8.927566e-003
7.890452e+003,1.062390e-002
7.890934e+003,2.678037e-002
7.891416e+003,3.461677e-002
7.891898e+003,3.185286e-002
7.892380e+003,1.928747e-002
7.892862e+003,3.954046e-004
7.893345e+003,-1.971303e-002
7.893827e+003,-3.565057e-002
7.894309e+003,-4.309325e-002
7.894791e+003,-3.981555e-002
7.895273e+003,-2.621883e-002
7.895755e+003,-5.251296e-003
7.896237e+003,1.826727e-002
7.896719e+003,3.878175e-002
7.897201e+003,5.135043e-002
7.897684e+003,5.288600e-002
7.898166e+003,4.296555e-002
7.898648e+003,2.397476e-002
7.899130e+003,5.131896e-004
7.899612e+003,-2.211387e-002
7.900094e+003,-3.846362e-002
7.900576e+003,-4.511674e-002
7.901059e+003,-4.127830e-002
7.901541e+003,-2.884872e-002
7.902022e+003,-1.175280e-002
7.902505e+003,5.241249e-003
7.902987e+003,1.783572e-002
7.903469e+003,2.326112e-002
7.903951e+003,2.079914e-002
7.904434e+003,1.168321e-002
7.904916e+003,-1.511129e-003
7.905397e+003,-1.573212e-002
7.905880e+003,-2.827904e-002
7.906362e+003,-3.735803e-002
7.906844e+003,-4.226558e-002
7.907326e+003,-4.324045e-002
7.907808e+003,-4.112462e-002
7.908290e+003,-3.699974e-002
7.908772e+003,-3.192059e-002
7.909255e+003,-2.678334e-002
7.909737e+003,-2.228842e-002
7.910219e+003,-1.892103e-002
7.910701e+003,-1.689151e-002
7.911183e+003,-1.603430e-002
7.911665e+003,-1.572631e-002
7.912147e+003,-1.491290e-002
7.912629e+003,-1.230641e-002
7.913111e+003,-6.750579e-003
7.913594e+003,2.340283e-003
7.914076e+003,1.461810e-002
7.914558e+003,2.866553e-002
7.915040e+003,4.217607e-002
7.915522e+003,5.243103e-002
7.916004e+003,5.694729e-002
7.916486e+003,5.410609e-002
7.916969e+003,4.357512e-002
7.917451e+003,2.640260e-002
7.917933e+003,4.764456e-003
7.918415e+003,-1.855242e-002
7.918897e+003,-4.077935e-002
7.919379e+003,-5.973785e-002
7.919861e+003,-7.421595e-002
7.920344e+003,-8.407445e-002
7.920826e+003,-9.008106e-002
7.921308e+003,-9.353597e-002
7.921790e+003,-9.579580e-002
7.922272e+003,-9.782328e-002
7.922754e+003,-9.988404e-002
7.923236e+003,-1.014761e-001
7.923718e+003,-1.015154e-001
7.924200e+003,-9.872460e-002
7.924683e+003,-9.209912e-002
7.925165e+003,-8.129251e-002
7.925646e+003,-6.677707e-002
7.926129e+003,-4.971439e-002
7.926611e+003,-3.157775e-002
7.927093e+003,-1.367083e-002
7.927575e+003,3.262185e-003
7.928058e+003,1.917017e-002
7.928540e+003,3.450904e-002
7.929021e+003,4.981045e-002
7.929504e+003,6.518967e-002
7.929986e+003,8.001508e-002
7.930468e+003,9.329150e-002
7.930950e+003,1.028220e-001
7.931433e+003,1.069906e-001
7.931915e+003,1.050479e-001
7.932396e+003,9.749952e-002
7.932879e+003,8.606580e-002
7.933361e+003,7.320373e-002
7.933843e+003,6.135385e-002
7.934325e+003,5.218054e-002
7.934807e+003,4.607404e-002
7.935289e+003,4.208145e-002
7.935771e+003,3.827824e-002
7.936254e+003,3.244408e-002
7.936735e+003,2.281653e-002
7.937218e+003,8.691821e-003
7.937700e+003,-9.293693e-003
7.938182e+003,-2.926064e-002
7.938664e+003,-4.851593e-002
7.939146e+003,-6.418771e-002
7.939628e+003,-7.390057e-002
7.940110e+003,-7.632575e-002
7.940593e+003,-7.147526e-002
7.941075e+003,-6.066960e-002
7.941557e+003,-4.618772e-002
7.942039e+003,-3.069159e-002
7.942521e+003,-1.658214e-002
7.943003e+003,-5.468055e-003
7.943485e+003,2.102260e-003
7.943968e+003,6.577451e-003
7.944450e+003,9.048201e-003
7.944932e+003,1.073791e-002
7.945414e+003,1.252420e-002
7.945896e+003,1.465638e-002
7.946378e+003,1.674879e-002
7.946860e+003,1.802058e-002
7.947343e+003,1.765946e-002
7.947824e+003,1.515441e-002
7.948307e+003,1.047416e-002
7.948789e+003,4.049461e-003
7.949271e+003,-3.397970e-003
7.949753e+003,-1.108241e-002
7.950235e+003,-1.833716e-002
7.950717e+003,-2.469664e-002
7.951199e+003,-2.987946e-002
7.951682e+003,-3.371897e-002
7.952164e+003,-3.609702e-002
7.952646e+003,-3.691457e-002
7.953128e+003,-3.609924e-002
7.953610e+003,-3.362735e-002
7.954092e+003,-2.953987e-002
7.954574e+003,-2.395111e-002
7.955057e+003,-1.706929e-002
7.955539e+003,-9.248875e-003
7.956021e+003,-1.072705e-003
7.956503e+003,6.573356e-003
7.956985e+003,1.249330e-002
7.957467e+003,1.529532e-002
7.957949e+003,1.363877e-002
7.958432e+003,6.565072e-003
7.958913e+003,-6.184845e-003
7.959396e+003,-2.397675e-002
7.959878e+003,-4.528988e-002
7.960360e+003,-6.793835e-002
7.960842e+003,-8.945290e-002
7.961324e+003,-1.075508e-001
7.961806e+003,-1.203944e-001
7.962288e+003,-1.269740e-001
7.962771e+003,-1.270780e-001
7.963252e+003,-1.211582e-001
7.963734e+003,-1.100896e-001
7.964217e+003,-9.490845e-002
7.964699e+003,-7.661349e-002
7.965181e+003,-5.608586e-002
7.965663e+003,-3.414560e-002
7.966146e+003,-1.171030e-002
7.966627e+003,1.002662e-002
7.967109e+003,2.950699e-002
7.967592e+003,4.491024e-002
7.968074e+003,5.448747e-002
7.968556e+003,5.707157e-002
7.969038e+003,5.260336e-002
7.969521e+003,4.245530e-002
7.970002e+003,2.935760e-002
7.970484e+003,1.685209e-002
7.970967e+003,8.376202e-003
7.971449e+003,6.248563e-003
7.971931e+003,1.090700e-002
7.972413e+003,2.069636e-002
7.972895e+003,3.231901e-002
7.973377e+003,4.181853e-002
7.973859e+003,4.576353e-002
7.974341e+003,4.222518e-002
7.974823e+003,3.123278e-002
7.975306e+003,1.460457e-002
7.975788e+003,-4.708251e-003
7.976270e+003,-2.346591e-002
7.976752e+003,-3.886035e-002
7.977234e+003,-4.892091e-002
7.977716e+003,-5.260347e-002
7.978198e+003,-4.970593e-002
7.978681e+003,-4.078583e-002
7.979163e+003,-2.716314e-002
7.979645e+003,-1.094329e-002
7.980127e+003,5.110631e-003
7.980609e+003,1.800992e-002
7.981091e+003,2.528243e-002
7.981573e+003,2.582323e-002
7.982056e+003,2.050350e-002
7.982538e+003,1.219453e-002
7.983020e+003,5.052703e-003
7.983502e+003,3.215206e-003
7.983984e+003,9.338897e-003
7.984466e+003,2.354008e-002
7.984948e+003,4.318481e-002
7.985430e+003,6.366575e-002
7.985912e+003,7.991236e-002
7.986395e+003,8.808203e-002
7.986877e+003,8.680600e-002
7.987358e+003,7.754486e-002
7.987841e+003,6.396599e-002
7.988323e+003,5.063212e-002
7.988805e+003,4.152608e-002
7.989287e+003,3.894806e-002
7.989770e+003,4.311846e-002
7.990251e+003,5.251707e-002
7.990733e+003,6.471501e-002
7.991216e+003,7.731760e-002
7.991698e+003,8.866206e-002
7.992180e+003,9.800252e-002
7.992662e+003,1.055127e-001
7.993145e+003,1.116352e-001
7.993626e+003,1.166345e-001
7.994108e+003,1.202641e-001
7.994591e+003,1.217191e-001
7.995073e+003,1.198712e-001
7.995555e+003,1.136916e-001
7.996037e+003,1.027147e-001
7.996519e+003,8.739154e-002
7.997001e+003,6.920782e-002
7.997483e+003,5.050109e-002
7.997966e+003,3.399048e-002
7.998447e+003,2.212138e-002
7.998930e+003,1.640140e-002
7.999412e+003,1.693272e-002
7.999894e+003,2.231034e-002
8.000376e+003,2.995212e-002
8.000858e+003,3.678538e-002
8.001340e+003,4.008808e-002
8.001822e+003,3.822243e-002
8.002305e+003,3.103165e-002
8.002787e+003,1.978821e-002
8.003269e+003,6.734797e-003
8.003751e+003,-5.608601e-003
8.004233e+003,-1.513819e-002
8.004715e+003,-2.065248e-002
8.005197e+003,-2.201648e-002
8.005680e+003,-2.000479e-002
8.006162e+003,-1.591795e-002
8.006644e+003,-1.111250e-002
8.007126e+003,-6.583196e-003
8.007608e+003,-2.703015e-003
8.008090e+003,8.176619e-004
8.008572e+003,4.742944e-003
8.009055e+003,9.937757e-003
8.009536e+003,1.690945e-002
8.010019e+003,2.541268e-002
8.010501e+003,3.427658e-002
8.010983e+003,4.156756e-002
8.011465e+003,4.509350e-002
8.011947e+003,4.311751e-002
8.012429e+003,3.503838e-002
8.012911e+003,2.176949e-002
8.013394e+003,5.638740e-003
8.013875e+003,-1.018980e-002
8.014357e+003,-2.257474e-002
8.014840e+003,-2.921656e-002
8.015322e+003,-2.913145e-002
8.015804e+003,-2.263142e-002
8.016286e+003,-1.088864e-002
8.016769e+003,4.649218e-003
8.017250e+003,2.267872e-002
8.017732e+003,4.210130e-002
8.018215e+003,6.175851e-002
8.018697e+003,8.008751e-002
8.019179e+003,9.501953e-002
8.019661e+003,1.043287e-001
8.020144e+003,1.063834e-001
8.020625e+003,1.009855e-001
8.021107e+003,8.985215e-002
8.021590e+003,7.639167e-002
8.022072e+003,6.471422e-002
8.022554e+003,5.818545e-002
8.023036e+003,5.809325e-002
8.023518e+003,6.299017e-002
8.024000e+003,6.908119e-002
8.024482e+003,7.154014e-002
8.024964e+003,6.628695e-002
8.025446e+003,5.154481e-002
8.025929e+003,2.858588e-002
8.026411e+003,1.401888e-003
8.026893e+003,-2.454414e-002
8.027375e+003,-4.399316e-002
8.027857e+003,-5.338622e-002
8.028339e+003,-5.170516e-002
8.028821e+003,-4.047941e-002
8.029304e+003,-2.309497e-002
8.029786e+003,-3.742096e-003
8.030268e+003,1.362896e-002
8.030750e+003,2.608143e-002
8.031232e+003,3.208803e-002
8.031714e+003,3.157209e-002
8.032196e+003,2.567761e-002
8.032679e+003,1.635862e-002
8.033161e+003,5.867636e-003
8.033643e+003,-3.771215e-003
8.034125e+003,-1.119653e-002
8.034607e+003,-1.593288e-002
8.035089e+003,-1.831917e-002
8.035571e+003,-1.915336e-002
8.036053e+003,-1.918496e-002
8.036535e+003,-1.867527e-002
8.037018e+003,-1.723637e-002
8.037500e+003,-1.404204e-002
8.037982e+003,-8.322470e-003
8.038464e+003,9.806162e-005
8.038946e+003,1.050007e-002
8.039428e+003,2.138103e-002
8.039910e+003,3.095774e-002
8.040393e+003,3.783685e-002
8.040875e+003,4.153662e-002
8.041356e+003,4.260543e-002
8.041839e+003,4.227641e-002
8.042321e+003,4.182759e-002
8.042803e+003,4.196192e-002
8.043285e+003,4.250542e-002
8.043768e+003,4.255472e-002
8.044250e+003,4.097791e-002
8.044731e+003,3.700311e-002
8.045214e+003,3.060294e-002
8.045696e+003,2.250817e-002
8.046178e+003,1.388752e-002
8.046660e+003,5.901219e-003
8.047142e+003,-6.165215e-004
8.047624e+003,-5.190488e-003
8.048106e+003,-7.477408e-003
8.048589e+003,-6.962663e-003
8.049071e+003,-2.812029e-003
8.049553e+003,5.977943e-003
8.050035e+003,2.015661e-002
8.050517e+003,3.970808e-002
8.050999e+003,6.349786e-002
8.051481e+003,8.925958e-002
8.051963e+003,1.139505e-001
8.052445e+003,1.343508e-001
8.052928e+003,1.476986e-001
8.053410e+003,1.521795e-001
8.053892e+003,1.471819e-001
8.054374e+003,1.333409e-001
8.054856e+003,1.124353e-001
8.055338e+003,8.718753e-002
8.055820e+003,6.096109e-002
8.056303e+003,3.731379e-002
8.056785e+003,1.940675e-002
8.057267e+003,9.362606e-003
8.057749e+003,7.768357e-003
8.058231e+003,1.353892e-002
8.058713e+003,2.426087e-002
8.059195e+003,3.694518e-002
8.059678e+003,4.892895e-002
8.060160e+003,5.857860e-002
8.060642e+003,6.552085e-002
8.061124e+003,7.033698e-002
8.061606e+003,7.390316e-002
8.062088e+003,7.672164e-002
8.062570e+003,7.858083e-002
8.063052e+003,7.869991e-002
8.063534e+003,7.625240e-002
8.064017e+003,7.095817e-002
8.064499e+003,6.339636e-002
8.064980e+003,5.484596e-002
8.065463e+003,4.672507e-002
8.065945e+003,3.992982e-002
8.066427e+003,3.444190e-002
8.066909e+003,2.943788e-002
8.067392e+003,2.386197e-002
8.067874e+003,1.716679e-002
8.068355e+003,9.820830e-003
8.068838e+003,3.288726e-003
8.069320e+003,-5.445442e-004
8.069802e+003,-2.452707e-004
8.070284e+003,4.421825e-003
8.070767e+003,1.223918e-002
8.071249e+003,2.090325e-002
8.071730e+003,2.784235e-002
8.072213e+003,3.110914e-002
8.072695e+003,2.995971e-002
8.073177e+003,2.490597e-002
8.073659e+003,1.729233e-002
8.074141e+003,8.661830e-003
8.074623e+003,2.376594e-004
8.075105e+003,-7.265102e-003
8.075588e+003,-1.349099e-002
8.076069e+003,-1.813646e-002
8.076552e+003,-2.072193e-002
8.077034e+003,-2.060263e-002
8.077516e+003,-1.721155e-002
8.077998e+003,-1.038274e-002
8.078480e+003,-5.568344e-004
8.078962e+003,1.125471e-002
8.079444e+003,2.373051e-002
8.079927e+003,3.559010e-002
8.080409e+003,4.587122e-002
8.080891e+003,5.403647e-002
8.081373e+003,5.992489e-002
8.081855e+003,6.364506e-002
8.082337e+003,6.550688e-002
8.082819e+003,6.601435e-002
8.083302e+003,6.585229e-002
8.083784e+003,6.576570e-002
8.084266e+003,6.628987e-002
8.084748e+003,6.738959e-002
8.085230e+003,6.831255e-002
8.085712e+003,6.760968e-002
8.086194e+003,6.364887e-002
8.086677e+003,5.535950e-002
8.087158e+003,4.291769e-002
8.087641e+003,2.801775e-002
8.088123e+003,1.352452e-002
8.088605e+003,2.581039e-003
8.089087e+003,-2.479539e-003
8.089569e+003,-9.456552e-004
8.090051e+003,6.106122e-003
8.090533e+003,1.636357e-002
8.091016e+003,2.727914e-002
8.091498e+003,3.702926e-002
8.091979e+003,4.497388e-002
8.092462e+003,5.142700e-002
8.092944e+003,5.692062e-002
8.093426e+003,6.142036e-002
8.093908e+003,6.397885e-002
8.094391e+003,6.307378e-002
8.094873e+003,5.748809e-002
8.095354e+003,4.726359e-002
8.095837e+003,3.416990e-002
8.096319e+003,2.134457e-002
8.096801e+003,1.217218e-002
8.097283e+003,8.875474e-003
8.097766e+003,1.147900e-002
8.098247e+003,1.766986e-002
8.098729e+003,2.367990e-002
8.099212e+003,2.583702e-002
8.099694e+003,2.211291e-002
8.100176e+003,1.298580e-002
8.100658e+003,1.243431e-003
8.101140e+003,-9.173287e-003
8.101622e+003,-1.476812e-002
8.102104e+003,-1.383820e-002
8.102586e+003,-7.025780e-003
8.103068e+003,3.101818e-003
8.103551e+003,1.319934e-002
8.104033e+003,2.049584e-002
8.104515e+003,2.380504e-002
8.104997e+003,2.384896e-002
8.105479e+003,2.286466e-002
8.105961e+003,2.373354e-002
8.106443e+003,2.899658e-002
8.106926e+003,4.007591e-002
8.107408e+003,5.687936e-002
8.107890e+003,7.780892e-002
8.108372e+003,1.000962e-001
8.108854e+003,1.203581e-001
8.109336e+003,1.352719e-001
8.109818e+003,1.422660e-001
8.110301e+003,1.400981e-001
8.110783e+003,1.291650e-001
8.111265e+003,1.114092e-001
8.111747e+003,8.978289e-002
8.112229e+003,6.738805e-002
8.112711e+003,4.656610e-002
8.113193e+003,2.828434e-002
8.113675e+003,1.209104e-002
8.114157e+003,-3.305247e-003
8.114640e+003,-1.904634e-002
8.115122e+003,-3.514398e-002
8.115604e+003,-4.996042e-002
8.116086e+003,-6.042007e-002
8.116568e+003,-6.296786e-002
8.117050e+003,-5.490465e-002
8.117532e+003,-3.561889e-002
8.118015e+003,-7.218178e-003
8.118497e+003,2.570975e-002
8.118979e+003,5.715193e-002
8.119461e+003,8.119421e-002
8.119943e+003,9.352421e-002
8.120425e+003,9.246951e-002
8.120907e+003,7.931608e-002
8.121390e+003,5.788882e-002
8.121872e+003,3.357300e-002
8.122354e+003,1.205971e-002
8.122836e+003,-1.884545e-003
8.123318e+003,-5.379098e-003
8.123800e+003,2.040957e-003
8.124282e+003,1.839644e-002
8.124764e+003,3.972303e-002
8.125246e+003,6.092765e-002
8.125729e+003,7.688211e-002
8.126211e+003,8.353999e-002
8.126693e+003,7.883737e-002
8.127175e+003,6.316680e-002
8.127657e+003,3.929827e-002
8.128139e+003,1.175194e-002
8.128621e+003,-1.423669e-002
8.129104e+003,-3.391564e-002
8.129585e+003,-4.409430e-002
8.130067e+003,-4.384328e-002
8.130550e+003,-3.464250e-002
8.131032e+003,-1.992762e-002
8.131514e+003,-4.127030e-003
8.131996e+003,8.581359e-003
8.132479e+003,1.546558e-002
8.132960e+003,1.603404e-002
8.133442e+003,1.215499e-002
8.133925e+003,7.408098e-003
8.134407e+003,5.820114e-003
8.134889e+003,1.036617e-002
8.135371e+003,2.174425e-002
8.135853e+003,3.788208e-002
8.136335e+003,5.440884e-002
8.136817e+003,6.597943e-002
8.137300e+003,6.801000e-002
8.137782e+003,5.820461e-002
8.138264e+003,3.731759e-002
8.138746e+003,8.890083e-003
8.139228e+003,-2.189847e-002
8.139710e+003,-4.978849e-002
8.140192e+003,-7.081134e-002
8.140674e+003,-8.301603e-002
8.141156e+003,-8.641549e-002
8.141639e+003,-8.236371e-002
8.142121e+003,-7.278359e-002
8.142603e+003,-5.964610e-002
8.143085e+003,-4.487704e-002
8.143567e+003,-3.056804e-002
8.144049e+003,-1.916415e-002
8.144531e+003,-1.330331e-002
8.145014e+003,-1.519671e-002
8.145496e+003,-2.574351e-002
8.145978e+003,-4.379892e-002
8.146460e+003,-6.602319e-002
8.146942e+003,-8.753814e-002
8.147424e+003,-1.032084e-001
8.147906e+003,-1.091214e-001
8.148389e+003,-1.036731e-001
8.148871e+003,-8.784962e-002
8.149353e+003,-6.463805e-002
8.149835e+003,-3.787060e-002
8.150317e+003,-1.101903e-002
8.150799e+003,1.357781e-002
8.151281e+003,3.482833e-002
8.151763e+003,5.245790e-002
8.152245e+003,6.639478e-002
8.152728e+003,7.636851e-002
8.153210e+003,8.193645e-002
8.153691e+003,8.287410e-002
8.154174e+003,7.963970e-002
8.154656e+003,7.357978e-002
8.155138e+003,6.669424e-002
8.155620e+003,6.103705e-002
8.156103e+003,5.804558e-002
8.156584e+003,5.814095e-002
8.157066e+003,6.080056e-002
8.157549e+003,6.504542e-002
8.158031e+003,7.006099e-002
8.158513e+003,7.559848e-002
8.158995e+003,8.193051e-002
8.159478e+003,8.938807e-002
8.159959e+003,9.775081e-002
8.160441e+003,1.058632e-001
8.160924e+003,1.117496e-001
8.161406e+003,1.132484e-001
8.161888e+003,1.089127e-001
8.162370e+003,9.876473e-002
8.162852e+003,8.453564e-002
8.163334e+003,6.923754e-002
8.163816e+003,5.621581e-002
8.164299e+003,4.805527e-002
8.164780e+003,4.576849e-002
8.165263e+003,4.855549e-002
8.165745e+003,5.416940e-002
8.166227e+003,5.968486e-002
8.166709e+003,6.234910e-002
8.167191e+003,6.023195e-002
8.167673e+003,5.253576e-002
8.168155e+003,3.958553e-002
8.168638e+003,2.261927e-002
8.169120e+003,3.504926e-003
8.169602e+003,-1.555253e-002
8.170084e+003,-3.231853e-002
8.170566e+003,-4.487653e-002
8.171048e+003,-5.199930e-002
8.171530e+003,-5.345150e-002
8.172013e+003,-5.008593e-002
8.172495e+003,-4.362772e-002
8.172977e+003,-3.615487e-002
8.173459e+003,-2.943419e-002
8.173941e+003,-2.437500e-002
8.174423e+003,-2.085445e-002
8.174905e+003,-1.802680e-002
8.175388e+003,-1.501418e-002
8.175869e+003,-1.168215e-002
8.176352e+003,-9.127918e-003
8.176834e+003,-9.598142e-003
8.177316e+003,-1.580671e-002
8.177798e+003,-2.972048e-002
8.178280e+003,-5.156928e-002
8.178762e+003,-7.918988e-002
8.179244e+003,-1.082060e-001
8.179727e+003,-1.330305e-001
8.180208e+003,-1.483975e-001
8.180690e+003,-1.509122e-001
8.181173e+003,-1.400796e-001
8.181655e+003,-1.184452e-001
8.182137e+003,-9.078827e-002
8.182619e+003,-6.263570e-002
8.183102e+003,-3.860601e-002
8.183583e+003,-2.114195e-002
8.184065e+003,-1.004996e-002
8.184548e+003,-2.972418e-003
8.185030e+003,3.414522e-003
8.185512e+003,1.193626e-002
8.185994e+003,2.372917e-002
8.186477e+003,3.774802e-002
8.186958e+003,5.112856e-002
8.187440e+003,6.024820e-002
8.187923e+003,6.208390e-002
8.188405e+003,5.537903e-002
8.188887e+003,4.122214e-002
8.189369e+003,2.286331e-002
8.189851e+003,4.855405e-003
8.190333e+003,-8.184289e-003
8.190815e+003,-1.280800e-002
8.191297e+003,-7.622645e-003
8.191779e+003,6.381889e-003
8.192262e+003,2.610034e-002
8.192744e+003,4.706690e-002
8.193226e+003,6.449890e-002
8.193708e+003,7.439762e-002
8.194190e+003,7.447967e-002
8.194672e+003,6.473986e-002
8.195154e+003,4.749463e-002
8.195637e+003,2.684329e-002
8.196119e+003,7.620093e-003
8.196601e+003,-5.928340e-003
8.197083e+003,-1.137161e-002
8.197565e+003,-8.829533e-003
8.198047e+003,-9.251377e-004
8.198529e+003,8.080291e-003
8.199012e+003,1.370421e-002
8.199494e+003,1.271245e-002
8.199976e+003,4.095011e-003
8.200458e+003,-1.081449e-002
8.200939e+003,-2.908251e-002
8.201422e+003,-4.741560e-002
8.201904e+003,-6.331696e-002
8.202387e+003,-7.563938e-002
8.202868e+003,-8.432439e-002
8.203351e+003,-8.953901e-002
8.203833e+003,-9.074153e-002
8.204314e+003,-8.626570e-002
8.204797e+003,-7.376164e-002
8.205279e+003,-5.138475e-002
8.205762e+003,-1.919909e-002
8.206243e+003,1.992010e-002
8.206726e+003,6.043394e-002
8.207207e+003,9.543765e-002
8.207689e+003,1.186785e-001
8.208172e+003,1.265026e-001
8.208654e+003,1.189674e-001
8.209136e+003,9.958661e-002
8.209618e+003,7.393280e-002
8.210101e+003,4.767271e-002
8.210582e+003,2.487550e-002
8.211064e+003,7.241128e-003
8.211547e+003,-5.572208e-003
8.212029e+003,-1.485740e-002
8.212511e+003,-2.165284e-002
8.212993e+003,-2.604450e-002
8.213475e+003,-2.727023e-002
8.213957e+003,-2.447142e-002
8.214439e+003,-1.760129e-002
8.214922e+003,-7.944840e-003
8.215403e+003,2.056013e-003
8.215886e+003,9.588078e-003
8.216368e+003,1.245472e-002
8.216850e+003,9.764320e-003
8.217332e+003,1.997220e-003
8.217814e+003,-9.528461e-003
8.218297e+003,-2.345111e-002
8.218778e+003,-3.895495e-002
8.219261e+003,-5.582596e-002
8.219742e+003,-7.396537e-002
8.220225e+003,-9.267753e-002
8.220707e+003,-1.101957e-001
8.221189e+003,-1.237989e-001
8.221672e+003,-1.305623e-001
8.222153e+003,-1.284370e-001
8.222636e+003,-1.171531e-001
8.223117e+003,-9.849467e-002
8.223600e+003,-7.577696e-002
8.224082e+003,-5.272971e-002
8.224564e+003,-3.226764e-002
8.225046e+003,-1.566739e-002
8.225528e+003,-2.465900e-003
8.226011e+003,8.945229e-003
8.226492e+003,2.035609e-002
8.226975e+003,3.285640e-002
8.227457e+003,4.638921e-002
8.227939e+003,5.984682e-002
8.228421e+003,7.155310e-002
8.228903e+003,7.983200e-002
8.229385e+003,8.339772e-002
8.229867e+003,8.146956e-002
8.230350e+003,7.370626e-002
8.230832e+003,6.015180e-002
8.231313e+003,4.133680e-002
8.231796e+003,1.852391e-002
8.232278e+003,-6.078658e-003
8.232760e+003,-2.937580e-002
8.233242e+003,-4.787035e-002
8.233725e+003,-5.852383e-002
8.234207e+003,-5.972248e-002
8.234688e+003,-5.196045e-002
8.235171e+003,-3.791094e-002
8.235652e+003,-2.177865e-002
8.236135e+003,-8.117395e-003
8.236617e+003,-5.210405e-004
8.237100e+003,-6.490074e-004
8.237581e+003,-7.908777e-003
8.238063e+003,-1.985143e-002
8.238546e+003,-3.306433e-002
8.239027e+003,-4.413578e-002
8.239510e+003,-5.056758e-002
8.239992e+003,-5.092503e-002
8.240475e+003,-4.477007e-002
8.240956e+003,-3.233073e-002
8.241438e+003,-1.423556e-002
8.241920e+003,8.498221e-003
8.242402e+003,3.422089e-002
8.242885e+003,6.033832e-002
8.243367e+003,8.321662e-002
8.243850e+003,9.853859e-002
8.244331e+003,1.021642e-001
8.244813e+003,9.130586e-002
8.245295e+003,6.563467e-002
8.245777e+003,2.787467e-002
8.246260e+003,-1.643503e-002
8.246742e+003,-6.006489e-002
8.247224e+003,-9.583695e-002
8.247706e+003,-1.184633e-001
8.248188e+003,-1.258817e-001
8.248670e+003,-1.196316e-001
8.249152e+003,-1.041339e-001
8.249635e+003,-8.511624e-002
8.250117e+003,-6.773154e-002
8.250599e+003,-5.501881e-002
8.251081e+003,-4.722270e-002
8.251563e+003,-4.215860e-002
8.252045e+003,-3.641573e-002
8.252527e+003,-2.688542e-002
8.253010e+003,-1.201357e-002
8.253491e+003,7.670022e-003
8.253974e+003,2.986597e-002
8.254456e+003,5.143569e-002
8.254938e+003,6.949358e-002
8.255420e+003,8.219512e-002
8.255902e+003,8.894349e-002
8.256385e+003,9.003315e-002
8.256866e+003,8.600835e-002
8.257349e+003,7.712287e-002
8.257830e+003,6.319941e-002
8.258313e+003,4.395882e-002
8.258795e+003,1.963600e-002
8.259277e+003,-8.455886e-003
8.259759e+003,-3.773892e-002
8.260241e+003,-6.471862e-002
8.260724e+003,-8.578461e-002
8.261205e+003,-9.818025e-002
8.261688e+003,-1.007837e-001
8.262170e+003,-9.441765e-002
8.262652e+003,-8.158640e-002
8.263134e+003,-6.574170e-002
8.263616e+003,-5.032093e-002
8.264098e+003,-3.784355e-002
8.264580e+003,-2.930179e-002
8.265063e+003,-2.397657e-002
8.265545e+003,-1.969788e-002
8.266027e+003,-1.347461e-002
8.266509e+003,-2.350377e-003
8.266991e+003,1.570413e-002
8.267473e+003,4.107630e-002
8.267955e+003,7.217549e-002
8.268438e+003,1.056123e-001
8.268920e+003,1.369055e-001
8.269401e+003,1.615644e-001
8.269884e+003,1.762563e-001
8.270366e+003,1.796737e-001
8.270848e+003,1.727891e-001
8.271330e+003,1.584323e-001
8.271813e+003,1.402878e-001
8.272295e+003,1.216842e-001
8.272776e+003,1.046247e-001
8.273259e+003,8.940642e-002
8.273740e+003,7.493693e-002
8.274223e+003,5.956615e-002
8.274705e+003,4.204971e-002
8.275188e+003,2.222600e-002
8.275669e+003,1.137947e-003
8.276151e+003,-1.940761e-002
8.276634e+003,-3.759846e-002
8.277115e+003,-5.232039e-002
8.277598e+003,-6.348225e-002
8.278080e+003,-7.183685e-002
8.278563e+003,-7.841486e-002
8.279044e+003,-8.386545e-002
8.279526e+003,-8.802763e-002
8.280008e+003,-8.993628e-002
8.280490e+003,-8.826026e-002
8.280973e+003,-8.197251e-002
8.281455e+003,-7.095464e-002
8.281937e+003,-5.627600e-002
8.282419e+003,-4.003501e-002
8.282901e+003,-2.483524e-002
8.283383e+003,-1.310854e-002
8.283865e+003,-6.537126e-003
8.284348e+003,-5.761801e-003
8.284830e+003,-1.043179e-002
8.285312e+003,-1.951641e-002
8.285794e+003,-3.171613e-002
8.286275e+003,-4.580523e-002
8.286758e+003,-6.080057e-002
8.287240e+003,-7.594345e-002
8.287723e+003,-9.056070e-002
8.288205e+003,-1.039089e-001
8.288687e+003,-1.150927e-001
8.289169e+003,-1.230995e-001
8.289650e+003,-1.269364e-001
8.290133e+003,-1.258115e-001
8.290615e+003,-1.192940e-001
8.291098e+003,-1.074080e-001
8.291579e+003,-9.065323e-002
8.292062e+003,-6.997978e-002
8.292544e+003,-4.675226e-002
8.293025e+003,-2.272495e-002
8.293508e+003,-8.115458e-006
8.293990e+003,1.902997e-002
8.294473e+003,3.199200e-002
8.294954e+003,3.684181e-002
8.295437e+003,3.241116e-002
8.295918e+003,1.888725e-002
8.296400e+003,-1.914097e-003
8.296883e+003,-2.666784e-002
8.297365e+003,-5.112376e-002
8.297847e+003,-7.105383e-002
8.298329e+003,-8.329412e-002
8.298812e+003,-8.653087e-002
8.299293e+003,-8.153684e-002
8.299775e+003,-7.075047e-002
8.300258e+003,-5.733721e-002
8.300740e+003,-4.404088e-002
8.301222e+003,-3.240218e-002
8.301704e+003,-2.236926e-002
8.302186e+003,-1.263792e-002
8.302668e+003,-1.436967e-003
8.303150e+003,1.258639e-002
8.303633e+003,2.975485e-002
8.304114e+003,4.924019e-002
8.304597e+003,6.940211e-002
8.305079e+003,8.834343e-002
8.305561e+003,1.043663e-001
8.306043e+003,1.161156e-001
8.306525e+003,1.224105e-001
8.307008e+003,1.219730e-001
8.307489e+003,1.133453e-001
8.307972e+003,9.519821e-002
8.308453e+003,6.700280e-002
8.308936e+003,2.979321e-002
8.309418e+003,-1.338131e-002
8.309900e+003,-5.764607e-002
8.310383e+003,-9.720942e-002
8.310864e+003,-1.267465e-001
8.311347e+003,-1.427770e-001
8.311828e+003,-1.445257e-001
8.312311e+003,-1.339401e-001
8.312793e+003,-1.148789e-001
8.313275e+003,-9.180339e-002
8.313757e+003,-6.848490e-002
8.314239e+003,-4.718281e-002
8.314722e+003,-2.851089e-002
8.315203e+003,-1.189601e-002
8.315686e+003,3.693933e-003
8.316168e+003,1.912513e-002
8.316650e+003,3.481519e-002
8.317132e+003,5.080238e-002
8.317614e+003,6.698160e-002
8.318096e+003,8.325834e-002
8.318578e+003,9.946836e-002
8.319061e+003,1.150993e-001
8.319543e+003,1.290218e-001
8.320024e+003,1.394833e-001
8.320507e+003,1.445076e-001
8.320989e+003,1.426254e-001
8.321471e+003,1.336537e-001
8.321953e+003,1.191554e-001
8.322436e+003,1.023022e-001
8.322918e+003,8.709752e-002
8.323399e+003,7.719988e-002
8.323882e+003,7.477304e-002
8.324363e+003,7.980802e-002
8.324846e+003,9.018229e-002
8.325328e+003,1.024306e-001
8.325811e+003,1.129220e-001
8.326292e+003,1.189905e-001
8.326774e+003,1.196107e-001
8.327257e+003,1.154179e-001
8.327738e+003,1.081493e-001
8.328221e+003,9.980196e-002
8.328703e+003,9.187914e-002
8.329186e+003,8.500959e-002
8.329667e+003,7.902490e-002
8.330149e+003,7.337093e-002
8.330631e+003,6.759856e-002
8.331113e+003,6.167890e-002
8.331596e+003,5.608382e-002
8.332078e+003,5.127312e-002
8.332561e+003,4.746232e-002
8.333042e+003,4.426649e-002
8.333524e+003,4.063988e-002
8.334006e+003,3.511687e-002
8.334488e+003,2.626806e-002
8.334971e+003,1.320118e-002
8.335453e+003,-4.073089e-003
8.335935e+003,-2.452667e-002
8.336417e+003,-4.626713e-002
8.336899e+003,-6.688826e-002
8.337381e+003,-8.390356e-002
8.337863e+003,-9.515404e-002
8.338346e+003,-9.911816e-002
8.338828e+003,-9.509454e-002
8.339310e+003,-8.326105e-002
8.339792e+003,-6.462946e-002
8.340273e+003,-4.092120e-002
8.340756e+003,-1.438813e-002
8.341238e+003,1.239941e-002
8.341721e+003,3.677988e-002
8.342202e+003,5.623490e-002
8.342685e+003,6.863163e-002
8.343167e+003,7.248047e-002
8.343648e+003,6.720477e-002
8.344131e+003,5.339057e-002
8.344613e+003,3.294146e-002
8.345096e+003,9.028057e-003
8.345577e+003,-1.427391e-002
8.346060e+003,-3.269603e-002
8.346541e+003,-4.275138e-002
8.347023e+003,-4.273156e-002
8.347506e+003,-3.338763e-002
8.347988e+003,-1.797462e-002
8.348470e+003,-1.507738e-003
8.348952e+003,1.064478e-002
8.349435e+003,1.442296e-002
8.349916e+003,8.417054e-003
8.350398e+003,-5.634467e-003
8.350881e+003,-2.344158e-002
8.351363e+003,-3.968988e-002
8.351845e+003,-4.994638e-002
8.352327e+003,-5.220464e-002
8.352809e+003,-4.745060e-002
8.353291e+003,-3.902109e-002
8.353773e+003,-3.103385e-002
8.354256e+003,-2.656088e-002
8.354738e+003,-2.632817e-002
8.355220e+003,-2.849196e-002
8.355702e+003,-2.956918e-002
8.356184e+003,-2.608825e-002
8.356666e+003,-1.620963e-002
8.357148e+003,-5.842753e-004
8.357631e+003,1.793024e-002
8.358112e+003,3.555542e-002
8.358595e+003,4.928761e-002
8.359077e+003,5.823663e-002
8.359559e+003,6.401101e-002
8.360041e+003,6.998098e-002
8.360523e+003,7.973466e-002
8.361006e+003,9.537688e-002
8.361487e+003,1.163675e-001
8.361970e+003,1.393601e-001
8.362451e+003,1.591117e-001
8.362934e+003,1.699984e-001
8.363416e+003,1.678577e-001
8.363898e+003,1.512060e-001
8.364380e+003,1.217395e-001
8.364862e+003,8.397115e-002
8.365345e+003,4.416174e-002
8.365826e+003,8.844545e-003
8.366309e+003,-1.669653e-002
8.366791e+003,-2.964291e-002
8.367273e+003,-3.025856e-002
8.367755e+003,-2.172787e-002
8.368237e+003,-9.208386e-003
8.368719e+003,1.691127e-003
8.369201e+003,6.591474e-003
8.369684e+003,3.655000e-003
8.370166e+003,-5.938911e-003
8.370647e+003,-1.856771e-002
8.371130e+003,-2.961620e-002
8.371612e+003,-3.526654e-002
8.372094e+003,-3.391683e-002
8.372576e+003,-2.664135e-002
8.373059e+003,-1.649933e-002
8.373541e+003,-7.001554e-003
8.374022e+003,-4.275327e-004
8.374505e+003,3.238505e-003
8.374986e+003,6.267502e-003
8.375469e+003,1.207109e-002
8.375951e+003,2.354518e-002
8.376434e+003,4.165235e-002
8.376915e+003,6.489331e-002
8.377397e+003,8.987711e-002
8.377880e+003,1.126658e-001
8.378361e+003,1.302102e-001
8.378844e+003,1.411908e-001
8.379326e+003,1.459264e-001
8.379809e+003,1.455187e-001
8.380290e+003,1.407996e-001
8.380772e+003,1.317232e-001
8.381255e+003,1.175723e-001
8.381736e+003,9.786785e-002
8.382219e+003,7.344551e-002
8.382701e+003,4.702839e-002
8.383184e+003,2.286147e-002
8.383665e+003,5.451499e-003
8.384147e+003,-2.072667e-003
8.384629e+003,7.488392e-004
8.385111e+003,1.135592e-002
8.385594e+003,2.493115e-002
8.386076e+003,3.596206e-002
8.386558e+003,3.995924e-002
8.387040e+003,3.467254e-002
8.387522e+003,2.043579e-002
8.388004e+003,-3.051794e-004
8.388486e+003,-2.389741e-002
8.388969e+003,-4.636204e-002
8.389451e+003,-6.397514e-002
8.389933e+003,-7.356147e-002
8.390415e+003,-7.272132e-002
8.390896e+003,-6.020568e-002
8.391379e+003,-3.645464e-002
8.391861e+003,-4.053709e-003
8.392344e+003,3.226910e-002
8.392825e+003,6.637564e-002
8.393308e+003,9.211370e-002
8.393790e+003,1.050434e-001
8.394271e+003,1.036591e-001
8.394754e+003,8.975692e-002
8.395236e+003,6.767664e-002
8.395719e+003,4.273668e-002
8.396200e+003,1.952195e-002
8.396683e+003,7.261428e-004
8.397164e+003,-1.303986e-002
8.397646e+003,-2.254118e-002
8.398129e+003,-2.880432e-002
8.398611e+003,-3.223472e-002
8.399093e+003,-3.241806e-002
8.399575e+003,-2.863772e-002
8.400058e+003,-2.072882e-002
8.400539e+003,-9.699349e-003
8.401021e+003,2.315105e-003
8.401504e+003,1.281697e-002
8.401986e+003,2.006620e-002
8.402468e+003,2.395966e-002
8.402950e+003,2.616983e-002
8.403433e+003,2.941110e-002
8.403914e+003,3.614864e-002
8.404396e+003,4.735604e-002
8.404879e+003,6.191579e-002
8.405361e+003,7.695387e-002
8.405843e+003,8.895659e-002
8.406325e+003,9.515548e-002
8.406807e+003,9.455559e-002
8.407289e+003,8.817129e-002
8.407771e+003,7.841617e-002
8.408254e+003,6.797153e-002
8.408735e+003,5.865582e-002
8.409218e+003,5.076149e-002
8.409700e+003,4.307305e-002
8.410182e+003,3.347356e-002
8.410664e+003,1.982757e-002
8.411146e+003,7.821208e-004
8.411629e+003,-2.376227e-002
8.412110e+003,-5.257765e-002
8.412593e+003,-8.334877e-002
8.413074e+003,-1.130885e-001
8.413557e+003,-1.386190e-001
8.414039e+003,-1.570669e-001
8.414521e+003,-1.663470e-001
8.415003e+003,-1.655783e-001
8.415485e+003,-1.553298e-001
8.415968e+003,-1.375713e-001
8.416449e+003,-1.152679e-001
8.416932e+003,-9.168219e-002
8.417414e+003,-6.958678e-002
8.417896e+003,-5.065713e-002
8.418378e+003,-3.526837e-002
8.418860e+003,-2.276270e-002
8.419342e+003,-1.205736e-002
8.419824e+003,-2.323398e-003
8.420307e+003,6.552674e-003
8.420789e+003,1.389857e-002
8.421271e+003,1.856366e-002
8.421753e+003,1.942795e-002
8.422235e+003,1.587299e-002
8.422717e+003,8.036583e-003
8.423199e+003,-3.195049e-003
8.423682e+003,-1.637596e-002
8.424164e+003,-2.970279e-002
8.424646e+003,-4.128687e-002
8.425128e+003,-4.926248e-002
8.425610e+003,-5.193026e-002
8.426092e+003,-4.798473e-002
8.426574e+003,-3.682784e-002
8.427057e+003,-1.887014e-002
8.427539e+003,4.342348e-003
8.428021e+003,3.030973e-002
8.428503e+003,5.607951e-002
8.428984e+003,7.892420e-002
8.429467e+003,9.694614e-002
8.429949e+003,1.093729e-001
8.430432e+003,1.164359e-001
8.430913e+003,1.189160e-001
8.431396e+003,1.175916e-001
8.431878e+003,1.128660e-001
8.432359e+003,1.047486e-001
8.432842e+003,9.317625e-002
8.433324e+003,7.847609e-002
8.433807e+003,6.169407e-002
8.434288e+003,4.457948e-002
8.434771e+003,2.919272e-002
8.435252e+003,1.729703e-002
8.435734e+003,9.802971e-003
8.436217e+003,6.507856e-003
8.436699e+003,6.229320e-003
8.437181e+003,7.247044e-003
8.437663e+003,7.841838e-003
8.438146e+003,6.708805e-003
8.438627e+003,3.126574e-003
8.439109e+003,-3.088475e-003
8.439592e+003,-1.170647e-002
8.440074e+003,-2.214922e-002
8.440556e+003,-3.345146e-002
8.441038e+003,-4.420264e-002
8.441520e+003,-5.262346e-002
8.442002e+003,-5.689377e-002
8.442484e+003,-5.570749e-002
8.442967e+003,-4.886307e-002
8.443448e+003,-3.760457e-002
8.443931e+003,-2.447849e-002
8.444413e+003,-1.266334e-002
8.444895e+003,-4.977755e-003
8.445377e+003,-2.955212e-003
8.445859e+003,-6.383943e-003
8.446342e+003,-1.352993e-002
8.446823e+003,-2.196069e-002
8.447306e+003,-2.961191e-002
8.447787e+003,-3.561951e-002
8.448270e+003,-4.054429e-002
8.448752e+003,-4.589963e-002
8.449234e+003,-5.321903e-002
8.449717e+003,-6.311560e-002
8.450198e+003,-7.478288e-002
8.450681e+003,-8.616716e-002
8.451162e+003,-9.471411e-002
8.451645e+003,-9.831777e-002
8.452127e+003,-9.601526e-002
8.452609e+003,-8.811475e-002
8.453091e+003,-7.574435e-002
8.453573e+003,-6.010755e-002
8.454056e+003,-4.187818e-002
8.454537e+003,-2.108579e-002
8.455020e+003,2.563696e-003
8.455502e+003,2.842095e-002
8.455984e+003,5.477809e-002
8.456466e+003,7.859263e-002
8.456948e+003,9.611271e-002
8.457430e+003,1.040588e-001
8.457912e+003,1.008947e-001
8.458395e+003,8.762597e-002
8.458877e+003,6.772416e-002
8.459358e+003,4.612912e-002
8.459841e+003,2.767704e-002
8.460323e+003,1.555692e-002
8.460805e+003,1.039697e-002
8.461287e+003,1.032079e-002
8.461770e+003,1.191579e-002
8.462252e+003,1.169654e-002
8.462733e+003,7.478009e-003
8.463216e+003,-8.479244e-004
8.463697e+003,-1.136614e-002
8.464180e+003,-2.091987e-002
8.464662e+003,-2.626374e-002
8.465145e+003,-2.514761e-002
8.465626e+003,-1.698050e-002
8.466108e+003,-2.919763e-003
8.466591e+003,1.455947e-002
8.467072e+003,3.241313e-002
8.467555e+003,4.784236e-002
8.468037e+003,5.895227e-002
8.468520e+003,6.511382e-002
8.469001e+003,6.697275e-002
8.469483e+003,6.612445e-002
8.469965e+003,6.453726e-002
8.470447e+003,6.386726e-002
8.470930e+003,6.485874e-002
8.471412e+003,6.703169e-002
8.471895e+003,6.879763e-002
8.472376e+003,6.800894e-002
8.472858e+003,6.277808e-002
8.473340e+003,5.227399e-002
8.473822e+003,3.718091e-002
8.474305e+003,1.961765e-002
8.474787e+003,2.528227e-003
8.475269e+003,-1.122297e-002
8.475751e+003,-1.968870e-002
8.476233e+003,-2.227927e-002
8.476715e+003,-1.966083e-002
8.477197e+003,-1.321754e-002
8.477680e+003,-4.376276e-003
8.478162e+003,5.867851e-003
8.478644e+003,1.701999e-002
8.479126e+003,2.877605e-002
8.479607e+003,4.057220e-002
8.480090e+003,5.130324e-002
8.480572e+003,5.941819e-002
8.481055e+003,6.338158e-002
8.481536e+003,6.227314e-002
8.482019e+003,5.620579e-002
8.482501e+003,4.632799e-002
8.482982e+003,3.439638e-002
8.483465e+003,2.214031e-002
8.483947e+003,1.075490e-002
8.484430e+003,7.876953e-004
8.484911e+003,-7.540938e-003
8.485394e+003,-1.380042e-002
8.485875e+003,-1.696046e-002
8.486357e+003,-1.540806e-002
8.486840e+003,-7.592478e-003
8.487322e+003,7.107228e-003
8.487804e+003,2.763842e-002
8.488286e+003,5.106296e-002
8.488769e+003,7.306039e-002
8.489250e+003,8.901034e-002
8.489732e+003,9.525418e-002
8.490215e+003,9.005654e-002
8.490697e+003,7.393179e-002
8.491179e+003,4.929434e-002
8.491661e+003,1.968125e-002
8.492143e+003,-1.106766e-002
8.492625e+003,-3.936270e-002
8.493107e+003,-6.206929e-002
8.493590e+003,-7.652025e-002
8.494072e+003,-8.059803e-002
8.494554e+003,-7.306717e-002
8.495036e+003,-5.411655e-002
8.495518e+003,-2.584546e-002
8.496000e+003,7.661150e-003
8.496482e+003,4.090580e-002
8.496965e+003,6.815910e-002
8.497446e+003,8.489903e-002
8.497929e+003,8.898433e-002
8.498411e+003,8.109824e-002
8.498893e+003,6.427985e-002
8.499375e+003,4.273792e-002
8.499857e+003,2.043078e-002
8.500340e+003,-3.481638e-005
8.500821e+003,-1.780913e-002
8.501304e+003,-3.345252e-002
8.501785e+003,-4.809435e-002
8.502268e+003,-6.252518e-002
8.502750e+003,-7.661265e-002
8.503232e+003,-8.923112e-002
8.503714e+003,-9.864272e-002
8.504196e+003,-1.030898e-001
8.504679e+003,-1.013263e-001
8.505160e+003,-9.290774e-002
8.505643e+003,-7.820833e-002
8.506125e+003,-5.824675e-002
8.506607e+003,-3.443891e-002
8.507089e+003,-8.364243e-003
8.507571e+003,1.842465e-002
8.508053e+003,4.454785e-002
8.508535e+003,6.888791e-002
8.509018e+003,9.058743e-002
8.509500e+003,1.089218e-001
8.509981e+003,1.230739e-001
8.510464e+003,1.319294e-001
8.510946e+003,1.340704e-001
8.511428e+003,1.281120e-001
8.511910e+003,1.133733e-001
8.512393e+003,9.066387e-002
8.512875e+003,6.280610e-002
8.513356e+003,3.450751e-002
8.513839e+003,1.141267e-002
8.514320e+003,-1.480740e-003
8.514803e+003,-1.504989e-003
8.515285e+003,1.058520e-002
8.515768e+003,3.065106e-002
8.516250e+003,5.245838e-002
8.516731e+003,6.970180e-002
8.517214e+003,7.859703e-002
8.517695e+003,7.878760e-002
8.518178e+003,7.346386e-002
8.518660e+003,6.790777e-002
8.519143e+003,6.720953e-002
8.519624e+003,7.409252e-002
8.520106e+003,8.772781e-002
8.520589e+003,1.039959e-001
8.521070e+003,1.170502e-001
8.521553e+003,1.215195e-001
8.522035e+003,1.144640e-001
8.522518e+003,9.634724e-002
8.522999e+003,7.072730e-002
8.523481e+003,4.289392e-002
8.523963e+003,1.806089e-002
8.524445e+003,-1.826713e-004
8.524928e+003,-1.065159e-002
8.525410e+003,-1.442523e-002
8.525892e+003,-1.399667e-002
8.526374e+003,-1.213272e-002
8.526856e+003,-1.088388e-002
8.527338e+003,-1.104085e-002
8.527820e+003,-1.212502e-002
8.528303e+003,-1.281760e-002
8.528785e+003,-1.162834e-002
8.529267e+003,-7.579591e-003
8.529749e+003,-7.078185e-004
8.530230e+003,7.760895e-003
8.530713e+003,1.563228e-002
8.531195e+003,2.033676e-002
8.531678e+003,1.975484e-002
8.532159e+003,1.303234e-002
8.532642e+003,1.091177e-003
8.533124e+003,-1.340633e-002
8.533605e+003,-2.671670e-002
8.534088e+003,-3.513473e-002
8.534570e+003,-3.619540e-002
8.535053e+003,-2.949852e-002
8.535534e+003,-1.681350e-002
8.536017e+003,-1.398170e-003
8.536498e+003,1.321089e-002
8.536980e+003,2.445578e-002
8.537463e+003,3.156041e-002
8.537945e+003,3.557030e-002
8.538428e+003,3.864915e-002
8.538909e+003,4.297208e-002
8.539392e+003,4.971926e-002
8.539873e+003,5.860481e-002
8.540355e+003,6.810775e-002
8.540838e+003,7.623747e-002
8.541320e+003,8.143417e-002
8.541802e+003,8.317734e-002
8.542284e+003,8.205502e-002
8.542767e+003,7.933181e-002
8.543248e+003,7.629418e-002
8.543730e+003,7.373583e-002
8.544213e+003,7.183465e-002
8.544695e+003,7.043605e-002
8.545177e+003,6.952353e-002
8.545659e+003,6.955264e-002
8.546141e+003,7.140131e-002
8.546623e+003,7.590621e-002
8.547105e+003,8.319160e-002
8.547588e+003,9.213652e-002
8.548069e+003,1.002911e-001
8.548552e+003,1.043707e-001
8.549034e+003,1.011881e-001
8.549516e+003,8.869092e-002
8.549998e+003,6.671022e-002
8.550480e+003,3.714068e-002
8.550963e+003,3.497566e-003
8.551444e+003,-2.997427e-002
8.551927e+003,-5.932255e-002
8.552408e+003,-8.171979e-002
8.552891e+003,-9.589676e-002
8.553373e+003,-1.021347e-001
8.553855e+003,-1.019188e-001
8.554337e+003,-9.742469e-002
8.554819e+003,-9.099900e-002
8.555302e+003,-8.473061e-002
8.555783e+003,-8.014242e-002
8.556266e+003,-7.799805e-002
8.556748e+003,-7.822013e-002
8.557230e+003,-7.993761e-002
8.557712e+003,-8.168645e-002
8.558194e+003,-8.176360e-002
8.558676e+003,-7.867851e-002
8.559158e+003,-7.158829e-002
8.559641e+003,-6.057427e-002
8.560123e+003,-4.664866e-002
8.560605e+003,-3.146481e-002
8.561087e+003,-1.681745e-002
8.561569e+003,-4.110295e-003
8.562051e+003,6.003317e-003
8.562533e+003,1.365360e-002
8.563016e+003,1.943223e-002
8.563498e+003,2.383840e-002
8.563979e+003,2.673715e-002
8.564462e+003,2.710914e-002
8.564944e+003,2.328321e-002
8.565426e+003,1.365483e-002
8.565908e+003,-2.333905e-003
8.566391e+003,-2.334729e-002
8.566873e+003,-4.586326e-002
8.567354e+003,-6.470352e-002
8.567837e+003,-7.435417e-002
8.568318e+003,-7.070369e-002
8.568801e+003,-5.258606e-002
8.569283e+003,-2.250345e-002
8.569766e+003,1.385209e-002
8.570247e+003,4.922090e-002
8.570729e+003,7.702243e-002
8.571212e+003,9.341082e-002
8.571693e+003,9.834181e-002
8.572176e+003,9.521171e-002
8.572658e+003,8.920001e-002
8.573141e+003,8.498885e-002
8.573622e+003,8.480565e-002
8.574104e+003,8.760740e-002
8.574586e+003,8.974411e-002
8.575068e+003,8.680766e-002
8.575551e+003,7.585141e-002
8.576033e+003,5.700091e-002
8.576515e+003,3.373565e-002
8.576997e+003,1.170760e-002
8.577479e+003,-3.394236e-003
8.577961e+003,-8.015327e-003
8.578443e+003,-1.870428e-003
8.578926e+003,1.160302e-002
8.579408e+003,2.724924e-002
8.579890e+003,4.008793e-002
8.580372e+003,4.711188e-002
8.580854e+003,4.809509e-002
8.581336e+003,4.517083e-002
8.581818e+003,4.149410e-002
8.582301e+003,3.966841e-002
8.582783e+003,4.064426e-002
8.583265e+003,4.350819e-002
8.583747e+003,4.613719e-002
8.584229e+003,4.631192e-002
8.584711e+003,4.272781e-002
8.585193e+003,3.546933e-002
8.585676e+003,2.582126e-002
8.586157e+003,1.561391e-002
8.586640e+003,6.474560e-003
8.587122e+003,-6.758912e-004
8.587604e+003,-5.734722e-003
8.588086e+003,-9.214018e-003
8.588568e+003,-1.192984e-002
8.589051e+003,-1.477357e-002
8.589532e+003,-1.862562e-002
8.590015e+003,-2.432971e-002
8.590496e+003,-3.258932e-002
8.590979e+003,-4.371489e-002
8.591461e+003,-5.729356e-002
8.591943e+003,-7.197361e-002
8.592425e+003,-8.556305e-002
8.592907e+003,-9.551390e-002
8.593390e+003,-9.966288e-002
8.593871e+003,-9.693647e-002
8.594354e+003,-8.770566e-002
8.594836e+003,-7.361613e-002
8.595318e+003,-5.696734e-002
8.595800e+003,-3.993700e-002
8.596282e+003,-2.402434e-002
8.596764e+003,-9.965443e-003
8.597246e+003,1.891019e-003
8.597729e+003,1.102262e-002
8.598211e+003,1.638024e-002
8.598692e+003,1.653393e-002
8.599175e+003,1.033091e-002
8.599657e+003,-2.230991e-003
8.600139e+003,-1.938744e-002
8.600621e+003,-3.765721e-002
8.601104e+003,-5.267839e-002
8.601586e+003,-6.057325e-002
8.602067e+003,-5.930340e-002
8.602550e+003,-4.943585e-002
8.603031e+003,-3.397208e-002
8.603514e+003,-1.728995e-002
8.603996e+003,-3.628230e-003
8.604479e+003,4.273535e-003
8.604960e+003,5.859196e-003
8.605442e+003,2.560269e-003
8.605925e+003,-3.101086e-003
8.606406e+003,-8.659888e-003
8.606889e+003,-1.260948e-002
8.607371e+003,-1.473670e-002
8.607854e+003,-1.586543e-002
8.608335e+003,-1.724361e-002
8.608817e+003,-1.991337e-002
8.609300e+003,-2.453204e-002
8.609781e+003,-3.067151e-002
8.610264e+003,-3.777571e-002
8.610746e+003,-4.489686e-002
8.611229e+003,-5.081451e-002
8.611710e+003,-5.413740e-002
8.612192e+003,-5.347006e-002
8.612674e+003,-4.771129e-002
8.613156e+003,-3.645768e-002
8.613639e+003,-2.036933e-002
8.614121e+003,-1.297879e-003
8.614603e+003,1.796957e-002
8.615085e+003,3.434704e-002
8.615567e+003,4.528144e-002
8.616049e+003,4.947894e-002
8.616531e+003,4.723962e-002
8.617014e+003,4.025960e-002
8.617496e+003,3.097465e-002
8.617978e+003,2.169883e-002
8.618460e+003,1.388214e-002
8.618941e+003,7.740901e-003
8.619424e+003,2.348200e-003
8.619906e+003,-3.907783e-003
8.620389e+003,-1.270146e-002
8.620870e+003,-2.519266e-002
8.621353e+003,-4.162854e-002
8.621835e+003,-6.116216e-002
8.622316e+003,-8.186830e-002
8.622799e+003,-1.009364e-001
8.623281e+003,-1.150500e-001
8.623764e+003,-1.209714e-001
8.624245e+003,-1.162959e-001
8.624728e+003,-1.002402e-001
8.625209e+003,-7.422307e-002
8.625691e+003,-4.197066e-002
8.626174e+003,-8.971957e-003
8.626656e+003,1.868484e-002
8.627138e+003,3.581881e-002
8.627620e+003,3.955193e-002
8.628103e+003,3.012116e-002
8.628584e+003,1.080255e-002
8.629066e+003,-1.305351e-002
8.629549e+003,-3.555865e-002
8.630031e+003,-5.187522e-002
8.630513e+003,-5.933725e-002
8.630995e+003,-5.777777e-002
8.631478e+003,-4.904198e-002
8.631959e+003,-3.595432e-002
8.632441e+003,-2.117106e-002
8.632924e+003,-6.336552e-003
8.633406e+003,8.205906e-003
8.633888e+003,2.313497e-002
8.634370e+003,3.949592e-002
8.634852e+003,5.796146e-002
8.635334e+003,7.827660e-002
8.635816e+003,9.904609e-002
8.636299e+003,1.178890e-001
8.636780e+003,1.318802e-001
8.637263e+003,1.381480e-001
8.637745e+003,1.344953e-001
8.638227e+003,1.199376e-001
8.638709e+003,9.507807e-002
8.639191e+003,6.225669e-002
8.639674e+003,2.542037e-002
8.640155e+003,-1.008504e-002
8.640638e+003,-3.898679e-002
8.641119e+003,-5.631407e-002
8.641602e+003,-5.869931e-002
8.642084e+003,-4.523693e-002
8.642566e+003,-1.789116e-002
8.643048e+003,1.873095e-002
8.643530e+003,5.827394e-002
8.644013e+003,9.403520e-002
8.644494e+003,1.205388e-001
8.644977e+003,1.348462e-001
8.645459e+003,1.371934e-001
8.645941e+003,1.307130e-001
8.646423e+003,1.202802e-001
8.646905e+003,1.108223e-001
8.647387e+003,1.056446e-001
8.647869e+003,1.053453e-001
8.648352e+003,1.077173e-001
8.648834e+003,1.086849e-001
8.649315e+003,1.039534e-001
8.649798e+003,9.076566e-002
8.650280e+003,6.910326e-002
8.650762e+003,4.186740e-002
8.651244e+003,1.396906e-002
8.651727e+003,-9.313118e-003
8.652209e+003,-2.406483e-002
8.652690e+003,-2.889870e-002
8.653173e+003,-2.514706e-002
8.653654e+003,-1.609671e-002
8.654137e+003,-5.659579e-003
8.654619e+003,2.939549e-003
8.655102e+003,7.956081e-003
8.655584e+003,9.188254e-003
8.656065e+003,7.449793e-003
8.656548e+003,3.837574e-003
8.657029e+003,-7.980322e-004
8.657512e+003,-5.964156e-003
8.657994e+003,-1.129102e-002
8.658477e+003,-1.624541e-002
8.658958e+003,-2.010920e-002
8.659440e+003,-2.235423e-002
8.659923e+003,-2.325266e-002
8.660404e+003,-2.433413e-002
8.660887e+003,-2.828198e-002
8.661369e+003,-3.809096e-002
8.661852e+003,-5.569035e-002
8.662333e+003,-8.057882e-002
8.662815e+003,-1.091320e-001
8.663297e+003,-1.350497e-001
8.663779e+003,-1.509642e-001
8.664262e+003,-1.507317e-001
8.664744e+003,-1.315877e-001
8.665226e+003,-9.534666e-002
8.665708e+003,-4.816645e-002
8.666190e+003,1.051131e-003
8.666672e+003,4.304397e-002
8.667154e+003,7.051891e-002
8.667637e+003,7.967365e-002
8.668119e+003,7.052364e-002
8.668601e+003,4.611996e-002
8.669083e+003,1.112749e-002
8.669564e+003,-2.961775e-002
8.670047e+003,-7.207482e-002
8.670529e+003,-1.132920e-001
8.671012e+003,-1.501213e-001
8.671493e+003,-1.821296e-001
8.671976e+003,-2.078401e-001
8.672458e+003,-2.256930e-001
8.672939e+003,-2.343107e-001
8.673422e+003,-2.329166e-001
8.673904e+003,-2.216862e-001
8.674387e+003,-2.018719e-001
8.674868e+003,-1.756792e-001
8.675351e+003,-1.459811e-001
8.675832e+003,-1.159939e-001
8.676314e+003,-8.898755e-002
8.676797e+003,-6.802361e-002
8.677279e+003,-5.566128e-002
8.677762e+003,-5.358557e-002
8.678243e+003,-6.218818e-002
8.678726e+003,-8.022425e-002
8.679207e+003,-1.047146e-001
8.679689e+003,-1.312304e-001
8.680172e+003,-1.545826e-001
8.680654e+003,-1.697924e-001
8.681136e+003,-1.730976e-001
8.681618e+003,-1.627177e-001
8.682101e+003,-1.391653e-001
8.682582e+003,-1.050343e-001
8.683064e+003,-6.436003e-002
8.683547e+003,-2.175922e-002
8.684029e+003,1.840505e-002
8.684511e+003,5.263525e-002
8.684993e+003,7.858755e-002
8.685475e+003,9.504334e-002
8.685957e+003,1.016581e-001
8.686439e+003,9.862859e-002
8.686922e+003,8.642454e-002
8.687403e+003,6.569362e-002
8.687886e+003,3.737715e-002
8.688368e+003,2.986653e-003
8.688850e+003,-3.509094e-002
8.689332e+003,-7.343915e-002
8.689814e+003,-1.077736e-001
8.690297e+003,-1.334973e-001
8.690778e+003,-1.465867e-001
8.691261e+003,-1.445992e-001
8.691742e+003,-1.274885e-001
8.692225e+003,-9.792724e-002
8.692707e+003,-6.095229e-002
8.693189e+003,-2.295722e-002
8.693671e+003,9.727553e-003
8.694153e+003,3.227708e-002
8.694636e+003,4.242736e-002
8.695117e+003,4.085172e-002
8.695600e+003,3.077995e-002
8.696082e+003,1.701078e-002
8.696564e+003,4.629775e-003
8.697046e+003,-2.205746e-003
8.697528e+003,-1.119679e-003
8.698010e+003,8.153849e-003
8.698492e+003,2.397375e-002
8.698975e+003,4.340873e-002
8.699457e+003,6.307016e-002
8.699939e+003,7.993578e-002
8.700421e+003,9.196338e-002
8.700903e+003,9.835811e-002
8.701385e+003,9.945318e-002
8.701867e+003,9.644327e-002
8.702350e+003,9.015728e-002
8.702832e+003,8.126806e-002
8.703313e+003,6.980772e-002
8.703796e+003,5.530140e-002
8.704278e+003,3.723479e-002
8.704760e+003,1.566356e-002
8.705242e+003,-8.316075e-003
8.705725e+003,-3.248629e-002
8.706207e+003,-5.392130e-002
8.706688e+003,-6.978625e-002
8.707171e+003,-7.822551e-002
8.707652e+003,-7.897169e-002
8.708135e+003,-7.339919e-002
8.708617e+003,-6.397033e-002
8.709100e+003,-5.328937e-002
8.709581e+003,-4.315532e-002
8.710063e+003,-3.401062e-002
8.710546e+003,-2.500250e-002
8.711027e+003,-1.459895e-002
8.711510e+003,-1.453244e-003
8.711992e+003,1.488643e-002
8.712475e+003,3.372991e-002
8.712956e+003,5.352490e-002
8.713438e+003,7.246042e-002
8.713920e+003,8.903731e-002
8.714402e+003,1.022911e-001
8.714885e+003,1.115696e-001
8.715367e+003,1.160438e-001
8.715849e+003,1.143164e-001
8.716331e+003,1.044819e-001
8.716813e+003,8.477654e-002
8.717295e+003,5.463375e-002
8.717777e+003,1.568966e-002
8.718260e+003,-2.779151e-002
8.718742e+003,-6.942408e-002
8.719224e+003,-1.021279e-001
8.719706e+003,-1.200675e-001
8.720188e+003,-1.204425e-001
8.720670e+003,-1.044711e-001
8.721152e+003,-7.717902e-002
8.721635e+003,-4.603286e-002
8.722117e+003,-1.887785e-002
8.722599e+003,-1.877310e-003
8.723081e+003,1.885212e-003
8.723563e+003,-7.236296e-003
8.724045e+003,-2.611080e-002
8.724527e+003,-5.013936e-002
8.725010e+003,-7.467359e-002
8.725491e+003,-9.605688e-002
8.725974e+003,-1.120315e-001
8.726456e+003,-1.215527e-001
8.726938e+003,-1.242863e-001
8.727420e+003,-1.201535e-001
8.727902e+003,-1.091866e-001
8.728385e+003,-9.175215e-002
8.728866e+003,-6.896205e-002
8.729349e+003,-4.296248e-002
8.729830e+003,-1.681626e-002
8.730313e+003,6.124792e-003
8.730795e+003,2.320185e-002
8.731277e+003,3.341406e-002
8.731759e+003,3.792927e-002
8.732241e+003,3.983143e-002
8.732724e+003,4.305210e-002
8.733205e+003,5.094047e-002
8.733688e+003,6.467304e-002
8.734170e+003,8.248037e-002
8.734652e+003,9.987044e-002
8.735134e+003,1.108970e-001
8.735616e+003,1.100689e-001
8.736098e+003,9.423338e-002
8.736580e+003,6.375931e-002
8.737063e+003,2.260031e-002
8.737545e+003,-2.276587e-002
8.738026e+003,-6.511097e-002
8.738509e+003,-9.828933e-002
8.738991e+003,-1.185087e-001
8.739473e+003,-1.247048e-001
8.739955e+003,-1.180816e-001
8.740438e+003,-1.011970e-001
8.740920e+003,-7.707058e-002
8.741401e+003,-4.864860e-002
8.741884e+003,-1.868787e-002
8.742365e+003,1.013484e-002
8.742848e+003,3.518280e-002
8.743330e+003,5.408892e-002
8.743813e+003,6.522997e-002
8.744295e+003,6.820912e-002
8.744776e+003,6.403617e-002
8.745259e+003,5.481879e-002
8.745740e+003,4.302892e-002
8.746223e+003,3.065922e-002
8.746705e+003,1.867826e-002
8.747188e+003,7.070050e-003
8.747669e+003,-4.554991e-003
8.748151e+003,-1.610268e-002
8.748634e+003,-2.637944e-002
8.749115e+003,-3.311561e-002
8.749598e+003,-3.371454e-002
8.750080e+003,-2.643081e-002
8.750563e+003,-1.142144e-002
8.751044e+003,8.874357e-003
8.751526e+003,3.028127e-002
8.752008e+003,4.818268e-002
8.752490e+003,5.903238e-002
8.752973e+003,6.144756e-002
8.753455e+003,5.644577e-002
8.753937e+003,4.678265e-002
8.754419e+003,3.574862e-002
8.754901e+003,2.599352e-002
8.755383e+003,1.887494e-002
8.755865e+003,1.451734e-002
8.756348e+003,1.239247e-002
8.756830e+003,1.198662e-002
8.757312e+003,1.312792e-002
8.757794e+003,1.579214e-002
8.758275e+003,1.954581e-002
8.758758e+003,2.303098e-002
8.759240e+003,2.391021e-002
8.759723e+003,1.946135e-002
8.760204e+003,7.660084e-003
8.760687e+003,-1.170436e-002
8.761169e+003,-3.641102e-002
8.761650e+003,-6.203711e-002
8.762133e+003,-8.302733e-002
8.762615e+003,-9.423819e-002
8.763098e+003,-9.239995e-002
8.763579e+003,-7.699364e-002
8.764062e+003,-5.029828e-002
8.764543e+003,-1.668612e-002
8.765025e+003,1.850703e-002
8.765508e+003,5.013347e-002
8.765990e+003,7.409596e-002
8.766473e+003,8.780038e-002
8.766954e+003,9.025533e-002
8.767437e+003,8.196165e-002
8.767918e+003,6.470895e-002
8.768400e+003,4.131216e-002
8.768883e+003,1.525327e-002
8.769365e+003,-9.803674e-003
8.769847e+003,-3.058489e-002
8.770329e+003,-4.474057e-002
8.770812e+003,-5.117812e-002
8.771293e+003,-5.008234e-002
8.771775e+003,-4.262557e-002
8.772258e+003,-3.048999e-002
8.772740e+003,-1.538440e-002
8.773222e+003,1.289410e-003
8.773704e+003,1.855885e-002
8.774186e+003,3.583061e-002
8.774668e+003,5.276297e-002
8.775150e+003,6.913976e-002
8.775633e+003,8.476651e-002
8.776114e+003,9.935652e-002
8.776597e+003,1.123780e-001
8.777079e+003,1.228903e-001
8.777561e+003,1.294768e-001
8.778043e+003,1.304096e-001
8.778525e+003,1.241168e-001
8.779008e+003,1.098732e-001
8.779489e+003,8.846975e-002
8.779972e+003,6.252792e-002
8.780453e+003,3.619262e-002
8.780936e+003,1.416514e-002
8.781418e+003,3.311698e-004
8.781900e+003,-3.531752e-003
8.782382e+003,1.548989e-003
8.782864e+003,1.196416e-002
8.783347e+003,2.264247e-002
8.783828e+003,2.869195e-002
8.784311e+003,2.697526e-002
8.784793e+003,1.705150e-002
8.785275e+003,1.162947e-003
8.785757e+003,-1.668156e-002
8.786239e+003,-3.213782e-002
8.786721e+003,-4.192001e-002
8.787203e+003,-4.467966e-002
8.787686e+003,-4.114141e-002
8.788168e+003,-3.357078e-002
8.788650e+003,-2.486955e-002
8.789132e+003,-1.766502e-002
8.789614e+003,-1.367579e-002
8.790096e+003,-1.346992e-002
8.790578e+003,-1.656483e-002
8.791061e+003,-2.172591e-002
8.791543e+003,-2.731876e-002
8.792024e+003,-3.162992e-002
8.792507e+003,-3.313546e-002
8.792989e+003,-3.072784e-002
8.793471e+003,-2.389671e-002
8.793953e+003,-1.282705e-002
8.794436e+003,1.653630e-003
8.794918e+003,1.819794e-002
8.795399e+003,3.532232e-002
8.795882e+003,5.171210e-002
8.796363e+003,6.645653e-002
8.796846e+003,7.909973e-002
8.797328e+003,8.949471e-002
8.797811e+003,9.753653e-002
8.798292e+003,1.029060e-001
8.798774e+003,1.049567e-001
8.799257e+003,1.028199e-001
8.799738e+003,9.571511e-002
8.800221e+003,8.336983e-002
8.800703e+003,6.640401e-002
8.801186e+003,4.653569e-002
8.801667e+003,2.650583e-002
8.802149e+003,9.693427e-003
8.802631e+003,-5.295575e-004
8.803113e+003,-1.578053e-003
8.803596e+003,7.611138e-003
8.804078e+003,2.608988e-002
8.804560e+003,5.082731e-002
8.805042e+003,7.714505e-002
8.805524e+003,9.961983e-002
8.806006e+003,1.132748e-001
8.806488e+003,1.147727e-001
8.806971e+003,1.032896e-001
8.807453e+003,8.080500e-002
8.807935e+003,5.169559e-002
8.808417e+003,2.172129e-002
8.808898e+003,-3.324069e-003
8.809381e+003,-1.892607e-002
8.809863e+003,-2.278737e-002
8.810346e+003,-1.518805e-002
8.810828e+003,1.250332e-003
8.811310e+003,2.226758e-002
8.811792e+003,4.292545e-002
8.812273e+003,5.861288e-002
8.812756e+003,6.591862e-002
8.813238e+003,6.324477e-002
8.813721e+003,5.108012e-002
8.814202e+003,3.189066e-002
8.814685e+003,9.626327e-003
8.815167e+003,-1.109930e-002
8.815648e+003,-2.602155e-002
8.816131e+003,-3.221267e-002
8.816613e+003,-2.878083e-002
8.817096e+003,-1.704741e-002
8.817577e+003,-1.056781e-004
8.818060e+003,1.813285e-002
8.818541e+003,3.410202e-002
8.819023e+003,4.555671e-002
8.819506e+003,5.201871e-002
8.819988e+003,5.454374e-002
8.820470e+003,5.491838e-002
8.820952e+003,5.462102e-002
8.821435e+003,5.398081e-002
8.821916e+003,5.189490e-002
8.822398e+003,4.623859e-002
8.822881e+003,3.481665e-002
8.823363e+003,1.647448e-002
8.823845e+003,-8.085719e-003
8.824327e+003,-3.613213e-002
8.824809e+003,-6.347813e-002
8.825291e+003,-8.561645e-002
8.825773e+003,-9.902991e-002
8.826256e+003,-1.021608e-001
8.826737e+003,-9.570791e-002
8.827220e+003,-8.214716e-002
8.827702e+003,-6.468814e-002
8.828184e+003,-4.609865e-002
8.828666e+003,-2.787175e-002
8.829148e+003,-1.005724e-002
8.829631e+003,8.202653e-003
8.830112e+003,2.769258e-002
8.830595e+003,4.815158e-002
8.831076e+003,6.776688e-002
8.831559e+003,8.340266e-002
8.832041e+003,9.152053e-002
8.832523e+003,8.944561e-002
8.833005e+003,7.647176e-002
8.833487e+003,5.434824e-002
8.833970e+003,2.693314e-002
8.834451e+003,-8.724353e-004
8.834934e+003,-2.451479e-002
8.835416e+003,-4.099217e-002
8.835898e+003,-4.945331e-002
8.836380e+003,-5.102630e-002
8.836862e+003,-4.802207e-002
8.837345e+003,-4.288463e-002
8.837826e+003,-3.731599e-002
8.838309e+003,-3.187642e-002
8.838791e+003,-2.612476e-002
8.839273e+003,-1.913428e-002
8.839755e+003,-1.010267e-002
8.840237e+003,1.203233e-003
8.840719e+003,1.429581e-002
8.841201e+003,2.808600e-002
8.841684e+003,4.115931e-002
8.842166e+003,5.209067e-002
8.842647e+003,5.974069e-002
8.843130e+003,6.353363e-002
8.843612e+003,6.372103e-002
8.844094e+003,6.157522e-002
8.844576e+003,5.938408e-002
8.845059e+003,6.010123e-002
8.845541e+003,6.659957e-002
8.846022e+003,8.065875e-002
8.846505e+003,1.020141e-001
8.846986e+003,1.278826e-001
8.847469e+003,1.532868e-001
8.847951e+003,1.722212e-001
8.848434e+003,1.793487e-001
8.848915e+003,1.716479e-001
8.849397e+003,1.493890e-001
8.849880e+003,1.160489e-001
8.850361e+003,7.719192e-002
8.850844e+003,3.875759e-002
8.851326e+003,5.423998e-003
8.851809e+003,-2.036166e-002
8.852290e+003,-3.841911e-002
8.852772e+003,-5.009715e-002
8.853254e+003,-5.723501e-002
8.853736e+003,-6.135751e-002
8.854219e+003,-6.343082e-002
8.854701e+003,-6.415164e-002
8.855183e+003,-6.443670e-002
8.855665e+003,-6.568566e-002
8.856147e+003,-6.957659e-002
8.856629e+003,-7.731520e-002
8.857111e+003,-8.902757e-002
8.857594e+003,-1.033732e-001
8.858076e+003,-1.178580e-001
8.858558e+003,-1.297349e-001
8.859040e+003,-1.370762e-001
8.859522e+003,-1.394652e-001
8.860004e+003,-1.379126e-001
8.860486e+003,-1.339962e-001
8.860969e+003,-1.286464e-001
8.861451e+003,-1.212315e-001
8.861933e+003,-1.095029e-001
8.862415e+003,-9.055924e-002
8.862896e+003,-6.247035e-002
8.863379e+003,-2.582361e-002
8.863861e+003,1.559104e-002
8.864344e+003,5.541017e-002
8.864825e+003,8.652351e-002
8.865308e+003,1.034328e-001
8.865790e+003,1.042001e-001
8.866271e+003,9.117826e-002
8.866754e+003,7.020591e-002
8.867236e+003,4.858384e-002
8.867719e+003,3.263922e-002
8.868200e+003,2.582016e-002
8.868683e+003,2.800360e-002
8.869164e+003,3.617479e-002
8.869646e+003,4.608506e-002
8.870129e+003,5.414076e-002
8.870611e+003,5.875265e-002
8.871093e+003,6.066253e-002
8.871575e+003,6.222058e-002
8.872058e+003,6.600878e-002
8.872539e+003,7.343130e-002
8.873021e+003,8.385231e-002
8.873504e+003,9.460381e-002
8.873986e+003,1.018318e-001
8.874468e+003,1.018366e-001
8.874950e+003,9.240400e-002
8.875432e+003,7.365474e-002
8.875914e+003,4.813951e-002
8.876396e+003,2.018093e-002
8.876879e+003,-5.283619e-003
8.877360e+003,-2.396229e-002
8.877843e+003,-3.318016e-002
8.878325e+003,-3.230536e-002
8.878807e+003,-2.258362e-002
8.879289e+003,-6.540448e-003
8.879771e+003,1.276519e-002
8.880254e+003,3.235070e-002
8.880735e+003,4.961796e-002
8.881218e+003,6.237379e-002
8.881699e+003,6.873579e-002
8.882182e+003,6.714709e-002
8.882664e+003,5.664406e-002
8.883146e+003,3.733834e-002
8.883629e+003,1.088897e-002
8.884110e+003,-1.934866e-002
8.884593e+003,-4.873406e-002
8.885074e+003,-7.232349e-002
8.885557e+003,-8.615028e-002
8.886039e+003,-8.833649e-002
8.886521e+003,-7.957742e-002
8.887003e+003,-6.273454e-002
8.887485e+003,-4.184067e-002
8.887968e+003,-2.060145e-002
8.888449e+003,-1.327225e-003
8.888932e+003,1.546837e-002
8.889414e+003,3.065925e-002
8.889896e+003,4.554744e-002
8.890378e+003,6.085180e-002
8.890860e+003,7.613654e-002
8.891342e+003,8.992166e-002
8.891824e+003,1.003570e-001
8.892307e+003,1.060549e-001
8.892789e+003,1.066207e-001
8.893271e+003,1.026179e-001
8.893753e+003,9.504179e-002
8.894235e+003,8.466237e-002
8.894717e+003,7.167996e-002
8.895199e+003,5.595225e-002
8.895682e+003,3.770956e-002
8.896164e+003,1.834874e-002
8.896646e+003,7.775390e-004
8.897128e+003,-1.104781e-002
8.897609e+003,-1.335601e-002
8.898092e+003,-4.104770e-003
8.898574e+003,1.585744e-002
8.899057e+003,4.260605e-002
8.899538e+003,7.012406e-002
8.900021e+003,9.212755e-002
8.900503e+003,1.040201e-001
8.900984e+003,1.041958e-001
8.901467e+003,9.420100e-002
8.901949e+003,7.776460e-002
8.902432e+003,5.918894e-002
8.902913e+003,4.182442e-002
8.903396e+003,2.724175e-002
8.903877e+003,1.533308e-002
8.904359e+003,5.120826e-003
8.904842e+003,-4.246823e-003
8.905324e+003,-1.285073e-002
8.905807e+003,-1.998833e-002
8.906288e+003,-2.470429e-002
8.906771e+003,-2.648286e-002
8.907252e+003,-2.566171e-002
8.907734e+003,-2.331571e-002
8.908217e+003,-2.068128e-002
8.908699e+003,-1.846265e-002
8.909181e+003,-1.643259e-002
8.909663e+003,-1.357494e-002
8.910146e+003,-8.711705e-003
8.910627e+003,-1.278350e-003
8.911109e+003,8.183129e-003
8.911592e+003,1.810416e-002
8.912074e+003,2.653520e-002
8.912556e+003,3.204501e-002
8.913038e+003,3.441976e-002
8.913520e+003,3.479328e-002
8.914002e+003,3.512114e-002
8.914484e+003,3.724126e-002
8.914967e+003,4.197692e-002
8.915448e+003,4.872004e-002
8.915931e+003,5.569759e-002
8.916413e+003,6.078924e-002
8.916895e+003,6.250102e-002
8.917377e+003,6.063142e-002
8.917859e+003,5.629526e-002
8.918342e+003,5.140434e-002
8.918823e+003,4.768145e-002
8.919306e+003,4.584302e-002
8.919787e+003,4.524819e-002
8.920270e+003,4.419537e-002
8.920752e+003,4.072899e-002
8.921234e+003,3.359462e-002
8.921716e+003,2.292407e-002
8.922198e+003,1.035753e-002
8.922681e+003,-1.449752e-003
8.923162e+003,-9.740976e-003
8.923645e+003,-1.264215e-002
8.924127e+003,-9.858882e-003
8.924609e+003,-2.847482e-003
8.925091e+003,5.583914e-003
8.925573e+003,1.210207e-002
8.926055e+003,1.383657e-002
8.926537e+003,9.231841e-003
8.927020e+003,-1.479021e-003
8.927502e+003,-1.630419e-002
8.927984e+003,-3.201255e-002
8.928466e+003,-4.499814e-002
8.928948e+003,-5.225540e-002
8.929430e+003,-5.219546e-002
8.929912e+003,-4.507164e-002
8.930395e+003,-3.288494e-002
8.930877e+003,-1.879208e-002
8.931358e+003,-6.195301e-003
8.931841e+003,2.200891e-003
8.932323e+003,5.070874e-003
8.932805e+003,2.688062e-003
8.933287e+003,-3.346296e-003
8.933770e+003,-1.072099e-002
8.934252e+003,-1.712538e-002
8.934733e+003,-2.079660e-002
8.935216e+003,-2.075096e-002
8.935697e+003,-1.670576e-002
8.936180e+003,-8.836830e-003
8.936662e+003,2.428061e-003
8.937145e+003,1.643413e-002
8.937626e+003,3.213039e-002
8.938108e+003,4.783630e-002
8.938591e+003,6.115376e-002
8.939072e+003,6.920087e-002
8.939555e+003,6.921259e-002
8.940037e+003,5.937652e-002
8.940520e+003,3.963374e-002
8.941001e+003,1.213928e-002
8.941483e+003,-1.883455e-002
8.941965e+003,-4.759409e-002
8.942447e+003,-6.816820e-002
8.942930e+003,-7.561018e-002
8.943412e+003,-6.712747e-002
8.943894e+003,-4.276752e-002
8.944376e+003,-5.513735e-003
8.944858e+003,3.921244e-002
8.945340e+003,8.452531e-002
8.945822e+003,1.233294e-001
8.946305e+003,1.496229e-001
8.946787e+003,1.596116e-001
8.947269e+003,1.524182e-001
8.947751e+003,1.302247e-001
8.948232e+003,9.778830e-002
8.948715e+003,6.138902e-002
8.949197e+003,2.752267e-002
8.949680e+003,1.474548e-003
8.950162e+003,-1.367286e-002
8.950644e+003,-1.745916e-002
8.951126e+003,-1.179018e-002
8.951607e+003,-1.367996e-004
8.952090e+003,1.352043e-002
8.952572e+003,2.565556e-002
8.953055e+003,3.379910e-002
8.953536e+003,3.667513e-002
8.954019e+003,3.396249e-002
8.954501e+003,2.589930e-002
8.954982e+003,1.296470e-002
8.955465e+003,-4.223100e-003
8.955947e+003,-2.480223e-002
8.956430e+003,-4.749148e-002
8.956911e+003,-7.051731e-002
8.957394e+003,-9.175758e-002
8.957875e+003,-1.090934e-001
8.958357e+003,-1.208428e-001
8.958840e+003,-1.261000e-001
8.959322e+003,-1.248473e-001
8.959804e+003,-1.178164e-001
8.960286e+003,-1.061955e-001
8.960769e+003,-9.133529e-002
8.961250e+003,-7.457990e-002
8.961732e+003,-5.724803e-002
8.962215e+003,-4.068603e-002
8.962697e+003,-2.626229e-002
8.963179e+003,-1.520867e-002
8.963661e+003,-8.319055e-003
8.964143e+003,-5.628400e-003
8.964625e+003,-6.251622e-003
8.965107e+003,-8.521183e-003
8.965590e+003,-1.043513e-002
8.966071e+003,-1.027534e-002
8.966554e+003,-7.158061e-003
8.967036e+003,-1.288891e-003
8.967518e+003,6.185174e-003
8.968000e+003,1.366327e-002
8.968482e+003,1.971300e-002
8.968965e+003,2.357698e-002
8.969446e+003,2.538053e-002
8.969929e+003,2.599862e-002
8.970410e+003,2.668402e-002
8.970893e+003,2.863496e-002
8.971375e+003,3.266393e-002
8.971857e+003,3.904085e-002
8.972340e+003,4.748513e-002
8.972821e+003,5.723059e-002
8.973304e+003,6.710540e-002
8.973785e+003,7.563353e-002
8.974268e+003,8.121787e-002
8.974750e+003,8.246002e-002
8.975232e+003,7.859337e-002
8.975714e+003,6.990022e-002
8.976196e+003,5.790897e-002
8.976679e+003,4.519657e-002
8.977160e+003,3.475230e-002
8.977643e+003,2.905823e-002
8.978125e+003,2.920538e-002
8.978607e+003,3.441388e-002
8.979089e+003,4.220723e-002
8.979571e+003,4.927601e-002
8.980053e+003,5.255511e-002
8.980535e+003,5.050746e-002
8.981018e+003,4.367197e-002
8.981500e+003,3.447585e-002
8.981981e+003,2.630764e-002
8.982464e+003,2.219289e-002
8.982946e+003,2.357271e-002
8.983428e+003,2.964951e-002
8.983910e+003,3.754661e-002
8.984393e+003,4.322528e-002
8.984875e+003,4.283246e-002
8.985356e+003,3.401918e-002
8.985839e+003,1.680384e-002
8.986320e+003,-6.276200e-003
8.986803e+003,-3.075328e-002
8.987285e+003,-5.137433e-002
8.987768e+003,-6.347808e-002
8.988249e+003,-6.423410e-002
8.988731e+003,-5.341722e-002
8.989214e+003,-3.351252e-002
8.989695e+003,-9.112658e-003
8.990178e+003,1.424590e-002
8.990660e+003,3.150302e-002
8.991143e+003,3.936077e-002
8.991624e+003,3.706602e-002
8.992106e+003,2.646053e-002
8.992588e+003,1.129347e-002
8.993070e+003,-3.973673e-003
8.993553e+003,-1.547326e-002
8.994035e+003,-2.092214e-002
8.994518e+003,-1.999721e-002
8.994999e+003,-1.403814e-002
8.995481e+003,-5.283280e-003
8.995963e+003,3.989232e-003
8.996445e+003,1.205038e-002
8.996928e+003,1.785135e-002
8.997410e+003,2.076069e-002
8.997892e+003,2.016920e-002
8.998374e+003,1.527281e-002
8.998856e+003,5.222839e-003
8.999338e+003,-1.039158e-002
8.999820e+003,-3.097732e-002
9.000303e+003,-5.462379e-002
9.000785e+003,-7.828645e-002
9.001267e+003,-9.847728e-002
9.001749e+003,-1.122166e-001
9.002230e+003,-1.178517e-001
9.002713e+003,-1.153906e-001
9.003195e+003,-1.062110e-001
9.003678e+003,-9.228471e-002
9.004159e+003,-7.528105e-002
9.004642e+003,-5.595934e-002
9.005124e+003,-3.412251e-002
9.005605e+003,-9.136621e-003
9.006088e+003,1.924295e-002
9.006570e+003,5.014068e-002
9.007053e+003,8.128563e-002
9.007534e+003,1.093508e-001
9.008017e+003,1.307940e-001
9.008498e+003,1.428721e-001
9.008980e+003,1.444267e-001
9.009463e+003,1.361439e-001
9.009945e+003,1.202161e-001
9.010427e+003,9.959572e-002
9.010909e+003,7.702783e-002
9.011392e+003,5.445578e-002
9.011873e+003,3.279258e-002
9.012355e+003,1.219522e-002
9.012838e+003,-7.332869e-003
9.013320e+003,-2.529166e-002
9.013802e+003,-4.028597e-002
9.014284e+003,-5.008521e-002
9.014766e+003,-5.217737e-002
9.015248e+003,-4.466134e-002
9.015730e+003,-2.717360e-002
9.016213e+003,-1.492701e-003
9.016695e+003,2.846167e-002
9.017177e+003,5.733326e-002
9.017659e+003,7.959294e-002
9.018141e+003,9.100340e-002
9.018623e+003,8.982358e-002
9.019105e+003,7.735097e-002
9.019588e+003,5.760709e-002
9.020069e+003,3.625536e-002
9.020552e+003,1.909578e-002
9.021034e+003,1.060759e-002
9.021516e+003,1.296490e-002
9.021998e+003,2.575447e-002
9.022480e+003,4.637080e-002
9.022963e+003,7.085510e-002
9.023444e+003,9.486166e-002
9.023927e+003,1.144875e-001
9.024408e+003,1.268397e-001
9.024891e+003,1.303492e-001
9.025373e+003,1.249012e-001
9.025855e+003,1.118243e-001
9.026337e+003,9.370653e-002
9.026819e+003,7.396318e-002
9.027302e+003,5.613388e-002
9.027783e+003,4.301821e-002
9.028266e+003,3.591054e-002
9.028748e+003,3.425471e-002
9.029230e+003,3.593598e-002
9.029712e+003,3.817619e-002
9.030194e+003,3.870709e-002
9.030676e+003,3.671824e-002
9.031158e+003,3.312450e-002
9.031641e+003,2.997944e-002
9.032123e+003,2.926100e-002
9.032604e+003,3.158533e-002
9.033087e+003,3.549056e-002
9.033569e+003,3.771042e-002
9.034051e+003,3.441187e-002
9.034533e+003,2.290988e-002
9.035016e+003,3.115953e-003
9.035498e+003,-2.194312e-002
9.035979e+003,-4.681003e-002
9.036462e+003,-6.523501e-002
9.036943e+003,-7.210197e-002
9.037426e+003,-6.487574e-002
9.037908e+003,-4.405622e-002
9.038391e+003,-1.260085e-002
9.038872e+003,2.527329e-002
9.039354e+003,6.529018e-002
9.039837e+003,1.038168e-001
9.040318e+003,1.379132e-001
9.040801e+003,1.649645e-001
9.041283e+003,1.823330e-001
9.041766e+003,1.874961e-001
9.042247e+003,1.786322e-001
9.042729e+003,1.555544e-001
9.043212e+003,1.204391e-001
9.043693e+003,7.791609e-002
9.044176e+003,3.434153e-002
9.044658e+003,-3.571161e-003
9.045141e+003,-3.030241e-002
9.045622e+003,-4.273542e-002
9.046104e+003,-4.066194e-002
9.046586e+003,-2.652923e-002
9.047068e+003,-4.647918e-003
9.047551e+003,1.980056e-002
9.048033e+003,4.168868e-002
9.048515e+003,5.670323e-002
9.048997e+003,6.198226e-002
9.049479e+003,5.667267e-002
9.049961e+003,4.233458e-002
9.050443e+003,2.297212e-002
9.050926e+003,4.443203e-003
9.051408e+003,-6.840775e-003
9.051890e+003,-5.703171e-003
9.052372e+003,1.005786e-002
9.052854e+003,3.864488e-002
9.053336e+003,7.445779e-002
9.053818e+003,1.095877e-001
9.054301e+003,1.361634e-001
9.054782e+003,1.487280e-001
9.055265e+003,1.457761e-001
9.055747e+003,1.299025e-001
9.056229e+003,1.065712e-001
9.056711e+003,8.206012e-002
9.057193e+003,6.143458e-002
9.057676e+003,4.730767e-002
9.058157e+003,3.973764e-002
9.058640e+003,3.708426e-002
9.059121e+003,3.726577e-002
9.059604e+003,3.878352e-002
9.060086e+003,4.110928e-002
9.060568e+003,4.441752e-002
9.061050e+003,4.897587e-002
9.061532e+003,5.463110e-002
9.062015e+003,6.070032e-002
9.062496e+003,6.629895e-002
9.062979e+003,7.086958e-002
9.063461e+003,7.457099e-002
9.063943e+003,7.827956e-002
9.064425e+003,8.318691e-002
9.064907e+003,9.020276e-002
9.065390e+003,9.946846e-002
9.065871e+003,1.102137e-001
9.066354e+003,1.209923e-001
9.066836e+003,1.301426e-001
9.067318e+003,1.362314e-001
9.067800e+003,1.383047e-001
9.068282e+003,1.359171e-001
9.068764e+003,1.290544e-001
9.069246e+003,1.181008e-001
9.069729e+003,1.039232e-001
9.070211e+003,8.799778e-002
9.070692e+003,7.240831e-002
9.071175e+003,5.955721e-002
9.071657e+003,5.157998e-002
9.072139e+003,4.965255e-002
9.072621e+003,5.345611e-002
9.073104e+003,6.119244e-002
9.073586e+003,7.013009e-002
9.074067e+003,7.756639e-002
9.074550e+003,8.180454e-002
9.075031e+003,8.271801e-002
9.075514e+003,8.163951e-002
9.075996e+003,8.061609e-002
9.076479e+003,8.135966e-002
9.076960e+003,8.436211e-002
9.077442e+003,8.856139e-002
9.077925e+003,9.169461e-002
9.078406e+003,9.116990e-002
9.078889e+003,8.508054e-002
9.079371e+003,7.295247e-002
9.079854e+003,5.596128e-002
9.080335e+003,3.659179e-002
9.080817e+003,1.792576e-002
9.081299e+003,2.838654e-003
9.081781e+003,-6.654304e-003
9.082264e+003,-9.785219e-003
9.082746e+003,-7.155607e-003
9.083228e+003,-6.447163e-004
9.083710e+003,6.866679e-003
9.084192e+003,1.197236e-002
9.084674e+003,1.142923e-002
9.085156e+003,2.995441e-003
9.085639e+003,-1.377080e-002
9.086121e+003,-3.703145e-002
9.086603e+003,-6.276973e-002
9.087085e+003,-8.557670e-002
9.087566e+003,-9.998363e-002
9.088049e+003,-1.019646e-001
9.088531e+003,-9.012490e-002
9.089014e+003,-6.615914e-002
9.089496e+003,-3.440777e-002
9.089978e+003,-6.589420e-004
9.090460e+003,2.938826e-002
9.090941e+003,5.147916e-002
9.091424e+003,6.355980e-002
9.091906e+003,6.577212e-002
9.092389e+003,5.981966e-002
9.092870e+003,4.804053e-002
9.093353e+003,3.256901e-002
9.093835e+003,1.485065e-002
9.094316e+003,-4.419921e-003
9.094799e+003,-2.505418e-002
9.095281e+003,-4.702545e-002
9.095764e+003,-7.021205e-002
9.096245e+003,-9.431228e-002
9.096728e+003,-1.188977e-001
9.097209e+003,-1.434963e-001
9.097691e+003,-1.675984e-001
9.098174e+003,-1.905440e-001
9.098656e+003,-2.113381e-001
9.099139e+003,-2.285038e-001
9.099620e+003,-2.400971e-001
9.100102e+003,-2.439529e-001
9.100584e+003,-2.381490e-001
9.101066e+003,-2.215850e-001
9.101549e+003,-1.945061e-001
9.102031e+003,-1.588056e-001
9.102513e+003,-1.179792e-001
9.102995e+003,-7.670241e-002
9.103477e+003,-4.009344e-002
9.103959e+003,-1.283631e-002
9.104441e+003,1.647426e-003
9.104924e+003,1.777437e-003
9.105406e+003,-1.197661e-002
9.105888e+003,-3.727326e-002
9.106370e+003,-7.037604e-002
9.106852e+003,-1.067800e-001
9.107334e+003,-1.418416e-001
9.107816e+003,-1.713194e-001
9.108299e+003,-1.918051e-001
9.108780e+003,-2.010667e-001
9.109263e+003,-1.983128e-001
9.109744e+003,-1.843445e-001
9.110227e+003,-1.615005e-001
9.110709e+003,-1.333058e-001
9.111191e+003,-1.037967e-001
9.111674e+003,-7.662775e-002
9.112155e+003,-5.419776e-002
9.112638e+003,-3.709457e-002
9.113119e+003,-2.409445e-002
9.113602e+003,-1.276677e-002
9.114084e+003,-4.927412e-004
9.114566e+003,1.448011e-002
9.115049e+003,3.236050e-002
9.115530e+003,5.177999e-002
9.116012e+003,7.040074e-002
9.116494e+003,8.588567e-002
9.116977e+003,9.679849e-002
9.117459e+003,1.030425e-001
9.117941e+003,1.056673e-001
9.118423e+003,1.061673e-001
9.118905e+003,1.056266e-001
9.119387e+003,1.041188e-001
9.119869e+003,1.006371e-001
9.120352e+003,9.356836e-002
9.120834e+003,8.147774e-002
9.121316e+003,6.384029e-002
9.121798e+003,4.140240e-002
9.122279e+003,1.604300e-002
9.122762e+003,-9.765048e-003
9.123244e+003,-3.363580e-002
9.123727e+003,-5.381467e-002
9.124209e+003,-6.941981e-002
9.124690e+003,-8.037656e-002
9.125173e+003,-8.717031e-002
9.125654e+003,-9.057103e-002
9.126137e+003,-9.142473e-002
9.126619e+003,-9.051461e-002
9.127102e+003,-8.843798e-002
9.127584e+003,-8.546332e-002
9.128065e+003,-8.140323e-002
9.128547e+003,-7.560329e-002
9.129029e+003,-6.714769e-002
9.129512e+003,-5.529011e-002
9.129994e+003,-3.998405e-002
9.130477e+003,-2.227727e-002
9.130958e+003,-4.336076e-003
9.131440e+003,1.100357e-002
9.131922e+003,2.105068e-002
9.132404e+003,2.414116e-002
9.132887e+003,2.022577e-002
9.133369e+003,1.090743e-002
9.133852e+003,-1.086743e-003
9.134333e+003,-1.281525e-002
9.134815e+003,-2.197372e-002
9.135297e+003,-2.741047e-002
9.135779e+003,-2.911401e-002
9.136262e+003,-2.776476e-002
9.136744e+003,-2.412943e-002
9.137227e+003,-1.861792e-002
9.137708e+003,-1.119996e-002
9.138189e+003,-1.668938e-003
9.138672e+003,9.940656e-003
9.139154e+003,2.303629e-002
9.139637e+003,3.642257e-002
9.140119e+003,4.853556e-002
9.140601e+003,5.781308e-002
9.141083e+003,6.300467e-002
9.141564e+003,6.329635e-002
9.142047e+003,5.826626e-002
9.142529e+003,4.780541e-002
9.143012e+003,3.215354e-002
9.143494e+003,1.209787e-002
9.143976e+003,-1.077461e-002
9.144457e+003,-3.398875e-002
9.144939e+003,-5.445234e-002
9.145422e+003,-6.912038e-002
9.145904e+003,-7.586104e-002
9.146387e+003,-7.417008e-002
9.146868e+003,-6.538583e-002
9.147351e+003,-5.224415e-002
9.147832e+003,-3.790518e-002
9.148314e+003,-2.483826e-002
9.148797e+003,-1.404370e-002
9.149279e+003,-4.956292e-003
9.149762e+003,3.928524e-003
9.150243e+003,1.400558e-002
9.150725e+003,2.559420e-002
9.151207e+003,3.753083e-002
9.151689e+003,4.753678e-002
9.152172e+003,5.321463e-002
9.152654e+003,5.322745e-002
9.153136e+003,4.812056e-002
9.153618e+003,4.039403e-002
9.154100e+003,3.376048e-002
9.154582e+003,3.187506e-002
9.155064e+003,3.704324e-002
9.155547e+003,4.940603e-002
9.156029e+003,6.688676e-002
9.156511e+003,8.587089e-002
9.156993e+003,1.023214e-001
9.157475e+003,1.129140e-001
9.157957e+003,1.158345e-001
9.158439e+003,1.110609e-001
9.158922e+003,1.001553e-001
9.159404e+003,8.573937e-002
9.159886e+003,7.086322e-002
9.160367e+003,5.843437e-002
9.160850e+003,5.078666e-002
9.161332e+003,4.939680e-002
9.161814e+003,5.473093e-002
9.162297e+003,6.621121e-002
9.162778e+003,8.231342e-002
9.163261e+003,1.008065e-001
9.163742e+003,1.191142e-001
9.164225e+003,1.347340e-001
9.164707e+003,1.455998e-001
9.165189e+003,1.503742e-001
9.165672e+003,1.484637e-001
9.166153e+003,1.399431e-001
9.166635e+003,1.253862e-001
9.167117e+003,1.057130e-001
9.167600e+003,8.211451e-002
9.168082e+003,5.606196e-002
9.168564e+003,2.934459e-002
9.169046e+003,4.057289e-003
9.169528e+003,-1.752974e-002
9.170010e+003,-3.323713e-002
9.170492e+003,-4.133541e-002
9.170975e+003,-4.090796e-002
9.171457e+003,-3.210752e-002
9.171939e+003,-1.621370e-002
9.172421e+003,4.556773e-003
9.172902e+003,2.746677e-002
9.173385e+003,4.981359e-002
9.173867e+003,6.947960e-002
9.174350e+003,8.532701e-002
9.174832e+003,9.731970e-002
9.175313e+003,1.063386e-001
9.175796e+003,1.137547e-001
9.176277e+003,1.209062e-001
9.176760e+003,1.286597e-001
9.177242e+003,1.372008e-001
9.177725e+003,1.461093e-001
9.178207e+003,1.546546e-001
9.178688e+003,1.621622e-001
9.179171e+003,1.682742e-001
9.179652e+003,1.729913e-001
9.180135e+003,1.764934e-001
9.180617e+003,1.788521e-001
9.181100e+003,1.798050e-001
9.181582e+003,1.787334e-001
9.182063e+003,1.748735e-001
9.182545e+003,1.676638e-001
9.183027e+003,1.570486e-001
9.183510e+003,1.435676e-001
9.183992e+003,1.281662e-001
9.184475e+003,1.118085e-001
9.184956e+003,9.508730e-002
9.185438e+003,7.804335e-002
9.185920e+003,6.031548e-002
9.186402e+003,4.157482e-002
9.186885e+003,2.204454e-002
9.187367e+003,2.841883e-003
9.187850e+003,-1.405454e-002
9.188331e+003,-2.624214e-002
9.188813e+003,-3.158173e-002
9.189295e+003,-2.886455e-002
9.189777e+003,-1.819668e-002
9.190260e+003,-9.596649e-004
9.190742e+003,2.061403e-002
9.191224e+003,4.406079e-002
9.191706e+003,6.725324e-002
9.192188e+003,8.872690e-002
9.192670e+003,1.077145e-001
9.193152e+003,1.239736e-001
9.193635e+003,1.375588e-001
9.194117e+003,1.486581e-001
9.194599e+003,1.575187e-001
9.195080e+003,1.643977e-001
9.195563e+003,1.694400e-001
9.196045e+003,1.724804e-001
9.196527e+003,1.727847e-001
9.197010e+003,1.689415e-001
9.197491e+003,1.590403e-001
9.197974e+003,1.411950e-001
9.198455e+003,1.142995e-001
9.198938e+003,7.875051e-002
9.199420e+003,3.681806e-002
9.199902e+003,-7.557495e-003
9.200385e+003,-4.955588e-002
9.200866e+003,-8.462362e-002
9.201349e+003,-1.095919e-001
9.201830e+003,-1.233787e-001
9.202313e+003,-1.270459e-001
9.202795e+003,-1.232203e-001
9.203277e+003,-1.151167e-001
9.203760e+003,-1.055218e-001
9.204241e+003,-9.608552e-002
9.204723e+003,-8.711646e-002
9.205205e+003,-7.787587e-002
9.205688e+003,-6.718405e-002
9.206170e+003,-5.407298e-002
9.206652e+003,-3.825621e-002
9.207134e+003,-2.030076e-002
9.207616e+003,-1.517470e-003
9.208098e+003,1.632694e-002
9.208580e+003,3.135046e-002
9.209063e+003,4.185753e-002
9.209545e+003,4.656877e-002
9.210027e+003,4.479183e-002
9.210509e+003,3.655906e-002
9.210990e+003,2.273723e-002
9.211473e+003,5.078501e-003
9.211955e+003,-1.384189e-002
9.212438e+003,-3.085401e-002
9.212920e+003,-4.260335e-002
9.213401e+003,-4.610385e-002
9.213884e+003,-3.933785e-002
9.214365e+003,-2.176964e-002
9.214848e+003,5.367218e-003
9.215330e+003,3.911284e-002
9.215813e+003,7.519300e-002
9.216295e+003,1.087478e-001
9.216776e+003,1.352437e-001
9.217258e+003,1.513774e-001
9.217740e+003,1.557680e-001
9.218223e+003,1.492748e-001
9.218705e+003,1.348499e-001
9.219188e+003,1.169383e-001
9.219669e+003,1.005386e-001
9.220151e+003,9.012006e-002
9.220633e+003,8.863795e-002
9.221115e+003,9.687638e-002
9.221598e+003,1.132832e-001
9.222080e+003,1.343512e-001
9.222563e+003,1.554708e-001
9.223044e+003,1.720655e-001
9.223526e+003,1.807318e-001
9.224008e+003,1.800889e-001
9.224490e+003,1.710869e-001
9.224973e+003,1.566605e-001
9.225455e+003,1.407991e-001
9.225937e+003,1.272959e-001
9.226419e+003,1.185819e-001
9.226900e+003,1.149670e-001
9.227383e+003,1.146520e-001
9.227865e+003,1.144473e-001
9.228348e+003,1.109870e-001
9.228830e+003,1.019934e-001
9.229312e+003,8.711949e-002
9.229794e+003,6.804737e-002
9.230275e+003,4.781635e-002
9.230758e+003,2.966660e-002
9.231240e+003,1.588016e-002
9.231723e+003,7.088847e-003
9.232205e+003,2.305307e-003
9.232687e+003,-3.858610e-004
9.233168e+003,-2.819317e-003
9.233650e+003,-5.885500e-003
9.234133e+003,-9.182597e-003
9.234615e+003,-1.129633e-002
9.235098e+003,-1.052205e-002
9.235579e+003,-5.652241e-003
9.236062e+003,3.536495e-003
9.236543e+003,1.626787e-002
9.237025e+003,3.112335e-002
9.237508e+003,4.648568e-002
9.237990e+003,6.077576e-002
9.238473e+003,7.236774e-002
9.238954e+003,7.932192e-002
9.239436e+003,7.925595e-002
9.239918e+003,6.965654e-002
9.240400e+003,4.870514e-002
9.240883e+003,1.635421e-002
9.241365e+003,-2.486568e-002
9.241847e+003,-6.983824e-002
9.242329e+003,-1.119004e-001
9.242811e+003,-1.447023e-001
9.243293e+003,-1.642244e-001
9.243775e+003,-1.701130e-001
9.244258e+003,-1.657028e-001
9.244740e+003,-1.566243e-001
9.245222e+003,-1.485135e-001
9.245704e+003,-1.447697e-001
9.246186e+003,-1.453193e-001
9.246668e+003,-1.469276e-001
9.247150e+003,-1.449184e-001
9.247633e+003,-1.355357e-001
9.248114e+003,-1.178820e-001
9.248597e+003,-9.455748e-002
9.249078e+003,-7.071247e-002
9.249561e+003,-5.195473e-002
9.250043e+003,-4.207063e-002
9.250525e+003,-4.158920e-002
9.251008e+003,-4.780818e-002
9.251489e+003,-5.621729e-002
9.251972e+003,-6.262105e-002
9.252453e+003,-6.497179e-002
9.252936e+003,-6.409559e-002
9.253418e+003,-6.303453e-002
9.253900e+003,-6.537715e-002
9.254383e+003,-7.339346e-002
9.254864e+003,-8.683570e-002
9.255346e+003,-1.029109e-001
9.255828e+003,-1.173635e-001
9.256311e+003,-1.261148e-001
9.256793e+003,-1.267034e-001
9.257275e+003,-1.189745e-001
9.257757e+003,-1.047418e-001
9.258239e+003,-8.689728e-002
9.258721e+003,-6.838173e-002
9.259203e+003,-5.154271e-002
9.259686e+003,-3.805848e-002
9.260168e+003,-2.925681e-002
9.260650e+003,-2.643096e-002
9.261132e+003,-3.078919e-002
9.261613e+003,-4.292989e-002
9.262096e+003,-6.207050e-002
9.262578e+003,-8.547976e-002
9.263061e+003,-1.085454e-001
9.263543e+003,-1.256490e-001
9.264024e+003,-1.316448e-001
9.264507e+003,-1.234300e-001
9.264988e+003,-1.009990e-001
9.265471e+003,-6.755717e-002
9.265953e+003,-2.863886e-002
9.266436e+003,9.437177e-003
9.266918e+003,4.121192e-002
9.267399e+003,6.328990e-002
9.267882e+003,7.479422e-002
9.268363e+003,7.707818e-002
9.268846e+003,7.294659e-002
9.269328e+003,6.573524e-002
9.269811e+003,5.853252e-002
9.270292e+003,5.367487e-002
9.270774e+003,5.249869e-002
9.271256e+003,5.526220e-002
9.271738e+003,6.117476e-002
9.272221e+003,6.854096e-002
9.272703e+003,7.507297e-002
9.273186e+003,7.839739e-002
9.273667e+003,7.668815e-002
9.274149e+003,6.925029e-002
9.274631e+003,5.683537e-002
9.275113e+003,4.153166e-002
9.275596e+003,2.622993e-002
9.276078e+003,1.384542e-002
9.276561e+003,6.586073e-003
9.277042e+003,5.532414e-003
9.277523e+003,1.064466e-002
9.278006e+003,2.110843e-002
9.278488e+003,3.578142e-002
9.278971e+003,5.348127e-002
9.279453e+003,7.297691e-002
9.279935e+003,9.274192e-002
9.280417e+003,1.106993e-001
9.280898e+003,1.242332e-001
9.281381e+003,1.306309e-001
9.281863e+003,1.278971e-001
9.282346e+003,1.156586e-001
9.282828e+003,9.576183e-002
9.283310e+003,7.222621e-002
9.283791e+003,5.043709e-002
9.284273e+003,3.575578e-002
9.284756e+003,3.196860e-002
9.285238e+003,4.008961e-002
9.285721e+003,5.793159e-002
9.286202e+003,8.060772e-002
9.286685e+003,1.018232e-001
9.287166e+003,1.155698e-001
9.287648e+003,1.177242e-001
9.288131e+003,1.071060e-001
9.288613e+003,8.563563e-002
9.289096e+003,5.792765e-002
9.289577e+003,2.993139e-002
9.290060e+003,7.364296e-003
9.290541e+003,-5.746056e-003
9.291023e+003,-8.046380e-003
9.291506e+003,-1.128011e-003
9.291988e+003,1.098496e-002
9.292470e+003,2.299811e-002
9.292952e+003,2.985044e-002
9.293434e+003,2.814053e-002
9.293916e+003,1.706458e-002
9.294398e+003,-1.412174e-003
9.294881e+003,-2.320116e-002
9.295363e+003,-4.335057e-002
9.295845e+003,-5.751970e-002
9.296327e+003,-6.319781e-002
9.296809e+003,-6.028658e-002
9.297291e+003,-5.089189e-002
9.297773e+003,-3.845180e-002
9.298256e+003,-2.655224e-002
9.298738e+003,-1.786387e-002
9.299220e+003,-1.354553e-002
9.299701e+003,-1.324789e-002
9.300184e+003,-1.561502e-002
9.300666e+003,-1.901207e-002
9.301148e+003,-2.217151e-002
9.301631e+003,-2.453889e-002
9.302112e+003,-2.626032e-002
9.302595e+003,-2.790440e-002
9.303076e+003,-3.008919e-002
9.303559e+003,-3.317046e-002
9.304041e+003,-3.707097e-002
9.304523e+003,-4.124649e-002
9.305006e+003,-4.474017e-002
9.305487e+003,-4.629003e-002
9.305969e+003,-4.449489e-002
9.306451e+003,-3.807473e-002
9.306934e+003,-2.623926e-002
9.307416e+003,-9.108344e-003
9.307898e+003,1.195456e-002
9.308380e+003,3.427169e-002
9.308862e+003,5.417307e-002
9.309344e+003,6.771260e-002
9.309826e+003,7.161960e-002
9.310309e+003,6.420790e-002
9.310791e+003,4.593987e-002
9.311273e+003,1.943925e-002
9.311755e+003,-1.107342e-002
9.312237e+003,-4.075218e-002
9.312719e+003,-6.520498e-002
9.313201e+003,-8.137563e-002
9.313684e+003,-8.802837e-002
9.314166e+003,-8.579157e-002
9.314647e+003,-7.684381e-002
9.315130e+003,-6.438119e-002
9.315611e+003,-5.198660e-002
9.316094e+003,-4.297952e-002
9.316576e+003,-3.979611e-002
9.317059e+003,-4.346752e-002
9.317541e+003,-5.330446e-002
9.318022e+003,-6.692280e-002
9.318505e+003,-8.070713e-002
9.318986e+003,-9.068553e-002
9.319469e+003,-9.367944e-002
9.319951e+003,-8.827872e-002
9.320434e+003,-7.540304e-002
9.320916e+003,-5.808917e-002
9.321397e+003,-4.052545e-002
9.321879e+003,-2.662713e-002
9.322361e+003,-1.865385e-002
9.322844e+003,-1.638607e-002
9.323326e+003,-1.718736e-002
9.323809e+003,-1.695103e-002
9.324290e+003,-1.159119e-002
9.324772e+003,1.470997e-003
9.325254e+003,2.236845e-002
9.325736e+003,4.871764e-002
9.326219e+003,7.639801e-002
9.326701e+003,1.008546e-001
9.327184e+003,1.184355e-001
9.327665e+003,1.273129e-001
9.328146e+003,1.277336e-001
9.328629e+003,1.216048e-001
9.329111e+003,1.116510e-001
9.329594e+003,1.004814e-001
9.330076e+003,8.987858e-002
9.330558e+003,8.048654e-002
9.331040e+003,7.191000e-002
9.331521e+003,6.311290e-002
9.332004e+003,5.294161e-002
9.332486e+003,4.060730e-002
9.332969e+003,2.600588e-002
9.333451e+003,9.813856e-003
9.333933e+003,-6.644492e-003
9.334414e+003,-2.170914e-002
9.334896e+003,-3.378193e-002
9.335379e+003,-4.168529e-002
9.335861e+003,-4.486319e-002
9.336344e+003,-4.335426e-002
9.336825e+003,-3.755537e-002
9.337308e+003,-2.789350e-002
9.337789e+003,-1.458148e-002
9.338271e+003,2.386302e-003
9.338754e+003,2.295114e-002
9.339236e+003,4.652554e-002
9.339719e+003,7.158002e-002
9.340200e+003,9.554291e-002
9.340683e+003,1.151735e-001
9.341164e+003,1.273713e-001
9.341646e+003,1.301695e-001
9.342129e+003,1.235358e-001
9.342611e+003,1.096305e-001
9.343094e+003,9.236135e-002
9.343575e+003,7.634867e-002
9.344057e+003,6.564902e-002
9.344539e+003,6.268410e-002
9.345021e+003,6.772500e-002
9.345504e+003,7.904673e-002
9.345986e+003,9.360604e-002
9.346468e+003,1.079222e-001
9.346950e+003,1.188315e-001
9.347432e+003,1.239205e-001
9.347914e+003,1.216450e-001
9.348396e+003,1.112901e-001
9.348879e+003,9.295919e-002
9.349361e+003,6.767228e-002
9.349843e+003,3.745450e-002
9.350324e+003,5.543272e-003
9.350807e+003,-2.429368e-002
9.351289e+003,-4.844366e-002
9.351771e+003,-6.444583e-002
9.352254e+003,-7.184266e-002
9.352735e+003,-7.250573e-002
9.353218e+003,-7.020852e-002
9.353699e+003,-6.949916e-002
9.354182e+003,-7.421897e-002
9.354664e+003,-8.618657e-002
9.355146e+003,-1.045345e-001
9.355629e+003,-1.259530e-001
9.356110e+003,-1.457570e-001
9.356592e+003,-1.593913e-001
9.357074e+003,-1.638488e-001
9.357557e+003,-1.585355e-001
9.358039e+003,-1.453366e-001
9.358521e+003,-1.279269e-001
9.359003e+003,-1.106085e-001
9.359485e+003,-9.708771e-002
9.359967e+003,-8.957162e-002
9.360449e+003,-8.842087e-002
9.360932e+003,-9.239058e-002
9.361414e+003,-9.930798e-002
9.361896e+003,-1.069264e-001
9.362378e+003,-1.136744e-001
9.362860e+003,-1.190783e-001
9.363342e+003,-1.237466e-001
9.363824e+003,-1.289371e-001
9.364307e+003,-1.358552e-001
9.364789e+003,-1.449211e-001
9.365271e+003,-1.552704e-001
9.365753e+003,-1.646923e-001
9.366234e+003,-1.700785e-001
9.366717e+003,-1.682784e-001
9.367199e+003,-1.570999e-001
9.367682e+003,-1.361269e-001
9.368164e+003,-1.070597e-001
9.368646e+003,-7.344750e-002
9.369128e+003,-3.987719e-002
9.369609e+003,-1.087749e-002
9.370092e+003,1.011767e-002
9.370574e+003,2.143224e-002
9.371057e+003,2.327118e-002
9.371539e+003,1.733234e-002
9.372021e+003,6.103858e-003
9.372502e+003,-7.883564e-003
9.372984e+003,-2.261510e-002
9.373467e+003,-3.684267e-002
9.373949e+003,-5.004155e-002
9.374432e+003,-6.217572e-002
9.374913e+003,-7.340087e-002
9.375396e+003,-8.380146e-002
9.375877e+003,-9.320889e-002
9.376359e+003,-1.011116e-001
9.376842e+003,-1.066599e-001
9.377324e+003,-1.087780e-001
9.377807e+003,-1.063917e-001
9.378288e+003,-9.875387e-002
9.378770e+003,-8.579433e-002
9.379252e+003,-6.837517e-002
9.379734e+003,-4.832337e-002
9.380217e+003,-2.816857e-002
9.380699e+003,-1.056385e-002
9.381181e+003,2.000630e-003
9.381663e+003,8.227016e-003
9.382145e+003,8.108288e-003
9.382627e+003,2.827322e-003
9.383109e+003,-5.657426e-003
9.383592e+003,-1.516305e-002
9.384074e+003,-2.376204e-002
9.384556e+003,-3.004520e-002
9.385038e+003,-3.314965e-002
9.385520e+003,-3.265341e-002
9.386002e+003,-2.849266e-002
9.386484e+003,-2.101137e-002
9.386967e+003,-1.113514e-002
9.387449e+003,-5.334160e-004
9.387931e+003,8.421057e-003
9.388412e+003,1.303198e-002
9.388895e+003,1.097952e-002
9.389377e+003,1.139445e-003
9.389859e+003,-1.579734e-002
9.390342e+003,-3.720187e-002
9.390823e+003,-5.901071e-002
9.391306e+003,-7.673900e-002
9.391787e+003,-8.667245e-002
9.392270e+003,-8.682460e-002
9.392752e+003,-7.733525e-002
9.393234e+003,-6.020731e-002
9.393717e+003,-3.853924e-002
9.394198e+003,-1.559267e-002
9.394680e+003,5.939441e-003
9.395162e+003,2.423182e-002
9.395645e+003,3.818790e-002
9.396127e+003,4.706121e-002
9.396609e+003,5.012634e-002
9.397091e+003,4.662617e-002
9.397573e+003,3.605216e-002
9.398055e+003,1.861983e-002
9.398537e+003,-4.316139e-003
9.399020e+003,-3.015507e-002
9.399502e+003,-5.537438e-002
9.399984e+003,-7.622997e-002
9.400466e+003,-8.962786e-002
9.400947e+003,-9.390049e-002
9.401430e+003,-8.925315e-002
9.401912e+003,-7.775534e-002
9.402395e+003,-6.288306e-002
9.402877e+003,-4.872891e-002
9.403358e+003,-3.906114e-002
9.403841e+003,-3.642997e-002
9.404322e+003,-4.150574e-002
9.404805e+003,-5.280482e-002
9.405287e+003,-6.690872e-002
9.405770e+003,-7.919727e-002
9.406252e+003,-8.498946e-002
9.406733e+003,-8.083950e-002
9.407216e+003,-6.562857e-002
9.407697e+003,-4.108762e-002
9.408180e+003,-1.152109e-002
9.408662e+003,1.725530e-002
9.409145e+003,3.947300e-002
9.409627e+003,5.098069e-002
9.410108e+003,5.031395e-002
9.410590e+003,3.891847e-002
9.411072e+003,2.048293e-002
9.411555e+003,-6.486977e-004
9.412037e+003,-1.984504e-002
9.412520e+003,-3.439525e-002
9.413001e+003,-4.340585e-002
9.413483e+003,-4.741209e-002
9.413965e+003,-4.758757e-002
9.414447e+003,-4.496498e-002
9.414930e+003,-4.000539e-002
9.415412e+003,-3.263921e-002
9.415895e+003,-2.266086e-002
9.416376e+003,-1.020783e-002
9.416857e+003,3.948128e-003
9.417340e+003,1.844084e-002
9.417822e+003,3.163953e-002
9.418305e+003,4.208945e-002
9.418787e+003,4.885173e-002
9.419269e+003,5.161405e-002
9.419751e+003,5.058080e-002
9.420232e+003,4.626254e-002
9.420715e+003,3.931058e-002
9.421197e+003,3.047827e-002
9.421680e+003,2.068500e-002
9.422162e+003,1.107837e-002
9.422644e+003,2.985595e-003
9.423125e+003,-2.287718e-003
9.423607e+003,-3.751057e-003
9.424090e+003,-9.848595e-004
9.424572e+003,5.767883e-003
9.425055e+003,1.572332e-002
9.425536e+003,2.782959e-002
9.426019e+003,4.104768e-002
9.426500e+003,5.449197e-002
9.426982e+003,6.735695e-002
9.427465e+003,7.867643e-002
9.427947e+003,8.706281e-002
9.428430e+003,9.061038e-002
9.428911e+003,8.709546e-002
9.429394e+003,7.449236e-002
9.429875e+003,5.169166e-002
9.430357e+003,1.920990e-002
9.430840e+003,-2.035129e-002
9.431322e+003,-6.230009e-002
9.431805e+003,-1.004089e-001
9.432286e+003,-1.279981e-001
9.432768e+003,-1.393671e-001
9.433250e+003,-1.312551e-001
9.433732e+003,-1.039269e-001
9.434215e+003,-6.150557e-002
9.434697e+003,-1.132519e-002
9.435179e+003,3.765494e-002
9.435661e+003,7.701626e-002
9.436143e+003,1.010193e-001
9.436625e+003,1.080349e-001
9.437107e+003,1.007605e-001
9.437590e+003,8.510613e-002
9.438072e+003,6.811292e-002
9.438554e+003,5.564448e-002
9.439035e+003,5.068772e-002
9.439518e+003,5.285935e-002
9.440000e+003,5.921966e-002
9.440482e+003,6.595998e-002
9.440965e+003,7.018893e-002
9.441446e+003,7.104494e-002
9.441929e+003,6.970560e-002
9.442410e+003,6.848048e-002
9.442893e+003,6.907953e-002
9.443375e+003,7.168974e-002
9.443857e+003,7.461178e-002
9.444340e+003,7.494719e-002
9.444821e+003,6.992839e-002
9.445303e+003,5.824428e-002
9.445785e+003,4.074246e-002
9.446268e+003,2.021332e-002
9.446750e+003,4.102538e-004
9.447232e+003,-1.520161e-002
9.447714e+003,-2.440060e-002
9.448196e+003,-2.650938e-002
9.448678e+003,-2.204483e-002
9.449160e+003,-1.204119e-002
9.449643e+003,2.520100e-003
9.450125e+003,2.087530e-002
9.450607e+003,4.223316e-002
9.451089e+003,6.537785e-002
9.451571e+003,8.847026e-002
9.452053e+003,1.092635e-001
9.452535e+003,1.256813e-001
9.453018e+003,1.364647e-001
9.453500e+003,1.415284e-001
9.453981e+003,1.418163e-001
9.454464e+003,1.387289e-001
9.454945e+003,1.334460e-001
9.455428e+003,1.265322e-001
9.455910e+003,1.180535e-001
9.456393e+003,1.081215e-001
9.456875e+003,9.751262e-002
9.457356e+003,8.792383e-002
9.457839e+003,8.160213e-002
9.458320e+003,8.043130e-002
9.458803e+003,8.489268e-002
9.459285e+003,9.345224e-002
9.459768e+003,1.027697e-001
9.460250e+003,1.087453e-001
9.460731e+003,1.080013e-001
9.461213e+003,9.916340e-002
9.461695e+003,8.338448e-002
9.462178e+003,6.390157e-002
9.462660e+003,4.485366e-002
9.463143e+003,2.990095e-002
9.463624e+003,2.122010e-002
9.464106e+003,1.921308e-002
9.464588e+003,2.288948e-002
9.465070e+003,3.056915e-002
9.465553e+003,4.046133e-002
9.466035e+003,5.084695e-002
9.466518e+003,5.990510e-002
9.466999e+003,6.549586e-002
9.467480e+003,6.526823e-002
9.467963e+003,5.726798e-002
9.468445e+003,4.087842e-002
9.468928e+003,1.763736e-002
9.469410e+003,-8.585911e-003
9.469892e+003,-3.233800e-002
9.470374e+003,-4.812034e-002
9.470855e+003,-5.218405e-002
9.471338e+003,-4.386453e-002
9.471820e+003,-2.587885e-002
9.472303e+003,-3.417851e-003
9.472785e+003,1.763220e-002
9.473267e+003,3.261651e-002
9.473749e+003,3.951304e-002
9.474230e+003,3.912905e-002
9.474713e+003,3.427012e-002
9.475195e+003,2.824850e-002
9.475678e+003,2.344065e-002
9.476159e+003,2.050240e-002
9.476642e+003,1.850896e-002
9.477123e+003,1.585733e-002
9.477605e+003,1.144591e-002
9.478088e+003,5.555553e-003
9.478570e+003,1.967128e-005
9.479053e+003,-2.405738e-003
9.479534e+003,7.787910e-004
9.480017e+003,1.055888e-002
9.480498e+003,2.557325e-002
9.480980e+003,4.205541e-002
9.481463e+003,5.463195e-002
9.481945e+003,5.777013e-002
9.482428e+003,4.744706e-002
9.482909e+003,2.252640e-002
9.483391e+003,-1.460564e-002
9.483873e+003,-5.839035e-002
9.484355e+003,-1.013903e-001
9.484838e+003,-1.361882e-001
9.485320e+003,-1.573310e-001
9.485802e+003,-1.627073e-001
9.486284e+003,-1.538920e-001
9.486766e+003,-1.353306e-001
9.487248e+003,-1.126362e-001
9.487730e+003,-9.060127e-002
9.488213e+003,-7.165036e-002
9.488695e+003,-5.530338e-002
9.489177e+003,-3.885203e-002
9.489658e+003,-1.898015e-002
9.490141e+003,6.320356e-003
9.490623e+003,3.632189e-002
9.491105e+003,6.722267e-002
9.491588e+003,9.306728e-002
9.492069e+003,1.075946e-001
9.492552e+003,1.063232e-001
9.493033e+003,8.810826e-002
9.493516e+003,5.562523e-002
9.493998e+003,1.465189e-002
9.494480e+003,-2.754428e-002
9.494963e+003,-6.412099e-002
9.495444e+003,-9.024272e-002
9.495927e+003,-1.038956e-001
9.496408e+003,-1.058279e-001
9.496891e+003,-9.881704e-002
9.497373e+003,-8.663238e-002
9.497855e+003,-7.305235e-002
9.498337e+003,-6.116181e-002
9.498819e+003,-5.298312e-002
9.499301e+003,-4.937466e-002
9.499783e+003,-5.010113e-002
9.500266e+003,-5.401912e-002
9.500748e+003,-5.937617e-002
9.501230e+003,-6.423562e-002
9.501712e+003,-6.699286e-002
9.502194e+003,-6.686751e-002
9.502676e+003,-6.419851e-002
9.503158e+003,-6.038978e-002
9.503641e+003,-5.746427e-002
9.504123e+003,-5.735963e-002
9.504605e+003,-6.113375e-002
9.505087e+003,-6.860361e-002
9.505568e+003,-7.832140e-002
9.506051e+003,-8.807074e-002
9.506533e+003,-9.566446e-002
9.507016e+003,-9.972958e-002
9.507498e+003,-1.001625e-001
9.507979e+003,-9.807141e-002
9.508462e+003,-9.523562e-002
9.508943e+003,-9.331247e-002
9.509426e+003,-9.312683e-002
9.509908e+003,-9.433610e-002
9.510391e+003,-9.559852e-002
9.510873e+003,-9.515927e-002
9.511354e+003,-9.159540e-002
9.511836e+003,-8.440813e-002
9.512318e+003,-7.422761e-002
9.512801e+003,-6.256773e-002
9.513283e+003,-5.125293e-002
9.513766e+003,-4.176127e-002
9.514247e+003,-3.474070e-002
9.514729e+003,-2.986677e-002
9.515211e+003,-2.606099e-002
9.515693e+003,-2.195233e-002
9.516176e+003,-1.638571e-002
9.516658e+003,-8.792479e-003
9.517141e+003,6.828587e-004
9.517622e+003,1.129818e-002
9.518104e+003,2.197994e-002
9.518586e+003,3.161285e-002
9.519068e+003,3.924558e-002
9.519551e+003,4.416871e-002
9.520033e+003,4.588904e-002
9.520515e+003,4.407145e-002
9.520997e+003,3.852728e-002
9.521479e+003,2.929641e-002
9.521961e+003,1.681907e-002
9.522443e+003,2.135845e-003
9.522926e+003,-1.298000e-002
9.523408e+003,-2.606025e-002
9.523890e+003,-3.421670e-002
9.524372e+003,-3.465356e-002
9.524854e+003,-2.533185e-002
9.525336e+003,-5.622772e-003
9.525818e+003,2.325199e-002
9.526301e+003,5.817250e-002
9.526783e+003,9.454916e-002
9.527265e+003,1.271639e-001
9.527746e+003,1.512117e-001
9.528229e+003,1.632422e-001
9.528711e+003,1.617244e-001
9.529193e+003,1.470966e-001
9.529676e+003,1.213616e-001
9.530157e+003,8.746342e-002
9.530640e+003,4.874340e-002
9.531121e+003,8.680495e-003
9.531604e+003,-2.907917e-002
9.532086e+003,-6.062142e-002
9.532568e+003,-8.191390e-002
9.533051e+003,-8.944600e-002
9.533532e+003,-8.133236e-002
9.534014e+003,-5.852316e-002
9.534496e+003,-2.554230e-002
9.534979e+003,9.856750e-003
9.535461e+003,3.802917e-002
9.535943e+003,5.017027e-002
9.536425e+003,4.101658e-002
9.536907e+003,1.083854e-002
9.537389e+003,-3.416727e-002
9.537871e+003,-8.339641e-002
9.538354e+003,-1.248635e-001
9.538836e+003,-1.487302e-001
9.539318e+003,-1.500967e-001
9.539800e+003,-1.300885e-001
9.540282e+003,-9.493127e-002
9.540764e+003,-5.348080e-002
9.541246e+003,-1.422492e-002
9.541729e+003,1.711673e-002
9.542211e+003,3.861665e-002
9.542692e+003,5.163785e-002
9.543175e+003,5.927991e-002
9.543656e+003,6.459870e-002
9.544139e+003,6.938291e-002
9.544621e+003,7.388766e-002
9.545104e+003,7.741759e-002
9.545586e+003,7.926472e-002
9.546067e+003,7.941546e-002
9.546550e+003,7.865092e-002
9.547031e+003,7.804040e-002
9.547514e+003,7.815693e-002
9.547996e+003,7.847247e-002
9.548479e+003,7.726767e-002
9.548961e+003,7.211427e-002
9.549442e+003,6.070750e-002
9.549924e+003,4.168778e-002
9.550406e+003,1.513960e-002
9.550889e+003,-1.735567e-002
9.551371e+003,-5.302962e-002
9.551854e+003,-8.840276e-002
9.552335e+003,-1.197518e-001
9.552817e+003,-1.435104e-001
9.553299e+003,-1.566601e-001
9.553781e+003,-1.571868e-001
9.554264e+003,-1.445901e-001
9.554746e+003,-1.202920e-001
9.555229e+003,-8.769742e-002
9.555710e+003,-5.170735e-002
9.556191e+003,-1.767747e-002
9.556674e+003,9.927604e-003
9.557156e+003,2.873571e-002
9.557639e+003,3.906194e-002
9.558121e+003,4.363199e-002
9.558603e+003,4.650515e-002
9.559085e+003,5.158692e-002
9.559566e+003,6.127924e-002
9.560049e+003,7.574155e-002
9.560531e+003,9.297317e-002
9.561014e+003,1.095988e-001
9.561496e+003,1.219912e-001
9.561978e+003,1.272972e-001
9.562459e+003,1.240525e-001
9.562941e+003,1.122952e-001
9.563424e+003,9.329997e-002
9.563906e+003,6.915284e-002
9.564389e+003,4.235477e-002
9.564870e+003,1.552483e-002
9.565353e+003,-8.830693e-003
9.565834e+003,-2.850383e-002
9.566316e+003,-4.197695e-002
9.566799e+003,-4.852303e-002
9.567281e+003,-4.829207e-002
9.567764e+003,-4.215180e-002
9.568245e+003,-3.133752e-002
9.568728e+003,-1.705478e-002
9.569209e+003,-2.247457e-004
9.569691e+003,1.849673e-002
9.570174e+003,3.844299e-002
9.570656e+003,5.857994e-002
9.571139e+003,7.732476e-002
9.571620e+003,9.273735e-002
9.572102e+003,1.030987e-001
9.572584e+003,1.076691e-001
9.573066e+003,1.072718e-001
9.573549e+003,1.043593e-001
9.574031e+003,1.024028e-001
9.574513e+003,1.047363e-001
9.574995e+003,1.132503e-001
9.575477e+003,1.274552e-001
9.575959e+003,1.443321e-001
9.576441e+003,1.591039e-001
9.576924e+003,1.667030e-001
9.577406e+003,1.634378e-001
9.577888e+003,1.482717e-001
9.578369e+003,1.232608e-001
9.578852e+003,9.299123e-002
9.579334e+003,6.319895e-002
9.579816e+003,3.904083e-002
9.580299e+003,2.359481e-002
9.580780e+003,1.708129e-002
9.581263e+003,1.704323e-002
9.581744e+003,1.939879e-002
9.582227e+003,2.000170e-002
9.582709e+003,1.619292e-002
9.583191e+003,7.845632e-003
9.583674e+003,-2.431866e-003
9.584155e+003,-1.000798e-002
9.584637e+003,-9.647722e-003
9.585119e+003,2.782638e-003
9.585602e+003,2.883839e-002
9.586084e+003,6.668736e-002
9.586566e+003,1.112089e-001
9.587048e+003,1.549746e-001
9.587530e+003,1.898437e-001
9.588012e+003,2.087590e-001
9.588494e+003,2.073052e-001
9.588977e+003,1.846768e-001
9.589459e+003,1.438561e-001
9.589941e+003,9.098671e-002
9.590423e+003,3.409160e-002
9.590905e+003,-1.858008e-002
9.591387e+003,-6.021925e-002
9.591869e+003,-8.676650e-002
9.592352e+003,-9.755816e-002
9.592834e+003,-9.513440e-002
9.593316e+003,-8.422419e-002
9.593798e+003,-7.014295e-002
9.594279e+003,-5.703664e-002
9.594762e+003,-4.651630e-002
9.595244e+003,-3.717174e-002
9.595727e+003,-2.521061e-002
9.596209e+003,-6.085330e-003
9.596690e+003,2.343851e-002
9.597173e+003,6.341393e-002
9.597654e+003,1.099625e-001
9.598137e+003,1.558323e-001
9.598619e+003,1.922420e-001
9.599102e+003,2.114034e-001
9.599584e+003,2.088593e-001
9.600065e+003,1.848261e-001
9.600547e+003,1.441030e-001
9.601029e+003,9.464838e-002
9.601512e+003,4.539328e-002
9.601994e+003,4.082262e-003
9.602477e+003,-2.418385e-002
9.602958e+003,-3.739207e-002
9.603440e+003,-3.616775e-002
9.603922e+003,-2.285690e-002
9.604404e+003,-6.312420e-004
9.604887e+003,2.706265e-002
9.605369e+003,5.667738e-002
9.605852e+003,8.457424e-002
9.606333e+003,1.071554e-001
9.606814e+003,1.212851e-001
9.607297e+003,1.249358e-001
9.607779e+003,1.177925e-001
9.608262e+003,1.014964e-001
9.608744e+003,7.933041e-002
9.609226e+003,5.539234e-002
9.609708e+003,3.353252e-002
9.610189e+003,1.644032e-002
9.610672e+003,5.193056e-003
9.611154e+003,-6.308705e-004
9.611637e+003,-2.415770e-003
9.612119e+003,-1.846236e-003
9.612601e+003,-4.082412e-004
9.613083e+003,7.977489e-004
9.613564e+003,9.761109e-004
9.614047e+003,-5.342421e-004
9.614529e+003,-4.328932e-003
9.615012e+003,-1.081767e-002
9.615494e+003,-1.997190e-002
9.615976e+003,-3.109946e-002
9.616457e+003,-4.280625e-002
9.616939e+003,-5.320525e-002
9.617422e+003,-6.030278e-002
9.617904e+003,-6.240115e-002
9.618387e+003,-5.836516e-002
9.618868e+003,-4.768991e-002
9.619351e+003,-3.042812e-002
9.619832e+003,-7.107159e-003
9.620314e+003,2.125288e-002
9.620797e+003,5.300857e-002
9.621279e+003,8.575829e-002
9.621762e+003,1.163746e-001
9.622243e+003,1.413387e-001
9.622725e+003,1.573758e-001
9.623207e+003,1.622322e-001
9.623689e+003,1.553227e-001
9.624172e+003,1.379938e-001
9.624654e+003,1.132767e-001
9.625136e+003,8.519908e-002
9.625618e+003,5.788345e-002
9.626100e+003,3.472077e-002
9.626582e+003,1.784407e-002
9.627064e+003,7.981772e-003
9.627547e+003,4.671372e-003
9.628029e+003,6.428576e-003
9.628511e+003,1.121296e-002
9.628992e+003,1.665591e-002
9.629475e+003,2.030150e-002
9.629957e+003,1.988971e-002
9.630439e+003,1.372722e-002
9.630922e+003,1.105644e-003
9.631403e+003,-1.736221e-002
9.631886e+003,-3.965329e-002
9.632367e+003,-6.260940e-002
9.632850e+003,-8.257700e-002
9.633332e+003,-9.627432e-002
9.633814e+003,-1.016526e-001
9.634297e+003,-9.849608e-002
9.634778e+003,-8.856813e-002
9.635261e+003,-7.523146e-002
9.635742e+003,-6.261250e-002
9.636225e+003,-5.450736e-002
9.636707e+003,-5.331302e-002
9.637189e+003,-5.928325e-002
9.637672e+003,-7.035195e-002
9.638153e+003,-8.262975e-002
9.638635e+003,-9.149088e-002
9.639117e+003,-9.296761e-002
9.639600e+003,-8.503114e-002
9.640082e+003,-6.831615e-002
9.640564e+003,-4.598477e-002
9.641046e+003,-2.270056e-002
9.641528e+003,-3.018419e-003
9.642010e+003,1.023897e-002
9.642492e+003,1.698108e-002
9.642975e+003,1.978627e-002
9.643457e+003,2.274267e-002
9.643939e+003,2.961905e-002
9.644421e+003,4.210245e-002
9.644902e+003,5.885375e-002
9.645385e+003,7.582709e-002
9.645867e+003,8.778346e-002
9.646350e+003,9.041281e-002
9.646832e+003,8.218976e-002
9.647313e+003,6.516787e-002
9.647796e+003,4.434413e-002
9.648277e+003,2.582442e-002
9.648760e+003,1.452822e-002
9.649242e+003,1.236589e-002
9.649725e+003,1.762072e-002
9.650207e+003,2.575408e-002
9.650688e+003,3.125520e-002
9.651170e+003,2.973985e-002
9.651652e+003,1.944611e-002
9.652135e+003,1.587671e-003
9.652617e+003,-2.045802e-002
9.653100e+003,-4.266651e-002
9.653581e+003,-6.188722e-002
9.654063e+003,-7.674573e-002
9.654545e+003,-8.764387e-002
9.655027e+003,-9.599268e-002
9.655510e+003,-1.031275e-001
9.655992e+003,-1.094290e-001
9.656475e+003,-1.140079e-001
9.656956e+003,-1.150223e-001
9.657438e+003,-1.104192e-001
9.657920e+003,-9.876063e-002
9.658402e+003,-7.982937e-002
9.658885e+003,-5.484592e-002
9.659367e+003,-2.631503e-002
9.659850e+003,2.396475e-003
9.660331e+003,2.761278e-002
9.660813e+003,4.595673e-002
9.661295e+003,5.496487e-002
9.661777e+003,5.364808e-002
9.662260e+003,4.287315e-002
9.662742e+003,2.539434e-002
9.663224e+003,5.396611e-003
9.663706e+003,-1.244879e-002
9.664188e+003,-2.421125e-002
9.664670e+003,-2.783117e-002
9.665152e+003,-2.373518e-002
9.665635e+003,-1.465847e-002
9.666117e+003,-4.680723e-003
9.666599e+003,2.207867e-003
9.667080e+003,3.499388e-003
9.667563e+003,-9.837325e-004
9.668045e+003,-9.078554e-003
9.668527e+003,-1.708174e-002
9.669010e+003,-2.103404e-002
9.669491e+003,-1.801061e-002
9.669974e+003,-6.980920e-003
9.670455e+003,1.098936e-002
9.670938e+003,3.315910e-002
9.671420e+003,5.591809e-002
9.671902e+003,7.568133e-002
9.672385e+003,8.963723e-002
9.672866e+003,9.623912e-002
9.673348e+003,9.542523e-002
9.673830e+003,8.858716e-002
9.674313e+003,7.829034e-002
9.674795e+003,6.774098e-002
9.675277e+003,6.003302e-002
9.675759e+003,5.730373e-002
9.676241e+003,6.003242e-002
9.676723e+003,6.675871e-002
9.677205e+003,7.441665e-002
9.677688e+003,7.927597e-002
9.678170e+003,7.822250e-002
9.678652e+003,6.992143e-002
9.679134e+003,5.540038e-002
9.679616e+003,3.779013e-002
9.680098e+003,2.129305e-002
9.680580e+003,9.757023e-003
9.681063e+003,5.385968e-003
9.681545e+003,8.049457e-003
9.682026e+003,1.540298e-002
9.682509e+003,2.371220e-002
9.682990e+003,2.902627e-002
9.683473e+003,2.826731e-002
9.683955e+003,1.991370e-002
9.684438e+003,4.173712e-003
9.684920e+003,-1.724456e-002
9.685401e+003,-4.156480e-002
9.685884e+003,-6.541334e-002
9.686365e+003,-8.528320e-002
9.686848e+003,-9.804012e-002
9.687330e+003,-1.015118e-001
9.687813e+003,-9.509379e-002
9.688295e+003,-8.016402e-002
9.688776e+003,-6.004065e-002
9.689258e+003,-3.939324e-002
9.689740e+003,-2.275541e-002
9.690223e+003,-1.337089e-002
9.690705e+003,-1.201672e-002
9.691188e+003,-1.670475e-002
9.691669e+003,-2.336879e-002
9.692151e+003,-2.733102e-002
9.692633e+003,-2.500828e-002
9.693115e+003,-1.520442e-002
9.693598e+003,5.026279e-004
9.694080e+003,1.839541e-002
9.694563e+003,3.397632e-002
9.695044e+003,4.348394e-002
9.695525e+003,4.499337e-002
9.696008e+003,3.876409e-002
9.696490e+003,2.685221e-002
9.696973e+003,1.229402e-002
9.697455e+003,-1.730941e-003
9.697937e+003,-1.245769e-002
9.698419e+003,-1.774702e-002
9.698900e+003,-1.609427e-002
9.699383e+003,-6.652482e-003
9.699865e+003,1.060225e-002
9.700348e+003,3.461801e-002
9.700830e+003,6.312802e-002
9.701312e+003,9.283598e-002
9.701794e+003,1.199917e-001
9.702275e+003,1.411993e-001
9.702758e+003,1.541304e-001
9.703240e+003,1.578157e-001
9.703723e+003,1.523774e-001
9.704204e+003,1.383548e-001
9.704687e+003,1.160124e-001
9.705168e+003,8.506086e-002
9.705650e+003,4.502930e-002
9.706133e+003,-3.807849e-003
9.706615e+003,-5.936997e-002
9.707098e+003,-1.171345e-001
9.707579e+003,-1.703676e-001
9.708062e+003,-2.113202e-001
9.708543e+003,-2.330772e-001
9.709025e+003,-2.314427e-001
9.709508e+003,-2.062049e-001
9.709990e+003,-1.613511e-001
9.710473e+003,-1.041972e-001
9.710954e+003,-4.375671e-002
9.711436e+003,1.113535e-002
9.711918e+003,5.346049e-002
9.712400e+003,7.910298e-002
9.712883e+003,8.728077e-002
9.713365e+003,8.036523e-002
9.713847e+003,6.319576e-002
9.714329e+003,4.200600e-002
9.714811e+003,2.309577e-002
9.715293e+003,1.144695e-002
9.715775e+003,9.569273e-003
9.716258e+003,1.691347e-002
9.716740e+003,3.011539e-002
9.717222e+003,4.411488e-002
9.717703e+003,5.387337e-002
9.718186e+003,5.613468e-002
9.718668e+003,5.057909e-002
9.719150e+003,3.989568e-002
9.719633e+003,2.870044e-002
9.720114e+003,2.169734e-002
9.720597e+003,2.182793e-002
9.721078e+003,2.914275e-002
9.721561e+003,4.090173e-002
9.722043e+003,5.281943e-002
9.722525e+003,6.091296e-002
9.723008e+003,6.315366e-002
9.723489e+003,6.023323e-002
9.723972e+003,5.516049e-002
9.724453e+003,5.191711e-002
9.724936e+003,5.378802e-002
9.725418e+003,6.208242e-002
9.725900e+003,7.573973e-002
9.726382e+003,9.189470e-002
9.726864e+003,1.070566e-001
9.727346e+003,1.183389e-001
9.727828e+003,1.242369e-001
9.728311e+003,1.247270e-001
9.728793e+003,1.208067e-001
9.729275e+003,1.138152e-001
9.729757e+003,1.049113e-001
9.730239e+003,9.491610e-002
9.730721e+003,8.449648e-002
9.731203e+003,7.447148e-002
9.731686e+003,6.598696e-002
9.732168e+003,6.041121e-002
9.732650e+003,5.898633e-002
9.733132e+003,6.241408e-002
9.733613e+003,7.058606e-002
9.734096e+003,8.258036e-002
9.734578e+003,9.690472e-002
9.735061e+003,1.118507e-001
9.735543e+003,1.257989e-001
9.736024e+003,1.373872e-001
9.736507e+003,1.455616e-001
9.736988e+003,1.496059e-001
9.737471e+003,1.492366e-001
9.737953e+003,1.447595e-001
9.738436e+003,1.371855e-001
9.738918e+003,1.281610e-001
9.739399e+003,1.196270e-001
9.739881e+003,1.132685e-001
9.740363e+003,1.099590e-001
9.740846e+003,1.094642e-001
9.741328e+003,1.105842e-001
9.741811e+003,1.117229e-001
9.742292e+003,1.116548e-001
9.742774e+003,1.101393e-001
9.743256e+003,1.080669e-001
9.743738e+003,1.070293e-001
9.744221e+003,1.084728e-001
9.744703e+003,1.128135e-001
9.745186e+003,1.189354e-001
9.745667e+003,1.243362e-001
9.746149e+003,1.259046e-001
9.746631e+003,1.210322e-001
9.747113e+003,1.086158e-001
9.747596e+003,8.955320e-002
9.748078e+003,6.655193e-002
9.748560e+003,4.335226e-002
9.749042e+003,2.368766e-002
9.749523e+003,1.036517e-002
9.750006e+003,4.738727e-003
9.750488e+003,6.644548e-003
9.750971e+003,1.466591e-002
9.751453e+003,2.658805e-002
9.751935e+003,3.975213e-002
9.752417e+003,5.134477e-002
9.752898e+003,5.864957e-002
9.753381e+003,5.935811e-002
9.753863e+003,5.197158e-002
9.754346e+003,3.621316e-002
9.754828e+003,1.328303e-002
9.755310e+003,-1.421366e-002
9.755791e+003,-4.273088e-002
9.756273e+003,-6.854079e-002
9.756756e+003,-8.855432e-002
9.757238e+003,-1.009353e-001
9.757721e+003,-1.053263e-001
9.758202e+003,-1.026698e-001
9.758685e+003,-9.476280e-002
9.759166e+003,-8.375305e-002
9.759648e+003,-7.174125e-002
9.760131e+003,-6.054259e-002
9.760613e+003,-5.154129e-002
9.761096e+003,-4.553088e-002
9.761577e+003,-4.248637e-002
9.762059e+003,-4.132882e-002
9.762541e+003,-3.984760e-002
9.763023e+003,-3.495270e-002
9.763506e+003,-2.332767e-002
9.763988e+003,-2.364440e-003
9.764470e+003,2.890463e-002
9.764952e+003,6.922634e-002
9.765434e+003,1.151497e-001
9.765916e+003,1.616880e-001
9.766398e+003,2.034134e-001
9.766881e+003,2.356196e-001
9.767363e+003,2.551932e-001
9.767845e+003,2.609842e-001
9.768327e+003,2.536944e-001
9.768809e+003,2.354813e-001
9.769291e+003,2.095285e-001
9.769773e+003,1.797371e-001
9.770256e+003,1.505118e-001
9.770737e+003,1.264767e-001
9.771220e+003,1.119331e-001
9.771701e+003,1.100187e-001
9.772184e+003,1.217491e-001
9.772666e+003,1.453118e-001
9.773148e+003,1.760087e-001
9.773631e+003,2.070561e-001
9.774112e+003,2.311226e-001
9.774595e+003,2.421594e-001
9.775076e+003,2.369220e-001
9.775559e+003,2.156672e-001
9.776041e+003,1.818113e-001
9.776523e+003,1.407171e-001
9.777006e+003,9.808896e-002
9.777487e+003,5.855567e-002
9.777969e+003,2.488959e-002
9.778451e+003,-1.999712e-003
9.778934e+003,-2.248299e-002
9.779416e+003,-3.742215e-002
9.779898e+003,-4.755560e-002
9.780380e+003,-5.326510e-002
9.780862e+003,-5.470176e-002
9.781344e+003,-5.207873e-002
9.781826e+003,-4.595576e-002
9.782309e+003,-3.702399e-002
9.782791e+003,-2.636316e-002
9.783273e+003,-1.509206e-002
9.783755e+003,-4.275508e-003
9.784236e+003,5.022598e-003
9.784719e+003,1.162844e-002
9.785201e+003,1.425204e-002
9.785684e+003,1.170794e-002
9.786166e+003,3.347530e-003
9.786647e+003,-1.047321e-002
9.787130e+003,-2.814295e-002
9.787611e+003,-4.696020e-002
9.788094e+003,-6.373590e-002
9.788576e+003,-7.565046e-002
9.789059e+003,-8.104385e-002
9.789541e+003,-7.982831e-002
9.790022e+003,-7.336990e-002
9.790504e+003,-6.392007e-002
9.790986e+003,-5.386559e-002
9.791469e+003,-4.511440e-002
9.791951e+003,-3.881741e-002
9.792434e+003,-3.542133e-002
9.792915e+003,-3.486919e-002
9.793397e+003,-3.672145e-002
9.793879e+003,-4.007905e-002
9.794361e+003,-4.339099e-002
9.794844e+003,-4.439075e-002
9.795326e+003,-4.042330e-002
9.795809e+003,-2.925592e-002
9.796290e+003,-1.018297e-002
9.796772e+003,1.502050e-002
9.797254e+003,4.181788e-002
9.797736e+003,6.364451e-002
9.798219e+003,7.360869e-002
9.798701e+003,6.667896e-002
9.799184e+003,4.160422e-002
9.799665e+003,1.833083e-003
9.800146e+003,-4.498202e-002
9.800629e+003,-8.881485e-002
9.801111e+003,-1.198685e-001
9.801594e+003,-1.311070e-001
9.802076e+003,-1.199071e-001
9.802558e+003,-8.836826e-002
9.803040e+003,-4.232771e-002
9.803521e+003,1.042982e-002
9.804004e+003,6.208460e-002
9.804486e+003,1.062374e-001
9.804969e+003,1.386276e-001
9.805451e+003,1.571650e-001
9.805933e+003,1.615443e-001
9.806414e+003,1.527565e-001
9.806896e+003,1.327045e-001
9.807379e+003,1.039562e-001
9.807861e+003,6.953777e-002
9.808344e+003,3.264595e-002
9.808825e+003,-3.763767e-003
9.809308e+003,-3.742531e-002
9.809789e+003,-6.707208e-002
9.810271e+003,-9.244321e-002
9.810754e+003,-1.139347e-001
9.811236e+003,-1.320085e-001
9.811719e+003,-1.466029e-001
9.812200e+003,-1.568120e-001
9.812682e+003,-1.610338e-001
9.813164e+003,-1.573731e-001
9.813646e+003,-1.445141e-001
9.814129e+003,-1.224011e-001
9.814611e+003,-9.260184e-002
9.815093e+003,-5.821528e-002
9.815575e+003,-2.337163e-002
9.816057e+003,7.497487e-003
9.816539e+003,3.040631e-002
9.817021e+003,4.241512e-002
9.817504e+003,4.200793e-002
9.817986e+003,2.925197e-002
9.818468e+003,5.775719e-003
9.818950e+003,-2.540738e-002
9.819432e+003,-6.023155e-002
9.819914e+003,-9.407794e-002
9.820396e+003,-1.224195e-001
9.820879e+003,-1.415276e-001
9.821361e+003,-1.490933e-001
9.821843e+003,-1.446023e-001
9.822324e+003,-1.293517e-001
9.822807e+003,-1.061051e-001
9.823289e+003,-7.849748e-002
9.823771e+003,-5.036745e-002
9.824254e+003,-2.518277e-002
9.824735e+003,-5.646569e-003
9.825218e+003,6.522597e-003
9.825699e+003,1.069718e-002
9.826182e+003,7.384951e-003
9.826664e+003,-1.802797e-003
9.827146e+003,-1.432997e-002
9.827629e+003,-2.713739e-002
9.828110e+003,-3.726283e-002
9.828592e+003,-4.254607e-002
9.829074e+003,-4.217528e-002
9.829557e+003,-3.682251e-002
9.830039e+003,-2.824058e-002
9.830521e+003,-1.842129e-002
9.831003e+003,-8.639176e-003
9.831485e+003,1.185392e-003
9.831967e+003,1.246014e-002
9.832449e+003,2.716028e-002
9.832932e+003,4.660878e-002
9.833414e+003,7.033504e-002
9.833896e+003,9.558523e-002
9.834378e+003,1.178241e-001
9.834859e+003,1.321479e-001
9.835342e+003,1.351079e-001
9.835824e+003,1.262200e-001
9.836307e+003,1.085242e-001
9.836789e+003,8.792261e-002
9.837271e+003,7.150584e-002
9.837753e+003,6.547289e-002
9.838234e+003,7.338031e-002
9.838717e+003,9.529101e-002
9.839199e+003,1.280033e-001
9.839682e+003,1.661225e-001
9.840164e+003,2.034744e-001
9.840646e+003,2.343531e-001
9.841128e+003,2.543166e-001
9.841609e+003,2.605370e-001
9.842092e+003,2.519093e-001
9.842574e+003,2.291280e-001
9.843057e+003,1.947749e-001
9.843539e+003,1.528795e-001
9.844021e+003,1.094525e-001
9.844502e+003,7.042589e-002
9.844984e+003,4.064291e-002
9.845467e+003,2.238823e-002
9.845949e+003,1.450302e-002
9.846432e+003,1.258862e-002
9.846913e+003,1.040413e-002
9.847396e+003,2.057784e-003
9.847877e+003,-1.578333e-002
9.848359e+003,-4.249629e-002
9.848842e+003,-7.345053e-002
9.849324e+003,-1.013116e-001
9.849807e+003,-1.182002e-001
9.850288e+003,-1.179246e-001
9.850770e+003,-9.755601e-002
9.851252e+003,-5.795984e-002
9.851734e+003,-3.338094e-003
9.852217e+003,5.982449e-002
9.852699e+003,1.239370e-001
9.853181e+003,1.812935e-001
9.853663e+003,2.248452e-001
9.854145e+003,2.489154e-001
9.854627e+003,2.500169e-001
9.855109e+003,2.277426e-001
9.855592e+003,1.854467e-001
9.856074e+003,1.303038e-001
9.856556e+003,7.242810e-002
9.857037e+003,2.304484e-002
9.857520e+003,-7.924703e-003
9.858002e+003,-1.423308e-002
9.858484e+003,5.050120e-003
9.858967e+003,4.513261e-002
9.859448e+003,9.651007e-002
9.859931e+003,1.471829e-001
9.860412e+003,1.855284e-001
9.860895e+003,2.030880e-001
9.861377e+003,1.965493e-001
9.861859e+003,1.684208e-001
9.862342e+003,1.262340e-001
9.862823e+003,8.047466e-002
9.863306e+003,4.175746e-002
9.863787e+003,1.797591e-002
9.864270e+003,1.221819e-002
9.864752e+003,2.209183e-002
9.865234e+003,4.071867e-002
9.865717e+003,5.913600e-002
9.866198e+003,6.934438e-002
9.866680e+003,6.698277e-002
9.867162e+003,5.271099e-002
9.867645e+003,3.182120e-002
9.868127e+003,1.223322e-002
9.868609e+003,1.618118e-003
9.869091e+003,4.703634e-003
9.869573e+003,2.171379e-002
9.870055e+003,4.841019e-002
9.870537e+003,7.756090e-002
9.871020e+003,1.011465e-001
9.871502e+003,1.124512e-001
9.871984e+003,1.074037e-001
9.872466e+003,8.498327e-002
9.872947e+003,4.692319e-002
9.873430e+003,-2.860965e-003
9.873912e+003,-5.879712e-002
9.874395e+003,-1.142285e-001
9.874877e+003,-1.616427e-001
9.875358e+003,-1.939636e-001
9.875841e+003,-2.058594e-001
9.876322e+003,-1.952495e-001
9.876805e+003,-1.643168e-001
9.877287e+003,-1.194357e-001
9.877770e+003,-6.977816e-002
9.878252e+003,-2.490212e-002
9.878733e+003,7.889019e-003
9.879215e+003,2.545551e-002
9.879697e+003,2.928946e-002
9.880180e+003,2.440489e-002
9.880662e+003,1.714641e-002
9.881145e+003,1.281674e-002
9.881626e+003,1.402425e-002
9.882108e+003,2.027224e-002
9.882590e+003,2.875262e-002
9.883072e+003,3.583265e-002
9.883555e+003,3.853723e-002
9.884037e+003,3.547381e-002
9.884520e+003,2.700604e-002
9.885001e+003,1.484607e-002
9.885483e+003,1.425342e-003
9.885965e+003,-1.063785e-002
9.886447e+003,-1.885338e-002
9.886930e+003,-2.103639e-002
9.887412e+003,-1.550179e-002
9.887894e+003,-1.359147e-003
9.888376e+003,2.116410e-002
9.888857e+003,5.054812e-002
9.889340e+003,8.411408e-002
9.889822e+003,1.184768e-001
9.890305e+003,1.501541e-001
9.890787e+003,1.760817e-001
9.891269e+003,1.938582e-001
9.891751e+003,2.017293e-001
9.892232e+003,1.985109e-001
9.892715e+003,1.836992e-001
9.893197e+003,1.578861e-001
9.893680e+003,1.233398e-001
9.894162e+003,8.438726e-002
9.894644e+003,4.718693e-002
9.895125e+003,1.869391e-002
9.895607e+003,4.997455e-003
9.896090e+003,9.568023e-003
9.896572e+003,3.208169e-002
9.897055e+003,6.830341e-002
9.897536e+003,1.110974e-001
9.898019e+003,1.521893e-001
9.898500e+003,1.840404e-001
9.898982e+003,2.012324e-001
9.899465e+003,2.010476e-001
9.899947e+003,1.833209e-001
9.900430e+003,1.499200e-001
9.900911e+003,1.042390e-001
9.901393e+003,5.088421e-002
9.901875e+003,-4.562199e-003
9.902357e+003,-5.599282e-002
9.902840e+003,-9.765504e-002
9.903322e+003,-1.253768e-001
9.903804e+003,-1.377131e-001
9.904286e+003,-1.364359e-001
9.904768e+003,-1.259557e-001
9.905250e+003,-1.112553e-001
9.905732e+003,-9.691715e-002
9.906215e+003,-8.451842e-002
9.906697e+003,-7.223890e-002
9.907179e+003,-5.572426e-002
9.907661e+003,-3.014344e-002
9.908143e+003,7.395033e-003
9.908625e+003,5.608842e-002
9.909107e+003,1.110933e-001
9.909590e+003,1.647298e-001
9.910071e+003,2.087343e-001
9.910554e+003,2.366619e-001
9.911035e+003,2.455448e-001
9.911518e+003,2.362922e-001
9.912000e+003,2.128812e-001
9.912482e+003,1.808597e-001
9.912965e+003,1.458573e-001
9.913446e+003,1.126189e-001
9.913929e+003,8.468326e-002
9.914410e+003,6.446367e-002
9.914893e+003,5.334428e-002
9.915375e+003,5.153380e-002
9.915857e+003,5.772023e-002
9.916340e+003,6.883839e-002
9.916821e+003,8.033316e-002
9.917303e+003,8.711068e-002
9.917785e+003,8.501475e-002
9.918268e+003,7.232434e-002
9.918750e+003,5.063644e-002
9.919232e+003,2.466488e-002
9.919714e+003,9.031778e-004
9.920196e+003,-1.442382e-002
9.920678e+003,-1.738347e-002
9.921160e+003,-7.601585e-003
9.921643e+003,1.165705e-002
9.922125e+003,3.456438e-002
9.922607e+003,5.452111e-002
9.923089e+003,6.601115e-002
9.923570e+003,6.591687e-002
9.924053e+003,5.396359e-002
9.924535e+003,3.232229e-002
9.925018e+003,4.694561e-003
9.925500e+003,-2.468724e-002
9.925981e+003,-5.180572e-002
9.926464e+003,-7.322831e-002
9.926945e+003,-8.619938e-002
9.927428e+003,-8.866806e-002
9.927910e+003,-7.943759e-002
9.928393e+003,-5.848518e-002
9.928875e+003,-2.733013e-002
9.929356e+003,1.078020e-002
9.929839e+003,5.109345e-002
9.930320e+003,8.808280e-002
9.930803e+003,1.165808e-001
9.931285e+003,1.330203e-001
9.931768e+003,1.363906e-001
9.932249e+003,1.285747e-001
9.932731e+003,1.139168e-001
9.933213e+003,9.812467e-002
9.933695e+003,8.681557e-002
9.934178e+003,8.412528e-002
9.934660e+003,9.176824e-002
9.935143e+003,1.087871e-001
9.935624e+003,1.320079e-001
9.936106e+003,1.572218e-001
9.936588e+003,1.796254e-001
9.937070e+003,1.954531e-001
9.937553e+003,2.023496e-001
9.938035e+003,1.995529e-001
9.938518e+003,1.877771e-001
9.938999e+003,1.689406e-001
9.939480e+003,1.458395e-001
9.939963e+003,1.217833e-001
9.940445e+003,1.001524e-001
9.940928e+003,8.384869e-002
9.941410e+003,7.468636e-002
9.941892e+003,7.286400e-002
9.942374e+003,7.672018e-002
9.942855e+003,8.293970e-002
9.943338e+003,8.725299e-002
9.943820e+003,8.549148e-002
9.944303e+003,7.471123e-002
9.944785e+003,5.404407e-002
9.945267e+003,2.501507e-002
9.945748e+003,-8.761816e-003
9.946230e+003,-4.239728e-002
9.946713e+003,-7.079423e-002
9.947195e+003,-8.967017e-002
9.947678e+003,-9.629603e-002
9.948159e+003,-8.983667e-002
9.948642e+003,-7.131068e-002
9.949123e+003,-4.327207e-002
9.949605e+003,-9.341361e-003
9.950088e+003,2.631177e-002
9.950570e+003,5.947236e-002
9.951053e+003,8.633548e-002
9.951534e+003,1.038873e-001
9.952017e+003,1.101888e-001
9.952498e+003,1.045486e-001
9.952980e+003,8.758819e-002
9.953463e+003,6.121377e-002
9.953945e+003,2.849581e-002
9.954427e+003,-6.575557e-003
9.954909e+003,-3.951749e-002
9.955391e+003,-6.600754e-002
9.955873e+003,-8.272692e-002
9.956355e+003,-8.823027e-002
9.956838e+003,-8.356228e-002
9.957320e+003,-7.231472e-002
9.957802e+003,-5.992933e-002
9.958284e+003,-5.229948e-002
9.958766e+003,-5.401863e-002
9.959248e+003,-6.683888e-002
9.959730e+003,-8.891724e-002
9.960213e+003,-1.152011e-001
9.960695e+003,-1.389002e-001
9.961177e+003,-1.535664e-001
9.961658e+003,-1.550398e-001
9.962141e+003,-1.425446e-001
9.962623e+003,-1.185495e-001
9.963105e+003,-8.751091e-002
9.963588e+003,-5.407643e-002
9.964069e+003,-2.151909e-002
9.964552e+003,8.974138e-003
9.965033e+003,3.795896e-002
9.965516e+003,6.661838e-002
9.965998e+003,9.548755e-002
9.966480e+003,1.236662e-001
9.966963e+003,1.487255e-001
9.967444e+003,1.680695e-001
9.967926e+003,1.797339e-001
9.968408e+003,1.834498e-001
9.968891e+003,1.808513e-001
9.969373e+003,1.748473e-001
9.969855e+003,1.684543e-001
9.970337e+003,1.636179e-001
9.970819e+003,1.605294e-001
9.971301e+003,1.576980e-001
9.971783e+003,1.526920e-001
9.972266e+003,1.431863e-001
9.972748e+003,1.278579e-001
9.973230e+003,1.067968e-001
9.973712e+003,8.135227e-002
9.974194e+003,5.359699e-002
9.974676e+003,2.572202e-002
9.975158e+003,-3.604274e-004
9.975641e+003,-2.309329e-002
9.976123e+003,-4.111605e-002
9.976604e+003,-5.307433e-002
9.977087e+003,-5.759830e-002
9.977568e+003,-5.353067e-002
9.978051e+003,-4.033227e-002
9.978533e+003,-1.847603e-002
9.979016e+003,1.037467e-002
9.979498e+003,4.352664e-002
9.979979e+003,7.774282e-002
9.980462e+003,1.099117e-001
9.980943e+003,1.376940e-001
9.981426e+003,1.599534e-001
9.981908e+003,1.768571e-001
9.982391e+003,1.896336e-001
9.982873e+003,2.000702e-001
9.983354e+003,2.098947e-001
9.983836e+003,2.202135e-001
9.984318e+003,2.311621e-001
9.984801e+003,2.418739e-001
9.985283e+003,2.507877e-001
9.985766e+003,2.562063e-001
9.986247e+003,2.569270e-001
9.986729e+003,2.527185e-001
9.987211e+003,2.444608e-001
9.987693e+003,2.338786e-001
9.988176e+003,2.229590e-001
9.988658e+003,2.132729e-001
9.989141e+003,2.054769e-001
9.989622e+003,1.992000e-001
9.990104e+003,1.933661e-001
9.990586e+003,1.868084e-001
9.991068e+003,1.788884e-001
9.991551e+003,1.698275e-001
9.992033e+003,1.605729e-001
9.992515e+003,1.522454e-001
9.992997e+003,1.454186e-001
9.993479e+003,1.395835e-001
9.993961e+003,1.330986e-001
9.994443e+003,1.237182e-001
9.994926e+003,1.095384e-001
9.995408e+003,8.998892e-002
9.995890e+003,6.644729e-002
9.996371e+003,4.217428e-002
9.996854e+003,2.152078e-002
9.997336e+003,8.642573e-003
9.997818e+003,6.160576e-003
9.998301e+003,1.424561e-002
9.998782e+003,3.047920e-002
9.999265e+003,5.051979e-002
9.999746e+003,6.936040e-002
1.000023e+004,8.273970e-002
1.000071e+004,8.823508e-002
1.000119e+004,8.569620e-002
1.000168e+004,7.692359e-002
1.000216e+004,6.476651e-002
1.000264e+004,5.201291e-002
1.000312e+004,4.049909e-002
1.000360e+004,3.075782e-002
1.000409e+004,2.229087e-002
1.000457e+004,1.428848e-002
1.000505e+004,6.430390e-003
1.000553e+004,-6.317293e-004
1.000601e+004,-5.370665e-003
1.000650e+004,-6.058923e-003
1.000698e+004,-1.751697e-003
1.000746e+004,6.860213e-003
1.000794e+004,1.714792e-002
1.000842e+004,2.501210e-002
1.000891e+004,2.603091e-002
1.000939e+004,1.690555e-002
1.000987e+004,-3.333751e-003
1.001035e+004,-3.283284e-002
1.001084e+004,-6.733513e-002
1.001132e+004,-1.013668e-001
1.001180e+004,-1.297402e-001
1.001228e+004,-1.488281e-001
1.001276e+004,-1.571917e-001
1.001325e+004,-1.554326e-001
1.001373e+004,-1.454556e-001
1.001421e+004,-1.295350e-001
1.001469e+004,-1.095915e-001
1.001517e+004,-8.691729e-002
1.001566e+004,-6.233843e-002
1.001614e+004,-3.658387e-002
1.001662e+004,-1.057039e-002
1.001710e+004,1.459464e-002
1.001759e+004,3.788778e-002
1.001807e+004,5.873127e-002
1.001855e+004,7.718503e-002
1.001903e+004,9.379855e-002
1.001951e+004,1.091455e-001
1.002000e+004,1.232544e-001
1.002048e+004,1.352319e-001
1.002096e+004,1.433091e-001
1.002144e+004,1.453393e-001
1.002192e+004,1.395651e-001
1.002241e+004,1.253304e-001
1.002289e+004,1.034413e-001
1.002337e+004,7.604042e-002
1.002385e+004,4.608051e-002
1.002433e+004,1.664481e-002
1.002482e+004,-9.608300e-003
1.002530e+004,-3.070012e-002
1.002578e+004,-4.528502e-002
1.002626e+004,-5.245664e-002
1.002675e+004,-5.161255e-002
1.002723e+004,-4.251559e-002
1.002771e+004,-2.553959e-002
1.002819e+004,-1.946450e-003
1.002867e+004,2.599399e-002
1.002916e+004,5.526850e-002
1.002964e+004,8.259022e-002
1.003012e+004,1.050721e-001
1.003060e+004,1.207859e-001
1.003108e+004,1.290191e-001
1.003157e+004,1.301639e-001
1.003205e+004,1.253412e-001
1.003253e+004,1.159669e-001
1.003301e+004,1.034679e-001
1.003350e+004,8.924209e-002
1.003398e+004,7.480229e-002
1.003446e+004,6.192717e-002
1.003494e+004,5.262376e-002
1.003542e+004,4.880185e-002
1.003591e+004,5.171850e-002
1.003639e+004,6.139536e-002
1.003687e+004,7.627304e-002
1.003735e+004,9.330819e-002
1.003783e+004,1.085645e-001
1.003832e+004,1.181616e-001
1.003880e+004,1.193038e-001
1.003928e+004,1.110733e-001
1.003976e+004,9.474320e-002
1.004025e+004,7.351471e-002
1.004073e+004,5.174702e-002
1.004121e+004,3.389070e-002
1.004169e+004,2.340931e-002
1.004217e+004,2.196961e-002
1.004266e+004,2.910444e-002
1.004314e+004,4.242336e-002
1.004362e+004,5.830635e-002
1.004410e+004,7.289660e-002
1.004458e+004,8.313379e-002
1.004507e+004,8.755262e-002
1.004555e+004,8.662027e-002
1.004603e+004,8.250057e-002
1.004651e+004,7.829498e-002
1.004700e+004,7.697515e-002
1.004748e+004,8.033489e-002
1.004796e+004,8.829996e-002
1.004844e+004,9.882591e-002
1.004892e+004,1.084296e-001
1.004941e+004,1.131918e-001
1.004989e+004,1.099200e-001
1.005037e+004,9.711336e-002
1.005085e+004,7.544535e-002
1.005133e+004,4.763176e-002
1.005182e+004,1.774103e-002
1.005230e+004,-9.844234e-003
1.005278e+004,-3.151561e-002
1.005326e+004,-4.528377e-002
1.005374e+004,-5.116608e-002
1.005423e+004,-5.104014e-002
1.005471e+004,-4.803216e-002
1.005519e+004,-4.562718e-002
1.005567e+004,-4.675046e-002
1.005616e+004,-5.306491e-002
1.005664e+004,-6.466390e-002
1.005712e+004,-8.022276e-002
1.005760e+004,-9.753381e-002
1.005808e+004,-1.142244e-001
1.005857e+004,-1.283946e-001
1.005905e+004,-1.389449e-001
1.005953e+004,-1.454931e-001
1.006001e+004,-1.479235e-001
1.006049e+004,-1.458964e-001
1.006098e+004,-1.385089e-001
1.006146e+004,-1.244061e-001
1.006194e+004,-1.023698e-001
1.006242e+004,-7.217808e-002
1.006290e+004,-3.534349e-002
1.006339e+004,4.677062e-003
1.006387e+004,4.303057e-002
1.006435e+004,7.468529e-002
1.006483e+004,9.591253e-002
1.006532e+004,1.054539e-001
1.006580e+004,1.048559e-001
1.006628e+004,9.775291e-002
1.006676e+004,8.831190e-002
1.006724e+004,7.943442e-002
1.006773e+004,7.147843e-002
1.006821e+004,6.209582e-002
1.006869e+004,4.733946e-002
1.006917e+004,2.364261e-002
1.006965e+004,-1.013529e-002
1.007014e+004,-5.148047e-002
1.007062e+004,-9.439392e-002
1.007110e+004,-1.309798e-001
1.007158e+004,-1.538972e-001
1.007207e+004,-1.587636e-001
1.007255e+004,-1.456034e-001
1.007303e+004,-1.188000e-001
1.007351e+004,-8.558703e-002
1.007399e+004,-5.367402e-002
1.007448e+004,-2.890688e-002
1.007496e+004,-1.379558e-002
1.007544e+004,-7.344867e-003
1.007592e+004,-6.087988e-003
1.007640e+004,-5.786614e-003
1.007689e+004,-3.083090e-003
1.007737e+004,3.483052e-003
1.007785e+004,1.334897e-002
1.007833e+004,2.456273e-002
1.007881e+004,3.477990e-002
1.007930e+004,4.216587e-002
1.007978e+004,4.588636e-002
1.008026e+004,4.611242e-002
1.008074e+004,4.368068e-002
1.008123e+004,3.965373e-002
1.008171e+004,3.499036e-002
1.008219e+004,3.041524e-002
1.008267e+004,2.645084e-002
1.008315e+004,2.350171e-002
1.008364e+004,2.189167e-002
1.008412e+004,2.182081e-002
1.008460e+004,2.327982e-002
1.008508e+004,2.599379e-002
1.008556e+004,2.944864e-002
1.008605e+004,3.300097e-002
1.008653e+004,3.602280e-002
1.008701e+004,3.801702e-002
1.008749e+004,3.866075e-002
1.008798e+004,3.778117e-002
1.008846e+004,3.530602e-002
1.008894e+004,3.124469e-002
1.008942e+004,2.573320e-002
1.008990e+004,1.913819e-002
1.009039e+004,1.212909e-002
1.009087e+004,5.857760e-003
1.009135e+004,1.840014e-003
1.009183e+004,1.787077e-003
1.009231e+004,7.275629e-003
1.009280e+004,1.931784e-002
1.009328e+004,3.792514e-002
1.009376e+004,6.179954e-002
1.009424e+004,8.829258e-002
1.009472e+004,1.137276e-001
1.009521e+004,1.340808e-001
1.009569e+004,1.458833e-001
1.009617e+004,1.470910e-001
1.009665e+004,1.376243e-001
1.009714e+004,1.193529e-001
1.009762e+004,9.547801e-002
1.009810e+004,6.950203e-002
1.009858e+004,4.416194e-002
1.009906e+004,2.075268e-002
1.009955e+004,-8.699413e-004
1.010003e+004,-2.160438e-002
1.010051e+004,-4.204858e-002
1.010099e+004,-6.158690e-002
1.010147e+004,-7.809502e-002
1.010196e+004,-8.846879e-002
1.010244e+004,-8.979067e-002
1.010292e+004,-8.062184e-002
1.010340e+004,-6.181587e-002
1.010389e+004,-3.644308e-002
1.010437e+004,-8.812135e-003
1.010485e+004,1.700049e-002
1.010533e+004,3.845647e-002
1.010581e+004,5.510290e-002
1.010630e+004,6.812343e-002
1.010678e+004,7.914735e-002
1.010726e+004,8.894156e-002
1.010774e+004,9.667641e-002
1.010822e+004,1.001713e-001
1.010871e+004,9.702871e-002
1.010919e+004,8.610182e-002
1.010967e+004,6.853832e-002
1.011015e+004,4.781900e-002
1.011063e+004,2.868486e-002
1.011112e+004,1.538911e-002
1.011160e+004,1.005479e-002
1.011208e+004,1.188107e-002
1.011256e+004,1.755811e-002
1.011305e+004,2.270043e-002
1.011353e+004,2.365986e-002
1.011401e+004,1.893257e-002
1.011449e+004,9.587681e-003
1.011497e+004,-1.391592e-003
1.011546e+004,-1.048028e-002
1.011594e+004,-1.504622e-002
1.011642e+004,-1.424405e-002
1.011690e+004,-9.085181e-003
1.011738e+004,-1.809997e-003
1.011787e+004,5.032009e-003
1.011835e+004,9.349772e-003
1.011883e+004,9.875382e-003
1.011931e+004,6.153890e-003
1.011980e+004,-1.613484e-003
1.012028e+004,-1.263219e-002
1.012076e+004,-2.540164e-002
1.012124e+004,-3.752558e-002
1.012172e+004,-4.585157e-002
1.012221e+004,-4.702097e-002
1.012269e+004,-3.835523e-002
1.012317e+004,-1.886924e-002
1.012365e+004,1.006031e-002
1.012413e+004,4.474037e-002
1.012462e+004,8.001249e-002
1.012510e+004,1.106452e-001
1.012558e+004,1.327462e-001
1.012606e+004,1.446465e-001
1.012654e+004,1.469368e-001
1.012703e+004,1.417086e-001
1.012751e+004,1.313983e-001
1.012799e+004,1.177737e-001
1.012847e+004,1.014984e-001
1.012896e+004,8.240321e-002
1.012944e+004,6.026383e-002
1.012992e+004,3.566204e-002
1.013040e+004,1.050713e-002
1.013088e+004,-1.202802e-002
1.013137e+004,-2.812887e-002
1.013185e+004,-3.427410e-002
1.013233e+004,-2.814778e-002
1.013281e+004,-9.267322e-003
1.013329e+004,2.078061e-002
1.013378e+004,5.844938e-002
1.013426e+004,9.858588e-002
1.013474e+004,1.349593e-001
1.013522e+004,1.609725e-001
1.013571e+004,1.705908e-001
1.013619e+004,1.594506e-001
1.013667e+004,1.259670e-001
1.013715e+004,7.211392e-002
1.013763e+004,3.519766e-003
1.013812e+004,-7.134096e-002
1.013860e+004,-1.428012e-001
1.013908e+004,-2.021165e-001
1.013956e+004,-2.434416e-001
1.014004e+004,-2.650495e-001
1.014053e+004,-2.693889e-001
1.014101e+004,-2.619375e-001
1.014149e+004,-2.492086e-001
1.014197e+004,-2.365410e-001
1.014246e+004,-2.263849e-001
1.014294e+004,-2.176358e-001
1.014342e+004,-2.062337e-001
1.014390e+004,-1.868375e-001
1.014438e+004,-1.550379e-001
1.014487e+004,-1.093876e-001
1.014535e+004,-5.257577e-002
1.014583e+004,8.676534e-003
1.014631e+004,6.504112e-002
1.014679e+004,1.069546e-001
1.014728e+004,1.272467e-001
1.014776e+004,1.232056e-001
1.014824e+004,9.739081e-002
1.014872e+004,5.689017e-002
1.014921e+004,1.124262e-002
1.014969e+004,-3.026841e-002
1.015017e+004,-6.101790e-002
1.015065e+004,-7.832912e-002
1.015113e+004,-8.327404e-002
1.015162e+004,-7.918116e-002
1.015210e+004,-6.976973e-002
1.015258e+004,-5.678937e-002
1.015306e+004,-3.958546e-002
1.015354e+004,-1.565762e-002
1.015403e+004,1.763375e-002
1.015451e+004,6.100485e-002
1.015499e+004,1.117618e-001
1.015547e+004,1.636093e-001
1.015596e+004,2.079482e-001
1.015644e+004,2.362512e-001
1.015692e+004,2.426794e-001
1.015740e+004,2.260033e-001
1.015788e+004,1.901487e-001
1.015837e+004,1.431835e-001
1.015885e+004,9.510828e-002
1.015933e+004,5.519918e-002
1.015981e+004,2.975451e-002
1.016029e+004,2.087274e-002
1.016078e+004,2.648486e-002
1.016126e+004,4.143739e-002
1.016174e+004,5.914556e-002
1.016222e+004,7.327357e-002
1.016271e+004,7.902407e-002
1.016319e+004,7.384002e-002
1.016367e+004,5.753795e-002
1.016415e+004,3.202002e-002
1.016463e+004,7.371744e-004
1.016512e+004,-3.197500e-002
1.016560e+004,-6.163113e-002
1.016608e+004,-8.436560e-002
1.016656e+004,-9.767043e-002
1.016704e+004,-1.009717e-001
1.016753e+004,-9.587947e-002
1.016801e+004,-8.597770e-002
1.016849e+004,-7.612239e-002
1.016897e+004,-7.136422e-002
1.016946e+004,-7.574064e-002
1.016994e+004,-9.124727e-002
1.017042e+004,-1.172684e-001
1.017090e+004,-1.506244e-001
1.017138e+004,-1.862196e-001
1.017187e+004,-2.181090e-001
1.017235e+004,-2.407007e-001
1.017283e+004,-2.498117e-001
1.017331e+004,-2.433763e-001
1.017379e+004,-2.217285e-001
1.017428e+004,-1.874908e-001
1.017476e+004,-1.451596e-001
1.017524e+004,-1.004869e-001
1.017572e+004,-5.973094e-002
1.017620e+004,-2.882219e-002
1.017669e+004,-1.249252e-002
1.017717e+004,-1.344661e-002
1.017765e+004,-3.171487e-002
1.017813e+004,-6.436712e-002
1.017862e+004,-1.057553e-001
1.017910e+004,-1.483582e-001
1.017958e+004,-1.841407e-001
1.018006e+004,-2.061585e-001
1.018054e+004,-2.100273e-001
1.018103e+004,-1.948618e-001
1.018151e+004,-1.634191e-001
1.018199e+004,-1.213820e-001
1.018247e+004,-7.595629e-002
1.018295e+004,-3.457513e-002
1.018344e+004,-2.053927e-003
1.018392e+004,1.928262e-002
1.018440e+004,3.008110e-002
1.018488e+004,3.332580e-002
1.018537e+004,3.312152e-002
1.018585e+004,3.331245e-002
1.018633e+004,3.639185e-002
1.018681e+004,4.303294e-002
1.018729e+004,5.233251e-002
1.018778e+004,6.259721e-002
1.018826e+004,7.231461e-002
1.018874e+004,8.090235e-002
1.018922e+004,8.893134e-002
1.018970e+004,9.774102e-002
1.019019e+004,1.086185e-001
1.019067e+004,1.219080e-001
1.019115e+004,1.364586e-001
1.019163e+004,1.496872e-001
1.019211e+004,1.582738e-001
1.019260e+004,1.592247e-001
1.019308e+004,1.508685e-001
1.019356e+004,1.333713e-001
1.019404e+004,1.085629e-001
1.019453e+004,7.917669e-002
1.019501e+004,4.787502e-002
1.019549e+004,1.652875e-002
1.019597e+004,-1.390483e-002
1.019645e+004,-4.286092e-002
1.019694e+004,-6.929760e-002
1.019742e+004,-9.098103e-002
1.019790e+004,-1.044015e-001
1.019838e+004,-1.055246e-001
1.019886e+004,-9.118327e-002
1.019935e+004,-6.057961e-002
1.019983e+004,-1.624701e-002
1.020031e+004,3.600707e-002
1.020079e+004,8.827334e-002
1.020128e+004,1.324854e-001
1.020176e+004,1.624855e-001
1.020224e+004,1.755076e-001
1.020272e+004,1.725938e-001
1.020320e+004,1.578538e-001
1.020369e+004,1.368817e-001
1.020417e+004,1.148935e-001
1.020465e+004,9.517527e-002
1.020513e+004,7.826132e-002
1.020561e+004,6.199203e-002
1.020610e+004,4.235606e-002
1.020658e+004,1.485724e-002
1.020706e+004,-2.392232e-002
1.020754e+004,-7.490648e-002
1.020802e+004,-1.355852e-001
1.020851e+004,-1.998389e-001
1.020899e+004,-2.587038e-001
1.020947e+004,-3.020606e-001
1.020995e+004,-3.209515e-001
1.021044e+004,-3.099739e-001
1.021092e+004,-2.690537e-001
1.021140e+004,-2.039807e-001
1.021188e+004,-1.253872e-001
1.021236e+004,-4.633651e-002
1.021285e+004,2.083526e-002
1.021333e+004,6.747697e-002
1.021381e+004,9.042592e-002
1.021429e+004,9.238512e-002
1.021477e+004,8.036451e-002
1.021526e+004,6.330769e-002
1.021574e+004,4.947491e-002
1.021622e+004,4.441790e-002
1.021670e+004,5.001923e-002
1.021719e+004,6.465333e-002
1.021767e+004,8.417998e-002
1.021815e+004,1.033152e-001
1.021863e+004,1.169639e-001
1.021911e+004,1.212682e-001
1.021960e+004,1.143033e-001
1.022008e+004,9.643877e-002
1.022056e+004,7.036282e-002
1.022104e+004,4.071289e-002
1.022152e+004,1.325859e-002
1.022201e+004,-6.307125e-003
1.022249e+004,-1.373396e-002
1.022297e+004,-7.355635e-003
1.022345e+004,1.138370e-002
1.022393e+004,3.824261e-002
1.022442e+004,6.726524e-002
1.022490e+004,9.226979e-002
1.022538e+004,1.082237e-001
1.022586e+004,1.120589e-001
1.022635e+004,1.027559e-001
1.022683e+004,8.086228e-002
1.022731e+004,4.784115e-002
1.022779e+004,5.647826e-003
1.022827e+004,-4.327512e-002
1.022876e+004,-9.568871e-002
1.022924e+004,-1.472618e-001
1.022972e+004,-1.926487e-001
1.023020e+004,-2.261250e-001
1.023068e+004,-2.426837e-001
1.023117e+004,-2.392476e-001
1.023165e+004,-2.155765e-001
1.023213e+004,-1.745627e-001
1.023261e+004,-1.218362e-001
1.023310e+004,-6.481711e-002
1.023358e+004,-1.147078e-002
1.023406e+004,3.098944e-002
1.023454e+004,5.727831e-002
1.023502e+004,6.497432e-002
1.023551e+004,5.509149e-002
1.023599e+004,3.211584e-002
1.023647e+004,3.331714e-003
1.023695e+004,-2.262260e-002
1.023743e+004,-3.778324e-002
1.023792e+004,-3.699116e-002
1.023840e+004,-1.945350e-002
1.023888e+004,1.088127e-002
1.023936e+004,4.640755e-002
1.023984e+004,7.814647e-002
1.024033e+004,9.846359e-002
1.024081e+004,1.032284e-001
1.024129e+004,9.262083e-002
1.024177e+004,7.035509e-002
1.024226e+004,4.177056e-002
1.024274e+004,1.170458e-002
1.024322e+004,-1.691033e-002
1.024370e+004,-4.319922e-002
1.024418e+004,-6.737059e-002
1.024467e+004,-8.931231e-002
1.024515e+004,-1.073653e-001
1.024563e+004,-1.189369e-001
1.024611e+004,-1.212620e-001
1.024659e+004,-1.128732e-001
1.024708e+004,-9.467379e-002
1.024756e+004,-6.995092e-002
1.024804e+004,-4.322511e-002
1.024852e+004,-1.847165e-002
1.024900e+004,2.369915e-003
1.024949e+004,1.978433e-002
1.024997e+004,3.570766e-002
1.025045e+004,5.166251e-002
1.025093e+004,6.698865e-002
1.025142e+004,7.818092e-002
1.025190e+004,7.983804e-002
1.025238e+004,6.693044e-002
1.025286e+004,3.739608e-002
1.025334e+004,-6.167724e-003
1.025383e+004,-5.659527e-002
1.025431e+004,-1.041130e-001
1.025479e+004,-1.394017e-001
1.025527e+004,-1.564932e-001
1.025575e+004,-1.543317e-001
1.025624e+004,-1.364675e-001
1.025672e+004,-1.092022e-001
1.025720e+004,-7.914032e-002
1.025768e+004,-5.123693e-002
1.025817e+004,-2.804177e-002
1.025865e+004,-1.017554e-002
1.025913e+004,2.513341e-003
1.025961e+004,9.893111e-003
1.026009e+004,1.117522e-002
1.026058e+004,5.322305e-003
1.026106e+004,-8.138974e-003
1.026154e+004,-2.847450e-002
1.026202e+004,-5.368533e-002
1.026250e+004,-8.105986e-002
1.026299e+004,-1.079893e-001
1.026347e+004,-1.325748e-001
1.026395e+004,-1.537316e-001
1.026443e+004,-1.708539e-001
1.026492e+004,-1.834044e-001
1.026540e+004,-1.908402e-001
1.026588e+004,-1.930188e-001
1.026636e+004,-1.908301e-001
1.026684e+004,-1.865074e-001
1.026733e+004,-1.831332e-001
1.026781e+004,-1.832665e-001
1.026829e+004,-1.871976e-001
1.026877e+004,-1.917341e-001
1.026925e+004,-1.903715e-001
1.026974e+004,-1.751609e-001
1.027022e+004,-1.397750e-001
1.027070e+004,-8.258530e-002
1.027118e+004,-8.361529e-003
1.027167e+004,7.235143e-002
1.027215e+004,1.461680e-001
1.027263e+004,2.010523e-001
1.027311e+004,2.300981e-001
1.027359e+004,2.333843e-001
1.027408e+004,2.172471e-001
1.027456e+004,1.914350e-001
1.027504e+004,1.654648e-001
1.027552e+004,1.457985e-001
1.027600e+004,1.343647e-001
1.027649e+004,1.296859e-001
1.027697e+004,1.288338e-001
1.027745e+004,1.294822e-001
1.027793e+004,1.309631e-001
1.027841e+004,1.339971e-001
1.027890e+004,1.395537e-001
1.027938e+004,1.477525e-001
1.027986e+004,1.575856e-001
1.028034e+004,1.676555e-001
1.028083e+004,1.774336e-001
1.028131e+004,1.881580e-001
1.028179e+004,2.026380e-001
1.028227e+004,2.238328e-001
1.028275e+004,2.528099e-001
1.028324e+004,2.871462e-001
1.028372e+004,3.207305e-001
1.028420e+004,3.452955e-001
1.028468e+004,3.531490e-001
1.028516e+004,3.399434e-001
1.028565e+004,3.062493e-001
1.028613e+004,2.572223e-001
1.028661e+004,2.005436e-001
1.028709e+004,1.436012e-001
1.028758e+004,9.120637e-002
1.028806e+004,4.481335e-002
1.028854e+004,3.435432e-003
1.028902e+004,-3.437907e-002
1.028950e+004,-6.861054e-002
1.028999e+004,-9.686652e-002
1.029047e+004,-1.149383e-001
1.029095e+004,-1.185033e-001
1.029143e+004,-1.051190e-001
1.029191e+004,-7.555564e-002
1.029240e+004,-3.388115e-002
1.029288e+004,1.366272e-002
1.029336e+004,6.041075e-002
1.029384e+004,1.008719e-001
1.029432e+004,1.316090e-001
1.029481e+004,1.512829e-001
1.029529e+004,1.601516e-001
1.029577e+004,1.594707e-001
1.029625e+004,1.511066e-001
1.029674e+004,1.373866e-001
1.029722e+004,1.209679e-001
1.029770e+004,1.044774e-001
1.029818e+004,8.986609e-002
1.029866e+004,7.770888e-002
1.029915e+004,6.686205e-002
1.029963e+004,5.483044e-002
1.030011e+004,3.887817e-002
1.030059e+004,1.750241e-002
1.030107e+004,-8.393060e-003
1.030156e+004,-3.524975e-002
1.030204e+004,-5.778681e-002
1.030252e+004,-7.082824e-002
1.030300e+004,-7.130385e-002
1.030349e+004,-5.958281e-002
1.030397e+004,-3.955519e-002
1.030445e+004,-1.739482e-002
1.030493e+004,5.151426e-004
1.030541e+004,9.669452e-003
1.030590e+004,8.732366e-003
1.030638e+004,-5.106975e-004
1.030686e+004,-1.393104e-002
1.030734e+004,-2.719180e-002
1.030782e+004,-3.722412e-002
1.030831e+004,-4.314218e-002
1.030879e+004,-4.620728e-002
1.030927e+004,-4.899165e-002
1.030975e+004,-5.416645e-002
1.031023e+004,-6.341887e-002
1.031072e+004,-7.687503e-002
1.031120e+004,-9.316391e-002
1.031168e+004,-1.100051e-001
1.031216e+004,-1.250435e-001
1.031265e+004,-1.366146e-001
1.031313e+004,-1.441984e-001
1.031361e+004,-1.484505e-001
1.031409e+004,-1.508475e-001
1.031457e+004,-1.531083e-001
1.031506e+004,-1.566190e-001
1.031554e+004,-1.620767e-001
1.031602e+004,-1.694755e-001
1.031650e+004,-1.784041e-001
1.031698e+004,-1.884741e-001
1.031747e+004,-1.996210e-001
1.031795e+004,-2.120578e-001
1.031843e+004,-2.258387e-001
1.031891e+004,-2.402176e-001
1.031940e+004,-2.531594e-001
1.031988e+004,-2.613803e-001
1.032036e+004,-2.611005e-001
1.032084e+004,-2.493637e-001
1.032132e+004,-2.254503e-001
1.032181e+004,-1.917507e-001
1.032229e+004,-1.535829e-001
1.032277e+004,-1.178244e-001
1.032325e+004,-9.073532e-002
1.032373e+004,-7.575013e-002
1.032422e+004,-7.211123e-002
1.032470e+004,-7.494245e-002
1.032518e+004,-7.680991e-002
1.032566e+004,-7.022354e-002
1.032614e+004,-5.015535e-002
1.032663e+004,-1.565668e-002
1.032711e+004,2.996556e-002
1.032759e+004,8.037408e-002
1.032807e+004,1.282700e-001
1.032856e+004,1.674913e-001
1.032904e+004,1.944169e-001
1.032952e+004,2.083129e-001
1.033000e+004,2.107163e-001
1.033048e+004,2.043004e-001
1.033097e+004,1.917813e-001
1.033145e+004,1.752805e-001
1.033193e+004,1.562687e-001
1.033241e+004,1.359208e-001
1.033289e+004,1.155521e-001
1.033338e+004,9.681807e-002
1.033386e+004,8.152328e-002
1.033434e+004,7.110094e-002
1.033482e+004,6.599737e-002
1.033530e+004,6.525303e-002
1.033579e+004,6.651135e-002
1.033627e+004,6.653375e-002
1.033675e+004,6.212260e-002
1.033723e+004,5.119274e-002
1.033772e+004,3.367480e-002
1.033820e+004,1.187825e-002
1.033868e+004,-9.827120e-003
1.033916e+004,-2.602577e-002
1.033964e+004,-3.170696e-002
1.034013e+004,-2.371711e-002
1.034061e+004,-1.730822e-003
1.034109e+004,3.160520e-002
1.034157e+004,7.141399e-002
1.034205e+004,1.119333e-001
1.034254e+004,1.479458e-001
1.034302e+004,1.757623e-001
1.034350e+004,1.934520e-001
1.034398e+004,2.003806e-001
1.034447e+004,1.964417e-001
1.034495e+004,1.814973e-001
1.034543e+004,1.553929e-001
1.034591e+004,1.185642e-001
1.034639e+004,7.287634e-002
1.034688e+004,2.214638e-002
1.034736e+004,-2.810397e-002
1.034784e+004,-7.175806e-002
1.034832e+004,-1.037352e-001
1.034880e+004,-1.214941e-001
1.034929e+004,-1.257549e-001
1.034977e+004,-1.201034e-001
1.035025e+004,-1.096406e-001
1.035073e+004,-9.926151e-002
1.035121e+004,-9.227276e-002
1.035170e+004,-8.983099e-002
1.035218e+004,-9.124728e-002
1.035266e+004,-9.479629e-002
1.035314e+004,-9.850779e-002
1.035363e+004,-1.005710e-001
1.035411e+004,-9.933603e-002
1.035459e+004,-9.322640e-002
1.035507e+004,-8.095562e-002
1.035555e+004,-6.221350e-002
1.035604e+004,-3.857438e-002
1.035652e+004,-1.404005e-002
1.035700e+004,5.389961e-003
1.035748e+004,1.335420e-002
1.035796e+004,5.564730e-003
1.035845e+004,-1.793784e-002
1.035893e+004,-5.185102e-002
1.035941e+004,-8.671314e-002
1.035989e+004,-1.118872e-001
1.036038e+004,-1.193711e-001
1.036086e+004,-1.068978e-001
1.036134e+004,-7.899588e-002
1.036182e+004,-4.549762e-002
1.036230e+004,-1.805135e-002
1.036279e+004,-6.025685e-003
1.036327e+004,-1.342005e-002
1.036375e+004,-3.791991e-002
1.036423e+004,-7.229561e-002
1.036471e+004,-1.073739e-001
1.036520e+004,-1.352499e-001
1.036568e+004,-1.514798e-001
1.036616e+004,-1.556012e-001
1.036664e+004,-1.501405e-001
1.036713e+004,-1.388616e-001
1.036761e+004,-1.251558e-001
1.036809e+004,-1.111501e-001
1.036857e+004,-9.763610e-002
1.036905e+004,-8.441184e-002
1.036954e+004,-7.063720e-002
1.037002e+004,-5.497758e-002
1.037050e+004,-3.566405e-002
1.037098e+004,-1.079382e-002
1.037146e+004,2.090005e-002
1.037195e+004,5.893337e-002
1.037243e+004,1.001147e-001
1.037291e+004,1.384001e-001
1.037339e+004,1.659674e-001
1.037388e+004,1.753690e-001
1.037436e+004,1.620349e-001
1.037484e+004,1.261075e-001
1.037532e+004,7.278989e-002
1.037580e+004,1.099272e-002
1.037629e+004,-4.918767e-002
1.037677e+004,-9.913585e-002
1.037725e+004,-1.334986e-001
1.037773e+004,-1.505353e-001
1.037821e+004,-1.512079e-001
1.037870e+004,-1.377464e-001
1.037918e+004,-1.125622e-001
1.037966e+004,-7.803560e-002
1.038014e+004,-3.709635e-002
1.038063e+004,6.022748e-003
1.038111e+004,4.562506e-002
1.038159e+004,7.542872e-002
1.038207e+004,9.031750e-002
1.038255e+004,8.823471e-002
1.038304e+004,7.129530e-002
1.038352e+004,4.547932e-002
1.038400e+004,1.888676e-002
1.038448e+004,-8.095095e-004
1.038496e+004,-8.723580e-003
1.038545e+004,-4.040440e-003
1.038593e+004,1.016607e-002
1.038641e+004,2.834471e-002
1.038689e+004,4.442632e-002
1.038738e+004,5.357604e-002
1.038786e+004,5.325116e-002
1.038834e+004,4.349018e-002
1.038882e+004,2.666626e-002
1.038930e+004,6.991349e-003
1.038979e+004,-1.010486e-002
1.039027e+004,-1.880582e-002
1.039075e+004,-1.408134e-002
1.039123e+004,6.854038e-003
1.039171e+004,4.319125e-002
1.039220e+004,8.991883e-002
1.039268e+004,1.385134e-001
1.039316e+004,1.790215e-001
1.039364e+004,2.029697e-001
1.039413e+004,2.060281e-001
1.039461e+004,1.893053e-001
1.039509e+004,1.586570e-001
1.039557e+004,1.222450e-001
1.039605e+004,8.739365e-002
1.039654e+004,5.814380e-002
1.039702e+004,3.459524e-002
1.039750e+004,1.427958e-002
1.039798e+004,-5.195342e-003
1.039846e+004,-2.363645e-002
1.039895e+004,-3.725592e-002
1.039943e+004,-3.989206e-002
1.039991e+004,-2.581571e-002
1.040039e+004,6.994592e-003
1.040088e+004,5.486617e-002
1.040136e+004,1.088156e-001
1.040184e+004,1.573212e-001
1.040232e+004,1.903829e-001
1.040280e+004,2.031519e-001
1.040329e+004,1.975733e-001
1.040377e+004,1.813512e-001
1.040425e+004,1.647031e-001
1.040473e+004,1.562950e-001
1.040521e+004,1.600284e-001
1.040570e+004,1.738871e-001
1.040618e+004,1.911029e-001
1.040666e+004,2.029356e-001
1.040714e+004,2.018183e-001
1.040762e+004,1.836735e-001
1.040811e+004,1.487412e-001
1.040859e+004,1.009699e-001
1.040907e+004,4.654960e-002
1.040955e+004,-7.673195e-003
1.041004e+004,-5.536286e-002
1.041052e+004,-9.129725e-002
1.041100e+004,-1.115843e-001
1.041148e+004,-1.137829e-001
1.041196e+004,-9.710391e-002
1.041245e+004,-6.265530e-002
1.041293e+004,-1.354839e-002
1.041341e+004,4.530640e-002
1.041389e+004,1.077377e-001
1.041437e+004,1.670408e-001
1.041486e+004,2.166841e-001
1.041534e+004,2.508720e-001
1.041582e+004,2.650144e-001
1.041630e+004,2.562747e-001
1.041679e+004,2.243217e-001
1.041727e+004,1.721817e-001
1.041775e+004,1.067954e-001
1.041823e+004,3.873125e-002
1.041871e+004,-1.933536e-002
1.041920e+004,-5.530852e-002
1.041968e+004,-6.085489e-002
1.042016e+004,-3.401363e-002
1.042064e+004,1.980709e-002
1.042112e+004,8.898486e-002
1.042161e+004,1.587524e-001
1.042209e+004,2.152226e-001
1.042257e+004,2.490343e-001
1.042305e+004,2.574037e-001
1.042353e+004,2.439638e-001
1.042402e+004,2.166195e-001
1.042450e+004,1.843803e-001
1.042498e+004,1.544568e-001
1.042546e+004,1.306539e-001
1.042595e+004,1.134340e-001
1.042643e+004,1.012691e-001
1.042691e+004,9.240887e-002
1.042739e+004,8.616026e-002
1.042787e+004,8.315679e-002
1.042836e+004,8.467910e-002
1.042884e+004,9.156097e-002
1.042932e+004,1.033697e-001
1.042980e+004,1.183550e-001
1.043028e+004,1.340942e-001
1.043077e+004,1.485783e-001
1.043125e+004,1.610409e-001
1.043173e+004,1.720772e-001
1.043221e+004,1.829732e-001
1.043269e+004,1.945781e-001
1.043318e+004,2.063249e-001
1.043366e+004,2.159422e-001
1.043414e+004,2.200893e-001
1.043462e+004,2.156818e-001
1.043511e+004,2.013428e-001
1.043559e+004,1.782966e-001
1.043607e+004,1.502595e-001
1.043655e+004,1.223096e-001
1.043703e+004,9.917470e-002
1.043752e+004,8.364134e-002
1.043800e+004,7.573850e-002
1.043848e+004,7.302177e-002
1.043896e+004,7.181012e-002
1.043944e+004,6.882814e-002
1.043993e+004,6.253897e-002
1.044041e+004,5.360419e-002
1.044089e+004,4.429669e-002
1.044137e+004,3.715778e-002
1.044186e+004,3.352003e-002
1.044234e+004,3.257356e-002
1.044282e+004,3.141337e-002
1.044330e+004,2.607254e-002
1.044378e+004,1.312013e-002
1.044427e+004,-8.839999e-003
1.044475e+004,-3.838255e-002
1.044523e+004,-7.150190e-002
1.044571e+004,-1.027775e-001
1.044619e+004,-1.270079e-001
1.044668e+004,-1.407071e-001
1.044716e+004,-1.429579e-001
1.044764e+004,-1.354175e-001
1.044812e+004,-1.216056e-001
1.044860e+004,-1.058414e-001
1.044909e+004,-9.220938e-002
1.044957e+004,-8.378090e-002
1.045005e+004,-8.211081e-002
1.045053e+004,-8.690470e-002
1.045102e+004,-9.579386e-002
1.045150e+004,-1.043084e-001
1.045198e+004,-1.062841e-001
1.045246e+004,-9.492873e-002
1.045294e+004,-6.455714e-002
1.045343e+004,-1.264097e-002
1.045391e+004,5.849899e-002
1.045439e+004,1.411143e-001
1.045487e+004,2.230622e-001
1.045535e+004,2.904018e-001
1.045584e+004,3.308761e-001
1.045632e+004,3.371747e-001
1.045680e+004,3.088531e-001
1.045728e+004,2.522354e-001
1.045777e+004,1.783696e-001
1.045825e+004,9.984240e-002
1.045873e+004,2.765229e-002
1.045921e+004,-3.077470e-002
1.045969e+004,-7.193383e-002
1.046018e+004,-9.522008e-002
1.046066e+004,-1.013934e-001
1.046114e+004,-9.138837e-002
1.046162e+004,-6.621891e-002
1.046210e+004,-2.774218e-002
1.046259e+004,2.029205e-002
1.046307e+004,7.175605e-002
1.046355e+004,1.187800e-001
1.046403e+004,1.534683e-001
1.046451e+004,1.700479e-001
1.046500e+004,1.665192e-001
1.046548e+004,1.450626e-001
1.046596e+004,1.110351e-001
1.046644e+004,7.104908e-002
1.046693e+004,3.103588e-002
1.046741e+004,-4.862218e-003
1.046789e+004,-3.420901e-002
1.046837e+004,-5.529442e-002
1.046885e+004,-6.603137e-002
1.046934e+004,-6.355359e-002
1.046982e+004,-4.493331e-002
1.047030e+004,-8.786698e-003
1.047078e+004,4.301464e-002
1.047126e+004,1.044736e-001
1.047175e+004,1.660706e-001
1.047223e+004,2.168302e-001
1.047271e+004,2.471793e-001
1.047319e+004,2.515616e-001
1.047368e+004,2.298634e-001
1.047416e+004,1.871968e-001
1.047464e+004,1.322308e-001
1.047512e+004,7.477396e-002
1.047560e+004,2.346708e-002
1.047609e+004,-1.575085e-002
1.047657e+004,-4.016305e-002
1.047705e+004,-4.993681e-002
1.047753e+004,-4.729564e-002
1.047801e+004,-3.555728e-002
1.047850e+004,-1.824640e-002
1.047898e+004,1.644224e-003
1.047946e+004,2.220128e-002
1.047994e+004,4.284801e-002
1.048042e+004,6.416503e-002
1.048091e+004,8.720017e-002
1.048139e+004,1.124059e-001
1.048187e+004,1.386018e-001
1.048235e+004,1.624991e-001
1.048284e+004,1.791976e-001
1.048332e+004,1.836829e-001
1.048380e+004,1.728436e-001
1.048428e+004,1.471677e-001
1.048476e+004,1.112697e-001
1.048525e+004,7.281249e-002
1.048573e+004,4.007864e-002
1.048621e+004,1.909878e-002
1.048669e+004,1.153233e-002
1.048717e+004,1.423735e-002
1.048766e+004,2.075858e-002
1.048814e+004,2.412441e-002
1.048862e+004,1.977116e-002
1.048910e+004,7.372087e-003
1.048959e+004,-9.146129e-003
1.049007e+004,-2.330445e-002
1.049055e+004,-2.866448e-002
1.049103e+004,-2.117611e-002
1.049151e+004,-3.777919e-004
1.049200e+004,3.085163e-002
1.049248e+004,6.761654e-002
1.049296e+004,1.046402e-001
1.049344e+004,1.375041e-001
1.049392e+004,1.631377e-001
1.049441e+004,1.796760e-001
1.049489e+004,1.860980e-001
1.049537e+004,1.820478e-001
1.049585e+004,1.679679e-001
1.049633e+004,1.453439e-001
1.049682e+004,1.167072e-001
1.049730e+004,8.516044e-002
1.049778e+004,5.351729e-002
1.049826e+004,2.346801e-002
1.049875e+004,-4.719090e-003
1.049923e+004,-3.169150e-002
1.049971e+004,-5.789232e-002
1.050019e+004,-8.244053e-002
1.050067e+004,-1.027267e-001
1.050116e+004,-1.151240e-001
1.050164e+004,-1.166198e-001
1.050212e+004,-1.066139e-001
1.050260e+004,-8.792091e-002
1.050308e+004,-6.630246e-002
1.050357e+004,-4.853360e-002
1.050405e+004,-3.975805e-002
1.050453e+004,-4.131393e-002
1.050501e+004,-5.008494e-002
1.050550e+004,-5.976834e-002
1.050598e+004,-6.355219e-002
1.050646e+004,-5.700194e-002
1.050694e+004,-3.983738e-002
1.050742e+004,-1.580782e-002
1.050791e+004,9.210698e-003
1.050839e+004,2.994440e-002
1.050887e+004,4.398069e-002
1.050935e+004,5.254239e-002
1.050983e+004,5.949952e-002
1.051032e+004,6.917998e-002
1.051080e+004,8.407526e-002
1.051128e+004,1.035218e-001
1.051176e+004,1.238953e-001
1.051225e+004,1.400900e-001
1.051273e+004,1.474721e-001
1.051321e+004,1.433910e-001
1.051369e+004,1.276848e-001
1.051417e+004,1.022015e-001
1.051466e+004,6.983668e-002
1.051514e+004,3.372573e-002
1.051562e+004,-3.018013e-003
1.051610e+004,-3.708010e-002
1.051658e+004,-6.468165e-002
1.051707e+004,-8.178911e-002
1.051755e+004,-8.502657e-002
1.051803e+004,-7.303779e-002
1.051851e+004,-4.765538e-002
1.051899e+004,-1.416945e-002
1.051948e+004,1.968587e-002
1.051996e+004,4.583858e-002
1.052044e+004,5.835063e-002
1.052092e+004,5.529808e-002
1.052141e+004,3.930314e-002
1.052189e+004,1.651246e-002
1.052237e+004,-5.549354e-003
1.052285e+004,-2.039929e-002
1.052333e+004,-2.441579e-002
1.052382e+004,-1.752883e-002
1.052430e+004,-2.746343e-003
1.052478e+004,1.510711e-002
1.052526e+004,3.089333e-002
1.052574e+004,4.043791e-002
1.052623e+004,4.133784e-002
1.052671e+004,3.327381e-002
1.052719e+004,1.791906e-002
1.052767e+004,-1.469477e-003
1.052816e+004,-2.074515e-002
1.052864e+004,-3.582335e-002
1.052912e+004,-4.376551e-002
1.052960e+004,-4.371476e-002
1.053008e+004,-3.730795e-002
1.053057e+004,-2.827914e-002
1.053105e+004,-2.126752e-002
1.053153e+004,-2.022488e-002
1.053201e+004,-2.707553e-002
1.053249e+004,-4.124312e-002
1.053298e+004,-6.030134e-002
1.053346e+004,-8.147281e-002
1.053394e+004,-1.032411e-001
1.053442e+004,-1.262039e-001
1.053490e+004,-1.525884e-001
1.053539e+004,-1.844879e-001
1.053587e+004,-2.215587e-001
1.053635e+004,-2.593097e-001
1.053683e+004,-2.889981e-001
1.053732e+004,-2.995454e-001
1.053780e+004,-2.810205e-001
1.053828e+004,-2.284800e-001
1.053876e+004,-1.446509e-001
1.053924e+004,-4.028873e-002
1.053973e+004,6.809358e-002
1.054021e+004,1.624104e-001
1.054069e+004,2.276818e-001
1.054117e+004,2.556564e-001
1.054165e+004,2.462887e-001
1.054214e+004,2.067874e-001
1.054262e+004,1.488055e-001
1.054310e+004,8.491228e-002
1.054358e+004,2.558216e-002
1.054407e+004,-2.244529e-002
1.054455e+004,-5.624834e-002
1.054503e+004,-7.568394e-002
1.054551e+004,-8.199436e-002
1.054599e+004,-7.676667e-002
1.054648e+004,-6.159794e-002
1.054696e+004,-3.837946e-002
1.054744e+004,-9.792918e-003
1.054792e+004,2.044896e-002
1.054840e+004,4.790559e-002
1.054889e+004,6.822801e-002
1.054937e+004,7.819550e-002
1.054985e+004,7.655140e-002
1.055033e+004,6.430575e-002
1.055081e+004,4.439892e-002
1.055130e+004,2.088025e-002
1.055178e+004,-2.069234e-003
1.055226e+004,-2.092680e-002
1.055274e+004,-3.322435e-002
1.055323e+004,-3.754149e-002
1.055371e+004,-3.334820e-002
1.055419e+004,-2.080606e-002
1.055467e+004,-8.228424e-004
1.055515e+004,2.471649e-002
1.055564e+004,5.271266e-002
1.055612e+004,7.887542e-002
1.055660e+004,9.821546e-002
1.055708e+004,1.060302e-001
1.055756e+004,9.917513e-002
1.055805e+004,7.723129e-002
1.055853e+004,4.312555e-002
1.055901e+004,2.888867e-003
1.055949e+004,-3.549369e-002
1.055998e+004,-6.386863e-002
1.056046e+004,-7.582281e-002
1.056094e+004,-6.815626e-002
1.056142e+004,-4.152263e-002
1.056190e+004,-1.377801e-004
1.056239e+004,4.923569e-002
1.056287e+004,9.863935e-002
1.056335e+004,1.402006e-001
1.056383e+004,1.670846e-001
1.056431e+004,1.740645e-001
1.056480e+004,1.578395e-001
1.056528e+004,1.172943e-001
1.056576e+004,5.382262e-002
1.056624e+004,-2.832688e-002
1.056672e+004,-1.219033e-001
1.056721e+004,-2.169936e-001
1.056769e+004,-3.020617e-001
1.056817e+004,-3.656634e-001
1.056865e+004,-3.985396e-001
1.056914e+004,-3.955797e-001
1.056962e+004,-3.571209e-001
1.057010e+004,-2.892000e-001
1.057058e+004,-2.026469e-001
1.057106e+004,-1.112015e-001
1.057155e+004,-2.905586e-002
1.057203e+004,3.166462e-002
1.057251e+004,6.298123e-002
1.057299e+004,6.232502e-002
1.057347e+004,3.278973e-002
1.057396e+004,-1.761539e-002
1.057444e+004,-7.753377e-002
1.057492e+004,-1.343611e-001
1.057540e+004,-1.765256e-001
1.057589e+004,-1.955744e-001
1.057637e+004,-1.876995e-001
1.057685e+004,-1.543898e-001
1.057733e+004,-1.020214e-001
1.057781e+004,-4.039958e-002
1.057830e+004,1.947672e-002
1.057878e+004,6.791541e-002
1.057926e+004,9.864387e-002
1.057974e+004,1.099346e-001
1.058022e+004,1.044099e-001
1.058071e+004,8.761699e-002
1.058119e+004,6.588772e-002
1.058167e+004,4.425519e-002
1.058215e+004,2.516335e-002
1.058263e+004,8.394403e-003
1.058312e+004,-7.855395e-003
1.058360e+004,-2.528524e-002
1.058408e+004,-4.398895e-002
1.058456e+004,-6.178002e-002
1.058505e+004,-7.479944e-002
1.058553e+004,-7.903896e-002
1.058601e+004,-7.216161e-002
1.058649e+004,-5.476897e-002
1.058697e+004,-3.049913e-002
1.058746e+004,-4.838880e-003
1.058794e+004,1.688218e-002
1.058842e+004,3.145636e-002
1.058890e+004,3.884759e-002
1.058938e+004,4.185380e-002
1.058987e+004,4.453868e-002
1.059035e+004,5.015275e-002
1.059083e+004,5.948853e-002
1.059131e+004,7.040627e-002
1.059180e+004,7.872599e-002
1.059228e+004,8.006089e-002
1.059276e+004,7.174430e-002
1.059324e+004,5.398171e-002
1.059372e+004,2.974279e-002
1.059421e+004,3.511642e-003
1.059469e+004,-2.046336e-002
1.059517e+004,-3.958596e-002
1.059565e+004,-5.337677e-002
1.059613e+004,-6.286627e-002
1.059662e+004,-6.932828e-002
1.059710e+004,-7.307180e-002
1.059758e+004,-7.295128e-002
1.059806e+004,-6.687294e-002
1.059854e+004,-5.306157e-002
1.059903e+004,-3.146119e-002
1.059951e+004,-4.556518e-003
1.059999e+004,2.284734e-002
1.060047e+004,4.488761e-002
1.060096e+004,5.649824e-002
1.060144e+004,5.516417e-002
1.060192e+004,4.194356e-002
1.060240e+004,2.142671e-002
1.060288e+004,6.928737e-004
1.060337e+004,-1.236699e-002
1.060385e+004,-1.086532e-002
1.060433e+004,9.567166e-003
1.060481e+004,4.984654e-002
1.060529e+004,1.071927e-001
1.060578e+004,1.755714e-001
1.060626e+004,2.467304e-001
1.060674e+004,3.116612e-001
1.060722e+004,3.622124e-001
1.060771e+004,3.925080e-001
1.060819e+004,3.998190e-001
1.060867e+004,3.846885e-001
1.060915e+004,3.503534e-001
1.060963e+004,3.017614e-001
1.061012e+004,2.446108e-001
1.061060e+004,1.847620e-001
1.061108e+004,1.281050e-001
1.061156e+004,8.065021e-002
1.061204e+004,4.840315e-002
1.061253e+004,3.665012e-002
1.061301e+004,4.860823e-002
1.061349e+004,8.385427e-002
1.061397e+004,1.372810e-001
1.061446e+004,1.993234e-001
1.061494e+004,2.577857e-001
1.061542e+004,3.008876e-001
1.061590e+004,3.206468e-001
1.061638e+004,3.152224e-001
1.061687e+004,2.893510e-001
1.061735e+004,2.525967e-001
1.061783e+004,2.160253e-001
1.061831e+004,1.885676e-001
1.061879e+004,1.744621e-001
1.061928e+004,1.726826e-001
1.061976e+004,1.783619e-001
1.062024e+004,1.853685e-001
1.062072e+004,1.887853e-001
1.062121e+004,1.862604e-001
1.062169e+004,1.778704e-001
1.062217e+004,1.649091e-001
1.062265e+004,1.484922e-001
1.062313e+004,1.288397e-001
1.062362e+004,1.056011e-001
1.062410e+004,7.890347e-002
1.062458e+004,5.033918e-002
1.062506e+004,2.311895e-002
1.062554e+004,1.097156e-003
1.062603e+004,-1.294715e-002
1.062651e+004,-1.888175e-002
1.062699e+004,-1.970820e-002
1.062747e+004,-2.049916e-002
1.062796e+004,-2.610714e-002
1.062844e+004,-3.864231e-002
1.062892e+004,-5.592280e-002
1.062940e+004,-7.170363e-002
1.062988e+004,-7.770177e-002
1.063037e+004,-6.663107e-002
1.063085e+004,-3.501232e-002
1.063133e+004,1.537637e-002
1.063181e+004,7.794160e-002
1.063229e+004,1.433184e-001
1.063278e+004,2.020828e-001
1.063326e+004,2.470466e-001
1.063374e+004,2.744110e-001
1.063422e+004,2.836846e-001
1.063471e+004,2.768059e-001
1.063519e+004,2.570994e-001
1.063567e+004,2.285139e-001
1.063615e+004,1.952257e-001
1.063663e+004,1.613750e-001
1.063712e+004,1.306531e-001
1.063760e+004,1.056661e-001
1.063808e+004,8.731420e-002
1.063856e+004,7.461457e-002
1.063904e+004,6.528167e-002
1.063953e+004,5.700057e-002
1.064001e+004,4.886569e-002
1.064049e+004,4.221413e-002
1.064097e+004,4.024046e-002
1.064146e+004,4.633896e-002
1.064194e+004,6.181378e-002
1.064242e+004,8.407003e-002
1.064290e+004,1.063520e-001
1.064338e+004,1.194951e-001
1.064387e+004,1.152434e-001
1.064435e+004,8.987690e-002
1.064483e+004,4.659361e-002
1.064531e+004,-4.517784e-003
1.064579e+004,-4.913148e-002
1.064628e+004,-7.310718e-002
1.064676e+004,-6.701276e-002
1.064724e+004,-2.912863e-002
1.064772e+004,3.416287e-002
1.064820e+004,1.106138e-001
1.064869e+004,1.860033e-001
1.064917e+004,2.481707e-001
1.064965e+004,2.897739e-001
1.065013e+004,3.090136e-001
1.065062e+004,3.084607e-001
1.065110e+004,2.928485e-001
1.065158e+004,2.669505e-001
1.065206e+004,2.343894e-001
1.065254e+004,1.976237e-001
1.065303e+004,1.587502e-001
1.065351e+004,1.204301e-001
1.065399e+004,8.629903e-002
1.065447e+004,6.057420e-002
1.065495e+004,4.702020e-002
1.065544e+004,4.774086e-002
1.065592e+004,6.232809e-002
1.065640e+004,8.771770e-002
1.065688e+004,1.188064e-001
1.065737e+004,1.496136e-001
1.065785e+004,1.746305e-001
1.065833e+004,1.899959e-001
1.065881e+004,1.942394e-001
1.065929e+004,1.884532e-001
1.065978e+004,1.758744e-001
1.066026e+004,1.609528e-001
1.066074e+004,1.480882e-001
1.066122e+004,1.403333e-001
1.066170e+004,1.384332e-001
1.066219e+004,1.405629e-001
1.066267e+004,1.429504e-001
1.066315e+004,1.412860e-001
1.066363e+004,1.324925e-001
1.066411e+004,1.162170e-001
1.066460e+004,9.542737e-002
1.066508e+004,7.577833e-002
1.066556e+004,6.387980e-002
1.066604e+004,6.504986e-002
1.066653e+004,8.138113e-002
1.066701e+004,1.108619e-001
1.066749e+004,1.479026e-001
1.066797e+004,1.850722e-001
1.066845e+004,2.153809e-001
1.066894e+004,2.342445e-001
1.066942e+004,2.404397e-001
1.066990e+004,2.358168e-001
1.067038e+004,2.240701e-001
1.067086e+004,2.092065e-001
1.067135e+004,1.943742e-001
1.067183e+004,1.814158e-001
1.067231e+004,1.710984e-001
1.067279e+004,1.636465e-001
1.067328e+004,1.591196e-001
1.067376e+004,1.573600e-001
1.067424e+004,1.575654e-001
1.067472e+004,1.578288e-001
1.067520e+004,1.550776e-001
1.067569e+004,1.456739e-001
1.067617e+004,1.265951e-001
1.067665e+004,9.678457e-002
1.067713e+004,5.800565e-002
1.067761e+004,1.489974e-002
1.067810e+004,-2.601306e-002
1.067858e+004,-5.799669e-002
1.067906e+004,-7.584157e-002
1.067954e+004,-7.709338e-002
1.068002e+004,-6.242616e-002
1.068051e+004,-3.517384e-002
1.068099e+004,-3.271218e-004
1.068147e+004,3.658781e-002
1.068195e+004,7.042094e-002
1.068244e+004,9.697742e-002
1.068292e+004,1.133453e-001
1.068340e+004,1.181302e-001
1.068388e+004,1.116814e-001
1.068436e+004,9.622856e-002
1.068485e+004,7.571863e-002
1.068533e+004,5.516339e-002
1.068581e+004,3.949410e-002
1.068629e+004,3.219820e-002
1.068677e+004,3.422211e-002
1.068726e+004,4.363675e-002
1.068774e+004,5.632466e-002
1.068822e+004,6.754541e-002
1.068870e+004,7.383678e-002
1.068919e+004,7.450099e-002
1.068967e+004,7.202452e-002
1.069015e+004,7.116611e-002
1.069063e+004,7.698027e-002
1.069111e+004,9.250118e-002
1.069160e+004,1.170060e-001
1.069208e+004,1.456160e-001
1.069256e+004,1.705143e-001
1.069304e+004,1.834437e-001
1.069352e+004,1.786331e-001
1.069401e+004,1.550905e-001
1.069449e+004,1.173888e-001
1.069497e+004,7.457519e-002
1.069545e+004,3.747071e-002
1.069593e+004,1.518489e-002
1.069642e+004,1.196887e-002
1.069690e+004,2.548684e-002
1.069738e+004,4.718788e-002
1.069786e+004,6.481390e-002
1.069835e+004,6.636385e-002
1.069883e+004,4.429295e-002
1.069931e+004,-1.444527e-003
1.069979e+004,-6.260242e-002
1.070027e+004,-1.245036e-001
1.070076e+004,-1.700913e-001
1.070124e+004,-1.849581e-001
1.070172e+004,-1.617623e-001
1.070220e+004,-1.025907e-001
1.070268e+004,-1.847389e-002
1.070317e+004,7.378266e-002
1.070365e+004,1.563634e-001
1.070413e+004,2.151739e-001
1.070461e+004,2.429905e-001
1.070509e+004,2.401429e-001
1.070558e+004,2.128171e-001
1.070606e+004,1.699261e-001
1.070654e+004,1.199101e-001
1.070702e+004,6.866471e-002
1.070751e+004,1.915378e-002
1.070799e+004,-2.753402e-002
1.070847e+004,-7.054184e-002
1.070895e+004,-1.080044e-001
1.070943e+004,-1.368701e-001
1.070992e+004,-1.538399e-001
1.071040e+004,-1.568958e-001
1.071088e+004,-1.466065e-001
1.071136e+004,-1.265130e-001
1.071184e+004,-1.023409e-001
1.071233e+004,-8.035019e-002
1.071281e+004,-6.552827e-002
1.071329e+004,-6.035312e-002
1.071377e+004,-6.451627e-002
1.071426e+004,-7.551572e-002
1.071474e+004,-8.967575e-002
1.071522e+004,-1.030981e-001
1.071570e+004,-1.122615e-001
1.071618e+004,-1.143020e-001
1.071667e+004,-1.072234e-001
1.071715e+004,-9.028009e-002
1.071763e+004,-6.455618e-002
1.071811e+004,-3.347021e-002
1.071859e+004,-2.769577e-003
1.071908e+004,2.032803e-002
1.071956e+004,2.883410e-002
1.072004e+004,1.807448e-002
1.072052e+004,-1.259063e-002
1.072100e+004,-5.913560e-002
1.072149e+004,-1.136892e-001
1.072197e+004,-1.666198e-001
1.072245e+004,-2.092016e-001
1.072293e+004,-2.359380e-001
1.072342e+004,-2.457340e-001
1.072390e+004,-2.415420e-001
1.072438e+004,-2.286819e-001
1.072486e+004,-2.125229e-001
1.072534e+004,-1.964261e-001
1.072583e+004,-1.806970e-001
1.072631e+004,-1.628724e-001
1.072679e+004,-1.391397e-001
1.072727e+004,-1.062837e-001
1.072775e+004,-6.340032e-002
1.072824e+004,-1.275474e-002
1.072872e+004,4.051084e-002
1.072920e+004,8.971465e-002
1.072968e+004,1.285707e-001
1.073017e+004,1.530698e-001
1.073065e+004,1.626535e-001
1.073113e+004,1.602426e-001
1.073161e+004,1.510821e-001
1.073209e+004,1.408053e-001
1.073258e+004,1.334404e-001
1.073306e+004,1.301316e-001
1.073354e+004,1.291046e-001
1.073402e+004,1.269333e-001
1.073450e+004,1.206252e-001
1.073499e+004,1.096402e-001
1.073547e+004,9.688928e-002
1.073595e+004,8.811556e-002
1.073643e+004,8.972773e-002
1.073692e+004,1.058765e-001
1.073740e+004,1.359900e-001
1.073788e+004,1.739264e-001
1.073836e+004,2.093122e-001
1.073884e+004,2.308017e-001
1.073933e+004,2.300473e-001
1.073981e+004,2.048933e-001
1.074029e+004,1.605039e-001
1.074077e+004,1.079581e-001
1.074125e+004,6.083623e-002
1.074174e+004,3.105368e-002
1.074222e+004,2.542353e-002
1.074270e+004,4.408537e-002
1.074318e+004,8.120216e-002
1.074367e+004,1.274739e-001
1.074415e+004,1.733968e-001
1.074463e+004,2.120406e-001
1.074511e+004,2.404648e-001
1.074559e+004,2.595371e-001
1.074608e+004,2.725458e-001
1.074656e+004,2.833529e-001
1.074704e+004,2.948269e-001
1.074752e+004,3.080086e-001
1.074800e+004,3.220794e-001
1.074849e+004,3.349028e-001
1.074897e+004,3.437947e-001
1.074945e+004,3.462259e-001
1.074993e+004,3.402907e-001
1.075041e+004,3.249023e-001
1.075090e+004,2.997522e-001
1.075138e+004,2.651234e-001
1.075186e+004,2.216782e-001
1.075234e+004,1.703643e-001
1.075283e+004,1.125570e-001
1.075331e+004,5.046045e-002
1.075379e+004,-1.237803e-002
1.075427e+004,-7.074399e-002
1.075475e+004,-1.179843e-001
1.075524e+004,-1.470099e-001
1.075572e+004,-1.519853e-001
1.075620e+004,-1.302478e-001
1.075668e+004,-8.376519e-002
1.075716e+004,-1.946937e-002
1.075765e+004,5.187533e-002
1.075813e+004,1.180787e-001
1.075861e+004,1.684819e-001
1.075909e+004,1.964381e-001
1.075958e+004,2.004149e-001
1.076006e+004,1.833772e-001
1.076054e+004,1.508571e-001
1.076102e+004,1.086768e-001
1.076150e+004,6.136193e-002
1.076199e+004,1.183790e-002
1.076247e+004,-3.770898e-002
1.076295e+004,-8.454806e-002
1.076343e+004,-1.246492e-001
1.076391e+004,-1.530998e-001
1.076440e+004,-1.656571e-001
1.076488e+004,-1.607120e-001
1.076536e+004,-1.406078e-001
1.076584e+004,-1.114829e-001
1.076632e+004,-8.147709e-002
1.076681e+004,-5.793771e-002
1.076729e+004,-4.478056e-002
1.076777e+004,-4.115611e-002
1.076825e+004,-4.201681e-002
1.076874e+004,-4.034184e-002
1.076922e+004,-2.992603e-002
1.076970e+004,-8.069099e-003
1.077018e+004,2.386522e-002
1.077066e+004,6.112782e-002
1.077115e+004,9.751620e-002
1.077163e+004,1.275325e-001
1.077211e+004,1.479033e-001
1.077259e+004,1.580359e-001
1.077307e+004,1.595124e-001
1.077356e+004,1.550948e-001
1.077404e+004,1.477602e-001
1.077452e+004,1.400627e-001
1.077500e+004,1.338034e-001
1.077549e+004,1.298077e-001
1.077597e+004,1.276483e-001
1.077645e+004,1.253696e-001
1.077693e+004,1.194871e-001
1.077741e+004,1.055532e-001
1.077790e+004,7.936379e-002
1.077838e+004,3.850684e-002
1.077886e+004,-1.633162e-002
1.077934e+004,-8.091445e-002
1.077982e+004,-1.481628e-001
1.078031e+004,-2.098572e-001
1.078079e+004,-2.587218e-001
1.078127e+004,-2.901123e-001
1.078175e+004,-3.027149e-001
1.078223e+004,-2.981210e-001
1.078272e+004,-2.796341e-001
1.078320e+004,-2.509394e-001
1.078368e+004,-2.151969e-001
1.078416e+004,-1.747740e-001
1.078465e+004,-1.314418e-001
1.078513e+004,-8.665663e-002
1.078561e+004,-4.163532e-002
1.078609e+004,2.775584e-003
1.078657e+004,4.615913e-002
1.078706e+004,8.818542e-002
1.078754e+004,1.277872e-001
1.078802e+004,1.621939e-001
1.078850e+004,1.864946e-001
1.078898e+004,1.943760e-001
1.078947e+004,1.802085e-001
1.078995e+004,1.419199e-001
1.079043e+004,8.346736e-002
1.079091e+004,1.557722e-002
1.079139e+004,-4.606849e-002
1.079188e+004,-8.502594e-002
1.079236e+004,-8.941000e-002
1.079284e+004,-5.640675e-002
1.079332e+004,5.899607e-003
1.079381e+004,8.038383e-002
1.079429e+004,1.460258e-001
1.079477e+004,1.845998e-001
1.079525e+004,1.864726e-001
1.079573e+004,1.533785e-001
1.079622e+004,9.721854e-002
1.079670e+004,3.547111e-002
1.079718e+004,-1.495548e-002
1.079766e+004,-4.312640e-002
1.079814e+004,-4.687601e-002
1.079863e+004,-3.223851e-002
1.079911e+004,-1.006179e-002
1.079959e+004,8.650453e-003
1.080007e+004,1.699620e-002
1.080056e+004,1.353335e-002
1.080104e+004,2.377177e-003
1.080152e+004,-9.546947e-003
1.080200e+004,-1.583291e-002
1.080248e+004,-1.328706e-002
1.080297e+004,-2.964661e-003
1.080345e+004,1.074091e-002
1.080393e+004,2.244966e-002
1.080441e+004,2.851530e-002
1.080489e+004,2.891894e-002
1.080538e+004,2.751858e-002
1.080586e+004,3.054940e-002
1.080634e+004,4.400654e-002
1.080682e+004,7.098514e-002
1.080730e+004,1.100526e-001
1.080779e+004,1.553021e-001
1.080827e+004,1.980683e-001
1.080875e+004,2.296215e-001
1.080923e+004,2.437687e-001
1.080972e+004,2.383618e-001
1.081020e+004,2.152219e-001
1.081068e+004,1.787067e-001
1.081116e+004,1.337307e-001
1.081164e+004,8.421081e-002
1.081213e+004,3.260687e-002
1.081261e+004,-1.939812e-002
1.081309e+004,-6.964520e-002
1.081357e+004,-1.145501e-001
1.081405e+004,-1.491662e-001
1.081454e+004,-1.684086e-001
1.081502e+004,-1.689177e-001
1.081550e+004,-1.506206e-001
1.081598e+004,-1.171126e-001
1.081647e+004,-7.454539e-002
1.081695e+004,-2.947981e-002
1.081743e+004,1.327430e-002
1.081791e+004,5.176459e-002
1.081839e+004,8.642047e-002
1.081888e+004,1.183027e-001
1.081936e+004,1.470915e-001
1.081984e+004,1.700118e-001
1.082032e+004,1.824391e-001
1.082080e+004,1.800486e-001
1.082129e+004,1.615017e-001
1.082177e+004,1.302823e-001
1.082225e+004,9.458971e-002
1.082273e+004,6.506994e-002
1.082321e+004,5.119027e-002
1.082370e+004,5.776552e-002
1.082418e+004,8.314112e-002
1.082466e+004,1.198045e-001
1.082514e+004,1.570842e-001
1.082563e+004,1.846794e-001
1.082611e+004,1.955189e-001
1.082659e+004,1.869408e-001
1.082707e+004,1.601094e-001
1.082755e+004,1.184404e-001
1.082804e+004,6.615330e-002
1.082852e+004,7.779451e-003
1.082900e+004,-5.130067e-002
1.082948e+004,-1.039914e-001
1.082996e+004,-1.413293e-001
1.083045e+004,-1.537781e-001
1.083093e+004,-1.341898e-001
1.083141e+004,-7.985760e-002
1.083189e+004,4.046320e-003
1.083238e+004,1.050360e-001
1.083286e+004,2.059777e-001
1.083334e+004,2.895624e-001
1.083382e+004,3.429770e-001
1.083430e+004,3.610441e-001
1.083479e+004,3.467644e-001
1.083527e+004,3.092985e-001
1.083575e+004,2.604480e-001
1.083623e+004,2.111389e-001
1.083671e+004,1.691486e-001
1.083720e+004,1.385397e-001
1.083768e+004,1.204207e-001
1.083816e+004,1.141603e-001
1.083864e+004,1.182301e-001
1.083913e+004,1.303286e-001
1.083961e+004,1.470333e-001
1.084009e+004,1.635859e-001
1.084057e+004,1.743443e-001
1.084105e+004,1.740039e-001
1.084154e+004,1.591655e-001
1.084202e+004,1.295291e-001
1.084250e+004,8.808535e-002
1.084298e+004,4.012929e-002
1.084346e+004,-8.518950e-003
1.084395e+004,-5.330306e-002
1.084443e+004,-9.194323e-002
1.084491e+004,-1.242811e-001
1.084539e+004,-1.511542e-001
1.084588e+004,-1.729707e-001
1.084636e+004,-1.887662e-001
1.084684e+004,-1.962427e-001
1.084732e+004,-1.927789e-001
1.084780e+004,-1.769136e-001
1.084829e+004,-1.495785e-001
1.084877e+004,-1.144696e-001
1.084925e+004,-7.733688e-002
1.084973e+004,-4.444277e-002
1.085021e+004,-2.077731e-002
1.085070e+004,-8.692747e-003
1.085118e+004,-7.424497e-003
1.085166e+004,-1.361395e-002
1.085214e+004,-2.259810e-002
1.085263e+004,-3.000022e-002
1.085311e+004,-3.310782e-002
1.085359e+004,-3.162108e-002
1.085407e+004,-2.755649e-002
1.085455e+004,-2.432981e-002
1.085504e+004,-2.528480e-002
1.085552e+004,-3.212609e-002
1.085600e+004,-4.380278e-002
1.085648e+004,-5.631062e-002
1.085696e+004,-6.362302e-002
1.085745e+004,-5.958255e-002
1.085793e+004,-4.020194e-002
1.085841e+004,-5.581876e-003
1.085889e+004,3.932759e-002
1.085938e+004,8.557149e-002
1.085986e+004,1.225325e-001
1.086034e+004,1.410636e-001
1.086082e+004,1.363259e-001
1.086130e+004,1.092992e-001
1.086179e+004,6.665491e-002
1.086227e+004,1.789019e-002
1.086275e+004,-2.687537e-002
1.086323e+004,-5.995290e-002
1.086371e+004,-7.772724e-002
1.086420e+004,-8.070975e-002
1.086468e+004,-7.219753e-002
1.086516e+004,-5.624419e-002
1.086564e+004,-3.583153e-002
1.086613e+004,-1.194163e-002
1.086661e+004,1.622186e-002
1.086709e+004,5.011379e-002
1.086757e+004,9.040996e-002
1.086805e+004,1.358863e-001
1.086854e+004,1.830420e-001
1.086902e+004,2.265605e-001
1.086950e+004,2.603928e-001
1.086998e+004,2.790890e-001
1.087046e+004,2.790093e-001
1.087095e+004,2.591679e-001
1.087143e+004,2.216065e-001
1.087191e+004,1.712858e-001
1.087239e+004,1.155242e-001
1.087288e+004,6.303392e-002
1.087336e+004,2.264129e-002
1.087384e+004,1.852649e-003
1.087432e+004,5.494165e-003
1.087480e+004,3.468998e-002
1.087529e+004,8.641380e-002
1.087577e+004,1.537613e-001
1.087625e+004,2.269564e-001
1.087673e+004,2.949468e-001
1.087721e+004,3.472883e-001
1.087770e+004,3.759272e-001
1.087818e+004,3.764995e-001
1.087866e+004,3.488888e-001
1.087914e+004,2.969802e-001
1.087962e+004,2.277200e-001
1.088011e+004,1.497107e-001
1.088059e+004,7.161479e-002
1.088107e+004,6.498214e-004
1.088155e+004,-5.855573e-002
1.088204e+004,-1.045251e-001
1.088252e+004,-1.387911e-001
1.088300e+004,-1.650822e-001
1.088348e+004,-1.880312e-001
1.088396e+004,-2.117372e-001
1.088445e+004,-2.385406e-001
1.088493e+004,-2.683143e-001
1.088541e+004,-2.984292e-001
1.088589e+004,-3.243716e-001
1.088637e+004,-3.408361e-001
1.088686e+004,-3.430143e-001
1.088734e+004,-3.277771e-001
1.088782e+004,-2.944772e-001
1.088830e+004,-2.451937e-001
1.088878e+004,-1.843530e-001
1.088927e+004,-1.178215e-001
1.088975e+004,-5.170766e-002
1.089023e+004,8.794987e-003
1.089071e+004,6.020498e-002
1.089120e+004,1.009845e-001
1.089168e+004,1.311873e-001
1.089216e+004,1.516858e-001
1.089264e+004,1.632686e-001
1.089312e+004,1.660400e-001
1.089361e+004,1.589586e-001
1.089409e+004,1.402392e-001
1.089457e+004,1.081179e-001
1.089505e+004,6.184386e-002
1.089553e+004,2.584939e-003
1.089602e+004,-6.605425e-002
1.089650e+004,-1.381090e-001
1.089698e+004,-2.059842e-001
1.089746e+004,-2.617199e-001
1.089795e+004,-2.985146e-001
1.089843e+004,-3.121196e-001
1.089891e+004,-3.017185e-001
1.089939e+004,-2.700212e-001
1.089987e+004,-2.225264e-001
1.090036e+004,-1.661690e-001
1.090084e+004,-1.077750e-001
1.090132e+004,-5.281975e-002
1.090180e+004,-4.862230e-003
1.090228e+004,3.425146e-002
1.090277e+004,6.365506e-002
1.090325e+004,8.267716e-002
1.090373e+004,9.049467e-002
1.090421e+004,8.646975e-002
1.090469e+004,7.100306e-002
1.090518e+004,4.635851e-002
1.090566e+004,1.680416e-002
1.090614e+004,-1.232381e-002
1.090662e+004,-3.646935e-002
1.090711e+004,-5.387618e-002
1.090759e+004,-6.674158e-002
1.090807e+004,-8.067353e-002
1.090855e+004,-1.023159e-001
1.090903e+004,-1.359271e-001
1.090952e+004,-1.803891e-001
1.091000e+004,-2.281895e-001
1.091048e+004,-2.672217e-001
1.091096e+004,-2.850519e-001
1.091144e+004,-2.741086e-001
1.091193e+004,-2.356043e-001
1.091241e+004,-1.802658e-001
1.091289e+004,-1.251402e-001
1.091337e+004,-8.743889e-002
1.091386e+004,-7.781433e-002
1.091434e+004,-9.589700e-002
1.091482e+004,-1.300903e-001
1.091530e+004,-1.618766e-001
1.091578e+004,-1.730042e-001
1.091627e+004,-1.527025e-001
1.091675e+004,-1.020378e-001
1.091723e+004,-3.369759e-002
1.091771e+004,3.261409e-002
1.091819e+004,7.722183e-002
1.091868e+004,8.716440e-002
1.091916e+004,6.008229e-002
1.091964e+004,4.170068e-003
1.092012e+004,-6.535378e-002
1.092060e+004,-1.315852e-001
1.092109e+004,-1.809958e-001
1.092157e+004,-2.065801e-001
1.092205e+004,-2.084629e-001
1.092253e+004,-1.923782e-001
1.092302e+004,-1.670502e-001
1.092350e+004,-1.411857e-001
1.092398e+004,-1.223891e-001
1.092446e+004,-1.149696e-001
1.092494e+004,-1.196368e-001
1.092543e+004,-1.335422e-001
1.092591e+004,-1.509704e-001
1.092639e+004,-1.647655e-001
1.092687e+004,-1.683939e-001
1.092735e+004,-1.581741e-001
1.092784e+004,-1.348769e-001
1.092832e+004,-1.038855e-001
1.092880e+004,-7.355574e-002
1.092928e+004,-5.220087e-002
1.092977e+004,-4.486469e-002
1.093025e+004,-5.129914e-002
1.093073e+004,-6.612264e-002
1.093121e+004,-8.116096e-002
1.093169e+004,-8.893520e-002
1.093218e+004,-8.567667e-002
1.093266e+004,-7.243352e-002
1.093314e+004,-5.375098e-002
1.093362e+004,-3.462918e-002
1.093410e+004,-1.738489e-002
1.093459e+004,-1.507116e-004
1.093507e+004,2.207740e-002
1.093555e+004,5.429814e-002
1.093603e+004,9.791413e-002
1.093651e+004,1.486971e-001
1.093700e+004,1.976150e-001
1.093748e+004,2.343995e-001
1.093796e+004,2.523007e-001
1.093844e+004,2.517459e-001
1.093893e+004,2.409849e-001
1.093941e+004,2.331442e-001
1.093989e+004,2.408238e-001
1.094037e+004,2.706292e-001
1.094085e+004,3.201552e-001
1.094134e+004,3.788379e-001
1.094182e+004,4.323099e-001
1.094230e+004,4.682969e-001
1.094278e+004,4.814227e-001
1.094326e+004,4.748123e-001
1.094375e+004,4.578372e-001
1.094423e+004,4.411363e-001
1.094471e+004,4.312846e-001
1.094519e+004,4.276164e-001
1.094568e+004,4.226309e-001
1.094616e+004,4.056909e-001
1.094664e+004,3.682425e-001
1.094712e+004,3.081740e-001
1.094760e+004,2.314282e-001
1.094809e+004,1.502423e-001
1.094857e+004,7.884210e-002
1.094905e+004,2.843748e-002
1.094953e+004,3.531847e-003
1.095001e+004,8.814312e-004
1.095050e+004,1.126156e-002
1.095098e+004,2.308864e-002
1.095146e+004,2.636225e-002
1.095194e+004,1.550173e-002
1.095242e+004,-9.695922e-003
1.095291e+004,-4.492641e-002
1.095339e+004,-8.339647e-002
1.095387e+004,-1.180856e-001
1.095435e+004,-1.439956e-001
1.095484e+004,-1.578656e-001
1.095532e+004,-1.590955e-001
1.095580e+004,-1.489756e-001
1.095628e+004,-1.299972e-001
1.095676e+004,-1.052007e-001
1.095725e+004,-7.767645e-002
1.095773e+004,-5.023554e-002
1.095821e+004,-2.523466e-002
1.095869e+004,-4.518296e-003
1.095917e+004,1.057067e-002
1.095966e+004,1.917304e-002
1.096014e+004,2.093805e-002
1.096062e+004,1.609081e-002
1.096110e+004,5.478660e-003
1.096159e+004,-9.504301e-003
1.096207e+004,-2.717224e-002
1.096255e+004,-4.591860e-002
1.096303e+004,-6.450892e-002
1.096351e+004,-8.205561e-002
1.096400e+004,-9.756239e-002
1.096448e+004,-1.091909e-001
1.096496e+004,-1.136868e-001
1.096544e+004,-1.065120e-001
1.096592e+004,-8.303440e-002
1.096641e+004,-4.062980e-002
1.096689e+004,1.904819e-002
1.096737e+004,8.874472e-002
1.096785e+004,1.562042e-001
1.096833e+004,2.069924e-001
1.096882e+004,2.288752e-001
1.096930e+004,2.162792e-001
1.096978e+004,1.730620e-001
1.097026e+004,1.122318e-001
1.097075e+004,5.230649e-002
1.097123e+004,1.136539e-002
1.097171e+004,9.483445e-004
1.097219e+004,2.221566e-002
1.097267e+004,6.595927e-002
1.097316e+004,1.164745e-001
1.097364e+004,1.577036e-001
1.097412e+004,1.791684e-001
1.097460e+004,1.793953e-001
1.097508e+004,1.656415e-001
1.097557e+004,1.502903e-001
1.097605e+004,1.455818e-001
1.097653e+004,1.588953e-001
1.097701e+004,1.903658e-001
1.097750e+004,2.334957e-001
1.097798e+004,2.781228e-001
1.097846e+004,3.142448e-001
1.097894e+004,3.350795e-001
1.097942e+004,3.383321e-001
1.097991e+004,3.255901e-001
1.098039e+004,3.005696e-001
1.098087e+004,2.672541e-001
1.098135e+004,2.287366e-001
1.098183e+004,1.870075e-001
1.098232e+004,1.433798e-001
1.098280e+004,9.900921e-002
1.098328e+004,5.509594e-002
1.098376e+004,1.272729e-002
1.098425e+004,-2.736225e-002
1.098473e+004,-6.475966e-002
1.098521e+004,-9.886620e-002
1.098569e+004,-1.283361e-001
1.098617e+004,-1.504142e-001
1.098666e+004,-1.611909e-001
1.098714e+004,-1.564826e-001
1.098762e+004,-1.331730e-001
1.098810e+004,-9.049162e-002
1.098858e+004,-3.073626e-002
1.098907e+004,4.079297e-002
1.098955e+004,1.165307e-001
1.099003e+004,1.877130e-001
1.099051e+004,2.454317e-001
1.099099e+004,2.815382e-001
1.099148e+004,2.895171e-001
1.099196e+004,2.655394e-001
1.099244e+004,2.097391e-001
1.099292e+004,1.273783e-001
1.099341e+004,2.922569e-002
1.099389e+004,-6.954512e-002
1.099437e+004,-1.521769e-001
1.099485e+004,-2.043190e-001
1.099533e+004,-2.178885e-001
1.099582e+004,-1.932659e-001
1.099630e+004,-1.387821e-001
1.099678e+004,-6.750517e-002
1.099726e+004,7.498597e-003
1.099774e+004,7.753496e-002
1.099823e+004,1.404625e-001
1.099871e+004,1.997932e-001
1.099919e+004,2.612155e-001
1.099967e+004,3.282484e-001
1.100016e+004,3.991262e-001
1.100064e+004,4.664109e-001
1.100112e+004,5.195217e-001
1.100160e+004,5.489990e-001
1.100208e+004,5.505109e-001
1.100257e+004,5.267182e-001
1.100305e+004,4.861138e-001
1.100353e+004,4.393914e-001
1.100401e+004,3.950449e-001
1.100449e+004,3.562151e-001
1.100498e+004,3.201495e-001
1.100546e+004,2.803830e-001
1.100594e+004,2.305332e-001
1.100642e+004,1.679388e-001
1.100690e+004,9.557078e-002
1.100739e+004,2.152266e-002
1.100787e+004,-4.348986e-002
1.100835e+004,-8.939014e-002
1.100883e+004,-1.094080e-001
1.100932e+004,-1.013168e-001
1.100980e+004,-6.720858e-002
1.101028e+004,-1.241140e-002
1.101076e+004,5.568628e-002
1.101124e+004,1.284483e-001
1.101173e+004,1.965099e-001
1.101221e+004,2.504413e-001
1.101269e+004,2.819747e-001
1.101317e+004,2.857930e-001
1.101365e+004,2.613355e-001
1.101414e+004,2.137369e-001
1.101462e+004,1.531527e-001
1.101510e+004,9.234198e-002
1.101558e+004,4.317772e-002
1.101607e+004,1.314666e-002
1.101655e+004,4.223962e-003
1.101703e+004,1.230458e-002
1.101751e+004,2.984221e-002
1.101799e+004,4.917724e-002
1.101848e+004,6.547441e-002
1.101896e+004,7.811110e-002
1.101944e+004,9.007525e-002
1.101992e+004,1.057843e-001
1.102040e+004,1.283602e-001
1.102089e+004,1.575307e-001
1.102137e+004,1.889811e-001
1.102185e+004,2.153372e-001
1.102233e+004,2.283250e-001
1.102281e+004,2.212704e-001
1.102330e+004,1.910896e-001
1.102378e+004,1.392168e-001
1.102426e+004,7.132803e-002
1.102474e+004,-3.911859e-003
1.102523e+004,-7.665381e-002
1.102571e+004,-1.377525e-001
1.102619e+004,-1.803293e-001
1.102667e+004,-2.007183e-001
1.102715e+004,-1.986484e-001
1.102764e+004,-1.766998e-001
1.102812e+004,-1.392699e-001
1.102860e+004,-9.142907e-002
1.102908e+004,-3.806408e-002
1.102956e+004,1.644645e-002
1.103005e+004,6.805684e-002
1.103053e+004,1.126850e-001
1.103101e+004,1.460815e-001
1.103149e+004,1.642524e-001
1.103198e+004,1.644448e-001
1.103246e+004,1.463229e-001
1.103294e+004,1.127543e-001
1.103342e+004,6.968582e-002
1.103390e+004,2.495850e-002
1.103439e+004,-1.361612e-002
1.103487e+004,-4.022360e-002
1.103535e+004,-5.231194e-002
1.103583e+004,-5.069745e-002
1.103631e+004,-3.856666e-002
1.103680e+004,-1.990982e-002
1.103728e+004,1.871232e-003
1.103776e+004,2.461203e-002
1.103824e+004,4.718596e-002
1.103872e+004,6.882848e-002
1.103921e+004,8.858342e-002
1.103969e+004,1.053059e-001
1.104017e+004,1.182253e-001
1.104065e+004,1.276230e-001
1.104114e+004,1.350144e-001
1.104162e+004,1.424518e-001
1.104210e+004,1.511042e-001
1.104258e+004,1.598108e-001
1.104306e+004,1.645211e-001
1.104355e+004,1.592381e-001
1.104403e+004,1.383664e-001
1.104451e+004,9.959083e-002
1.104499e+004,4.599873e-002
1.104547e+004,-1.365316e-002
1.104596e+004,-6.688816e-002
1.104644e+004,-1.010965e-001
1.104692e+004,-1.075276e-001
1.104740e+004,-8.360262e-002
1.104789e+004,-3.407012e-002
1.104837e+004,3.098862e-002
1.104885e+004,9.936179e-002
1.104933e+004,1.599379e-001
1.104981e+004,2.047381e-001
1.105030e+004,2.292752e-001
1.105078e+004,2.316265e-001
1.105126e+004,2.111617e-001
1.105174e+004,1.678555e-001
1.105222e+004,1.026195e-001
1.105271e+004,1.841086e-002
1.105319e+004,-7.863195e-002
1.105367e+004,-1.788345e-001
1.105415e+004,-2.698532e-001
1.105463e+004,-3.386223e-001
1.105512e+004,-3.737829e-001
1.105560e+004,-3.678529e-001
1.105608e+004,-3.185849e-001
1.105656e+004,-2.293193e-001
1.105705e+004,-1.084547e-001
1.105753e+004,3.170702e-002
1.105801e+004,1.765268e-001
1.105849e+004,3.108984e-001
1.105897e+004,4.213372e-001
1.105946e+004,4.980665e-001
1.105994e+004,5.366769e-001
1.106042e+004,5.388203e-001
1.106090e+004,5.115499e-001
1.106138e+004,4.653194e-001
1.106187e+004,4.111913e-001
1.106235e+004,3.581843e-001
1.106283e+004,3.116818e-001
1.106331e+004,2.733953e-001
1.106379e+004,2.426727e-001
1.106428e+004,2.183456e-001
1.106476e+004,2.001194e-001
1.106524e+004,1.888255e-001
1.106572e+004,1.855273e-001
1.106621e+004,1.901319e-001
1.106669e+004,2.004694e-001
1.106717e+004,2.125581e-001
1.106765e+004,2.220926e-001
1.106813e+004,2.264322e-001
1.106862e+004,2.259885e-001
1.106910e+004,2.241339e-001
1.106958e+004,2.254856e-001
1.107006e+004,2.332606e-001
1.107054e+004,2.469364e-001
1.107103e+004,2.614016e-001
1.107151e+004,2.681434e-001
1.107199e+004,2.580747e-001
1.107247e+004,2.248276e-001
1.107296e+004,1.671338e-001
1.107344e+004,8.938693e-002
1.107392e+004,3.476061e-004
1.107440e+004,-8.926008e-002
1.107488e+004,-1.691772e-001
1.107537e+004,-2.312151e-001
1.107585e+004,-2.697899e-001
1.107633e+004,-2.817571e-001
1.107681e+004,-2.661934e-001
1.107729e+004,-2.245935e-001
1.107778e+004,-1.610553e-001
1.107826e+004,-8.378065e-002
1.107874e+004,-3.702613e-003
1.107922e+004,6.697407e-002
1.107971e+004,1.173963e-001
1.108019e+004,1.407366e-001
1.108067e+004,1.358194e-001
1.108115e+004,1.069667e-001
1.108163e+004,6.210033e-002
1.108212e+004,9.915106e-003
1.108260e+004,-4.267950e-002
1.108308e+004,-9.185681e-002
1.108356e+004,-1.365747e-001
1.108404e+004,-1.771200e-001
1.108453e+004,-2.134276e-001
1.108501e+004,-2.440946e-001
1.108549e+004,-2.665345e-001
1.108597e+004,-2.780460e-001
1.108646e+004,-2.770891e-001
1.108694e+004,-2.640176e-001
1.108742e+004,-2.409070e-001
1.108790e+004,-2.106846e-001
1.108838e+004,-1.761666e-001
1.108887e+004,-1.396109e-001
1.108935e+004,-1.030313e-001
1.108983e+004,-6.900097e-002
1.109031e+004,-4.132952e-002
1.109079e+004,-2.500436e-002
1.109128e+004,-2.518215e-002
1.109176e+004,-4.554706e-002
1.109224e+004,-8.672783e-002
1.109272e+004,-1.454716e-001
1.109321e+004,-2.149314e-001
1.109369e+004,-2.859414e-001
1.109417e+004,-3.487797e-001
1.109465e+004,-3.948236e-001
1.109513e+004,-4.176901e-001
1.109562e+004,-4.137895e-001
1.109610e+004,-3.824855e-001
1.109658e+004,-3.261005e-001
1.109706e+004,-2.498223e-001
1.109754e+004,-1.613244e-001
1.109803e+004,-6.982142e-002
1.109851e+004,1.552556e-002
1.109899e+004,8.755788e-002
1.109947e+004,1.427627e-001
1.109996e+004,1.818793e-001
1.110044e+004,2.090473e-001
1.110092e+004,2.296642e-001
1.110140e+004,2.477214e-001
1.110188e+004,2.636988e-001
1.110237e+004,2.739483e-001
1.110285e+004,2.719040e-001
1.110333e+004,2.506945e-001
1.110381e+004,2.061372e-001
1.110429e+004,1.389670e-001
1.110478e+004,5.549802e-002
1.110526e+004,-3.344209e-002
1.110574e+004,-1.148651e-001
1.110622e+004,-1.764810e-001
1.110671e+004,-2.092927e-001
1.110719e+004,-2.094048e-001
1.110767e+004,-1.788279e-001
1.110815e+004,-1.252538e-001
1.110863e+004,-6.095223e-002
1.110912e+004,-3.723404e-004
1.110960e+004,4.287783e-002
1.111008e+004,5.921254e-002
1.111056e+004,4.570426e-002
1.111104e+004,7.125586e-003
1.111153e+004,-4.528007e-002
1.111201e+004,-9.720449e-002
1.111249e+004,-1.358370e-001
1.111297e+004,-1.539338e-001
1.111346e+004,-1.517921e-001
1.111394e+004,-1.362990e-001
1.111442e+004,-1.174388e-001
1.111490e+004,-1.037413e-001
1.111538e+004,-9.864616e-002
1.111587e+004,-9.937407e-002
1.111635e+004,-9.878532e-002
1.111683e+004,-8.934181e-002
1.111731e+004,-6.729982e-002
1.111779e+004,-3.513870e-002
1.111828e+004,-1.073621e-003
1.111876e+004,2.410460e-002
1.111924e+004,3.137006e-002
1.111972e+004,1.700681e-002
1.112020e+004,-1.614299e-002
1.112069e+004,-6.009627e-002
1.112117e+004,-1.049708e-001
1.112165e+004,-1.424980e-001
1.112213e+004,-1.683183e-001
1.112262e+004,-1.823183e-001
1.112310e+004,-1.872688e-001
1.112358e+004,-1.867574e-001
1.112406e+004,-1.835400e-001
1.112454e+004,-1.789720e-001
1.112503e+004,-1.734494e-001
1.112551e+004,-1.672361e-001
1.112599e+004,-1.609712e-001
1.112647e+004,-1.555216e-001
1.112695e+004,-1.513998e-001
1.112744e+004,-1.483104e-001
1.112792e+004,-1.453208e-001
1.112840e+004,-1.416954e-001
1.112888e+004,-1.378970e-001
1.112937e+004,-1.360046e-001
1.112985e+004,-1.390404e-001
1.113033e+004,-1.493210e-001
1.113081e+004,-1.666003e-001
1.113129e+004,-1.870527e-001
1.113178e+004,-2.038622e-001
1.113226e+004,-2.094629e-001
1.113274e+004,-1.986363e-001
1.113322e+004,-1.711343e-001
1.113370e+004,-1.325651e-001
1.113419e+004,-9.299201e-002
1.113467e+004,-6.370844e-002
1.113515e+004,-5.348107e-002
1.113563e+004,-6.573327e-002
1.113611e+004,-9.765044e-002
1.113660e+004,-1.412997e-001
1.113708e+004,-1.860570e-001
1.113756e+004,-2.212841e-001
1.113804e+004,-2.384040e-001
1.113853e+004,-2.320611e-001
1.113901e+004,-2.005761e-001
1.113949e+004,-1.460792e-001
1.113997e+004,-7.454719e-002
1.114045e+004,4.518956e-003
1.114094e+004,7.917531e-002
1.114142e+004,1.371794e-001
1.114190e+004,1.689426e-001
1.114238e+004,1.704206e-001
1.114286e+004,1.447643e-001
1.114335e+004,1.017966e-001
1.114383e+004,5.513522e-002
1.114431e+004,1.775743e-002
1.114479e+004,-2.438393e-003
1.114528e+004,-5.345803e-003
1.114576e+004,1.500234e-003
1.114624e+004,5.948275e-003
1.114672e+004,-4.037154e-003
1.114720e+004,-3.576636e-002
1.114769e+004,-8.905274e-002
1.114817e+004,-1.561724e-001
1.114865e+004,-2.243532e-001
1.114913e+004,-2.796927e-001
1.114961e+004,-3.110701e-001
1.115010e+004,-3.128808e-001
1.115058e+004,-2.860655e-001
1.115106e+004,-2.375294e-001
1.115154e+004,-1.784066e-001
1.115202e+004,-1.216786e-001
1.115251e+004,-7.955561e-002
1.115299e+004,-6.096147e-002
1.115347e+004,-6.950281e-002
1.115395e+004,-1.023776e-001
1.115444e+004,-1.506589e-001
1.115492e+004,-2.011495e-001
1.115540e+004,-2.395661e-001
1.115588e+004,-2.542903e-001
1.115636e+004,-2.395663e-001
1.115685e+004,-1.970364e-001
1.115733e+004,-1.349944e-001
1.115781e+004,-6.555309e-002
1.115829e+004,-7.266598e-004
1.115877e+004,5.115750e-002
1.115926e+004,8.746406e-002
1.115974e+004,1.110710e-001
1.116022e+004,1.282581e-001
1.116070e+004,1.455992e-001
1.116118e+004,1.670638e-001
1.116167e+004,1.923284e-001
1.116215e+004,2.167676e-001
1.116263e+004,2.329996e-001
1.116311e+004,2.334011e-001
1.116360e+004,2.127808e-001
1.116408e+004,1.704130e-001
1.116456e+004,1.108322e-001
1.116504e+004,4.312878e-002
1.116552e+004,-2.112399e-002
1.116601e+004,-7.080454e-002
1.116649e+004,-9.826238e-002
1.116697e+004,-1.015147e-001
1.116745e+004,-8.480816e-002
1.116793e+004,-5.713815e-002
1.116842e+004,-2.900651e-002
1.116890e+004,-8.474695e-003
1.116938e+004,1.977622e-003
1.116986e+004,6.442350e-003
1.117035e+004,1.358654e-002
1.117083e+004,3.358168e-002
1.117131e+004,7.281309e-002
1.117179e+004,1.306172e-001
1.117227e+004,1.983642e-001
1.117276e+004,2.615931e-001
1.117324e+004,3.044152e-001
1.117372e+004,3.144243e-001
1.117420e+004,2.861964e-001
1.117468e+004,2.221944e-001
1.117517e+004,1.311273e-001
1.117565e+004,2.487916e-002
1.117613e+004,-8.447868e-002
1.117661e+004,-1.864547e-001
1.117709e+004,-2.724286e-001
1.117758e+004,-3.351063e-001
1.117806e+004,-3.682092e-001
1.117854e+004,-3.672082e-001
1.117902e+004,-3.311128e-001
1.117951e+004,-2.644728e-001
1.117999e+004,-1.783231e-001
1.118047e+004,-8.909598e-002
1.118095e+004,-1.538845e-002
1.118143e+004,2.652687e-002
1.118192e+004,2.693840e-002
1.118240e+004,-1.479373e-002
1.118288e+004,-9.025621e-002
1.118336e+004,-1.843658e-001
1.118384e+004,-2.791337e-001
1.118433e+004,-3.575091e-001
1.118481e+004,-4.062687e-001
1.118529e+004,-4.175522e-001
1.118577e+004,-3.892409e-001
1.118626e+004,-3.246221e-001
1.118674e+004,-2.316307e-001
1.118722e+004,-1.216545e-001
1.118770e+004,-7.739515e-003
1.118818e+004,9.777539e-002
1.118867e+004,1.857281e-001
1.118915e+004,2.518884e-001
1.118963e+004,2.972057e-001
1.119011e+004,3.262728e-001
1.119059e+004,3.445185e-001
1.119108e+004,3.553348e-001
1.119156e+004,3.585129e-001
1.119204e+004,3.508401e-001
1.119252e+004,3.286516e-001
1.119300e+004,2.910723e-001
1.119349e+004,2.421968e-001
1.119397e+004,1.908744e-001
1.119445e+004,1.478920e-001
1.119493e+004,1.216542e-001
1.119542e+004,1.142821e-001
1.119590e+004,1.200094e-001
1.119638e+004,1.268004e-001
1.119686e+004,1.206771e-001
1.119734e+004,9.099057e-002
1.119783e+004,3.444310e-002
1.119831e+004,-4.374513e-002
1.119879e+004,-1.318094e-001
1.119927e+004,-2.154808e-001
1.119975e+004,-2.822747e-001
1.120024e+004,-3.243796e-001
1.120072e+004,-3.393929e-001
1.120120e+004,-3.293746e-001
1.120168e+004,-2.984095e-001
1.120217e+004,-2.516197e-001
1.120265e+004,-1.940829e-001
1.120313e+004,-1.306052e-001
1.120361e+004,-6.560344e-002
1.120409e+004,-2.673013e-003
1.120458e+004,5.610610e-002
1.120506e+004,1.106071e-001
1.120554e+004,1.622398e-001
1.120602e+004,2.125029e-001
1.120650e+004,2.610463e-001
1.120699e+004,3.043216e-001
1.120747e+004,3.358954e-001
1.120795e+004,3.487891e-001
1.120843e+004,3.391317e-001
1.120892e+004,3.094973e-001
1.120940e+004,2.701011e-001
1.120988e+004,2.367701e-001
1.121036e+004,2.260235e-001
1.121084e+004,2.490261e-001
1.121133e+004,3.068896e-001
1.121181e+004,3.893638e-001
1.121229e+004,4.775878e-001
1.121277e+004,5.498876e-001
1.121325e+004,5.884246e-001
1.121374e+004,5.842562e-001
1.121422e+004,5.391395e-001
1.121470e+004,4.637913e-001
1.121518e+004,3.736966e-001
1.121567e+004,2.843347e-001
1.121615e+004,2.075425e-001
1.121663e+004,1.498702e-001
1.121711e+004,1.127632e-001
1.121759e+004,9.375714e-002
1.121808e+004,8.787230e-002
1.121856e+004,8.881990e-002
1.121904e+004,9.011316e-002
1.121952e+004,8.633488e-002
1.122000e+004,7.456487e-002
1.122049e+004,5.553855e-002
1.122097e+004,3.384591e-002
1.122145e+004,1.665408e-002
1.122193e+004,1.104415e-002
1.122241e+004,2.081463e-002
1.122290e+004,4.411327e-002
1.122338e+004,7.316068e-002
1.122386e+004,9.653926e-002
1.122434e+004,1.033513e-001
1.122483e+004,8.760064e-002
1.122531e+004,5.093220e-002
1.122579e+004,2.543406e-003
1.122627e+004,-4.370813e-002
1.122675e+004,-7.379713e-002
1.122724e+004,-7.783443e-002
1.122772e+004,-5.262081e-002
1.122820e+004,-1.783776e-003
1.122868e+004,6.609902e-002
1.122916e+004,1.402687e-001
1.122965e+004,2.102666e-001
1.123013e+004,2.674635e-001
1.123061e+004,3.056709e-001
1.123109e+004,3.213246e-001
1.123158e+004,3.137130e-001
1.123206e+004,2.860029e-001
1.123254e+004,2.434865e-001
1.123302e+004,1.944834e-001
1.123350e+004,1.482752e-001
1.123399e+004,1.127766e-001
1.123447e+004,9.236308e-002
1.123495e+004,8.678697e-002
1.123543e+004,9.172087e-002
1.123591e+004,1.007304e-001
1.123640e+004,1.078169e-001
1.123688e+004,1.094263e-001
1.123736e+004,1.051443e-001
1.123784e+004,9.702375e-002
1.123832e+004,8.819687e-002
1.123881e+004,8.169910e-002
1.123929e+004,8.010510e-002
1.123977e+004,8.588270e-002
1.124025e+004,1.017597e-001
1.124074e+004,1.302834e-001
1.124122e+004,1.722523e-001
1.124170e+004,2.245651e-001
1.124218e+004,2.787589e-001
1.124266e+004,3.215762e-001
1.124315e+004,3.381283e-001
1.124363e+004,3.169026e-001
1.124411e+004,2.547120e-001
1.124459e+004,1.593295e-001
1.124507e+004,4.829657e-002
1.124556e+004,-5.604895e-002
1.124604e+004,-1.335605e-001
1.124652e+004,-1.724945e-001
1.124700e+004,-1.723835e-001
1.124748e+004,-1.425042e-001
1.124797e+004,-9.687131e-002
1.124845e+004,-4.820530e-002
1.124893e+004,-3.609850e-003
1.124941e+004,3.629959e-002
1.124990e+004,7.480458e-002
1.125038e+004,1.146756e-001
1.125086e+004,1.543990e-001
1.125134e+004,1.870867e-001
1.125182e+004,2.026848e-001
1.125231e+004,1.923993e-001
1.125279e+004,1.531458e-001
1.125327e+004,8.985097e-002
1.125375e+004,1.451060e-002
1.125423e+004,-5.755493e-002
1.125472e+004,-1.125601e-001
1.125520e+004,-1.421672e-001
1.125568e+004,-1.450126e-001
1.125616e+004,-1.256414e-001
1.125665e+004,-9.181540e-002
1.125713e+004,-5.168869e-002
1.125761e+004,-1.205076e-002
1.125809e+004,2.201411e-002
1.125857e+004,4.657185e-002
1.125906e+004,5.832978e-002
1.125954e+004,5.489743e-002
1.126002e+004,3.587405e-002
1.126050e+004,4.124803e-003
1.126098e+004,-3.368723e-002
1.126147e+004,-6.798348e-002
1.126195e+004,-8.856597e-002
1.126243e+004,-8.760846e-002
1.126291e+004,-6.213994e-002
1.126339e+004,-1.552749e-002
1.126388e+004,4.329298e-002
1.126436e+004,1.018944e-001
1.126484e+004,1.472431e-001
1.126532e+004,1.685586e-001
1.126581e+004,1.595678e-001
1.126629e+004,1.198687e-001
1.126677e+004,5.527836e-002
1.126725e+004,-2.294174e-002
1.126773e+004,-1.000852e-001
1.126822e+004,-1.611478e-001
1.126870e+004,-1.946438e-001
1.126918e+004,-1.961339e-001
1.126966e+004,-1.702220e-001
1.127014e+004,-1.299554e-001
1.127063e+004,-9.328335e-002
1.127111e+004,-7.734530e-002
1.127159e+004,-9.244049e-002
1.127207e+004,-1.380271e-001
1.127256e+004,-2.026079e-001
1.127304e+004,-2.679099e-001
1.127352e+004,-3.159438e-001
1.127400e+004,-3.361596e-001
1.127448e+004,-3.296897e-001
1.127497e+004,-3.087428e-001
1.127545e+004,-2.912084e-001
1.127593e+004,-2.926374e-001
1.127641e+004,-3.190348e-001
1.127689e+004,-3.636847e-001
1.127738e+004,-4.095109e-001
1.127786e+004,-4.360233e-001
1.127834e+004,-4.278648e-001
1.127882e+004,-3.812771e-001
1.127930e+004,-3.057311e-001
1.127979e+004,-2.200576e-001
1.128027e+004,-1.447451e-001
1.128075e+004,-9.370481e-002
1.128123e+004,-6.899092e-002
1.128172e+004,-6.067308e-002
1.128220e+004,-5.179689e-002
1.128268e+004,-2.619210e-002
1.128316e+004,2.426217e-002
1.128364e+004,9.593163e-002
1.128413e+004,1.746387e-001
1.128461e+004,2.410040e-001
1.128509e+004,2.774747e-001
1.128557e+004,2.741262e-001
1.128605e+004,2.311455e-001
1.128654e+004,1.575236e-001
1.128702e+004,6.710197e-002
1.128750e+004,-2.598622e-002
1.128798e+004,-1.105920e-001
1.128847e+004,-1.796326e-001
1.128895e+004,-2.293103e-001
1.128943e+004,-2.576396e-001
1.128991e+004,-2.635453e-001
1.129039e+004,-2.471452e-001
1.129088e+004,-2.109020e-001
1.129136e+004,-1.606249e-001
1.129184e+004,-1.052492e-001
1.129232e+004,-5.494852e-002
1.129280e+004,-1.812019e-002
1.129329e+004,1.439995e-003
1.129377e+004,5.434316e-003
1.129425e+004,8.609840e-004
1.129473e+004,-3.929179e-003
1.129521e+004,-2.754058e-003
1.129570e+004,5.821423e-003
1.129618e+004,1.832501e-002
1.129666e+004,2.874971e-002
1.129714e+004,3.233371e-002
1.129763e+004,2.887157e-002
1.129811e+004,2.382523e-002
1.129859e+004,2.651329e-002
1.129907e+004,4.607072e-002
1.129955e+004,8.698191e-002
1.130004e+004,1.462526e-001
1.130052e+004,2.135869e-001
1.130100e+004,2.746175e-001
1.130148e+004,3.159083e-001
1.130196e+004,3.296811e-001
1.130245e+004,3.163530e-001
1.130293e+004,2.839621e-001
1.130341e+004,2.449129e-001
1.130389e+004,2.115794e-001
1.130438e+004,1.925853e-001
1.130486e+004,1.910422e-001
1.130534e+004,2.049667e-001
1.130582e+004,2.291447e-001
1.130630e+004,2.572571e-001
1.130679e+004,2.833044e-001
1.130727e+004,3.020329e-001
1.130775e+004,3.087980e-001
1.130823e+004,2.996203e-001
1.130871e+004,2.719751e-001
1.130920e+004,2.262096e-001
1.130968e+004,1.668345e-001
1.131016e+004,1.026961e-001
1.131064e+004,4.538647e-002
1.131113e+004,6.098964e-003
1.131161e+004,-7.966511e-003
1.131209e+004,3.903929e-003
1.131257e+004,3.578182e-002
1.131305e+004,7.751162e-002
1.131354e+004,1.187370e-001
1.131402e+004,1.527793e-001
1.131450e+004,1.786283e-001
1.131498e+004,2.001616e-001
1.131546e+004,2.230020e-001
1.131595e+004,2.505353e-001
1.131643e+004,2.810233e-001
1.131691e+004,3.072639e-001
1.131739e+004,3.191123e-001
1.131788e+004,3.078424e-001
1.131836e+004,2.704351e-001
1.131884e+004,2.118319e-001
1.131932e+004,1.440855e-001
1.131980e+004,8.272272e-002
1.132029e+004,4.181103e-002
1.132077e+004,2.966573e-002
1.132125e+004,4.672002e-002
1.132173e+004,8.613414e-002
1.132221e+004,1.366559e-001
1.132270e+004,1.864687e-001
1.132318e+004,2.265316e-001
1.132366e+004,2.522950e-001
1.132414e+004,2.634867e-001
1.132463e+004,2.628802e-001
1.132511e+004,2.526948e-001
1.132559e+004,2.350043e-001
1.132607e+004,2.104894e-001
1.132655e+004,1.787277e-001
1.132704e+004,1.389838e-001
1.132752e+004,9.104632e-002
1.132800e+004,3.581375e-002
1.132848e+004,-2.444802e-002
1.132896e+004,-8.610193e-002
1.132945e+004,-1.443161e-001
1.132993e+004,-1.934443e-001
1.133041e+004,-2.277104e-001
1.133089e+004,-2.422590e-001
1.133138e+004,-2.344579e-001
1.133186e+004,-2.051264e-001
1.133234e+004,-1.592354e-001
1.133282e+004,-1.056583e-001
1.133330e+004,-5.577137e-002
1.133379e+004,-2.104882e-002
1.133427e+004,-1.018459e-002
1.133475e+004,-2.656184e-002
1.133523e+004,-6.692239e-002
1.133571e+004,-1.217682e-001
1.133620e+004,-1.774559e-001
1.133668e+004,-2.193732e-001
1.133716e+004,-2.352847e-001
1.133764e+004,-2.180005e-001
1.133813e+004,-1.668302e-001
1.133861e+004,-8.765367e-002
1.133909e+004,8.270369e-003
1.133957e+004,1.064579e-001
1.134005e+004,1.919216e-001
1.134054e+004,2.520113e-001
1.134102e+004,2.789086e-001
1.134150e+004,2.713173e-001
1.134198e+004,2.349657e-001
1.134246e+004,1.816854e-001
1.134295e+004,1.270585e-001
1.134343e+004,8.694267e-002
1.134391e+004,7.353478e-002
1.134439e+004,9.193367e-002
1.134487e+004,1.382685e-001
1.134536e+004,2.002260e-001
1.134584e+004,2.601655e-001
1.134632e+004,3.001230e-001
1.134680e+004,3.072000e-001
1.134729e+004,2.775450e-001
1.134777e+004,2.175358e-001
1.134825e+004,1.417294e-001
1.134873e+004,6.826942e-002
1.134921e+004,1.334242e-002
1.134970e+004,-1.340151e-002
1.135018e+004,-1.087401e-002
1.135066e+004,1.460979e-002
1.135114e+004,5.305864e-002
1.135162e+004,9.545489e-002
1.135211e+004,1.373391e-001
1.135259e+004,1.798673e-001
1.135307e+004,2.280085e-001
1.135355e+004,2.867875e-001
1.135404e+004,3.572869e-001
1.135452e+004,4.342083e-001
1.135500e+004,5.061261e-001
1.135548e+004,5.583605e-001
1.135596e+004,5.776319e-001
1.135645e+004,5.566868e-001
1.135693e+004,4.969313e-001
1.135741e+004,4.085487e-001
1.135789e+004,3.080524e-001
1.135837e+004,2.141829e-001
1.135886e+004,1.434467e-001
1.135934e+004,1.064979e-001
1.135982e+004,1.061316e-001
1.136030e+004,1.371556e-001
1.136078e+004,1.879975e-001
1.136127e+004,2.436163e-001
1.136175e+004,2.890736e-001
1.136223e+004,3.129670e-001
1.136271e+004,3.098950e-001
1.136320e+004,2.813144e-001
1.136368e+004,2.345701e-001
1.136416e+004,1.804072e-001
1.136464e+004,1.297502e-001
1.136512e+004,9.075045e-002
1.136561e+004,6.703046e-002
1.136609e+004,5.763114e-002
1.136657e+004,5.855088e-002
1.136705e+004,6.513719e-002
1.136753e+004,7.426524e-002
1.136802e+004,8.537421e-002
1.136850e+004,1.000182e-001
1.136898e+004,1.203153e-001
1.136946e+004,1.472043e-001
1.136995e+004,1.794613e-001
1.137043e+004,2.139914e-001
1.137091e+004,2.471927e-001
1.137139e+004,2.765690e-001
1.137187e+004,3.015999e-001
1.137236e+004,3.232682e-001
1.137284e+004,3.424262e-001
1.137332e+004,3.579042e-001
1.137380e+004,3.655059e-001
1.137428e+004,3.586647e-001
1.137477e+004,3.307186e-001
1.137525e+004,2.779253e-001
1.137573e+004,2.018641e-001
1.137621e+004,1.100330e-001
1.137669e+004,1.417219e-002
1.137718e+004,-7.311468e-002
1.137766e+004,-1.420394e-001
1.137814e+004,-1.880229e-001
1.137862e+004,-2.118327e-001
1.137911e+004,-2.176025e-001
1.137959e+004,-2.098769e-001
1.138007e+004,-1.912080e-001
1.138055e+004,-1.614237e-001
1.138103e+004,-1.187681e-001
1.138152e+004,-6.217701e-002
1.138200e+004,6.570929e-003
1.138248e+004,8.195145e-002
1.138296e+004,1.555080e-001
1.138344e+004,2.179974e-001
1.138393e+004,2.618806e-001
1.138441e+004,2.830684e-001
1.138489e+004,2.812890e-001
1.138537e+004,2.591516e-001
1.138586e+004,2.205843e-001
1.138634e+004,1.694411e-001
1.138682e+004,1.090782e-001
1.138730e+004,4.222160e-002
1.138778e+004,-2.852065e-002
1.138827e+004,-1.003888e-001
1.138875e+004,-1.705559e-001
1.138923e+004,-2.363625e-001
1.138971e+004,-2.952832e-001
1.139019e+004,-3.443604e-001
1.139068e+004,-3.793220e-001
1.139116e+004,-3.940792e-001
1.139164e+004,-3.814090e-001
1.139212e+004,-3.351621e-001
1.139260e+004,-2.535116e-001
1.139309e+004,-1.419534e-001
1.139357e+004,-1.446575e-002
1.139405e+004,1.083487e-001
1.139453e+004,2.041858e-001
1.139502e+004,2.556278e-001
1.139550e+004,2.559359e-001
1.139598e+004,2.115388e-001
1.139646e+004,1.399188e-001
1.139694e+004,6.352106e-002
1.139743e+004,2.062469e-003
1.139791e+004,-3.369585e-002
1.139839e+004,-4.431203e-002
1.139887e+004,-3.947832e-002
1.139935e+004,-3.258209e-002
1.139984e+004,-3.463848e-002
1.140032e+004,-5.029911e-002
1.140080e+004,-7.744705e-002
1.140128e+004,-1.100429e-001
1.140177e+004,-1.422983e-001
1.140225e+004,-1.717124e-001
1.140273e+004,-1.992571e-001
1.140321e+004,-2.266764e-001
1.140369e+004,-2.525820e-001
1.140418e+004,-2.698743e-001
1.140466e+004,-2.664689e-001
1.140514e+004,-2.296519e-001
1.140562e+004,-1.524217e-001
1.140610e+004,-3.891089e-002
1.140659e+004,9.394258e-002
1.140707e+004,2.198438e-001
1.140755e+004,3.108182e-001
1.140803e+004,3.462548e-001
1.140851e+004,3.197375e-001
1.140900e+004,2.409914e-001
1.140948e+004,1.323022e-001
1.140996e+004,2.093915e-002
1.141044e+004,-6.947255e-002
1.141093e+004,-1.254693e-001
1.141141e+004,-1.460185e-001
1.141189e+004,-1.402140e-001
1.141237e+004,-1.219417e-001
1.141285e+004,-1.041193e-001
1.141334e+004,-9.487975e-002
1.141382e+004,-9.676677e-002
1.141430e+004,-1.084415e-001
1.141478e+004,-1.273844e-001
1.141526e+004,-1.519914e-001
1.141575e+004,-1.821615e-001
1.141623e+004,-2.184697e-001
1.141671e+004,-2.607728e-001
1.141719e+004,-3.070326e-001
1.141767e+004,-3.540280e-001
1.141816e+004,-3.977044e-001
1.141864e+004,-4.347341e-001
1.141912e+004,-4.632145e-001
1.141960e+004,-4.823878e-001
1.142009e+004,-4.916736e-001
1.142057e+004,-4.897945e-001
1.142105e+004,-4.747678e-001
1.142153e+004,-4.450276e-001
1.142201e+004,-4.012252e-001
1.142250e+004,-3.477430e-001
1.142298e+004,-2.929222e-001
1.142346e+004,-2.475211e-001
1.142394e+004,-2.217360e-001
1.142442e+004,-2.218353e-001
1.142491e+004,-2.477062e-001
1.142539e+004,-2.922611e-001
1.142587e+004,-3.428993e-001
1.142635e+004,-3.844708e-001
1.142684e+004,-4.027520e-001
1.142732e+004,-3.874803e-001
1.142780e+004,-3.343121e-001
1.142828e+004,-2.455223e-001
1.142876e+004,-1.295574e-001
1.142925e+004,3.247630e-004
1.142973e+004,1.281391e-001
1.143021e+004,2.378261e-001
1.143069e+004,3.162147e-001
1.143117e+004,3.557882e-001
1.143166e+004,3.564988e-001
1.143214e+004,3.258789e-001
1.143262e+004,2.771055e-001
1.143310e+004,2.253949e-001
1.143358e+004,1.838500e-001
1.143407e+004,1.602243e-001
1.143455e+004,1.557675e-001
1.143503e+004,1.664750e-001
1.143551e+004,1.860272e-001
1.143600e+004,2.089854e-001
1.143648e+004,2.327355e-001
1.143696e+004,2.573392e-001
1.143744e+004,2.835380e-001
1.143792e+004,3.101642e-001
1.143841e+004,3.325735e-001
1.143889e+004,3.432167e-001
1.143937e+004,3.343315e-001
1.143985e+004,3.015612e-001
1.144033e+004,2.467186e-001
1.144082e+004,1.782274e-001
1.144130e+004,1.088245e-001
1.144178e+004,5.141412e-002
1.144226e+004,1.487217e-002
1.144275e+004,1.667975e-003
1.144323e+004,8.313604e-003
1.144371e+004,2.827476e-002
1.144419e+004,5.579421e-002
1.144467e+004,8.868610e-002
1.144516e+004,1.287582e-001
1.144564e+004,1.797565e-001
1.144612e+004,2.439761e-001
1.144660e+004,3.193538e-001
1.144708e+004,3.986124e-001
1.144757e+004,4.709927e-001
1.144805e+004,5.257307e-001
1.144853e+004,5.558126e-001
1.144901e+004,5.597041e-001
1.144950e+004,5.410442e-001
1.144998e+004,5.062265e-001
1.145046e+004,4.613440e-001
1.145094e+004,4.100086e-001
1.145142e+004,3.529969e-001
1.145191e+004,2.896585e-001
1.145239e+004,2.201239e-001
1.145287e+004,1.469593e-001
1.145335e+004,7.529883e-002
1.145383e+004,1.134928e-002
1.145432e+004,-3.992053e-002
1.145480e+004,-7.667356e-002
1.145528e+004,-1.006844e-001
1.145576e+004,-1.161620e-001
1.145625e+004,-1.275356e-001
1.145673e+004,-1.373588e-001
1.145721e+004,-1.454038e-001
1.145769e+004,-1.493689e-001
1.145817e+004,-1.467535e-001
1.145866e+004,-1.368348e-001
1.145914e+004,-1.216371e-001
1.145962e+004,-1.053095e-001
1.146010e+004,-9.215102e-002
1.146058e+004,-8.423584e-002
1.146107e+004,-7.985538e-002
1.146155e+004,-7.366043e-002
1.146203e+004,-5.862506e-002
1.146251e+004,-2.913151e-002
1.146299e+004,1.603484e-002
1.146348e+004,7.200051e-002
1.146396e+004,1.282047e-001
1.146444e+004,1.709527e-001
1.146492e+004,1.874334e-001
1.146541e+004,1.699558e-001
1.146589e+004,1.190082e-001
1.146637e+004,4.407183e-002
1.146685e+004,-3.817532e-002
1.146733e+004,-1.078293e-001
1.146782e+004,-1.468321e-001
1.146830e+004,-1.437396e-001
1.146878e+004,-9.679604e-002
1.146926e+004,-1.430416e-002
1.146974e+004,8.796953e-002
1.147023e+004,1.916317e-001
1.147071e+004,2.811120e-001
1.147119e+004,3.477296e-001
1.147167e+004,3.908296e-001
1.147216e+004,4.156249e-001
1.147264e+004,4.288414e-001
1.147312e+004,4.342952e-001
1.147360e+004,4.306473e-001
1.147408e+004,4.125953e-001
1.147457e+004,3.750967e-001
1.147505e+004,3.185794e-001
1.147553e+004,2.523351e-001
1.147601e+004,1.938394e-001
1.147649e+004,1.634899e-001
1.147698e+004,1.764657e-001
1.147746e+004,2.350742e-001
1.147794e+004,3.251951e-001
1.147842e+004,4.189909e-001
1.147890e+004,4.834663e-001
1.147939e+004,4.921229e-001
1.147987e+004,4.345016e-001
1.148035e+004,3.208457e-001
1.148083e+004,1.791697e-001
1.148132e+004,4.599852e-002
1.148180e+004,-4.556843e-002
1.148228e+004,-7.580842e-002
1.148276e+004,-4.270256e-002
1.148324e+004,4.041146e-002
1.148373e+004,1.520300e-001
1.148421e+004,2.708576e-001
1.148469e+004,3.817213e-001
1.148517e+004,4.770698e-001
1.148565e+004,5.544948e-001
1.148614e+004,6.125748e-001
1.148662e+004,6.478260e-001
1.148710e+004,6.545289e-001
1.148758e+004,6.273361e-001
1.148807e+004,5.648888e-001
1.148855e+004,4.720410e-001
1.148903e+004,3.590629e-001
1.148951e+004,2.379449e-001
1.148999e+004,1.176683e-001
1.149048e+004,1.046087e-003
1.149096e+004,-1.149969e-001
1.149144e+004,-2.356382e-001
1.149192e+004,-3.627201e-001
1.149240e+004,-4.905168e-001
1.149289e+004,-6.051221e-001
1.149337e+004,-6.881770e-001
1.149385e+004,-7.235366e-001
1.149433e+004,-7.039629e-001
1.149481e+004,-6.347880e-001
1.149530e+004,-5.327864e-001
1.149578e+004,-4.206354e-001
1.149626e+004,-3.193020e-001
1.149674e+004,-2.415832e-001
1.149723e+004,-1.893759e-001
1.149771e+004,-1.554429e-001
1.149819e+004,-1.283756e-001
1.149867e+004,-9.822153e-002
1.149915e+004,-6.033179e-002
1.149964e+004,-1.618138e-002
1.150012e+004,2.853363e-002
1.150060e+004,6.708168e-002
1.150108e+004,9.445599e-002
1.150156e+004,1.085967e-001
1.150205e+004,1.100156e-001
1.150253e+004,1.006502e-001
1.150301e+004,8.300390e-002
1.150349e+004,6.013887e-002
1.150398e+004,3.624922e-002
1.150446e+004,1.695869e-002
1.150494e+004,8.520456e-003
1.150542e+004,1.577956e-002
1.150590e+004,3.966697e-002
1.150639e+004,7.558011e-002
1.150687e+004,1.138436e-001
1.150735e+004,1.425226e-001
1.150783e+004,1.516453e-001
1.150831e+004,1.370553e-001
1.150880e+004,1.021364e-001
1.150928e+004,5.656505e-002
1.150976e+004,1.246954e-002
1.151024e+004,-1.975051e-002
1.151072e+004,-3.527872e-002
1.151121e+004,-3.575044e-002
1.151169e+004,-2.741135e-002
1.151217e+004,-1.756822e-002
1.151265e+004,-1.111446e-002
1.151314e+004,-8.713272e-003
1.151362e+004,-7.277306e-003
1.151410e+004,-2.222976e-003
1.151458e+004,9.807074e-003
1.151506e+004,2.912567e-002
1.151555e+004,5.284788e-002
1.151603e+004,7.623576e-002
1.151651e+004,9.464501e-002
1.151699e+004,1.050126e-001
1.151747e+004,1.062815e-001
1.151796e+004,9.889194e-002
1.151844e+004,8.401621e-002
1.151892e+004,6.326289e-002
1.151940e+004,3.911547e-002
1.151988e+004,1.572803e-002
1.152037e+004,-7.357207e-004
1.152085e+004,-2.937909e-003
1.152133e+004,1.551701e-002
1.152181e+004,5.738828e-002
1.152230e+004,1.197415e-001
1.152278e+004,1.936398e-001
1.152326e+004,2.660083e-001
1.152374e+004,3.231794e-001
1.152422e+004,3.548682e-001
1.152471e+004,3.570981e-001
1.152519e+004,3.329552e-001
1.152567e+004,2.909324e-001
1.152615e+004,2.416083e-001
1.152663e+004,1.940945e-001
1.152712e+004,1.536806e-001
1.152760e+004,1.214949e-001
1.152808e+004,9.604726e-002
1.152856e+004,7.573100e-002
1.152905e+004,6.101669e-002
1.152953e+004,5.528794e-002
1.153001e+004,6.389425e-002
1.153049e+004,9.176569e-002
1.153097e+004,1.405436e-001
1.153146e+004,2.064142e-001
1.153194e+004,2.796197e-001
1.153242e+004,3.460655e-001
1.153290e+004,3.907465e-001
1.153338e+004,4.020815e-001
1.153387e+004,3.758413e-001
1.153435e+004,3.173305e-001
1.153483e+004,2.408376e-001
1.153531e+004,1.661668e-001
1.153579e+004,1.130330e-001
1.153628e+004,9.498459e-002
1.153676e+004,1.148778e-001
1.153724e+004,1.635666e-001
1.153772e+004,2.224271e-001
1.153821e+004,2.689811e-001
1.153869e+004,2.837501e-001
1.153917e+004,2.560329e-001
1.153965e+004,1.867300e-001
1.154013e+004,8.747776e-002
1.154062e+004,-2.330932e-002
1.154110e+004,-1.258337e-001
1.154158e+004,-2.038962e-001
1.154206e+004,-2.478678e-001
1.154254e+004,-2.553624e-001
1.154303e+004,-2.300927e-001
1.154351e+004,-1.799430e-001
1.154399e+004,-1.151529e-001
1.154447e+004,-4.692013e-002
1.154496e+004,1.386379e-002
1.154544e+004,5.821625e-002
1.154592e+004,8.110141e-002
1.154640e+004,8.332052e-002
1.154688e+004,7.216250e-002
1.154737e+004,5.983624e-002
1.154785e+004,5.955112e-002
1.154833e+004,8.036264e-002
1.154881e+004,1.228904e-001
1.154929e+004,1.781157e-001
1.154978e+004,2.304080e-001
1.155026e+004,2.640571e-001
1.155074e+004,2.707410e-001
1.155122e+004,2.545407e-001
1.155171e+004,2.318812e-001
1.155219e+004,2.258771e-001
1.155267e+004,2.570372e-001
1.155315e+004,3.339733e-001
1.155363e+004,4.479714e-001
1.155412e+004,5.738811e-001
1.155460e+004,6.773329e-001
1.155508e+004,7.256967e-001
1.155556e+004,6.986353e-001
1.155604e+004,5.942983e-001
1.155653e+004,4.291481e-001
1.155701e+004,2.320438e-001
1.155749e+004,3.531386e-002
1.155797e+004,-1.337644e-001
1.155846e+004,-2.583793e-001
1.155894e+004,-3.333938e-001
1.155942e+004,-3.629590e-001
1.155990e+004,-3.563079e-001
1.156038e+004,-3.237372e-001
1.156087e+004,-2.741284e-001
1.156135e+004,-2.142744e-001
1.156183e+004,-1.493974e-001
1.156231e+004,-8.395350e-002
1.156279e+004,-2.211457e-002
1.156328e+004,3.215946e-002
1.156376e+004,7.518600e-002
1.156424e+004,1.035122e-001
1.156472e+004,1.138095e-001
1.156521e+004,1.030638e-001
1.156569e+004,6.941657e-002
1.156617e+004,1.363279e-002
1.156665e+004,-5.939136e-002
1.156713e+004,-1.400363e-001
1.156762e+004,-2.150893e-001
1.156810e+004,-2.707227e-001
1.156858e+004,-2.965377e-001
1.156906e+004,-2.892293e-001
1.156954e+004,-2.543424e-001
1.157003e+004,-2.051711e-001
1.157051e+004,-1.588884e-001
1.157099e+004,-1.310985e-001
1.157147e+004,-1.307612e-001
1.157196e+004,-1.570784e-001
1.157244e+004,-1.998822e-001
1.157292e+004,-2.429587e-001
1.157340e+004,-2.691846e-001
1.157388e+004,-2.657517e-001
1.157437e+004,-2.279006e-001
1.157485e+004,-1.601828e-001
1.157533e+004,-7.508375e-002
1.157581e+004,1.040714e-002
1.157629e+004,7.921150e-002
1.157678e+004,1.183862e-001
1.157726e+004,1.221877e-001
1.157774e+004,9.335450e-002
1.157822e+004,4.235243e-002
1.157871e+004,-1.529578e-002
1.157919e+004,-6.303915e-002
1.157967e+004,-8.768693e-002
1.158015e+004,-8.292995e-002
1.158063e+004,-5.092939e-002
1.158112e+004,-1.492801e-003
1.158160e+004,5.087870e-002
1.158208e+004,9.114736e-002
1.158256e+004,1.078614e-001
1.158304e+004,9.608598e-002
1.158353e+004,5.839895e-002
1.158401e+004,3.819667e-003
1.158449e+004,-5.484162e-002
1.158497e+004,-1.043345e-001
1.158546e+004,-1.340924e-001
1.158594e+004,-1.384396e-001
1.158642e+004,-1.175478e-001
1.158690e+004,-7.708607e-002
1.158738e+004,-2.668613e-002
1.158787e+004,2.251214e-002
1.158835e+004,6.078238e-002
1.158883e+004,8.251403e-002
1.158931e+004,8.786255e-002
1.158979e+004,8.263291e-002
1.159028e+004,7.615233e-002
1.159076e+004,7.762814e-002
1.159124e+004,9.221282e-002
1.159172e+004,1.183297e-001
1.159220e+004,1.475190e-001
1.159269e+004,1.671481e-001
1.159317e+004,1.651669e-001
1.159365e+004,1.351624e-001
1.159413e+004,7.971780e-002
1.159462e+004,1.066275e-002
1.159510e+004,-5.401481e-002
1.159558e+004,-9.552179e-002
1.159606e+004,-9.996431e-002
1.159654e+004,-6.245012e-002
1.159703e+004,1.163679e-002
1.159751e+004,1.083159e-001
1.159799e+004,2.087865e-001
1.159847e+004,2.939587e-001
1.159895e+004,3.484732e-001
1.159944e+004,3.634306e-001
1.159992e+004,3.376018e-001
1.160040e+004,2.772448e-001
1.160088e+004,1.947411e-001
1.160137e+004,1.061901e-001
1.160185e+004,2.815345e-002
1.160233e+004,-2.613793e-002
1.160281e+004,-4.942895e-002
1.160329e+004,-4.260011e-002
1.160378e+004,-1.360001e-002
1.160426e+004,2.588815e-002
1.160474e+004,6.522247e-002
1.160522e+004,9.918621e-002
1.160570e+004,1.300618e-001
1.160619e+004,1.663001e-001
1.160667e+004,2.181233e-001
1.160715e+004,2.918256e-001
1.160763e+004,3.852691e-001
1.160811e+004,4.866802e-001
1.160860e+004,5.774488e-001
1.160908e+004,6.378595e-001
1.160956e+004,6.533983e-001
1.161004e+004,6.191144e-001
1.161053e+004,5.405361e-001
1.161101e+004,4.312347e-001
1.161149e+004,3.084978e-001
1.161197e+004,1.890545e-001
1.161245e+004,8.631625e-002
1.161294e+004,9.512707e-003
1.161342e+004,-3.592699e-002
1.161390e+004,-4.786500e-002
1.161438e+004,-2.759387e-002
1.161486e+004,1.946019e-002
1.161535e+004,8.334607e-002
1.161583e+004,1.505430e-001
1.161631e+004,2.066837e-001
1.161679e+004,2.404480e-001
1.161727e+004,2.471658e-001
1.161776e+004,2.304679e-001
1.161824e+004,2.009367e-001
1.161872e+004,1.720143e-001
1.161920e+004,1.547737e-001
1.161969e+004,1.538492e-001
1.162017e+004,1.663270e-001
1.162065e+004,1.839544e-001
1.162113e+004,1.974198e-001
1.162161e+004,2.005425e-001
1.162210e+004,1.924325e-001
1.162258e+004,1.768283e-001
1.162306e+004,1.593019e-001
1.162354e+004,1.440428e-001
1.162402e+004,1.319933e-001
1.162451e+004,1.211838e-001
1.162499e+004,1.087733e-001
1.162547e+004,9.332963e-002
1.162595e+004,7.582378e-002
1.162644e+004,5.866689e-002
1.162692e+004,4.338077e-002
1.162740e+004,2.841912e-002
1.162788e+004,8.686619e-003
1.162836e+004,-2.261368e-002
1.162885e+004,-7.053286e-002
1.162933e+004,-1.350771e-001
1.162981e+004,-2.099043e-001
1.163029e+004,-2.839634e-001
1.163077e+004,-3.455524e-001
1.163126e+004,-3.869703e-001
1.163174e+004,-4.075163e-001
1.163222e+004,-4.133183e-001
1.163270e+004,-4.140381e-001
1.163318e+004,-4.179271e-001
1.163367e+004,-4.281930e-001
1.163415e+004,-4.412063e-001
1.163463e+004,-4.483897e-001
1.163511e+004,-4.401577e-001
1.163560e+004,-4.101290e-001
1.163608e+004,-3.577533e-001
1.163656e+004,-2.884074e-001
1.163704e+004,-2.112947e-001
1.163752e+004,-1.364153e-001
1.163801e+004,-7.203878e-002
1.163849e+004,-2.352198e-002
1.163897e+004,6.597380e-003
1.163945e+004,1.794791e-002
1.163993e+004,1.188763e-002
1.164042e+004,-8.420323e-003
1.164090e+004,-3.776071e-002
1.164138e+004,-6.912196e-002
1.164186e+004,-9.492079e-002
1.164235e+004,-1.090239e-001
1.164283e+004,-1.087381e-001
1.164331e+004,-9.571483e-002
1.164379e+004,-7.511839e-002
1.164427e+004,-5.328488e-002
1.164476e+004,-3.494766e-002
1.164524e+004,-2.142788e-002
1.164572e+004,-1.074062e-002
1.164620e+004,4.400981e-004
1.164668e+004,1.404080e-002
1.164717e+004,2.860407e-002
1.164765e+004,3.921882e-002
1.164813e+004,3.950168e-002
1.164861e+004,2.466508e-002
1.164909e+004,-5.891359e-003
1.164958e+004,-4.779156e-002
1.165006e+004,-9.307032e-002
1.165054e+004,-1.329500e-001
1.165102e+004,-1.604970e-001
1.165151e+004,-1.717808e-001
1.165199e+004,-1.651056e-001
1.165247e+004,-1.390796e-001
1.165295e+004,-9.105086e-002
1.165343e+004,-1.726853e-002
1.165392e+004,8.487362e-002
1.165440e+004,2.134641e-001
1.165488e+004,3.594095e-001
1.165536e+004,5.062727e-001
1.165584e+004,6.333782e-001
1.165633e+004,7.213826e-001
1.165681e+004,7.582037e-001
1.165729e+004,7.428311e-001
1.165777e+004,6.854113e-001
1.165826e+004,6.036268e-001
1.165874e+004,5.169981e-001
1.165922e+004,4.414718e-001
1.165970e+004,3.862536e-001
1.166018e+004,3.535592e-001
1.166067e+004,3.405449e-001
1.166115e+004,3.418138e-001
1.166163e+004,3.510143e-001
1.166211e+004,3.609831e-001
1.166259e+004,3.631022e-001
1.166308e+004,3.472571e-001
1.166356e+004,3.035918e-001
1.166404e+004,2.261882e-001
1.166452e+004,1.174224e-001
1.166500e+004,-9.082730e-003
1.166549e+004,-1.289914e-001
1.166597e+004,-2.121653e-001
1.166645e+004,-2.310682e-001
1.166693e+004,-1.700628e-001
1.166742e+004,-3.216606e-002
1.166790e+004,1.595835e-001
1.166838e+004,3.671127e-001
1.166886e+004,5.472174e-001
1.166934e+004,6.631145e-001
1.166983e+004,6.938630e-001
1.167031e+004,6.387967e-001
1.167079e+004,5.159060e-001
1.167127e+004,3.550992e-001
1.167175e+004,1.887864e-001
1.167224e+004,4.288614e-002
1.167272e+004,-6.902123e-002
1.167320e+004,-1.468899e-001
1.167368e+004,-2.008929e-001
1.167417e+004,-2.451647e-001
1.167465e+004,-2.909648e-001
1.167513e+004,-3.416055e-001
1.167561e+004,-3.907720e-001
1.167609e+004,-4.247152e-001
1.167658e+004,-4.275179e-001
1.167706e+004,-3.875905e-001
1.167754e+004,-3.030723e-001
1.167802e+004,-1.841395e-001
1.167850e+004,-5.124290e-002
1.167899e+004,7.031109e-002
1.167947e+004,1.577502e-001
1.167995e+004,1.977861e-001
1.168043e+004,1.907507e-001
1.168092e+004,1.503901e-001
1.168140e+004,9.920812e-002
1.168188e+004,6.079233e-002
1.168236e+004,5.167223e-002
1.168284e+004,7.550836e-002
1.168333e+004,1.216924e-001
1.168381e+004,1.689849e-001
1.168429e+004,1.930841e-001
1.168477e+004,1.755980e-001
1.168525e+004,1.112821e-001
1.168574e+004,1.091913e-002
1.168622e+004,-1.012741e-001
1.168670e+004,-1.948796e-001
1.168718e+004,-2.427029e-001
1.168767e+004,-2.292316e-001
1.168815e+004,-1.553557e-001
1.168863e+004,-3.785922e-002
1.168911e+004,9.606360e-002
1.168959e+004,2.173182e-001
1.169008e+004,3.034591e-001
1.169056e+004,3.443408e-001
1.169104e+004,3.431210e-001
1.169152e+004,3.127176e-001
1.169200e+004,2.695164e-001
1.169249e+004,2.269967e-001
1.169297e+004,1.916877e-001
1.169345e+004,1.627175e-001
1.169393e+004,1.346496e-001
1.169441e+004,1.019619e-001
1.169490e+004,6.295801e-002
1.169538e+004,2.119093e-002
1.169586e+004,-1.595818e-002
1.169634e+004,-4.083483e-002
1.169683e+004,-4.931005e-002
1.169731e+004,-4.300985e-002
1.169779e+004,-2.898072e-002
1.169827e+004,-1.700970e-002
1.169875e+004,-1.583818e-002
1.169924e+004,-2.989038e-002
1.169972e+004,-5.777752e-002
1.170020e+004,-9.294502e-002
1.170068e+004,-1.258930e-001
1.170116e+004,-1.468616e-001
1.170165e+004,-1.479572e-001
1.170213e+004,-1.242536e-001
1.170261e+004,-7.404737e-002
1.170309e+004,1.215501e-003
1.170357e+004,9.694335e-002
1.170406e+004,2.053763e-001
1.170454e+004,3.159898e-001
1.170502e+004,4.168362e-001
1.170550e+004,4.969140e-001
1.170599e+004,5.489818e-001
1.170647e+004,5.716819e-001
1.170695e+004,5.698444e-001
1.170743e+004,5.525203e-001
1.170791e+004,5.293471e-001
1.170840e+004,5.067511e-001
1.170888e+004,4.857198e-001
1.170936e+004,4.622150e-001
1.170984e+004,4.300816e-001
1.171032e+004,3.850638e-001
1.171081e+004,3.279392e-001
1.171129e+004,2.651356e-001
1.171177e+004,2.064005e-001
1.171225e+004,1.605651e-001
1.171274e+004,1.314667e-001
1.171322e+004,1.161154e-001
1.171370e+004,1.061716e-001
1.171418e+004,9.217594e-002
1.171466e+004,6.855563e-002
1.171515e+004,3.695240e-002
1.171563e+004,6.144869e-003
1.171611e+004,-1.156060e-002
1.171659e+004,-5.930471e-003
1.171707e+004,2.609987e-002
1.171756e+004,7.814093e-002
1.171804e+004,1.359777e-001
1.171852e+004,1.825183e-001
1.171900e+004,2.040531e-001
1.171948e+004,1.952765e-001
1.171997e+004,1.610977e-001
1.172045e+004,1.146480e-001
1.172093e+004,7.243392e-002
1.172141e+004,4.863434e-002
1.172190e+004,5.070183e-002
1.172238e+004,7.772045e-002
1.172286e+004,1.217706e-001
1.172334e+004,1.713850e-001
1.172382e+004,2.155530e-001
1.172431e+004,2.468133e-001
1.172479e+004,2.626098e-001
1.172527e+004,2.648674e-001
1.172575e+004,2.582783e-001
1.172623e+004,2.484889e-001
1.172672e+004,2.401699e-001
1.172720e+004,2.361752e-001
1.172768e+004,2.375476e-001
1.172816e+004,2.442698e-001
1.172865e+004,2.563453e-001
1.172913e+004,2.747047e-001
1.172961e+004,3.015039e-001
1.173009e+004,3.395917e-001
1.173057e+004,3.912447e-001
1.173106e+004,4.565857e-001
1.173154e+004,5.323090e-001
1.173202e+004,6.113289e-001
1.173250e+004,6.836654e-001
1.173298e+004,7.383995e-001
1.173347e+004,7.660528e-001
1.173395e+004,7.605327e-001
1.173443e+004,7.199575e-001
1.173491e+004,6.462169e-001
1.173539e+004,5.436963e-001
1.173588e+004,4.179725e-001
1.173636e+004,2.752003e-001
1.173684e+004,1.224538e-001
1.173732e+004,-3.140355e-002
1.173781e+004,-1.752005e-001
1.173829e+004,-2.961892e-001
1.173877e+004,-3.823621e-001
1.173925e+004,-4.258223e-001
1.173973e+004,-4.259464e-001
1.174022e+004,-3.908632e-001
1.174070e+004,-3.362575e-001
1.174118e+004,-2.815024e-001
1.174166e+004,-2.442219e-001
1.174214e+004,-2.351267e-001
1.174263e+004,-2.549778e-001
1.174311e+004,-2.947985e-001
1.174359e+004,-3.392582e-001
1.174407e+004,-3.720177e-001
1.174456e+004,-3.811825e-001
1.174504e+004,-3.630633e-001
1.174552e+004,-3.231187e-001
1.174600e+004,-2.739763e-001
1.174648e+004,-2.314176e-001
1.174697e+004,-2.097674e-001
1.174745e+004,-2.181165e-001
1.174793e+004,-2.582695e-001
1.174841e+004,-3.246428e-001
1.174889e+004,-4.058212e-001
1.174938e+004,-4.872344e-001
1.174986e+004,-5.543486e-001
1.175034e+004,-5.957596e-001
1.175082e+004,-6.055526e-001
1.175130e+004,-5.843768e-001
1.175179e+004,-5.388952e-001
1.175227e+004,-4.796514e-001
1.175275e+004,-4.178332e-001
1.175323e+004,-3.618020e-001
1.175372e+004,-3.144626e-001
1.175420e+004,-2.724453e-001
1.175468e+004,-2.275624e-001
1.175516e+004,-1.701947e-001
1.175564e+004,-9.345866e-002
1.175613e+004,3.384519e-003
1.175661e+004,1.137870e-001
1.175709e+004,2.244812e-001
1.175757e+004,3.196086e-001
1.175805e+004,3.849778e-001
1.175854e+004,4.121413e-001
1.175902e+004,4.007721e-001
1.175950e+004,3.586570e-001
1.175998e+004,2.994705e-001
1.176047e+004,2.391844e-001
1.176095e+004,1.922842e-001
1.176143e+004,1.688196e-001
1.176191e+004,1.728774e-001
1.176239e+004,2.025675e-001
1.176288e+004,2.512290e-001
1.176336e+004,3.093510e-001
1.176384e+004,3.666891e-001
1.176432e+004,4.141432e-001
1.176480e+004,4.451226e-001
1.176529e+004,4.562554e-001
1.176577e+004,4.474008e-001
1.176625e+004,4.210030e-001
1.176673e+004,3.809437e-001
1.176721e+004,3.311796e-001
1.176770e+004,2.745817e-001
1.176818e+004,2.123839e-001
1.176866e+004,1.444893e-001
1.176914e+004,7.058623e-002
1.176963e+004,-8.327479e-003
1.177011e+004,-8.865485e-002
1.177059e+004,-1.638305e-001
1.177107e+004,-2.253051e-001
1.177155e+004,-2.648281e-001
1.177204e+004,-2.774107e-001
1.177252e+004,-2.639675e-001
1.177300e+004,-2.325740e-001
1.177348e+004,-1.976076e-001
1.177396e+004,-1.766439e-001
1.177445e+004,-1.857480e-001
1.177493e+004,-2.344958e-001
1.177541e+004,-3.224187e-001
1.177589e+004,-4.382946e-001
1.177638e+004,-5.628042e-001
1.177686e+004,-6.738481e-001
1.177734e+004,-7.528239e-001
1.177782e+004,-7.897997e-001
1.177830e+004,-7.858755e-001
1.177879e+004,-7.519243e-001
1.177927e+004,-7.041200e-001
1.177975e+004,-6.577966e-001
1.178023e+004,-6.218722e-001
1.178071e+004,-5.959133e-001
1.178120e+004,-5.709130e-001
1.178168e+004,-5.333768e-001
1.178216e+004,-4.710709e-001
1.178264e+004,-3.782313e-001
1.178313e+004,-2.583559e-001
1.178361e+004,-1.236691e-001
1.178409e+004,8.404954e-003
1.178457e+004,1.203634e-001
1.178505e+004,1.994475e-001
1.178554e+004,2.405182e-001
1.178602e+004,2.461928e-001
1.178650e+004,2.245430e-001
1.178698e+004,1.855387e-001
1.178746e+004,1.377845e-001
1.178795e+004,8.684172e-002
1.178843e+004,3.549175e-002
1.178891e+004,-1.430936e-002
1.178939e+004,-5.905595e-002
1.178988e+004,-9.222073e-002
1.179036e+004,-1.046324e-001
1.179084e+004,-8.685362e-002
1.179132e+004,-3.283624e-002
1.179180e+004,5.651909e-002
1.179229e+004,1.714139e-001
1.179277e+004,2.938940e-001
1.179325e+004,4.014525e-001
1.179373e+004,4.726171e-001
1.179421e+004,4.928692e-001
1.179470e+004,4.590141e-001
1.179518e+004,3.805383e-001
1.179566e+004,2.773880e-001
1.179614e+004,1.747237e-001
1.179663e+004,9.617919e-002
1.179711e+004,5.764510e-002
1.179759e+004,6.343427e-002
1.179807e+004,1.059058e-001
1.179855e+004,1.685089e-001
1.179904e+004,2.311365e-001
1.179952e+004,2.760148e-001
1.180000e+004,2.923146e-001
1.180048e+004,2.782476e-001
1.180096e+004,2.403503e-001
1.180145e+004,1.905638e-001
1.180193e+004,1.422695e-001
1.180241e+004,1.065081e-001
1.180289e+004,8.933900e-002
1.180338e+004,9.085226e-002
1.180386e+004,1.059001e-001
1.180434e+004,1.262234e-001
1.180482e+004,1.433333e-001
1.180530e+004,1.513372e-001
1.180579e+004,1.489057e-001
1.180627e+004,1.398095e-001
1.180675e+004,1.318559e-001
1.180723e+004,1.345253e-001
1.180771e+004,1.560299e-001
1.180820e+004,2.007382e-001
1.180868e+004,2.678171e-001
1.180916e+004,3.515157e-001
1.180964e+004,4.428878e-001
1.181013e+004,5.322023e-001
1.181061e+004,6.110697e-001
1.181109e+004,6.735324e-001
1.181157e+004,7.159079e-001
1.181205e+004,7.358112e-001
1.181254e+004,7.311758e-001
1.181302e+004,7.000757e-001
1.181350e+004,6.416299e-001
1.181398e+004,5.575680e-001
1.181446e+004,4.534333e-001
1.181495e+004,3.383975e-001
1.181543e+004,2.232298e-001
1.181591e+004,1.169482e-001
1.181639e+004,2.352322e-002
1.181687e+004,-5.971076e-002
1.181736e+004,-1.408226e-001
1.181784e+004,-2.292902e-001
1.181832e+004,-3.305441e-001
1.181880e+004,-4.418024e-001
1.181929e+004,-5.502694e-001
1.181977e+004,-6.359751e-001
1.182025e+004,-6.781077e-001
1.182073e+004,-6.627924e-001
1.182121e+004,-5.893246e-001
1.182170e+004,-4.722413e-001
1.182218e+004,-3.381068e-001
1.182266e+004,-2.179054e-001
1.182314e+004,-1.376541e-001
1.182362e+004,-1.105545e-001
1.182411e+004,-1.334153e-001
1.182459e+004,-1.884602e-001
1.182507e+004,-2.496544e-001
1.182555e+004,-2.911499e-001
1.182604e+004,-2.949316e-001
1.182652e+004,-2.553141e-001
1.182700e+004,-1.792468e-001
1.182748e+004,-8.283703e-002
1.182796e+004,1.439131e-002
1.182845e+004,9.547567e-002
1.182893e+004,1.503616e-001
1.182941e+004,1.774543e-001
1.182989e+004,1.822315e-001
1.183037e+004,1.737679e-001
1.183086e+004,1.606412e-001
1.183134e+004,1.477501e-001
1.183182e+004,1.350804e-001
1.183230e+004,1.186659e-001
1.183278e+004,9.316548e-002
1.183327e+004,5.491871e-002
1.183375e+004,4.206800e-003
1.183423e+004,-5.419230e-002
1.183471e+004,-1.123423e-001
1.183520e+004,-1.617524e-001
1.183568e+004,-1.960962e-001
1.183616e+004,-2.129057e-001
1.183664e+004,-2.136453e-001
1.183712e+004,-2.023683e-001
1.183761e+004,-1.838030e-001
1.183809e+004,-1.619156e-001
1.183857e+004,-1.396334e-001
1.183905e+004,-1.196835e-001
1.183953e+004,-1.057694e-001
1.184002e+004,-1.029915e-001
1.184050e+004,-1.167647e-001
1.184098e+004,-1.503695e-001
1.184146e+004,-2.022082e-001
1.184195e+004,-2.643039e-001
1.184243e+004,-3.232231e-001
1.184291e+004,-3.636113e-001
1.184339e+004,-3.732660e-001
1.184387e+004,-3.477845e-001
1.184436e+004,-2.927333e-001
1.184484e+004,-2.221594e-001
1.184532e+004,-1.537972e-001
1.184580e+004,-1.028077e-001
1.184628e+004,-7.660321e-002
1.184677e+004,-7.287066e-002
1.184725e+004,-8.153416e-002
1.184773e+004,-8.970394e-002
1.184821e+004,-8.740445e-002
1.184869e+004,-7.161056e-002
1.184918e+004,-4.694938e-002
1.184966e+004,-2.304827e-002
1.185014e+004,-9.936915e-003
1.185062e+004,-1.348330e-002
1.185111e+004,-3.280771e-002
1.185159e+004,-6.037127e-002
1.185207e+004,-8.433124e-002
1.185255e+004,-9.201761e-002
1.185303e+004,-7.326997e-002
1.185352e+004,-2.277124e-002
1.185400e+004,5.889827e-002
1.185448e+004,1.653043e-001
1.185496e+004,2.850073e-001
1.185544e+004,4.030912e-001
1.185593e+004,5.034461e-001
1.185641e+004,5.718274e-001
1.185689e+004,5.993216e-001
1.185737e+004,5.852883e-001
1.185786e+004,5.385354e-001
1.185834e+004,4.757362e-001
1.185882e+004,4.170196e-001
1.185930e+004,3.799140e-001
1.185978e+004,3.737456e-001
1.186027e+004,3.966525e-001
1.186075e+004,4.364337e-001
1.186123e+004,4.749381e-001
1.186171e+004,4.942817e-001
1.186219e+004,4.825026e-001
1.186268e+004,4.365807e-001
1.186316e+004,3.619611e-001
1.186364e+004,2.692616e-001
1.186412e+004,1.700145e-001
1.186460e+004,7.348309e-002
1.186509e+004,-1.424469e-002
1.186557e+004,-8.904555e-002
1.186605e+004,-1.467114e-001
1.186653e+004,-1.816400e-001
1.186702e+004,-1.872649e-001
1.186750e+004,-1.581291e-001
1.186798e+004,-9.252335e-002
1.186846e+004,5.759148e-003
1.186894e+004,1.275534e-001
1.186943e+004,2.603608e-001
1.186991e+004,3.913481e-001
1.187039e+004,5.099271e-001
1.187087e+004,6.088641e-001
1.187135e+004,6.837056e-001
1.187184e+004,7.312378e-001
1.187232e+004,7.481532e-001
1.187280e+004,7.309357e-001
1.187328e+004,6.772128e-001
1.187376e+004,5.879626e-001
1.187425e+004,4.693846e-001
1.187473e+004,3.333248e-001
1.187521e+004,1.957476e-001
1.187569e+004,7.363603e-002
1.187618e+004,-1.865608e-002
1.187666e+004,-7.239661e-002
1.187714e+004,-8.595566e-002
1.187762e+004,-6.452060e-002
1.187810e+004,-1.835681e-002
1.187859e+004,3.975086e-002
1.187907e+004,9.718964e-002
1.187955e+004,1.437752e-001
1.188003e+004,1.731928e-001
1.188051e+004,1.833429e-001
1.188100e+004,1.757667e-001
1.188148e+004,1.541362e-001
1.188196e+004,1.223698e-001
1.188244e+004,8.300541e-002
1.188293e+004,3.650264e-002
1.188341e+004,-1.812164e-002
1.188389e+004,-8.145955e-002
1.188437e+004,-1.514594e-001
1.188485e+004,-2.219325e-001
1.188534e+004,-2.828744e-001
1.188582e+004,-3.229134e-001
1.188630e+004,-3.331439e-001
1.188678e+004,-3.107267e-001
1.188726e+004,-2.604898e-001
1.188775e+004,-1.935147e-001
1.188823e+004,-1.230509e-001
1.188871e+004,-5.943491e-002
1.188919e+004,-6.305838e-003
1.188967e+004,4.004171e-002
1.189016e+004,8.769751e-002
1.189064e+004,1.437933e-001
1.189112e+004,2.092174e-001
1.189160e+004,2.759251e-001
1.189209e+004,3.282715e-001
1.189257e+004,3.479829e-001
1.189305e+004,3.207430e-001
1.189353e+004,2.416504e-001
1.189401e+004,1.173324e-001
1.189450e+004,-3.602067e-002
1.189498e+004,-1.976562e-001
1.189546e+004,-3.480376e-001
1.189594e+004,-4.730769e-001
1.189642e+004,-5.655602e-001
1.189691e+004,-6.240367e-001
1.189739e+004,-6.505725e-001
1.189787e+004,-6.489641e-001
1.189835e+004,-6.242364e-001
1.189884e+004,-5.831159e-001
1.189932e+004,-5.343197e-001
1.189980e+004,-4.875275e-001
1.190028e+004,-4.507394e-001
1.190076e+004,-4.268978e-001
1.190125e+004,-4.114305e-001
1.190173e+004,-3.923213e-001
1.190221e+004,-3.533875e-001
1.190269e+004,-2.800105e-001
1.190317e+004,-1.652255e-001
1.190366e+004,-1.357444e-002
1.190414e+004,1.591002e-001
1.190462e+004,3.299651e-001
1.190510e+004,4.758163e-001
1.190558e+004,5.793078e-001
1.190607e+004,6.324938e-001
1.190655e+004,6.367466e-001
1.190703e+004,5.996976e-001
1.190751e+004,5.309877e-001
1.190800e+004,4.388977e-001
1.190848e+004,3.292835e-001
1.190896e+004,2.069969e-001
1.190944e+004,7.871361e-002
1.190992e+004,-4.461039e-002
1.191041e+004,-1.472690e-001
1.191089e+004,-2.110556e-001
1.191137e+004,-2.197448e-001
1.191185e+004,-1.643336e-001
1.191233e+004,-4.720818e-002
1.191282e+004,1.162588e-001
1.191330e+004,2.993915e-001
1.191378e+004,4.689809e-001
1.191426e+004,5.921601e-001
1.191475e+004,6.438392e-001
1.191523e+004,6.128655e-001
1.191571e+004,5.052066e-001
1.191619e+004,3.430873e-001
1.191667e+004,1.600269e-001
1.191716e+004,-7.149983e-003
1.191764e+004,-1.273468e-001
1.191812e+004,-1.828303e-001
1.191860e+004,-1.732102e-001
1.191908e+004,-1.144514e-001
1.191957e+004,-3.315836e-002
1.192005e+004,4.196485e-002
1.192053e+004,8.860402e-002
1.192101e+004,9.655197e-002
1.192150e+004,6.911614e-002
1.192198e+004,2.028230e-002
1.192246e+004,-3.091469e-002
1.192294e+004,-6.663681e-002
1.192342e+004,-7.502338e-002
1.192391e+004,-5.225459e-002
1.192439e+004,-1.841831e-003
1.192487e+004,6.790177e-002
1.192535e+004,1.468717e-001
1.192583e+004,2.256050e-001
1.192632e+004,2.967007e-001
1.192680e+004,3.553516e-001
1.192728e+004,3.993178e-001
1.192776e+004,4.285973e-001
1.192825e+004,4.448371e-001
1.192873e+004,4.504490e-001
1.192921e+004,4.475209e-001
1.192969e+004,4.368555e-001
1.193017e+004,4.175988e-001
1.193066e+004,3.877981e-001
1.193114e+004,3.457954e-001
1.193162e+004,2.918996e-001
1.193210e+004,2.294942e-001
1.193258e+004,1.649011e-001
1.193307e+004,1.058318e-001
1.193355e+004,5.893954e-002
1.193403e+004,2.748649e-002
1.193451e+004,1.020173e-002
1.193499e+004,1.918356e-003
1.193548e+004,-4.261728e-003
1.193596e+004,-1.429948e-002
1.193644e+004,-3.129639e-002
1.193692e+004,-5.511129e-002
1.193741e+004,-8.343465e-002
1.193789e+004,-1.134662e-001
1.193837e+004,-1.430912e-001
1.193885e+004,-1.708437e-001
1.193933e+004,-1.947715e-001
1.193982e+004,-2.110748e-001
1.194030e+004,-2.136656e-001
1.194078e+004,-1.953465e-001
1.194126e+004,-1.504250e-001
1.194174e+004,-7.767329e-002
1.194223e+004,1.770946e-002
1.194271e+004,1.245012e-001
1.194319e+004,2.281602e-001
1.194367e+004,3.149728e-001
1.194416e+004,3.758748e-001
1.194464e+004,4.083353e-001
1.194512e+004,4.156877e-001
1.194560e+004,4.045488e-001
1.194608e+004,3.817808e-001
1.194657e+004,3.524224e-001
1.194705e+004,3.192838e-001
1.194753e+004,2.838774e-001
1.194801e+004,2.476513e-001
1.194849e+004,2.124315e-001
1.194898e+004,1.796443e-001
1.194946e+004,1.488253e-001
1.194994e+004,1.165763e-001
1.195042e+004,7.706132e-002
1.195090e+004,2.433872e-002
1.195139e+004,-4.427162e-002
1.195187e+004,-1.253906e-001
1.195235e+004,-2.089563e-001
1.195283e+004,-2.805039e-001
1.195332e+004,-3.257062e-001
1.195380e+004,-3.354032e-001
1.195428e+004,-3.090322e-001
1.195476e+004,-2.550391e-001
1.195524e+004,-1.881288e-001
1.195573e+004,-1.245367e-001
1.195621e+004,-7.724720e-002
1.195669e+004,-5.296689e-002
1.195717e+004,-5.172638e-002
1.195765e+004,-6.874371e-002
1.195814e+004,-9.726766e-002
1.195862e+004,-1.309987e-001
1.195910e+004,-1.652860e-001
1.195958e+004,-1.972050e-001
1.196007e+004,-2.252171e-001
1.196055e+004,-2.491417e-001
1.196103e+004,-2.706326e-001
1.196151e+004,-2.936949e-001
1.196199e+004,-3.244259e-001
1.196248e+004,-3.694252e-001
1.196296e+004,-4.330698e-001
1.196344e+004,-5.146540e-001
1.196392e+004,-6.067564e-001
1.196440e+004,-6.958771e-001
1.196489e+004,-7.654725e-001
1.196537e+004,-8.004624e-001
1.196585e+004,-7.915374e-001
1.196633e+004,-7.376595e-001
1.196681e+004,-6.458895e-001
1.196730e+004,-5.289120e-001
1.196778e+004,-4.014993e-001
1.196826e+004,-2.774131e-001
1.196874e+004,-1.676708e-001
1.196923e+004,-8.020050e-002
1.196971e+004,-2.014995e-002
1.197019e+004,1.004738e-002
1.197067e+004,1.129626e-002
1.197115e+004,-1.117045e-002
1.197164e+004,-4.734800e-002
1.197212e+004,-8.349025e-002
1.197260e+004,-1.048944e-001
1.197308e+004,-9.994926e-002
1.197356e+004,-6.387354e-002
1.197405e+004,-6.253338e-004
1.197453e+004,7.790852e-002
1.197501e+004,1.552384e-001
1.197549e+004,2.148374e-001
1.197597e+004,2.442455e-001
1.197646e+004,2.373923e-001
1.197694e+004,1.947473e-001
1.197742e+004,1.218591e-001
1.197790e+004,2.736642e-002
1.197839e+004,-7.856283e-002
1.197887e+004,-1.850116e-001
1.197935e+004,-2.806947e-001
1.197983e+004,-3.546816e-001
1.198031e+004,-3.979805e-001
1.198080e+004,-4.058051e-001
1.198128e+004,-3.795794e-001
1.198176e+004,-3.274457e-001
1.198224e+004,-2.624402e-001
1.198272e+004,-1.985356e-001
1.198321e+004,-1.458733e-001
1.198369e+004,-1.071321e-001
1.198417e+004,-7.669742e-002
1.198465e+004,-4.320257e-002
1.198514e+004,5.399794e-003
1.198562e+004,7.619593e-002
1.198610e+004,1.673787e-001
1.198658e+004,2.676628e-001
1.198706e+004,3.593243e-001
1.198755e+004,4.236315e-001
1.198803e+004,4.464875e-001
1.198851e+004,4.221585e-001
1.198899e+004,3.539724e-001
1.198947e+004,2.522762e-001
1.198996e+004,1.310445e-001
1.199044e+004,4.834266e-003
1.199092e+004,-1.127866e-001
1.199140e+004,-2.092849e-001
1.199188e+004,-2.726229e-001
1.199237e+004,-2.914506e-001
1.199285e+004,-2.569030e-001
1.199333e+004,-1.658248e-001
1.199381e+004,-2.411219e-002
1.199430e+004,1.516886e-001
1.199478e+004,3.360010e-001
1.199526e+004,4.992729e-001
1.199574e+004,6.151553e-001
1.199622e+004,6.674276e-001
1.199671e+004,6.541873e-001
1.199719e+004,5.877251e-001
1.199767e+004,4.900257e-001
1.199815e+004,3.854643e-001
1.199863e+004,2.933709e-001
1.199912e+004,2.232327e-001
1.199960e+004,1.742262e-001
1.200008e+004,1.388897e-001
1.200056e+004,1.089293e-001
1.200105e+004,8.031663e-002
1.200153e+004,5.536598e-002
1.200201e+004,4.103567e-002
1.200249e+004,4.451087e-002
1.200297e+004,6.834769e-002
1.200346e+004,1.079133e-001
1.200394e+004,1.510807e-001
1.200442e+004,1.831152e-001
1.200490e+004,1.918510e-001
1.200538e+004,1.721530e-001
1.200587e+004,1.273212e-001
1.200635e+004,6.689191e-002
1.200683e+004,2.069245e-003
1.200731e+004,-5.885340e-002
1.200779e+004,-1.127737e-001
1.200828e+004,-1.606900e-001
1.200876e+004,-2.039572e-001
1.200924e+004,-2.400735e-001
1.200972e+004,-2.605563e-001
1.201021e+004,-2.524918e-001
1.201069e+004,-2.035123e-001
1.201117e+004,-1.081376e-001
1.201165e+004,2.743417e-002
1.201213e+004,1.845191e-001
1.201262e+004,3.359206e-001
1.201310e+004,4.534398e-001
1.201358e+004,5.161175e-001
1.201406e+004,5.160331e-001
1.201454e+004,4.595376e-001
1.201503e+004,3.637708e-001
1.201551e+004,2.502918e-001
1.201599e+004,1.386353e-001
1.201647e+004,4.223760e-002
1.201696e+004,-3.228031e-002
1.201744e+004,-8.316448e-002
1.201792e+004,-1.106889e-001
1.201840e+004,-1.152399e-001
1.201888e+004,-9.723974e-002
1.201937e+004,-5.858063e-002
1.201985e+004,-4.289929e-003
1.202033e+004,5.700614e-002
1.202081e+004,1.145785e-001
1.202129e+004,1.586677e-001
1.202178e+004,1.837760e-001
1.202226e+004,1.905708e-001
1.202274e+004,1.854168e-001
1.202322e+004,1.776724e-001
1.202371e+004,1.758909e-001
1.202419e+004,1.844741e-001
1.202467e+004,2.020366e-001
1.202515e+004,2.219849e-001
1.202563e+004,2.349640e-001
1.202612e+004,2.322042e-001
1.202660e+004,2.086286e-001
1.202708e+004,1.648349e-001
1.202756e+004,1.075237e-001
1.202804e+004,4.836403e-002
1.202853e+004,1.518572e-003
1.202901e+004,-1.980036e-002
1.202949e+004,-7.156705e-003
1.202997e+004,3.981700e-002
1.203046e+004,1.118091e-001
1.203094e+004,1.908956e-001
1.203142e+004,2.545866e-001
1.203190e+004,2.820970e-001
1.203238e+004,2.610530e-001
1.203287e+004,1.923273e-001
1.203335e+004,9.098087e-002
1.203383e+004,-1.752380e-002
1.203431e+004,-1.049858e-001
1.203479e+004,-1.490294e-001
1.203528e+004,-1.402410e-001
1.203576e+004,-8.417571e-002
1.203624e+004,1.863640e-003
1.203672e+004,9.592053e-002
1.203721e+004,1.794045e-001
1.203769e+004,2.428970e-001
1.203817e+004,2.877038e-001
1.203865e+004,3.229655e-001
1.203913e+004,3.599725e-001
1.203962e+004,4.063303e-001
1.204010e+004,4.623943e-001
1.204058e+004,5.210990e-001
1.204106e+004,5.706993e-001
1.204154e+004,5.988175e-001
1.204203e+004,5.960168e-001
1.204251e+004,5.577990e-001
1.204299e+004,4.849021e-001
1.204347e+004,3.825344e-001
1.204396e+004,2.593164e-001
1.204444e+004,1.263709e-001
1.204492e+004,-3.560627e-003
1.204540e+004,-1.173759e-001
1.204588e+004,-2.034941e-001
1.204637e+004,-2.541043e-001
1.204685e+004,-2.670509e-001
1.204733e+004,-2.465175e-001
1.204781e+004,-2.020494e-001
1.204829e+004,-1.461339e-001
1.204878e+004,-9.120307e-002
1.204926e+004,-4.719229e-002
1.204974e+004,-2.049330e-002
1.205022e+004,-1.439724e-002
1.205071e+004,-3.029198e-002
1.205119e+004,-6.849396e-002
1.205167e+004,-1.278879e-001
1.205215e+004,-2.044114e-001
1.205263e+004,-2.893359e-001
1.205312e+004,-3.687392e-001
1.205360e+004,-4.252286e-001
1.205408e+004,-4.419753e-001
1.205456e+004,-4.078958e-001
1.205504e+004,-3.220133e-001
1.205553e+004,-1.950880e-001
1.205601e+004,-4.761607e-002
1.205649e+004,9.522188e-002
1.205697e+004,2.098323e-001
1.205746e+004,2.794954e-001
1.205794e+004,2.970904e-001
1.205842e+004,2.648886e-001
1.205890e+004,1.921963e-001
1.205938e+004,9.219509e-002
1.205987e+004,-2.080375e-002
1.206035e+004,-1.330891e-001
1.206083e+004,-2.323594e-001
1.206131e+004,-3.081365e-001
1.206179e+004,-3.523123e-001
1.206228e+004,-3.600196e-001
1.206276e+004,-3.306229e-001
1.206324e+004,-2.683960e-001
1.206372e+004,-1.824872e-001
1.206420e+004,-8.599576e-002
1.206469e+004,5.726882e-003
1.206517e+004,7.721765e-002
1.206565e+004,1.151606e-001
1.206613e+004,1.104841e-001
1.206662e+004,6.017090e-002
1.206710e+004,-3.131277e-002
1.206758e+004,-1.513133e-001
1.206806e+004,-2.796147e-001
1.206854e+004,-3.909872e-001
1.206903e+004,-4.597977e-001
1.206951e+004,-4.659581e-001
1.206999e+004,-4.006719e-001
1.207047e+004,-2.701139e-001
1.207095e+004,-9.557963e-002
1.207144e+004,9.038514e-002
1.207192e+004,2.511703e-001
1.207240e+004,3.548124e-001
1.207288e+004,3.817970e-001
1.207336e+004,3.296363e-001
1.207385e+004,2.129141e-001
1.207433e+004,5.907964e-002
1.207481e+004,-9.838750e-002
1.207529e+004,-2.273248e-001
1.207578e+004,-3.030869e-001
1.207626e+004,-3.127449e-001
1.207674e+004,-2.570322e-001
1.207722e+004,-1.499608e-001
1.207770e+004,-1.605112e-002
1.207819e+004,1.146738e-001
1.207867e+004,2.132374e-001
1.207915e+004,2.584477e-001
1.207963e+004,2.420636e-001
1.208011e+004,1.707863e-001
1.208060e+004,6.426118e-002
1.208108e+004,-5.053517e-002
1.208156e+004,-1.469299e-001
1.208204e+004,-2.058632e-001
1.208253e+004,-2.205564e-001
1.208301e+004,-1.971227e-001
1.208349e+004,-1.511051e-001
1.208397e+004,-1.013408e-001
1.208445e+004,-6.340558e-002
1.208494e+004,-4.490208e-002
1.208542e+004,-4.402174e-002
1.208590e+004,-5.150340e-002
1.208638e+004,-5.488032e-002
1.208686e+004,-4.325697e-002
1.208735e+004,-1.094939e-002
1.208783e+004,4.100841e-002
1.208831e+004,1.056157e-001
1.208879e+004,1.722948e-001
1.208927e+004,2.299055e-001
1.208976e+004,2.693882e-001
1.209024e+004,2.853781e-001
1.209072e+004,2.766069e-001
1.209120e+004,2.452953e-001
1.209169e+004,1.959281e-001
1.209217e+004,1.338283e-001
1.209265e+004,6.389040e-002
1.209313e+004,-1.022859e-002
1.209361e+004,-8.625054e-002
1.209410e+004,-1.627097e-001
1.209458e+004,-2.378845e-001
1.209506e+004,-3.086720e-001
1.209554e+004,-3.699479e-001
1.209602e+004,-4.148279e-001
1.209651e+004,-4.359269e-001
1.209699e+004,-4.274012e-001
1.209747e+004,-3.871302e-001
1.209795e+004,-3.184119e-001
1.209844e+004,-2.305647e-001
1.209892e+004,-1.380835e-001
1.209940e+004,-5.837669e-002
1.209988e+004,-8.463852e-003
1.210036e+004,-1.291613e-003
1.210085e+004,-4.243825e-002
1.210133e+004,-1.279608e-001
1.210181e+004,-2.440239e-001
1.210229e+004,-3.687475e-001
1.210277e+004,-4.763564e-001
1.210326e+004,-5.431256e-001
1.210374e+004,-5.538552e-001
1.210422e+004,-5.069244e-001
1.210470e+004,-4.158767e-001
1.210518e+004,-3.063007e-001
1.210567e+004,-2.084004e-001
1.210615e+004,-1.475317e-001
1.210663e+004,-1.360963e-001
1.210711e+004,-1.699443e-001
1.210760e+004,-2.307697e-001
1.210808e+004,-2.936169e-001
1.210856e+004,-3.365453e-001
1.210904e+004,-3.486292e-001
1.210952e+004,-3.331242e-001
1.211001e+004,-3.046147e-001
1.211049e+004,-2.814902e-001
1.211097e+004,-2.771586e-001
1.211145e+004,-2.939761e-001
1.211193e+004,-3.225680e-001
1.211242e+004,-3.465909e-001
1.211290e+004,-3.504352e-001
1.211338e+004,-3.261444e-001
1.211386e+004,-2.764781e-001
1.211435e+004,-2.130452e-001
1.211483e+004,-1.507907e-001
1.211531e+004,-1.017105e-001
1.211579e+004,-7.082415e-002
1.211627e+004,-5.607508e-002
1.211676e+004,-5.172865e-002
1.211724e+004,-5.309449e-002
1.211772e+004,-5.989947e-002
1.211820e+004,-7.650419e-002
1.211868e+004,-1.088997e-001
1.211917e+004,-1.601581e-001
1.211965e+004,-2.268875e-001
1.212013e+004,-2.987437e-001
1.212061e+004,-3.614191e-001
1.212109e+004,-4.017003e-001
1.212158e+004,-4.122169e-001
1.212206e+004,-3.938286e-001
1.212254e+004,-3.548560e-001
1.212302e+004,-3.077918e-001
1.212351e+004,-2.650859e-001
1.212399e+004,-2.357223e-001
1.212447e+004,-2.236322e-001
1.212495e+004,-2.279163e-001
1.212543e+004,-2.440231e-001
1.212592e+004,-2.648807e-001
1.212640e+004,-2.815544e-001
1.212688e+004,-2.837891e-001
1.212736e+004,-2.611757e-001
1.212784e+004,-2.054271e-001
1.212833e+004,-1.134333e-001
1.212881e+004,1.007366e-002
1.212929e+004,1.517269e-001
1.212977e+004,2.916265e-001
1.213026e+004,4.082309e-001
1.213074e+004,4.845885e-001
1.213122e+004,5.135365e-001
1.213170e+004,4.995993e-001
1.213218e+004,4.566484e-001
1.213267e+004,4.022961e-001
1.213315e+004,3.514816e-001
1.213363e+004,3.118509e-001
1.213411e+004,2.824680e-001
1.213459e+004,2.557758e-001
1.213508e+004,2.214418e-001
1.213556e+004,1.702405e-001
1.213604e+004,9.656370e-002
1.213652e+004,-8.389279e-004
1.213700e+004,-1.192609e-001
1.213749e+004,-2.525388e-001
1.213797e+004,-3.909866e-001
1.213845e+004,-5.210036e-001
1.213893e+004,-6.253574e-001
1.213942e+004,-6.851987e-001
1.213990e+004,-6.840967e-001
1.214038e+004,-6.131517e-001
1.214086e+004,-4.752524e-001
1.214134e+004,-2.864206e-001
1.214183e+004,-7.309101e-002
1.214231e+004,1.342165e-001
1.214279e+004,3.087583e-001
1.214327e+004,4.340663e-001
1.214375e+004,5.066419e-001
1.214424e+004,5.340305e-001
1.214472e+004,5.294878e-001
1.214520e+004,5.058330e-001
1.214568e+004,4.711953e-001
1.214617e+004,4.282037e-001
1.214665e+004,3.763964e-001
1.214713e+004,3.161194e-001
1.214761e+004,2.516038e-001
1.214809e+004,1.915418e-001
1.214858e+004,1.468861e-001
1.214906e+004,1.270215e-001
1.214954e+004,1.361802e-001
1.215002e+004,1.717424e-001
1.215050e+004,2.251397e-001
1.215099e+004,2.849211e-001
1.215147e+004,3.406664e-001
1.215195e+004,3.861564e-001
1.215243e+004,4.206288e-001
1.215292e+004,4.478190e-001
1.215340e+004,4.733593e-001
1.215388e+004,5.016345e-001
1.215436e+004,5.332227e-001
1.215484e+004,5.637203e-001
1.215533e+004,5.842966e-001
1.215581e+004,5.838534e-001
1.215629e+004,5.523276e-001
1.215677e+004,4.843425e-001
1.215725e+004,3.822148e-001
1.215774e+004,2.571850e-001
1.215822e+004,1.279191e-001
1.215870e+004,1.636810e-002
1.215918e+004,-5.850144e-002
1.215966e+004,-8.689468e-002
1.216015e+004,-7.189001e-002
1.216063e+004,-2.881344e-002
1.216111e+004,2.001019e-002
1.216159e+004,5.352673e-002
1.216208e+004,6.018662e-002
1.216256e+004,4.275095e-002
1.216304e+004,1.737239e-002
1.216352e+004,6.906806e-003
1.216400e+004,3.092722e-002
1.216449e+004,9.652431e-002
1.216497e+004,1.938798e-001
1.216545e+004,2.987604e-001
1.216593e+004,3.812355e-001
1.216641e+004,4.172158e-001
1.216690e+004,3.980319e-001
1.216738e+004,3.339110e-001
1.216786e+004,2.497978e-001
1.216834e+004,1.752688e-001
1.216883e+004,1.328513e-001
1.216931e+004,1.295982e-001
1.216979e+004,1.552646e-001
1.217027e+004,1.875816e-001
1.217075e+004,2.022133e-001
1.217124e+004,1.831762e-001
1.217172e+004,1.295139e-001
1.217220e+004,5.574074e-002
1.217268e+004,-1.381127e-002
1.217316e+004,-5.425992e-002
1.217365e+004,-4.938351e-002
1.217413e+004,2.615939e-003
1.217461e+004,8.867383e-002
1.217509e+004,1.855578e-001
1.217557e+004,2.676672e-001
1.217606e+004,3.149956e-001
1.217654e+004,3.185584e-001
1.217702e+004,2.817463e-001
1.217750e+004,2.176262e-001
1.217799e+004,1.435660e-001
1.217847e+004,7.534973e-002
1.217895e+004,2.290092e-002
1.217943e+004,-1.105560e-002
1.217991e+004,-2.929321e-002
1.218040e+004,-3.642183e-002
1.218088e+004,-3.506453e-002
1.218136e+004,-2.369208e-002
1.218184e+004,2.738110e-003
1.218232e+004,4.939383e-002
1.218281e+004,1.168030e-001
1.218329e+004,1.969707e-001
1.218377e+004,2.725794e-001
1.218425e+004,3.203825e-001
1.218474e+004,3.181419e-001
1.218522e+004,2.527993e-001
1.218570e+004,1.267318e-001
1.218618e+004,-4.062541e-002
1.218666e+004,-2.168793e-001
1.218715e+004,-3.653674e-001
1.218763e+004,-4.554452e-001
1.218811e+004,-4.706992e-001
1.218859e+004,-4.121943e-001
1.218907e+004,-2.960237e-001
1.218956e+004,-1.462092e-001
1.219004e+004,1.352199e-002
1.219052e+004,1.658894e-001
1.219100e+004,3.019772e-001
1.219148e+004,4.189948e-001
1.219197e+004,5.159768e-001
1.219245e+004,5.903141e-001
1.219293e+004,6.372431e-001
1.219341e+004,6.525395e-001
1.219390e+004,6.366863e-001
1.219438e+004,5.977376e-001
1.219486e+004,5.506629e-001
1.219534e+004,5.128070e-001
1.219582e+004,4.972968e-001
1.219631e+004,5.074756e-001
1.219679e+004,5.351555e-001
1.219727e+004,5.637598e-001
1.219775e+004,5.751652e-001
1.219823e+004,5.572273e-001
1.219872e+004,5.085518e-001
1.219920e+004,4.382376e-001
1.219968e+004,3.607430e-001
1.220016e+004,2.883980e-001
1.220065e+004,2.253264e-001
1.220113e+004,1.658915e-001
1.220161e+004,9.857122e-002
1.220209e+004,1.343946e-002
1.220257e+004,-9.048571e-002
1.220306e+004,-2.018788e-001
1.220354e+004,-2.997685e-001
1.220402e+004,-3.613889e-001
1.220450e+004,-3.718366e-001
1.220498e+004,-3.311824e-001
1.220547e+004,-2.557617e-001
1.220595e+004,-1.729205e-001
1.220643e+004,-1.113198e-001
1.220691e+004,-9.069408e-002
1.220739e+004,-1.150763e-001
1.220788e+004,-1.720022e-001
1.220836e+004,-2.378051e-001
1.220884e+004,-2.867210e-001
1.220932e+004,-3.000784e-001
1.220981e+004,-2.720022e-001
1.221029e+004,-2.097756e-001
1.221077e+004,-1.294592e-001
1.221125e+004,-4.927323e-002
1.221173e+004,1.627826e-002
1.221222e+004,5.950974e-002
1.221270e+004,7.948232e-002
1.221318e+004,7.979395e-002
1.221366e+004,6.590383e-002
1.221414e+004,4.337854e-002
1.221463e+004,1.748393e-002
1.221511e+004,-6.472975e-003
1.221559e+004,-2.314983e-002
1.221607e+004,-2.830388e-002
1.221656e+004,-2.089615e-002
1.221704e+004,-5.031727e-003
1.221752e+004,9.792555e-003
1.221800e+004,1.112484e-002
1.221848e+004,-1.163366e-002
1.221897e+004,-6.178919e-002
1.221945e+004,-1.317837e-001
1.221993e+004,-2.036115e-001
1.222041e+004,-2.537737e-001
1.222089e+004,-2.615792e-001
1.222138e+004,-2.178072e-001
1.222186e+004,-1.301937e-001
1.222234e+004,-2.305079e-002
1.222282e+004,6.950514e-002
1.222330e+004,1.146063e-001
1.222379e+004,9.195976e-002
1.222427e+004,1.204187e-003
1.222475e+004,-1.374422e-001
1.222523e+004,-2.894224e-001
1.222572e+004,-4.166141e-001
1.222620e+004,-4.887266e-001
1.222668e+004,-4.913879e-001
1.222716e+004,-4.284705e-001
1.222764e+004,-3.185388e-001
1.222813e+004,-1.874819e-001
1.222861e+004,-6.052900e-002
1.222909e+004,4.346624e-002
1.222957e+004,1.140249e-001
1.223005e+004,1.477232e-001
1.223054e+004,1.453412e-001
1.223102e+004,1.096083e-001
1.223150e+004,4.487688e-002
1.223198e+004,-4.140067e-002
1.223246e+004,-1.368001e-001
1.223295e+004,-2.235123e-001
1.223343e+004,-2.806356e-001
1.223391e+004,-2.891025e-001
1.223439e+004,-2.377378e-001
1.223488e+004,-1.280631e-001
1.223536e+004,2.443076e-002
1.223584e+004,1.935992e-001
1.223632e+004,3.497499e-001
1.223680e+004,4.680800e-001
1.223729e+004,5.353694e-001
1.223777e+004,5.525741e-001
1.223825e+004,5.326302e-001
1.223873e+004,4.946000e-001
1.223921e+004,4.565524e-001
1.223970e+004,4.298134e-001
1.224018e+004,4.164780e-001
1.224066e+004,4.106331e-001
1.224114e+004,4.022985e-001
1.224163e+004,3.821990e-001
1.224211e+004,3.455046e-001
1.224259e+004,2.934190e-001
1.224307e+004,2.325367e-001
1.224355e+004,1.727000e-001
1.224404e+004,1.244316e-001
1.224452e+004,9.682675e-002
1.224500e+004,9.630907e-002
1.224548e+004,1.261194e-001
1.224596e+004,1.861447e-001
1.224645e+004,2.727661e-001
1.224693e+004,3.787555e-001
1.224741e+004,4.935821e-001
1.224789e+004,6.045877e-001
1.224838e+004,6.991951e-001
1.224886e+004,7.677384e-001
1.224934e+004,8.059892e-001
1.224982e+004,8.162674e-001
1.225030e+004,8.064399e-001
1.225079e+004,7.869628e-001
1.225127e+004,7.667382e-001
1.225175e+004,7.495683e-001
1.225223e+004,7.326384e-001
1.225271e+004,7.078447e-001
1.225320e+004,6.656590e-001
1.225368e+004,6.001086e-001
1.225416e+004,5.127839e-001
1.225464e+004,4.139538e-001
1.225513e+004,3.199311e-001
1.225561e+004,2.473656e-001
1.225609e+004,2.065183e-001
1.225657e+004,1.961808e-001
1.225705e+004,2.024791e-001
1.225754e+004,2.025193e-001
1.225802e+004,1.720763e-001
1.225850e+004,9.488893e-002
1.225898e+004,-2.982106e-002
1.225946e+004,-1.847273e-001
1.225995e+004,-3.382366e-001
1.226043e+004,-4.539407e-001
1.226091e+004,-5.025378e-001
1.226139e+004,-4.719419e-001
1.226188e+004,-3.718644e-001
1.226236e+004,-2.312087e-001
1.226284e+004,-8.920581e-002
1.226332e+004,1.670905e-002
1.226380e+004,6.241025e-002
1.226429e+004,4.447945e-002
1.226477e+004,-1.878829e-002
1.226525e+004,-9.324577e-002
1.226573e+004,-1.400258e-001
1.226621e+004,-1.284381e-001
1.226670e+004,-4.621889e-002
1.226718e+004,9.647784e-002
1.226766e+004,2.705691e-001
1.226814e+004,4.374226e-001
1.226863e+004,5.606554e-001
1.226911e+004,6.165258e-001
1.226959e+004,5.999526e-001
1.227007e+004,5.247163e-001
1.227055e+004,4.181229e-001
1.227104e+004,3.120590e-001
1.227152e+004,2.334357e-001
1.227200e+004,1.970843e-001
1.227248e+004,2.031290e-001
1.227296e+004,2.392118e-001
1.227345e+004,2.863355e-001
1.227393e+004,3.260378e-001
1.227441e+004,3.463685e-001
1.227489e+004,3.447499e-001
1.227538e+004,3.270615e-001
1.227586e+004,3.037646e-001
1.227634e+004,2.849034e-001
1.227682e+004,2.760588e-001
1.227730e+004,2.767557e-001
1.227779e+004,2.817859e-001
1.227827e+004,2.847512e-001
1.227875e+004,2.822495e-001
1.227923e+004,2.768253e-001
1.227971e+004,2.773260e-001
1.228020e+004,2.963857e-001
1.228068e+004,3.459382e-001
1.228116e+004,4.322928e-001
1.228164e+004,5.529410e-001
1.228213e+004,6.953579e-001
1.228261e+004,8.393119e-001
1.228309e+004,9.615766e-001
1.228357e+004,1.041703e+000
1.228405e+004,1.067054e+000
1.228454e+004,1.035652e+000
1.228502e+004,9.562286e-001
1.228550e+004,8.457606e-001
1.228598e+004,7.253541e-001
1.228646e+004,6.156078e-001
1.228695e+004,5.325102e-001
1.228743e+004,4.846883e-001
1.228791e+004,4.723732e-001
1.228839e+004,4.880057e-001
1.228887e+004,5.181220e-001
1.228936e+004,5.461116e-001
1.228984e+004,5.555272e-001
1.229032e+004,5.336258e-001
1.229080e+004,4.745727e-001
1.229129e+004,3.814877e-001
1.229177e+004,2.664196e-001
1.229225e+004,1.477949e-001
1.229273e+004,4.563526e-002
1.229321e+004,-2.426137e-002
1.229370e+004,-5.545356e-002
1.229418e+004,-5.351995e-002
1.229466e+004,-3.503474e-002
1.229514e+004,-2.272807e-002
1.229562e+004,-3.808537e-002
1.229611e+004,-9.377797e-002
1.229659e+004,-1.886274e-001
1.229707e+004,-3.070165e-001
1.229755e+004,-4.230607e-001
1.229804e+004,-5.081302e-001
1.229852e+004,-5.391774e-001
1.229900e+004,-5.051752e-001
1.229948e+004,-4.097793e-001
1.229996e+004,-2.697611e-001
1.230045e+004,-1.101972e-001
1.230093e+004,4.169735e-002
1.230141e+004,1.621624e-001
1.230189e+004,2.346884e-001
1.230237e+004,2.517815e-001
1.230286e+004,2.151951e-001
1.230334e+004,1.352552e-001
1.230382e+004,2.950459e-002
1.230430e+004,-7.964604e-002
1.230478e+004,-1.687473e-001
1.230527e+004,-2.186491e-001
1.230575e+004,-2.203549e-001
1.230623e+004,-1.793613e-001
1.230671e+004,-1.161157e-001
1.230720e+004,-6.113024e-002
1.230768e+004,-4.534901e-002
1.230816e+004,-8.871279e-002
1.230864e+004,-1.912678e-001
1.230912e+004,-3.307601e-001
1.230961e+004,-4.684156e-001
1.231009e+004,-5.613933e-001
1.231057e+004,-5.775840e-001
1.231105e+004,-5.072666e-001
1.231153e+004,-3.671976e-001
1.231202e+004,-1.961447e-001
1.231250e+004,-4.103152e-002
1.231298e+004,5.644046e-002
1.231346e+004,7.262231e-002
1.231395e+004,7.630563e-003
1.231443e+004,-1.170369e-001
1.231491e+004,-2.673945e-001
1.231539e+004,-4.084923e-001
1.231587e+004,-5.141048e-001
1.231636e+004,-5.714441e-001
1.231684e+004,-5.802734e-001
1.231732e+004,-5.482283e-001
1.231780e+004,-4.853336e-001
1.231828e+004,-4.003637e-001
1.231877e+004,-3.001721e-001
1.231925e+004,-1.913933e-001
1.231973e+004,-8.276025e-002
1.232021e+004,1.384032e-002
1.232069e+004,8.461510e-002
1.232118e+004,1.171534e-001
1.232166e+004,1.044246e-001
1.232214e+004,4.779717e-002
1.232262e+004,-4.218345e-002
1.232311e+004,-1.475977e-001
1.232359e+004,-2.469519e-001
1.232407e+004,-3.198075e-001
1.232455e+004,-3.509687e-001
1.232503e+004,-3.332577e-001
1.232552e+004,-2.684276e-001
1.232600e+004,-1.662555e-001
1.232648e+004,-4.219526e-002
1.232696e+004,8.585960e-002
1.232744e+004,2.010807e-001
1.232793e+004,2.907942e-001
1.232841e+004,3.484654e-001
1.232889e+004,3.740791e-001
1.232937e+004,3.728505e-001
1.232985e+004,3.527997e-001
1.233034e+004,3.221277e-001
1.233082e+004,2.873666e-001
1.233130e+004,2.528259e-001
1.233178e+004,2.212038e-001
1.233227e+004,1.946484e-001
1.233275e+004,1.753851e-001
1.233323e+004,1.653398e-001
1.233371e+004,1.648975e-001
1.233419e+004,1.715939e-001
1.233468e+004,1.797485e-001
1.233516e+004,1.816436e-001
1.233564e+004,1.700397e-001
1.233612e+004,1.410345e-001
1.233660e+004,9.590384e-002
1.233709e+004,4.082839e-002
1.233757e+004,-1.567359e-002
1.233805e+004,-6.660146e-002
1.233853e+004,-1.097521e-001
1.233902e+004,-1.486379e-001
1.233950e+004,-1.903340e-001
1.233998e+004,-2.410956e-001
1.234046e+004,-3.017787e-001
1.234094e+004,-3.653259e-001
1.234143e+004,-4.177373e-001
1.234191e+004,-4.423664e-001
1.234239e+004,-4.257901e-001
1.234287e+004,-3.626836e-001
1.234335e+004,-2.572302e-001
1.234384e+004,-1.209852e-001
1.234432e+004,3.239934e-002
1.234480e+004,1.925909e-001
1.234528e+004,3.555627e-001
1.234576e+004,5.226583e-001
1.234625e+004,6.962178e-001
1.234673e+004,8.739988e-001
1.234721e+004,1.045349e+000
1.234769e+004,1.191373e+000
1.234818e+004,1.289562e+000
1.234866e+004,1.321271e+000
1.234914e+004,1.279054e+000
1.234962e+004,1.170696e+000
1.235010e+004,1.018074e+000
1.235059e+004,8.510786e-001
1.235107e+004,6.988564e-001
1.235155e+004,5.816747e-001
1.235203e+004,5.063267e-001
1.235251e+004,4.663865e-001
1.235300e+004,4.466617e-001
1.235348e+004,4.296293e-001
1.235396e+004,4.012960e-001
1.235444e+004,3.546219e-001
1.235493e+004,2.900508e-001
1.235541e+004,2.139063e-001
1.235589e+004,1.359639e-001
1.235637e+004,6.725015e-002
1.235685e+004,1.841372e-002
1.235734e+004,-1.639826e-003
1.235782e+004,1.267731e-002
1.235830e+004,6.176288e-002
1.235878e+004,1.392473e-001
1.235926e+004,2.317714e-001
1.235975e+004,3.210476e-001
1.236023e+004,3.883221e-001
1.236071e+004,4.201965e-001
1.236119e+004,4.138040e-001
1.236167e+004,3.791220e-001
1.236216e+004,3.369563e-001
1.236264e+004,3.127348e-001
1.236312e+004,3.279930e-001
1.236360e+004,3.925710e-001
1.236409e+004,5.003881e-001
1.236457e+004,6.303443e-001
1.236505e+004,7.519805e-001
1.236553e+004,8.339220e-001
1.236601e+004,8.523669e-001
1.236650e+004,7.971393e-001
1.236698e+004,6.738289e-001
1.236746e+004,5.019112e-001
1.236794e+004,3.099661e-001
1.236842e+004,1.297447e-001
1.236891e+004,-9.365501e-003
1.236939e+004,-8.468223e-002
1.236987e+004,-8.339652e-002
1.237035e+004,-4.853316e-003
1.237084e+004,1.381172e-001
1.237132e+004,3.195169e-001
1.237180e+004,5.031072e-001
1.237228e+004,6.483732e-001
1.237276e+004,7.187178e-001
1.237325e+004,6.898625e-001
1.237373e+004,5.561725e-001
1.237421e+004,3.320331e-001
1.237469e+004,4.963641e-002
1.237517e+004,-2.480381e-001
1.237566e+004,-5.162046e-001
1.237614e+004,-7.171227e-001
1.237662e+004,-8.266631e-001
1.237710e+004,-8.372245e-001
1.237758e+004,-7.568550e-001
1.237807e+004,-6.056149e-001
1.237855e+004,-4.107832e-001
1.237903e+004,-2.023257e-001
1.237951e+004,-9.242184e-003
1.238000e+004,1.432898e-001
1.238048e+004,2.363605e-001
1.238096e+004,2.594899e-001
1.238144e+004,2.121643e-001
1.238192e+004,1.041094e-001
1.238241e+004,-4.621854e-002
1.238289e+004,-2.148563e-001
1.238337e+004,-3.765160e-001
1.238385e+004,-5.085484e-001
1.238433e+004,-5.936872e-001
1.238482e+004,-6.212847e-001
1.238530e+004,-5.875431e-001
1.238578e+004,-4.955849e-001
1.238626e+004,-3.558424e-001
1.238675e+004,-1.863825e-001
1.238723e+004,-1.202555e-002
1.238771e+004,1.389246e-001
1.238819e+004,2.405991e-001
1.238867e+004,2.768466e-001
1.238916e+004,2.472897e-001
1.238964e+004,1.693411e-001
1.239012e+004,7.452078e-002
1.239060e+004,-4.354106e-004
1.239108e+004,-2.494365e-002
1.239157e+004,1.565292e-002
1.239205e+004,1.156976e-001
1.239253e+004,2.520168e-001
1.239301e+004,3.927654e-001
1.239350e+004,5.086917e-001
1.239398e+004,5.823599e-001
1.239446e+004,6.119612e-001
1.239494e+004,6.087877e-001
1.239542e+004,5.900344e-001
1.239591e+004,5.703686e-001
1.239639e+004,5.559565e-001
1.239687e+004,5.433069e-001
1.239735e+004,5.229607e-001
1.239783e+004,4.858401e-001
1.239832e+004,4.291175e-001
1.239880e+004,3.590197e-001
1.239928e+004,2.896765e-001
1.239976e+004,2.388898e-001
1.240025e+004,2.227786e-001
1.240073e+004,2.512732e-001
1.240121e+004,3.256396e-001
1.240169e+004,4.381627e-001
1.240217e+004,5.734442e-001
1.240266e+004,7.106879e-001
1.240314e+004,8.267266e-001
1.240362e+004,8.998320e-001
1.240410e+004,9.142258e-001
1.240458e+004,8.645465e-001
1.240507e+004,7.589806e-001
1.240555e+004,6.192393e-001
1.240603e+004,4.766492e-001
1.240651e+004,3.645692e-001
1.240699e+004,3.091178e-001
1.240748e+004,3.212365e-001
1.240796e+004,3.931163e-001
1.240844e+004,5.006176e-001
1.240892e+004,6.109827e-001
1.240941e+004,6.929069e-001
1.240989e+004,7.251273e-001
1.241037e+004,7.005174e-001
1.241085e+004,6.248457e-001
1.241133e+004,5.116094e-001
1.241182e+004,3.757772e-001
1.241230e+004,2.293036e-001
1.241278e+004,8.007273e-002
1.241326e+004,-6.590335e-002
1.241374e+004,-2.008579e-001
1.241423e+004,-3.127140e-001
1.241471e+004,-3.854739e-001
1.241519e+004,-4.028468e-001
1.241567e+004,-3.537565e-001
1.241615e+004,-2.374406e-001
1.241664e+004,-6.600653e-002
1.241712e+004,1.366923e-001
1.241760e+004,3.396959e-001
1.241808e+004,5.117888e-001
1.241857e+004,6.286111e-001
1.241905e+004,6.780381e-001
1.241953e+004,6.623578e-001
1.242001e+004,5.967057e-001
1.242049e+004,5.042454e-001
1.242098e+004,4.094193e-001
1.242146e+004,3.310767e-001
1.242194e+004,2.773724e-001
1.242242e+004,2.439865e-001
1.242290e+004,2.164228e-001
1.242339e+004,1.759443e-001
1.242387e+004,1.073764e-001
1.242435e+004,6.106209e-003
1.242483e+004,-1.184003e-001
1.242532e+004,-2.441597e-001
1.242580e+004,-3.431105e-001
1.242628e+004,-3.903387e-001
1.242676e+004,-3.727623e-001
1.242724e+004,-2.939461e-001
1.242773e+004,-1.730749e-001
1.242821e+004,-3.843275e-002
1.242869e+004,8.202098e-002
1.242917e+004,1.692059e-001
1.242965e+004,2.172738e-001
1.243014e+004,2.322927e-001
1.243062e+004,2.262407e-001
1.243110e+004,2.093160e-001
1.243158e+004,1.842234e-001
1.243206e+004,1.450777e-001
1.243255e+004,8.131980e-002
1.243303e+004,-1.526686e-002
1.243351e+004,-1.436679e-001
1.243399e+004,-2.899663e-001
1.243448e+004,-4.286507e-001
1.243496e+004,-5.287687e-001
1.243544e+004,-5.629715e-001
1.243592e+004,-5.163849e-001
1.243640e+004,-3.922097e-001
1.243689e+004,-2.122811e-001
1.243737e+004,-1.260294e-002
1.243785e+004,1.646370e-001
1.243833e+004,2.803837e-001
1.243881e+004,3.072389e-001
1.243930e+004,2.354831e-001
1.243978e+004,7.536434e-002
1.244026e+004,-1.449972e-001
1.244074e+004,-3.859012e-001
1.244123e+004,-6.053234e-001
1.244171e+004,-7.689217e-001
1.244219e+004,-8.580632e-001
1.244267e+004,-8.734557e-001
1.244315e+004,-8.331144e-001
1.244364e+004,-7.652490e-001
1.244412e+004,-6.984354e-001
1.244460e+004,-6.525264e-001
1.244508e+004,-6.334130e-001
1.244556e+004,-6.332123e-001
1.244605e+004,-6.353133e-001
1.244653e+004,-6.219918e-001
1.244701e+004,-5.815209e-001
1.244749e+004,-5.121483e-001
1.244797e+004,-4.217306e-001
1.244846e+004,-3.236541e-001
1.244894e+004,-2.311503e-001
1.244942e+004,-1.525505e-001
1.244990e+004,-8.924373e-002
1.245039e+004,-3.664062e-002
1.245087e+004,1.288813e-002
1.245135e+004,6.668113e-002
1.245183e+004,1.293110e-001
1.245231e+004,2.013772e-001
1.245280e+004,2.792086e-001
1.245328e+004,3.548746e-001
1.245376e+004,4.162683e-001
1.245424e+004,4.477173e-001
1.245472e+004,4.319846e-001
1.245521e+004,3.542676e-001
1.245569e+004,2.078012e-001
1.245617e+004,-5.973999e-004
1.245665e+004,-2.475426e-001
1.245714e+004,-4.949115e-001
1.245762e+004,-6.972730e-001
1.245810e+004,-8.134223e-001
1.245858e+004,-8.184542e-001
1.245906e+004,-7.120423e-001
1.245955e+004,-5.195876e-001
1.246003e+004,-2.854716e-001
1.246051e+004,-6.051453e-002
1.246099e+004,1.121299e-001
1.246147e+004,2.079986e-001
1.246196e+004,2.258959e-001
1.246244e+004,1.851178e-001
1.246292e+004,1.170640e-001
1.246340e+004,5.475443e-002
1.246388e+004,2.399406e-002
1.246437e+004,3.863041e-002
1.246485e+004,1.002706e-001
1.246533e+004,2.010329e-001
1.246581e+004,3.271917e-001
1.246630e+004,4.616820e-001
1.246678e+004,5.869789e-001
1.246726e+004,6.849935e-001
1.246774e+004,7.391639e-001
1.246822e+004,7.373575e-001
1.246871e+004,6.754049e-001
1.246919e+004,5.597230e-001
1.246967e+004,4.072980e-001
1.247015e+004,2.421397e-001
1.247063e+004,8.887433e-002
1.247112e+004,-3.433605e-002
1.247160e+004,-1.207055e-001
1.247208e+004,-1.754191e-001
1.247256e+004,-2.115580e-001
1.247305e+004,-2.430652e-001
1.247353e+004,-2.777866e-001
1.247401e+004,-3.135803e-001
1.247449e+004,-3.391094e-001
1.247497e+004,-3.389041e-001
1.247546e+004,-3.004652e-001
1.247594e+004,-2.203722e-001
1.247642e+004,-1.068675e-001
1.247690e+004,2.207324e-002
1.247738e+004,1.442735e-001
1.247787e+004,2.401645e-001
1.247835e+004,2.981720e-001
1.247883e+004,3.168080e-001
1.247931e+004,3.031441e-001
1.247979e+004,2.688808e-001
1.248028e+004,2.259928e-001
1.248076e+004,1.836551e-001
1.248124e+004,1.471514e-001
1.248172e+004,1.183699e-001
1.248221e+004,9.687641e-002
1.248269e+004,8.067240e-002
1.248317e+004,6.634334e-002
1.248365e+004,4.898430e-002
1.248413e+004,2.257796e-002
1.248462e+004,-1.875564e-002
1.248510e+004,-7.885229e-002
1.248558e+004,-1.577482e-001
1.248606e+004,-2.510303e-001
1.248654e+004,-3.507935e-001
1.248703e+004,-4.478926e-001
1.248751e+004,-5.344485e-001
1.248799e+004,-6.053675e-001
1.248847e+004,-6.581297e-001
1.248896e+004,-6.910759e-001
1.248944e+004,-7.013208e-001
1.248992e+004,-6.837780e-001
1.249040e+004,-6.322708e-001
1.249088e+004,-5.426340e-001
1.249137e+004,-4.165169e-001
1.249185e+004,-2.639866e-001
1.249233e+004,-1.032714e-001
1.249281e+004,4.288739e-002
1.249329e+004,1.533316e-001
1.249378e+004,2.148813e-001
1.249426e+004,2.265780e-001
1.249474e+004,2.001135e-001
1.249522e+004,1.562999e-001
1.249571e+004,1.189668e-001
1.249619e+004,1.084920e-001
1.249667e+004,1.370058e-001
1.249715e+004,2.061556e-001
1.249763e+004,3.084629e-001
1.249812e+004,4.294088e-001
1.249860e+004,5.508157e-001
1.249908e+004,6.540188e-001
1.249956e+004,7.225787e-001
1.250004e+004,7.445741e-001
