6.662962e+002,-3.065172e-001
6.667783e+002,-8.463048e-001
6.672604e+002,-1.288545e+000
6.677426e+002,-1.541523e+000
6.682247e+002,-1.570930e+000
6.687068e+002,-1.420668e+000
6.691890e+002,-1.185131e+000
6.696711e+002,-9.554083e-001
6.701532e+002,-7.839342e-001
6.706353e+002,-6.816475e-001
6.711174e+002,-6.327797e-001
6.715995e+002,-6.118258e-001
6.720817e+002,-5.966912e-001
6.725638e+002,-5.767249e-001
6.730460e+002,-5.545019e-001
6.735281e+002,-5.406811e-001
6.740102e+002,-5.438454e-001
6.744923e+002,-5.601372e-001
6.749744e+002,-5.679241e-001
6.754565e+002,-5.306473e-001
6.759387e+002,-4.079831e-001
6.764208e+002,-1.721951e-001
6.769030e+002,1.765666e-001
6.773851e+002,6.032161e-001
6.778672e+002,1.043023e+000
6.783493e+002,1.417404e+000
6.788314e+002,1.654115e+000
6.793136e+002,1.705319e+000
6.797957e+002,1.558446e+000
6.802778e+002,1.238048e+000
6.807599e+002,7.977768e-001
6.812421e+002,3.059421e-001
6.817242e+002,-1.698109e-001
6.822063e+002,-5.737127e-001
6.826884e+002,-8.672312e-001
6.831706e+002,-1.030161e+000
6.836527e+002,-1.059920e+000
6.841348e+002,-9.701874e-001
6.846169e+002,-7.880824e-001
6.850991e+002,-5.487885e-001
6.855812e+002,-2.879544e-001
6.860633e+002,-3.416541e-002
6.865454e+002,1.957380e-001
6.870276e+002,3.968107e-001
6.875097e+002,5.717453e-001
6.879918e+002,7.239003e-001
6.884739e+002,8.505869e-001
6.889561e+002,9.397762e-001
6.894382e+002,9.724752e-001
6.899203e+002,9.306581e-001
6.904025e+002,8.080078e-001
6.908846e+002,6.186126e-001
6.913667e+002,3.986012e-001
6.918488e+002,1.979079e-001
6.923309e+002,6.412596e-002
6.928130e+002,2.497437e-002
6.932952e+002,7.728284e-002
6.937773e+002,1.873899e-001
6.942595e+002,3.028560e-001
6.947416e+002,3.711912e-001
6.952237e+002,3.590088e-001
6.957058e+002,2.644230e-001
6.961879e+002,1.174293e-001
6.966700e+002,-3.222679e-002
6.971522e+002,-1.342447e-001
6.976343e+002,-1.555083e-001
6.981165e+002,-8.950714e-002
6.985986e+002,4.478213e-002
6.990807e+002,2.124317e-001
6.995628e+002,3.758290e-001
7.000449e+002,5.065649e-001
7.005270e+002,5.920143e-001
7.010092e+002,6.353021e-001
7.014913e+002,6.502193e-001
7.019734e+002,6.543640e-001
7.024556e+002,6.634366e-001
7.029377e+002,6.879820e-001
7.034198e+002,7.321563e-001
7.039019e+002,7.933883e-001
7.043840e+002,8.622802e-001
7.048661e+002,9.231958e-001
7.053483e+002,9.566857e-001
7.058304e+002,9.446106e-001
7.063126e+002,8.773198e-001
7.067947e+002,7.603329e-001
7.072768e+002,6.166308e-001
7.077589e+002,4.814720e-001
7.082410e+002,3.898182e-001
7.087231e+002,3.605948e-001
7.092053e+002,3.847026e-001
7.096874e+002,4.231995e-001
7.101696e+002,4.184245e-001
7.106517e+002,3.153510e-001
7.111338e+002,8.468608e-002
7.116159e+002,-2.622023e-001
7.120980e+002,-6.735204e-001
7.125802e+002,-1.072215e+000
7.130623e+002,-1.379741e+000
7.135444e+002,-1.539853e+000
7.140266e+002,-1.534827e+000
7.145087e+002,-1.388877e+000
7.149908e+002,-1.157213e+000
7.154729e+002,-9.044610e-001
7.159550e+002,-6.815516e-001
7.164371e+002,-5.112191e-001
7.169193e+002,-3.874731e-001
7.174014e+002,-2.868831e-001
7.178835e+002,-1.844229e-001
7.183657e+002,-6.600787e-002
7.188478e+002,6.726117e-002
7.193299e+002,2.036769e-001
7.198120e+002,3.304478e-001
7.202942e+002,4.420950e-001
7.207763e+002,5.428743e-001
7.212584e+002,6.423094e-001
7.217405e+002,7.469487e-001
7.222227e+002,8.534004e-001
7.227048e+002,9.467443e-001
7.231869e+002,1.005358e+000
7.236690e+002,1.009561e+000
7.241512e+002,9.495174e-001
7.246333e+002,8.285648e-001
7.251154e+002,6.611199e-001
7.255975e+002,4.671236e-001
7.260797e+002,2.663541e-001
7.265618e+002,7.524665e-002
7.270439e+002,-9.304090e-002
7.275260e+002,-2.266980e-001
7.280082e+002,-3.140074e-001
7.284903e+002,-3.448139e-001
7.289724e+002,-3.147153e-001
7.294545e+002,-2.296092e-001
7.299366e+002,-1.070525e-001
7.304188e+002,2.798171e-002
7.309009e+002,1.522454e-001
7.313831e+002,2.542710e-001
7.318652e+002,3.401975e-001
7.323473e+002,4.318077e-001
7.328294e+002,5.566972e-001
7.333115e+002,7.341502e-001
7.337936e+002,9.628766e-001
7.342758e+002,1.216939e+000
7.347579e+002,1.453053e+000
7.352401e+002,1.626714e+000
7.357222e+002,1.709741e+000
7.362043e+002,1.700973e+000
7.366864e+002,1.625406e+000
7.371685e+002,1.522268e+000
7.376506e+002,1.427122e+000
7.381328e+002,1.355627e+000
7.386149e+002,1.296164e+000
7.390970e+002,1.214834e+000
7.395792e+002,1.070591e+000
7.400613e+002,8.338574e-001
7.405434e+002,5.010911e-001
7.410255e+002,1.000414e-001
7.415076e+002,-3.158093e-001
7.419897e+002,-6.816975e-001
7.424719e+002,-9.394830e-001
7.429540e+002,-1.052594e+000
7.434362e+002,-1.013344e+000
7.439183e+002,-8.419404e-001
7.444004e+002,-5.798243e-001
7.448825e+002,-2.805837e-001
7.453646e+002,-2.049775e-004
7.458467e+002,2.129064e-001
7.463289e+002,3.275171e-001
7.468110e+002,3.368588e-001
7.472932e+002,2.608887e-001
7.477753e+002,1.415369e-001
7.482574e+002,3.110346e-002
7.487395e+002,-2.358343e-002
7.492216e+002,3.421786e-003
7.497037e+002,1.077625e-001
7.501859e+002,2.558257e-001
7.506680e+002,3.970244e-001
7.511501e+002,4.830632e-001
7.516323e+002,4.863747e-001
7.521144e+002,4.100869e-001
7.525965e+002,2.856460e-001
7.530786e+002,1.595861e-001
7.535608e+002,7.541931e-002
7.540429e+002,5.849433e-002
7.545250e+002,1.099413e-001
7.550071e+002,2.112803e-001
7.554893e+002,3.362978e-001
7.559714e+002,4.638497e-001
7.564535e+002,5.854576e-001
7.569356e+002,7.044646e-001
7.574177e+002,8.277901e-001
7.578999e+002,9.552082e-001
7.583820e+002,1.072395e+000
7.588641e+002,1.151855e+000
7.593463e+002,1.161537e+000
7.598284e+002,1.077194e+000
7.603105e+002,8.931659e-001
7.607926e+002,6.271408e-001
7.612748e+002,3.170305e-001
7.617569e+002,1.129663e-002
7.622390e+002,-2.432590e-001
7.627211e+002,-4.116332e-001
7.632032e+002,-4.759484e-001
7.636854e+002,-4.361418e-001
7.641675e+002,-3.080386e-001
7.646497e+002,-1.206111e-001
7.651318e+002,8.729608e-002
7.656139e+002,2.717699e-001
7.660960e+002,3.909527e-001
7.665781e+002,4.138098e-001
7.670602e+002,3.283203e-001
7.675424e+002,1.463331e-001
7.680245e+002,-9.701368e-002
7.685066e+002,-3.500150e-001
7.689888e+002,-5.561643e-001
7.694709e+002,-6.679200e-001
7.699530e+002,-6.582218e-001
7.704351e+002,-5.258402e-001
7.709172e+002,-2.929098e-001
7.713994e+002,3.876000e-003
7.718815e+002,3.241892e-001
7.723636e+002,6.340813e-001
7.728458e+002,9.089040e-001
7.733279e+002,1.132156e+000
7.738100e+002,1.291228e+000
7.742921e+002,1.373986e+000
7.747742e+002,1.368843e+000
7.752563e+002,1.268598e+000
7.757385e+002,1.075897e+000
7.762206e+002,8.068084e-001
7.767028e+002,4.896962e-001
7.771849e+002,1.590870e-001
7.776670e+002,-1.527043e-001
7.781491e+002,-4.220569e-001
7.786312e+002,-6.357059e-001
7.791133e+002,-7.875655e-001
7.795955e+002,-8.733420e-001
7.800776e+002,-8.866072e-001
7.805598e+002,-8.190292e-001
7.810419e+002,-6.650677e-001
7.815240e+002,-4.287138e-001
7.820061e+002,-1.285300e-001
7.824882e+002,2.019457e-001
7.829703e+002,5.191093e-001
7.834525e+002,7.780968e-001
7.839346e+002,9.427291e-001
7.844167e+002,9.935207e-001
7.848989e+002,9.313136e-001
7.853810e+002,7.755967e-001
7.858631e+002,5.587993e-001
7.863452e+002,3.191780e-001
7.868274e+002,9.471205e-002
7.873095e+002,-8.108452e-002
7.877916e+002,-1.821560e-001
7.882737e+002,-1.927800e-001
7.887559e+002,-1.106743e-001
7.892380e+002,5.056192e-002
7.897201e+002,2.613871e-001
7.902022e+002,4.799810e-001
7.906843e+002,6.599521e-001
7.911665e+002,7.608649e-001
7.916486e+002,7.586404e-001
7.921307e+002,6.520267e-001
7.926129e+002,4.620895e-001
7.930950e+002,2.245709e-001
7.935771e+002,-2.159308e-002
7.940592e+002,-2.447083e-001
7.945414e+002,-4.259406e-001
7.950235e+002,-5.590593e-001
7.955056e+002,-6.458629e-001
7.959877e+002,-6.902807e-001
7.964698e+002,-6.942577e-001
7.969520e+002,-6.572805e-001
7.974341e+002,-5.792758e-001
7.979163e+002,-4.646309e-001
7.983983e+002,-3.245791e-001
7.988805e+002,-1.760839e-001
7.993626e+002,-3.731998e-002
7.998447e+002,7.839414e-002
8.003268e+002,1.673107e-001
8.008090e+002,2.360849e-001
8.012911e+002,2.980488e-001
8.017732e+002,3.665688e-001
8.022554e+002,4.487456e-001
8.027375e+002,5.419915e-001
8.032196e+002,6.374558e-001
8.037017e+002,7.239525e-001
8.041838e+002,7.949521e-001
8.046660e+002,8.525867e-001
8.051481e+002,9.070918e-001
8.056302e+002,9.718736e-001
8.061124e+002,1.056549e+000
8.065945e+002,1.161226e+000
8.070766e+002,1.274813e+000
8.075587e+002,1.378408e+000
8.080408e+002,1.452474e+000
8.085229e+002,1.484488e+000
8.090051e+002,1.473467e+000
8.094872e+002,1.429490e+000
8.099694e+002,1.369003e+000
8.104515e+002,1.308496e+000
8.109336e+002,1.259394e+000
8.114157e+002,1.225905e+000
8.118978e+002,1.206038e+000
8.123799e+002,1.194543e+000
8.128621e+002,1.185817e+000
8.133442e+002,1.175120e+000
8.138264e+002,1.157640e+000
8.143085e+002,1.126452e+000
8.147906e+002,1.071203e+000
8.152727e+002,9.791844e-001
8.157548e+002,8.392245e-001
8.162369e+002,6.472383e-001
8.167191e+002,4.110939e-001
8.172012e+002,1.522906e-001
8.176833e+002,-9.697833e-002
8.181655e+002,-3.010814e-001
8.186476e+002,-4.305396e-001
8.191297e+002,-4.709647e-001
8.196118e+002,-4.283316e-001
8.200940e+002,-3.286383e-001
8.205760e+002,-2.117710e-001
8.210582e+002,-1.212094e-001
8.215403e+002,-9.239250e-002
8.220225e+002,-1.429365e-001
8.225046e+002,-2.674133e-001
8.229867e+002,-4.383034e-001
8.234688e+002,-6.130723e-001
8.239509e+002,-7.454765e-001
8.244331e+002,-7.978845e-001
8.249152e+002,-7.510764e-001
8.253973e+002,-6.087950e-001
8.258795e+002,-3.958713e-001
8.263616e+002,-1.506159e-001
8.268437e+002,8.602146e-002
8.273258e+002,2.809394e-001
8.278080e+002,4.156525e-001
8.282901e+002,4.875987e-001
8.287722e+002,5.064586e-001
8.292543e+002,4.876816e-001
8.297365e+002,4.460217e-001
8.302186e+002,3.913995e-001
8.307007e+002,3.281316e-001
8.311829e+002,2.570514e-001
8.316649e+002,1.787857e-001
8.321471e+002,9.614281e-002
8.326292e+002,1.431812e-002
8.331113e+002,-6.098501e-002
8.335934e+002,-1.266795e-001
8.340756e+002,-1.825366e-001
8.345577e+002,-2.318396e-001
8.350398e+002,-2.782151e-001
8.355220e+002,-3.219877e-001
8.360041e+002,-3.576973e-001
8.364862e+002,-3.743869e-001
8.369683e+002,-3.590938e-001
8.374504e+002,-3.025063e-001
8.379326e+002,-2.045129e-001
8.384147e+002,-7.703394e-002
8.388969e+002,5.749538e-002
8.393790e+002,1.715676e-001
8.398611e+002,2.397326e-001
8.403432e+002,2.447475e-001
8.408253e+002,1.811067e-001
8.413074e+002,5.565914e-002
8.417896e+002,-1.140850e-001
8.422717e+002,-3.031840e-001
8.427538e+002,-4.833177e-001
8.432360e+002,-6.270618e-001
8.437181e+002,-7.119174e-001
8.442002e+002,-7.238073e-001
8.446823e+002,-6.597906e-001
8.451644e+002,-5.295346e-001
8.456465e+002,-3.547191e-001
8.461287e+002,-1.656923e-001
8.466108e+002,4.445726e-003
8.470930e+002,1.268348e-001
8.475751e+002,1.826637e-001
8.480572e+002,1.659764e-001
8.485393e+002,8.301698e-002
8.490214e+002,-5.099713e-002
8.495035e+002,-2.160235e-001
8.499857e+002,-3.906858e-001
8.504678e+002,-5.541522e-001
8.509500e+002,-6.864145e-001
8.514321e+002,-7.679751e-001
8.519142e+002,-7.803964e-001
8.523963e+002,-7.088140e-001
8.528784e+002,-5.463718e-001
8.533606e+002,-2.990746e-001
8.538427e+002,1.138611e-002
8.543248e+002,3.490101e-001
8.548069e+002,6.695331e-001
8.552891e+002,9.293953e-001
8.557712e+002,1.094614e+000
8.562533e+002,1.146955e+000
8.567354e+002,1.086246e+000
8.572175e+002,9.291137e-001
8.576997e+002,7.050759e-001
8.581818e+002,4.510456e-001
8.586639e+002,2.051976e-001
8.591461e+002,9.805078e-004
8.596282e+002,-1.381063e-001
8.601103e+002,-2.024392e-001
8.605924e+002,-1.982402e-001
8.610746e+002,-1.467177e-001
8.615566e+002,-7.972024e-002
8.620388e+002,-3.214323e-002
8.625209e+002,-3.277440e-002
8.630031e+002,-9.629324e-002
8.634852e+002,-2.190817e-001
8.639673e+002,-3.803227e-001
8.644495e+002,-5.481110e-001
8.649315e+002,-6.885455e-001
8.654137e+002,-7.748734e-001
8.658958e+002,-7.932181e-001
8.663779e+002,-7.431564e-001
8.668600e+002,-6.337548e-001
8.673422e+002,-4.777531e-001
8.678243e+002,-2.871351e-001
8.683064e+002,-7.204514e-002
8.687886e+002,1.571978e-001
8.692707e+002,3.870716e-001
8.697528e+002,5.995054e-001
8.702349e+002,7.738935e-001
8.707170e+002,8.921272e-001
8.711992e+002,9.445516e-001
8.716813e+002,9.341971e-001
8.721635e+002,8.773929e-001
8.726455e+002,8.003492e-001
8.731277e+002,7.327439e-001
8.736098e+002,7.004617e-001
8.740919e+002,7.198299e-001
8.745740e+002,7.948835e-001
8.750562e+002,9.177188e-001
8.755383e+002,1.070751e+000
8.760204e+002,1.229534e+000
8.765026e+002,1.365571e+000
8.769847e+002,1.449491e+000
8.774668e+002,1.455240e+000
8.779489e+002,1.365285e+000
8.784310e+002,1.175700e+000
8.789131e+002,8.992311e-001
8.793953e+002,5.645553e-001
8.798774e+002,2.109470e-001
8.803596e+002,-1.208100e-001
8.808417e+002,-3.986556e-001
8.813238e+002,-6.069412e-001
8.818059e+002,-7.483417e-001
8.822880e+002,-8.390839e-001
8.827701e+002,-8.996214e-001
8.832523e+002,-9.450426e-001
8.837344e+002,-9.794590e-001
8.842166e+002,-9.966110e-001
8.846987e+002,-9.859540e-001
8.851808e+002,-9.408618e-001
8.856629e+002,-8.645968e-001
8.861450e+002,-7.709351e-001
8.866271e+002,-6.791352e-001
8.871093e+002,-6.059007e-001
8.875914e+002,-5.583943e-001
8.880735e+002,-5.318050e-001
8.885557e+002,-5.126832e-001
8.890378e+002,-4.864310e-001
8.895199e+002,-4.452296e-001
8.900020e+002,-3.925202e-001
8.904841e+002,-3.418733e-001
8.909663e+002,-3.108202e-001
8.914484e+002,-3.124263e-001
8.919305e+002,-3.482176e-001
8.924127e+002,-4.054095e-001
8.928948e+002,-4.595209e-001
8.933769e+002,-4.811834e-001
8.938590e+002,-4.443265e-001
8.943412e+002,-3.327644e-001
8.948232e+002,-1.435562e-001
8.953054e+002,1.127192e-001
8.957875e+002,4.137601e-001
8.962697e+002,7.281173e-001
8.967518e+002,1.018464e+000
8.972339e+002,1.245909e+000
8.977160e+002,1.375819e+000
8.981981e+002,1.384867e+000
8.986803e+002,1.267892e+000
8.991624e+002,1.042143e+000
8.996445e+002,7.463923e-001
9.001266e+002,4.336559e-001
9.006088e+002,1.586739e-001
9.010909e+002,-3.605737e-002
9.015730e+002,-1.307721e-001
9.020552e+002,-1.316160e-001
9.025373e+002,-6.561350e-002
9.030194e+002,3.031872e-002
9.035015e+002,1.219994e-001
9.039836e+002,1.876713e-001
9.044658e+002,2.216325e-001
9.049479e+002,2.312796e-001
9.054301e+002,2.297101e-001
9.059121e+002,2.276675e-001
9.063943e+002,2.284640e-001
9.068764e+002,2.277437e-001
9.073585e+002,2.174344e-001
9.078406e+002,1.912292e-001
9.083228e+002,1.484559e-001
9.088049e+002,9.437758e-002
9.092870e+002,3.710506e-002
9.097692e+002,-1.692542e-002
9.102513e+002,-6.636950e-002
9.107334e+002,-1.154651e-001
9.112155e+002,-1.712986e-001
9.116976e+002,-2.391951e-001
9.121797e+002,-3.185775e-001
9.126619e+002,-4.014660e-001
9.131440e+002,-4.744634e-001
9.136262e+002,-5.233859e-001
9.141083e+002,-5.385098e-001
9.145904e+002,-5.182592e-001
9.150725e+002,-4.699419e-001
9.155546e+002,-4.074512e-001
9.160367e+002,-3.470978e-001
9.165189e+002,-3.034085e-001
9.170010e+002,-2.863479e-001
9.174832e+002,-3.004855e-001
9.179653e+002,-3.455336e-001
9.184474e+002,-4.172644e-001
9.189295e+002,-5.080519e-001
9.194116e+002,-6.070073e-001
9.198937e+002,-7.002893e-001
9.203759e+002,-7.723925e-001
9.208580e+002,-8.088013e-001
9.213401e+002,-7.997082e-001
9.218223e+002,-7.437745e-001
9.223044e+002,-6.504901e-001
9.227865e+002,-5.397143e-001
9.232686e+002,-4.376905e-001
9.237507e+002,-3.701906e-001
9.242329e+002,-3.549374e-001
9.247150e+002,-3.959976e-001
9.251971e+002,-4.821684e-001
9.256793e+002,-5.897427e-001
9.261614e+002,-6.885554e-001
9.266435e+002,-7.496454e-001
9.271256e+002,-7.519761e-001
9.276078e+002,-6.869448e-001
9.280898e+002,-5.594790e-001
9.285720e+002,-3.858356e-001
9.290541e+002,-1.891883e-001
9.295363e+002,5.517087e-003
9.300184e+002,1.761586e-001
9.305005e+002,3.067212e-001
9.309827e+002,3.889106e-001
9.314647e+002,4.220703e-001
9.319469e+002,4.115875e-001
9.324290e+002,3.663760e-001
9.329111e+002,2.962074e-001
9.333932e+002,2.097311e-001
9.338754e+002,1.136754e-001
9.343575e+002,1.332062e-002
9.348396e+002,-8.619181e-002
9.353218e+002,-1.784202e-001
9.358038e+002,-2.549098e-001
9.362860e+002,-3.058143e-001
9.367681e+002,-3.219918e-001
9.372502e+002,-2.980818e-001
9.377324e+002,-2.355226e-001
9.382145e+002,-1.442296e-001
9.386967e+002,-4.187376e-002
9.391787e+002,4.955531e-002
9.396609e+002,1.091483e-001
9.401430e+002,1.228651e-001
9.406251e+002,8.786777e-002
9.411072e+002,1.395343e-002
9.415894e+002,-7.853273e-002
9.420715e+002,-1.639451e-001
9.425536e+002,-2.184271e-001
9.430358e+002,-2.268113e-001
9.435178e+002,-1.871847e-001
9.440000e+002,-1.116091e-001
9.444821e+002,-2.265939e-002
9.449642e+002,5.330537e-002
9.454464e+002,9.426086e-002
9.459285e+002,8.961813e-002
9.464106e+002,4.399239e-002
9.468927e+002,-2.377137e-002
9.473749e+002,-8.614751e-002
9.478570e+002,-1.152788e-001
9.483391e+002,-9.142894e-002
9.488212e+002,-8.994104e-003
9.493033e+002,1.216863e-001
9.497855e+002,2.772377e-001
9.502676e+002,4.279958e-001
9.507498e+002,5.463291e-001
9.512319e+002,6.136088e-001
9.517140e+002,6.234205e-001
9.521961e+002,5.803697e-001
9.526782e+002,4.957066e-001
9.531604e+002,3.821672e-001
9.536425e+002,2.503389e-001
9.541246e+002,1.078301e-001
9.546067e+002,-3.899937e-002
9.550889e+002,-1.822438e-001
9.555710e+002,-3.106370e-001
9.560531e+002,-4.101824e-001
9.565352e+002,-4.674672e-001
9.570173e+002,-4.744355e-001
9.574995e+002,-4.324354e-001
9.579816e+002,-3.533171e-001
9.584637e+002,-2.565286e-001
9.589459e+002,-1.630256e-001
9.594280e+002,-8.849744e-002
9.599101e+002,-3.877318e-002
9.603922e+002,-9.304207e-003
9.608744e+002,1.126940e-002
9.613564e+002,3.512456e-002
9.618386e+002,6.947564e-002
9.623207e+002,1.134660e-001
9.628029e+002,1.589580e-001
9.632850e+002,1.946250e-001
9.637671e+002,2.112817e-001
9.642493e+002,2.059149e-001
9.647313e+002,1.826173e-001
9.652135e+002,1.500557e-001
9.656956e+002,1.167109e-001
9.661777e+002,8.618362e-002
9.666599e+002,5.485998e-002
9.671420e+002,1.308187e-002
9.676241e+002,-5.068414e-002
9.681062e+002,-1.444953e-001
9.685884e+002,-2.686028e-001
9.690704e+002,-4.138413e-001
9.695526e+002,-5.633670e-001
9.700347e+002,-6.970816e-001
9.705168e+002,-7.970613e-001
9.709990e+002,-8.520082e-001
9.714811e+002,-8.593036e-001
9.719633e+002,-8.243413e-001
9.724453e+002,-7.577716e-001
9.729275e+002,-6.718256e-001
9.734095e+002,-5.769571e-001
9.738917e+002,-4.797469e-001
9.743738e+002,-3.825579e-001
9.748560e+002,-2.848198e-001
9.753381e+002,-1.852843e-001
9.758202e+002,-8.436523e-002
9.763024e+002,1.432907e-002
9.767844e+002,1.038629e-001
9.772666e+002,1.753671e-001
9.777487e+002,2.205475e-001
9.782308e+002,2.344457e-001
9.787130e+002,2.174812e-001
9.791951e+002,1.760927e-001
9.796772e+002,1.218035e-001
9.801593e+002,6.904189e-002
9.806415e+002,3.234180e-002
9.811236e+002,2.364164e-002
9.816057e+002,5.028806e-002
9.820878e+002,1.140079e-001
9.825699e+002,2.107308e-001
9.830521e+002,3.309380e-001
9.835342e+002,4.603160e-001
9.840164e+002,5.808511e-001
9.844984e+002,6.727530e-001
9.849806e+002,7.174052e-001
9.854627e+002,7.009909e-001
9.859448e+002,6.178005e-001
9.864269e+002,4.720937e-001
9.869091e+002,2.778009e-001
9.873912e+002,5.603914e-002
9.878733e+002,-1.689687e-001
9.883555e+002,-3.746278e-001
9.888376e+002,-5.440728e-001
9.893197e+002,-6.684233e-001
9.898018e+002,-7.464452e-001
9.902839e+002,-7.819006e-001
9.907661e+002,-7.799292e-001
9.912482e+002,-7.442151e-001
9.917303e+002,-6.761645e-001
9.922125e+002,-5.761898e-001
9.926946e+002,-4.461109e-001
9.931767e+002,-2.911592e-001
9.936588e+002,-1.203707e-001
9.941410e+002,5.491880e-002
9.946230e+002,2.237011e-001
9.951052e+002,3.776853e-001
9.955873e+002,5.122358e-001
9.960695e+002,6.254134e-001
9.965516e+002,7.156418e-001
9.970337e+002,7.793055e-001
9.975158e+002,8.097473e-001
9.979979e+002,7.985522e-001
9.984801e+002,7.389075e-001
9.989622e+002,6.297252e-001
9.994443e+002,4.786144e-001
9.999265e+002,3.020149e-001
1.000409e+003,1.217331e-001
1.000891e+003,-4.128434e-002
1.001373e+003,-1.737112e-001
1.001855e+003,-2.742611e-001
1.002337e+003,-3.536331e-001
1.002819e+003,-4.295977e-001
1.003301e+003,-5.188031e-001
1.003783e+003,-6.282843e-001
1.004266e+003,-7.500657e-001
1.004748e+003,-8.613505e-001
1.005230e+003,-9.308159e-001
1.005712e+003,-9.290991e-001
1.006194e+003,-8.398045e-001
1.006676e+003,-6.670196e-001
1.007158e+003,-4.364656e-001
1.007640e+003,-1.894690e-001
1.008123e+003,2.857495e-002
1.008605e+003,1.814902e-001
1.009087e+003,2.526908e-001
1.009569e+003,2.489693e-001
1.010051e+003,1.965948e-001
1.010533e+003,1.315253e-001
1.011015e+003,8.746084e-002
1.011497e+003,8.586998e-002
1.011980e+003,1.310676e-001
1.012462e+003,2.114588e-001
1.012944e+003,3.057133e-001
1.013426e+003,3.909671e-001
1.013908e+003,4.497733e-001
1.014390e+003,4.736442e-001
1.014872e+003,4.627834e-001
1.015354e+003,4.232348e-001
1.015837e+003,3.633850e-001
1.016319e+003,2.916037e-001
1.016801e+003,2.157668e-001
1.017283e+003,1.441877e-001
1.017765e+003,8.660975e-002
1.018247e+003,5.388794e-002
1.018729e+003,5.576093e-002
1.019211e+003,9.725738e-002
1.019694e+003,1.753586e-001
1.020176e+003,2.776885e-001
1.020658e+003,3.843749e-001
1.021140e+003,4.727921e-001
1.021622e+003,5.235854e-001
1.022104e+003,5.258459e-001
1.022586e+003,4.797027e-001
1.023068e+003,3.956342e-001
1.023551e+003,2.909261e-001
1.024033e+003,1.846682e-001
1.024515e+003,9.306260e-002
1.024997e+003,2.655477e-002
1.025479e+003,-1.060426e-002
1.025961e+003,-1.876205e-002
1.026443e+003,-3.905360e-004
1.026925e+003,4.194741e-002
1.027408e+003,1.062136e-001
1.027890e+003,1.898341e-001
1.028372e+003,2.875617e-001
1.028854e+003,3.894341e-001
1.029336e+003,4.801193e-001
1.029818e+003,5.406055e-001
1.030300e+003,5.524268e-001
1.030782e+003,5.036367e-001
1.031265e+003,3.946194e-001
1.031747e+003,2.411692e-001
1.032229e+003,7.273258e-002
1.032711e+003,-7.454269e-002
1.033193e+003,-1.680273e-001
1.033675e+003,-1.886590e-001
1.034157e+003,-1.372561e-001
1.034639e+003,-3.470340e-002
1.035122e+003,8.446269e-002
1.035604e+003,1.832021e-001
1.036086e+003,2.340260e-001
1.036568e+003,2.274202e-001
1.037050e+003,1.734158e-001
1.037532e+003,9.595118e-002
1.038014e+003,2.260754e-002
1.038496e+003,-2.590745e-002
1.038979e+003,-4.231951e-002
1.039461e+003,-3.306119e-002
1.039943e+003,-1.278540e-002
1.040425e+003,3.744383e-003
1.040907e+003,8.331348e-003
1.041389e+003,1.618963e-003
1.041871e+003,-9.536163e-003
1.042353e+003,-1.764712e-002
1.042836e+003,-1.988893e-002
1.043318e+003,-2.022366e-002
1.043800e+003,-2.725210e-002
1.044282e+003,-4.904427e-002
1.044764e+003,-8.783420e-002
1.045246e+003,-1.375703e-001
1.045728e+003,-1.857829e-001
1.046210e+003,-2.189352e-001
1.046693e+003,-2.285125e-001
1.047175e+003,-2.147163e-001
1.047657e+003,-1.858779e-001
1.048139e+003,-1.540918e-001
1.048621e+003,-1.294825e-001
1.049103e+003,-1.161191e-001
1.049585e+003,-1.114754e-001
1.050067e+003,-1.094027e-001
1.050550e+003,-1.046381e-001
1.051032e+003,-9.618012e-002
1.051514e+003,-8.751681e-002
1.051996e+003,-8.363710e-002
1.052478e+003,-8.659060e-002
1.052960e+003,-9.227383e-002
1.053442e+003,-9.050153e-002
1.053924e+003,-6.876715e-002
1.054406e+003,-1.800608e-002
1.054889e+003,6.252545e-002
1.055371e+003,1.639329e-001
1.055853e+003,2.706966e-001
1.056335e+003,3.665657e-001
1.056817e+003,4.404776e-001
1.057299e+003,4.898062e-001
1.057781e+003,5.195884e-001
1.058264e+003,5.383109e-001
1.058746e+003,5.524230e-001
1.059228e+003,5.623689e-001
1.059710e+003,5.620728e-001
1.060192e+003,5.419989e-001
1.060674e+003,4.941295e-001
1.061156e+003,4.164419e-001
1.061638e+003,3.148529e-001
1.062120e+003,2.019281e-001
1.062603e+003,9.309879e-002
1.063085e+003,2.218244e-003
1.063567e+003,-6.171020e-002
1.064049e+003,-9.565765e-002
1.064531e+003,-1.018341e-001
1.065013e+003,-8.607025e-002
1.065495e+003,-5.629518e-002
1.065978e+003,-2.144867e-002
1.066460e+003,9.416501e-003
1.066942e+003,2.831913e-002
1.067424e+003,2.998253e-002
1.067906e+003,1.354555e-002
1.068388e+003,-1.642454e-002
1.068870e+003,-5.039272e-002
1.069352e+003,-7.607688e-002
1.069834e+003,-8.189498e-002
1.070317e+003,-6.041842e-002
1.070799e+003,-1.045294e-002
1.071281e+003,6.299663e-002
1.071763e+003,1.505924e-001
1.072245e+003,2.413094e-001
1.072727e+003,3.247243e-001
1.073209e+003,3.922984e-001
1.073692e+003,4.377055e-001
1.074174e+003,4.567016e-001
1.074656e+003,4.470650e-001
1.075138e+003,4.087884e-001
1.075620e+003,3.442485e-001
1.076102e+003,2.578541e-001
1.076584e+003,1.548737e-001
1.077066e+003,3.970553e-002
1.077549e+003,-8.554574e-002
1.078031e+003,-2.211129e-001
1.078513e+003,-3.676804e-001
1.078995e+003,-5.230470e-001
1.079477e+003,-6.788553e-001
1.079959e+003,-8.192809e-001
1.080441e+003,-9.230257e-001
1.080923e+003,-9.685830e-001
1.081406e+003,-9.410843e-001
1.081888e+003,-8.379070e-001
1.082370e+003,-6.705487e-001
1.082852e+003,-4.619479e-001
1.083334e+003,-2.405648e-001
1.083816e+003,-3.372252e-002
1.084298e+003,1.374190e-001
1.084780e+003,2.600205e-001
1.085262e+003,3.289686e-001
1.085745e+003,3.447188e-001
1.086227e+003,3.111319e-001
1.086709e+003,2.344766e-001
1.087191e+003,1.237146e-001
1.087673e+003,-8.795331e-003
1.088155e+003,-1.475059e-001
1.088637e+003,-2.756624e-001
1.089120e+003,-3.787898e-001
1.089602e+003,-4.482364e-001
1.090084e+003,-4.829726e-001
1.090566e+003,-4.886124e-001
1.091048e+003,-4.741217e-001
1.091530e+003,-4.478374e-001
1.092012e+003,-4.146699e-001
1.092494e+003,-3.755991e-001
1.092977e+003,-3.293630e-001
1.093459e+003,-2.750984e-001
1.093941e+003,-2.143054e-001
1.094423e+003,-1.510411e-001
1.094905e+003,-9.041239e-002
1.095387e+003,-3.642439e-002
1.095869e+003,9.473368e-003
1.096351e+003,4.834200e-002
1.096833e+003,8.235041e-002
1.097316e+003,1.130443e-001
1.097798e+003,1.405022e-001
1.098280e+003,1.640304e-001
1.098762e+003,1.839049e-001
1.099244e+003,2.028387e-001
1.099726e+003,2.257970e-001
1.100208e+003,2.576863e-001
1.100690e+003,2.997724e-001
1.101173e+003,3.467877e-001
1.101655e+003,3.867273e-001
1.102137e+003,4.041666e-001
1.102619e+003,3.860902e-001
1.103101e+003,3.278155e-001
1.103583e+003,2.362715e-001
1.104065e+003,1.288630e-001
1.104547e+003,2.797383e-002
1.105030e+003,-4.678832e-002
1.105512e+003,-8.528914e-002
1.105994e+003,-8.957539e-002
1.106476e+003,-7.161000e-002
1.106958e+003,-4.739898e-002
1.107440e+003,-3.039325e-002
1.107922e+003,-2.708255e-002
1.108405e+003,-3.645515e-002
1.108887e+003,-5.300440e-002
1.109369e+003,-7.123275e-002
1.109851e+003,-8.896878e-002
1.110333e+003,-1.077461e-001
1.110815e+003,-1.302921e-001
1.111297e+003,-1.568394e-001
1.111779e+003,-1.825871e-001
1.112261e+003,-1.980192e-001
1.112744e+003,-1.922616e-001
1.113226e+003,-1.580020e-001
1.113708e+003,-9.561203e-002
1.114190e+003,-1.451853e-002
1.114672e+003,6.880464e-002
1.115154e+003,1.354038e-001
1.115636e+003,1.692445e-001
1.116118e+003,1.615211e-001
1.116601e+003,1.124951e-001
1.117083e+003,3.051333e-002
1.117565e+003,-7.098385e-002
1.118047e+003,-1.770777e-001
1.118529e+003,-2.744307e-001
1.119011e+003,-3.533530e-001
1.119493e+003,-4.090049e-001
1.119975e+003,-4.419281e-001
1.120458e+003,-4.577893e-001
1.120940e+003,-4.659981e-001
1.121422e+003,-4.770350e-001
1.121904e+003,-4.989438e-001
1.122386e+003,-5.340922e-001
1.122868e+003,-5.775687e-001
1.123350e+003,-6.181846e-001
1.123833e+003,-6.420205e-001
1.124315e+003,-6.372294e-001
1.124797e+003,-5.981115e-001
1.125279e+003,-5.267522e-001
1.125761e+003,-4.317074e-001
1.126243e+003,-3.245324e-001
1.126725e+003,-2.157810e-001
1.127207e+003,-1.121545e-001
1.127689e+003,-1.585740e-002
1.128172e+003,7.381704e-002
1.128654e+003,1.577011e-001
1.129136e+003,2.343768e-001
1.129618e+003,2.995017e-001
1.130100e+003,3.471348e-001
1.130582e+003,3.722494e-001
1.131064e+003,3.730050e-001
1.131547e+003,3.515606e-001
1.132029e+003,3.130300e-001
1.132511e+003,2.632317e-001
1.132993e+003,2.065329e-001
1.133475e+003,1.449503e-001
1.133957e+003,7.889697e-002
1.134439e+003,9.043058e-003
1.134921e+003,-6.184056e-002
1.135403e+003,-1.281514e-001
1.135886e+003,-1.823008e-001
1.136368e+003,-2.167278e-001
1.136850e+003,-2.260196e-001
1.137332e+003,-2.081282e-001
1.137814e+003,-1.643295e-001
1.138296e+003,-9.833067e-002
1.138778e+003,-1.532507e-002
1.139260e+003,7.841181e-002
1.139743e+003,1.753598e-001
1.140225e+003,2.665800e-001
1.140707e+003,3.423060e-001
1.141189e+003,3.937555e-001
1.141671e+003,4.159158e-001
1.142153e+003,4.102846e-001
1.142635e+003,3.861700e-001
1.143117e+003,3.594700e-001
1.143600e+003,3.488634e-001
1.144082e+003,3.705649e-001
1.144564e+003,4.335046e-001
1.145046e+003,5.365928e-001
1.145528e+003,6.688559e-001
1.146010e+003,8.122358e-001
1.146492e+003,9.461176e-001
1.146974e+003,1.052264e+000
1.147457e+003,1.118788e+000
1.147939e+003,1.142186e+000
1.148421e+003,1.127202e+000
1.148903e+003,1.085027e+000
1.149385e+003,1.030665e+000
1.149867e+003,9.800593e-001
1.150349e+003,9.472665e-001
1.150831e+003,9.418352e-001
1.151314e+003,9.668472e-001
1.151796e+003,1.018300e+000
1.152278e+003,1.086362e+000
1.152760e+003,1.158428e+000
1.153242e+003,1.223141e+000
1.153724e+003,1.274110e+000
1.154206e+003,1.312016e+000
1.154688e+003,1.344373e+000
1.155171e+003,1.382988e+000
1.155653e+003,1.440166e+000
1.156135e+003,1.525171e+000
1.156617e+003,1.642298e+000
1.157099e+003,1.790986e+000
1.157581e+003,1.967455e+000
1.158063e+003,2.166679e+000
1.158545e+003,2.383651e+000
1.159028e+003,2.613527e+000
1.159510e+003,2.851074e+000
1.159992e+003,3.090403e+000
1.160474e+003,3.325891e+000
1.160956e+003,3.554481e+000
1.161438e+003,3.778617e+000
1.161920e+003,4.008291e+000
1.162402e+003,4.260674e+000
1.162885e+003,4.556692e+000
1.163367e+003,4.915376e+000
1.163849e+003,5.348131e+000
1.164331e+003,5.855321e+000
1.164813e+003,6.426670e+000
1.165295e+003,7.045527e+000
1.165777e+003,7.695507e+000
1.166259e+003,8.367127e+000
1.166742e+003,9.061922e+000
1.167224e+003,9.792534e+000
1.167706e+003,1.057895e+001
1.168188e+003,1.144276e+001
1.168670e+003,1.240212e+001
1.169152e+003,1.346933e+001
1.169634e+003,1.465181e+001
1.170116e+003,1.595549e+001
1.170599e+003,1.738844e+001
1.171081e+003,1.896286e+001
1.171563e+003,2.069411e+001
1.172045e+003,2.259715e+001
1.172527e+003,2.468214e+001
1.173009e+003,2.695106e+001
1.173491e+003,2.939716e+001
1.173973e+003,3.200732e+001
1.174456e+003,3.476584e+001
1.174938e+003,3.765736e+001
1.175420e+003,4.066694e+001
1.175902e+003,4.377687e+001
1.176384e+003,4.696234e+001
1.176866e+003,5.018822e+001
1.177348e+003,5.340939e+001
1.177830e+003,5.657462e+001
1.178313e+003,5.963203e+001
1.178795e+003,6.253314e+001
1.179277e+003,6.523397e+001
1.179759e+003,6.769370e+001
1.180241e+003,6.987444e+001
1.180723e+003,7.174509e+001
1.181205e+003,7.328941e+001
1.181688e+003,7.451481e+001
1.182170e+003,7.545614e+001
1.182652e+003,7.617018e+001
1.183134e+003,7.672196e+001
1.183616e+003,7.716801e+001
1.184098e+003,7.754381e+001
1.184580e+003,7.786021e+001
1.185062e+003,7.810952e+001
1.185544e+003,7.827766e+001
1.186027e+003,7.835621e+001
1.186509e+003,7.834866e+001
1.186991e+003,7.826852e+001
1.187473e+003,7.813152e+001
1.187955e+003,7.794731e+001
1.188437e+003,7.771577e+001
1.188919e+003,7.742918e+001
1.189401e+003,7.707881e+001
1.189884e+003,7.666020e+001
1.190366e+003,7.617355e+001
1.190848e+003,7.561777e+001
1.191330e+003,7.498207e+001
1.191812e+003,7.423975e+001
1.192294e+003,7.334944e+001
1.192776e+003,7.226416e+001
1.193258e+003,7.094509e+001
1.193740e+003,6.937374e+001
1.194223e+003,6.755653e+001
1.194705e+003,6.552037e+001
1.195187e+003,6.330167e+001
1.195669e+003,6.093510e+001
1.196151e+003,5.844750e+001
1.196633e+003,5.585841e+001
1.197115e+003,5.318503e+001
1.197598e+003,5.044810e+001
1.198080e+003,4.767407e+001
1.198562e+003,4.489334e+001
1.199044e+003,4.213566e+001
1.199526e+003,3.942600e+001
1.200008e+003,3.678305e+001
1.200490e+003,3.422060e+001
1.200972e+003,3.175020e+001
1.201455e+003,2.938334e+001
1.201937e+003,2.713160e+001
1.202419e+003,2.500511e+001
1.202901e+003,2.301045e+001
1.203383e+003,2.114966e+001
1.203865e+003,1.942076e+001
1.204347e+003,1.781952e+001
1.204829e+003,1.634142e+001
1.205312e+003,1.498260e+001
1.205794e+003,1.373967e+001
1.206276e+003,1.260863e+001
1.206758e+003,1.158403e+001
1.207240e+003,1.065907e+001
1.207722e+003,9.826674e+000
1.208204e+003,9.081069e+000
1.208686e+003,8.418736e+000
1.209168e+003,7.837904e+000
1.209651e+003,7.336324e+000
1.210133e+003,6.908143e+000
1.210615e+003,6.541236e+000
1.211097e+003,6.216501e+000
1.211579e+003,5.910051e+000
1.212061e+003,5.598108e+000
1.212543e+003,5.263266e+000
1.213026e+003,4.899760e+000
1.213508e+003,4.515506e+000
1.213990e+003,4.129720e+000
1.214472e+003,3.766773e+000
1.214954e+003,3.448305e+000
1.215436e+003,3.186291e+000
1.215918e+003,2.979361e+000
1.216400e+003,2.813675e+000
1.216883e+003,2.668087e+000
1.217365e+003,2.521733e+000
1.217847e+003,2.361179e+000
1.218329e+003,2.184555e+000
1.218811e+003,2.001436e+000
1.219293e+003,1.828871e+000
1.219775e+003,1.685212e+000
1.220257e+003,1.583966e+000
1.220740e+003,1.529669e+000
1.221222e+003,1.517003e+000
1.221704e+003,1.532986e+000
1.222186e+003,1.561080e+000
1.222668e+003,1.585511e+000
1.223150e+003,1.594504e+000
1.223632e+003,1.581797e+000
1.224114e+003,1.546466e+000
1.224596e+003,1.491510e+000
1.225079e+003,1.421840e+000
1.225561e+003,1.342362e+000
1.226043e+003,1.256675e+000
1.226525e+003,1.166630e+000
1.227007e+003,1.072722e+000
1.227489e+003,9.750510e-001
1.227971e+003,8.744816e-001
1.228453e+003,7.735746e-001
1.228936e+003,6.769034e-001
1.229418e+003,5.905358e-001
1.229900e+003,5.207344e-001
1.230382e+003,4.722259e-001
1.230864e+003,4.466148e-001
1.231346e+003,4.415611e-001
1.231828e+003,4.511817e-001
1.232311e+003,4.676957e-001
1.232793e+003,4.838218e-001
1.233275e+003,4.950172e-001
1.233757e+003,5.006697e-001
1.234239e+003,5.037667e-001
1.234721e+003,5.092033e-001
1.235203e+003,5.214173e-001
1.235685e+003,5.423123e-001
1.236167e+003,5.702677e-001
1.236650e+003,6.005657e-001
1.237132e+003,6.269273e-001
1.237614e+003,6.433969e-001
1.238096e+003,6.457765e-001
1.238578e+003,6.321709e-001
1.239060e+003,6.027172e-001
1.239542e+003,5.589361e-001
1.240025e+003,5.032162e-001
1.240507e+003,4.387145e-001
1.240989e+003,3.695850e-001
1.241471e+003,3.011431e-001
1.241953e+003,2.395336e-001
1.242435e+003,1.906957e-001
1.242917e+003,1.588623e-001
1.243399e+003,1.452138e-001
1.243882e+003,1.474181e-001
1.244364e+003,1.604505e-001
1.244846e+003,1.784527e-001
1.245328e+003,1.968180e-001
1.245810e+003,2.135471e-001
1.246292e+003,2.292659e-001
1.246774e+003,2.459341e-001
1.247256e+003,2.648933e-001
1.247739e+003,2.852261e-001
1.248221e+003,3.032914e-001
1.248703e+003,3.137352e-001
1.249185e+003,3.115809e-001
1.249667e+003,2.944801e-001
1.250149e+003,2.641366e-001
1.250631e+003,2.262791e-001
1.251113e+003,1.891657e-001
1.251595e+003,1.611985e-001
1.252078e+003,1.485599e-001
1.252560e+003,1.537012e-001
1.253042e+003,1.750647e-001
1.253524e+003,2.078914e-001
1.254006e+003,2.456081e-001
1.254488e+003,2.812745e-001
1.254970e+003,3.087551e-001
1.255453e+003,3.235295e-001
1.255935e+003,3.232133e-001
1.256417e+003,3.078826e-001
1.256899e+003,2.802026e-001
1.257381e+003,2.452473e-001
1.257863e+003,2.098329e-001
1.258345e+003,1.812761e-001
1.258827e+003,1.657249e-001
1.259310e+003,1.665026e-001
1.259792e+003,1.830550e-001
1.260274e+003,2.109684e-001
1.260756e+003,2.431167e-001
1.261238e+003,2.715626e-001
1.261720e+003,2.895736e-001
1.262202e+003,2.931436e-001
1.262684e+003,2.816321e-001
1.263167e+003,2.574567e-001
1.263649e+003,2.250661e-001
1.264131e+003,1.895998e-001
1.264613e+003,1.556467e-001
1.265095e+003,1.263960e-001
1.265577e+003,1.032977e-001
1.266059e+003,8.622079e-002
1.266541e+003,7.400289e-002
1.267023e+003,6.522515e-002
1.267506e+003,5.896797e-002
1.267988e+003,5.530369e-002
1.268470e+003,5.531287e-002
1.268952e+003,6.057557e-002
1.269434e+003,7.226478e-002
1.269916e+003,9.017443e-002
1.270398e+003,1.121050e-001
1.270880e+003,1.339525e-001
1.271363e+003,1.505461e-001
1.271845e+003,1.569290e-001
1.272327e+003,1.495529e-001
1.272809e+003,1.269384e-001
1.273291e+003,8.965567e-002
1.273773e+003,3.980181e-002
1.274255e+003,-1.961595e-002
1.274738e+003,-8.501025e-002
1.275220e+003,-1.520849e-001
1.275702e+003,-2.154399e-001
1.276184e+003,-2.683858e-001
1.276666e+003,-3.034903e-001
1.277148e+003,-3.140866e-001
1.277630e+003,-2.964506e-001
1.278112e+003,-2.518033e-001
1.278594e+003,-1.871081e-001
1.279077e+003,-1.139942e-001
1.279559e+003,-4.593322e-002
1.280041e+003,5.381069e-003
1.280523e+003,3.316007e-002
1.281005e+003,3.706441e-002
1.281487e+003,2.269977e-002
1.281969e+003,-6.667757e-004
1.282451e+003,-2.327291e-002
1.282934e+003,-3.772296e-002
1.283416e+003,-4.059391e-002
1.283898e+003,-3.248502e-002
1.284380e+003,-1.689207e-002
1.284862e+003,1.373015e-003
1.285344e+003,1.760829e-002
1.285826e+003,2.824963e-002
1.286308e+003,3.156659e-002
1.286791e+003,2.817372e-002
1.287273e+003,2.132550e-002
1.287755e+003,1.672492e-002
1.288237e+003,2.147060e-002
1.288719e+003,4.200508e-002
1.289201e+003,8.145281e-002
1.289683e+003,1.373475e-001
1.290166e+003,2.009532e-001
1.290648e+003,2.589828e-001
1.291130e+003,2.974900e-001
1.291612e+003,3.066704e-001
1.292094e+003,2.847412e-001
1.292576e+003,2.392340e-001
1.293058e+003,1.848706e-001
1.293540e+003,1.384883e-001
1.294022e+003,1.128078e-001
1.294505e+003,1.116109e-001
1.294987e+003,1.284388e-001
1.295469e+003,1.494070e-001
1.295951e+003,1.588963e-001
1.296433e+003,1.457308e-001
1.296915e+003,1.073542e-001
1.297397e+003,5.046211e-002
1.297879e+003,-1.199356e-002
1.298362e+003,-6.591804e-002
1.298844e+003,-1.009949e-001
1.299326e+003,-1.133822e-001
1.299808e+003,-1.054759e-001
1.300290e+003,-8.344682e-002
1.300772e+003,-5.415824e-002
1.301254e+003,-2.299009e-002
1.301736e+003,6.625151e-003
1.302219e+003,3.226107e-002
1.302701e+003,5.119643e-002
1.303183e+003,5.996695e-002
1.303665e+003,5.532673e-002
1.304147e+003,3.626813e-002
1.304629e+003,5.949206e-003
1.305111e+003,-2.772039e-002
1.305594e+003,-5.358098e-002
1.306076e+003,-6.046495e-002
1.306558e+003,-4.094351e-002
1.307040e+003,6.018520e-003
1.307522e+003,7.457721e-002
1.308004e+003,1.538641e-001
1.308486e+003,2.313478e-001
1.308968e+003,2.964021e-001
1.309450e+003,3.427353e-001
1.309933e+003,3.689910e-001
1.310415e+003,3.776203e-001
1.310897e+003,3.729032e-001
1.311379e+003,3.591131e-001
1.311861e+003,3.395531e-001
1.312343e+003,3.165229e-001
1.312825e+003,2.918384e-001
1.313307e+003,2.672938e-001
1.313790e+003,2.447266e-001
1.314272e+003,2.256581e-001
1.314754e+003,2.108785e-001
1.315236e+003,2.002811e-001
1.315718e+003,1.931251e-001
1.316200e+003,1.885321e-001
1.316682e+003,1.859475e-001
1.317164e+003,1.852435e-001
1.317646e+003,1.864379e-001
1.318129e+003,1.891718e-001
1.318611e+003,1.923151e-001
1.319093e+003,1.939057e-001
1.319575e+003,1.914817e-001
1.320057e+003,1.825435e-001
1.320539e+003,1.649152e-001
1.321021e+003,1.368420e-001
1.321504e+003,9.700590e-002
1.321986e+003,4.473002e-002
1.322468e+003,-1.935795e-002
1.322950e+003,-9.233858e-002
1.323432e+003,-1.681561e-001
1.323914e+003,-2.377040e-001
1.324396e+003,-2.903498e-001
1.324878e+003,-3.168253e-001
1.325361e+003,-3.125121e-001
1.325843e+003,-2.797424e-001
1.326325e+003,-2.278922e-001
1.326807e+003,-1.709612e-001
1.327289e+003,-1.232750e-001
1.327771e+003,-9.483744e-002
1.328253e+003,-8.808535e-002
1.328735e+003,-9.747925e-002
1.329218e+003,-1.121740e-001
1.329700e+003,-1.207139e-001
1.330182e+003,-1.156888e-001
1.330664e+003,-9.640606e-002
1.331146e+003,-6.850307e-002
1.331628e+003,-4.086135e-002
1.332110e+003,-2.131197e-002
1.332592e+003,-1.320961e-002
1.333075e+003,-1.443558e-002
1.333557e+003,-1.920242e-002
1.334039e+003,-2.155953e-002
1.334521e+003,-1.877711e-002
1.335003e+003,-1.287147e-002
1.335485e+003,-9.525250e-003
1.335967e+003,-1.484704e-002
1.336449e+003,-3.155296e-002
1.336932e+003,-5.645072e-002
1.337414e+003,-8.061133e-002
1.337896e+003,-9.235130e-002
1.338378e+003,-8.193815e-002
1.338860e+003,-4.605203e-002
1.339342e+003,1.004240e-002
1.339824e+003,7.394373e-002
1.340306e+003,1.307917e-001
1.340789e+003,1.690441e-001
1.341271e+003,1.845399e-001
1.341753e+003,1.811907e-001
1.342235e+003,1.684897e-001
1.342717e+003,1.573872e-001
1.343199e+003,1.562704e-001
1.343681e+003,1.684032e-001
1.344163e+003,1.914713e-001
1.344646e+003,2.191919e-001
1.345128e+003,2.441556e-001
1.345610e+003,2.606744e-001
1.346092e+003,2.665009e-001
1.346574e+003,2.629340e-001
1.347056e+003,2.535106e-001
1.347538e+003,2.419941e-001
1.348021e+003,2.304753e-001
1.348503e+003,2.183081e-001
1.348985e+003,2.022098e-001
1.349467e+003,1.774824e-001
1.349949e+003,1.399230e-001
1.350431e+003,8.783474e-002
1.350913e+003,2.349048e-002
1.351395e+003,-4.646135e-002
1.351877e+003,-1.119630e-001
1.352360e+003,-1.617834e-001
1.352842e+003,-1.865306e-001
1.353324e+003,-1.816187e-001
1.353806e+003,-1.492930e-001
1.354288e+003,-9.893689e-002
1.354770e+003,-4.524069e-002
1.355252e+003,-4.443798e-003
1.355734e+003,1.033069e-002
1.356217e+003,-6.939648e-003
1.356699e+003,-5.335471e-002
1.357181e+003,-1.180612e-001
1.357663e+003,-1.855929e-001
1.358145e+003,-2.404052e-001
1.358627e+003,-2.712144e-001
1.359109e+003,-2.738510e-001
1.359591e+003,-2.519057e-001
1.360073e+003,-2.150777e-001
1.360556e+003,-1.759244e-001
1.361038e+003,-1.461276e-001
1.361520e+003,-1.333664e-001
1.362002e+003,-1.395747e-001
1.362484e+003,-1.609553e-001
1.362966e+003,-1.896717e-001
1.363448e+003,-2.165560e-001
1.363931e+003,-2.337409e-001
1.364413e+003,-2.362570e-001
1.364895e+003,-2.223480e-001
1.365377e+003,-1.929502e-001
1.365859e+003,-1.509921e-001
1.366341e+003,-1.008546e-001
1.366823e+003,-4.797494e-002
1.367305e+003,1.647234e-003
1.367788e+003,4.218896e-002
1.368270e+003,6.892026e-002
1.368752e+003,7.903078e-002
1.369234e+003,7.208242e-002
1.369716e+003,4.995866e-002
1.370198e+003,1.639192e-002
1.370680e+003,-2.374470e-002
1.371162e+003,-6.517248e-002
1.371645e+003,-1.028671e-001
1.372127e+003,-1.326404e-001
1.372609e+003,-1.517112e-001
1.373091e+003,-1.592896e-001
1.373573e+003,-1.569933e-001
1.374055e+003,-1.487026e-001
1.374537e+003,-1.395051e-001
1.375019e+003,-1.338525e-001
1.375501e+003,-1.337196e-001
1.375984e+003,-1.377267e-001
1.376466e+003,-1.416810e-001
1.376948e+003,-1.402531e-001
1.377430e+003,-1.291317e-001
1.377912e+003,-1.069168e-001
1.378394e+003,-7.607008e-002
1.378876e+003,-4.238389e-002
1.379359e+003,-1.295581e-002
1.379841e+003,6.591718e-003
1.380323e+003,1.441872e-002
1.380805e+003,1.331161e-002
1.381287e+003,9.765288e-003
1.381769e+003,1.172736e-002
1.382251e+003,2.586453e-002
1.382733e+003,5.543056e-002
1.383216e+003,9.960644e-002
1.383698e+003,1.545162e-001
1.384180e+003,2.152238e-001
1.384662e+003,2.775880e-001
1.385144e+003,3.390940e-001
1.385626e+003,3.983991e-001
1.386108e+003,4.539189e-001
1.386590e+003,5.022441e-001
1.387073e+003,5.374164e-001
1.387555e+003,5.518433e-001
1.388037e+003,5.387145e-001
1.388519e+003,4.947913e-001
1.389001e+003,4.222640e-001
1.389483e+003,3.290209e-001
1.389965e+003,2.274326e-001
1.390447e+003,1.320504e-001
1.390929e+003,5.669750e-002
1.391412e+003,1.150067e-002
1.391894e+003,4.309767e-004
1.392376e+003,1.984632e-002
1.392858e+003,5.844368e-002
1.393340e+003,9.910015e-002
1.393822e+003,1.230262e-001
1.394304e+003,1.158178e-001
1.394786e+003,7.324025e-002
1.395269e+003,3.431015e-003
1.395751e+003,-7.626377e-002
1.396233e+003,-1.461028e-001
1.396715e+003,-1.906923e-001
1.397197e+003,-2.030311e-001
1.397679e+003,-1.854234e-001
1.398161e+003,-1.478473e-001
1.398644e+003,-1.043080e-001
1.399126e+003,-6.787789e-002
1.399608e+003,-4.603646e-002
1.400090e+003,-3.848542e-002
1.400572e+003,-3.850020e-002
1.401054e+003,-3.672086e-002
1.401536e+003,-2.510386e-002
1.402018e+003,6.140473e-004
1.402500e+003,4.028116e-002
1.402983e+003,9.002767e-002
1.403465e+003,1.436495e-001
1.403947e+003,1.941510e-001
1.404429e+003,2.350744e-001
1.404911e+003,2.613994e-001
1.405393e+003,2.700211e-001
1.405875e+003,2.600119e-001
1.406357e+003,2.328729e-001
1.406840e+003,1.927550e-001
1.407322e+003,1.463604e-001
1.407804e+003,1.021616e-001
1.408286e+003,6.874973e-002
1.408768e+003,5.251338e-002
1.409250e+003,5.530332e-002
1.409732e+003,7.306808e-002
1.410214e+003,9.634800e-002
1.410697e+003,1.128488e-001
1.411179e+003,1.113145e-001
1.411661e+003,8.518568e-002
1.412143e+003,3.461726e-002
1.412625e+003,-3.376074e-002
1.413107e+003,-1.089666e-001
1.413589e+003,-1.786768e-001
1.414072e+003,-2.320196e-001
1.414554e+003,-2.613773e-001
1.415036e+003,-2.629648e-001
1.415518e+003,-2.365182e-001
1.416000e+003,-1.847416e-001
1.416482e+003,-1.131222e-001
1.416964e+003,-3.028320e-002
1.417446e+003,5.160269e-002
1.417928e+003,1.175127e-001
1.418411e+003,1.527044e-001
1.418893e+003,1.483126e-001
1.419375e+003,1.065979e-001
1.419857e+003,4.144770e-002
1.420339e+003,-2.726551e-002
1.420821e+003,-8.160337e-002
1.421303e+003,-1.108110e-001
1.421786e+003,-1.122450e-001
1.422268e+003,-8.959585e-002
1.422750e+003,-5.038707e-002
1.423232e+003,-3.675122e-003
1.423714e+003,4.195968e-002
1.424196e+003,8.005267e-002
1.424678e+003,1.071128e-001
1.425160e+003,1.222781e-001
1.425643e+003,1.259833e-001
1.426125e+003,1.185165e-001
1.426607e+003,9.933141e-002
1.427089e+003,6.738509e-002
1.427571e+003,2.224126e-002
1.428053e+003,-3.458154e-002
1.428535e+003,-9.864115e-002
1.429017e+003,-1.625196e-001
1.429500e+003,-2.168979e-001
1.429982e+003,-2.524260e-001
1.430464e+003,-2.617553e-001
1.430946e+003,-2.411876e-001
1.431428e+003,-1.916507e-001
1.431910e+003,-1.188156e-001
1.432392e+003,-3.222121e-002
1.432874e+003,5.644313e-002
1.433356e+003,1.353278e-001
1.433839e+003,1.940388e-001
1.434321e+003,2.246296e-001
1.434803e+003,2.222930e-001
1.435285e+003,1.862986e-001
1.435767e+003,1.212625e-001
1.436249e+003,3.768515e-002
1.436731e+003,-4.996278e-002
1.437214e+003,-1.277623e-001
1.437696e+003,-1.866130e-001
1.438178e+003,-2.231734e-001
1.438660e+003,-2.377751e-001
1.439142e+003,-2.320387e-001
1.439624e+003,-2.080449e-001
1.440106e+003,-1.690491e-001
1.440588e+003,-1.206360e-001
1.441071e+003,-7.103898e-002
1.441553e+003,-2.981227e-002
1.442035e+003,-5.029513e-003
1.442517e+003,-2.495845e-004
1.442999e+003,-1.285012e-002
1.443481e+003,-3.473153e-002
1.443963e+003,-5.520455e-002
1.444445e+003,-6.484145e-002
1.444927e+003,-5.867651e-002
1.445410e+003,-3.751920e-002
1.445892e+003,-7.071156e-003
1.446374e+003,2.456928e-002
1.446856e+003,4.992655e-002
1.447338e+003,6.456578e-002
1.447820e+003,6.800923e-002
1.448302e+003,6.285224e-002
1.448784e+003,5.273980e-002
1.449267e+003,4.058759e-002
1.449749e+003,2.813157e-002
1.450231e+003,1.676428e-002
1.450713e+003,8.777513e-003
1.451195e+003,7.497301e-003
1.451677e+003,1.662921e-002
1.452159e+003,3.822202e-002
1.452641e+003,7.078598e-002
1.453124e+003,1.086997e-001
1.453606e+003,1.433454e-001
1.454088e+003,1.653789e-001
1.454570e+003,1.672354e-001
1.455052e+003,1.454829e-001
1.455534e+003,1.030156e-001
1.456016e+003,5.043960e-002
1.456499e+003,4.517199e-003
1.456981e+003,-1.835996e-002
1.457463e+003,-1.102573e-002
1.457945e+003,2.089246e-002
1.458427e+003,6.417780e-002
1.458909e+003,1.062924e-001
1.459391e+003,1.399704e-001
1.459873e+003,1.631586e-001
1.460355e+003,1.768043e-001
1.460838e+003,1.826515e-001
1.461320e+003,1.819469e-001
1.461802e+003,1.751391e-001
1.462284e+003,1.622719e-001
1.462766e+003,1.436404e-001
1.463248e+003,1.202638e-001
1.463730e+003,9.382794e-002
1.464212e+003,6.602104e-002
1.464695e+003,3.765127e-002
1.465177e+003,8.323921e-003
1.465659e+003,-2.278752e-002
1.466141e+003,-5.544958e-002
1.466623e+003,-8.721761e-002
1.467105e+003,-1.134522e-001
1.467587e+003,-1.285693e-001
1.468069e+003,-1.279659e-001
1.468552e+003,-1.098476e-001
1.469034e+003,-7.627895e-002
1.469516e+003,-3.313787e-002
1.469998e+003,1.092589e-002
1.470480e+003,4.621392e-002
1.470962e+003,6.414074e-002
1.471444e+003,5.966910e-002
1.471927e+003,3.347909e-002
1.472409e+003,-7.426438e-003
1.472891e+003,-5.192944e-002
1.473373e+003,-8.913227e-002
1.473855e+003,-1.120296e-001
1.474337e+003,-1.183769e-001
1.474819e+003,-1.093053e-001
1.475301e+003,-8.759329e-002
1.475783e+003,-5.678094e-002
1.476266e+003,-2.107232e-002
1.476748e+003,1.465087e-002
1.477230e+003,4.528139e-002
1.477712e+003,6.645290e-002
1.478194e+003,7.558682e-002
1.478676e+003,7.251955e-002
1.479158e+003,5.952051e-002
1.479640e+003,4.079208e-002
1.480123e+003,2.158524e-002
1.480605e+003,7.001875e-003
1.481087e+003,6.176049e-004
1.481569e+003,3.012680e-003
1.482051e+003,1.248300e-002
1.482533e+003,2.431375e-002
1.483015e+003,3.271467e-002
1.483497e+003,3.266461e-002
1.483979e+003,2.155139e-002
1.484462e+003,2.902923e-004
1.484944e+003,-2.628532e-002
1.485426e+003,-5.000720e-002
1.485908e+003,-6.115210e-002
1.486390e+003,-5.130716e-002
1.486872e+003,-1.658177e-002
1.487354e+003,4.004695e-002
1.487837e+003,1.083953e-001
1.488319e+003,1.732648e-001
1.488801e+003,2.188671e-001
1.489283e+003,2.343713e-001
1.489765e+003,2.185632e-001
1.490247e+003,1.810357e-001
1.490729e+003,1.384121e-001
1.491211e+003,1.071797e-001
1.491694e+003,9.726477e-002
1.492176e+003,1.096468e-001
1.492658e+003,1.380190e-001
1.493140e+003,1.722867e-001
1.493622e+003,2.018516e-001
1.494104e+003,2.178853e-001
1.494586e+003,2.147113e-001
1.495068e+003,1.906009e-001
1.495551e+003,1.480262e-001
1.496033e+003,9.311160e-002
1.496515e+003,3.409958e-002
1.496997e+003,-2.076672e-002
1.497479e+003,-6.502646e-002
1.497961e+003,-9.479885e-002
1.498443e+003,-1.087919e-001
1.498925e+003,-1.081747e-001
1.499407e+003,-9.661840e-002
1.499890e+003,-8.020599e-002
1.500372e+003,-6.667364e-002
1.500854e+003,-6.378847e-002
1.501336e+003,-7.731377e-002
1.501818e+003,-1.094343e-001
1.502300e+003,-1.583249e-001
1.502782e+003,-2.189337e-001
1.503265e+003,-2.844709e-001
1.503747e+003,-3.479248e-001
1.504229e+003,-4.031202e-001
1.504711e+003,-4.451347e-001
1.505193e+003,-4.701620e-001
1.505675e+003,-4.752131e-001
1.506157e+003,-4.583324e-001
1.506639e+003,-4.198386e-001
1.507122e+003,-3.638537e-001
1.507604e+003,-2.983415e-001
1.508086e+003,-2.331546e-001
1.508568e+003,-1.776546e-001
1.509050e+003,-1.391690e-001
1.509532e+003,-1.220861e-001
1.510014e+003,-1.269531e-001
1.510496e+003,-1.495434e-001
1.510979e+003,-1.805402e-001
1.511461e+003,-2.067999e-001
1.511943e+003,-2.146514e-001
1.512425e+003,-1.890857e-001
1.512907e+003,-1.308089e-001
1.513389e+003,-4.661842e-002
1.513871e+003,4.928730e-002
1.514353e+003,1.394594e-001
1.514836e+003,2.075411e-001
1.515318e+003,2.420223e-001
1.515800e+003,2.392258e-001
1.516282e+003,2.048444e-001
1.516764e+003,1.525845e-001
1.517246e+003,9.927095e-002
1.517728e+003,5.849921e-002
1.518210e+003,3.654080e-002
1.518693e+003,3.233502e-002
1.519175e+003,4.020044e-002
1.519657e+003,5.292007e-002
1.520139e+003,6.400657e-002
1.520621e+003,6.919498e-002
1.521103e+003,6.739826e-002
1.521585e+003,6.076940e-002
1.522067e+003,5.338383e-002
1.522550e+003,4.910498e-002
1.523032e+003,5.008663e-002
1.523514e+003,5.659483e-002
1.523996e+003,6.755722e-002
1.524478e+003,8.105955e-002
1.524960e+003,9.458470e-002
1.525442e+003,1.052564e-001
1.525924e+003,1.103684e-001
1.526406e+003,1.081934e-001
1.526889e+003,9.866528e-002
1.527371e+003,8.348936e-002
1.527853e+003,6.556824e-002
1.528335e+003,4.803953e-002
1.528817e+003,3.332546e-002
1.529299e+003,2.249675e-002
1.529781e+003,1.511924e-002
1.530264e+003,9.629401e-003
1.530746e+003,4.138981e-003
1.531228e+003,-2.536946e-003
1.531710e+003,-9.870191e-003
1.532192e+003,-1.494524e-002
1.532674e+003,-1.270831e-002
1.533156e+003,2.177701e-003
1.533638e+003,3.204018e-002
1.534121e+003,7.347654e-002
1.534603e+003,1.176483e-001
1.535085e+003,1.534326e-001
1.535567e+003,1.707722e-001
1.536049e+003,1.623565e-001
1.536531e+003,1.240027e-001
1.537013e+003,5.500180e-002
1.537495e+003,-4.074698e-002
1.537978e+003,-1.529157e-001
1.538460e+003,-2.635601e-001
1.538942e+003,-3.491692e-001
1.539424e+003,-3.882384e-001
1.539906e+003,-3.721715e-001
1.540388e+003,-3.110653e-001
1.540870e+003,-2.276477e-001
1.541352e+003,-1.442245e-001
1.541834e+003,-7.378405e-002
1.542317e+003,-1.972289e-002
1.542799e+003,1.953657e-002
1.543281e+003,4.633627e-002
1.543763e+003,6.174090e-002
1.544245e+003,6.451939e-002
1.544727e+003,5.448049e-002
1.545209e+003,3.454989e-002
1.545692e+003,1.108516e-002
1.546174e+003,-7.976519e-003
1.546656e+003,-1.597214e-002
1.547138e+003,-9.739887e-003
1.547620e+003,9.581926e-003
1.548102e+003,3.704564e-002
1.548584e+003,6.531481e-002
1.549066e+003,8.678641e-002
1.549549e+003,9.598549e-002
1.550031e+003,9.123205e-002
1.550513e+003,7.454477e-002
1.550995e+003,4.988171e-002
1.551477e+003,2.112333e-002
1.551959e+003,-8.759500e-003
1.552441e+003,-3.703262e-002
1.552923e+003,-5.979965e-002
1.553406e+003,-7.116923e-002
1.553888e+003,-6.413739e-002
1.554370e+003,-3.326925e-002
1.554852e+003,2.231057e-002
1.555334e+003,9.765696e-002
1.555816e+003,1.830348e-001
1.556298e+003,2.659962e-001
1.556780e+003,3.330133e-001
1.557262e+003,3.704303e-001
1.557745e+003,3.660444e-001
1.558227e+003,3.134141e-001
1.558709e+003,2.185875e-001
1.559191e+003,1.020856e-001
1.559673e+003,-1.146237e-002
1.560155e+003,-1.073762e-001
1.560637e+003,-1.832143e-001
1.561120e+003,-2.411766e-001
1.561602e+003,-2.815021e-001
1.562084e+003,-3.006504e-001
1.562566e+003,-2.926664e-001
1.563048e+003,-2.520111e-001
1.563530e+003,-1.769537e-001
1.564012e+003,-7.249155e-002
1.564494e+003,4.881088e-002
1.564977e+003,1.693710e-001
1.565459e+003,2.718175e-001
1.565941e+003,3.439893e-001
1.566423e+003,3.809167e-001
1.566905e+003,3.834991e-001
1.567387e+003,3.557911e-001
1.567869e+003,3.030008e-001
1.568351e+003,2.311562e-001
1.568833e+003,1.480376e-001
1.569316e+003,6.386720e-002
1.569798e+003,-9.940543e-003
1.570280e+003,-6.413717e-002
1.570762e+003,-9.488202e-002
1.571244e+003,-1.043241e-001
1.571726e+003,-9.836859e-002
1.572208e+003,-8.354431e-002
1.572690e+003,-6.470960e-002
1.573173e+003,-4.412609e-002
1.573655e+003,-2.169268e-002
1.574137e+003,3.055123e-004
1.574619e+003,2.757889e-002
1.575101e+003,5.965025e-002
1.575583e+003,9.248969e-002
1.576065e+003,1.191416e-001
1.576547e+003,1.329710e-001
1.577030e+003,1.314455e-001
1.577512e+003,1.172502e-001
1.577994e+003,9.620887e-002
1.578476e+003,7.432426e-002
1.578958e+003,5.597328e-002
1.579440e+003,4.354014e-002
1.579922e+003,3.786959e-002
1.580405e+003,3.891318e-002
1.580887e+003,4.619107e-002
1.581369e+003,5.888514e-002
1.581851e+003,7.558348e-002
1.582333e+003,9.391560e-002
1.582815e+003,1.104404e-001
1.583297e+003,1.210720e-001
1.583779e+003,1.220734e-001
1.584261e+003,1.113452e-001
1.584744e+003,8.949948e-002
1.585226e+003,6.016467e-002
1.585708e+003,2.925912e-002
1.586190e+003,3.487849e-003
1.586672e+003,-1.127526e-002
1.587154e+003,-1.110248e-002
1.587636e+003,5.603255e-003
1.588118e+003,3.825884e-002
1.588601e+003,8.443195e-002
1.589083e+003,1.400958e-001
1.589565e+003,1.997930e-001
1.590047e+003,2.568940e-001
1.590529e+003,3.041998e-001
1.591011e+003,3.350257e-001
1.591493e+003,3.446682e-001
1.591975e+003,3.318605e-001
1.592458e+003,2.996190e-001
1.592940e+003,2.549168e-001
1.593422e+003,2.070144e-001
1.593904e+003,1.649080e-001
1.594386e+003,1.348558e-001
1.594868e+003,1.189398e-001
1.595350e+003,1.151584e-001
1.595833e+003,1.188502e-001
1.596315e+003,1.247197e-001
1.596797e+003,1.285810e-001
1.597279e+003,1.281956e-001
1.597761e+003,1.231321e-001
1.598243e+003,1.140603e-001
1.598725e+003,1.020686e-001
1.599207e+003,8.838178e-002
1.599689e+003,7.446087e-002
1.600172e+003,6.215454e-002
1.600654e+003,5.352204e-002
1.601136e+003,5.020176e-002
1.601618e+003,5.258628e-002
1.602100e+003,5.931865e-002
1.602582e+003,6.755149e-002
1.603064e+003,7.404055e-002
1.603546e+003,7.664508e-002
1.604029e+003,7.545716e-002
1.604511e+003,7.282925e-002
1.604993e+003,7.286657e-002
1.605475e+003,7.700585e-002
1.605957e+003,8.430924e-002
1.606439e+003,9.000052e-002
1.606921e+003,8.668443e-002
1.607404e+003,6.717162e-002
1.607886e+003,2.787345e-002
1.608368e+003,-2.877830e-002
1.608850e+003,-9.419102e-002
1.609332e+003,-1.559821e-001
1.609814e+003,-2.018460e-001
1.610296e+003,-2.233212e-001
1.610778e+003,-2.180974e-001
1.611260e+003,-1.901830e-001
1.611743e+003,-1.480086e-001
1.612225e+003,-1.013120e-001
1.612707e+003,-5.815833e-002
1.613189e+003,-2.327477e-002
1.613671e+003,1.937532e-003
1.614153e+003,1.821438e-002
1.614635e+003,2.690136e-002
1.615117e+003,2.880698e-002
1.615600e+003,2.388605e-002
1.616082e+003,1.193124e-002
1.616564e+003,-6.087706e-003
1.617046e+003,-2.709988e-002
1.617528e+003,-4.644717e-002
1.618010e+003,-5.956491e-002
1.618492e+003,-6.346808e-002
1.618974e+003,-5.718099e-002
1.619457e+003,-4.136089e-002
1.619939e+003,-1.774513e-002
1.620421e+003,1.120709e-002
1.620903e+003,4.244778e-002
1.621385e+003,7.239392e-002
1.621867e+003,9.712245e-002
1.622349e+003,1.129002e-001
1.622832e+003,1.170537e-001
1.623314e+003,1.088124e-001
1.623796e+003,8.956091e-002
1.624278e+003,6.223471e-002
1.624760e+003,3.026281e-002
1.625242e+003,-3.248493e-003
1.625724e+003,-3.573998e-002
1.626206e+003,-6.498984e-002
1.626688e+003,-8.888398e-002
1.627171e+003,-1.055271e-001
1.627653e+003,-1.138002e-001
1.628135e+003,-1.141090e-001
1.628617e+003,-1.087643e-001
1.629099e+003,-1.015193e-001
1.629581e+003,-9.630822e-002
1.630063e+003,-9.577241e-002
1.630545e+003,-1.002419e-001
1.631028e+003,-1.075158e-001
1.631510e+003,-1.134004e-001
1.631992e+003,-1.127413e-001
1.632474e+003,-1.006432e-001
1.632956e+003,-7.363845e-002
1.633438e+003,-3.074436e-002
1.633920e+003,2.554580e-002
1.634402e+003,8.846655e-002
1.634885e+003,1.471615e-001
1.635367e+003,1.891904e-001
1.635849e+003,2.051135e-001
1.636331e+003,1.942765e-001
1.636813e+003,1.633767e-001
1.637295e+003,1.220980e-001
1.637777e+003,7.849800e-002
1.638260e+003,3.729568e-002
1.638742e+003,5.179851e-004
1.639224e+003,-3.111553e-002
1.639706e+003,-5.708424e-002
1.640188e+003,-7.657381e-002
1.640670e+003,-8.858263e-002
1.641152e+003,-9.239829e-002
1.641634e+003,-8.808070e-002
1.642116e+003,-7.665504e-002
1.642599e+003,-5.994632e-002
1.643081e+003,-4.019062e-002
1.643563e+003,-1.960023e-002
1.644045e+003,1.428007e-005
1.644527e+003,1.750679e-002
1.645009e+003,3.247664e-002
1.645491e+003,4.506909e-002
1.645973e+003,5.546194e-002
1.646456e+003,6.323103e-002
1.646938e+003,6.704977e-002
1.647420e+003,6.510658e-002
1.647902e+003,5.599094e-002
1.648384e+003,3.929206e-002
1.648866e+003,1.546542e-002
1.649348e+003,-1.476988e-002
1.649830e+003,-5.099902e-002
1.650313e+003,-9.330847e-002
1.650795e+003,-1.419264e-001
1.651277e+003,-1.960306e-001
1.651759e+003,-2.514652e-001
1.652241e+003,-2.981444e-001
1.652723e+003,-3.207704e-001
1.653205e+003,-3.072885e-001
1.653688e+003,-2.599361e-001
1.654170e+003,-1.948616e-001
1.654652e+003,-1.305436e-001
1.655134e+003,-7.922275e-002
1.655616e+003,-4.618967e-002
1.656098e+003,-3.215322e-002
1.656580e+003,-3.506580e-002
1.657062e+003,-5.094105e-002
1.657544e+003,-7.434472e-002
1.658027e+003,-9.914798e-002
1.658509e+003,-1.196677e-001
1.658991e+003,-1.318184e-001
1.659473e+003,-1.337169e-001
1.659955e+003,-1.254283e-001
1.660437e+003,-1.080559e-001
1.660919e+003,-8.274325e-002
1.661401e+003,-5.019085e-002
1.661884e+003,-1.102202e-002
1.662366e+003,3.315433e-002
1.662848e+003,7.871783e-002
1.663330e+003,1.200050e-001
1.663812e+003,1.506216e-001
1.664294e+003,1.653534e-001
1.664776e+003,1.615197e-001
1.665258e+003,1.392819e-001
1.665740e+003,1.012602e-001
1.666223e+003,5.203398e-002
1.666705e+003,-2.779227e-003
1.667187e+003,-5.638971e-002
1.667669e+003,-1.002107e-001
1.668151e+003,-1.258301e-001
1.668633e+003,-1.271428e-001
1.669115e+003,-1.028009e-001
1.669598e+003,-5.762713e-002
1.670080e+003,-1.623637e-003
1.670562e+003,5.342656e-002
1.671044e+003,9.795140e-002
1.671526e+003,1.269888e-001
1.672008e+003,1.402426e-001
1.672490e+003,1.406361e-001
1.672972e+003,1.326186e-001
1.673455e+003,1.209294e-001
1.673937e+003,1.098646e-001
1.674419e+003,1.027499e-001
1.674901e+003,1.014034e-001
1.675383e+003,1.057225e-001
1.675865e+003,1.138160e-001
1.676347e+003,1.227662e-001
1.676829e+003,1.294862e-001
1.677312e+003,1.311425e-001
1.677794e+003,1.252148e-001
1.678276e+003,1.096650e-001
1.678758e+003,8.355332e-002
1.679240e+003,4.797297e-002
1.679722e+003,6.694088e-003
1.680204e+003,-3.419575e-002
1.680686e+003,-6.777747e-002
1.681168e+003,-8.820522e-002
1.681651e+003,-9.215946e-002
1.682133e+003,-7.965527e-002
1.682615e+003,-5.458109e-002
1.683097e+003,-2.498916e-002
1.683579e+003,-1.899009e-003
1.684061e+003,5.142841e-003
1.684543e+003,-5.662623e-003
1.685026e+003,-2.634793e-002
1.685508e+003,-4.447475e-002
1.685990e+003,-5.025454e-002
1.686472e+003,-3.968472e-002
1.686954e+003,-1.399157e-002
1.687436e+003,2.195261e-002
1.687918e+003,6.100039e-002
1.688400e+003,9.501977e-002
1.688883e+003,1.165113e-001
1.689365e+003,1.205032e-001
1.689847e+003,1.060861e-001
1.690329e+003,7.671867e-002
1.690811e+003,3.893590e-002
1.691293e+003,-2.080998e-005
1.691775e+003,-3.449794e-002
1.692257e+003,-6.168444e-002
1.692740e+003,-8.159114e-002
1.693222e+003,-9.612384e-002
1.693704e+003,-1.077674e-001
1.694186e+003,-1.182113e-001
1.694668e+003,-1.272024e-001
1.695150e+003,-1.322204e-001
1.695632e+003,-1.297601e-001
1.696115e+003,-1.179992e-001
1.696596e+003,-9.881137e-002
1.697079e+003,-7.734466e-002
1.697561e+003,-5.957194e-002
1.698043e+003,-5.187961e-002
1.698525e+003,-5.784925e-002
1.699007e+003,-7.755016e-002
1.699489e+003,-1.056057e-001
1.699971e+003,-1.305343e-001
1.700454e+003,-1.387265e-001
1.700936e+003,-1.224608e-001
1.701418e+003,-8.444960e-002
1.701900e+003,-3.444665e-002
1.702382e+003,1.692379e-002
1.702864e+003,6.137045e-002
1.703346e+003,9.303845e-002
1.703828e+003,1.077708e-001
1.704311e+003,1.030537e-001
1.704793e+003,7.896369e-002
1.705275e+003,3.937970e-002
1.705757e+003,-7.909024e-003
1.706239e+003,-5.297009e-002
1.706721e+003,-8.653273e-002
1.707203e+003,-1.022085e-001
1.707685e+003,-9.739066e-002
1.708167e+003,-7.322485e-002
1.708650e+003,-3.416471e-002
1.709132e+003,1.285974e-002
1.709614e+003,5.985801e-002
1.710096e+003,9.964028e-002
1.710578e+003,1.274990e-001
1.711060e+003,1.419905e-001
1.711542e+003,1.445352e-001
1.712024e+003,1.381189e-001
1.712507e+003,1.257059e-001
1.712989e+003,1.089734e-001
1.713471e+003,8.781470e-002
1.713953e+003,6.077653e-002
1.714435e+003,2.622898e-002
1.714917e+003,-1.623487e-002
1.715399e+003,-6.473440e-002
1.715882e+003,-1.147539e-001
1.716364e+003,-1.596981e-001
1.716846e+003,-1.924058e-001
1.717328e+003,-2.073772e-001
1.717810e+003,-2.027698e-001
1.718292e+003,-1.808074e-001
1.718774e+003,-1.461599e-001
1.719256e+003,-1.035732e-001
1.719739e+003,-5.645843e-002
1.720221e+003,-6.929044e-003
1.720703e+003,4.338793e-002
1.721185e+003,9.260090e-002
1.721667e+003,1.383314e-001
1.722149e+003,1.781108e-001
1.722631e+003,2.102160e-001
1.723113e+003,2.345013e-001
1.723595e+003,2.526709e-001
1.724078e+003,2.676475e-001
1.724560e+003,2.822487e-001
1.725042e+003,2.978625e-001
1.725524e+003,3.138192e-001
1.726006e+003,3.276948e-001
1.726488e+003,3.362821e-001
1.726970e+003,3.367266e-001
1.727452e+003,3.273821e-001
1.727935e+003,3.081444e-001
1.728417e+003,2.808779e-001
1.728899e+003,2.479910e-001
1.729381e+003,2.111456e-001
1.729863e+003,1.712241e-001
1.730345e+003,1.283531e-001
1.730827e+003,8.225842e-002
1.731310e+003,3.270061e-002
1.731792e+003,-2.015352e-002
1.732274e+003,-7.538897e-002
1.732756e+003,-1.309217e-001
1.733238e+003,-1.831219e-001
1.733720e+003,-2.270542e-001
1.734202e+003,-2.579614e-001
1.734684e+003,-2.734121e-001
1.735167e+003,-2.741978e-001
1.735649e+003,-2.630965e-001
1.736131e+003,-2.429223e-001
1.736613e+003,-2.154632e-001
1.737095e+003,-1.815455e-001
1.737577e+003,-1.417179e-001
1.738059e+003,-9.711096e-002
1.738541e+003,-5.012310e-002
1.739023e+003,-4.484503e-003
1.739506e+003,3.569004e-002
1.739988e+003,6.761517e-002
1.740470e+003,9.126328e-002
1.740952e+003,1.095015e-001
1.741434e+003,1.269357e-001
1.741916e+003,1.481963e-001
1.742398e+003,1.763022e-001
1.742881e+003,2.113948e-001
1.743363e+003,2.501271e-001
1.743845e+003,2.860617e-001
1.744327e+003,3.112021e-001
1.744809e+003,3.182222e-001
1.745291e+003,3.026220e-001
1.745773e+003,2.641589e-001
1.746255e+003,2.072754e-001
1.746738e+003,1.404230e-001
1.747220e+003,7.426234e-002
1.747702e+003,1.897575e-002
1.748184e+003,-1.852549e-002
1.748666e+003,-3.639072e-002
1.749148e+003,-3.784478e-002
1.749630e+003,-2.950249e-002
1.750112e+003,-1.875393e-002
1.750594e+003,-1.122092e-002
1.751077e+003,-9.181894e-003
1.751559e+003,-1.156454e-002
1.752041e+003,-1.538320e-002
1.752523e+003,-1.767873e-002
1.753005e+003,-1.683012e-002
1.753487e+003,-1.280429e-002
1.753969e+003,-6.714490e-003
1.754451e+003,-2.699697e-004
1.754934e+003,4.561501e-003
1.755416e+003,5.696758e-003
1.755898e+003,1.101830e-003
1.756380e+003,-1.081659e-002
1.756862e+003,-3.061578e-002
1.757344e+003,-5.731815e-002
1.757826e+003,-8.836270e-002
1.758309e+003,-1.200686e-001
1.758791e+003,-1.483580e-001
1.759273e+003,-1.695141e-001
1.759755e+003,-1.803193e-001
1.760237e+003,-1.791982e-001
1.760719e+003,-1.663887e-001
1.761201e+003,-1.439755e-001
1.761683e+003,-1.153939e-001
1.762166e+003,-8.443379e-002
1.762648e+003,-5.418926e-002
1.763130e+003,-2.654328e-002
1.763612e+003,-2.414244e-003
1.764094e+003,1.756177e-002
1.764576e+003,3.242923e-002
1.765058e+003,4.071879e-002
1.765540e+003,4.073009e-002
1.766022e+003,3.120583e-002
1.766505e+003,1.223441e-002
1.766987e+003,-1.397330e-002
1.767469e+003,-4.292108e-002
1.767951e+003,-6.861869e-002
1.768433e+003,-8.510254e-002
1.768915e+003,-8.791641e-002
1.769397e+003,-7.490264e-002
1.769879e+003,-4.631587e-002
1.770362e+003,-4.733322e-003
1.770844e+003,4.490729e-002
1.771326e+003,9.540003e-002
1.771808e+003,1.382689e-001
1.772290e+003,1.661281e-001
1.772772e+003,1.755462e-001
1.773254e+003,1.683955e-001
1.773737e+003,1.505972e-001
1.774219e+003,1.293443e-001
1.774701e+003,1.106983e-001
1.775183e+003,9.847138e-002
1.775665e+003,9.417745e-002
1.776147e+003,9.749424e-002
1.776629e+003,1.068490e-001
1.777111e+003,1.198926e-001
1.777594e+003,1.337577e-001
1.778076e+003,1.450778e-001
1.778558e+003,1.499447e-001
1.779040e+003,1.441413e-001
1.779522e+003,1.239772e-001
1.780004e+003,8.776051e-002
1.780486e+003,3.735776e-002
1.780968e+003,-2.111290e-002
1.781450e+003,-7.819305e-002
1.781933e+003,-1.234273e-001
1.782415e+003,-1.481813e-001
1.782897e+003,-1.479425e-001
1.783379e+003,-1.236034e-001
1.783861e+003,-8.157594e-002
1.784343e+003,-3.256138e-002
1.784825e+003,1.110267e-002
1.785307e+003,3.898802e-002
1.785790e+003,4.570299e-002
1.786272e+003,3.218786e-002
1.786754e+003,4.743742e-003
1.787236e+003,-2.744286e-002
1.787718e+003,-5.504804e-002
1.788200e+003,-7.074910e-002
1.788682e+003,-7.046731e-002
1.789165e+003,-5.380122e-002
1.789646e+003,-2.387019e-002
1.790129e+003,1.473626e-002
1.790611e+003,5.253379e-002
1.791093e+003,8.055319e-002
1.791575e+003,9.122913e-002
1.792057e+003,8.099796e-002
1.792539e+003,5.209867e-002
1.793021e+003,1.215528e-002
1.793504e+003,-2.859460e-002
1.793986e+003,-6.082714e-002
1.794468e+003,-7.852849e-002
1.794950e+003,-7.964069e-002
1.795432e+003,-6.550542e-002
1.795914e+003,-3.985573e-002
1.796396e+003,-7.744533e-003
1.796878e+003,2.550639e-002
1.797361e+003,5.527839e-002
1.797843e+003,7.838770e-002
1.798325e+003,9.340972e-002
1.798807e+003,1.005757e-001
1.799289e+003,1.013788e-001
1.799771e+003,9.806924e-002
1.800253e+003,9.312647e-002
1.800735e+003,8.871432e-002
1.801218e+003,8.616991e-002
1.801700e+003,8.566244e-002
1.802182e+003,8.618839e-002
1.802664e+003,8.594979e-002
1.803146e+003,8.300601e-002
1.803628e+003,7.599679e-002
1.804110e+003,6.470997e-002
1.804593e+003,5.029947e-002
1.805074e+003,3.504260e-002
1.805557e+003,2.168430e-002
1.806039e+003,1.260004e-002
1.806521e+003,9.096868e-003
1.807003e+003,1.108421e-002
1.807485e+003,1.717065e-002
1.807967e+003,2.508266e-002
1.808449e+003,3.223404e-002
1.808932e+003,3.628303e-002
1.809414e+003,3.556487e-002
1.809896e+003,2.935435e-002
1.810378e+003,1.795992e-002
1.810860e+003,2.654184e-003
1.811342e+003,-1.458353e-002
1.811824e+003,-3.154599e-002
1.812306e+003,-4.644566e-002
1.812789e+003,-5.853496e-002
1.813271e+003,-6.841018e-002
1.813753e+003,-7.778502e-002
1.814235e+003,-8.873169e-002
1.814717e+003,-1.026160e-001
1.815199e+003,-1.191064e-001
1.815681e+003,-1.357040e-001
1.816163e+003,-1.481531e-001
1.816646e+003,-1.517794e-001
1.817128e+003,-1.432991e-001
1.817610e+003,-1.222715e-001
1.818092e+003,-9.147923e-002
1.818574e+003,-5.606744e-002
1.819056e+003,-2.185935e-002
1.819538e+003,6.441481e-003
1.820021e+003,2.647273e-002
1.820502e+003,3.840088e-002
1.820985e+003,4.404885e-002
1.821467e+003,4.531397e-002
1.821949e+003,4.297595e-002
1.822431e+003,3.610767e-002
1.822913e+003,2.259082e-002
1.823395e+003,4.638804e-004
1.823877e+003,-3.045448e-002
1.824360e+003,-6.745949e-002
1.824842e+003,-1.051247e-001
1.825324e+003,-1.369081e-001
1.825806e+003,-1.574034e-001
1.826288e+003,-1.639338e-001
1.826770e+003,-1.567243e-001
1.827252e+003,-1.379250e-001
1.827734e+003,-1.103417e-001
1.828217e+003,-7.658126e-002
1.828699e+003,-3.887223e-002
1.829181e+003,6.068805e-004
1.829663e+003,3.933326e-002
1.830145e+003,7.446484e-002
1.830627e+003,1.034554e-001
1.831109e+003,1.249062e-001
1.831591e+003,1.390522e-001
1.832073e+003,1.475376e-001
1.832556e+003,1.526196e-001
1.833038e+003,1.562031e-001
1.833520e+003,1.591136e-001
1.834002e+003,1.608850e-001
1.834484e+003,1.601617e-001
1.834966e+003,1.555679e-001
1.835448e+003,1.466316e-001
1.835931e+003,1.342375e-001
1.836413e+003,1.202818e-001
1.836895e+003,1.066340e-001
1.837377e+003,9.393247e-002
1.837859e+003,8.085540e-002
1.838341e+003,6.431323e-002
1.838823e+003,4.056804e-002
1.839305e+003,6.798148e-003
1.839788e+003,-3.763562e-002
1.840270e+003,-9.079202e-002
1.840752e+003,-1.486747e-001
1.841234e+003,-2.062384e-001
1.841716e+003,-2.583296e-001
1.842198e+003,-3.002546e-001
1.842680e+003,-3.280338e-001
1.843162e+003,-3.386261e-001
1.843645e+003,-3.303705e-001
1.844127e+003,-3.035640e-001
1.844609e+003,-2.607388e-001
1.845091e+003,-2.062446e-001
1.845573e+003,-1.452686e-001
1.846055e+003,-8.286183e-002
1.846537e+003,-2.341706e-002
1.847020e+003,2.937839e-002
1.847501e+003,7.236739e-002
1.847984e+003,1.028012e-001
1.848466e+003,1.184373e-001
1.848948e+003,1.178934e-001
1.849430e+003,1.011610e-001
1.849912e+003,7.009543e-002
1.850394e+003,2.867543e-002
1.850876e+003,-1.714009e-002
1.851359e+003,-6.006601e-002
1.851841e+003,-9.255865e-002
1.852323e+003,-1.088081e-001
1.852805e+003,-1.059368e-001
1.853287e+003,-8.508290e-002
1.853769e+003,-5.126956e-002
1.854251e+003,-1.204256e-002
1.854733e+003,2.467543e-002
1.855216e+003,5.273119e-002
1.855698e+003,6.914900e-002
1.856180e+003,7.441285e-002
1.856662e+003,7.166367e-002
1.857144e+003,6.520461e-002
1.857626e+003,5.889379e-002
1.858108e+003,5.497832e-002
1.858590e+003,5.367650e-002
1.859073e+003,5.349621e-002
1.859555e+003,5.201446e-002
1.860037e+003,4.678305e-002
1.860519e+003,3.609950e-002
1.861001e+003,1.951639e-002
1.861483e+003,-1.950026e-003
1.861965e+003,-2.591061e-002
1.862448e+003,-4.899432e-002
1.862929e+003,-6.750986e-002
1.863412e+003,-7.828553e-002
1.863894e+003,-7.949241e-002
1.864376e+003,-7.118218e-002
1.864858e+003,-5.530624e-002
1.865340e+003,-3.514659e-002
1.865822e+003,-1.433000e-002
1.866304e+003,4.207373e-003
1.866787e+003,1.889590e-002
1.867269e+003,2.956855e-002
1.867751e+003,3.683202e-002
1.868233e+003,4.108645e-002
1.868715e+003,4.176467e-002
1.869197e+003,3.735621e-002
1.869679e+003,2.632869e-002
1.870161e+003,8.408479e-003
1.870644e+003,-1.459214e-002
1.871126e+003,-3.891570e-002
1.871608e+003,-5.990598e-002
1.872090e+003,-7.350354e-002
1.872572e+003,-7.764065e-002
1.873054e+003,-7.303699e-002
1.873536e+003,-6.305093e-002
1.874018e+003,-5.253331e-002
1.874500e+003,-4.604195e-002
1.874983e+003,-4.611823e-002
1.875465e+003,-5.234248e-002
1.875947e+003,-6.152705e-002
1.876429e+003,-6.889310e-002
1.876911e+003,-6.969189e-002
1.877393e+003,-6.064035e-002
1.877875e+003,-4.070840e-002
1.878357e+003,-1.112476e-002
1.878840e+003,2.520937e-002
1.879322e+003,6.453241e-002
1.879804e+003,1.029335e-001
1.880286e+003,1.368195e-001
1.880768e+003,1.631840e-001
1.881250e+003,1.798012e-001
1.881732e+003,1.854137e-001
1.882215e+003,1.798734e-001
1.882697e+003,1.641399e-001
1.883179e+003,1.401579e-001
1.883661e+003,1.105008e-001
1.884143e+003,7.803182e-002
1.884625e+003,4.565000e-002
1.885107e+003,1.615682e-002
1.885589e+003,-7.822089e-003
1.886072e+003,-2.397768e-002
1.886554e+003,-3.061895e-002
1.887036e+003,-2.712171e-002
1.887518e+003,-1.437731e-002
1.888000e+003,5.019425e-003
1.888482e+003,2.712952e-002
1.888964e+003,4.770293e-002
1.889446e+003,6.363723e-002
1.889928e+003,7.418465e-002
1.890411e+003,8.113391e-002
1.890893e+003,8.768581e-002
1.891375e+003,9.652758e-002
1.891857e+003,1.080740e-001
1.892339e+003,1.197285e-001
1.892821e+003,1.265308e-001
1.893303e+003,1.230388e-001
1.893785e+003,1.058004e-001
1.894268e+003,7.539845e-002
1.894750e+003,3.699064e-002
1.895232e+003,-1.187097e-003
1.895714e+003,-3.087967e-002
1.896196e+003,-4.706676e-002
1.896678e+003,-4.989627e-002
1.897160e+003,-4.443340e-002
1.897643e+003,-3.838101e-002
1.898125e+003,-3.877856e-002
1.898607e+003,-4.906232e-002
1.899089e+003,-6.767943e-002
1.899571e+003,-8.878635e-002
1.900053e+003,-1.046996e-001
1.900535e+003,-1.090588e-001
1.901017e+003,-9.939054e-002
1.901500e+003,-7.803896e-002
1.901982e+003,-5.114181e-002
1.902464e+003,-2.617280e-002
1.902946e+003,-9.162365e-003
1.903428e+003,-2.759505e-003
1.903910e+003,-5.824658e-003
1.904392e+003,-1.452390e-002
1.904874e+003,-2.427591e-002
1.905356e+003,-3.163361e-002
1.905839e+003,-3.531548e-002
1.906321e+003,-3.605704e-002
1.906803e+003,-3.550510e-002
1.907285e+003,-3.478280e-002
1.907767e+003,-3.343559e-002
1.908249e+003,-2.925059e-002
1.908731e+003,-1.904136e-002
1.909213e+003,-6.558183e-005
1.909696e+003,2.854816e-002
1.910178e+003,6.501316e-002
1.910660e+003,1.050933e-001
1.911142e+003,1.432060e-001
1.911624e+003,1.739550e-001
1.912106e+003,1.935336e-001
1.912588e+003,2.005700e-001
1.913071e+003,1.962102e-001
1.913553e+003,1.834368e-001
1.914035e+003,1.660340e-001
1.914517e+003,1.473633e-001
1.914999e+003,1.295189e-001
1.915481e+003,1.130554e-001
1.915963e+003,9.729092e-002
1.916445e+003,8.099725e-002
1.916927e+003,6.320412e-002
1.917410e+003,4.381482e-002
1.917892e+003,2.377164e-002
1.918374e+003,4.688222e-003
1.918856e+003,-1.184106e-002
1.919338e+003,-2.485515e-002
1.919820e+003,-3.425191e-002
1.920302e+003,-4.061409e-002
1.920784e+003,-4.484091e-002
1.921267e+003,-4.781678e-002
1.921749e+003,-5.023992e-002
1.922231e+003,-5.259963e-002
1.922713e+003,-5.519950e-002
1.923195e+003,-5.810191e-002
1.923677e+003,-6.093772e-002
1.924159e+003,-6.265467e-002
1.924641e+003,-6.139285e-002
1.925124e+003,-5.467221e-002
1.925606e+003,-3.999038e-002
1.926088e+003,-1.574301e-002
1.926570e+003,1.779671e-002
1.927052e+003,5.784483e-002
1.927534e+003,9.920649e-002
1.928016e+003,1.352604e-001
1.928499e+003,1.596113e-001
1.928981e+003,1.678721e-001
1.929463e+003,1.589507e-001
1.929945e+003,1.353713e-001
1.930427e+003,1.025066e-001
1.930909e+003,6.695948e-002
1.931391e+003,3.465324e-002
1.931873e+003,9.289109e-003
1.932355e+003,-8.329138e-003
1.932838e+003,-1.995379e-002
1.933320e+003,-2.876566e-002
1.933802e+003,-3.794540e-002
1.934284e+003,-4.945296e-002
1.934766e+003,-6.339402e-002
1.935248e+003,-7.808894e-002
1.935730e+003,-9.071152e-002
1.936212e+003,-9.819989e-002
1.936695e+003,-9.812758e-002
1.937177e+003,-8.930812e-002
1.937659e+003,-7.204960e-002
1.938141e+003,-4.807298e-002
1.938623e+003,-2.019351e-002
1.939105e+003,8.125273e-003
1.939587e+003,3.323623e-002
1.940070e+003,5.174578e-002
1.940552e+003,6.092399e-002
1.941034e+003,5.910701e-002
1.941516e+003,4.604978e-002
1.941998e+003,2.309997e-002
1.942480e+003,-6.984388e-003
1.942962e+003,-4.062929e-002
1.943444e+003,-7.428347e-002
1.943927e+003,-1.051539e-001
1.944409e+003,-1.314552e-001
1.944891e+003,-1.524477e-001
1.945373e+003,-1.678248e-001
1.945855e+003,-1.772617e-001
1.946337e+003,-1.801399e-001
1.946819e+003,-1.756365e-001
1.947301e+003,-1.631658e-001
1.947783e+003,-1.429930e-001
1.948266e+003,-1.167396e-001
1.948748e+003,-8.751412e-002
1.949230e+003,-5.952417e-002
1.949712e+003,-3.720244e-002
1.950194e+003,-2.406253e-002
1.950676e+003,-2.164362e-002
1.951158e+003,-2.895422e-002
1.951640e+003,-4.268779e-002
1.952123e+003,-5.819546e-002
1.952605e+003,-7.087030e-002
1.953087e+003,-7.742432e-002
1.953569e+003,-7.659818e-002
1.954051e+003,-6.908236e-002
1.954533e+003,-5.675305e-002
1.955015e+003,-4.160235e-002
1.955498e+003,-2.487319e-002
1.955979e+003,-6.804190e-003
1.956462e+003,1.292040e-002
1.956944e+003,3.429286e-002
1.957426e+003,5.618400e-002
1.957908e+003,7.611302e-002
1.958390e+003,9.080528e-002
1.958872e+003,9.734845e-002
1.959354e+003,9.441809e-002
1.959837e+003,8.293802e-002
1.960319e+003,6.577311e-002
1.960801e+003,4.649912e-002
1.961283e+003,2.774969e-002
1.961765e+003,9.887850e-003
1.962247e+003,-9.322701e-003
1.962729e+003,-3.377285e-002
1.963211e+003,-6.708059e-002
1.963694e+003,-1.104556e-001
1.964176e+003,-1.612626e-001
1.964658e+003,-2.129196e-001
1.965140e+003,-2.562790e-001
1.965622e+003,-2.821200e-001
1.966104e+003,-2.839876e-001
1.966586e+003,-2.603881e-001
1.967068e+003,-2.154640e-001
1.967551e+003,-1.577903e-001
1.968033e+003,-9.775048e-002
1.968515e+003,-4.456427e-002
1.968997e+003,-4.121998e-003
1.969479e+003,2.174010e-002
1.969961e+003,3.455734e-002
1.970443e+003,3.769955e-002
1.970926e+003,3.469890e-002
1.971407e+003,2.806098e-002
1.971890e+003,1.888814e-002
1.972372e+003,7.291255e-003
1.972854e+003,-6.746956e-003
1.973336e+003,-2.252855e-002
1.973818e+003,-3.822565e-002
1.974300e+003,-5.107039e-002
1.974782e+003,-5.805290e-002
1.975265e+003,-5.686035e-002
1.975747e+003,-4.645476e-002
1.976229e+003,-2.755915e-002
1.976711e+003,-2.369456e-003
1.977193e+003,2.603472e-002
1.977675e+003,5.441220e-002
1.978157e+003,7.997739e-002
1.978639e+003,1.007594e-001
1.979122e+003,1.156863e-001
1.979604e+003,1.244841e-001
1.980086e+003,1.275339e-001
1.980568e+003,1.257927e-001
1.981050e+003,1.207972e-001
1.981532e+003,1.146561e-001
1.982014e+003,1.098975e-001
1.982496e+003,1.090602e-001
1.982979e+003,1.140475e-001
1.983461e+003,1.254084e-001
1.983943e+003,1.418216e-001
1.984425e+003,1.600446e-001
1.984907e+003,1.754655e-001
1.985389e+003,1.831834e-001
1.985871e+003,1.793414e-001
1.986354e+003,1.623120e-001
1.986835e+003,1.333330e-001
1.987318e+003,9.633633e-002
1.987800e+003,5.698915e-002
1.988282e+003,2.124320e-002
1.988764e+003,-6.122699e-003
1.989246e+003,-2.251153e-002
1.989728e+003,-2.781628e-002
1.990210e+003,-2.404798e-002
1.990693e+003,-1.451454e-002
1.991175e+003,-2.865666e-003
1.991657e+003,7.700339e-003
1.992139e+003,1.489217e-002
1.992621e+003,1.741352e-002
1.993103e+003,1.479996e-002
1.993585e+003,7.197529e-003
1.994067e+003,-4.766258e-003
1.994550e+003,-1.997836e-002
1.995032e+003,-3.678808e-002
1.995514e+003,-5.305413e-002
1.995996e+003,-6.640756e-002
1.996478e+003,-7.474121e-002
1.996960e+003,-7.679535e-002
1.997442e+003,-7.261087e-002
1.997924e+003,-6.362283e-002
1.998406e+003,-5.229866e-002
1.998889e+003,-4.140471e-002
1.999371e+003,-3.314306e-002
1.999853e+003,-2.844910e-002
2.000335e+003,-2.668807e-002
2.000817e+003,-2.586192e-002
2.001299e+003,-2.326231e-002
2.001781e+003,-1.636174e-002
2.002263e+003,-3.650996e-003
2.002746e+003,1.483387e-002
2.003228e+003,3.743539e-002
2.003710e+003,6.123562e-002
2.004192e+003,8.272030e-002
2.004674e+003,9.854461e-002
2.005156e+003,1.062064e-001
2.005638e+003,1.044874e-001
2.006121e+003,9.361169e-002
2.006603e+003,7.518374e-002
2.007085e+003,5.193846e-002
2.007567e+003,2.734970e-002
2.008049e+003,5.116053e-003
2.008531e+003,-1.147769e-002
2.009013e+003,-2.027059e-002
2.009495e+003,-2.085587e-002
2.009978e+003,-1.492099e-002
2.010460e+003,-6.089489e-003
2.010942e+003,8.279503e-004
2.011424e+003,1.076835e-003
2.011906e+003,-8.617379e-003
2.012388e+003,-2.892004e-002
2.012870e+003,-5.750629e-002
2.013352e+003,-8.966578e-002
2.013834e+003,-1.197450e-001
2.014317e+003,-1.429276e-001
2.014799e+003,-1.567080e-001
2.015281e+003,-1.615025e-001
2.015763e+003,-1.601535e-001
2.016245e+003,-1.564991e-001
2.016727e+003,-1.535675e-001
2.017209e+003,-1.521727e-001
2.017692e+003,-1.505556e-001
2.018174e+003,-1.452595e-001
2.018656e+003,-1.328483e-001
2.019138e+003,-1.116882e-001
2.019620e+003,-8.300216e-002
2.020102e+003,-5.072689e-002
2.020584e+003,-2.022453e-002
2.021066e+003,3.621314e-003
2.021549e+003,1.811892e-002
2.022031e+003,2.357560e-002
2.022513e+003,2.286872e-002
2.022995e+003,2.001181e-002
2.023477e+003,1.836881e-002
2.023959e+003,1.931505e-002
2.024441e+003,2.190686e-002
2.024923e+003,2.366411e-002
2.025406e+003,2.205775e-002
2.025888e+003,1.598732e-002
2.026370e+003,6.558640e-003
2.026852e+003,-3.185169e-003
2.027334e+003,-9.453432e-003
2.027816e+003,-9.285273e-003
2.028298e+003,-1.828297e-003
2.028781e+003,1.122629e-002
2.029262e+003,2.621832e-002
2.029745e+003,3.884194e-002
2.030227e+003,4.565625e-002
2.030709e+003,4.518422e-002
2.031191e+003,3.820926e-002
2.031673e+003,2.722569e-002
2.032155e+003,1.533628e-002
2.032637e+003,5.081264e-003
2.033120e+003,-2.328843e-003
2.033602e+003,-7.114946e-003
2.034084e+003,-1.039954e-002
2.034566e+003,-1.333680e-002
2.035048e+003,-1.629888e-002
2.035530e+003,-1.845852e-002
2.036012e+003,-1.793126e-002
2.036494e+003,-1.241189e-002
2.036977e+003,-1.577521e-004
2.037459e+003,1.953674e-002
2.037941e+003,4.563716e-002
2.038423e+003,7.561162e-002
2.038905e+003,1.060030e-001
2.039387e+003,1.332721e-001
2.039869e+003,1.546583e-001
2.040351e+003,1.688055e-001
2.040833e+003,1.759584e-001
2.041316e+003,1.776657e-001
2.041798e+003,1.760792e-001
2.042280e+003,1.730797e-001
2.042762e+003,1.695324e-001
2.043244e+003,1.649415e-001
2.043726e+003,1.576436e-001
2.044208e+003,1.455016e-001
2.044690e+003,1.268708e-001
2.045173e+003,1.014926e-001
2.045655e+003,7.096781e-002
2.046137e+003,3.857398e-002
2.046619e+003,8.420351e-003
2.047101e+003,-1.581454e-002
2.047583e+003,-3.212923e-002
2.048065e+003,-4.094121e-002
2.048548e+003,-4.498960e-002
2.049030e+003,-4.835936e-002
2.049512e+003,-5.492548e-002
2.049994e+003,-6.677496e-002
2.050476e+003,-8.319883e-002
2.050958e+003,-1.006766e-001
2.051440e+003,-1.139217e-001
2.051922e+003,-1.176458e-001
2.052405e+003,-1.084171e-001
2.052887e+003,-8.593135e-002
2.053369e+003,-5.324541e-002
2.053851e+003,-1.592105e-002
2.054333e+003,1.957543e-002
2.054815e+003,4.762138e-002
2.055297e+003,6.472824e-002
2.055779e+003,6.999549e-002
2.056261e+003,6.470714e-002
2.056744e+003,5.139650e-002
2.057226e+003,3.287543e-002
2.057708e+003,1.164084e-002
2.058190e+003,-1.018772e-002
2.058672e+003,-3.056611e-002
2.059154e+003,-4.722318e-002
2.059636e+003,-5.770665e-002
2.060118e+003,-5.991807e-002
2.060601e+003,-5.296991e-002
2.061083e+003,-3.795549e-002
2.061565e+003,-1.818627e-002
2.062047e+003,1.371108e-003
2.062529e+003,1.539555e-002
2.063011e+003,1.986403e-002
2.063493e+003,1.348406e-002
2.063976e+003,-1.634329e-003
2.064458e+003,-2.037148e-002
2.064940e+003,-3.598576e-002
2.065422e+003,-4.207755e-002
2.065904e+003,-3.449167e-002
2.066386e+003,-1.255042e-002
2.066868e+003,2.075589e-002
2.067350e+003,5.963389e-002
2.067833e+003,9.704696e-002
2.068315e+003,1.267992e-001
2.068797e+003,1.449051e-001
2.069279e+003,1.505359e-001
2.069761e+003,1.460302e-001
2.070243e+003,1.360083e-001
2.070725e+003,1.258287e-001
2.071207e+003,1.198305e-001
2.071689e+003,1.199094e-001
2.072172e+003,1.249124e-001
2.072654e+003,1.310872e-001
2.073136e+003,1.334788e-001
2.073618e+003,1.278249e-001
2.074100e+003,1.122873e-001
2.074582e+003,8.836406e-002
2.075064e+003,6.058292e-002
2.075546e+003,3.502911e-002
2.076029e+003,1.722184e-002
2.076511e+003,1.014978e-002
2.076993e+003,1.322861e-002
2.077475e+003,2.260673e-002
2.077957e+003,3.270542e-002
2.078439e+003,3.839075e-002
2.078921e+003,3.692191e-002
2.079404e+003,2.892385e-002
2.079885e+003,1.804814e-002
2.080368e+003,9.518466e-003
2.080850e+003,8.172861e-003
2.081332e+003,1.675534e-002
2.081814e+003,3.504253e-002
2.082296e+003,6.002343e-002
2.082778e+003,8.694193e-002
2.083260e+003,1.107250e-001
2.083743e+003,1.272706e-001
2.084225e+003,1.342326e-001
2.084707e+003,1.312080e-001
2.085189e+003,1.194536e-001
2.085671e+003,1.013562e-001
2.086153e+003,7.983965e-002
2.086635e+003,5.780858e-002
2.087117e+003,3.765708e-002
2.087600e+003,2.087897e-002
2.088082e+003,7.849855e-003
2.088564e+003,-2.111703e-003
2.089046e+003,-1.034679e-002
2.089528e+003,-1.818065e-002
2.090010e+003,-2.619272e-002
2.090492e+003,-3.374711e-002
2.090974e+003,-3.905207e-002
2.091457e+003,-3.981177e-002
2.091939e+003,-3.425414e-002
2.092421e+003,-2.211348e-002
2.092903e+003,-5.123756e-003
2.093385e+003,1.323774e-002
2.093867e+003,2.869947e-002
2.094349e+003,3.747341e-002
2.094832e+003,3.734448e-002
2.095313e+003,2.814045e-002
2.095796e+003,1.144602e-002
2.096278e+003,-1.022404e-002
2.096760e+003,-3.434174e-002
2.097242e+003,-5.891879e-002
2.097724e+003,-8.247157e-002
2.098206e+003,-1.035018e-001
2.098688e+003,-1.198978e-001
2.099171e+003,-1.286027e-001
2.099653e+003,-1.259725e-001
2.100135e+003,-1.087414e-001
2.100617e+003,-7.523328e-002
2.101099e+003,-2.634215e-002
2.101581e+003,3.413899e-002
2.102063e+003,1.000020e-001
2.102545e+003,1.637613e-001
2.103028e+003,2.180544e-001
2.103510e+003,2.568806e-001
2.103992e+003,2.763964e-001
2.104474e+003,2.752173e-001
2.104956e+003,2.543601e-001
2.105438e+003,2.170044e-001
2.105920e+003,1.681783e-001
2.106402e+003,1.143425e-001
2.106885e+003,6.276594e-002
2.107367e+003,2.061108e-002
2.107849e+003,-6.212578e-003
2.108331e+003,-1.420377e-002
2.108813e+003,-3.089912e-003
2.109295e+003,2.400006e-002
2.109777e+003,6.114922e-002
2.110260e+003,1.009226e-001
2.110742e+003,1.359400e-001
2.111224e+003,1.603177e-001
2.111706e+003,1.706268e-001
2.112188e+003,1.662161e-001
2.112670e+003,1.489420e-001
2.113152e+003,1.224881e-001
2.113634e+003,9.149320e-002
2.114116e+003,6.067035e-002
2.114599e+003,3.403867e-002
2.115081e+003,1.433036e-002
2.115563e+003,2.619477e-003
2.116045e+003,-1.776523e-003
2.116527e+003,-1.074086e-003
2.117009e+003,1.522623e-003
2.117491e+003,2.606272e-003
2.117973e+003,-5.965941e-004
2.118456e+003,-9.559468e-003
2.118938e+003,-2.415082e-002
2.119420e+003,-4.275296e-002
2.119902e+003,-6.272841e-002
2.120384e+003,-8.104807e-002
2.120866e+003,-9.487984e-002
2.121348e+003,-1.019965e-001
2.121831e+003,-1.009755e-001
2.122313e+003,-9.125546e-002
2.122795e+003,-7.315151e-002
2.123277e+003,-4.787961e-002
2.123759e+003,-1.755488e-002
2.124241e+003,1.493421e-002
2.124723e+003,4.626574e-002
2.125205e+003,7.324126e-002
2.125688e+003,9.343245e-002
2.126170e+003,1.057113e-001
2.126652e+003,1.104636e-001
2.127134e+003,1.093982e-001
2.127616e+003,1.050295e-001
2.128098e+003,1.000350e-001
2.128580e+003,9.672256e-002
2.129062e+003,9.675601e-002
2.129544e+003,1.011812e-001
2.130027e+003,1.104004e-001
2.130509e+003,1.243218e-001
2.130991e+003,1.422253e-001
2.131473e+003,1.625583e-001
2.131955e+003,1.828119e-001
2.132437e+003,1.996883e-001
2.132919e+003,2.096607e-001
2.133401e+003,2.098278e-001
2.133884e+003,1.987873e-001
2.134366e+003,1.771795e-001
2.134848e+003,1.476475e-001
2.135330e+003,1.141811e-001
2.135812e+003,8.105554e-002
2.136294e+003,5.175028e-002
2.136776e+003,2.824587e-002
2.137259e+003,1.093151e-002
2.137740e+003,-9.140627e-004
2.138223e+003,-8.353985e-003
2.138705e+003,-1.212908e-002
2.139187e+003,-1.240011e-002
2.139669e+003,-8.983715e-003
2.140151e+003,-1.914884e-003
2.140633e+003,7.986542e-003
2.141115e+003,1.887038e-002
2.141598e+003,2.810343e-002
2.142080e+003,3.294883e-002
2.142562e+003,3.142241e-002
2.143044e+003,2.299877e-002
2.143526e+003,8.903163e-003
2.144008e+003,-8.112029e-003
2.144490e+003,-2.442441e-002
2.144972e+003,-3.642083e-002
2.145455e+003,-4.133939e-002
2.145937e+003,-3.786543e-002
2.146419e+003,-2.636615e-002
2.146901e+003,-8.755271e-003
2.147383e+003,1.195251e-002
2.147865e+003,3.229109e-002
2.148347e+003,4.907674e-002
2.148829e+003,6.008371e-002
2.149312e+003,6.451724e-002
2.149794e+003,6.315868e-002
2.150276e+003,5.811867e-002
2.150758e+003,5.223961e-002
2.151240e+003,4.829429e-002
2.151722e+003,4.820686e-002
2.152204e+003,5.252780e-002
2.152687e+003,6.031028e-002
2.153168e+003,6.940564e-002
2.153651e+003,7.705428e-002
2.154133e+003,8.057341e-002
2.154615e+003,7.794607e-002
2.155097e+003,6.819249e-002
2.155579e+003,5.150609e-002
2.156061e+003,2.920746e-002
2.156543e+003,3.587584e-003
2.157026e+003,-2.232533e-002
2.157508e+003,-4.509327e-002
2.157990e+003,-6.132751e-002
2.158472e+003,-6.827319e-002
2.158954e+003,-6.443162e-002
2.159436e+003,-5.004117e-002
2.159918e+003,-2.722581e-002
2.160400e+003,2.669159e-004
2.160883e+003,2.791555e-002
2.161365e+003,5.122774e-002
2.161847e+003,6.667206e-002
2.162329e+003,7.225117e-002
2.162811e+003,6.765264e-002
2.163293e+003,5.403583e-002
2.163775e+003,3.362400e-002
2.164257e+003,9.290906e-003
2.164740e+003,-1.575627e-002
2.165222e+003,-3.822839e-002
2.165704e+003,-5.505424e-002
2.166186e+003,-6.383286e-002
2.166668e+003,-6.341572e-002
2.167150e+003,-5.442997e-002
2.167632e+003,-3.946045e-002
2.168115e+003,-2.265463e-002
2.168596e+003,-8.714060e-003
2.169079e+003,-1.525207e-003
2.169561e+003,-2.888405e-003
2.170043e+003,-1.183455e-002
2.170525e+003,-2.485784e-002
2.171007e+003,-3.703168e-002
2.171489e+003,-4.364028e-002
2.171971e+003,-4.172630e-002
2.172454e+003,-3.099691e-002
2.172936e+003,-1.378522e-002
2.173418e+003,5.839759e-003
2.173900e+003,2.342706e-002
2.174382e+003,3.540898e-002
2.174864e+003,3.987598e-002
2.175346e+003,3.668255e-002
2.175828e+003,2.701966e-002
2.176311e+003,1.277678e-002
2.176793e+003,-4.007125e-003
2.177275e+003,-2.141705e-002
2.177757e+003,-3.770001e-002
2.178239e+003,-5.123320e-002
2.178721e+003,-6.059578e-002
2.179203e+003,-6.479775e-002
2.179685e+003,-6.357430e-002
2.180167e+003,-5.755772e-002
2.180650e+003,-4.817983e-002
2.181132e+003,-3.728523e-002
2.181614e+003,-2.659644e-002
2.182096e+003,-1.726635e-002
2.182578e+003,-9.715357e-003
2.183060e+003,-3.806647e-003
2.183542e+003,7.691261e-004
2.184024e+003,4.141015e-003
2.184507e+003,6.149149e-003
2.184989e+003,6.544410e-003
2.185471e+003,5.359201e-003
2.185953e+003,3.206311e-003
2.186435e+003,1.265423e-003
2.186917e+003,8.931351e-004
2.187399e+003,2.994765e-003
2.187882e+003,7.465561e-003
2.188364e+003,1.299561e-002
2.188846e+003,1.739511e-002
2.189328e+003,1.833563e-002
2.189810e+003,1.421174e-002
2.190292e+003,4.755717e-003
2.190774e+003,-8.840300e-003
2.191256e+003,-2.431501e-002
2.191739e+003,-3.905499e-002
2.192221e+003,-5.078004e-002
2.192703e+003,-5.797994e-002
2.193185e+003,-6.000148e-002
2.193667e+003,-5.689756e-002
2.194149e+003,-4.925064e-002
2.194631e+003,-3.812655e-002
2.195113e+003,-2.516898e-002
2.195595e+003,-1.267837e-002
2.196078e+003,-3.463917e-003
2.196560e+003,-3.410540e-004
2.197042e+003,-5.351782e-003
2.197524e+003,-1.898071e-002
2.198006e+003,-3.973253e-002
2.198488e+003,-6.433235e-002
2.198970e+003,-8.855844e-002
2.199453e+003,-1.084280e-001
2.199935e+003,-1.212795e-001
2.200417e+003,-1.263296e-001
2.200899e+003,-1.245184e-001
2.201381e+003,-1.177707e-001
2.201863e+003,-1.080560e-001
2.202345e+003,-9.669302e-002
2.202827e+003,-8.418834e-002
2.203310e+003,-7.060915e-002
2.203792e+003,-5.621173e-002
2.204274e+003,-4.192363e-002
2.204756e+003,-2.937400e-002
2.205238e+003,-2.041044e-002
2.205720e+003,-1.633191e-002
2.206202e+003,-1.722405e-002
2.206684e+003,-2.174928e-002
2.207167e+003,-2.752895e-002
2.207649e+003,-3.195683e-002
2.208131e+003,-3.308369e-002
2.208613e+003,-3.018316e-002
2.209095e+003,-2.377206e-002
2.209577e+003,-1.512446e-002
2.210059e+003,-5.550629e-003
2.210542e+003,4.196551e-003
2.211023e+003,1.411180e-002
2.211506e+003,2.466847e-002
2.211988e+003,3.626686e-002
2.212470e+003,4.870711e-002
2.212952e+003,6.097914e-002
2.213434e+003,7.148756e-002
2.213916e+003,7.862469e-002
2.214398e+003,8.143031e-002
2.214881e+003,8.004307e-002
2.215363e+003,7.573947e-002
2.215845e+003,7.054389e-002
2.216327e+003,6.656274e-002
2.216809e+003,6.531389e-002
2.217291e+003,6.730118e-002
2.217773e+003,7.198887e-002
2.218255e+003,7.816350e-002
2.218738e+003,8.452427e-002
2.219220e+003,9.025782e-002
2.219702e+003,9.536628e-002
2.220184e+003,1.006076e-001
2.220666e+003,1.070665e-001
2.221148e+003,1.155124e-001
2.221630e+003,1.258084e-001
2.222112e+003,1.366215e-001
2.222594e+003,1.456810e-001
2.223077e+003,1.503831e-001
2.223559e+003,1.487650e-001
2.224041e+003,1.403701e-001
2.224523e+003,1.266795e-001
2.225005e+003,1.108810e-001
2.225487e+003,9.698440e-002
2.225969e+003,8.856002e-002
2.226451e+003,8.755349e-002
2.226934e+003,9.362776e-002
2.227416e+003,1.042990e-001
2.227898e+003,1.158128e-001
2.228380e+003,1.244242e-001
2.228862e+003,1.275750e-001
2.229344e+003,1.245282e-001
2.229826e+003,1.162574e-001
2.230309e+003,1.047144e-001
2.230791e+003,9.185460e-002
2.231273e+003,7.887452e-002
2.231755e+003,6.596911e-002
2.232237e+003,5.264969e-002
2.232719e+003,3.838133e-002
2.233201e+003,2.316440e-002
2.233683e+003,7.744943e-003
2.234166e+003,-6.648480e-003
2.234648e+003,-1.887631e-002
2.235130e+003,-2.844240e-002
2.235612e+003,-3.571207e-002
2.236094e+003,-4.165530e-002
2.236576e+003,-4.722616e-002
2.237058e+003,-5.269034e-002
2.237540e+003,-5.725212e-002
2.238022e+003,-5.919839e-002
2.238505e+003,-5.653115e-002
2.238987e+003,-4.782467e-002
2.239469e+003,-3.293733e-002
2.239951e+003,-1.326371e-002
2.240433e+003,8.585175e-003
2.240915e+003,2.955376e-002
2.241397e+003,4.706253e-002
2.241879e+003,5.973349e-002
2.242362e+003,6.766693e-002
2.242844e+003,7.219133e-002
2.243326e+003,7.519947e-002
2.243808e+003,7.831490e-002
2.244290e+003,8.217348e-002
2.244772e+003,8.605820e-002
2.245254e+003,8.802167e-002
2.245737e+003,8.548293e-002
2.246219e+003,7.615249e-002
2.246701e+003,5.901843e-002
2.247183e+003,3.507604e-002
2.247665e+003,7.508087e-003
2.248147e+003,-1.884003e-002
2.248629e+003,-3.862417e-002
2.249111e+003,-4.749139e-002
2.249594e+003,-4.342362e-002
2.250076e+003,-2.744616e-002
2.250558e+003,-3.410004e-003
2.251040e+003,2.313124e-002
2.251522e+003,4.657753e-002
2.252004e+003,6.288716e-002
2.252486e+003,7.054846e-002
2.252968e+003,7.062253e-002
2.253450e+003,6.579095e-002
2.253933e+003,5.911737e-002
2.254415e+003,5.286002e-002
2.254897e+003,4.792763e-002
2.255379e+003,4.409102e-002
2.255861e+003,4.070896e-002
2.256343e+003,3.748398e-002
2.256825e+003,3.478832e-002
2.257307e+003,3.336642e-002
2.257790e+003,3.358984e-002
2.258272e+003,3.471514e-002
2.258754e+003,3.463879e-002
2.259236e+003,3.040813e-002
2.259718e+003,1.936389e-002
2.260200e+003,4.368256e-004
2.260682e+003,-2.500081e-002
2.261165e+003,-5.316745e-002
2.261646e+003,-7.883226e-002
2.262129e+003,-9.685423e-002
2.262611e+003,-1.036969e-001
2.263093e+003,-9.836923e-002
2.263575e+003,-8.249705e-002
2.264057e+003,-5.960717e-002
2.264539e+003,-3.399392e-002
2.265021e+003,-9.626734e-003
2.265504e+003,1.056516e-002
2.265986e+003,2.494570e-002
2.266468e+003,3.309748e-002
2.266950e+003,3.563114e-002
2.267432e+003,3.401352e-002
2.267914e+003,3.038815e-002
2.268396e+003,2.726070e-002
2.268878e+003,2.694972e-002
2.269361e+003,3.085875e-002
2.269843e+003,3.881342e-002
2.270325e+003,4.880249e-002
2.270807e+003,5.735591e-002
2.271289e+003,6.054886e-002
2.271771e+003,5.531439e-002
2.272253e+003,4.056120e-002
2.272735e+003,1.763065e-002
2.273218e+003,-1.010780e-002
2.273700e+003,-3.834893e-002
2.274182e+003,-6.315459e-002
2.274664e+003,-8.191014e-002
2.275146e+003,-9.356493e-002
2.275628e+003,-9.816014e-002
2.276110e+003,-9.599502e-002
2.276593e+003,-8.696119e-002
2.277074e+003,-7.044772e-002
2.277557e+003,-4.590021e-002
2.278039e+003,-1.372811e-002
2.278521e+003,2.395667e-002
2.279003e+003,6.325024e-002
2.279485e+003,9.919903e-002
2.279967e+003,1.271571e-001
2.280449e+003,1.442262e-001
2.280932e+003,1.501717e-001
2.281414e+003,1.474161e-001
2.281896e+003,1.401055e-001
2.282378e+003,1.326375e-001
2.282860e+003,1.282426e-001
2.283342e+003,1.281430e-001
2.283824e+003,1.329831e-001
2.284306e+003,1.387030e-001
2.284789e+003,1.432286e-001
2.285271e+003,1.446856e-001
2.285753e+003,1.417456e-001
2.286235e+003,1.336274e-001
2.286717e+003,1.199932e-001
2.287199e+003,1.009992e-001
2.287681e+003,7.757462e-002
2.288163e+003,5.175376e-002
2.288646e+003,2.672173e-002
2.289128e+003,6.302373e-003
2.289610e+003,-6.105672e-003
2.290092e+003,-8.785160e-003
2.290574e+003,-2.578415e-003
2.291056e+003,9.102159e-003
2.291538e+003,2.125551e-002
2.292021e+003,2.892672e-002
2.292503e+003,2.883363e-002
2.292985e+003,2.032197e-002
2.293467e+003,5.288872e-003
2.293949e+003,-1.282449e-002
2.294431e+003,-3.046756e-002
2.294913e+003,-4.519831e-002
2.295395e+003,-5.620890e-002
2.295877e+003,-6.405728e-002
2.296360e+003,-6.990424e-002
2.296842e+003,-7.472982e-002
2.297324e+003,-7.892115e-002
2.297806e+003,-8.233654e-002
2.298288e+003,-8.466423e-002
2.298770e+003,-8.575191e-002
2.299252e+003,-8.567503e-002
2.299734e+003,-8.453770e-002
2.300217e+003,-8.221067e-002
2.300699e+003,-7.827363e-002
2.301181e+003,-7.228645e-002
2.301663e+003,-6.426891e-002
2.302145e+003,-5.507871e-002
2.302627e+003,-4.636732e-002
2.303109e+003,-3.999720e-002
2.303592e+003,-3.711757e-002
2.304073e+003,-3.734294e-002
2.304556e+003,-3.849740e-002
2.305038e+003,-3.716522e-002
2.305520e+003,-2.990766e-002
2.306002e+003,-1.466996e-002
2.306484e+003,8.218475e-003
2.306966e+003,3.590475e-002
2.307448e+003,6.381871e-002
2.307931e+003,8.711434e-002
2.308413e+003,1.021825e-001
2.308895e+003,1.076711e-001
2.309377e+003,1.046829e-001
2.309859e+003,9.616138e-002
2.310341e+003,8.576620e-002
2.310823e+003,7.667454e-002
2.311305e+003,7.070254e-002
2.311788e+003,6.796724e-002
2.312270e+003,6.710183e-002
2.312752e+003,6.587563e-002
2.313234e+003,6.198424e-002
2.313716e+003,5.377854e-002
2.314198e+003,4.074179e-002
2.314680e+003,2.001042e-002
2.315162e+003,-1.106329e-003
2.315645e+003,-2.083978e-002
2.316127e+003,-3.795201e-002
2.316609e+003,-5.158347e-002
2.317091e+003,-6.112504e-002
2.317573e+003,-6.626403e-002
2.318055e+003,-6.718662e-002
2.318537e+003,-6.477062e-002
2.319020e+003,-6.056350e-002
2.319501e+003,-5.644754e-002
2.319984e+003,-5.407455e-002
2.320466e+003,-5.430906e-002
2.320948e+003,-5.694509e-002
2.321430e+003,-6.083791e-002
2.321912e+003,-6.438047e-002
2.322394e+003,-6.608195e-002
2.322876e+003,-6.496303e-002
2.323359e+003,-6.060242e-002
2.323841e+003,-5.288395e-002
2.324323e+003,-4.165943e-002
2.324805e+003,-2.659736e-002
2.325287e+003,-7.357342e-003
2.325769e+003,1.598739e-002
2.326251e+003,4.252733e-002
2.326733e+003,7.038332e-002
2.327216e+003,9.700524e-002
2.327698e+003,1.198033e-001
2.328180e+003,1.368147e-001
2.328662e+003,1.470567e-001
2.329144e+003,1.503782e-001
2.329626e+003,1.469114e-001
2.330108e+003,1.364826e-001
2.330590e+003,1.184168e-001
2.331073e+003,9.198985e-002
2.331555e+003,5.739963e-002
2.332037e+003,1.678432e-002
2.332519e+003,-2.533603e-002
2.333001e+003,-6.261427e-002
2.333483e+003,-8.842309e-002
2.333965e+003,-9.789491e-002
2.334448e+003,-8.967534e-002
2.334929e+003,-6.662691e-002
2.335412e+003,-3.509526e-002
2.335894e+003,-2.910976e-003
2.336376e+003,2.316540e-002
2.336858e+003,3.958824e-002
2.337340e+003,4.695986e-002
2.337822e+003,4.944491e-002
2.338304e+003,5.296499e-002
2.338787e+003,6.290389e-002
2.339269e+003,8.216283e-002
2.339751e+003,1.101892e-001
2.340233e+003,1.431842e-001
2.340715e+003,1.752556e-001
2.341197e+003,2.000068e-001
2.341679e+003,2.120090e-001
2.342161e+003,2.078058e-001
2.342644e+003,1.863841e-001
2.343126e+003,1.492578e-001
2.343608e+003,1.003511e-001
2.344090e+003,4.571100e-002
2.344572e+003,-7.094941e-003
2.345054e+003,-5.008772e-002
2.345536e+003,-7.628161e-002
2.346018e+003,-8.206806e-002
2.346500e+003,-6.757554e-002
2.346983e+003,-3.696685e-002
2.347465e+003,2.632254e-003
2.347947e+003,4.289275e-002
2.348429e+003,7.613332e-002
2.348911e+003,9.682869e-002
2.349393e+003,1.025953e-001
2.349875e+003,9.461943e-002
2.350357e+003,7.748467e-002
2.350840e+003,5.830422e-002
2.351322e+003,4.512116e-002
2.351804e+003,4.478709e-002
2.352286e+003,6.088897e-002
2.352768e+003,9.247981e-002
2.353250e+003,1.341716e-001
2.353732e+003,1.775908e-001
2.354215e+003,2.136323e-001
2.354697e+003,2.346988e-001
2.355179e+003,2.362419e-001
2.355661e+003,2.172793e-001
2.356143e+003,1.799616e-001
2.356625e+003,1.285590e-001
2.357107e+003,6.833933e-002
2.357589e+003,4.699528e-003
2.358072e+003,-5.732387e-002
2.358554e+003,-1.132649e-001
2.359036e+003,-1.593442e-001
2.359518e+003,-1.926235e-001
2.360000e+003,-2.111978e-001
2.360482e+003,-2.143402e-001
2.360964e+003,-2.025322e-001
2.361446e+003,-1.773919e-001
2.361928e+003,-1.415732e-001
2.362411e+003,-9.868195e-002
2.362893e+003,-5.316370e-002
2.363375e+003,-1.002574e-002
2.363857e+003,2.573631e-002
2.364339e+003,5.002061e-002
2.364821e+003,6.064081e-002
2.365303e+003,5.815718e-002
2.365785e+003,4.613840e-002
2.366268e+003,3.056410e-002
2.366750e+003,1.832369e-002
2.367232e+003,1.515439e-002
2.367714e+003,2.372057e-002
2.368196e+003,4.266025e-002
2.368678e+003,6.710654e-002
2.369160e+003,9.056215e-002
2.369643e+003,1.073953e-001
2.370125e+003,1.149408e-001
2.370607e+003,1.143660e-001
2.371089e+003,1.099764e-001
2.371571e+003,1.072735e-001
2.372053e+003,1.105749e-001
2.372535e+003,1.211602e-001
2.373017e+003,1.366380e-001
2.373500e+003,1.517040e-001
2.373982e+003,1.599046e-001
2.374464e+003,1.556833e-001
2.374946e+003,1.359712e-001
2.375428e+003,1.008582e-001
2.375910e+003,5.330862e-002
2.376392e+003,-1.779805e-003
2.376874e+003,-5.852924e-002
2.377356e+003,-1.110661e-001
2.377839e+003,-1.540807e-001
2.378321e+003,-1.832887e-001
2.378803e+003,-1.959209e-001
2.379285e+003,-1.912702e-001
2.379767e+003,-1.711204e-001
2.380249e+003,-1.397690e-001
2.380731e+003,-1.034166e-001
2.381213e+003,-6.892959e-002
2.381696e+003,-4.225701e-002
2.382178e+003,-2.699218e-002
2.382660e+003,-2.358652e-002
2.383142e+003,-2.951945e-002
2.383624e+003,-4.036832e-002
2.384106e+003,-5.135721e-002
2.384588e+003,-5.877649e-002
2.385071e+003,-6.075670e-002
2.385553e+003,-5.719944e-002
2.386035e+003,-4.906429e-002
2.386517e+003,-3.747367e-002
2.386999e+003,-2.312898e-002
2.387481e+003,-6.316288e-003
2.387963e+003,1.257370e-002
2.388445e+003,3.238403e-002
2.388927e+003,5.085405e-002
2.389410e+003,6.491655e-002
2.389892e+003,7.160044e-002
2.390374e+003,6.918137e-002
2.390856e+003,5.805339e-002
2.391338e+003,4.088223e-002
2.391820e+003,2.191579e-002
2.392302e+003,5.704368e-003
2.392784e+003,-4.252874e-003
2.393267e+003,-6.405845e-003
2.393749e+003,-1.284313e-003
2.394231e+003,9.111978e-003
2.394713e+003,2.233315e-002
2.395195e+003,3.644916e-002
2.395677e+003,5.058227e-002
2.396159e+003,6.485166e-002
2.396642e+003,7.984862e-002
2.397124e+003,9.594338e-002
2.397606e+003,1.127415e-001
2.398088e+003,1.288947e-001
2.398570e+003,1.422912e-001
2.399052e+003,1.505065e-001
2.399534e+003,1.513366e-001
2.400016e+003,1.432713e-001
2.400499e+003,1.258298e-001
2.400981e+003,9.974737e-002
2.401463e+003,6.699631e-002
2.401945e+003,3.061480e-002
2.402427e+003,-5.694971e-003
2.402909e+003,-3.818833e-002
2.403391e+003,-6.381379e-002
2.403873e+003,-8.086527e-002
2.404355e+003,-8.932436e-002
2.404838e+003,-9.073030e-002
2.405320e+003,-8.757233e-002
2.405802e+003,-8.238636e-002
2.406284e+003,-7.687992e-002
2.406766e+003,-7.143457e-002
2.407248e+003,-6.523889e-002
2.407730e+003,-5.682476e-002
2.408212e+003,-4.513671e-002
2.408695e+003,-3.030864e-002
2.409177e+003,-1.396410e-002
2.409659e+003,1.172336e-003
2.410141e+003,1.223850e-002
2.410623e+003,1.739418e-002
2.411105e+003,1.669261e-002
2.411587e+003,1.227837e-002
2.412070e+003,7.784609e-003
2.412552e+003,7.130899e-003
2.413034e+003,1.314653e-002
2.413516e+003,2.652341e-002
2.413998e+003,4.548122e-002
2.414480e+003,6.626358e-002
2.414962e+003,8.428416e-002
2.415444e+003,9.551101e-002
2.415927e+003,9.761821e-002
2.416409e+003,9.054812e-002
2.416891e+003,7.636245e-002
2.417373e+003,5.851254e-002
2.417855e+003,4.083125e-002
2.418337e+003,2.660238e-002
2.418819e+003,1.797299e-002
2.419301e+003,1.579496e-002
2.419783e+003,1.980394e-002
2.420266e+003,2.893513e-002
2.420748e+003,4.158757e-002
2.421230e+003,5.575772e-002
2.421712e+003,6.910133e-002
2.422194e+003,7.906227e-002
2.422676e+003,8.320136e-002
2.423158e+003,7.973762e-002
2.423640e+003,6.817085e-002
2.424123e+003,4.974063e-002
2.424605e+003,2.746614e-002
2.425087e+003,5.635624e-003
2.425569e+003,-1.118271e-002
2.426051e+003,-1.932960e-002
2.426533e+003,-1.704656e-002
2.427015e+003,-4.931201e-003
2.427498e+003,1.428927e-002
2.427979e+003,3.656628e-002
2.428462e+003,5.760970e-002
2.428944e+003,7.387386e-002
2.429426e+003,8.316071e-002
2.429908e+003,8.472636e-002
2.430390e+003,7.898683e-002
2.430872e+003,6.704561e-002
2.431354e+003,5.027166e-002
2.431837e+003,3.006531e-002
2.432319e+003,7.794979e-003
2.432801e+003,-1.520181e-002
2.433283e+003,-3.767168e-002
2.433765e+003,-5.858881e-002
2.434247e+003,-7.731605e-002
2.434729e+003,-9.365165e-002
2.435211e+003,-1.076648e-001
2.435694e+003,-1.193389e-001
2.436176e+003,-1.281772e-001
2.436658e+003,-1.329897e-001
2.437140e+003,-1.320347e-001
2.437622e+003,-1.235344e-001
2.438104e+003,-1.063994e-001
2.438586e+003,-8.088785e-002
2.439068e+003,-4.887893e-002
2.439551e+003,-1.365065e-002
2.440033e+003,2.079819e-002
2.440515e+003,5.063029e-002
2.440997e+003,7.293571e-002
2.441479e+003,8.613724e-002
2.441961e+003,8.997080e-002
2.442443e+003,8.517207e-002
2.442926e+003,7.309319e-002
2.443407e+003,5.544384e-002
2.443890e+003,3.420261e-002
2.444372e+003,1.159733e-002
2.444854e+003,-1.001961e-002
2.445336e+003,-2.851335e-002
2.445818e+003,-4.247624e-002
2.446300e+003,-5.169521e-002
2.446782e+003,-5.730519e-002
2.447265e+003,-6.145104e-002
2.447747e+003,-6.648862e-002
2.448229e+003,-7.398848e-002
2.448711e+003,-8.393776e-002
2.449193e+003,-9.450320e-002
2.449675e+003,-1.025059e-001
2.450157e+003,-1.044566e-001
2.450639e+003,-9.774702e-002
2.451122e+003,-8.152392e-002
2.451604e+003,-5.691443e-002
2.452086e+003,-2.656823e-002
2.452568e+003,6.222058e-003
2.453050e+003,3.840453e-002
2.453532e+003,6.769187e-002
2.454014e+003,9.259173e-002
2.454496e+003,1.120943e-001
2.454979e+003,1.253408e-001
2.455461e+003,1.315846e-001
2.455943e+003,1.305434e-001
2.456425e+003,1.229632e-001
2.456907e+003,1.110181e-001
2.457389e+003,9.817708e-002
2.457871e+003,8.840559e-002
2.458354e+003,8.490793e-002
2.458835e+003,8.890392e-002
2.459318e+003,9.899551e-002
2.459800e+003,1.114911e-001
2.460282e+003,1.216524e-001
2.460764e+003,1.254209e-001
2.461246e+003,1.209340e-001
2.461728e+003,1.092014e-001
2.462210e+003,9.366982e-002
2.462693e+003,7.887500e-002
2.463175e+003,6.876634e-002
2.463657e+003,6.540480e-002
2.464139e+003,6.854293e-002
2.464621e+003,7.618239e-002
2.465103e+003,8.575617e-002
2.465585e+003,9.532145e-002
2.466067e+003,1.041860e-001
2.466550e+003,1.127130e-001
2.467032e+003,1.214856e-001
2.467514e+003,1.303453e-001
2.467996e+003,1.378743e-001
2.468478e+003,1.416691e-001
2.468960e+003,1.393386e-001
2.469442e+003,1.297424e-001
2.469924e+003,1.139560e-001
2.470406e+003,9.529036e-002
2.470889e+003,7.836954e-002
2.471371e+003,6.756281e-002
2.471853e+003,6.540833e-002
2.472335e+003,7.168086e-002
2.472817e+003,8.349372e-002
2.473299e+003,9.638730e-002
2.473781e+003,1.059596e-001
2.474264e+003,1.093868e-001
2.474746e+003,1.062615e-001
2.475228e+003,9.847365e-002
2.475710e+003,8.925466e-002
2.476192e+003,8.182793e-002
2.476674e+003,7.821947e-002
2.477156e+003,7.865384e-002
2.477638e+003,8.167567e-002
2.478121e+003,8.482817e-002
2.478603e+003,8.554558e-002
2.479085e+003,8.189788e-002
2.479567e+003,7.297100e-002
2.480049e+003,5.885397e-002
2.480531e+003,4.037634e-002
2.481013e+003,1.880585e-002
2.481495e+003,-4.325318e-003
2.481978e+003,-2.722423e-002
2.482460e+003,-4.775962e-002
2.482942e+003,-6.346947e-002
2.483424e+003,-7.179837e-002
2.483906e+003,-7.060497e-002
2.484388e+003,-5.883491e-002
2.484870e+003,-3.713166e-002
2.485353e+003,-8.116718e-003
2.485834e+003,2.386387e-002
2.486317e+003,5.357162e-002
2.486799e+003,7.612024e-002
2.487281e+003,8.828499e-002
2.487763e+003,8.943833e-002
2.488245e+003,8.174719e-002
2.488727e+003,6.948352e-002
2.489209e+003,5.761533e-002
2.489692e+003,5.013269e-002
2.490174e+003,4.870098e-002
2.490656e+003,5.216677e-002
2.491138e+003,5.714460e-002
2.491620e+003,5.950099e-002
2.492102e+003,5.617458e-002
2.492584e+003,4.659489e-002
2.493066e+003,3.309600e-002
2.493549e+003,2.011532e-002
2.494031e+003,1.246821e-002
2.494513e+003,1.338746e-002
2.494995e+003,2.313539e-002
2.495477e+003,3.877999e-002
2.495959e+003,5.525322e-002
2.496441e+003,6.727395e-002
2.496923e+003,7.134745e-002
2.497406e+003,6.703281e-002
2.497888e+003,5.698499e-002
2.498370e+003,4.581072e-002
2.498852e+003,3.826256e-002
2.499334e+003,3.754768e-002
2.499816e+003,4.437953e-002
2.500298e+003,5.732017e-002
2.500781e+003,7.367237e-002
2.501262e+003,9.094366e-002
2.501745e+003,1.078797e-001
2.502227e+003,1.246912e-001
2.502709e+003,1.424286e-001
2.503191e+003,1.618661e-001
2.503673e+003,1.824667e-001
2.504155e+003,2.019505e-001
2.504637e+003,2.167026e-001
2.505120e+003,2.228890e-001
2.505602e+003,2.178356e-001
2.506084e+003,2.011312e-001
2.506566e+003,1.750171e-001
2.507048e+003,1.439060e-001
2.507530e+003,1.131923e-001
2.508012e+003,8.776435e-002
2.508494e+003,7.071637e-002
2.508977e+003,6.267555e-002
2.509459e+003,6.193052e-002
2.509941e+003,6.527494e-002
2.510423e+003,6.924008e-002
2.510905e+003,7.127105e-002
2.511387e+003,7.043214e-002
2.511869e+003,6.740201e-002
2.512351e+003,6.378224e-002
2.512833e+003,6.101539e-002
2.513316e+003,5.938201e-002
2.513798e+003,5.755121e-002
2.514280e+003,5.294855e-002
2.514762e+003,4.286227e-002
2.515244e+003,2.585187e-002
2.515726e+003,2.848372e-003
2.516208e+003,-2.260689e-002
2.516690e+003,-4.519622e-002
2.517173e+003,-5.950603e-002
2.517655e+003,-6.192926e-002
2.518137e+003,-5.200956e-002
2.518619e+003,-3.263956e-002
2.519101e+003,-8.985163e-003
2.519583e+003,1.342695e-002
2.520065e+003,3.065079e-002
2.520548e+003,4.146444e-002
2.521030e+003,4.725075e-002
2.521512e+003,5.073260e-002
2.521994e+003,5.419597e-002
2.522476e+003,5.806501e-002
2.522958e+003,6.050736e-002
2.523440e+003,5.825144e-002
2.523922e+003,4.822212e-002
2.524405e+003,2.921925e-002
2.524887e+003,2.861778e-003
2.525369e+003,-2.662760e-002
2.525851e+003,-5.368235e-002
2.526333e+003,-7.312267e-002
2.526815e+003,-8.161929e-002
2.527297e+003,-7.833821e-002
2.527779e+003,-6.464064e-002
2.528261e+003,-4.314487e-002
2.528744e+003,-1.668633e-002
2.529226e+003,1.234575e-002
2.529708e+003,4.210751e-002
2.530190e+003,7.098840e-002
2.530672e+003,9.723240e-002
2.531154e+003,1.188699e-001
2.531636e+003,1.340416e-001
2.532118e+003,1.415283e-001
2.532601e+003,1.411702e-001
2.533083e+003,1.338924e-001
2.533565e+003,1.212834e-001
2.534047e+003,1.049406e-001
2.534529e+003,8.594847e-002
2.535011e+003,6.479523e-002
2.535493e+003,4.180371e-002
2.535976e+003,1.784822e-002
2.536458e+003,-5.055146e-003
2.536940e+003,-2.367045e-002
2.537422e+003,-3.413670e-002
2.537904e+003,-3.307268e-002
2.538386e+003,-1.878420e-002
2.538868e+003,7.887736e-003
2.539350e+003,4.340144e-002
2.539833e+003,8.209202e-002
2.540315e+003,1.173078e-001
2.540797e+003,1.427780e-001
2.541279e+003,1.538689e-001
2.541761e+003,1.484784e-001
2.542243e+003,1.274424e-001
2.542725e+003,9.441776e-002
2.543207e+003,5.526482e-002
2.543689e+003,1.698129e-002
2.544172e+003,-1.369099e-002
2.544654e+003,-3.175367e-002
2.545136e+003,-3.516894e-002
2.545618e+003,-2.540352e-002
2.546100e+003,-7.016897e-003
2.546582e+003,1.369624e-002
2.547064e+003,3.064717e-002
2.547546e+003,3.984565e-002
2.548029e+003,4.058230e-002
2.548511e+003,3.545979e-002
2.548993e+003,2.925692e-002
2.549475e+003,2.705039e-002
2.549957e+003,3.230869e-002
2.550439e+003,4.565586e-002
2.550921e+003,6.472281e-002
2.551404e+003,8.504522e-002
2.551885e+003,1.015845e-001
2.552368e+003,1.102623e-001
2.552850e+003,1.089871e-001
2.553332e+003,9.792951e-002
2.553814e+003,7.912861e-002
2.554296e+003,5.571855e-002
2.554778e+003,3.111129e-002
2.555260e+003,8.345368e-003
2.555743e+003,-1.034425e-002
2.556225e+003,-2.379378e-002
2.556707e+003,-3.206998e-002
2.557189e+003,-3.649701e-002
2.557671e+003,-3.944945e-002
2.558153e+003,-4.382551e-002
2.558635e+003,-5.222191e-002
2.559117e+003,-6.601039e-002
2.559600e+003,-8.463319e-002
2.560082e+003,-1.054344e-001
2.560564e+003,-1.241824e-001
2.561046e+003,-1.361818e-001
2.561528e+003,-1.376778e-001
2.562010e+003,-1.268874e-001
2.562492e+003,-1.046921e-001
2.562974e+003,-7.438517e-002
2.563457e+003,-4.080425e-002
2.563939e+003,-9.114003e-003
2.564421e+003,1.637606e-002
2.564903e+003,3.303447e-002
2.565385e+003,4.021699e-002
2.565867e+003,3.908265e-002
2.566349e+003,3.207201e-002
2.566832e+003,2.223551e-002
2.567314e+003,1.257416e-002
2.567796e+003,5.498993e-003
2.568278e+003,2.471683e-003
2.568760e+003,3.858363e-003
2.569242e+003,9.010038e-003
2.569724e+003,1.654281e-002
2.570206e+003,2.475326e-002
2.570688e+003,3.205892e-002
2.571171e+003,3.735094e-002
2.571653e+003,4.017400e-002
2.572135e+003,4.071259e-002
2.572617e+003,3.962389e-002
2.573099e+003,3.779480e-002
2.573581e+003,3.609553e-002
2.574063e+003,3.517243e-002
2.574545e+003,3.528611e-002
2.575028e+003,3.620007e-002
2.575510e+003,3.714176e-002
2.575992e+003,3.688561e-002
2.576474e+003,3.399929e-002
2.576956e+003,2.723702e-002
2.577438e+003,1.598139e-002
2.577920e+003,5.680407e-004
2.578403e+003,-1.766729e-002
2.578885e+003,-3.668436e-002
2.579367e+003,-5.428962e-002
2.579849e+003,-6.872250e-002
2.580331e+003,-7.902268e-002
2.580813e+003,-8.501711e-002
2.581295e+003,-8.695761e-002
2.581777e+003,-8.502956e-002
2.582260e+003,-7.903425e-002
2.582742e+003,-6.846918e-002
2.583224e+003,-5.300495e-002
2.583706e+003,-3.311878e-002
2.584188e+003,-1.050810e-002
2.584670e+003,1.202275e-002
2.585152e+003,3.125989e-002
2.585634e+003,4.460781e-002
2.586116e+003,5.098462e-002
2.586599e+003,5.113426e-002
2.587081e+003,4.717018e-002
2.587563e+003,4.152852e-002
2.588045e+003,3.582487e-002
2.588527e+003,3.017492e-002
2.589009e+003,2.333760e-002
2.589491e+003,1.363143e-002
2.589973e+003,1.870869e-004
2.590456e+003,-1.609549e-002
2.590938e+003,-3.239189e-002
2.591420e+003,-4.473690e-002
2.591902e+003,-4.943228e-002
2.592384e+003,-4.445152e-002
2.592866e+003,-3.036027e-002
2.593348e+003,-1.011345e-002
2.593831e+003,1.187986e-002
2.594313e+003,3.115053e-002
2.594795e+003,4.443117e-002
2.595277e+003,5.033978e-002
2.595759e+003,4.936334e-002
2.596241e+003,4.331110e-002
2.596723e+003,3.458887e-002
2.597205e+003,2.559005e-002
2.597688e+003,1.833898e-002
2.598170e+003,1.432847e-002
2.598652e+003,1.442455e-002
2.599134e+003,1.875244e-002
2.599616e+003,2.660920e-002
2.600098e+003,3.652382e-002
2.600580e+003,4.657380e-002
2.601062e+003,5.492736e-002
2.601544e+003,6.042897e-002
2.602027e+003,6.295419e-002
2.602509e+003,6.334201e-002
2.602991e+003,6.289984e-002
2.603473e+003,6.271703e-002
2.603955e+003,6.313538e-002
2.604437e+003,6.366815e-002
2.604919e+003,6.340972e-002
2.605401e+003,6.171045e-002
2.605884e+003,5.871702e-002
2.606366e+003,5.543703e-002
2.606848e+003,5.323193e-002
2.607330e+003,5.297713e-002
2.607812e+003,5.433620e-002
2.608294e+003,5.559028e-002
2.608776e+003,5.419886e-002
2.609259e+003,4.790257e-002
2.609740e+003,3.588162e-002
2.610223e+003,1.943167e-002
2.610705e+003,1.809006e-003
2.611187e+003,-1.272439e-002
2.611669e+003,-2.028476e-002
2.612151e+003,-1.863731e-002
2.612633e+003,-7.902132e-003
2.613115e+003,9.493381e-003
2.613598e+003,2.950072e-002
2.614080e+003,4.746485e-002
2.614562e+003,5.913959e-002
2.615044e+003,6.148855e-002
2.615526e+003,5.320627e-002
2.616008e+003,3.497371e-002
2.616490e+003,9.449169e-003
2.616972e+003,-1.907974e-002
2.617455e+003,-4.546220e-002
2.617937e+003,-6.484177e-002
2.618419e+003,-7.395773e-002
2.618901e+003,-7.215449e-002
2.619383e+003,-6.163831e-002
2.619865e+003,-4.675656e-002
2.620347e+003,-3.247362e-002
2.620829e+003,-2.261269e-002
2.621312e+003,-1.858871e-002
2.621794e+003,-1.919253e-002
2.622276e+003,-2.151702e-002
2.622758e+003,-2.258214e-002
2.623240e+003,-2.085106e-002
2.623722e+003,-1.691822e-002
2.624204e+003,-1.298343e-002
2.624687e+003,-1.144961e-002
2.625168e+003,-1.338290e-002
2.625651e+003,-1.769104e-002
2.626133e+003,-2.149920e-002
2.626615e+003,-2.157804e-002
2.627097e+003,-1.609227e-002
2.627579e+003,-5.737380e-003
2.628061e+003,6.382414e-003
2.628543e+003,1.612890e-002
2.629026e+003,2.030039e-002
2.629508e+003,1.819948e-002
2.629990e+003,1.199726e-002
2.630472e+003,5.685546e-003
2.630954e+003,3.143370e-003
2.631436e+003,6.290534e-003
2.631918e+003,1.426755e-002
2.632400e+003,2.403744e-002
2.632883e+003,3.207756e-002
2.633365e+003,3.625376e-002
2.633847e+003,3.688847e-002
2.634329e+003,3.645410e-002
2.634811e+003,3.806321e-002
2.635293e+003,4.356072e-002
2.635775e+003,5.223778e-002
2.636257e+003,6.085529e-002
2.636740e+003,6.498464e-002
2.637222e+003,6.098948e-002
2.637704e+003,4.765508e-002
2.638186e+003,2.665970e-002
2.638668e+003,1.701287e-003
2.639150e+003,-2.321810e-002
2.639632e+003,-4.543019e-002
2.640115e+003,-6.433221e-002
2.640596e+003,-8.088891e-002
2.641079e+003,-9.626003e-002
2.641561e+003,-1.103573e-001
2.642043e+003,-1.211746e-001
2.642525e+003,-1.253012e-001
2.643007e+003,-1.194018e-001
2.643489e+003,-1.019258e-001
2.643971e+003,-7.419226e-002
2.644454e+003,-4.030629e-002
2.644936e+003,-5.945933e-003
2.645418e+003,2.341425e-002
2.645900e+003,4.403549e-002
2.646382e+003,5.458177e-002
2.646864e+003,5.576281e-002
2.647346e+003,4.931866e-002
2.647828e+003,3.696654e-002
2.648311e+003,1.986836e-002
2.648793e+003,-1.209011e-003
2.649275e+003,-2.527447e-002
2.649757e+003,-5.053833e-002
2.650239e+003,-7.432535e-002
2.650721e+003,-9.362949e-002
2.651203e+003,-1.060657e-001
2.651685e+003,-1.107409e-001
2.652167e+003,-1.085801e-001
2.652650e+003,-1.019225e-001
2.653132e+003,-9.356904e-002
2.653614e+003,-8.572418e-002
2.654096e+003,-7.927749e-002
2.654578e+003,-7.382146e-002
2.655060e+003,-6.808249e-002
2.655542e+003,-6.069092e-002
2.656025e+003,-5.079146e-002
2.656507e+003,-3.826208e-002
2.656989e+003,-2.352130e-002
2.657471e+003,-7.127612e-003
2.657953e+003,1.055738e-002
2.658435e+003,2.944593e-002
2.658917e+003,4.953219e-002
2.659399e+003,7.057901e-002
2.659882e+003,9.189473e-002
2.660364e+003,1.123323e-001
2.660846e+003,1.305115e-001
2.661328e+003,1.451365e-001
2.661810e+003,1.552552e-001
2.662292e+003,1.603638e-001
2.662774e+003,1.603810e-001
2.663256e+003,1.555770e-001
2.663739e+003,1.465526e-001
2.664221e+003,1.342682e-001
2.664703e+003,1.200431e-001
2.665185e+003,1.054104e-001
2.665667e+003,9.177698e-002
2.666149e+003,7.997971e-002
2.666631e+003,6.994002e-002
2.667114e+003,6.063880e-002
2.667595e+003,5.052549e-002
2.668078e+003,3.826058e-002
2.668560e+003,2.349597e-002
2.669042e+003,7.331785e-003
2.669524e+003,-7.818119e-003
2.670006e+003,-1.895860e-002
2.670488e+003,-2.358030e-002
2.670970e+003,-2.062815e-002
2.671453e+003,-1.096156e-002
2.671935e+003,2.885308e-003
2.672417e+003,1.752515e-002
2.672899e+003,2.976155e-002
2.673381e+003,3.741338e-002
2.673863e+003,3.962523e-002
2.674345e+003,3.663444e-002
2.674827e+003,2.923035e-002
2.675310e+003,1.825610e-002
2.675792e+003,4.436761e-003
2.676274e+003,-1.141358e-002
2.676756e+003,-2.799401e-002
2.677238e+003,-4.326299e-002
2.677720e+003,-5.460680e-002
2.678202e+003,-5.949417e-002
2.678684e+003,-5.640613e-002
2.679167e+003,-4.563195e-002
2.679649e+003,-2.951560e-002
2.680131e+003,-1.193919e-002
2.680613e+003,2.851204e-003
2.681095e+003,1.166549e-002
2.681577e+003,1.349092e-002
2.682059e+003,9.861054e-003
2.682542e+003,4.302944e-003
2.683023e+003,1.051085e-003
2.683506e+003,3.501128e-003
2.683988e+003,1.297301e-002
2.684470e+003,2.823718e-002
2.684952e+003,4.599098e-002
2.685434e+003,6.191062e-002
2.685916e+003,7.216372e-002
2.686398e+003,7.454297e-002
2.686881e+003,6.900061e-002
2.687363e+003,5.744350e-002
2.687845e+003,4.295278e-002
2.688327e+003,2.879038e-002
2.688809e+003,1.757101e-002
2.689291e+003,1.085757e-002
2.689773e+003,9.208705e-003
2.690255e+003,1.251066e-002
2.690738e+003,2.032551e-002
2.691220e+003,3.204078e-002
2.691702e+003,4.676456e-002
2.692184e+003,6.310166e-002
2.692666e+003,7.905357e-002
2.693148e+003,9.226126e-002
2.693630e+003,1.006351e-001
2.694112e+003,1.031901e-001
2.694594e+003,1.007211e-001
2.695077e+003,9.592856e-002
2.695559e+003,9.277303e-002
2.696041e+003,9.514868e-002
2.696523e+003,1.052980e-001
2.697005e+003,1.225894e-001
2.697487e+003,1.432240e-001
2.697969e+003,1.611451e-001
2.698451e+003,1.699522e-001
2.698934e+003,1.651963e-001
2.699416e+003,1.462056e-001
2.699898e+003,1.167102e-001
2.700380e+003,8.395278e-002
2.700862e+003,5.655254e-002
2.701344e+003,4.186174e-002
2.701826e+003,4.373950e-002
2.702309e+003,6.149348e-002
2.702791e+003,9.029424e-002
2.703273e+003,1.228265e-001
2.703755e+003,1.515303e-001
2.704237e+003,1.706244e-001
2.704719e+003,1.772782e-001
2.705201e+003,1.716848e-001
2.705683e+003,1.562350e-001
2.706166e+003,1.342931e-001
2.706648e+003,1.091237e-001
2.707130e+003,8.332964e-002
2.707612e+003,5.884867e-002
2.708094e+003,3.727667e-002
2.708576e+003,2.017436e-002
2.709058e+003,9.092486e-003
2.709540e+003,5.264628e-003
2.710022e+003,9.135449e-003
2.710505e+003,2.000502e-002
2.710987e+003,3.602323e-002
2.711469e+003,5.459113e-002
2.711951e+003,7.302331e-002
2.712433e+003,8.920281e-002
2.712915e+003,1.019666e-001
2.713397e+003,1.111080e-001
2.713879e+003,1.170597e-001
2.714362e+003,1.204526e-001
2.714844e+003,1.217728e-001
2.715326e+003,1.212446e-001
2.715808e+003,1.190484e-001
2.716290e+003,1.151728e-001
2.716772e+003,1.097626e-001
2.717254e+003,1.030381e-001
2.717736e+003,9.515537e-002
2.718219e+003,8.608619e-002
2.718701e+003,7.564142e-002
2.719183e+003,6.367156e-002
2.719665e+003,5.035352e-002
2.720147e+003,3.639549e-002
2.720629e+003,2.300744e-002
2.721111e+003,1.161278e-002
2.721594e+003,3.422097e-003
2.722075e+003,-9.090572e-004
2.722558e+003,-1.344175e-003
2.723040e+003,1.794711e-003
2.723522e+003,8.258154e-003
2.724004e+003,1.818384e-002
2.724486e+003,3.201973e-002
2.724968e+003,4.998210e-002
2.725450e+003,7.124474e-002
2.725933e+003,9.328546e-002
2.726415e+003,1.118424e-001
2.726897e+003,1.217223e-001
2.727379e+003,1.183231e-001
2.727861e+003,9.935513e-002
2.728343e+003,6.605142e-002
2.728825e+003,2.328538e-002
2.729307e+003,-2.158798e-002
2.729790e+003,-6.081702e-002
2.730272e+003,-8.850482e-002
2.730754e+003,-1.021722e-001
2.731236e+003,-1.030555e-001
2.731718e+003,-9.508736e-002
2.732200e+003,-8.306085e-002
2.732682e+003,-7.077217e-002
2.733164e+003,-5.989813e-002
2.733646e+003,-4.997461e-002
2.734129e+003,-3.932948e-002
2.734611e+003,-2.641037e-002
2.735093e+003,-1.082873e-002
2.735575e+003,6.347863e-003
2.736057e+003,2.309952e-002
2.736539e+003,3.741047e-002
2.737021e+003,4.813595e-002
2.737503e+003,5.535154e-002
2.737986e+003,6.006825e-002
2.738468e+003,6.355126e-002
2.738950e+003,6.666501e-002
2.739432e+003,6.960197e-002
2.739914e+003,7.208521e-002
2.740396e+003,7.383675e-002
2.740878e+003,7.494044e-002
2.741361e+003,7.580854e-002
2.741843e+003,7.672580e-002
2.742325e+003,7.724354e-002
2.742807e+003,7.585473e-002
2.743289e+003,7.028259e-002
2.743771e+003,5.839976e-002
2.744253e+003,3.942667e-002
2.744735e+003,1.483569e-002
2.745218e+003,-1.155198e-002
2.745700e+003,-3.445433e-002
2.746182e+003,-4.871881e-002
2.746664e+003,-5.092147e-002
2.747146e+003,-4.076868e-002
2.747628e+003,-2.065266e-002
2.748110e+003,5.139833e-003
2.748592e+003,3.191036e-002
2.749074e+003,5.589619e-002
2.749557e+003,7.495573e-002
2.750039e+003,8.841968e-002
2.750521e+003,9.636291e-002
2.751003e+003,9.879832e-002
2.751485e+003,9.527211e-002
2.751967e+003,8.509105e-002
2.752449e+003,6.801724e-002
2.752932e+003,4.503881e-002
2.753414e+003,1.873919e-002
2.753896e+003,-6.978179e-003
2.754378e+003,-2.776536e-002
2.754860e+003,-3.997573e-002
2.755342e+003,-4.165002e-002
2.755824e+003,-3.300626e-002
2.756306e+003,-1.631591e-002
2.756789e+003,4.703169e-003
2.757271e+003,2.575852e-002
2.757753e+003,4.283892e-002
2.758235e+003,5.291142e-002
2.758717e+003,5.439790e-002
2.759199e+003,4.740748e-002
2.759681e+003,3.371672e-002
2.760163e+003,1.641876e-002
2.760646e+003,-7.712942e-004
2.761128e+003,-1.448594e-002
2.761610e+003,-2.269641e-002
2.762092e+003,-2.538150e-002
2.762574e+003,-2.454996e-002
2.763056e+003,-2.350745e-002
2.763538e+003,-2.557314e-002
2.764021e+003,-3.270632e-002
2.764502e+003,-4.460543e-002
2.764985e+003,-5.868403e-002
2.765467e+003,-7.096282e-002
2.765949e+003,-7.754633e-002
2.766431e+003,-7.605847e-002
2.766913e+003,-6.647363e-002
2.767395e+003,-5.103450e-002
2.767877e+003,-3.334345e-002
2.768360e+003,-1.707760e-002
2.768842e+003,-4.876329e-003
2.769324e+003,2.186993e-003
2.769806e+003,4.434533e-003
2.770288e+003,2.960786e-003
2.770770e+003,-1.058139e-003
2.771252e+003,-6.756911e-003
2.771734e+003,-1.355680e-002
2.772217e+003,-2.086269e-002
2.772699e+003,-2.777947e-002
2.773181e+003,-3.311289e-002
2.773663e+003,-3.573215e-002
2.774145e+003,-3.513511e-002
2.774627e+003,-3.191303e-002
2.775109e+003,-2.783062e-002
2.775591e+003,-2.541403e-002
2.776073e+003,-2.716283e-002
2.776556e+003,-3.468101e-002
2.777038e+003,-4.805017e-002
2.777520e+003,-6.579061e-002
2.778002e+003,-8.475575e-002
2.778484e+003,-1.011393e-001
2.778966e+003,-1.112266e-001
2.779448e+003,-1.121597e-001
2.779930e+003,-1.025382e-001
2.780413e+003,-8.280402e-002
2.780895e+003,-5.536136e-002
2.781377e+003,-2.436203e-002
2.781859e+003,4.917880e-003
2.782341e+003,2.711035e-002
2.782823e+003,3.804174e-002
2.783305e+003,3.594704e-002
2.783788e+003,2.219036e-002
2.784270e+003,1.127294e-003
2.784752e+003,-2.099597e-002
2.785234e+003,-3.785688e-002
2.785716e+003,-4.500658e-002
2.786198e+003,-4.126558e-002
2.786680e+003,-2.903020e-002
2.787162e+003,-1.334933e-002
2.787645e+003,-9.465645e-005
2.788127e+003,6.105333e-003
2.788609e+003,3.415340e-003
2.789091e+003,-6.712636e-003
2.789573e+003,-2.023089e-002
2.790055e+003,-3.205751e-002
2.790537e+003,-3.788948e-002
2.791019e+003,-3.560004e-002
2.791501e+003,-2.574904e-002
2.791984e+003,-1.110128e-002
2.792466e+003,4.587375e-003
2.792948e+003,1.800893e-002
2.793430e+003,2.742171e-002
2.793912e+003,3.306334e-002
2.794394e+003,3.675118e-002
2.794876e+003,4.085893e-002
2.795358e+003,4.708122e-002
2.795841e+003,5.547139e-002
2.796323e+003,6.414811e-002
2.796805e+003,6.982435e-002
2.797287e+003,6.901068e-002
2.797769e+003,5.947272e-002
2.798251e+003,4.139014e-002
2.798733e+003,1.773254e-002
2.799216e+003,-6.379936e-003
2.799698e+003,-2.518415e-002
2.800180e+003,-3.414487e-002
2.800662e+003,-3.149152e-002
2.801144e+003,-1.881010e-002
2.801626e+003,-4.255054e-004
2.802108e+003,1.821181e-002
2.802590e+003,3.250539e-002
2.803073e+003,4.027404e-002
2.803555e+003,4.227436e-002
2.804037e+003,4.150481e-002
2.804519e+003,4.163729e-002
2.805001e+003,4.529350e-002
2.805483e+003,5.293241e-002
2.805965e+003,6.281821e-002
2.806447e+003,7.202457e-002
2.806929e+003,7.795215e-002
2.807412e+003,7.960451e-002
2.807894e+003,7.800151e-002
2.808376e+003,7.551055e-002
2.808858e+003,7.460915e-002
2.809340e+003,7.644853e-002
2.809822e+003,8.017720e-002
2.810304e+003,8.327240e-002
2.810786e+003,8.273233e-002
2.811269e+003,7.653672e-002
2.811751e+003,6.464295e-002
2.812233e+003,4.902059e-002
2.812715e+003,3.270577e-002
2.813197e+003,1.834728e-002
2.813679e+003,6.978069e-003
2.814161e+003,-2.361339e-003
2.814644e+003,-1.193566e-002
2.815125e+003,-2.388144e-002
2.815608e+003,-3.873651e-002
2.816090e+003,-5.468722e-002
2.816572e+003,-6.795921e-002
2.817054e+003,-7.424537e-002
2.817536e+003,-7.056248e-002
2.818018e+003,-5.671649e-002
2.818500e+003,-3.571664e-002
2.818983e+003,-1.293076e-002
2.819465e+003,5.674898e-003
2.819947e+003,1.549255e-002
2.820429e+003,1.464596e-002
2.820911e+003,4.289016e-003
2.821393e+003,-1.218785e-002
2.821875e+003,-3.060905e-002
2.822357e+003,-4.746669e-002
2.822840e+003,-6.079684e-002
2.823322e+003,-7.023165e-002
2.823804e+003,-7.638206e-002
2.824286e+003,-7.998817e-002
2.824768e+003,-8.131811e-002
2.825250e+003,-8.008987e-002
2.825732e+003,-7.587618e-002
2.826214e+003,-6.868813e-002
2.826697e+003,-5.935084e-002
2.827179e+003,-4.942129e-002
2.827661e+003,-4.065618e-002
2.828143e+003,-3.429876e-002
2.828625e+003,-3.055611e-002
2.829107e+003,-2.854404e-002
2.829589e+003,-2.673859e-002
2.830072e+003,-2.371111e-002
2.830554e+003,-1.877983e-002
2.831036e+003,-1.225886e-002
2.831518e+003,-5.194429e-003
2.832000e+003,1.259065e-003
2.832482e+003,6.481641e-003
2.832964e+003,1.070966e-002
2.833446e+003,1.486536e-002
2.833928e+003,1.998721e-002
2.834411e+003,2.656610e-002
2.834893e+003,3.414649e-002
2.835375e+003,4.141247e-002
2.835857e+003,4.672892e-002
2.836339e+003,4.886298e-002
2.836821e+003,4.751737e-002
2.837303e+003,4.340215e-002
2.837785e+003,3.781609e-002
2.838268e+003,3.196939e-002
2.838750e+003,2.642221e-002
2.839232e+003,2.114910e-002
2.839714e+003,1.526980e-002
2.840196e+003,8.329089e-003
2.840678e+003,7.487679e-004
2.841160e+003,-6.032926e-003
2.841643e+003,-1.004917e-002
2.842125e+003,-9.741178e-003
2.842607e+003,-4.906998e-003
2.843089e+003,2.818309e-003
2.843571e+003,1.023962e-002
2.844053e+003,1.358033e-002
2.844535e+003,9.781714e-003
2.845017e+003,-2.406438e-003
2.845500e+003,-2.198448e-002
2.845982e+003,-4.605855e-002
2.846464e+003,-7.078960e-002
2.846946e+003,-9.250280e-002
2.847428e+003,-1.085062e-001
2.847910e+003,-1.173782e-001
2.848392e+003,-1.187739e-001
2.848874e+003,-1.130234e-001
2.849356e+003,-1.008345e-001
2.849839e+003,-8.326036e-002
2.850321e+003,-6.185149e-002
2.850803e+003,-3.875269e-002
2.851285e+003,-1.649852e-002
2.851767e+003,2.549484e-003
2.852249e+003,1.693644e-002
2.852731e+003,2.665938e-002
2.853213e+003,3.319487e-002
2.853696e+003,3.889766e-002
2.854178e+003,4.598093e-002
2.854660e+003,5.552019e-002
2.855142e+003,6.695097e-002
2.855624e+003,7.831185e-002
2.856106e+003,8.712870e-002
2.856588e+003,9.152201e-002
2.857071e+003,9.100468e-002
2.857552e+003,8.658545e-002
2.858035e+003,8.013839e-002
2.858517e+003,7.337133e-002
2.858999e+003,6.692123e-002
2.859481e+003,6.004126e-002
2.859963e+003,5.104161e-002
2.860445e+003,3.827233e-002
2.860927e+003,2.116619e-002
2.861410e+003,8.368889e-004
2.861892e+003,-2.005709e-002
2.862374e+003,-3.811657e-002
2.862856e+003,-5.031317e-002
2.863338e+003,-5.492799e-002
2.863820e+003,-5.196616e-002
2.864302e+003,-4.296267e-002
2.864784e+003,-3.036370e-002
2.865267e+003,-1.681256e-002
2.865749e+003,-4.621019e-003
2.866231e+003,4.461044e-003
2.866713e+003,9.256131e-003
2.867195e+003,9.127587e-003
2.867677e+003,4.041007e-003
2.868159e+003,-5.287598e-003
2.868641e+003,-1.729785e-002
2.869124e+003,-2.972755e-002
2.869606e+003,-4.007576e-002
2.870088e+003,-4.628095e-002
2.870570e+003,-4.732455e-002
2.871052e+003,-4.374507e-002
2.871534e+003,-3.738459e-002
2.872016e+003,-3.072637e-002
2.872499e+003,-2.599466e-002
2.872980e+003,-2.437366e-002
2.873463e+003,-2.563981e-002
2.873945e+003,-2.831103e-002
2.874427e+003,-3.019454e-002
2.874909e+003,-2.907667e-002
2.875391e+003,-2.330559e-002
2.875873e+003,-1.213612e-002
2.876355e+003,4.153792e-003
2.876838e+003,2.428177e-002
2.877320e+003,4.604384e-002
2.877802e+003,6.647722e-002
2.878284e+003,8.219316e-002
2.878766e+003,8.995887e-002
2.879248e+003,8.748565e-002
2.879730e+003,7.421502e-002
2.880212e+003,5.177486e-002
2.880695e+003,2.381438e-002
2.881177e+003,-4.856775e-003
2.881659e+003,-2.960045e-002
2.882141e+003,-4.727996e-002
2.882623e+003,-5.706020e-002
2.883105e+003,-6.034825e-002
2.883587e+003,-5.989774e-002
2.884069e+003,-5.847199e-002
2.884552e+003,-5.765121e-002
2.885034e+003,-5.729542e-002
2.885516e+003,-5.585579e-002
2.885998e+003,-5.132947e-002
2.886480e+003,-4.236306e-002
2.886962e+003,-2.898357e-002
2.887444e+003,-1.265050e-002
2.887927e+003,4.318164e-003
2.888408e+003,1.959595e-002
2.888891e+003,3.152638e-002
2.889373e+003,3.932565e-002
2.889855e+003,4.280936e-002
2.890337e+003,4.192394e-002
2.890819e+003,3.645965e-002
2.891301e+003,2.618976e-002
2.891783e+003,1.138418e-002
2.892266e+003,-6.627284e-003
2.892748e+003,-2.526047e-002
2.893230e+003,-4.111239e-002
2.893712e+003,-5.095451e-002
2.894194e+003,-5.287895e-002
2.894676e+003,-4.705640e-002
2.895158e+003,-3.569374e-002
2.895640e+003,-2.214471e-002
2.896123e+003,-9.538244e-003
2.896605e+003,4.543661e-004
2.897087e+003,8.136049e-003
2.897569e+003,1.533387e-002
2.898051e+003,2.420211e-002
2.898533e+003,3.584936e-002
2.899015e+003,4.945359e-002
2.899497e+003,6.229440e-002
2.899979e+003,7.070573e-002
2.900462e+003,7.152356e-002
2.900944e+003,6.347972e-002
2.901426e+003,4.760138e-002
2.901908e+003,2.700379e-002
2.902390e+003,5.829396e-003
2.902872e+003,-1.200611e-002
2.903354e+003,-2.380767e-002
2.903836e+003,-2.854517e-002
2.904319e+003,-2.675594e-002
2.904801e+003,-2.012934e-002
2.905283e+003,-1.105512e-002
2.905765e+003,-2.289413e-003
2.906247e+003,3.293067e-003
2.906729e+003,3.012646e-003
2.907211e+003,-5.109014e-003
2.907694e+003,-2.170105e-002
2.908176e+003,-4.549550e-002
2.908658e+003,-7.321277e-002
2.909140e+003,-1.001110e-001
2.909622e+003,-1.211556e-001
2.910104e+003,-1.324632e-001
2.910586e+003,-1.324873e-001
2.911068e+003,-1.224621e-001
2.911551e+003,-1.059025e-001
2.912033e+003,-8.734721e-002
2.912515e+003,-7.085128e-002
2.912997e+003,-5.883339e-002
2.913479e+003,-5.169577e-002
2.913961e+003,-4.829135e-002
2.914443e+003,-4.692749e-002
2.914925e+003,-4.639350e-002
2.915407e+003,-4.653877e-002
2.915890e+003,-4.818602e-002
2.916372e+003,-5.250848e-002
2.916854e+003,-6.024765e-002
2.917336e+003,-7.118431e-002
2.917818e+003,-8.410824e-002
2.918300e+003,-9.724050e-002
2.918782e+003,-1.088373e-001
2.919264e+003,-1.176316e-001
2.919747e+003,-1.228976e-001
2.920229e+003,-1.241580e-001
2.920711e+003,-1.207714e-001
2.921193e+003,-1.117123e-001
2.921675e+003,-9.574220e-002
2.922157e+003,-7.196331e-002
2.922639e+003,-4.052381e-002
2.923122e+003,-3.132524e-003
2.923604e+003,3.689852e-002
2.924086e+003,7.517756e-002
2.924568e+003,1.071775e-001
2.925050e+003,1.292950e-001
2.925532e+003,1.396877e-001
2.926014e+003,1.386488e-001
2.926496e+003,1.284440e-001
2.926979e+003,1.126936e-001
2.927461e+003,9.548575e-002
2.927943e+003,8.044260e-002
2.928425e+003,6.993908e-002
2.928907e+003,6.462737e-002
2.929389e+003,6.336100e-002
2.929871e+003,6.355542e-002
2.930353e+003,6.193395e-002
2.930835e+003,5.551952e-002
2.931318e+003,4.261690e-002
2.931800e+003,2.311246e-002
2.932282e+003,-4.202533e-004
2.932764e+003,-2.393559e-002
2.933246e+003,-4.303153e-002
2.933728e+003,-5.425902e-002
2.934210e+003,-5.613882e-002
2.934693e+003,-4.952764e-002
2.935175e+003,-3.721948e-002
2.935657e+003,-2.294724e-002
2.936139e+003,-1.017280e-002
2.936621e+003,-1.111027e-003
2.937103e+003,3.693841e-003
2.937585e+003,5.164853e-003
2.938067e+003,5.036387e-003
2.938550e+003,5.074026e-003
2.939032e+003,6.487324e-003
2.939514e+003,9.717510e-003
2.939996e+003,1.458567e-002
2.940478e+003,2.063383e-002
2.940960e+003,2.744866e-002
2.941442e+003,3.481555e-002
2.941924e+003,4.267621e-002
2.942406e+003,5.096938e-002
2.942889e+003,5.947770e-002
2.943371e+003,6.776670e-002
2.943853e+003,7.522859e-002
2.944335e+003,8.117715e-002
2.944817e+003,8.492660e-002
2.945299e+003,8.583578e-002
2.945781e+003,8.334481e-002
2.946263e+003,7.707714e-002
2.946746e+003,6.702820e-002
2.947228e+003,5.379827e-002
2.947710e+003,3.873168e-002
2.948192e+003,2.381468e-002
2.948674e+003,1.125052e-002
2.949156e+003,2.785998e-003
2.949638e+003,-9.806460e-004
2.950121e+003,-9.968437e-004
2.950603e+003,3.904229e-004
2.951085e+003,1.742181e-004
2.951567e+003,-4.193455e-003
2.952049e+003,-1.372069e-002
2.952531e+003,-2.729007e-002
2.953013e+003,-4.186395e-002
2.953495e+003,-5.346642e-002
2.953978e+003,-5.859237e-002
2.954460e+003,-5.549169e-002
2.954942e+003,-4.480261e-002
2.955424e+003,-2.927055e-002
2.955906e+003,-1.267138e-002
2.956388e+003,1.601877e-003
2.956870e+003,1.170166e-002
2.957352e+003,1.776598e-002
2.957834e+003,2.150220e-002
2.958317e+003,2.514935e-002
2.958799e+003,3.031910e-002
2.959281e+003,3.723323e-002
2.959763e+003,4.466454e-002
2.960245e+003,5.054400e-002
2.960727e+003,5.290337e-002
2.961209e+003,5.069407e-002
2.961691e+003,4.412963e-002
2.962174e+003,3.445673e-002
2.962656e+003,2.574888e-002
2.963138e+003,1.725455e-002
2.963620e+003,9.705289e-003
2.964102e+003,3.338484e-003
2.964584e+003,-1.848778e-003
2.965066e+003,-5.836229e-003
2.965549e+003,-8.524720e-003
2.966031e+003,-9.953793e-003
2.966513e+003,-1.065660e-002
2.966995e+003,-1.186757e-002
2.967477e+003,-1.532675e-002
2.967959e+003,-2.261205e-002
2.968441e+003,-3.422732e-002
2.968923e+003,-4.889422e-002
2.969406e+003,-6.351791e-002
2.969888e+003,-7.405227e-002
2.970370e+003,-7.707361e-002
2.970852e+003,-7.146472e-002
2.971334e+003,-5.944647e-002
2.971816e+003,-4.636618e-002
2.972298e+003,-3.913390e-002
2.972780e+003,-4.377418e-002
2.973262e+003,-6.299657e-002
2.973745e+003,-9.476461e-002
2.974227e+003,-1.325047e-001
2.974709e+003,-1.669608e-001
2.975191e+003,-1.890548e-001
2.975673e+003,-1.927145e-001
2.976155e+003,-1.766738e-001
2.976637e+003,-1.446544e-001
2.977119e+003,-1.039620e-001
2.977602e+003,-6.308255e-002
2.978084e+003,-2.915902e-002
2.978566e+003,-6.186929e-003
2.979048e+003,5.580288e-003
2.979530e+003,8.984514e-003
2.980012e+003,8.460908e-003
2.980494e+003,8.290417e-003
2.980977e+003,1.120551e-002
2.981458e+003,1.775224e-002
2.981941e+003,2.650460e-002
2.982423e+003,3.494447e-002
2.982905e+003,4.061593e-002
2.983387e+003,4.211006e-002
2.983869e+003,3.952534e-002
2.984351e+003,3.425683e-002
2.984833e+003,2.822283e-002
2.985316e+003,2.286722e-002
2.985798e+003,1.838155e-002
2.986280e+003,1.352737e-002
2.986762e+003,6.203005e-003
2.987244e+003,-5.433125e-003
2.987726e+003,-2.174583e-002
2.988208e+003,-4.088197e-002
2.988690e+003,-5.891888e-002
2.989173e+003,-7.096160e-002
2.989655e+003,-7.282551e-002
2.990137e+003,-6.265984e-002
2.990619e+003,-4.184910e-002
2.991101e+003,-1.480108e-002
2.991583e+003,1.232445e-002
2.992065e+003,3.347438e-002
2.992547e+003,4.444341e-002
2.993030e+003,4.386935e-002
2.993512e+003,3.491278e-002
2.993994e+003,1.919139e-002
2.994476e+003,3.206656e-004
2.994958e+003,-1.868445e-002
2.995440e+003,-3.593577e-002
2.995922e+003,-5.046231e-002
2.996405e+003,-6.152286e-002
2.996886e+003,-6.792769e-002
2.997369e+003,-6.783295e-002
2.997851e+003,-5.921091e-002
2.998333e+003,-4.082760e-002
2.998815e+003,-1.326715e-002
2.999297e+003,2.054274e-002
2.999779e+003,5.566627e-002
3.000261e+003,8.635575e-002
3.000744e+003,1.077147e-001
3.001226e+003,1.171936e-001
3.001708e+003,1.153108e-001
3.002190e+003,1.052887e-001
3.002672e+003,9.172715e-002
3.003154e+003,7.883403e-002
3.003636e+003,6.891928e-002
3.004118e+003,6.174965e-002
3.004601e+003,5.499765e-002
3.005083e+003,4.556388e-002
3.005565e+003,3.117656e-002
3.006047e+003,1.157366e-002
3.006529e+003,-1.123694e-002
3.007011e+003,-3.374431e-002
3.007493e+003,-5.238226e-002
3.007975e+003,-6.502599e-002
3.008458e+003,-7.188171e-002
3.008940e+003,-7.537543e-002
3.009422e+003,-7.908273e-002
3.009904e+003,-8.614787e-002
3.010386e+003,-9.785140e-002
3.010868e+003,-1.129170e-001
3.011350e+003,-1.278284e-001
3.011833e+003,-1.380169e-001
3.012315e+003,-1.394372e-001
3.012797e+003,-1.299290e-001
3.013279e+003,-1.098901e-001
3.013761e+003,-8.210890e-002
3.014243e+003,-5.092144e-002
3.014725e+003,-2.107473e-002
3.015207e+003,3.312964e-003
3.015689e+003,1.944153e-002
3.016172e+003,2.610676e-002
3.016654e+003,2.365015e-002
3.017136e+003,1.371674e-002
3.017618e+003,-1.082555e-003
3.018100e+003,-1.757107e-002
3.018582e+003,-3.246641e-002
3.019064e+003,-4.287796e-002
3.019546e+003,-4.675462e-002
3.020029e+003,-4.316472e-002
3.020511e+003,-3.232237e-002
3.020993e+003,-1.536611e-002
3.021475e+003,5.988195e-003
3.021957e+003,2.975126e-002
3.022439e+003,5.379613e-002
3.022921e+003,7.583694e-002
3.023403e+003,9.340209e-002
3.023885e+003,1.040136e-001
3.024368e+003,1.060345e-001
3.024850e+003,9.880587e-002
3.025332e+003,8.356460e-002
3.025814e+003,6.373315e-002
3.026296e+003,4.451351e-002
3.026778e+003,3.167094e-002
3.027260e+003,2.980804e-002
3.027743e+003,4.072866e-002
3.028225e+003,6.254187e-002
3.028707e+003,8.992925e-002
3.029189e+003,1.155706e-001
3.029671e+003,1.322759e-001
3.030153e+003,1.350986e-001
3.030635e+003,1.227064e-001
3.031117e+003,9.756202e-002
3.031600e+003,6.491186e-002
3.032082e+003,3.100236e-002
3.032564e+003,1.183200e-003
3.033046e+003,-2.147458e-002
3.033528e+003,-3.667726e-002
3.034010e+003,-4.649247e-002
3.034492e+003,-5.428119e-002
3.034974e+003,-6.337804e-002
3.035457e+003,-7.591787e-002
3.035939e+003,-9.209971e-002
3.036421e+003,-1.100295e-001
3.036903e+003,-1.261344e-001
3.037385e+003,-1.360323e-001
3.037867e+003,-1.356462e-001
3.038349e+003,-1.223074e-001
3.038832e+003,-9.557832e-002
3.039313e+003,-5.756955e-002
3.039796e+003,-1.264568e-002
3.040278e+003,3.342251e-002
3.040760e+003,7.463899e-002
3.041242e+003,1.059854e-001
3.041724e+003,1.243466e-001
3.042206e+003,1.289737e-001
3.042688e+003,1.214413e-001
3.043171e+003,1.051930e-001
3.043653e+003,8.482315e-002
3.044135e+003,6.524209e-002
3.044617e+003,5.083477e-002
3.045099e+003,4.469043e-002
3.045581e+003,4.799775e-002
3.046063e+003,5.973478e-002
3.046545e+003,7.680397e-002
3.047028e+003,9.470531e-002
3.047510e+003,1.086879e-001
3.047992e+003,1.151009e-001
3.048474e+003,1.125119e-001
3.048956e+003,1.021498e-001
3.049438e+003,8.744258e-002
3.049920e+003,7.276871e-002
3.050402e+003,6.187821e-002
3.050885e+003,5.660180e-002
3.051367e+003,5.636147e-002
3.051849e+003,5.866921e-002
3.052331e+003,6.038195e-002
3.052813e+003,5.915220e-002
3.053295e+003,5.443797e-002
3.053777e+003,4.763601e-002
3.054260e+003,4.130166e-002
3.054741e+003,3.782706e-002
3.055224e+003,3.795626e-002
3.055706e+003,4.101488e-002
3.056188e+003,4.404142e-002
3.056670e+003,4.320627e-002
3.057152e+003,3.515821e-002
3.057634e+003,1.821933e-002
3.058116e+003,-6.971434e-003
3.058599e+003,-3.751820e-002
3.059081e+003,-6.892122e-002
3.059563e+003,-9.606423e-002
3.060045e+003,-1.142561e-001
3.060527e+003,-1.201296e-001
3.061009e+003,-1.122866e-001
3.061491e+003,-9.163518e-002
3.061973e+003,-6.136648e-002
3.062456e+003,-2.651504e-002
3.062938e+003,6.913709e-003
3.063420e+003,3.315518e-002
3.063902e+003,4.799332e-002
3.064384e+003,4.979701e-002
3.064866e+003,3.992105e-002
3.065348e+003,2.226841e-002
3.065830e+003,2.095307e-003
3.066313e+003,-1.556357e-002
3.066795e+003,-2.731997e-002
3.067277e+003,-3.222166e-002
3.067759e+003,-3.167201e-002
3.068241e+003,-2.857742e-002
3.068723e+003,-2.609988e-002
3.069205e+003,-2.650901e-002
3.069688e+003,-3.053729e-002
3.070169e+003,-3.739922e-002
3.070652e+003,-4.536592e-002
3.071134e+003,-5.259178e-002
3.071616e+003,-5.785084e-002
3.072098e+003,-6.093599e-002
3.072580e+003,-6.263407e-002
3.073062e+003,-6.435179e-002
3.073544e+003,-6.755462e-002
3.074027e+003,-7.320072e-002
3.074509e+003,-8.131395e-002
3.074991e+003,-9.078716e-002
3.075473e+003,-9.946497e-002
3.075955e+003,-1.045159e-001
3.076437e+003,-1.030498e-001
3.076919e+003,-9.286275e-002
3.077401e+003,-7.311940e-002
3.077884e+003,-4.474520e-002
3.078366e+003,-1.035872e-002
3.078848e+003,2.629494e-002
3.079330e+003,6.125746e-002
3.079812e+003,9.131540e-002
3.080294e+003,1.146555e-001
3.080776e+003,1.309797e-001
3.081258e+003,1.410626e-001
3.081740e+003,1.459861e-001
3.082223e+003,1.464109e-001
3.082705e+003,1.422318e-001
3.083187e+003,1.327544e-001
3.083669e+003,1.172914e-001
3.084151e+003,9.587135e-002
3.084633e+003,6.970501e-002
3.085115e+003,4.117149e-002
3.085597e+003,1.331750e-002
3.086080e+003,-1.097517e-002
3.086562e+003,-2.964261e-002
3.087044e+003,-4.179949e-002
3.087526e+003,-4.776463e-002
3.088008e+003,-4.870818e-002
3.088490e+003,-4.618390e-002
3.088972e+003,-4.175583e-002
3.089455e+003,-3.680859e-002
3.089937e+003,-3.250050e-002
3.090419e+003,-2.972790e-002
3.090901e+003,-2.900188e-002
3.091383e+003,-3.024387e-002
3.091865e+003,-3.262427e-002
3.092347e+003,-3.461553e-002
3.092829e+003,-3.436657e-002
3.093312e+003,-3.034325e-002
3.093794e+003,-2.202922e-002
3.094276e+003,-1.038585e-002
3.094758e+003,2.167450e-003
3.095240e+003,1.233334e-002
3.095722e+003,1.691771e-002
3.096204e+003,1.387222e-002
3.096686e+003,3.008783e-003
3.097168e+003,-1.387949e-002
3.097651e+003,-3.351932e-002
3.098133e+003,-5.207490e-002
3.098615e+003,-6.615154e-002
3.099097e+003,-7.357068e-002
3.099579e+003,-7.372183e-002
3.100061e+003,-6.745983e-002
3.100543e+003,-5.666124e-002
3.101025e+003,-4.363137e-002
3.101508e+003,-3.054916e-002
3.101990e+003,-1.908210e-002
3.102472e+003,-1.020650e-002
3.102954e+003,-4.213716e-003
3.103436e+003,-8.511033e-004
3.103918e+003,4.555192e-004
3.104400e+003,3.386599e-004
3.104883e+003,-7.582224e-004
3.105365e+003,-2.752234e-003
3.105847e+003,-5.950556e-003
3.106329e+003,-1.090495e-002
3.106811e+003,-1.812202e-002
3.107293e+003,-2.772352e-002
3.107775e+003,-3.919964e-002
3.108257e+003,-5.137657e-002
3.108740e+003,-6.264565e-002
3.109222e+003,-7.139336e-002
3.109704e+003,-7.647195e-002
3.110186e+003,-7.751851e-002
3.110668e+003,-7.497991e-002
3.111150e+003,-6.981423e-002
3.111632e+003,-6.298753e-002
3.112114e+003,-5.497828e-002
3.112596e+003,-4.551968e-002
3.113079e+003,-3.371566e-002
3.113561e+003,-1.850912e-002
3.114043e+003,6.746186e-004
3.114525e+003,2.337950e-002
3.115007e+003,4.791893e-002
3.115489e+003,7.165395e-002
3.115971e+003,9.168924e-002
3.116454e+003,1.057463e-001
3.116936e+003,1.131833e-001
3.117418e+003,1.143929e-001
3.117900e+003,1.113025e-001
3.118382e+003,1.064644e-001
3.118864e+003,1.021554e-001
3.119346e+003,9.962500e-002
3.119828e+003,9.878217e-002
3.120311e+003,9.843443e-002
3.120793e+003,9.697564e-002
3.121275e+003,9.323370e-002
3.121757e+003,8.712623e-002
3.122239e+003,7.984621e-002
3.122721e+003,7.348934e-002
3.123203e+003,7.026301e-002
3.123685e+003,7.159134e-002
3.124167e+003,7.747277e-002
3.124650e+003,8.634730e-002
3.125132e+003,9.552288e-002
3.125614e+003,1.020011e-001
3.126096e+003,1.033992e-001
3.126578e+003,9.864333e-002
3.127060e+003,8.820637e-002
3.127542e+003,7.384697e-002
3.128024e+003,5.798179e-002
3.128507e+003,4.294484e-002
3.128989e+003,3.038314e-002
3.129471e+003,2.094120e-002
3.129953e+003,1.426673e-002
3.130435e+003,9.261075e-003
3.130917e+003,4.466012e-003
3.131399e+003,-1.515334e-003
3.131882e+003,-9.641876e-003
3.132364e+003,-2.015126e-002
3.132846e+003,-3.242160e-002
3.133328e+003,-4.501861e-002
3.133810e+003,-5.595966e-002
3.134292e+003,-6.317413e-002
3.134774e+003,-6.507085e-002
3.135256e+003,-6.105255e-002
3.135739e+003,-5.179902e-002
3.136221e+003,-3.917882e-002
3.136703e+003,-2.577141e-002
3.137185e+003,-1.411572e-002
3.137667e+003,-5.918258e-003
3.138149e+003,-1.491448e-003
3.138631e+003,3.700754e-004
3.139113e+003,2.016741e-003
3.139595e+003,6.183709e-003
3.140078e+003,1.508795e-002
3.140560e+003,2.966390e-002
3.141042e+003,4.916786e-002
3.141524e+003,7.126096e-002
3.142006e+003,9.253518e-002
3.142488e+003,1.093359e-001
3.142970e+003,1.186563e-001
3.143452e+003,1.188708e-001
3.143935e+003,1.101289e-001
3.144417e+003,9.431636e-002
3.144899e+003,7.459471e-002
3.145381e+003,5.463164e-002
3.145863e+003,3.770348e-002
3.146345e+003,2.590792e-002
3.146827e+003,1.971555e-002
3.147310e+003,1.802014e-002
3.147792e+003,1.861801e-002
3.148274e+003,1.933927e-002
3.148756e+003,1.881567e-002
3.149238e+003,1.720585e-002
3.149720e+003,1.628590e-002
3.150202e+003,1.888919e-002
3.150684e+003,2.785986e-002
3.151167e+003,4.489255e-002
3.151649e+003,6.968146e-002
3.152131e+003,9.971023e-002
3.152613e+003,1.307660e-001
3.153095e+003,1.580134e-001
3.153577e+003,1.772610e-001
3.154059e+003,1.859999e-001
3.154541e+003,1.838980e-001
3.155023e+003,1.726324e-001
3.155506e+003,1.551947e-001
3.155988e+003,1.349454e-001
3.156470e+003,1.147470e-001
3.156952e+003,9.641670e-002
3.157434e+003,8.058169e-002
3.157916e+003,6.690336e-002
3.158398e+003,5.452609e-002
3.158880e+003,4.259137e-002
3.159363e+003,3.066963e-002
3.159845e+003,1.901208e-002
3.160327e+003,8.562375e-003
3.160809e+003,7.286880e-004
3.161291e+003,-3.050815e-003
3.161773e+003,-1.845376e-003
3.162255e+003,4.274731e-003
3.162738e+003,1.396847e-002
3.163219e+003,2.472705e-002
3.163702e+003,3.338728e-002
3.164184e+003,3.697532e-002
3.164666e+003,3.363854e-002
3.165148e+003,2.336410e-002
3.165630e+003,8.208539e-003
3.166112e+003,-8.095682e-003
3.166594e+003,-2.109135e-002
3.167077e+003,-2.681246e-002
3.167559e+003,-2.289193e-002
3.168041e+003,-9.182453e-003
3.168523e+003,1.230100e-002
3.169005e+003,3.809246e-002
3.169487e+003,6.437865e-002
3.169969e+003,8.809846e-002
3.170451e+003,1.076570e-001
3.170934e+003,1.230315e-001
3.171416e+003,1.352810e-001
3.171898e+003,1.457215e-001
3.172380e+003,1.551130e-001
3.172862e+003,1.632010e-001
3.173344e+003,1.687770e-001
3.173826e+003,1.702048e-001
3.174308e+003,1.661659e-001
3.174791e+003,1.562914e-001
3.175273e+003,1.414019e-001
3.175755e+003,1.232681e-001
3.176237e+003,1.040124e-001
3.176719e+003,8.542834e-002
3.177201e+003,6.852031e-002
3.177683e+003,5.345793e-002
3.178166e+003,3.994301e-002
3.178647e+003,2.787207e-002
3.179130e+003,1.741650e-002
3.179612e+003,9.777804e-003
3.180094e+003,6.558129e-003
3.180576e+003,9.038831e-003
3.181058e+003,1.743296e-002
3.181540e+003,3.045428e-002
3.182022e+003,4.541921e-002
3.182505e+003,5.886908e-002
3.182987e+003,6.747614e-002
3.183469e+003,6.888901e-002
3.183951e+003,6.221521e-002
3.184433e+003,4.801591e-002
3.184915e+003,2.791015e-002
3.185397e+003,4.032780e-003
3.185879e+003,-2.139062e-002
3.186362e+003,-4.621784e-002
3.186844e+003,-6.836476e-002
3.187326e+003,-8.577514e-002
3.187808e+003,-9.658186e-002
3.188290e+003,-9.952869e-002
3.188772e+003,-9.451663e-002
3.189254e+003,-8.299430e-002
3.189736e+003,-6.790368e-002
3.190219e+003,-5.306196e-002
3.190701e+003,-4.211397e-002
3.191183e+003,-3.741841e-002
3.191665e+003,-3.929776e-002
3.192147e+003,-4.595764e-002
3.192629e+003,-5.410504e-002
3.193111e+003,-6.000737e-002
3.193594e+003,-6.056641e-002
3.194075e+003,-5.401310e-002
3.194558e+003,-4.004424e-002
3.195040e+003,-1.949854e-002
3.195522e+003,6.137258e-003
3.196004e+003,3.507747e-002
3.196486e+003,6.528370e-002
3.196968e+003,9.427904e-002
3.197450e+003,1.189853e-001
3.197933e+003,1.358687e-001
3.198415e+003,1.415285e-001
3.198897e+003,1.336181e-001
3.199379e+003,1.117788e-001
3.199861e+003,7.818858e-002
3.200343e+003,3.744666e-002
3.200825e+003,-4.253102e-003
3.201307e+003,-4.044309e-002
3.201790e+003,-6.580886e-002
3.202272e+003,-7.731033e-002
3.202754e+003,-7.471835e-002
3.203236e+003,-6.048762e-002
3.203718e+003,-3.908192e-002
3.204200e+003,-1.597348e-002
3.204682e+003,3.451176e-003
3.205164e+003,1.488607e-002
3.205646e+003,1.586403e-002
3.206129e+003,6.171621e-003
3.206611e+003,-1.215324e-002
3.207093e+003,-3.527493e-002
3.207575e+003,-5.841254e-002
3.208057e+003,-7.693187e-002
3.208539e+003,-8.741164e-002
3.209021e+003,-8.838553e-002
3.209504e+003,-8.056150e-002
3.209986e+003,-6.640781e-002
3.210468e+003,-4.913977e-002
3.210950e+003,-3.182061e-002
3.211432e+003,-1.663770e-002
3.211914e+003,-4.644167e-003
3.212396e+003,4.030587e-003
3.212878e+003,9.687087e-003
3.213361e+003,1.255597e-002
3.213843e+003,1.252149e-002
3.214325e+003,9.168197e-003
3.214807e+003,2.074331e-003
3.215289e+003,-8.821447e-003
3.215771e+003,-2.297039e-002
3.216253e+003,-3.918292e-002
3.216735e+003,-5.580779e-002
3.217218e+003,-7.103321e-002
3.217700e+003,-8.320171e-002
3.218182e+003,-9.106573e-002
3.218664e+003,-9.395100e-002
3.219146e+003,-9.182344e-002
3.219628e+003,-8.525480e-002
3.220110e+003,-7.528128e-002
3.220593e+003,-6.316398e-002
3.221074e+003,-5.009839e-002
3.221557e+003,-3.696638e-002
3.222039e+003,-2.422757e-002
3.222521e+003,-1.200918e-002
3.223003e+003,-3.553061e-004
3.223485e+003,1.049935e-002
3.223967e+003,2.001183e-002
3.224449e+003,2.749400e-002
3.224932e+003,3.253462e-002
3.225414e+003,3.549038e-002
3.225896e+003,3.775932e-002
3.226378e+003,4.159279e-002
3.226860e+003,4.939766e-002
3.227342e+003,6.273877e-002
3.227824e+003,8.145288e-002
3.228306e+003,1.033038e-001
3.228789e+003,1.244165e-001
3.229271e+003,1.403934e-001
3.229753e+003,1.477089e-001
3.230235e+003,1.448370e-001
3.230717e+003,1.326753e-001
3.231199e+003,1.141255e-001
3.231681e+003,9.305211e-002
3.232163e+003,7.308076e-002
3.232646e+003,5.672260e-002
3.233128e+003,4.509791e-002
3.233610e+003,3.820917e-002
3.234092e+003,3.546245e-002
3.234574e+003,3.607321e-002
3.235056e+003,3.914494e-002
3.235538e+003,4.347404e-002
3.236021e+003,4.734180e-002
3.236502e+003,4.859465e-002
3.236985e+003,4.514311e-002
3.237467e+003,3.573735e-002
3.237949e+003,2.065203e-002
3.238431e+003,1.887268e-003
3.238913e+003,-1.731608e-002
3.239395e+003,-3.352061e-002
3.239877e+003,-4.428608e-002
3.240360e+003,-4.918980e-002
3.240842e+003,-4.936513e-002
3.241324e+003,-4.734340e-002
3.241806e+003,-4.574875e-002
3.242288e+003,-4.619130e-002
3.242770e+003,-4.866201e-002
3.243252e+003,-5.164316e-002
3.243734e+003,-5.282336e-002
3.244217e+003,-5.006267e-002
3.244699e+003,-4.219137e-002
3.245181e+003,-2.935725e-002
3.245663e+003,-1.287150e-002
3.246145e+003,5.276806e-003
3.246627e+003,2.297064e-002
3.247109e+003,3.837568e-002
3.247591e+003,5.014537e-002
3.248073e+003,5.749192e-002
3.248556e+003,6.022932e-002
3.249038e+003,5.883236e-002
3.249520e+003,5.446063e-002
3.250002e+003,4.883545e-002
3.250484e+003,4.389860e-002
3.250966e+003,4.129960e-002
3.251448e+003,4.187652e-002
3.251930e+003,4.534958e-002
3.252413e+003,5.039034e-002
3.252895e+003,5.506888e-002
3.253377e+003,5.752807e-002
3.253859e+003,5.662104e-002
3.254341e+003,5.227074e-002
3.254823e+003,4.543557e-002
3.255305e+003,3.773652e-002
3.255788e+003,3.092396e-002
3.256270e+003,2.638582e-002
3.256752e+003,2.482657e-002
3.257234e+003,2.614232e-002
3.257716e+003,2.945368e-002
3.258198e+003,3.324946e-002
3.258680e+003,3.564047e-002
3.259162e+003,3.474628e-002
3.259645e+003,2.920913e-002
3.260127e+003,1.874406e-002
3.260609e+003,4.523405e-003
3.261091e+003,-1.082853e-002
3.261573e+003,-2.377283e-002
3.262055e+003,-3.085784e-002
3.262537e+003,-2.988528e-002
3.263019e+003,-2.080077e-002
3.263501e+003,-5.904717e-003
3.263984e+003,1.077467e-002
3.264466e+003,2.477696e-002
3.264948e+003,3.270338e-002
3.265430e+003,3.333019e-002
3.265912e+003,2.790325e-002
3.266394e+003,1.951494e-002
3.266876e+003,1.184737e-002
3.267358e+003,7.815159e-003
3.267841e+003,8.642562e-003
3.268323e+003,1.368472e-002
3.268805e+003,2.096483e-002
3.269287e+003,2.811443e-002
3.269769e+003,3.327803e-002
3.270251e+003,3.563052e-002
3.270733e+003,3.538451e-002
3.271216e+003,3.358596e-002
3.271698e+003,3.109271e-002
3.272180e+003,2.872903e-002
3.272662e+003,2.701945e-002
3.273144e+003,2.624341e-002
3.273626e+003,2.655525e-002
3.274108e+003,2.806040e-002
3.274590e+003,3.081423e-002
3.275073e+003,3.478543e-002
3.275555e+003,3.985070e-002
3.276037e+003,4.584451e-002
3.276519e+003,5.261651e-002
3.277001e+003,6.001136e-002
3.277483e+003,6.771942e-002
3.277965e+003,7.504622e-002
3.278447e+003,8.074831e-002
3.278929e+003,8.312090e-002
3.279412e+003,8.042996e-002
3.279894e+003,7.161877e-002
3.280376e+003,5.702222e-002
3.280858e+003,3.873621e-002
3.281340e+003,2.035544e-002
3.281822e+003,6.035793e-003
3.282304e+003,-8.624791e-004
3.282786e+003,9.483040e-004
3.283269e+003,1.001280e-002
3.283751e+003,2.241199e-002
3.284233e+003,3.296652e-002
3.284715e+003,3.697431e-002
3.285197e+003,3.185228e-002
3.285679e+003,1.808145e-002
3.286161e+003,-8.868681e-004
3.286644e+003,-1.970670e-002
3.287126e+003,-3.278853e-002
3.287608e+003,-3.594716e-002
3.288090e+003,-2.750971e-002
3.288572e+003,-8.575728e-003
3.289054e+003,1.755515e-002
3.289536e+003,4.648843e-002
3.290018e+003,7.393000e-002
3.290500e+003,9.657439e-002
3.290983e+003,1.124830e-001
3.291465e+003,1.209885e-001
3.291947e+003,1.223292e-001
3.292429e+003,1.172752e-001
3.292911e+003,1.069263e-001
3.293393e+003,9.273103e-002
3.293875e+003,7.661344e-002
3.294357e+003,6.102794e-002
3.294840e+003,4.876294e-002
3.295322e+003,4.243058e-002
3.295804e+003,4.373532e-002
3.296286e+003,5.275972e-002
3.296768e+003,6.757023e-002
3.297250e+003,8.438665e-002
3.297732e+003,9.837376e-002
3.298215e+003,1.048817e-001
3.298697e+003,1.007596e-001
3.299179e+003,8.531208e-002
3.299661e+003,6.055216e-002
3.300143e+003,3.065227e-002
3.300625e+003,7.631448e-004
3.301107e+003,-2.438710e-002
3.301589e+003,-4.163696e-002
3.302072e+003,-4.990663e-002
3.302554e+003,-5.008241e-002
3.303036e+003,-4.412699e-002
3.303518e+003,-3.426954e-002
3.304000e+003,-2.238182e-002
3.304482e+003,-9.813305e-003
3.304964e+003,2.369515e-003
3.305446e+003,1.299021e-002
3.305928e+003,2.054807e-002
3.306411e+003,2.338226e-002
3.306893e+003,2.019871e-002
3.307375e+003,1.070769e-002
3.307857e+003,-3.972872e-003
3.308339e+003,-2.143011e-002
3.308821e+003,-3.861967e-002
3.309303e+003,-5.284161e-002
3.309785e+003,-6.260184e-002
3.310268e+003,-6.797071e-002
3.310750e+003,-7.027964e-002
3.311232e+003,-7.131280e-002
3.311714e+003,-7.237961e-002
3.312196e+003,-7.370590e-002
3.312678e+003,-7.441602e-002
3.313160e+003,-7.309438e-002
3.313643e+003,-6.863028e-002
3.314125e+003,-6.091570e-002
3.314607e+003,-5.103606e-002
3.315089e+003,-4.085213e-002
3.315571e+003,-3.216686e-002
3.316053e+003,-2.588557e-002
3.316535e+003,-2.158727e-002
3.317017e+003,-1.773374e-002
3.317500e+003,-1.243983e-002
3.317982e+003,-4.457392e-003
3.318464e+003,6.086744e-003
3.318946e+003,1.755874e-002
3.319428e+003,2.738930e-002
3.319910e+003,3.312477e-002
3.320392e+003,3.351590e-002
3.320874e+003,2.915878e-002
3.321356e+003,2.238739e-002
3.321839e+003,1.641902e-002
3.322321e+003,1.406500e-002
3.322803e+003,1.650726e-002
3.323285e+003,2.263379e-002
3.323767e+003,2.922637e-002
3.324249e+003,3.198122e-002
3.324731e+003,2.702460e-002
3.325213e+003,1.239178e-002
3.325696e+003,-1.106312e-002
3.326178e+003,-3.966796e-002
3.326660e+003,-6.787159e-002
3.327142e+003,-8.982426e-002
3.327624e+003,-1.010785e-001
3.328106e+003,-9.984457e-002
3.328588e+003,-8.739533e-002
3.329071e+003,-6.751605e-002
3.329552e+003,-4.523148e-002
3.330035e+003,-2.527878e-002
3.330517e+003,-1.084216e-002
3.330999e+003,-2.942195e-003
3.331481e+003,-5.943548e-004
3.331963e+003,-1.575431e-003
3.332445e+003,-3.423753e-003
3.332927e+003,-4.304987e-003
3.333410e+003,-3.308943e-003
3.333892e+003,-4.061813e-004
3.334374e+003,3.956193e-003
3.334856e+003,9.267648e-003
3.335338e+003,1.515506e-002
3.335820e+003,2.129506e-002
3.336302e+003,2.716099e-002
3.336784e+003,3.183255e-002
3.337267e+003,3.408512e-002
3.337749e+003,3.281538e-002
3.338231e+003,2.766418e-002
3.338713e+003,1.954727e-002
3.339195e+003,1.079760e-002
3.339677e+003,4.751975e-003
3.340159e+003,4.855906e-003
3.340641e+003,1.356398e-002
3.341124e+003,3.143173e-002
3.341606e+003,5.673833e-002
3.342088e+003,8.579604e-002
3.342570e+003,1.138552e-001
3.343052e+003,1.363082e-001
3.343534e+003,1.497983e-001
3.344016e+003,1.529067e-001
3.344499e+003,1.462578e-001
3.344980e+003,1.320984e-001
3.345463e+003,1.135530e-001
3.345945e+003,9.381891e-002
3.346427e+003,7.552206e-002
3.346909e+003,6.035937e-002
3.347391e+003,4.903992e-002
3.347873e+003,4.146987e-002
3.348355e+003,3.707499e-002
3.348838e+003,3.515733e-002
3.349320e+003,3.518828e-002
3.349802e+003,3.696160e-002
3.350284e+003,4.056517e-002
3.350766e+003,4.617775e-002
3.351248e+003,5.374824e-002
3.351730e+003,6.268483e-002
3.352212e+003,7.168160e-002
3.352695e+003,7.880486e-002
3.353177e+003,8.186322e-002
3.353659e+003,7.898535e-002
3.354141e+003,6.923238e-002
3.354623e+003,5.302558e-002
3.355105e+003,3.221259e-002
3.355587e+003,9.713281e-003
3.356069e+003,-1.117260e-002
3.356552e+003,-2.758187e-002
3.357034e+003,-3.777802e-002
3.357516e+003,-4.150566e-002
3.357998e+003,-3.992178e-002
3.358480e+003,-3.515407e-002
3.358962e+003,-2.965730e-002
3.359444e+003,-2.556428e-002
3.359927e+003,-2.420966e-002
3.360408e+003,-2.591226e-002
3.360891e+003,-3.001734e-002
3.361373e+003,-3.513594e-002
3.361855e+003,-3.948699e-002
3.362337e+003,-4.126224e-002
3.362819e+003,-3.896532e-002
3.363301e+003,-3.169476e-002
3.363783e+003,-1.934893e-002
3.364266e+003,-2.783489e-003
3.364748e+003,1.626299e-002
3.365230e+003,3.539447e-002
3.365712e+003,5.201433e-002
3.366194e+003,6.393430e-002
3.366676e+003,6.997669e-002
3.367158e+003,7.037023e-002
3.367640e+003,6.676097e-002
3.368123e+003,6.176952e-002
3.368605e+003,5.818039e-002
3.369087e+003,5.799911e-002
3.369569e+003,6.171601e-002
3.370051e+003,6.808256e-002
3.370533e+003,7.455171e-002
3.371015e+003,7.827223e-002
3.371497e+003,7.728071e-002
3.371979e+003,7.141054e-002
3.372462e+003,6.250723e-002
3.372944e+003,5.379484e-002
3.373426e+003,4.859266e-002
3.373908e+003,4.888702e-002
3.374390e+003,5.437455e-002
3.374872e+003,6.244149e-002
3.375354e+003,6.916338e-002
3.375836e+003,7.096293e-002
3.376319e+003,6.624646e-002
3.376801e+003,5.629605e-002
3.377283e+003,4.497701e-002
3.377765e+003,3.731865e-002
3.378247e+003,3.753164e-002
3.378729e+003,4.730315e-002
3.379211e+003,6.510444e-002
3.379694e+003,8.681031e-002
3.380176e+003,1.073541e-001
3.380658e+003,1.226898e-001
3.381140e+003,1.312047e-001
3.381622e+003,1.339882e-001
3.382104e+003,1.338948e-001
3.382586e+003,1.338940e-001
3.383068e+003,1.355182e-001
3.383551e+003,1.381464e-001
3.384033e+003,1.394538e-001
3.384515e+003,1.367806e-001
3.384997e+003,1.287231e-001
3.385479e+003,1.161180e-001
3.385961e+003,1.018939e-001
3.386443e+003,8.981644e-002
3.386925e+003,8.271492e-002
3.387407e+003,8.102860e-002
3.387890e+003,8.237949e-002
3.388372e+003,8.240265e-002
3.388854e+003,7.649930e-002
3.389336e+003,6.174979e-002
3.389818e+003,3.816706e-002
3.390300e+003,8.776367e-003
3.390782e+003,-2.145886e-002
3.391265e+003,-4.737592e-002
3.391747e+003,-6.527530e-002
3.392229e+003,-7.386130e-002
3.392711e+003,-7.414343e-002
3.393193e+003,-6.846644e-002
3.393675e+003,-5.921279e-002
3.394157e+003,-4.782699e-002
3.394639e+003,-3.455268e-002
3.395122e+003,-1.904808e-002
3.395604e+003,-1.247286e-003
3.396086e+003,1.784164e-002
3.396568e+003,3.593227e-002
3.397050e+003,4.998070e-002
3.397532e+003,5.722816e-002
3.398014e+003,5.629885e-002
3.398496e+003,4.786429e-002
3.398979e+003,3.457778e-002
3.399461e+003,2.031306e-002
3.399943e+003,9.005539e-003
3.400425e+003,3.540950e-003
3.400907e+003,5.069331e-003
3.401389e+003,1.294355e-002
3.401871e+003,2.521932e-002
3.402354e+003,3.944856e-002
3.402835e+003,5.341506e-002
3.403318e+003,6.554330e-002
3.403800e+003,7.488638e-002
3.404282e+003,8.081582e-002
3.404764e+003,8.265869e-002
3.405246e+003,7.954918e-002
3.405728e+003,7.064580e-002
3.406210e+003,5.566644e-002
3.406693e+003,3.550942e-002
3.407175e+003,1.263082e-002
3.407657e+003,-9.114363e-003
3.408139e+003,-2.526518e-002
3.408621e+003,-3.202499e-002
3.409103e+003,-2.759118e-002
3.409585e+003,-1.304471e-002
3.410067e+003,7.608668e-003
3.410550e+003,2.836755e-002
3.411032e+003,4.291369e-002
3.411514e+003,4.652993e-002
3.411996e+003,3.761152e-002
3.412478e+003,1.822770e-002
3.412960e+003,-6.496095e-003
3.413442e+003,-2.997224e-002
3.413924e+003,-4.615300e-002
3.414406e+003,-5.124998e-002
3.414889e+003,-4.461471e-002
3.415371e+003,-2.856321e-002
3.415853e+003,-7.304925e-003
3.416335e+003,1.456500e-002
3.416817e+003,3.344812e-002
3.417299e+003,4.754611e-002
3.417781e+003,5.691218e-002
3.418263e+003,6.287801e-002
3.418746e+003,6.719140e-002
3.419228e+003,7.124141e-002
3.419710e+003,7.563392e-002
3.420192e+003,8.019519e-002
3.420674e+003,8.429235e-002
3.421156e+003,8.724909e-002
3.421638e+003,8.863857e-002
3.422121e+003,8.833579e-002
3.422603e+003,8.635382e-002
3.423085e+003,8.259396e-002
3.423567e+003,7.667460e-002
3.424049e+003,6.795014e-002
3.424531e+003,5.574746e-002
3.425013e+003,3.973645e-002
3.425495e+003,2.026082e-002
3.425978e+003,-1.373215e-003
3.426460e+003,-2.310992e-002
3.426942e+003,-4.249684e-002
3.427424e+003,-5.728399e-002
3.427906e+003,-6.603103e-002
3.428388e+003,-6.849199e-002
3.428870e+003,-6.562129e-002
3.429352e+003,-5.918230e-002
3.429834e+003,-5.110474e-002
3.430317e+003,-4.285267e-002
3.430799e+003,-3.506961e-002
3.431281e+003,-2.766056e-002
3.431763e+003,-2.027569e-002
3.432245e+003,-1.295155e-002
3.432727e+003,-6.567967e-003
3.433209e+003,-2.834881e-003
3.433691e+003,-3.739779e-003
3.434174e+003,-1.065148e-002
3.434656e+003,-2.348376e-002
3.435138e+003,-4.034358e-002
3.435620e+003,-5.791355e-002
3.436102e+003,-7.248526e-002
3.436584e+003,-8.124242e-002
3.437066e+003,-8.324668e-002
3.437549e+003,-7.969076e-002
3.438031e+003,-7.330758e-002
3.438513e+003,-6.721067e-002
3.438995e+003,-6.369569e-002
3.439477e+003,-6.355062e-002
3.439959e+003,-6.615140e-002
3.440441e+003,-7.023192e-002
3.440923e+003,-7.487170e-002
3.441406e+003,-8.014113e-002
3.441888e+003,-8.702737e-002
3.442370e+003,-9.665226e-002
3.442852e+003,-1.091928e-001
3.443334e+003,-1.231359e-001
3.443816e+003,-1.353416e-001
3.444298e+003,-1.419985e-001
3.444780e+003,-1.400939e-001
3.445262e+003,-1.287664e-001
3.445745e+003,-1.099264e-001
3.446227e+003,-8.779561e-002
3.446709e+003,-6.744967e-002
3.447191e+003,-5.292937e-002
3.447673e+003,-4.574490e-002
3.448155e+003,-4.446220e-002
3.448637e+003,-4.551530e-002
3.449119e+003,-4.480277e-002
3.449602e+003,-3.931998e-002
3.450084e+003,-2.818445e-002
3.450566e+003,-1.275273e-002
3.451048e+003,4.072849e-003
3.451530e+003,1.897166e-002
3.452012e+003,2.927683e-002
3.452494e+003,3.362069e-002
3.452977e+003,3.202605e-002
3.453458e+003,2.558313e-002
3.453941e+003,1.596812e-002
3.454423e+003,5.025517e-003
3.454905e+003,-5.518675e-003
3.455387e+003,-1.425987e-002
3.455869e+003,-2.031494e-002
3.456351e+003,-2.527656e-002
3.456833e+003,-2.548605e-002
3.457316e+003,-2.280175e-002
3.457798e+003,-2.028714e-002
3.458280e+003,-2.079149e-002
3.458762e+003,-2.546847e-002
3.459244e+003,-3.296786e-002
3.459726e+003,-3.978125e-002
3.460208e+003,-4.167962e-002
3.460690e+003,-3.564674e-002
3.461173e+003,-2.144520e-002
3.461655e+003,-2.099660e-003
3.462137e+003,1.695228e-002
3.462619e+003,2.968666e-002
3.463101e+003,3.153700e-002
3.463583e+003,2.083918e-002
3.464065e+003,-7.822303e-004
3.464547e+003,-2.904634e-002
3.465030e+003,-5.824285e-002
3.465512e+003,-8.254886e-002
3.465994e+003,-9.708792e-002
3.466476e+003,-9.862433e-002
3.466958e+003,-8.594885e-002
3.467440e+003,-6.004224e-002
3.467922e+003,-2.402383e-002
3.468405e+003,1.719368e-002
3.468887e+003,5.763151e-002
3.469369e+003,9.133540e-002
3.469851e+003,1.136254e-001
3.470333e+003,1.221407e-001
3.470815e+003,1.172933e-001
3.471297e+003,1.019217e-001
3.471779e+003,8.024730e-002
3.472261e+003,5.651759e-002
3.472744e+003,3.384504e-002
3.473226e+003,1.362895e-002
3.473708e+003,-4.300027e-003
3.474190e+003,-2.096842e-002
3.474672e+003,-3.733594e-002
3.475154e+003,-5.355567e-002
3.475636e+003,-6.869724e-002
3.476118e+003,-8.098795e-002
3.476601e+003,-8.842394e-002
3.477083e+003,-8.948423e-002
3.477565e+003,-8.368728e-002
3.478047e+003,-7.181725e-002
3.478529e+003,-5.577620e-002
3.479011e+003,-3.813573e-002
3.479493e+003,-2.154339e-002
3.479975e+003,-8.165890e-003
3.480458e+003,6.806885e-004
3.480940e+003,4.631076e-003
3.481422e+003,4.115300e-003
3.481904e+003,4.556554e-005
3.482386e+003,-6.502945e-003
3.482868e+003,-1.448541e-002
3.483350e+003,-2.291205e-002
3.483833e+003,-3.076423e-002
3.484315e+003,-3.692949e-002
3.484797e+003,-4.026457e-002
3.485279e+003,-3.980647e-002
3.485761e+003,-3.504924e-002
3.486243e+003,-2.614176e-002
3.486725e+003,-1.388819e-002
3.487207e+003,-8.786232e-004
3.487689e+003,1.295665e-002
3.488172e+003,2.752938e-002
3.488654e+003,4.297053e-002
3.489136e+003,5.927666e-002
3.489618e+003,7.592753e-002
3.490100e+003,9.170581e-002
3.490582e+003,1.048725e-001
3.491064e+003,1.136808e-001
3.491546e+003,1.170291e-001
3.492029e+003,1.149656e-001
3.492511e+003,1.087896e-001
3.492993e+003,1.006586e-001
3.493475e+003,9.283379e-002
3.493957e+003,8.686596e-002
3.494439e+003,8.305989e-002
3.494921e+003,8.044077e-002
3.495404e+003,7.720940e-002
3.495885e+003,7.147553e-002
3.496368e+003,6.194003e-002
3.496850e+003,4.825924e-002
3.497332e+003,3.099698e-002
3.497814e+003,1.128524e-002
3.498296e+003,-9.568390e-003
3.498778e+003,-3.031316e-002
3.499260e+003,-4.977181e-002
3.499743e+003,-6.674085e-002
3.500225e+003,-7.997383e-002
3.500707e+003,-8.838330e-002
3.501189e+003,-9.145115e-002
3.501671e+003,-8.965430e-002
3.502153e+003,-8.462425e-002
3.502635e+003,-7.882681e-002
3.503117e+003,-7.476844e-002
3.503600e+003,-7.400818e-002
3.504082e+003,-7.641952e-002
3.504564e+003,-8.008641e-002
3.505046e+003,-8.192985e-002
3.505528e+003,-7.881414e-002
3.506010e+003,-6.867247e-002
3.506492e+003,-5.121049e-002
3.506974e+003,-2.797033e-002
3.507457e+003,-1.779151e-003
3.507939e+003,2.417519e-002
3.508421e+003,4.729588e-002
3.508903e+003,6.620859e-002
3.509385e+003,8.085393e-002
3.509867e+003,9.205227e-002
3.510349e+003,1.008115e-001
3.510832e+003,1.077326e-001
3.511313e+003,1.127814e-001
3.511796e+003,1.154707e-001
3.512278e+003,1.152922e-001
3.512760e+003,1.121456e-001
3.513242e+003,1.065552e-001
3.513724e+003,9.958202e-002
3.514206e+003,9.249494e-002
3.514688e+003,8.635827e-002
3.515171e+003,8.170854e-002
3.515653e+003,7.843036e-002
3.516135e+003,7.584461e-002
3.516617e+003,7.294079e-002
3.517099e+003,6.865594e-002
3.517581e+003,6.211019e-002
3.518063e+003,5.269092e-002
3.518545e+003,4.027060e-002
3.519028e+003,2.511016e-002
3.519510e+003,7.864475e-003
3.519992e+003,-1.042031e-002
3.520474e+003,-2.829687e-002
3.520956e+003,-4.391969e-002
3.521438e+003,-5.511815e-002
3.521920e+003,-5.960822e-002
3.522402e+003,-5.539037e-002
3.522885e+003,-4.130827e-002
3.523367e+003,-1.763548e-002
3.523849e+003,1.353428e-002
3.524331e+003,4.831003e-002
3.524813e+003,8.153509e-002
3.525295e+003,1.077375e-001
3.525777e+003,1.222721e-001
3.526260e+003,1.223646e-001
3.526741e+003,1.077722e-001
3.527224e+003,8.083797e-002
3.527706e+003,4.585098e-002
3.528188e+003,7.865925e-003
3.528670e+003,-2.861546e-002
3.529152e+003,-6.060236e-002
3.529634e+003,-8.687584e-002
3.530116e+003,-1.075575e-001
3.530599e+003,-1.233077e-001
3.531081e+003,-1.345842e-001
3.531563e+003,-1.412998e-001
3.532045e+003,-1.429637e-001
3.532527e+003,-1.391395e-001
3.533009e+003,-1.299103e-001
3.533491e+003,-1.160785e-001
3.533973e+003,-9.900613e-002
3.534456e+003,-8.020785e-002
3.534938e+003,-6.094328e-002
3.535420e+003,-4.205605e-002
3.535902e+003,-2.416570e-002
3.536384e+003,-8.105075e-003
3.536866e+003,4.692410e-003
3.537348e+003,1.216696e-002
3.537830e+003,1.210820e-002
3.538313e+003,3.000974e-003
3.538795e+003,-1.511095e-002
3.539277e+003,-4.015248e-002
3.539759e+003,-6.821984e-002
3.540241e+003,-9.445973e-002
3.540723e+003,-1.143106e-001
3.541205e+003,-1.246298e-001
3.541688e+003,-1.242781e-001
3.542169e+003,-1.140102e-001
3.542652e+003,-9.581912e-002
3.543134e+003,-7.210219e-002
3.543616e+003,-4.503362e-002
3.544098e+003,-1.639710e-002
3.544580e+003,1.213697e-002
3.545062e+003,3.855772e-002
3.545544e+003,6.027242e-002
3.546027e+003,7.436835e-002
3.546509e+003,7.837828e-002
3.546991e+003,7.121524e-002
3.547473e+003,5.378270e-002
3.547955e+003,2.890769e-002
3.548437e+003,6.131303e-004
3.548919e+003,-2.682861e-002
3.549401e+003,-4.990529e-002
3.549884e+003,-6.632165e-002
3.550366e+003,-7.493082e-002
3.550848e+003,-7.538504e-002
3.551330e+003,-6.773643e-002
3.551812e+003,-5.224247e-002
3.552294e+003,-2.949104e-002
3.552776e+003,-7.549305e-004
3.553258e+003,3.168757e-002
3.553740e+003,6.455682e-002
3.554223e+003,9.403767e-002
3.554705e+003,1.166174e-001
3.555187e+003,1.300081e-001
3.555669e+003,1.337782e-001
3.556151e+003,1.293983e-001
3.556633e+003,1.196073e-001
3.557115e+003,1.072916e-001
3.557597e+003,9.429460e-002
3.558080e+003,8.064269e-002
3.558562e+003,6.454980e-002
3.559044e+003,4.327250e-002
3.559526e+003,1.452639e-002
3.560008e+003,-2.208430e-002
3.560490e+003,-6.422394e-002
3.560972e+003,-1.069513e-001
3.561455e+003,-1.438079e-001
3.561937e+003,-1.684937e-001
3.562419e+003,-1.765393e-001
3.562901e+003,-1.664223e-001
3.563383e+003,-1.398277e-001
3.563865e+003,-1.010962e-001
3.564347e+003,-5.617772e-002
3.564829e+003,-1.146870e-002
3.565312e+003,2.721644e-002
3.565794e+003,5.546397e-002
3.566276e+003,7.089005e-002
3.566758e+003,7.352861e-002
3.567240e+003,6.579556e-002
3.567722e+003,5.188179e-002
3.568204e+003,3.667078e-002
3.568686e+003,2.455642e-002
3.569168e+003,1.855714e-002
3.569651e+003,1.989560e-002
3.570133e+003,2.800413e-002
3.570615e+003,4.085289e-002
3.571097e+003,5.552929e-002
3.571579e+003,6.900530e-002
3.572061e+003,7.894985e-002
3.572543e+003,8.434900e-002
3.573026e+003,8.568552e-002
3.573508e+003,8.455056e-002
3.573990e+003,8.281963e-002
3.574472e+003,8.174672e-002
3.574954e+003,8.140599e-002
3.575436e+003,8.075763e-002
3.575918e+003,7.830655e-002
3.576400e+003,7.302529e-002
3.576883e+003,6.507219e-002
3.577365e+003,5.592602e-002
3.577847e+003,4.783378e-002
3.578329e+003,4.280131e-002
3.578811e+003,4.159253e-002
3.579293e+003,4.323037e-002
3.579775e+003,4.521542e-002
3.580257e+003,4.461785e-002
3.580740e+003,3.920809e-002
3.581222e+003,2.839343e-002
3.581704e+003,1.345945e-002
3.582186e+003,-2.949858e-003
3.582668e+003,-1.782567e-002
3.583150e+003,-2.878154e-002
3.583632e+003,-3.460656e-002
3.584115e+003,-3.522868e-002
3.584596e+003,-3.122505e-002
3.585079e+003,-2.321927e-002
3.585561e+003,-1.152429e-002
3.586043e+003,3.740898e-003
3.586525e+003,2.209779e-002
3.587007e+003,4.206535e-002
3.587489e+003,6.096775e-002
3.587971e+003,7.554784e-002
3.588454e+003,8.318233e-002
3.588936e+003,8.299163e-002
3.589418e+003,7.619060e-002
3.589900e+003,6.555679e-002
3.590382e+003,5.439593e-002
3.590864e+003,4.548465e-002
3.591346e+003,4.032404e-002
3.591828e+003,3.884061e-002
3.592311e+003,3.956167e-002
3.592793e+003,4.020875e-002
3.593275e+003,3.855538e-002
3.593757e+003,3.326722e-002
3.594239e+003,2.442108e-002
3.594721e+003,1.349693e-002
3.595203e+003,2.879685e-003
3.595685e+003,-4.906411e-003
3.596167e+003,-7.948756e-003
3.596650e+003,-5.476024e-003
3.597132e+003,1.916383e-003
3.597614e+003,1.234583e-002
3.598096e+003,2.299565e-002
3.598578e+003,3.069653e-002
3.599060e+003,3.268566e-002
3.599542e+003,2.741660e-002
3.600024e+003,1.518689e-002
3.600507e+003,-1.719633e-003
3.600989e+003,-1.959011e-002
3.601471e+003,-3.445418e-002
3.601953e+003,-4.343295e-002
3.602435e+003,-4.569097e-002
3.602917e+003,-4.259840e-002
3.603399e+003,-3.707757e-002
3.603882e+003,-3.242778e-002
3.604364e+003,-3.107211e-002
3.604846e+003,-3.366169e-002
3.605328e+003,-3.883929e-002
3.605810e+003,-4.373989e-002
3.606292e+003,-4.507845e-002
3.606774e+003,-4.050110e-002
3.607256e+003,-2.977175e-002
3.607739e+003,-1.532503e-002
3.608221e+003,-1.807339e-003
3.608703e+003,5.387161e-003
3.609185e+003,2.000218e-003
3.609667e+003,-1.366159e-002
3.610149e+003,-4.028429e-002
3.610631e+003,-7.381953e-002
3.611113e+003,-1.087480e-001
3.611595e+003,-1.384717e-001
3.612078e+003,-1.566138e-001
3.612560e+003,-1.584376e-001
3.613042e+003,-1.423194e-001
3.613524e+003,-1.105769e-001
3.614006e+003,-6.902002e-002
3.614488e+003,-2.530410e-002
3.614970e+003,1.311378e-002
3.615452e+003,4.056236e-002
3.615935e+003,5.394107e-002
3.616417e+003,5.282404e-002
3.616899e+003,3.912895e-002
3.617381e+003,1.649763e-002
3.617863e+003,-1.054341e-002
3.618345e+003,-3.753691e-002
3.618827e+003,-6.092871e-002
3.619310e+003,-7.850800e-002
3.619792e+003,-8.932274e-002
3.620274e+003,-9.323511e-002
3.620756e+003,-9.046093e-002
3.621238e+003,-8.136741e-002
3.621720e+003,-6.655228e-002
3.622202e+003,-4.705661e-002
3.622684e+003,-2.452247e-002
3.623167e+003,-1.157197e-003
3.623649e+003,2.054739e-002
3.624131e+003,3.829474e-002
3.624613e+003,5.049554e-002
3.625095e+003,5.660022e-002
3.625577e+003,5.713560e-002
3.626059e+003,5.350007e-002
3.626541e+003,4.768392e-002
3.627023e+003,4.200859e-002
3.627506e+003,3.878485e-002
3.627988e+003,3.966100e-002
3.628470e+003,4.466092e-002
3.628952e+003,5.154333e-002
3.629434e+003,5.638456e-002
3.629916e+003,5.530492e-002
3.630398e+003,4.608455e-002
3.630880e+003,2.874628e-002
3.631363e+003,5.323472e-003
3.631845e+003,-2.062879e-002
3.632327e+003,-4.461857e-002
3.632809e+003,-6.207541e-002
3.633291e+003,-6.957415e-002
3.633773e+003,-6.610323e-002
3.634255e+003,-5.367410e-002
3.634738e+003,-3.673599e-002
3.635219e+003,-2.056098e-002
3.635702e+003,-9.396953e-003
3.636184e+003,-5.191895e-003
3.636666e+003,-7.250317e-003
3.637148e+003,-1.276927e-002
3.637630e+003,-1.798661e-002
3.638112e+003,-1.955853e-002
3.638594e+003,-1.571182e-002
3.639077e+003,-6.776078e-003
3.639559e+003,5.047482e-003
3.640041e+003,1.651739e-002
3.640523e+003,2.444722e-002
3.641005e+003,2.673502e-002
3.641487e+003,2.327583e-002
3.641969e+003,1.558847e-002
3.642451e+003,6.963866e-003
3.642934e+003,1.486122e-003
3.643416e+003,2.955103e-003
3.643898e+003,1.390175e-002
3.644380e+003,3.491848e-002
3.644862e+003,6.436918e-002
3.645344e+003,9.846069e-002
3.645826e+003,1.316989e-001
3.646308e+003,1.578196e-001
3.646791e+003,1.712210e-001
3.647273e+003,1.686420e-001
3.647755e+003,1.504667e-001
3.648237e+003,1.209224e-001
3.648719e+003,8.684211e-002
3.649201e+003,5.540889e-002
3.649683e+003,3.183992e-002
3.650166e+003,1.804874e-002
3.650647e+003,1.277914e-002
3.651130e+003,1.291964e-002
3.651612e+003,1.508000e-002
3.652094e+003,1.660792e-002
3.652576e+003,1.582737e-002
3.653058e+003,1.181666e-002
3.653540e+003,4.135716e-003
3.654022e+003,-7.233720e-003
3.654505e+003,-2.170577e-002
3.654987e+003,-3.780977e-002
3.655469e+003,-5.314610e-002
3.655951e+003,-6.488257e-002
3.656433e+003,-7.073995e-002
3.656915e+003,-6.988371e-002
3.657397e+003,-6.310520e-002
3.657879e+003,-5.223995e-002
3.658362e+003,-3.932663e-002
3.658844e+003,-2.598630e-002
3.659326e+003,-1.319305e-002
3.659808e+003,-1.361293e-003
3.660290e+003,9.402538e-003
3.660772e+003,1.906191e-002
3.661254e+003,2.756048e-002
3.661736e+003,3.494656e-002
3.662219e+003,4.164455e-002
3.662701e+003,4.869604e-002
3.663183e+003,5.775826e-002
3.663665e+003,7.075523e-002
3.664147e+003,8.923168e-002
3.664629e+003,1.136509e-001
3.665111e+003,1.429055e-001
3.665594e+003,1.742471e-001
3.666076e+003,2.036276e-001
3.666558e+003,2.263204e-001
3.667040e+003,2.376039e-001
3.667522e+003,2.334049e-001
3.668004e+003,2.109431e-001
3.668486e+003,1.695468e-001
3.668968e+003,1.116584e-001
3.669450e+003,4.355586e-002
3.669933e+003,-2.526328e-002
3.670415e+003,-8.459298e-002
3.670897e+003,-1.267742e-001
3.671379e+003,-1.484637e-001
3.671861e+003,-1.500474e-001
3.672343e+003,-1.339711e-001
3.672825e+003,-1.030657e-001
3.673307e+003,-6.058623e-002
3.673790e+003,-1.107641e-002
3.674272e+003,3.834341e-002
3.674754e+003,7.781145e-002
3.675236e+003,9.744689e-002
3.675718e+003,9.236419e-002
3.676200e+003,6.576152e-002
3.676682e+003,2.686341e-002
3.677165e+003,-1.389692e-002
3.677646e+003,-4.831864e-002
3.678129e+003,-7.142247e-002
3.678611e+003,-8.127406e-002
3.679093e+003,-7.868338e-002
3.679575e+003,-6.688535e-002
3.680057e+003,-5.078074e-002
3.680539e+003,-3.560268e-002
3.681021e+003,-2.538283e-002
3.681504e+003,-2.188577e-002
3.681986e+003,-2.435255e-002
3.682468e+003,-3.000398e-002
3.682950e+003,-3.501137e-002
3.683432e+003,-3.566410e-002
3.683914e+003,-2.938207e-002
3.684396e+003,-1.527718e-002
3.684878e+003,5.903150e-003
3.685361e+003,3.224969e-002
3.685843e+003,6.125090e-002
3.686325e+003,9.015953e-002
3.686807e+003,1.161999e-001
3.687289e+003,1.368023e-001
3.687771e+003,1.501026e-001
3.688253e+003,1.555821e-001
3.688735e+003,1.544223e-001
3.689218e+003,1.490828e-001
3.689700e+003,1.422506e-001
3.690182e+003,1.357677e-001
3.690664e+003,1.301317e-001
3.691146e+003,1.246355e-001
3.691628e+003,1.179605e-001
3.692110e+003,1.088597e-001
3.692593e+003,9.667247e-002
3.693074e+003,8.146281e-002
3.693557e+003,6.381929e-002
3.694039e+003,4.446965e-002
3.694521e+003,2.396259e-002
3.695003e+003,2.567169e-003
3.695485e+003,-1.952524e-002
3.695967e+003,-4.179706e-002
3.696449e+003,-6.298559e-002
3.696932e+003,-8.092961e-002
3.697414e+003,-9.280597e-002
3.697896e+003,-9.571287e-002
3.698378e+003,-8.737330e-002
3.698860e+003,-6.680246e-002
3.699342e+003,-3.481045e-002
3.699824e+003,5.713555e-003
3.700306e+003,4.991747e-002
3.700789e+003,9.166448e-002
3.701271e+003,1.248132e-001
3.701753e+003,1.447300e-001
3.702235e+003,1.494344e-001
3.702717e+003,1.398657e-001
3.703199e+003,1.193137e-001
3.703681e+003,9.244258e-002
3.704163e+003,6.419088e-002
3.704646e+003,3.897124e-002
3.705128e+003,2.001363e-002
3.705610e+003,8.834044e-003
3.706092e+003,4.925229e-003
3.706574e+003,5.813156e-003
3.707056e+003,7.669796e-003
3.707538e+003,6.460147e-003
3.708021e+003,-6.214577e-004
3.708502e+003,-1.394503e-002
3.708985e+003,-3.099892e-002
3.709467e+003,-4.705440e-002
3.709949e+003,-5.683846e-002
3.710431e+003,-5.669595e-002
3.710913e+003,-4.629978e-002
3.711395e+003,-2.895713e-002
3.711877e+003,-1.004119e-002
3.712360e+003,5.724861e-003
3.712842e+003,1.650421e-002
3.713324e+003,2.372167e-002
3.713806e+003,3.062610e-002
3.714288e+003,4.016106e-002
3.714770e+003,5.335802e-002
3.715252e+003,6.878150e-002
3.715734e+003,8.304093e-002
3.716217e+003,9.208728e-002
3.716699e+003,9.289455e-002
3.717181e+003,8.491729e-002
3.717663e+003,7.068964e-002
3.718145e+003,5.514893e-002
3.718627e+003,4.392202e-002
3.719109e+003,4.132034e-002
3.719591e+003,4.892766e-002
3.720073e+003,6.523465e-002
3.720556e+003,8.630228e-002
3.721038e+003,1.070742e-001
3.721520e+003,1.228638e-001
3.722002e+003,1.305185e-001
3.722484e+003,1.289397e-001
3.722966e+003,1.189049e-001
3.723448e+003,1.024868e-001
3.723930e+003,8.245929e-002
3.724413e+003,6.194186e-002
3.724895e+003,4.420772e-002
3.725377e+003,3.240504e-002
3.725859e+003,2.896420e-002
3.726341e+003,3.479316e-002
3.726823e+003,4.868140e-002
3.727305e+003,6.742440e-002
3.727788e+003,8.674125e-002
3.728270e+003,1.025393e-001
3.728752e+003,1.118976e-001
3.729234e+003,1.134593e-001
3.729716e+003,1.072859e-001
3.730198e+003,9.440953e-002
3.730680e+003,7.628565e-002
3.731162e+003,5.428433e-002
3.731645e+003,2.937075e-002
3.732127e+003,2.127582e-003
3.732609e+003,-2.684274e-002
3.733091e+003,-5.631361e-002
3.733573e+003,-8.395293e-002
3.734055e+003,-1.062403e-001
3.734537e+003,-1.190198e-001
3.735019e+003,-1.186375e-001
3.735501e+003,-1.036031e-001
3.735984e+003,-7.574228e-002
3.736466e+003,-3.983861e-002
3.736948e+003,-1.737685e-003
3.737430e+003,3.376475e-002
3.737912e+003,6.389544e-002
3.738394e+003,8.753117e-002
3.738876e+003,1.041620e-001
3.739358e+003,1.129371e-001
3.739841e+003,1.122085e-001
3.740323e+003,9.964307e-002
3.740805e+003,7.271731e-002
3.741287e+003,2.935170e-002
3.741769e+003,-3.136569e-002
3.742251e+003,-1.080988e-001
3.742733e+003,-1.955280e-001
3.743216e+003,-2.824587e-001
3.743698e+003,-3.522038e-001
3.744180e+003,-3.884877e-001
3.744662e+003,-3.851745e-001
3.745144e+003,-3.506005e-001
3.745626e+003,-3.012421e-001
3.746108e+003,-2.519852e-001
3.746590e+003,-2.113146e-001
3.747073e+003,-1.816503e-001
3.747555e+003,-1.614424e-001
3.748037e+003,-1.470631e-001
3.748519e+003,-1.343128e-001
3.749001e+003,-1.198606e-001
3.749483e+003,-1.025112e-001
3.749965e+003,-8.365573e-002
3.750447e+003,-6.642127e-002
3.750929e+003,-5.394730e-002
3.751412e+003,-4.782477e-002
3.751894e+003,-4.747381e-002
3.752376e+003,-5.054388e-002
3.752858e+003,-5.392637e-002
3.753340e+003,-5.475755e-002
3.753822e+003,-5.098590e-002
3.754304e+003,-4.145709e-002
3.754787e+003,-2.582808e-002
3.755269e+003,-4.595231e-003
3.755751e+003,2.067886e-002
3.756233e+003,4.714550e-002
3.756715e+003,7.080445e-002
3.757197e+003,8.726467e-002
3.757679e+003,9.301321e-002
3.758161e+003,8.666452e-002
3.758644e+003,6.961033e-002
3.759126e+003,4.574857e-002
3.759608e+003,2.032809e-002
3.760090e+003,-1.756754e-003
3.760572e+003,-1.758697e-002
3.761054e+003,-2.698880e-002
3.761536e+003,-3.207173e-002
3.762018e+003,-3.589527e-002
3.762500e+003,-4.102306e-002
3.762983e+003,-4.853372e-002
3.763465e+003,-5.763735e-002
3.763947e+003,-6.588981e-002
3.764429e+003,-6.998855e-002
3.764911e+003,-6.690217e-002
3.765393e+003,-5.540352e-002
3.765875e+003,-3.623435e-002
3.766357e+003,-1.174805e-002
3.766840e+003,1.501624e-002
3.767322e+003,4.106845e-002
3.767804e+003,6.374311e-002
3.768286e+003,8.070318e-002
3.768768e+003,9.001976e-002
3.769250e+003,9.050875e-002
3.769732e+003,8.216832e-002
3.770215e+003,6.631018e-002
3.770697e+003,4.512112e-002
3.771179e+003,2.083478e-002
3.771661e+003,-4.997558e-003
3.772143e+003,-3.175283e-002
3.772625e+003,-5.943084e-002
3.773107e+003,-8.797941e-002
3.773589e+003,-1.165546e-001
3.774072e+003,-1.430592e-001
3.774554e+003,-1.642513e-001
3.775036e+003,-1.765143e-001
3.775518e+003,-1.770723e-001
3.776000e+003,-1.651688e-001
3.776482e+003,-1.426949e-001
3.776964e+003,-1.139825e-001
3.777446e+003,-8.479465e-002
3.777928e+003,-6.077164e-002
3.778411e+003,-4.574166e-002
3.778893e+003,-4.043671e-002
3.779375e+003,-4.224573e-002
3.779857e+003,-4.633227e-002
3.780339e+003,-4.768605e-002
3.780821e+003,-4.302329e-002
3.781303e+003,-3.162617e-002
3.781785e+003,-1.503318e-002
3.782268e+003,3.896806e-003
3.782750e+003,2.200237e-002
3.783232e+003,3.666259e-002
3.783714e+003,4.639777e-002
3.784196e+003,5.116272e-002
3.784678e+003,5.224571e-002
3.785160e+003,5.176411e-002
3.785643e+003,5.194333e-002
3.786125e+003,5.445186e-002
3.786607e+003,5.998426e-002
3.787089e+003,6.814324e-002
3.787571e+003,7.758584e-002
3.788053e+003,8.637850e-002
3.788535e+003,9.247319e-002
3.789017e+003,9.416663e-002
3.789500e+003,9.039318e-002
3.789982e+003,8.078902e-002
3.790464e+003,6.558841e-002
3.790946e+003,4.548565e-002
3.791428e+003,2.158617e-002
3.791910e+003,-4.524205e-003
3.792392e+003,-3.066637e-002
3.792874e+003,-5.405043e-002
3.793356e+003,-7.148478e-002
3.793839e+003,-7.989881e-002
3.794321e+003,-7.720756e-002
3.794803e+003,-6.338248e-002
3.795285e+003,-4.129984e-002
3.795767e+003,-1.673485e-002
3.796249e+003,3.668588e-003
3.796731e+003,1.468322e-002
3.797213e+003,1.496921e-002
3.797696e+003,7.629162e-003
3.798178e+003,-1.095273e-003
3.798660e+003,-4.044763e-003
3.799142e+003,4.558595e-003
3.799624e+003,2.701040e-002
3.800106e+003,6.041313e-002
3.800588e+003,9.623121e-002
3.801071e+003,1.226154e-001
3.801552e+003,1.297142e-001
3.802035e+003,1.148319e-001
3.802517e+003,8.316590e-002
3.802999e+003,4.386676e-002
3.803481e+003,5.245169e-003
3.803963e+003,-2.781126e-002
3.804445e+003,-5.406173e-002
3.804927e+003,-7.492925e-002
3.805410e+003,-9.313506e-002
3.805892e+003,-1.112109e-001
3.806374e+003,-1.300915e-001
3.806856e+003,-1.483556e-001
3.807338e+003,-1.627477e-001
3.807820e+003,-1.697436e-001
3.808302e+003,-1.670149e-001
3.808784e+003,-1.539491e-001
3.809267e+003,-1.314287e-001
3.809749e+003,-1.014992e-001
3.810231e+003,-6.720997e-002
3.810713e+003,-3.244763e-002
3.811195e+003,-1.451808e-003
3.811677e+003,2.206309e-002
3.812159e+003,3.585539e-002
3.812641e+003,3.970052e-002
3.813124e+003,3.528556e-002
3.813606e+003,2.556001e-002
3.814088e+003,1.377545e-002
3.814570e+003,2.408026e-003
3.815052e+003,-7.767267e-003
3.815534e+003,-1.788337e-002
3.816016e+003,-2.993065e-002
3.816499e+003,-4.483506e-002
3.816980e+003,-6.106312e-002
3.817463e+003,-7.472474e-002
3.817945e+003,-8.081582e-002
3.818427e+003,-7.475532e-002
3.818909e+003,-5.390302e-002
3.819391e+003,-1.915774e-002
3.819873e+003,2.359705e-002
3.820355e+003,6.341036e-002
3.820838e+003,8.724794e-002
3.821320e+003,8.584862e-002
3.821802e+003,5.855862e-002
3.822284e+003,1.295549e-002
3.822766e+003,-3.994676e-002
3.823248e+003,-9.049208e-002
3.823730e+003,-1.324566e-001
3.824212e+003,-1.628008e-001
3.824695e+003,-1.805433e-001
3.825177e+003,-1.857474e-001
3.825659e+003,-1.789974e-001
3.826141e+003,-1.613397e-001
3.826623e+003,-1.347774e-001
3.827105e+003,-1.013941e-001
3.827587e+003,-6.401915e-002
3.828069e+003,-2.553248e-002
3.828552e+003,1.144920e-002
3.829034e+003,4.469389e-002
3.829516e+003,7.232286e-002
3.829998e+003,9.275797e-002
3.830480e+003,1.047799e-001
3.830962e+003,1.077449e-001
3.831444e+003,1.018894e-001
3.831927e+003,8.854140e-002
3.832408e+003,7.004965e-002
3.832891e+003,4.937520e-002
3.833373e+003,2.945516e-002
3.833855e+003,1.256260e-002
3.834337e+003,-1.055412e-004
3.834819e+003,-8.447773e-003
3.835301e+003,-1.303384e-002
3.835783e+003,-1.436233e-002
3.836266e+003,-1.210349e-002
3.836748e+003,-4.797319e-003
3.837230e+003,9.589567e-003
3.837712e+003,3.226381e-002
3.838194e+003,6.209139e-002
3.838676e+003,9.505074e-002
3.839158e+003,1.251933e-001
3.839640e+003,1.465854e-001
3.840123e+003,1.551844e-001
3.840605e+003,1.498890e-001
3.841087e+003,1.325808e-001
3.841569e+003,1.073295e-001
3.842051e+003,7.906092e-002
3.842533e+003,5.210264e-002
3.843015e+003,2.911188e-002
3.843497e+003,1.080807e-002
3.843979e+003,-3.407805e-003
3.844462e+003,-1.434716e-002
3.844944e+003,-2.208360e-002
3.845426e+003,-2.566214e-002
3.845908e+003,-2.353218e-002
3.846390e+003,-1.436948e-002
3.846872e+003,2.180548e-003
3.847354e+003,2.519333e-002
3.847837e+003,5.270459e-002
3.848319e+003,8.238694e-002
3.848801e+003,1.123794e-001
3.849283e+003,1.419132e-001
3.849765e+003,1.714387e-001
3.850247e+003,2.021619e-001
3.850729e+003,2.350807e-001
3.851211e+003,2.697135e-001
3.851694e+003,3.027936e-001
3.852176e+003,3.276094e-001
3.852658e+003,3.353674e-001
3.853140e+003,3.196355e-001
3.853622e+003,2.817118e-001
3.854104e+003,2.315194e-001
3.854586e+003,1.822331e-001
3.855068e+003,1.438503e-001
3.855551e+003,1.205866e-001
3.856033e+003,1.116514e-001
3.856515e+003,1.129795e-001
3.856997e+003,1.187053e-001
3.857479e+003,1.221003e-001
3.857961e+003,1.176970e-001
3.858443e+003,1.021440e-001
3.858926e+003,7.531732e-002
3.859407e+003,4.066839e-002
3.859890e+003,4.691287e-003
3.860372e+003,-2.450958e-002
3.860854e+003,-3.932900e-002
3.861336e+003,-3.487635e-002
3.861818e+003,-1.047045e-002
3.862300e+003,3.022065e-002
3.862782e+003,8.038051e-002
3.863265e+003,1.319464e-001
3.863747e+003,1.774412e-001
3.864229e+003,2.112728e-001
3.864711e+003,2.303198e-001
3.865193e+003,2.337510e-001
3.865675e+003,2.222182e-001
3.866157e+003,1.968622e-001
3.866639e+003,1.587196e-001
3.867122e+003,1.088632e-001
3.867604e+003,4.924937e-002
3.868086e+003,-1.603867e-002
3.868568e+003,-7.986393e-002
3.869050e+003,-1.326208e-001
3.869532e+003,-1.652690e-001
3.870014e+003,-1.736874e-001
3.870496e+003,-1.609227e-001
3.870979e+003,-1.351940e-001
3.871461e+003,-1.056042e-001
3.871943e+003,-7.892378e-002
3.872425e+003,-5.868331e-002
3.872907e+003,-4.578473e-002
3.873389e+003,-3.956579e-002
3.873871e+003,-3.873961e-002
3.874354e+003,-4.197724e-002
3.874835e+003,-4.805366e-002
3.875318e+003,-5.563851e-002
3.875800e+003,-6.298399e-002
3.876282e+003,-6.777150e-002
3.876764e+003,-6.723368e-002
3.877246e+003,-5.853505e-002
3.877728e+003,-3.936221e-002
3.878210e+003,-8.662827e-003
3.878693e+003,3.259030e-002
3.879175e+003,8.087780e-002
3.879657e+003,1.302684e-001
3.880139e+003,1.735183e-001
3.880621e+003,2.039495e-001
3.881103e+003,2.172625e-001
3.881585e+003,2.123533e-001
3.882067e+003,1.909197e-001
3.882550e+003,1.564668e-001
3.883032e+003,1.134913e-001
3.883514e+003,6.718668e-002
3.883996e+003,2.344979e-002
3.884478e+003,-1.139679e-002
3.884960e+003,-3.175576e-002
3.885442e+003,-3.470114e-002
3.885924e+003,-2.151511e-002
3.886406e+003,2.652655e-003
3.886889e+003,3.096161e-002
3.887371e+003,5.722561e-002
3.887853e+003,7.700427e-002
3.888335e+003,8.766496e-002
3.888817e+003,8.706722e-002
3.889299e+003,7.382438e-002
3.889781e+003,4.736294e-002
3.890263e+003,8.730887e-003
3.890746e+003,-3.854668e-002
3.891228e+003,-8.836811e-002
3.891710e+003,-1.331994e-001
3.892192e+003,-1.660714e-001
3.892674e+003,-1.824300e-001
3.893156e+003,-1.810778e-001
3.893638e+003,-1.641318e-001
3.894121e+003,-1.363241e-001
3.894603e+003,-1.039679e-001
3.895085e+003,-7.377788e-002
3.895567e+003,-5.167740e-002
3.896049e+003,-4.173023e-002
3.896531e+003,-4.535621e-002
3.897013e+003,-6.098234e-002
3.897495e+003,-8.425806e-002
3.897978e+003,-1.089261e-001
3.898460e+003,-1.283164e-001
3.898942e+003,-1.371735e-001
3.899424e+003,-1.332369e-001
3.899906e+003,-1.178963e-001
3.900388e+003,-9.558857e-002
3.900870e+003,-7.224608e-002
3.901352e+003,-5.353947e-002
3.901834e+003,-4.358878e-002
3.902317e+003,-4.438816e-002
3.902799e+003,-5.581804e-002
3.903281e+003,-7.599472e-002
3.903763e+003,-1.017721e-001
3.904245e+003,-1.293005e-001
3.904727e+003,-1.545845e-001
3.905209e+003,-1.739624e-001
3.905691e+003,-1.844816e-001
3.906174e+003,-1.842143e-001
3.906656e+003,-1.725668e-001
3.907138e+003,-1.505733e-001
3.907620e+003,-1.210301e-001
3.908102e+003,-8.825732e-002
3.908584e+003,-5.734146e-002
3.909066e+003,-3.292712e-002
3.909549e+003,-1.789649e-002
3.910031e+003,-1.240304e-002
3.910513e+003,-1.366786e-002
3.910995e+003,-1.668581e-002
3.911477e+003,-1.569721e-002
3.911959e+003,-5.979051e-003
3.912441e+003,1.462338e-002
3.912923e+003,4.493980e-002
3.913406e+003,8.068562e-002
3.913888e+003,1.154726e-001
3.914370e+003,1.422884e-001
3.914852e+003,1.551463e-001
3.915334e+003,1.506872e-001
3.915816e+003,1.294150e-001
3.916298e+003,9.605343e-002
3.916780e+003,5.857677e-002
3.917262e+003,2.596884e-002
3.917745e+003,5.497390e-003
3.918227e+003,5.862734e-004
3.918709e+003,1.004472e-002
3.919191e+003,2.749605e-002
3.919673e+003,4.691530e-002
3.920155e+003,6.161920e-002
3.920637e+003,6.711932e-002
3.921119e+003,6.213129e-002
3.921602e+003,4.840029e-002
3.922084e+003,2.957601e-002
3.922566e+003,9.699649e-003
3.923048e+003,-8.118371e-003
3.923530e+003,-2.242397e-002
3.924012e+003,-3.338932e-002
3.924494e+003,-4.211064e-002
3.924977e+003,-4.960117e-002
3.925459e+003,-5.601783e-002
3.925941e+003,-6.053764e-002
3.926423e+003,-6.191458e-002
3.926905e+003,-5.936759e-002
3.927387e+003,-5.332196e-002
3.927869e+003,-4.565018e-002
3.928351e+003,-3.927093e-002
3.928833e+003,-3.721803e-002
3.929316e+003,-4.150281e-002
3.929798e+003,-5.221309e-002
3.930280e+003,-6.722856e-002
3.930762e+003,-8.269518e-002
3.931244e+003,-9.410078e-002
3.931726e+003,-9.757830e-002
3.932208e+003,-9.096560e-002
3.932690e+003,-7.426260e-002
3.933173e+003,-4.937759e-002
3.933655e+003,-1.939562e-002
3.934137e+003,1.222268e-002
3.934619e+003,4.217140e-002
3.935101e+003,6.749994e-002
3.935583e+003,8.565665e-002
3.936065e+003,9.462525e-002
3.936547e+003,9.328320e-002
3.937030e+003,8.189662e-002
3.937512e+003,6.246933e-002
3.937994e+003,3.864438e-002
3.938476e+003,1.501747e-002
3.938958e+003,-3.969274e-003
3.939440e+003,-1.518857e-002
3.939922e+003,-1.764582e-002
3.940405e+003,-1.269946e-002
3.940887e+003,-3.612470e-003
3.941369e+003,5.450513e-003
3.941851e+003,1.070310e-002
3.942333e+003,9.873006e-003
3.942815e+003,2.767492e-003
3.943297e+003,-8.954301e-003
3.943779e+003,-2.264090e-002
3.944261e+003,-3.567518e-002
3.944744e+003,-4.618694e-002
3.945226e+003,-5.322780e-002
3.945708e+003,-5.649889e-002
3.946190e+003,-5.591493e-002
3.946672e+003,-5.129199e-002
3.947154e+003,-4.234134e-002
3.947636e+003,-2.895913e-002
3.948118e+003,-1.162587e-002
3.948601e+003,8.362626e-003
3.949083e+003,2.903522e-002
3.949565e+003,4.824883e-002
3.950047e+003,6.407745e-002
3.950529e+003,7.612347e-002
3.951011e+003,8.474152e-002
3.951493e+003,9.091094e-002
3.951976e+003,9.562625e-002
3.952458e+003,9.934681e-002
3.952940e+003,1.017807e-001
3.953422e+003,1.021210e-001
3.953904e+003,9.962306e-002
3.954386e+003,9.423730e-002
3.954868e+003,8.695098e-002
3.955350e+003,7.961233e-002
3.955833e+003,7.424358e-002
3.956315e+003,7.211107e-002
3.956797e+003,7.297537e-002
3.957279e+003,7.489745e-002
3.957761e+003,7.474987e-002
3.958243e+003,6.927951e-002
3.958725e+003,5.633176e-002
3.959207e+003,3.578081e-002
3.959689e+003,9.827680e-003
3.960172e+003,-1.744168e-002
3.960654e+003,-4.108461e-002
3.961136e+003,-5.657289e-002
3.961618e+003,-6.091203e-002
3.962100e+003,-5.329049e-002
3.962582e+003,-3.512406e-002
3.963064e+003,-9.559895e-003
3.963546e+003,1.934253e-002
3.964029e+003,4.749760e-002
3.964511e+003,7.155559e-002
3.964993e+003,8.944163e-002
3.965475e+003,1.006379e-001
3.965957e+003,1.061784e-001
3.966439e+003,1.083156e-001
3.966921e+003,1.098439e-001
3.967404e+003,1.131840e-001
3.967885e+003,1.194644e-001
3.968368e+003,1.279374e-001
3.968850e+003,1.360098e-001
3.969332e+003,1.399885e-001
3.969814e+003,1.363590e-001
3.970296e+003,1.231743e-001
3.970778e+003,1.010240e-001
3.971260e+003,7.316003e-002
3.971743e+003,4.465810e-002
3.972225e+003,2.087393e-002
3.972707e+003,5.747521e-003
3.973189e+003,5.852511e-004
3.973671e+003,3.774066e-003
3.974153e+003,1.151667e-002
3.974635e+003,1.928011e-002
3.975117e+003,2.336498e-002
3.975600e+003,2.198100e-002
3.976082e+003,1.545606e-002
3.976564e+003,5.596570e-003
3.977046e+003,-5.425509e-003
3.977528e+003,-1.612649e-002
3.978010e+003,-2.625528e-002
3.978492e+003,-3.664668e-002
3.978974e+003,-4.852695e-002
3.979457e+003,-6.264743e-002
3.979939e+003,-7.866278e-002
3.980421e+003,-9.503070e-002
3.980903e+003,-1.093821e-001
3.981385e+003,-1.195863e-001
3.981867e+003,-1.241540e-001
3.982349e+003,-1.227710e-001
3.982832e+003,-1.162591e-001
3.983313e+003,-1.061299e-001
3.983796e+003,-9.395534e-002
3.984278e+003,-8.082196e-002
3.984760e+003,-6.706443e-002
3.985242e+003,-5.233861e-002
3.985724e+003,-3.596151e-002
3.986206e+003,-1.737009e-002
3.986688e+003,3.461950e-003
3.987171e+003,2.576988e-002
3.987653e+003,4.796617e-002
3.988135e+003,6.784248e-002
3.988617e+003,8.298942e-002
3.989099e+003,9.137548e-002
3.989581e+003,9.197419e-002
3.990063e+003,8.527179e-002
3.990545e+003,7.344056e-002
3.991028e+003,6.003303e-002
3.991510e+003,4.918132e-002
3.991992e+003,4.447135e-002
3.992474e+003,4.781837e-002
3.992956e+003,5.872372e-002
3.993438e+003,7.423113e-002
3.993920e+003,8.971214e-002
3.994402e+003,1.003153e-001
3.994885e+003,1.026344e-001
3.995367e+003,9.599952e-002
3.995849e+003,8.286806e-002
3.996331e+003,6.810775e-002
3.996813e+003,5.737142e-002
3.997295e+003,5.511472e-002
3.997777e+003,6.296684e-002
3.998260e+003,7.903984e-002
3.998741e+003,9.844553e-002
3.999224e+003,1.148487e-001
3.999706e+003,1.225308e-001
4.000188e+003,1.182722e-001
4.000670e+003,1.024172e-001
4.001152e+003,7.879251e-002
4.001634e+003,5.354353e-002
4.002116e+003,3.331674e-002
4.002599e+003,2.342533e-002
4.003081e+003,2.657485e-002
4.003563e+003,4.248365e-002
4.004045e+003,6.838211e-002
4.004527e+003,1.000888e-001
4.005009e+003,1.332245e-001
4.005491e+003,1.641545e-001
4.005973e+003,1.904345e-001
4.006456e+003,2.107548e-001
4.006938e+003,2.245707e-001
4.007420e+003,2.316810e-001
4.007902e+003,2.319814e-001
4.008384e+003,2.254783e-001
4.008866e+003,2.125134e-001
4.009348e+003,1.940173e-001
4.009830e+003,1.716155e-001
4.010313e+003,1.474757e-001
4.010795e+003,1.239114e-001
4.011277e+003,1.028772e-001
4.011759e+003,8.543713e-002
4.012241e+003,7.180708e-002
4.012723e+003,6.132281e-002
4.013205e+003,5.286100e-002
4.013688e+003,4.535823e-002
4.014169e+003,3.825543e-002
4.014652e+003,3.169377e-002
4.015134e+003,2.638430e-002
4.015616e+003,2.321231e-002
4.016098e+003,2.274428e-002
4.016580e+003,2.486020e-002
4.017062e+003,2.868650e-002
4.017544e+003,3.288711e-002
4.018027e+003,3.621513e-002
4.018509e+003,3.809983e-002
4.018991e+003,3.900572e-002
4.019473e+003,4.037019e-002
4.019955e+003,4.407378e-002
4.020437e+003,5.160028e-002
4.020919e+003,6.317558e-002
4.021401e+003,7.722569e-002
4.021884e+003,9.039158e-002
4.022366e+003,9.815916e-002
4.022848e+003,9.596390e-002
4.023330e+003,8.048608e-002
4.023812e+003,5.077294e-002
4.024294e+003,8.860875e-003
4.024776e+003,-4.033238e-002
4.025258e+003,-8.985736e-002
4.025740e+003,-1.321213e-001
4.026223e+003,-1.604556e-001
4.026705e+003,-1.704609e-001
4.027187e+003,-1.608332e-001
4.027669e+003,-1.335162e-001
4.028151e+003,-9.318870e-002
4.028633e+003,-4.623931e-002
4.029115e+003,5.204506e-004
4.029598e+003,4.109591e-002
4.030080e+003,7.121612e-002
4.030562e+003,8.874208e-002
4.031044e+003,9.355293e-002
4.031526e+003,8.704131e-002
4.032008e+003,7.144973e-002
4.032490e+003,4.927759e-002
4.032972e+003,2.293459e-002
4.033455e+003,-5.321129e-003
4.033937e+003,-3.325828e-002
4.034419e+003,-5.854223e-002
4.034901e+003,-7.877900e-002
4.035383e+003,-9.181693e-002
4.035865e+003,-9.623716e-002
4.036347e+003,-9.184691e-002
4.036829e+003,-7.993139e-002
4.037312e+003,-6.310105e-002
4.037794e+003,-4.472565e-002
4.038276e+003,-2.811942e-002
4.038758e+003,-1.575131e-002
4.039240e+003,-8.749484e-003
4.039722e+003,-6.848729e-003
4.040204e+003,-8.772001e-003
4.040687e+003,-1.285761e-002
4.041168e+003,-1.767657e-002
4.041651e+003,-2.240777e-002
4.042133e+003,-2.686515e-002
4.042615e+003,-3.126187e-002
4.043097e+003,-3.579114e-002
4.043579e+003,-4.023782e-002
4.044061e+003,-4.394934e-002
4.044543e+003,-4.600450e-002
4.045026e+003,-4.553207e-002
4.045508e+003,-4.201181e-002
4.045990e+003,-3.540913e-002
4.046472e+003,-2.609039e-002
4.046954e+003,-1.457217e-002
4.047436e+003,-1.236823e-003
4.047918e+003,1.383501e-002
4.048400e+003,3.081681e-002
4.048883e+003,4.986468e-002
4.049365e+003,7.071152e-002
4.049847e+003,9.229421e-002
4.050329e+003,1.125892e-001
4.050811e+003,1.287865e-001
4.051293e+003,1.378180e-001
4.051775e+003,1.371355e-001
4.052257e+003,1.255237e-001
4.052740e+003,1.036802e-001
4.053222e+003,7.433206e-002
4.053704e+003,4.178193e-002
4.054186e+003,1.095071e-002
4.054668e+003,-1.384444e-002
4.055150e+003,-3.002313e-002
4.055632e+003,-3.742088e-002
4.056115e+003,-3.826781e-002
4.056596e+003,-3.642906e-002
4.057079e+003,-3.612274e-002
4.057561e+003,-4.050766e-002
4.058043e+003,-5.060724e-002
4.058525e+003,-6.491538e-002
4.059007e+003,-7.982679e-002
4.059489e+003,-9.072816e-002
4.059971e+003,-9.340750e-002
4.060454e+003,-8.532134e-002
4.060936e+003,-6.636024e-002
4.061418e+003,-3.891485e-002
4.061900e+003,-7.291558e-003
4.062382e+003,2.331446e-002
4.062864e+003,4.795984e-002
4.063346e+003,6.293027e-002
4.063828e+003,6.634761e-002
4.064311e+003,5.834588e-002
4.064793e+003,4.085122e-002
4.065275e+003,1.708531e-002
4.065757e+003,-9.081376e-003
4.066239e+003,-3.378965e-002
4.066721e+003,-5.376993e-002
4.067203e+003,-6.673925e-002
4.067685e+003,-7.157853e-002
4.068167e+003,-6.828309e-002
4.068650e+003,-5.774528e-002
4.069132e+003,-4.145643e-002
4.069614e+003,-2.123057e-002
4.070096e+003,9.878580e-004
4.070578e+003,2.321125e-002
4.071060e+003,4.345170e-002
4.071542e+003,5.978945e-002
4.072024e+003,7.054038e-002
4.072507e+003,7.452108e-002
4.072989e+003,7.135632e-002
4.073471e+003,6.176805e-002
4.073953e+003,4.742740e-002
4.074435e+003,3.085331e-002
4.074917e+003,1.487182e-002
4.075399e+003,2.032989e-003
4.075882e+003,-5.882002e-003
4.076364e+003,-8.139250e-003
4.076846e+003,-5.066484e-003
4.077328e+003,2.139975e-003
4.077810e+003,1.172907e-002
4.078292e+003,2.172553e-002
4.078774e+003,3.024671e-002
4.079256e+003,3.578257e-002
4.079739e+003,3.745060e-002
4.080221e+003,3.518501e-002
4.080703e+003,2.979933e-002
4.081185e+003,2.282749e-002
4.081667e+003,1.611512e-002
4.082149e+003,1.120206e-002
4.082631e+003,8.692320e-003
4.083113e+003,7.850304e-003
4.083595e+003,6.659843e-003
4.084078e+003,2.428057e-003
4.084560e+003,-7.207526e-003
4.085042e+003,-2.320399e-002
4.085524e+003,-4.439717e-002
4.086006e+003,-6.748904e-002
4.086488e+003,-8.783320e-002
4.086970e+003,-1.008144e-001
4.087452e+003,-1.033545e-001
4.087935e+003,-9.500063e-002
4.088417e+003,-7.818156e-002
4.088899e+003,-5.751268e-002
4.089381e+003,-3.839647e-002
4.089863e+003,-2.542278e-002
4.090345e+003,-2.112581e-002
4.090827e+003,-2.550354e-002
4.091310e+003,-3.637913e-002
4.091792e+003,-5.037385e-002
4.092274e+003,-6.407210e-002
4.092756e+003,-7.494301e-002
4.093238e+003,-8.175300e-002
4.093720e+003,-8.445174e-002
4.094202e+003,-8.371834e-002
4.094684e+003,-8.047794e-002
4.095167e+003,-7.561375e-002
4.095649e+003,-6.995779e-002
4.096131e+003,-6.444242e-002
4.096613e+003,-6.019636e-002
4.097095e+003,-5.839781e-002
4.097577e+003,-5.985204e-002
4.098060e+003,-6.444258e-002
4.098542e+003,-7.074586e-002
4.099023e+003,-7.607146e-002
4.099506e+003,-7.704412e-002
4.099988e+003,-7.059859e-002
4.100470e+003,-5.505059e-002
4.100952e+003,-3.082754e-002
4.101434e+003,-5.381987e-004
4.101917e+003,3.169782e-002
4.102398e+003,6.144024e-002
4.102880e+003,8.520494e-002
4.103363e+003,1.013636e-001
4.103845e+003,1.103535e-001
4.104327e+003,1.142190e-001
4.104809e+003,1.155115e-001
4.105291e+003,1.164232e-001
4.105773e+003,1.180967e-001
4.106255e+003,1.205368e-001
4.106738e+003,1.230217e-001
4.107220e+003,1.247368e-001
4.107702e+003,1.252813e-001
4.108184e+003,1.248099e-001
4.108666e+003,1.237881e-001
4.109148e+003,1.225499e-001
4.109630e+003,1.209469e-001
4.110112e+003,1.183209e-001
4.110595e+003,1.138453e-001
4.111077e+003,1.070772e-001
4.111559e+003,9.841494e-002
4.112041e+003,8.918761e-002
4.112523e+003,8.125118e-002
4.113005e+003,7.621578e-002
4.113487e+003,7.462408e-002
4.113969e+003,7.546066e-002
4.114452e+003,7.626469e-002
4.114934e+003,7.387449e-002
4.115416e+003,6.557318e-002
4.115898e+003,5.023108e-002
4.116380e+003,2.901877e-002
4.116862e+003,5.414282e-003
4.117344e+003,-1.553856e-002
4.117827e+003,-2.850699e-002
4.118309e+003,-2.930250e-002
4.118791e+003,-1.603673e-002
4.119273e+003,1.032084e-002
4.119755e+003,4.613063e-002
4.120237e+003,8.592679e-002
4.120719e+003,1.236640e-001
4.121201e+003,1.540109e-001
4.121684e+003,1.733531e-001
4.122166e+003,1.802630e-001
4.122648e+003,1.753805e-001
4.123130e+003,1.608123e-001
4.123612e+003,1.393165e-001
4.124094e+003,1.135722e-001
4.124576e+003,8.577541e-002
4.125058e+003,5.763691e-002
4.125541e+003,3.066622e-002
4.126022e+003,6.489051e-003
4.126505e+003,-1.307190e-002
4.126987e+003,-2.630204e-002
4.127469e+003,-3.221164e-002
4.127951e+003,-3.118766e-002
4.128433e+003,-2.531339e-002
4.128916e+003,-1.807625e-002
4.129397e+003,-1.343589e-002
4.129879e+003,-1.452355e-002
4.130362e+003,-2.245861e-002
4.130844e+003,-3.578495e-002
4.131326e+003,-5.081283e-002
4.131808e+003,-6.279352e-002
4.132290e+003,-6.749916e-002
4.132772e+003,-6.259505e-002
4.133254e+003,-4.828597e-002
4.133737e+003,-2.701922e-002
4.134219e+003,-2.435554e-003
4.134701e+003,2.194569e-002
4.135183e+003,4.383761e-002
4.135665e+003,6.229769e-002
4.136147e+003,7.768648e-002
4.136629e+003,9.082174e-002
4.137111e+003,1.022804e-001
4.137594e+003,1.120860e-001
4.138076e+003,1.198564e-001
4.138558e+003,1.252059e-001
4.139040e+003,1.280634e-001
4.139522e+003,1.286369e-001
4.140004e+003,1.270215e-001
4.140486e+003,1.227078e-001
4.140968e+003,1.143759e-001
4.141451e+003,1.002496e-001
4.141933e+003,7.898656e-002
4.142415e+003,5.072426e-002
4.142897e+003,1.773934e-002
4.143379e+003,-1.575001e-002
4.143861e+003,-4.471647e-002
4.144343e+003,-6.503564e-002
4.144826e+003,-7.506289e-002
4.145308e+003,-7.635181e-002
4.145790e+003,-7.313090e-002
4.146272e+003,-7.066137e-002
4.146754e+003,-7.311097e-002
4.147236e+003,-8.184081e-002
4.147718e+003,-9.483305e-002
4.148200e+003,-1.075156e-001
4.148683e+003,-1.146426e-001
4.149165e+003,-1.124170e-001
4.149646e+003,-9.997085e-002
4.150129e+003,-7.962671e-002
4.150611e+003,-5.587667e-002
4.151093e+003,-3.362878e-002
4.151575e+003,-1.647822e-002
4.152057e+003,-5.756015e-003
4.152540e+003,-6.564886e-004
4.153021e+003,7.524929e-004
4.153504e+003,2.190903e-004
4.153986e+003,-1.631382e-003
4.154468e+003,-5.427820e-003
4.154950e+003,-1.237056e-002
4.155432e+003,-2.311539e-002
4.155915e+003,-3.682541e-002
4.156396e+003,-5.088526e-002
4.156878e+003,-6.145184e-002
4.157361e+003,-6.464025e-002
4.157843e+003,-5.786970e-002
4.158325e+003,-4.083352e-002
4.158807e+003,-1.573964e-002
4.159289e+003,1.323322e-002
4.159771e+003,4.100930e-002
4.160253e+003,6.280831e-002
4.160735e+003,7.506804e-002
4.161218e+003,7.590107e-002
4.161700e+003,6.511404e-002
4.162182e+003,4.396569e-002
4.162664e+003,1.485642e-002
4.163146e+003,-1.894852e-002
4.163628e+003,-5.358931e-002
4.164110e+003,-8.497551e-002
4.164593e+003,-1.093151e-001
4.165075e+003,-1.237803e-001
4.165557e+003,-1.271396e-001
4.166039e+003,-1.201432e-001
4.166521e+003,-1.053690e-001
4.167003e+003,-8.656786e-002
4.167485e+003,-6.768800e-002
4.167967e+003,-5.179911e-002
4.168450e+003,-4.031427e-002
4.168932e+003,-3.278671e-002
4.169414e+003,-2.733930e-002
4.169896e+003,-2.154204e-002
4.170378e+003,-1.339221e-002
4.170860e+003,-2.020617e-003
4.171342e+003,1.212370e-002
4.171824e+003,2.763793e-002
4.172307e+003,4.289128e-002
4.172789e+003,5.677051e-002
4.173271e+003,6.911737e-002
4.173753e+003,8.065876e-002
4.174235e+003,9.245059e-002
4.174717e+003,1.050690e-001
4.175199e+003,1.178974e-001
4.175682e+003,1.288423e-001
4.176164e+003,1.346575e-001
4.176646e+003,1.318349e-001
4.177128e+003,1.178178e-001
4.177610e+003,9.215024e-002
4.178092e+003,5.716387e-002
4.178574e+003,1.791575e-002
4.179056e+003,-1.870603e-002
4.179539e+003,-4.552601e-002
4.180021e+003,-5.688253e-002
4.180502e+003,-5.016703e-002
4.180985e+003,-2.663349e-002
4.181467e+003,8.811672e-003
4.181949e+003,4.882784e-002
4.182431e+003,8.554037e-002
4.182913e+003,1.125614e-001
4.183396e+003,1.265150e-001
4.183877e+003,1.276034e-001
4.184360e+003,1.190768e-001
4.184842e+003,1.058341e-001
4.185324e+003,9.267632e-002
4.185806e+003,8.283485e-002
4.186288e+003,7.726865e-002
4.186771e+003,7.491460e-002
4.187252e+003,7.369450e-002
4.187734e+003,7.179283e-002
4.188217e+003,6.862522e-002
4.188699e+003,6.509291e-002
4.189181e+003,6.303895e-002
4.189663e+003,6.418809e-002
4.190145e+003,6.906934e-002
4.190627e+003,7.641682e-002
4.191109e+003,8.332868e-002
4.191591e+003,8.612660e-002
4.192074e+003,8.157454e-002
4.192556e+003,6.798366e-002
4.193038e+003,4.580313e-002
4.193520e+003,1.752556e-002
4.194002e+003,-1.299074e-002
4.194484e+003,-4.149770e-002
4.194966e+003,-6.429175e-002
4.195449e+003,-7.888280e-002
4.195931e+003,-8.432572e-002
4.196413e+003,-8.128223e-002
4.196895e+003,-7.203095e-002
4.197377e+003,-5.978983e-002
4.197859e+003,-4.866310e-002
4.198341e+003,-4.279670e-002
4.198823e+003,-4.541427e-002
4.199306e+003,-5.780187e-002
4.199788e+003,-7.857839e-002
4.200270e+003,-1.036324e-001
4.200752e+003,-1.269319e-001
4.201234e+003,-1.421093e-001
4.201716e+003,-1.443634e-001
4.202198e+003,-1.320313e-001
4.202680e+003,-1.072335e-001
4.203163e+003,-7.531836e-002
4.203645e+003,-4.326701e-002
4.204127e+003,-1.761472e-002
4.204609e+003,-2.612457e-003
4.205091e+003,7.503256e-004
4.205573e+003,-5.406824e-003
4.206055e+003,-1.696262e-002
4.206538e+003,-2.932600e-002
4.207020e+003,-3.876186e-002
4.207501e+003,-4.306334e-002
4.207984e+003,-4.147392e-002
4.208466e+003,-3.411250e-002
4.208948e+003,-2.132610e-002
4.209430e+003,-3.331564e-003
4.209912e+003,1.971052e-002
4.210395e+003,4.732889e-002
4.210876e+003,7.836546e-002
4.211359e+003,1.108701e-001
4.211841e+003,1.423642e-001
4.212323e+003,1.703711e-001
4.212805e+003,1.929606e-001
4.213287e+003,2.090650e-001
4.213769e+003,2.184597e-001
4.214251e+003,2.214897e-001
4.214733e+003,2.187401e-001
4.215216e+003,2.108481e-001
4.215698e+003,1.985200e-001
4.216180e+003,1.826599e-001
4.216662e+003,1.644213e-001
4.217144e+003,1.450409e-001
4.217626e+003,1.254594e-001
4.218108e+003,1.059228e-001
4.218590e+003,8.582973e-002
4.219073e+003,6.401420e-002
4.219555e+003,3.943998e-002
4.220037e+003,1.202714e-002
4.220519e+003,-1.680351e-002
4.221001e+003,-4.421715e-002
4.221483e+003,-6.677167e-002
4.221965e+003,-8.167523e-002
4.222448e+003,-8.797178e-002
4.222930e+003,-8.710951e-002
4.223412e+003,-8.257612e-002
4.223894e+003,-7.868946e-002
4.224376e+003,-7.901360e-002
4.224858e+003,-8.505275e-002
4.225340e+003,-9.577443e-002
4.225822e+003,-1.081438e-001
4.226305e+003,-1.184095e-001
4.226787e+003,-1.235591e-001
4.227269e+003,-1.223198e-001
4.227751e+003,-1.153320e-001
4.228233e+003,-1.045308e-001
4.228715e+003,-9.211988e-002
4.229197e+003,-7.968117e-002
4.229679e+003,-6.781602e-002
4.230162e+003,-5.640189e-002
4.230644e+003,-4.519680e-002
4.231126e+003,-3.435098e-002
4.231608e+003,-2.446854e-002
4.232090e+003,-1.614448e-002
4.232572e+003,-9.252008e-003
4.233054e+003,-2.447271e-003
4.233537e+003,6.698768e-003
4.234019e+003,2.082673e-002
4.234500e+003,4.146170e-002
4.234983e+003,6.781668e-002
4.235465e+003,9.633449e-002
4.235947e+003,1.213166e-001
4.236429e+003,1.365214e-001
4.236911e+003,1.371884e-001
4.237394e+003,1.217282e-001
4.237875e+003,9.245081e-002
4.238357e+003,5.506328e-002
4.238840e+003,1.714188e-002
4.239322e+003,-1.386747e-002
4.239804e+003,-3.244782e-002
4.240286e+003,-3.609045e-002
4.240768e+003,-2.546399e-002
4.241250e+003,-3.823552e-003
4.241732e+003,2.398708e-002
4.242215e+003,5.258958e-002
4.242697e+003,7.696579e-002
4.243179e+003,9.314334e-002
4.243661e+003,9.870940e-002
4.244143e+003,9.315624e-002
4.244625e+003,7.797419e-002
4.245107e+003,5.636143e-002
4.245589e+003,3.247706e-002
4.246072e+003,1.034499e-002
4.246554e+003,-7.285000e-003
4.247036e+003,-1.970736e-002
4.247518e+003,-2.830988e-002
4.248000e+003,-3.582349e-002
4.248482e+003,-4.501734e-002
4.248964e+003,-5.736251e-002
4.249446e+003,-7.223949e-002
4.249929e+003,-8.705581e-002
4.250411e+003,-9.825130e-002
4.250893e+003,-1.027595e-001
4.251375e+003,-9.927816e-002
4.251857e+003,-8.876793e-002
4.252339e+003,-7.396571e-002
4.252821e+003,-5.815995e-002
4.253304e+003,-4.381971e-002
4.253786e+003,-3.173869e-002
4.254268e+003,-2.108798e-002
4.254750e+003,-1.033302e-002
4.255232e+003,1.476214e-003
4.255714e+003,1.372601e-002
4.256196e+003,2.413882e-002
4.256678e+003,2.969221e-002
4.257161e+003,2.820569e-002
4.257643e+003,1.987544e-002
4.258125e+003,8.007160e-003
4.258607e+003,-1.492586e-003
4.259089e+003,-1.868133e-003
4.259571e+003,1.222546e-002
4.260053e+003,4.267323e-002
4.260535e+003,8.691826e-002
4.261018e+003,1.384210e-001
4.261500e+003,1.883991e-001
4.261982e+003,2.282159e-001
4.262464e+003,2.515884e-001
4.262946e+003,2.559079e-001
4.263428e+003,2.423368e-001
4.263910e+003,2.148300e-001
4.264393e+003,1.785733e-001
4.264875e+003,1.384732e-001
4.265356e+003,9.820043e-002
4.265839e+003,5.998787e-002
4.266321e+003,2.505735e-002
4.266803e+003,-5.685845e-003
4.267285e+003,-3.109295e-002
4.267767e+003,-4.962536e-002
4.268250e+003,-5.966245e-002
4.268731e+003,-6.008878e-002
4.269213e+003,-5.085950e-002
4.269696e+003,-3.327383e-002
4.270178e+003,-9.817341e-003
4.270660e+003,1.636273e-002
4.271142e+003,4.213746e-002
4.271624e+003,6.495538e-002
4.272106e+003,8.307958e-002
4.272588e+003,9.546971e-002
4.273071e+003,1.014525e-001
4.273553e+003,1.004284e-001
4.274035e+003,9.183808e-002
4.274517e+003,7.546719e-002
4.274999e+003,5.197049e-002
4.275481e+003,2.333735e-002
4.275963e+003,-7.013320e-003
4.276445e+003,-3.470132e-002
4.276928e+003,-5.537365e-002
4.277410e+003,-6.592245e-002
4.277892e+003,-6.548461e-002
4.278374e+003,-5.580335e-002
4.278856e+003,-4.074498e-002
4.279338e+003,-2.508563e-002
4.279820e+003,-1.298423e-002
4.280302e+003,-6.694558e-003
4.280785e+003,-5.976053e-003
4.281267e+003,-8.397817e-003
4.281749e+003,-1.037294e-002
4.282231e+003,-8.508959e-003
4.282713e+003,-7.535164e-004
4.283195e+003,1.305384e-002
4.283677e+003,3.135312e-002
4.284160e+003,5.159060e-002
4.284642e+003,7.114064e-002
4.285124e+003,8.803718e-002
4.285606e+003,1.012866e-001
4.286088e+003,1.107393e-001
4.286570e+003,1.167048e-001
4.287052e+003,1.195551e-001
4.287534e+003,1.195108e-001
4.288017e+003,1.166664e-001
4.288499e+003,1.111785e-001
4.288980e+003,1.034680e-001
4.289463e+003,9.431127e-002
4.289945e+003,8.478903e-002
4.290427e+003,7.610800e-002
4.290909e+003,6.940462e-002
4.291391e+003,6.559198e-002
4.291874e+003,6.525964e-002
4.292355e+003,6.860457e-002
4.292838e+003,7.535864e-002
4.293320e+003,8.472918e-002
4.293802e+003,9.540015e-002
4.294284e+003,1.056525e-001
4.294766e+003,1.136105e-001
4.295249e+003,1.175465e-001
4.295730e+003,1.161277e-001
4.296212e+003,1.085122e-001
4.296695e+003,9.427666e-002
4.297177e+003,7.328772e-002
4.297659e+003,4.567509e-002
4.298141e+003,1.204128e-002
4.298623e+003,-2.611028e-002
4.299105e+003,-6.593722e-002
4.299587e+003,-1.031410e-001
4.300069e+003,-1.324625e-001
4.300552e+003,-1.488593e-001
4.301034e+003,-1.490848e-001
4.301516e+003,-1.331018e-001
4.301998e+003,-1.046644e-001
4.302480e+003,-7.062993e-002
4.302962e+003,-3.904335e-002
4.303444e+003,-1.657282e-002
4.303927e+003,-6.231958e-003
4.304409e+003,-6.301238e-003
4.304891e+003,-1.094428e-002
4.305373e+003,-1.236048e-002
4.305855e+003,-3.677909e-003
4.306337e+003,1.851563e-002
4.306819e+003,5.297952e-002
4.307301e+003,9.438277e-002
4.307784e+003,1.353408e-001
4.308266e+003,1.690599e-001
4.308748e+003,1.915266e-001
4.309230e+003,2.024216e-001
4.309712e+003,2.045140e-001
4.310194e+003,2.019523e-001
4.310676e+003,1.982955e-001
4.311158e+003,1.951672e-001
4.311641e+003,1.920420e-001
4.312123e+003,1.871036e-001
4.312605e+003,1.786293e-001
4.313087e+003,1.661623e-001
4.313569e+003,1.509098e-001
4.314051e+003,1.352241e-001
4.314533e+003,1.214896e-001
4.315016e+003,1.110089e-001
4.315498e+003,1.034455e-001
4.315979e+003,9.707209e-002
4.316462e+003,8.966780e-002
4.316944e+003,7.960109e-002
4.317426e+003,6.657606e-002
4.317908e+003,5.171094e-002
4.318390e+003,3.696854e-002
4.318873e+003,2.426040e-002
4.319354e+003,1.467889e-002
4.319837e+003,8.199868e-003
4.320319e+003,3.921311e-003
4.320801e+003,6.540890e-004
4.321283e+003,-2.567236e-003
4.321765e+003,-6.261323e-003
4.322247e+003,-1.070890e-002
4.322729e+003,-1.639332e-002
4.323211e+003,-2.432924e-002
4.323694e+003,-3.597439e-002
4.324176e+003,-5.263669e-002
4.324658e+003,-7.458501e-002
4.325140e+003,-1.002863e-001
4.325622e+003,-1.262022e-001
4.326104e+003,-1.473866e-001
4.326586e+003,-1.587782e-001
4.327068e+003,-1.567706e-001
4.327551e+003,-1.404770e-001
4.328033e+003,-1.121919e-001
4.328515e+003,-7.684170e-002
4.328997e+003,-4.060676e-002
4.329479e+003,-9.208816e-003
4.329961e+003,1.353915e-002
4.330443e+003,2.647451e-002
4.330926e+003,3.097559e-002
4.331408e+003,3.017420e-002
4.331890e+003,2.785607e-002
4.332372e+003,2.743512e-002
4.332854e+003,3.125456e-002
4.333336e+003,4.026877e-002
4.333818e+003,5.401286e-002
4.334300e+003,7.072681e-002
4.334783e+003,8.756496e-002
4.335265e+003,1.009328e-001
4.335747e+003,1.070426e-001
4.336229e+003,1.027217e-001
4.336711e+003,8.634860e-002
4.337193e+003,5.862489e-002
4.337675e+003,2.282848e-002
4.338157e+003,-1.569500e-002
4.338640e+003,-5.077726e-002
4.339122e+003,-7.707121e-002
4.339604e+003,-9.154049e-002
4.340086e+003,-9.424446e-002
4.340568e+003,-8.811016e-002
4.341050e+003,-7.777275e-002
4.341532e+003,-6.793864e-002
4.342015e+003,-6.189935e-002
4.342497e+003,-6.074277e-002
4.342979e+003,-6.347740e-002
4.343461e+003,-6.791104e-002
4.343943e+003,-7.182026e-002
4.344425e+003,-7.389275e-002
4.344907e+003,-7.409234e-002
4.345389e+003,-7.342131e-002
4.345872e+003,-7.334265e-002
4.346354e+003,-7.523539e-002
4.346835e+003,-8.014530e-002
4.347318e+003,-8.884118e-002
4.347800e+003,-1.019534e-001
4.348282e+003,-1.198989e-001
4.348764e+003,-1.424451e-001
4.349246e+003,-1.680469e-001
4.349729e+003,-1.933476e-001
4.350210e+003,-2.133011e-001
4.350693e+003,-2.221535e-001
4.351175e+003,-2.151316e-001
4.351657e+003,-1.902258e-001
4.352139e+003,-1.493675e-001
4.352621e+003,-9.835785e-002
4.353104e+003,-4.542324e-002
4.353585e+003,1.170578e-003
4.354067e+003,3.556944e-002
4.354550e+003,5.589345e-002
4.355032e+003,6.428687e-002
4.355514e+003,6.546380e-002
4.355996e+003,6.439860e-002
4.356478e+003,6.418070e-002
4.356960e+003,6.494945e-002
4.357442e+003,6.432790e-002
4.357924e+003,5.908022e-002
4.358407e+003,4.719387e-002
4.358889e+003,2.940767e-002
4.359371e+003,9.486870e-003
4.359853e+003,-6.886272e-003
4.360335e+003,-1.411706e-002
4.360817e+003,-8.739566e-003
4.361299e+003,9.353019e-003
4.361782e+003,3.693388e-002
4.362264e+003,6.862476e-002
4.362746e+003,9.866076e-002
4.363228e+003,1.225019e-001
4.363710e+003,1.377185e-001
4.364192e+003,1.439738e-001
4.364674e+003,1.423410e-001
4.365156e+003,1.344403e-001
4.365639e+003,1.218491e-001
4.366121e+003,1.059954e-001
4.366603e+003,8.842310e-002
4.367085e+003,7.109239e-002
4.367567e+003,5.636803e-002
4.368049e+003,4.654679e-002
4.368531e+003,4.305795e-002
4.369013e+003,4.571498e-002
4.369496e+003,5.243071e-002
4.369978e+003,5.965863e-002
4.370460e+003,6.351024e-002
4.370942e+003,6.119915e-002
4.371424e+003,5.226897e-002
4.371906e+003,3.909944e-002
4.372388e+003,2.640698e-002
4.372871e+003,1.983294e-002
4.373353e+003,2.403537e-002
4.373834e+003,4.091608e-002
4.374317e+003,6.859814e-002
4.374799e+003,1.015500e-001
4.375281e+003,1.319004e-001
4.375763e+003,1.515963e-001
4.376245e+003,1.547675e-001
4.376728e+003,1.395653e-001
4.377209e+003,1.088798e-001
4.377691e+003,6.966937e-002
4.378174e+003,3.107405e-002
4.378656e+003,1.861444e-003
4.379138e+003,-1.200333e-002
4.379620e+003,-8.911902e-003
4.380102e+003,8.186730e-003
4.380584e+003,3.296944e-002
4.381066e+003,5.787445e-002
4.381549e+003,7.643447e-002
4.382031e+003,8.500211e-002
4.382513e+003,8.339507e-002
4.382995e+003,7.418962e-002
4.383477e+003,6.116343e-002
4.383959e+003,4.752587e-002
4.384441e+003,3.467789e-002
4.384923e+003,2.197658e-002
4.385406e+003,7.530916e-003
4.385888e+003,-1.037688e-002
4.386370e+003,-3.191205e-002
4.386852e+003,-5.496946e-002
4.387334e+003,-7.544614e-002
4.387816e+003,-8.841445e-002
4.388298e+003,-8.974127e-002
4.388780e+003,-7.753104e-002
4.389263e+003,-5.287373e-002
4.389745e+003,-1.965124e-002
4.390227e+003,1.647204e-002
4.390709e+003,4.948469e-002
4.391191e+003,7.439803e-002
4.391673e+003,8.818109e-002
4.392155e+003,9.010138e-002
4.392638e+003,8.154730e-002
4.393120e+003,6.553843e-002
4.393602e+003,4.611982e-002
4.394084e+003,2.775441e-002
4.394566e+003,1.471191e-002
4.395048e+003,1.043520e-002
4.395530e+003,1.690081e-002
4.396012e+003,3.410441e-002
4.396495e+003,5.987298e-002
4.396977e+003,9.018187e-002
4.397459e+003,1.200149e-001
4.397941e+003,1.445929e-001
4.398423e+003,1.606049e-001
4.398905e+003,1.670257e-001
4.399387e+003,1.652096e-001
4.399869e+003,1.582199e-001
4.400352e+003,1.496460e-001
4.400833e+003,1.423709e-001
4.401316e+003,1.377625e-001
4.401798e+003,1.355798e-001
4.402280e+003,1.345663e-001
4.402762e+003,1.334103e-001
4.403244e+003,1.316004e-001
4.403727e+003,1.297815e-001
4.404208e+003,1.294390e-001
4.404690e+003,1.320807e-001
4.405173e+003,1.383028e-001
4.405655e+003,1.471986e-001
4.406137e+003,1.563963e-001
4.406619e+003,1.627454e-001
4.407101e+003,1.633667e-001
4.407583e+003,1.566411e-001
4.408065e+003,1.427502e-001
4.408548e+003,1.235869e-001
4.409030e+003,1.021118e-001
4.409512e+003,8.145476e-002
4.409994e+003,6.411623e-002
4.410476e+003,5.155051e-002
4.410958e+003,4.420665e-002
4.411440e+003,4.189279e-002
4.411922e+003,4.420764e-002
4.412405e+003,5.079929e-002
4.412887e+003,6.137365e-002
4.413369e+003,7.528596e-002
4.413851e+003,9.138672e-002
4.414333e+003,1.078044e-001
4.414815e+003,1.220764e-001
4.415297e+003,1.315798e-001
4.415779e+003,1.341386e-001
4.416262e+003,1.286034e-001
4.416744e+003,1.152086e-001
4.417226e+003,9.558329e-002
4.417708e+003,7.240356e-002
4.418190e+003,4.879194e-002
4.418672e+003,2.763136e-002
4.419154e+003,1.097786e-002
4.419637e+003,-2.791295e-004
4.420119e+003,-6.435779e-003
4.420601e+003,-8.684475e-003
4.421083e+003,-8.619186e-003
4.421565e+003,-7.702844e-003
4.422047e+003,-6.875839e-003
4.422529e+003,-6.429093e-003
4.423011e+003,-6.164987e-003
4.423494e+003,-5.740460e-003
4.423976e+003,-5.007139e-003
4.424458e+003,-4.154538e-003
4.424940e+003,-3.554118e-003
4.425422e+003,-3.365248e-003
4.425904e+003,-3.109057e-003
4.426386e+003,-1.481502e-003
4.426868e+003,3.395159e-003
4.427351e+003,1.328880e-002
4.427833e+003,2.897624e-002
4.428315e+003,4.956463e-002
4.428797e+003,7.238998e-002
4.429279e+003,9.367587e-002
4.429761e+003,1.097891e-001
4.430243e+003,1.186367e-001
4.430726e+003,1.205988e-001
4.431208e+003,1.185474e-001
4.431689e+003,1.168432e-001
4.432172e+003,1.196568e-001
4.432654e+003,1.292684e-001
4.433136e+003,1.450488e-001
4.433618e+003,1.635602e-001
4.434100e+003,1.797641e-001
4.434583e+003,1.888549e-001
4.435064e+003,1.879965e-001
4.435546e+003,1.772872e-001
4.436029e+003,1.596169e-001
4.436511e+003,1.395363e-001
4.436993e+003,1.216564e-001
4.437475e+003,1.092023e-001
4.437957e+003,1.032338e-001
4.438439e+003,1.026770e-001
4.438921e+003,1.049804e-001
4.439404e+003,1.070064e-001
4.439886e+003,1.057916e-001
4.440368e+003,9.899785e-002
4.440850e+003,8.511152e-002
4.441332e+003,6.355514e-002
4.441814e+003,3.485886e-002
4.442296e+003,8.645936e-004
4.442778e+003,-3.522879e-002
4.443261e+003,-6.921370e-002
4.443743e+003,-9.654216e-002
4.444225e+003,-1.142449e-001
4.444707e+003,-1.211460e-001
4.445189e+003,-1.187116e-001
4.445671e+003,-1.106930e-001
4.446153e+003,-1.018593e-001
4.446635e+003,-9.623459e-002
4.447118e+003,-9.553273e-002
4.447600e+003,-9.846029e-002
4.448082e+003,-1.012295e-001
4.448564e+003,-9.910423e-002
4.449046e+003,-8.837275e-002
4.449528e+003,-6.793292e-002
4.450010e+003,-3.985038e-002
4.450493e+003,-8.683889e-003
4.450975e+003,2.011133e-002
4.451457e+003,4.201523e-002
4.451939e+003,5.476915e-002
4.452421e+003,5.872812e-002
4.452903e+003,5.622790e-002
4.453385e+003,5.037536e-002
4.453867e+003,4.387518e-002
4.454350e+003,3.837885e-002
4.454832e+003,3.453396e-002
4.455313e+003,3.251528e-002
4.455796e+003,3.260306e-002
4.456278e+003,3.540199e-002
4.456760e+003,4.153443e-002
4.457242e+003,5.098857e-002
4.457724e+003,6.254397e-002
4.458207e+003,7.369115e-002
4.458688e+003,8.125363e-002
4.459171e+003,8.254629e-002
4.459653e+003,7.659890e-002
4.460135e+003,6.486246e-002
4.460617e+003,5.099334e-002
4.461099e+003,3.968105e-002
4.461582e+003,3.492415e-002
4.462063e+003,3.840811e-002
4.462545e+003,4.865613e-002
4.463028e+003,6.133180e-002
4.463510e+003,7.063481e-002
4.463992e+003,7.130493e-002
4.464474e+003,6.050584e-002
4.464956e+003,3.890972e-002
4.465438e+003,1.060153e-002
4.465920e+003,-1.815931e-002
4.466402e+003,-4.088407e-002
4.466885e+003,-5.285965e-002
4.467367e+003,-5.256183e-002
4.467849e+003,-4.204887e-002
4.468331e+003,-2.624351e-002
4.468813e+003,-1.136915e-002
4.469295e+003,-3.043743e-003
4.469777e+003,-4.626106e-003
4.470260e+003,-1.629760e-002
4.470742e+003,-3.514010e-002
4.471224e+003,-5.615907e-002
4.471706e+003,-7.392308e-002
4.472188e+003,-8.430126e-002
4.472670e+003,-8.575161e-002
4.473152e+003,-7.975470e-002
4.473634e+003,-7.025589e-002
4.474117e+003,-6.229340e-002
4.474599e+003,-6.012181e-002
4.475081e+003,-6.594376e-002
4.475563e+003,-7.861625e-002
4.476045e+003,-9.429320e-002
4.476527e+003,-1.076492e-001
4.477009e+003,-1.135541e-001
4.477491e+003,-1.086335e-001
4.477974e+003,-9.223025e-002
4.478456e+003,-6.653021e-002
4.478938e+003,-3.591185e-002
4.479420e+003,-5.813845e-003
4.479902e+003,1.849776e-002
4.480384e+003,3.294031e-002
4.480866e+003,3.523947e-002
4.481349e+003,2.515930e-002
4.481831e+003,4.417754e-003
4.482313e+003,-2.364346e-002
4.482795e+003,-5.459053e-002
4.483277e+003,-8.362737e-002
4.483759e+003,-1.064653e-001
4.484241e+003,-1.201888e-001
4.484723e+003,-1.238902e-001
4.485206e+003,-1.188436e-001
4.485688e+003,-1.080920e-001
4.486170e+003,-9.553706e-002
4.486652e+003,-8.481769e-002
4.487134e+003,-7.838041e-002
4.487616e+003,-7.706637e-002
4.488098e+003,-8.033313e-002
4.488580e+003,-8.694731e-002
4.489063e+003,-9.578901e-002
4.489544e+003,-1.063789e-001
4.490027e+003,-1.188972e-001
4.490509e+003,-1.337031e-001
4.490991e+003,-1.506353e-001
4.491473e+003,-1.684692e-001
4.491955e+003,-1.848389e-001
4.492438e+003,-1.967190e-001
4.492919e+003,-2.012947e-001
4.493401e+003,-1.968850e-001
4.493884e+003,-1.835560e-001
4.494366e+003,-1.632099e-001
4.494848e+003,-1.391277e-001
4.495330e+003,-1.151576e-001
4.495812e+003,-9.481647e-002
4.496294e+003,-8.054326e-002
4.496776e+003,-7.325210e-002
4.497259e+003,-7.222022e-002
4.497741e+003,-7.530786e-002
4.498223e+003,-7.947264e-002
4.498705e+003,-8.151985e-002
4.499187e+003,-7.896042e-002
4.499669e+003,-7.076797e-002
4.500151e+003,-5.776270e-002
4.500633e+003,-4.240589e-002
4.501116e+003,-2.795051e-002
4.501598e+003,-1.715503e-002
4.502080e+003,-1.099875e-002
4.502562e+003,-7.944857e-003
4.503044e+003,-4.153925e-003
4.503526e+003,5.280585e-003
4.504008e+003,2.444582e-002
4.504490e+003,5.474064e-002
4.504973e+003,9.376937e-002
4.505455e+003,1.354454e-001
4.505937e+003,1.714684e-001
4.506419e+003,1.934355e-001
4.506901e+003,1.951063e-001
4.507383e+003,1.739691e-001
4.507865e+003,1.317383e-001
4.508348e+003,7.379960e-002
4.508830e+003,7.956523e-003
4.509312e+003,-5.707295e-002
4.509794e+003,-1.130624e-001
4.510276e+003,-1.534312e-001
4.510758e+003,-1.741397e-001
4.511240e+003,-1.743168e-001
4.511722e+003,-1.565043e-001
4.512205e+003,-1.263020e-001
4.512687e+003,-9.123771e-002
4.513168e+003,-5.893157e-002
4.513651e+003,-3.499119e-002
4.514133e+003,-2.135722e-002
4.514615e+003,-1.581507e-002
4.515097e+003,-1.302489e-002
4.515579e+003,-6.807860e-003
4.516062e+003,7.153648e-003
4.516543e+003,2.931154e-002
4.517026e+003,5.585157e-002
4.517508e+003,8.015706e-002
4.517990e+003,9.556916e-002
4.518472e+003,9.825950e-002
4.518954e+003,8.893739e-002
4.519437e+003,7.261920e-002
4.519918e+003,5.655960e-002
4.520400e+003,4.725887e-002
4.520883e+003,4.785205e-002
4.521365e+003,5.700047e-002
4.521847e+003,6.970666e-002
4.522329e+003,7.961500e-002
4.522811e+003,8.171739e-002
4.523293e+003,7.426652e-002
4.523775e+003,5.914520e-002
4.524257e+003,4.068875e-002
4.524740e+003,2.364772e-002
4.525222e+003,1.128450e-002
4.525704e+003,4.419564e-003
4.526186e+003,1.703066e-003
4.526668e+003,7.741942e-004
4.527150e+003,-3.994534e-004
4.527632e+003,-2.683443e-003
4.528115e+003,-5.739800e-003
4.528597e+003,-8.625527e-003
4.529079e+003,-1.052979e-002
4.529561e+003,-1.117180e-002
4.530043e+003,-1.064933e-002
4.530525e+003,-8.931543e-003
4.531007e+003,-5.425743e-003
4.531489e+003,9.747799e-004
4.531972e+003,1.126133e-002
4.532454e+003,2.538772e-002
4.532936e+003,4.159578e-002
4.533418e+003,5.649176e-002
4.533900e+003,6.602257e-002
4.534382e+003,6.704940e-002
4.534864e+003,5.884808e-002
4.535346e+003,4.383815e-002
4.535829e+003,2.712851e-002
4.536311e+003,1.611125e-002
4.536793e+003,1.475302e-002
4.537275e+003,2.522447e-002
4.537757e+003,4.635669e-002
4.538239e+003,7.409351e-002
4.538721e+003,1.028365e-001
4.539204e+003,1.270836e-001
4.539686e+003,1.427074e-001
4.540167e+003,1.474891e-001
4.540650e+003,1.409327e-001
4.541132e+003,1.237119e-001
4.541614e+003,9.720454e-002
4.542096e+003,6.340057e-002
4.542578e+003,2.512603e-002
4.543061e+003,-1.375488e-002
4.543542e+003,-4.858850e-002
4.544024e+003,-7.482880e-002
4.544507e+003,-8.938910e-002
4.544989e+003,-9.188624e-002
4.545471e+003,-8.510710e-002
4.545953e+003,-7.427049e-002
4.546435e+003,-6.520398e-002
4.546917e+003,-6.208917e-002
4.547399e+003,-6.574106e-002
4.547882e+003,-7.322158e-002
4.548364e+003,-7.904641e-002
4.548846e+003,-7.752495e-002
4.549328e+003,-6.524196e-002
4.549810e+003,-4.258141e-002
4.550292e+003,-1.361943e-002
4.550774e+003,1.557200e-002
4.551256e+003,3.942202e-002
4.551739e+003,5.502684e-002
4.552221e+003,6.302135e-002
4.552703e+003,6.682967e-002
4.553185e+003,7.073902e-002
4.553667e+003,7.778823e-002
4.554149e+003,8.848856e-002
4.554631e+003,1.009600e-001
4.555113e+003,1.123139e-001
4.555596e+003,1.205137e-001
4.556078e+003,1.257176e-001
4.556560e+003,1.304069e-001
4.557042e+003,1.382316e-001
4.557524e+003,1.521522e-001
4.558006e+003,1.727758e-001
4.558488e+003,1.976537e-001
4.558971e+003,2.217989e-001
4.559453e+003,2.391151e-001
4.559935e+003,2.440641e-001
4.560417e+003,2.329275e-001
4.560899e+003,2.043553e-001
4.561381e+003,1.593248e-001
4.561863e+003,1.008799e-001
4.562345e+003,3.396508e-002
4.562828e+003,-3.465353e-002
4.563310e+003,-9.670872e-002
4.563792e+003,-1.434174e-001
4.564274e+003,-1.672792e-001
4.564756e+003,-1.643112e-001
4.565238e+003,-1.358790e-001
4.565720e+003,-8.915461e-002
4.566202e+003,-3.562993e-002
4.566685e+003,1.210089e-002
4.567167e+003,4.415099e-002
4.567649e+003,5.673357e-002
4.568131e+003,5.265102e-002
4.568613e+003,3.975022e-002
4.569095e+003,2.733431e-002
4.569577e+003,2.220273e-002
4.570060e+003,2.601313e-002
4.570542e+003,3.504191e-002
4.571023e+003,4.232980e-002
4.571506e+003,4.109695e-002
4.571988e+003,2.779158e-002
4.572470e+003,3.391544e-003
4.572952e+003,-2.749554e-002
4.573434e+003,-5.908211e-002
4.573917e+003,-8.703778e-002
4.574398e+003,-1.099628e-001
4.574880e+003,-1.290389e-001
4.575363e+003,-1.462116e-001
4.575845e+003,-1.620318e-001
4.576327e+003,-1.744537e-001
4.576809e+003,-1.793370e-001
4.577291e+003,-1.724601e-001
4.577773e+003,-1.519950e-001
4.578255e+003,-1.201157e-001
4.578738e+003,-8.280194e-002
4.579220e+003,-4.780886e-002
4.579702e+003,-2.169722e-002
4.580184e+003,-7.303521e-003
4.580666e+003,-2.817316e-003
4.581148e+003,-2.862245e-003
4.581630e+003,-1.012465e-003
4.582112e+003,7.447115e-003
4.582595e+003,2.375660e-002
4.583077e+003,4.560743e-002
4.583559e+003,6.860957e-002
4.584041e+003,8.846021e-002
4.584523e+003,1.027369e-001
4.585005e+003,1.115402e-001
4.585487e+003,1.168627e-001
4.585969e+003,1.211840e-001
4.586452e+003,1.260932e-001
4.586934e+003,1.316056e-001
4.587416e+003,1.363798e-001
4.587898e+003,1.385685e-001
4.588380e+003,1.367417e-001
4.588862e+003,1.304070e-001
4.589344e+003,1.199560e-001
4.589827e+003,1.062186e-001
4.590309e+003,8.999263e-002
4.590791e+003,7.185637e-002
4.591273e+003,5.231599e-002
4.591755e+003,3.210497e-002
4.592237e+003,1.234577e-002
4.592719e+003,-5.598802e-003
4.593201e+003,-2.052745e-002
4.593684e+003,-3.180508e-002
4.594166e+003,-3.949408e-002
4.594648e+003,-4.410847e-002
4.595130e+003,-4.615224e-002
4.595612e+003,-4.576686e-002
4.596094e+003,-4.278947e-002
4.596576e+003,-3.726129e-002
4.597058e+003,-3.010771e-002
4.597541e+003,-2.350513e-002
4.598022e+003,-2.061227e-002
4.598505e+003,-2.408488e-002
4.598987e+003,-3.505356e-002
4.599469e+003,-5.171771e-002
4.599951e+003,-6.915804e-002
4.600433e+003,-8.048803e-002
4.600916e+003,-7.906293e-002
4.601397e+003,-6.094148e-002
4.601879e+003,-2.661219e-002
4.602362e+003,1.876209e-002
4.602844e+003,6.673609e-002
4.603326e+003,1.081122e-001
4.603808e+003,1.356465e-001
4.604290e+003,1.459490e-001
4.604772e+003,1.399745e-001
4.605254e+003,1.221129e-001
4.605737e+003,9.841207e-002
4.606219e+003,7.472064e-002
4.606701e+003,5.540707e-002
4.607183e+003,4.294673e-002
4.607665e+003,3.822570e-002
4.608147e+003,4.114403e-002
4.608629e+003,5.107220e-002
4.609111e+003,6.692678e-002
4.609594e+003,8.692048e-002
4.610076e+003,1.082691e-001
4.610558e+003,1.271675e-001
4.611040e+003,1.392290e-001
4.611522e+003,1.403435e-001
4.612004e+003,1.277272e-001
4.612486e+003,1.008499e-001
4.612968e+003,6.197227e-002
4.613451e+003,1.612241e-002
4.613933e+003,-2.952112e-002
4.614415e+003,-6.676584e-002
4.614897e+003,-8.788376e-002
4.615379e+003,-8.716872e-002
4.615861e+003,-6.224681e-002
4.616343e+003,-1.482193e-002
4.616826e+003,4.938112e-002
4.617308e+003,1.215578e-001
4.617790e+003,1.914871e-001
4.618272e+003,2.495555e-001
4.618754e+003,2.886188e-001
4.619236e+003,3.052253e-001
4.619718e+003,2.998942e-001
4.620200e+003,2.764588e-001
4.620683e+003,2.407660e-001
4.621165e+003,1.991802e-001
4.621646e+003,1.573175e-001
4.622129e+003,1.192722e-001
4.622611e+003,8.735754e-002
4.623093e+003,6.223292e-002
4.623575e+003,4.320949e-002
4.624057e+003,2.860823e-002
4.624540e+003,1.614164e-002
4.625021e+003,3.380215e-003
4.625504e+003,-1.165973e-002
4.625986e+003,-2.987022e-002
4.626468e+003,-5.055033e-002
4.626950e+003,-7.129358e-002
4.627432e+003,-8.846045e-002
4.627915e+003,-9.820846e-002
4.628396e+003,-9.781880e-002
4.628878e+003,-8.386567e-002
4.629361e+003,-6.201888e-002
4.629843e+003,-3.804922e-002
4.630325e+003,-1.875231e-002
4.630807e+003,-9.998255e-003
4.631289e+003,-1.497856e-002
4.631771e+003,-3.323122e-002
4.632253e+003,-6.076735e-002
4.632735e+003,-9.124711e-002
4.633218e+003,-1.178041e-001
4.633700e+003,-1.348986e-001
4.634182e+003,-1.396166e-001
4.634664e+003,-1.320444e-001
4.635146e+003,-1.147071e-001
4.635628e+003,-9.138773e-002
4.636110e+003,-6.581245e-002
4.636593e+003,-4.070695e-002
4.637075e+003,-1.750507e-002
4.637557e+003,3.299634e-003
4.638039e+003,2.144039e-002
4.638521e+003,3.624303e-002
4.639003e+003,4.642344e-002
4.639485e+003,5.045175e-002
4.639967e+003,4.730655e-002
4.640450e+003,3.723187e-002
4.640932e+003,2.207964e-002
4.641414e+003,5.005817e-003
4.641896e+003,-1.040517e-002
4.642378e+003,-2.120946e-002
4.642860e+003,-2.588840e-002
4.643342e+003,-2.449293e-002
4.643824e+003,-1.809201e-002
4.644307e+003,-7.847941e-003
4.644789e+003,5.794061e-003
4.645271e+003,2.332688e-002
4.645753e+003,4.564006e-002
4.646235e+003,7.294229e-002
4.646717e+003,1.036718e-001
4.647199e+003,1.339823e-001
4.647682e+003,1.581689e-001
4.648164e+003,1.700096e-001
4.648646e+003,1.645872e-001
4.649128e+003,1.399195e-001
4.649610e+003,9.779711e-002
4.650092e+003,4.351877e-002
4.650574e+003,-1.534515e-002
4.651056e+003,-7.068991e-002
4.651539e+003,-1.155659e-001
4.652021e+003,-1.453753e-001
4.652502e+003,-1.583971e-001
4.652985e+003,-1.556701e-001
4.653467e+003,-1.403908e-001
4.653949e+003,-1.169991e-001
4.654431e+003,-9.009699e-002
4.654913e+003,-6.335918e-002
4.655396e+003,-3.863545e-002
4.655877e+003,-1.549881e-002
4.656360e+003,8.519363e-003
4.656842e+003,3.691984e-002
4.657324e+003,7.264577e-002
4.657806e+003,1.163944e-001
4.658288e+003,1.654773e-001
4.658771e+003,2.137761e-001
4.659252e+003,2.529789e-001
4.659734e+003,2.751272e-001
4.660217e+003,2.738631e-001
4.660699e+003,2.477237e-001
4.661181e+003,2.001814e-001
4.661663e+003,1.386502e-001
4.662145e+003,7.233283e-002
4.662627e+003,9.714128e-003
4.663109e+003,-4.340629e-002
4.663591e+003,-8.472690e-002
4.664074e+003,-1.149809e-001
4.664556e+003,-1.365702e-001
4.665038e+003,-1.519450e-001
4.665520e+003,-1.623714e-001
4.666002e+003,-1.674715e-001
4.666484e+003,-1.655762e-001
4.666966e+003,-1.546388e-001
4.667449e+003,-1.333329e-001
4.667931e+003,-1.019699e-001
4.668413e+003,-6.298648e-002
4.668895e+003,-2.088638e-002
4.669377e+003,1.837376e-002
4.669859e+003,4.847438e-002
4.670341e+003,6.411937e-002
4.670823e+003,6.242656e-002
4.671306e+003,4.393139e-002
4.671788e+003,1.281611e-002
4.672270e+003,-2.386972e-002
4.672752e+003,-5.792052e-002
4.673234e+003,-8.218107e-002
4.673716e+003,-9.255857e-002
4.674198e+003,-8.914174e-002
4.674680e+003,-7.600012e-002
4.675163e+003,-5.968934e-002
4.675645e+003,-4.695741e-002
4.676127e+003,-4.243598e-002
4.676609e+003,-4.712148e-002
4.677091e+003,-5.815405e-002
4.677573e+003,-6.994047e-002
4.678055e+003,-7.618206e-002
4.678538e+003,-7.207440e-002
4.679020e+003,-5.593418e-002
4.679501e+003,-2.974976e-002
4.679984e+003,1.467052e-003
4.680466e+003,3.125471e-002
4.680948e+003,5.367288e-002
4.681430e+003,6.503004e-002
4.681912e+003,6.484340e-002
4.682395e+003,5.574339e-002
4.682876e+003,4.238290e-002
4.683359e+003,2.972819e-002
4.683841e+003,2.131013e-002
4.684323e+003,1.803027e-002
4.684805e+003,1.794220e-002
4.685287e+003,1.709164e-002
4.685769e+003,1.113123e-002
4.686251e+003,-2.883230e-003
4.686733e+003,-2.518922e-002
4.687216e+003,-5.301264e-002
4.687698e+003,-8.136737e-002
4.688180e+003,-1.046195e-001
4.688662e+003,-1.181761e-001
4.689144e+003,-1.196533e-001
4.689626e+003,-1.091334e-001
4.690108e+003,-8.853945e-002
4.690590e+003,-6.208163e-002
4.691073e+003,-2.870087e-002
4.691555e+003,9.867557e-003
4.692037e+003,5.183747e-002
4.692519e+003,9.489762e-002
4.693001e+003,1.357952e-001
4.693483e+003,1.702950e-001
4.693965e+003,1.936792e-001
4.694448e+003,2.017151e-001
4.694930e+003,1.918188e-001
4.695412e+003,1.640113e-001
4.695894e+003,1.213107e-001
4.696376e+003,6.935611e-002
4.696858e+003,1.530942e-002
4.697340e+003,-3.367905e-002
4.697822e+003,-7.200518e-002
4.698305e+003,-9.670150e-002
4.698787e+003,-1.077800e-001
4.699269e+003,-1.077678e-001
4.699751e+003,-1.006310e-001
4.700233e+003,-9.047361e-002
4.700715e+003,-8.043405e-002
4.701197e+003,-7.210054e-002
4.701679e+003,-6.555261e-002
4.702162e+003,-5.988866e-002
4.702644e+003,-5.394073e-002
4.703126e+003,-4.684319e-002
4.703608e+003,-3.822453e-002
4.704090e+003,-2.801499e-002
4.704572e+003,-1.605472e-002
4.705054e+003,-1.807851e-003
4.705537e+003,1.556501e-002
4.706019e+003,3.670967e-002
4.706500e+003,6.133712e-002
4.706983e+003,8.758744e-002
4.707465e+003,1.118811e-001
4.707947e+003,1.294550e-001
4.708429e+003,1.355116e-001
4.708911e+003,1.266253e-001
4.709394e+003,1.019135e-001
4.709875e+003,6.352480e-002
4.710357e+003,1.626094e-002
4.710840e+003,-3.354178e-002
4.711322e+003,-7.944444e-002
4.711804e+003,-1.161630e-001
4.712286e+003,-1.402941e-001
4.712768e+003,-1.504361e-001
4.713250e+003,-1.468834e-001
4.713732e+003,-1.312072e-001
4.714215e+003,-1.059509e-001
4.714697e+003,-7.449145e-002
4.715179e+003,-4.091366e-002
4.715661e+003,-9.680033e-003
4.716143e+003,1.504302e-002
4.716625e+003,3.030960e-002
4.717107e+003,3.525797e-002
4.717589e+003,3.150688e-002
4.718072e+003,2.278531e-002
4.718554e+003,1.378622e-002
4.719036e+003,8.591685e-003
4.719518e+003,9.229776e-003
4.720000e+003,1.493509e-002
4.720482e+003,2.242624e-002
4.720964e+003,2.711861e-002
4.721446e+003,2.452285e-002
4.721929e+003,1.292492e-002
4.722411e+003,-7.117334e-003
4.722893e+003,-3.262730e-002
4.723375e+003,-5.933064e-002
4.723857e+003,-8.316086e-002
4.724339e+003,-1.015370e-001
4.724821e+003,-1.139206e-001
4.725304e+003,-1.214855e-001
4.725786e+003,-1.261080e-001
4.726268e+003,-1.291530e-001
4.726750e+003,-1.306180e-001
4.727232e+003,-1.290237e-001
4.727714e+003,-1.221199e-001
4.728196e+003,-1.081112e-001
4.728678e+003,-8.686269e-002
4.729161e+003,-6.050396e-002
4.729643e+003,-3.312344e-002
4.730125e+003,-9.582448e-003
4.730607e+003,6.088668e-003
4.731089e+003,1.207303e-002
4.731571e+003,9.322741e-003
4.732053e+003,1.029438e-003
4.732535e+003,-8.812085e-003
4.733018e+003,-1.712893e-002
4.733500e+003,-2.303176e-002
4.733982e+003,-2.802467e-002
4.734464e+003,-3.504220e-002
4.734946e+003,-4.672657e-002
4.735428e+003,-6.373340e-002
4.735910e+003,-8.387225e-002
4.736393e+003,-1.025526e-001
4.736875e+003,-1.143951e-001
4.737356e+003,-1.153306e-001
4.737839e+003,-1.042223e-001
4.738321e+003,-8.324258e-002
4.738803e+003,-5.681390e-002
4.739285e+003,-2.960836e-002
4.739767e+003,-4.576614e-003
4.740250e+003,1.802249e-002
4.740731e+003,4.008955e-002
4.741213e+003,6.391838e-002
4.741696e+003,9.009907e-002
4.742178e+003,1.162257e-001
4.742660e+003,1.371676e-001
4.743142e+003,1.469208e-001
4.743624e+003,1.412475e-001
4.744106e+003,1.198566e-001
4.744588e+003,8.701846e-002
4.745071e+003,5.019212e-002
4.745553e+003,1.719817e-002
4.746035e+003,-6.816369e-003
4.746517e+003,-2.120726e-002
4.746999e+003,-2.956686e-002
4.747481e+003,-3.744986e-002
4.747963e+003,-4.912295e-002
4.748445e+003,-6.485699e-002
4.748928e+003,-8.008375e-002
4.749410e+003,-8.689429e-002
4.749892e+003,-7.730586e-002
4.750374e+003,-4.690256e-002
4.750856e+003,2.723829e-003
4.751338e+003,6.380467e-002
4.751820e+003,1.246177e-001
4.752302e+003,1.731935e-001
4.752785e+003,2.012725e-001
4.753267e+003,2.066101e-001
4.753749e+003,1.932396e-001
4.754231e+003,1.695939e-001
4.754713e+003,1.454118e-001
4.755195e+003,1.286726e-001
4.755677e+003,1.236059e-001
4.756160e+003,1.302738e-001
4.756642e+003,1.455697e-001
4.757124e+003,1.649993e-001
4.757606e+003,1.844486e-001
4.758088e+003,2.013237e-001
4.758570e+003,2.148196e-001
4.759052e+003,2.254571e-001
4.759534e+003,2.342589e-001
4.760017e+003,2.419671e-001
4.760499e+003,2.485683e-001
4.760981e+003,2.532278e-001
4.761463e+003,2.545565e-001
4.761945e+003,2.510690e-001
4.762427e+003,2.416566e-001
4.762909e+003,2.259538e-001
4.763392e+003,2.045041e-001
4.763874e+003,1.787060e-001
4.764356e+003,1.505637e-001
4.764838e+003,1.223252e-001
4.765320e+003,9.612049e-002
4.765802e+003,7.372592e-002
4.766284e+003,5.650243e-002
4.766766e+003,4.549158e-002
4.767249e+003,4.154237e-002
4.767730e+003,4.532897e-002
4.768213e+003,5.716115e-002
4.768695e+003,7.659747e-002
4.769177e+003,1.020117e-001
4.769659e+003,1.303371e-001
4.770141e+003,1.571971e-001
4.770624e+003,1.775241e-001
4.771105e+003,1.865847e-001
4.771587e+003,1.811647e-001
4.772070e+003,1.605651e-001
4.772552e+003,1.270774e-001
4.773034e+003,8.574007e-002
4.773516e+003,4.338418e-002
4.773998e+003,7.176470e-003
4.774480e+003,-1.698354e-002
4.774962e+003,-2.581243e-002
4.775444e+003,-1.938059e-002
4.775927e+003,-1.017546e-003
4.776409e+003,2.363557e-002
4.776891e+003,4.819967e-002
4.777373e+003,6.732386e-002
4.777855e+003,7.810397e-002
4.778337e+003,8.070303e-002
4.778819e+003,7.795422e-002
4.779302e+003,7.409517e-002
4.779784e+003,7.308891e-002
4.780266e+003,7.717069e-002
4.780748e+003,8.618047e-002
4.781230e+003,9.793333e-002
4.781712e+003,1.094305e-001
4.782194e+003,1.183380e-001
4.782676e+003,1.240169e-001
4.783159e+003,1.276098e-001
4.783641e+003,1.309987e-001
4.784123e+003,1.353194e-001
4.784605e+003,1.395756e-001
4.785087e+003,1.402207e-001
4.785569e+003,1.320223e-001
4.786051e+003,1.099803e-001
4.786533e+003,7.154578e-002
4.787016e+003,1.821749e-002
4.787498e+003,-4.421232e-002
4.787980e+003,-1.069445e-001
4.788462e+003,-1.605605e-001
4.788944e+003,-1.976232e-001
4.789426e+003,-2.145578e-001
4.789908e+003,-2.122116e-001
4.790391e+003,-1.950614e-001
4.790873e+003,-1.695305e-001
4.791354e+003,-1.421215e-001
4.791837e+003,-1.179561e-001
4.792319e+003,-1.000133e-001
4.792801e+003,-8.899598e-002
4.793283e+003,-8.357453e-002
4.793765e+003,-8.076926e-002
4.794248e+003,-7.641803e-002
4.794729e+003,-6.583343e-002
4.795212e+003,-4.479135e-002
4.795694e+003,-1.081597e-002
4.796176e+003,3.554684e-002
4.796658e+003,8.998380e-002
4.797140e+003,1.446894e-001
4.797622e+003,1.898710e-001
4.798104e+003,2.162060e-001
4.798586e+003,2.175494e-001
4.799069e+003,1.929789e-001
4.799551e+003,1.474203e-001
4.800033e+003,9.055857e-002
4.800515e+003,3.433913e-002
4.800997e+003,-1.016950e-002
4.801479e+003,-3.558585e-002
4.801961e+003,-3.989909e-002
4.802443e+003,-2.661638e-002
4.802926e+003,-3.457832e-003
4.803408e+003,1.992123e-002
4.803890e+003,3.447511e-002
4.804372e+003,3.390683e-002
4.804854e+003,1.592008e-002
4.805336e+003,-1.758740e-002
4.805818e+003,-6.128469e-002
4.806301e+003,-1.078205e-001
4.806783e+003,-1.495085e-001
4.807265e+003,-1.799009e-001
4.807747e+003,-1.949273e-001
4.808229e+003,-1.933859e-001
4.808711e+003,-1.767484e-001
4.809193e+003,-1.484138e-001
4.809675e+003,-1.127040e-001
4.810158e+003,-7.393537e-002
4.810640e+003,-3.580866e-002
4.811122e+003,-1.203974e-003
4.811604e+003,2.773514e-002
4.812086e+003,4.942532e-002
4.812568e+003,6.276176e-002
4.813050e+003,6.719404e-002
4.813532e+003,6.287304e-002
4.814015e+003,5.068135e-002
4.814497e+003,3.218082e-002
4.814979e+003,9.149801e-003
4.815461e+003,-1.679224e-002
4.815943e+003,-4.442727e-002
4.816425e+003,-7.285610e-002
4.816907e+003,-1.011148e-001
4.817390e+003,-1.277057e-001
4.817872e+003,-1.503423e-001
4.818354e+003,-1.661543e-001
4.818836e+003,-1.723655e-001
4.819318e+003,-1.672151e-001
4.819800e+003,-1.507306e-001
4.820282e+003,-1.249839e-001
4.820764e+003,-9.367514e-002
4.821247e+003,-6.116113e-002
4.821729e+003,-3.129927e-002
4.822210e+003,-6.538667e-003
4.822693e+003,1.240502e-002
4.823175e+003,2.623379e-002
4.823657e+003,3.632268e-002
4.824139e+003,4.390327e-002
4.824621e+003,4.950720e-002
4.825104e+003,5.282614e-002
4.825585e+003,5.294467e-002
4.826068e+003,4.878821e-002
4.826550e+003,3.960337e-002
4.827032e+003,2.536469e-002
4.827514e+003,7.052012e-003
4.827996e+003,-1.323229e-002
4.828479e+003,-3.237757e-002
4.828960e+003,-4.670966e-002
4.829442e+003,-5.280142e-002
4.829925e+003,-4.853795e-002
4.830407e+003,-3.410460e-002
4.830889e+003,-1.244171e-002
4.831371e+003,1.122698e-002
4.831853e+003,3.087579e-002
4.832335e+003,4.180176e-002
4.832817e+003,4.262736e-002
4.833299e+003,3.629986e-002
4.833782e+003,2.949803e-002
4.834264e+003,3.046656e-002
4.834746e+003,4.601156e-002
4.835228e+003,7.883044e-002
4.835710e+003,1.262926e-001
4.836192e+003,1.812218e-001
4.836674e+003,2.343807e-001
4.837157e+003,2.776284e-001
4.837639e+003,3.064285e-001
4.838121e+003,3.206905e-001
4.838603e+003,3.236924e-001
4.839085e+003,3.197173e-001
4.839567e+003,3.116095e-001
4.840049e+003,2.994539e-001
4.840531e+003,2.809846e-001
4.841014e+003,2.534656e-001
4.841496e+003,2.160407e-001
4.841978e+003,1.713288e-001
4.842460e+003,1.254073e-001
4.842942e+003,8.610824e-002
4.843424e+003,6.037286e-002
4.843906e+003,5.183846e-002
4.844388e+003,5.969081e-002
4.844871e+003,7.908715e-002
4.845353e+003,1.034234e-001
4.845835e+003,1.262718e-001
4.846317e+003,1.432039e-001
4.846799e+003,1.522994e-001
4.847281e+003,1.534783e-001
4.847763e+003,1.472585e-001
4.848246e+003,1.337442e-001
4.848728e+003,1.124193e-001
4.849209e+003,8.278842e-002
4.849692e+003,4.539834e-002
4.850174e+003,2.545482e-003
4.850656e+003,-4.186092e-002
4.851138e+003,-8.332325e-002
4.851620e+003,-1.182024e-001
4.852103e+003,-1.448456e-001
4.852584e+003,-1.637897e-001
4.853066e+003,-1.768953e-001
4.853549e+003,-1.858482e-001
4.854031e+003,-1.908060e-001
4.854513e+003,-1.899686e-001
4.854995e+003,-1.804103e-001
4.855477e+003,-1.598941e-001
4.855959e+003,-1.288500e-001
4.856441e+003,-9.151061e-002
4.856924e+003,-5.550187e-002
4.857406e+003,-2.981767e-002
4.857888e+003,-2.183553e-002
4.858370e+003,-3.449656e-002
4.858852e+003,-6.478150e-002
4.859334e+003,-1.041512e-001
4.859816e+003,-1.409052e-001
4.860298e+003,-1.636826e-001
4.860781e+003,-1.649209e-001
4.861263e+003,-1.430965e-001
4.861745e+003,-1.030246e-001
4.862227e+003,-5.417413e-002
4.862709e+003,-7.655791e-003
4.863191e+003,2.705014e-002
4.863673e+003,4.452467e-002
4.864155e+003,4.428783e-002
4.864638e+003,3.002124e-002
4.865120e+003,7.638920e-003
4.865602e+003,-1.693764e-002
4.866084e+003,-3.943437e-002
4.866566e+003,-5.779931e-002
4.867048e+003,-7.167542e-002
4.867530e+003,-8.122300e-002
4.868013e+003,-8.597816e-002
4.868495e+003,-8.436026e-002
4.868977e+003,-7.410355e-002
4.869459e+003,-5.343195e-002
4.869941e+003,-2.242116e-002
4.870423e+003,1.611753e-002
4.870905e+003,5.673986e-002
4.871387e+003,9.254780e-002
4.871870e+003,1.170833e-001
4.872352e+003,1.262395e-001
4.872834e+003,1.194574e-001
4.873316e+003,9.974500e-002
4.873798e+003,7.254043e-002
4.874280e+003,4.389305e-002
4.874762e+003,1.867920e-002
4.875244e+003,-5.189169e-004
4.875727e+003,-1.345040e-002
4.876208e+003,-2.187907e-002
4.876691e+003,-2.804877e-002
4.877173e+003,-3.379057e-002
4.877655e+003,-4.000723e-002
4.878137e+003,-4.676738e-002
4.878619e+003,-5.378581e-002
4.879102e+003,-6.091527e-002
4.879583e+003,-6.831030e-002
4.880065e+003,-7.617783e-002
4.880548e+003,-8.427907e-002
4.881030e+003,-9.154479e-002
4.881512e+003,-9.611328e-002
4.881994e+003,-9.589471e-002
4.882476e+003,-8.945382e-002
4.882958e+003,-7.678971e-002
4.883440e+003,-5.957855e-002
4.883923e+003,-4.066550e-002
4.884405e+003,-2.296927e-002
4.884887e+003,-8.277930e-003
4.885369e+003,3.475735e-003
4.885851e+003,1.404542e-002
4.886333e+003,2.580089e-002
4.886815e+003,4.018674e-002
4.887297e+003,5.641712e-002
4.887780e+003,7.108434e-002
4.888262e+003,7.902619e-002
4.888744e+003,7.521187e-002
4.889226e+003,5.693714e-002
4.889708e+003,2.538917e-002
4.890190e+003,-1.414256e-002
4.890672e+003,-5.361785e-002
4.891154e+003,-8.473039e-002
4.891637e+003,-1.016209e-001
4.892119e+003,-1.027944e-001
4.892601e+003,-9.149238e-002
4.893083e+003,-7.438506e-002
4.893565e+003,-5.910831e-002
4.894047e+003,-5.162944e-002
4.894529e+003,-5.442760e-002
4.895012e+003,-6.610456e-002
4.895494e+003,-8.241671e-002
4.895976e+003,-9.816275e-002
4.896458e+003,-1.090885e-001
4.896940e+003,-1.130671e-001
4.897422e+003,-1.101960e-001
4.897904e+003,-1.019954e-001
4.898386e+003,-9.026467e-002
4.898869e+003,-7.623579e-002
4.899351e+003,-6.044242e-002
4.899833e+003,-4.328472e-002
4.900315e+003,-2.588683e-002
4.900797e+003,-1.066883e-002
4.901279e+003,-1.193239e-003
4.901761e+003,-1.178999e-003
4.902243e+003,-1.303735e-002
4.902726e+003,-3.653169e-002
4.903208e+003,-6.819531e-002
4.903690e+003,-1.018487e-001
4.904172e+003,-1.301204e-001
4.904654e+003,-1.464760e-001
4.905136e+003,-1.470489e-001
4.905618e+003,-1.316559e-001
4.906101e+003,-1.036884e-001
4.906583e+003,-6.900985e-002
4.907064e+003,-3.412465e-002
4.907547e+003,-4.518059e-003
4.908029e+003,1.655869e-002
4.908511e+003,2.850726e-002
4.908993e+003,3.304059e-002
4.909475e+003,3.333071e-002
4.909958e+003,3.298428e-002
4.910439e+003,3.515566e-002
4.910921e+003,4.195252e-002
4.911404e+003,5.417345e-002
4.911886e+003,7.129672e-002
4.912368e+003,9.163013e-002
4.912850e+003,1.125608e-001
4.913332e+003,1.309150e-001
4.913814e+003,1.434489e-001
4.914296e+003,1.474860e-001
4.914779e+003,1.416060e-001
4.915261e+003,1.262199e-001
4.915743e+003,1.037958e-001
4.916225e+003,7.855220e-002
4.916707e+003,5.557283e-002
4.917189e+003,3.950934e-002
4.917671e+003,3.321733e-002
4.918153e+003,3.678545e-002
4.918636e+003,4.732557e-002
4.919118e+003,5.969485e-002
4.919600e+003,6.798133e-002
4.920082e+003,6.732354e-002
4.920564e+003,5.547049e-002
4.921046e+003,3.358605e-002
4.921528e+003,6.039001e-003
4.922010e+003,-2.072070e-002
4.922493e+003,-3.982789e-002
4.922975e+003,-4.568472e-002
4.923457e+003,-3.519796e-002
4.923939e+003,-8.299356e-003
4.924421e+003,3.224623e-002
4.924903e+003,8.155845e-002
4.925385e+003,1.335851e-001
4.925868e+003,1.820637e-001
4.926350e+003,2.213696e-001
4.926832e+003,2.472498e-001
4.927314e+003,2.574317e-001
4.927796e+003,2.520485e-001
4.928278e+003,2.337226e-001
4.928760e+003,2.071585e-001
4.929242e+003,1.781771e-001
4.929725e+003,1.523668e-001
4.930207e+003,1.337049e-001
4.930688e+003,1.236276e-001
4.931171e+003,1.209076e-001
4.931653e+003,1.224293e-001
4.932135e+003,1.245628e-001
4.932617e+003,1.245991e-001
4.933099e+003,1.216530e-001
4.933582e+003,1.167024e-001
4.934063e+003,1.117902e-001
4.934546e+003,1.088042e-001
4.935028e+003,1.083909e-001
4.935510e+003,1.094859e-001
4.935992e+003,1.096130e-001
4.936474e+003,1.057768e-001
4.936957e+003,9.550925e-002
4.937438e+003,7.752467e-002
4.937920e+003,5.231753e-002
4.938403e+003,2.146306e-002
4.938885e+003,-1.281644e-002
4.939367e+003,-4.816238e-002
4.939849e+003,-8.235747e-002
4.940331e+003,-1.133766e-001
4.940813e+003,-1.393994e-001
4.941295e+003,-1.589670e-001
4.941777e+003,-1.713521e-001
4.942260e+003,-1.769853e-001
4.942742e+003,-1.776761e-001
4.943224e+003,-1.763773e-001
4.943706e+003,-1.764399e-001
4.944188e+003,-1.805544e-001
4.944670e+003,-1.897691e-001
4.945152e+003,-2.029834e-001
4.945635e+003,-2.171725e-001
4.946117e+003,-2.282863e-001
4.946599e+003,-2.325232e-001
4.947081e+003,-2.275260e-001
4.947563e+003,-2.131379e-001
4.948045e+003,-1.915299e-001
4.948527e+003,-1.667413e-001
4.949009e+003,-1.438149e-001
4.949492e+003,-1.277475e-001
4.949974e+003,-1.224506e-001
4.950456e+003,-1.298705e-001
4.950938e+003,-1.493941e-001
4.951420e+003,-1.776945e-001
4.951902e+003,-2.091544e-001
4.952384e+003,-2.369241e-001
4.952866e+003,-2.544862e-001
4.953349e+003,-2.573573e-001
4.953831e+003,-2.443695e-001
4.954313e+003,-2.180124e-001
4.954795e+003,-1.835943e-001
4.955277e+003,-1.474146e-001
4.955759e+003,-1.146073e-001
4.956241e+003,-8.746677e-002
4.956724e+003,-6.495103e-002
4.957206e+003,-4.358176e-002
4.957688e+003,-1.939408e-002
4.958170e+003,9.872993e-003
4.958652e+003,4.325144e-002
4.959134e+003,7.635769e-002
4.959616e+003,1.026390e-001
4.960098e+003,1.156085e-001
4.960581e+003,1.112258e-001
4.961063e+003,8.953933e-002
4.961545e+003,5.499912e-002
4.962027e+003,1.534788e-002
4.962509e+003,-2.051127e-002
4.962991e+003,-4.494071e-002
4.963473e+003,-5.356617e-002
4.963955e+003,-4.631628e-002
4.964438e+003,-2.732098e-002
4.964919e+003,-3.751640e-003
4.965402e+003,1.606196e-002
4.965884e+003,2.480532e-002
4.966366e+003,1.812570e-002
4.966848e+003,-4.116226e-003
4.967330e+003,-3.765139e-002
4.967813e+003,-7.476756e-002
4.968294e+003,-1.062685e-001
4.968776e+003,-1.239060e-001
4.969259e+003,-1.226688e-001
4.969741e+003,-1.021743e-001
4.970223e+003,-6.674150e-002
4.970705e+003,-2.410244e-002
4.971187e+003,1.679408e-002
4.971669e+003,4.816312e-002
4.972151e+003,6.519073e-002
4.972634e+003,6.680935e-002
4.973116e+003,5.538525e-002
4.973598e+003,3.565320e-002
4.974080e+003,1.339389e-002
4.974562e+003,-5.710443e-003
4.975044e+003,-1.685350e-002
4.975526e+003,-1.656038e-002
4.976008e+003,-2.992599e-003
4.976491e+003,2.379337e-002
4.976973e+003,6.169999e-002
4.977455e+003,1.067438e-001
4.977937e+003,1.536871e-001
4.978419e+003,1.971172e-001
4.978901e+003,2.326822e-001
4.979383e+003,2.580289e-001
4.979865e+003,2.730510e-001
4.980348e+003,2.793619e-001
4.980830e+003,2.792616e-001
4.981312e+003,2.747316e-001
4.981794e+003,2.669651e-001
4.982276e+003,2.566058e-001
4.982758e+003,2.444554e-001
4.983240e+003,2.320749e-001
4.983723e+003,2.217389e-001
4.984205e+003,2.155262e-001
4.984687e+003,2.138916e-001
4.985169e+003,2.144692e-001
4.985651e+003,2.119113e-001
4.986133e+003,1.991524e-001
4.986615e+003,1.698417e-001
4.987097e+003,1.210161e-001
4.987580e+003,5.486681e-002
4.988062e+003,-2.130246e-002
4.988543e+003,-9.705310e-002
4.989026e+003,-1.620236e-001
4.989508e+003,-2.090877e-001
4.989990e+003,-2.362174e-001
4.990472e+003,-2.463494e-001
4.990954e+003,-2.454571e-001
4.991437e+003,-2.397404e-001
4.991918e+003,-2.331824e-001
4.992401e+003,-2.264365e-001
4.992883e+003,-2.173349e-001
4.993365e+003,-2.025539e-001
4.993847e+003,-1.795419e-001
4.994329e+003,-1.478111e-001
4.994812e+003,-1.091665e-001
4.995293e+003,-6.696761e-002
4.995775e+003,-2.496637e-002
4.996258e+003,1.366825e-002
4.996740e+003,4.677454e-002
4.997222e+003,7.310367e-002
4.997704e+003,9.201884e-002
4.998186e+003,1.033698e-001
4.998668e+003,1.076821e-001
4.999150e+003,1.064743e-001
4.999632e+003,1.026678e-001
5.000115e+003,9.999573e-002
5.000597e+003,1.022237e-001
5.001079e+003,1.120079e-001
5.001561e+003,1.299501e-001
5.002043e+003,1.543057e-001
5.002525e+003,1.815009e-001
5.003007e+003,2.072836e-001
5.003490e+003,2.280297e-001
5.003972e+003,2.416943e-001
5.004454e+003,2.480892e-001
5.004936e+003,2.485052e-001
5.005418e+003,2.449456e-001
5.005900e+003,2.393590e-001
5.006382e+003,2.331261e-001
5.006864e+003,2.268814e-001
5.007347e+003,2.205453e-001
5.007829e+003,2.134249e-001
5.008311e+003,2.042979e-001
5.008793e+003,1.915401e-001
5.009275e+003,1.733930e-001
5.009757e+003,1.484301e-001
5.010239e+003,1.161140e-001
5.010721e+003,7.721886e-002
5.011204e+003,3.386214e-002
5.011686e+003,-1.095631e-002
5.012168e+003,-5.416555e-002
5.012650e+003,-9.343578e-002
5.013132e+003,-1.276278e-001
5.013614e+003,-1.566809e-001
5.014096e+003,-1.810548e-001
5.014579e+003,-2.010649e-001
5.015061e+003,-2.165402e-001
5.015542e+003,-2.270188e-001
5.016025e+003,-2.323800e-001
5.016507e+003,-2.334873e-001
5.016989e+003,-2.323527e-001
5.017471e+003,-2.315319e-001
5.017953e+003,-2.328989e-001
5.018436e+003,-2.363297e-001
5.018917e+003,-2.390209e-001
5.019399e+003,-2.359230e-001
5.019882e+003,-2.213233e-001
5.020364e+003,-1.910145e-001
5.020846e+003,-1.441890e-001
5.021328e+003,-8.422639e-002
5.021810e+003,-1.801316e-002
5.022292e+003,4.595591e-002
5.022774e+003,9.991214e-002
5.023257e+003,1.386736e-001
5.023739e+003,1.603736e-001
5.024221e+003,1.659742e-001
5.024703e+003,1.580128e-001
5.025185e+003,1.393362e-001
5.025667e+003,1.124259e-001
5.026149e+003,7.952610e-002
5.026631e+003,4.323613e-002
5.027114e+003,7.002211e-003
5.027596e+003,-2.502688e-002
5.028078e+003,-4.887265e-002
5.028560e+003,-6.199406e-002
5.029042e+003,-6.427819e-002
5.029524e+003,-5.817496e-002
5.030006e+003,-4.775730e-002
5.030488e+003,-3.696517e-002
5.030971e+003,-2.802578e-002
5.031453e+003,-2.052830e-002
5.031935e+003,-1.178431e-002
5.032417e+003,1.681861e-003
5.032899e+003,2.219886e-002
5.033381e+003,4.944336e-002
5.033863e+003,8.006623e-002
5.034346e+003,1.085916e-001
5.034828e+003,1.291951e-001
5.035310e+003,1.375693e-001
5.035792e+003,1.321391e-001
5.036274e+003,1.142169e-001
5.036756e+003,8.721949e-002
5.037238e+003,5.543909e-002
5.037720e+003,2.300102e-002
5.038203e+003,-6.614630e-003
5.038685e+003,-3.047147e-002
5.039167e+003,-4.586124e-002
5.039649e+003,-5.022513e-002
5.040131e+003,-4.160885e-002
5.040613e+003,-1.953472e-002
5.041095e+003,1.413347e-002
5.041577e+003,5.493194e-002
5.042060e+003,9.649143e-002
5.042542e+003,1.321200e-001
5.043024e+003,1.567072e-001
5.043506e+003,1.681693e-001
5.043988e+003,1.677664e-001
5.044470e+003,1.591281e-001
5.044952e+003,1.463886e-001
5.045435e+003,1.322783e-001
5.045917e+003,1.170450e-001
5.046398e+003,9.872963e-002
5.046881e+003,7.470706e-002
5.047363e+003,4.380924e-002
5.047845e+003,8.048397e-003
5.048327e+003,-2.691182e-002
5.048809e+003,-5.287767e-002
5.049292e+003,-6.149173e-002
5.049773e+003,-4.696045e-002
5.050256e+003,-8.093578e-003
5.050738e+003,5.107477e-002
5.051220e+003,1.222291e-001
5.051702e+003,1.948106e-001
5.052184e+003,2.583747e-001
5.052666e+003,3.045286e-001
5.053148e+003,3.280355e-001
5.053630e+003,3.270834e-001
5.054113e+003,3.029876e-001
5.054595e+003,2.596632e-001
5.055077e+003,2.030550e-001
5.055559e+003,1.404796e-001
5.056041e+003,7.972133e-002
5.056523e+003,2.777339e-002
5.057005e+003,-1.061436e-002
5.057487e+003,-3.414670e-002
5.057970e+003,-4.540280e-002
5.058452e+003,-5.008392e-002
5.058934e+003,-5.515141e-002
5.059416e+003,-6.641390e-002
5.059898e+003,-8.643612e-002
5.060380e+003,-1.135822e-001
5.060862e+003,-1.426242e-001
5.061345e+003,-1.666418e-001
5.061827e+003,-1.795040e-001
5.062309e+003,-1.779366e-001
5.062791e+003,-1.624334e-001
5.063273e+003,-1.367759e-001
5.063755e+003,-1.065395e-001
5.064237e+003,-7.731839e-002
5.064719e+003,-5.340654e-002
5.065202e+003,-3.730422e-002
5.065684e+003,-2.997107e-002
5.066166e+003,-3.138952e-002
5.066648e+003,-4.095357e-002
5.067130e+003,-5.742786e-002
5.067612e+003,-7.860463e-002
5.068094e+003,-1.010402e-001
5.068576e+003,-1.203016e-001
5.069059e+003,-1.318625e-001
5.069541e+003,-1.324116e-001
5.070023e+003,-1.210127e-001
5.070505e+003,-9.956124e-002
5.070987e+003,-7.224556e-002
5.071469e+003,-4.418978e-002
5.071951e+003,-1.981930e-002
5.072433e+003,-1.603733e-003
5.072916e+003,1.036976e-002
5.073397e+003,1.792840e-002
5.073880e+003,2.379416e-002
5.074362e+003,3.053067e-002
5.074844e+003,3.991636e-002
5.075326e+003,5.287555e-002
5.075808e+003,6.978205e-002
5.076291e+003,9.076097e-002
5.076772e+003,1.156932e-001
5.077254e+003,1.438904e-001
5.077737e+003,1.736788e-001
5.078219e+003,2.022605e-001
5.078701e+003,2.260989e-001
5.079183e+003,2.417954e-001
5.079665e+003,2.471313e-001
5.080147e+003,2.418098e-001
5.080629e+003,2.275712e-001
5.081112e+003,2.076340e-001
5.081594e+003,1.857509e-001
5.082076e+003,1.652894e-001
5.082558e+003,1.487050e-001
5.083040e+003,1.374886e-001
5.083522e+003,1.324348e-001
5.084004e+003,1.339137e-001
5.084486e+003,1.419202e-001
5.084969e+003,1.558715e-001
5.085451e+003,1.743597e-001
5.085933e+003,1.951222e-001
5.086415e+003,2.153794e-001
5.086897e+003,2.324486e-001
5.087379e+003,2.443237e-001
5.087861e+003,2.499085e-001
5.088343e+003,2.487826e-001
5.088826e+003,2.407000e-001
5.089308e+003,2.252427e-001
5.089790e+003,2.020055e-001
5.090272e+003,1.713705e-001
5.090754e+003,1.355087e-001
5.091236e+003,9.892675e-002
5.091718e+003,6.798515e-002
5.092201e+003,4.911919e-002
5.092683e+003,4.641639e-002
5.093165e+003,5.943935e-002
5.093647e+003,8.244324e-002
5.094129e+003,1.056042e-001
5.094611e+003,1.180395e-001
5.095093e+003,1.115663e-001
5.095575e+003,8.373276e-002
5.096058e+003,3.886994e-002
5.096540e+003,-1.329036e-002
5.097021e+003,-6.087076e-002
5.097504e+003,-9.365676e-002
5.097986e+003,-1.059738e-001
5.098468e+003,-9.764133e-002
5.098950e+003,-7.292818e-002
5.099432e+003,-3.826837e-002
5.099915e+003,7.158423e-005
5.100396e+003,3.741733e-002
5.100879e+003,7.087607e-002
5.101361e+003,9.869894e-002
5.101843e+003,1.195787e-001
5.102325e+003,1.325258e-001
5.102807e+003,1.374115e-001
5.103290e+003,1.357080e-001
5.103771e+003,1.306764e-001
5.104253e+003,1.265038e-001
5.104736e+003,1.264989e-001
5.105218e+003,1.311404e-001
5.105700e+003,1.370406e-001
5.106182e+003,1.376200e-001
5.106664e+003,1.255180e-001
5.107146e+003,9.590048e-002
5.107628e+003,4.925480e-002
5.108110e+003,-7.647757e-003
5.108593e+003,-6.324252e-002
5.109075e+003,-1.046772e-001
5.109557e+003,-1.220081e-001
5.110039e+003,-1.114366e-001
5.110521e+003,-7.633028e-002
5.111003e+003,-2.569318e-002
5.111485e+003,2.919491e-002
5.111968e+003,7.856586e-002
5.112450e+003,1.169063e-001
5.112932e+003,1.437575e-001
5.113414e+003,1.625530e-001
5.113896e+003,1.782430e-001
5.114378e+003,1.948134e-001
5.114860e+003,2.136625e-001
5.115342e+003,2.333096e-001
5.115825e+003,2.503283e-001
5.116307e+003,2.609439e-001
5.116789e+003,2.625855e-001
5.117271e+003,2.548332e-001
5.117753e+003,2.395191e-001
5.118235e+003,2.200653e-001
5.118717e+003,2.003633e-001
5.119199e+003,1.835669e-001
5.119682e+003,1.711663e-001
5.120164e+003,1.626152e-001
5.120646e+003,1.556597e-001
5.121128e+003,1.473215e-001
5.121610e+003,1.352569e-001
5.122092e+003,1.190220e-001
5.122574e+003,1.006169e-001
5.123057e+003,8.444387e-002
5.123539e+003,7.550486e-002
5.124021e+003,7.747163e-002
5.124503e+003,9.078903e-002
5.124985e+003,1.117917e-001
5.125467e+003,1.333664e-001
5.125949e+003,1.470998e-001
5.126431e+003,1.461893e-001
5.126914e+003,1.279698e-001
5.127396e+003,9.498080e-002
5.127877e+003,5.407326e-002
5.128360e+003,1.387062e-002
5.128842e+003,-1.833712e-002
5.129324e+003,-3.898838e-002
5.129806e+003,-4.895383e-002
5.130288e+003,-5.232472e-002
5.130771e+003,-5.390651e-002
5.131252e+003,-5.660880e-002
5.131735e+003,-5.990651e-002
5.132217e+003,-6.011524e-002
5.132699e+003,-5.229912e-002
5.133181e+003,-3.292765e-002
5.133663e+003,-2.083416e-003
5.134146e+003,3.583565e-002
5.134627e+003,7.322820e-002
5.135109e+003,1.017790e-001
5.135592e+003,1.153124e-001
5.136074e+003,1.118997e-001
5.136556e+003,9.443464e-002
5.137038e+003,6.956147e-002
5.137520e+003,4.542274e-002
5.138002e+003,2.909955e-002
5.138484e+003,2.460320e-002
5.138966e+003,3.191867e-002
5.139449e+003,4.730321e-002
5.139931e+003,6.448922e-002
5.140413e+003,7.646918e-002
5.140895e+003,7.734204e-002
5.141377e+003,6.390360e-002
5.141859e+003,3.661426e-002
5.142341e+003,-1.689208e-004
5.142824e+003,-3.889693e-002
5.143306e+003,-7.037581e-002
5.143788e+003,-8.585721e-002
5.144270e+003,-7.930709e-002
5.144752e+003,-4.919096e-002
5.145234e+003,6.797268e-004
5.145716e+003,6.169885e-002
5.146198e+003,1.223663e-001
5.146681e+003,1.711395e-001
5.147163e+003,1.994745e-001
5.147645e+003,2.040916e-001
5.148127e+003,1.877808e-001
5.148609e+003,1.584359e-001
5.149091e+003,1.266273e-001
5.149573e+003,1.024010e-001
5.150055e+003,9.230940e-002
5.150538e+003,9.753987e-002
5.151020e+003,1.137448e-001
5.151502e+003,1.326012e-001
5.151984e+003,1.445736e-001
5.152466e+003,1.419808e-001
5.152948e+003,1.214020e-001
5.153430e+003,8.477078e-002
5.153913e+003,3.876904e-002
5.154395e+003,-7.099979e-003
5.154876e+003,-4.328819e-002
5.155359e+003,-6.293294e-002
5.155841e+003,-6.370498e-002
5.156323e+003,-4.819824e-002
5.156805e+003,-2.279098e-002
5.157287e+003,4.567354e-003
5.157770e+003,2.684943e-002
5.158251e+003,3.989817e-002
5.158734e+003,4.327333e-002
5.159216e+003,3.985002e-002
5.159698e+003,3.444303e-002
5.160180e+003,3.200391e-002
5.160662e+003,3.601144e-002
5.161144e+003,4.752573e-002
5.161626e+003,6.510758e-002
5.162108e+003,8.548768e-002
5.162591e+003,1.046587e-001
5.163073e+003,1.189897e-001
5.163555e+003,1.260159e-001
5.164037e+003,1.247331e-001
5.164519e+003,1.154141e-001
5.165001e+003,9.914608e-002
5.165483e+003,7.734483e-002
5.165965e+003,5.146968e-002
5.166448e+003,2.300623e-002
5.166930e+003,-6.348024e-003
5.167412e+003,-3.449307e-002
5.167894e+003,-5.892569e-002
5.168376e+003,-7.706564e-002
5.168858e+003,-8.687558e-002
5.169340e+003,-8.759678e-002
5.169823e+003,-8.028036e-002
5.170305e+003,-6.782678e-002
5.170787e+003,-5.438481e-002
5.171269e+003,-4.421453e-002
5.171751e+003,-4.034658e-002
5.172233e+003,-4.350651e-002
5.172715e+003,-5.173869e-002
5.173197e+003,-6.095379e-002
5.173680e+003,-6.630202e-002
5.174162e+003,-6.393252e-002
5.174644e+003,-5.250180e-002
5.175126e+003,-3.383243e-002
5.175608e+003,-1.240093e-002
5.176090e+003,6.221446e-003
5.176572e+003,1.743018e-002
5.177054e+003,1.936607e-002
5.177537e+003,1.369964e-002
5.178019e+003,5.078703e-003
5.178501e+003,-5.652437e-004
5.178983e+003,1.796262e-003
5.179465e+003,1.446723e-002
5.179947e+003,3.627747e-002
5.180429e+003,6.317043e-002
5.180912e+003,8.982053e-002
5.181394e+003,1.115514e-001
5.181875e+003,1.257511e-001
5.182358e+003,1.322771e-001
5.182840e+003,1.328168e-001
5.183322e+003,1.296192e-001
5.183804e+003,1.242240e-001
5.184286e+003,1.168639e-001
5.184769e+003,1.064386e-001
5.185250e+003,9.154794e-002
5.185732e+003,7.155225e-002
5.186215e+003,4.729334e-002
5.186697e+003,2.110250e-002
5.187179e+003,-3.834084e-003
5.187661e+003,-2.439873e-002
5.188143e+003,-3.828741e-002
5.188625e+003,-4.426605e-002
5.189107e+003,-4.189442e-002
5.189590e+003,-3.098393e-002
5.190072e+003,-1.121028e-002
5.190554e+003,1.775681e-002
5.191036e+003,5.557891e-002
5.191518e+003,1.003321e-001
5.192000e+003,1.479108e-001
5.192482e+003,1.922478e-001
5.192964e+003,2.265206e-001
5.193447e+003,2.450358e-001
5.193929e+003,2.450892e-001
5.194411e+003,2.280471e-001
5.194893e+003,1.991688e-001
5.195375e+003,1.661540e-001
5.195857e+003,1.368694e-001
5.196339e+003,1.170134e-001
5.196821e+003,1.085690e-001
5.197304e+003,1.096153e-001
5.197786e+003,1.155384e-001
5.198268e+003,1.210484e-001
5.198750e+003,1.221208e-001
5.199232e+003,1.171163e-001
5.199714e+003,1.068086e-001
5.200196e+003,9.350342e-002
5.200679e+003,7.975654e-002
5.201161e+003,6.724279e-002
5.201643e+003,5.621791e-002
5.202125e+003,4.569820e-002
5.202607e+003,3.418576e-002
5.203089e+003,2.056689e-002
5.203571e+003,4.818210e-003
5.204053e+003,-1.171845e-002
5.204536e+003,-2.656520e-002
5.205018e+003,-3.677461e-002
5.205500e+003,-3.984842e-002
5.205982e+003,-3.462981e-002
5.206464e+003,-2.187118e-002
5.206946e+003,-4.283832e-003
5.207428e+003,1.395569e-002
5.207910e+003,2.808622e-002
5.208393e+003,3.378009e-002
5.208875e+003,2.805957e-002
5.209357e+003,9.898592e-003
5.209839e+003,-1.961340e-002
5.210321e+003,-5.755234e-002
5.210803e+003,-9.976687e-002
5.211285e+003,-1.415874e-001
5.211768e+003,-1.784118e-001
5.212250e+003,-2.060401e-001
5.212731e+003,-2.207858e-001
5.213214e+003,-2.195446e-001
5.213696e+003,-2.000156e-001
5.214178e+003,-1.612058e-001
5.214660e+003,-1.041147e-001
5.215142e+003,-3.229931e-002
5.215625e+003,4.796796e-002
5.216106e+003,1.285269e-001
5.216588e+003,2.008200e-001
5.217071e+003,2.578700e-001
5.217553e+003,2.960151e-001
5.218035e+003,3.156520e-001
5.218517e+003,3.205767e-001
5.218999e+003,3.160883e-001
5.219481e+003,3.065990e-001
5.219963e+003,2.937550e-001
5.220446e+003,2.758691e-001
5.220928e+003,2.489194e-001
5.221410e+003,2.086997e-001
5.221892e+003,1.532443e-001
5.222374e+003,8.456587e-002
5.222856e+003,9.022197e-003
5.223338e+003,-6.388810e-002
5.223820e+003,-1.239740e-001
5.224303e+003,-1.632976e-001
5.224785e+003,-1.786206e-001
5.225267e+003,-1.724197e-001
5.225749e+003,-1.520599e-001
5.226231e+003,-1.274495e-001
5.226713e+003,-1.081448e-001
5.227195e+003,-1.009492e-001
5.227677e+003,-1.086257e-001
5.228160e+003,-1.297843e-001
5.228642e+003,-1.596562e-001
5.229124e+003,-1.914261e-001
5.229606e+003,-2.178657e-001
5.230088e+003,-2.330168e-001
5.230570e+003,-2.336138e-001
5.231052e+003,-2.198330e-001
5.231535e+003,-1.950858e-001
5.232017e+003,-1.648543e-001
5.232499e+003,-1.349398e-001
5.232981e+003,-1.097114e-001
5.233463e+003,-9.092903e-002
5.233945e+003,-7.749331e-002
5.234427e+003,-6.615184e-002
5.234909e+003,-5.285626e-002
5.235392e+003,-3.424387e-002
5.235874e+003,-8.678076e-003
5.236356e+003,2.346493e-002
5.236838e+003,6.024672e-002
5.237320e+003,9.899236e-002
5.237802e+003,1.370591e-001
5.238284e+003,1.722134e-001
5.238766e+003,2.025719e-001
5.239249e+003,2.263213e-001
5.239730e+003,2.415234e-001
5.240213e+003,2.462439e-001
5.240695e+003,2.389925e-001
5.241177e+003,2.192545e-001
5.241659e+003,1.878229e-001
5.242141e+003,1.467152e-001
5.242624e+003,9.865421e-002
5.243105e+003,4.634278e-002
5.243587e+003,-8.097246e-003
5.244070e+003,-6.317437e-002
5.244552e+003,-1.175147e-001
5.245034e+003,-1.690847e-001
5.245516e+003,-2.146589e-001
5.245998e+003,-2.497649e-001
5.246480e+003,-2.701158e-001
5.246962e+003,-2.725974e-001
5.247445e+003,-2.567334e-001
5.247927e+003,-2.252054e-001
5.248409e+003,-1.831549e-001
5.248891e+003,-1.365073e-001
5.249373e+003,-9.015372e-002
5.249855e+003,-4.691209e-002
5.250337e+003,-7.674951e-003
5.250819e+003,2.753249e-002
5.251302e+003,5.830079e-002
5.251784e+003,8.308215e-002
5.252266e+003,9.934179e-002
5.252748e+003,1.045585e-001
5.253230e+003,9.761629e-002
5.253712e+003,7.987913e-002
5.254194e+003,5.533909e-002
5.254676e+003,2.967538e-002
5.255159e+003,8.640510e-003
5.255641e+003,-3.439735e-003
5.256123e+003,-4.384804e-003
5.256605e+003,6.035852e-003
5.257087e+003,2.683799e-002
5.257569e+003,5.647923e-002
5.258051e+003,9.302268e-002
5.258534e+003,1.337906e-001
5.259016e+003,1.749045e-001
5.259498e+003,2.112422e-001
5.259980e+003,2.371679e-001
5.260462e+003,2.479366e-001
5.260944e+003,2.412182e-001
5.261426e+003,2.180067e-001
5.261908e+003,1.823943e-001
5.262391e+003,1.401647e-001
5.262873e+003,9.672013e-002
5.263354e+003,5.525892e-002
5.263837e+003,1.614667e-002
5.264319e+003,-2.208927e-002
5.264801e+003,-6.056583e-002
5.265283e+003,-9.781845e-002
5.265765e+003,-1.287401e-001
5.266248e+003,-1.453355e-001
5.266729e+003,-1.391365e-001
5.267212e+003,-1.044906e-001
5.267694e+003,-4.155022e-002
5.268176e+003,4.230311e-002
5.268658e+003,1.334769e-001
5.269140e+003,2.155889e-001
5.269623e+003,2.741355e-001
5.270104e+003,3.006251e-001
5.270586e+003,2.946497e-001
5.271069e+003,2.633256e-001
5.271551e+003,2.185587e-001
5.272033e+003,1.732253e-001
5.272515e+003,1.375265e-001
5.272997e+003,1.165382e-001
5.273479e+003,1.095391e-001
5.273961e+003,1.111113e-001
5.274443e+003,1.135039e-001
5.274926e+003,1.094175e-001
5.275408e+003,9.433369e-002
5.275890e+003,6.773106e-002
5.276372e+003,3.293317e-002
5.276854e+003,-4.549935e-003
5.277336e+003,-3.803216e-002
5.277818e+003,-6.277562e-002
5.278301e+003,-7.709859e-002
5.278783e+003,-8.276628e-002
5.279265e+003,-8.423008e-002
5.279747e+003,-8.693147e-002
5.280229e+003,-9.517934e-002
5.280711e+003,-1.103235e-001
5.281193e+003,-1.298768e-001
5.281675e+003,-1.479581e-001
5.282158e+003,-1.569844e-001
5.282640e+003,-1.501776e-001
5.283122e+003,-1.241875e-001
5.283604e+003,-8.100478e-002
5.284086e+003,-2.837824e-002
5.284568e+003,2.170756e-002
5.285050e+003,5.626789e-002
5.285532e+003,6.528369e-002
5.286015e+003,4.499619e-002
5.286497e+003,-6.332338e-004
5.286979e+003,-6.074334e-002
5.287461e+003,-1.203547e-001
5.287943e+003,-1.642788e-001
5.288425e+003,-1.811087e-001
5.288907e+003,-1.661929e-001
5.289390e+003,-1.226679e-001
5.289872e+003,-6.012391e-002
5.290354e+003,8.660839e-003
5.290836e+003,7.162070e-002
5.291318e+003,1.203777e-001
5.291800e+003,1.512840e-001
5.292282e+003,1.645970e-001
5.292764e+003,1.627069e-001
5.293247e+003,1.485577e-001
5.293729e+003,1.250272e-001
5.294210e+003,9.532239e-002
5.294693e+003,6.380823e-002
5.295175e+003,3.638709e-002
5.295657e+003,1.974969e-002
5.296139e+003,1.944541e-002
5.296621e+003,3.746710e-002
5.297104e+003,7.048997e-002
5.297585e+003,1.098272e-001
5.298068e+003,1.435467e-001
5.298550e+003,1.602385e-001
5.299032e+003,1.530692e-001
5.299514e+003,1.224193e-001
5.299996e+003,7.589587e-002
5.300479e+003,2.562240e-002
5.300960e+003,-1.609704e-002
5.301442e+003,-4.098674e-002
5.301925e+003,-4.721653e-002
5.302407e+003,-3.916279e-002
5.302889e+003,-2.475281e-002
5.303371e+003,-1.166603e-002
5.303853e+003,-4.094797e-003
5.304335e+003,-1.430024e-003
5.304817e+003,7.232018e-004
5.305299e+003,7.825341e-003
5.305782e+003,2.329178e-002
5.306264e+003,4.640913e-002
5.306746e+003,7.226844e-002
5.307228e+003,9.380604e-002
5.307710e+003,1.052262e-001
5.308192e+003,1.040992e-001
5.308674e+003,9.318282e-002
5.309157e+003,7.917652e-002
5.309639e+003,7.010809e-002
5.310121e+003,7.232220e-002
5.310603e+003,8.821788e-002
5.311085e+003,1.154414e-001
5.311567e+003,1.476984e-001
5.312049e+003,1.767953e-001
5.312531e+003,1.951386e-001
5.313014e+003,1.978560e-001
5.313496e+003,1.839514e-001
5.313978e+003,1.563116e-001
5.314460e+003,1.207507e-001
5.314942e+003,8.445357e-002
5.315424e+003,5.422938e-002
5.315906e+003,3.494510e-002
5.316388e+003,2.845902e-002
5.316871e+003,3.325448e-002
5.317353e+003,4.485409e-002
5.317835e+003,5.693356e-002
5.318317e+003,6.291534e-002
5.318799e+003,5.768873e-002
5.319281e+003,3.902736e-002
5.319763e+003,8.281695e-003
5.320246e+003,-2.990711e-002
5.320728e+003,-6.884944e-002
5.321209e+003,-1.016584e-001
5.321692e+003,-1.231407e-001
5.322174e+003,-1.311053e-001
5.322656e+003,-1.266381e-001
5.323138e+003,-1.132579e-001
5.323620e+003,-9.527322e-002
5.324103e+003,-7.598373e-002
5.324584e+003,-5.638957e-002
5.325067e+003,-3.490286e-002
5.325549e+003,-8.155806e-003
5.326031e+003,2.736389e-002
5.326513e+003,7.349806e-002
5.326995e+003,1.292142e-001
5.327477e+003,1.906271e-001
5.327959e+003,2.522746e-001
5.328441e+003,3.090396e-001
5.328924e+003,3.577811e-001
5.329406e+003,3.979989e-001
5.329888e+003,4.313585e-001
5.330370e+003,4.604098e-001
5.330852e+003,4.870752e-001
5.331334e+003,5.115295e-001
5.331816e+003,5.319264e-001
5.332298e+003,5.450647e-001
5.332781e+003,5.476298e-001
5.333263e+003,5.373901e-001
5.333745e+003,5.138043e-001
5.334227e+003,4.778930e-001
5.334709e+003,4.316168e-001
5.335191e+003,3.772120e-001
5.335673e+003,3.168675e-001
5.336156e+003,2.528947e-001
5.336638e+003,1.882056e-001
5.337120e+003,1.266854e-001
5.337602e+003,7.297755e-002
5.338084e+003,3.150307e-002
5.338566e+003,5.038625e-003
5.339048e+003,-6.409038e-003
5.339530e+003,-5.799060e-003
5.340013e+003,1.877985e-003
5.340495e+003,1.116875e-002
5.340977e+003,1.765515e-002
5.341459e+003,1.883065e-002
5.341941e+003,1.419356e-002
5.342423e+003,4.699634e-003
5.342905e+003,-8.074904e-003
5.343387e+003,-2.262135e-002
5.343870e+003,-3.766963e-002
5.344352e+003,-5.177311e-002
5.344834e+003,-6.265649e-002
5.345316e+003,-6.695255e-002
5.345798e+003,-6.075814e-002
5.346280e+003,-4.096954e-002
5.346762e+003,-6.908118e-003
5.347245e+003,3.847648e-002
5.347727e+003,8.849017e-002
5.348208e+003,1.340283e-001
5.348691e+003,1.661647e-001
5.349173e+003,1.791086e-001
5.349655e+003,1.723030e-001
5.350137e+003,1.507128e-001
5.350619e+003,1.231362e-001
5.351102e+003,9.915532e-002
5.351583e+003,8.576787e-002
5.352065e+003,8.482057e-002
5.352548e+003,9.222494e-002
5.353030e+003,9.945055e-002
5.353512e+003,9.694504e-002
5.353994e+003,7.814049e-002
5.354476e+003,4.231079e-002
5.354958e+003,-4.893073e-003
5.355440e+003,-5.327523e-002
5.355923e+003,-9.139847e-002
5.356405e+003,-1.101688e-001
5.356887e+003,-1.056525e-001
5.357369e+003,-8.039836e-002
5.357851e+003,-4.289525e-002
5.358333e+003,-5.291280e-003
5.358815e+003,1.996234e-002
5.359297e+003,2.346677e-002
5.359780e+003,1.190687e-003
5.360262e+003,-4.487795e-002
5.360744e+003,-1.077390e-001
5.361226e+003,-1.775202e-001
5.361708e+003,-2.439717e-001
5.362190e+003,-2.985978e-001
5.362672e+003,-3.359466e-001
5.363154e+003,-3.539893e-001
5.363637e+003,-3.537887e-001
5.364119e+003,-3.388233e-001
5.364601e+003,-3.142282e-001
5.365083e+003,-2.860264e-001
5.365565e+003,-2.602360e-001
5.366047e+003,-2.417571e-001
5.366529e+003,-2.331067e-001
5.367012e+003,-2.333627e-001
5.367494e+003,-2.378393e-001
5.367976e+003,-2.389435e-001
5.368458e+003,-2.282670e-001
5.368940e+003,-1.993830e-001
5.369422e+003,-1.505096e-001
5.369904e+003,-8.505494e-002
5.370386e+003,-1.159504e-002
5.370869e+003,5.886196e-002
5.371351e+003,1.161383e-001
5.371833e+003,1.536823e-001
5.372315e+003,1.698135e-001
5.372797e+003,1.669954e-001
5.373279e+003,1.495599e-001
5.373761e+003,1.210595e-001
5.374243e+003,8.258873e-002
5.374726e+003,3.294871e-002
5.375208e+003,-2.932543e-002
5.375690e+003,-1.030275e-001
5.376172e+003,-1.819950e-001
5.376654e+003,-2.549722e-001
5.377136e+003,-3.081687e-001
5.377618e+003,-3.295292e-001
5.378101e+003,-3.127587e-001
5.378583e+003,-2.593685e-001
5.379064e+003,-1.781834e-001
5.379547e+003,-8.286266e-002
5.380029e+003,1.155347e-002
5.380511e+003,9.210406e-002
5.380993e+003,1.505845e-001
5.381475e+003,1.848382e-001
5.381958e+003,1.983936e-001
5.382439e+003,1.987074e-001
5.382921e+003,1.947074e-001
5.383404e+003,1.944384e-001
5.383886e+003,2.033502e-001
5.384368e+003,2.234537e-001
5.384850e+003,2.533265e-001
5.385332e+003,2.888268e-001
5.385814e+003,3.242766e-001
5.386296e+003,3.537389e-001
5.386779e+003,3.720067e-001
5.387261e+003,3.751374e-001
5.387743e+003,3.606006e-001
5.388225e+003,3.273102e-001
5.388707e+003,2.757820e-001
5.389189e+003,2.084599e-001
5.389671e+003,1.300636e-001
5.390153e+003,4.766690e-002
5.390636e+003,-2.978133e-002
5.391118e+003,-9.266129e-002
5.391600e+003,-1.325712e-001
5.392082e+003,-1.445290e-001
5.392564e+003,-1.287891e-001
5.393046e+003,-9.131609e-002
5.393528e+003,-4.230946e-002
5.394010e+003,6.931603e-003
5.394493e+003,4.748555e-002
5.394975e+003,7.503923e-002
5.395457e+003,8.993933e-002
5.395939e+003,9.530056e-002
5.396421e+003,9.423811e-002
5.396903e+003,8.758517e-002
5.397385e+003,7.314527e-002
5.397868e+003,4.684422e-002
5.398350e+003,5.234682e-003
5.398832e+003,-5.183092e-002
5.399314e+003,-1.196467e-001
5.399796e+003,-1.889620e-001
5.400278e+003,-2.486763e-001
5.400760e+003,-2.873213e-001
5.401242e+003,-2.979534e-001
5.401725e+003,-2.793042e-001
5.402207e+003,-2.356090e-001
5.402688e+003,-1.747445e-001
5.403171e+003,-1.056641e-001
5.403653e+003,-3.622863e-002
5.404135e+003,2.787828e-002
5.404617e+003,8.314344e-002
5.405099e+003,1.276130e-001
5.405582e+003,1.602787e-001
5.406063e+003,1.808206e-001
5.406546e+003,1.897015e-001
5.407028e+003,1.883336e-001
5.407510e+003,1.790348e-001
5.407992e+003,1.646446e-001
5.408474e+003,1.479331e-001
5.408957e+003,1.310996e-001
5.409438e+003,1.156544e-001
5.409920e+003,1.027507e-001
5.410403e+003,9.371037e-002
5.410885e+003,9.030072e-002
5.411367e+003,9.443360e-002
5.411849e+003,1.073040e-001
5.412331e+003,1.283654e-001
5.412813e+003,1.547654e-001
5.413295e+003,1.817650e-001
5.413777e+003,2.041693e-001
5.414260e+003,2.181471e-001
5.414742e+003,2.224314e-001
5.415224e+003,2.182278e-001
5.415706e+003,2.079335e-001
5.416188e+003,1.934458e-001
5.416670e+003,1.749724e-001
5.417152e+003,1.509469e-001
5.417635e+003,1.190855e-001
5.418117e+003,7.809715e-002
5.418599e+003,2.917339e-002
5.419081e+003,-2.354849e-002
5.419563e+003,-7.388223e-002
5.420045e+003,-1.154744e-001
5.420527e+003,-1.437919e-001
5.421009e+003,-1.573302e-001
5.421492e+003,-1.575862e-001
5.421974e+003,-1.479630e-001
5.422456e+003,-1.322409e-001
5.422938e+003,-1.133788e-001
5.423420e+003,-9.313460e-002
5.423902e+003,-7.250583e-002
5.424384e+003,-5.253290e-002
5.424866e+003,-3.487107e-002
5.425349e+003,-2.177023e-002
5.425831e+003,-1.551379e-002
5.426313e+003,-1.770328e-002
5.426795e+003,-2.882946e-002
5.427277e+003,-4.834994e-002
5.427759e+003,-7.513457e-002
5.428241e+003,-1.078581e-001
5.428724e+003,-1.448960e-001
5.429206e+003,-1.836387e-001
5.429688e+003,-2.196464e-001
5.430170e+003,-2.463498e-001
5.430652e+003,-2.558017e-001
5.431134e+003,-2.404947e-001
5.431616e+003,-1.956785e-001
5.432098e+003,-1.214435e-001
5.432581e+003,-2.388822e-002
5.433063e+003,8.545107e-002
5.433545e+003,1.920697e-001
5.434027e+003,2.822779e-001
5.434509e+003,3.468790e-001
5.434991e+003,3.831242e-001
5.435473e+003,3.940833e-001
5.435955e+003,3.859490e-001
5.436438e+003,3.648384e-001
5.436919e+003,3.347012e-001
5.437402e+003,2.970763e-001
5.437884e+003,2.524302e-001
5.438366e+003,2.021167e-001
5.438848e+003,1.498694e-001
5.439330e+003,1.019965e-001
5.439813e+003,6.597405e-002
5.440294e+003,4.788009e-002
5.440776e+003,4.982101e-002
5.441259e+003,6.864802e-002
5.441741e+003,9.665637e-002
5.442223e+003,1.238807e-001
5.442705e+003,1.409330e-001
5.443187e+003,1.413929e-001
5.443669e+003,1.232241e-001
5.444151e+003,8.907330e-002
5.444634e+003,4.546097e-002
5.445116e+003,9.750027e-004
5.445598e+003,-3.614663e-002
5.446080e+003,-6.035037e-002
5.446562e+003,-7.024802e-002
5.447044e+003,-6.875937e-002
5.447526e+003,-6.187136e-002
5.448008e+003,-5.638193e-002
5.448491e+003,-5.723047e-002
5.448973e+003,-6.524578e-002
5.449455e+003,-7.618842e-002
5.449937e+003,-8.168336e-002
5.450419e+003,-7.193082e-002
5.450901e+003,-3.925432e-002
5.451383e+003,1.888698e-002
5.451865e+003,9.855252e-002
5.452348e+003,1.900839e-001
5.452830e+003,2.806105e-001
5.453312e+003,3.573940e-001
5.453794e+003,4.108845e-001
5.454276e+003,4.365423e-001
5.454758e+003,4.349479e-001
5.455240e+003,4.104136e-001
5.455723e+003,3.688516e-001
5.456205e+003,3.158929e-001
5.456687e+003,2.559429e-001
5.457169e+003,1.922879e-001
5.457651e+003,1.277905e-001
5.458133e+003,6.549996e-002
5.458615e+003,8.687092e-003
5.459097e+003,-3.974834e-002
5.459580e+003,-7.813883e-002
5.460062e+003,-1.065844e-001
5.460543e+003,-1.267133e-001
5.461026e+003,-1.406589e-001
5.461508e+003,-1.497532e-001
5.461990e+003,-1.536217e-001
5.462472e+003,-1.504118e-001
5.462954e+003,-1.376721e-001
5.463437e+003,-1.138570e-001
5.463918e+003,-7.949199e-002
5.464401e+003,-3.747325e-002
5.464883e+003,7.686066e-003
5.465365e+003,5.136384e-002
5.465847e+003,9.043378e-002
5.466329e+003,1.242752e-001
5.466812e+003,1.547506e-001
5.467293e+003,1.851913e-001
5.467775e+003,2.188103e-001
5.468258e+003,2.571734e-001
5.468740e+003,2.992729e-001
5.469222e+003,3.414939e-001
5.469704e+003,3.784060e-001
5.470186e+003,4.040622e-001
5.470668e+003,4.134015e-001
5.471150e+003,4.034336e-001
5.471632e+003,3.740253e-001
5.472115e+003,3.281890e-001
5.472597e+003,2.717866e-001
5.473079e+003,2.125669e-001
5.473561e+003,1.585337e-001
5.474043e+003,1.158887e-001
5.474525e+003,8.715504e-002
5.475007e+003,7.031360e-002
5.475490e+003,5.962587e-002
5.475972e+003,4.809006e-002
5.476454e+003,3.061125e-002
5.476936e+003,6.523525e-003
5.477418e+003,-1.960748e-002
5.477900e+003,-3.924565e-002
5.478382e+003,-4.279497e-002
5.478864e+003,-2.325115e-002
5.479347e+003,2.059889e-002
5.479829e+003,8.266759e-002
5.480311e+003,1.505571e-001
5.480793e+003,2.089554e-001
5.481275e+003,2.442872e-001
5.481757e+003,2.488911e-001
5.482239e+003,2.232126e-001
5.482721e+003,1.753424e-001
5.483204e+003,1.181559e-001
5.483686e+003,6.511632e-002
5.484168e+003,2.621232e-002
5.484650e+003,5.486752e-003
5.485132e+003,9.967916e-004
5.485614e+003,7.070086e-003
5.486096e+003,1.775454e-002
5.486579e+003,2.993625e-002
5.487061e+003,4.476486e-002
5.487542e+003,6.678014e-002
5.488025e+003,1.011227e-001
5.488507e+003,1.501158e-001
5.488989e+003,2.108615e-001
5.489471e+003,2.750385e-001
5.489953e+003,3.310959e-001
5.490436e+003,3.680162e-001
5.490917e+003,3.792266e-001
5.491399e+003,3.651543e-001
5.491882e+003,3.332888e-001
5.492364e+003,2.954537e-001
5.492846e+003,2.631911e-001
5.493328e+003,2.431738e-001
5.493810e+003,2.347391e-001
5.494292e+003,2.306071e-001
5.494774e+003,2.203110e-001
5.495257e+003,1.947269e-001
5.495739e+003,1.498304e-001
5.496221e+003,8.833655e-002
5.496703e+003,1.877046e-002
5.497185e+003,-4.755316e-002
5.497667e+003,-1.004106e-001
5.498149e+003,-1.339028e-001
5.498631e+003,-1.478478e-001
5.499114e+003,-1.469712e-001
5.499596e+003,-1.384981e-001
5.500078e+003,-1.293244e-001
5.500560e+003,-1.239133e-001
5.501042e+003,-1.235020e-001
5.501524e+003,-1.265222e-001
5.502006e+003,-1.296875e-001
5.502488e+003,-1.291473e-001
5.502971e+003,-1.213404e-001
5.503453e+003,-1.035269e-001
5.503935e+003,-7.417554e-002
5.504417e+003,-3.337308e-002
5.504899e+003,1.677317e-002
5.505381e+003,7.198635e-002
5.505863e+003,1.262340e-001
5.506346e+003,1.728383e-001
5.506828e+003,2.060848e-001
5.507310e+003,2.227633e-001
5.507792e+003,2.229714e-001
5.508274e+003,2.097698e-001
5.508756e+003,1.878319e-001
5.509238e+003,1.617460e-001
5.509720e+003,1.347837e-001
5.510203e+003,1.086403e-001
5.510685e+003,8.411777e-002
5.511167e+003,6.220821e-002
5.511649e+003,4.484844e-002
5.512131e+003,3.480937e-002
5.512613e+003,3.467368e-002
5.513095e+003,4.540256e-002
5.513577e+003,6.527293e-002
5.514060e+003,8.984172e-002
5.514542e+003,1.131144e-001
5.515024e+003,1.295060e-001
5.515506e+003,1.357849e-001
5.515988e+003,1.321571e-001
5.516470e+003,1.220426e-001
5.516952e+003,1.106871e-001
5.517435e+003,1.032654e-001
5.517917e+003,1.032661e-001
5.518398e+003,1.117028e-001
5.518881e+003,1.272642e-001
5.519363e+003,1.471015e-001
5.519845e+003,1.678057e-001
5.520327e+003,1.862073e-001
5.520809e+003,1.998685e-001
5.521292e+003,2.073559e-001
5.521773e+003,2.084308e-001
5.522256e+003,2.041648e-001
5.522738e+003,1.968331e-001
5.523220e+003,1.893810e-001
5.523702e+003,1.844629e-001
5.524184e+003,1.832335e-001
5.524666e+003,1.846876e-001
5.525148e+003,1.857760e-001
5.525630e+003,1.826071e-001
5.526113e+003,1.723355e-001
5.526595e+003,1.549122e-001
5.527077e+003,1.337497e-001
5.527559e+003,1.147446e-001
5.528041e+003,1.038589e-001
5.528523e+003,1.042648e-001
5.529005e+003,1.144259e-001
5.529487e+003,1.281820e-001
5.529970e+003,1.370164e-001
5.530452e+003,1.336559e-001
5.530934e+003,1.154813e-001
5.531416e+003,8.618894e-002
5.531898e+003,5.487122e-002
5.532380e+003,3.278168e-002
5.532862e+003,2.910129e-002
5.533345e+003,4.747618e-002
5.533827e+003,8.472151e-002
5.534309e+003,1.321198e-001
5.534791e+003,1.786103e-001
5.535273e+003,2.144309e-001
5.535755e+003,2.337345e-001
5.536237e+003,2.353158e-001
5.536719e+003,2.215671e-001
5.537202e+003,1.965404e-001
5.537684e+003,1.642520e-001
5.538166e+003,1.279539e-001
5.538648e+003,9.040568e-002
5.539130e+003,5.455648e-002
5.539612e+003,2.388979e-002
5.540094e+003,1.993141e-003
5.540576e+003,-8.492265e-003
5.541059e+003,-6.919016e-003
5.541541e+003,5.010867e-003
5.542023e+003,2.392222e-002
5.542505e+003,4.620344e-002
5.542987e+003,6.945089e-002
5.543469e+003,9.311944e-002
5.543951e+003,1.179791e-001
5.544434e+003,1.446547e-001
5.544916e+003,1.720958e-001
5.545397e+003,1.969073e-001
5.545880e+003,2.140758e-001
5.546362e+003,2.188759e-001
5.546844e+003,2.090266e-001
5.547326e+003,1.859914e-001
5.547808e+003,1.546464e-001
5.548291e+003,1.214111e-001
5.548772e+003,9.172080e-002
5.549254e+003,6.806631e-002
5.549737e+003,4.955795e-002
5.550219e+003,3.317461e-002
5.550701e+003,1.600489e-002
5.551183e+003,-2.735941e-003
5.551665e+003,-2.103553e-002
5.552147e+003,-3.514167e-002
5.552629e+003,-4.181826e-002
5.553112e+003,-4.057584e-002
5.553594e+003,-3.462287e-002
5.554076e+003,-2.988321e-002
5.554558e+003,-3.248862e-002
5.555040e+003,-4.556806e-002
5.555522e+003,-6.757096e-002
5.556004e+003,-9.242529e-002
5.556486e+003,-1.120035e-001
5.556969e+003,-1.197876e-001
5.557451e+003,-1.140840e-001
5.557933e+003,-9.929737e-002
5.558415e+003,-8.462424e-002
5.558897e+003,-8.062155e-002
5.559379e+003,-9.501500e-002
5.559861e+003,-1.293893e-001
5.560343e+003,-1.780379e-001
5.560826e+003,-2.293759e-001
5.561308e+003,-2.693239e-001
5.561790e+003,-2.853712e-001
5.562272e+003,-2.699231e-001
5.562754e+003,-2.219628e-001
5.563236e+003,-1.468447e-001
5.563718e+003,-5.467738e-002
5.564201e+003,4.192167e-002
5.564683e+003,1.300370e-001
5.565165e+003,1.982742e-001
5.565647e+003,2.381761e-001
5.566129e+003,2.453079e-001
5.566611e+003,2.200599e-001
5.567093e+003,1.679671e-001
5.567575e+003,9.927654e-002
5.568058e+003,2.749426e-002
5.568540e+003,-3.306063e-002
5.569021e+003,-7.031617e-002
5.569504e+003,-7.736579e-002
5.569986e+003,-5.439188e-002
5.570468e+003,-8.877398e-003
5.570950e+003,4.605152e-002
5.571432e+003,9.477492e-002
5.571915e+003,1.229434e-001
5.572396e+003,1.208554e-001
5.572879e+003,8.561924e-002
5.573361e+003,2.165517e-002
5.573843e+003,-6.049063e-002
5.574325e+003,-1.466425e-001
5.574807e+003,-2.221829e-001
5.575290e+003,-2.751797e-001
5.575771e+003,-2.987441e-001
5.576253e+003,-2.921031e-001
5.576736e+003,-2.601978e-001
5.577218e+003,-2.119513e-001
5.577700e+003,-1.577240e-001
5.578182e+003,-1.066256e-001
5.578664e+003,-6.440575e-002
5.579146e+003,-3.244130e-002
5.579628e+003,-8.028252e-003
5.580110e+003,1.417573e-002
5.580593e+003,4.003882e-002
5.581075e+003,7.383984e-002
5.581557e+003,1.167799e-001
5.582039e+003,1.665241e-001
5.582521e+003,2.177861e-001
5.583003e+003,2.636261e-001
5.583485e+003,2.969685e-001
5.583968e+003,3.119091e-001
5.584450e+003,3.046007e-001
5.584932e+003,2.737358e-001
5.585414e+003,2.207805e-001
5.585896e+003,1.499669e-001
5.586378e+003,6.827635e-002
5.586860e+003,-1.508534e-002
5.587342e+003,-8.971238e-002
5.587825e+003,-1.456314e-001
5.588307e+003,-1.753214e-001
5.588789e+003,-1.756236e-001
5.589271e+003,-1.488717e-001
5.589753e+003,-1.026676e-001
5.590235e+003,-4.812271e-002
5.590717e+003,3.044238e-003
5.591199e+003,4.163875e-002
5.591682e+003,6.324949e-002
5.592164e+003,6.881452e-002
5.592646e+003,6.331763e-002
5.593128e+003,5.318611e-002
5.593610e+003,4.348649e-002
5.594092e+003,3.606887e-002
5.594574e+003,2.938391e-002
5.595057e+003,1.995234e-002
5.595539e+003,4.736905e-003
5.596021e+003,-1.671836e-002
5.596503e+003,-4.139672e-002
5.596985e+003,-6.360712e-002
5.597467e+003,-7.713521e-002
5.597949e+003,-7.778614e-002
5.598431e+003,-6.515667e-002
5.598914e+003,-4.285293e-002
5.599396e+003,-1.707628e-002
5.599878e+003,5.754700e-003
5.600360e+003,2.128087e-002
5.600842e+003,2.844206e-002
5.601324e+003,2.926678e-002
5.601806e+003,2.746673e-002
5.602288e+003,2.659563e-002
5.602771e+003,2.862694e-002
5.603252e+003,3.351406e-002
5.603735e+003,3.976101e-002
5.604217e+003,4.552692e-002
5.604699e+003,4.958107e-002
5.605181e+003,5.160626e-002
5.605663e+003,5.179009e-002
5.606146e+003,5.010572e-002
5.606627e+003,4.588544e-002
5.607109e+003,3.812119e-002
5.607592e+003,2.646881e-002
5.608074e+003,1.244206e-002
5.608556e+003,2.699068e-005
5.609038e+003,-4.883133e-003
5.609520e+003,3.700168e-003
5.610002e+003,2.938767e-002
5.610484e+003,7.130639e-002
5.610967e+003,1.233688e-001
5.611449e+003,1.754460e-001
5.611931e+003,2.161852e-001
5.612413e+003,2.365134e-001
5.612895e+003,2.325068e-001
5.613377e+003,2.065195e-001
5.613859e+003,1.661376e-001
5.614341e+003,1.213949e-001
5.614824e+003,8.139239e-002
5.615306e+003,5.163982e-002
5.615788e+003,3.309216e-002
5.616270e+003,2.306360e-002
5.616752e+003,1.755241e-002
5.617234e+003,1.360483e-002
5.617716e+003,1.089698e-002
5.618198e+003,1.175215e-002
5.618681e+003,1.971541e-002
5.619163e+003,3.739126e-002
5.619645e+003,6.454900e-002
5.620127e+003,9.733754e-002
5.620609e+003,1.289544e-001
5.621091e+003,1.515044e-001
5.621573e+003,1.583264e-001
5.622056e+003,1.459500e-001
5.622538e+003,1.150481e-001
5.623020e+003,7.018048e-002
5.623502e+003,1.858807e-002
5.623984e+003,-3.145997e-002
5.624466e+003,-7.219760e-002
5.624948e+003,-9.745196e-002
5.625430e+003,-1.031933e-001
5.625913e+003,-8.770000e-002
5.626395e+003,-5.153069e-002
5.626876e+003,2.575605e-003
5.627359e+003,6.987592e-002
5.627841e+003,1.439483e-001
5.628323e+003,2.172713e-001
5.628805e+003,2.820402e-001
5.629287e+003,3.311242e-001
5.629770e+003,3.590100e-001
5.630251e+003,3.625644e-001
5.630734e+003,3.414805e-001
5.631216e+003,2.983425e-001
5.631698e+003,2.382680e-001
5.632180e+003,1.681696e-001
5.632662e+003,9.572329e-002
5.633145e+003,2.820644e-002
5.633626e+003,-2.858217e-002
5.634108e+003,-7.108786e-002
5.634591e+003,-9.822125e-002
5.635073e+003,-1.109708e-001
5.635555e+003,-1.114786e-001
5.636037e+003,-1.019058e-001
5.636519e+003,-8.356927e-002
5.637001e+003,-5.677234e-002
5.637483e+003,-2.148692e-002
5.637965e+003,2.135776e-002
5.638448e+003,6.862864e-002
5.638930e+003,1.145333e-001
5.639412e+003,1.514838e-001
5.639894e+003,1.722663e-001
5.640376e+003,1.728238e-001
5.640858e+003,1.545168e-001
5.641340e+003,1.247108e-001
5.641823e+003,9.505367e-002
5.642305e+003,7.775359e-002
5.642787e+003,8.109513e-002
5.643269e+003,1.059621e-001
5.643751e+003,1.449324e-001
5.644233e+003,1.845486e-001
5.644715e+003,2.100630e-001
5.645197e+003,2.109074e-001
5.645680e+003,1.847833e-001
5.646162e+003,1.387600e-001
5.646644e+003,8.688603e-002
5.647126e+003,4.512278e-002
5.647608e+003,2.560332e-002
5.648090e+003,3.220297e-002
5.648572e+003,5.936757e-002
5.649054e+003,9.448753e-002
5.649537e+003,1.228029e-001
5.650019e+003,1.328368e-001
5.650501e+003,1.202681e-001
5.650983e+003,8.892292e-002
5.651465e+003,4.877434e-002
5.651947e+003,1.197114e-002
5.652429e+003,-1.145602e-002
5.652912e+003,-1.665097e-002
5.653394e+003,-4.849314e-003
5.653875e+003,1.782912e-002
5.654358e+003,4.292957e-002
5.654840e+003,6.245827e-002
5.655322e+003,7.098013e-002
5.655804e+003,6.655058e-002
5.656286e+003,5.056207e-002
5.656769e+003,2.690237e-002
5.657250e+003,8.980632e-004
5.657732e+003,-2.168055e-002
5.658215e+003,-3.548454e-002
5.658697e+003,-3.638248e-002
5.659179e+003,-2.219327e-002
5.659661e+003,6.742231e-003
5.660143e+003,4.737312e-002
5.660625e+003,9.429451e-002
5.661107e+003,1.406539e-001
5.661590e+003,1.793917e-001
5.662072e+003,2.044856e-001
5.662554e+003,2.118650e-001
5.663036e+003,1.998289e-001
5.663518e+003,1.689880e-001
5.664000e+003,1.219262e-001
5.664482e+003,6.276871e-002
5.664964e+003,-3.205953e-003
5.665447e+003,-6.994595e-002
5.665929e+003,-1.310675e-001
5.666411e+003,-1.804159e-001
5.666893e+003,-2.126705e-001
5.667375e+003,-2.238346e-001
5.667857e+003,-2.114405e-001
5.668339e+003,-1.745044e-001
5.668821e+003,-1.134109e-001
5.669304e+003,-3.008491e-002
5.669786e+003,7.136849e-002
5.670268e+003,1.836977e-001
5.670750e+003,2.957787e-001
5.671232e+003,3.929226e-001
5.671714e+003,4.588271e-001
5.672196e+003,4.791496e-001
5.672679e+003,4.458455e-001
5.673161e+003,3.607320e-001
5.673643e+003,2.366531e-001
5.674125e+003,9.529816e-002
5.674607e+003,-3.803446e-002
5.675089e+003,-1.411563e-001
5.675571e+003,-2.008457e-001
5.676053e+003,-2.156905e-001
5.676536e+003,-1.948233e-001
5.677018e+003,-1.530396e-001
5.677500e+003,-1.042282e-001
5.677982e+003,-5.577824e-002
5.678464e+003,-6.108599e-003
5.678946e+003,5.347594e-002
5.679428e+003,1.337514e-001
5.679910e+003,2.415127e-001
5.680393e+003,3.751290e-001
5.680875e+003,5.235511e-001
5.681357e+003,6.690527e-001
5.681839e+003,7.924757e-001
5.682321e+003,8.788129e-001
5.682803e+003,9.210292e-001
5.683285e+003,9.209199e-001
5.683768e+003,8.870887e-001
5.684250e+003,8.312765e-001
5.684731e+003,7.646991e-001
5.685214e+003,6.957146e-001
5.685696e+003,6.292599e-001
5.686178e+003,5.675769e-001
5.686660e+003,5.112773e-001
5.687142e+003,4.599572e-001
5.687625e+003,4.121343e-001
5.688106e+003,3.649295e-001
5.688588e+003,3.142091e-001
5.689071e+003,2.556502e-001
5.689553e+003,1.866038e-001
5.690035e+003,1.079652e-001
5.690517e+003,2.503669e-002
5.690999e+003,-5.329768e-002
5.691481e+003,-1.170084e-001
5.691963e+003,-1.580652e-001
5.692446e+003,-1.729891e-001
5.692928e+003,-1.637370e-001
5.693410e+003,-1.365749e-001
5.693892e+003,-9.952577e-002
5.694374e+003,-5.959084e-002
5.694856e+003,-2.102464e-002
5.695338e+003,1.463651e-002
5.695820e+003,4.699439e-002
5.696303e+003,7.472003e-002
5.696785e+003,9.428292e-002
5.697267e+003,1.004213e-001
5.697749e+003,8.832633e-002
5.698231e+003,5.660472e-002
5.698713e+003,9.553365e-003
5.699195e+003,-4.257264e-002
5.699677e+003,-8.577531e-002
5.700160e+003,-1.064269e-001
5.700642e+003,-9.578390e-002
5.701124e+003,-5.312279e-002
5.701606e+003,1.373503e-002
5.702088e+003,9.073544e-002
5.702570e+003,1.618256e-001
5.703052e+003,2.135608e-001
5.703535e+003,2.385262e-001
5.704017e+003,2.366097e-001
5.704499e+003,2.140168e-001
5.704981e+003,1.807239e-001
5.705463e+003,1.474217e-001
5.705945e+003,1.229656e-001
5.706427e+003,1.128809e-001
5.706909e+003,1.189648e-001
5.707392e+003,1.396372e-001
5.707874e+003,1.706290e-001
5.708356e+003,2.057413e-001
5.708838e+003,2.376762e-001
5.709320e+003,2.590143e-001
5.709802e+003,2.635082e-001
5.710284e+003,2.474534e-001
5.710766e+003,2.107816e-001
5.711249e+003,1.574422e-001
5.711730e+003,9.479351e-002
5.712213e+003,3.203580e-002
5.712695e+003,-2.187251e-002
5.713177e+003,-6.021788e-002
5.713659e+003,-7.983904e-002
5.714141e+003,-8.145143e-002
5.714624e+003,-6.900441e-002
5.715105e+003,-4.839651e-002
5.715587e+003,-2.594866e-002
5.716070e+003,-7.004228e-003
5.716552e+003,5.136280e-003
5.717034e+003,9.837731e-003
5.717516e+003,9.277831e-003
5.717998e+003,8.025361e-003
5.718480e+003,1.200680e-002
5.718962e+003,2.686721e-002
5.719445e+003,5.599892e-002
5.719927e+003,9.871906e-002
5.720409e+003,1.493032e-001
5.720891e+003,1.974225e-001
5.721373e+003,2.302101e-001
5.721855e+003,2.355994e-001
5.722337e+003,2.060609e-001
5.722819e+003,1.415546e-001
5.723302e+003,5.060938e-002
5.723784e+003,-5.108342e-002
5.724266e+003,-1.443187e-001
5.724748e+003,-2.112377e-001
5.725230e+003,-2.398290e-001
5.725712e+003,-2.266352e-001
5.726194e+003,-1.768420e-001
5.726676e+003,-1.019052e-001
5.727159e+003,-1.570984e-002
5.727641e+003,6.929917e-002
5.728123e+003,1.447051e-001
5.728605e+003,2.067656e-001
5.729087e+003,2.552978e-001
5.729569e+003,2.916634e-001
5.730051e+003,3.169696e-001
5.730534e+003,3.312769e-001
5.731016e+003,3.339999e-001
5.731498e+003,3.250671e-001
5.731980e+003,3.060194e-001
5.732462e+003,2.803279e-001
5.732944e+003,2.526255e-001
5.733426e+003,2.271654e-001
5.733908e+003,2.062925e-001
5.734391e+003,1.897450e-001
5.734873e+003,1.751986e-001
5.735354e+003,1.598583e-001
5.735837e+003,1.423272e-001
5.736319e+003,1.238216e-001
5.736801e+003,1.080960e-001
5.737283e+003,1.000223e-001
5.737765e+003,1.034244e-001
5.738248e+003,1.191119e-001
5.738729e+003,1.440412e-001
5.739212e+003,1.720120e-001
5.739694e+003,1.953060e-001
5.740176e+003,2.082844e-001
5.740658e+003,2.079568e-001
5.741140e+003,1.948405e-001
5.741623e+003,1.719208e-001
5.742104e+003,1.427120e-001
5.742586e+003,1.093940e-001
5.743069e+003,7.192893e-002
5.743551e+003,2.853450e-002
5.744033e+003,-2.272887e-002
5.744515e+003,-8.208423e-002
5.744997e+003,-1.468070e-001
5.745479e+003,-2.112692e-001
5.745961e+003,-2.682607e-001
5.746443e+003,-3.109980e-001
5.746926e+003,-3.349535e-001
5.747408e+003,-3.387879e-001
5.747890e+003,-3.241196e-001
5.748372e+003,-2.944179e-001
5.748854e+003,-2.536362e-001
5.749336e+003,-2.052542e-001
5.749818e+003,-1.520821e-001
5.750301e+003,-9.672654e-002
5.750783e+003,-4.224436e-002
5.751265e+003,7.565323e-003
5.751747e+003,4.857030e-002
5.752229e+003,7.731868e-002
5.752711e+003,9.217676e-002
5.753193e+003,9.401532e-002
5.753675e+003,8.603318e-002
5.754158e+003,7.274506e-002
5.754640e+003,5.855821e-002
5.755122e+003,4.653751e-002
5.755604e+003,3.786787e-002
5.756086e+003,3.215890e-002
5.756568e+003,2.833585e-002
5.757050e+003,2.561882e-002
5.757532e+003,2.408842e-002
5.758015e+003,2.462912e-002
5.758497e+003,2.837791e-002
5.758979e+003,3.605291e-002
5.759461e+003,4.755469e-002
5.759943e+003,6.202173e-002
5.760425e+003,7.820248e-002
5.760907e+003,9.484423e-002
5.761390e+003,1.107812e-001
5.761872e+003,1.246514e-001
5.762354e+003,1.344806e-001
5.762836e+003,1.375355e-001
5.763318e+003,1.307871e-001
5.763800e+003,1.119866e-001
5.764282e+003,8.093761e-002
5.764764e+003,4.031690e-002
5.765247e+003,-4.567215e-003
5.765729e+003,-4.724521e-002
5.766210e+003,-8.237536e-002
5.766693e+003,-1.079302e-001
5.767175e+003,-1.262392e-001
5.767657e+003,-1.432503e-001
5.768139e+003,-1.661340e-001
5.768621e+003,-2.001253e-001
5.769104e+003,-2.458988e-001
5.769585e+003,-2.986162e-001
5.770068e+003,-3.491049e-001
5.770550e+003,-3.869328e-001
5.771032e+003,-4.032941e-001
5.771514e+003,-3.941672e-001
5.771996e+003,-3.608741e-001
5.772479e+003,-3.088523e-001
5.772960e+003,-2.451613e-001
5.773442e+003,-1.759467e-001
5.773925e+003,-1.049511e-001
5.774407e+003,-3.356446e-002
5.774889e+003,3.787415e-002
5.775371e+003,1.083836e-001
5.775853e+003,1.752503e-001
5.776335e+003,2.341480e-001
5.776817e+003,2.804368e-001
5.777299e+003,3.109361e-001
5.777782e+003,3.252605e-001
5.778264e+003,3.260109e-001
5.778746e+003,3.177024e-001
5.779228e+003,3.049208e-001
5.779710e+003,2.905450e-001
5.780192e+003,2.748244e-001
5.780674e+003,2.556738e-001
5.781157e+003,2.299743e-001
5.781639e+003,1.952427e-001
5.782121e+003,1.508965e-001
5.782603e+003,9.862307e-002
5.783085e+003,4.180793e-002
5.783567e+003,-1.559811e-002
5.784049e+003,-7.021287e-002
5.784531e+003,-1.198819e-001
5.785014e+003,-1.636847e-001
5.785496e+003,-2.014021e-001
5.785978e+003,-2.327748e-001
5.786460e+003,-2.568871e-001
5.786942e+003,-2.718970e-001
5.787424e+003,-2.751871e-001
5.787906e+003,-2.638992e-001
5.788388e+003,-2.357723e-001
5.788871e+003,-1.902030e-001
5.789353e+003,-1.293311e-001
5.789835e+003,-5.883258e-002
5.790317e+003,1.204658e-002
5.790799e+003,7.163288e-002
5.791281e+003,1.082729e-001
5.791763e+003,1.136675e-001
5.792246e+003,8.614343e-002
5.792728e+003,3.258674e-002
5.793209e+003,-3.200525e-002
5.793692e+003,-8.772445e-002
5.794174e+003,-1.150261e-001
5.794656e+003,-1.005263e-001
5.795138e+003,-4.133899e-002
5.795620e+003,5.364824e-002
5.796103e+003,1.661694e-001
5.796584e+003,2.739085e-001
5.797067e+003,3.569525e-001
5.797549e+003,4.031225e-001
5.798031e+003,4.104175e-001
5.798513e+003,3.859612e-001
5.798995e+003,3.421944e-001
5.799477e+003,2.920402e-001
5.799959e+003,2.449491e-001
5.800441e+003,2.051021e-001
5.800924e+003,1.720098e-001
5.801406e+003,1.428640e-001
5.801888e+003,1.145643e-001
5.802370e+003,8.582675e-002
5.802852e+003,5.718577e-002
5.803334e+003,2.999699e-002
5.803816e+003,5.078458e-003
5.804298e+003,-1.812356e-002
5.804781e+003,-4.135672e-002
5.805263e+003,-6.650084e-002
5.805745e+003,-9.425433e-002
5.806227e+003,-1.232939e-001
5.806709e+003,-1.503992e-001
5.807191e+003,-1.714850e-001
5.807673e+003,-1.830790e-001
5.808156e+003,-1.835823e-001
5.808638e+003,-1.738279e-001
5.809120e+003,-1.568192e-001
5.809602e+003,-1.368470e-001
5.810084e+003,-1.184414e-001
5.810566e+003,-1.055094e-001
5.811048e+003,-1.008236e-001
5.811530e+003,-1.057686e-001
5.812013e+003,-1.201443e-001
5.812495e+003,-1.419071e-001
5.812977e+003,-1.669843e-001
5.813459e+003,-1.894441e-001
5.813941e+003,-2.023608e-001
5.814423e+003,-1.994062e-001
5.814905e+003,-1.768443e-001
5.815387e+003,-1.352303e-001
5.815870e+003,-8.004849e-002
5.816352e+003,-2.081373e-002
5.816834e+003,3.128976e-002
5.817316e+003,6.656950e-002
5.817798e+003,7.972886e-002
5.818280e+003,7.146949e-002
5.818762e+003,4.814705e-002
5.819245e+003,1.952698e-002
5.819727e+003,-4.618251e-003
5.820208e+003,-1.786259e-002
5.820691e+003,-1.926413e-002
5.821173e+003,-1.353541e-002
5.821655e+003,-9.209252e-003
5.822137e+003,-1.549820e-002
5.822619e+003,-3.899610e-002
5.823102e+003,-8.142080e-002
5.823583e+003,-1.391576e-001
5.824065e+003,-2.046370e-001
5.824548e+003,-2.688720e-001
5.825030e+003,-3.240666e-001
5.825512e+003,-3.653042e-001
5.825994e+003,-3.908027e-001
5.826476e+003,-4.009139e-001
5.826958e+003,-3.965730e-001
5.827440e+003,-3.781332e-001
5.827923e+003,-3.452436e-001
5.828405e+003,-2.978840e-001
5.828887e+003,-2.379857e-001
5.829369e+003,-1.707322e-001
5.829851e+003,-1.046124e-001
5.830333e+003,-4.985011e-002
5.830815e+003,-1.553883e-002
5.831297e+003,-6.522505e-003
5.831780e+003,-2.130174e-002
5.832262e+003,-5.183638e-002
5.832744e+003,-8.608298e-002
5.833226e+003,-1.112805e-001
5.833708e+003,-1.178857e-001
5.834190e+003,-1.022294e-001
5.834672e+003,-6.711210e-002
5.835154e+003,-2.028771e-002
5.835637e+003,2.846176e-002
5.836119e+003,7.048793e-002
5.836601e+003,1.005617e-001
5.837083e+003,1.176500e-001
5.837565e+003,1.242133e-001
5.838047e+003,1.246201e-001
5.838529e+003,1.234948e-001
5.839012e+003,1.246509e-001
5.839494e+003,1.308377e-001
5.839976e+003,1.440964e-001
5.840458e+003,1.662671e-001
5.840940e+003,1.991892e-001
5.841422e+003,2.443724e-001
5.841904e+003,3.021885e-001
5.842386e+003,3.709144e-001
5.842869e+003,4.459900e-001
5.843351e+003,5.198562e-001
5.843833e+003,5.825615e-001
5.844315e+003,6.231744e-001
5.844797e+003,6.318314e-001
5.845279e+003,6.020741e-001
5.845761e+003,5.328976e-001
5.846243e+003,4.299091e-001
5.846726e+003,3.050463e-001
5.847208e+003,1.746709e-001
5.847690e+003,5.633404e-002
5.848172e+003,-3.496971e-002
5.848654e+003,-8.999150e-002
5.849136e+003,-1.068431e-001
5.849618e+003,-9.055583e-002
5.850101e+003,-5.080207e-002
5.850583e+003,1.276450e-003
5.851064e+003,5.590956e-002
5.851547e+003,1.061898e-001
5.852029e+003,1.478994e-001
5.852511e+003,1.781853e-001
5.852993e+003,1.941613e-001
5.853475e+003,1.924926e-001
5.853958e+003,1.704376e-001
5.854439e+003,1.279004e-001
5.854921e+003,6.933858e-002
5.855404e+003,4.224216e-003
5.855886e+003,-5.465104e-002
5.856368e+003,-9.470728e-002
5.856850e+003,-1.076213e-001
5.857332e+003,-9.217819e-002
5.857814e+003,-5.459704e-002
5.858296e+003,-6.100134e-003
5.858779e+003,4.129514e-002
5.859261e+003,7.894725e-002
5.859743e+003,1.039232e-001
5.860225e+003,1.185521e-001
5.860707e+003,1.275702e-001
5.861189e+003,1.343610e-001
5.861671e+003,1.382388e-001
5.862153e+003,1.341996e-001
5.862636e+003,1.153899e-001
5.863118e+003,7.693539e-002
5.863600e+003,2.039840e-002
5.864082e+003,-4.529002e-002
5.864564e+003,-1.052941e-001
5.865046e+003,-1.432871e-001
5.865528e+003,-1.470143e-001
5.866010e+003,-1.128784e-001
5.866493e+003,-4.784337e-002
5.866975e+003,3.206770e-002
5.867457e+003,1.062083e-001
5.867939e+003,1.552458e-001
5.868421e+003,1.667482e-001
5.868903e+003,1.387515e-001
5.869385e+003,8.031415e-002
5.869868e+003,8.990943e-003
5.870350e+003,-5.398880e-002
5.870832e+003,-8.949252e-002
5.871314e+003,-8.563323e-002
5.871796e+003,-4.090614e-002
5.872278e+003,3.556380e-002
5.872760e+003,1.267309e-001
5.873242e+003,2.125124e-001
5.873725e+003,2.753406e-001
5.874207e+003,3.047136e-001
5.874689e+003,2.994100e-001
5.875171e+003,2.668038e-001
5.875653e+003,2.197047e-001
5.876135e+003,1.719393e-001
5.876617e+003,1.342950e-001
5.877099e+003,1.121832e-001
5.877582e+003,1.055787e-001
5.878063e+003,1.108110e-001
5.878546e+003,1.230629e-001
5.879028e+003,1.383028e-001
5.879510e+003,1.539222e-001
5.879992e+003,1.681382e-001
5.880474e+003,1.789402e-001
5.880957e+003,1.835196e-001
5.881438e+003,1.787851e-001
5.881920e+003,1.628128e-001
5.882403e+003,1.364627e-001
5.882885e+003,1.041403e-001
5.883367e+003,7.304476e-002
5.883849e+003,5.097580e-002
5.884331e+003,4.351790e-002
5.884813e+003,5.184339e-002
5.885295e+003,7.216474e-002
5.885778e+003,9.714970e-002
5.886260e+003,1.187264e-001
5.886742e+003,1.310749e-001
5.887224e+003,1.326100e-001
5.887706e+003,1.262837e-001
5.888188e+003,1.182937e-001
5.888670e+003,1.158393e-001
5.889152e+003,1.247739e-001
5.889635e+003,1.478236e-001
5.890117e+003,1.836717e-001
5.890599e+003,2.268930e-001
5.891081e+003,2.686401e-001
5.891563e+003,2.980199e-001
5.892045e+003,3.041931e-001
5.892527e+003,2.790569e-001
5.893009e+003,2.200381e-001
5.893492e+003,1.320977e-001
5.893974e+003,2.795656e-002
5.894456e+003,-7.457673e-002
5.894938e+003,-1.565786e-001
5.895420e+003,-2.038102e-001
5.895902e+003,-2.113290e-001
5.896384e+003,-1.851506e-001
5.896867e+003,-1.400067e-001
5.897349e+003,-9.386197e-002
5.897831e+003,-6.128201e-002
5.898313e+003,-4.836733e-002
5.898795e+003,-5.132743e-002
5.899277e+003,-5.924465e-002
5.899759e+003,-5.974391e-002
5.900241e+003,-4.503905e-002
5.900724e+003,-1.567160e-002
5.901206e+003,1.961798e-002
5.901688e+003,4.769821e-002
5.902170e+003,5.664407e-002
5.902652e+003,4.061049e-002
5.903134e+003,1.907734e-003
5.903616e+003,-5.034881e-002
5.904098e+003,-1.041120e-001
5.904581e+003,-1.488632e-001
5.905063e+003,-1.787064e-001
5.905545e+003,-1.930294e-001
5.906027e+003,-1.949901e-001
5.906509e+003,-1.890634e-001
5.906991e+003,-1.791256e-001
5.907473e+003,-1.679113e-001
5.907956e+003,-1.576935e-001
5.908438e+003,-1.512540e-001
5.908919e+003,-1.520711e-001
5.909402e+003,-1.632399e-001
5.909884e+003,-1.855500e-001
5.910366e+003,-2.158599e-001
5.910848e+003,-2.469404e-001
5.911330e+003,-2.693186e-001
5.911813e+003,-2.746015e-001
5.912294e+003,-2.589237e-001
5.912776e+003,-2.249610e-001
5.913259e+003,-1.815338e-001
5.913741e+003,-1.408866e-001
5.914223e+003,-1.147603e-001
5.914705e+003,-1.108792e-001
5.915187e+003,-1.311560e-001
5.915669e+003,-1.720613e-001
5.916151e+003,-2.265809e-001
5.916634e+003,-2.865936e-001
5.917116e+003,-3.445832e-001
5.917598e+003,-3.942071e-001
5.918080e+003,-4.300344e-001
5.918562e+003,-4.472343e-001
5.919044e+003,-4.419306e-001
5.919526e+003,-4.123651e-001
5.920008e+003,-3.603354e-001
5.920491e+003,-2.919610e-001
5.920973e+003,-2.170028e-001
5.921455e+003,-1.466133e-001
5.921937e+003,-9.016976e-002
5.922419e+003,-5.241938e-002
5.922901e+003,-3.212283e-002
5.923383e+003,-2.284674e-002
5.923865e+003,-1.564421e-002
5.924348e+003,-2.537534e-003
5.924830e+003,2.081070e-002
5.925312e+003,5.335249e-002
5.925794e+003,9.002881e-002
5.926276e+003,1.238994e-001
5.926758e+003,1.488670e-001
5.927240e+003,1.616913e-001
5.927723e+003,1.626160e-001
5.928205e+003,1.545832e-001
5.928687e+003,1.416074e-001
5.929169e+003,1.271801e-001
5.929651e+003,1.134404e-001
5.930133e+003,1.013923e-001
5.930615e+003,9.191585e-002
5.931097e+003,8.690810e-002
5.931580e+003,8.985604e-002
5.932062e+003,1.053600e-001
5.932543e+003,1.375968e-001
5.933026e+003,1.882203e-001
5.933508e+003,2.544929e-001
5.933990e+003,3.284934e-001
5.934472e+003,3.979634e-001
5.934954e+003,4.488037e-001
5.935437e+003,4.686705e-001
5.935918e+003,4.505945e-001
5.936401e+003,3.954006e-001
5.936883e+003,3.119722e-001
5.937365e+003,2.151040e-001
5.937847e+003,1.215203e-001
5.938329e+003,4.537513e-002
5.938812e+003,-5.234602e-003
5.939293e+003,-2.953008e-002
5.939775e+003,-3.275333e-002
5.940258e+003,-2.298135e-002
5.940740e+003,-7.520438e-003
5.941222e+003,9.551845e-003
5.941704e+003,2.772043e-002
5.942186e+003,4.831288e-002
5.942668e+003,7.177141e-002
5.943150e+003,9.546271e-002
5.943632e+003,1.133034e-001
5.944115e+003,1.176263e-001
5.944597e+003,1.024928e-001
5.945079e+003,6.687013e-002
5.945561e+003,1.599272e-002
5.946043e+003,-3.990727e-002
5.946525e+003,-8.909407e-002
5.947007e+003,-1.225121e-001
5.947490e+003,-1.368007e-001
5.947972e+003,-1.347414e-001
5.948454e+003,-1.229276e-001
5.948936e+003,-1.077623e-001
5.949418e+003,-9.177116e-002
5.949900e+003,-7.209007e-002
5.950382e+003,-4.199242e-002
5.950864e+003,5.211732e-003
5.951347e+003,7.172001e-002
5.951829e+003,1.524049e-001
5.952311e+003,2.350549e-001
5.952793e+003,3.037831e-001
5.953275e+003,3.442292e-001
5.953757e+003,3.483651e-001
5.954239e+003,3.169001e-001
5.954721e+003,2.584098e-001
5.955204e+003,1.857238e-001
5.955686e+003,1.113421e-001
5.956168e+003,4.349120e-002
5.956650e+003,-1.488390e-002
5.957132e+003,-6.499816e-002
5.957614e+003,-1.092827e-001
5.958096e+003,-1.484108e-001
5.958579e+003,-1.797913e-001
5.959061e+003,-1.982002e-001
5.959542e+003,-1.981034e-001
5.960025e+003,-1.764484e-001
5.960507e+003,-1.344975e-001
5.960989e+003,-7.783591e-002
5.961471e+003,-1.456029e-002
5.961953e+003,4.744367e-002
5.962436e+003,1.028656e-001
5.962917e+003,1.499011e-001
5.963400e+003,1.894716e-001
5.963882e+003,2.232432e-001
5.964364e+003,2.515835e-001
5.964846e+003,2.725334e-001
5.965328e+003,2.823796e-001
5.965810e+003,2.775750e-001
5.966292e+003,2.570829e-001
5.966774e+003,2.240117e-001
5.967257e+003,1.856584e-001
5.967739e+003,1.517698e-001
5.968221e+003,1.315884e-001
5.968703e+003,1.307627e-001
5.969185e+003,1.493337e-001
5.969667e+003,1.815411e-001
5.970149e+003,2.175549e-001
5.970631e+003,2.464657e-001
5.971114e+003,2.594881e-001
5.971596e+003,2.522749e-001
5.972078e+003,2.256760e-001
5.972560e+003,1.848347e-001
5.973042e+003,1.371904e-001
5.973524e+003,9.020261e-002
5.974006e+003,4.965802e-002
5.974489e+003,1.899800e-002
5.974971e+003,-3.489130e-004
5.975453e+003,-8.079184e-003
5.975935e+003,-4.174297e-003
5.976417e+003,1.141120e-002
5.976899e+003,3.842370e-002
5.977381e+003,7.557281e-002
5.977863e+003,1.198889e-001
5.978346e+003,1.666297e-001
5.978828e+003,2.099844e-001
5.979310e+003,2.443563e-001
5.979792e+003,2.657920e-001
5.980274e+003,2.729204e-001
5.980756e+003,2.670406e-001
5.981238e+003,2.513158e-001
5.981720e+003,2.294668e-001
5.982203e+003,2.045682e-001
5.982685e+003,1.785052e-001
5.983167e+003,1.523069e-001
5.983649e+003,1.271404e-001
5.984131e+003,1.053822e-001
5.984613e+003,9.107960e-002
5.985095e+003,8.936836e-002
5.985577e+003,1.048845e-001
5.986060e+003,1.397038e-001
5.986542e+003,1.916429e-001
5.987024e+003,2.538270e-001
5.987506e+003,3.156857e-001
5.987988e+003,3.654207e-001
5.988470e+003,3.930887e-001
5.988952e+003,3.932900e-001
5.989435e+003,3.665400e-001
5.989917e+003,3.188547e-001
5.990398e+003,2.597374e-001
5.990881e+003,1.992742e-001
5.991363e+003,1.453311e-001
5.991845e+003,1.017091e-001
5.992327e+003,6.776957e-002
5.992809e+003,3.948071e-002
5.993292e+003,1.143072e-002
5.993773e+003,-2.094875e-002
5.994256e+003,-5.964861e-002
5.994738e+003,-1.033612e-001
5.995220e+003,-1.478775e-001
5.995702e+003,-1.874178e-001
5.996184e+003,-2.164066e-001
5.996666e+003,-2.311454e-001
5.997148e+003,-2.308751e-001
5.997630e+003,-2.179599e-001
5.998113e+003,-1.971454e-001
5.998595e+003,-1.741618e-001
5.999077e+003,-1.540866e-001
5.999559e+003,-1.399634e-001
6.000041e+003,-1.320940e-001
6.000523e+003,-1.282182e-001
6.001005e+003,-1.245032e-001
6.001487e+003,-1.170155e-001
6.001970e+003,-1.031387e-001
6.002452e+003,-8.247104e-002
6.002934e+003,-5.687806e-002
6.003416e+003,-2.973622e-002
6.003898e+003,-4.649616e-003
6.004380e+003,1.584067e-002
6.004862e+003,3.108677e-002
6.005345e+003,4.237127e-002
6.005827e+003,5.217149e-002
6.006309e+003,6.295104e-002
6.006791e+003,7.599272e-002
6.007273e+003,9.072012e-002
6.007755e+003,1.047852e-001
6.008237e+003,1.148369e-001
6.008719e+003,1.176934e-001
6.009202e+003,1.114384e-001
6.009684e+003,9.609031e-002
6.010166e+003,7.360213e-002
6.010648e+003,4.729194e-002
6.011130e+003,2.092820e-002
6.011612e+003,-2.159305e-003
6.012094e+003,-1.971926e-002
6.012576e+003,-3.084863e-002
6.013059e+003,-3.599817e-002
6.013541e+003,-3.680876e-002
6.014023e+003,-3.589609e-002
6.014505e+003,-3.652072e-002
6.014987e+003,-4.206316e-002
6.015469e+003,-5.520444e-002
6.015951e+003,-7.689964e-002
6.016434e+003,-1.054197e-001
6.016916e+003,-1.359351e-001
6.017397e+003,-1.613056e-001
6.017880e+003,-1.730017e-001
6.018362e+003,-1.643207e-001
6.018844e+003,-1.328170e-001
6.019326e+003,-8.196124e-002
6.019808e+003,-2.103113e-002
6.020291e+003,3.701896e-002
6.020772e+003,7.917847e-002
6.021254e+003,9.638729e-002
6.021737e+003,8.652274e-002
6.022219e+003,5.521991e-002
6.022701e+003,1.402122e-002
6.023183e+003,-2.362835e-002
6.023665e+003,-4.716276e-002
6.024147e+003,-5.265920e-002
6.024629e+003,-4.419105e-002
6.025112e+003,-3.227454e-002
6.025594e+003,-3.005714e-002
6.026076e+003,-4.862632e-002
6.026558e+003,-9.307696e-002
6.027040e+003,-1.605682e-001
6.027522e+003,-2.408503e-001
6.028004e+003,-3.188507e-001
6.028486e+003,-3.783709e-001
6.028969e+003,-4.057370e-001
6.029451e+003,-3.925726e-001
6.029933e+003,-3.372883e-001
6.030415e+003,-2.452802e-001
6.030897e+003,-1.280180e-001
6.031379e+003,-1.206867e-003
6.031861e+003,1.177889e-001
6.032343e+003,2.130086e-001
6.032826e+003,2.729739e-001
6.033308e+003,2.930765e-001
6.033790e+003,2.764930e-001
6.034272e+003,2.331441e-001
6.034754e+003,1.767820e-001
6.035236e+003,1.210473e-001
6.035718e+003,7.579826e-002
6.036201e+003,4.503702e-002
6.036683e+003,2.715166e-002
6.037165e+003,1.730280e-002
6.037647e+003,1.084154e-002
6.038129e+003,6.227578e-003
6.038611e+003,6.046867e-003
6.039093e+003,1.567954e-002
6.039575e+003,4.024094e-002
6.040058e+003,8.131482e-002
6.040540e+003,1.350555e-001
6.041021e+003,1.926043e-001
6.041504e+003,2.426614e-001
6.041986e+003,2.751383e-001
6.042468e+003,2.843152e-001
6.042950e+003,2.702627e-001
6.043432e+003,2.380819e-001
6.043915e+003,1.955991e-001
6.044396e+003,1.507512e-001
6.044879e+003,1.098768e-001
6.045361e+003,7.736642e-002
6.045843e+003,5.636107e-002
6.046325e+003,4.957429e-002
6.046807e+003,5.947479e-002
6.047290e+003,8.754347e-002
6.047771e+003,1.331187e-001
6.048253e+003,1.925889e-001
6.048736e+003,2.599887e-001
6.049218e+003,3.283701e-001
6.049700e+003,3.917092e-001
6.050182e+003,4.461335e-001
6.050664e+003,4.898050e-001
6.051146e+003,5.214652e-001
6.051628e+003,5.385948e-001
6.052110e+003,5.364751e-001
6.052593e+003,5.091796e-001
6.053075e+003,4.524389e-001
6.053557e+003,3.672640e-001
6.054039e+003,2.624124e-001
6.054521e+003,1.541309e-001
6.055003e+003,6.256701e-002
6.055485e+003,5.886062e-003
6.055968e+003,-5.779081e-003
6.056450e+003,2.602687e-002
6.056932e+003,8.841861e-002
6.057414e+003,1.614915e-001
6.057896e+003,2.247818e-001
6.058378e+003,2.633011e-001
6.058860e+003,2.708668e-001
6.059342e+003,2.499746e-001
6.059825e+003,2.089429e-001
6.060307e+003,1.581879e-001
6.060789e+003,1.073063e-001
6.061271e+003,6.392626e-002
6.061753e+003,3.389379e-002
6.062235e+003,2.173922e-002
6.062717e+003,3.023276e-002
6.063199e+003,5.884470e-002
6.063682e+003,1.018825e-001
6.064164e+003,1.478875e-001
6.064646e+003,1.814198e-001
6.065128e+003,1.873944e-001
6.065610e+003,1.565736e-001
6.066092e+003,9.001155e-002
6.066574e+003,1.856480e-004
6.067057e+003,-9.213421e-002
6.067539e+003,-1.644983e-001
6.068021e+003,-2.002609e-001
6.068503e+003,-1.938616e-001
6.068985e+003,-1.516208e-001
6.069467e+003,-8.796697e-002
6.069949e+003,-1.900879e-002
6.070431e+003,4.344232e-002
6.070914e+003,9.489405e-002
6.071396e+003,1.372412e-001
6.071878e+003,1.749433e-001
6.072360e+003,2.104936e-001
6.072842e+003,2.416338e-001
6.073324e+003,2.615941e-001
6.073806e+003,2.621400e-001
6.074288e+003,2.376341e-001
6.074771e+003,1.880119e-001
6.075252e+003,1.191201e-001
6.075735e+003,4.048181e-002
6.076217e+003,-3.827576e-002
6.076699e+003,-1.103737e-001
6.077181e+003,-1.728716e-001
6.077663e+003,-2.253943e-001
6.078146e+003,-2.676623e-001
6.078627e+003,-2.973886e-001
6.079109e+003,-3.098589e-001
6.079592e+003,-3.000871e-001
6.080074e+003,-2.654726e-001
6.080556e+003,-2.085007e-001
6.081038e+003,-1.375855e-001
6.081520e+003,-6.538948e-002
6.082002e+003,-5.190958e-003
6.082484e+003,3.336753e-002
6.082967e+003,4.740353e-002
6.083449e+003,4.168833e-002
6.083931e+003,2.698994e-002
6.084413e+003,1.662247e-002
6.084895e+003,2.237346e-002
6.085377e+003,5.110519e-002
6.085859e+003,1.027855e-001
6.086341e+003,1.703012e-001
6.086824e+003,2.408325e-001
6.087306e+003,2.984923e-001
6.087788e+003,3.277052e-001
6.088270e+003,3.168175e-001
6.088752e+003,2.611960e-001
6.089234e+003,1.650442e-001
6.089716e+003,4.119087e-002
6.090198e+003,-9.136560e-002
6.090681e+003,-2.118015e-001
6.091163e+003,-3.025258e-001
6.091645e+003,-3.534731e-001
6.092127e+003,-3.641761e-001
6.092609e+003,-3.429858e-001
6.093091e+003,-3.037268e-001
6.093573e+003,-2.611500e-001
6.094056e+003,-2.268040e-001
6.094538e+003,-2.067382e-001
6.095020e+003,-2.014591e-001
6.095502e+003,-2.076927e-001
6.095984e+003,-2.208128e-001
6.096466e+003,-2.368365e-001
6.096948e+003,-2.532850e-001
6.097430e+003,-2.689593e-001
6.097913e+003,-2.831131e-001
6.098395e+003,-2.947532e-001
6.098876e+003,-3.024336e-001
6.099359e+003,-3.045595e-001
6.099841e+003,-2.997793e-001
6.100323e+003,-2.870836e-001
6.100805e+003,-2.654246e-001
6.101287e+003,-2.331506e-001
6.101770e+003,-1.877061e-001
6.102251e+003,-1.260983e-001
6.102734e+003,-4.619446e-002
6.103216e+003,5.144239e-002
6.103698e+003,1.619312e-001
6.104180e+003,2.754051e-001
6.104662e+003,3.778403e-001
6.105145e+003,4.533587e-001
6.105626e+003,4.875493e-001
6.106108e+003,4.709874e-001
6.106591e+003,4.021550e-001
6.107073e+003,2.890471e-001
6.107555e+003,1.489330e-001
6.108037e+003,6.004978e-003
6.108519e+003,-1.129446e-001
6.109001e+003,-1.841295e-001
6.109483e+003,-1.923428e-001
6.109965e+003,-1.347733e-001
6.110448e+003,-2.250497e-002
6.110930e+003,1.222415e-001
6.111412e+003,2.717400e-001
6.111894e+003,4.000187e-001
6.112376e+003,4.893699e-001
6.112858e+003,5.338168e-001
6.113340e+003,5.382609e-001
6.113823e+003,5.137895e-001
6.114305e+003,4.713357e-001
6.114787e+003,4.166511e-001
6.115269e+003,3.488698e-001
6.115751e+003,2.632706e-001
6.116233e+003,1.567057e-001
6.116715e+003,3.291823e-002
6.117197e+003,-9.513089e-002
6.117680e+003,-2.074378e-001
6.118162e+003,-2.830949e-001
6.118644e+003,-3.079017e-001
6.119126e+003,-2.802235e-001
6.119608e+003,-2.124002e-001
6.120090e+003,-1.270237e-001
6.120572e+003,-4.960592e-002
6.121054e+003,-7.342784e-004
6.121537e+003,9.186144e-003
6.122019e+003,-1.908523e-002
6.122501e+003,-7.649665e-002
6.122983e+003,-1.505127e-001
6.123465e+003,-2.293850e-001
6.123947e+003,-3.043483e-001
6.124429e+003,-3.694504e-001
6.124912e+003,-4.201787e-001
6.125394e+003,-4.525004e-001
6.125875e+003,-4.633163e-001
6.126358e+003,-4.522060e-001
6.126840e+003,-4.232176e-001
6.127322e+003,-3.850639e-001
6.127804e+003,-3.489085e-001
6.128286e+003,-3.242317e-001
6.128769e+003,-3.146311e-001
6.129250e+003,-3.157746e-001
6.129732e+003,-3.170057e-001
6.130215e+003,-3.063066e-001
6.130697e+003,-2.766865e-001
6.131179e+003,-2.310467e-001
6.131661e+003,-1.831248e-001
6.132143e+003,-1.534881e-001
6.132625e+003,-1.620585e-001
6.133107e+003,-2.200032e-001
6.133590e+003,-3.245001e-001
6.134072e+003,-4.584702e-001
6.134554e+003,-5.953363e-001
6.135036e+003,-7.067339e-001
6.135518e+003,-7.701890e-001
6.136000e+003,-7.741454e-001
6.136482e+003,-7.189977e-001
6.136964e+003,-6.145434e-001
6.137447e+003,-4.754487e-001
6.137929e+003,-3.167978e-001
6.138411e+003,-1.512936e-001
6.138893e+003,1.140640e-002
6.139375e+003,1.637861e-001
6.139857e+003,2.991496e-001
6.140339e+003,4.108965e-001
6.140821e+003,4.927820e-001
6.141304e+003,5.400659e-001
6.141786e+003,5.506587e-001
6.142268e+003,5.258286e-001
6.142750e+003,4.701237e-001
6.143232e+003,3.906370e-001
6.143714e+003,2.959625e-001
6.144196e+003,1.952267e-001
6.144679e+003,9.738145e-002
6.145161e+003,1.071084e-002
6.145643e+003,-5.761324e-002
6.146125e+003,-1.021099e-001
6.146607e+003,-1.197016e-001
6.147089e+003,-1.104173e-001
6.147571e+003,-7.784137e-002
6.148053e+003,-2.906358e-002
6.148536e+003,2.599292e-002
6.149018e+003,7.588577e-002
6.149500e+003,1.094834e-001
6.149982e+003,1.180664e-001
6.150464e+003,9.733830e-002
6.150946e+003,4.886571e-002
6.151428e+003,-1.957772e-002
6.151910e+003,-9.510316e-002
6.152393e+003,-1.622693e-001
6.152875e+003,-2.066313e-001
6.153357e+003,-2.183653e-001
6.153839e+003,-1.948611e-001
6.154321e+003,-1.413499e-001
6.154803e+003,-6.923949e-002
6.155285e+003,7.328087e-003
6.155768e+003,7.549568e-002
6.156250e+003,1.268380e-001
6.156731e+003,1.586266e-001
6.157214e+003,1.730372e-001
6.157696e+003,1.749658e-001
6.158178e+003,1.695619e-001
6.158660e+003,1.605502e-001
6.159142e+003,1.498179e-001
6.159625e+003,1.381115e-001
6.160106e+003,1.261011e-001
6.160589e+003,1.150147e-001
6.161071e+003,1.064109e-001
6.161553e+003,1.012652e-001
6.162035e+003,9.899806e-002
6.162517e+003,9.714893e-002
6.162999e+003,9.204050e-002
6.163481e+003,8.025173e-002
6.163963e+003,6.023197e-002
6.164446e+003,3.330173e-002
6.164928e+003,3.538952e-003
6.165410e+003,-2.340734e-002
6.165892e+003,-4.207123e-002
6.166374e+003,-4.880049e-002
6.166856e+003,-4.273949e-002
6.167338e+003,-2.600337e-002
6.167820e+003,-3.239016e-003
6.168303e+003,1.912658e-002
6.168785e+003,3.374476e-002
6.169267e+003,3.337382e-002
6.169749e+003,1.220636e-002
6.170231e+003,-3.248966e-002
6.170713e+003,-9.880302e-002
6.171195e+003,-1.793997e-001
6.171678e+003,-2.622375e-001
6.172160e+003,-3.331075e-001
6.172642e+003,-3.792492e-001
6.173124e+003,-3.930396e-001
6.173606e+003,-3.742193e-001
6.174088e+003,-3.297110e-001
6.174570e+003,-2.710166e-001
6.175052e+003,-2.101651e-001
6.175535e+003,-1.558237e-001
6.176017e+003,-1.110827e-001
6.176499e+003,-7.365252e-002
6.176981e+003,-3.809003e-002
6.177463e+003,1.224962e-003
6.177945e+003,4.783548e-002
6.178427e+003,1.025843e-001
6.178909e+003,1.645107e-001
6.179392e+003,2.323078e-001
6.179874e+003,3.051247e-001
6.180356e+003,3.820077e-001
6.180838e+003,4.602682e-001
6.181320e+003,5.339385e-001
6.181802e+003,5.937019e-001
6.182284e+003,6.290618e-001
6.182767e+003,6.321857e-001
6.183249e+003,6.017373e-001
6.183730e+003,5.446197e-001
6.184213e+003,4.743698e-001
6.184695e+003,4.064854e-001
6.185177e+003,3.524689e-001
6.185659e+003,3.151636e-001
6.186141e+003,2.876244e-001
6.186624e+003,2.563371e-001
6.187105e+003,2.076917e-001
6.187587e+003,1.349221e-001
6.188070e+003,4.238615e-002
6.188552e+003,-5.485175e-002
6.189034e+003,-1.360081e-001
6.189516e+003,-1.820237e-001
6.189998e+003,-1.823217e-001
6.190480e+003,-1.381192e-001
6.190962e+003,-6.103272e-002
6.191445e+003,3.226299e-002
6.191927e+003,1.269035e-001
6.192409e+003,2.152148e-001
6.192891e+003,2.983940e-001
6.193373e+003,3.840113e-001
6.193855e+003,4.807440e-001
6.194337e+003,5.928076e-001
6.194819e+003,7.165139e-001
6.195302e+003,8.402528e-001
6.195784e+003,9.476418e-001
6.196266e+003,1.022323e+000
6.196748e+003,1.052473e+000
6.197230e+003,1.033509e+000
6.197712e+003,9.684576e-001
6.198194e+003,8.663574e-001
6.198676e+003,7.396458e-001
6.199159e+003,6.014826e-001
6.199641e+003,4.636399e-001
6.200123e+003,3.351752e-001
6.200605e+003,2.217749e-001
6.201087e+003,1.256016e-001
6.201569e+003,4.560941e-002
6.202051e+003,-2.162857e-002
6.202534e+003,-8.063337e-002
6.203016e+003,-1.349111e-001
6.203498e+003,-1.856866e-001
6.203980e+003,-2.309142e-001
6.204462e+003,-2.656528e-001
6.204944e+003,-2.837801e-001
6.205426e+003,-2.805303e-001
6.205908e+003,-2.549677e-001
6.206391e+003,-2.113939e-001
6.206873e+003,-1.590444e-001
6.207354e+003,-1.100296e-001
6.207837e+003,-7.612223e-002
6.208319e+003,-6.541488e-002
6.208801e+003,-7.995569e-002
6.209283e+003,-1.151409e-001
6.209765e+003,-1.610478e-001
6.210248e+003,-2.052178e-001
6.210729e+003,-2.359132e-001
6.211212e+003,-2.448110e-001
6.211694e+003,-2.283945e-001
6.212176e+003,-1.878134e-001
6.212658e+003,-1.275213e-001
6.213140e+003,-5.335630e-002
6.213623e+003,2.914169e-002
6.214104e+003,1.155773e-001
6.214586e+003,2.024515e-001
6.215069e+003,2.861067e-001
6.215551e+003,3.615177e-001
6.216033e+003,4.217057e-001
6.216515e+003,4.583335e-001
6.216997e+003,4.635788e-001
6.217479e+003,4.326936e-001
6.217961e+003,3.663166e-001
6.218443e+003,2.714604e-001
6.218926e+003,1.605983e-001
6.219408e+003,4.897447e-002
6.219890e+003,-4.904827e-002
6.220372e+003,-1.233673e-001
6.220854e+003,-1.701115e-001
6.221336e+003,-1.915565e-001
6.221818e+003,-1.940374e-001
6.222301e+003,-1.847873e-001
6.222783e+003,-1.689610e-001
6.223265e+003,-1.480922e-001
6.223747e+003,-1.205220e-001
6.224229e+003,-8.344804e-002
6.224711e+003,-3.560712e-002
6.225193e+003,2.071887e-002
6.225675e+003,7.929333e-002
6.226158e+003,1.314017e-001
6.226640e+003,1.686176e-001
6.227122e+003,1.857310e-001
6.227604e+003,1.825834e-001
6.228086e+003,1.640622e-001
6.228568e+003,1.382476e-001
6.229050e+003,1.134793e-001
6.229532e+003,9.553294e-002
6.230015e+003,8.599372e-002
6.230497e+003,8.240899e-002
6.230979e+003,8.007960e-002
6.231461e+003,7.463324e-002
6.231943e+003,6.427599e-002
6.232425e+003,5.066820e-002
6.232907e+003,3.799292e-002
6.233390e+003,3.062036e-002
6.233872e+003,2.970973e-002
6.234354e+003,3.157479e-002
6.234836e+003,2.706320e-002
6.235318e+003,3.414087e-003
6.235800e+003,-5.191110e-002
6.236282e+003,-1.464911e-001
6.236764e+003,-2.788083e-001
6.237247e+003,-4.363072e-001
6.237729e+003,-5.967239e-001
6.238211e+003,-7.327602e-001
6.238693e+003,-8.189185e-001
6.239175e+003,-8.384163e-001
6.239657e+003,-7.878928e-001
6.240139e+003,-6.783547e-001
6.240621e+003,-5.320745e-001
6.241104e+003,-3.765242e-001
6.241585e+003,-2.373489e-001
6.242068e+003,-1.325801e-001
6.242550e+003,-6.970850e-002
6.243032e+003,-4.620577e-002
6.243514e+003,-5.281669e-002
6.243996e+003,-7.810351e-002
6.244479e+003,-1.123954e-001
6.244960e+003,-1.497586e-001
6.245442e+003,-1.875868e-001
6.245925e+003,-2.245017e-001
6.246407e+003,-2.579157e-001
6.246889e+003,-2.826429e-001
6.247371e+003,-2.913073e-001
6.247853e+003,-2.764281e-001
6.248335e+003,-2.332557e-001
6.248817e+003,-1.621310e-001
6.249300e+003,-6.931979e-002
6.249782e+003,3.401160e-002
6.250264e+003,1.342935e-001
6.250746e+003,2.185501e-001
6.251228e+003,2.769129e-001
6.251710e+003,3.039896e-001
6.252192e+003,2.990083e-001
6.252674e+003,2.650852e-001
6.253157e+003,2.081928e-001
6.253639e+003,1.362512e-001
6.254121e+003,5.846976e-002
6.254603e+003,-1.524033e-002
6.255085e+003,-7.511509e-002
6.255567e+003,-1.128266e-001
6.256049e+003,-1.230786e-001
6.256531e+003,-1.050108e-001
6.257014e+003,-6.279480e-002
6.257496e+003,-4.964319e-003
6.257978e+003,5.748885e-002
6.258460e+003,1.137368e-001
6.258942e+003,1.556063e-001
6.259424e+003,1.791699e-001
6.259906e+003,1.849823e-001
6.260389e+003,1.770449e-001
6.260871e+003,1.609631e-001
6.261353e+003,1.420529e-001
6.261835e+003,1.240443e-001
6.262317e+003,1.087806e-001
6.262799e+003,9.679244e-002
6.263281e+003,8.832645e-002
6.263763e+003,8.418573e-002
6.264246e+003,8.598924e-002
6.264728e+003,9.528493e-002
6.265209e+003,1.124757e-001
6.265692e+003,1.355634e-001
6.266174e+003,1.596481e-001
6.266656e+003,1.775459e-001
6.267138e+003,1.815541e-001
6.267620e+003,1.658857e-001
6.268103e+003,1.289839e-001
6.268584e+003,7.487170e-002
6.269067e+003,1.291010e-002
6.269549e+003,-4.415813e-002
6.270031e+003,-8.339236e-002
6.270513e+003,-9.514327e-002
6.270995e+003,-7.571653e-002
6.271478e+003,-2.835220e-002
6.271959e+003,3.780017e-002
6.272441e+003,1.102922e-001
6.272924e+003,1.766299e-001
6.273406e+003,2.270297e-001
6.273888e+003,2.558700e-001
6.274370e+003,2.616344e-001
6.274852e+003,2.457886e-001
6.275334e+003,2.113666e-001
6.275816e+003,1.620208e-001
6.276298e+003,1.018558e-001
6.276781e+003,3.584329e-002
6.277263e+003,-2.978346e-002
6.277745e+003,-8.781164e-002
6.278227e+003,-1.313429e-001
6.278709e+003,-1.558051e-001
6.279191e+003,-1.608842e-001
6.279673e+003,-1.513203e-001
6.280156e+003,-1.358027e-001
6.280638e+003,-1.239913e-001
6.281120e+003,-1.225948e-001
6.281602e+003,-1.320990e-001
6.282084e+003,-1.456624e-001
6.282566e+003,-1.509467e-001
6.283048e+003,-1.344553e-001
6.283530e+003,-8.691062e-002
6.284013e+003,-7.596090e-003
6.284495e+003,9.411561e-002
6.284977e+003,2.008539e-001
6.285459e+003,2.923149e-001
6.285941e+003,3.514918e-001
6.286423e+003,3.697861e-001
6.286905e+003,3.491803e-001
6.287387e+003,3.007554e-001
6.287870e+003,2.402381e-001
6.288352e+003,1.823154e-001
6.288834e+003,1.359536e-001
6.289316e+003,1.024557e-001
6.289798e+003,7.686050e-002
6.290280e+003,5.184896e-002
6.290762e+003,2.237011e-002
6.291245e+003,-1.102738e-002
6.291727e+003,-4.148271e-002
6.292208e+003,-5.799612e-002
6.292691e+003,-4.955205e-002
6.293173e+003,-9.583191e-003
6.293655e+003,6.095277e-002
6.294137e+003,1.529984e-001
6.294619e+003,2.514960e-001
6.295102e+003,3.394701e-001
6.295583e+003,4.023322e-001
6.296065e+003,4.317299e-001
6.296548e+003,4.270764e-001
6.297030e+003,3.947215e-001
6.297512e+003,3.451328e-001
6.297994e+003,2.891682e-001
6.298476e+003,2.347671e-001
6.298958e+003,1.851525e-001
6.299440e+003,1.390474e-001
6.299923e+003,9.264670e-002
6.300405e+003,4.249673e-002
6.300887e+003,-1.191257e-002
6.301369e+003,-6.689611e-002
6.301851e+003,-1.152262e-001
6.302333e+003,-1.485019e-001
6.302815e+003,-1.603157e-001
6.303297e+003,-1.489259e-001
6.303780e+003,-1.182491e-001
6.304262e+003,-7.663866e-002
6.304744e+003,-3.383610e-002
6.305226e+003,2.723545e-003
6.305708e+003,3.068716e-002
6.306190e+003,5.336447e-002
6.306672e+003,7.768930e-002
6.307154e+003,1.102783e-001
6.307637e+003,1.532468e-001
6.308119e+003,2.017191e-001
6.308601e+003,2.443907e-001
6.309083e+003,2.672122e-001
6.309565e+003,2.589249e-001
6.310047e+003,2.163098e-001
6.310529e+003,1.470021e-001
6.311012e+003,6.849983e-002
6.311494e+003,3.372277e-003
6.311976e+003,-2.782044e-002
6.312458e+003,-1.339063e-002
6.312940e+003,4.549828e-002
6.313422e+003,1.352642e-001
6.313904e+003,2.345416e-001
6.314386e+003,3.211176e-001
6.314869e+003,3.785489e-001
6.315351e+003,4.001518e-001
6.315833e+003,3.892581e-001
6.316315e+003,3.560879e-001
6.316797e+003,3.128241e-001
6.317279e+003,2.689742e-001
6.317761e+003,2.287672e-001
6.318243e+003,1.912802e-001
6.318726e+003,1.526841e-001
6.319208e+003,1.091807e-001
6.319690e+003,5.907241e-002
6.320172e+003,3.039880e-003
6.320654e+003,-5.725457e-002
6.321136e+003,-1.212182e-001
6.321618e+003,-1.906196e-001
6.322101e+003,-2.690522e-001
6.322583e+003,-3.594518e-001
6.323064e+003,-4.606309e-001
6.323547e+003,-5.644987e-001
6.324029e+003,-6.555912e-001
6.324511e+003,-7.137191e-001
6.324993e+003,-7.192630e-001
6.325475e+003,-6.594558e-001
6.325958e+003,-5.334841e-001
6.326439e+003,-3.543635e-001
6.326921e+003,-1.470517e-001
6.327404e+003,5.699603e-002
6.327886e+003,2.271134e-001
6.328368e+003,3.404628e-001
6.328850e+003,3.868394e-001
6.329332e+003,3.700239e-001
6.329814e+003,3.056046e-001
6.330296e+003,2.163143e-001
6.330779e+003,1.265516e-001
6.331261e+003,5.765693e-002
6.331743e+003,2.486503e-002
6.332225e+003,3.602081e-002
6.332707e+003,9.158987e-002
6.333189e+003,1.853831e-001
6.333671e+003,3.056962e-001
6.334153e+003,4.368881e-001
6.334636e+003,5.616351e-001
6.335118e+003,6.639057e-001
6.335600e+003,7.322614e-001
6.336082e+003,7.626480e-001
6.336564e+003,7.596121e-001
6.337046e+003,7.351740e-001
6.337528e+003,7.053083e-001
6.338010e+003,6.848490e-001
6.338493e+003,6.823696e-001
6.338975e+003,6.967840e-001
6.339457e+003,7.169942e-001
6.339939e+003,7.249771e-001
6.340421e+003,7.014937e-001
6.340903e+003,6.326123e-001
6.341385e+003,5.148090e-001
6.341868e+003,3.568591e-001
6.342350e+003,1.778691e-001
6.342832e+003,2.205209e-003
6.343314e+003,-1.468900e-001
6.343796e+003,-2.529258e-001
6.344278e+003,-3.093947e-001
6.344760e+003,-3.199413e-001
6.345242e+003,-2.957721e-001
6.345725e+003,-2.514733e-001
6.346207e+003,-2.006614e-001
6.346689e+003,-1.528201e-001
6.347171e+003,-1.120341e-001
6.347653e+003,-7.765289e-002
6.348135e+003,-4.625028e-002
6.348617e+003,-1.395973e-002
6.349099e+003,2.168798e-002
6.349582e+003,6.088861e-002
6.350063e+003,1.016568e-001
6.350546e+003,1.405064e-001
6.351028e+003,1.731982e-001
6.351510e+003,1.952161e-001
6.351992e+003,2.019152e-001
6.352474e+003,1.886049e-001
6.352957e+003,1.509513e-001
6.353438e+003,8.591995e-002
6.353920e+003,-6.853981e-003
6.354403e+003,-1.237739e-001
6.354885e+003,-2.567899e-001
6.355367e+003,-3.942397e-001
6.355849e+003,-5.231233e-001
6.356331e+003,-6.321840e-001
6.356813e+003,-7.147113e-001
6.357295e+003,-7.698795e-001
6.357778e+003,-8.019694e-001
6.358260e+003,-8.176306e-001
6.358742e+003,-8.222502e-001
6.359224e+003,-8.169703e-001
6.359706e+003,-7.977430e-001
6.360188e+003,-7.569951e-001
6.360670e+003,-6.873292e-001
6.361152e+003,-5.857168e-001
6.361635e+003,-4.562492e-001
6.362117e+003,-3.101073e-001
6.362599e+003,-1.626343e-001
6.363081e+003,-2.873587e-002
6.363563e+003,8.135381e-002
6.364045e+003,1.640331e-001
6.364527e+003,2.212963e-001
6.365009e+003,2.573135e-001
6.365492e+003,2.745238e-001
6.365974e+003,2.713122e-001
6.366456e+003,2.426263e-001
6.366938e+003,1.834251e-001
6.367420e+003,9.338516e-002
6.367902e+003,-1.954304e-002
6.368384e+003,-1.387527e-001
6.368867e+003,-2.424771e-001
6.369349e+003,-3.100439e-001
6.369831e+003,-3.284565e-001
6.370313e+003,-2.966589e-001
6.370795e+003,-2.257841e-001
6.371277e+003,-1.354459e-001
6.371759e+003,-4.758821e-002
6.372241e+003,1.961390e-002
6.372724e+003,5.570708e-002
6.373206e+003,5.875548e-002
6.373688e+003,3.338955e-002
6.374170e+003,-1.236928e-002
6.374652e+003,-6.990280e-002
6.375134e+003,-1.313580e-001
6.375616e+003,-1.896124e-001
6.376098e+003,-2.376484e-001
6.376581e+003,-2.683768e-001
6.377063e+003,-2.754802e-001
6.377545e+003,-2.550834e-001
6.378027e+003,-2.074275e-001
6.378509e+003,-1.375560e-001
6.378991e+003,-5.451548e-002
6.379473e+003,3.074529e-002
6.379956e+003,1.078940e-001
6.380438e+003,1.691267e-001
6.380919e+003,2.099489e-001
6.381402e+003,2.288933e-001
6.381884e+003,2.268545e-001
6.382366e+003,2.066679e-001
6.382848e+003,1.731164e-001
6.383330e+003,1.329576e-001
6.383813e+003,9.430888e-002
6.384294e+003,6.497406e-002
6.384776e+003,5.005398e-002
6.385259e+003,4.985162e-002
6.385741e+003,5.929705e-002
6.386223e+003,6.963091e-002
6.386705e+003,7.198166e-002
6.387187e+003,6.147956e-002
6.387669e+003,3.990028e-002
6.388151e+003,1.537883e-002
6.388634e+003,-1.163178e-003
6.389116e+003,-1.383866e-003
6.389598e+003,1.578857e-002
6.390080e+003,4.254295e-002
6.390562e+003,6.471001e-002
6.391044e+003,6.761042e-002
6.391526e+003,4.281652e-002
6.392008e+003,-7.169760e-003
6.392491e+003,-6.859525e-002
6.392973e+003,-1.209158e-001
6.393455e+003,-1.443409e-001
6.393937e+003,-1.273336e-001
6.394419e+003,-7.096557e-002
6.394901e+003,1.153440e-002
6.395383e+003,9.957982e-002
6.395865e+003,1.721639e-001
6.396348e+003,2.140917e-001
6.396830e+003,2.192972e-001
6.397312e+003,1.905740e-001
6.397794e+003,1.366436e-001
6.398276e+003,6.841563e-002
6.398758e+003,-3.770018e-003
6.399240e+003,-7.111059e-002
6.399723e+003,-1.259217e-001
6.400205e+003,-1.609682e-001
6.400687e+003,-1.696749e-001
6.401169e+003,-1.475355e-001
6.401651e+003,-9.413399e-002
6.402133e+003,-1.460500e-002
6.402615e+003,8.051231e-002
6.403097e+003,1.773052e-001
6.403580e+003,2.617060e-001
6.404062e+003,3.226262e-001
6.404543e+003,3.537925e-001
6.405026e+003,3.538403e-001
6.405508e+003,3.251231e-001
6.405990e+003,2.722689e-001
6.406472e+003,2.014197e-001
6.406954e+003,1.204376e-001
6.407437e+003,3.950731e-002
6.407918e+003,-2.891373e-002
6.408401e+003,-7.166096e-002
6.408883e+003,-7.798468e-002
6.409365e+003,-4.330318e-002
6.409847e+003,2.798408e-002
6.410329e+003,1.220968e-001
6.410812e+003,2.185242e-001
6.411293e+003,2.951949e-001
6.411775e+003,3.345919e-001
6.412258e+003,3.287672e-001
6.412740e+003,2.816205e-001
6.413222e+003,2.077267e-001
6.413704e+003,1.282181e-001
6.414186e+003,6.510427e-002
6.414668e+003,3.578259e-002
6.415150e+003,4.921773e-002
6.415632e+003,1.046336e-001
6.416115e+003,1.927307e-001
6.416597e+003,2.988574e-001
6.417079e+003,4.071372e-001
6.417561e+003,5.044865e-001
6.418043e+003,5.835306e-001
6.418525e+003,6.436911e-001
6.419007e+003,6.901219e-001
6.419490e+003,7.308124e-001
6.419972e+003,7.727003e-001
6.420454e+003,8.181343e-001
6.420936e+003,8.629735e-001
6.421418e+003,8.972205e-001
6.421900e+003,9.081259e-001
6.422382e+003,8.847528e-001
6.422864e+003,8.221967e-001
6.423347e+003,7.237382e-001
6.423829e+003,5.999354e-001
6.424311e+003,4.650271e-001
6.424793e+003,3.321147e-001
6.425275e+003,2.091339e-001
6.425757e+003,9.724738e-002
6.426239e+003,-7.765471e-003
6.426721e+003,-1.118226e-001
6.427204e+003,-2.182679e-001
6.427686e+003,-3.249037e-001
6.428168e+003,-4.235848e-001
6.428650e+003,-5.023938e-001
6.429132e+003,-5.493363e-001
6.429614e+003,-5.559795e-001
6.430096e+003,-5.197150e-001
6.430579e+003,-4.441198e-001
6.431061e+003,-3.377800e-001
6.431542e+003,-2.124453e-001
6.432025e+003,-8.136913e-002
6.432507e+003,4.186348e-002
6.432989e+003,1.443241e-001
6.433471e+003,2.151376e-001
6.433953e+003,2.475835e-001
6.434436e+003,2.415010e-001
6.434917e+003,2.048664e-001
6.435400e+003,1.533080e-001
6.435882e+003,1.068698e-001
6.436364e+003,8.458058e-002
6.436846e+003,9.847549e-002
6.437328e+003,1.492954e-001
6.437810e+003,2.256481e-001
6.438292e+003,3.072882e-001
6.438774e+003,3.715754e-001
6.439257e+003,4.009480e-001
6.439739e+003,3.887503e-001
6.440221e+003,3.413419e-001
6.440703e+003,2.758400e-001
6.441185e+003,2.143942e-001
6.441667e+003,1.770664e-001
6.442149e+003,1.757187e-001
6.442631e+003,2.107923e-001
6.443114e+003,2.718428e-001
6.443596e+003,3.413325e-001
6.444078e+003,4.001820e-001
6.444560e+003,4.331043e-001
6.445042e+003,4.320829e-001
6.445524e+003,3.971893e-001
6.446006e+003,3.349956e-001
6.446489e+003,2.555053e-001
6.446971e+003,1.689081e-001
6.447453e+003,8.318774e-002
6.447935e+003,3.198238e-003
6.448417e+003,-6.881424e-002
6.448899e+003,-1.317416e-001
6.449381e+003,-1.839824e-001
6.449863e+003,-2.223527e-001
6.450346e+003,-2.420332e-001
6.450828e+003,-2.375390e-001
6.451310e+003,-2.043162e-001
6.451792e+003,-1.402995e-001
6.452274e+003,-4.688121e-002
6.452756e+003,7.097829e-002
6.453238e+003,2.054073e-001
6.453720e+003,3.466664e-001
6.454203e+003,4.841616e-001
6.454685e+003,6.072196e-001
6.455167e+003,7.056594e-001
6.455649e+003,7.704681e-001
6.456131e+003,7.948286e-001
6.456613e+003,7.754789e-001
6.457095e+003,7.140207e-001
6.457578e+003,6.175675e-001
6.458060e+003,4.981225e-001
6.458542e+003,3.706339e-001
6.459024e+003,2.501337e-001
6.459506e+003,1.488928e-001
6.459988e+003,7.453422e-002
6.460470e+003,2.967907e-002
6.460952e+003,1.309757e-002
6.461435e+003,2.168155e-002
6.461917e+003,5.222367e-002
6.462398e+003,1.020902e-001
6.462881e+003,1.684245e-001
6.463363e+003,2.463579e-001
6.463845e+003,3.273007e-001
6.464327e+003,3.985723e-001
6.464809e+003,4.451181e-001
6.465292e+003,4.532166e-001
6.465773e+003,4.150713e-001
6.466256e+003,3.327093e-001
6.466738e+003,2.195955e-001
6.467220e+003,9.911370e-002
6.467702e+003,2.197860e-005
6.468184e+003,-5.011045e-002
6.468667e+003,-3.176196e-002
6.469148e+003,6.126530e-002
6.469630e+003,2.197069e-001
6.470113e+003,4.205425e-001
6.470595e+003,6.320751e-001
6.471077e+003,8.209816e-001
6.471559e+003,9.592772e-001
6.472041e+003,1.029452e+000
6.472523e+003,1.026644e+000
6.473005e+003,9.576610e-001
6.473487e+003,8.374477e-001
6.473970e+003,6.842571e-001
6.474452e+003,5.150327e-001
6.474934e+003,3.424020e-001
6.475416e+003,1.740526e-001
6.475898e+003,1.435342e-002
6.476380e+003,-1.328429e-001
6.476862e+003,-2.617061e-001
6.477345e+003,-3.635832e-001
6.477827e+003,-4.283043e-001
6.478309e+003,-4.471556e-001
6.478791e+003,-4.162071e-001
6.479273e+003,-3.384484e-001
6.479755e+003,-2.236672e-001
6.480237e+003,-8.607262e-002
6.480719e+003,5.973763e-002
6.481202e+003,2.023465e-001
6.481684e+003,3.355763e-001
6.482166e+003,4.582032e-001
6.482648e+003,5.717295e-001
6.483130e+003,6.773865e-001
6.483612e+003,7.737405e-001
6.484094e+003,8.558776e-001
6.484576e+003,9.163093e-001
6.485059e+003,9.469903e-001
6.485541e+003,9.415092e-001
6.486023e+003,8.966087e-001
6.486505e+003,8.127299e-001
6.486987e+003,6.937686e-001
6.487469e+003,5.465135e-001
6.487951e+003,3.801064e-001
6.488434e+003,2.055061e-001
6.488916e+003,3.460104e-002
6.489397e+003,-1.212968e-001
6.489880e+003,-2.534945e-001
6.490362e+003,-3.578103e-001
6.490844e+003,-4.353447e-001
6.491326e+003,-4.913404e-001
6.491808e+003,-5.321848e-001
6.492291e+003,-5.615672e-001
6.492772e+003,-5.775223e-001
6.493254e+003,-5.719714e-001
6.493737e+003,-5.334364e-001
6.494219e+003,-4.522029e-001
6.494701e+003,-3.259373e-001
6.495183e+003,-1.633981e-001
6.495665e+003,1.557909e-002
6.496147e+003,1.841519e-001
6.496629e+003,3.153780e-001
6.497112e+003,3.896078e-001
6.497594e+003,3.997894e-001
6.498076e+003,3.528844e-001
6.498558e+003,2.670617e-001
6.499040e+003,1.658745e-001
6.499522e+003,7.165056e-002
6.500004e+003,2.912610e-004
6.500486e+003,-4.120904e-002
6.500969e+003,-5.440810e-002
6.501451e+003,-4.708163e-002
6.501933e+003,-3.008860e-002
6.502415e+003,-1.441454e-002
6.502897e+003,-8.927911e-003
6.503379e+003,-1.896636e-002
6.503861e+003,-4.569620e-002
6.504343e+003,-8.620105e-002
6.504826e+003,-1.343343e-001
6.505308e+003,-1.823448e-001
6.505790e+003,-2.230448e-001
6.506272e+003,-2.519644e-001
6.506754e+003,-2.686971e-001
6.507236e+003,-2.767429e-001
6.507718e+003,-2.816874e-001
6.508201e+003,-2.883053e-001
6.508683e+003,-2.977597e-001
6.509165e+003,-3.061711e-001
6.509647e+003,-3.053024e-001
6.510129e+003,-2.852631e-001
6.510611e+003,-2.383187e-001
6.511093e+003,-1.625402e-001
6.511575e+003,-6.345038e-002
6.512058e+003,4.608548e-002
6.512540e+003,1.485603e-001
6.513022e+003,2.259041e-001
6.513504e+003,2.638913e-001
6.513986e+003,2.557448e-001
6.514468e+003,2.041310e-001
6.514950e+003,1.211747e-001
6.515432e+003,2.650759e-002
6.515915e+003,-5.638380e-002
6.516396e+003,-1.050170e-001
6.516879e+003,-1.032811e-001
6.517361e+003,-4.623549e-002
6.517843e+003,5.704964e-002
6.518325e+003,1.839708e-001
6.518807e+003,3.028457e-001
6.519290e+003,3.806345e-001
6.519771e+003,3.919421e-001
6.520253e+003,3.265075e-001
6.520736e+003,1.928248e-001
6.521218e+003,1.669545e-002
6.521700e+003,-1.649310e-001
6.522182e+003,-3.130912e-001
6.522664e+003,-3.963457e-001
6.523146e+003,-3.980304e-001
6.523628e+003,-3.192612e-001
6.524111e+003,-1.771596e-001
6.524593e+003,6.402445e-004
6.525075e+003,1.830962e-001
6.525557e+003,3.422618e-001
6.526039e+003,4.577252e-001
6.526521e+003,5.186934e-001
6.527003e+003,5.241452e-001
6.527485e+003,4.818210e-001
6.527968e+003,4.064181e-001
6.528450e+003,3.169783e-001
6.528932e+003,2.333250e-001
6.529414e+003,1.717750e-001
6.529896e+003,1.410618e-001
6.530378e+003,1.399103e-001
6.530860e+003,1.574882e-001
6.531342e+003,1.770572e-001
6.531825e+003,1.818230e-001
6.532307e+003,1.610083e-001
6.532789e+003,1.139017e-001
6.533271e+003,5.020764e-002
6.533753e+003,-1.368754e-002
6.534235e+003,-6.131110e-002
6.534717e+003,-8.302249e-002
6.535200e+003,-8.036519e-002
6.535682e+003,-6.594468e-002
6.536164e+003,-5.873374e-002
6.536646e+003,-7.659546e-002
6.537128e+003,-1.289272e-001
6.537610e+003,-2.122894e-001
6.538092e+003,-3.107618e-001
6.538574e+003,-4.009270e-001
6.539057e+003,-4.594811e-001
6.539539e+003,-4.705387e-001
6.540021e+003,-4.299337e-001
6.540503e+003,-3.452830e-001
6.540985e+003,-2.323471e-001
6.541467e+003,-1.095199e-001
6.541949e+003,6.494128e-003
6.542431e+003,1.056565e-001
6.542914e+003,1.831882e-001
6.543396e+003,2.384080e-001
6.543878e+003,2.722796e-001
6.544360e+003,2.856839e-001
6.544842e+003,2.791721e-001
6.545324e+003,2.539848e-001
6.545806e+003,2.133643e-001
6.546289e+003,1.630386e-001
6.546771e+003,1.103110e-001
6.547252e+003,6.202035e-002
6.547735e+003,2.241532e-002
6.548217e+003,-7.871022e-003
6.548699e+003,-3.103761e-002
6.549181e+003,-4.970500e-002
6.549663e+003,-6.396045e-002
6.550146e+003,-6.934286e-002
6.550627e+003,-5.695396e-002
6.551109e+003,-1.595638e-002
6.551592e+003,6.235706e-002
6.552074e+003,1.805349e-001
6.552556e+003,3.326015e-001
6.553038e+003,5.043722e-001
6.553520e+003,6.763735e-001
6.554002e+003,8.282791e-001
6.554484e+003,9.432430e-001
6.554967e+003,1.010631e+000
6.555449e+003,1.026519e+000
6.555931e+003,9.922932e-001
6.556413e+003,9.124529e-001
6.556895e+003,7.928035e-001
6.557377e+003,6.397328e-001
6.557859e+003,4.605467e-001
6.558341e+003,2.642100e-001
6.558824e+003,6.172398e-002
6.559306e+003,-1.343897e-001
6.559788e+003,-3.114766e-001
6.560270e+003,-4.584922e-001
6.560752e+003,-5.673764e-001
6.561234e+003,-6.335819e-001
6.561716e+003,-6.556898e-001
6.562198e+003,-6.346106e-001
6.562681e+003,-5.730110e-001
6.563163e+003,-4.753742e-001
6.563645e+003,-3.486215e-001
6.564127e+003,-2.027346e-001
6.564609e+003,-5.064805e-002
6.565091e+003,9.301253e-002
6.565573e+003,2.141708e-001
6.566056e+003,3.018245e-001
6.566538e+003,3.499544e-001
6.567020e+003,3.582858e-001
6.567502e+003,3.318443e-001
6.567984e+003,2.796681e-001
6.568466e+003,2.131261e-001
6.568948e+003,1.441012e-001
6.569430e+003,8.318362e-002
6.569913e+003,3.796299e-002
6.570395e+003,1.163108e-002
6.570876e+003,2.284548e-003
6.571359e+003,3.301531e-003
6.571841e+003,4.970601e-003
6.572323e+003,-2.796295e-003
6.572805e+003,-2.406161e-002
6.573287e+003,-6.464908e-002
6.573770e+003,-1.222046e-001
6.574251e+003,-1.898338e-001
6.574734e+003,-2.582828e-001
6.575216e+003,-3.184534e-001
6.575698e+003,-3.633485e-001
6.576180e+003,-3.888865e-001
6.576662e+003,-3.937729e-001
6.577145e+003,-3.789722e-001
6.577626e+003,-3.474429e-001
6.578108e+003,-3.043147e-001
6.578591e+003,-2.571216e-001
6.579073e+003,-2.153106e-001
6.579555e+003,-1.884220e-001
6.580037e+003,-1.830374e-001
6.580519e+003,-1.995685e-001
6.581001e+003,-2.305386e-001
6.581483e+003,-2.618656e-001
6.581965e+003,-2.774286e-001
6.582448e+003,-2.655375e-001
6.582930e+003,-2.246340e-001
6.583412e+003,-1.654594e-001
6.583894e+003,-1.081791e-001
6.584376e+003,-7.513880e-002
6.584858e+003,-8.194178e-002
6.585340e+003,-1.306373e-001
6.585823e+003,-2.081186e-001
6.586305e+003,-2.906928e-001
6.586787e+003,-3.530231e-001
6.587269e+003,-3.777516e-001
6.587751e+003,-3.618014e-001
6.588233e+003,-3.168419e-001
6.588715e+003,-2.638334e-001
6.589197e+003,-2.241759e-001
6.589680e+003,-2.113392e-001
6.590162e+003,-2.264778e-001
6.590644e+003,-2.594672e-001
6.591126e+003,-2.942243e-001
6.591608e+003,-3.154853e-001
6.592090e+003,-3.140974e-001
6.592572e+003,-2.890197e-001
6.593054e+003,-2.458862e-001
6.593537e+003,-1.934332e-001
6.594019e+003,-1.396912e-001
6.594501e+003,-8.959528e-002
6.594983e+003,-4.462248e-002
6.595465e+003,-4.015864e-003
6.595947e+003,3.353463e-002
6.596429e+003,6.873327e-002
6.596912e+003,1.014115e-001
6.597394e+003,1.308545e-001
6.597875e+003,1.560980e-001
6.598358e+003,1.757588e-001
6.598840e+003,1.874818e-001
6.599322e+003,1.874661e-001
6.599804e+003,1.707019e-001
6.600286e+003,1.321236e-001
6.600769e+003,6.844147e-002
6.601250e+003,-2.008883e-002
6.601732e+003,-1.286868e-001
6.602215e+003,-2.483402e-001
6.602697e+003,-3.672813e-001
6.603179e+003,-4.731541e-001
6.603661e+003,-5.497916e-001
6.604143e+003,-5.983816e-001
6.604625e+003,-6.147773e-001
6.605107e+003,-5.973982e-001
6.605590e+003,-5.475840e-001
6.606072e+003,-4.701591e-001
6.606554e+003,-3.738849e-001
6.607036e+003,-2.712130e-001
6.607518e+003,-1.767743e-001
6.608000e+003,-1.045179e-001
6.608482e+003,-6.407589e-002
6.608964e+003,-5.756646e-002
6.609447e+003,-7.814334e-002
6.609929e+003,-1.111868e-001
6.610411e+003,-1.380740e-001
6.610893e+003,-1.415261e-001
6.611375e+003,-1.108025e-001
6.611857e+003,-4.492412e-002
6.612339e+003,4.724566e-002
6.612821e+003,1.500544e-001
6.613304e+003,2.460169e-001
6.613786e+003,3.207517e-001
6.614268e+003,3.662149e-001
6.614750e+003,3.814344e-001
6.615232e+003,3.710421e-001
6.615714e+003,3.427214e-001
6.616196e+003,3.048374e-001
6.616679e+003,2.651266e-001
6.617161e+003,2.305638e-001
6.617643e+003,2.077508e-001
6.618125e+003,2.028944e-001
6.618607e+003,2.208243e-001
6.619089e+003,2.632149e-001
6.619571e+003,3.269105e-001
6.620053e+003,4.034716e-001
6.620536e+003,4.806550e-001
6.621018e+003,5.455509e-001
6.621500e+003,5.881372e-001
6.621982e+003,6.036165e-001
6.622464e+003,5.923688e-001
6.622946e+003,5.575756e-001
6.623428e+003,5.018864e-001
6.623910e+003,4.252204e-001
6.624393e+003,3.253664e-001
6.624875e+003,2.015070e-001
6.625357e+003,5.900764e-002
6.625839e+003,-8.727978e-002
6.626321e+003,-2.138514e-001
6.626803e+003,-2.944550e-001
6.627285e+003,-3.095717e-001
6.627768e+003,-2.557189e-001
6.628250e+003,-1.500156e-001
6.628731e+003,-2.698174e-002
6.629214e+003,7.216539e-002
6.629696e+003,1.139230e-001
6.630178e+003,8.498305e-002
6.630660e+003,-2.286528e-003
6.631142e+003,-1.136319e-001
6.631625e+003,-2.047458e-001
6.632106e+003,-2.367818e-001
6.632589e+003,-1.896762e-001
6.633071e+003,-6.831092e-002
6.633553e+003,1.004243e-001
6.634035e+003,2.777743e-001
6.634517e+003,4.242145e-001
6.634999e+003,5.141409e-001
6.635481e+003,5.374287e-001
6.635963e+003,4.993804e-001
6.636446e+003,4.163492e-001
6.636928e+003,3.103552e-001
6.637410e+003,2.046165e-001
6.637892e+003,1.204509e-001
6.638374e+003,7.476462e-002
6.638856e+003,7.724907e-002
6.639338e+003,1.273146e-001
6.639820e+003,2.120204e-001
6.640303e+003,3.068770e-001
6.640785e+003,3.807659e-001
6.641267e+003,4.044982e-001
6.641749e+003,3.605950e-001
6.642231e+003,2.507009e-001
6.642713e+003,9.728001e-002
6.643195e+003,-6.180852e-002
6.643678e+003,-1.844375e-001
6.644160e+003,-2.370906e-001
6.644642e+003,-2.047622e-001
6.645124e+003,-9.451616e-002
6.645606e+003,6.794611e-002
6.646088e+003,2.466992e-001
6.646570e+003,4.056239e-001
6.647052e+003,5.168182e-001
6.647535e+003,5.654846e-001
6.648017e+003,5.510561e-001
6.648499e+003,4.855494e-001
6.648981e+003,3.904294e-001
6.649463e+003,2.926836e-001
6.649945e+003,2.200981e-001
6.650427e+003,1.955267e-001
6.650909e+003,2.307015e-001
6.651392e+003,3.213114e-001
6.651874e+003,4.457919e-001
6.652356e+003,5.695620e-001
6.652838e+003,6.544573e-001
6.653320e+003,6.706548e-001
6.653802e+003,6.068903e-001
6.654284e+003,4.749216e-001
6.654767e+003,3.061665e-001
6.655249e+003,1.414346e-001
6.655730e+003,1.759058e-002
6.656213e+003,-4.365835e-002
6.656695e+003,-4.054116e-002
6.657177e+003,1.173036e-002
6.657659e+003,8.950276e-002
6.658141e+003,1.704234e-001
6.658624e+003,2.400734e-001
6.659105e+003,2.932280e-001
6.659587e+003,3.304785e-001
6.660070e+003,3.531492e-001
6.660552e+003,3.599816e-001
6.661034e+003,3.475853e-001
6.661516e+003,3.141398e-001
6.661998e+003,2.637192e-001
6.662480e+003,2.080852e-001
6.662962e+003,1.641033e-001
6.663445e+003,1.475378e-001
6.663927e+003,1.661324e-001
6.664409e+003,2.155990e-001
6.664891e+003,2.806959e-001
6.665373e+003,3.422557e-001
6.665855e+003,3.813356e-001
6.666337e+003,3.894038e-001
6.666819e+003,3.690262e-001
