W/L (nm);Wavenumber ();Transmission 
1250;8000;0
1250;8000;-0.55
1250;8000;-0.5
1250;8000;-0.43
1250;8000;-0.33
1250;8000;-0.23
1250;8000;-0.15
1250;8000;-0.12
1250;8000;-0.13
1250;8000;-0.18
1250;8000;-0.24
1250;8000;-0.29
1250;8000;-0.29
1250;8000;-0.23
1251;7993.605116;-0.12
1251;7993.605116;0.04
1251;7993.605116;0.22
1251;7993.605116;0.4
1251;7993.605116;0.58
1251;7993.605116;0.76
1251;7993.605116;0.93
1251;7993.605116;1.11
1251;7993.605116;1.29
1251;7993.605116;1.49
1251;7993.605116;1.69
1251;7993.605116;1.91
1251;7993.605116;2.11
1251;7993.605116;2.28
1251;7993.605116;2.37
1251;7993.605116;2.36
1251;7993.605116;2.22
1251;7993.605116;1.94
1251;7993.605116;1.51
1251;7993.605116;0.99
1251;7993.605116;0.4
1251;7993.605116;-0.18
1251;7993.605116;-0.7
1251;7993.605116;-1.11
1251;7993.605116;-1.36
1251;7993.605116;-1.43
1251;7993.605116;-1.34
1252;7987.220447;-1.1
1252;7987.220447;-0.75
1252;7987.220447;-0.36
1252;7987.220447;0.03
1252;7987.220447;0.37
1252;7987.220447;0.65
1252;7987.220447;0.87
1252;7987.220447;1.05
1252;7987.220447;1.21
1252;7987.220447;1.39
1252;7987.220447;1.58
1252;7987.220447;1.76
1252;7987.220447;1.88
1252;7987.220447;1.91
1252;7987.220447;1.82
1252;7987.220447;1.62
1252;7987.220447;1.35
1252;7987.220447;1.06
1252;7987.220447;0.8
1252;7987.220447;0.6
1252;7987.220447;0.46
1252;7987.220447;0.36
1252;7987.220447;0.25
1252;7987.220447;0.1
1252;7987.220447;-0.09
1252;7987.220447;-0.33
1253;7980.84597;-0.56
1253;7980.84597;-0.77
1253;7980.84597;-0.93
1253;7980.84597;-1.02
1253;7980.84597;-1.05
1253;7980.84597;-1.06
1253;7980.84597;-1.05
1253;7980.84597;-1.04
1253;7980.84597;-1
1253;7980.84597;-0.95
1253;7980.84597;-0.86
1253;7980.84597;-0.74
1253;7980.84597;-0.61
1253;7980.84597;-0.52
1253;7980.84597;-0.47
1253;7980.84597;-0.49
1253;7980.84597;-0.56
1253;7980.84597;-0.63
1253;7980.84597;-0.66
1253;7980.84597;-0.59
1253;7980.84597;-0.36
1253;7980.84597;0.03
1253;7980.84597;0.55
1253;7980.84597;1.14
1253;7980.84597;1.7
1253;7980.84597;2.14
1253;7980.84597;2.39
1254;7974.481659;2.43
1254;7974.481659;2.27
1254;7974.481659;1.97
1254;7974.481659;1.61
1254;7974.481659;1.23
1254;7974.481659;0.9
1254;7974.481659;0.63
1254;7974.481659;0.42
1254;7974.481659;0.26
1254;7974.481659;0.13
1254;7974.481659;0.03
1254;7974.481659;-0.04
1254;7974.481659;-0.07
1254;7974.481659;-0.05
1254;7974.481659;-0.01
1254;7974.481659;0.05
1254;7974.481659;0.09
1254;7974.481659;0.09
1254;7974.481659;0.04
1254;7974.481659;-0.03
1254;7974.481659;-0.09
1254;7974.481659;-0.09
1254;7974.481659;0.01
1254;7974.481659;0.2
1254;7974.481659;0.47
1254;7974.481659;0.75
1255;7968.12749;0.98
1255;7968.12749;1.09
1255;7968.12749;1.06
1255;7968.12749;0.89
1255;7968.12749;0.64
1255;7968.12749;0.39
1255;7968.12749;0.2
1255;7968.12749;0.12
1255;7968.12749;0.17
1255;7968.12749;0.34
1255;7968.12749;0.59
1255;7968.12749;0.86
1255;7968.12749;1.14
1255;7968.12749;1.4
1255;7968.12749;1.65
1255;7968.12749;1.91
1255;7968.12749;2.18
1255;7968.12749;2.47
1255;7968.12749;2.74
1255;7968.12749;2.95
1255;7968.12749;3.05
1255;7968.12749;3
1255;7968.12749;2.78
1255;7968.12749;2.41
1255;7968.12749;1.95
1255;7968.12749;1.46
1256;7961.783439;1.04
1256;7961.783439;0.75
1256;7961.783439;0.64
1256;7961.783439;0.71
1256;7961.783439;0.93
1256;7961.783439;1.25
1256;7961.783439;1.58
1256;7961.783439;1.85
1256;7961.783439;2.02
1256;7961.783439;2.07
1256;7961.783439;2.02
1256;7961.783439;1.92
1256;7961.783439;1.81
1256;7961.783439;1.72
1256;7961.783439;1.64
1256;7961.783439;1.56
1256;7961.783439;1.41
1256;7961.783439;1.16
1256;7961.783439;0.77
1256;7961.783439;0.25
1256;7961.783439;-0.33
1256;7961.783439;-0.9
1256;7961.783439;-1.36
1256;7961.783439;-1.67
1256;7961.783439;-1.81
1256;7961.783439;-1.82
1256;7961.783439;-1.76
1257;7955.449483;-1.74
1257;7955.449483;-1.79
1257;7955.449483;-1.93
1257;7955.449483;-2.14
1257;7955.449483;-2.33
1257;7955.449483;-2.44
1257;7955.449483;-2.41
1257;7955.449483;-2.25
1257;7955.449483;-1.99
1257;7955.449483;-1.7
1257;7955.449483;-1.47
1257;7955.449483;-1.34
1257;7955.449483;-1.32
1257;7955.449483;-1.39
1257;7955.449483;-1.51
1257;7955.449483;-1.61
1257;7955.449483;-1.66
1257;7955.449483;-1.65
1257;7955.449483;-1.58
1257;7955.449483;-1.49
1257;7955.449483;-1.38
1257;7955.449483;-1.27
1257;7955.449483;-1.15
1257;7955.449483;-1.04
1257;7955.449483;-0.93
1257;7955.449483;-0.85
1258;7949.125596;-0.81
1258;7949.125596;-0.84
1258;7949.125596;-0.93
1258;7949.125596;-1.07
1258;7949.125596;-1.23
1258;7949.125596;-1.37
1258;7949.125596;-1.46
1258;7949.125596;-1.47
1258;7949.125596;-1.42
1258;7949.125596;-1.32
1258;7949.125596;-1.21
1258;7949.125596;-1.09
1258;7949.125596;-0.99
1258;7949.125596;-0.89
1258;7949.125596;-0.77
1258;7949.125596;-0.61
1258;7949.125596;-0.4
1258;7949.125596;-0.15
1258;7949.125596;0.1
1258;7949.125596;0.3
1258;7949.125596;0.41
1258;7949.125596;0.39
1258;7949.125596;0.25
1258;7949.125596;0.01
1258;7949.125596;-0.3
1258;7949.125596;-0.61
1259;7942.811755;-0.89
1259;7942.811755;-1.11
1259;7942.811755;-1.29
1259;7942.811755;-1.42
1259;7942.811755;-1.53
1259;7942.811755;-1.63
1259;7942.811755;-1.71
1259;7942.811755;-1.74
1259;7942.811755;-1.7
1259;7942.811755;-1.58
1259;7942.811755;-1.38
1259;7942.811755;-1.16
1259;7942.811755;-0.95
1259;7942.811755;-0.8
1259;7942.811755;-0.74
1259;7942.811755;-0.78
1259;7942.811755;-0.89
1259;7942.811755;-1.04
1259;7942.811755;-1.17
1259;7942.811755;-1.26
1259;7942.811755;-1.31
1259;7942.811755;-1.31
1259;7942.811755;-1.29
1259;7942.811755;-1.26
1259;7942.811755;-1.22
1259;7942.811755;-1.17
1260;7936.507937;-1.1
1260;7936.507937;-1.03
1260;7936.507937;-0.97
1260;7936.507937;-0.92
1260;7936.507937;-0.91
1260;7936.507937;-0.92
1260;7936.507937;-0.93
1260;7936.507937;-0.9
1260;7936.507937;-0.79
1260;7936.507937;-0.58
1260;7936.507937;-0.26
1260;7936.507937;0.15
1260;7936.507937;0.59
1260;7936.507937;1.03
1260;7936.507937;1.41
1260;7936.507937;1.71
1260;7936.507937;1.93
1260;7936.507937;2.08
1260;7936.507937;2.15
1260;7936.507937;2.16
1260;7936.507937;2.1
1260;7936.507937;1.96
1260;7936.507937;1.74
1260;7936.507937;1.48
1260;7936.507937;1.2
1260;7936.507937;0.95
1260;7936.507937;0.76
1261;7930.214116;0.66
1261;7930.214116;0.61
1261;7930.214116;0.6
1261;7930.214116;0.58
1261;7930.214116;0.52
1261;7930.214116;0.4
1261;7930.214116;0.22
1261;7930.214116;0.01
1261;7930.214116;-0.2
1261;7930.214116;-0.39
1261;7930.214116;-0.54
1261;7930.214116;-0.65
1261;7930.214116;-0.72
1261;7930.214116;-0.75
1261;7930.214116;-0.72
1261;7930.214116;-0.64
1261;7930.214116;-0.47
1261;7930.214116;-0.22
1261;7930.214116;0.08
1261;7930.214116;0.43
1261;7930.214116;0.78
1261;7930.214116;1.09
1261;7930.214116;1.36
1261;7930.214116;1.56
1261;7930.214116;1.7
1261;7930.214116;1.8
1262;7923.930269;1.86
1262;7923.930269;1.88
1262;7923.930269;1.86
1262;7923.930269;1.79
1262;7923.930269;1.67
1262;7923.930269;1.53
1262;7923.930269;1.37
1262;7923.930269;1.24
1262;7923.930269;1.15
1262;7923.930269;1.1
1262;7923.930269;1.09
1262;7923.930269;1.09
1262;7923.930269;1.07
1262;7923.930269;1
1262;7923.930269;0.87
1262;7923.930269;0.69
1262;7923.930269;0.47
1262;7923.930269;0.22
1262;7923.930269;-0.04
1262;7923.930269;-0.3
1262;7923.930269;-0.54
1262;7923.930269;-0.74
1262;7923.930269;-0.89
1262;7923.930269;-0.95
1262;7923.930269;-0.91
1262;7923.930269;-0.76
1263;7917.656374;-0.52
1263;7917.656374;-0.24
1263;7917.656374;0.04
1263;7917.656374;0.24
1263;7917.656374;0.33
1263;7917.656374;0.29
1263;7917.656374;0.11
1263;7917.656374;-0.15
1263;7917.656374;-0.43
1263;7917.656374;-0.68
1263;7917.656374;-0.84
1263;7917.656374;-0.87
1263;7917.656374;-0.77
1263;7917.656374;-0.56
1263;7917.656374;-0.27
1263;7917.656374;0.05
1263;7917.656374;0.33
1263;7917.656374;0.54
1263;7917.656374;0.64
1263;7917.656374;0.64
1263;7917.656374;0.54
1263;7917.656374;0.37
1263;7917.656374;0.17
1263;7917.656374;-0.01
1263;7917.656374;-0.16
1263;7917.656374;-0.27
1264;7911.392405;-0.31
1264;7911.392405;-0.31
1264;7911.392405;-0.26
1264;7911.392405;-0.15
1264;7911.392405;0.02
1264;7911.392405;0.26
1264;7911.392405;0.56
1264;7911.392405;0.93
1264;7911.392405;1.33
1264;7911.392405;1.74
1264;7911.392405;2.12
1264;7911.392405;2.43
1264;7911.392405;2.67
1264;7911.392405;2.83
1264;7911.392405;2.89
1264;7911.392405;2.85
1264;7911.392405;2.72
1264;7911.392405;2.48
1264;7911.392405;2.15
1264;7911.392405;1.77
1264;7911.392405;1.37
1264;7911.392405;1.01
1264;7911.392405;0.75
1264;7911.392405;0.6
1264;7911.392405;0.58
1264;7911.392405;0.66
1265;7905.13834;0.77
1265;7905.13834;0.86
1265;7905.13834;0.85
1265;7905.13834;0.72
1265;7905.13834;0.47
1265;7905.13834;0.12
1265;7905.13834;-0.27
1265;7905.13834;-0.64
1265;7905.13834;-0.94
1265;7905.13834;-1.11
1265;7905.13834;-1.14
1265;7905.13834;-1.03
1265;7905.13834;-0.81
1265;7905.13834;-0.54
1265;7905.13834;-0.29
1265;7905.13834;-0.11
1265;7905.13834;-0.07
1265;7905.13834;-0.17
1265;7905.13834;-0.37
1265;7905.13834;-0.61
1265;7905.13834;-0.8
1265;7905.13834;-0.88
1265;7905.13834;-0.78
1265;7905.13834;-0.54
1265;7905.13834;-0.18
1265;7905.13834;0.22
1266;7898.894155;0.58
1266;7898.894155;0.87
1266;7898.894155;1.07
1266;7898.894155;1.23
1266;7898.894155;1.36
1266;7898.894155;1.52
1266;7898.894155;1.7
1266;7898.894155;1.87
1266;7898.894155;1.98
1266;7898.894155;1.98
1266;7898.894155;1.83
1266;7898.894155;1.56
1266;7898.894155;1.21
1266;7898.894155;0.87
1266;7898.894155;0.62
1266;7898.894155;0.5
1266;7898.894155;0.54
1266;7898.894155;0.68
1266;7898.894155;0.88
1266;7898.894155;1.07
1266;7898.894155;1.18
1266;7898.894155;1.2
1266;7898.894155;1.11
1266;7898.894155;0.95
1266;7898.894155;0.73
1267;7892.659826;0.46
1267;7892.659826;0.18
1267;7892.659826;-0.12
1267;7892.659826;-0.41
1267;7892.659826;-0.68
1267;7892.659826;-0.9
1267;7892.659826;-1.04
1267;7892.659826;-1.08
1267;7892.659826;-1.02
1267;7892.659826;-0.85
1267;7892.659826;-0.61
1267;7892.659826;-0.34
1267;7892.659826;-0.07
1267;7892.659826;0.17
1267;7892.659826;0.36
1267;7892.659826;0.49
1267;7892.659826;0.57
1267;7892.659826;0.59
1267;7892.659826;0.57
1267;7892.659826;0.53
1267;7892.659826;0.47
1267;7892.659826;0.41
1267;7892.659826;0.36
1267;7892.659826;0.32
1267;7892.659826;0.27
1267;7892.659826;0.21
1268;7886.435331;0.11
1268;7886.435331;-0.04
1268;7886.435331;-0.25
1268;7886.435331;-0.5
1268;7886.435331;-0.78
1268;7886.435331;-1.04
1268;7886.435331;-1.26
1268;7886.435331;-1.41
1268;7886.435331;-1.47
1268;7886.435331;-1.44
1268;7886.435331;-1.34
1268;7886.435331;-1.18
1268;7886.435331;-0.98
1268;7886.435331;-0.79
1268;7886.435331;-0.67
1268;7886.435331;-0.65
1268;7886.435331;-0.79
1268;7886.435331;-1.08
1268;7886.435331;-1.52
1268;7886.435331;-2.01
1268;7886.435331;-2.46
1268;7886.435331;-2.76
1268;7886.435331;-2.82
1268;7886.435331;-2.62
1268;7886.435331;-2.18
1268;7886.435331;-1.59
1269;7880.220646;-0.95
1269;7880.220646;-0.35
1269;7880.220646;0.12
1269;7880.220646;0.43
1269;7880.220646;0.58
1269;7880.220646;0.61
1269;7880.220646;0.54
1269;7880.220646;0.39
1269;7880.220646;0.19
1269;7880.220646;-0.05
1269;7880.220646;-0.33
1269;7880.220646;-0.61
1269;7880.220646;-0.86
1269;7880.220646;-1.02
1269;7880.220646;-1.06
1269;7880.220646;-0.95
1269;7880.220646;-0.69
1269;7880.220646;-0.31
1269;7880.220646;0.16
1269;7880.220646;0.66
1269;7880.220646;1.13
1269;7880.220646;1.54
1269;7880.220646;1.83
1269;7880.220646;2
1269;7880.220646;2.02
1269;7880.220646;1.92
1270;7874.015748;1.71
1270;7874.015748;1.45
1270;7874.015748;1.19
1270;7874.015748;0.98
1270;7874.015748;0.84
1270;7874.015748;0.77
1270;7874.015748;0.76
1270;7874.015748;0.78
1270;7874.015748;0.79
1270;7874.015748;0.79
1270;7874.015748;0.8
1270;7874.015748;0.83
1270;7874.015748;0.91
1270;7874.015748;1.04
1270;7874.015748;1.21
1270;7874.015748;1.38
1270;7874.015748;1.5
1270;7874.015748;1.54
1270;7874.015748;1.5
1270;7874.015748;1.4
1270;7874.015748;1.28
1270;7874.015748;1.18
1270;7874.015748;1.13
1270;7874.015748;1.12
1270;7874.015748;1.13
1270;7874.015748;1.12
1271;7867.820614;1.08
1271;7867.820614;1
1271;7867.820614;0.9
1271;7867.820614;0.83
1271;7867.820614;0.83
1271;7867.820614;0.89
1271;7867.820614;1.01
1271;7867.820614;1.13
1271;7867.820614;1.21
1271;7867.820614;1.2
1271;7867.820614;1.08
1271;7867.820614;0.84
1271;7867.820614;0.53
1271;7867.820614;0.17
1271;7867.820614;-0.18
1271;7867.820614;-0.48
1271;7867.820614;-0.72
1271;7867.820614;-0.86
1271;7867.820614;-0.9
1271;7867.820614;-0.83
1271;7867.820614;-0.66
1271;7867.820614;-0.4
1271;7867.820614;-0.08
1271;7867.820614;0.27
1271;7867.820614;0.6
1272;7861.63522;0.89
1272;7861.63522;1.1
1272;7861.63522;1.25
1272;7861.63522;1.32
1272;7861.63522;1.35
1272;7861.63522;1.35
1272;7861.63522;1.33
1272;7861.63522;1.29
1272;7861.63522;1.22
1272;7861.63522;1.12
1272;7861.63522;0.98
1272;7861.63522;0.8
1272;7861.63522;0.58
1272;7861.63522;0.33
1272;7861.63522;0.05
1272;7861.63522;-0.22
1272;7861.63522;-0.49
1272;7861.63522;-0.72
1272;7861.63522;-0.9
1272;7861.63522;-1
1272;7861.63522;-1.03
1272;7861.63522;-0.98
1272;7861.63522;-0.87
1272;7861.63522;-0.71
1272;7861.63522;-0.52
1272;7861.63522;-0.32
1273;7855.459544;-0.11
1273;7855.459544;0.11
1273;7855.459544;0.35
1273;7855.459544;0.61
1273;7855.459544;0.89
1273;7855.459544;1.17
1273;7855.459544;1.42
1273;7855.459544;1.59
1273;7855.459544;1.66
1273;7855.459544;1.59
1273;7855.459544;1.41
1273;7855.459544;1.12
1273;7855.459544;0.8
1273;7855.459544;0.49
1273;7855.459544;0.26
1273;7855.459544;0.16
1273;7855.459544;0.2
1273;7855.459544;0.36
1273;7855.459544;0.6
1273;7855.459544;0.83
1273;7855.459544;1
1273;7855.459544;1.06
1273;7855.459544;0.98
1273;7855.459544;0.79
1273;7855.459544;0.55
1274;7849.293564;0.32
1274;7849.293564;0.16
1274;7849.293564;0.13
1274;7849.293564;0.21
1274;7849.293564;0.39
1274;7849.293564;0.6
1274;7849.293564;0.78
1274;7849.293564;0.88
1274;7849.293564;0.86
1274;7849.293564;0.73
1274;7849.293564;0.52
1274;7849.293564;0.26
1274;7849.293564;0
1274;7849.293564;-0.2
1274;7849.293564;-0.32
1274;7849.293564;-0.33
1274;7849.293564;-0.23
1274;7849.293564;-0.02
1274;7849.293564;0.27
1274;7849.293564;0.59
1274;7849.293564;0.91
1274;7849.293564;1.17
1274;7849.293564;1.34
1274;7849.293564;1.42
1274;7849.293564;1.42
1274;7849.293564;1.36
1275;7843.137255;1.28
1275;7843.137255;1.21
1275;7843.137255;1.16
1275;7843.137255;1.1
1275;7843.137255;1.01
1275;7843.137255;0.88
1275;7843.137255;0.69
1275;7843.137255;0.47
1275;7843.137255;0.27
1275;7843.137255;0.13
1275;7843.137255;0.1
1275;7843.137255;0.19
1275;7843.137255;0.37
1275;7843.137255;0.61
1275;7843.137255;0.82
1275;7843.137255;0.94
1275;7843.137255;0.91
1275;7843.137255;0.71
1275;7843.137255;0.37
1275;7843.137255;-0.07
1275;7843.137255;-0.53
1275;7843.137255;-0.94
1275;7843.137255;-1.24
1275;7843.137255;-1.41
1275;7843.137255;-1.44
1275;7843.137255;-1.38
1276;7836.990596;-1.27
1276;7836.990596;-1.16
1276;7836.990596;-1.09
1276;7836.990596;-1.07
1276;7836.990596;-1.1
1276;7836.990596;-1.16
1276;7836.990596;-1.23
1276;7836.990596;-1.28
1276;7836.990596;-1.3
1276;7836.990596;-1.29
1276;7836.990596;-1.23
1276;7836.990596;-1.13
1276;7836.990596;-0.99
1276;7836.990596;-0.83
1276;7836.990596;-0.66
1276;7836.990596;-0.49
1276;7836.990596;-0.36
1276;7836.990596;-0.28
1276;7836.990596;-0.27
1276;7836.990596;-0.3
1276;7836.990596;-0.35
1276;7836.990596;-0.39
1276;7836.990596;-0.37
1276;7836.990596;-0.28
1276;7836.990596;-0.13
1277;7830.853563;0.05
1277;7830.853563;0.24
1277;7830.853563;0.4
1277;7830.853563;0.54
1277;7830.853563;0.67
1277;7830.853563;0.82
1277;7830.853563;1.01
1277;7830.853563;1.24
1277;7830.853563;1.47
1277;7830.853563;1.63
1277;7830.853563;1.67
1277;7830.853563;1.54
1277;7830.853563;1.24
1277;7830.853563;0.83
1277;7830.853563;0.39
1277;7830.853563;0.02
1277;7830.853563;-0.2
1277;7830.853563;-0.25
1277;7830.853563;-0.14
1277;7830.853563;0.08
1277;7830.853563;0.36
1277;7830.853563;0.62
1277;7830.853563;0.83
1277;7830.853563;0.99
1277;7830.853563;1.1
1278;7824.726135;1.18
1278;7824.726135;1.26
1278;7824.726135;1.34
1278;7824.726135;1.42
1278;7824.726135;1.47
1278;7824.726135;1.48
1278;7824.726135;1.42
1278;7824.726135;1.28
1278;7824.726135;1.05
1278;7824.726135;0.74
1278;7824.726135;0.38
1278;7824.726135;0.03
1278;7824.726135;-0.25
1278;7824.726135;-0.4
1278;7824.726135;-0.36
1278;7824.726135;-0.12
1278;7824.726135;0.28
1278;7824.726135;0.78
1278;7824.726135;1.29
1278;7824.726135;1.72
1278;7824.726135;2.01
1278;7824.726135;2.15
1278;7824.726135;2.16
1278;7824.726135;2.1
1278;7824.726135;2.02
1278;7824.726135;1.96
1279;7818.608288;1.92
1279;7818.608288;1.88
1279;7818.608288;1.8
1279;7818.608288;1.63
1279;7818.608288;1.34
1279;7818.608288;0.96
1279;7818.608288;0.52
1279;7818.608288;0.11
1279;7818.608288;-0.22
1279;7818.608288;-0.4
1279;7818.608288;-0.43
1279;7818.608288;-0.33
1279;7818.608288;-0.15
1279;7818.608288;0.05
1279;7818.608288;0.19
1279;7818.608288;0.26
1279;7818.608288;0.27
1279;7818.608288;0.22
1279;7818.608288;0.17
1279;7818.608288;0.13
1279;7818.608288;0.12
1279;7818.608288;0.12
1279;7818.608288;0.13
1279;7818.608288;0.13
1279;7818.608288;0.13
1280;7812.5;0.16
1280;7812.5;0.23
1280;7812.5;0.38
1280;7812.5;0.6
1280;7812.5;0.87
1280;7812.5;1.12
1280;7812.5;1.31
1280;7812.5;1.39
1280;7812.5;1.36
1280;7812.5;1.25
1280;7812.5;1.09
1280;7812.5;0.95
1280;7812.5;0.83
1280;7812.5;0.75
1280;7812.5;0.67
1280;7812.5;0.57
1280;7812.5;0.43
1280;7812.5;0.25
1280;7812.5;0.08
1280;7812.5;-0.06
1280;7812.5;-0.11
1280;7812.5;-0.09
1280;7812.5;-0.02
1280;7812.5;0.04
1280;7812.5;0.05
1280;7812.5;-0.05
1281;7806.401249;-0.26
1281;7806.401249;-0.54
1281;7806.401249;-0.87
1281;7806.401249;-1.18
1281;7806.401249;-1.43
1281;7806.401249;-1.6
1281;7806.401249;-1.67
1281;7806.401249;-1.65
1281;7806.401249;-1.53
1281;7806.401249;-1.34
1281;7806.401249;-1.08
1281;7806.401249;-0.78
1281;7806.401249;-0.47
1281;7806.401249;-0.19
1281;7806.401249;0.03
1281;7806.401249;0.16
1281;7806.401249;0.2
1281;7806.401249;0.17
1281;7806.401249;0.11
1281;7806.401249;0.07
1281;7806.401249;0.06
1281;7806.401249;0.08
1281;7806.401249;0.13
1281;7806.401249;0.18
1281;7806.401249;0.2
1282;7800.312012;0.16
1282;7800.312012;0.08
1282;7800.312012;-0.03
1282;7800.312012;-0.16
1282;7800.312012;-0.26
1282;7800.312012;-0.32
1282;7800.312012;-0.33
1282;7800.312012;-0.28
1282;7800.312012;-0.19
1282;7800.312012;-0.08
1282;7800.312012;0
1282;7800.312012;0.01
1282;7800.312012;-0.07
1282;7800.312012;-0.25
1282;7800.312012;-0.5
1282;7800.312012;-0.77
1282;7800.312012;-0.98
1282;7800.312012;-1.09
1282;7800.312012;-1.06
1282;7800.312012;-0.89
1282;7800.312012;-0.64
1282;7800.312012;-0.39
1282;7800.312012;-0.22
1282;7800.312012;-0.16
1282;7800.312012;-0.22
1283;7794.232268;-0.35
1283;7794.232268;-0.48
1283;7794.232268;-0.55
1283;7794.232268;-0.51
1283;7794.232268;-0.38
1283;7794.232268;-0.17
1283;7794.232268;0.04
1283;7794.232268;0.2
1283;7794.232268;0.27
1283;7794.232268;0.22
1283;7794.232268;0.08
1283;7794.232268;-0.14
1283;7794.232268;-0.39
1283;7794.232268;-0.64
1283;7794.232268;-0.87
1283;7794.232268;-1.04
1283;7794.232268;-1.13
1283;7794.232268;-1.15
1283;7794.232268;-1.07
1283;7794.232268;-0.92
1283;7794.232268;-0.73
1283;7794.232268;-0.55
1283;7794.232268;-0.42
1283;7794.232268;-0.39
1283;7794.232268;-0.47
1284;7788.161994;-0.63
1284;7788.161994;-0.83
1284;7788.161994;-1.02
1284;7788.161994;-1.13
1284;7788.161994;-1.14
1284;7788.161994;-1.04
1284;7788.161994;-0.88
1284;7788.161994;-0.68
1284;7788.161994;-0.5
1284;7788.161994;-0.37
1284;7788.161994;-0.33
1284;7788.161994;-0.37
1284;7788.161994;-0.47
1284;7788.161994;-0.59
1284;7788.161994;-0.71
1284;7788.161994;-0.79
1284;7788.161994;-0.8
1284;7788.161994;-0.73
1284;7788.161994;-0.58
1284;7788.161994;-0.38
1284;7788.161994;-0.17
1284;7788.161994;0.01
1284;7788.161994;0.15
1284;7788.161994;0.22
1284;7788.161994;0.24
1285;7782.101167;0.24
1285;7782.101167;0.26
1285;7782.101167;0.31
1285;7782.101167;0.43
1285;7782.101167;0.58
1285;7782.101167;0.74
1285;7782.101167;0.85
1285;7782.101167;0.85
1285;7782.101167;0.73
1285;7782.101167;0.47
1285;7782.101167;0.1
1285;7782.101167;-0.34
1285;7782.101167;-0.8
1285;7782.101167;-1.23
1285;7782.101167;-1.6
1285;7782.101167;-1.88
1285;7782.101167;-2.07
1285;7782.101167;-2.17
1285;7782.101167;-2.19
1285;7782.101167;-2.13
1285;7782.101167;-2.01
1285;7782.101167;-1.83
1285;7782.101167;-1.63
1285;7782.101167;-1.41
1285;7782.101167;-1.19
1285;7782.101167;-0.96
1286;7776.049767;-0.69
1286;7776.049767;-0.37
1286;7776.049767;0.02
1286;7776.049767;0.48
1286;7776.049767;0.99
1286;7776.049767;1.49
1286;7776.049767;1.92
1286;7776.049767;2.22
1286;7776.049767;2.34
1286;7776.049767;2.28
1286;7776.049767;2.07
1286;7776.049767;1.76
1286;7776.049767;1.4
1286;7776.049767;1.07
1286;7776.049767;0.8
1286;7776.049767;0.6
1286;7776.049767;0.47
1286;7776.049767;0.38
1286;7776.049767;0.3
1286;7776.049767;0.21
1286;7776.049767;0.09
1286;7776.049767;-0.04
1286;7776.049767;-0.16
1286;7776.049767;-0.25
1286;7776.049767;-0.27
1287;7770.00777;-0.22
1287;7770.00777;-0.11
1287;7770.00777;0.03
1287;7770.00777;0.16
1287;7770.00777;0.22
1287;7770.00777;0.19
1287;7770.00777;0.06
1287;7770.00777;-0.16
1287;7770.00777;-0.42
1287;7770.00777;-0.65
1287;7770.00777;-0.81
1287;7770.00777;-0.84
1287;7770.00777;-0.76
1287;7770.00777;-0.59
1287;7770.00777;-0.39
1287;7770.00777;-0.2
1287;7770.00777;-0.06
1287;7770.00777;-0.01
1287;7770.00777;-0.04
1287;7770.00777;-0.12
1287;7770.00777;-0.22
1287;7770.00777;-0.3
1287;7770.00777;-0.35
1287;7770.00777;-0.32
1287;7770.00777;-0.22
1288;7763.975155;-0.05
1288;7763.975155;0.14
1288;7763.975155;0.31
1288;7763.975155;0.41
1288;7763.975155;0.38
1288;7763.975155;0.21
1288;7763.975155;-0.09
1288;7763.975155;-0.47
1288;7763.975155;-0.83
1288;7763.975155;-1.09
1288;7763.975155;-1.18
1288;7763.975155;-1.05
1288;7763.975155;-0.73
1288;7763.975155;-0.29
1288;7763.975155;0.18
1288;7763.975155;0.59
1288;7763.975155;0.85
1288;7763.975155;0.93
1288;7763.975155;0.86
1288;7763.975155;0.67
1288;7763.975155;0.4
1288;7763.975155;0.1
1288;7763.975155;-0.2
1288;7763.975155;-0.48
1288;7763.975155;-0.73
1289;7757.951901;-0.95
1289;7757.951901;-1.13
1289;7757.951901;-1.26
1289;7757.951901;-1.34
1289;7757.951901;-1.36
1289;7757.951901;-1.34
1289;7757.951901;-1.26
1289;7757.951901;-1.13
1289;7757.951901;-0.93
1289;7757.951901;-0.66
1289;7757.951901;-0.33
1289;7757.951901;0.05
1289;7757.951901;0.44
1289;7757.951901;0.81
1289;7757.951901;1.12
1289;7757.951901;1.33
1289;7757.951901;1.45
1289;7757.951901;1.5
1289;7757.951901;1.5
1289;7757.951901;1.49
1289;7757.951901;1.51
1289;7757.951901;1.54
1289;7757.951901;1.58
1289;7757.951901;1.59
1289;7757.951901;1.56
1290;7751.937984;1.47
1290;7751.937984;1.3
1290;7751.937984;1.08
1290;7751.937984;0.84
1290;7751.937984;0.6
1290;7751.937984;0.41
1290;7751.937984;0.29
1290;7751.937984;0.28
1290;7751.937984;0.38
1290;7751.937984;0.56
1290;7751.937984;0.81
1290;7751.937984;1.07
1290;7751.937984;1.28
1290;7751.937984;1.41
1290;7751.937984;1.41
1290;7751.937984;1.28
1290;7751.937984;1.05
1290;7751.937984;0.74
1290;7751.937984;0.41
1290;7751.937984;0.09
1290;7751.937984;-0.19
1290;7751.937984;-0.43
1290;7751.937984;-0.62
1290;7751.937984;-0.77
1290;7751.937984;-0.9
1291;7745.933385;-1
1291;7745.933385;-1.09
1291;7745.933385;-1.17
1291;7745.933385;-1.24
1291;7745.933385;-1.3
1291;7745.933385;-1.36
1291;7745.933385;-1.4
1291;7745.933385;-1.43
1291;7745.933385;-1.45
1291;7745.933385;-1.45
1291;7745.933385;-1.44
1291;7745.933385;-1.44
1291;7745.933385;-1.45
1291;7745.933385;-1.48
1291;7745.933385;-1.52
1291;7745.933385;-1.54
1291;7745.933385;-1.5
1291;7745.933385;-1.38
1291;7745.933385;-1.16
1291;7745.933385;-0.86
1291;7745.933385;-0.51
1291;7745.933385;-0.19
1291;7745.933385;0.06
1291;7745.933385;0.2
1292;7739.93808;0.23
1292;7739.93808;0.17
1292;7739.93808;0.07
1292;7739.93808;-0.01
1292;7739.93808;-0.04
1292;7739.93808;0.01
1292;7739.93808;0.11
1292;7739.93808;0.23
1292;7739.93808;0.32
1292;7739.93808;0.34
1292;7739.93808;0.28
1292;7739.93808;0.14
1292;7739.93808;-0.05
1292;7739.93808;-0.24
1292;7739.93808;-0.41
1292;7739.93808;-0.52
1292;7739.93808;-0.56
1292;7739.93808;-0.54
1292;7739.93808;-0.46
1292;7739.93808;-0.33
1292;7739.93808;-0.18
1292;7739.93808;0.01
1292;7739.93808;0.21
1292;7739.93808;0.42
1292;7739.93808;0.63
1293;7733.952049;0.79
1293;7733.952049;0.89
1293;7733.952049;0.9
1293;7733.952049;0.81
1293;7733.952049;0.62
1293;7733.952049;0.36
1293;7733.952049;0.07
1293;7733.952049;-0.21
1293;7733.952049;-0.42
1293;7733.952049;-0.55
1293;7733.952049;-0.56
1293;7733.952049;-0.47
1293;7733.952049;-0.29
1293;7733.952049;-0.06
1293;7733.952049;0.19
1293;7733.952049;0.42
1293;7733.952049;0.6
1293;7733.952049;0.72
1293;7733.952049;0.76
1293;7733.952049;0.74
1293;7733.952049;0.67
1293;7733.952049;0.59
1293;7733.952049;0.52
1293;7733.952049;0.48
1293;7733.952049;0.49
1294;7727.97527;0.52
1294;7727.97527;0.57
1294;7727.97527;0.61
1294;7727.97527;0.63
1294;7727.97527;0.63
1294;7727.97527;0.6
1294;7727.97527;0.57
1294;7727.97527;0.53
1294;7727.97527;0.5
1294;7727.97527;0.47
1294;7727.97527;0.42
1294;7727.97527;0.35
1294;7727.97527;0.26
1294;7727.97527;0.14
1294;7727.97527;0
1294;7727.97527;-0.15
1294;7727.97527;-0.29
1294;7727.97527;-0.45
1294;7727.97527;-0.61
1294;7727.97527;-0.79
1294;7727.97527;-0.98
1294;7727.97527;-1.14
1294;7727.97527;-1.24
1294;7727.97527;-1.25
1294;7727.97527;-1.14
1295;7722.007722;-0.9
1295;7722.007722;-0.56
1295;7722.007722;-0.18
1295;7722.007722;0.19
1295;7722.007722;0.48
1295;7722.007722;0.66
1295;7722.007722;0.71
1295;7722.007722;0.65
1295;7722.007722;0.5
1295;7722.007722;0.3
1295;7722.007722;0.07
1295;7722.007722;-0.17
1295;7722.007722;-0.39
1295;7722.007722;-0.59
1295;7722.007722;-0.74
1295;7722.007722;-0.83
1295;7722.007722;-0.84
1295;7722.007722;-0.77
1295;7722.007722;-0.64
1295;7722.007722;-0.49
1295;7722.007722;-0.34
1295;7722.007722;-0.22
1295;7722.007722;-0.17
1295;7722.007722;-0.16
1295;7722.007722;-0.19
1296;7716.049383;-0.24
1296;7716.049383;-0.26
1296;7716.049383;-0.23
1296;7716.049383;-0.13
1296;7716.049383;0.03
1296;7716.049383;0.27
1296;7716.049383;0.56
1296;7716.049383;0.88
1296;7716.049383;1.2
1296;7716.049383;1.49
1296;7716.049383;1.69
1296;7716.049383;1.78
1296;7716.049383;1.74
1296;7716.049383;1.56
1296;7716.049383;1.26
1296;7716.049383;0.9
1296;7716.049383;0.51
1296;7716.049383;0.14
1296;7716.049383;-0.16
1296;7716.049383;-0.39
1296;7716.049383;-0.56
1296;7716.049383;-0.67
1296;7716.049383;-0.74
1296;7716.049383;-0.79
1297;7710.100231;-0.82
1297;7710.100231;-0.83
1297;7710.100231;-0.8
1297;7710.100231;-0.75
1297;7710.100231;-0.68
1297;7710.100231;-0.6
1297;7710.100231;-0.53
1297;7710.100231;-0.48
1297;7710.100231;-0.46
1297;7710.100231;-0.44
1297;7710.100231;-0.42
1297;7710.100231;-0.35
1297;7710.100231;-0.24
1297;7710.100231;-0.07
1297;7710.100231;0.14
1297;7710.100231;0.34
1297;7710.100231;0.5
1297;7710.100231;0.58
1297;7710.100231;0.54
1297;7710.100231;0.4
1297;7710.100231;0.16
1297;7710.100231;-0.12
1297;7710.100231;-0.39
1297;7710.100231;-0.62
1297;7710.100231;-0.76
1298;7704.160247;-0.81
1298;7704.160247;-0.78
1298;7704.160247;-0.69
1298;7704.160247;-0.57
1298;7704.160247;-0.46
1298;7704.160247;-0.37
1298;7704.160247;-0.31
1298;7704.160247;-0.28
1298;7704.160247;-0.26
1298;7704.160247;-0.23
1298;7704.160247;-0.18
1298;7704.160247;-0.1
1298;7704.160247;0
1298;7704.160247;0.11
1298;7704.160247;0.21
1298;7704.160247;0.29
1298;7704.160247;0.33
1298;7704.160247;0.35
1298;7704.160247;0.34
1298;7704.160247;0.32
1298;7704.160247;0.3
1298;7704.160247;0.29
1298;7704.160247;0.29
1298;7704.160247;0.29
1298;7704.160247;0.26
1299;7698.229407;0.22
1299;7698.229407;0.15
1299;7698.229407;0.07
1299;7698.229407;0
1299;7698.229407;-0.04
1299;7698.229407;-0.05
1299;7698.229407;-0.05
1299;7698.229407;-0.05
1299;7698.229407;-0.09
1299;7698.229407;-0.21
1299;7698.229407;-0.41
1299;7698.229407;-0.67
1299;7698.229407;-0.94
1299;7698.229407;-1.17
1299;7698.229407;-1.31
1299;7698.229407;-1.34
1299;7698.229407;-1.26
1299;7698.229407;-1.11
1299;7698.229407;-0.96
1299;7698.229407;-0.84
1299;7698.229407;-0.8
1299;7698.229407;-0.85
1299;7698.229407;-0.96
1299;7698.229407;-1.09
1300;7692.307692;-1.22
1300;7692.307692;-1.3
1300;7692.307692;-1.31
1300;7692.307692;-1.24
1300;7692.307692;-1.11
1300;7692.307692;-0.93
1300;7692.307692;-0.72
1300;7692.307692;-0.5
1300;7692.307692;-0.29
1300;7692.307692;-0.11
1300;7692.307692;0.05
1300;7692.307692;0.17
1300;7692.307692;0.28
1300;7692.307692;0.39
1300;7692.307692;0.51
1300;7692.307692;0.65
1300;7692.307692;0.79
1300;7692.307692;0.9
1300;7692.307692;0.94
1300;7692.307692;0.89
1300;7692.307692;0.75
1300;7692.307692;0.53
1300;7692.307692;0.28
1300;7692.307692;0.04
1300;7692.307692;-0.13
1301;7686.395081;-0.21
1301;7686.395081;-0.18
1301;7686.395081;-0.07
1301;7686.395081;0.09
1301;7686.395081;0.26
1301;7686.395081;0.42
1301;7686.395081;0.52
1301;7686.395081;0.57
1301;7686.395081;0.55
1301;7686.395081;0.48
1301;7686.395081;0.37
1301;7686.395081;0.26
1301;7686.395081;0.17
1301;7686.395081;0.12
1301;7686.395081;0.13
1301;7686.395081;0.17
1301;7686.395081;0.22
1301;7686.395081;0.24
1301;7686.395081;0.19
1301;7686.395081;0.06
1301;7686.395081;-0.14
1301;7686.395081;-0.38
1301;7686.395081;-0.59
1301;7686.395081;-0.74
1302;7680.491551;-0.77
1302;7680.491551;-0.71
1302;7680.491551;-0.57
1302;7680.491551;-0.42
1302;7680.491551;-0.31
1302;7680.491551;-0.28
1302;7680.491551;-0.33
1302;7680.491551;-0.47
1302;7680.491551;-0.64
1302;7680.491551;-0.82
1302;7680.491551;-0.98
1302;7680.491551;-1.07
1302;7680.491551;-1.1
1302;7680.491551;-1.06
1302;7680.491551;-0.96
1302;7680.491551;-0.8
1302;7680.491551;-0.61
1302;7680.491551;-0.42
1302;7680.491551;-0.24
1302;7680.491551;-0.11
1302;7680.491551;-0.06
1302;7680.491551;-0.08
1302;7680.491551;-0.17
1302;7680.491551;-0.3
1302;7680.491551;-0.4
1303;7674.597084;-0.44
1303;7674.597084;-0.37
1303;7674.597084;-0.16
1303;7674.597084;0.16
1303;7674.597084;0.55
1303;7674.597084;0.94
1303;7674.597084;1.24
1303;7674.597084;1.39
1303;7674.597084;1.33
1303;7674.597084;1.08
1303;7674.597084;0.69
1303;7674.597084;0.25
1303;7674.597084;-0.13
1303;7674.597084;-0.36
1303;7674.597084;-0.38
1303;7674.597084;-0.19
1303;7674.597084;0.16
1303;7674.597084;0.59
1303;7674.597084;1.01
1303;7674.597084;1.34
1303;7674.597084;1.53
1303;7674.597084;1.57
1303;7674.597084;1.48
1303;7674.597084;1.29
1304;7668.711656;1.05
1304;7668.711656;0.77
1304;7668.711656;0.48
1304;7668.711656;0.21
1304;7668.711656;-0.04
1304;7668.711656;-0.24
1304;7668.711656;-0.39
1304;7668.711656;-0.47
1304;7668.711656;-0.5
1304;7668.711656;-0.5
1304;7668.711656;-0.48
1304;7668.711656;-0.47
1304;7668.711656;-0.48
1304;7668.711656;-0.51
1304;7668.711656;-0.55
1304;7668.711656;-0.58
1304;7668.711656;-0.59
1304;7668.711656;-0.56
1304;7668.711656;-0.48
1304;7668.711656;-0.33
1304;7668.711656;-0.12
1304;7668.711656;0.16
1304;7668.711656;0.49
1304;7668.711656;0.84
1304;7668.711656;1.15
1305;7662.835249;1.39
1305;7662.835249;1.52
1305;7662.835249;1.53
1305;7662.835249;1.45
1305;7662.835249;1.33
1305;7662.835249;1.2
1305;7662.835249;1.12
1305;7662.835249;1.09
1305;7662.835249;1.08
1305;7662.835249;1.04
1305;7662.835249;0.93
1305;7662.835249;0.72
1305;7662.835249;0.42
1305;7662.835249;0.09
1305;7662.835249;-0.22
1305;7662.835249;-0.46
1305;7662.835249;-0.58
1305;7662.835249;-0.6
1305;7662.835249;-0.54
1305;7662.835249;-0.45
1305;7662.835249;-0.37
1305;7662.835249;-0.32
1305;7662.835249;-0.29
1305;7662.835249;-0.29
1306;7656.967841;-0.29
1306;7656.967841;-0.29
1306;7656.967841;-0.28
1306;7656.967841;-0.29
1306;7656.967841;-0.29
1306;7656.967841;-0.29
1306;7656.967841;-0.26
1306;7656.967841;-0.19
1306;7656.967841;-0.07
1306;7656.967841;0.08
1306;7656.967841;0.26
1306;7656.967841;0.43
1306;7656.967841;0.56
1306;7656.967841;0.66
1306;7656.967841;0.71
1306;7656.967841;0.74
1306;7656.967841;0.75
1306;7656.967841;0.74
1306;7656.967841;0.7
1306;7656.967841;0.64
1306;7656.967841;0.56
1306;7656.967841;0.46
1306;7656.967841;0.39
1306;7656.967841;0.36
1307;7651.109411;0.4
1307;7651.109411;0.51
1307;7651.109411;0.64
1307;7651.109411;0.74
1307;7651.109411;0.77
1307;7651.109411;0.66
1307;7651.109411;0.42
1307;7651.109411;0.06
1307;7651.109411;-0.34
1307;7651.109411;-0.72
1307;7651.109411;-1
1307;7651.109411;-1.14
1307;7651.109411;-1.11
1307;7651.109411;-0.94
1307;7651.109411;-0.66
1307;7651.109411;-0.35
1307;7651.109411;-0.05
1307;7651.109411;0.18
1307;7651.109411;0.32
1307;7651.109411;0.35
1307;7651.109411;0.3
1307;7651.109411;0.18
1307;7651.109411;0.05
1307;7651.109411;-0.06
1307;7651.109411;-0.11
1308;7645.259939;-0.09
1308;7645.259939;0
1308;7645.259939;0.14
1308;7645.259939;0.29
1308;7645.259939;0.43
1308;7645.259939;0.53
1308;7645.259939;0.58
1308;7645.259939;0.58
1308;7645.259939;0.55
1308;7645.259939;0.49
1308;7645.259939;0.44
1308;7645.259939;0.41
1308;7645.259939;0.42
1308;7645.259939;0.49
1308;7645.259939;0.62
1308;7645.259939;0.79
1308;7645.259939;1
1308;7645.259939;1.21
1308;7645.259939;1.4
1308;7645.259939;1.53
1308;7645.259939;1.57
1308;7645.259939;1.5
1308;7645.259939;1.34
1308;7645.259939;1.07
1309;7639.419404;0.74
1309;7639.419404;0.36
1309;7639.419404;-0.01
1309;7639.419404;-0.35
1309;7639.419404;-0.6
1309;7639.419404;-0.73
1309;7639.419404;-0.73
1309;7639.419404;-0.59
1309;7639.419404;-0.36
1309;7639.419404;-0.07
1309;7639.419404;0.21
1309;7639.419404;0.43
1309;7639.419404;0.54
1309;7639.419404;0.52
1309;7639.419404;0.37
1309;7639.419404;0.15
1309;7639.419404;-0.1
1309;7639.419404;-0.32
1309;7639.419404;-0.45
1309;7639.419404;-0.45
1309;7639.419404;-0.32
1309;7639.419404;-0.07
1309;7639.419404;0.25
1309;7639.419404;0.57
1310;7633.587786;0.83
1310;7633.587786;0.98
1310;7633.587786;1
1310;7633.587786;0.9
1310;7633.587786;0.74
1310;7633.587786;0.56
1310;7633.587786;0.44
1310;7633.587786;0.41
1310;7633.587786;0.49
1310;7633.587786;0.65
1310;7633.587786;0.86
1310;7633.587786;1.08
1310;7633.587786;1.28
1310;7633.587786;1.43
1310;7633.587786;1.53
1310;7633.587786;1.61
1310;7633.587786;1.65
1310;7633.587786;1.67
1310;7633.587786;1.66
1310;7633.587786;1.61
1310;7633.587786;1.54
1310;7633.587786;1.44
1310;7633.587786;1.34
1310;7633.587786;1.26
1311;7627.765065;1.21
1311;7627.765065;1.2
1311;7627.765065;1.21
1311;7627.765065;1.22
1311;7627.765065;1.2
1311;7627.765065;1.15
1311;7627.765065;1.07
1311;7627.765065;0.97
1311;7627.765065;0.87
1311;7627.765065;0.79
1311;7627.765065;0.71
1311;7627.765065;0.62
1311;7627.765065;0.52
1311;7627.765065;0.37
1311;7627.765065;0.18
1311;7627.765065;-0.05
1311;7627.765065;-0.3
1311;7627.765065;-0.53
1311;7627.765065;-0.71
1311;7627.765065;-0.83
1311;7627.765065;-0.86
1311;7627.765065;-0.82
1311;7627.765065;-0.69
1311;7627.765065;-0.5
1312;7621.95122;-0.27
1312;7621.95122;-0.01
1312;7621.95122;0.26
1312;7621.95122;0.5
1312;7621.95122;0.7
1312;7621.95122;0.84
1312;7621.95122;0.93
1312;7621.95122;0.98
1312;7621.95122;0.97
1312;7621.95122;0.93
1312;7621.95122;0.85
1312;7621.95122;0.72
1312;7621.95122;0.56
1312;7621.95122;0.36
1312;7621.95122;0.14
1312;7621.95122;-0.08
1312;7621.95122;-0.27
1312;7621.95122;-0.41
1312;7621.95122;-0.46
1312;7621.95122;-0.43
1312;7621.95122;-0.32
1312;7621.95122;-0.13
1312;7621.95122;0.11
1312;7621.95122;0.37
1313;7616.14623;0.61
1313;7616.14623;0.8
1313;7616.14623;0.89
1313;7616.14623;0.87
1313;7616.14623;0.73
1313;7616.14623;0.48
1313;7616.14623;0.16
1313;7616.14623;-0.17
1313;7616.14623;-0.47
1313;7616.14623;-0.67
1313;7616.14623;-0.76
1313;7616.14623;-0.72
1313;7616.14623;-0.57
1313;7616.14623;-0.35
1313;7616.14623;-0.09
1313;7616.14623;0.16
1313;7616.14623;0.38
1313;7616.14623;0.54
1313;7616.14623;0.63
1313;7616.14623;0.64
1313;7616.14623;0.57
1313;7616.14623;0.43
1313;7616.14623;0.24
1313;7616.14623;0.02
1314;7610.350076;-0.19
1314;7610.350076;-0.38
1314;7610.350076;-0.52
1314;7610.350076;-0.62
1314;7610.350076;-0.68
1314;7610.350076;-0.72
1314;7610.350076;-0.76
1314;7610.350076;-0.8
1314;7610.350076;-0.86
1314;7610.350076;-0.92
1314;7610.350076;-0.99
1314;7610.350076;-1.08
1314;7610.350076;-1.19
1314;7610.350076;-1.34
1314;7610.350076;-1.52
1314;7610.350076;-1.71
1314;7610.350076;-1.89
1314;7610.350076;-2.02
1314;7610.350076;-2.07
1314;7610.350076;-2.01
1314;7610.350076;-1.85
1314;7610.350076;-1.64
1314;7610.350076;-1.43
1314;7610.350076;-1.27
1315;7604.562738;-1.17
1315;7604.562738;-1.14
1315;7604.562738;-1.14
1315;7604.562738;-1.12
1315;7604.562738;-1.02
1315;7604.562738;-0.82
1315;7604.562738;-0.51
1315;7604.562738;-0.13
1315;7604.562738;0.27
1315;7604.562738;0.65
1315;7604.562738;0.94
1315;7604.562738;1.14
1315;7604.562738;1.22
1315;7604.562738;1.21
1315;7604.562738;1.1
1315;7604.562738;0.93
1315;7604.562738;0.71
1315;7604.562738;0.44
1315;7604.562738;0.15
1315;7604.562738;-0.14
1315;7604.562738;-0.4
1315;7604.562738;-0.61
1315;7604.562738;-0.73
1315;7604.562738;-0.75
1316;7598.784195;-0.67
1316;7598.784195;-0.52
1316;7598.784195;-0.31
1316;7598.784195;-0.11
1316;7598.784195;0.08
1316;7598.784195;0.22
1316;7598.784195;0.3
1316;7598.784195;0.34
1316;7598.784195;0.35
1316;7598.784195;0.36
1316;7598.784195;0.38
1316;7598.784195;0.42
1316;7598.784195;0.46
1316;7598.784195;0.5
1316;7598.784195;0.52
1316;7598.784195;0.49
1316;7598.784195;0.42
1316;7598.784195;0.31
1316;7598.784195;0.15
1316;7598.784195;-0.02
1316;7598.784195;-0.21
1316;7598.784195;-0.39
1316;7598.784195;-0.56
1316;7598.784195;-0.72
1317;7593.014427;-0.86
1317;7593.014427;-0.98
1317;7593.014427;-1.08
1317;7593.014427;-1.15
1317;7593.014427;-1.2
1317;7593.014427;-1.22
1317;7593.014427;-1.21
1317;7593.014427;-1.17
1317;7593.014427;-1.11
1317;7593.014427;-1.01
1317;7593.014427;-0.88
1317;7593.014427;-0.72
1317;7593.014427;-0.51
1317;7593.014427;-0.29
1317;7593.014427;-0.05
1317;7593.014427;0.18
1317;7593.014427;0.37
1317;7593.014427;0.5
1317;7593.014427;0.57
1317;7593.014427;0.57
1317;7593.014427;0.51
1317;7593.014427;0.39
1317;7593.014427;0.24
1317;7593.014427;0.07
1318;7587.253414;-0.1
1318;7587.253414;-0.24
1318;7587.253414;-0.35
1318;7587.253414;-0.4
1318;7587.253414;-0.4
1318;7587.253414;-0.35
1318;7587.253414;-0.25
1318;7587.253414;-0.12
1318;7587.253414;0.02
1318;7587.253414;0.13
1318;7587.253414;0.19
1318;7587.253414;0.21
1318;7587.253414;0.19
1318;7587.253414;0.13
1318;7587.253414;0.05
1318;7587.253414;-0.02
1318;7587.253414;-0.08
1318;7587.253414;-0.12
1318;7587.253414;-0.16
1318;7587.253414;-0.19
1318;7587.253414;-0.22
1318;7587.253414;-0.25
1318;7587.253414;-0.29
1318;7587.253414;-0.32
1319;7581.501137;-0.35
1319;7581.501137;-0.36
1319;7581.501137;-0.36
1319;7581.501137;-0.35
1319;7581.501137;-0.34
1319;7581.501137;-0.33
1319;7581.501137;-0.34
1319;7581.501137;-0.36
1319;7581.501137;-0.39
1319;7581.501137;-0.43
1319;7581.501137;-0.46
1319;7581.501137;-0.47
1319;7581.501137;-0.45
1319;7581.501137;-0.39
1319;7581.501137;-0.29
1319;7581.501137;-0.17
1319;7581.501137;-0.04
1319;7581.501137;0.08
1319;7581.501137;0.17
1319;7581.501137;0.25
1319;7581.501137;0.3
1319;7581.501137;0.35
1319;7581.501137;0.43
1319;7581.501137;0.54
1320;7575.757576;0.68
1320;7575.757576;0.85
1320;7575.757576;1.02
1320;7575.757576;1.15
1320;7575.757576;1.22
1320;7575.757576;1.18
1320;7575.757576;1.05
1320;7575.757576;0.83
1320;7575.757576;0.55
1320;7575.757576;0.27
1320;7575.757576;0.02
1320;7575.757576;-0.15
1320;7575.757576;-0.24
1320;7575.757576;-0.25
1320;7575.757576;-0.2
1320;7575.757576;-0.15
1320;7575.757576;-0.13
1320;7575.757576;-0.17
1320;7575.757576;-0.28
1320;7575.757576;-0.44
1320;7575.757576;-0.62
1320;7575.757576;-0.79
1320;7575.757576;-0.9
1320;7575.757576;-0.93
1321;7570.02271;-0.87
1321;7570.02271;-0.74
1321;7570.02271;-0.56
1321;7570.02271;-0.37
1321;7570.02271;-0.19
1321;7570.02271;-0.05
1321;7570.02271;0.05
1321;7570.02271;0.11
1321;7570.02271;0.15
1321;7570.02271;0.18
1321;7570.02271;0.21
1321;7570.02271;0.24
1321;7570.02271;0.26
1321;7570.02271;0.24
1321;7570.02271;0.17
1321;7570.02271;0.03
1321;7570.02271;-0.18
1321;7570.02271;-0.45
1321;7570.02271;-0.75
1321;7570.02271;-1.03
1321;7570.02271;-1.22
1321;7570.02271;-1.3
1321;7570.02271;-1.24
1321;7570.02271;-1.04
1322;7564.29652;-0.73
1322;7564.29652;-0.35
1322;7564.29652;0.03
1322;7564.29652;0.37
1322;7564.29652;0.65
1322;7564.29652;0.85
1322;7564.29652;0.97
1322;7564.29652;1.03
1322;7564.29652;1.04
1322;7564.29652;1.02
1322;7564.29652;0.98
1322;7564.29652;0.92
1322;7564.29652;0.85
1322;7564.29652;0.77
1322;7564.29652;0.69
1322;7564.29652;0.63
1322;7564.29652;0.6
1322;7564.29652;0.61
1322;7564.29652;0.68
1322;7564.29652;0.78
1322;7564.29652;0.9
1322;7564.29652;1.02
1322;7564.29652;1.11
1323;7558.578987;1.14
1323;7558.578987;1.11
1323;7558.578987;1
1323;7558.578987;0.83
1323;7558.578987;0.64
1323;7558.578987;0.46
1323;7558.578987;0.29
1323;7558.578987;0.18
1323;7558.578987;0.11
1323;7558.578987;0.08
1323;7558.578987;0.09
1323;7558.578987;0.12
1323;7558.578987;0.16
1323;7558.578987;0.21
1323;7558.578987;0.26
1323;7558.578987;0.32
1323;7558.578987;0.39
1323;7558.578987;0.47
1323;7558.578987;0.57
1323;7558.578987;0.69
1323;7558.578987;0.79
1323;7558.578987;0.89
1323;7558.578987;0.95
1323;7558.578987;0.97
1324;7552.870091;0.93
1324;7552.870091;0.84
1324;7552.870091;0.68
1324;7552.870091;0.49
1324;7552.870091;0.29
1324;7552.870091;0.09
1324;7552.870091;-0.08
1324;7552.870091;-0.22
1324;7552.870091;-0.34
1324;7552.870091;-0.44
1324;7552.870091;-0.55
1324;7552.870091;-0.68
1324;7552.870091;-0.83
1324;7552.870091;-0.99
1324;7552.870091;-1.15
1324;7552.870091;-1.28
1324;7552.870091;-1.36
1324;7552.870091;-1.37
1324;7552.870091;-1.33
1324;7552.870091;-1.23
1324;7552.870091;-1.09
1324;7552.870091;-0.93
1324;7552.870091;-0.76
1324;7552.870091;-0.59
1325;7547.169811;-0.43
1325;7547.169811;-0.28
1325;7547.169811;-0.14
1325;7547.169811;-0.01
1325;7547.169811;0.13
1325;7547.169811;0.28
1325;7547.169811;0.46
1325;7547.169811;0.65
1325;7547.169811;0.84
1325;7547.169811;1.01
1325;7547.169811;1.15
1325;7547.169811;1.22
1325;7547.169811;1.22
1325;7547.169811;1.16
1325;7547.169811;1.05
1325;7547.169811;0.92
1325;7547.169811;0.78
1325;7547.169811;0.64
1325;7547.169811;0.5
1325;7547.169811;0.35
1325;7547.169811;0.19
1325;7547.169811;0.03
1325;7547.169811;-0.12
1326;7541.47813;-0.24
1326;7541.47813;-0.31
1326;7541.47813;-0.32
1326;7541.47813;-0.28
1326;7541.47813;-0.2
1326;7541.47813;-0.11
1326;7541.47813;-0.04
1326;7541.47813;0.01
1326;7541.47813;0.04
1326;7541.47813;0.06
1326;7541.47813;0.07
1326;7541.47813;0.09
1326;7541.47813;0.11
1326;7541.47813;0.12
1326;7541.47813;0.1
1326;7541.47813;0.05
1326;7541.47813;-0.01
1326;7541.47813;-0.08
1326;7541.47813;-0.13
1326;7541.47813;-0.13
1326;7541.47813;-0.1
1326;7541.47813;-0.03
1326;7541.47813;0.06
1326;7541.47813;0.13
1327;7535.795026;0.18
1327;7535.795026;0.19
1327;7535.795026;0.18
1327;7535.795026;0.18
1327;7535.795026;0.21
1327;7535.795026;0.29
1327;7535.795026;0.43
1327;7535.795026;0.61
1327;7535.795026;0.8
1327;7535.795026;0.98
1327;7535.795026;1.1
1327;7535.795026;1.15
1327;7535.795026;1.12
1327;7535.795026;1.02
1327;7535.795026;0.87
1327;7535.795026;0.69
1327;7535.795026;0.5
1327;7535.795026;0.31
1327;7535.795026;0.13
1327;7535.795026;-0.02
1327;7535.795026;-0.15
1327;7535.795026;-0.24
1327;7535.795026;-0.27
1328;7530.120482;-0.25
1328;7530.120482;-0.18
1328;7530.120482;-0.06
1328;7530.120482;0.09
1328;7530.120482;0.26
1328;7530.120482;0.42
1328;7530.120482;0.57
1328;7530.120482;0.72
1328;7530.120482;0.86
1328;7530.120482;0.99
1328;7530.120482;1.11
1328;7530.120482;1.21
1328;7530.120482;1.27
1328;7530.120482;1.26
1328;7530.120482;1.18
1328;7530.120482;1.04
1328;7530.120482;0.85
1328;7530.120482;0.65
1328;7530.120482;0.47
1328;7530.120482;0.32
1328;7530.120482;0.23
1328;7530.120482;0.2
1328;7530.120482;0.25
1328;7530.120482;0.36
1329;7524.454477;0.52
1329;7524.454477;0.73
1329;7524.454477;0.95
1329;7524.454477;1.14
1329;7524.454477;1.28
1329;7524.454477;1.32
1329;7524.454477;1.27
1329;7524.454477;1.14
1329;7524.454477;0.97
1329;7524.454477;0.82
1329;7524.454477;0.72
1329;7524.454477;0.71
1329;7524.454477;0.77
1329;7524.454477;0.88
1329;7524.454477;0.98
1329;7524.454477;1.04
1329;7524.454477;1
1329;7524.454477;0.88
1329;7524.454477;0.68
1329;7524.454477;0.44
1329;7524.454477;0.19
1329;7524.454477;-0.03
1329;7524.454477;-0.2
1329;7524.454477;-0.32
1330;7518.796992;-0.39
1330;7518.796992;-0.4
1330;7518.796992;-0.36
1330;7518.796992;-0.28
1330;7518.796992;-0.15
1330;7518.796992;0
1330;7518.796992;0.15
1330;7518.796992;0.28
1330;7518.796992;0.38
1330;7518.796992;0.44
1330;7518.796992;0.47
1330;7518.796992;0.47
1330;7518.796992;0.48
1330;7518.796992;0.51
1330;7518.796992;0.55
1330;7518.796992;0.6
1330;7518.796992;0.64
1330;7518.796992;0.66
1330;7518.796992;0.63
1330;7518.796992;0.54
1330;7518.796992;0.38
1330;7518.796992;0.17
1330;7518.796992;-0.05
1331;7513.148009;-0.27
1331;7513.148009;-0.44
1331;7513.148009;-0.53
1331;7513.148009;-0.53
1331;7513.148009;-0.43
1331;7513.148009;-0.24
1331;7513.148009;0
1331;7513.148009;0.28
1331;7513.148009;0.54
1331;7513.148009;0.78
1331;7513.148009;0.96
1331;7513.148009;1.08
1331;7513.148009;1.12
1331;7513.148009;1.09
1331;7513.148009;1
1331;7513.148009;0.84
1331;7513.148009;0.65
1331;7513.148009;0.45
1331;7513.148009;0.27
1331;7513.148009;0.12
1331;7513.148009;0.02
1331;7513.148009;-0.03
1331;7513.148009;-0.07
1332;7507.507508;-0.11
1332;7507.507508;-0.17
1332;7507.507508;-0.27
1332;7507.507508;-0.39
1332;7507.507508;-0.52
1332;7507.507508;-0.62
1332;7507.507508;-0.68
1332;7507.507508;-0.69
1332;7507.507508;-0.65
1332;7507.507508;-0.59
1332;7507.507508;-0.51
1332;7507.507508;-0.45
1332;7507.507508;-0.4
1332;7507.507508;-0.35
1332;7507.507508;-0.29
1332;7507.507508;-0.21
1332;7507.507508;-0.07
1332;7507.507508;0.13
1332;7507.507508;0.39
1332;7507.507508;0.7
1332;7507.507508;1.04
1332;7507.507508;1.39
1332;7507.507508;1.7
1332;7507.507508;1.95
1333;7501.875469;2.1
1333;7501.875469;2.14
1333;7501.875469;2.06
1333;7501.875469;1.88
1333;7501.875469;1.61
1333;7501.875469;1.26
1333;7501.875469;0.88
1333;7501.875469;0.49
1333;7501.875469;0.12
1333;7501.875469;-0.2
1333;7501.875469;-0.44
1333;7501.875469;-0.57
1333;7501.875469;-0.59
1333;7501.875469;-0.51
1333;7501.875469;-0.35
1333;7501.875469;-0.16
1333;7501.875469;0.01
1333;7501.875469;0.15
1333;7501.875469;0.21
1333;7501.875469;0.2
1333;7501.875469;0.15
1333;7501.875469;0.07
1333;7501.875469;0.01
1334;7496.251874;-0.02
1334;7496.251874;0
1334;7496.251874;0.06
1334;7496.251874;0.14
1334;7496.251874;0.23
1334;7496.251874;0.31
1334;7496.251874;0.36
1334;7496.251874;0.36
1334;7496.251874;0.32
1334;7496.251874;0.22
1334;7496.251874;0.1
1334;7496.251874;-0.04
1334;7496.251874;-0.14
1334;7496.251874;-0.2
1334;7496.251874;-0.19
1334;7496.251874;-0.11
1334;7496.251874;0.02
1334;7496.251874;0.15
1334;7496.251874;0.25
1334;7496.251874;0.3
1334;7496.251874;0.28
1334;7496.251874;0.21
1334;7496.251874;0.11
1335;7490.636704;0.01
1335;7490.636704;-0.08
1335;7490.636704;-0.17
1335;7490.636704;-0.28
1335;7490.636704;-0.41
1335;7490.636704;-0.58
1335;7490.636704;-0.76
1335;7490.636704;-0.93
1335;7490.636704;-1.05
1335;7490.636704;-1.08
1335;7490.636704;-1
1335;7490.636704;-0.84
1335;7490.636704;-0.63
1335;7490.636704;-0.4
1335;7490.636704;-0.2
1335;7490.636704;-0.05
1335;7490.636704;0.03
1335;7490.636704;0.05
1335;7490.636704;0.03
1335;7490.636704;-0.01
1335;7490.636704;-0.04
1335;7490.636704;-0.08
1335;7490.636704;-0.11
1335;7490.636704;-0.16
1336;7485.02994;-0.22
1336;7485.02994;-0.29
1336;7485.02994;-0.36
1336;7485.02994;-0.4
1336;7485.02994;-0.39
1336;7485.02994;-0.3
1336;7485.02994;-0.14
1336;7485.02994;0.09
1336;7485.02994;0.37
1336;7485.02994;0.65
1336;7485.02994;0.87
1336;7485.02994;1
1336;7485.02994;1.02
1336;7485.02994;0.94
1336;7485.02994;0.79
1336;7485.02994;0.62
1336;7485.02994;0.47
1336;7485.02994;0.37
1336;7485.02994;0.33
1336;7485.02994;0.35
1336;7485.02994;0.38
1336;7485.02994;0.4
1336;7485.02994;0.39
1337;7479.431563;0.34
1337;7479.431563;0.27
1337;7479.431563;0.21
1337;7479.431563;0.17
1337;7479.431563;0.17
1337;7479.431563;0.22
1337;7479.431563;0.28
1337;7479.431563;0.35
1337;7479.431563;0.4
1337;7479.431563;0.42
1337;7479.431563;0.4
1337;7479.431563;0.35
1337;7479.431563;0.29
1337;7479.431563;0.23
1337;7479.431563;0.19
1337;7479.431563;0.15
1337;7479.431563;0.13
1337;7479.431563;0.11
1337;7479.431563;0.08
1337;7479.431563;0.04
1337;7479.431563;0
1337;7479.431563;-0.03
1337;7479.431563;-0.05
1338;7473.841555;-0.05
1338;7473.841555;-0.05
1338;7473.841555;-0.05
1338;7473.841555;-0.09
1338;7473.841555;-0.17
1338;7473.841555;-0.29
1338;7473.841555;-0.43
1338;7473.841555;-0.55
1338;7473.841555;-0.63
1338;7473.841555;-0.63
1338;7473.841555;-0.57
1338;7473.841555;-0.45
1338;7473.841555;-0.34
1338;7473.841555;-0.25
1338;7473.841555;-0.23
1338;7473.841555;-0.26
1338;7473.841555;-0.34
1338;7473.841555;-0.43
1338;7473.841555;-0.48
1338;7473.841555;-0.48
1338;7473.841555;-0.42
1338;7473.841555;-0.33
1338;7473.841555;-0.24
1339;7468.259895;-0.18
1339;7468.259895;-0.18
1339;7468.259895;-0.23
1339;7468.259895;-0.31
1339;7468.259895;-0.4
1339;7468.259895;-0.46
1339;7468.259895;-0.45
1339;7468.259895;-0.37
1339;7468.259895;-0.2
1339;7468.259895;0.03
1339;7468.259895;0.28
1339;7468.259895;0.52
1339;7468.259895;0.7
1339;7468.259895;0.79
1339;7468.259895;0.77
1339;7468.259895;0.66
1339;7468.259895;0.5
1339;7468.259895;0.31
1339;7468.259895;0.14
1339;7468.259895;0.01
1339;7468.259895;-0.06
1339;7468.259895;-0.09
1339;7468.259895;-0.11
1340;7462.686567;-0.13
1340;7462.686567;-0.16
1340;7462.686567;-0.2
1340;7462.686567;-0.21
1340;7462.686567;-0.18
1340;7462.686567;-0.08
1340;7462.686567;0.08
1340;7462.686567;0.3
1340;7462.686567;0.54
1340;7462.686567;0.77
1340;7462.686567;0.95
1340;7462.686567;1.07
1340;7462.686567;1.12
1340;7462.686567;1.09
1340;7462.686567;0.99
1340;7462.686567;0.84
1340;7462.686567;0.63
1340;7462.686567;0.41
1340;7462.686567;0.17
1340;7462.686567;-0.05
1340;7462.686567;-0.23
1340;7462.686567;-0.38
1340;7462.686567;-0.47
1340;7462.686567;-0.52
1341;7457.121551;-0.53
1341;7457.121551;-0.51
1341;7457.121551;-0.48
1341;7457.121551;-0.44
1341;7457.121551;-0.4
1341;7457.121551;-0.35
1341;7457.121551;-0.3
1341;7457.121551;-0.25
1341;7457.121551;-0.22
1341;7457.121551;-0.2
1341;7457.121551;-0.19
1341;7457.121551;-0.2
1341;7457.121551;-0.23
1341;7457.121551;-0.27
1341;7457.121551;-0.34
1341;7457.121551;-0.42
1341;7457.121551;-0.5
1341;7457.121551;-0.57
1341;7457.121551;-0.61
1341;7457.121551;-0.62
1341;7457.121551;-0.59
1341;7457.121551;-0.53
1341;7457.121551;-0.47
1342;7451.564829;-0.45
1342;7451.564829;-0.49
1342;7451.564829;-0.57
1342;7451.564829;-0.69
1342;7451.564829;-0.81
1342;7451.564829;-0.89
1342;7451.564829;-0.9
1342;7451.564829;-0.83
1342;7451.564829;-0.7
1342;7451.564829;-0.54
1342;7451.564829;-0.39
1342;7451.564829;-0.29
1342;7451.564829;-0.24
1342;7451.564829;-0.24
1342;7451.564829;-0.26
1342;7451.564829;-0.29
1342;7451.564829;-0.3
1342;7451.564829;-0.3
1342;7451.564829;-0.29
1342;7451.564829;-0.28
1342;7451.564829;-0.26
1342;7451.564829;-0.24
1342;7451.564829;-0.21
1343;7446.016381;-0.16
1343;7446.016381;-0.09
1343;7446.016381;0.01
1343;7446.016381;0.13
1343;7446.016381;0.24
1343;7446.016381;0.33
1343;7446.016381;0.38
1343;7446.016381;0.4
1343;7446.016381;0.4
1343;7446.016381;0.38
1343;7446.016381;0.38
1343;7446.016381;0.4
1343;7446.016381;0.46
1343;7446.016381;0.56
1343;7446.016381;0.68
1343;7446.016381;0.82
1343;7446.016381;0.93
1343;7446.016381;0.99
1343;7446.016381;0.99
1343;7446.016381;0.93
1343;7446.016381;0.82
1343;7446.016381;0.69
1343;7446.016381;0.56
1344;7440.47619;0.47
1344;7440.47619;0.41
1344;7440.47619;0.38
1344;7440.47619;0.39
1344;7440.47619;0.41
1344;7440.47619;0.44
1344;7440.47619;0.48
1344;7440.47619;0.54
1344;7440.47619;0.62
1344;7440.47619;0.74
1344;7440.47619;0.89
1344;7440.47619;1.07
1344;7440.47619;1.26
1344;7440.47619;1.45
1344;7440.47619;1.61
1344;7440.47619;1.72
1344;7440.47619;1.74
1344;7440.47619;1.63
1344;7440.47619;1.39
1344;7440.47619;1.01
1344;7440.47619;0.52
1344;7440.47619;-0.01
1344;7440.47619;-0.51
1345;7434.944238;-0.92
1345;7434.944238;-1.17
1345;7434.944238;-1.26
1345;7434.944238;-1.22
1345;7434.944238;-1.08
1345;7434.944238;-0.9
1345;7434.944238;-0.74
1345;7434.944238;-0.59
1345;7434.944238;-0.46
1345;7434.944238;-0.32
1345;7434.944238;-0.15
1345;7434.944238;0.06
1345;7434.944238;0.27
1345;7434.944238;0.47
1345;7434.944238;0.59
1345;7434.944238;0.63
1345;7434.944238;0.58
1345;7434.944238;0.47
1345;7434.944238;0.35
1345;7434.944238;0.27
1345;7434.944238;0.26
1345;7434.944238;0.32
1345;7434.944238;0.44
1346;7429.420505;0.56
1346;7429.420505;0.65
1346;7429.420505;0.67
1346;7429.420505;0.59
1346;7429.420505;0.44
1346;7429.420505;0.24
1346;7429.420505;0.04
1346;7429.420505;-0.11
1346;7429.420505;-0.17
1346;7429.420505;-0.14
1346;7429.420505;-0.02
1346;7429.420505;0.16
1346;7429.420505;0.36
1346;7429.420505;0.53
1346;7429.420505;0.64
1346;7429.420505;0.68
1346;7429.420505;0.64
1346;7429.420505;0.55
1346;7429.420505;0.43
1346;7429.420505;0.31
1346;7429.420505;0.2
1346;7429.420505;0.13
1347;7423.904974;0.11
1347;7423.904974;0.13
1347;7423.904974;0.21
1347;7423.904974;0.32
1347;7423.904974;0.47
1347;7423.904974;0.63
1347;7423.904974;0.78
1347;7423.904974;0.91
1347;7423.904974;1
1347;7423.904974;1.05
1347;7423.904974;1.06
1347;7423.904974;1.02
1347;7423.904974;0.95
1347;7423.904974;0.86
1347;7423.904974;0.74
1347;7423.904974;0.6
1347;7423.904974;0.46
1347;7423.904974;0.33
1347;7423.904974;0.23
1347;7423.904974;0.17
1347;7423.904974;0.15
1347;7423.904974;0.16
1347;7423.904974;0.15
1348;7418.397626;0.11
1348;7418.397626;0.02
1348;7418.397626;-0.13
1348;7418.397626;-0.31
1348;7418.397626;-0.45
1348;7418.397626;-0.52
1348;7418.397626;-0.48
1348;7418.397626;-0.33
1348;7418.397626;-0.09
1348;7418.397626;0.17
1348;7418.397626;0.4
1348;7418.397626;0.53
1348;7418.397626;0.55
1348;7418.397626;0.47
1348;7418.397626;0.31
1348;7418.397626;0.15
1348;7418.397626;0.01
1348;7418.397626;-0.06
1348;7418.397626;-0.06
1348;7418.397626;0
1348;7418.397626;0.09
1348;7418.397626;0.19
1348;7418.397626;0.26
1349;7412.898443;0.28
1349;7412.898443;0.24
1349;7412.898443;0.13
1349;7412.898443;-0.03
1349;7412.898443;-0.22
1349;7412.898443;-0.41
1349;7412.898443;-0.56
1349;7412.898443;-0.65
1349;7412.898443;-0.64
1349;7412.898443;-0.56
1349;7412.898443;-0.41
1349;7412.898443;-0.22
1349;7412.898443;-0.04
1349;7412.898443;0.11
1349;7412.898443;0.22
1349;7412.898443;0.28
1349;7412.898443;0.32
1349;7412.898443;0.36
1349;7412.898443;0.41
1349;7412.898443;0.48
1349;7412.898443;0.57
1349;7412.898443;0.65
1349;7412.898443;0.71
1350;7407.407407;0.73
1350;7407.407407;0.7
1350;7407.407407;0.61
1350;7407.407407;0.46
1350;7407.407407;0.28
1350;7407.407407;0.09
1350;7407.407407;-0.1
1350;7407.407407;-0.25
1350;7407.407407;-0.35
1350;7407.407407;-0.39
1350;7407.407407;-0.38
1350;7407.407407;-0.34
1350;7407.407407;-0.28
1350;7407.407407;-0.23
1350;7407.407407;-0.19
1350;7407.407407;-0.17
1350;7407.407407;-0.15
1350;7407.407407;-0.12
1350;7407.407407;-0.06
1350;7407.407407;0.03
1350;7407.407407;0.13
1350;7407.407407;0.21
1350;7407.407407;0.24
1351;7401.9245;0.18
1351;7401.9245;0.02
1351;7401.9245;-0.23
1351;7401.9245;-0.54
1351;7401.9245;-0.86
1351;7401.9245;-1.12
1351;7401.9245;-1.28
1351;7401.9245;-1.32
1351;7401.9245;-1.25
1351;7401.9245;-1.07
1351;7401.9245;-0.83
1351;7401.9245;-0.56
1351;7401.9245;-0.31
1351;7401.9245;-0.08
1351;7401.9245;0.12
1351;7401.9245;0.28
1351;7401.9245;0.42
1351;7401.9245;0.52
1351;7401.9245;0.6
1351;7401.9245;0.64
1351;7401.9245;0.65
1351;7401.9245;0.63
1352;7396.449704;0.59
1352;7396.449704;0.57
1352;7396.449704;0.58
1352;7396.449704;0.64
1352;7396.449704;0.76
1352;7396.449704;0.94
1352;7396.449704;1.14
1352;7396.449704;1.34
1352;7396.449704;1.48
1352;7396.449704;1.55
1352;7396.449704;1.52
1352;7396.449704;1.37
1352;7396.449704;1.14
1352;7396.449704;0.84
1352;7396.449704;0.53
1352;7396.449704;0.25
1352;7396.449704;0.06
1352;7396.449704;-0.03
1352;7396.449704;0.01
1352;7396.449704;0.16
1352;7396.449704;0.38
1352;7396.449704;0.63
1352;7396.449704;0.86
1353;7390.983001;1.05
1353;7390.983001;1.17
1353;7390.983001;1.23
1353;7390.983001;1.23
1353;7390.983001;1.21
1353;7390.983001;1.17
1353;7390.983001;1.13
1353;7390.983001;1.06
1353;7390.983001;0.97
1353;7390.983001;0.85
1353;7390.983001;0.68
1353;7390.983001;0.49
1353;7390.983001;0.29
1353;7390.983001;0.12
1353;7390.983001;-0.02
1353;7390.983001;-0.08
1353;7390.983001;-0.09
1353;7390.983001;-0.04
1353;7390.983001;0.03
1353;7390.983001;0.1
1353;7390.983001;0.15
1353;7390.983001;0.15
1353;7390.983001;0.11
1354;7385.524372;0.04
1354;7385.524372;-0.04
1354;7385.524372;-0.12
1354;7385.524372;-0.17
1354;7385.524372;-0.21
1354;7385.524372;-0.22
1354;7385.524372;-0.21
1354;7385.524372;-0.2
1354;7385.524372;-0.19
1354;7385.524372;-0.18
1354;7385.524372;-0.15
1354;7385.524372;-0.12
1354;7385.524372;-0.08
1354;7385.524372;-0.03
1354;7385.524372;0.01
1354;7385.524372;0.04
1354;7385.524372;0.05
1354;7385.524372;0.05
1354;7385.524372;0.05
1354;7385.524372;0.06
1354;7385.524372;0.09
1354;7385.524372;0.14
1355;7380.073801;0.2
1355;7380.073801;0.26
1355;7380.073801;0.3
1355;7380.073801;0.29
1355;7380.073801;0.25
1355;7380.073801;0.19
1355;7380.073801;0.1
1355;7380.073801;0.02
1355;7380.073801;-0.06
1355;7380.073801;-0.13
1355;7380.073801;-0.21
1355;7380.073801;-0.29
1355;7380.073801;-0.37
1355;7380.073801;-0.45
1355;7380.073801;-0.5
1355;7380.073801;-0.52
1355;7380.073801;-0.49
1355;7380.073801;-0.43
1355;7380.073801;-0.36
1355;7380.073801;-0.31
1355;7380.073801;-0.29
1355;7380.073801;-0.32
1355;7380.073801;-0.39
1356;7374.631268;-0.48
1356;7374.631268;-0.55
1356;7374.631268;-0.6
1356;7374.631268;-0.61
1356;7374.631268;-0.58
1356;7374.631268;-0.54
1356;7374.631268;-0.5
1356;7374.631268;-0.48
1356;7374.631268;-0.48
1356;7374.631268;-0.48
1356;7374.631268;-0.46
1356;7374.631268;-0.41
1356;7374.631268;-0.32
1356;7374.631268;-0.22
1356;7374.631268;-0.14
1356;7374.631268;-0.11
1356;7374.631268;-0.16
1356;7374.631268;-0.3
1356;7374.631268;-0.52
1356;7374.631268;-0.79
1356;7374.631268;-1.04
1356;7374.631268;-1.24
1356;7374.631268;-1.33
1357;7369.196758;-1.31
1357;7369.196758;-1.18
1357;7369.196758;-0.97
1357;7369.196758;-0.71
1357;7369.196758;-0.44
1357;7369.196758;-0.21
1357;7369.196758;-0.04
1357;7369.196758;0.07
1357;7369.196758;0.11
1357;7369.196758;0.12
1357;7369.196758;0.13
1357;7369.196758;0.16
1357;7369.196758;0.24
1357;7369.196758;0.35
1357;7369.196758;0.49
1357;7369.196758;0.63
1357;7369.196758;0.73
1357;7369.196758;0.77
1357;7369.196758;0.73
1357;7369.196758;0.62
1357;7369.196758;0.44
1357;7369.196758;0.24
1358;7363.77025;0.03
1358;7363.77025;-0.16
1358;7363.77025;-0.33
1358;7363.77025;-0.47
1358;7363.77025;-0.58
1358;7363.77025;-0.67
1358;7363.77025;-0.73
1358;7363.77025;-0.76
1358;7363.77025;-0.76
1358;7363.77025;-0.74
1358;7363.77025;-0.7
1358;7363.77025;-0.66
1358;7363.77025;-0.64
1358;7363.77025;-0.64
1358;7363.77025;-0.65
1358;7363.77025;-0.66
1358;7363.77025;-0.66
1358;7363.77025;-0.62
1358;7363.77025;-0.56
1358;7363.77025;-0.49
1358;7363.77025;-0.43
1358;7363.77025;-0.42
1358;7363.77025;-0.45
1359;7358.351729;-0.53
1359;7358.351729;-0.61
1359;7358.351729;-0.66
1359;7358.351729;-0.66
1359;7358.351729;-0.6
1359;7358.351729;-0.49
1359;7358.351729;-0.35
1359;7358.351729;-0.24
1359;7358.351729;-0.17
1359;7358.351729;-0.15
1359;7358.351729;-0.16
1359;7358.351729;-0.18
1359;7358.351729;-0.18
1359;7358.351729;-0.13
1359;7358.351729;-0.05
1359;7358.351729;0.06
1359;7358.351729;0.17
1359;7358.351729;0.26
1359;7358.351729;0.32
1359;7358.351729;0.35
1359;7358.351729;0.36
1359;7358.351729;0.33
1360;7352.941176;0.28
1360;7352.941176;0.17
1360;7352.941176;-0.01
1360;7352.941176;-0.25
1360;7352.941176;-0.56
1360;7352.941176;-0.9
1360;7352.941176;-1.22
1360;7352.941176;-1.46
1360;7352.941176;-1.59
1360;7352.941176;-1.58
1360;7352.941176;-1.44
1360;7352.941176;-1.21
1360;7352.941176;-0.94
1360;7352.941176;-0.68
1360;7352.941176;-0.46
1360;7352.941176;-0.32
1360;7352.941176;-0.26
1360;7352.941176;-0.26
1360;7352.941176;-0.33
1360;7352.941176;-0.42
1360;7352.941176;-0.54
1360;7352.941176;-0.64
1361;7347.538575;-0.71
1361;7347.538575;-0.74
1361;7347.538575;-0.69
1361;7347.538575;-0.58
1361;7347.538575;-0.4
1361;7347.538575;-0.18
1361;7347.538575;0.04
1361;7347.538575;0.24
1361;7347.538575;0.4
1361;7347.538575;0.5
1361;7347.538575;0.55
1361;7347.538575;0.58
1361;7347.538575;0.6
1361;7347.538575;0.62
1361;7347.538575;0.66
1361;7347.538575;0.68
1361;7347.538575;0.67
1361;7347.538575;0.6
1361;7347.538575;0.45
1361;7347.538575;0.23
1361;7347.538575;-0.05
1361;7347.538575;-0.33
1361;7347.538575;-0.58
1362;7342.143906;-0.75
1362;7342.143906;-0.81
1362;7342.143906;-0.77
1362;7342.143906;-0.63
1362;7342.143906;-0.42
1362;7342.143906;-0.18
1362;7342.143906;0.06
1362;7342.143906;0.28
1362;7342.143906;0.43
1362;7342.143906;0.51
1362;7342.143906;0.5
1362;7342.143906;0.4
1362;7342.143906;0.24
1362;7342.143906;0.06
1362;7342.143906;-0.1
1362;7342.143906;-0.18
1362;7342.143906;-0.14
1362;7342.143906;0.01
1362;7342.143906;0.24
1362;7342.143906;0.51
1362;7342.143906;0.73
1362;7342.143906;0.85
1363;7336.757153;0.85
1363;7336.757153;0.72
1363;7336.757153;0.52
1363;7336.757153;0.3
1363;7336.757153;0.11
1363;7336.757153;-0.01
1363;7336.757153;-0.08
1363;7336.757153;-0.1
1363;7336.757153;-0.12
1363;7336.757153;-0.15
1363;7336.757153;-0.21
1363;7336.757153;-0.29
1363;7336.757153;-0.37
1363;7336.757153;-0.44
1363;7336.757153;-0.47
1363;7336.757153;-0.46
1363;7336.757153;-0.43
1363;7336.757153;-0.38
1363;7336.757153;-0.33
1363;7336.757153;-0.29
1363;7336.757153;-0.25
1363;7336.757153;-0.21
1363;7336.757153;-0.16
1364;7331.378299;-0.11
1364;7331.378299;-0.06
1364;7331.378299;-0.01
1364;7331.378299;0.02
1364;7331.378299;0.03
1364;7331.378299;0.03
1364;7331.378299;0.03
1364;7331.378299;0.02
1364;7331.378299;0.02
1364;7331.378299;0.04
1364;7331.378299;0.06
1364;7331.378299;0.08
1364;7331.378299;0.1
1364;7331.378299;0.11
1364;7331.378299;0.11
1364;7331.378299;0.11
1364;7331.378299;0.11
1364;7331.378299;0.12
1364;7331.378299;0.15
1364;7331.378299;0.2
1364;7331.378299;0.27
1364;7331.378299;0.34
1365;7326.007326;0.41
1365;7326.007326;0.46
1365;7326.007326;0.48
1365;7326.007326;0.47
1365;7326.007326;0.43
1365;7326.007326;0.37
1365;7326.007326;0.32
1365;7326.007326;0.27
1365;7326.007326;0.25
1365;7326.007326;0.25
1365;7326.007326;0.27
1365;7326.007326;0.3
1365;7326.007326;0.32
1365;7326.007326;0.32
1365;7326.007326;0.32
1365;7326.007326;0.31
1365;7326.007326;0.31
1365;7326.007326;0.33
1365;7326.007326;0.37
1365;7326.007326;0.43
1365;7326.007326;0.51
1365;7326.007326;0.6
1366;7320.644217;0.68
1366;7320.644217;0.75
1366;7320.644217;0.81
1366;7320.644217;0.87
1366;7320.644217;0.91
1366;7320.644217;0.94
1366;7320.644217;0.94
1366;7320.644217;0.92
1366;7320.644217;0.85
1366;7320.644217;0.74
1366;7320.644217;0.57
1366;7320.644217;0.38
1366;7320.644217;0.18
1366;7320.644217;-0.01
1366;7320.644217;-0.15
1366;7320.644217;-0.23
1366;7320.644217;-0.23
1366;7320.644217;-0.16
1366;7320.644217;-0.04
1366;7320.644217;0.11
1366;7320.644217;0.24
1366;7320.644217;0.33
1367;7315.288954;0.36
1367;7315.288954;0.31
1367;7315.288954;0.18
1367;7315.288954;0
1367;7315.288954;-0.22
1367;7315.288954;-0.46
1367;7315.288954;-0.67
1367;7315.288954;-0.83
1367;7315.288954;-0.93
1367;7315.288954;-0.94
1367;7315.288954;-0.86
1367;7315.288954;-0.7
1367;7315.288954;-0.48
1367;7315.288954;-0.23
1367;7315.288954;0.02
1367;7315.288954;0.23
1367;7315.288954;0.38
1367;7315.288954;0.45
1367;7315.288954;0.45
1367;7315.288954;0.38
1367;7315.288954;0.28
1367;7315.288954;0.17
1367;7315.288954;0.05
1368;7309.94152;-0.04
1368;7309.94152;-0.11
1368;7309.94152;-0.16
1368;7309.94152;-0.2
1368;7309.94152;-0.23
1368;7309.94152;-0.25
1368;7309.94152;-0.26
1368;7309.94152;-0.24
1368;7309.94152;-0.21
1368;7309.94152;-0.14
1368;7309.94152;-0.04
1368;7309.94152;0.08
1368;7309.94152;0.22
1368;7309.94152;0.37
1368;7309.94152;0.51
1368;7309.94152;0.64
1368;7309.94152;0.75
1368;7309.94152;0.83
1368;7309.94152;0.87
1368;7309.94152;0.88
1368;7309.94152;0.86
1368;7309.94152;0.82
1369;7304.601899;0.78
1369;7304.601899;0.74
1369;7304.601899;0.7
1369;7304.601899;0.66
1369;7304.601899;0.61
1369;7304.601899;0.54
1369;7304.601899;0.44
1369;7304.601899;0.32
1369;7304.601899;0.2
1369;7304.601899;0.11
1369;7304.601899;0.06
1369;7304.601899;0.08
1369;7304.601899;0.18
1369;7304.601899;0.33
1369;7304.601899;0.51
1369;7304.601899;0.67
1369;7304.601899;0.79
1369;7304.601899;0.82
1369;7304.601899;0.76
1369;7304.601899;0.62
1369;7304.601899;0.41
1369;7304.601899;0.15
1370;7299.270073;-0.13
1370;7299.270073;-0.41
1370;7299.270073;-0.66
1370;7299.270073;-0.87
1370;7299.270073;-1
1370;7299.270073;-1.05
1370;7299.270073;-1
1370;7299.270073;-0.87
1370;7299.270073;-0.68
1370;7299.270073;-0.46
1370;7299.270073;-0.27
1370;7299.270073;-0.13
1370;7299.270073;-0.09
1370;7299.270073;-0.14
1370;7299.270073;-0.29
1370;7299.270073;-0.51
1370;7299.270073;-0.76
1370;7299.270073;-1
1370;7299.270073;-1.21
1370;7299.270073;-1.35
1370;7299.270073;-1.4
1370;7299.270073;-1.37
1371;7293.946025;-1.25
1371;7293.946025;-1.07
1371;7293.946025;-0.85
1371;7293.946025;-0.61
1371;7293.946025;-0.38
1371;7293.946025;-0.19
1371;7293.946025;-0.04
1371;7293.946025;0.09
1371;7293.946025;0.23
1371;7293.946025;0.39
1371;7293.946025;0.6
1371;7293.946025;0.89
1371;7293.946025;1.22
1371;7293.946025;1.58
1371;7293.946025;1.91
1371;7293.946025;2.15
1371;7293.946025;2.27
1371;7293.946025;2.23
1371;7293.946025;2.03
1371;7293.946025;1.69
1371;7293.946025;1.26
1371;7293.946025;0.77
1372;7288.629738;0.3
1372;7288.629738;-0.13
1372;7288.629738;-0.46
1372;7288.629738;-0.68
1372;7288.629738;-0.79
1372;7288.629738;-0.79
1372;7288.629738;-0.7
1372;7288.629738;-0.56
1372;7288.629738;-0.41
1372;7288.629738;-0.27
1372;7288.629738;-0.19
1372;7288.629738;-0.18
1372;7288.629738;-0.24
1372;7288.629738;-0.35
1372;7288.629738;-0.47
1372;7288.629738;-0.56
1372;7288.629738;-0.58
1372;7288.629738;-0.51
1372;7288.629738;-0.34
1372;7288.629738;-0.1
1372;7288.629738;0.17
1372;7288.629738;0.42
1373;7283.321194;0.62
1373;7283.321194;0.74
1373;7283.321194;0.78
1373;7283.321194;0.76
1373;7283.321194;0.69
1373;7283.321194;0.6
1373;7283.321194;0.51
1373;7283.321194;0.43
1373;7283.321194;0.36
1373;7283.321194;0.29
1373;7283.321194;0.22
1373;7283.321194;0.16
1373;7283.321194;0.12
1373;7283.321194;0.09
1373;7283.321194;0.08
1373;7283.321194;0.09
1373;7283.321194;0.1
1373;7283.321194;0.11
1373;7283.321194;0.11
1373;7283.321194;0.12
1373;7283.321194;0.15
1373;7283.321194;0.19
1374;7278.020378;0.25
1374;7278.020378;0.33
1374;7278.020378;0.41
1374;7278.020378;0.47
1374;7278.020378;0.53
1374;7278.020378;0.56
1374;7278.020378;0.6
1374;7278.020378;0.64
1374;7278.020378;0.7
1374;7278.020378;0.76
1374;7278.020378;0.8
1374;7278.020378;0.79
1374;7278.020378;0.72
1374;7278.020378;0.58
1374;7278.020378;0.37
1374;7278.020378;0.13
1374;7278.020378;-0.11
1374;7278.020378;-0.3
1374;7278.020378;-0.43
1374;7278.020378;-0.49
1374;7278.020378;-0.49
1374;7278.020378;-0.44
1375;7272.727273;-0.38
1375;7272.727273;-0.29
1375;7272.727273;-0.19
1375;7272.727273;-0.06
1375;7272.727273;0.09
1375;7272.727273;0.25
1375;7272.727273;0.42
1375;7272.727273;0.57
1375;7272.727273;0.68
1375;7272.727273;0.74
1375;7272.727273;0.75
1375;7272.727273;0.71
1375;7272.727273;0.66
1375;7272.727273;0.6
1375;7272.727273;0.56
1375;7272.727273;0.54
1375;7272.727273;0.53
1375;7272.727273;0.53
1375;7272.727273;0.51
1375;7272.727273;0.45
1375;7272.727273;0.34
1375;7272.727273;0.2
1376;7267.44186;0.02
1376;7267.44186;-0.16
1376;7267.44186;-0.34
1376;7267.44186;-0.48
1376;7267.44186;-0.57
1376;7267.44186;-0.62
1376;7267.44186;-0.62
1376;7267.44186;-0.58
1376;7267.44186;-0.51
1376;7267.44186;-0.41
1376;7267.44186;-0.28
1376;7267.44186;-0.14
1376;7267.44186;-0.01
1376;7267.44186;0.11
1376;7267.44186;0.17
1376;7267.44186;0.16
1376;7267.44186;0.07
1376;7267.44186;-0.09
1376;7267.44186;-0.28
1376;7267.44186;-0.46
1376;7267.44186;-0.61
1376;7267.44186;-0.68
1377;7262.164125;-0.67
1377;7262.164125;-0.59
1377;7262.164125;-0.47
1377;7262.164125;-0.33
1377;7262.164125;-0.22
1377;7262.164125;-0.12
1377;7262.164125;-0.05
1377;7262.164125;0.01
1377;7262.164125;0.08
1377;7262.164125;0.17
1377;7262.164125;0.27
1377;7262.164125;0.37
1377;7262.164125;0.46
1377;7262.164125;0.52
1377;7262.164125;0.54
1377;7262.164125;0.51
1377;7262.164125;0.45
1377;7262.164125;0.36
1377;7262.164125;0.26
1377;7262.164125;0.15
1377;7262.164125;0.06
1377;7262.164125;0
1378;7256.894049;-0.01
1378;7256.894049;0.04
1378;7256.894049;0.13
1378;7256.894049;0.24
1378;7256.894049;0.36
1378;7256.894049;0.43
1378;7256.894049;0.44
1378;7256.894049;0.38
1378;7256.894049;0.26
1378;7256.894049;0.12
1378;7256.894049;-0.01
1378;7256.894049;-0.11
1378;7256.894049;-0.15
1378;7256.894049;-0.13
1378;7256.894049;-0.06
1378;7256.894049;0.03
1378;7256.894049;0.13
1378;7256.894049;0.22
1378;7256.894049;0.32
1378;7256.894049;0.41
1378;7256.894049;0.52
1378;7256.894049;0.62
1379;7251.631617;0.71
1379;7251.631617;0.75
1379;7251.631617;0.75
1379;7251.631617;0.67
1379;7251.631617;0.54
1379;7251.631617;0.37
1379;7251.631617;0.2
1379;7251.631617;0.06
1379;7251.631617;-0.03
1379;7251.631617;-0.06
1379;7251.631617;-0.05
1379;7251.631617;-0.02
1379;7251.631617;0.01
1379;7251.631617;0.02
1379;7251.631617;0.01
1379;7251.631617;0
1379;7251.631617;-0.01
1379;7251.631617;0.01
1379;7251.631617;0.04
1379;7251.631617;0.08
1379;7251.631617;0.1
1380;7246.376812;0.09
1380;7246.376812;0.02
1380;7246.376812;-0.12
1380;7246.376812;-0.3
1380;7246.376812;-0.51
1380;7246.376812;-0.71
1380;7246.376812;-0.87
1380;7246.376812;-0.98
1380;7246.376812;-1.01
1380;7246.376812;-0.98
1380;7246.376812;-0.89
1380;7246.376812;-0.75
1380;7246.376812;-0.59
1380;7246.376812;-0.43
1380;7246.376812;-0.3
1380;7246.376812;-0.22
1380;7246.376812;-0.2
1380;7246.376812;-0.24
1380;7246.376812;-0.32
1380;7246.376812;-0.43
1380;7246.376812;-0.51
1380;7246.376812;-0.56
1381;7241.129616;-0.55
1381;7241.129616;-0.47
1381;7241.129616;-0.35
1381;7241.129616;-0.2
1381;7241.129616;-0.06
1381;7241.129616;0.05
1381;7241.129616;0.11
1381;7241.129616;0.14
1381;7241.129616;0.13
1381;7241.129616;0.12
1381;7241.129616;0.12
1381;7241.129616;0.15
1381;7241.129616;0.21
1381;7241.129616;0.29
1381;7241.129616;0.38
1381;7241.129616;0.46
1381;7241.129616;0.52
1381;7241.129616;0.54
1381;7241.129616;0.51
1381;7241.129616;0.44
1381;7241.129616;0.33
1381;7241.129616;0.2
1382;7235.890014;0.07
1382;7235.890014;-0.03
1382;7235.890014;-0.09
1382;7235.890014;-0.09
1382;7235.890014;-0.03
1382;7235.890014;0.09
1382;7235.890014;0.23
1382;7235.890014;0.37
1382;7235.890014;0.47
1382;7235.890014;0.52
1382;7235.890014;0.51
1382;7235.890014;0.45
1382;7235.890014;0.38
1382;7235.890014;0.31
1382;7235.890014;0.27
1382;7235.890014;0.29
1382;7235.890014;0.37
1382;7235.890014;0.5
1382;7235.890014;0.65
1382;7235.890014;0.82
1382;7235.890014;0.97
1382;7235.890014;1.08
1383;7230.65799;1.15
1383;7230.65799;1.18
1383;7230.65799;1.16
1383;7230.65799;1.11
1383;7230.65799;1.04
1383;7230.65799;0.97
1383;7230.65799;0.91
1383;7230.65799;0.86
1383;7230.65799;0.83
1383;7230.65799;0.81
1383;7230.65799;0.8
1383;7230.65799;0.77
1383;7230.65799;0.71
1383;7230.65799;0.63
1383;7230.65799;0.53
1383;7230.65799;0.42
1383;7230.65799;0.32
1383;7230.65799;0.26
1383;7230.65799;0.25
1383;7230.65799;0.28
1383;7230.65799;0.35
1384;7225.433526;0.43
1384;7225.433526;0.47
1384;7225.433526;0.46
1384;7225.433526;0.38
1384;7225.433526;0.23
1384;7225.433526;0.04
1384;7225.433526;-0.17
1384;7225.433526;-0.38
1384;7225.433526;-0.56
1384;7225.433526;-0.72
1384;7225.433526;-0.85
1384;7225.433526;-0.97
1384;7225.433526;-1.08
1384;7225.433526;-1.2
1384;7225.433526;-1.3
1384;7225.433526;-1.38
1384;7225.433526;-1.43
1384;7225.433526;-1.41
1384;7225.433526;-1.34
1384;7225.433526;-1.21
1384;7225.433526;-1.02
1384;7225.433526;-0.79
1385;7220.216606;-0.54
1385;7220.216606;-0.26
1385;7220.216606;0.01
1385;7220.216606;0.28
1385;7220.216606;0.52
1385;7220.216606;0.72
1385;7220.216606;0.87
1385;7220.216606;0.97
1385;7220.216606;1.01
1385;7220.216606;0.98
1385;7220.216606;0.89
1385;7220.216606;0.75
1385;7220.216606;0.58
1385;7220.216606;0.39
1385;7220.216606;0.19
1385;7220.216606;0.01
1385;7220.216606;-0.13
1385;7220.216606;-0.22
1385;7220.216606;-0.26
1385;7220.216606;-0.24
1385;7220.216606;-0.2
1385;7220.216606;-0.14
1386;7215.007215;-0.1
1386;7215.007215;-0.1
1386;7215.007215;-0.15
1386;7215.007215;-0.24
1386;7215.007215;-0.34
1386;7215.007215;-0.45
1386;7215.007215;-0.53
1386;7215.007215;-0.58
1386;7215.007215;-0.59
1386;7215.007215;-0.57
1386;7215.007215;-0.53
1386;7215.007215;-0.48
1386;7215.007215;-0.43
1386;7215.007215;-0.37
1386;7215.007215;-0.31
1386;7215.007215;-0.25
1386;7215.007215;-0.18
1386;7215.007215;-0.12
1386;7215.007215;-0.06
1386;7215.007215;-0.03
1386;7215.007215;-0.01
1387;7209.805335;0
1387;7209.805335;0.03
1387;7209.805335;0.07
1387;7209.805335;0.13
1387;7209.805335;0.21
1387;7209.805335;0.28
1387;7209.805335;0.32
1387;7209.805335;0.31
1387;7209.805335;0.24
1387;7209.805335;0.14
1387;7209.805335;0.01
1387;7209.805335;-0.1
1387;7209.805335;-0.18
1387;7209.805335;-0.2
1387;7209.805335;-0.18
1387;7209.805335;-0.12
1387;7209.805335;-0.04
1387;7209.805335;0.04
1387;7209.805335;0.12
1387;7209.805335;0.22
1387;7209.805335;0.34
1387;7209.805335;0.49
1388;7204.610951;0.67
1388;7204.610951;0.86
1388;7204.610951;1.05
1388;7204.610951;1.19
1388;7204.610951;1.27
1388;7204.610951;1.28
1388;7204.610951;1.22
1388;7204.610951;1.1
1388;7204.610951;0.94
1388;7204.610951;0.78
1388;7204.610951;0.63
1388;7204.610951;0.51
1388;7204.610951;0.43
1388;7204.610951;0.4
1388;7204.610951;0.39
1388;7204.610951;0.41
1388;7204.610951;0.42
1388;7204.610951;0.43
1388;7204.610951;0.42
1388;7204.610951;0.39
1388;7204.610951;0.37
1389;7199.424046;0.37
1389;7199.424046;0.39
1389;7199.424046;0.44
1389;7199.424046;0.52
1389;7199.424046;0.6
1389;7199.424046;0.67
1389;7199.424046;0.71
1389;7199.424046;0.71
1389;7199.424046;0.69
1389;7199.424046;0.65
1389;7199.424046;0.61
1389;7199.424046;0.58
1389;7199.424046;0.55
1389;7199.424046;0.52
1389;7199.424046;0.48
1389;7199.424046;0.41
1389;7199.424046;0.31
1389;7199.424046;0.2
1389;7199.424046;0.09
1389;7199.424046;-0.01
1389;7199.424046;-0.09
1389;7199.424046;-0.15
1390;7194.244604;-0.21
1390;7194.244604;-0.26
1390;7194.244604;-0.33
1390;7194.244604;-0.4
1390;7194.244604;-0.48
1390;7194.244604;-0.56
1390;7194.244604;-0.65
1390;7194.244604;-0.74
1390;7194.244604;-0.84
1390;7194.244604;-0.95
1390;7194.244604;-1.06
1390;7194.244604;-1.14
1390;7194.244604;-1.16
1390;7194.244604;-1.1
1390;7194.244604;-0.94
1390;7194.244604;-0.69
1390;7194.244604;-0.38
1390;7194.244604;-0.07
1390;7194.244604;0.19
1390;7194.244604;0.35
1390;7194.244604;0.41
1391;7189.07261;0.36
1391;7189.07261;0.23
1391;7189.07261;0.09
1391;7189.07261;-0.05
1391;7189.07261;-0.14
1391;7189.07261;-0.19
1391;7189.07261;-0.19
1391;7189.07261;-0.17
1391;7189.07261;-0.14
1391;7189.07261;-0.11
1391;7189.07261;-0.09
1391;7189.07261;-0.07
1391;7189.07261;-0.03
1391;7189.07261;0.02
1391;7189.07261;0.07
1391;7189.07261;0.12
1391;7189.07261;0.15
1391;7189.07261;0.16
1391;7189.07261;0.16
1391;7189.07261;0.14
1391;7189.07261;0.14
1391;7189.07261;0.16
1392;7183.908046;0.23
1392;7183.908046;0.35
1392;7183.908046;0.49
1392;7183.908046;0.64
1392;7183.908046;0.77
1392;7183.908046;0.85
1392;7183.908046;0.88
1392;7183.908046;0.84
1392;7183.908046;0.75
1392;7183.908046;0.61
1392;7183.908046;0.44
1392;7183.908046;0.24
1392;7183.908046;0.03
1392;7183.908046;-0.18
1392;7183.908046;-0.37
1392;7183.908046;-0.52
1392;7183.908046;-0.63
1392;7183.908046;-0.69
1392;7183.908046;-0.73
1392;7183.908046;-0.74
1392;7183.908046;-0.77
1393;7178.750897;-0.8
1393;7178.750897;-0.84
1393;7178.750897;-0.87
1393;7178.750897;-0.84
1393;7178.750897;-0.75
1393;7178.750897;-0.57
1393;7178.750897;-0.34
1393;7178.750897;-0.1
1393;7178.750897;0.11
1393;7178.750897;0.23
1393;7178.750897;0.25
1393;7178.750897;0.17
1393;7178.750897;0.02
1393;7178.750897;-0.15
1393;7178.750897;-0.31
1393;7178.750897;-0.43
1393;7178.750897;-0.5
1393;7178.750897;-0.52
1393;7178.750897;-0.53
1393;7178.750897;-0.53
1393;7178.750897;-0.52
1393;7178.750897;-0.5
1394;7173.601148;-0.46
1394;7173.601148;-0.4
1394;7173.601148;-0.32
1394;7173.601148;-0.25
1394;7173.601148;-0.21
1394;7173.601148;-0.2
1394;7173.601148;-0.23
1394;7173.601148;-0.28
1394;7173.601148;-0.34
1394;7173.601148;-0.37
1394;7173.601148;-0.37
1394;7173.601148;-0.32
1394;7173.601148;-0.25
1394;7173.601148;-0.16
1394;7173.601148;-0.07
1394;7173.601148;0
1394;7173.601148;0.06
1394;7173.601148;0.07
1394;7173.601148;0.04
1394;7173.601148;-0.03
1394;7173.601148;-0.16
1395;7168.458781;-0.31
1395;7168.458781;-0.47
1395;7168.458781;-0.61
1395;7168.458781;-0.7
1395;7168.458781;-0.72
1395;7168.458781;-0.67
1395;7168.458781;-0.55
1395;7168.458781;-0.37
1395;7168.458781;-0.17
1395;7168.458781;0.04
1395;7168.458781;0.24
1395;7168.458781;0.42
1395;7168.458781;0.57
1395;7168.458781;0.67
1395;7168.458781;0.72
1395;7168.458781;0.7
1395;7168.458781;0.61
1395;7168.458781;0.45
1395;7168.458781;0.27
1395;7168.458781;0.08
1395;7168.458781;-0.08
1396;7163.323782;-0.19
1396;7163.323782;-0.25
1396;7163.323782;-0.25
1396;7163.323782;-0.22
1396;7163.323782;-0.19
1396;7163.323782;-0.17
1396;7163.323782;-0.18
1396;7163.323782;-0.22
1396;7163.323782;-0.3
1396;7163.323782;-0.41
1396;7163.323782;-0.55
1396;7163.323782;-0.68
1396;7163.323782;-0.81
1396;7163.323782;-0.9
1396;7163.323782;-0.93
1396;7163.323782;-0.9
1396;7163.323782;-0.8
1396;7163.323782;-0.64
1396;7163.323782;-0.45
1396;7163.323782;-0.25
1396;7163.323782;-0.05
1397;7158.196135;0.12
1397;7158.196135;0.28
1397;7158.196135;0.42
1397;7158.196135;0.54
1397;7158.196135;0.64
1397;7158.196135;0.7
1397;7158.196135;0.72
1397;7158.196135;0.68
1397;7158.196135;0.6
1397;7158.196135;0.5
1397;7158.196135;0.4
1397;7158.196135;0.32
1397;7158.196135;0.29
1397;7158.196135;0.3
1397;7158.196135;0.34
1397;7158.196135;0.39
1397;7158.196135;0.42
1397;7158.196135;0.42
1397;7158.196135;0.4
1397;7158.196135;0.35
1397;7158.196135;0.31
1397;7158.196135;0.26
1398;7153.075823;0.22
1398;7153.075823;0.18
1398;7153.075823;0.12
1398;7153.075823;0.05
1398;7153.075823;-0.03
1398;7153.075823;-0.12
1398;7153.075823;-0.19
1398;7153.075823;-0.23
1398;7153.075823;-0.22
1398;7153.075823;-0.18
1398;7153.075823;-0.1
1398;7153.075823;0.01
1398;7153.075823;0.13
1398;7153.075823;0.24
1398;7153.075823;0.35
1398;7153.075823;0.45
1398;7153.075823;0.53
1398;7153.075823;0.6
1398;7153.075823;0.64
1398;7153.075823;0.64
1398;7153.075823;0.61
1399;7147.962831;0.54
1399;7147.962831;0.42
1399;7147.962831;0.26
1399;7147.962831;0.09
1399;7147.962831;-0.07
1399;7147.962831;-0.2
1399;7147.962831;-0.25
1399;7147.962831;-0.23
1399;7147.962831;-0.13
1399;7147.962831;0.03
1399;7147.962831;0.21
1399;7147.962831;0.39
1399;7147.962831;0.52
1399;7147.962831;0.6
1399;7147.962831;0.64
1399;7147.962831;0.63
1399;7147.962831;0.61
1399;7147.962831;0.6
1399;7147.962831;0.6
1399;7147.962831;0.6
1399;7147.962831;0.6
1400;7142.857143;0.58
1400;7142.857143;0.52
1400;7142.857143;0.43
1400;7142.857143;0.3
1400;7142.857143;0.15
1400;7142.857143;-0.03
1400;7142.857143;-0.2
1400;7142.857143;-0.37
1400;7142.857143;-0.51
1400;7142.857143;-0.62
1400;7142.857143;-0.67
1400;7142.857143;-0.68
1400;7142.857143;-0.64
1400;7142.857143;-0.55
1400;7142.857143;-0.45
1400;7142.857143;-0.34
1400;7142.857143;-0.23
1400;7142.857143;-0.15
1400;7142.857143;-0.08
1400;7142.857143;-0.03
1400;7142.857143;0
1401;7137.758744;0.01
1401;7137.758744;0.01
1401;7137.758744;0.01
1401;7137.758744;0
1401;7137.758744;0.01
1401;7137.758744;0.03
1401;7137.758744;0.08
1401;7137.758744;0.14
1401;7137.758744;0.2
1401;7137.758744;0.23
1401;7137.758744;0.23
1401;7137.758744;0.19
1401;7137.758744;0.12
1401;7137.758744;0.03
1401;7137.758744;-0.05
1401;7137.758744;-0.1
1401;7137.758744;-0.13
1401;7137.758744;-0.14
1401;7137.758744;-0.15
1401;7137.758744;-0.17
1401;7137.758744;-0.22
1402;7132.667618;-0.27
1402;7132.667618;-0.32
1402;7132.667618;-0.34
1402;7132.667618;-0.32
1402;7132.667618;-0.27
1402;7132.667618;-0.21
1402;7132.667618;-0.15
1402;7132.667618;-0.12
1402;7132.667618;-0.11
1402;7132.667618;-0.13
1402;7132.667618;-0.13
1402;7132.667618;-0.09
1402;7132.667618;0.01
1402;7132.667618;0.16
1402;7132.667618;0.34
1402;7132.667618;0.52
1402;7132.667618;0.68
1402;7132.667618;0.8
1402;7132.667618;0.86
1402;7132.667618;0.89
1402;7132.667618;0.89
1402;7132.667618;0.89
1403;7127.583749;0.88
1403;7127.583749;0.87
1403;7127.583749;0.84
1403;7127.583749;0.79
1403;7127.583749;0.72
1403;7127.583749;0.63
1403;7127.583749;0.53
1403;7127.583749;0.43
1403;7127.583749;0.32
1403;7127.583749;0.2
1403;7127.583749;0.07
1403;7127.583749;-0.09
1403;7127.583749;-0.26
1403;7127.583749;-0.44
1403;7127.583749;-0.59
1403;7127.583749;-0.7
1403;7127.583749;-0.73
1403;7127.583749;-0.68
1403;7127.583749;-0.56
1403;7127.583749;-0.41
1403;7127.583749;-0.25
1404;7122.507123;-0.13
1404;7122.507123;-0.05
1404;7122.507123;-0.02
1404;7122.507123;-0.02
1404;7122.507123;-0.02
1404;7122.507123;0
1404;7122.507123;0.07
1404;7122.507123;0.17
1404;7122.507123;0.28
1404;7122.507123;0.38
1404;7122.507123;0.42
1404;7122.507123;0.4
1404;7122.507123;0.32
1404;7122.507123;0.18
1404;7122.507123;0.01
1404;7122.507123;-0.13
1404;7122.507123;-0.23
1404;7122.507123;-0.26
1404;7122.507123;-0.23
1404;7122.507123;-0.13
1404;7122.507123;0.01
1405;7117.437722;0.17
1405;7117.437722;0.34
1405;7117.437722;0.49
1405;7117.437722;0.61
1405;7117.437722;0.68
1405;7117.437722;0.69
1405;7117.437722;0.64
1405;7117.437722;0.54
1405;7117.437722;0.4
1405;7117.437722;0.25
1405;7117.437722;0.11
1405;7117.437722;0.01
1405;7117.437722;-0.05
1405;7117.437722;-0.07
1405;7117.437722;-0.04
1405;7117.437722;0
1405;7117.437722;0.05
1405;7117.437722;0.11
1405;7117.437722;0.16
1405;7117.437722;0.21
1405;7117.437722;0.25
1406;7112.375533;0.27
1406;7112.375533;0.28
1406;7112.375533;0.27
1406;7112.375533;0.25
1406;7112.375533;0.21
1406;7112.375533;0.18
1406;7112.375533;0.16
1406;7112.375533;0.15
1406;7112.375533;0.14
1406;7112.375533;0.13
1406;7112.375533;0.11
1406;7112.375533;0.04
1406;7112.375533;-0.05
1406;7112.375533;-0.19
1406;7112.375533;-0.35
1406;7112.375533;-0.52
1406;7112.375533;-0.68
1406;7112.375533;-0.83
1406;7112.375533;-0.96
1406;7112.375533;-1.05
1406;7112.375533;-1.11
1407;7107.32054;-1.12
1407;7107.32054;-1.08
1407;7107.32054;-0.97
1407;7107.32054;-0.8
1407;7107.32054;-0.59
1407;7107.32054;-0.35
1407;7107.32054;-0.11
1407;7107.32054;0.09
1407;7107.32054;0.24
1407;7107.32054;0.32
1407;7107.32054;0.33
1407;7107.32054;0.29
1407;7107.32054;0.21
1407;7107.32054;0.1
1407;7107.32054;-0.02
1407;7107.32054;-0.15
1407;7107.32054;-0.28
1407;7107.32054;-0.4
1407;7107.32054;-0.5
1407;7107.32054;-0.58
1407;7107.32054;-0.65
1408;7102.272727;-0.68
1408;7102.272727;-0.69
1408;7102.272727;-0.66
1408;7102.272727;-0.61
1408;7102.272727;-0.54
1408;7102.272727;-0.45
1408;7102.272727;-0.35
1408;7102.272727;-0.26
1408;7102.272727;-0.19
1408;7102.272727;-0.16
1408;7102.272727;-0.18
1408;7102.272727;-0.23
1408;7102.272727;-0.31
1408;7102.272727;-0.4
1408;7102.272727;-0.47
1408;7102.272727;-0.5
1408;7102.272727;-0.47
1408;7102.272727;-0.37
1408;7102.272727;-0.21
1408;7102.272727;-0.01
1408;7102.272727;0.22
1409;7097.232079;0.46
1409;7097.232079;0.68
1409;7097.232079;0.89
1409;7097.232079;1.07
1409;7097.232079;1.21
1409;7097.232079;1.31
1409;7097.232079;1.37
1409;7097.232079;1.38
1409;7097.232079;1.35
1409;7097.232079;1.27
1409;7097.232079;1.16
1409;7097.232079;1.03
1409;7097.232079;0.88
1409;7097.232079;0.72
1409;7097.232079;0.57
1409;7097.232079;0.42
1409;7097.232079;0.28
1409;7097.232079;0.16
1409;7097.232079;0.05
1409;7097.232079;-0.04
1410;7092.198582;-0.11
1410;7092.198582;-0.15
1410;7092.198582;-0.16
1410;7092.198582;-0.14
1410;7092.198582;-0.09
1410;7092.198582;0
1410;7092.198582;0.12
1410;7092.198582;0.27
1410;7092.198582;0.41
1410;7092.198582;0.54
1410;7092.198582;0.64
1410;7092.198582;0.67
1410;7092.198582;0.62
1410;7092.198582;0.51
1410;7092.198582;0.33
1410;7092.198582;0.13
1410;7092.198582;-0.07
1410;7092.198582;-0.23
1410;7092.198582;-0.31
1410;7092.198582;-0.32
1410;7092.198582;-0.25
1411;7087.172218;-0.13
1411;7087.172218;0
1411;7087.172218;0.1
1411;7087.172218;0.14
1411;7087.172218;0.11
1411;7087.172218;0.02
1411;7087.172218;-0.11
1411;7087.172218;-0.24
1411;7087.172218;-0.33
1411;7087.172218;-0.35
1411;7087.172218;-0.29
1411;7087.172218;-0.16
1411;7087.172218;0
1411;7087.172218;0.17
1411;7087.172218;0.28
1411;7087.172218;0.33
1411;7087.172218;0.31
1411;7087.172218;0.22
1411;7087.172218;0.1
1411;7087.172218;-0.04
1411;7087.172218;-0.18
1412;7082.152975;-0.3
1412;7082.152975;-0.41
1412;7082.152975;-0.49
1412;7082.152975;-0.56
1412;7082.152975;-0.6
1412;7082.152975;-0.6
1412;7082.152975;-0.56
1412;7082.152975;-0.47
1412;7082.152975;-0.34
1412;7082.152975;-0.21
1412;7082.152975;-0.08
1412;7082.152975;0.01
1412;7082.152975;0.07
1412;7082.152975;0.08
1412;7082.152975;0.09
1412;7082.152975;0.1
1412;7082.152975;0.12
1412;7082.152975;0.17
1412;7082.152975;0.21
1412;7082.152975;0.24
1412;7082.152975;0.23
1413;7077.140835;0.17
1413;7077.140835;0.06
1413;7077.140835;-0.07
1413;7077.140835;-0.22
1413;7077.140835;-0.36
1413;7077.140835;-0.47
1413;7077.140835;-0.56
1413;7077.140835;-0.61
1413;7077.140835;-0.65
1413;7077.140835;-0.65
1413;7077.140835;-0.62
1413;7077.140835;-0.57
1413;7077.140835;-0.49
1413;7077.140835;-0.4
1413;7077.140835;-0.33
1413;7077.140835;-0.29
1413;7077.140835;-0.28
1413;7077.140835;-0.31
1413;7077.140835;-0.34
1413;7077.140835;-0.37
1413;7077.140835;-0.36
1414;7072.135785;-0.3
1414;7072.135785;-0.21
1414;7072.135785;-0.08
1414;7072.135785;0.04
1414;7072.135785;0.15
1414;7072.135785;0.22
1414;7072.135785;0.24
1414;7072.135785;0.24
1414;7072.135785;0.2
1414;7072.135785;0.14
1414;7072.135785;0.07
1414;7072.135785;-0.01
1414;7072.135785;-0.08
1414;7072.135785;-0.13
1414;7072.135785;-0.15
1414;7072.135785;-0.13
1414;7072.135785;-0.07
1414;7072.135785;0.02
1414;7072.135785;0.12
1414;7072.135785;0.22
1415;7067.137809;0.3
1415;7067.137809;0.34
1415;7067.137809;0.35
1415;7067.137809;0.34
1415;7067.137809;0.34
1415;7067.137809;0.36
1415;7067.137809;0.39
1415;7067.137809;0.43
1415;7067.137809;0.47
1415;7067.137809;0.48
1415;7067.137809;0.44
1415;7067.137809;0.36
1415;7067.137809;0.25
1415;7067.137809;0.13
1415;7067.137809;0.02
1415;7067.137809;-0.04
1415;7067.137809;-0.04
1415;7067.137809;0.01
1415;7067.137809;0.11
1415;7067.137809;0.22
1415;7067.137809;0.31
1416;7062.146893;0.38
1416;7062.146893;0.4
1416;7062.146893;0.38
1416;7062.146893;0.34
1416;7062.146893;0.28
1416;7062.146893;0.22
1416;7062.146893;0.16
1416;7062.146893;0.08
1416;7062.146893;-0.02
1416;7062.146893;-0.15
1416;7062.146893;-0.3
1416;7062.146893;-0.43
1416;7062.146893;-0.53
1416;7062.146893;-0.56
1416;7062.146893;-0.5
1416;7062.146893;-0.36
1416;7062.146893;-0.14
1416;7062.146893;0.1
1416;7062.146893;0.33
1416;7062.146893;0.51
1416;7062.146893;0.62
1417;7057.16302;0.66
1417;7057.16302;0.62
1417;7057.16302;0.52
1417;7057.16302;0.39
1417;7057.16302;0.23
1417;7057.16302;0.07
1417;7057.16302;-0.1
1417;7057.16302;-0.25
1417;7057.16302;-0.37
1417;7057.16302;-0.45
1417;7057.16302;-0.48
1417;7057.16302;-0.48
1417;7057.16302;-0.46
1417;7057.16302;-0.43
1417;7057.16302;-0.4
1417;7057.16302;-0.37
1417;7057.16302;-0.34
1417;7057.16302;-0.3
1417;7057.16302;-0.22
1417;7057.16302;-0.12
1417;7057.16302;-0.01
1418;7052.186178;0.08
1418;7052.186178;0.12
1418;7052.186178;0.09
1418;7052.186178;-0.02
1418;7052.186178;-0.19
1418;7052.186178;-0.38
1418;7052.186178;-0.55
1418;7052.186178;-0.67
1418;7052.186178;-0.71
1418;7052.186178;-0.69
1418;7052.186178;-0.61
1418;7052.186178;-0.5
1418;7052.186178;-0.4
1418;7052.186178;-0.32
1418;7052.186178;-0.25
1418;7052.186178;-0.19
1418;7052.186178;-0.13
1418;7052.186178;-0.04
1418;7052.186178;0.08
1418;7052.186178;0.22
1419;7047.21635;0.39
1419;7047.21635;0.55
1419;7047.21635;0.7
1419;7047.21635;0.8
1419;7047.21635;0.85
1419;7047.21635;0.83
1419;7047.21635;0.74
1419;7047.21635;0.59
1419;7047.21635;0.39
1419;7047.21635;0.17
1419;7047.21635;-0.06
1419;7047.21635;-0.27
1419;7047.21635;-0.44
1419;7047.21635;-0.57
1419;7047.21635;-0.63
1419;7047.21635;-0.63
1419;7047.21635;-0.59
1419;7047.21635;-0.51
1419;7047.21635;-0.43
1419;7047.21635;-0.35
1419;7047.21635;-0.29
1420;7042.253521;-0.26
1420;7042.253521;-0.25
1420;7042.253521;-0.26
1420;7042.253521;-0.27
1420;7042.253521;-0.29
1420;7042.253521;-0.31
1420;7042.253521;-0.34
1420;7042.253521;-0.37
1420;7042.253521;-0.41
1420;7042.253521;-0.46
1420;7042.253521;-0.51
1420;7042.253521;-0.55
1420;7042.253521;-0.57
1420;7042.253521;-0.56
1420;7042.253521;-0.53
1420;7042.253521;-0.48
1420;7042.253521;-0.43
1420;7042.253521;-0.38
1420;7042.253521;-0.34
1420;7042.253521;-0.31
1421;7037.297678;-0.28
1421;7037.297678;-0.24
1421;7037.297678;-0.19
1421;7037.297678;-0.12
1421;7037.297678;-0.06
1421;7037.297678;0.01
1421;7037.297678;0.06
1421;7037.297678;0.09
1421;7037.297678;0.09
1421;7037.297678;0.07
1421;7037.297678;0.05
1421;7037.297678;0.02
1421;7037.297678;0.01
1421;7037.297678;0.01
1421;7037.297678;0.01
1421;7037.297678;0.02
1421;7037.297678;0.03
1421;7037.297678;0.04
1421;7037.297678;0.05
1421;7037.297678;0.09
1421;7037.297678;0.15
1422;7032.348805;0.25
1422;7032.348805;0.39
1422;7032.348805;0.53
1422;7032.348805;0.66
1422;7032.348805;0.75
1422;7032.348805;0.75
1422;7032.348805;0.66
1422;7032.348805;0.49
1422;7032.348805;0.27
1422;7032.348805;0.03
1422;7032.348805;-0.18
1422;7032.348805;-0.32
1422;7032.348805;-0.38
1422;7032.348805;-0.36
1422;7032.348805;-0.28
1422;7032.348805;-0.17
1422;7032.348805;-0.06
1422;7032.348805;0.02
1422;7032.348805;0.08
1422;7032.348805;0.11
1423;7027.406887;0.13
1423;7027.406887;0.15
1423;7027.406887;0.19
1423;7027.406887;0.27
1423;7027.406887;0.36
1423;7027.406887;0.46
1423;7027.406887;0.54
1423;7027.406887;0.59
1423;7027.406887;0.6
1423;7027.406887;0.56
1423;7027.406887;0.48
1423;7027.406887;0.39
1423;7027.406887;0.3
1423;7027.406887;0.24
1423;7027.406887;0.23
1423;7027.406887;0.26
1423;7027.406887;0.33
1423;7027.406887;0.42
1423;7027.406887;0.52
1423;7027.406887;0.61
1423;7027.406887;0.67
1424;7022.47191;0.72
1424;7022.47191;0.75
1424;7022.47191;0.76
1424;7022.47191;0.76
1424;7022.47191;0.74
1424;7022.47191;0.7
1424;7022.47191;0.65
1424;7022.47191;0.6
1424;7022.47191;0.57
1424;7022.47191;0.58
1424;7022.47191;0.63
1424;7022.47191;0.72
1424;7022.47191;0.85
1424;7022.47191;0.96
1424;7022.47191;1.04
1424;7022.47191;1.05
1424;7022.47191;0.97
1424;7022.47191;0.8
1424;7022.47191;0.57
1424;7022.47191;0.31
1425;7017.54386;0.05
1425;7017.54386;-0.18
1425;7017.54386;-0.36
1425;7017.54386;-0.48
1425;7017.54386;-0.55
1425;7017.54386;-0.58
1425;7017.54386;-0.56
1425;7017.54386;-0.51
1425;7017.54386;-0.41
1425;7017.54386;-0.27
1425;7017.54386;-0.08
1425;7017.54386;0.14
1425;7017.54386;0.36
1425;7017.54386;0.57
1425;7017.54386;0.71
1425;7017.54386;0.78
1425;7017.54386;0.76
1425;7017.54386;0.64
1425;7017.54386;0.46
1425;7017.54386;0.24
1425;7017.54386;0.01
1426;7012.622721;-0.2
1426;7012.622721;-0.38
1426;7012.622721;-0.51
1426;7012.622721;-0.6
1426;7012.622721;-0.66
1426;7012.622721;-0.68
1426;7012.622721;-0.68
1426;7012.622721;-0.64
1426;7012.622721;-0.58
1426;7012.622721;-0.49
1426;7012.622721;-0.39
1426;7012.622721;-0.28
1426;7012.622721;-0.17
1426;7012.622721;-0.08
1426;7012.622721;-0.01
1426;7012.622721;0.04
1426;7012.622721;0.07
1426;7012.622721;0.08
1426;7012.622721;0.07
1426;7012.622721;0.04
1427;7007.708479;0.01
1427;7007.708479;-0.03
1427;7007.708479;-0.04
1427;7007.708479;-0.03
1427;7007.708479;0.04
1427;7007.708479;0.15
1427;7007.708479;0.3
1427;7007.708479;0.45
1427;7007.708479;0.57
1427;7007.708479;0.64
1427;7007.708479;0.63
1427;7007.708479;0.55
1427;7007.708479;0.43
1427;7007.708479;0.31
1427;7007.708479;0.21
1427;7007.708479;0.18
1427;7007.708479;0.21
1427;7007.708479;0.29
1427;7007.708479;0.41
1427;7007.708479;0.53
1427;7007.708479;0.63
1428;7002.80112;0.69
1428;7002.80112;0.69
1428;7002.80112;0.65
1428;7002.80112;0.56
1428;7002.80112;0.46
1428;7002.80112;0.33
1428;7002.80112;0.21
1428;7002.80112;0.1
1428;7002.80112;0.01
1428;7002.80112;-0.05
1428;7002.80112;-0.09
1428;7002.80112;-0.11
1428;7002.80112;-0.12
1428;7002.80112;-0.14
1428;7002.80112;-0.17
1428;7002.80112;-0.24
1428;7002.80112;-0.33
1428;7002.80112;-0.43
1428;7002.80112;-0.53
1428;7002.80112;-0.6
1429;6997.90063;-0.63
1429;6997.90063;-0.61
1429;6997.90063;-0.54
1429;6997.90063;-0.44
1429;6997.90063;-0.34
1429;6997.90063;-0.26
1429;6997.90063;-0.23
1429;6997.90063;-0.25
1429;6997.90063;-0.31
1429;6997.90063;-0.4
1429;6997.90063;-0.49
1429;6997.90063;-0.54
1429;6997.90063;-0.54
1429;6997.90063;-0.48
1429;6997.90063;-0.38
1429;6997.90063;-0.25
1429;6997.90063;-0.14
1429;6997.90063;-0.06
1429;6997.90063;-0.03
1429;6997.90063;-0.04
1430;6993.006993;-0.08
1430;6993.006993;-0.13
1430;6993.006993;-0.15
1430;6993.006993;-0.14
1430;6993.006993;-0.08
1430;6993.006993;0.02
1430;6993.006993;0.15
1430;6993.006993;0.29
1430;6993.006993;0.42
1430;6993.006993;0.52
1430;6993.006993;0.57
1430;6993.006993;0.59
1430;6993.006993;0.57
1430;6993.006993;0.52
1430;6993.006993;0.46
1430;6993.006993;0.42
1430;6993.006993;0.38
1430;6993.006993;0.38
1430;6993.006993;0.39
1430;6993.006993;0.41
1430;6993.006993;0.43
1431;6988.120196;0.43
1431;6988.120196;0.4
1431;6988.120196;0.32
1431;6988.120196;0.21
1431;6988.120196;0.07
1431;6988.120196;-0.08
1431;6988.120196;-0.22
1431;6988.120196;-0.34
1431;6988.120196;-0.41
1431;6988.120196;-0.42
1431;6988.120196;-0.38
1431;6988.120196;-0.28
1431;6988.120196;-0.16
1431;6988.120196;-0.02
1431;6988.120196;0.1
1431;6988.120196;0.18
1431;6988.120196;0.22
1431;6988.120196;0.21
1431;6988.120196;0.16
1431;6988.120196;0.11
1432;6983.240223;0.09
1432;6983.240223;0.1
1432;6983.240223;0.15
1432;6983.240223;0.25
1432;6983.240223;0.36
1432;6983.240223;0.45
1432;6983.240223;0.5
1432;6983.240223;0.49
1432;6983.240223;0.42
1432;6983.240223;0.29
1432;6983.240223;0.15
1432;6983.240223;0.01
1432;6983.240223;-0.07
1432;6983.240223;-0.1
1432;6983.240223;-0.07
1432;6983.240223;0
1432;6983.240223;0.08
1432;6983.240223;0.15
1432;6983.240223;0.18
1432;6983.240223;0.18
1433;6978.367062;0.14
1433;6978.367062;0.1
1433;6978.367062;0.06
1433;6978.367062;0.06
1433;6978.367062;0.08
1433;6978.367062;0.13
1433;6978.367062;0.19
1433;6978.367062;0.22
1433;6978.367062;0.23
1433;6978.367062;0.19
1433;6978.367062;0.11
1433;6978.367062;0.03
1433;6978.367062;-0.03
1433;6978.367062;-0.07
1433;6978.367062;-0.07
1433;6978.367062;-0.04
1433;6978.367062;-0.01
1433;6978.367062;0.01
1433;6978.367062;0
1433;6978.367062;-0.03
1434;6973.500697;-0.09
1434;6973.500697;-0.14
1434;6973.500697;-0.17
1434;6973.500697;-0.17
1434;6973.500697;-0.15
1434;6973.500697;-0.11
1434;6973.500697;-0.09
1434;6973.500697;-0.1
1434;6973.500697;-0.13
1434;6973.500697;-0.2
1434;6973.500697;-0.26
1434;6973.500697;-0.31
1434;6973.500697;-0.32
1434;6973.500697;-0.31
1434;6973.500697;-0.26
1434;6973.500697;-0.22
1434;6973.500697;-0.19
1434;6973.500697;-0.17
1434;6973.500697;-0.18
1434;6973.500697;-0.17
1435;6968.641115;-0.15
1435;6968.641115;-0.08
1435;6968.641115;0.03
1435;6968.641115;0.17
1435;6968.641115;0.3
1435;6968.641115;0.41
1435;6968.641115;0.46
1435;6968.641115;0.46
1435;6968.641115;0.42
1435;6968.641115;0.36
1435;6968.641115;0.31
1435;6968.641115;0.27
1435;6968.641115;0.26
1435;6968.641115;0.27
1435;6968.641115;0.28
1435;6968.641115;0.25
1435;6968.641115;0.19
1435;6968.641115;0.09
1435;6968.641115;-0.04
1435;6968.641115;-0.18
1435;6968.641115;-0.31
1436;6963.788301;-0.4
1436;6963.788301;-0.44
1436;6963.788301;-0.42
1436;6963.788301;-0.34
1436;6963.788301;-0.23
1436;6963.788301;-0.1
1436;6963.788301;0.02
1436;6963.788301;0.1
1436;6963.788301;0.15
1436;6963.788301;0.15
1436;6963.788301;0.12
1436;6963.788301;0.08
1436;6963.788301;0.05
1436;6963.788301;0.04
1436;6963.788301;0.07
1436;6963.788301;0.13
1436;6963.788301;0.19
1436;6963.788301;0.25
1436;6963.788301;0.29
1436;6963.788301;0.3
1437;6958.942241;0.3
1437;6958.942241;0.29
1437;6958.942241;0.3
1437;6958.942241;0.33
1437;6958.942241;0.38
1437;6958.942241;0.45
1437;6958.942241;0.52
1437;6958.942241;0.59
1437;6958.942241;0.63
1437;6958.942241;0.64
1437;6958.942241;0.63
1437;6958.942241;0.59
1437;6958.942241;0.54
1437;6958.942241;0.48
1437;6958.942241;0.42
1437;6958.942241;0.36
1437;6958.942241;0.29
1437;6958.942241;0.23
1437;6958.942241;0.16
1437;6958.942241;0.1
1438;6954.102921;0.05
1438;6954.102921;0.02
1438;6954.102921;0.02
1438;6954.102921;0.05
1438;6954.102921;0.11
1438;6954.102921;0.18
1438;6954.102921;0.25
1438;6954.102921;0.31
1438;6954.102921;0.34
1438;6954.102921;0.32
1438;6954.102921;0.27
1438;6954.102921;0.2
1438;6954.102921;0.14
1438;6954.102921;0.09
1438;6954.102921;0.08
1438;6954.102921;0.1
1438;6954.102921;0.14
1438;6954.102921;0.17
1438;6954.102921;0.18
1438;6954.102921;0.17
1439;6949.270327;0.14
1439;6949.270327;0.11
1439;6949.270327;0.1
1439;6949.270327;0.13
1439;6949.270327;0.21
1439;6949.270327;0.32
1439;6949.270327;0.44
1439;6949.270327;0.54
1439;6949.270327;0.6
1439;6949.270327;0.6
1439;6949.270327;0.55
1439;6949.270327;0.46
1439;6949.270327;0.33
1439;6949.270327;0.2
1439;6949.270327;0.08
1439;6949.270327;-0.03
1439;6949.270327;-0.14
1439;6949.270327;-0.25
1439;6949.270327;-0.37
1439;6949.270327;-0.49
1440;6944.444444;-0.62
1440;6944.444444;-0.75
1440;6944.444444;-0.85
1440;6944.444444;-0.91
1440;6944.444444;-0.93
1440;6944.444444;-0.9
1440;6944.444444;-0.84
1440;6944.444444;-0.75
1440;6944.444444;-0.64
1440;6944.444444;-0.54
1440;6944.444444;-0.46
1440;6944.444444;-0.39
1440;6944.444444;-0.34
1440;6944.444444;-0.3
1440;6944.444444;-0.28
1440;6944.444444;-0.26
1440;6944.444444;-0.25
1440;6944.444444;-0.25
1440;6944.444444;-0.26
1440;6944.444444;-0.28
1441;6939.62526;-0.33
1441;6939.62526;-0.4
1441;6939.62526;-0.5
1441;6939.62526;-0.62
1441;6939.62526;-0.76
1441;6939.62526;-0.88
1441;6939.62526;-0.96
1441;6939.62526;-0.97
1441;6939.62526;-0.9
1441;6939.62526;-0.74
1441;6939.62526;-0.51
1441;6939.62526;-0.24
1441;6939.62526;0.01
1441;6939.62526;0.2
1441;6939.62526;0.3
1441;6939.62526;0.3
1441;6939.62526;0.23
1441;6939.62526;0.12
1441;6939.62526;0.02
1441;6939.62526;-0.04
1442;6934.81276;-0.03
1442;6934.81276;0.05
1442;6934.81276;0.18
1442;6934.81276;0.32
1442;6934.81276;0.45
1442;6934.81276;0.54
1442;6934.81276;0.55
1442;6934.81276;0.5
1442;6934.81276;0.39
1442;6934.81276;0.24
1442;6934.81276;0.08
1442;6934.81276;-0.05
1442;6934.81276;-0.12
1442;6934.81276;-0.12
1442;6934.81276;-0.04
1442;6934.81276;0.11
1442;6934.81276;0.3
1442;6934.81276;0.52
1442;6934.81276;0.72
1442;6934.81276;0.89
1443;6930.00693;1.02
1443;6930.00693;1.11
1443;6930.00693;1.15
1443;6930.00693;1.16
1443;6930.00693;1.13
1443;6930.00693;1.05
1443;6930.00693;0.91
1443;6930.00693;0.71
1443;6930.00693;0.45
1443;6930.00693;0.16
1443;6930.00693;-0.13
1443;6930.00693;-0.38
1443;6930.00693;-0.58
1443;6930.00693;-0.7
1443;6930.00693;-0.75
1443;6930.00693;-0.75
1443;6930.00693;-0.71
1443;6930.00693;-0.65
1443;6930.00693;-0.58
1443;6930.00693;-0.5
1444;6925.207756;-0.39
1444;6925.207756;-0.25
1444;6925.207756;-0.11
1444;6925.207756;0.04
1444;6925.207756;0.15
1444;6925.207756;0.22
1444;6925.207756;0.22
1444;6925.207756;0.16
1444;6925.207756;0.05
1444;6925.207756;-0.08
1444;6925.207756;-0.2
1444;6925.207756;-0.31
1444;6925.207756;-0.36
1444;6925.207756;-0.37
1444;6925.207756;-0.32
1444;6925.207756;-0.24
1444;6925.207756;-0.11
1444;6925.207756;0.05
1444;6925.207756;0.23
1444;6925.207756;0.43
1445;6920.415225;0.62
1445;6920.415225;0.8
1445;6920.415225;0.95
1445;6920.415225;1.03
1445;6920.415225;1.04
1445;6920.415225;0.98
1445;6920.415225;0.84
1445;6920.415225;0.66
1445;6920.415225;0.46
1445;6920.415225;0.29
1445;6920.415225;0.17
1445;6920.415225;0.11
1445;6920.415225;0.11
1445;6920.415225;0.17
1445;6920.415225;0.26
1445;6920.415225;0.35
1445;6920.415225;0.42
1445;6920.415225;0.45
1445;6920.415225;0.45
1446;6915.629322;0.42
1446;6915.629322;0.37
1446;6915.629322;0.31
1446;6915.629322;0.25
1446;6915.629322;0.2
1446;6915.629322;0.16
1446;6915.629322;0.14
1446;6915.629322;0.13
1446;6915.629322;0.12
1446;6915.629322;0.12
1446;6915.629322;0.12
1446;6915.629322;0.15
1446;6915.629322;0.2
1446;6915.629322;0.28
1446;6915.629322;0.39
1446;6915.629322;0.51
1446;6915.629322;0.61
1446;6915.629322;0.67
1446;6915.629322;0.66
1446;6915.629322;0.58
1447;6910.850035;0.46
1447;6910.850035;0.32
1447;6910.850035;0.23
1447;6910.850035;0.21
1447;6910.850035;0.27
1447;6910.850035;0.41
1447;6910.850035;0.57
1447;6910.850035;0.7
1447;6910.850035;0.75
1447;6910.850035;0.71
1447;6910.850035;0.6
1447;6910.850035;0.45
1447;6910.850035;0.31
1447;6910.850035;0.24
1447;6910.850035;0.25
1447;6910.850035;0.33
1447;6910.850035;0.46
1447;6910.850035;0.6
1447;6910.850035;0.72
1447;6910.850035;0.81
1448;6906.077348;0.86
1448;6906.077348;0.9
1448;6906.077348;0.94
1448;6906.077348;0.98
1448;6906.077348;1.04
1448;6906.077348;1.1
1448;6906.077348;1.14
1448;6906.077348;1.17
1448;6906.077348;1.16
1448;6906.077348;1.13
1448;6906.077348;1.08
1448;6906.077348;1
1448;6906.077348;0.91
1448;6906.077348;0.81
1448;6906.077348;0.71
1448;6906.077348;0.62
1448;6906.077348;0.56
1448;6906.077348;0.54
1448;6906.077348;0.54
1448;6906.077348;0.56
1449;6901.311249;0.57
1449;6901.311249;0.54
1449;6901.311249;0.45
1449;6901.311249;0.29
1449;6901.311249;0.07
1449;6901.311249;-0.19
1449;6901.311249;-0.46
1449;6901.311249;-0.69
1449;6901.311249;-0.86
1449;6901.311249;-0.94
1449;6901.311249;-0.91
1449;6901.311249;-0.77
1449;6901.311249;-0.53
1449;6901.311249;-0.2
1449;6901.311249;0.17
1449;6901.311249;0.54
1449;6901.311249;0.86
1449;6901.311249;1.1
1449;6901.311249;1.23
1449;6901.311249;1.26
1450;6896.551724;1.22
1450;6896.551724;1.13
1450;6896.551724;1.04
1450;6896.551724;0.96
1450;6896.551724;0.89
1450;6896.551724;0.84
1450;6896.551724;0.77
1450;6896.551724;0.66
1450;6896.551724;0.49
1450;6896.551724;0.29
1450;6896.551724;0.06
1450;6896.551724;-0.17
1450;6896.551724;-0.35
1450;6896.551724;-0.48
1450;6896.551724;-0.53
1450;6896.551724;-0.51
1450;6896.551724;-0.44
1450;6896.551724;-0.34
1450;6896.551724;-0.25
1451;6891.798759;-0.18
1451;6891.798759;-0.16
1451;6891.798759;-0.19
1451;6891.798759;-0.26
1451;6891.798759;-0.35
1451;6891.798759;-0.45
1451;6891.798759;-0.52
1451;6891.798759;-0.55
1451;6891.798759;-0.53
1451;6891.798759;-0.45
1451;6891.798759;-0.34
1451;6891.798759;-0.2
1451;6891.798759;-0.07
1451;6891.798759;0.05
1451;6891.798759;0.15
1451;6891.798759;0.23
1451;6891.798759;0.3
1451;6891.798759;0.35
1451;6891.798759;0.39
1451;6891.798759;0.41
1452;6887.052342;0.42
1452;6887.052342;0.4
1452;6887.052342;0.37
1452;6887.052342;0.33
1452;6887.052342;0.27
1452;6887.052342;0.21
1452;6887.052342;0.15
1452;6887.052342;0.09
1452;6887.052342;0.03
1452;6887.052342;-0.01
1452;6887.052342;-0.04
1452;6887.052342;-0.06
1452;6887.052342;-0.04
1452;6887.052342;-0.01
1452;6887.052342;0.04
1452;6887.052342;0.09
1452;6887.052342;0.14
1452;6887.052342;0.17
1452;6887.052342;0.19
1452;6887.052342;0.21
1453;6882.312457;0.23
1453;6882.312457;0.28
1453;6882.312457;0.36
1453;6882.312457;0.44
1453;6882.312457;0.52
1453;6882.312457;0.56
1453;6882.312457;0.54
1453;6882.312457;0.43
1453;6882.312457;0.23
1453;6882.312457;-0.02
1453;6882.312457;-0.29
1453;6882.312457;-0.53
1453;6882.312457;-0.72
1453;6882.312457;-0.82
1453;6882.312457;-0.83
1453;6882.312457;-0.79
1453;6882.312457;-0.7
1453;6882.312457;-0.6
1453;6882.312457;-0.53
1454;6877.579092;-0.48
1454;6877.579092;-0.47
1454;6877.579092;-0.49
1454;6877.579092;-0.53
1454;6877.579092;-0.58
1454;6877.579092;-0.63
1454;6877.579092;-0.68
1454;6877.579092;-0.72
1454;6877.579092;-0.74
1454;6877.579092;-0.74
1454;6877.579092;-0.7
1454;6877.579092;-0.64
1454;6877.579092;-0.55
1454;6877.579092;-0.44
1454;6877.579092;-0.34
1454;6877.579092;-0.25
1454;6877.579092;-0.18
1454;6877.579092;-0.13
1454;6877.579092;-0.1
1454;6877.579092;-0.07
1455;6872.852234;-0.04
1455;6872.852234;-0.01
1455;6872.852234;0.04
1455;6872.852234;0.1
1455;6872.852234;0.16
1455;6872.852234;0.23
1455;6872.852234;0.29
1455;6872.852234;0.34
1455;6872.852234;0.37
1455;6872.852234;0.4
1455;6872.852234;0.4
1455;6872.852234;0.4
1455;6872.852234;0.4
1455;6872.852234;0.4
1455;6872.852234;0.42
1455;6872.852234;0.46
1455;6872.852234;0.51
1455;6872.852234;0.59
1455;6872.852234;0.66
1455;6872.852234;0.73
1456;6868.131868;0.8
1456;6868.131868;0.85
1456;6868.131868;0.91
1456;6868.131868;0.97
1456;6868.131868;1.04
1456;6868.131868;1.11
1456;6868.131868;1.18
1456;6868.131868;1.22
1456;6868.131868;1.22
1456;6868.131868;1.15
1456;6868.131868;1.03
1456;6868.131868;0.86
1456;6868.131868;0.67
1456;6868.131868;0.48
1456;6868.131868;0.33
1456;6868.131868;0.23
1456;6868.131868;0.19
1456;6868.131868;0.21
1456;6868.131868;0.26
1457;6863.417982;0.33
1457;6863.417982;0.38
1457;6863.417982;0.42
1457;6863.417982;0.42
1457;6863.417982;0.4
1457;6863.417982;0.35
1457;6863.417982;0.31
1457;6863.417982;0.27
1457;6863.417982;0.24
1457;6863.417982;0.23
1457;6863.417982;0.22
1457;6863.417982;0.21
1457;6863.417982;0.18
1457;6863.417982;0.13
1457;6863.417982;0.06
1457;6863.417982;-0.05
1457;6863.417982;-0.17
1457;6863.417982;-0.3
1457;6863.417982;-0.4
1457;6863.417982;-0.48
1458;6858.710562;-0.49
1458;6858.710562;-0.44
1458;6858.710562;-0.32
1458;6858.710562;-0.13
1458;6858.710562;0.09
1458;6858.710562;0.31
1458;6858.710562;0.5
1458;6858.710562;0.63
1458;6858.710562;0.68
1458;6858.710562;0.68
1458;6858.710562;0.65
1458;6858.710562;0.62
1458;6858.710562;0.63
1458;6858.710562;0.69
1458;6858.710562;0.81
1458;6858.710562;0.95
1458;6858.710562;1.06
1458;6858.710562;1.1
1458;6858.710562;1.05
1459;6854.009596;0.9
1459;6854.009596;0.66
1459;6854.009596;0.38
1459;6854.009596;0.1
1459;6854.009596;-0.16
1459;6854.009596;-0.36
1459;6854.009596;-0.5
1459;6854.009596;-0.59
1459;6854.009596;-0.64
1459;6854.009596;-0.64
1459;6854.009596;-0.59
1459;6854.009596;-0.49
1459;6854.009596;-0.35
1459;6854.009596;-0.17
1459;6854.009596;0.04
1459;6854.009596;0.23
1459;6854.009596;0.39
1459;6854.009596;0.48
1459;6854.009596;0.49
1459;6854.009596;0.45
1460;6849.315068;0.35
1460;6849.315068;0.25
1460;6849.315068;0.18
1460;6849.315068;0.15
1460;6849.315068;0.18
1460;6849.315068;0.28
1460;6849.315068;0.42
1460;6849.315068;0.57
1460;6849.315068;0.71
1460;6849.315068;0.81
1460;6849.315068;0.84
1460;6849.315068;0.79
1460;6849.315068;0.65
1460;6849.315068;0.44
1460;6849.315068;0.18
1460;6849.315068;-0.1
1460;6849.315068;-0.37
1460;6849.315068;-0.61
1460;6849.315068;-0.77
1461;6844.626968;-0.86
1461;6844.626968;-0.86
1461;6844.626968;-0.81
1461;6844.626968;-0.72
1461;6844.626968;-0.63
1461;6844.626968;-0.56
1461;6844.626968;-0.54
1461;6844.626968;-0.57
1461;6844.626968;-0.63
1461;6844.626968;-0.69
1461;6844.626968;-0.71
1461;6844.626968;-0.67
1461;6844.626968;-0.54
1461;6844.626968;-0.33
1461;6844.626968;-0.06
1461;6844.626968;0.23
1461;6844.626968;0.48
1461;6844.626968;0.65
1461;6844.626968;0.72
1461;6844.626968;0.67
1462;6839.94528;0.52
1462;6839.94528;0.33
1462;6839.94528;0.13
1462;6839.94528;-0.02
1462;6839.94528;-0.09
1462;6839.94528;-0.09
1462;6839.94528;-0.01
1462;6839.94528;0.08
1462;6839.94528;0.18
1462;6839.94528;0.23
1462;6839.94528;0.23
1462;6839.94528;0.2
1462;6839.94528;0.15
1462;6839.94528;0.12
1462;6839.94528;0.14
1462;6839.94528;0.2
1462;6839.94528;0.31
1462;6839.94528;0.42
1462;6839.94528;0.52
1463;6835.269993;0.55
1463;6835.269993;0.51
1463;6835.269993;0.39
1463;6835.269993;0.22
1463;6835.269993;0.02
1463;6835.269993;-0.18
1463;6835.269993;-0.33
1463;6835.269993;-0.41
1463;6835.269993;-0.41
1463;6835.269993;-0.33
1463;6835.269993;-0.19
1463;6835.269993;0
1463;6835.269993;0.19
1463;6835.269993;0.37
1463;6835.269993;0.51
1463;6835.269993;0.57
1463;6835.269993;0.57
1463;6835.269993;0.51
1463;6835.269993;0.41
1464;6830.601093;0.31
1464;6830.601093;0.26
1464;6830.601093;0.27
1464;6830.601093;0.36
1464;6830.601093;0.52
1464;6830.601093;0.71
1464;6830.601093;0.87
1464;6830.601093;0.96
1464;6830.601093;0.94
1464;6830.601093;0.81
1464;6830.601093;0.6
1464;6830.601093;0.35
1464;6830.601093;0.12
1464;6830.601093;-0.01
1464;6830.601093;0
1464;6830.601093;0.16
1464;6830.601093;0.43
1464;6830.601093;0.76
1464;6830.601093;1.07
1464;6830.601093;1.28
1465;6825.938567;1.34
1465;6825.938567;1.23
1465;6825.938567;0.99
1465;6825.938567;0.69
1465;6825.938567;0.41
1465;6825.938567;0.19
1465;6825.938567;0.08
1465;6825.938567;0.07
1465;6825.938567;0.1
1465;6825.938567;0.13
1465;6825.938567;0.11
1465;6825.938567;0
1465;6825.938567;-0.17
1465;6825.938567;-0.37
1465;6825.938567;-0.54
1465;6825.938567;-0.65
1465;6825.938567;-0.66
1465;6825.938567;-0.59
1465;6825.938567;-0.45
1466;6821.282401;-0.28
1466;6821.282401;-0.12
1466;6821.282401;0.03
1466;6821.282401;0.16
1466;6821.282401;0.26
1466;6821.282401;0.32
1466;6821.282401;0.35
1466;6821.282401;0.32
1466;6821.282401;0.22
1466;6821.282401;0.07
1466;6821.282401;-0.13
1466;6821.282401;-0.34
1466;6821.282401;-0.52
1466;6821.282401;-0.64
1466;6821.282401;-0.68
1466;6821.282401;-0.66
1466;6821.282401;-0.6
1466;6821.282401;-0.52
1466;6821.282401;-0.45
1467;6816.632584;-0.4
1467;6816.632584;-0.38
1467;6816.632584;-0.37
1467;6816.632584;-0.35
1467;6816.632584;-0.33
1467;6816.632584;-0.3
1467;6816.632584;-0.26
1467;6816.632584;-0.22
1467;6816.632584;-0.18
1467;6816.632584;-0.13
1467;6816.632584;-0.07
1467;6816.632584;0
1467;6816.632584;0.08
1467;6816.632584;0.15
1467;6816.632584;0.2
1467;6816.632584;0.21
1467;6816.632584;0.19
1467;6816.632584;0.15
1467;6816.632584;0.11
1467;6816.632584;0.09
1468;6811.989101;0.11
1468;6811.989101;0.17
1468;6811.989101;0.25
1468;6811.989101;0.32
1468;6811.989101;0.37
1468;6811.989101;0.37
1468;6811.989101;0.33
1468;6811.989101;0.25
1468;6811.989101;0.15
1468;6811.989101;0.06
1468;6811.989101;0
1468;6811.989101;-0.02
1468;6811.989101;0
1468;6811.989101;0.07
1468;6811.989101;0.17
1468;6811.989101;0.3
1468;6811.989101;0.45
1468;6811.989101;0.58
1468;6811.989101;0.7
1469;6807.35194;0.8
1469;6807.35194;0.85
1469;6807.35194;0.87
1469;6807.35194;0.86
1469;6807.35194;0.8
1469;6807.35194;0.71
1469;6807.35194;0.57
1469;6807.35194;0.39
1469;6807.35194;0.17
1469;6807.35194;-0.07
1469;6807.35194;-0.3
1469;6807.35194;-0.5
1469;6807.35194;-0.64
1469;6807.35194;-0.7
1469;6807.35194;-0.7
1469;6807.35194;-0.65
1469;6807.35194;-0.58
1469;6807.35194;-0.5
1469;6807.35194;-0.44
1470;6802.721088;-0.4
1470;6802.721088;-0.36
1470;6802.721088;-0.32
1470;6802.721088;-0.26
1470;6802.721088;-0.19
1470;6802.721088;-0.11
1470;6802.721088;-0.03
1470;6802.721088;0.06
1470;6802.721088;0.14
1470;6802.721088;0.24
1470;6802.721088;0.34
1470;6802.721088;0.47
1470;6802.721088;0.59
1470;6802.721088;0.7
1470;6802.721088;0.77
1470;6802.721088;0.8
1470;6802.721088;0.77
1470;6802.721088;0.69
1470;6802.721088;0.6
1471;6798.096533;0.52
1471;6798.096533;0.47
1471;6798.096533;0.46
1471;6798.096533;0.47
1471;6798.096533;0.51
1471;6798.096533;0.55
1471;6798.096533;0.58
1471;6798.096533;0.59
1471;6798.096533;0.57
1471;6798.096533;0.55
1471;6798.096533;0.51
1471;6798.096533;0.47
1471;6798.096533;0.44
1471;6798.096533;0.43
1471;6798.096533;0.45
1471;6798.096533;0.51
1471;6798.096533;0.59
1471;6798.096533;0.67
1471;6798.096533;0.74
1471;6798.096533;0.76
1472;6793.478261;0.7
1472;6793.478261;0.59
1472;6793.478261;0.42
1472;6793.478261;0.24
1472;6793.478261;0.08
1472;6793.478261;-0.03
1472;6793.478261;-0.09
1472;6793.478261;-0.1
1472;6793.478261;-0.1
1472;6793.478261;-0.12
1472;6793.478261;-0.18
1472;6793.478261;-0.29
1472;6793.478261;-0.42
1472;6793.478261;-0.55
1472;6793.478261;-0.63
1472;6793.478261;-0.63
1472;6793.478261;-0.54
1472;6793.478261;-0.38
1472;6793.478261;-0.16
1473;6788.866259;0.06
1473;6788.866259;0.26
1473;6788.866259;0.39
1473;6788.866259;0.45
1473;6788.866259;0.43
1473;6788.866259;0.34
1473;6788.866259;0.22
1473;6788.866259;0.09
1473;6788.866259;-0.02
1473;6788.866259;-0.1
1473;6788.866259;-0.15
1473;6788.866259;-0.16
1473;6788.866259;-0.16
1473;6788.866259;-0.14
1473;6788.866259;-0.1
1473;6788.866259;-0.04
1473;6788.866259;0.04
1473;6788.866259;0.15
1473;6788.866259;0.29
1474;6784.260516;0.42
1474;6784.260516;0.52
1474;6784.260516;0.56
1474;6784.260516;0.51
1474;6784.260516;0.36
1474;6784.260516;0.15
1474;6784.260516;-0.12
1474;6784.260516;-0.39
1474;6784.260516;-0.62
1474;6784.260516;-0.8
1474;6784.260516;-0.92
1474;6784.260516;-0.97
1474;6784.260516;-0.98
1474;6784.260516;-0.96
1474;6784.260516;-0.94
1474;6784.260516;-0.91
1474;6784.260516;-0.88
1474;6784.260516;-0.84
1474;6784.260516;-0.77
1475;6779.661017;-0.68
1475;6779.661017;-0.56
1475;6779.661017;-0.42
1475;6779.661017;-0.25
1475;6779.661017;-0.09
1475;6779.661017;0.06
1475;6779.661017;0.18
1475;6779.661017;0.27
1475;6779.661017;0.32
1475;6779.661017;0.36
1475;6779.661017;0.38
1475;6779.661017;0.4
1475;6779.661017;0.43
1475;6779.661017;0.47
1475;6779.661017;0.53
1475;6779.661017;0.59
1475;6779.661017;0.64
1475;6779.661017;0.68
1475;6779.661017;0.72
1476;6775.067751;0.76
1476;6775.067751;0.81
1476;6775.067751;0.87
1476;6775.067751;0.95
1476;6775.067751;1.02
1476;6775.067751;1.08
1476;6775.067751;1.1
1476;6775.067751;1.08
1476;6775.067751;1.01
1476;6775.067751;0.91
1476;6775.067751;0.8
1476;6775.067751;0.69
1476;6775.067751;0.59
1476;6775.067751;0.51
1476;6775.067751;0.45
1476;6775.067751;0.38
1476;6775.067751;0.29
1476;6775.067751;0.18
1476;6775.067751;0.05
1477;6770.480704;-0.08
1477;6770.480704;-0.19
1477;6770.480704;-0.28
1477;6770.480704;-0.32
1477;6770.480704;-0.32
1477;6770.480704;-0.29
1477;6770.480704;-0.24
1477;6770.480704;-0.19
1477;6770.480704;-0.15
1477;6770.480704;-0.12
1477;6770.480704;-0.11
1477;6770.480704;-0.1
1477;6770.480704;-0.1
1477;6770.480704;-0.09
1477;6770.480704;-0.05
1477;6770.480704;0.01
1477;6770.480704;0.09
1477;6770.480704;0.2
1477;6770.480704;0.33
1478;6765.899865;0.45
1478;6765.899865;0.56
1478;6765.899865;0.63
1478;6765.899865;0.66
1478;6765.899865;0.63
1478;6765.899865;0.56
1478;6765.899865;0.46
1478;6765.899865;0.36
1478;6765.899865;0.27
1478;6765.899865;0.23
1478;6765.899865;0.22
1478;6765.899865;0.25
1478;6765.899865;0.28
1478;6765.899865;0.3
1478;6765.899865;0.29
1478;6765.899865;0.25
1478;6765.899865;0.17
1478;6765.899865;0.09
1478;6765.899865;0.01
1479;6761.32522;-0.04
1479;6761.32522;-0.06
1479;6761.32522;-0.06
1479;6761.32522;-0.05
1479;6761.32522;-0.06
1479;6761.32522;-0.09
1479;6761.32522;-0.15
1479;6761.32522;-0.24
1479;6761.32522;-0.34
1479;6761.32522;-0.44
1479;6761.32522;-0.5
1479;6761.32522;-0.53
1479;6761.32522;-0.5
1479;6761.32522;-0.43
1479;6761.32522;-0.31
1479;6761.32522;-0.16
1479;6761.32522;-0.01
1479;6761.32522;0.13
1479;6761.32522;0.24
1480;6756.756757;0.3
1480;6756.756757;0.31
1480;6756.756757;0.28
1480;6756.756757;0.22
1480;6756.756757;0.14
1480;6756.756757;0.06
1480;6756.756757;-0.01
1480;6756.756757;-0.06
1480;6756.756757;-0.1
1480;6756.756757;-0.14
1480;6756.756757;-0.18
1480;6756.756757;-0.24
1480;6756.756757;-0.32
1480;6756.756757;-0.42
1480;6756.756757;-0.53
1480;6756.756757;-0.64
1480;6756.756757;-0.73
1480;6756.756757;-0.78
1480;6756.756757;-0.79
1481;6752.194463;-0.74
1481;6752.194463;-0.65
1481;6752.194463;-0.53
1481;6752.194463;-0.41
1481;6752.194463;-0.3
1481;6752.194463;-0.23
1481;6752.194463;-0.22
1481;6752.194463;-0.27
1481;6752.194463;-0.37
1481;6752.194463;-0.5
1481;6752.194463;-0.65
1481;6752.194463;-0.79
1481;6752.194463;-0.89
1481;6752.194463;-0.95
1481;6752.194463;-0.95
1481;6752.194463;-0.88
1481;6752.194463;-0.74
1481;6752.194463;-0.54
1481;6752.194463;-0.29
1482;6747.638327;-0.02
1482;6747.638327;0.23
1482;6747.638327;0.45
1482;6747.638327;0.59
1482;6747.638327;0.65
1482;6747.638327;0.62
1482;6747.638327;0.53
1482;6747.638327;0.38
1482;6747.638327;0.21
1482;6747.638327;0.04
1482;6747.638327;-0.1
1482;6747.638327;-0.22
1482;6747.638327;-0.3
1482;6747.638327;-0.34
1482;6747.638327;-0.33
1482;6747.638327;-0.28
1482;6747.638327;-0.2
1482;6747.638327;-0.08
1482;6747.638327;0.05
1483;6743.088334;0.19
1483;6743.088334;0.31
1483;6743.088334;0.42
1483;6743.088334;0.49
1483;6743.088334;0.54
1483;6743.088334;0.54
1483;6743.088334;0.52
1483;6743.088334;0.49
1483;6743.088334;0.44
1483;6743.088334;0.39
1483;6743.088334;0.35
1483;6743.088334;0.31
1483;6743.088334;0.28
1483;6743.088334;0.26
1483;6743.088334;0.23
1483;6743.088334;0.19
1483;6743.088334;0.13
1483;6743.088334;0.07
1483;6743.088334;0
1484;6738.544474;-0.07
1484;6738.544474;-0.11
1484;6738.544474;-0.13
1484;6738.544474;-0.12
1484;6738.544474;-0.09
1484;6738.544474;-0.04
1484;6738.544474;0.01
1484;6738.544474;0.06
1484;6738.544474;0.09
1484;6738.544474;0.1
1484;6738.544474;0.09
1484;6738.544474;0.05
1484;6738.544474;0
1484;6738.544474;-0.06
1484;6738.544474;-0.12
1484;6738.544474;-0.16
1484;6738.544474;-0.18
1484;6738.544474;-0.18
1485;6734.006734;-0.17
1485;6734.006734;-0.14
1485;6734.006734;-0.11
1485;6734.006734;-0.08
1485;6734.006734;-0.06
1485;6734.006734;-0.04
1485;6734.006734;-0.02
1485;6734.006734;0
1485;6734.006734;0.03
1485;6734.006734;0.05
1485;6734.006734;0.07
1485;6734.006734;0.07
1485;6734.006734;0.06
1485;6734.006734;0.03
1485;6734.006734;0.01
1485;6734.006734;-0.02
1485;6734.006734;-0.04
1485;6734.006734;-0.05
1485;6734.006734;-0.05
1486;6729.475101;-0.05
1486;6729.475101;-0.05
1486;6729.475101;-0.06
1486;6729.475101;-0.08
1486;6729.475101;-0.11
1486;6729.475101;-0.17
1486;6729.475101;-0.25
1486;6729.475101;-0.35
1486;6729.475101;-0.45
1486;6729.475101;-0.55
1486;6729.475101;-0.62
1486;6729.475101;-0.64
1486;6729.475101;-0.59
1486;6729.475101;-0.5
1486;6729.475101;-0.37
1486;6729.475101;-0.24
1486;6729.475101;-0.13
1486;6729.475101;-0.06
1486;6729.475101;-0.04
1487;6724.949563;-0.05
1487;6724.949563;-0.07
1487;6724.949563;-0.1
1487;6724.949563;-0.1
1487;6724.949563;-0.07
1487;6724.949563;-0.01
1487;6724.949563;0.07
1487;6724.949563;0.15
1487;6724.949563;0.24
1487;6724.949563;0.31
1487;6724.949563;0.37
1487;6724.949563;0.39
1487;6724.949563;0.39
1487;6724.949563;0.36
1487;6724.949563;0.32
1487;6724.949563;0.26
1487;6724.949563;0.22
1487;6724.949563;0.2
1487;6724.949563;0.2
1488;6720.430108;0.22
1488;6720.430108;0.23
1488;6720.430108;0.23
1488;6720.430108;0.18
1488;6720.430108;0.1
1488;6720.430108;-0.02
1488;6720.430108;-0.15
1488;6720.430108;-0.28
1488;6720.430108;-0.39
1488;6720.430108;-0.47
1488;6720.430108;-0.5
1488;6720.430108;-0.5
1488;6720.430108;-0.47
1488;6720.430108;-0.41
1488;6720.430108;-0.34
1488;6720.430108;-0.25
1488;6720.430108;-0.17
1488;6720.430108;-0.1
1489;6715.916723;-0.06
1489;6715.916723;-0.04
1489;6715.916723;-0.04
1489;6715.916723;-0.05
1489;6715.916723;-0.05
1489;6715.916723;-0.04
1489;6715.916723;-0.01
1489;6715.916723;0.03
1489;6715.916723;0.06
1489;6715.916723;0.08
1489;6715.916723;0.08
1489;6715.916723;0.08
1489;6715.916723;0.09
1489;6715.916723;0.12
1489;6715.916723;0.18
1489;6715.916723;0.27
1489;6715.916723;0.37
1489;6715.916723;0.46
1489;6715.916723;0.51
1490;6711.409396;0.54
1490;6711.409396;0.54
1490;6711.409396;0.54
1490;6711.409396;0.55
1490;6711.409396;0.59
1490;6711.409396;0.65
1490;6711.409396;0.71
1490;6711.409396;0.75
1490;6711.409396;0.75
1490;6711.409396;0.69
1490;6711.409396;0.57
1490;6711.409396;0.42
1490;6711.409396;0.26
1490;6711.409396;0.12
1490;6711.409396;0.01
1490;6711.409396;-0.05
1490;6711.409396;-0.06
1490;6711.409396;-0.01
1490;6711.409396;0.09
1491;6706.908115;0.23
1491;6706.908115;0.42
1491;6706.908115;0.62
1491;6706.908115;0.83
1491;6706.908115;1
1491;6706.908115;1.13
1491;6706.908115;1.17
1491;6706.908115;1.14
1491;6706.908115;1.02
1491;6706.908115;0.85
1491;6706.908115;0.65
1491;6706.908115;0.44
1491;6706.908115;0.25
1491;6706.908115;0.1
1491;6706.908115;-0.01
1491;6706.908115;-0.07
1491;6706.908115;-0.1
1491;6706.908115;-0.1
1491;6706.908115;-0.09
1492;6702.412869;-0.07
1492;6702.412869;-0.03
1492;6702.412869;0.01
1492;6702.412869;0.05
1492;6702.412869;0.09
1492;6702.412869;0.13
1492;6702.412869;0.15
1492;6702.412869;0.17
1492;6702.412869;0.17
1492;6702.412869;0.15
1492;6702.412869;0.13
1492;6702.412869;0.09
1492;6702.412869;0.04
1492;6702.412869;-0.01
1492;6702.412869;-0.05
1492;6702.412869;-0.09
1492;6702.412869;-0.12
1492;6702.412869;-0.13
1493;6697.923644;-0.14
1493;6697.923644;-0.13
1493;6697.923644;-0.12
1493;6697.923644;-0.12
1493;6697.923644;-0.11
1493;6697.923644;-0.1
1493;6697.923644;-0.09
1493;6697.923644;-0.06
1493;6697.923644;-0.02
1493;6697.923644;0.04
1493;6697.923644;0.11
1493;6697.923644;0.17
1493;6697.923644;0.21
1493;6697.923644;0.23
1493;6697.923644;0.24
1493;6697.923644;0.24
1493;6697.923644;0.25
1493;6697.923644;0.27
1493;6697.923644;0.3
1494;6693.440428;0.35
1494;6693.440428;0.39
1494;6693.440428;0.39
1494;6693.440428;0.36
1494;6693.440428;0.28
1494;6693.440428;0.17
1494;6693.440428;0.04
1494;6693.440428;-0.08
1494;6693.440428;-0.17
1494;6693.440428;-0.23
1494;6693.440428;-0.25
1494;6693.440428;-0.23
1494;6693.440428;-0.19
1494;6693.440428;-0.13
1494;6693.440428;-0.05
1494;6693.440428;0.04
1494;6693.440428;0.13
1494;6693.440428;0.22
1495;6688.963211;0.31
1495;6688.963211;0.38
1495;6688.963211;0.43
1495;6688.963211;0.45
1495;6688.963211;0.44
1495;6688.963211;0.41
1495;6688.963211;0.35
1495;6688.963211;0.28
1495;6688.963211;0.19
1495;6688.963211;0.1
1495;6688.963211;0.01
1495;6688.963211;-0.07
1495;6688.963211;-0.13
1495;6688.963211;-0.17
1495;6688.963211;-0.18
1495;6688.963211;-0.18
1495;6688.963211;-0.16
1495;6688.963211;-0.14
1495;6688.963211;-0.11
1496;6684.491979;-0.08
1496;6684.491979;-0.04
1496;6684.491979;0.01
1496;6684.491979;0.05
1496;6684.491979;0.07
1496;6684.491979;0.08
1496;6684.491979;0.06
1496;6684.491979;0.03
1496;6684.491979;-0.02
1496;6684.491979;-0.04
1496;6684.491979;-0.04
1496;6684.491979;-0.01
1496;6684.491979;0.06
1496;6684.491979;0.15
1496;6684.491979;0.24
1496;6684.491979;0.31
1496;6684.491979;0.36
1496;6684.491979;0.37
1497;6680.02672;0.36
1497;6680.02672;0.32
1497;6680.02672;0.26
1497;6680.02672;0.2
1497;6680.02672;0.13
1497;6680.02672;0.06
1497;6680.02672;0.01
1497;6680.02672;-0.03
1497;6680.02672;-0.05
1497;6680.02672;-0.05
1497;6680.02672;-0.04
1497;6680.02672;-0.02
1497;6680.02672;-0.01
1497;6680.02672;0
1497;6680.02672;0.01
1497;6680.02672;0.04
1497;6680.02672;0.1
1497;6680.02672;0.19
1497;6680.02672;0.28
1498;6675.567423;0.36
1498;6675.567423;0.4
1498;6675.567423;0.38
1498;6675.567423;0.29
1498;6675.567423;0.15
1498;6675.567423;-0.03
1498;6675.567423;-0.2
1498;6675.567423;-0.36
1498;6675.567423;-0.48
1498;6675.567423;-0.56
1498;6675.567423;-0.61
1498;6675.567423;-0.63
1498;6675.567423;-0.65
1498;6675.567423;-0.65
1498;6675.567423;-0.65
1498;6675.567423;-0.63
1498;6675.567423;-0.58
1498;6675.567423;-0.51
1499;6671.114076;-0.4
1499;6671.114076;-0.26
1499;6671.114076;-0.09
1499;6671.114076;0.08
1499;6671.114076;0.25
1499;6671.114076;0.38
1499;6671.114076;0.45
1499;6671.114076;0.44
1499;6671.114076;0.35
1499;6671.114076;0.2
1499;6671.114076;0.02
1499;6671.114076;-0.13
1499;6671.114076;-0.22
1499;6671.114076;-0.22
1499;6671.114076;-0.12
1499;6671.114076;0.05
1499;6671.114076;0.26
1499;6671.114076;0.46
1499;6671.114076;0.61
1500;6666.666667;0.69
1500;6666.666667;0.69
1500;6666.666667;0.63
1500;6666.666667;0.51
1500;6666.666667;0.37
1500;6666.666667;0.24
1500;6666.666667;0.14
1500;6666.666667;0.09
1500;6666.666667;0.09
1500;6666.666667;0.14
1500;6666.666667;0.23
1500;6666.666667;0.34
1500;6666.666667;0.43
1500;6666.666667;0.48
1500;6666.666667;0.48
1500;6666.666667;0.42
1500;6666.666667;0.32
1500;6666.666667;0.19
1501;6662.225183;0.05
1501;6662.225183;-0.1
1501;6662.225183;-0.22
1501;6662.225183;-0.31
1501;6662.225183;-0.36
1501;6662.225183;-0.36
1501;6662.225183;-0.3
1501;6662.225183;-0.17
1501;6662.225183;0.01
1501;6662.225183;0.23
1501;6662.225183;0.46
1501;6662.225183;0.67
1501;6662.225183;0.84
1501;6662.225183;0.93
1501;6662.225183;0.94
1501;6662.225183;0.89
1501;6662.225183;0.8
1501;6662.225183;0.69
1501;6662.225183;0.6
1502;6657.789614;0.55
1502;6657.789614;0.54
1502;6657.789614;0.58
1502;6657.789614;0.64
1502;6657.789614;0.7
1502;6657.789614;0.74
1502;6657.789614;0.73
1502;6657.789614;0.68
1502;6657.789614;0.57
1502;6657.789614;0.43
1502;6657.789614;0.28
1502;6657.789614;0.14
1502;6657.789614;0.02
1502;6657.789614;-0.06
1502;6657.789614;-0.12
1502;6657.789614;-0.16
1502;6657.789614;-0.19
1502;6657.789614;-0.21
1503;6653.359947;-0.23
1503;6653.359947;-0.25
1503;6653.359947;-0.27
1503;6653.359947;-0.28
1503;6653.359947;-0.29
1503;6653.359947;-0.3
1503;6653.359947;-0.3
1503;6653.359947;-0.31
1503;6653.359947;-0.31
1503;6653.359947;-0.31
1503;6653.359947;-0.31
1503;6653.359947;-0.31
1503;6653.359947;-0.33
1503;6653.359947;-0.37
1503;6653.359947;-0.43
1503;6653.359947;-0.51
1503;6653.359947;-0.58
1503;6653.359947;-0.64
1503;6653.359947;-0.65
1504;6648.93617;-0.6
1504;6648.93617;-0.51
1504;6648.93617;-0.38
1504;6648.93617;-0.23
1504;6648.93617;-0.11
1504;6648.93617;-0.02
1504;6648.93617;0.02
1504;6648.93617;0.02
1504;6648.93617;-0.02
1504;6648.93617;-0.08
1504;6648.93617;-0.14
1504;6648.93617;-0.19
1504;6648.93617;-0.22
1504;6648.93617;-0.21
1504;6648.93617;-0.18
1504;6648.93617;-0.12
1504;6648.93617;-0.04
1504;6648.93617;0.03
1505;6644.518272;0.09
1505;6644.518272;0.12
1505;6644.518272;0.13
1505;6644.518272;0.13
1505;6644.518272;0.11
1505;6644.518272;0.1
1505;6644.518272;0.1
1505;6644.518272;0.1
1505;6644.518272;0.1
1505;6644.518272;0.08
1505;6644.518272;0.03
1505;6644.518272;-0.03
1505;6644.518272;-0.09
1505;6644.518272;-0.13
1505;6644.518272;-0.12
1505;6644.518272;-0.08
1505;6644.518272;0.01
1505;6644.518272;0.11
1506;6640.106242;0.21
1506;6640.106242;0.27
1506;6640.106242;0.28
1506;6640.106242;0.25
1506;6640.106242;0.19
1506;6640.106242;0.11
1506;6640.106242;0.05
1506;6640.106242;0
1506;6640.106242;-0.03
1506;6640.106242;-0.03
1506;6640.106242;-0.04
1506;6640.106242;-0.05
1506;6640.106242;-0.08
1506;6640.106242;-0.14
1506;6640.106242;-0.2
1506;6640.106242;-0.27
1506;6640.106242;-0.32
1506;6640.106242;-0.34
1507;6635.700066;-0.31
1507;6635.700066;-0.23
1507;6635.700066;-0.1
1507;6635.700066;0.05
1507;6635.700066;0.21
1507;6635.700066;0.33
1507;6635.700066;0.4
1507;6635.700066;0.4
1507;6635.700066;0.34
1507;6635.700066;0.22
1507;6635.700066;0.07
1507;6635.700066;-0.09
1507;6635.700066;-0.23
1507;6635.700066;-0.34
1507;6635.700066;-0.4
1507;6635.700066;-0.42
1507;6635.700066;-0.4
1507;6635.700066;-0.34
1507;6635.700066;-0.28
1508;6631.299735;-0.23
1508;6631.299735;-0.2
1508;6631.299735;-0.2
1508;6631.299735;-0.22
1508;6631.299735;-0.26
1508;6631.299735;-0.29
1508;6631.299735;-0.29
1508;6631.299735;-0.26
1508;6631.299735;-0.2
1508;6631.299735;-0.12
1508;6631.299735;-0.04
1508;6631.299735;0.01
1508;6631.299735;0.03
1508;6631.299735;0.02
1508;6631.299735;-0.03
1508;6631.299735;-0.07
1508;6631.299735;-0.12
1508;6631.299735;-0.14
1509;6626.905235;-0.15
1509;6626.905235;-0.16
1509;6626.905235;-0.16
1509;6626.905235;-0.17
1509;6626.905235;-0.19
1509;6626.905235;-0.21
1509;6626.905235;-0.23
1509;6626.905235;-0.24
1509;6626.905235;-0.24
1509;6626.905235;-0.24
1509;6626.905235;-0.24
1509;6626.905235;-0.24
1509;6626.905235;-0.25
1509;6626.905235;-0.26
1509;6626.905235;-0.27
1509;6626.905235;-0.27
1509;6626.905235;-0.25
1509;6626.905235;-0.24
1510;6622.516556;-0.22
1510;6622.516556;-0.21
1510;6622.516556;-0.22
1510;6622.516556;-0.23
1510;6622.516556;-0.24
1510;6622.516556;-0.25
1510;6622.516556;-0.25
1510;6622.516556;-0.22
1510;6622.516556;-0.16
1510;6622.516556;-0.09
1510;6622.516556;0
1510;6622.516556;0.09
1510;6622.516556;0.17
1510;6622.516556;0.23
1510;6622.516556;0.27
1510;6622.516556;0.28
1510;6622.516556;0.27
1510;6622.516556;0.24
1511;6618.133686;0.2
1511;6618.133686;0.14
1511;6618.133686;0.08
1511;6618.133686;0.03
1511;6618.133686;-0.01
1511;6618.133686;-0.01
1511;6618.133686;0.04
1511;6618.133686;0.13
1511;6618.133686;0.26
1511;6618.133686;0.43
1511;6618.133686;0.59
1511;6618.133686;0.73
1511;6618.133686;0.82
1511;6618.133686;0.85
1511;6618.133686;0.82
1511;6618.133686;0.72
1511;6618.133686;0.59
1511;6618.133686;0.44
1511;6618.133686;0.28
1512;6613.756614;0.13
1512;6613.756614;-0.01
1512;6613.756614;-0.12
1512;6613.756614;-0.21
1512;6613.756614;-0.26
1512;6613.756614;-0.27
1512;6613.756614;-0.23
1512;6613.756614;-0.17
1512;6613.756614;-0.08
1512;6613.756614;0.01
1512;6613.756614;0.09
1512;6613.756614;0.15
1512;6613.756614;0.17
1512;6613.756614;0.17
1512;6613.756614;0.15
1512;6613.756614;0.12
1512;6613.756614;0.09
1512;6613.756614;0.05
1513;6609.385327;0.01
1513;6609.385327;-0.04
1513;6609.385327;-0.12
1513;6609.385327;-0.2
1513;6609.385327;-0.29
1513;6609.385327;-0.36
1513;6609.385327;-0.39
1513;6609.385327;-0.39
1513;6609.385327;-0.34
1513;6609.385327;-0.27
1513;6609.385327;-0.2
1513;6609.385327;-0.14
1513;6609.385327;-0.11
1513;6609.385327;-0.12
1513;6609.385327;-0.17
1513;6609.385327;-0.24
1513;6609.385327;-0.31
1513;6609.385327;-0.37
1514;6605.019815;-0.4
1514;6605.019815;-0.4
1514;6605.019815;-0.36
1514;6605.019815;-0.3
1514;6605.019815;-0.22
1514;6605.019815;-0.15
1514;6605.019815;-0.09
1514;6605.019815;-0.07
1514;6605.019815;-0.07
1514;6605.019815;-0.12
1514;6605.019815;-0.2
1514;6605.019815;-0.31
1514;6605.019815;-0.42
1514;6605.019815;-0.53
1514;6605.019815;-0.59
1514;6605.019815;-0.61
1514;6605.019815;-0.58
1514;6605.019815;-0.49
1515;6600.660066;-0.36
1515;6600.660066;-0.22
1515;6600.660066;-0.08
1515;6600.660066;0.03
1515;6600.660066;0.12
1515;6600.660066;0.17
1515;6600.660066;0.19
1515;6600.660066;0.18
1515;6600.660066;0.15
1515;6600.660066;0.11
1515;6600.660066;0.06
1515;6600.660066;0
1515;6600.660066;-0.07
1515;6600.660066;-0.14
1515;6600.660066;-0.2
1515;6600.660066;-0.25
1515;6600.660066;-0.28
1515;6600.660066;-0.27
1516;6596.306069;-0.24
1516;6596.306069;-0.18
1516;6596.306069;-0.11
1516;6596.306069;-0.04
1516;6596.306069;0.02
1516;6596.306069;0.06
1516;6596.306069;0.08
1516;6596.306069;0.07
1516;6596.306069;0.04
1516;6596.306069;0.02
1516;6596.306069;-0.01
1516;6596.306069;-0.03
1516;6596.306069;-0.05
1516;6596.306069;-0.07
1516;6596.306069;-0.08
1516;6596.306069;-0.09
1516;6596.306069;-0.1
1516;6596.306069;-0.1
1517;6591.957811;-0.08
1517;6591.957811;-0.04
1517;6591.957811;0
1517;6591.957811;0.05
1517;6591.957811;0.09
1517;6591.957811;0.1
1517;6591.957811;0.09
1517;6591.957811;0.05
1517;6591.957811;0
1517;6591.957811;-0.06
1517;6591.957811;-0.1
1517;6591.957811;-0.13
1517;6591.957811;-0.14
1517;6591.957811;-0.13
1517;6591.957811;-0.11
1517;6591.957811;-0.09
1517;6591.957811;-0.05
1517;6591.957811;-0.01
1518;6587.615283;0.04
1518;6587.615283;0.1
1518;6587.615283;0.16
1518;6587.615283;0.21
1518;6587.615283;0.25
1518;6587.615283;0.26
1518;6587.615283;0.25
1518;6587.615283;0.22
1518;6587.615283;0.17
1518;6587.615283;0.13
1518;6587.615283;0.09
1518;6587.615283;0.06
1518;6587.615283;0.04
1518;6587.615283;0.01
1518;6587.615283;-0.01
1518;6587.615283;-0.04
1518;6587.615283;-0.06
1518;6587.615283;-0.07
1519;6583.278473;-0.05
1519;6583.278473;0
1519;6583.278473;0.07
1519;6583.278473;0.16
1519;6583.278473;0.25
1519;6583.278473;0.32
1519;6583.278473;0.36
1519;6583.278473;0.37
1519;6583.278473;0.34
1519;6583.278473;0.29
1519;6583.278473;0.23
1519;6583.278473;0.17
1519;6583.278473;0.11
1519;6583.278473;0.06
1519;6583.278473;0.02
1519;6583.278473;-0.02
1519;6583.278473;-0.05
1519;6583.278473;-0.09
1520;6578.947368;-0.14
1520;6578.947368;-0.19
1520;6578.947368;-0.24
1520;6578.947368;-0.3
1520;6578.947368;-0.36
1520;6578.947368;-0.41
1520;6578.947368;-0.44
1520;6578.947368;-0.44
1520;6578.947368;-0.42
1520;6578.947368;-0.36
1520;6578.947368;-0.28
1520;6578.947368;-0.19
1520;6578.947368;-0.11
1520;6578.947368;-0.04
1520;6578.947368;0
1520;6578.947368;0.01
1520;6578.947368;0
1520;6578.947368;-0.02
1521;6574.621959;-0.04
1521;6574.621959;-0.04
1521;6574.621959;-0.04
1521;6574.621959;-0.03
1521;6574.621959;0
1521;6574.621959;0.02
1521;6574.621959;0.05
1521;6574.621959;0.08
1521;6574.621959;0.1
1521;6574.621959;0.11
1521;6574.621959;0.13
1521;6574.621959;0.13
1521;6574.621959;0.13
1521;6574.621959;0.13
1521;6574.621959;0.11
1521;6574.621959;0.09
1521;6574.621959;0.07
1521;6574.621959;0.04
1522;6570.302234;0.02
1522;6570.302234;0.01
1522;6570.302234;0
1522;6570.302234;0.02
1522;6570.302234;0.04
1522;6570.302234;0.08
1522;6570.302234;0.13
1522;6570.302234;0.17
1522;6570.302234;0.21
1522;6570.302234;0.23
1522;6570.302234;0.25
1522;6570.302234;0.28
1522;6570.302234;0.31
1522;6570.302234;0.36
1522;6570.302234;0.41
1522;6570.302234;0.46
1522;6570.302234;0.49
1522;6570.302234;0.48
1523;6565.988181;0.43
1523;6565.988181;0.33
1523;6565.988181;0.2
1523;6565.988181;0.05
1523;6565.988181;-0.09
1523;6565.988181;-0.22
1523;6565.988181;-0.32
1523;6565.988181;-0.38
1523;6565.988181;-0.42
1523;6565.988181;-0.44
1523;6565.988181;-0.45
1523;6565.988181;-0.45
1523;6565.988181;-0.45
1523;6565.988181;-0.44
1523;6565.988181;-0.42
1523;6565.988181;-0.39
1523;6565.988181;-0.34
1523;6565.988181;-0.28
1524;6561.67979;-0.2
1524;6561.67979;-0.11
1524;6561.67979;-0.02
1524;6561.67979;0.04
1524;6561.67979;0.08
1524;6561.67979;0.07
1524;6561.67979;0.02
1524;6561.67979;-0.05
1524;6561.67979;-0.13
1524;6561.67979;-0.19
1524;6561.67979;-0.21
1524;6561.67979;-0.19
1524;6561.67979;-0.13
1524;6561.67979;-0.06
1524;6561.67979;0.01
1524;6561.67979;0.06
1524;6561.67979;0.07
1524;6561.67979;0.06
1525;6557.377049;0.03
1525;6557.377049;0
1525;6557.377049;-0.02
1525;6557.377049;-0.02
1525;6557.377049;0
1525;6557.377049;0.05
1525;6557.377049;0.11
1525;6557.377049;0.17
1525;6557.377049;0.23
1525;6557.377049;0.27
1525;6557.377049;0.28
1525;6557.377049;0.27
1525;6557.377049;0.22
1525;6557.377049;0.16
1525;6557.377049;0.08
1525;6557.377049;0.01
1525;6557.377049;-0.04
1526;6553.079948;-0.08
1526;6553.079948;-0.11
1526;6553.079948;-0.15
1526;6553.079948;-0.2
1526;6553.079948;-0.27
1526;6553.079948;-0.35
1526;6553.079948;-0.43
1526;6553.079948;-0.49
1526;6553.079948;-0.52
1526;6553.079948;-0.5
1526;6553.079948;-0.46
1526;6553.079948;-0.39
1526;6553.079948;-0.32
1526;6553.079948;-0.25
1526;6553.079948;-0.18
1526;6553.079948;-0.12
1526;6553.079948;-0.07
1526;6553.079948;-0.02
1527;6548.788474;0.03
1527;6548.788474;0.06
1527;6548.788474;0.06
1527;6548.788474;0.03
1527;6548.788474;-0.02
1527;6548.788474;-0.08
1527;6548.788474;-0.13
1527;6548.788474;-0.17
1527;6548.788474;-0.18
1527;6548.788474;-0.17
1527;6548.788474;-0.13
1527;6548.788474;-0.06
1527;6548.788474;0.02
1527;6548.788474;0.11
1527;6548.788474;0.22
1527;6548.788474;0.35
1527;6548.788474;0.48
1527;6548.788474;0.59
1528;6544.502618;0.68
1528;6544.502618;0.71
1528;6544.502618;0.69
1528;6544.502618;0.6
1528;6544.502618;0.48
1528;6544.502618;0.33
1528;6544.502618;0.18
1528;6544.502618;0.05
1528;6544.502618;-0.05
1528;6544.502618;-0.11
1528;6544.502618;-0.16
1528;6544.502618;-0.18
1528;6544.502618;-0.21
1528;6544.502618;-0.23
1528;6544.502618;-0.25
1528;6544.502618;-0.27
1528;6544.502618;-0.29
1528;6544.502618;-0.32
1529;6540.222368;-0.34
1529;6540.222368;-0.36
1529;6540.222368;-0.38
1529;6540.222368;-0.38
1529;6540.222368;-0.37
1529;6540.222368;-0.35
1529;6540.222368;-0.3
1529;6540.222368;-0.25
1529;6540.222368;-0.18
1529;6540.222368;-0.1
1529;6540.222368;-0.03
1529;6540.222368;0.05
1529;6540.222368;0.11
1529;6540.222368;0.18
1529;6540.222368;0.23
1529;6540.222368;0.29
1529;6540.222368;0.33
1529;6540.222368;0.37
1530;6535.947712;0.41
1530;6535.947712;0.43
1530;6535.947712;0.43
1530;6535.947712;0.42
1530;6535.947712;0.37
1530;6535.947712;0.3
1530;6535.947712;0.21
1530;6535.947712;0.11
1530;6535.947712;0.02
1530;6535.947712;-0.06
1530;6535.947712;-0.11
1530;6535.947712;-0.14
1530;6535.947712;-0.15
1530;6535.947712;-0.15
1530;6535.947712;-0.16
1530;6535.947712;-0.19
1530;6535.947712;-0.23
1531;6531.678641;-0.28
1531;6531.678641;-0.33
1531;6531.678641;-0.36
1531;6531.678641;-0.36
1531;6531.678641;-0.34
1531;6531.678641;-0.3
1531;6531.678641;-0.23
1531;6531.678641;-0.16
1531;6531.678641;-0.08
1531;6531.678641;0
1531;6531.678641;0.07
1531;6531.678641;0.14
1531;6531.678641;0.21
1531;6531.678641;0.28
1531;6531.678641;0.33
1531;6531.678641;0.37
1531;6531.678641;0.4
1531;6531.678641;0.41
1532;6527.415144;0.4
1532;6527.415144;0.38
1532;6527.415144;0.35
1532;6527.415144;0.29
1532;6527.415144;0.21
1532;6527.415144;0.12
1532;6527.415144;0
1532;6527.415144;-0.11
1532;6527.415144;-0.2
1532;6527.415144;-0.26
1532;6527.415144;-0.26
1532;6527.415144;-0.2
1532;6527.415144;-0.09
1532;6527.415144;0.05
1532;6527.415144;0.2
1532;6527.415144;0.33
1532;6527.415144;0.41
1532;6527.415144;0.44
1533;6523.157208;0.43
1533;6523.157208;0.4
1533;6523.157208;0.35
1533;6523.157208;0.32
1533;6523.157208;0.31
1533;6523.157208;0.32
1533;6523.157208;0.36
1533;6523.157208;0.42
1533;6523.157208;0.49
1533;6523.157208;0.57
1533;6523.157208;0.65
1533;6523.157208;0.71
1533;6523.157208;0.76
1533;6523.157208;0.77
1533;6523.157208;0.74
1533;6523.157208;0.68
1533;6523.157208;0.58
1534;6518.904824;0.47
1534;6518.904824;0.34
1534;6518.904824;0.21
1534;6518.904824;0.09
1534;6518.904824;-0.03
1534;6518.904824;-0.13
1534;6518.904824;-0.22
1534;6518.904824;-0.29
1534;6518.904824;-0.34
1534;6518.904824;-0.37
1534;6518.904824;-0.37
1534;6518.904824;-0.34
1534;6518.904824;-0.29
1534;6518.904824;-0.22
1534;6518.904824;-0.16
1534;6518.904824;-0.1
1534;6518.904824;-0.05
1534;6518.904824;0
1535;6514.65798;0.05
1535;6514.65798;0.11
1535;6514.65798;0.18
1535;6514.65798;0.26
1535;6514.65798;0.33
1535;6514.65798;0.38
1535;6514.65798;0.41
1535;6514.65798;0.39
1535;6514.65798;0.33
1535;6514.65798;0.24
1535;6514.65798;0.14
1535;6514.65798;0.03
1535;6514.65798;-0.06
1535;6514.65798;-0.12
1535;6514.65798;-0.13
1535;6514.65798;-0.1
1535;6514.65798;-0.05
1535;6514.65798;0.02
1536;6510.416667;0.09
1536;6510.416667;0.14
1536;6510.416667;0.17
1536;6510.416667;0.17
1536;6510.416667;0.17
1536;6510.416667;0.15
1536;6510.416667;0.14
1536;6510.416667;0.15
1536;6510.416667;0.17
1536;6510.416667;0.21
1536;6510.416667;0.26
1536;6510.416667;0.32
1536;6510.416667;0.38
1536;6510.416667;0.43
1536;6510.416667;0.46
1536;6510.416667;0.46
1536;6510.416667;0.44
1537;6506.180872;0.39
1537;6506.180872;0.31
1537;6506.180872;0.22
1537;6506.180872;0.13
1537;6506.180872;0.05
1537;6506.180872;0.01
1537;6506.180872;0.02
1537;6506.180872;0.07
1537;6506.180872;0.17
1537;6506.180872;0.3
1537;6506.180872;0.44
1537;6506.180872;0.55
1537;6506.180872;0.62
1537;6506.180872;0.61
1537;6506.180872;0.52
1537;6506.180872;0.36
1537;6506.180872;0.15
1537;6506.180872;-0.07
1538;6501.950585;-0.28
1538;6501.950585;-0.42
1538;6501.950585;-0.49
1538;6501.950585;-0.48
1538;6501.950585;-0.4
1538;6501.950585;-0.27
1538;6501.950585;-0.14
1538;6501.950585;-0.02
1538;6501.950585;0.07
1538;6501.950585;0.1
1538;6501.950585;0.1
1538;6501.950585;0.06
1538;6501.950585;0.01
1538;6501.950585;-0.05
1538;6501.950585;-0.12
1538;6501.950585;-0.17
1538;6501.950585;-0.22
1539;6497.725796;-0.26
1539;6497.725796;-0.28
1539;6497.725796;-0.3
1539;6497.725796;-0.31
1539;6497.725796;-0.31
1539;6497.725796;-0.31
1539;6497.725796;-0.3
1539;6497.725796;-0.27
1539;6497.725796;-0.23
1539;6497.725796;-0.18
1539;6497.725796;-0.12
1539;6497.725796;-0.06
1539;6497.725796;-0.01
1539;6497.725796;0.02
1539;6497.725796;0.03
1539;6497.725796;0.04
1539;6497.725796;0.05
1539;6497.725796;0.08
1540;6493.506494;0.14
1540;6493.506494;0.22
1540;6493.506494;0.32
1540;6493.506494;0.41
1540;6493.506494;0.47
1540;6493.506494;0.48
1540;6493.506494;0.44
1540;6493.506494;0.36
1540;6493.506494;0.24
1540;6493.506494;0.13
1540;6493.506494;0.02
1540;6493.506494;-0.08
1540;6493.506494;-0.15
1540;6493.506494;-0.21
1540;6493.506494;-0.27
1540;6493.506494;-0.32
1540;6493.506494;-0.37
1541;6489.292667;-0.41
1541;6489.292667;-0.43
1541;6489.292667;-0.43
1541;6489.292667;-0.4
1541;6489.292667;-0.35
1541;6489.292667;-0.28
1541;6489.292667;-0.19
1541;6489.292667;-0.09
1541;6489.292667;0.01
1541;6489.292667;0.11
1541;6489.292667;0.19
1541;6489.292667;0.26
1541;6489.292667;0.32
1541;6489.292667;0.37
1541;6489.292667;0.41
1541;6489.292667;0.46
1541;6489.292667;0.49
1541;6489.292667;0.51
1542;6485.084306;0.5
1542;6485.084306;0.47
1542;6485.084306;0.4
1542;6485.084306;0.32
1542;6485.084306;0.23
1542;6485.084306;0.16
1542;6485.084306;0.13
1542;6485.084306;0.14
1542;6485.084306;0.21
1542;6485.084306;0.3
1542;6485.084306;0.41
1542;6485.084306;0.49
1542;6485.084306;0.54
1542;6485.084306;0.53
1542;6485.084306;0.47
1542;6485.084306;0.38
1542;6485.084306;0.26
1543;6480.8814;0.14
1543;6480.8814;0.02
1543;6480.8814;-0.07
1543;6480.8814;-0.14
1543;6480.8814;-0.18
1543;6480.8814;-0.18
1543;6480.8814;-0.15
1543;6480.8814;-0.08
1543;6480.8814;0.02
1543;6480.8814;0.12
1543;6480.8814;0.21
1543;6480.8814;0.26
1543;6480.8814;0.26
1543;6480.8814;0.2
1543;6480.8814;0.09
1543;6480.8814;-0.05
1543;6480.8814;-0.18
1543;6480.8814;-0.28
1544;6476.683938;-0.33
1544;6476.683938;-0.33
1544;6476.683938;-0.28
1544;6476.683938;-0.21
1544;6476.683938;-0.13
1544;6476.683938;-0.06
1544;6476.683938;-0.01
1544;6476.683938;0.03
1544;6476.683938;0.05
1544;6476.683938;0.06
1544;6476.683938;0.08
1544;6476.683938;0.1
1544;6476.683938;0.12
1544;6476.683938;0.13
1544;6476.683938;0.12
1544;6476.683938;0.1
1544;6476.683938;0.07
1545;6472.491909;0.05
1545;6472.491909;0.04
1545;6472.491909;0.05
1545;6472.491909;0.09
1545;6472.491909;0.15
1545;6472.491909;0.22
1545;6472.491909;0.27
1545;6472.491909;0.3
1545;6472.491909;0.28
1545;6472.491909;0.22
1545;6472.491909;0.11
1545;6472.491909;-0.03
1545;6472.491909;-0.19
1545;6472.491909;-0.33
1545;6472.491909;-0.44
1545;6472.491909;-0.5
1545;6472.491909;-0.5
1546;6468.305304;-0.46
1546;6468.305304;-0.39
1546;6468.305304;-0.3
1546;6468.305304;-0.22
1546;6468.305304;-0.16
1546;6468.305304;-0.13
1546;6468.305304;-0.13
1546;6468.305304;-0.13
1546;6468.305304;-0.13
1546;6468.305304;-0.12
1546;6468.305304;-0.08
1546;6468.305304;-0.03
1546;6468.305304;0.02
1546;6468.305304;0.07
1546;6468.305304;0.09
1546;6468.305304;0.07
1546;6468.305304;0.02
1546;6468.305304;-0.05
1547;6464.124111;-0.14
1547;6464.124111;-0.21
1547;6464.124111;-0.26
1547;6464.124111;-0.28
1547;6464.124111;-0.26
1547;6464.124111;-0.22
1547;6464.124111;-0.18
1547;6464.124111;-0.14
1547;6464.124111;-0.12
1547;6464.124111;-0.11
1547;6464.124111;-0.11
1547;6464.124111;-0.1
1547;6464.124111;-0.07
1547;6464.124111;-0.02
1547;6464.124111;0.05
1547;6464.124111;0.13
1547;6464.124111;0.2
1548;6459.94832;0.25
1548;6459.94832;0.28
1548;6459.94832;0.27
1548;6459.94832;0.24
1548;6459.94832;0.19
1548;6459.94832;0.14
1548;6459.94832;0.08
1548;6459.94832;0.03
1548;6459.94832;-0.02
1548;6459.94832;-0.07
1548;6459.94832;-0.12
1548;6459.94832;-0.16
1548;6459.94832;-0.2
1548;6459.94832;-0.23
1548;6459.94832;-0.24
1548;6459.94832;-0.22
1548;6459.94832;-0.17
1549;6455.777921;-0.08
1549;6455.777921;0.05
1549;6455.777921;0.21
1549;6455.777921;0.38
1549;6455.777921;0.55
1549;6455.777921;0.7
1549;6455.777921;0.81
1549;6455.777921;0.86
1549;6455.777921;0.85
1549;6455.777921;0.78
1549;6455.777921;0.67
1549;6455.777921;0.55
1549;6455.777921;0.44
1549;6455.777921;0.35
1549;6455.777921;0.29
1549;6455.777921;0.26
1549;6455.777921;0.27
1549;6455.777921;0.29
1550;6451.612903;0.31
1550;6451.612903;0.33
1550;6451.612903;0.32
1550;6451.612903;0.3
1550;6451.612903;0.27
1550;6451.612903;0.22
1550;6451.612903;0.17
1550;6451.612903;0.14
1550;6451.612903;0.14
1550;6451.612903;0.16
1550;6451.612903;0.21
1550;6451.612903;0.28
1550;6451.612903;0.35
1550;6451.612903;0.4
1550;6451.612903;0.41
1550;6451.612903;0.4
1550;6451.612903;0.35
1551;6447.453256;0.29
1551;6447.453256;0.22
1551;6447.453256;0.15
1551;6447.453256;0.11
1551;6447.453256;0.1
1551;6447.453256;0.1
1551;6447.453256;0.12
1551;6447.453256;0.14
1551;6447.453256;0.14
1551;6447.453256;0.12
1551;6447.453256;0.07
1551;6447.453256;0.01
1551;6447.453256;-0.08
1551;6447.453256;-0.15
1551;6447.453256;-0.21
1551;6447.453256;-0.24
1551;6447.453256;-0.22
1552;6443.298969;-0.16
1552;6443.298969;-0.07
1552;6443.298969;0.04
1552;6443.298969;0.14
1552;6443.298969;0.22
1552;6443.298969;0.28
1552;6443.298969;0.3
1552;6443.298969;0.3
1552;6443.298969;0.27
1552;6443.298969;0.23
1552;6443.298969;0.18
1552;6443.298969;0.13
1552;6443.298969;0.08
1552;6443.298969;0.03
1552;6443.298969;-0.01
1552;6443.298969;-0.04
1552;6443.298969;-0.07
1553;6439.150032;-0.08
1553;6439.150032;-0.09
1553;6439.150032;-0.1
1553;6439.150032;-0.11
1553;6439.150032;-0.13
1553;6439.150032;-0.15
1553;6439.150032;-0.17
1553;6439.150032;-0.18
1553;6439.150032;-0.17
1553;6439.150032;-0.15
1553;6439.150032;-0.11
1553;6439.150032;-0.05
1553;6439.150032;0.01
1553;6439.150032;0.08
1553;6439.150032;0.16
1553;6439.150032;0.23
1553;6439.150032;0.3
1553;6439.150032;0.36
1554;6435.006435;0.42
1554;6435.006435;0.49
1554;6435.006435;0.55
1554;6435.006435;0.61
1554;6435.006435;0.65
1554;6435.006435;0.67
1554;6435.006435;0.65
1554;6435.006435;0.58
1554;6435.006435;0.45
1554;6435.006435;0.28
1554;6435.006435;0.09
1554;6435.006435;-0.11
1554;6435.006435;-0.27
1554;6435.006435;-0.38
1554;6435.006435;-0.42
1554;6435.006435;-0.41
1554;6435.006435;-0.34
1555;6430.868167;-0.24
1555;6430.868167;-0.14
1555;6430.868167;-0.04
1555;6430.868167;0.04
1555;6430.868167;0.1
1555;6430.868167;0.13
1555;6430.868167;0.13
1555;6430.868167;0.12
1555;6430.868167;0.08
1555;6430.868167;0.02
1555;6430.868167;-0.04
1555;6430.868167;-0.12
1555;6430.868167;-0.2
1555;6430.868167;-0.27
1555;6430.868167;-0.34
1555;6430.868167;-0.39
1555;6430.868167;-0.42
1556;6426.735219;-0.42
1556;6426.735219;-0.4
1556;6426.735219;-0.36
1556;6426.735219;-0.3
1556;6426.735219;-0.24
1556;6426.735219;-0.19
1556;6426.735219;-0.17
1556;6426.735219;-0.17
1556;6426.735219;-0.19
1556;6426.735219;-0.24
1556;6426.735219;-0.28
1556;6426.735219;-0.32
1556;6426.735219;-0.34
1556;6426.735219;-0.35
1556;6426.735219;-0.34
1556;6426.735219;-0.32
1556;6426.735219;-0.3
1557;6422.607579;-0.27
1557;6422.607579;-0.23
1557;6422.607579;-0.18
1557;6422.607579;-0.12
1557;6422.607579;-0.04
1557;6422.607579;0.05
1557;6422.607579;0.14
1557;6422.607579;0.22
1557;6422.607579;0.3
1557;6422.607579;0.37
1557;6422.607579;0.44
1557;6422.607579;0.5
1557;6422.607579;0.54
1557;6422.607579;0.57
1557;6422.607579;0.56
1557;6422.607579;0.51
1557;6422.607579;0.42
1558;6418.485237;0.29
1558;6418.485237;0.13
1558;6418.485237;-0.03
1558;6418.485237;-0.18
1558;6418.485237;-0.3
1558;6418.485237;-0.37
1558;6418.485237;-0.39
1558;6418.485237;-0.35
1558;6418.485237;-0.26
1558;6418.485237;-0.15
1558;6418.485237;-0.03
1558;6418.485237;0.07
1558;6418.485237;0.16
1558;6418.485237;0.2
1558;6418.485237;0.21
1558;6418.485237;0.2
1558;6418.485237;0.16
1559;6414.368185;0.11
1559;6414.368185;0.07
1559;6414.368185;0.04
1559;6414.368185;0.02
1559;6414.368185;0.02
1559;6414.368185;0.03
1559;6414.368185;0.03
1559;6414.368185;0.02
1559;6414.368185;-0.01
1559;6414.368185;-0.05
1559;6414.368185;-0.11
1559;6414.368185;-0.16
1559;6414.368185;-0.21
1559;6414.368185;-0.24
1559;6414.368185;-0.25
1559;6414.368185;-0.23
1559;6414.368185;-0.2
1560;6410.25641;-0.17
1560;6410.25641;-0.14
1560;6410.25641;-0.12
1560;6410.25641;-0.11
1560;6410.25641;-0.11
1560;6410.25641;-0.09
1560;6410.25641;-0.07
1560;6410.25641;-0.03
1560;6410.25641;0.02
1560;6410.25641;0.07
1560;6410.25641;0.11
1560;6410.25641;0.13
1560;6410.25641;0.13
1560;6410.25641;0.13
1560;6410.25641;0.13
1560;6410.25641;0.14
1560;6410.25641;0.17
1561;6406.149904;0.22
1561;6406.149904;0.29
1561;6406.149904;0.36
1561;6406.149904;0.43
1561;6406.149904;0.48
1561;6406.149904;0.52
1561;6406.149904;0.54
1561;6406.149904;0.54
1561;6406.149904;0.54
1561;6406.149904;0.53
1561;6406.149904;0.52
1561;6406.149904;0.52
1561;6406.149904;0.52
1561;6406.149904;0.51
1561;6406.149904;0.5
1561;6406.149904;0.48
1561;6406.149904;0.44
1562;6402.048656;0.38
1562;6402.048656;0.31
1562;6402.048656;0.23
1562;6402.048656;0.16
1562;6402.048656;0.1
1562;6402.048656;0.05
1562;6402.048656;0.02
1562;6402.048656;-0.01
1562;6402.048656;-0.03
1562;6402.048656;-0.04
1562;6402.048656;-0.04
1562;6402.048656;-0.02
1562;6402.048656;0.04
1562;6402.048656;0.14
1562;6402.048656;0.28
1562;6402.048656;0.42
1562;6402.048656;0.55
1563;6397.952655;0.65
1563;6397.952655;0.69
1563;6397.952655;0.68
1563;6397.952655;0.62
1563;6397.952655;0.54
1563;6397.952655;0.44
1563;6397.952655;0.35
1563;6397.952655;0.26
1563;6397.952655;0.19
1563;6397.952655;0.13
1563;6397.952655;0.07
1563;6397.952655;0.03
1563;6397.952655;0
1563;6397.952655;-0.01
1563;6397.952655;-0.01
1563;6397.952655;-0.01
1563;6397.952655;-0.01
1564;6393.861893;-0.03
1564;6393.861893;-0.06
1564;6393.861893;-0.12
1564;6393.861893;-0.18
1564;6393.861893;-0.24
1564;6393.861893;-0.28
1564;6393.861893;-0.31
1564;6393.861893;-0.33
1564;6393.861893;-0.32
1564;6393.861893;-0.29
1564;6393.861893;-0.24
1564;6393.861893;-0.17
1564;6393.861893;-0.1
1564;6393.861893;-0.02
1564;6393.861893;0.04
1564;6393.861893;0.08
1564;6393.861893;0.09
1565;6389.776358;0.07
1565;6389.776358;0.02
1565;6389.776358;-0.05
1565;6389.776358;-0.12
1565;6389.776358;-0.2
1565;6389.776358;-0.26
1565;6389.776358;-0.32
1565;6389.776358;-0.38
1565;6389.776358;-0.44
1565;6389.776358;-0.49
1565;6389.776358;-0.53
1565;6389.776358;-0.55
1565;6389.776358;-0.56
1565;6389.776358;-0.55
1565;6389.776358;-0.53
1565;6389.776358;-0.5
1565;6389.776358;-0.47
1566;6385.696041;-0.44
1566;6385.696041;-0.39
1566;6385.696041;-0.34
1566;6385.696041;-0.26
1566;6385.696041;-0.17
1566;6385.696041;-0.07
1566;6385.696041;0.03
1566;6385.696041;0.11
1566;6385.696041;0.17
1566;6385.696041;0.22
1566;6385.696041;0.24
1566;6385.696041;0.26
1566;6385.696041;0.27
1566;6385.696041;0.28
1566;6385.696041;0.29
1566;6385.696041;0.3
1566;6385.696041;0.3
1567;6381.620932;0.29
1567;6381.620932;0.28
1567;6381.620932;0.27
1567;6381.620932;0.26
1567;6381.620932;0.26
1567;6381.620932;0.26
1567;6381.620932;0.26
1567;6381.620932;0.26
1567;6381.620932;0.25
1567;6381.620932;0.24
1567;6381.620932;0.22
1567;6381.620932;0.21
1567;6381.620932;0.2
1567;6381.620932;0.19
1567;6381.620932;0.18
1567;6381.620932;0.15
1567;6381.620932;0.11
1568;6377.55102;0.06
1568;6377.55102;-0.01
1568;6377.55102;-0.09
1568;6377.55102;-0.17
1568;6377.55102;-0.24
1568;6377.55102;-0.29
1568;6377.55102;-0.32
1568;6377.55102;-0.32
1568;6377.55102;-0.3
1568;6377.55102;-0.25
1568;6377.55102;-0.18
1568;6377.55102;-0.1
1568;6377.55102;0
1568;6377.55102;0.09
1568;6377.55102;0.18
1568;6377.55102;0.25
1568;6377.55102;0.31
1569;6373.486297;0.34
1569;6373.486297;0.35
1569;6373.486297;0.34
1569;6373.486297;0.3
1569;6373.486297;0.25
1569;6373.486297;0.2
1569;6373.486297;0.14
1569;6373.486297;0.09
1569;6373.486297;0.06
1569;6373.486297;0.05
1569;6373.486297;0.06
1569;6373.486297;0.1
1569;6373.486297;0.15
1569;6373.486297;0.21
1569;6373.486297;0.27
1569;6373.486297;0.31
1569;6373.486297;0.32
1570;6369.426752;0.3
1570;6369.426752;0.24
1570;6369.426752;0.15
1570;6369.426752;0.04
1570;6369.426752;-0.08
1570;6369.426752;-0.19
1570;6369.426752;-0.26
1570;6369.426752;-0.3
1570;6369.426752;-0.29
1570;6369.426752;-0.25
1570;6369.426752;-0.18
1570;6369.426752;-0.11
1570;6369.426752;-0.05
1570;6369.426752;-0.01
1570;6369.426752;0
1570;6369.426752;0
1570;6369.426752;0
1571;6365.372374;0
1571;6365.372374;0.02
1571;6365.372374;0.07
1571;6365.372374;0.13
1571;6365.372374;0.2
1571;6365.372374;0.28
1571;6365.372374;0.34
1571;6365.372374;0.39
1571;6365.372374;0.44
1571;6365.372374;0.47
1571;6365.372374;0.49
1571;6365.372374;0.51
1571;6365.372374;0.51
1571;6365.372374;0.5
1571;6365.372374;0.46
1571;6365.372374;0.39
1572;6361.323155;0.31
1572;6361.323155;0.23
1572;6361.323155;0.15
1572;6361.323155;0.08
1572;6361.323155;0.02
1572;6361.323155;-0.02
1572;6361.323155;-0.07
1572;6361.323155;-0.12
1572;6361.323155;-0.18
1572;6361.323155;-0.25
1572;6361.323155;-0.31
1572;6361.323155;-0.35
1572;6361.323155;-0.35
1572;6361.323155;-0.31
1572;6361.323155;-0.22
1572;6361.323155;-0.11
1572;6361.323155;0.02
1573;6357.279085;0.15
1573;6357.279085;0.26
1573;6357.279085;0.35
1573;6357.279085;0.4
1573;6357.279085;0.43
1573;6357.279085;0.43
1573;6357.279085;0.42
1573;6357.279085;0.39
1573;6357.279085;0.34
1573;6357.279085;0.3
1573;6357.279085;0.25
1573;6357.279085;0.2
1573;6357.279085;0.16
1573;6357.279085;0.11
1573;6357.279085;0.06
1573;6357.279085;0.01
1573;6357.279085;-0.05
1574;6353.240152;-0.1
1574;6353.240152;-0.15
1574;6353.240152;-0.17
1574;6353.240152;-0.18
1574;6353.240152;-0.17
1574;6353.240152;-0.12
1574;6353.240152;-0.06
1574;6353.240152;0.01
1574;6353.240152;0.1
1574;6353.240152;0.17
1574;6353.240152;0.24
1574;6353.240152;0.29
1574;6353.240152;0.31
1574;6353.240152;0.32
1574;6353.240152;0.31
1574;6353.240152;0.3
1574;6353.240152;0.29
1575;6349.206349;0.29
1575;6349.206349;0.31
1575;6349.206349;0.36
1575;6349.206349;0.41
1575;6349.206349;0.46
1575;6349.206349;0.5
1575;6349.206349;0.52
1575;6349.206349;0.52
1575;6349.206349;0.48
1575;6349.206349;0.42
1575;6349.206349;0.34
1575;6349.206349;0.24
1575;6349.206349;0.14
1575;6349.206349;0.04
1575;6349.206349;-0.04
1575;6349.206349;-0.1
1576;6345.177665;-0.12
1576;6345.177665;-0.1
1576;6345.177665;-0.05
1576;6345.177665;0
1576;6345.177665;0.06
1576;6345.177665;0.09
1576;6345.177665;0.1
1576;6345.177665;0.07
1576;6345.177665;0.03
1576;6345.177665;-0.02
1576;6345.177665;-0.06
1576;6345.177665;-0.07
1576;6345.177665;-0.07
1576;6345.177665;-0.04
1576;6345.177665;0
1576;6345.177665;0.03
1576;6345.177665;0.05
1577;6341.15409;0.05
1577;6341.15409;0.01
1577;6341.15409;-0.04
1577;6341.15409;-0.12
1577;6341.15409;-0.21
1577;6341.15409;-0.3
1577;6341.15409;-0.37
1577;6341.15409;-0.42
1577;6341.15409;-0.43
1577;6341.15409;-0.41
1577;6341.15409;-0.36
1577;6341.15409;-0.3
1577;6341.15409;-0.25
1577;6341.15409;-0.21
1577;6341.15409;-0.18
1577;6341.15409;-0.16
1577;6341.15409;-0.16
1578;6337.135615;-0.15
1578;6337.135615;-0.14
1578;6337.135615;-0.14
1578;6337.135615;-0.14
1578;6337.135615;-0.14
1578;6337.135615;-0.15
1578;6337.135615;-0.16
1578;6337.135615;-0.15
1578;6337.135615;-0.11
1578;6337.135615;-0.03
1578;6337.135615;0.09
1578;6337.135615;0.23
1578;6337.135615;0.38
1578;6337.135615;0.5
1578;6337.135615;0.59
1578;6337.135615;0.63
1579;6333.122229;0.61
1579;6333.122229;0.54
1579;6333.122229;0.44
1579;6333.122229;0.3
1579;6333.122229;0.16
1579;6333.122229;0.03
1579;6333.122229;-0.09
1579;6333.122229;-0.17
1579;6333.122229;-0.21
1579;6333.122229;-0.21
1579;6333.122229;-0.17
1579;6333.122229;-0.11
1579;6333.122229;-0.04
1579;6333.122229;0.01
1579;6333.122229;0.04
1579;6333.122229;0.04
1579;6333.122229;0.01
1580;6329.113924;-0.03
1580;6329.113924;-0.09
1580;6329.113924;-0.14
1580;6329.113924;-0.19
1580;6329.113924;-0.23
1580;6329.113924;-0.27
1580;6329.113924;-0.31
1580;6329.113924;-0.35
1580;6329.113924;-0.39
1580;6329.113924;-0.42
1580;6329.113924;-0.43
1580;6329.113924;-0.42
1580;6329.113924;-0.39
1580;6329.113924;-0.32
1580;6329.113924;-0.23
1580;6329.113924;-0.14
1580;6329.113924;-0.04
1581;6325.110689;0.03
1581;6325.110689;0.08
1581;6325.110689;0.1
1581;6325.110689;0.08
1581;6325.110689;0.06
1581;6325.110689;0.03
1581;6325.110689;0.01
1581;6325.110689;0.01
1581;6325.110689;0.03
1581;6325.110689;0.05
1581;6325.110689;0.07
1581;6325.110689;0.08
1581;6325.110689;0.06
1581;6325.110689;0.02
1581;6325.110689;-0.05
1581;6325.110689;-0.12
1582;6321.112516;-0.18
1582;6321.112516;-0.23
1582;6321.112516;-0.24
1582;6321.112516;-0.22
1582;6321.112516;-0.17
1582;6321.112516;-0.1
1582;6321.112516;-0.02
1582;6321.112516;0.05
1582;6321.112516;0.1
1582;6321.112516;0.11
1582;6321.112516;0.08
1582;6321.112516;0.03
1582;6321.112516;-0.05
1582;6321.112516;-0.13
1582;6321.112516;-0.2
1582;6321.112516;-0.25
1582;6321.112516;-0.26
1583;6317.119394;-0.24
1583;6317.119394;-0.2
1583;6317.119394;-0.15
1583;6317.119394;-0.09
1583;6317.119394;-0.05
1583;6317.119394;-0.02
1583;6317.119394;0
1583;6317.119394;0.01
1583;6317.119394;0
1583;6317.119394;0
1583;6317.119394;-0.01
1583;6317.119394;-0.02
1583;6317.119394;-0.04
1583;6317.119394;-0.06
1583;6317.119394;-0.09
1583;6317.119394;-0.13
1584;6313.131313;-0.17
1584;6313.131313;-0.2
1584;6313.131313;-0.22
1584;6313.131313;-0.22
1584;6313.131313;-0.2
1584;6313.131313;-0.15
1584;6313.131313;-0.08
1584;6313.131313;0
1584;6313.131313;0.1
1584;6313.131313;0.19
1584;6313.131313;0.26
1584;6313.131313;0.31
1584;6313.131313;0.33
1584;6313.131313;0.32
1584;6313.131313;0.27
1584;6313.131313;0.19
1584;6313.131313;0.1
1585;6309.148265;-0.01
1585;6309.148265;-0.1
1585;6309.148265;-0.17
1585;6309.148265;-0.2
1585;6309.148265;-0.2
1585;6309.148265;-0.15
1585;6309.148265;-0.06
1585;6309.148265;0.04
1585;6309.148265;0.14
1585;6309.148265;0.23
1585;6309.148265;0.28
1585;6309.148265;0.3
1585;6309.148265;0.27
1585;6309.148265;0.2
1585;6309.148265;0.1
1585;6309.148265;-0.03
1586;6305.17024;-0.15
1586;6305.17024;-0.26
1586;6305.17024;-0.34
1586;6305.17024;-0.37
1586;6305.17024;-0.36
1586;6305.17024;-0.33
1586;6305.17024;-0.29
1586;6305.17024;-0.27
1586;6305.17024;-0.28
1586;6305.17024;-0.33
1586;6305.17024;-0.41
1586;6305.17024;-0.51
1586;6305.17024;-0.59
1586;6305.17024;-0.65
1586;6305.17024;-0.66
1586;6305.17024;-0.62
1586;6305.17024;-0.53
1587;6301.197227;-0.41
1587;6301.197227;-0.27
1587;6301.197227;-0.12
1587;6301.197227;0.02
1587;6301.197227;0.14
1587;6301.197227;0.23
1587;6301.197227;0.29
1587;6301.197227;0.31
1587;6301.197227;0.3
1587;6301.197227;0.27
1587;6301.197227;0.21
1587;6301.197227;0.16
1587;6301.197227;0.11
1587;6301.197227;0.08
1587;6301.197227;0.08
1587;6301.197227;0.1
1588;6297.229219;0.14
1588;6297.229219;0.2
1588;6297.229219;0.28
1588;6297.229219;0.35
1588;6297.229219;0.42
1588;6297.229219;0.45
1588;6297.229219;0.45
1588;6297.229219;0.42
1588;6297.229219;0.35
1588;6297.229219;0.26
1588;6297.229219;0.18
1588;6297.229219;0.11
1588;6297.229219;0.07
1588;6297.229219;0.05
1588;6297.229219;0.05
1588;6297.229219;0.05
1588;6297.229219;0.04
1589;6293.266205;0.02
1589;6293.266205;0.01
1589;6293.266205;0.01
1589;6293.266205;0.03
1589;6293.266205;0.08
1589;6293.266205;0.14
1589;6293.266205;0.19
1589;6293.266205;0.22
1589;6293.266205;0.2
1589;6293.266205;0.15
1589;6293.266205;0.06
1589;6293.266205;-0.05
1589;6293.266205;-0.15
1589;6293.266205;-0.25
1589;6293.266205;-0.32
1589;6293.266205;-0.36
1590;6289.308176;-0.38
1590;6289.308176;-0.38
1590;6289.308176;-0.36
1590;6289.308176;-0.32
1590;6289.308176;-0.26
1590;6289.308176;-0.19
1590;6289.308176;-0.11
1590;6289.308176;-0.03
1590;6289.308176;0.05
1590;6289.308176;0.12
1590;6289.308176;0.19
1590;6289.308176;0.25
1590;6289.308176;0.32
1590;6289.308176;0.37
1590;6289.308176;0.42
1590;6289.308176;0.44
1590;6289.308176;0.43
1591;6285.355123;0.39
1591;6285.355123;0.32
1591;6285.355123;0.24
1591;6285.355123;0.14
1591;6285.355123;0.03
1591;6285.355123;-0.08
1591;6285.355123;-0.19
1591;6285.355123;-0.3
1591;6285.355123;-0.4
1591;6285.355123;-0.46
1591;6285.355123;-0.48
1591;6285.355123;-0.44
1591;6285.355123;-0.36
1591;6285.355123;-0.24
1591;6285.355123;-0.11
1591;6285.355123;0.01
1592;6281.407035;0.1
1592;6281.407035;0.15
1592;6281.407035;0.16
1592;6281.407035;0.15
1592;6281.407035;0.13
1592;6281.407035;0.13
1592;6281.407035;0.15
1592;6281.407035;0.18
1592;6281.407035;0.23
1592;6281.407035;0.28
1592;6281.407035;0.33
1592;6281.407035;0.37
1592;6281.407035;0.39
1592;6281.407035;0.4
1592;6281.407035;0.41
1592;6281.407035;0.42
1593;6277.463905;0.42
1593;6277.463905;0.43
1593;6277.463905;0.45
1593;6277.463905;0.48
1593;6277.463905;0.51
1593;6277.463905;0.54
1593;6277.463905;0.57
1593;6277.463905;0.58
1593;6277.463905;0.57
1593;6277.463905;0.53
1593;6277.463905;0.46
1593;6277.463905;0.37
1593;6277.463905;0.25
1593;6277.463905;0.13
1593;6277.463905;0.02
1593;6277.463905;-0.08
1593;6277.463905;-0.15
1594;6273.525721;-0.21
1594;6273.525721;-0.24
1594;6273.525721;-0.26
1594;6273.525721;-0.26
1594;6273.525721;-0.25
1594;6273.525721;-0.23
1594;6273.525721;-0.2
1594;6273.525721;-0.17
1594;6273.525721;-0.13
1594;6273.525721;-0.09
1594;6273.525721;-0.06
1594;6273.525721;-0.02
1594;6273.525721;0.01
1594;6273.525721;0.04
1594;6273.525721;0.07
1594;6273.525721;0.08
1595;6269.592476;0.09
1595;6269.592476;0.08
1595;6269.592476;0.06
1595;6269.592476;0.02
1595;6269.592476;-0.02
1595;6269.592476;-0.07
1595;6269.592476;-0.11
1595;6269.592476;-0.13
1595;6269.592476;-0.14
1595;6269.592476;-0.14
1595;6269.592476;-0.12
1595;6269.592476;-0.1
1595;6269.592476;-0.08
1595;6269.592476;-0.08
1595;6269.592476;-0.09
1595;6269.592476;-0.12
1596;6265.66416;-0.15
1596;6265.66416;-0.18
1596;6265.66416;-0.2
1596;6265.66416;-0.19
1596;6265.66416;-0.16
1596;6265.66416;-0.09
1596;6265.66416;0.01
1596;6265.66416;0.12
1596;6265.66416;0.24
1596;6265.66416;0.35
1596;6265.66416;0.44
1596;6265.66416;0.49
1596;6265.66416;0.5
1596;6265.66416;0.48
1596;6265.66416;0.42
1596;6265.66416;0.35
1596;6265.66416;0.28
1597;6261.740764;0.21
1597;6261.740764;0.16
1597;6261.740764;0.12
1597;6261.740764;0.09
1597;6261.740764;0.08
1597;6261.740764;0.09
1597;6261.740764;0.12
1597;6261.740764;0.16
1597;6261.740764;0.22
1597;6261.740764;0.28
1597;6261.740764;0.34
1597;6261.740764;0.39
1597;6261.740764;0.4
1597;6261.740764;0.37
1597;6261.740764;0.32
1597;6261.740764;0.24
1598;6257.822278;0.16
1598;6257.822278;0.07
1598;6257.822278;0
1598;6257.822278;-0.06
1598;6257.822278;-0.1
1598;6257.822278;-0.14
1598;6257.822278;-0.18
1598;6257.822278;-0.21
1598;6257.822278;-0.24
1598;6257.822278;-0.26
1598;6257.822278;-0.27
1598;6257.822278;-0.27
1598;6257.822278;-0.27
1598;6257.822278;-0.26
1598;6257.822278;-0.24
1598;6257.822278;-0.2
1599;6253.908693;-0.14
1599;6253.908693;-0.06
1599;6253.908693;0.04
1599;6253.908693;0.13
1599;6253.908693;0.2
1599;6253.908693;0.23
1599;6253.908693;0.22
1599;6253.908693;0.18
1599;6253.908693;0.1
1599;6253.908693;0.01
1599;6253.908693;-0.06
1599;6253.908693;-0.11
1599;6253.908693;-0.11
1599;6253.908693;-0.07
1599;6253.908693;0
1599;6253.908693;0.09
1600;6250;0.17
1600;6250;0.24
1600;6250;0.26
1600;6250;0.26
1600;6250;0.21
1600;6250;0.14
1600;6250;0.07
1600;6250;0
1600;6250;-0.05
1600;6250;-0.07
1600;6250;-0.07
1600;6250;-0.05
1600;6250;-0.02
1600;6250;-0.01
1600;6250;-0.01
1600;6250;-0.02
1600;6250;-0.04
1601;6246.09619;-0.06
1601;6246.09619;-0.08
1601;6246.09619;-0.08
1601;6246.09619;-0.08
1601;6246.09619;-0.06
1601;6246.09619;-0.04
1601;6246.09619;-0.02
1601;6246.09619;0.01
1601;6246.09619;0.05
1601;6246.09619;0.1
1601;6246.09619;0.15
1601;6246.09619;0.19
1601;6246.09619;0.23
1601;6246.09619;0.25
1601;6246.09619;0.26
1601;6246.09619;0.26
1602;6242.197253;0.27
1602;6242.197253;0.28
1602;6242.197253;0.3
1602;6242.197253;0.33
1602;6242.197253;0.35
1602;6242.197253;0.36
1602;6242.197253;0.35
1602;6242.197253;0.31
1602;6242.197253;0.26
1602;6242.197253;0.2
1602;6242.197253;0.14
1602;6242.197253;0.08
1602;6242.197253;0.02
1602;6242.197253;-0.05
1602;6242.197253;-0.13
1602;6242.197253;-0.22
1603;6238.303182;-0.31
1603;6238.303182;-0.39
1603;6238.303182;-0.46
1603;6238.303182;-0.5
1603;6238.303182;-0.5
1603;6238.303182;-0.47
1603;6238.303182;-0.42
1603;6238.303182;-0.36
1603;6238.303182;-0.32
1603;6238.303182;-0.29
1603;6238.303182;-0.29
1603;6238.303182;-0.29
1603;6238.303182;-0.3
1603;6238.303182;-0.29
1603;6238.303182;-0.27
1603;6238.303182;-0.21
1604;6234.413965;-0.12
1604;6234.413965;0
1604;6234.413965;0.12
1604;6234.413965;0.23
1604;6234.413965;0.33
1604;6234.413965;0.39
1604;6234.413965;0.41
1604;6234.413965;0.39
1604;6234.413965;0.34
1604;6234.413965;0.26
1604;6234.413965;0.18
1604;6234.413965;0.12
1604;6234.413965;0.09
1604;6234.413965;0.1
1604;6234.413965;0.16
1604;6234.413965;0.26
1605;6230.529595;0.37
1605;6230.529595;0.48
1605;6230.529595;0.56
1605;6230.529595;0.58
1605;6230.529595;0.56
1605;6230.529595;0.48
1605;6230.529595;0.37
1605;6230.529595;0.25
1605;6230.529595;0.14
1605;6230.529595;0.06
1605;6230.529595;0.01
1605;6230.529595;0
1605;6230.529595;0
1605;6230.529595;0.03
1605;6230.529595;0.05
1605;6230.529595;0.07
1606;6226.650062;0.09
1606;6226.650062;0.11
1606;6226.650062;0.11
1606;6226.650062;0.1
1606;6226.650062;0.07
1606;6226.650062;0.02
1606;6226.650062;-0.06
1606;6226.650062;-0.15
1606;6226.650062;-0.24
1606;6226.650062;-0.31
1606;6226.650062;-0.35
1606;6226.650062;-0.34
1606;6226.650062;-0.28
1606;6226.650062;-0.18
1606;6226.650062;-0.05
1606;6226.650062;0.1
1607;6222.775358;0.23
1607;6222.775358;0.34
1607;6222.775358;0.41
1607;6222.775358;0.44
1607;6222.775358;0.43
1607;6222.775358;0.38
1607;6222.775358;0.29
1607;6222.775358;0.18
1607;6222.775358;0.06
1607;6222.775358;-0.08
1607;6222.775358;-0.21
1607;6222.775358;-0.33
1607;6222.775358;-0.42
1607;6222.775358;-0.48
1607;6222.775358;-0.49
1607;6222.775358;-0.47
1607;6222.775358;-0.4
1608;6218.905473;-0.29
1608;6218.905473;-0.17
1608;6218.905473;-0.04
1608;6218.905473;0.08
1608;6218.905473;0.17
1608;6218.905473;0.25
1608;6218.905473;0.3
1608;6218.905473;0.34
1608;6218.905473;0.37
1608;6218.905473;0.4
1608;6218.905473;0.42
1608;6218.905473;0.43
1608;6218.905473;0.43
1608;6218.905473;0.41
1608;6218.905473;0.37
1608;6218.905473;0.32
1609;6215.040398;0.27
1609;6215.040398;0.24
1609;6215.040398;0.21
1609;6215.040398;0.19
1609;6215.040398;0.17
1609;6215.040398;0.14
1609;6215.040398;0.1
1609;6215.040398;0.03
1609;6215.040398;-0.05
1609;6215.040398;-0.12
1609;6215.040398;-0.18
1609;6215.040398;-0.21
1609;6215.040398;-0.22
1609;6215.040398;-0.19
1609;6215.040398;-0.15
1609;6215.040398;-0.1
1610;6211.180124;-0.05
1610;6211.180124;-0.01
1610;6211.180124;0.03
1610;6211.180124;0.05
1610;6211.180124;0.08
1610;6211.180124;0.1
1610;6211.180124;0.13
1610;6211.180124;0.16
1610;6211.180124;0.19
1610;6211.180124;0.23
1610;6211.180124;0.27
1610;6211.180124;0.32
1610;6211.180124;0.36
1610;6211.180124;0.39
1610;6211.180124;0.4
1610;6211.180124;0.38
1611;6207.324643;0.33
1611;6207.324643;0.25
1611;6207.324643;0.15
1611;6207.324643;0.04
1611;6207.324643;-0.06
1611;6207.324643;-0.14
1611;6207.324643;-0.19
1611;6207.324643;-0.21
1611;6207.324643;-0.2
1611;6207.324643;-0.17
1611;6207.324643;-0.12
1611;6207.324643;-0.08
1611;6207.324643;-0.04
1611;6207.324643;-0.01
1611;6207.324643;0.01
1611;6207.324643;0.04
1612;6203.473945;0.07
1612;6203.473945;0.11
1612;6203.473945;0.14
1612;6203.473945;0.17
1612;6203.473945;0.18
1612;6203.473945;0.17
1612;6203.473945;0.14
1612;6203.473945;0.09
1612;6203.473945;0.04
1612;6203.473945;-0.01
1612;6203.473945;-0.05
1612;6203.473945;-0.07
1612;6203.473945;-0.08
1612;6203.473945;-0.09
1612;6203.473945;-0.1
1612;6203.473945;-0.12
1613;6199.628022;-0.17
1613;6199.628022;-0.23
1613;6199.628022;-0.29
1613;6199.628022;-0.35
1613;6199.628022;-0.39
1613;6199.628022;-0.39
1613;6199.628022;-0.36
1613;6199.628022;-0.31
1613;6199.628022;-0.24
1613;6199.628022;-0.17
1613;6199.628022;-0.1
1613;6199.628022;-0.04
1613;6199.628022;0
1613;6199.628022;0.04
1613;6199.628022;0.07
1613;6199.628022;0.09
1614;6195.786865;0.11
1614;6195.786865;0.12
1614;6195.786865;0.12
1614;6195.786865;0.12
1614;6195.786865;0.11
1614;6195.786865;0.1
1614;6195.786865;0.1
1614;6195.786865;0.12
1614;6195.786865;0.15
1614;6195.786865;0.19
1614;6195.786865;0.25
1614;6195.786865;0.3
1614;6195.786865;0.36
1614;6195.786865;0.41
1614;6195.786865;0.45
1615;6191.950464;0.48
1615;6191.950464;0.49
1615;6191.950464;0.49
1615;6191.950464;0.48
1615;6191.950464;0.46
1615;6191.950464;0.43
1615;6191.950464;0.4
1615;6191.950464;0.36
1615;6191.950464;0.32
1615;6191.950464;0.28
1615;6191.950464;0.23
1615;6191.950464;0.19
1615;6191.950464;0.15
1615;6191.950464;0.11
1615;6191.950464;0.09
1615;6191.950464;0.07
1616;6188.118812;0.05
1616;6188.118812;0.03
1616;6188.118812;0.01
1616;6188.118812;-0.01
1616;6188.118812;-0.03
1616;6188.118812;-0.05
1616;6188.118812;-0.06
1616;6188.118812;-0.05
1616;6188.118812;-0.02
1616;6188.118812;0.01
1616;6188.118812;0.05
1616;6188.118812;0.09
1616;6188.118812;0.12
1616;6188.118812;0.15
1616;6188.118812;0.17
1616;6188.118812;0.2
1617;6184.291899;0.22
1617;6184.291899;0.24
1617;6184.291899;0.25
1617;6184.291899;0.24
1617;6184.291899;0.2
1617;6184.291899;0.14
1617;6184.291899;0.06
1617;6184.291899;-0.01
1617;6184.291899;-0.06
1617;6184.291899;-0.09
1617;6184.291899;-0.09
1617;6184.291899;-0.07
1617;6184.291899;-0.05
1617;6184.291899;-0.03
1617;6184.291899;-0.02
1617;6184.291899;-0.03
1618;6180.469716;-0.06
1618;6180.469716;-0.08
1618;6180.469716;-0.1
1618;6180.469716;-0.11
1618;6180.469716;-0.1
1618;6180.469716;-0.08
1618;6180.469716;-0.05
1618;6180.469716;-0.02
1618;6180.469716;0.01
1618;6180.469716;0.05
1618;6180.469716;0.1
1618;6180.469716;0.15
1618;6180.469716;0.21
1618;6180.469716;0.28
1618;6180.469716;0.33
1618;6180.469716;0.38
1619;6176.652254;0.39
1619;6176.652254;0.37
1619;6176.652254;0.31
1619;6176.652254;0.22
1619;6176.652254;0.11
1619;6176.652254;-0.01
1619;6176.652254;-0.12
1619;6176.652254;-0.2
1619;6176.652254;-0.25
1619;6176.652254;-0.25
1619;6176.652254;-0.21
1619;6176.652254;-0.15
1619;6176.652254;-0.08
1619;6176.652254;-0.02
1619;6176.652254;0.03
1619;6176.652254;0.06
1620;6172.839506;0.06
1620;6172.839506;0.06
1620;6172.839506;0.05
1620;6172.839506;0.04
1620;6172.839506;0.04
1620;6172.839506;0.04
1620;6172.839506;0.04
1620;6172.839506;0.04
1620;6172.839506;0.04
1620;6172.839506;0.03
1620;6172.839506;0.02
1620;6172.839506;0.02
1620;6172.839506;0.03
1620;6172.839506;0.04
1620;6172.839506;0.07
1620;6172.839506;0.1
1621;6169.031462;0.13
1621;6169.031462;0.16
1621;6169.031462;0.17
1621;6169.031462;0.18
1621;6169.031462;0.17
1621;6169.031462;0.15
1621;6169.031462;0.13
1621;6169.031462;0.11
1621;6169.031462;0.1
1621;6169.031462;0.1
1621;6169.031462;0.11
1621;6169.031462;0.13
1621;6169.031462;0.14
1621;6169.031462;0.14
1621;6169.031462;0.13
1622;6165.228113;0.11
1622;6165.228113;0.09
1622;6165.228113;0.08
1622;6165.228113;0.08
1622;6165.228113;0.09
1622;6165.228113;0.1
1622;6165.228113;0.1
1622;6165.228113;0.08
1622;6165.228113;0.05
1622;6165.228113;0.01
1622;6165.228113;-0.04
1622;6165.228113;-0.07
1622;6165.228113;-0.09
1622;6165.228113;-0.08
1622;6165.228113;-0.03
1622;6165.228113;0.03
1623;6161.429452;0.1
1623;6161.429452;0.16
1623;6161.429452;0.21
1623;6161.429452;0.23
1623;6161.429452;0.22
1623;6161.429452;0.2
1623;6161.429452;0.16
1623;6161.429452;0.12
1623;6161.429452;0.1
1623;6161.429452;0.09
1623;6161.429452;0.1
1623;6161.429452;0.13
1623;6161.429452;0.15
1623;6161.429452;0.16
1623;6161.429452;0.16
1623;6161.429452;0.12
1624;6157.635468;0.07
1624;6157.635468;0.01
1624;6157.635468;-0.05
1624;6157.635468;-0.1
1624;6157.635468;-0.12
1624;6157.635468;-0.12
1624;6157.635468;-0.09
1624;6157.635468;-0.05
1624;6157.635468;0
1624;6157.635468;0.06
1624;6157.635468;0.12
1624;6157.635468;0.17
1624;6157.635468;0.22
1624;6157.635468;0.25
1624;6157.635468;0.27
1624;6157.635468;0.27
1625;6153.846154;0.24
1625;6153.846154;0.19
1625;6153.846154;0.13
1625;6153.846154;0.06
1625;6153.846154;-0.01
1625;6153.846154;-0.07
1625;6153.846154;-0.12
1625;6153.846154;-0.16
1625;6153.846154;-0.2
1625;6153.846154;-0.23
1625;6153.846154;-0.25
1625;6153.846154;-0.25
1625;6153.846154;-0.22
1625;6153.846154;-0.15
1625;6153.846154;-0.06
1626;6150.061501;0.04
1626;6150.061501;0.15
1626;6150.061501;0.24
1626;6150.061501;0.31
1626;6150.061501;0.34
1626;6150.061501;0.33
1626;6150.061501;0.3
1626;6150.061501;0.26
1626;6150.061501;0.2
1626;6150.061501;0.15
1626;6150.061501;0.11
1626;6150.061501;0.09
1626;6150.061501;0.09
1626;6150.061501;0.1
1626;6150.061501;0.13
1626;6150.061501;0.18
1627;6146.2815;0.23
1627;6146.2815;0.28
1627;6146.2815;0.32
1627;6146.2815;0.34
1627;6146.2815;0.33
1627;6146.2815;0.3
1627;6146.2815;0.24
1627;6146.2815;0.15
1627;6146.2815;0.06
1627;6146.2815;-0.04
1627;6146.2815;-0.12
1627;6146.2815;-0.18
1627;6146.2815;-0.2
1627;6146.2815;-0.17
1627;6146.2815;-0.1
1627;6146.2815;-0.01
1628;6142.506143;0.1
1628;6142.506143;0.2
1628;6142.506143;0.28
1628;6142.506143;0.31
1628;6142.506143;0.3
1628;6142.506143;0.26
1628;6142.506143;0.19
1628;6142.506143;0.12
1628;6142.506143;0.05
1628;6142.506143;0.01
1628;6142.506143;0
1628;6142.506143;0.01
1628;6142.506143;0.03
1628;6142.506143;0.06
1628;6142.506143;0.1
1629;6138.735421;0.14
1629;6138.735421;0.17
1629;6138.735421;0.19
1629;6138.735421;0.2
1629;6138.735421;0.19
1629;6138.735421;0.16
1629;6138.735421;0.11
1629;6138.735421;0.04
1629;6138.735421;-0.03
1629;6138.735421;-0.1
1629;6138.735421;-0.15
1629;6138.735421;-0.16
1629;6138.735421;-0.15
1629;6138.735421;-0.11
1629;6138.735421;-0.06
1629;6138.735421;-0.01
1630;6134.969325;0.03
1630;6134.969325;0.04
1630;6134.969325;0.04
1630;6134.969325;0.03
1630;6134.969325;0.03
1630;6134.969325;0.03
1630;6134.969325;0.05
1630;6134.969325;0.08
1630;6134.969325;0.11
1630;6134.969325;0.14
1630;6134.969325;0.17
1630;6134.969325;0.19
1630;6134.969325;0.22
1630;6134.969325;0.24
1630;6134.969325;0.27
1630;6134.969325;0.29
1631;6131.207848;0.31
1631;6131.207848;0.31
1631;6131.207848;0.29
1631;6131.207848;0.26
1631;6131.207848;0.21
1631;6131.207848;0.16
1631;6131.207848;0.13
1631;6131.207848;0.11
1631;6131.207848;0.11
1631;6131.207848;0.13
1631;6131.207848;0.16
1631;6131.207848;0.18
1631;6131.207848;0.2
1631;6131.207848;0.2
1631;6131.207848;0.19
1632;6127.45098;0.17
1632;6127.45098;0.17
1632;6127.45098;0.17
1632;6127.45098;0.19
1632;6127.45098;0.23
1632;6127.45098;0.28
1632;6127.45098;0.32
1632;6127.45098;0.36
1632;6127.45098;0.37
1632;6127.45098;0.36
1632;6127.45098;0.32
1632;6127.45098;0.27
1632;6127.45098;0.21
1632;6127.45098;0.14
1632;6127.45098;0.08
1632;6127.45098;0.02
1633;6123.698714;-0.02
1633;6123.698714;-0.06
1633;6123.698714;-0.08
1633;6123.698714;-0.1
1633;6123.698714;-0.09
1633;6123.698714;-0.08
1633;6123.698714;-0.05
1633;6123.698714;-0.02
1633;6123.698714;0
1633;6123.698714;0.01
1633;6123.698714;0
1633;6123.698714;-0.02
1633;6123.698714;-0.04
1633;6123.698714;-0.06
1633;6123.698714;-0.06
1634;6119.95104;-0.04
1634;6119.95104;0
1634;6119.95104;0.05
1634;6119.95104;0.09
1634;6119.95104;0.12
1634;6119.95104;0.13
1634;6119.95104;0.12
1634;6119.95104;0.1
1634;6119.95104;0.09
1634;6119.95104;0.07
1634;6119.95104;0.07
1634;6119.95104;0.07
1634;6119.95104;0.07
1634;6119.95104;0.06
1634;6119.95104;0.03
1634;6119.95104;0
1635;6116.207951;-0.04
1635;6116.207951;-0.09
1635;6116.207951;-0.14
1635;6116.207951;-0.18
1635;6116.207951;-0.22
1635;6116.207951;-0.24
1635;6116.207951;-0.25
1635;6116.207951;-0.24
1635;6116.207951;-0.22
1635;6116.207951;-0.2
1635;6116.207951;-0.17
1635;6116.207951;-0.16
1635;6116.207951;-0.17
1635;6116.207951;-0.19
1635;6116.207951;-0.23
1636;6112.469438;-0.25
1636;6112.469438;-0.26
1636;6112.469438;-0.23
1636;6112.469438;-0.16
1636;6112.469438;-0.06
1636;6112.469438;0.06
1636;6112.469438;0.18
1636;6112.469438;0.28
1636;6112.469438;0.34
1636;6112.469438;0.35
1636;6112.469438;0.32
1636;6112.469438;0.25
1636;6112.469438;0.16
1636;6112.469438;0.06
1636;6112.469438;-0.03
1636;6112.469438;-0.1
1637;6108.735492;-0.14
1637;6108.735492;-0.16
1637;6108.735492;-0.15
1637;6108.735492;-0.14
1637;6108.735492;-0.12
1637;6108.735492;-0.1
1637;6108.735492;-0.1
1637;6108.735492;-0.1
1637;6108.735492;-0.11
1637;6108.735492;-0.12
1637;6108.735492;-0.13
1637;6108.735492;-0.13
1637;6108.735492;-0.13
1637;6108.735492;-0.14
1637;6108.735492;-0.16
1638;6105.006105;-0.18
1638;6105.006105;-0.22
1638;6105.006105;-0.25
1638;6105.006105;-0.27
1638;6105.006105;-0.27
1638;6105.006105;-0.26
1638;6105.006105;-0.22
1638;6105.006105;-0.17
1638;6105.006105;-0.11
1638;6105.006105;-0.05
1638;6105.006105;-0.01
1638;6105.006105;0.03
1638;6105.006105;0.05
1638;6105.006105;0.06
1638;6105.006105;0.05
1638;6105.006105;0.05
1639;6101.281269;0.04
1639;6101.281269;0.04
1639;6101.281269;0.04
1639;6101.281269;0.06
1639;6101.281269;0.09
1639;6101.281269;0.12
1639;6101.281269;0.14
1639;6101.281269;0.14
1639;6101.281269;0.13
1639;6101.281269;0.1
1639;6101.281269;0.06
1639;6101.281269;0.04
1639;6101.281269;0.02
1639;6101.281269;0.04
1639;6101.281269;0.07
1640;6097.560976;0.11
1640;6097.560976;0.16
1640;6097.560976;0.2
1640;6097.560976;0.24
1640;6097.560976;0.27
1640;6097.560976;0.29
1640;6097.560976;0.32
1640;6097.560976;0.34
1640;6097.560976;0.37
1640;6097.560976;0.38
1640;6097.560976;0.37
1640;6097.560976;0.34
1640;6097.560976;0.27
1640;6097.560976;0.17
1640;6097.560976;0.07
1640;6097.560976;-0.03
1641;6093.845216;-0.12
1641;6093.845216;-0.18
1641;6093.845216;-0.22
1641;6093.845216;-0.24
1641;6093.845216;-0.24
1641;6093.845216;-0.23
1641;6093.845216;-0.22
1641;6093.845216;-0.21
1641;6093.845216;-0.2
1641;6093.845216;-0.18
1641;6093.845216;-0.16
1641;6093.845216;-0.12
1641;6093.845216;-0.09
1641;6093.845216;-0.05
1641;6093.845216;-0.02
1642;6090.133983;0.01
1642;6090.133983;0.02
1642;6090.133983;0.02
1642;6090.133983;0.01
1642;6090.133983;0
1642;6090.133983;0
1642;6090.133983;0
1642;6090.133983;0.02
1642;6090.133983;0.06
1642;6090.133983;0.11
1642;6090.133983;0.18
1642;6090.133983;0.26
1642;6090.133983;0.33
1642;6090.133983;0.38
1642;6090.133983;0.41
1643;6086.427267;0.38
1643;6086.427267;0.31
1643;6086.427267;0.2
1643;6086.427267;0.07
1643;6086.427267;-0.07
1643;6086.427267;-0.18
1643;6086.427267;-0.26
1643;6086.427267;-0.29
1643;6086.427267;-0.26
1643;6086.427267;-0.2
1643;6086.427267;-0.12
1643;6086.427267;-0.03
1643;6086.427267;0.05
1643;6086.427267;0.11
1643;6086.427267;0.15
1643;6086.427267;0.16
1644;6082.725061;0.15
1644;6082.725061;0.12
1644;6082.725061;0.08
1644;6082.725061;0.03
1644;6082.725061;-0.02
1644;6082.725061;-0.07
1644;6082.725061;-0.11
1644;6082.725061;-0.14
1644;6082.725061;-0.16
1644;6082.725061;-0.17
1644;6082.725061;-0.18
1644;6082.725061;-0.19
1644;6082.725061;-0.21
1644;6082.725061;-0.22
1644;6082.725061;-0.23
1645;6079.027356;-0.23
1645;6079.027356;-0.22
1645;6079.027356;-0.19
1645;6079.027356;-0.15
1645;6079.027356;-0.09
1645;6079.027356;-0.04
1645;6079.027356;0.02
1645;6079.027356;0.08
1645;6079.027356;0.13
1645;6079.027356;0.18
1645;6079.027356;0.22
1645;6079.027356;0.25
1645;6079.027356;0.27
1645;6079.027356;0.27
1645;6079.027356;0.26
1645;6079.027356;0.25
1646;6075.334143;0.23
1646;6075.334143;0.21
1646;6075.334143;0.2
1646;6075.334143;0.19
1646;6075.334143;0.19
1646;6075.334143;0.17
1646;6075.334143;0.12
1646;6075.334143;0.03
1646;6075.334143;-0.08
1646;6075.334143;-0.22
1646;6075.334143;-0.34
1646;6075.334143;-0.44
1646;6075.334143;-0.49
1646;6075.334143;-0.48
1646;6075.334143;-0.42
1647;6071.645416;-0.32
1647;6071.645416;-0.21
1647;6071.645416;-0.11
1647;6071.645416;-0.04
1647;6071.645416;-0.01
1647;6071.645416;0
1647;6071.645416;-0.01
1647;6071.645416;-0.03
1647;6071.645416;-0.04
1647;6071.645416;-0.05
1647;6071.645416;-0.06
1647;6071.645416;-0.06
1647;6071.645416;-0.06
1647;6071.645416;-0.06
1647;6071.645416;-0.05
1648;6067.961165;-0.04
1648;6067.961165;-0.01
1648;6067.961165;0.02
1648;6067.961165;0.05
1648;6067.961165;0.09
1648;6067.961165;0.11
1648;6067.961165;0.11
1648;6067.961165;0.1
1648;6067.961165;0.07
1648;6067.961165;0.03
1648;6067.961165;-0.03
1648;6067.961165;-0.1
1648;6067.961165;-0.16
1648;6067.961165;-0.22
1648;6067.961165;-0.26
1649;6064.281383;-0.29
1649;6064.281383;-0.29
1649;6064.281383;-0.26
1649;6064.281383;-0.22
1649;6064.281383;-0.16
1649;6064.281383;-0.1
1649;6064.281383;-0.05
1649;6064.281383;-0.02
1649;6064.281383;0.01
1649;6064.281383;0.01
1649;6064.281383;0
1649;6064.281383;-0.01
1649;6064.281383;-0.02
1649;6064.281383;-0.03
1649;6064.281383;-0.03
1649;6064.281383;-0.01
1650;6060.606061;0.02
1650;6060.606061;0.07
1650;6060.606061;0.12
1650;6060.606061;0.18
1650;6060.606061;0.24
1650;6060.606061;0.29
1650;6060.606061;0.33
1650;6060.606061;0.36
1650;6060.606061;0.37
1650;6060.606061;0.35
1650;6060.606061;0.32
1650;6060.606061;0.27
1650;6060.606061;0.21
1650;6060.606061;0.14
1650;6060.606061;0.08
1651;6056.935191;0.02
1651;6056.935191;-0.01
1651;6056.935191;-0.04
1651;6056.935191;-0.05
1651;6056.935191;-0.05
1651;6056.935191;-0.05
1651;6056.935191;-0.04
1651;6056.935191;-0.02
1651;6056.935191;0.01
1651;6056.935191;0.04
1651;6056.935191;0.08
1651;6056.935191;0.12
1651;6056.935191;0.15
1651;6056.935191;0.16
1651;6056.935191;0.14
1652;6053.268765;0.1
1652;6053.268765;0.03
1652;6053.268765;-0.03
1652;6053.268765;-0.1
1652;6053.268765;-0.14
1652;6053.268765;-0.18
1652;6053.268765;-0.19
1652;6053.268765;-0.2
1652;6053.268765;-0.22
1652;6053.268765;-0.23
1652;6053.268765;-0.25
1652;6053.268765;-0.26
1652;6053.268765;-0.26
1652;6053.268765;-0.25
1652;6053.268765;-0.23
1653;6049.606776;-0.21
1653;6049.606776;-0.18
1653;6049.606776;-0.15
1653;6049.606776;-0.13
1653;6049.606776;-0.12
1653;6049.606776;-0.11
1653;6049.606776;-0.11
1653;6049.606776;-0.1
1653;6049.606776;-0.1
1653;6049.606776;-0.09
1653;6049.606776;-0.09
1653;6049.606776;-0.09
1653;6049.606776;-0.08
1653;6049.606776;-0.06
1653;6049.606776;-0.04
1654;6045.949214;0
1654;6045.949214;0.04
1654;6045.949214;0.08
1654;6045.949214;0.11
1654;6045.949214;0.14
1654;6045.949214;0.16
1654;6045.949214;0.17
1654;6045.949214;0.17
1654;6045.949214;0.15
1654;6045.949214;0.12
1654;6045.949214;0.07
1654;6045.949214;0.02
1654;6045.949214;-0.03
1654;6045.949214;-0.07
1654;6045.949214;-0.09
1654;6045.949214;-0.08
1655;6042.296073;-0.05
1655;6042.296073;-0.02
1655;6042.296073;0.02
1655;6042.296073;0.06
1655;6042.296073;0.09
1655;6042.296073;0.11
1655;6042.296073;0.13
1655;6042.296073;0.15
1655;6042.296073;0.17
1655;6042.296073;0.18
1655;6042.296073;0.19
1655;6042.296073;0.2
1655;6042.296073;0.19
1655;6042.296073;0.18
1655;6042.296073;0.17
1656;6038.647343;0.15
1656;6038.647343;0.13
1656;6038.647343;0.1
1656;6038.647343;0.06
1656;6038.647343;0
1656;6038.647343;-0.07
1656;6038.647343;-0.13
1656;6038.647343;-0.18
1656;6038.647343;-0.2
1656;6038.647343;-0.2
1656;6038.647343;-0.18
1656;6038.647343;-0.14
1656;6038.647343;-0.1
1656;6038.647343;-0.06
1656;6038.647343;-0.02
1657;6035.003018;0.02
1657;6035.003018;0.07
1657;6035.003018;0.13
1657;6035.003018;0.18
1657;6035.003018;0.22
1657;6035.003018;0.24
1657;6035.003018;0.23
1657;6035.003018;0.18
1657;6035.003018;0.11
1657;6035.003018;0.04
1657;6035.003018;-0.02
1657;6035.003018;-0.06
1657;6035.003018;-0.08
1657;6035.003018;-0.08
1657;6035.003018;-0.06
1658;6031.363088;-0.05
1658;6031.363088;-0.03
1658;6031.363088;-0.01
1658;6031.363088;0.02
1658;6031.363088;0.05
1658;6031.363088;0.08
1658;6031.363088;0.11
1658;6031.363088;0.12
1658;6031.363088;0.13
1658;6031.363088;0.11
1658;6031.363088;0.09
1658;6031.363088;0.07
1658;6031.363088;0.06
1658;6031.363088;0.07
1658;6031.363088;0.08
1659;6027.727547;0.1
1659;6027.727547;0.11
1659;6027.727547;0.1
1659;6027.727547;0.07
1659;6027.727547;0.03
1659;6027.727547;-0.03
1659;6027.727547;-0.09
1659;6027.727547;-0.12
1659;6027.727547;-0.14
1659;6027.727547;-0.13
1659;6027.727547;-0.11
1659;6027.727547;-0.08
1659;6027.727547;-0.06
1659;6027.727547;-0.05
1659;6027.727547;-0.07
1660;6024.096386;-0.11
1660;6024.096386;-0.18
1660;6024.096386;-0.26
1660;6024.096386;-0.35
1660;6024.096386;-0.43
1660;6024.096386;-0.48
1660;6024.096386;-0.49
1660;6024.096386;-0.46
1660;6024.096386;-0.39
1660;6024.096386;-0.28
1660;6024.096386;-0.15
1660;6024.096386;-0.02
1660;6024.096386;0.11
1660;6024.096386;0.22
1660;6024.096386;0.31
1661;6020.469597;0.36
1661;6020.469597;0.39
1661;6020.469597;0.38
1661;6020.469597;0.36
1661;6020.469597;0.33
1661;6020.469597;0.28
1661;6020.469597;0.23
1661;6020.469597;0.17
1661;6020.469597;0.12
1661;6020.469597;0.07
1661;6020.469597;0.02
1661;6020.469597;-0.03
1661;6020.469597;-0.07
1661;6020.469597;-0.1
1661;6020.469597;-0.13
1662;6016.847172;-0.15
1662;6016.847172;-0.16
1662;6016.847172;-0.16
1662;6016.847172;-0.15
1662;6016.847172;-0.13
1662;6016.847172;-0.11
1662;6016.847172;-0.08
1662;6016.847172;-0.05
1662;6016.847172;-0.02
1662;6016.847172;0.01
1662;6016.847172;0.03
1662;6016.847172;0.05
1662;6016.847172;0.07
1662;6016.847172;0.09
1662;6016.847172;0.11
1663;6013.229104;0.13
1663;6013.229104;0.14
1663;6013.229104;0.15
1663;6013.229104;0.15
1663;6013.229104;0.14
1663;6013.229104;0.14
1663;6013.229104;0.13
1663;6013.229104;0.13
1663;6013.229104;0.13
1663;6013.229104;0.13
1663;6013.229104;0.14
1663;6013.229104;0.13
1663;6013.229104;0.11
1663;6013.229104;0.08
1663;6013.229104;0.04
1664;6009.615385;0
1664;6009.615385;-0.04
1664;6009.615385;-0.06
1664;6009.615385;-0.06
1664;6009.615385;-0.04
1664;6009.615385;0.01
1664;6009.615385;0.07
1664;6009.615385;0.14
1664;6009.615385;0.22
1664;6009.615385;0.3
1664;6009.615385;0.35
1664;6009.615385;0.39
1664;6009.615385;0.4
1664;6009.615385;0.38
1664;6009.615385;0.33
1665;6006.006006;0.26
1665;6006.006006;0.17
1665;6006.006006;0.08
1665;6006.006006;-0.02
1665;6006.006006;-0.1
1665;6006.006006;-0.16
1665;6006.006006;-0.2
1665;6006.006006;-0.22
1665;6006.006006;-0.21
1665;6006.006006;-0.17
1665;6006.006006;-0.12
1665;6006.006006;-0.06
1665;6006.006006;-0.01
1665;6006.006006;0.03
1665;6006.006006;0.05
1666;6002.40096;0.05
1666;6002.40096;0.03
1666;6002.40096;0
1666;6002.40096;-0.04
1666;6002.40096;-0.08
1666;6002.40096;-0.12
1666;6002.40096;-0.14
1666;6002.40096;-0.15
1666;6002.40096;-0.16
1666;6002.40096;-0.16
1666;6002.40096;-0.15
1666;6002.40096;-0.14
1666;6002.40096;-0.13
1666;6002.40096;-0.13
1666;6002.40096;-0.14
1667;5998.80024;-0.16
1667;5998.80024;-0.18
1667;5998.80024;-0.21
1667;5998.80024;-0.24
1667;5998.80024;-0.26
1667;5998.80024;-0.28
1667;5998.80024;-0.29
1667;5998.80024;-0.3
1667;5998.80024;-0.31
1667;5998.80024;-0.31
1667;5998.80024;-0.3
1667;5998.80024;-0.28
1667;5998.80024;-0.26
1667;5998.80024;-0.21
1667;5998.80024;-0.16
1668;5995.203837;-0.09
1668;5995.203837;-0.02
1668;5995.203837;0.04
1668;5995.203837;0.09
1668;5995.203837;0.12
1668;5995.203837;0.13
1668;5995.203837;0.11
1668;5995.203837;0.07
1668;5995.203837;0.02
1668;5995.203837;-0.04
1668;5995.203837;-0.08
1668;5995.203837;-0.12
1668;5995.203837;-0.13
1668;5995.203837;-0.12
1668;5995.203837;-0.09
1669;5991.611744;-0.05
1669;5991.611744;0
1669;5991.611744;0.05
1669;5991.611744;0.1
1669;5991.611744;0.16
1669;5991.611744;0.21
1669;5991.611744;0.25
1669;5991.611744;0.28
1669;5991.611744;0.29
1669;5991.611744;0.28
1669;5991.611744;0.24
1669;5991.611744;0.18
1669;5991.611744;0.12
1669;5991.611744;0.05
1669;5991.611744;-0.02
1670;5988.023952;-0.07
1670;5988.023952;-0.12
1670;5988.023952;-0.15
1670;5988.023952;-0.18
1670;5988.023952;-0.19
1670;5988.023952;-0.18
1670;5988.023952;-0.14
1670;5988.023952;-0.08
1670;5988.023952;0.01
1670;5988.023952;0.1
1670;5988.023952;0.2
1670;5988.023952;0.27
1670;5988.023952;0.31
1670;5988.023952;0.31
1670;5988.023952;0.29
1671;5984.440455;0.24
1671;5984.440455;0.17
1671;5984.440455;0.09
1671;5984.440455;0.01
1671;5984.440455;-0.08
1671;5984.440455;-0.16
1671;5984.440455;-0.23
1671;5984.440455;-0.3
1671;5984.440455;-0.34
1671;5984.440455;-0.36
1671;5984.440455;-0.36
1671;5984.440455;-0.34
1671;5984.440455;-0.3
1671;5984.440455;-0.26
1671;5984.440455;-0.23
1672;5980.861244;-0.19
1672;5980.861244;-0.16
1672;5980.861244;-0.13
1672;5980.861244;-0.1
1672;5980.861244;-0.07
1672;5980.861244;-0.04
1672;5980.861244;0
1672;5980.861244;0.03
1672;5980.861244;0.07
1672;5980.861244;0.1
1672;5980.861244;0.14
1672;5980.861244;0.18
1672;5980.861244;0.2
1672;5980.861244;0.21
1673;5977.286312;0.2
1673;5977.286312;0.17
1673;5977.286312;0.11
1673;5977.286312;0.05
1673;5977.286312;-0.02
1673;5977.286312;-0.07
1673;5977.286312;-0.12
1673;5977.286312;-0.15
1673;5977.286312;-0.16
1673;5977.286312;-0.15
1673;5977.286312;-0.13
1673;5977.286312;-0.11
1673;5977.286312;-0.08
1673;5977.286312;-0.05
1673;5977.286312;-0.02
1674;5973.715651;0
1674;5973.715651;0.01
1674;5973.715651;0
1674;5973.715651;-0.02
1674;5973.715651;-0.05
1674;5973.715651;-0.09
1674;5973.715651;-0.13
1674;5973.715651;-0.15
1674;5973.715651;-0.16
1674;5973.715651;-0.15
1674;5973.715651;-0.13
1674;5973.715651;-0.09
1674;5973.715651;-0.05
1674;5973.715651;0.01
1674;5973.715651;0.06
1675;5970.149254;0.11
1675;5970.149254;0.16
1675;5970.149254;0.21
1675;5970.149254;0.26
1675;5970.149254;0.3
1675;5970.149254;0.33
1675;5970.149254;0.36
1675;5970.149254;0.38
1675;5970.149254;0.38
1675;5970.149254;0.36
1675;5970.149254;0.32
1675;5970.149254;0.28
1675;5970.149254;0.23
1675;5970.149254;0.2
1675;5970.149254;0.18
1676;5966.587112;0.19
1676;5966.587112;0.21
1676;5966.587112;0.23
1676;5966.587112;0.24
1676;5966.587112;0.24
1676;5966.587112;0.22
1676;5966.587112;0.19
1676;5966.587112;0.16
1676;5966.587112;0.15
1676;5966.587112;0.16
1676;5966.587112;0.18
1676;5966.587112;0.2
1676;5966.587112;0.21
1676;5966.587112;0.19
1676;5966.587112;0.14
1677;5963.029219;0.06
1677;5963.029219;-0.03
1677;5963.029219;-0.12
1677;5963.029219;-0.2
1677;5963.029219;-0.25
1677;5963.029219;-0.27
1677;5963.029219;-0.27
1677;5963.029219;-0.24
1677;5963.029219;-0.2
1677;5963.029219;-0.15
1677;5963.029219;-0.08
1677;5963.029219;-0.02
1677;5963.029219;0.04
1677;5963.029219;0.09
1678;5959.475566;0.13
1678;5959.475566;0.16
1678;5959.475566;0.18
1678;5959.475566;0.2
1678;5959.475566;0.23
1678;5959.475566;0.26
1678;5959.475566;0.29
1678;5959.475566;0.32
1678;5959.475566;0.34
1678;5959.475566;0.34
1678;5959.475566;0.32
1678;5959.475566;0.28
1678;5959.475566;0.22
1678;5959.475566;0.15
1678;5959.475566;0.09
1679;5955.926147;0.03
1679;5955.926147;-0.01
1679;5955.926147;-0.03
1679;5955.926147;-0.04
1679;5955.926147;-0.04
1679;5955.926147;-0.02
1679;5955.926147;0.01
1679;5955.926147;0.03
1679;5955.926147;0.05
1679;5955.926147;0.05
1679;5955.926147;0.04
1679;5955.926147;0
1679;5955.926147;-0.05
1679;5955.926147;-0.1
1679;5955.926147;-0.13
1680;5952.380952;-0.13
1680;5952.380952;-0.1
1680;5952.380952;-0.03
1680;5952.380952;0.07
1680;5952.380952;0.18
1680;5952.380952;0.27
1680;5952.380952;0.35
1680;5952.380952;0.41
1680;5952.380952;0.44
1680;5952.380952;0.46
1680;5952.380952;0.47
1680;5952.380952;0.49
1680;5952.380952;0.52
1680;5952.380952;0.54
1680;5952.380952;0.56
1681;5948.839976;0.56
1681;5948.839976;0.54
1681;5948.839976;0.5
1681;5948.839976;0.43
1681;5948.839976;0.36
1681;5948.839976;0.28
1681;5948.839976;0.2
1681;5948.839976;0.14
1681;5948.839976;0.07
1681;5948.839976;0.01
1681;5948.839976;-0.05
1681;5948.839976;-0.11
1681;5948.839976;-0.16
1681;5948.839976;-0.18
1682;5945.30321;-0.17
1682;5945.30321;-0.12
1682;5945.30321;-0.04
1682;5945.30321;0.05
1682;5945.30321;0.13
1682;5945.30321;0.19
1682;5945.30321;0.21
1682;5945.30321;0.18
1682;5945.30321;0.12
1682;5945.30321;0.04
1682;5945.30321;-0.03
1682;5945.30321;-0.07
1682;5945.30321;-0.09
1682;5945.30321;-0.07
1682;5945.30321;-0.03
1683;5941.770648;0.01
1683;5941.770648;0.06
1683;5941.770648;0.08
1683;5941.770648;0.08
1683;5941.770648;0.07
1683;5941.770648;0.05
1683;5941.770648;0.04
1683;5941.770648;0.04
1683;5941.770648;0.06
1683;5941.770648;0.11
1683;5941.770648;0.16
1683;5941.770648;0.22
1683;5941.770648;0.26
1683;5941.770648;0.29
1683;5941.770648;0.28
1684;5938.24228;0.25
1684;5938.24228;0.2
1684;5938.24228;0.14
1684;5938.24228;0.09
1684;5938.24228;0.04
1684;5938.24228;0.01
1684;5938.24228;-0.01
1684;5938.24228;-0.01
1684;5938.24228;-0.01
1684;5938.24228;0
1684;5938.24228;0
1684;5938.24228;0
1684;5938.24228;0
1684;5938.24228;-0.01
1685;5934.718101;-0.03
1685;5934.718101;-0.05
1685;5934.718101;-0.08
1685;5934.718101;-0.1
1685;5934.718101;-0.12
1685;5934.718101;-0.14
1685;5934.718101;-0.15
1685;5934.718101;-0.16
1685;5934.718101;-0.17
1685;5934.718101;-0.19
1685;5934.718101;-0.2
1685;5934.718101;-0.22
1685;5934.718101;-0.24
1685;5934.718101;-0.24
1685;5934.718101;-0.23
1686;5931.198102;-0.2
1686;5931.198102;-0.15
1686;5931.198102;-0.09
1686;5931.198102;-0.04
1686;5931.198102;0.01
1686;5931.198102;0.05
1686;5931.198102;0.08
1686;5931.198102;0.11
1686;5931.198102;0.14
1686;5931.198102;0.18
1686;5931.198102;0.21
1686;5931.198102;0.25
1686;5931.198102;0.29
1686;5931.198102;0.31
1687;5927.682276;0.32
1687;5927.682276;0.33
1687;5927.682276;0.32
1687;5927.682276;0.31
1687;5927.682276;0.29
1687;5927.682276;0.27
1687;5927.682276;0.25
1687;5927.682276;0.23
1687;5927.682276;0.22
1687;5927.682276;0.2
1687;5927.682276;0.19
1687;5927.682276;0.2
1687;5927.682276;0.22
1687;5927.682276;0.25
1687;5927.682276;0.3
1688;5924.170616;0.35
1688;5924.170616;0.4
1688;5924.170616;0.44
1688;5924.170616;0.46
1688;5924.170616;0.46
1688;5924.170616;0.42
1688;5924.170616;0.36
1688;5924.170616;0.27
1688;5924.170616;0.17
1688;5924.170616;0.07
1688;5924.170616;-0.01
1688;5924.170616;-0.09
1688;5924.170616;-0.14
1688;5924.170616;-0.17
1688;5924.170616;-0.18
1689;5920.663114;-0.19
1689;5920.663114;-0.19
1689;5920.663114;-0.18
1689;5920.663114;-0.16
1689;5920.663114;-0.14
1689;5920.663114;-0.1
1689;5920.663114;-0.06
1689;5920.663114;-0.01
1689;5920.663114;0.04
1689;5920.663114;0.08
1689;5920.663114;0.12
1689;5920.663114;0.13
1689;5920.663114;0.13
1689;5920.663114;0.11
1690;5917.159763;0.07
1690;5917.159763;0.02
1690;5917.159763;-0.02
1690;5917.159763;-0.06
1690;5917.159763;-0.1
1690;5917.159763;-0.12
1690;5917.159763;-0.14
1690;5917.159763;-0.16
1690;5917.159763;-0.18
1690;5917.159763;-0.21
1690;5917.159763;-0.24
1690;5917.159763;-0.26
1690;5917.159763;-0.27
1690;5917.159763;-0.26
1690;5917.159763;-0.22
1691;5913.660556;-0.16
1691;5913.660556;-0.08
1691;5913.660556;0
1691;5913.660556;0.07
1691;5913.660556;0.12
1691;5913.660556;0.14
1691;5913.660556;0.13
1691;5913.660556;0.11
1691;5913.660556;0.09
1691;5913.660556;0.07
1691;5913.660556;0.05
1691;5913.660556;0.03
1691;5913.660556;0.01
1691;5913.660556;-0.01
1692;5910.165485;-0.05
1692;5910.165485;-0.09
1692;5910.165485;-0.13
1692;5910.165485;-0.17
1692;5910.165485;-0.2
1692;5910.165485;-0.21
1692;5910.165485;-0.2
1692;5910.165485;-0.17
1692;5910.165485;-0.13
1692;5910.165485;-0.07
1692;5910.165485;-0.01
1692;5910.165485;0.06
1692;5910.165485;0.12
1692;5910.165485;0.17
1692;5910.165485;0.21
1693;5906.674542;0.24
1693;5906.674542;0.27
1693;5906.674542;0.29
1693;5906.674542;0.31
1693;5906.674542;0.33
1693;5906.674542;0.34
1693;5906.674542;0.35
1693;5906.674542;0.36
1693;5906.674542;0.35
1693;5906.674542;0.34
1693;5906.674542;0.32
1693;5906.674542;0.29
1693;5906.674542;0.27
1693;5906.674542;0.24
1694;5903.187721;0.21
1694;5903.187721;0.17
1694;5903.187721;0.12
1694;5903.187721;0.07
1694;5903.187721;0.01
1694;5903.187721;-0.04
1694;5903.187721;-0.1
1694;5903.187721;-0.16
1694;5903.187721;-0.2
1694;5903.187721;-0.24
1694;5903.187721;-0.26
1694;5903.187721;-0.28
1694;5903.187721;-0.29
1694;5903.187721;-0.29
1694;5903.187721;-0.3
1695;5899.705015;-0.31
1695;5899.705015;-0.33
1695;5899.705015;-0.33
1695;5899.705015;-0.33
1695;5899.705015;-0.32
1695;5899.705015;-0.28
1695;5899.705015;-0.23
1695;5899.705015;-0.16
1695;5899.705015;-0.08
1695;5899.705015;0
1695;5899.705015;0.08
1695;5899.705015;0.14
1695;5899.705015;0.18
1695;5899.705015;0.22
1696;5896.226415;0.25
1696;5896.226415;0.27
1696;5896.226415;0.29
1696;5896.226415;0.3
1696;5896.226415;0.3
1696;5896.226415;0.3
1696;5896.226415;0.28
1696;5896.226415;0.26
1696;5896.226415;0.24
1696;5896.226415;0.22
1696;5896.226415;0.22
1696;5896.226415;0.24
1696;5896.226415;0.27
1696;5896.226415;0.3
1697;5892.751915;0.33
1697;5892.751915;0.34
1697;5892.751915;0.32
1697;5892.751915;0.29
1697;5892.751915;0.23
1697;5892.751915;0.17
1697;5892.751915;0.09
1697;5892.751915;0.02
1697;5892.751915;-0.03
1697;5892.751915;-0.07
1697;5892.751915;-0.09
1697;5892.751915;-0.08
1697;5892.751915;-0.05
1697;5892.751915;-0.01
1697;5892.751915;0.04
1698;5889.281508;0.09
1698;5889.281508;0.12
1698;5889.281508;0.12
1698;5889.281508;0.1
1698;5889.281508;0.06
1698;5889.281508;0.01
1698;5889.281508;-0.04
1698;5889.281508;-0.08
1698;5889.281508;-0.1
1698;5889.281508;-0.09
1698;5889.281508;-0.07
1698;5889.281508;-0.03
1698;5889.281508;0.01
1698;5889.281508;0.05
1699;5885.815185;0.09
1699;5885.815185;0.11
1699;5885.815185;0.11
1699;5885.815185;0.1
1699;5885.815185;0.07
1699;5885.815185;0.02
1699;5885.815185;-0.03
1699;5885.815185;-0.09
1699;5885.815185;-0.13
1699;5885.815185;-0.14
1699;5885.815185;-0.14
1699;5885.815185;-0.11
1699;5885.815185;-0.06
1699;5885.815185;-0.02
1699;5885.815185;0.02
1700;5882.352941;0.05
1700;5882.352941;0.05
1700;5882.352941;0.05
1700;5882.352941;0.03
1700;5882.352941;0
1700;5882.352941;-0.03
1700;5882.352941;-0.07
1700;5882.352941;-0.13
1700;5882.352941;-0.2
1700;5882.352941;-0.28
1700;5882.352941;-0.36
1700;5882.352941;-0.42
1700;5882.352941;-0.45
1700;5882.352941;-0.42
1701;5878.894768;-0.36
1701;5878.894768;-0.26
1701;5878.894768;-0.15
1701;5878.894768;-0.05
1701;5878.894768;0.02
1701;5878.894768;0.05
1701;5878.894768;0.04
1701;5878.894768;0
1701;5878.894768;-0.06
1701;5878.894768;-0.11
1701;5878.894768;-0.17
1701;5878.894768;-0.2
1701;5878.894768;-0.22
1701;5878.894768;-0.22
1702;5875.440658;-0.21
1702;5875.440658;-0.19
1702;5875.440658;-0.17
1702;5875.440658;-0.15
1702;5875.440658;-0.12
1702;5875.440658;-0.1
1702;5875.440658;-0.08
1702;5875.440658;-0.06
1702;5875.440658;-0.05
1702;5875.440658;-0.03
1702;5875.440658;-0.02
1702;5875.440658;0
1702;5875.440658;0.01
1702;5875.440658;0.02
1702;5875.440658;0.01
1703;5871.990605;0.01
1703;5871.990605;0
1703;5871.990605;-0.01
1703;5871.990605;-0.02
1703;5871.990605;0
1703;5871.990605;0.03
1703;5871.990605;0.08
1703;5871.990605;0.15
1703;5871.990605;0.21
1703;5871.990605;0.27
1703;5871.990605;0.3
1703;5871.990605;0.31
1703;5871.990605;0.29
1703;5871.990605;0.24
1704;5868.544601;0.19
1704;5868.544601;0.13
1704;5868.544601;0.08
1704;5868.544601;0.04
1704;5868.544601;0.01
1704;5868.544601;-0.03
1704;5868.544601;-0.08
1704;5868.544601;-0.14
1704;5868.544601;-0.22
1704;5868.544601;-0.3
1704;5868.544601;-0.36
1704;5868.544601;-0.4
1704;5868.544601;-0.41
1704;5868.544601;-0.4
1705;5865.102639;-0.37
1705;5865.102639;-0.32
1705;5865.102639;-0.28
1705;5865.102639;-0.24
1705;5865.102639;-0.2
1705;5865.102639;-0.16
1705;5865.102639;-0.12
1705;5865.102639;-0.06
1705;5865.102639;0
1705;5865.102639;0.06
1705;5865.102639;0.1
1705;5865.102639;0.12
1705;5865.102639;0.12
1705;5865.102639;0.1
1706;5861.664713;0.06
1706;5861.664713;0.03
1706;5861.664713;0.01
1706;5861.664713;-0.01
1706;5861.664713;-0.02
1706;5861.664713;-0.03
1706;5861.664713;-0.05
1706;5861.664713;-0.07
1706;5861.664713;-0.09
1706;5861.664713;-0.11
1706;5861.664713;-0.12
1706;5861.664713;-0.12
1706;5861.664713;-0.1
1706;5861.664713;-0.07
1706;5861.664713;-0.03
1707;5858.230814;0.01
1707;5858.230814;0.04
1707;5858.230814;0.07
1707;5858.230814;0.08
1707;5858.230814;0.09
1707;5858.230814;0.1
1707;5858.230814;0.11
1707;5858.230814;0.11
1707;5858.230814;0.12
1707;5858.230814;0.13
1707;5858.230814;0.14
1707;5858.230814;0.12
1707;5858.230814;0.1
1707;5858.230814;0.05
1708;5854.800937;-0.02
1708;5854.800937;-0.09
1708;5854.800937;-0.17
1708;5854.800937;-0.23
1708;5854.800937;-0.27
1708;5854.800937;-0.28
1708;5854.800937;-0.28
1708;5854.800937;-0.26
1708;5854.800937;-0.24
1708;5854.800937;-0.21
1708;5854.800937;-0.19
1708;5854.800937;-0.17
1708;5854.800937;-0.15
1708;5854.800937;-0.12
1709;5851.375073;-0.08
1709;5851.375073;-0.03
1709;5851.375073;0.02
1709;5851.375073;0.07
1709;5851.375073;0.11
1709;5851.375073;0.14
1709;5851.375073;0.16
1709;5851.375073;0.16
1709;5851.375073;0.16
1709;5851.375073;0.13
1709;5851.375073;0.1
1709;5851.375073;0.06
1709;5851.375073;0.02
1709;5851.375073;-0.03
1710;5847.953216;-0.07
1710;5847.953216;-0.11
1710;5847.953216;-0.13
1710;5847.953216;-0.14
1710;5847.953216;-0.13
1710;5847.953216;-0.1
1710;5847.953216;-0.05
1710;5847.953216;0
1710;5847.953216;0.05
1710;5847.953216;0.1
1710;5847.953216;0.14
1710;5847.953216;0.18
1710;5847.953216;0.23
1710;5847.953216;0.28
1711;5844.535359;0.34
1711;5844.535359;0.41
1711;5844.535359;0.48
1711;5844.535359;0.53
1711;5844.535359;0.56
1711;5844.535359;0.54
1711;5844.535359;0.49
1711;5844.535359;0.4
1711;5844.535359;0.29
1711;5844.535359;0.19
1711;5844.535359;0.1
1711;5844.535359;0.04
1711;5844.535359;0.02
1711;5844.535359;0.02
1711;5844.535359;0.05
1712;5841.121495;0.08
1712;5841.121495;0.1
1712;5841.121495;0.1
1712;5841.121495;0.08
1712;5841.121495;0.03
1712;5841.121495;-0.03
1712;5841.121495;-0.11
1712;5841.121495;-0.19
1712;5841.121495;-0.26
1712;5841.121495;-0.31
1712;5841.121495;-0.34
1712;5841.121495;-0.36
1712;5841.121495;-0.36
1712;5841.121495;-0.35
1713;5837.711617;-0.34
1713;5837.711617;-0.33
1713;5837.711617;-0.32
1713;5837.711617;-0.29
1713;5837.711617;-0.25
1713;5837.711617;-0.21
1713;5837.711617;-0.15
1713;5837.711617;-0.1
1713;5837.711617;-0.05
1713;5837.711617;-0.02
1713;5837.711617;0
1713;5837.711617;0
1713;5837.711617;0
1713;5837.711617;0
1714;5834.305718;0
1714;5834.305718;0.01
1714;5834.305718;0.02
1714;5834.305718;0.03
1714;5834.305718;0.05
1714;5834.305718;0.06
1714;5834.305718;0.09
1714;5834.305718;0.12
1714;5834.305718;0.15
1714;5834.305718;0.19
1714;5834.305718;0.22
1714;5834.305718;0.22
1714;5834.305718;0.21
1714;5834.305718;0.17
1715;5830.90379;0.12
1715;5830.90379;0.08
1715;5830.90379;0.05
1715;5830.90379;0.05
1715;5830.90379;0.07
1715;5830.90379;0.11
1715;5830.90379;0.14
1715;5830.90379;0.17
1715;5830.90379;0.18
1715;5830.90379;0.17
1715;5830.90379;0.16
1715;5830.90379;0.14
1715;5830.90379;0.12
1715;5830.90379;0.09
1716;5827.505828;0.06
1716;5827.505828;0.02
1716;5827.505828;-0.03
1716;5827.505828;-0.09
1716;5827.505828;-0.16
1716;5827.505828;-0.22
1716;5827.505828;-0.26
1716;5827.505828;-0.29
1716;5827.505828;-0.28
1716;5827.505828;-0.25
1716;5827.505828;-0.21
1716;5827.505828;-0.15
1716;5827.505828;-0.09
1716;5827.505828;-0.04
1717;5824.111823;0
1717;5824.111823;0.02
1717;5824.111823;0.03
1717;5824.111823;0
1717;5824.111823;-0.04
1717;5824.111823;-0.1
1717;5824.111823;-0.18
1717;5824.111823;-0.25
1717;5824.111823;-0.32
1717;5824.111823;-0.36
1717;5824.111823;-0.39
1717;5824.111823;-0.38
1717;5824.111823;-0.36
1717;5824.111823;-0.32
1718;5820.721769;-0.27
1718;5820.721769;-0.23
1718;5820.721769;-0.19
1718;5820.721769;-0.17
1718;5820.721769;-0.15
1718;5820.721769;-0.13
1718;5820.721769;-0.12
1718;5820.721769;-0.11
1718;5820.721769;-0.1
1718;5820.721769;-0.1
1718;5820.721769;-0.12
1718;5820.721769;-0.16
1718;5820.721769;-0.21
1718;5820.721769;-0.26
1719;5817.33566;-0.3
1719;5817.33566;-0.32
1719;5817.33566;-0.3
1719;5817.33566;-0.25
1719;5817.33566;-0.18
1719;5817.33566;-0.11
1719;5817.33566;-0.04
1719;5817.33566;0
1719;5817.33566;0.02
1719;5817.33566;0.01
1719;5817.33566;-0.02
1719;5817.33566;-0.06
1719;5817.33566;-0.1
1719;5817.33566;-0.13
1720;5813.953488;-0.15
1720;5813.953488;-0.16
1720;5813.953488;-0.15
1720;5813.953488;-0.12
1720;5813.953488;-0.06
1720;5813.953488;0
1720;5813.953488;0.08
1720;5813.953488;0.14
1720;5813.953488;0.19
1720;5813.953488;0.22
1720;5813.953488;0.22
1720;5813.953488;0.2
1720;5813.953488;0.18
1720;5813.953488;0.16
1721;5810.575247;0.14
1721;5810.575247;0.14
1721;5810.575247;0.14
1721;5810.575247;0.12
1721;5810.575247;0.09
1721;5810.575247;0.05
1721;5810.575247;0
1721;5810.575247;-0.05
1721;5810.575247;-0.09
1721;5810.575247;-0.11
1721;5810.575247;-0.1
1721;5810.575247;-0.08
1721;5810.575247;-0.05
1721;5810.575247;-0.01
1722;5807.200929;0.01
1722;5807.200929;0.02
1722;5807.200929;0.02
1722;5807.200929;0
1722;5807.200929;-0.02
1722;5807.200929;-0.05
1722;5807.200929;-0.07
1722;5807.200929;-0.08
1722;5807.200929;-0.08
1722;5807.200929;-0.06
1722;5807.200929;-0.03
1722;5807.200929;0
1722;5807.200929;0.03
1722;5807.200929;0.06
1723;5803.830528;0.07
1723;5803.830528;0.07
1723;5803.830528;0.04
1723;5803.830528;0
1723;5803.830528;-0.06
1723;5803.830528;-0.12
1723;5803.830528;-0.18
1723;5803.830528;-0.22
1723;5803.830528;-0.25
1723;5803.830528;-0.26
1723;5803.830528;-0.26
1723;5803.830528;-0.24
1723;5803.830528;-0.21
1723;5803.830528;-0.17
1724;5800.464037;-0.13
1724;5800.464037;-0.09
1724;5800.464037;-0.06
1724;5800.464037;-0.02
1724;5800.464037;0.01
1724;5800.464037;0.04
1724;5800.464037;0.06
1724;5800.464037;0.08
1724;5800.464037;0.09
1724;5800.464037;0.09
1724;5800.464037;0.08
1724;5800.464037;0.07
1724;5800.464037;0.05
1724;5800.464037;0.03
1725;5797.101449;0.01
1725;5797.101449;-0.02
1725;5797.101449;-0.05
1725;5797.101449;-0.08
1725;5797.101449;-0.1
1725;5797.101449;-0.13
1725;5797.101449;-0.14
1725;5797.101449;-0.13
1725;5797.101449;-0.11
1725;5797.101449;-0.08
1725;5797.101449;-0.04
1725;5797.101449;0
1725;5797.101449;0.04
1725;5797.101449;0.08
1726;5793.742758;0.1
1726;5793.742758;0.12
1726;5793.742758;0.12
1726;5793.742758;0.12
1726;5793.742758;0.11
1726;5793.742758;0.09
1726;5793.742758;0.07
1726;5793.742758;0.03
1726;5793.742758;-0.01
1726;5793.742758;-0.05
1726;5793.742758;-0.1
1726;5793.742758;-0.14
1726;5793.742758;-0.17
1726;5793.742758;-0.2
1727;5790.387956;-0.21
1727;5790.387956;-0.21
1727;5790.387956;-0.19
1727;5790.387956;-0.16
1727;5790.387956;-0.11
1727;5790.387956;-0.06
1727;5790.387956;-0.01
1727;5790.387956;0.05
1727;5790.387956;0.09
1727;5790.387956;0.12
1727;5790.387956;0.13
1727;5790.387956;0.12
1727;5790.387956;0.07
1727;5790.387956;0.01
1728;5787.037037;-0.08
1728;5787.037037;-0.16
1728;5787.037037;-0.24
1728;5787.037037;-0.29
1728;5787.037037;-0.31
1728;5787.037037;-0.29
1728;5787.037037;-0.25
1728;5787.037037;-0.19
1728;5787.037037;-0.12
1728;5787.037037;-0.05
1728;5787.037037;0
1728;5787.037037;0.04
1728;5787.037037;0.06
1728;5787.037037;0.08
1729;5783.689994;0.09
1729;5783.689994;0.09
1729;5783.689994;0.09
1729;5783.689994;0.06
1729;5783.689994;0.03
1729;5783.689994;-0.01
1729;5783.689994;-0.05
1729;5783.689994;-0.07
1729;5783.689994;-0.08
1729;5783.689994;-0.07
1729;5783.689994;-0.06
1729;5783.689994;-0.04
1729;5783.689994;-0.04
1729;5783.689994;-0.05
1730;5780.346821;-0.08
1730;5780.346821;-0.12
1730;5780.346821;-0.15
1730;5780.346821;-0.16
1730;5780.346821;-0.14
1730;5780.346821;-0.09
1730;5780.346821;-0.02
1730;5780.346821;0.05
1730;5780.346821;0.12
1730;5780.346821;0.17
1730;5780.346821;0.19
1730;5780.346821;0.2
1730;5780.346821;0.18
1730;5780.346821;0.14
1731;5777.00751;0.09
1731;5777.00751;0.04
1731;5777.00751;-0.01
1731;5777.00751;-0.05
1731;5777.00751;-0.08
1731;5777.00751;-0.1
1731;5777.00751;-0.1
1731;5777.00751;-0.08
1731;5777.00751;-0.05
1731;5777.00751;-0.01
1731;5777.00751;0.02
1731;5777.00751;0.05
1731;5777.00751;0.06
1731;5777.00751;0.06
1732;5773.672055;0.06
1732;5773.672055;0.05
1732;5773.672055;0.05
1732;5773.672055;0.06
1732;5773.672055;0.07
1732;5773.672055;0.09
1732;5773.672055;0.11
1732;5773.672055;0.13
1732;5773.672055;0.14
1732;5773.672055;0.15
1732;5773.672055;0.14
1732;5773.672055;0.12
1732;5773.672055;0.09
1733;5770.34045;0.05
1733;5770.34045;0.01
1733;5770.34045;-0.04
1733;5770.34045;-0.09
1733;5770.34045;-0.14
1733;5770.34045;-0.17
1733;5770.34045;-0.19
1733;5770.34045;-0.19
1733;5770.34045;-0.16
1733;5770.34045;-0.11
1733;5770.34045;-0.04
1733;5770.34045;0.04
1733;5770.34045;0.13
1733;5770.34045;0.2
1734;5767.012687;0.27
1734;5767.012687;0.31
1734;5767.012687;0.33
1734;5767.012687;0.32
1734;5767.012687;0.3
1734;5767.012687;0.27
1734;5767.012687;0.22
1734;5767.012687;0.17
1734;5767.012687;0.11
1734;5767.012687;0.05
1734;5767.012687;-0.01
1734;5767.012687;-0.07
1734;5767.012687;-0.12
1734;5767.012687;-0.15
1735;5763.688761;-0.17
1735;5763.688761;-0.18
1735;5763.688761;-0.17
1735;5763.688761;-0.17
1735;5763.688761;-0.16
1735;5763.688761;-0.15
1735;5763.688761;-0.15
1735;5763.688761;-0.14
1735;5763.688761;-0.14
1735;5763.688761;-0.12
1735;5763.688761;-0.1
1735;5763.688761;-0.07
1735;5763.688761;-0.03
1735;5763.688761;-0.01
1736;5760.368664;0
1736;5760.368664;-0.02
1736;5760.368664;-0.05
1736;5760.368664;-0.11
1736;5760.368664;-0.18
1736;5760.368664;-0.23
1736;5760.368664;-0.27
1736;5760.368664;-0.27
1736;5760.368664;-0.24
1736;5760.368664;-0.18
1736;5760.368664;-0.1
1736;5760.368664;-0.02
1736;5760.368664;0.05
1736;5760.368664;0.11
1737;5757.052389;0.14
1737;5757.052389;0.15
1737;5757.052389;0.14
1737;5757.052389;0.13
1737;5757.052389;0.11
1737;5757.052389;0.11
1737;5757.052389;0.11
1737;5757.052389;0.12
1737;5757.052389;0.14
1737;5757.052389;0.15
1737;5757.052389;0.16
1737;5757.052389;0.17
1737;5757.052389;0.17
1738;5753.739931;0.16
1738;5753.739931;0.15
1738;5753.739931;0.12
1738;5753.739931;0.09
1738;5753.739931;0.05
1738;5753.739931;-0.01
1738;5753.739931;-0.07
1738;5753.739931;-0.13
1738;5753.739931;-0.18
1738;5753.739931;-0.2
1738;5753.739931;-0.18
1738;5753.739931;-0.14
1738;5753.739931;-0.07
1738;5753.739931;0.02
1739;5750.431282;0.1
1739;5750.431282;0.15
1739;5750.431282;0.17
1739;5750.431282;0.15
1739;5750.431282;0.09
1739;5750.431282;0.02
1739;5750.431282;-0.05
1739;5750.431282;-0.11
1739;5750.431282;-0.15
1739;5750.431282;-0.18
1739;5750.431282;-0.18
1739;5750.431282;-0.18
1739;5750.431282;-0.17
1739;5750.431282;-0.17
1740;5747.126437;-0.16
1740;5747.126437;-0.15
1740;5747.126437;-0.13
1740;5747.126437;-0.09
1740;5747.126437;-0.04
1740;5747.126437;0.02
1740;5747.126437;0.08
1740;5747.126437;0.15
1740;5747.126437;0.21
1740;5747.126437;0.25
1740;5747.126437;0.28
1740;5747.126437;0.3
1740;5747.126437;0.29
1740;5747.126437;0.26
1741;5743.825388;0.21
1741;5743.825388;0.15
1741;5743.825388;0.07
1741;5743.825388;-0.01
1741;5743.825388;-0.08
1741;5743.825388;-0.13
1741;5743.825388;-0.15
1741;5743.825388;-0.15
1741;5743.825388;-0.14
1741;5743.825388;-0.11
1741;5743.825388;-0.09
1741;5743.825388;-0.09
1741;5743.825388;-0.1
1742;5740.528129;-0.12
1742;5740.528129;-0.15
1742;5740.528129;-0.18
1742;5740.528129;-0.2
1742;5740.528129;-0.21
1742;5740.528129;-0.21
1742;5740.528129;-0.2
1742;5740.528129;-0.2
1742;5740.528129;-0.19
1742;5740.528129;-0.19
1742;5740.528129;-0.2
1742;5740.528129;-0.21
1742;5740.528129;-0.23
1742;5740.528129;-0.24
1743;5737.234653;-0.24
1743;5737.234653;-0.24
1743;5737.234653;-0.22
1743;5737.234653;-0.2
1743;5737.234653;-0.15
1743;5737.234653;-0.1
1743;5737.234653;-0.05
1743;5737.234653;0.01
1743;5737.234653;0.05
1743;5737.234653;0.08
1743;5737.234653;0.09
1743;5737.234653;0.08
1743;5737.234653;0.06
1743;5737.234653;0.04
1744;5733.944954;0.01
1744;5733.944954;-0.02
1744;5733.944954;-0.04
1744;5733.944954;-0.06
1744;5733.944954;-0.07
1744;5733.944954;-0.09
1744;5733.944954;-0.11
1744;5733.944954;-0.12
1744;5733.944954;-0.13
1744;5733.944954;-0.13
1744;5733.944954;-0.1
1744;5733.944954;-0.07
1744;5733.944954;-0.02
1745;5730.659026;0.04
1745;5730.659026;0.1
1745;5730.659026;0.14
1745;5730.659026;0.18
1745;5730.659026;0.19
1745;5730.659026;0.19
1745;5730.659026;0.18
1745;5730.659026;0.15
1745;5730.659026;0.12
1745;5730.659026;0.09
1745;5730.659026;0.06
1745;5730.659026;0.04
1745;5730.659026;0.04
1745;5730.659026;0.05
1746;5727.376861;0.06
1746;5727.376861;0.08
1746;5727.376861;0.08
1746;5727.376861;0.06
1746;5727.376861;0.02
1746;5727.376861;-0.03
1746;5727.376861;-0.08
1746;5727.376861;-0.12
1746;5727.376861;-0.15
1746;5727.376861;-0.16
1746;5727.376861;-0.15
1746;5727.376861;-0.12
1746;5727.376861;-0.09
1747;5724.098454;-0.06
1747;5724.098454;-0.04
1747;5724.098454;-0.03
1747;5724.098454;-0.04
1747;5724.098454;-0.05
1747;5724.098454;-0.06
1747;5724.098454;-0.06
1747;5724.098454;-0.05
1747;5724.098454;-0.04
1747;5724.098454;-0.03
1747;5724.098454;-0.03
1747;5724.098454;-0.04
1747;5724.098454;-0.05
1747;5724.098454;-0.05
1748;5720.823799;-0.03
1748;5720.823799;0
1748;5720.823799;0.06
1748;5720.823799;0.13
1748;5720.823799;0.2
1748;5720.823799;0.25
1748;5720.823799;0.28
1748;5720.823799;0.27
1748;5720.823799;0.23
1748;5720.823799;0.17
1748;5720.823799;0.11
1748;5720.823799;0.05
1748;5720.823799;0.03
1748;5720.823799;0.03
1749;5717.552887;0.05
1749;5717.552887;0.09
1749;5717.552887;0.12
1749;5717.552887;0.14
1749;5717.552887;0.13
1749;5717.552887;0.11
1749;5717.552887;0.07
1749;5717.552887;0.03
1749;5717.552887;0
1749;5717.552887;-0.02
1749;5717.552887;-0.02
1749;5717.552887;-0.01
1749;5717.552887;0.01
1750;5714.285714;0.03
1750;5714.285714;0.05
1750;5714.285714;0.07
1750;5714.285714;0.08
1750;5714.285714;0.09
1750;5714.285714;0.1
1750;5714.285714;0.11
1750;5714.285714;0.12
1750;5714.285714;0.14
1750;5714.285714;0.16
1750;5714.285714;0.17
1750;5714.285714;0.18
1750;5714.285714;0.19
1750;5714.285714;0.17
1751;5711.022273;0.15
1751;5711.022273;0.12
1751;5711.022273;0.09
1751;5711.022273;0.06
1751;5711.022273;0.03
1751;5711.022273;0.02
1751;5711.022273;0.02
1751;5711.022273;0.02
1751;5711.022273;0.02
1751;5711.022273;0.02
1751;5711.022273;0.01
1751;5711.022273;0
1751;5711.022273;-0.01
1752;5707.762557;-0.02
1752;5707.762557;-0.04
1752;5707.762557;-0.05
1752;5707.762557;-0.05
1752;5707.762557;-0.05
1752;5707.762557;-0.03
1752;5707.762557;-0.02
1752;5707.762557;0.01
1752;5707.762557;0.04
1752;5707.762557;0.06
1752;5707.762557;0.07
1752;5707.762557;0.07
1752;5707.762557;0.04
1752;5707.762557;0
1753;5704.50656;-0.06
1753;5704.50656;-0.12
1753;5704.50656;-0.17
1753;5704.50656;-0.2
1753;5704.50656;-0.22
1753;5704.50656;-0.2
1753;5704.50656;-0.17
1753;5704.50656;-0.13
1753;5704.50656;-0.08
1753;5704.50656;-0.03
1753;5704.50656;0
1753;5704.50656;0.03
1753;5704.50656;0.05
1754;5701.254276;0.07
1754;5701.254276;0.08
1754;5701.254276;0.09
1754;5701.254276;0.09
1754;5701.254276;0.08
1754;5701.254276;0.05
1754;5701.254276;0.02
1754;5701.254276;-0.02
1754;5701.254276;-0.06
1754;5701.254276;-0.09
1754;5701.254276;-0.09
1754;5701.254276;-0.07
1754;5701.254276;-0.02
1754;5701.254276;0.04
1755;5698.005698;0.11
1755;5698.005698;0.18
1755;5698.005698;0.24
1755;5698.005698;0.28
1755;5698.005698;0.3
1755;5698.005698;0.31
1755;5698.005698;0.3
1755;5698.005698;0.27
1755;5698.005698;0.22
1755;5698.005698;0.16
1755;5698.005698;0.09
1755;5698.005698;0.03
1755;5698.005698;-0.03
1756;5694.76082;-0.05
1756;5694.76082;-0.05
1756;5694.76082;-0.02
1756;5694.76082;0.03
1756;5694.76082;0.09
1756;5694.76082;0.15
1756;5694.76082;0.19
1756;5694.76082;0.21
1756;5694.76082;0.21
1756;5694.76082;0.19
1756;5694.76082;0.16
1756;5694.76082;0.13
1756;5694.76082;0.1
1756;5694.76082;0.09
1757;5691.519636;0.09
1757;5691.519636;0.1
1757;5691.519636;0.11
1757;5691.519636;0.13
1757;5691.519636;0.15
1757;5691.519636;0.15
1757;5691.519636;0.15
1757;5691.519636;0.15
1757;5691.519636;0.14
1757;5691.519636;0.14
1757;5691.519636;0.16
1757;5691.519636;0.19
1757;5691.519636;0.24
1758;5688.282139;0.3
1758;5688.282139;0.36
1758;5688.282139;0.39
1758;5688.282139;0.4
1758;5688.282139;0.36
1758;5688.282139;0.29
1758;5688.282139;0.19
1758;5688.282139;0.07
1758;5688.282139;-0.04
1758;5688.282139;-0.14
1758;5688.282139;-0.2
1758;5688.282139;-0.22
1758;5688.282139;-0.21
1759;5685.048323;-0.16
1759;5685.048323;-0.1
1759;5685.048323;-0.03
1759;5685.048323;0.03
1759;5685.048323;0.08
1759;5685.048323;0.11
1759;5685.048323;0.12
1759;5685.048323;0.1
1759;5685.048323;0.08
1759;5685.048323;0.05
1759;5685.048323;0.03
1759;5685.048323;0.01
1759;5685.048323;0
1759;5685.048323;0
1760;5681.818182;0
1760;5681.818182;0.01
1760;5681.818182;0.02
1760;5681.818182;0.04
1760;5681.818182;0.05
1760;5681.818182;0.07
1760;5681.818182;0.08
1760;5681.818182;0.09
1760;5681.818182;0.09
1760;5681.818182;0.09
1760;5681.818182;0.1
1760;5681.818182;0.13
1760;5681.818182;0.16
1761;5678.591709;0.21
1761;5678.591709;0.27
1761;5678.591709;0.33
1761;5678.591709;0.38
1761;5678.591709;0.42
1761;5678.591709;0.43
1761;5678.591709;0.42
1761;5678.591709;0.39
1761;5678.591709;0.34
1761;5678.591709;0.28
1761;5678.591709;0.23
1761;5678.591709;0.17
1761;5678.591709;0.12
1761;5678.591709;0.08
1762;5675.368899;0.05
1762;5675.368899;0.04
1762;5675.368899;0.03
1762;5675.368899;0.02
1762;5675.368899;0.01
1762;5675.368899;-0.01
1762;5675.368899;-0.04
1762;5675.368899;-0.07
1762;5675.368899;-0.09
1762;5675.368899;-0.1
1762;5675.368899;-0.09
1762;5675.368899;-0.07
1762;5675.368899;-0.04
1763;5672.149745;0
1763;5672.149745;0.02
1763;5672.149745;0.02
1763;5672.149745;0.01
1763;5672.149745;0
1763;5672.149745;-0.02
1763;5672.149745;-0.02
1763;5672.149745;-0.01
1763;5672.149745;0.02
1763;5672.149745;0.07
1763;5672.149745;0.13
1763;5672.149745;0.19
1763;5672.149745;0.23
1764;5668.93424;0.25
1764;5668.93424;0.26
1764;5668.93424;0.24
1764;5668.93424;0.21
1764;5668.93424;0.16
1764;5668.93424;0.11
1764;5668.93424;0.06
1764;5668.93424;0.03
1764;5668.93424;0.03
1764;5668.93424;0.05
1764;5668.93424;0.09
1764;5668.93424;0.14
1764;5668.93424;0.19
1764;5668.93424;0.21
1765;5665.72238;0.21
1765;5665.72238;0.18
1765;5665.72238;0.14
1765;5665.72238;0.09
1765;5665.72238;0.05
1765;5665.72238;0.03
1765;5665.72238;0.02
1765;5665.72238;0.03
1765;5665.72238;0.04
1765;5665.72238;0.05
1765;5665.72238;0.06
1765;5665.72238;0.05
1765;5665.72238;0.03
1766;5662.514156;0.01
1766;5662.514156;-0.03
1766;5662.514156;-0.06
1766;5662.514156;-0.1
1766;5662.514156;-0.12
1766;5662.514156;-0.13
1766;5662.514156;-0.12
1766;5662.514156;-0.09
1766;5662.514156;-0.05
1766;5662.514156;-0.01
1766;5662.514156;0.03
1766;5662.514156;0.04
1766;5662.514156;0.04
1767;5659.309564;0.02
1767;5659.309564;-0.01
1767;5659.309564;-0.04
1767;5659.309564;-0.04
1767;5659.309564;-0.02
1767;5659.309564;0.02
1767;5659.309564;0.07
1767;5659.309564;0.12
1767;5659.309564;0.15
1767;5659.309564;0.17
1767;5659.309564;0.16
1767;5659.309564;0.13
1767;5659.309564;0.09
1767;5659.309564;0.05
1768;5656.108597;0.01
1768;5656.108597;-0.02
1768;5656.108597;-0.05
1768;5656.108597;-0.05
1768;5656.108597;-0.05
1768;5656.108597;-0.04
1768;5656.108597;-0.02
1768;5656.108597;0
1768;5656.108597;0.01
1768;5656.108597;0.01
1768;5656.108597;0
1768;5656.108597;-0.02
1768;5656.108597;-0.05
1769;5652.911249;-0.07
1769;5652.911249;-0.07
1769;5652.911249;-0.06
1769;5652.911249;-0.03
1769;5652.911249;0.01
1769;5652.911249;0.06
1769;5652.911249;0.11
1769;5652.911249;0.15
1769;5652.911249;0.19
1769;5652.911249;0.23
1769;5652.911249;0.25
1769;5652.911249;0.28
1769;5652.911249;0.29
1770;5649.717514;0.29
1770;5649.717514;0.27
1770;5649.717514;0.23
1770;5649.717514;0.19
1770;5649.717514;0.14
1770;5649.717514;0.1
1770;5649.717514;0.08
1770;5649.717514;0.07
1770;5649.717514;0.08
1770;5649.717514;0.1
1770;5649.717514;0.12
1770;5649.717514;0.14
1770;5649.717514;0.14
1771;5646.527386;0.15
1771;5646.527386;0.15
1771;5646.527386;0.16
1771;5646.527386;0.16
1771;5646.527386;0.18
1771;5646.527386;0.18
1771;5646.527386;0.18
1771;5646.527386;0.16
1771;5646.527386;0.12
1771;5646.527386;0.08
1771;5646.527386;0.03
1771;5646.527386;-0.01
1771;5646.527386;-0.03
1771;5646.527386;-0.03
1772;5643.340858;0
1772;5643.340858;0.04
1772;5643.340858;0.1
1772;5643.340858;0.16
1772;5643.340858;0.2
1772;5643.340858;0.23
1772;5643.340858;0.24
1772;5643.340858;0.23
1772;5643.340858;0.21
1772;5643.340858;0.18
1772;5643.340858;0.15
1772;5643.340858;0.13
1772;5643.340858;0.12
1773;5640.157924;0.12
1773;5640.157924;0.13
1773;5640.157924;0.16
1773;5640.157924;0.18
1773;5640.157924;0.21
1773;5640.157924;0.25
1773;5640.157924;0.27
1773;5640.157924;0.3
1773;5640.157924;0.31
1773;5640.157924;0.31
1773;5640.157924;0.31
1773;5640.157924;0.3
1773;5640.157924;0.28
1774;5636.978579;0.26
1774;5636.978579;0.24
1774;5636.978579;0.23
1774;5636.978579;0.22
1774;5636.978579;0.21
1774;5636.978579;0.2
1774;5636.978579;0.19
1774;5636.978579;0.17
1774;5636.978579;0.15
1774;5636.978579;0.13
1774;5636.978579;0.12
1774;5636.978579;0.11
1774;5636.978579;0.1
1775;5633.802817;0.09
1775;5633.802817;0.08
1775;5633.802817;0.06
1775;5633.802817;0.02
1775;5633.802817;-0.01
1775;5633.802817;-0.05
1775;5633.802817;-0.09
1775;5633.802817;-0.12
1775;5633.802817;-0.13
1775;5633.802817;-0.14
1775;5633.802817;-0.13
1775;5633.802817;-0.12
1775;5633.802817;-0.11
1776;5630.630631;-0.1
1776;5630.630631;-0.09
1776;5630.630631;-0.08
1776;5630.630631;-0.07
1776;5630.630631;-0.05
1776;5630.630631;-0.02
1776;5630.630631;0.02
1776;5630.630631;0.05
1776;5630.630631;0.09
1776;5630.630631;0.13
1776;5630.630631;0.15
1776;5630.630631;0.17
1776;5630.630631;0.17
1776;5630.630631;0.17
1777;5627.462015;0.15
1777;5627.462015;0.14
1777;5627.462015;0.12
1777;5627.462015;0.1
1777;5627.462015;0.08
1777;5627.462015;0.05
1777;5627.462015;0.02
1777;5627.462015;-0.03
1777;5627.462015;-0.09
1777;5627.462015;-0.14
1777;5627.462015;-0.19
1777;5627.462015;-0.22
1777;5627.462015;-0.22
1778;5624.296963;-0.19
1778;5624.296963;-0.13
1778;5624.296963;-0.06
1778;5624.296963;0.02
1778;5624.296963;0.09
1778;5624.296963;0.14
1778;5624.296963;0.16
1778;5624.296963;0.17
1778;5624.296963;0.15
1778;5624.296963;0.13
1778;5624.296963;0.1
1778;5624.296963;0.07
1778;5624.296963;0.05
1779;5621.135469;0.03
1779;5621.135469;0.02
1779;5621.135469;0.02
1779;5621.135469;0.02
1779;5621.135469;0.02
1779;5621.135469;0.03
1779;5621.135469;0.03
1779;5621.135469;0.04
1779;5621.135469;0.05
1779;5621.135469;0.06
1779;5621.135469;0.06
1779;5621.135469;0.07
1779;5621.135469;0.08
1780;5617.977528;0.08
1780;5617.977528;0.07
1780;5617.977528;0.05
1780;5617.977528;0.03
1780;5617.977528;0
1780;5617.977528;-0.02
1780;5617.977528;-0.03
1780;5617.977528;-0.03
1780;5617.977528;-0.03
1780;5617.977528;-0.02
1780;5617.977528;-0.01
1780;5617.977528;-0.02
1780;5617.977528;-0.05
1781;5614.823133;-0.09
1781;5614.823133;-0.14
1781;5614.823133;-0.2
1781;5614.823133;-0.25
1781;5614.823133;-0.28
1781;5614.823133;-0.3
1781;5614.823133;-0.28
1781;5614.823133;-0.23
1781;5614.823133;-0.17
1781;5614.823133;-0.08
1781;5614.823133;0.01
1781;5614.823133;0.1
1781;5614.823133;0.17
1782;5611.672278;0.23
1782;5611.672278;0.25
1782;5611.672278;0.26
1782;5611.672278;0.23
1782;5611.672278;0.19
1782;5611.672278;0.13
1782;5611.672278;0.07
1782;5611.672278;0.01
1782;5611.672278;-0.04
1782;5611.672278;-0.09
1782;5611.672278;-0.13
1782;5611.672278;-0.17
1782;5611.672278;-0.2
1783;5608.524958;-0.22
1783;5608.524958;-0.24
1783;5608.524958;-0.26
1783;5608.524958;-0.26
1783;5608.524958;-0.25
1783;5608.524958;-0.24
1783;5608.524958;-0.23
1783;5608.524958;-0.22
1783;5608.524958;-0.21
1783;5608.524958;-0.2
1783;5608.524958;-0.19
1783;5608.524958;-0.17
1783;5608.524958;-0.14
1784;5605.381166;-0.1
1784;5605.381166;-0.05
1784;5605.381166;0
1784;5605.381166;0.05
1784;5605.381166;0.08
1784;5605.381166;0.11
1784;5605.381166;0.11
1784;5605.381166;0.1
1784;5605.381166;0.07
1784;5605.381166;0.04
1784;5605.381166;0.01
1784;5605.381166;-0.01
1784;5605.381166;-0.03
1785;5602.240896;-0.03
1785;5602.240896;-0.03
1785;5602.240896;-0.02
1785;5602.240896;-0.01
1785;5602.240896;0.01
1785;5602.240896;0.03
1785;5602.240896;0.04
1785;5602.240896;0.06
1785;5602.240896;0.07
1785;5602.240896;0.09
1785;5602.240896;0.1
1785;5602.240896;0.12
1785;5602.240896;0.14
1786;5599.104143;0.16
1786;5599.104143;0.17
1786;5599.104143;0.18
1786;5599.104143;0.17
1786;5599.104143;0.16
1786;5599.104143;0.13
1786;5599.104143;0.11
1786;5599.104143;0.09
1786;5599.104143;0.09
1786;5599.104143;0.11
1786;5599.104143;0.14
1786;5599.104143;0.19
1786;5599.104143;0.23
1787;5595.970901;0.25
1787;5595.970901;0.24
1787;5595.970901;0.2
1787;5595.970901;0.14
1787;5595.970901;0.06
1787;5595.970901;0
1787;5595.970901;-0.05
1787;5595.970901;-0.07
1787;5595.970901;-0.06
1787;5595.970901;-0.03
1787;5595.970901;0.01
1787;5595.970901;0.05
1787;5595.970901;0.07
1788;5592.841163;0.07
1788;5592.841163;0.06
1788;5592.841163;0.04
1788;5592.841163;0.01
1788;5592.841163;0
1788;5592.841163;-0.01
1788;5592.841163;-0.01
1788;5592.841163;0
1788;5592.841163;0.02
1788;5592.841163;0.03
1788;5592.841163;0.04
1788;5592.841163;0.04
1788;5592.841163;0.03
1789;5589.714925;0
1789;5589.714925;-0.03
1789;5589.714925;-0.07
1789;5589.714925;-0.11
1789;5589.714925;-0.15
1789;5589.714925;-0.17
1789;5589.714925;-0.18
1789;5589.714925;-0.15
1789;5589.714925;-0.11
1789;5589.714925;-0.04
1789;5589.714925;0.03
1789;5589.714925;0.11
1789;5589.714925;0.16
1790;5586.592179;0.18
1790;5586.592179;0.16
1790;5586.592179;0.11
1790;5586.592179;0.02
1790;5586.592179;-0.08
1790;5586.592179;-0.18
1790;5586.592179;-0.26
1790;5586.592179;-0.31
1790;5586.592179;-0.33
1790;5586.592179;-0.32
1790;5586.592179;-0.3
1790;5586.592179;-0.27
1790;5586.592179;-0.24
1791;5583.47292;-0.22
1791;5583.47292;-0.21
1791;5583.47292;-0.2
1791;5583.47292;-0.18
1791;5583.47292;-0.16
1791;5583.47292;-0.13
1791;5583.47292;-0.1
1791;5583.47292;-0.08
1791;5583.47292;-0.07
1791;5583.47292;-0.06
1791;5583.47292;-0.06
1791;5583.47292;-0.06
1791;5583.47292;-0.06
1792;5580.357143;-0.05
1792;5580.357143;-0.03
1792;5580.357143;-0.02
1792;5580.357143;-0.01
1792;5580.357143;-0.02
1792;5580.357143;-0.04
1792;5580.357143;-0.07
1792;5580.357143;-0.09
1792;5580.357143;-0.11
1792;5580.357143;-0.12
1792;5580.357143;-0.1
1792;5580.357143;-0.07
1792;5580.357143;-0.03
1793;5577.244841;0.01
1793;5577.244841;0.06
1793;5577.244841;0.09
1793;5577.244841;0.12
1793;5577.244841;0.13
1793;5577.244841;0.13
1793;5577.244841;0.12
1793;5577.244841;0.11
1793;5577.244841;0.09
1793;5577.244841;0.07
1793;5577.244841;0.05
1793;5577.244841;0.04
1793;5577.244841;0.03
1794;5574.136009;0.03
1794;5574.136009;0.03
1794;5574.136009;0.02
1794;5574.136009;0.01
1794;5574.136009;-0.02
1794;5574.136009;-0.04
1794;5574.136009;-0.08
1794;5574.136009;-0.11
1794;5574.136009;-0.13
1794;5574.136009;-0.15
1794;5574.136009;-0.16
1794;5574.136009;-0.16
1794;5574.136009;-0.14
1795;5571.030641;-0.11
1795;5571.030641;-0.06
1795;5571.030641;0
1795;5571.030641;0.07
1795;5571.030641;0.13
1795;5571.030641;0.19
1795;5571.030641;0.23
1795;5571.030641;0.25
1795;5571.030641;0.26
1795;5571.030641;0.26
1795;5571.030641;0.25
1795;5571.030641;0.24
1795;5571.030641;0.23
1796;5567.928731;0.23
1796;5567.928731;0.21
1796;5567.928731;0.19
1796;5567.928731;0.15
1796;5567.928731;0.1
1796;5567.928731;0.02
1796;5567.928731;-0.06
1796;5567.928731;-0.14
1796;5567.928731;-0.21
1796;5567.928731;-0.25
1796;5567.928731;-0.25
1796;5567.928731;-0.23
1797;5564.830273;-0.18
1797;5564.830273;-0.11
1797;5564.830273;-0.06
1797;5564.830273;-0.02
1797;5564.830273;0
1797;5564.830273;-0.01
1797;5564.830273;-0.05
1797;5564.830273;-0.09
1797;5564.830273;-0.14
1797;5564.830273;-0.17
1797;5564.830273;-0.18
1797;5564.830273;-0.18
1797;5564.830273;-0.14
1798;5561.735261;-0.09
1798;5561.735261;-0.02
1798;5561.735261;0.05
1798;5561.735261;0.12
1798;5561.735261;0.17
1798;5561.735261;0.2
1798;5561.735261;0.2
1798;5561.735261;0.16
1798;5561.735261;0.11
1798;5561.735261;0.05
1798;5561.735261;-0.01
1798;5561.735261;-0.06
1798;5561.735261;-0.08
1799;5558.643691;-0.08
1799;5558.643691;-0.07
1799;5558.643691;-0.05
1799;5558.643691;-0.05
1799;5558.643691;-0.06
1799;5558.643691;-0.09
1799;5558.643691;-0.14
1799;5558.643691;-0.18
1799;5558.643691;-0.21
1799;5558.643691;-0.21
1799;5558.643691;-0.17
1799;5558.643691;-0.1
1799;5558.643691;-0.01
1800;5555.555556;0.1
1800;5555.555556;0.19
1800;5555.555556;0.26
1800;5555.555556;0.3
1800;5555.555556;0.3
1800;5555.555556;0.27
1800;5555.555556;0.23
1800;5555.555556;0.19
1800;5555.555556;0.15
1800;5555.555556;0.13
1800;5555.555556;0.13
1800;5555.555556;0.14
1800;5555.555556;0.15
1801;5552.47085;0.15
1801;5552.47085;0.14
1801;5552.47085;0.13
1801;5552.47085;0.11
1801;5552.47085;0.09
1801;5552.47085;0.07
1801;5552.47085;0.06
1801;5552.47085;0.05
1801;5552.47085;0.06
1801;5552.47085;0.08
1801;5552.47085;0.1
1801;5552.47085;0.13
1801;5552.47085;0.17
1802;5549.389567;0.21
1802;5549.389567;0.24
1802;5549.389567;0.25
1802;5549.389567;0.25
1802;5549.389567;0.24
1802;5549.389567;0.21
1802;5549.389567;0.18
1802;5549.389567;0.15
1802;5549.389567;0.14
1802;5549.389567;0.14
1802;5549.389567;0.17
1802;5549.389567;0.2
1803;5546.311703;0.24
1803;5546.311703;0.27
1803;5546.311703;0.29
1803;5546.311703;0.29
1803;5546.311703;0.28
1803;5546.311703;0.26
1803;5546.311703;0.24
1803;5546.311703;0.21
1803;5546.311703;0.19
1803;5546.311703;0.17
1803;5546.311703;0.14
1803;5546.311703;0.11
1803;5546.311703;0.08
1804;5543.237251;0.06
1804;5543.237251;0.03
1804;5543.237251;0.01
1804;5543.237251;-0.01
1804;5543.237251;-0.02
1804;5543.237251;-0.03
1804;5543.237251;-0.04
1804;5543.237251;-0.04
1804;5543.237251;-0.05
1804;5543.237251;-0.05
1804;5543.237251;-0.06
1804;5543.237251;-0.06
1804;5543.237251;-0.06
1805;5540.166205;-0.05
1805;5540.166205;-0.03
1805;5540.166205;0
1805;5540.166205;0.04
1805;5540.166205;0.09
1805;5540.166205;0.14
1805;5540.166205;0.19
1805;5540.166205;0.23
1805;5540.166205;0.25
1805;5540.166205;0.25
1805;5540.166205;0.22
1805;5540.166205;0.19
1805;5540.166205;0.15
1806;5537.09856;0.13
1806;5537.09856;0.12
1806;5537.09856;0.13
1806;5537.09856;0.15
1806;5537.09856;0.19
1806;5537.09856;0.23
1806;5537.09856;0.26
1806;5537.09856;0.28
1806;5537.09856;0.29
1806;5537.09856;0.3
1806;5537.09856;0.31
1806;5537.09856;0.32
1807;5534.034311;0.34
1807;5534.034311;0.37
1807;5534.034311;0.38
1807;5534.034311;0.39
1807;5534.034311;0.36
1807;5534.034311;0.31
1807;5534.034311;0.24
1807;5534.034311;0.15
1807;5534.034311;0.06
1807;5534.034311;-0.02
1807;5534.034311;-0.08
1807;5534.034311;-0.11
1807;5534.034311;-0.12
1808;5530.973451;-0.11
1808;5530.973451;-0.09
1808;5530.973451;-0.06
1808;5530.973451;-0.03
1808;5530.973451;-0.02
1808;5530.973451;-0.01
1808;5530.973451;-0.01
1808;5530.973451;-0.02
1808;5530.973451;-0.05
1808;5530.973451;-0.08
1808;5530.973451;-0.11
1808;5530.973451;-0.14
1808;5530.973451;-0.16
1809;5527.915976;-0.17
1809;5527.915976;-0.15
1809;5527.915976;-0.12
1809;5527.915976;-0.07
1809;5527.915976;-0.01
1809;5527.915976;0.06
1809;5527.915976;0.12
1809;5527.915976;0.17
1809;5527.915976;0.2
1809;5527.915976;0.2
1809;5527.915976;0.16
1809;5527.915976;0.09
1810;5524.861878;0
1810;5524.861878;-0.1
1810;5524.861878;-0.21
1810;5524.861878;-0.29
1810;5524.861878;-0.35
1810;5524.861878;-0.37
1810;5524.861878;-0.35
1810;5524.861878;-0.3
1810;5524.861878;-0.22
1810;5524.861878;-0.14
1810;5524.861878;-0.06
1810;5524.861878;-0.01
1810;5524.861878;0.02
1811;5521.811154;0.02
1811;5521.811154;0
1811;5521.811154;-0.03
1811;5521.811154;-0.06
1811;5521.811154;-0.09
1811;5521.811154;-0.12
1811;5521.811154;-0.13
1811;5521.811154;-0.12
1811;5521.811154;-0.11
1811;5521.811154;-0.08
1811;5521.811154;-0.05
1811;5521.811154;-0.02
1811;5521.811154;0.01
1812;5518.763797;0.02
1812;5518.763797;0.02
1812;5518.763797;0.01
1812;5518.763797;-0.02
1812;5518.763797;-0.06
1812;5518.763797;-0.09
1812;5518.763797;-0.11
1812;5518.763797;-0.11
1812;5518.763797;-0.1
1812;5518.763797;-0.06
1812;5518.763797;-0.02
1812;5518.763797;0.03
1813;5515.719801;0.07
1813;5515.719801;0.09
1813;5515.719801;0.09
1813;5515.719801;0.08
1813;5515.719801;0.07
1813;5515.719801;0.05
1813;5515.719801;0.05
1813;5515.719801;0.04
1813;5515.719801;0.04
1813;5515.719801;0.05
1813;5515.719801;0.05
1813;5515.719801;0.05
1813;5515.719801;0.04
1814;5512.679162;0.04
1814;5512.679162;0.04
1814;5512.679162;0.04
1814;5512.679162;0.06
1814;5512.679162;0.08
1814;5512.679162;0.11
1814;5512.679162;0.14
1814;5512.679162;0.17
1814;5512.679162;0.2
1814;5512.679162;0.21
1814;5512.679162;0.2
1814;5512.679162;0.18
1814;5512.679162;0.15
1815;5509.641873;0.11
1815;5509.641873;0.07
1815;5509.641873;0.03
1815;5509.641873;0
1815;5509.641873;-0.02
1815;5509.641873;-0.03
1815;5509.641873;-0.04
1815;5509.641873;-0.05
1815;5509.641873;-0.07
1815;5509.641873;-0.1
1815;5509.641873;-0.14
1815;5509.641873;-0.17
1816;5506.60793;-0.2
1816;5506.60793;-0.22
1816;5506.60793;-0.21
1816;5506.60793;-0.19
1816;5506.60793;-0.15
1816;5506.60793;-0.11
1816;5506.60793;-0.06
1816;5506.60793;-0.02
1816;5506.60793;0
1816;5506.60793;0.02
1816;5506.60793;0.01
1816;5506.60793;0
1816;5506.60793;-0.03
1817;5503.577325;-0.06
1817;5503.577325;-0.08
1817;5503.577325;-0.09
1817;5503.577325;-0.09
1817;5503.577325;-0.07
1817;5503.577325;-0.03
1817;5503.577325;0.01
1817;5503.577325;0.05
1817;5503.577325;0.08
1817;5503.577325;0.09
1817;5503.577325;0.07
1817;5503.577325;0.02
1818;5500.550055;-0.05
1818;5500.550055;-0.13
1818;5500.550055;-0.2
1818;5500.550055;-0.26
1818;5500.550055;-0.28
1818;5500.550055;-0.27
1818;5500.550055;-0.22
1818;5500.550055;-0.14
1818;5500.550055;-0.05
1818;5500.550055;0.04
1818;5500.550055;0.12
1818;5500.550055;0.16
1818;5500.550055;0.16
1819;5497.526113;0.13
1819;5497.526113;0.07
1819;5497.526113;0.01
1819;5497.526113;-0.04
1819;5497.526113;-0.06
1819;5497.526113;-0.05
1819;5497.526113;-0.01
1819;5497.526113;0.04
1819;5497.526113;0.1
1819;5497.526113;0.14
1819;5497.526113;0.17
1819;5497.526113;0.17
1820;5494.505495;0.16
1820;5494.505495;0.14
1820;5494.505495;0.12
1820;5494.505495;0.11
1820;5494.505495;0.1
1820;5494.505495;0.1
1820;5494.505495;0.11
1820;5494.505495;0.1
1820;5494.505495;0.09
1820;5494.505495;0.08
1820;5494.505495;0.07
1820;5494.505495;0.05
1820;5494.505495;0.03
1821;5491.488193;0.01
1821;5491.488193;-0.01
1821;5491.488193;-0.03
1821;5491.488193;-0.06
1821;5491.488193;-0.09
1821;5491.488193;-0.12
1821;5491.488193;-0.15
1821;5491.488193;-0.16
1821;5491.488193;-0.16
1821;5491.488193;-0.14
1821;5491.488193;-0.11
1821;5491.488193;-0.06
1822;5488.474204;-0.01
1822;5488.474204;0.04
1822;5488.474204;0.07
1822;5488.474204;0.09
1822;5488.474204;0.08
1822;5488.474204;0.04
1822;5488.474204;-0.01
1822;5488.474204;-0.07
1822;5488.474204;-0.13
1822;5488.474204;-0.17
1822;5488.474204;-0.19
1822;5488.474204;-0.19
1822;5488.474204;-0.17
1823;5485.463522;-0.13
1823;5485.463522;-0.09
1823;5485.463522;-0.05
1823;5485.463522;-0.03
1823;5485.463522;-0.01
1823;5485.463522;0.01
1823;5485.463522;0.02
1823;5485.463522;0.04
1823;5485.463522;0.06
1823;5485.463522;0.08
1823;5485.463522;0.1
1823;5485.463522;0.11
1824;5482.45614;0.11
1824;5482.45614;0.09
1824;5482.45614;0.06
1824;5482.45614;0.02
1824;5482.45614;-0.03
1824;5482.45614;-0.08
1824;5482.45614;-0.11
1824;5482.45614;-0.14
1824;5482.45614;-0.14
1824;5482.45614;-0.14
1824;5482.45614;-0.12
1824;5482.45614;-0.11
1824;5482.45614;-0.09
1825;5479.452055;-0.08
1825;5479.452055;-0.08
1825;5479.452055;-0.08
1825;5479.452055;-0.07
1825;5479.452055;-0.06
1825;5479.452055;-0.04
1825;5479.452055;-0.01
1825;5479.452055;0.03
1825;5479.452055;0.06
1825;5479.452055;0.08
1825;5479.452055;0.09
1825;5479.452055;0.09
1826;5476.45126;0.06
1826;5476.45126;0.03
1826;5476.45126;0
1826;5476.45126;-0.02
1826;5476.45126;-0.02
1826;5476.45126;-0.02
1826;5476.45126;0.01
1826;5476.45126;0.04
1826;5476.45126;0.07
1826;5476.45126;0.1
1826;5476.45126;0.12
1826;5476.45126;0.14
1826;5476.45126;0.15
1827;5473.453749;0.16
1827;5473.453749;0.17
1827;5473.453749;0.17
1827;5473.453749;0.17
1827;5473.453749;0.17
1827;5473.453749;0.15
1827;5473.453749;0.13
1827;5473.453749;0.11
1827;5473.453749;0.08
1827;5473.453749;0.06
1827;5473.453749;0.04
1827;5473.453749;0.02
1828;5470.459519;0.01
1828;5470.459519;-0.01
1828;5470.459519;-0.03
1828;5470.459519;-0.05
1828;5470.459519;-0.08
1828;5470.459519;-0.1
1828;5470.459519;-0.12
1828;5470.459519;-0.12
1828;5470.459519;-0.11
1828;5470.459519;-0.09
1828;5470.459519;-0.06
1828;5470.459519;-0.03
1828;5470.459519;0
1829;5467.468562;0.01
1829;5467.468562;0.01
1829;5467.468562;0
1829;5467.468562;-0.02
1829;5467.468562;-0.04
1829;5467.468562;-0.05
1829;5467.468562;-0.04
1829;5467.468562;-0.02
1829;5467.468562;0.02
1829;5467.468562;0.07
1829;5467.468562;0.12
1829;5467.468562;0.16
1830;5464.480874;0.17
1830;5464.480874;0.17
1830;5464.480874;0.15
1830;5464.480874;0.12
1830;5464.480874;0.1
1830;5464.480874;0.09
1830;5464.480874;0.1
1830;5464.480874;0.12
1830;5464.480874;0.15
1830;5464.480874;0.18
1830;5464.480874;0.19
1830;5464.480874;0.19
1831;5461.49645;0.18
1831;5461.49645;0.16
1831;5461.49645;0.14
1831;5461.49645;0.11
1831;5461.49645;0.09
1831;5461.49645;0.06
1831;5461.49645;0.04
1831;5461.49645;0.01
1831;5461.49645;-0.02
1831;5461.49645;-0.05
1831;5461.49645;-0.07
1831;5461.49645;-0.07
1831;5461.49645;-0.05
1832;5458.515284;-0.02
1832;5458.515284;0.02
1832;5458.515284;0.05
1832;5458.515284;0.08
1832;5458.515284;0.11
1832;5458.515284;0.12
1832;5458.515284;0.12
1832;5458.515284;0.13
1832;5458.515284;0.14
1832;5458.515284;0.14
1832;5458.515284;0.15
1832;5458.515284;0.15
1833;5455.53737;0.15
1833;5455.53737;0.13
1833;5455.53737;0.11
1833;5455.53737;0.09
1833;5455.53737;0.08
1833;5455.53737;0.07
1833;5455.53737;0.07
1833;5455.53737;0.07
1833;5455.53737;0.08
1833;5455.53737;0.07
1833;5455.53737;0.05
1833;5455.53737;0.02
1834;5452.562704;-0.01
1834;5452.562704;-0.05
1834;5452.562704;-0.09
1834;5452.562704;-0.13
1834;5452.562704;-0.16
1834;5452.562704;-0.18
1834;5452.562704;-0.2
1834;5452.562704;-0.21
1834;5452.562704;-0.23
1834;5452.562704;-0.23
1834;5452.562704;-0.23
1834;5452.562704;-0.22
1834;5452.562704;-0.21
1835;5449.591281;-0.19
1835;5449.591281;-0.17
1835;5449.591281;-0.16
1835;5449.591281;-0.16
1835;5449.591281;-0.18
1835;5449.591281;-0.19
1835;5449.591281;-0.21
1835;5449.591281;-0.21
1835;5449.591281;-0.19
1835;5449.591281;-0.16
1835;5449.591281;-0.1
1835;5449.591281;-0.03
1836;5446.623094;0.05
1836;5446.623094;0.12
1836;5446.623094;0.18
1836;5446.623094;0.22
1836;5446.623094;0.24
1836;5446.623094;0.23
1836;5446.623094;0.21
1836;5446.623094;0.18
1836;5446.623094;0.15
1836;5446.623094;0.12
1836;5446.623094;0.11
1836;5446.623094;0.1
1837;5443.658138;0.11
1837;5443.658138;0.13
1837;5443.658138;0.14
1837;5443.658138;0.16
1837;5443.658138;0.17
1837;5443.658138;0.17
1837;5443.658138;0.17
1837;5443.658138;0.16
1837;5443.658138;0.15
1837;5443.658138;0.12
1837;5443.658138;0.09
1837;5443.658138;0.04
1837;5443.658138;-0.01
1838;5440.696409;-0.06
1838;5440.696409;-0.1
1838;5440.696409;-0.13
1838;5440.696409;-0.14
1838;5440.696409;-0.13
1838;5440.696409;-0.09
1838;5440.696409;-0.04
1838;5440.696409;0.02
1838;5440.696409;0.08
1838;5440.696409;0.13
1838;5440.696409;0.18
1838;5440.696409;0.21
1839;5437.737901;0.22
1839;5437.737901;0.23
1839;5437.737901;0.23
1839;5437.737901;0.21
1839;5437.737901;0.19
1839;5437.737901;0.15
1839;5437.737901;0.1
1839;5437.737901;0.05
1839;5437.737901;0
1839;5437.737901;-0.05
1839;5437.737901;-0.09
1839;5437.737901;-0.12
1840;5434.782609;-0.13
1840;5434.782609;-0.12
1840;5434.782609;-0.1
1840;5434.782609;-0.08
1840;5434.782609;-0.07
1840;5434.782609;-0.07
1840;5434.782609;-0.08
1840;5434.782609;-0.11
1840;5434.782609;-0.15
1840;5434.782609;-0.2
1840;5434.782609;-0.24
1840;5434.782609;-0.27
1841;5431.830527;-0.3
1841;5431.830527;-0.3
1841;5431.830527;-0.31
1841;5431.830527;-0.3
1841;5431.830527;-0.29
1841;5431.830527;-0.27
1841;5431.830527;-0.25
1841;5431.830527;-0.22
1841;5431.830527;-0.18
1841;5431.830527;-0.14
1841;5431.830527;-0.09
1841;5431.830527;-0.04
1841;5431.830527;0.01
1842;5428.88165;0.04
1842;5428.88165;0.06
1842;5428.88165;0.06
1842;5428.88165;0.06
1842;5428.88165;0.04
1842;5428.88165;0.02
1842;5428.88165;0
1842;5428.88165;-0.02
1842;5428.88165;-0.04
1842;5428.88165;-0.05
1842;5428.88165;-0.05
1842;5428.88165;-0.04
1843;5425.935974;-0.04
1843;5425.935974;-0.04
1843;5425.935974;-0.05
1843;5425.935974;-0.07
1843;5425.935974;-0.09
1843;5425.935974;-0.12
1843;5425.935974;-0.14
1843;5425.935974;-0.15
1843;5425.935974;-0.14
1843;5425.935974;-0.11
1843;5425.935974;-0.06
1843;5425.935974;0
1844;5422.993492;0.07
1844;5422.993492;0.13
1844;5422.993492;0.18
1844;5422.993492;0.22
1844;5422.993492;0.24
1844;5422.993492;0.23
1844;5422.993492;0.2
1844;5422.993492;0.14
1844;5422.993492;0.08
1844;5422.993492;0.01
1844;5422.993492;-0.06
1844;5422.993492;-0.11
1845;5420.054201;-0.14
1845;5420.054201;-0.15
1845;5420.054201;-0.15
1845;5420.054201;-0.14
1845;5420.054201;-0.13
1845;5420.054201;-0.12
1845;5420.054201;-0.1
1845;5420.054201;-0.07
1845;5420.054201;-0.03
1845;5420.054201;0.02
1845;5420.054201;0.07
1845;5420.054201;0.12
1845;5420.054201;0.15
1846;5417.118093;0.16
1846;5417.118093;0.15
1846;5417.118093;0.12
1846;5417.118093;0.09
1846;5417.118093;0.06
1846;5417.118093;0.04
1846;5417.118093;0.02
1846;5417.118093;0
1846;5417.118093;-0.03
1846;5417.118093;-0.06
1846;5417.118093;-0.09
1846;5417.118093;-0.12
1847;5414.185165;-0.15
1847;5414.185165;-0.17
1847;5414.185165;-0.17
1847;5414.185165;-0.18
1847;5414.185165;-0.18
1847;5414.185165;-0.17
1847;5414.185165;-0.17
1847;5414.185165;-0.15
1847;5414.185165;-0.12
1847;5414.185165;-0.08
1847;5414.185165;-0.02
1847;5414.185165;0.04
1848;5411.255411;0.1
1848;5411.255411;0.16
1848;5411.255411;0.19
1848;5411.255411;0.21
1848;5411.255411;0.21
1848;5411.255411;0.2
1848;5411.255411;0.19
1848;5411.255411;0.17
1848;5411.255411;0.15
1848;5411.255411;0.13
1848;5411.255411;0.1
1848;5411.255411;0.08
1849;5408.328826;0.05
1849;5408.328826;0.03
1849;5408.328826;0.02
1849;5408.328826;0.03
1849;5408.328826;0.05
1849;5408.328826;0.09
1849;5408.328826;0.13
1849;5408.328826;0.17
1849;5408.328826;0.21
1849;5408.328826;0.22
1849;5408.328826;0.22
1849;5408.328826;0.19
1850;5405.405405;0.15
1850;5405.405405;0.1
1850;5405.405405;0.05
1850;5405.405405;0.02
1850;5405.405405;0.01
1850;5405.405405;0.01
1850;5405.405405;0.02
1850;5405.405405;0.03
1850;5405.405405;0.04
1850;5405.405405;0.03
1850;5405.405405;0.02
1850;5405.405405;0
1851;5402.485143;-0.01
1851;5402.485143;-0.01
1851;5402.485143;0
1851;5402.485143;0.02
1851;5402.485143;0.04
1851;5402.485143;0.04
1851;5402.485143;0.03
1851;5402.485143;0
1851;5402.485143;-0.06
1851;5402.485143;-0.12
1851;5402.485143;-0.17
1851;5402.485143;-0.22
1852;5399.568035;-0.24
1852;5399.568035;-0.24
1852;5399.568035;-0.23
1852;5399.568035;-0.21
1852;5399.568035;-0.19
1852;5399.568035;-0.17
1852;5399.568035;-0.16
1852;5399.568035;-0.16
1852;5399.568035;-0.15
1852;5399.568035;-0.14
1852;5399.568035;-0.12
1852;5399.568035;-0.08
1853;5396.654074;-0.03
1853;5396.654074;0.03
1853;5396.654074;0.09
1853;5396.654074;0.16
1853;5396.654074;0.21
1853;5396.654074;0.24
1853;5396.654074;0.26
1853;5396.654074;0.27
1853;5396.654074;0.26
1853;5396.654074;0.25
1853;5396.654074;0.23
1853;5396.654074;0.21
1853;5396.654074;0.19
1854;5393.743258;0.17
1854;5393.743258;0.16
1854;5393.743258;0.14
1854;5393.743258;0.13
1854;5393.743258;0.13
1854;5393.743258;0.13
1854;5393.743258;0.13
1854;5393.743258;0.13
1854;5393.743258;0.13
1854;5393.743258;0.12
1854;5393.743258;0.11
1854;5393.743258;0.09
1855;5390.83558;0.06
1855;5390.83558;0.03
1855;5390.83558;-0.01
1855;5390.83558;-0.04
1855;5390.83558;-0.08
1855;5390.83558;-0.11
1855;5390.83558;-0.13
1855;5390.83558;-0.13
1855;5390.83558;-0.11
1855;5390.83558;-0.08
1855;5390.83558;-0.02
1855;5390.83558;0.04
1856;5387.931034;0.1
1856;5387.931034;0.16
1856;5387.931034;0.21
1856;5387.931034;0.25
1856;5387.931034;0.26
1856;5387.931034;0.26
1856;5387.931034;0.25
1856;5387.931034;0.22
1856;5387.931034;0.18
1856;5387.931034;0.14
1856;5387.931034;0.1
1856;5387.931034;0.06
1857;5385.029618;0.04
1857;5385.029618;0.03
1857;5385.029618;0.02
1857;5385.029618;0.03
1857;5385.029618;0.03
1857;5385.029618;0.03
1857;5385.029618;0.04
1857;5385.029618;0.06
1857;5385.029618;0.08
1857;5385.029618;0.11
1857;5385.029618;0.16
1857;5385.029618;0.2
1858;5382.131324;0.23
1858;5382.131324;0.24
1858;5382.131324;0.22
1858;5382.131324;0.19
1858;5382.131324;0.13
1858;5382.131324;0.08
1858;5382.131324;0.04
1858;5382.131324;0.02
1858;5382.131324;0.02
1858;5382.131324;0.03
1858;5382.131324;0.06
1858;5382.131324;0.1
1859;5379.236148;0.13
1859;5379.236148;0.14
1859;5379.236148;0.15
1859;5379.236148;0.13
1859;5379.236148;0.1
1859;5379.236148;0.06
1859;5379.236148;0.01
1859;5379.236148;-0.03
1859;5379.236148;-0.06
1859;5379.236148;-0.07
1859;5379.236148;-0.08
1859;5379.236148;-0.07
1860;5376.344086;-0.07
1860;5376.344086;-0.08
1860;5376.344086;-0.1
1860;5376.344086;-0.12
1860;5376.344086;-0.13
1860;5376.344086;-0.13
1860;5376.344086;-0.11
1860;5376.344086;-0.06
1860;5376.344086;0.01
1860;5376.344086;0.07
1860;5376.344086;0.13
1860;5376.344086;0.16
1861;5373.455132;0.18
1861;5373.455132;0.17
1861;5373.455132;0.16
1861;5373.455132;0.14
1861;5373.455132;0.14
1861;5373.455132;0.14
1861;5373.455132;0.14
1861;5373.455132;0.14
1861;5373.455132;0.14
1861;5373.455132;0.13
1861;5373.455132;0.1
1861;5373.455132;0.07
1862;5370.56928;0.04
1862;5370.56928;0.01
1862;5370.56928;-0.02
1862;5370.56928;-0.05
1862;5370.56928;-0.06
1862;5370.56928;-0.06
1862;5370.56928;-0.05
1862;5370.56928;-0.01
1862;5370.56928;0.04
1862;5370.56928;0.11
1862;5370.56928;0.17
1862;5370.56928;0.23
1863;5367.686527;0.26
1863;5367.686527;0.28
1863;5367.686527;0.26
1863;5367.686527;0.23
1863;5367.686527;0.18
1863;5367.686527;0.13
1863;5367.686527;0.07
1863;5367.686527;0.03
1863;5367.686527;-0.01
1863;5367.686527;-0.03
1863;5367.686527;-0.05
1863;5367.686527;-0.05
1864;5364.806867;-0.06
1864;5364.806867;-0.06
1864;5364.806867;-0.06
1864;5364.806867;-0.06
1864;5364.806867;-0.06
1864;5364.806867;-0.06
1864;5364.806867;-0.05
1864;5364.806867;-0.05
1864;5364.806867;-0.03
1864;5364.806867;-0.01
1864;5364.806867;0.02
1864;5364.806867;0.05
1865;5361.930295;0.07
1865;5361.930295;0.09
1865;5361.930295;0.09
1865;5361.930295;0.08
1865;5361.930295;0.07
1865;5361.930295;0.05
1865;5361.930295;0.05
1865;5361.930295;0.05
1865;5361.930295;0.07
1865;5361.930295;0.1
1865;5361.930295;0.14
1865;5361.930295;0.18
1866;5359.056806;0.22
1866;5359.056806;0.25
1866;5359.056806;0.27
1866;5359.056806;0.29
1866;5359.056806;0.28
1866;5359.056806;0.27
1866;5359.056806;0.24
1866;5359.056806;0.19
1866;5359.056806;0.14
1866;5359.056806;0.08
1866;5359.056806;0.02
1867;5356.186395;-0.03
1867;5356.186395;-0.05
1867;5356.186395;-0.06
1867;5356.186395;-0.05
1867;5356.186395;-0.02
1867;5356.186395;0
1867;5356.186395;0.02
1867;5356.186395;0.02
1867;5356.186395;0.01
1867;5356.186395;-0.01
1867;5356.186395;-0.03
1867;5356.186395;-0.06
1868;5353.319058;-0.07
1868;5353.319058;-0.09
1868;5353.319058;-0.1
1868;5353.319058;-0.11
1868;5353.319058;-0.13
1868;5353.319058;-0.14
1868;5353.319058;-0.15
1868;5353.319058;-0.15
1868;5353.319058;-0.13
1868;5353.319058;-0.1
1868;5353.319058;-0.06
1868;5353.319058;-0.02
1869;5350.454789;0.02
1869;5350.454789;0.04
1869;5350.454789;0.05
1869;5350.454789;0.05
1869;5350.454789;0.04
1869;5350.454789;0.03
1869;5350.454789;0.03
1869;5350.454789;0.04
1869;5350.454789;0.05
1869;5350.454789;0.06
1869;5350.454789;0.07
1869;5350.454789;0.08
1870;5347.593583;0.08
1870;5347.593583;0.07
1870;5347.593583;0.07
1870;5347.593583;0.07
1870;5347.593583;0.08
1870;5347.593583;0.11
1870;5347.593583;0.15
1870;5347.593583;0.21
1870;5347.593583;0.26
1870;5347.593583;0.31
1870;5347.593583;0.33
1870;5347.593583;0.34
1871;5344.735436;0.32
1871;5344.735436;0.29
1871;5344.735436;0.25
1871;5344.735436;0.2
1871;5344.735436;0.16
1871;5344.735436;0.13
1871;5344.735436;0.1
1871;5344.735436;0.06
1871;5344.735436;0.03
1871;5344.735436;0
1871;5344.735436;-0.02
1871;5344.735436;-0.04
1872;5341.880342;-0.05
1872;5341.880342;-0.05
1872;5341.880342;-0.04
1872;5341.880342;-0.02
1872;5341.880342;0
1872;5341.880342;0.02
1872;5341.880342;0.04
1872;5341.880342;0.07
1872;5341.880342;0.09
1872;5341.880342;0.11
1872;5341.880342;0.11
1872;5341.880342;0.11
1873;5339.028297;0.09
1873;5339.028297;0.05
1873;5339.028297;0.02
1873;5339.028297;-0.02
1873;5339.028297;-0.04
1873;5339.028297;-0.05
1873;5339.028297;-0.05
1873;5339.028297;-0.05
1873;5339.028297;-0.05
1873;5339.028297;-0.06
1873;5339.028297;-0.08
1874;5336.179296;-0.11
1874;5336.179296;-0.13
1874;5336.179296;-0.15
1874;5336.179296;-0.15
1874;5336.179296;-0.13
1874;5336.179296;-0.11
1874;5336.179296;-0.08
1874;5336.179296;-0.06
1874;5336.179296;-0.03
1874;5336.179296;-0.02
1874;5336.179296;-0.01
1874;5336.179296;-0.01
1875;5333.333333;-0.01
1875;5333.333333;-0.03
1875;5333.333333;-0.05
1875;5333.333333;-0.08
1875;5333.333333;-0.1
1875;5333.333333;-0.12
1875;5333.333333;-0.12
1875;5333.333333;-0.1
1875;5333.333333;-0.07
1875;5333.333333;-0.02
1875;5333.333333;0.02
1875;5333.333333;0.06
1876;5330.490405;0.08
1876;5330.490405;0.08
1876;5330.490405;0.07
1876;5330.490405;0.05
1876;5330.490405;0.02
1876;5330.490405;0
1876;5330.490405;-0.03
1876;5330.490405;-0.05
1876;5330.490405;-0.06
1876;5330.490405;-0.07
1876;5330.490405;-0.08
1876;5330.490405;-0.08
1877;5327.650506;-0.08
1877;5327.650506;-0.07
1877;5327.650506;-0.05
1877;5327.650506;-0.01
1877;5327.650506;0.03
1877;5327.650506;0.08
1877;5327.650506;0.12
1877;5327.650506;0.15
1877;5327.650506;0.16
1877;5327.650506;0.14
1877;5327.650506;0.12
1877;5327.650506;0.08
1878;5324.813632;0.05
1878;5324.813632;0.03
1878;5324.813632;0.03
1878;5324.813632;0.04
1878;5324.813632;0.05
1878;5324.813632;0.06
1878;5324.813632;0.06
1878;5324.813632;0.04
1878;5324.813632;0.01
1878;5324.813632;-0.03
1878;5324.813632;-0.06
1879;5321.979776;-0.08
1879;5321.979776;-0.08
1879;5321.979776;-0.07
1879;5321.979776;-0.05
1879;5321.979776;-0.04
1879;5321.979776;-0.03
1879;5321.979776;-0.03
1879;5321.979776;-0.03
1879;5321.979776;-0.04
1879;5321.979776;-0.05
1879;5321.979776;-0.05
1879;5321.979776;-0.05
1880;5319.148936;-0.03
1880;5319.148936;0
1880;5319.148936;0.03
1880;5319.148936;0.06
1880;5319.148936;0.09
1880;5319.148936;0.1
1880;5319.148936;0.1
1880;5319.148936;0.09
1880;5319.148936;0.05
1880;5319.148936;0.01
1880;5319.148936;-0.04
1880;5319.148936;-0.08
1881;5316.321106;-0.12
1881;5316.321106;-0.15
1881;5316.321106;-0.16
1881;5316.321106;-0.17
1881;5316.321106;-0.18
1881;5316.321106;-0.18
1881;5316.321106;-0.18
1881;5316.321106;-0.17
1881;5316.321106;-0.14
1881;5316.321106;-0.11
1881;5316.321106;-0.08
1881;5316.321106;-0.05
1882;5313.496281;-0.02
1882;5313.496281;-0.01
1882;5313.496281;-0.01
1882;5313.496281;-0.03
1882;5313.496281;-0.04
1882;5313.496281;-0.05
1882;5313.496281;-0.05
1882;5313.496281;-0.06
1882;5313.496281;-0.06
1882;5313.496281;-0.06
1882;5313.496281;-0.07
1883;5310.674456;-0.09
1883;5310.674456;-0.11
1883;5310.674456;-0.12
1883;5310.674456;-0.13
1883;5310.674456;-0.13
1883;5310.674456;-0.12
1883;5310.674456;-0.1
1883;5310.674456;-0.08
1883;5310.674456;-0.06
1883;5310.674456;-0.06
1883;5310.674456;-0.07
1883;5310.674456;-0.08
1884;5307.855626;-0.1
1884;5307.855626;-0.12
1884;5307.855626;-0.13
1884;5307.855626;-0.13
1884;5307.855626;-0.12
1884;5307.855626;-0.11
1884;5307.855626;-0.09
1884;5307.855626;-0.07
1884;5307.855626;-0.06
1884;5307.855626;-0.05
1884;5307.855626;-0.06
1884;5307.855626;-0.07
1885;5305.039788;-0.09
1885;5305.039788;-0.09
1885;5305.039788;-0.09
1885;5305.039788;-0.07
1885;5305.039788;-0.04
1885;5305.039788;0
1885;5305.039788;0.05
1885;5305.039788;0.09
1885;5305.039788;0.12
1885;5305.039788;0.13
1885;5305.039788;0.12
1886;5302.226935;0.1
1886;5302.226935;0.07
1886;5302.226935;0.03
1886;5302.226935;0.01
1886;5302.226935;0
1886;5302.226935;0.02
1886;5302.226935;0.06
1886;5302.226935;0.11
1886;5302.226935;0.18
1886;5302.226935;0.24
1886;5302.226935;0.28
1886;5302.226935;0.3
1887;5299.417064;0.29
1887;5299.417064;0.25
1887;5299.417064;0.19
1887;5299.417064;0.13
1887;5299.417064;0.07
1887;5299.417064;0.03
1887;5299.417064;0.01
1887;5299.417064;0.03
1887;5299.417064;0.06
1887;5299.417064;0.11
1887;5299.417064;0.16
1887;5299.417064;0.21
1888;5296.610169;0.24
1888;5296.610169;0.27
1888;5296.610169;0.28
1888;5296.610169;0.29
1888;5296.610169;0.3
1888;5296.610169;0.3
1888;5296.610169;0.3
1888;5296.610169;0.28
1888;5296.610169;0.26
1888;5296.610169;0.22
1888;5296.610169;0.18
1889;5293.806247;0.12
1889;5293.806247;0.06
1889;5293.806247;0
1889;5293.806247;-0.07
1889;5293.806247;-0.14
1889;5293.806247;-0.2
1889;5293.806247;-0.26
1889;5293.806247;-0.29
1889;5293.806247;-0.31
1889;5293.806247;-0.3
1889;5293.806247;-0.27
1889;5293.806247;-0.22
1890;5291.005291;-0.17
1890;5291.005291;-0.12
1890;5291.005291;-0.08
1890;5291.005291;-0.05
1890;5291.005291;-0.05
1890;5291.005291;-0.06
1890;5291.005291;-0.07
1890;5291.005291;-0.09
1890;5291.005291;-0.11
1890;5291.005291;-0.11
1890;5291.005291;-0.12
1890;5291.005291;-0.11
1891;5288.207298;-0.11
1891;5288.207298;-0.1
1891;5288.207298;-0.09
1891;5288.207298;-0.07
1891;5288.207298;-0.06
1891;5288.207298;-0.05
1891;5288.207298;-0.05
1891;5288.207298;-0.05
1891;5288.207298;-0.06
1891;5288.207298;-0.08
1891;5288.207298;-0.09
1892;5285.412262;-0.11
1892;5285.412262;-0.12
1892;5285.412262;-0.13
1892;5285.412262;-0.12
1892;5285.412262;-0.11
1892;5285.412262;-0.09
1892;5285.412262;-0.06
1892;5285.412262;-0.05
1892;5285.412262;-0.04
1892;5285.412262;-0.05
1892;5285.412262;-0.06
1892;5285.412262;-0.06
1893;5282.62018;-0.06
1893;5282.62018;-0.04
1893;5282.62018;-0.01
1893;5282.62018;0.04
1893;5282.62018;0.1
1893;5282.62018;0.16
1893;5282.62018;0.21
1893;5282.62018;0.24
1893;5282.62018;0.26
1893;5282.62018;0.25
1893;5282.62018;0.23
1894;5279.831045;0.2
1894;5279.831045;0.17
1894;5279.831045;0.14
1894;5279.831045;0.11
1894;5279.831045;0.09
1894;5279.831045;0.08
1894;5279.831045;0.07
1894;5279.831045;0.07
1894;5279.831045;0.08
1894;5279.831045;0.08
1894;5279.831045;0.09
1894;5279.831045;0.09
1895;5277.044855;0.09
1895;5277.044855;0.08
1895;5277.044855;0.06
1895;5277.044855;0.04
1895;5277.044855;0.02
1895;5277.044855;0
1895;5277.044855;-0.02
1895;5277.044855;-0.03
1895;5277.044855;-0.04
1895;5277.044855;-0.04
1895;5277.044855;-0.04
1896;5274.261603;-0.03
1896;5274.261603;-0.01
1896;5274.261603;0.01
1896;5274.261603;0.03
1896;5274.261603;0.05
1896;5274.261603;0.06
1896;5274.261603;0.06
1896;5274.261603;0.05
1896;5274.261603;0.03
1896;5274.261603;0
1896;5274.261603;-0.04
1896;5274.261603;-0.08
1897;5271.481286;-0.12
1897;5271.481286;-0.14
1897;5271.481286;-0.16
1897;5271.481286;-0.15
1897;5271.481286;-0.14
1897;5271.481286;-0.11
1897;5271.481286;-0.08
1897;5271.481286;-0.06
1897;5271.481286;-0.06
1897;5271.481286;-0.06
1897;5271.481286;-0.07
1897;5271.481286;-0.09
1898;5268.703899;-0.11
1898;5268.703899;-0.12
1898;5268.703899;-0.13
1898;5268.703899;-0.13
1898;5268.703899;-0.12
1898;5268.703899;-0.12
1898;5268.703899;-0.11
1898;5268.703899;-0.09
1898;5268.703899;-0.08
1898;5268.703899;-0.07
1898;5268.703899;-0.06
1899;5265.929437;-0.05
1899;5265.929437;-0.04
1899;5265.929437;-0.03
1899;5265.929437;-0.02
1899;5265.929437;0
1899;5265.929437;0.01
1899;5265.929437;0.01
1899;5265.929437;0
1899;5265.929437;-0.02
1899;5265.929437;-0.06
1899;5265.929437;-0.11
1899;5265.929437;-0.15
1900;5263.157895;-0.19
1900;5263.157895;-0.22
1900;5263.157895;-0.23
1900;5263.157895;-0.24
1900;5263.157895;-0.24
1900;5263.157895;-0.23
1900;5263.157895;-0.23
1900;5263.157895;-0.22
1900;5263.157895;-0.21
1900;5263.157895;-0.19
1900;5263.157895;-0.15
1901;5260.389269;-0.09
1901;5260.389269;-0.02
1901;5260.389269;0.05
1901;5260.389269;0.12
1901;5260.389269;0.18
1901;5260.389269;0.23
1901;5260.389269;0.26
1901;5260.389269;0.28
1901;5260.389269;0.26
1901;5260.389269;0.23
1901;5260.389269;0.17
1901;5260.389269;0.11
1902;5257.623554;0.03
1902;5257.623554;-0.03
1902;5257.623554;-0.09
1902;5257.623554;-0.12
1902;5257.623554;-0.14
1902;5257.623554;-0.13
1902;5257.623554;-0.12
1902;5257.623554;-0.11
1902;5257.623554;-0.1
1902;5257.623554;-0.1
1902;5257.623554;-0.09
1903;5254.860746;-0.08
1903;5254.860746;-0.07
1903;5254.860746;-0.06
1903;5254.860746;-0.04
1903;5254.860746;-0.03
1903;5254.860746;-0.02
1903;5254.860746;-0.01
1903;5254.860746;-0.01
1903;5254.860746;0
1903;5254.860746;0
1903;5254.860746;0.02
1904;5252.10084;0.04
1904;5252.10084;0.06
1904;5252.10084;0.08
1904;5252.10084;0.11
1904;5252.10084;0.13
1904;5252.10084;0.14
1904;5252.10084;0.15
1904;5252.10084;0.16
1904;5252.10084;0.16
1904;5252.10084;0.16
1904;5252.10084;0.17
1904;5252.10084;0.18
1905;5249.343832;0.19
1905;5249.343832;0.21
1905;5249.343832;0.24
1905;5249.343832;0.26
1905;5249.343832;0.28
1905;5249.343832;0.28
1905;5249.343832;0.28
1905;5249.343832;0.26
1905;5249.343832;0.24
1905;5249.343832;0.22
1905;5249.343832;0.19
1906;5246.589717;0.17
1906;5246.589717;0.15
1906;5246.589717;0.13
1906;5246.589717;0.11
1906;5246.589717;0.1
1906;5246.589717;0.08
1906;5246.589717;0.06
1906;5246.589717;0.05
1906;5246.589717;0.03
1906;5246.589717;0.01
1906;5246.589717;-0.03
1906;5246.589717;-0.06
1907;5243.83849;-0.1
1907;5243.83849;-0.13
1907;5243.83849;-0.16
1907;5243.83849;-0.16
1907;5243.83849;-0.15
1907;5243.83849;-0.13
1907;5243.83849;-0.1
1907;5243.83849;-0.07
1907;5243.83849;-0.04
1907;5243.83849;-0.02
1907;5243.83849;-0.01
1908;5241.090147;0.01
1908;5241.090147;0.03
1908;5241.090147;0.05
1908;5241.090147;0.07
1908;5241.090147;0.09
1908;5241.090147;0.11
1908;5241.090147;0.1
1908;5241.090147;0.09
1908;5241.090147;0.06
1908;5241.090147;0.01
1908;5241.090147;-0.03
1908;5241.090147;-0.07
1909;5238.344683;-0.11
1909;5238.344683;-0.12
1909;5238.344683;-0.11
1909;5238.344683;-0.08
1909;5238.344683;-0.03
1909;5238.344683;0.03
1909;5238.344683;0.1
1909;5238.344683;0.17
1909;5238.344683;0.23
1909;5238.344683;0.26
1909;5238.344683;0.28
1910;5235.602094;0.27
1910;5235.602094;0.25
1910;5235.602094;0.22
1910;5235.602094;0.18
1910;5235.602094;0.14
1910;5235.602094;0.1
1910;5235.602094;0.05
1910;5235.602094;0
1910;5235.602094;-0.05
1910;5235.602094;-0.1
1910;5235.602094;-0.14
1911;5232.862376;-0.17
1911;5232.862376;-0.18
1911;5232.862376;-0.18
1911;5232.862376;-0.18
1911;5232.862376;-0.17
1911;5232.862376;-0.16
1911;5232.862376;-0.15
1911;5232.862376;-0.14
1911;5232.862376;-0.13
1911;5232.862376;-0.11
1911;5232.862376;-0.07
1911;5232.862376;-0.03
1912;5230.125523;0.03
1912;5230.125523;0.07
1912;5230.125523;0.09
1912;5230.125523;0.09
1912;5230.125523;0.06
1912;5230.125523;0.01
1912;5230.125523;-0.04
1912;5230.125523;-0.08
1912;5230.125523;-0.11
1912;5230.125523;-0.11
1912;5230.125523;-0.1
1913;5227.391532;-0.07
1913;5227.391532;-0.04
1913;5227.391532;-0.03
1913;5227.391532;-0.02
1913;5227.391532;-0.03
1913;5227.391532;-0.03
1913;5227.391532;-0.04
1913;5227.391532;-0.04
1913;5227.391532;-0.04
1913;5227.391532;-0.04
1913;5227.391532;-0.05
1914;5224.660397;-0.07
1914;5224.660397;-0.08
1914;5224.660397;-0.1
1914;5224.660397;-0.09
1914;5224.660397;-0.07
1914;5224.660397;-0.03
1914;5224.660397;0.01
1914;5224.660397;0.06
1914;5224.660397;0.1
1914;5224.660397;0.11
1914;5224.660397;0.1
1914;5224.660397;0.08
1915;5221.932115;0.05
1915;5221.932115;0.02
1915;5221.932115;0
1915;5221.932115;0
1915;5221.932115;0.01
1915;5221.932115;0.04
1915;5221.932115;0.07
1915;5221.932115;0.11
1915;5221.932115;0.15
1915;5221.932115;0.19
1915;5221.932115;0.22
1916;5219.206681;0.25
1916;5219.206681;0.26
1916;5219.206681;0.27
1916;5219.206681;0.27
1916;5219.206681;0.26
1916;5219.206681;0.24
1916;5219.206681;0.21
1916;5219.206681;0.17
1916;5219.206681;0.13
1916;5219.206681;0.08
1916;5219.206681;0.03
1917;5216.48409;-0.02
1917;5216.48409;-0.05
1917;5216.48409;-0.08
1917;5216.48409;-0.09
1917;5216.48409;-0.1
1917;5216.48409;-0.09
1917;5216.48409;-0.09
1917;5216.48409;-0.08
1917;5216.48409;-0.07
1917;5216.48409;-0.07
1917;5216.48409;-0.06
1917;5216.48409;-0.05
1918;5213.764338;-0.03
1918;5213.764338;-0.01
1918;5213.764338;0.01
1918;5213.764338;0.04
1918;5213.764338;0.06
1918;5213.764338;0.08
1918;5213.764338;0.1
1918;5213.764338;0.12
1918;5213.764338;0.13
1918;5213.764338;0.15
1918;5213.764338;0.15
1919;5211.047421;0.15
1919;5211.047421;0.13
1919;5211.047421;0.11
1919;5211.047421;0.07
1919;5211.047421;0.04
1919;5211.047421;0
1919;5211.047421;-0.02
1919;5211.047421;-0.04
1919;5211.047421;-0.06
1919;5211.047421;-0.07
1919;5211.047421;-0.08
1920;5208.333333;-0.09
1920;5208.333333;-0.11
1920;5208.333333;-0.14
1920;5208.333333;-0.16
1920;5208.333333;-0.18
1920;5208.333333;-0.2
1920;5208.333333;-0.21
1920;5208.333333;-0.21
1920;5208.333333;-0.2
1920;5208.333333;-0.18
1920;5208.333333;-0.16
1921;5205.622072;-0.13
1921;5205.622072;-0.11
1921;5205.622072;-0.09
1921;5205.622072;-0.07
1921;5205.622072;-0.06
1921;5205.622072;-0.04
1921;5205.622072;-0.03
1921;5205.622072;-0.01
1921;5205.622072;-0.01
1921;5205.622072;-0.02
1921;5205.622072;-0.04
1921;5205.622072;-0.07
1922;5202.913632;-0.11
1922;5202.913632;-0.16
1922;5202.913632;-0.2
1922;5202.913632;-0.21
1922;5202.913632;-0.21
1922;5202.913632;-0.18
1922;5202.913632;-0.12
1922;5202.913632;-0.06
1922;5202.913632;0.01
1922;5202.913632;0.06
1922;5202.913632;0.09
1923;5200.208008;0.1
1923;5200.208008;0.08
1923;5200.208008;0.06
1923;5200.208008;0.03
1923;5200.208008;0.01
1923;5200.208008;-0.01
1923;5200.208008;-0.02
1923;5200.208008;-0.02
1923;5200.208008;-0.02
1923;5200.208008;-0.02
1923;5200.208008;-0.02
1924;5197.505198;-0.02
1924;5197.505198;-0.01
1924;5197.505198;0
1924;5197.505198;0.01
1924;5197.505198;0.03
1924;5197.505198;0.05
1924;5197.505198;0.06
1924;5197.505198;0.07
1924;5197.505198;0.07
1924;5197.505198;0.07
1924;5197.505198;0.06
1925;5194.805195;0.05
1925;5194.805195;0.04
1925;5194.805195;0.03
1925;5194.805195;0.02
1925;5194.805195;0
1925;5194.805195;-0.01
1925;5194.805195;-0.02
1925;5194.805195;-0.03
1925;5194.805195;-0.03
1925;5194.805195;-0.03
1925;5194.805195;-0.03
1926;5192.107996;-0.02
1926;5192.107996;-0.01
1926;5192.107996;0
1926;5192.107996;0.01
1926;5192.107996;0.02
1926;5192.107996;0.04
1926;5192.107996;0.05
1926;5192.107996;0.06
1926;5192.107996;0.07
1926;5192.107996;0.08
1926;5192.107996;0.09
1926;5192.107996;0.1
1927;5189.413596;0.11
1927;5189.413596;0.12
1927;5189.413596;0.13
1927;5189.413596;0.15
1927;5189.413596;0.16
1927;5189.413596;0.17
1927;5189.413596;0.17
1927;5189.413596;0.16
1927;5189.413596;0.15
1927;5189.413596;0.14
1927;5189.413596;0.12
1928;5186.721992;0.1
1928;5186.721992;0.08
1928;5186.721992;0.06
1928;5186.721992;0.04
1928;5186.721992;0.02
1928;5186.721992;0
1928;5186.721992;-0.02
1928;5186.721992;-0.04
1928;5186.721992;-0.05
1928;5186.721992;-0.06
1928;5186.721992;-0.06
1929;5184.033178;-0.05
1929;5184.033178;-0.03
1929;5184.033178;-0.01
1929;5184.033178;0.02
1929;5184.033178;0.05
1929;5184.033178;0.09
1929;5184.033178;0.12
1929;5184.033178;0.15
1929;5184.033178;0.17
1929;5184.033178;0.17
1929;5184.033178;0.16
1930;5181.34715;0.12
1930;5181.34715;0.07
1930;5181.34715;0.01
1930;5181.34715;-0.05
1930;5181.34715;-0.09
1930;5181.34715;-0.11
1930;5181.34715;-0.11
1930;5181.34715;-0.08
1930;5181.34715;-0.03
1930;5181.34715;0.02
1930;5181.34715;0.07
1931;5178.663905;0.11
1931;5178.663905;0.13
1931;5178.663905;0.13
1931;5178.663905;0.12
1931;5178.663905;0.1
1931;5178.663905;0.09
1931;5178.663905;0.08
1931;5178.663905;0.08
1931;5178.663905;0.09
1931;5178.663905;0.11
1931;5178.663905;0.13
1932;5175.983437;0.14
1932;5175.983437;0.13
1932;5175.983437;0.1
1932;5175.983437;0.06
1932;5175.983437;0
1932;5175.983437;-0.07
1932;5175.983437;-0.13
1932;5175.983437;-0.17
1932;5175.983437;-0.18
1932;5175.983437;-0.15
1932;5175.983437;-0.11
1933;5173.305742;-0.05
1933;5173.305742;0
1933;5173.305742;0.04
1933;5173.305742;0.05
1933;5173.305742;0.03
1933;5173.305742;0
1933;5173.305742;-0.05
1933;5173.305742;-0.09
1933;5173.305742;-0.12
1933;5173.305742;-0.13
1933;5173.305742;-0.13
1933;5173.305742;-0.12
1934;5170.630817;-0.1
1934;5170.630817;-0.08
1934;5170.630817;-0.07
1934;5170.630817;-0.06
1934;5170.630817;-0.05
1934;5170.630817;-0.04
1934;5170.630817;-0.02
1934;5170.630817;0
1934;5170.630817;0.02
1934;5170.630817;0.03
1934;5170.630817;0.03
1935;5167.958656;0.01
1935;5167.958656;-0.01
1935;5167.958656;-0.04
1935;5167.958656;-0.07
1935;5167.958656;-0.09
1935;5167.958656;-0.1
1935;5167.958656;-0.1
1935;5167.958656;-0.09
1935;5167.958656;-0.08
1935;5167.958656;-0.06
1935;5167.958656;-0.04
1936;5165.289256;-0.02
1936;5165.289256;0
1936;5165.289256;0.01
1936;5165.289256;0.02
1936;5165.289256;0.02
1936;5165.289256;0
1936;5165.289256;-0.04
1936;5165.289256;-0.08
1936;5165.289256;-0.13
1936;5165.289256;-0.18
1936;5165.289256;-0.21
1937;5162.622612;-0.22
1937;5162.622612;-0.21
1937;5162.622612;-0.18
1937;5162.622612;-0.14
1937;5162.622612;-0.1
1937;5162.622612;-0.05
1937;5162.622612;-0.01
1937;5162.622612;0.03
1937;5162.622612;0.06
1937;5162.622612;0.08
1937;5162.622612;0.09
1938;5159.95872;0.08
1938;5159.95872;0.07
1938;5159.95872;0.04
1938;5159.95872;0.01
1938;5159.95872;-0.03
1938;5159.95872;-0.07
1938;5159.95872;-0.1
1938;5159.95872;-0.14
1938;5159.95872;-0.16
1938;5159.95872;-0.18
1938;5159.95872;-0.19
1939;5157.297576;-0.18
1939;5157.297576;-0.16
1939;5157.297576;-0.11
1939;5157.297576;-0.06
1939;5157.297576;-0.01
1939;5157.297576;0.04
1939;5157.297576;0.07
1939;5157.297576;0.08
1939;5157.297576;0.08
1939;5157.297576;0.06
1939;5157.297576;0.04
1940;5154.639175;0.01
1940;5154.639175;-0.02
1940;5154.639175;-0.06
1940;5154.639175;-0.1
1940;5154.639175;-0.14
1940;5154.639175;-0.19
1940;5154.639175;-0.23
1940;5154.639175;-0.26
1940;5154.639175;-0.27
1940;5154.639175;-0.27
1940;5154.639175;-0.25
1941;5151.983514;-0.21
1941;5151.983514;-0.18
1941;5151.983514;-0.13
1941;5151.983514;-0.09
1941;5151.983514;-0.04
1941;5151.983514;0.02
1941;5151.983514;0.08
1941;5151.983514;0.14
1941;5151.983514;0.2
1941;5151.983514;0.25
1941;5151.983514;0.27
1942;5149.330587;0.26
1942;5149.330587;0.22
1942;5149.330587;0.17
1942;5149.330587;0.09
1942;5149.330587;0.02
1942;5149.330587;-0.05
1942;5149.330587;-0.1
1942;5149.330587;-0.13
1942;5149.330587;-0.15
1942;5149.330587;-0.16
1942;5149.330587;-0.17
1943;5146.680391;-0.18
1943;5146.680391;-0.21
1943;5146.680391;-0.23
1943;5146.680391;-0.26
1943;5146.680391;-0.27
1943;5146.680391;-0.25
1943;5146.680391;-0.22
1943;5146.680391;-0.16
1943;5146.680391;-0.09
1943;5146.680391;-0.02
1943;5146.680391;0.04
1944;5144.032922;0.08
1944;5144.032922;0.1
1944;5144.032922;0.11
1944;5144.032922;0.1
1944;5144.032922;0.08
1944;5144.032922;0.07
1944;5144.032922;0.05
1944;5144.032922;0.04
1944;5144.032922;0.02
1944;5144.032922;0.01
1944;5144.032922;0.01
1945;5141.388175;0.01
1945;5141.388175;0.01
1945;5141.388175;0.03
1945;5141.388175;0.04
1945;5141.388175;0.04
1945;5141.388175;0.03
1945;5141.388175;0.01
1945;5141.388175;-0.03
1945;5141.388175;-0.08
1945;5141.388175;-0.12
1945;5141.388175;-0.15
1946;5138.746146;-0.17
1946;5138.746146;-0.17
1946;5138.746146;-0.16
1946;5138.746146;-0.13
1946;5138.746146;-0.11
1946;5138.746146;-0.09
1946;5138.746146;-0.07
1946;5138.746146;-0.07
1946;5138.746146;-0.07
1946;5138.746146;-0.08
1946;5138.746146;-0.08
1947;5136.106831;-0.08
1947;5136.106831;-0.07
1947;5136.106831;-0.05
1947;5136.106831;-0.04
1947;5136.106831;-0.01
1947;5136.106831;0.01
1947;5136.106831;0.02
1947;5136.106831;0.03
1947;5136.106831;0.04
1947;5136.106831;0.03
1947;5136.106831;0.02
1948;5133.470226;0
1948;5133.470226;-0.01
1948;5133.470226;-0.03
1948;5133.470226;-0.05
1948;5133.470226;-0.05
1948;5133.470226;-0.05
1948;5133.470226;-0.03
1948;5133.470226;0
1948;5133.470226;0.03
1948;5133.470226;0.08
1948;5133.470226;0.13
1949;5130.836326;0.18
1949;5130.836326;0.22
1949;5130.836326;0.25
1949;5130.836326;0.27
1949;5130.836326;0.28
1949;5130.836326;0.27
1949;5130.836326;0.24
1949;5130.836326;0.2
1949;5130.836326;0.15
1949;5130.836326;0.09
1949;5130.836326;0.05
1950;5128.205128;0.01
1950;5128.205128;-0.01
1950;5128.205128;-0.03
1950;5128.205128;-0.03
1950;5128.205128;-0.03
1950;5128.205128;-0.04
1950;5128.205128;-0.04
1950;5128.205128;-0.05
1950;5128.205128;-0.06
1950;5128.205128;-0.06
1950;5128.205128;-0.05
1951;5125.576627;-0.02
1951;5125.576627;0.01
1951;5125.576627;0.05
1951;5125.576627;0.08
1951;5125.576627;0.1
1951;5125.576627;0.1
1951;5125.576627;0.08
1951;5125.576627;0.04
1951;5125.576627;0
1951;5125.576627;-0.04
1952;5122.95082;-0.06
1952;5122.95082;-0.07
1952;5122.95082;-0.05
1952;5122.95082;-0.02
1952;5122.95082;0.02
1952;5122.95082;0.07
1952;5122.95082;0.1
1952;5122.95082;0.13
1952;5122.95082;0.14
1952;5122.95082;0.14
1952;5122.95082;0.14
1953;5120.327701;0.13
1953;5120.327701;0.12
1953;5120.327701;0.11
1953;5120.327701;0.1
1953;5120.327701;0.09
1953;5120.327701;0.08
1953;5120.327701;0.07
1953;5120.327701;0.07
1953;5120.327701;0.06
1953;5120.327701;0.06
1953;5120.327701;0.07
1954;5117.707267;0.08
1954;5117.707267;0.1
1954;5117.707267;0.11
1954;5117.707267;0.13
1954;5117.707267;0.14
1954;5117.707267;0.14
1954;5117.707267;0.13
1954;5117.707267;0.11
1954;5117.707267;0.08
1954;5117.707267;0.05
1954;5117.707267;0.02
1955;5115.089514;0
1955;5115.089514;-0.02
1955;5115.089514;-0.02
1955;5115.089514;0
1955;5115.089514;0.03
1955;5115.089514;0.06
1955;5115.089514;0.1
1955;5115.089514;0.14
1955;5115.089514;0.16
1955;5115.089514;0.17
1955;5115.089514;0.16
1956;5112.474438;0.14
1956;5112.474438;0.11
1956;5112.474438;0.07
1956;5112.474438;0.03
1956;5112.474438;-0.02
1956;5112.474438;-0.05
1956;5112.474438;-0.07
1956;5112.474438;-0.08
1956;5112.474438;-0.07
1956;5112.474438;-0.04
1956;5112.474438;-0.01
1957;5109.862034;0.01
1957;5109.862034;0.03
1957;5109.862034;0.03
1957;5109.862034;0.02
1957;5109.862034;0
1957;5109.862034;-0.01
1957;5109.862034;-0.02
1957;5109.862034;-0.02
1957;5109.862034;0
1957;5109.862034;0.03
1957;5109.862034;0.06
1958;5107.252298;0.1
1958;5107.252298;0.12
1958;5107.252298;0.12
1958;5107.252298;0.11
1958;5107.252298;0.09
1958;5107.252298;0.05
1958;5107.252298;0.01
1958;5107.252298;-0.03
1958;5107.252298;-0.06
1958;5107.252298;-0.08
1959;5104.645227;-0.1
1959;5104.645227;-0.11
1959;5104.645227;-0.12
1959;5104.645227;-0.13
1959;5104.645227;-0.13
1959;5104.645227;-0.14
1959;5104.645227;-0.14
1959;5104.645227;-0.14
1959;5104.645227;-0.15
1959;5104.645227;-0.14
1959;5104.645227;-0.14
1960;5102.040816;-0.13
1960;5102.040816;-0.12
1960;5102.040816;-0.09
1960;5102.040816;-0.06
1960;5102.040816;-0.01
1960;5102.040816;0.03
1960;5102.040816;0.08
1960;5102.040816;0.11
1960;5102.040816;0.14
1960;5102.040816;0.14
1960;5102.040816;0.13
1961;5099.439062;0.1
1961;5099.439062;0.07
1961;5099.439062;0.04
1961;5099.439062;0.02
1961;5099.439062;0.01
1961;5099.439062;0.01
1961;5099.439062;0.02
1961;5099.439062;0.03
1961;5099.439062;0.05
1961;5099.439062;0.06
1961;5099.439062;0.08
1962;5096.839959;0.09
1962;5096.839959;0.1
1962;5096.839959;0.1
1962;5096.839959;0.1
1962;5096.839959;0.09
1962;5096.839959;0.07
1962;5096.839959;0.05
1962;5096.839959;0.01
1962;5096.839959;-0.02
1962;5096.839959;-0.05
1962;5096.839959;-0.08
1963;5094.243505;-0.11
1963;5094.243505;-0.13
1963;5094.243505;-0.15
1963;5094.243505;-0.17
1963;5094.243505;-0.18
1963;5094.243505;-0.19
1963;5094.243505;-0.18
1963;5094.243505;-0.16
1963;5094.243505;-0.12
1963;5094.243505;-0.07
1964;5091.649695;-0.02
1964;5091.649695;0.04
1964;5091.649695;0.08
1964;5091.649695;0.1
1964;5091.649695;0.11
1964;5091.649695;0.1
1964;5091.649695;0.09
1964;5091.649695;0.07
1964;5091.649695;0.05
1964;5091.649695;0.03
1964;5091.649695;0.03
1965;5089.058524;0.03
1965;5089.058524;0.02
1965;5089.058524;0.02
1965;5089.058524;0.02
1965;5089.058524;0.01
1965;5089.058524;0
1965;5089.058524;-0.01
1965;5089.058524;-0.01
1965;5089.058524;-0.01
1965;5089.058524;0
1965;5089.058524;0.01
1966;5086.46999;0.01
1966;5086.46999;0.02
1966;5086.46999;0.03
1966;5086.46999;0.03
1966;5086.46999;0.04
1966;5086.46999;0.04
1966;5086.46999;0.05
1966;5086.46999;0.06
1966;5086.46999;0.07
1966;5086.46999;0.08
1966;5086.46999;0.1
1967;5083.884087;0.11
1967;5083.884087;0.13
1967;5083.884087;0.14
1967;5083.884087;0.14
1967;5083.884087;0.12
1967;5083.884087;0.1
1967;5083.884087;0.07
1967;5083.884087;0.04
1967;5083.884087;0.01
1967;5083.884087;-0.01
1968;5081.300813;-0.03
1968;5081.300813;-0.04
1968;5081.300813;-0.05
1968;5081.300813;-0.07
1968;5081.300813;-0.08
1968;5081.300813;-0.09
1968;5081.300813;-0.1
1968;5081.300813;-0.1
1968;5081.300813;-0.08
1968;5081.300813;-0.06
1968;5081.300813;-0.04
1969;5078.720163;-0.03
1969;5078.720163;-0.03
1969;5078.720163;-0.05
1969;5078.720163;-0.08
1969;5078.720163;-0.11
1969;5078.720163;-0.13
1969;5078.720163;-0.14
1969;5078.720163;-0.12
1969;5078.720163;-0.1
1969;5078.720163;-0.05
1969;5078.720163;0
1970;5076.142132;0.05
1970;5076.142132;0.1
1970;5076.142132;0.14
1970;5076.142132;0.16
1970;5076.142132;0.17
1970;5076.142132;0.15
1970;5076.142132;0.11
1970;5076.142132;0.07
1970;5076.142132;0.02
1970;5076.142132;-0.02
1971;5073.566717;-0.05
1971;5073.566717;-0.05
1971;5073.566717;-0.04
1971;5073.566717;-0.02
1971;5073.566717;0
1971;5073.566717;0.01
1971;5073.566717;0.01
1971;5073.566717;0
1971;5073.566717;-0.01
1971;5073.566717;-0.02
1971;5073.566717;-0.02
1972;5070.993915;0
1972;5070.993915;0.02
1972;5070.993915;0.05
1972;5070.993915;0.08
1972;5070.993915;0.11
1972;5070.993915;0.13
1972;5070.993915;0.16
1972;5070.993915;0.18
1972;5070.993915;0.19
1972;5070.993915;0.2
1972;5070.993915;0.2
1973;5068.42372;0.18
1973;5068.42372;0.16
1973;5068.42372;0.13
1973;5068.42372;0.09
1973;5068.42372;0.05
1973;5068.42372;0.01
1973;5068.42372;-0.02
1973;5068.42372;-0.04
1973;5068.42372;-0.06
1973;5068.42372;-0.06
1974;5065.85613;-0.05
1974;5065.85613;-0.04
1974;5065.85613;-0.02
1974;5065.85613;0
1974;5065.85613;0.02
1974;5065.85613;0.05
1974;5065.85613;0.07
1974;5065.85613;0.08
1974;5065.85613;0.08
1974;5065.85613;0.07
1974;5065.85613;0.05
1975;5063.291139;0.03
1975;5063.291139;0.02
1975;5063.291139;0.02
1975;5063.291139;0.03
1975;5063.291139;0.06
1975;5063.291139;0.09
1975;5063.291139;0.13
1975;5063.291139;0.16
1975;5063.291139;0.17
1975;5063.291139;0.17
1975;5063.291139;0.16
1976;5060.728745;0.14
1976;5060.728745;0.12
1976;5060.728745;0.1
1976;5060.728745;0.08
1976;5060.728745;0.06
1976;5060.728745;0.04
1976;5060.728745;0.02
1976;5060.728745;-0.01
1976;5060.728745;-0.02
1976;5060.728745;-0.02
1977;5058.168943;0
1977;5058.168943;0.03
1977;5058.168943;0.08
1977;5058.168943;0.12
1977;5058.168943;0.15
1977;5058.168943;0.15
1977;5058.168943;0.14
1977;5058.168943;0.11
1977;5058.168943;0.07
1977;5058.168943;0.03
1977;5058.168943;0
1978;5055.611729;-0.01
1978;5055.611729;-0.02
1978;5055.611729;-0.02
1978;5055.611729;-0.02
1978;5055.611729;-0.01
1978;5055.611729;0.01
1978;5055.611729;0.04
1978;5055.611729;0.06
1978;5055.611729;0.08
1978;5055.611729;0.1
1978;5055.611729;0.1
1979;5053.0571;0.09
1979;5053.0571;0.06
1979;5053.0571;0.03
1979;5053.0571;-0.01
1979;5053.0571;-0.05
1979;5053.0571;-0.08
1979;5053.0571;-0.11
1979;5053.0571;-0.14
1979;5053.0571;-0.15
1979;5053.0571;-0.15
1980;5050.505051;-0.14
1980;5050.505051;-0.12
1980;5050.505051;-0.1
1980;5050.505051;-0.07
1980;5050.505051;-0.05
1980;5050.505051;-0.04
1980;5050.505051;-0.04
1980;5050.505051;-0.05
1980;5050.505051;-0.07
1980;5050.505051;-0.09
1980;5050.505051;-0.1
1981;5047.955578;-0.1
1981;5047.955578;-0.08
1981;5047.955578;-0.06
1981;5047.955578;-0.02
1981;5047.955578;0.03
1981;5047.955578;0.07
1981;5047.955578;0.11
1981;5047.955578;0.13
1981;5047.955578;0.15
1981;5047.955578;0.15
1982;5045.408678;0.14
1982;5045.408678;0.12
1982;5045.408678;0.11
1982;5045.408678;0.11
1982;5045.408678;0.12
1982;5045.408678;0.14
1982;5045.408678;0.15
1982;5045.408678;0.15
1982;5045.408678;0.15
1982;5045.408678;0.13
1982;5045.408678;0.11
1983;5042.864347;0.08
1983;5042.864347;0.06
1983;5042.864347;0.04
1983;5042.864347;0.03
1983;5042.864347;0.03
1983;5042.864347;0.03
1983;5042.864347;0.02
1983;5042.864347;0
1983;5042.864347;-0.02
1983;5042.864347;-0.05
1984;5040.322581;-0.07
1984;5040.322581;-0.08
1984;5040.322581;-0.09
1984;5040.322581;-0.08
1984;5040.322581;-0.07
1984;5040.322581;-0.05
1984;5040.322581;-0.02
1984;5040.322581;0
1984;5040.322581;0.01
1984;5040.322581;0.01
1984;5040.322581;0.01
1985;5037.783375;0
1985;5037.783375;-0.02
1985;5037.783375;-0.03
1985;5037.783375;-0.03
1985;5037.783375;-0.03
1985;5037.783375;-0.01
1985;5037.783375;0.01
1985;5037.783375;0.03
1985;5037.783375;0.06
1985;5037.783375;0.07
1985;5037.783375;0.08
1986;5035.246727;0.08
1986;5035.246727;0.08
1986;5035.246727;0.08
1986;5035.246727;0.08
1986;5035.246727;0.08
1986;5035.246727;0.08
1986;5035.246727;0.08
1986;5035.246727;0.08
1986;5035.246727;0.08
1986;5035.246727;0.08
1987;5032.712632;0.07
1987;5032.712632;0.07
1987;5032.712632;0.06
1987;5032.712632;0.06
1987;5032.712632;0.06
1987;5032.712632;0.06
1987;5032.712632;0.07
1987;5032.712632;0.09
1987;5032.712632;0.11
1987;5032.712632;0.14
1987;5032.712632;0.17
1988;5030.181087;0.2
1988;5030.181087;0.21
1988;5030.181087;0.22
1988;5030.181087;0.21
1988;5030.181087;0.2
1988;5030.181087;0.18
1988;5030.181087;0.17
1988;5030.181087;0.16
1988;5030.181087;0.15
1988;5030.181087;0.15
1989;5027.652086;0.14
1989;5027.652086;0.13
1989;5027.652086;0.12
1989;5027.652086;0.1
1989;5027.652086;0.08
1989;5027.652086;0.07
1989;5027.652086;0.06
1989;5027.652086;0.06
1989;5027.652086;0.07
1989;5027.652086;0.08
1989;5027.652086;0.1
1990;5025.125628;0.12
1990;5025.125628;0.13
1990;5025.125628;0.13
1990;5025.125628;0.12
1990;5025.125628;0.09
1990;5025.125628;0.06
1990;5025.125628;0.02
1990;5025.125628;-0.02
1990;5025.125628;-0.05
1990;5025.125628;-0.07
1991;5022.601708;-0.08
1991;5022.601708;-0.08
1991;5022.601708;-0.07
1991;5022.601708;-0.07
1991;5022.601708;-0.06
1991;5022.601708;-0.06
1991;5022.601708;-0.06
1991;5022.601708;-0.06
1991;5022.601708;-0.07
1991;5022.601708;-0.09
1992;5020.080321;-0.1
1992;5020.080321;-0.1
1992;5020.080321;-0.1
1992;5020.080321;-0.09
1992;5020.080321;-0.06
1992;5020.080321;-0.03
1992;5020.080321;0
1992;5020.080321;0.03
1992;5020.080321;0.05
1992;5020.080321;0.07
1992;5020.080321;0.07
1993;5017.561465;0.08
1993;5017.561465;0.08
1993;5017.561465;0.09
1993;5017.561465;0.1
1993;5017.561465;0.12
1993;5017.561465;0.14
1993;5017.561465;0.15
1993;5017.561465;0.16
1993;5017.561465;0.16
1993;5017.561465;0.15
1994;5015.045135;0.14
1994;5015.045135;0.11
1994;5015.045135;0.09
1994;5015.045135;0.06
1994;5015.045135;0.03
1994;5015.045135;0
1994;5015.045135;-0.01
1994;5015.045135;-0.02
1994;5015.045135;-0.01
1994;5015.045135;0.01
1994;5015.045135;0.04
1995;5012.531328;0.06
1995;5012.531328;0.09
1995;5012.531328;0.1
1995;5012.531328;0.11
1995;5012.531328;0.1
1995;5012.531328;0.09
1995;5012.531328;0.07
1995;5012.531328;0.06
1995;5012.531328;0.05
1995;5012.531328;0.04
1996;5010.02004;0.04
1996;5010.02004;0.05
1996;5010.02004;0.06
1996;5010.02004;0.07
1996;5010.02004;0.07
1996;5010.02004;0.08
1996;5010.02004;0.09
1996;5010.02004;0.08
1996;5010.02004;0.07
1996;5010.02004;0.06
1996;5010.02004;0.03
1997;5007.511267;0
1997;5007.511267;-0.04
1997;5007.511267;-0.07
1997;5007.511267;-0.09
1997;5007.511267;-0.11
1997;5007.511267;-0.12
1997;5007.511267;-0.12
1997;5007.511267;-0.12
1997;5007.511267;-0.13
1997;5007.511267;-0.13
1998;5005.005005;-0.14
1998;5005.005005;-0.15
1998;5005.005005;-0.15
1998;5005.005005;-0.14
1998;5005.005005;-0.12
1998;5005.005005;-0.1
1998;5005.005005;-0.07
1998;5005.005005;-0.05
1998;5005.005005;-0.04
1998;5005.005005;-0.04
1999;5002.501251;-0.04
1999;5002.501251;-0.03
1999;5002.501251;-0.03
1999;5002.501251;-0.02
1999;5002.501251;-0.01
1999;5002.501251;-0.01
1999;5002.501251;-0.01
1999;5002.501251;-0.02
1999;5002.501251;-0.03
1999;5002.501251;-0.05
1999;5002.501251;-0.06
2000;5000;-0.07
2000;5000;-0.07
2000;5000;-0.06
2000;5000;-0.05
2000;5000;-0.04
2000;5000;-0.03
2000;5000;-0.03
2000;5000;-0.03
2000;5000;-0.04
2000;5000;-0.05
2001;4997.501249;-0.06
2001;4997.501249;-0.07
2001;4997.501249;-0.09
2001;4997.501249;-0.11
2001;4997.501249;-0.12
2001;4997.501249;-0.12
2001;4997.501249;-0.11
2001;4997.501249;-0.09
2001;4997.501249;-0.06
2001;4997.501249;-0.03
2001;4997.501249;0
2002;4995.004995;0.03
2002;4995.004995;0.05
2002;4995.004995;0.06
2002;4995.004995;0.05
2002;4995.004995;0.03
2002;4995.004995;0
2002;4995.004995;-0.02
2002;4995.004995;-0.05
2002;4995.004995;-0.06
2002;4995.004995;-0.07
2003;4992.511233;-0.06
2003;4992.511233;-0.05
2003;4992.511233;-0.04
2003;4992.511233;-0.02
2003;4992.511233;0
2003;4992.511233;0.01
2003;4992.511233;0.03
2003;4992.511233;0.04
2003;4992.511233;0.04
2003;4992.511233;0.04
2004;4990.01996;0.04
2004;4990.01996;0.04
2004;4990.01996;0.04
2004;4990.01996;0.04
2004;4990.01996;0.05
2004;4990.01996;0.06
2004;4990.01996;0.07
2004;4990.01996;0.1
2004;4990.01996;0.12
2004;4990.01996;0.15
2004;4990.01996;0.17
2005;4987.531172;0.18
2005;4987.531172;0.18
2005;4987.531172;0.18
2005;4987.531172;0.16
2005;4987.531172;0.15
2005;4987.531172;0.14
2005;4987.531172;0.13
2005;4987.531172;0.11
2005;4987.531172;0.1
2005;4987.531172;0.09
2006;4985.044865;0.06
2006;4985.044865;0.04
2006;4985.044865;0
2006;4985.044865;-0.03
2006;4985.044865;-0.06
2006;4985.044865;-0.08
2006;4985.044865;-0.08
2006;4985.044865;-0.06
2006;4985.044865;-0.04
2006;4985.044865;-0.01
2007;4982.561036;0.02
2007;4982.561036;0.03
2007;4982.561036;0.03
2007;4982.561036;0
2007;4982.561036;-0.03
2007;4982.561036;-0.07
2007;4982.561036;-0.11
2007;4982.561036;-0.12
2007;4982.561036;-0.12
2007;4982.561036;-0.11
2008;4980.079681;-0.09
2008;4980.079681;-0.06
2008;4980.079681;-0.04
2008;4980.079681;-0.02
2008;4980.079681;-0.01
2008;4980.079681;0
2008;4980.079681;0
2008;4980.079681;0.01
2008;4980.079681;0.02
2008;4980.079681;0.02
2008;4980.079681;0.03
2009;4977.600796;0.03
2009;4977.600796;0.03
2009;4977.600796;0.02
2009;4977.600796;0.02
2009;4977.600796;0.02
2009;4977.600796;0.02
2009;4977.600796;0.02
2009;4977.600796;0.02
2009;4977.600796;0.02
2009;4977.600796;0.02
2010;4975.124378;0
2010;4975.124378;-0.01
2010;4975.124378;-0.03
2010;4975.124378;-0.05
2010;4975.124378;-0.06
2010;4975.124378;-0.07
2010;4975.124378;-0.06
2010;4975.124378;-0.05
2010;4975.124378;-0.02
2010;4975.124378;0.01
2011;4972.650423;0.03
2011;4972.650423;0.04
2011;4972.650423;0.04
2011;4972.650423;0.02
2011;4972.650423;-0.01
2011;4972.650423;-0.04
2011;4972.650423;-0.08
2011;4972.650423;-0.12
2011;4972.650423;-0.15
2011;4972.650423;-0.18
2011;4972.650423;-0.2
2012;4970.178926;-0.21
2012;4970.178926;-0.22
2012;4970.178926;-0.22
2012;4970.178926;-0.23
2012;4970.178926;-0.23
2012;4970.178926;-0.22
2012;4970.178926;-0.22
2012;4970.178926;-0.21
2012;4970.178926;-0.19
2012;4970.178926;-0.16
2013;4967.709886;-0.12
2013;4967.709886;-0.06
2013;4967.709886;0
2013;4967.709886;0.06
2013;4967.709886;0.12
2013;4967.709886;0.15
2013;4967.709886;0.17
2013;4967.709886;0.18
2013;4967.709886;0.17
2013;4967.709886;0.16
2014;4965.243297;0.14
2014;4965.243297;0.12
2014;4965.243297;0.1
2014;4965.243297;0.08
2014;4965.243297;0.06
2014;4965.243297;0.04
2014;4965.243297;0.03
2014;4965.243297;0.03
2014;4965.243297;0.04
2014;4965.243297;0.06
2015;4962.779156;0.09
2015;4962.779156;0.12
2015;4962.779156;0.14
2015;4962.779156;0.17
2015;4962.779156;0.18
2015;4962.779156;0.2
2015;4962.779156;0.21
2015;4962.779156;0.22
2015;4962.779156;0.22
2015;4962.779156;0.22
2016;4960.31746;0.21
2016;4960.31746;0.18
2016;4960.31746;0.14
2016;4960.31746;0.09
2016;4960.31746;0.04
2016;4960.31746;-0.02
2016;4960.31746;-0.05
2016;4960.31746;-0.08
2016;4960.31746;-0.08
2016;4960.31746;-0.06
2016;4960.31746;-0.03
2017;4957.858205;0.02
2017;4957.858205;0.06
2017;4957.858205;0.1
2017;4957.858205;0.13
2017;4957.858205;0.13
2017;4957.858205;0.11
2017;4957.858205;0.08
2017;4957.858205;0.04
2017;4957.858205;0
2017;4957.858205;-0.02
2018;4955.401388;-0.03
2018;4955.401388;-0.03
2018;4955.401388;-0.01
2018;4955.401388;0.01
2018;4955.401388;0.02
2018;4955.401388;0.03
2018;4955.401388;0.02
2018;4955.401388;0.01
2018;4955.401388;-0.01
2018;4955.401388;-0.03
2019;4952.947003;-0.05
2019;4952.947003;-0.07
2019;4952.947003;-0.08
2019;4952.947003;-0.09
2019;4952.947003;-0.1
2019;4952.947003;-0.11
2019;4952.947003;-0.11
2019;4952.947003;-0.11
2019;4952.947003;-0.11
2019;4952.947003;-0.09
2020;4950.49505;-0.07
2020;4950.49505;-0.04
2020;4950.49505;-0.02
2020;4950.49505;0.01
2020;4950.49505;0.03
2020;4950.49505;0.04
2020;4950.49505;0.05
2020;4950.49505;0.05
2020;4950.49505;0.05
2020;4950.49505;0.06
2021;4948.045522;0.06
2021;4948.045522;0.05
2021;4948.045522;0.03
2021;4948.045522;0.01
2021;4948.045522;-0.03
2021;4948.045522;-0.07
2021;4948.045522;-0.12
2021;4948.045522;-0.15
2021;4948.045522;-0.16
2021;4948.045522;-0.16
2021;4948.045522;-0.14
2022;4945.598417;-0.12
2022;4945.598417;-0.09
2022;4945.598417;-0.06
2022;4945.598417;-0.04
2022;4945.598417;-0.02
2022;4945.598417;0
2022;4945.598417;0.03
2022;4945.598417;0.06
2022;4945.598417;0.09
2022;4945.598417;0.12
2023;4943.153732;0.14
2023;4943.153732;0.14
2023;4943.153732;0.14
2023;4943.153732;0.12
2023;4943.153732;0.09
2023;4943.153732;0.07
2023;4943.153732;0.05
2023;4943.153732;0.03
2023;4943.153732;0.01
2023;4943.153732;0
2024;4940.711462;-0.02
2024;4940.711462;-0.04
2024;4940.711462;-0.06
2024;4940.711462;-0.07
2024;4940.711462;-0.08
2024;4940.711462;-0.07
2024;4940.711462;-0.05
2024;4940.711462;-0.02
2024;4940.711462;0.01
2024;4940.711462;0.04
2025;4938.271605;0.06
2025;4938.271605;0.07
2025;4938.271605;0.07
2025;4938.271605;0.06
2025;4938.271605;0.03
2025;4938.271605;0.01
2025;4938.271605;-0.02
2025;4938.271605;-0.03
2025;4938.271605;-0.05
2025;4938.271605;-0.06
2026;4935.834156;-0.06
2026;4935.834156;-0.06
2026;4935.834156;-0.06
2026;4935.834156;-0.05
2026;4935.834156;-0.04
2026;4935.834156;-0.03
2026;4935.834156;0
2026;4935.834156;0.02
2026;4935.834156;0.05
2026;4935.834156;0.07
2027;4933.399112;0.08
2027;4933.399112;0.08
2027;4933.399112;0.07
2027;4933.399112;0.04
2027;4933.399112;0.01
2027;4933.399112;-0.01
2027;4933.399112;-0.04
2027;4933.399112;-0.05
2027;4933.399112;-0.06
2027;4933.399112;-0.06
2028;4930.966469;-0.06
2028;4930.966469;-0.05
2028;4930.966469;-0.04
2028;4930.966469;-0.02
2028;4930.966469;-0.01
2028;4930.966469;0
2028;4930.966469;0.02
2028;4930.966469;0.04
2028;4930.966469;0.06
2028;4930.966469;0.07
2029;4928.536225;0.09
2029;4928.536225;0.1
2029;4928.536225;0.11
2029;4928.536225;0.1
2029;4928.536225;0.09
2029;4928.536225;0.08
2029;4928.536225;0.06
2029;4928.536225;0.05
2029;4928.536225;0.04
2029;4928.536225;0.03
2030;4926.108374;0.03
2030;4926.108374;0.04
2030;4926.108374;0.04
2030;4926.108374;0.05
2030;4926.108374;0.04
2030;4926.108374;0.03
2030;4926.108374;0.01
2030;4926.108374;-0.01
2030;4926.108374;-0.02
2030;4926.108374;-0.03
2030;4926.108374;-0.02
2031;4923.682915;0
2031;4923.682915;0.02
2031;4923.682915;0.06
2031;4923.682915;0.09
2031;4923.682915;0.1
2031;4923.682915;0.1
2031;4923.682915;0.09
2031;4923.682915;0.06
2031;4923.682915;0.03
2031;4923.682915;0
2032;4921.259843;-0.03
2032;4921.259843;-0.06
2032;4921.259843;-0.07
2032;4921.259843;-0.08
2032;4921.259843;-0.09
2032;4921.259843;-0.09
2032;4921.259843;-0.09
2032;4921.259843;-0.07
2032;4921.259843;-0.03
2032;4921.259843;0.02
2033;4918.839154;0.08
2033;4918.839154;0.14
2033;4918.839154;0.2
2033;4918.839154;0.24
2033;4918.839154;0.26
2033;4918.839154;0.25
2033;4918.839154;0.22
2033;4918.839154;0.17
2033;4918.839154;0.11
2033;4918.839154;0.05
2034;4916.420846;0
2034;4916.420846;-0.04
2034;4916.420846;-0.07
2034;4916.420846;-0.08
2034;4916.420846;-0.08
2034;4916.420846;-0.07
2034;4916.420846;-0.05
2034;4916.420846;-0.03
2034;4916.420846;-0.01
2034;4916.420846;0.01
2035;4914.004914;0.03
2035;4914.004914;0.04
2035;4914.004914;0.05
2035;4914.004914;0.06
2035;4914.004914;0.07
2035;4914.004914;0.07
2035;4914.004914;0.07
2035;4914.004914;0.07
2035;4914.004914;0.06
2035;4914.004914;0.04
2036;4911.591356;0.03
2036;4911.591356;0.03
2036;4911.591356;0.03
2036;4911.591356;0.05
2036;4911.591356;0.07
2036;4911.591356;0.09
2036;4911.591356;0.1
2036;4911.591356;0.11
2036;4911.591356;0.11
2036;4911.591356;0.1
2037;4909.180167;0.09
2037;4909.180167;0.09
2037;4909.180167;0.1
2037;4909.180167;0.12
2037;4909.180167;0.14
2037;4909.180167;0.15
2037;4909.180167;0.16
2037;4909.180167;0.15
2037;4909.180167;0.13
2037;4909.180167;0.1
2038;4906.771344;0.07
2038;4906.771344;0.03
2038;4906.771344;0
2038;4906.771344;-0.02
2038;4906.771344;-0.04
2038;4906.771344;-0.06
2038;4906.771344;-0.06
2038;4906.771344;-0.07
2038;4906.771344;-0.06
2038;4906.771344;-0.04
2039;4904.364885;-0.02
2039;4904.364885;0
2039;4904.364885;0.02
2039;4904.364885;0.03
2039;4904.364885;0.03
2039;4904.364885;0.02
2039;4904.364885;0
2039;4904.364885;-0.03
2039;4904.364885;-0.05
2039;4904.364885;-0.08
2040;4901.960784;-0.09
2040;4901.960784;-0.11
2040;4901.960784;-0.12
2040;4901.960784;-0.13
2040;4901.960784;-0.14
2040;4901.960784;-0.15
2040;4901.960784;-0.16
2040;4901.960784;-0.16
2040;4901.960784;-0.16
2040;4901.960784;-0.15
2041;4899.55904;-0.14
2041;4899.55904;-0.12
2041;4899.55904;-0.1
2041;4899.55904;-0.07
2041;4899.55904;-0.03
2041;4899.55904;0.02
2041;4899.55904;0.07
2041;4899.55904;0.12
2041;4899.55904;0.16
2041;4899.55904;0.18
2042;4897.159647;0.17
2042;4897.159647;0.15
2042;4897.159647;0.11
2042;4897.159647;0.08
2042;4897.159647;0.05
2042;4897.159647;0.04
2042;4897.159647;0.05
2042;4897.159647;0.07
2042;4897.159647;0.1
2042;4897.159647;0.12
2043;4894.762604;0.13
2043;4894.762604;0.13
2043;4894.762604;0.11
2043;4894.762604;0.08
2043;4894.762604;0.04
2043;4894.762604;0.01
2043;4894.762604;-0.01
2043;4894.762604;-0.03
2043;4894.762604;-0.03
2043;4894.762604;-0.04
2044;4892.367906;-0.03
2044;4892.367906;-0.02
2044;4892.367906;-0.01
2044;4892.367906;0
2044;4892.367906;0
2044;4892.367906;0.01
2044;4892.367906;0
2044;4892.367906;0
2044;4892.367906;-0.02
2045;4889.97555;-0.03
2045;4889.97555;-0.03
2045;4889.97555;-0.03
2045;4889.97555;-0.03
2045;4889.97555;-0.02
2045;4889.97555;0
2045;4889.97555;0.01
2045;4889.97555;0.02
2045;4889.97555;0.03
2045;4889.97555;0.03
2046;4887.585533;0.03
2046;4887.585533;0.03
2046;4887.585533;0.02
2046;4887.585533;0.01
2046;4887.585533;0.01
2046;4887.585533;0
2046;4887.585533;-0.02
2046;4887.585533;-0.03
2046;4887.585533;-0.04
2046;4887.585533;-0.05
2047;4885.197851;-0.05
2047;4885.197851;-0.05
2047;4885.197851;-0.05
2047;4885.197851;-0.03
2047;4885.197851;-0.01
2047;4885.197851;0.01
2047;4885.197851;0.03
2047;4885.197851;0.05
2047;4885.197851;0.07
2047;4885.197851;0.08
2048;4882.8125;0.09
2048;4882.8125;0.09
2048;4882.8125;0.09
2048;4882.8125;0.1
2048;4882.8125;0.1
2048;4882.8125;0.1
2048;4882.8125;0.1
2048;4882.8125;0.1
2048;4882.8125;0.1
2048;4882.8125;0.1
2049;4880.429478;0.1
2049;4880.429478;0.1
2049;4880.429478;0.1
2049;4880.429478;0.1
2049;4880.429478;0.08
2049;4880.429478;0.05
2049;4880.429478;0.02
2049;4880.429478;-0.01
2049;4880.429478;-0.04
2049;4880.429478;-0.05
2050;4878.04878;-0.06
2050;4878.04878;-0.05
2050;4878.04878;-0.04
2050;4878.04878;-0.04
2050;4878.04878;-0.05
2050;4878.04878;-0.06
2050;4878.04878;-0.08
2050;4878.04878;-0.11
2050;4878.04878;-0.12
2050;4878.04878;-0.13
2051;4875.670405;-0.13
2051;4875.670405;-0.11
2051;4875.670405;-0.09
2051;4875.670405;-0.07
2051;4875.670405;-0.05
2051;4875.670405;-0.04
2051;4875.670405;-0.04
2051;4875.670405;-0.04
2051;4875.670405;-0.05
2051;4875.670405;-0.06
2052;4873.294347;-0.07
2052;4873.294347;-0.09
2052;4873.294347;-0.09
2052;4873.294347;-0.09
2052;4873.294347;-0.07
2052;4873.294347;-0.05
2052;4873.294347;-0.01
2052;4873.294347;0.02
2052;4873.294347;0.05
2052;4873.294347;0.07
2053;4870.920604;0.08
2053;4870.920604;0.07
2053;4870.920604;0.07
2053;4870.920604;0.06
2053;4870.920604;0.06
2053;4870.920604;0.06
2053;4870.920604;0.07
2053;4870.920604;0.08
2053;4870.920604;0.1
2054;4868.549172;0.11
2054;4868.549172;0.13
2054;4868.549172;0.14
2054;4868.549172;0.16
2054;4868.549172;0.17
2054;4868.549172;0.17
2054;4868.549172;0.17
2054;4868.549172;0.16
2054;4868.549172;0.14
2054;4868.549172;0.12
2055;4866.180049;0.1
2055;4866.180049;0.09
2055;4866.180049;0.07
2055;4866.180049;0.06
2055;4866.180049;0.05
2055;4866.180049;0.04
2055;4866.180049;0.03
2055;4866.180049;0.02
2055;4866.180049;0.02
2055;4866.180049;0.02
2056;4863.81323;0.02
2056;4863.81323;0.03
2056;4863.81323;0.04
2056;4863.81323;0.05
2056;4863.81323;0.05
2056;4863.81323;0.05
2056;4863.81323;0.05
2056;4863.81323;0.05
2056;4863.81323;0.05
2056;4863.81323;0.06
2057;4861.448712;0.05
2057;4861.448712;0.05
2057;4861.448712;0.03
2057;4861.448712;0.01
2057;4861.448712;-0.03
2057;4861.448712;-0.06
2057;4861.448712;-0.09
2057;4861.448712;-0.11
2057;4861.448712;-0.12
2057;4861.448712;-0.12
2058;4859.086492;-0.11
2058;4859.086492;-0.09
2058;4859.086492;-0.06
2058;4859.086492;-0.04
2058;4859.086492;-0.01
2058;4859.086492;0
2058;4859.086492;0.02
2058;4859.086492;0.03
2058;4859.086492;0.04
2059;4856.726566;0.05
2059;4856.726566;0.07
2059;4856.726566;0.08
2059;4856.726566;0.08
2059;4856.726566;0.08
2059;4856.726566;0.08
2059;4856.726566;0.07
2059;4856.726566;0.05
2059;4856.726566;0.03
2059;4856.726566;0.01
2060;4854.368932;0.01
2060;4854.368932;0.01
2060;4854.368932;0.03
2060;4854.368932;0.06
2060;4854.368932;0.09
2060;4854.368932;0.12
2060;4854.368932;0.14
2060;4854.368932;0.15
2060;4854.368932;0.14
2060;4854.368932;0.13
2061;4852.013586;0.12
2061;4852.013586;0.11
2061;4852.013586;0.09
2061;4852.013586;0.08
2061;4852.013586;0.07
2061;4852.013586;0.05
2061;4852.013586;0.03
2061;4852.013586;-0.01
2061;4852.013586;-0.04
2061;4852.013586;-0.07
2062;4849.660524;-0.09
2062;4849.660524;-0.1
2062;4849.660524;-0.08
2062;4849.660524;-0.04
2062;4849.660524;0.01
2062;4849.660524;0.07
2062;4849.660524;0.12
2062;4849.660524;0.16
2062;4849.660524;0.18
2062;4849.660524;0.18
2063;4847.309743;0.17
2063;4847.309743;0.14
2063;4847.309743;0.11
2063;4847.309743;0.09
2063;4847.309743;0.06
2063;4847.309743;0.03
2063;4847.309743;0.01
2063;4847.309743;-0.01
2063;4847.309743;-0.04
2064;4844.96124;-0.05
2064;4844.96124;-0.06
2064;4844.96124;-0.07
2064;4844.96124;-0.07
2064;4844.96124;-0.07
2064;4844.96124;-0.07
2064;4844.96124;-0.07
2064;4844.96124;-0.07
2064;4844.96124;-0.07
2064;4844.96124;-0.07
2065;4842.615012;-0.07
2065;4842.615012;-0.06
2065;4842.615012;-0.05
2065;4842.615012;-0.05
2065;4842.615012;-0.05
2065;4842.615012;-0.05
2065;4842.615012;-0.06
2065;4842.615012;-0.08
2065;4842.615012;-0.1
2065;4842.615012;-0.11
2066;4840.271055;-0.11
2066;4840.271055;-0.1
2066;4840.271055;-0.08
2066;4840.271055;-0.05
2066;4840.271055;-0.01
2066;4840.271055;0.02
2066;4840.271055;0.05
2066;4840.271055;0.07
2066;4840.271055;0.08
2067;4837.929366;0.08
2067;4837.929366;0.07
2067;4837.929366;0.06
2067;4837.929366;0.05
2067;4837.929366;0.05
2067;4837.929366;0.04
2067;4837.929366;0.04
2067;4837.929366;0.04
2067;4837.929366;0.04
2067;4837.929366;0.04
2068;4835.589942;0.04
2068;4835.589942;0.03
2068;4835.589942;0.02
2068;4835.589942;0
2068;4835.589942;-0.02
2068;4835.589942;-0.05
2068;4835.589942;-0.08
2068;4835.589942;-0.1
2068;4835.589942;-0.11
2068;4835.589942;-0.11
2069;4833.252779;-0.1
2069;4833.252779;-0.08
2069;4833.252779;-0.05
2069;4833.252779;-0.03
2069;4833.252779;-0.01
2069;4833.252779;0
2069;4833.252779;0
2069;4833.252779;0
2069;4833.252779;-0.02
2069;4833.252779;-0.03
2070;4830.917874;-0.05
2070;4830.917874;-0.07
2070;4830.917874;-0.08
2070;4830.917874;-0.08
2070;4830.917874;-0.08
2070;4830.917874;-0.07
2070;4830.917874;-0.06
2070;4830.917874;-0.05
2070;4830.917874;-0.05
2071;4828.585225;-0.05
2071;4828.585225;-0.06
2071;4828.585225;-0.07
2071;4828.585225;-0.07
2071;4828.585225;-0.06
2071;4828.585225;-0.04
2071;4828.585225;-0.01
2071;4828.585225;0.01
2071;4828.585225;0.04
2071;4828.585225;0.05
2072;4826.254826;0.05
2072;4826.254826;0.04
2072;4826.254826;0.03
2072;4826.254826;0.03
2072;4826.254826;0.02
2072;4826.254826;0.02
2072;4826.254826;0.02
2072;4826.254826;0.02
2072;4826.254826;0.01
2072;4826.254826;0
2073;4823.926676;-0.02
2073;4823.926676;-0.04
2073;4823.926676;-0.06
2073;4823.926676;-0.06
2073;4823.926676;-0.05
2073;4823.926676;-0.04
2073;4823.926676;-0.02
2073;4823.926676;0.01
2073;4823.926676;0.04
2074;4821.600771;0.07
2074;4821.600771;0.11
2074;4821.600771;0.14
2074;4821.600771;0.18
2074;4821.600771;0.21
2074;4821.600771;0.23
2074;4821.600771;0.23
2074;4821.600771;0.22
2074;4821.600771;0.19
2074;4821.600771;0.15
2075;4819.277108;0.11
2075;4819.277108;0.06
2075;4819.277108;0.02
2075;4819.277108;-0.01
2075;4819.277108;-0.02
2075;4819.277108;-0.02
2075;4819.277108;-0.01
2075;4819.277108;0.01
2075;4819.277108;0.01
2076;4816.955684;0.01
2076;4816.955684;-0.01
2076;4816.955684;-0.05
2076;4816.955684;-0.09
2076;4816.955684;-0.12
2076;4816.955684;-0.15
2076;4816.955684;-0.16
2076;4816.955684;-0.15
2076;4816.955684;-0.14
2076;4816.955684;-0.11
2077;4814.636495;-0.08
2077;4814.636495;-0.06
2077;4814.636495;-0.04
2077;4814.636495;-0.02
2077;4814.636495;-0.01
2077;4814.636495;0
2077;4814.636495;0.01
2077;4814.636495;0.02
2077;4814.636495;0.02
2077;4814.636495;0.02
2078;4812.319538;0.03
2078;4812.319538;0.04
2078;4812.319538;0.05
2078;4812.319538;0.07
2078;4812.319538;0.1
2078;4812.319538;0.11
2078;4812.319538;0.12
2078;4812.319538;0.12
2078;4812.319538;0.1
2079;4810.00481;0.08
2079;4810.00481;0.06
2079;4810.00481;0.05
2079;4810.00481;0.05
2079;4810.00481;0.07
2079;4810.00481;0.11
2079;4810.00481;0.14
2079;4810.00481;0.16
2079;4810.00481;0.17
2079;4810.00481;0.16
2080;4807.692308;0.14
2080;4807.692308;0.11
2080;4807.692308;0.07
2080;4807.692308;0.05
2080;4807.692308;0.03
2080;4807.692308;0.03
2080;4807.692308;0.05
2080;4807.692308;0.08
2080;4807.692308;0.12
2080;4807.692308;0.16
2081;4805.382028;0.2
2081;4805.382028;0.22
2081;4805.382028;0.24
2081;4805.382028;0.24
2081;4805.382028;0.23
2081;4805.382028;0.22
2081;4805.382028;0.21
2081;4805.382028;0.2
2081;4805.382028;0.19
2082;4803.073967;0.18
2082;4803.073967;0.17
2082;4803.073967;0.16
2082;4803.073967;0.14
2082;4803.073967;0.11
2082;4803.073967;0.07
2082;4803.073967;0.04
2082;4803.073967;0.01
2082;4803.073967;-0.02
2082;4803.073967;-0.03
2083;4800.768123;-0.03
2083;4800.768123;-0.02
2083;4800.768123;-0.02
2083;4800.768123;-0.02
2083;4800.768123;-0.03
2083;4800.768123;-0.04
2083;4800.768123;-0.06
2083;4800.768123;-0.08
2083;4800.768123;-0.1
2084;4798.464491;-0.11
2084;4798.464491;-0.11
2084;4798.464491;-0.11
2084;4798.464491;-0.1
2084;4798.464491;-0.1
2084;4798.464491;-0.09
2084;4798.464491;-0.09
2084;4798.464491;-0.08
2084;4798.464491;-0.07
2084;4798.464491;-0.06
2085;4796.16307;-0.05
2085;4796.16307;-0.03
2085;4796.16307;-0.02
2085;4796.16307;0
2085;4796.16307;0.01
2085;4796.16307;0.02
2085;4796.16307;0.03
2085;4796.16307;0.03
2085;4796.16307;0.04
2086;4793.863854;0.04
2086;4793.863854;0.03
2086;4793.863854;0.03
2086;4793.863854;0.03
2086;4793.863854;0.03
2086;4793.863854;0.03
2086;4793.863854;0.03
2086;4793.863854;0.03
2086;4793.863854;0.01
2086;4793.863854;-0.01
2087;4791.566842;-0.03
2087;4791.566842;-0.05
2087;4791.566842;-0.06
2087;4791.566842;-0.05
2087;4791.566842;-0.02
2087;4791.566842;0.02
2087;4791.566842;0.07
2087;4791.566842;0.12
2087;4791.566842;0.16
2088;4789.272031;0.19
2088;4789.272031;0.19
2088;4789.272031;0.19
2088;4789.272031;0.18
2088;4789.272031;0.17
2088;4789.272031;0.17
2088;4789.272031;0.17
2088;4789.272031;0.17
2088;4789.272031;0.17
2088;4789.272031;0.17
2089;4786.979416;0.17
2089;4786.979416;0.16
2089;4786.979416;0.14
2089;4786.979416;0.12
2089;4786.979416;0.09
2089;4786.979416;0.05
2089;4786.979416;0.02
2089;4786.979416;-0.01
2089;4786.979416;-0.03
2090;4784.688995;-0.04
2090;4784.688995;-0.02
2090;4784.688995;0
2090;4784.688995;0.04
2090;4784.688995;0.07
2090;4784.688995;0.1
2090;4784.688995;0.12
2090;4784.688995;0.13
2090;4784.688995;0.13
2090;4784.688995;0.12
2091;4782.400765;0.1
2091;4782.400765;0.08
2091;4782.400765;0.06
2091;4782.400765;0.03
2091;4782.400765;0.02
2091;4782.400765;0.01
2091;4782.400765;0.01
2091;4782.400765;0.02
2091;4782.400765;0.03
2092;4780.114723;0.05
2092;4780.114723;0.07
2092;4780.114723;0.08
2092;4780.114723;0.07
2092;4780.114723;0.06
2092;4780.114723;0.04
2092;4780.114723;0.02
2092;4780.114723;0
2092;4780.114723;-0.02
2092;4780.114723;-0.02
2093;4777.830865;-0.02
2093;4777.830865;-0.01
2093;4777.830865;0.01
2093;4777.830865;0.02
2093;4777.830865;0.03
2093;4777.830865;0.03
2093;4777.830865;0.02
2093;4777.830865;0.01
2093;4777.830865;0
2094;4775.549188;-0.02
2094;4775.549188;-0.04
2094;4775.549188;-0.05
2094;4775.549188;-0.06
2094;4775.549188;-0.07
2094;4775.549188;-0.07
2094;4775.549188;-0.08
2094;4775.549188;-0.09
2094;4775.549188;-0.1
2094;4775.549188;-0.1
2095;4773.26969;-0.1
2095;4773.26969;-0.09
2095;4773.26969;-0.08
2095;4773.26969;-0.06
2095;4773.26969;-0.03
2095;4773.26969;0
2095;4773.26969;0.03
2095;4773.26969;0.06
2095;4773.26969;0.09
2096;4770.992366;0.11
2096;4770.992366;0.13
2096;4770.992366;0.13
2096;4770.992366;0.11
2096;4770.992366;0.09
2096;4770.992366;0.05
2096;4770.992366;0.02
2096;4770.992366;-0.02
2096;4770.992366;-0.04
2096;4770.992366;-0.06
2097;4768.717215;-0.07
2097;4768.717215;-0.08
2097;4768.717215;-0.09
2097;4768.717215;-0.09
2097;4768.717215;-0.1
2097;4768.717215;-0.1
2097;4768.717215;-0.09
2097;4768.717215;-0.08
2097;4768.717215;-0.06
2098;4766.444233;-0.04
2098;4766.444233;-0.02
2098;4766.444233;-0.01
2098;4766.444233;0
2098;4766.444233;0.01
2098;4766.444233;0.01
2098;4766.444233;0.01
2098;4766.444233;0.02
2098;4766.444233;0.02
2098;4766.444233;0.02
2099;4764.173416;0.02
2099;4764.173416;0.02
2099;4764.173416;0
2099;4764.173416;-0.01
2099;4764.173416;-0.02
2099;4764.173416;-0.03
2099;4764.173416;-0.03
2099;4764.173416;-0.04
2099;4764.173416;-0.05
2100;4761.904762;-0.06
2100;4761.904762;-0.07
2100;4761.904762;-0.09
2100;4761.904762;-0.11
2100;4761.904762;-0.12
2100;4761.904762;-0.11
2100;4761.904762;-0.1
2100;4761.904762;-0.07
2100;4761.904762;-0.04
2101;4759.638267;-0.01
2101;4759.638267;0.03
2101;4759.638267;0.06
2101;4759.638267;0.08
2101;4759.638267;0.1
2101;4759.638267;0.12
2101;4759.638267;0.13
2101;4759.638267;0.13
2101;4759.638267;0.13
2101;4759.638267;0.11
2102;4757.37393;0.08
2102;4757.37393;0.05
2102;4757.37393;0.02
2102;4757.37393;-0.01
2102;4757.37393;-0.02
2102;4757.37393;-0.03
2102;4757.37393;-0.03
2102;4757.37393;-0.02
2102;4757.37393;-0.02
2103;4755.111745;-0.03
2103;4755.111745;-0.04
2103;4755.111745;-0.06
2103;4755.111745;-0.07
2103;4755.111745;-0.08
2103;4755.111745;-0.08
2103;4755.111745;-0.06
2103;4755.111745;-0.03
2103;4755.111745;0.01
2103;4755.111745;0.05
2104;4752.851711;0.09
2104;4752.851711;0.12
2104;4752.851711;0.14
2104;4752.851711;0.15
2104;4752.851711;0.15
2104;4752.851711;0.15
2104;4752.851711;0.14
2104;4752.851711;0.13
2104;4752.851711;0.12
2105;4750.593824;0.11
2105;4750.593824;0.1
2105;4750.593824;0.11
2105;4750.593824;0.11
2105;4750.593824;0.12
2105;4750.593824;0.12
2105;4750.593824;0.11
2105;4750.593824;0.1
2105;4750.593824;0.08
2106;4748.338082;0.06
2106;4748.338082;0.03
2106;4748.338082;0.02
2106;4748.338082;0.01
2106;4748.338082;0.02
2106;4748.338082;0.03
2106;4748.338082;0.06
2106;4748.338082;0.08
2106;4748.338082;0.11
2106;4748.338082;0.12
2107;4746.08448;0.12
2107;4746.08448;0.12
2107;4746.08448;0.11
2107;4746.08448;0.1
2107;4746.08448;0.09
2107;4746.08448;0.1
2107;4746.08448;0.11
2107;4746.08448;0.14
2107;4746.08448;0.17
2108;4743.833017;0.2
2108;4743.833017;0.22
2108;4743.833017;0.24
2108;4743.833017;0.24
2108;4743.833017;0.22
2108;4743.833017;0.2
2108;4743.833017;0.17
2108;4743.833017;0.14
2108;4743.833017;0.11
2109;4741.583689;0.08
2109;4741.583689;0.06
2109;4741.583689;0.03
2109;4741.583689;0.01
2109;4741.583689;0
2109;4741.583689;-0.02
2109;4741.583689;-0.04
2109;4741.583689;-0.05
2109;4741.583689;-0.07
2109;4741.583689;-0.08
2110;4739.336493;-0.08
2110;4739.336493;-0.09
2110;4739.336493;-0.09
2110;4739.336493;-0.08
2110;4739.336493;-0.08
2110;4739.336493;-0.08
2110;4739.336493;-0.08
2110;4739.336493;-0.09
2110;4739.336493;-0.11
2111;4737.091426;-0.13
2111;4737.091426;-0.15
2111;4737.091426;-0.16
2111;4737.091426;-0.16
2111;4737.091426;-0.14
2111;4737.091426;-0.11
2111;4737.091426;-0.08
2111;4737.091426;-0.04
2111;4737.091426;-0.01
2112;4734.848485;0.01
2112;4734.848485;0.01
2112;4734.848485;0.02
2112;4734.848485;0.01
2112;4734.848485;0.02
2112;4734.848485;0.03
2112;4734.848485;0.05
2112;4734.848485;0.07
2112;4734.848485;0.1
2112;4734.848485;0.13
2113;4732.607667;0.15
2113;4732.607667;0.16
2113;4732.607667;0.17
2113;4732.607667;0.17
2113;4732.607667;0.16
2113;4732.607667;0.16
2113;4732.607667;0.15
2113;4732.607667;0.15
2113;4732.607667;0.15
2114;4730.368969;0.14
2114;4730.368969;0.13
2114;4730.368969;0.12
2114;4730.368969;0.1
2114;4730.368969;0.08
2114;4730.368969;0.06
2114;4730.368969;0.05
2114;4730.368969;0.06
2114;4730.368969;0.08
2115;4728.132388;0.12
2115;4728.132388;0.15
2115;4728.132388;0.19
2115;4728.132388;0.21
2115;4728.132388;0.21
2115;4728.132388;0.19
2115;4728.132388;0.16
2115;4728.132388;0.12
2115;4728.132388;0.08
2116;4725.897921;0.04
2116;4725.897921;0.01
2116;4725.897921;-0.02
2116;4725.897921;-0.03
2116;4725.897921;-0.05
2116;4725.897921;-0.06
2116;4725.897921;-0.06
2116;4725.897921;-0.07
2116;4725.897921;-0.07
2116;4725.897921;-0.07
2117;4723.665564;-0.07
2117;4723.665564;-0.06
2117;4723.665564;-0.06
2117;4723.665564;-0.05
2117;4723.665564;-0.05
2117;4723.665564;-0.05
2117;4723.665564;-0.06
2117;4723.665564;-0.07
2117;4723.665564;-0.08
2118;4721.435316;-0.09
2118;4721.435316;-0.09
2118;4721.435316;-0.09
2118;4721.435316;-0.09
2118;4721.435316;-0.09
2118;4721.435316;-0.1
2118;4721.435316;-0.1
2118;4721.435316;-0.1
2118;4721.435316;-0.09
2119;4719.207173;-0.08
2119;4719.207173;-0.07
2119;4719.207173;-0.04
2119;4719.207173;-0.02
2119;4719.207173;0
2119;4719.207173;0.02
2119;4719.207173;0.02
2119;4719.207173;0.01
2119;4719.207173;0.01
2120;4716.981132;0
2120;4716.981132;-0.01
2120;4716.981132;-0.01
2120;4716.981132;-0.01
2120;4716.981132;-0.01
2120;4716.981132;-0.01
2120;4716.981132;-0.02
2120;4716.981132;-0.03
2120;4716.981132;-0.05
2120;4716.981132;-0.06
2121;4714.75719;-0.07
2121;4714.75719;-0.08
2121;4714.75719;-0.09
2121;4714.75719;-0.09
2121;4714.75719;-0.09
2121;4714.75719;-0.1
2121;4714.75719;-0.1
2121;4714.75719;-0.1
2121;4714.75719;-0.09
2122;4712.535344;-0.09
2122;4712.535344;-0.09
2122;4712.535344;-0.09
2122;4712.535344;-0.1
2122;4712.535344;-0.11
2122;4712.535344;-0.13
2122;4712.535344;-0.16
2122;4712.535344;-0.2
2122;4712.535344;-0.23
2123;4710.315591;-0.27
2123;4710.315591;-0.29
2123;4710.315591;-0.29
2123;4710.315591;-0.28
2123;4710.315591;-0.25
2123;4710.315591;-0.2
2123;4710.315591;-0.14
2123;4710.315591;-0.07
2123;4710.315591;-0.01
2124;4708.097928;0.04
2124;4708.097928;0.07
2124;4708.097928;0.09
2124;4708.097928;0.09
2124;4708.097928;0.08
2124;4708.097928;0.06
2124;4708.097928;0.04
2124;4708.097928;0.02
2124;4708.097928;0.01
2125;4705.882353;0
2125;4705.882353;0
2125;4705.882353;-0.01
2125;4705.882353;-0.02
2125;4705.882353;-0.04
2125;4705.882353;-0.06
2125;4705.882353;-0.08
2125;4705.882353;-0.1
2125;4705.882353;-0.11
2125;4705.882353;-0.11
2126;4703.668862;-0.1
2126;4703.668862;-0.06
2126;4703.668862;-0.01
2126;4703.668862;0.05
2126;4703.668862;0.12
2126;4703.668862;0.18
2126;4703.668862;0.22
2126;4703.668862;0.25
2126;4703.668862;0.25
2127;4701.457452;0.24
2127;4701.457452;0.21
2127;4701.457452;0.17
2127;4701.457452;0.12
2127;4701.457452;0.07
2127;4701.457452;0.03
2127;4701.457452;-0.02
2127;4701.457452;-0.07
2127;4701.457452;-0.11
2128;4699.24812;-0.15
2128;4699.24812;-0.18
2128;4699.24812;-0.2
2128;4699.24812;-0.21
2128;4699.24812;-0.2
2128;4699.24812;-0.18
2128;4699.24812;-0.14
2128;4699.24812;-0.1
2128;4699.24812;-0.05
2129;4697.040864;-0.01
2129;4697.040864;0.02
2129;4697.040864;0.04
2129;4697.040864;0.05
2129;4697.040864;0.05
2129;4697.040864;0.05
2129;4697.040864;0.04
2129;4697.040864;0.04
2129;4697.040864;0.03
2130;4694.835681;0.02
2130;4694.835681;0
2130;4694.835681;-0.01
2130;4694.835681;-0.01
2130;4694.835681;-0.02
2130;4694.835681;-0.01
2130;4694.835681;0
2130;4694.835681;0.01
2130;4694.835681;0.03
2131;4692.632567;0.03
2131;4692.632567;0.04
2131;4692.632567;0.03
2131;4692.632567;0.02
2131;4692.632567;0.01
2131;4692.632567;0
2131;4692.632567;-0.01
2131;4692.632567;-0.01
2131;4692.632567;-0.01
2131;4692.632567;-0.01
2132;4690.43152;0
2132;4690.43152;0.01
2132;4690.43152;0.03
2132;4690.43152;0.03
2132;4690.43152;0.04
2132;4690.43152;0.03
2132;4690.43152;0.01
2132;4690.43152;-0.01
2132;4690.43152;-0.04
2133;4688.232536;-0.06
2133;4688.232536;-0.07
2133;4688.232536;-0.08
2133;4688.232536;-0.06
2133;4688.232536;-0.04
2133;4688.232536;-0.02
2133;4688.232536;0
2133;4688.232536;0.02
2133;4688.232536;0.04
2134;4686.035614;0.07
2134;4686.035614;0.09
2134;4686.035614;0.11
2134;4686.035614;0.14
2134;4686.035614;0.16
2134;4686.035614;0.16
2134;4686.035614;0.15
2134;4686.035614;0.13
2134;4686.035614;0.09
2135;4683.840749;0.05
2135;4683.840749;0.01
2135;4683.840749;-0.01
2135;4683.840749;-0.03
2135;4683.840749;-0.03
2135;4683.840749;-0.03
2135;4683.840749;-0.03
2135;4683.840749;-0.04
2135;4683.840749;-0.06
2136;4681.64794;-0.07
2136;4681.64794;-0.09
2136;4681.64794;-0.11
2136;4681.64794;-0.11
2136;4681.64794;-0.1
2136;4681.64794;-0.09
2136;4681.64794;-0.07
2136;4681.64794;-0.06
2136;4681.64794;-0.05
2137;4679.457183;-0.05
2137;4679.457183;-0.05
2137;4679.457183;-0.06
2137;4679.457183;-0.06
2137;4679.457183;-0.05
2137;4679.457183;-0.04
2137;4679.457183;-0.02
2137;4679.457183;0.01
2137;4679.457183;0.04
2138;4677.268475;0.07
2138;4677.268475;0.1
2138;4677.268475;0.13
2138;4677.268475;0.15
2138;4677.268475;0.17
2138;4677.268475;0.18
2138;4677.268475;0.19
2138;4677.268475;0.2
2138;4677.268475;0.21
2139;4675.081814;0.22
2139;4675.081814;0.24
2139;4675.081814;0.25
2139;4675.081814;0.25
2139;4675.081814;0.25
2139;4675.081814;0.24
2139;4675.081814;0.23
2139;4675.081814;0.2
2139;4675.081814;0.18
2140;4672.897196;0.15
2140;4672.897196;0.12
2140;4672.897196;0.09
2140;4672.897196;0.07
2140;4672.897196;0.06
2140;4672.897196;0.07
2140;4672.897196;0.08
2140;4672.897196;0.1
2140;4672.897196;0.13
2141;4670.714619;0.16
2141;4670.714619;0.19
2141;4670.714619;0.21
2141;4670.714619;0.22
2141;4670.714619;0.23
2141;4670.714619;0.22
2141;4670.714619;0.2
2141;4670.714619;0.18
2141;4670.714619;0.16
2142;4668.53408;0.14
2142;4668.53408;0.13
2142;4668.53408;0.11
2142;4668.53408;0.09
2142;4668.53408;0.06
2142;4668.53408;0.03
2142;4668.53408;0
2142;4668.53408;-0.02
2142;4668.53408;-0.04
2142;4668.53408;-0.04
2143;4666.355576;-0.03
2143;4666.355576;0
2143;4666.355576;0.03
2143;4666.355576;0.06
2143;4666.355576;0.09
2143;4666.355576;0.11
2143;4666.355576;0.12
2143;4666.355576;0.13
2143;4666.355576;0.13
2144;4664.179104;0.13
2144;4664.179104;0.14
2144;4664.179104;0.15
2144;4664.179104;0.16
2144;4664.179104;0.17
2144;4664.179104;0.17
2144;4664.179104;0.17
2144;4664.179104;0.15
2144;4664.179104;0.14
2145;4662.004662;0.12
2145;4662.004662;0.11
2145;4662.004662;0.11
2145;4662.004662;0.12
2145;4662.004662;0.14
2145;4662.004662;0.15
2145;4662.004662;0.15
2145;4662.004662;0.13
2145;4662.004662;0.1
2146;4659.832246;0.06
2146;4659.832246;0
2146;4659.832246;-0.05
2146;4659.832246;-0.09
2146;4659.832246;-0.11
2146;4659.832246;-0.11
2146;4659.832246;-0.1
2146;4659.832246;-0.06
2146;4659.832246;-0.02
2147;4657.661854;0.02
2147;4657.661854;0.06
2147;4657.661854;0.1
2147;4657.661854;0.11
2147;4657.661854;0.12
2147;4657.661854;0.11
2147;4657.661854;0.09
2147;4657.661854;0.07
2147;4657.661854;0.06
2148;4655.493482;0.05
2148;4655.493482;0.06
2148;4655.493482;0.09
2148;4655.493482;0.13
2148;4655.493482;0.18
2148;4655.493482;0.22
2148;4655.493482;0.26
2148;4655.493482;0.27
2148;4655.493482;0.28
2149;4653.327129;0.27
2149;4653.327129;0.25
2149;4653.327129;0.23
2149;4653.327129;0.21
2149;4653.327129;0.2
2149;4653.327129;0.19
2149;4653.327129;0.18
2149;4653.327129;0.16
2149;4653.327129;0.14
2150;4651.162791;0.12
2150;4651.162791;0.1
2150;4651.162791;0.07
2150;4651.162791;0.06
2150;4651.162791;0.04
2150;4651.162791;0.03
2150;4651.162791;0.01
2150;4651.162791;0
2150;4651.162791;-0.02
2151;4649.000465;-0.03
2151;4649.000465;-0.04
2151;4649.000465;-0.03
2151;4649.000465;-0.01
2151;4649.000465;0.02
2151;4649.000465;0.05
2151;4649.000465;0.09
2151;4649.000465;0.12
2151;4649.000465;0.13
2152;4646.840149;0.13
2152;4646.840149;0.12
2152;4646.840149;0.1
2152;4646.840149;0.07
2152;4646.840149;0.05
2152;4646.840149;0.02
2152;4646.840149;-0.01
2152;4646.840149;-0.03
2153;4644.681839;-0.06
2153;4644.681839;-0.08
2153;4644.681839;-0.11
2153;4644.681839;-0.12
2153;4644.681839;-0.13
2153;4644.681839;-0.12
2153;4644.681839;-0.09
2153;4644.681839;-0.06
2153;4644.681839;-0.01
2154;4642.525534;0.03
2154;4642.525534;0.06
2154;4642.525534;0.09
2154;4642.525534;0.11
2154;4642.525534;0.11
2154;4642.525534;0.11
2154;4642.525534;0.12
2154;4642.525534;0.12
2154;4642.525534;0.12
2155;4640.37123;0.13
2155;4640.37123;0.13
2155;4640.37123;0.12
2155;4640.37123;0.11
2155;4640.37123;0.09
2155;4640.37123;0.07
2155;4640.37123;0.05
2155;4640.37123;0.04
2155;4640.37123;0.03
2156;4638.218924;0.04
2156;4638.218924;0.06
2156;4638.218924;0.09
2156;4638.218924;0.12
2156;4638.218924;0.14
2156;4638.218924;0.14
2156;4638.218924;0.13
2156;4638.218924;0.12
2156;4638.218924;0.09
2157;4636.068614;0.06
2157;4636.068614;0.04
2157;4636.068614;0.03
2157;4636.068614;0.02
2157;4636.068614;0.03
2157;4636.068614;0.03
2157;4636.068614;0.04
2157;4636.068614;0.04
2157;4636.068614;0.04
2158;4633.920297;0.03
2158;4633.920297;0.03
2158;4633.920297;0.03
2158;4633.920297;0.03
2158;4633.920297;0.04
2158;4633.920297;0.05
2158;4633.920297;0.06
2158;4633.920297;0.07
2158;4633.920297;0.08
2159;4631.773969;0.08
2159;4631.773969;0.08
2159;4631.773969;0.09
2159;4631.773969;0.1
2159;4631.773969;0.1
2159;4631.773969;0.11
2159;4631.773969;0.11
2159;4631.773969;0.12
2159;4631.773969;0.12
2160;4629.62963;0.13
2160;4629.62963;0.13
2160;4629.62963;0.13
2160;4629.62963;0.13
2160;4629.62963;0.13
2160;4629.62963;0.11
2160;4629.62963;0.08
2160;4629.62963;0.04
2160;4629.62963;0
2161;4627.487274;-0.04
2161;4627.487274;-0.08
2161;4627.487274;-0.1
2161;4627.487274;-0.11
2161;4627.487274;-0.12
2161;4627.487274;-0.11
2161;4627.487274;-0.1
2161;4627.487274;-0.1
2161;4627.487274;-0.09
2162;4625.346901;-0.09
2162;4625.346901;-0.09
2162;4625.346901;-0.09
2162;4625.346901;-0.1
2162;4625.346901;-0.1
2162;4625.346901;-0.1
2162;4625.346901;-0.08
2162;4625.346901;-0.05
2162;4625.346901;-0.01
2163;4623.208507;0.04
2163;4623.208507;0.09
2163;4623.208507;0.14
2163;4623.208507;0.18
2163;4623.208507;0.19
2163;4623.208507;0.17
2163;4623.208507;0.14
2163;4623.208507;0.09
2164;4621.072089;0.03
2164;4621.072089;-0.02
2164;4621.072089;-0.06
2164;4621.072089;-0.09
2164;4621.072089;-0.1
2164;4621.072089;-0.1
2164;4621.072089;-0.1
2164;4621.072089;-0.09
2164;4621.072089;-0.08
2165;4618.937644;-0.07
2165;4618.937644;-0.06
2165;4618.937644;-0.06
2165;4618.937644;-0.06
2165;4618.937644;-0.06
2165;4618.937644;-0.06
2165;4618.937644;-0.06
2165;4618.937644;-0.06
2165;4618.937644;-0.05
2166;4616.805171;-0.03
2166;4616.805171;-0.01
2166;4616.805171;0.01
2166;4616.805171;0.04
2166;4616.805171;0.06
2166;4616.805171;0.08
2166;4616.805171;0.1
2166;4616.805171;0.11
2166;4616.805171;0.11
2167;4614.674665;0.12
2167;4614.674665;0.13
2167;4614.674665;0.14
2167;4614.674665;0.17
2167;4614.674665;0.2
2167;4614.674665;0.23
2167;4614.674665;0.26
2167;4614.674665;0.28
2167;4614.674665;0.28
2168;4612.546125;0.26
2168;4612.546125;0.22
2168;4612.546125;0.15
2168;4612.546125;0.08
2168;4612.546125;0
2168;4612.546125;-0.06
2168;4612.546125;-0.1
2168;4612.546125;-0.13
2168;4612.546125;-0.12
2169;4610.419548;-0.11
2169;4610.419548;-0.08
2169;4610.419548;-0.05
2169;4610.419548;-0.02
2169;4610.419548;0
2169;4610.419548;0
2169;4610.419548;0
2169;4610.419548;-0.01
2170;4608.294931;-0.03
2170;4608.294931;-0.05
2170;4608.294931;-0.08
2170;4608.294931;-0.1
2170;4608.294931;-0.12
2170;4608.294931;-0.13
2170;4608.294931;-0.14
2170;4608.294931;-0.13
2170;4608.294931;-0.11
2171;4606.172271;-0.09
2171;4606.172271;-0.07
2171;4606.172271;-0.05
2171;4606.172271;-0.04
2171;4606.172271;-0.02
2171;4606.172271;-0.01
2171;4606.172271;0
2171;4606.172271;0.01
2171;4606.172271;0.02
2172;4604.051565;0.04
2172;4604.051565;0.05
2172;4604.051565;0.07
2172;4604.051565;0.08
2172;4604.051565;0.09
2172;4604.051565;0.09
2172;4604.051565;0.08
2172;4604.051565;0.07
2172;4604.051565;0.06
2173;4601.932812;0.05
2173;4601.932812;0.04
2173;4601.932812;0.04
2173;4601.932812;0.05
2173;4601.932812;0.06
2173;4601.932812;0.07
2173;4601.932812;0.08
2173;4601.932812;0.08
2173;4601.932812;0.07
2174;4599.816007;0.06
2174;4599.816007;0.04
2174;4599.816007;0.02
2174;4599.816007;0
2174;4599.816007;-0.02
2174;4599.816007;-0.03
2174;4599.816007;-0.03
2174;4599.816007;-0.02
2175;4597.701149;-0.01
2175;4597.701149;0.01
2175;4597.701149;0.02
2175;4597.701149;0.03
2175;4597.701149;0.03
2175;4597.701149;0.02
2175;4597.701149;0.01
2175;4597.701149;0.01
2175;4597.701149;0.01
2176;4595.588235;0.02
2176;4595.588235;0.04
2176;4595.588235;0.06
2176;4595.588235;0.07
2176;4595.588235;0.06
2176;4595.588235;0.05
2176;4595.588235;0.02
2176;4595.588235;-0.01
2176;4595.588235;-0.03
2177;4593.477262;-0.04
2177;4593.477262;-0.05
2177;4593.477262;-0.04
2177;4593.477262;-0.03
2177;4593.477262;-0.02
2177;4593.477262;-0.02
2177;4593.477262;-0.03
2177;4593.477262;-0.04
2177;4593.477262;-0.06
2178;4591.368228;-0.08
2178;4591.368228;-0.09
2178;4591.368228;-0.1
2178;4591.368228;-0.11
2178;4591.368228;-0.11
2178;4591.368228;-0.12
2178;4591.368228;-0.12
2178;4591.368228;-0.12
2179;4589.261129;-0.11
2179;4589.261129;-0.1
2179;4589.261129;-0.09
2179;4589.261129;-0.08
2179;4589.261129;-0.07
2179;4589.261129;-0.07
2179;4589.261129;-0.07
2179;4589.261129;-0.07
2179;4589.261129;-0.07
2180;4587.155963;-0.07
2180;4587.155963;-0.07
2180;4587.155963;-0.06
2180;4587.155963;-0.04
2180;4587.155963;-0.02
2180;4587.155963;0
2180;4587.155963;0.01
2180;4587.155963;0.01
2180;4587.155963;0
2181;4585.052728;-0.02
2181;4585.052728;-0.04
2181;4585.052728;-0.05
2181;4585.052728;-0.06
2181;4585.052728;-0.05
2181;4585.052728;-0.03
2181;4585.052728;0
2181;4585.052728;0.03
2181;4585.052728;0.05
2182;4582.951421;0.07
2182;4582.951421;0.09
2182;4582.951421;0.1
2182;4582.951421;0.11
2182;4582.951421;0.11
2182;4582.951421;0.11
2182;4582.951421;0.11
2182;4582.951421;0.11
2183;4580.852038;0.11
2183;4580.852038;0.1
2183;4580.852038;0.09
2183;4580.852038;0.08
2183;4580.852038;0.07
2183;4580.852038;0.07
2183;4580.852038;0.06
2183;4580.852038;0.06
2183;4580.852038;0.06
2184;4578.754579;0.06
2184;4578.754579;0.06
2184;4578.754579;0.05
2184;4578.754579;0.05
2184;4578.754579;0.05
2184;4578.754579;0.05
2184;4578.754579;0.05
2184;4578.754579;0.04
2184;4578.754579;0.02
2185;4576.659039;0
2185;4576.659039;-0.01
2185;4576.659039;-0.03
2185;4576.659039;-0.03
2185;4576.659039;-0.03
2185;4576.659039;-0.02
2185;4576.659039;-0.01
2185;4576.659039;0
2186;4574.565416;0.01
2186;4574.565416;0.02
2186;4574.565416;0.02
2186;4574.565416;0.02
2186;4574.565416;0.01
2186;4574.565416;0
2186;4574.565416;0
2186;4574.565416;-0.01
2186;4574.565416;-0.02
2187;4572.473708;-0.04
2187;4572.473708;-0.04
2187;4572.473708;-0.05
2187;4572.473708;-0.06
2187;4572.473708;-0.06
2187;4572.473708;-0.07
2187;4572.473708;-0.09
2187;4572.473708;-0.1
2187;4572.473708;-0.12
2188;4570.383912;-0.13
2188;4570.383912;-0.14
2188;4570.383912;-0.13
2188;4570.383912;-0.12
2188;4570.383912;-0.1
2188;4570.383912;-0.07
2188;4570.383912;-0.03
2188;4570.383912;0.01
2189;4568.296026;0.06
2189;4568.296026;0.11
2189;4568.296026;0.15
2189;4568.296026;0.2
2189;4568.296026;0.23
2189;4568.296026;0.24
2189;4568.296026;0.25
2189;4568.296026;0.25
2189;4568.296026;0.24
2190;4566.210046;0.22
2190;4566.210046;0.21
2190;4566.210046;0.2
2190;4566.210046;0.19
2190;4566.210046;0.18
2190;4566.210046;0.15
2190;4566.210046;0.13
2190;4566.210046;0.09
2190;4566.210046;0.06
2191;4564.12597;0.03
2191;4564.12597;0
2191;4564.12597;-0.02
2191;4564.12597;-0.02
2191;4564.12597;-0.01
2191;4564.12597;0
2191;4564.12597;0.02
2191;4564.12597;0.05
2192;4562.043796;0.08
2192;4562.043796;0.1
2192;4562.043796;0.13
2192;4562.043796;0.14
2192;4562.043796;0.14
2192;4562.043796;0.12
2192;4562.043796;0.09
2192;4562.043796;0.05
2192;4562.043796;-0.01
2193;4559.96352;-0.06
2193;4559.96352;-0.11
2193;4559.96352;-0.15
2193;4559.96352;-0.17
2193;4559.96352;-0.17
2193;4559.96352;-0.15
2193;4559.96352;-0.12
2193;4559.96352;-0.09
2193;4559.96352;-0.05
2194;4557.885141;-0.02
2194;4557.885141;0
2194;4557.885141;0.02
2194;4557.885141;0.02
2194;4557.885141;0.03
2194;4557.885141;0.04
2194;4557.885141;0.05
2194;4557.885141;0.05
2195;4555.808656;0.06
2195;4555.808656;0.07
2195;4555.808656;0.07
2195;4555.808656;0.06
2195;4555.808656;0.06
2195;4555.808656;0.06
2195;4555.808656;0.05
2195;4555.808656;0.05
2195;4555.808656;0.04
2196;4553.734062;0.03
2196;4553.734062;0.02
2196;4553.734062;0.01
2196;4553.734062;0.01
2196;4553.734062;0.01
2196;4553.734062;0.02
2196;4553.734062;0.03
2196;4553.734062;0.03
2196;4553.734062;0.03
2197;4551.661356;0.02
2197;4551.661356;0
2197;4551.661356;-0.02
2197;4551.661356;-0.04
2197;4551.661356;-0.05
2197;4551.661356;-0.06
2197;4551.661356;-0.05
2197;4551.661356;-0.05
2198;4549.590537;-0.03
2198;4549.590537;-0.02
2198;4549.590537;-0.02
2198;4549.590537;-0.01
2198;4549.590537;-0.01
2198;4549.590537;-0.02
2198;4549.590537;-0.02
2198;4549.590537;-0.02
2198;4549.590537;-0.02
2199;4547.521601;-0.01
2199;4547.521601;-0.01
2199;4547.521601;-0.01
2199;4547.521601;0
2199;4547.521601;0
2199;4547.521601;0
2199;4547.521601;-0.01
2199;4547.521601;-0.01
2200;4545.454545;-0.01
2200;4545.454545;0
2200;4545.454545;0.02
2200;4545.454545;0.04
2200;4545.454545;0.06
2200;4545.454545;0.07
2200;4545.454545;0.07
2200;4545.454545;0.06
2200;4545.454545;0.03
2201;4543.389368;0
2201;4543.389368;-0.03
2201;4543.389368;-0.06
2201;4543.389368;-0.08
2201;4543.389368;-0.09
2201;4543.389368;-0.09
2201;4543.389368;-0.09
2201;4543.389368;-0.08
2202;4541.326067;-0.06
2202;4541.326067;-0.05
2202;4541.326067;-0.03
2202;4541.326067;-0.01
2202;4541.326067;0.01
2202;4541.326067;0.04
2202;4541.326067;0.05
2202;4541.326067;0.06
2202;4541.326067;0.07
2203;4539.264639;0.07
2203;4539.264639;0.07
2203;4539.264639;0.07
2203;4539.264639;0.07
2203;4539.264639;0.07
2203;4539.264639;0.08
2203;4539.264639;0.08
2203;4539.264639;0.09
2203;4539.264639;0.09
2204;4537.205082;0.1
2204;4537.205082;0.11
2204;4537.205082;0.12
2204;4537.205082;0.13
2204;4537.205082;0.12
2204;4537.205082;0.1
2204;4537.205082;0.07
2204;4537.205082;0.03
2205;4535.147392;-0.01
2205;4535.147392;-0.04
2205;4535.147392;-0.06
2205;4535.147392;-0.07
2205;4535.147392;-0.07
2205;4535.147392;-0.06
2205;4535.147392;-0.05
2205;4535.147392;-0.05
2205;4535.147392;-0.05
2206;4533.091568;-0.06
2206;4533.091568;-0.09
2206;4533.091568;-0.11
2206;4533.091568;-0.14
2206;4533.091568;-0.17
2206;4533.091568;-0.19
2206;4533.091568;-0.2
2206;4533.091568;-0.2
2207;4531.037608;-0.18
2207;4531.037608;-0.16
2207;4531.037608;-0.13
2207;4531.037608;-0.1
2207;4531.037608;-0.08
2207;4531.037608;-0.07
2207;4531.037608;-0.06
2207;4531.037608;-0.06
2207;4531.037608;-0.06
2208;4528.985507;-0.05
2208;4528.985507;-0.03
2208;4528.985507;-0.01
2208;4528.985507;0.02
2208;4528.985507;0.04
2208;4528.985507;0.05
2208;4528.985507;0.06
2208;4528.985507;0.05
2209;4526.935265;0.02
2209;4526.935265;-0.01
2209;4526.935265;-0.04
2209;4526.935265;-0.08
2209;4526.935265;-0.11
2209;4526.935265;-0.13
2209;4526.935265;-0.14
2209;4526.935265;-0.14
2209;4526.935265;-0.13
2210;4524.886878;-0.11
2210;4524.886878;-0.1
2210;4524.886878;-0.08
2210;4524.886878;-0.07
2210;4524.886878;-0.06
2210;4524.886878;-0.05
2210;4524.886878;-0.04
2210;4524.886878;-0.03
2211;4522.840344;0
2211;4522.840344;0.02
2211;4522.840344;0.04
2211;4522.840344;0.06
2211;4522.840344;0.06
2211;4522.840344;0.06
2211;4522.840344;0.05
2211;4522.840344;0.03
2211;4522.840344;0.02
2212;4520.79566;0.01
2212;4520.79566;0
2212;4520.79566;0
2212;4520.79566;0.01
2212;4520.79566;0.01
2212;4520.79566;0.02
2212;4520.79566;0.02
2212;4520.79566;0.02
2213;4518.752824;0.02
2213;4518.752824;0.01
2213;4518.752824;0.01
2213;4518.752824;0.01
2213;4518.752824;0.01
2213;4518.752824;0.01
2213;4518.752824;0.02
2213;4518.752824;0.03
2213;4518.752824;0.03
2214;4516.711834;0.03
2214;4516.711834;0.02
2214;4516.711834;0.01
2214;4516.711834;0.01
2214;4516.711834;0.01
2214;4516.711834;0.02
2214;4516.711834;0.04
2214;4516.711834;0.07
2215;4514.672686;0.1
2215;4514.672686;0.12
2215;4514.672686;0.15
2215;4514.672686;0.16
2215;4514.672686;0.18
2215;4514.672686;0.18
2215;4514.672686;0.18
2215;4514.672686;0.18
2216;4512.635379;0.17
2216;4512.635379;0.15
2216;4512.635379;0.13
2216;4512.635379;0.11
2216;4512.635379;0.08
2216;4512.635379;0.06
2216;4512.635379;0.05
2216;4512.635379;0.04
2216;4512.635379;0.04
2217;4510.59991;0.04
2217;4510.59991;0.05
2217;4510.59991;0.06
2217;4510.59991;0.08
2217;4510.59991;0.1
2217;4510.59991;0.12
2217;4510.59991;0.14
2217;4510.59991;0.15
2218;4508.566276;0.14
2218;4508.566276;0.12
2218;4508.566276;0.09
2218;4508.566276;0.07
2218;4508.566276;0.05
2218;4508.566276;0.03
2218;4508.566276;0.03
2218;4508.566276;0.04
2218;4508.566276;0.05
2219;4506.534475;0.05
2219;4506.534475;0.04
2219;4506.534475;0.03
2219;4506.534475;0.01
2219;4506.534475;0
2219;4506.534475;-0.01
2219;4506.534475;-0.02
2219;4506.534475;-0.02
2220;4504.504505;-0.02
2220;4504.504505;-0.03
2220;4504.504505;-0.04
2220;4504.504505;-0.06
2220;4504.504505;-0.08
2220;4504.504505;-0.09
2220;4504.504505;-0.09
2220;4504.504505;-0.08
2220;4504.504505;-0.07
2221;4502.476362;-0.05
2221;4502.476362;-0.05
2221;4502.476362;-0.05
2221;4502.476362;-0.06
2221;4502.476362;-0.08
2221;4502.476362;-0.11
2221;4502.476362;-0.14
2221;4502.476362;-0.16
2222;4500.450045;-0.18
2222;4500.450045;-0.19
2222;4500.450045;-0.2
2222;4500.450045;-0.2
2222;4500.450045;-0.19
2222;4500.450045;-0.17
2222;4500.450045;-0.14
2222;4500.450045;-0.09
2223;4498.425551;-0.04
2223;4498.425551;0.02
2223;4498.425551;0.07
2223;4498.425551;0.11
2223;4498.425551;0.13
2223;4498.425551;0.13
2223;4498.425551;0.11
2223;4498.425551;0.09
2223;4498.425551;0.05
2224;4496.402878;0.02
2224;4496.402878;-0.01
2224;4496.402878;-0.03
2224;4496.402878;-0.05
2224;4496.402878;-0.06
2224;4496.402878;-0.07
2224;4496.402878;-0.07
2224;4496.402878;-0.07
2225;4494.382022;-0.06
2225;4494.382022;-0.06
2225;4494.382022;-0.06
2225;4494.382022;-0.06
2225;4494.382022;-0.08
2225;4494.382022;-0.1
2225;4494.382022;-0.13
2225;4494.382022;-0.16
2225;4494.382022;-0.19
2226;4492.362983;-0.21
2226;4492.362983;-0.21
2226;4492.362983;-0.19
2226;4492.362983;-0.15
2226;4492.362983;-0.11
2226;4492.362983;-0.06
2226;4492.362983;-0.02
2226;4492.362983;0.02
2227;4490.345757;0.06
2227;4490.345757;0.08
2227;4490.345757;0.1
2227;4490.345757;0.12
2227;4490.345757;0.13
2227;4490.345757;0.13
2227;4490.345757;0.13
2227;4490.345757;0.13
2228;4488.330341;0.11
2228;4488.330341;0.09
2228;4488.330341;0.07
2228;4488.330341;0.05
2228;4488.330341;0.03
2228;4488.330341;0.02
2228;4488.330341;0.01
2228;4488.330341;0.01
2228;4488.330341;0.01
2229;4486.316734;0.02
2229;4486.316734;0.03
2229;4486.316734;0.04
2229;4486.316734;0.05
2229;4486.316734;0.06
2229;4486.316734;0.06
2229;4486.316734;0.06
2229;4486.316734;0.04
2230;4484.304933;0.02
2230;4484.304933;-0.01
2230;4484.304933;-0.04
2230;4484.304933;-0.06
2230;4484.304933;-0.07
2230;4484.304933;-0.08
2230;4484.304933;-0.08
2230;4484.304933;-0.07
2231;4482.294935;-0.05
2231;4482.294935;-0.03
2231;4482.294935;-0.01
2231;4482.294935;0.01
2231;4482.294935;0.03
2231;4482.294935;0.04
2231;4482.294935;0.05
2231;4482.294935;0.04
2231;4482.294935;0.04
2232;4480.286738;0.03
2232;4480.286738;0.02
2232;4480.286738;0.01
2232;4480.286738;0
2232;4480.286738;-0.01
2232;4480.286738;-0.02
2232;4480.286738;-0.02
2232;4480.286738;-0.02
2233;4478.28034;-0.02
2233;4478.28034;-0.01
2233;4478.28034;0
2233;4478.28034;0.01
2233;4478.28034;0.03
2233;4478.28034;0.04
2233;4478.28034;0.05
2233;4478.28034;0.06
2234;4476.275739;0.06
2234;4476.275739;0.05
2234;4476.275739;0.04
2234;4476.275739;0.02
2234;4476.275739;0.01
2234;4476.275739;0
2234;4476.275739;0
2234;4476.275739;0.01
2234;4476.275739;0.02
2235;4474.272931;0.05
2235;4474.272931;0.07
2235;4474.272931;0.1
2235;4474.272931;0.12
2235;4474.272931;0.13
2235;4474.272931;0.13
2235;4474.272931;0.12
2235;4474.272931;0.11
2236;4472.271914;0.09
2236;4472.271914;0.07
2236;4472.271914;0.05
2236;4472.271914;0.04
2236;4472.271914;0.03
2236;4472.271914;0.02
2236;4472.271914;0.02
2236;4472.271914;0.03
2237;4470.272687;0.03
2237;4470.272687;0.04
2237;4470.272687;0.04
2237;4470.272687;0.03
2237;4470.272687;0.03
2237;4470.272687;0.04
2237;4470.272687;0.05
2237;4470.272687;0.06
2237;4470.272687;0.08
2238;4468.275246;0.09
2238;4468.275246;0.1
2238;4468.275246;0.1
2238;4468.275246;0.09
2238;4468.275246;0.07
2238;4468.275246;0.04
2238;4468.275246;0.02
2238;4468.275246;0.01
2239;4466.279589;0
2239;4466.279589;0
2239;4466.279589;0.01
2239;4466.279589;0.02
2239;4466.279589;0.01
2239;4466.279589;0
2239;4466.279589;-0.02
2239;4466.279589;-0.04
2240;4464.285714;-0.07
2240;4464.285714;-0.1
2240;4464.285714;-0.12
2240;4464.285714;-0.14
2240;4464.285714;-0.14
2240;4464.285714;-0.14
2240;4464.285714;-0.13
2240;4464.285714;-0.11
2241;4462.293619;-0.09
2241;4462.293619;-0.07
2241;4462.293619;-0.05
2241;4462.293619;-0.03
2241;4462.293619;-0.01
2241;4462.293619;0.01
2241;4462.293619;0.03
2241;4462.293619;0.05
2241;4462.293619;0.08
2242;4460.303301;0.1
2242;4460.303301;0.12
2242;4460.303301;0.14
2242;4460.303301;0.15
2242;4460.303301;0.16
2242;4460.303301;0.16
2242;4460.303301;0.15
2242;4460.303301;0.13
2243;4458.314757;0.11
2243;4458.314757;0.09
2243;4458.314757;0.07
2243;4458.314757;0.06
2243;4458.314757;0.05
2243;4458.314757;0.05
2243;4458.314757;0.06
2243;4458.314757;0.07
2244;4456.327986;0.08
2244;4456.327986;0.09
2244;4456.327986;0.1
2244;4456.327986;0.11
2244;4456.327986;0.12
2244;4456.327986;0.12
2244;4456.327986;0.12
2244;4456.327986;0.12
2245;4454.342984;0.11
2245;4454.342984;0.09
2245;4454.342984;0.08
2245;4454.342984;0.08
2245;4454.342984;0.08
2245;4454.342984;0.09
2245;4454.342984;0.1
2245;4454.342984;0.11
2245;4454.342984;0.11
2246;4452.359751;0.11
2246;4452.359751;0.09
2246;4452.359751;0.07
2246;4452.359751;0.04
2246;4452.359751;0
2246;4452.359751;-0.04
2246;4452.359751;-0.08
2246;4452.359751;-0.12
2247;4450.378282;-0.15
2247;4450.378282;-0.17
2247;4450.378282;-0.18
2247;4450.378282;-0.18
2247;4450.378282;-0.16
2247;4450.378282;-0.13
2247;4450.378282;-0.1
2247;4450.378282;-0.06
2248;4448.398577;-0.03
2248;4448.398577;-0.01
2248;4448.398577;0.01
2248;4448.398577;0.01
2248;4448.398577;0.02
2248;4448.398577;0.02
2248;4448.398577;0.03
2248;4448.398577;0.05
2249;4446.420631;0.08
2249;4446.420631;0.11
2249;4446.420631;0.15
2249;4446.420631;0.18
2249;4446.420631;0.21
2249;4446.420631;0.23
2249;4446.420631;0.24
2249;4446.420631;0.23
2250;4444.444444;0.2
2250;4444.444444;0.16
2250;4444.444444;0.12
2250;4444.444444;0.07
2250;4444.444444;0.03
2250;4444.444444;0
2250;4444.444444;-0.02
2250;4444.444444;-0.03
2250;4444.444444;-0.02
2251;4442.470013;-0.02
2251;4442.470013;-0.01
2251;4442.470013;-0.01
2251;4442.470013;-0.01
2251;4442.470013;-0.01
2251;4442.470013;-0.02
2251;4442.470013;-0.03
2251;4442.470013;-0.04
2252;4440.497336;-0.05
2252;4440.497336;-0.05
2252;4440.497336;-0.04
2252;4440.497336;-0.03
2252;4440.497336;-0.02
2252;4440.497336;0
2252;4440.497336;0.02
2252;4440.497336;0.03
2253;4438.526409;0.04
2253;4438.526409;0.04
2253;4438.526409;0.03
2253;4438.526409;0.02
2253;4438.526409;0
2253;4438.526409;0
2253;4438.526409;-0.01
2253;4438.526409;0
2254;4436.557232;0.01
2254;4436.557232;0.02
2254;4436.557232;0.03
2254;4436.557232;0.03
2254;4436.557232;0.03
2254;4436.557232;0.01
2254;4436.557232;-0.01
2254;4436.557232;-0.04
2255;4434.5898;-0.06
2255;4434.5898;-0.08
2255;4434.5898;-0.08
2255;4434.5898;-0.08
2255;4434.5898;-0.08
2255;4434.5898;-0.06
2255;4434.5898;-0.05
2255;4434.5898;-0.04
2255;4434.5898;-0.02
2256;4432.624113;0
2256;4432.624113;0.02
2256;4432.624113;0.04
2256;4432.624113;0.07
2256;4432.624113;0.1
2256;4432.624113;0.13
2256;4432.624113;0.15
2256;4432.624113;0.15
2257;4430.660168;0.14
2257;4430.660168;0.12
2257;4430.660168;0.09
2257;4430.660168;0.05
2257;4430.660168;0.01
2257;4430.660168;-0.01
2257;4430.660168;-0.03
2257;4430.660168;-0.04
2258;4428.697963;-0.03
2258;4428.697963;-0.03
2258;4428.697963;-0.01
2258;4428.697963;0
2258;4428.697963;0.02
2258;4428.697963;0.05
2258;4428.697963;0.07
2258;4428.697963;0.1
2259;4426.737494;0.12
2259;4426.737494;0.15
2259;4426.737494;0.17
2259;4426.737494;0.18
2259;4426.737494;0.19
2259;4426.737494;0.19
2259;4426.737494;0.19
2259;4426.737494;0.18
2260;4424.778761;0.18
2260;4424.778761;0.18
2260;4424.778761;0.18
2260;4424.778761;0.17
2260;4424.778761;0.17
2260;4424.778761;0.15
2260;4424.778761;0.13
2260;4424.778761;0.1
2261;4422.82176;0.08
2261;4422.82176;0.06
2261;4422.82176;0.05
2261;4422.82176;0.05
2261;4422.82176;0.06
2261;4422.82176;0.07
2261;4422.82176;0.09
2261;4422.82176;0.1
2262;4420.86649;0.1
2262;4420.86649;0.09
2262;4420.86649;0.08
2262;4420.86649;0.05
2262;4420.86649;0.03
2262;4420.86649;0
2262;4420.86649;-0.02
2262;4420.86649;-0.04
2263;4418.912947;-0.06
2263;4418.912947;-0.08
2263;4418.912947;-0.09
2263;4418.912947;-0.11
2263;4418.912947;-0.12
2263;4418.912947;-0.12
2263;4418.912947;-0.12
2263;4418.912947;-0.1
2263;4418.912947;-0.08
2264;4416.961131;-0.06
2264;4416.961131;-0.03
2264;4416.961131;-0.01
2264;4416.961131;0.01
2264;4416.961131;0.01
2264;4416.961131;0
2264;4416.961131;-0.02
2264;4416.961131;-0.05
2265;4415.011038;-0.08
2265;4415.011038;-0.1
2265;4415.011038;-0.1
2265;4415.011038;-0.08
2265;4415.011038;-0.04
2265;4415.011038;0.01
2265;4415.011038;0.06
2265;4415.011038;0.11
2266;4413.062665;0.15
2266;4413.062665;0.18
2266;4413.062665;0.19
2266;4413.062665;0.19
2266;4413.062665;0.17
2266;4413.062665;0.15
2266;4413.062665;0.12
2266;4413.062665;0.08
2267;4411.116012;0.05
2267;4411.116012;0.02
2267;4411.116012;-0.01
2267;4411.116012;-0.03
2267;4411.116012;-0.04
2267;4411.116012;-0.04
2267;4411.116012;-0.04
2267;4411.116012;-0.03
2268;4409.171076;-0.02
2268;4409.171076;-0.01
2268;4409.171076;0
2268;4409.171076;0.01
2268;4409.171076;0.02
2268;4409.171076;0.03
2268;4409.171076;0.03
2268;4409.171076;0.05
2269;4407.227854;0.06
2269;4407.227854;0.08
2269;4407.227854;0.1
2269;4407.227854;0.13
2269;4407.227854;0.15
2269;4407.227854;0.16
2269;4407.227854;0.15
2269;4407.227854;0.13
2270;4405.286344;0.11
2270;4405.286344;0.08
2270;4405.286344;0.04
2270;4405.286344;0.01
2270;4405.286344;-0.01
2270;4405.286344;-0.02
2270;4405.286344;-0.02
2270;4405.286344;-0.02
2271;4403.346543;-0.01
2271;4403.346543;-0.01
2271;4403.346543;0
2271;4403.346543;0.01
2271;4403.346543;0.02
2271;4403.346543;0.02
2271;4403.346543;0.02
2271;4403.346543;0.02
2272;4401.408451;0.01
2272;4401.408451;0
2272;4401.408451;0
2272;4401.408451;-0.01
2272;4401.408451;-0.01
2272;4401.408451;-0.01
2272;4401.408451;0
2272;4401.408451;0
2273;4399.472063;0.01
2273;4399.472063;0.01
2273;4399.472063;0.02
2273;4399.472063;0.03
2273;4399.472063;0.03
2273;4399.472063;0.03
2273;4399.472063;0.03
2273;4399.472063;0.03
2274;4397.537379;0.02
2274;4397.537379;0.02
2274;4397.537379;0.02
2274;4397.537379;0.03
2274;4397.537379;0.03
2274;4397.537379;0.03
2274;4397.537379;0.03
2274;4397.537379;0.02
2275;4395.604396;0.01
2275;4395.604396;0
2275;4395.604396;0
2275;4395.604396;0.01
2275;4395.604396;0.04
2275;4395.604396;0.08
2275;4395.604396;0.12
2275;4395.604396;0.17
2276;4393.673111;0.21
2276;4393.673111;0.23
2276;4393.673111;0.24
2276;4393.673111;0.23
2276;4393.673111;0.21
2276;4393.673111;0.18
2276;4393.673111;0.15
2276;4393.673111;0.12
2277;4391.743522;0.09
2277;4391.743522;0.06
2277;4391.743522;0.04
2277;4391.743522;0.02
2277;4391.743522;0
2277;4391.743522;-0.02
2277;4391.743522;-0.03
2277;4391.743522;-0.04
2278;4389.815628;-0.03
2278;4389.815628;-0.01
2278;4389.815628;0.01
2278;4389.815628;0.04
2278;4389.815628;0.08
2278;4389.815628;0.12
2278;4389.815628;0.15
2278;4389.815628;0.18
2279;4387.889425;0.2
2279;4387.889425;0.21
2279;4387.889425;0.21
2279;4387.889425;0.2
2279;4387.889425;0.19
2279;4387.889425;0.16
2279;4387.889425;0.14
2279;4387.889425;0.11
2280;4385.964912;0.09
2280;4385.964912;0.07
2280;4385.964912;0.04
2280;4385.964912;0.02
2280;4385.964912;-0.01
2280;4385.964912;-0.04
2280;4385.964912;-0.07
2280;4385.964912;-0.09
2281;4384.042087;-0.09
2281;4384.042087;-0.08
2281;4384.042087;-0.05
2281;4384.042087;-0.02
2281;4384.042087;0.02
2281;4384.042087;0.04
2281;4384.042087;0.05
2281;4384.042087;0.04
2282;4382.120947;0.03
2282;4382.120947;0.01
2282;4382.120947;-0.01
2282;4382.120947;-0.02
2282;4382.120947;-0.04
2282;4382.120947;-0.05
2282;4382.120947;-0.07
2282;4382.120947;-0.09
2283;4380.201489;-0.11
2283;4380.201489;-0.13
2283;4380.201489;-0.15
2283;4380.201489;-0.16
2283;4380.201489;-0.17
2283;4380.201489;-0.16
2283;4380.201489;-0.16
2283;4380.201489;-0.15
2284;4378.283713;-0.15
2284;4378.283713;-0.15
2284;4378.283713;-0.15
2284;4378.283713;-0.15
2284;4378.283713;-0.14
2284;4378.283713;-0.12
2284;4378.283713;-0.1
2284;4378.283713;-0.08
2285;4376.367615;-0.07
2285;4376.367615;-0.05
2285;4376.367615;-0.04
2285;4376.367615;-0.03
2285;4376.367615;-0.03
2285;4376.367615;-0.02
2285;4376.367615;-0.01
2285;4376.367615;0
2286;4374.453193;0.01
2286;4374.453193;0.01
2286;4374.453193;0.01
2286;4374.453193;0
2286;4374.453193;-0.01
2286;4374.453193;-0.03
2286;4374.453193;-0.06
2286;4374.453193;-0.09
2287;4372.540446;-0.12
2287;4372.540446;-0.14
2287;4372.540446;-0.16
2287;4372.540446;-0.16
2287;4372.540446;-0.16
2287;4372.540446;-0.15
2287;4372.540446;-0.13
2287;4372.540446;-0.11
2288;4370.629371;-0.09
2288;4370.629371;-0.07
2288;4370.629371;-0.04
2288;4370.629371;-0.02
2288;4370.629371;0.01
2288;4370.629371;0.03
2288;4370.629371;0.06
2288;4370.629371;0.08
2289;4368.719965;0.1
2289;4368.719965;0.11
2289;4368.719965;0.12
2289;4368.719965;0.13
2289;4368.719965;0.14
2289;4368.719965;0.14
2289;4368.719965;0.14
2289;4368.719965;0.12
2290;4366.812227;0.11
2290;4366.812227;0.08
2290;4366.812227;0.05
2290;4366.812227;0.02
2290;4366.812227;-0.02
2290;4366.812227;-0.05
2290;4366.812227;-0.08
2290;4366.812227;-0.1
2291;4364.906155;-0.12
2291;4364.906155;-0.11
2291;4364.906155;-0.09
2291;4364.906155;-0.05
2291;4364.906155;-0.01
2291;4364.906155;0.05
2291;4364.906155;0.09
2292;4363.001745;0.13
2292;4363.001745;0.16
2292;4363.001745;0.18
2292;4363.001745;0.18
2292;4363.001745;0.18
2292;4363.001745;0.17
2292;4363.001745;0.15
2292;4363.001745;0.12
2293;4361.098997;0.1
2293;4361.098997;0.08
2293;4361.098997;0.06
2293;4361.098997;0.05
2293;4361.098997;0.05
2293;4361.098997;0.05
2293;4361.098997;0.06
2293;4361.098997;0.06
2294;4359.197908;0.06
2294;4359.197908;0.05
2294;4359.197908;0.05
2294;4359.197908;0.05
2294;4359.197908;0.06
2294;4359.197908;0.07
2294;4359.197908;0.1
2294;4359.197908;0.12
2295;4357.298475;0.13
2295;4357.298475;0.13
2295;4357.298475;0.12
2295;4357.298475;0.1
2295;4357.298475;0.07
2295;4357.298475;0.04
2295;4357.298475;0.01
2295;4357.298475;-0.01
2296;4355.400697;-0.03
2296;4355.400697;-0.04
2296;4355.400697;-0.05
2296;4355.400697;-0.06
2296;4355.400697;-0.07
2296;4355.400697;-0.07
2296;4355.400697;-0.08
2296;4355.400697;-0.09
2297;4353.504571;-0.09
2297;4353.504571;-0.09
2297;4353.504571;-0.09
2297;4353.504571;-0.08
2297;4353.504571;-0.06
2297;4353.504571;-0.04
2297;4353.504571;0
2297;4353.504571;0.03
2298;4351.610096;0.06
2298;4351.610096;0.09
2298;4351.610096;0.12
2298;4351.610096;0.13
2298;4351.610096;0.14
2298;4351.610096;0.14
2298;4351.610096;0.13
2298;4351.610096;0.11
2299;4349.717268;0.08
2299;4349.717268;0.06
2299;4349.717268;0.03
2299;4349.717268;0.02
2299;4349.717268;0.01
2299;4349.717268;0.02
2299;4349.717268;0.03
2300;4347.826087;0.05
2300;4347.826087;0.06
2300;4347.826087;0.06
2300;4347.826087;0.05
2300;4347.826087;0.04
2300;4347.826087;0.03
2300;4347.826087;0.01
2300;4347.826087;0
2301;4345.936549;-0.01
2301;4345.936549;-0.01
2301;4345.936549;-0.01
2301;4345.936549;-0.01
2301;4345.936549;-0.01
2301;4345.936549;0
2301;4345.936549;0.02
2301;4345.936549;0.04
2302;4344.048653;0.06
2302;4344.048653;0.08
2302;4344.048653;0.09
2302;4344.048653;0.1
2302;4344.048653;0.11
2302;4344.048653;0.12
2302;4344.048653;0.13
2302;4344.048653;0.14
2303;4342.162397;0.15
2303;4342.162397;0.15
2303;4342.162397;0.13
2303;4342.162397;0.1
2303;4342.162397;0.07
2303;4342.162397;0.03
2303;4342.162397;0.01
2303;4342.162397;0
2304;4340.277778;0.01
2304;4340.277778;0.04
2304;4340.277778;0.08
2304;4340.277778;0.11
2304;4340.277778;0.14
2304;4340.277778;0.14
2304;4340.277778;0.12
2304;4340.277778;0.09
2305;4338.394794;0.05
2305;4338.394794;0.01
2305;4338.394794;-0.03
2305;4338.394794;-0.06
2305;4338.394794;-0.08
2305;4338.394794;-0.09
2305;4338.394794;-0.1
2306;4336.513443;-0.11
2306;4336.513443;-0.11
2306;4336.513443;-0.12
2306;4336.513443;-0.12
2306;4336.513443;-0.12
2306;4336.513443;-0.12
2306;4336.513443;-0.11
2306;4336.513443;-0.09
2307;4334.633723;-0.07
2307;4334.633723;-0.06
2307;4334.633723;-0.04
2307;4334.633723;-0.03
2307;4334.633723;-0.03
2307;4334.633723;-0.02
2307;4334.633723;-0.03
2307;4334.633723;-0.03
2308;4332.755633;-0.02
2308;4332.755633;-0.01
2308;4332.755633;0
2308;4332.755633;0.02
2308;4332.755633;0.03
2308;4332.755633;0.04
2308;4332.755633;0.05
2308;4332.755633;0.06
2309;4330.879168;0.06
2309;4330.879168;0.06
2309;4330.879168;0.05
2309;4330.879168;0.03
2309;4330.879168;0.01
2309;4330.879168;-0.02
2309;4330.879168;-0.04
2309;4330.879168;-0.06
2310;4329.004329;-0.07
2310;4329.004329;-0.07
2310;4329.004329;-0.07
2310;4329.004329;-0.06
2310;4329.004329;-0.05
2310;4329.004329;-0.04
2310;4329.004329;-0.04
2311;4327.131112;-0.04
2311;4327.131112;-0.05
2311;4327.131112;-0.06
2311;4327.131112;-0.07
2311;4327.131112;-0.08
2311;4327.131112;-0.08
2311;4327.131112;-0.08
2311;4327.131112;-0.07
2312;4325.259516;-0.05
2312;4325.259516;-0.02
2312;4325.259516;0.01
2312;4325.259516;0.04
2312;4325.259516;0.07
2312;4325.259516;0.09
2312;4325.259516;0.1
2312;4325.259516;0.1
2313;4323.389537;0.09
2313;4323.389537;0.08
2313;4323.389537;0.06
2313;4323.389537;0.05
2313;4323.389537;0.04
2313;4323.389537;0.04
2313;4323.389537;0.03
2313;4323.389537;0.02
2314;4321.521175;0.01
2314;4321.521175;-0.01
2314;4321.521175;-0.03
2314;4321.521175;-0.06
2314;4321.521175;-0.09
2314;4321.521175;-0.12
2314;4321.521175;-0.15
2315;4319.654428;-0.17
2315;4319.654428;-0.17
2315;4319.654428;-0.16
2315;4319.654428;-0.14
2315;4319.654428;-0.12
2315;4319.654428;-0.09
2315;4319.654428;-0.07
2315;4319.654428;-0.06
2316;4317.789292;-0.06
2316;4317.789292;-0.05
2316;4317.789292;-0.04
2316;4317.789292;-0.03
2316;4317.789292;-0.01
2316;4317.789292;0.02
2316;4317.789292;0.04
2316;4317.789292;0.06
2317;4315.925766;0.07
2317;4315.925766;0.07
2317;4315.925766;0.06
2317;4315.925766;0.04
2317;4315.925766;0.02
2317;4315.925766;0
2317;4315.925766;-0.02
2317;4315.925766;-0.04
2318;4314.063848;-0.05
2318;4314.063848;-0.07
2318;4314.063848;-0.07
2318;4314.063848;-0.08
2318;4314.063848;-0.07
2318;4314.063848;-0.06
2318;4314.063848;-0.04
2319;4312.203536;-0.02
2319;4312.203536;0.01
2319;4312.203536;0.05
2319;4312.203536;0.08
2319;4312.203536;0.11
2319;4312.203536;0.14
2319;4312.203536;0.15
2319;4312.203536;0.15
2320;4310.344828;0.14
2320;4310.344828;0.11
2320;4310.344828;0.08
2320;4310.344828;0.04
2320;4310.344828;0
2320;4310.344828;-0.03
2320;4310.344828;-0.04
2320;4310.344828;-0.05
2321;4308.487721;-0.04
2321;4308.487721;-0.03
2321;4308.487721;-0.01
2321;4308.487721;0
2321;4308.487721;0
2321;4308.487721;0
2321;4308.487721;-0.01
2322;4306.632214;-0.02
2322;4306.632214;-0.02
2322;4306.632214;-0.02
2322;4306.632214;-0.02
2322;4306.632214;-0.01
2322;4306.632214;0.01
2322;4306.632214;0.04
2322;4306.632214;0.06
2323;4304.778304;0.09
2323;4304.778304;0.11
2323;4304.778304;0.13
2323;4304.778304;0.15
2323;4304.778304;0.15
2323;4304.778304;0.15
2323;4304.778304;0.15
2323;4304.778304;0.14
2324;4302.92599;0.13
2324;4302.92599;0.11
2324;4302.92599;0.11
2324;4302.92599;0.1
2324;4302.92599;0.1
2324;4302.92599;0.1
2324;4302.92599;0.11
2325;4301.075269;0.11
2325;4301.075269;0.1
2325;4301.075269;0.09
2325;4301.075269;0.07
2325;4301.075269;0.04
2325;4301.075269;0.01
2325;4301.075269;-0.01
2325;4301.075269;-0.03
2326;4299.226139;-0.05
2326;4299.226139;-0.05
2326;4299.226139;-0.04
2326;4299.226139;-0.03
2326;4299.226139;-0.01
2326;4299.226139;0.02
2326;4299.226139;0.04
2326;4299.226139;0.06
2327;4297.378599;0.07
2327;4297.378599;0.08
2327;4297.378599;0.09
2327;4297.378599;0.08
2327;4297.378599;0.08
2327;4297.378599;0.06
2327;4297.378599;0.05
2328;4295.532646;0.04
2328;4295.532646;0.04
2328;4295.532646;0.04
2328;4295.532646;0.05
2328;4295.532646;0.06
2328;4295.532646;0.08
2328;4295.532646;0.09
2328;4295.532646;0.1
2329;4293.688278;0.09
2329;4293.688278;0.07
2329;4293.688278;0.03
2329;4293.688278;-0.01
2329;4293.688278;-0.06
2329;4293.688278;-0.1
2329;4293.688278;-0.13
2329;4293.688278;-0.15
2330;4291.845494;-0.15
2330;4291.845494;-0.15
2330;4291.845494;-0.15
2330;4291.845494;-0.14
2330;4291.845494;-0.13
2330;4291.845494;-0.12
2330;4291.845494;-0.11
2331;4290.00429;-0.09
2331;4290.00429;-0.07
2331;4290.00429;-0.05
2331;4290.00429;-0.03
2331;4290.00429;-0.02
2331;4290.00429;0
2331;4290.00429;0
2331;4290.00429;0.01
2332;4288.164666;0.01
2332;4288.164666;0.01
2332;4288.164666;0.02
2332;4288.164666;0.03
2332;4288.164666;0.04
2332;4288.164666;0.05
2332;4288.164666;0.06
2332;4288.164666;0.06
2333;4286.326618;0.06
2333;4286.326618;0.05
2333;4286.326618;0.04
2333;4286.326618;0.03
2333;4286.326618;0.03
2333;4286.326618;0.04
2333;4286.326618;0.05
2334;4284.490146;0.06
2334;4284.490146;0.07
2334;4284.490146;0.08
2334;4284.490146;0.07
2334;4284.490146;0.06
2334;4284.490146;0.05
2334;4284.490146;0.04
2334;4284.490146;0.03
2335;4282.655246;0.04
2335;4282.655246;0.06
2335;4282.655246;0.08
2335;4282.655246;0.09
2335;4282.655246;0.1
2335;4282.655246;0.1
2335;4282.655246;0.1
2335;4282.655246;0.09
2336;4280.821918;0.07
2336;4280.821918;0.06
2336;4280.821918;0.05
2336;4280.821918;0.03
2336;4280.821918;0.03
2336;4280.821918;0.02
2336;4280.821918;0.01
2337;4278.990158;0.01
2337;4278.990158;0.01
2337;4278.990158;0.02
2337;4278.990158;0.02
2337;4278.990158;0.03
2337;4278.990158;0.04
2337;4278.990158;0.04
2337;4278.990158;0.04
2338;4277.159966;0.05
2338;4277.159966;0.05
2338;4277.159966;0.05
2338;4277.159966;0.05
2338;4277.159966;0.04
2338;4277.159966;0.04
2338;4277.159966;0.02
2339;4275.331338;0.01
2339;4275.331338;0
2339;4275.331338;-0.01
2339;4275.331338;-0.01
2339;4275.331338;-0.01
2339;4275.331338;0
2339;4275.331338;0.02
2339;4275.331338;0.04
2340;4273.504274;0.05
2340;4273.504274;0.07
2340;4273.504274;0.08
2340;4273.504274;0.09
2340;4273.504274;0.1
2340;4273.504274;0.1
2340;4273.504274;0.11
2341;4271.67877;0.1
2341;4271.67877;0.09
2341;4271.67877;0.08
2341;4271.67877;0.06
2341;4271.67877;0.03
2341;4271.67877;0
2341;4271.67877;-0.02
2341;4271.67877;-0.04
2342;4269.854825;-0.06
2342;4269.854825;-0.07
2342;4269.854825;-0.07
2342;4269.854825;-0.07
2342;4269.854825;-0.07
2342;4269.854825;-0.07
2342;4269.854825;-0.08
2342;4269.854825;-0.08
2343;4268.032437;-0.08
2343;4268.032437;-0.07
2343;4268.032437;-0.05
2343;4268.032437;-0.03
2343;4268.032437;0.01
2343;4268.032437;0.04
2343;4268.032437;0.07
2344;4266.211604;0.09
2344;4266.211604;0.1
2344;4266.211604;0.1
2344;4266.211604;0.09
2344;4266.211604;0.09
2344;4266.211604;0.08
2344;4266.211604;0.07
2344;4266.211604;0.06
2345;4264.392324;0.05
2345;4264.392324;0.04
2345;4264.392324;0.04
2345;4264.392324;0.03
2345;4264.392324;0.03
2345;4264.392324;0.03
2345;4264.392324;0.03
2346;4262.574595;0.02
2346;4262.574595;0.02
2346;4262.574595;0.01
2346;4262.574595;0.01
2346;4262.574595;0.01
2346;4262.574595;0.01
2346;4262.574595;0.02
2346;4262.574595;0.03
2347;4260.758415;0.03
2347;4260.758415;0.04
2347;4260.758415;0.05
2347;4260.758415;0.06
2347;4260.758415;0.07
2347;4260.758415;0.07
2347;4260.758415;0.07
2348;4258.943782;0.06
2348;4258.943782;0.03
2348;4258.943782;0
2348;4258.943782;-0.04
2348;4258.943782;-0.08
2348;4258.943782;-0.11
2348;4258.943782;-0.14
2348;4258.943782;-0.14
2349;4257.130694;-0.14
2349;4257.130694;-0.12
2349;4257.130694;-0.1
2349;4257.130694;-0.09
2349;4257.130694;-0.07
2349;4257.130694;-0.07
2349;4257.130694;-0.07
2350;4255.319149;-0.07
2350;4255.319149;-0.07
2350;4255.319149;-0.08
2350;4255.319149;-0.08
2350;4255.319149;-0.07
2350;4255.319149;-0.06
2350;4255.319149;-0.04
2350;4255.319149;-0.02
2351;4253.509145;0.01
2351;4253.509145;0.03
2351;4253.509145;0.04
2351;4253.509145;0.04
2351;4253.509145;0.03
2351;4253.509145;0
2351;4253.509145;-0.04
2352;4251.70068;-0.07
2352;4251.70068;-0.09
2352;4251.70068;-0.1
2352;4251.70068;-0.09
2352;4251.70068;-0.06
2352;4251.70068;-0.04
2352;4251.70068;0
2352;4251.70068;0.02
2353;4249.893753;0.04
2353;4249.893753;0.06
2353;4249.893753;0.07
2353;4249.893753;0.07
2353;4249.893753;0.07
2353;4249.893753;0.06
2353;4249.893753;0.05
2354;4248.08836;0.04
2354;4248.08836;0.03
2354;4248.08836;0.02
2354;4248.08836;0.02
2354;4248.08836;0.01
2354;4248.08836;0.01
2354;4248.08836;0
2354;4248.08836;-0.02
2355;4246.284501;-0.03
2355;4246.284501;-0.06
2355;4246.284501;-0.08
2355;4246.284501;-0.09
2355;4246.284501;-0.11
2355;4246.284501;-0.11
2355;4246.284501;-0.12
2356;4244.482173;-0.12
2356;4244.482173;-0.11
2356;4244.482173;-0.1
2356;4244.482173;-0.09
2356;4244.482173;-0.08
2356;4244.482173;-0.06
2356;4244.482173;-0.05
2356;4244.482173;-0.04
2357;4242.681375;-0.03
2357;4242.681375;-0.03
2357;4242.681375;-0.02
2357;4242.681375;-0.02
2357;4242.681375;-0.02
2357;4242.681375;-0.02
2357;4242.681375;-0.01
2358;4240.882103;0
2358;4240.882103;0.01
2358;4240.882103;0.02
2358;4240.882103;0.02
2358;4240.882103;0.02
2358;4240.882103;0.02
2358;4240.882103;0.01
2358;4240.882103;0.01
2359;4239.084358;0.01
2359;4239.084358;0.01
2359;4239.084358;0.01
2359;4239.084358;0.01
2359;4239.084358;0
2359;4239.084358;0
2359;4239.084358;-0.01
2360;4237.288136;-0.01
2360;4237.288136;-0.02
2360;4237.288136;-0.03
2360;4237.288136;-0.04
2360;4237.288136;-0.05
2360;4237.288136;-0.06
2360;4237.288136;-0.07
2360;4237.288136;-0.08
2361;4235.493435;-0.08
2361;4235.493435;-0.08
2361;4235.493435;-0.06
2361;4235.493435;-0.05
2361;4235.493435;-0.03
2361;4235.493435;-0.01
2361;4235.493435;0.01
2362;4233.700254;0.03
2362;4233.700254;0.05
2362;4233.700254;0.07
2362;4233.700254;0.09
2362;4233.700254;0.11
2362;4233.700254;0.13
2362;4233.700254;0.14
2362;4233.700254;0.14
2363;4231.908591;0.12
2363;4231.908591;0.08
2363;4231.908591;0.04
2363;4231.908591;0
2363;4231.908591;-0.03
2363;4231.908591;-0.05
2363;4231.908591;-0.05
2364;4230.118443;-0.03
2364;4230.118443;0
2364;4230.118443;0.04
2364;4230.118443;0.07
2364;4230.118443;0.1
2364;4230.118443;0.11
2364;4230.118443;0.12
2365;4228.32981;0.11
2365;4228.32981;0.11
2365;4228.32981;0.1
2365;4228.32981;0.1
2365;4228.32981;0.1
2365;4228.32981;0.11
2365;4228.32981;0.11
2365;4228.32981;0.12
2366;4226.542688;0.11
2366;4226.542688;0.1
2366;4226.542688;0.08
2366;4226.542688;0.06
2366;4226.542688;0.05
2366;4226.542688;0.03
2366;4226.542688;0.02
2367;4224.757076;0.02
2367;4224.757076;0.02
2367;4224.757076;0.02
2367;4224.757076;0.01
2367;4224.757076;0.01
2367;4224.757076;0
2367;4224.757076;0.01
2367;4224.757076;0.01
2368;4222.972973;0.03
2368;4222.972973;0.04
2368;4222.972973;0.05
2368;4222.972973;0.05
2368;4222.972973;0.04
2368;4222.972973;0.02
2368;4222.972973;-0.01
2369;4221.190376;-0.03
2369;4221.190376;-0.05
2369;4221.190376;-0.05
2369;4221.190376;-0.04
2369;4221.190376;-0.01
2369;4221.190376;0.03
2369;4221.190376;0.08
2370;4219.409283;0.11
2370;4219.409283;0.14
2370;4219.409283;0.16
2370;4219.409283;0.15
2370;4219.409283;0.13
2370;4219.409283;0.1
2370;4219.409283;0.07
2370;4219.409283;0.03
2371;4217.629692;-0.01
2371;4217.629692;-0.04
2371;4217.629692;-0.07
2371;4217.629692;-0.08
2371;4217.629692;-0.09
2371;4217.629692;-0.09
2371;4217.629692;-0.09
2372;4215.851602;-0.09
2372;4215.851602;-0.08
2372;4215.851602;-0.07
2372;4215.851602;-0.06
2372;4215.851602;-0.06
2372;4215.851602;-0.06
2372;4215.851602;-0.05
2372;4215.851602;-0.05
2373;4214.075011;-0.04
2373;4214.075011;-0.02
2373;4214.075011;-0.01
2373;4214.075011;0.01
2373;4214.075011;0.03
2373;4214.075011;0.05
2373;4214.075011;0.06
2374;4212.299916;0.07
2374;4212.299916;0.08
2374;4212.299916;0.09
2374;4212.299916;0.1
2374;4212.299916;0.1
2374;4212.299916;0.09
2374;4212.299916;0.07
2375;4210.526316;0.05
2375;4210.526316;0.02
2375;4210.526316;-0.01
2375;4210.526316;-0.03
2375;4210.526316;-0.04
2375;4210.526316;-0.04
2375;4210.526316;-0.03
2375;4210.526316;-0.01
2376;4208.754209;0
2376;4208.754209;0.01
2376;4208.754209;0.01
2376;4208.754209;0.01
2376;4208.754209;0
2376;4208.754209;0
2376;4208.754209;0.01
2377;4206.983593;0.01
2377;4206.983593;0.02
2377;4206.983593;0.02
2377;4206.983593;0.01
2377;4206.983593;-0.01
2377;4206.983593;-0.03
2377;4206.983593;-0.05
2378;4205.214466;-0.07
2378;4205.214466;-0.08
2378;4205.214466;-0.08
2378;4205.214466;-0.08
2378;4205.214466;-0.07
2378;4205.214466;-0.07
2378;4205.214466;-0.07
2378;4205.214466;-0.06
2379;4203.446826;-0.06
2379;4203.446826;-0.05
2379;4203.446826;-0.03
2379;4203.446826;-0.02
2379;4203.446826;0
2379;4203.446826;0.01
2379;4203.446826;0.02
2380;4201.680672;0.02
2380;4201.680672;0.01
2380;4201.680672;-0.01
2380;4201.680672;-0.02
2380;4201.680672;-0.04
2380;4201.680672;-0.05
2380;4201.680672;-0.06
2381;4199.916002;-0.07
2381;4199.916002;-0.07
2381;4199.916002;-0.06
2381;4199.916002;-0.04
2381;4199.916002;-0.02
2381;4199.916002;0
2381;4199.916002;0.01
2381;4199.916002;0.02
2382;4198.152813;0.02
2382;4198.152813;0.01
2382;4198.152813;0
2382;4198.152813;-0.03
2382;4198.152813;-0.05
2382;4198.152813;-0.06
2382;4198.152813;-0.07
2383;4196.391104;-0.06
2383;4196.391104;-0.04
2383;4196.391104;-0.02
2383;4196.391104;0.01
2383;4196.391104;0.04
2383;4196.391104;0.07
2383;4196.391104;0.08
2384;4194.630872;0.08
2384;4194.630872;0.07
2384;4194.630872;0.05
2384;4194.630872;0.03
2384;4194.630872;0
2384;4194.630872;-0.01
2384;4194.630872;-0.02
2384;4194.630872;-0.02
2385;4192.872117;-0.01
2385;4192.872117;0
2385;4192.872117;0
2385;4192.872117;0
2385;4192.872117;-0.02
2385;4192.872117;-0.04
2385;4192.872117;-0.07
2386;4191.114837;-0.1
2386;4191.114837;-0.13
2386;4191.114837;-0.15
2386;4191.114837;-0.16
2386;4191.114837;-0.16
2386;4191.114837;-0.15
2386;4191.114837;-0.12
2387;4189.359028;-0.08
2387;4189.359028;-0.05
2387;4189.359028;-0.01
2387;4189.359028;0.01
2387;4189.359028;0.03
2387;4189.359028;0.03
2387;4189.359028;0.01
2388;4187.60469;-0.01
2388;4187.60469;-0.03
2388;4187.60469;-0.05
2388;4187.60469;-0.07
2388;4187.60469;-0.07
2388;4187.60469;-0.06
2388;4187.60469;-0.05
2388;4187.60469;-0.04
2389;4185.851821;-0.03
2389;4185.851821;-0.03
2389;4185.851821;-0.03
2389;4185.851821;-0.02
2389;4185.851821;-0.01
2389;4185.851821;0
2389;4185.851821;0.03
2390;4184.100418;0.05
2390;4184.100418;0.08
2390;4184.100418;0.11
2390;4184.100418;0.12
2390;4184.100418;0.13
2390;4184.100418;0.13
2390;4184.100418;0.12
2391;4182.350481;0.11
2391;4182.350481;0.1
2391;4182.350481;0.09
2391;4182.350481;0.09
2391;4182.350481;0.08
2391;4182.350481;0.09
2391;4182.350481;0.1
2392;4180.602007;0.11
2392;4180.602007;0.13
2392;4180.602007;0.13
2392;4180.602007;0.13
2392;4180.602007;0.12
2392;4180.602007;0.1
2392;4180.602007;0.08
2392;4180.602007;0.06
2393;4178.854994;0.05
2393;4178.854994;0.04
2393;4178.854994;0.04
2393;4178.854994;0.06
2393;4178.854994;0.07
2393;4178.854994;0.09
2393;4178.854994;0.1
2394;4177.10944;0.1
2394;4177.10944;0.1
2394;4177.10944;0.09
2394;4177.10944;0.08
2394;4177.10944;0.06
2394;4177.10944;0.04
2394;4177.10944;0.02
2395;4175.365344;0.01
2395;4175.365344;0
2395;4175.365344;0
2395;4175.365344;0.01
2395;4175.365344;0.02
2395;4175.365344;0.03
2395;4175.365344;0.04
2396;4173.622705;0.04
2396;4173.622705;0.04
2396;4173.622705;0.04
2396;4173.622705;0.05
2396;4173.622705;0.05
2396;4173.622705;0.06
2396;4173.622705;0.07
2396;4173.622705;0.09
2397;4171.881519;0.1
2397;4171.881519;0.1
2397;4171.881519;0.11
2397;4171.881519;0.11
2397;4171.881519;0.1
2397;4171.881519;0.1
2397;4171.881519;0.1
2398;4170.141785;0.1
2398;4170.141785;0.09
2398;4170.141785;0.09
2398;4170.141785;0.08
2398;4170.141785;0.07
2398;4170.141785;0.07
2398;4170.141785;0.06
2399;4168.403501;0.06
2399;4168.403501;0.07
2399;4168.403501;0.07
2399;4168.403501;0.07
2399;4168.403501;0.07
2399;4168.403501;0.06
2399;4168.403501;0.05
2400;4166.666667;0.04
2400;4166.666667;0.03
2400;4166.666667;0.02
2400;4166.666667;0.01
2400;4166.666667;0.01
2400;4166.666667;0.01
2400;4166.666667;0.01
2401;4164.931279;0.01
2401;4164.931279;0.01
2401;4164.931279;0.02
2401;4164.931279;0.04
2401;4164.931279;0.05
2401;4164.931279;0.06
2401;4164.931279;0.07
2401;4164.931279;0.08
2402;4163.197336;0.09
2402;4163.197336;0.09
2402;4163.197336;0.09
2402;4163.197336;0.1
2402;4163.197336;0.11
2402;4163.197336;0.11
2402;4163.197336;0.12
2403;4161.464836;0.12
2403;4161.464836;0.12
2403;4161.464836;0.11
2403;4161.464836;0.1
2403;4161.464836;0.08
2403;4161.464836;0.07
2403;4161.464836;0.07
2404;4159.733777;0.07
2404;4159.733777;0.07
2404;4159.733777;0.08
2404;4159.733777;0.08
2404;4159.733777;0.08
2404;4159.733777;0.06
2404;4159.733777;0.04
2405;4158.004158;0
2405;4158.004158;-0.04
2405;4158.004158;-0.08
2405;4158.004158;-0.11
2405;4158.004158;-0.13
2405;4158.004158;-0.14
2405;4158.004158;-0.13
2406;4156.275977;-0.1
2406;4156.275977;-0.05
2406;4156.275977;0
2406;4156.275977;0.04
2406;4156.275977;0.08
2406;4156.275977;0.11
2406;4156.275977;0.13
2406;4156.275977;0.13
2407;4154.549231;0.13
2407;4154.549231;0.12
2407;4154.549231;0.1
2407;4154.549231;0.09
2407;4154.549231;0.08
2407;4154.549231;0.08
2407;4154.549231;0.07
2408;4152.82392;0.06
2408;4152.82392;0.04
2408;4152.82392;0.02
2408;4152.82392;0
2408;4152.82392;-0.02
2408;4152.82392;-0.04
2408;4152.82392;-0.05
2409;4151.100042;-0.05
2409;4151.100042;-0.05
2409;4151.100042;-0.03
2409;4151.100042;-0.01
2409;4151.100042;0.01
2409;4151.100042;0.04
2409;4151.100042;0.06
2410;4149.377593;0.07
2410;4149.377593;0.08
2410;4149.377593;0.08
2410;4149.377593;0.07
2410;4149.377593;0.05
2410;4149.377593;0.02
2410;4149.377593;-0.02
2411;4147.656574;-0.05
2411;4147.656574;-0.08
2411;4147.656574;-0.1
2411;4147.656574;-0.11
2411;4147.656574;-0.12
2411;4147.656574;-0.12
2411;4147.656574;-0.13
2412;4145.936982;-0.13
2412;4145.936982;-0.13
2412;4145.936982;-0.13
2412;4145.936982;-0.12
2412;4145.936982;-0.09
2412;4145.936982;-0.05
2412;4145.936982;-0.01
2413;4144.218815;0.04
2413;4144.218815;0.09
2413;4144.218815;0.12
2413;4144.218815;0.13
2413;4144.218815;0.12
2413;4144.218815;0.1
2413;4144.218815;0.07
2413;4144.218815;0.04
2414;4142.502071;0.01
2414;4142.502071;-0.02
2414;4142.502071;-0.04
2414;4142.502071;-0.05
2414;4142.502071;-0.06
2414;4142.502071;-0.07
2414;4142.502071;-0.09
2415;4140.786749;-0.1
2415;4140.786749;-0.1
2415;4140.786749;-0.1
2415;4140.786749;-0.09
2415;4140.786749;-0.06
2415;4140.786749;-0.02
2415;4140.786749;0.02
2416;4139.072848;0.06
2416;4139.072848;0.09
2416;4139.072848;0.11
2416;4139.072848;0.11
2416;4139.072848;0.11
2416;4139.072848;0.09
2416;4139.072848;0.08
2417;4137.360364;0.07
2417;4137.360364;0.07
2417;4137.360364;0.08
2417;4137.360364;0.08
2417;4137.360364;0.09
2417;4137.360364;0.09
2417;4137.360364;0.07
2418;4135.649297;0.06
2418;4135.649297;0.04
2418;4135.649297;0.02
2418;4135.649297;0.01
2418;4135.649297;0.01
2418;4135.649297;0.02
2418;4135.649297;0.03
2419;4133.939644;0.05
2419;4133.939644;0.07
2419;4133.939644;0.09
2419;4133.939644;0.11
2419;4133.939644;0.12
2419;4133.939644;0.12
2419;4133.939644;0.11
2420;4132.231405;0.1
2420;4132.231405;0.07
2420;4132.231405;0.04
2420;4132.231405;0
2420;4132.231405;-0.04
2420;4132.231405;-0.06
2420;4132.231405;-0.08
2421;4130.524577;-0.08
2421;4130.524577;-0.08
2421;4130.524577;-0.07
2421;4130.524577;-0.06
2421;4130.524577;-0.05
2421;4130.524577;-0.05
2421;4130.524577;-0.04
2422;4128.819158;-0.03
2422;4128.819158;-0.02
2422;4128.819158;-0.01
2422;4128.819158;0
2422;4128.819158;0.01
2422;4128.819158;0.01
2422;4128.819158;0.01
2423;4127.115147;0
2423;4127.115147;-0.01
2423;4127.115147;-0.02
2423;4127.115147;-0.03
2423;4127.115147;-0.04
2423;4127.115147;-0.05
2423;4127.115147;-0.06
2423;4127.115147;-0.06
2424;4125.412541;-0.05
2424;4125.412541;-0.04
2424;4125.412541;-0.02
2424;4125.412541;0
2424;4125.412541;0.02
2424;4125.412541;0.05
2424;4125.412541;0.06
2425;4123.71134;0.07
2425;4123.71134;0.08
2425;4123.71134;0.08
2425;4123.71134;0.08
2425;4123.71134;0.07
2425;4123.71134;0.07
2425;4123.71134;0.07
2426;4122.011542;0.07
2426;4122.011542;0.08
2426;4122.011542;0.08
2426;4122.011542;0.09
2426;4122.011542;0.1
2426;4122.011542;0.11
2426;4122.011542;0.12
2427;4120.313144;0.13
2427;4120.313144;0.14
2427;4120.313144;0.15
2427;4120.313144;0.15
2427;4120.313144;0.15
2427;4120.313144;0.14
2427;4120.313144;0.12
2428;4118.616145;0.1
2428;4118.616145;0.07
2428;4118.616145;0.04
2428;4118.616145;0.02
2428;4118.616145;-0.01
2428;4118.616145;-0.02
2428;4118.616145;-0.03
2429;4116.920543;-0.04
2429;4116.920543;-0.04
2429;4116.920543;-0.04
2429;4116.920543;-0.04
2429;4116.920543;-0.05
2429;4116.920543;-0.04
2429;4116.920543;-0.03
2430;4115.226337;-0.02
2430;4115.226337;0.01
2430;4115.226337;0.05
2430;4115.226337;0.08
2430;4115.226337;0.12
2430;4115.226337;0.14
2430;4115.226337;0.15
2431;4113.533525;0.15
2431;4113.533525;0.13
2431;4113.533525;0.11
2431;4113.533525;0.08
2431;4113.533525;0.05
2431;4113.533525;0.03
2431;4113.533525;0.01
2432;4111.842105;0
2432;4111.842105;0
2432;4111.842105;0
2432;4111.842105;0.01
2432;4111.842105;0.02
2432;4111.842105;0.02
2432;4111.842105;0.02
2433;4110.152076;0.02
2433;4110.152076;0.01
2433;4110.152076;0.01
2433;4110.152076;0.02
2433;4110.152076;0.03
2433;4110.152076;0.06
2433;4110.152076;0.1
2434;4108.463435;0.14
2434;4108.463435;0.18
2434;4108.463435;0.21
2434;4108.463435;0.23
2434;4108.463435;0.22
2434;4108.463435;0.2
2434;4108.463435;0.17
2435;4106.776181;0.14
2435;4106.776181;0.11
2435;4106.776181;0.09
2435;4106.776181;0.08
2435;4106.776181;0.08
2435;4106.776181;0.09
2435;4106.776181;0.1
2436;4105.090312;0.12
2436;4105.090312;0.13
2436;4105.090312;0.13
2436;4105.090312;0.12
2436;4105.090312;0.11
2436;4105.090312;0.09
2436;4105.090312;0.07
2437;4103.405827;0.04
2437;4103.405827;0.02
2437;4103.405827;0
2437;4103.405827;-0.01
2437;4103.405827;-0.02
2437;4103.405827;-0.02
2437;4103.405827;-0.02
2438;4101.722724;-0.01
2438;4101.722724;-0.01
2438;4101.722724;0
2438;4101.722724;0
2438;4101.722724;0
2438;4101.722724;0
2438;4101.722724;-0.01
2439;4100.041;-0.02
2439;4100.041;-0.04
2439;4100.041;-0.05
2439;4100.041;-0.07
2439;4100.041;-0.08
2439;4100.041;-0.09
2439;4100.041;-0.09
2440;4098.360656;-0.08
2440;4098.360656;-0.07
2440;4098.360656;-0.05
2440;4098.360656;-0.02
2440;4098.360656;0.01
2440;4098.360656;0.03
2440;4098.360656;0.05
2441;4096.681688;0.07
2441;4096.681688;0.08
2441;4096.681688;0.08
2441;4096.681688;0.08
2441;4096.681688;0.07
2441;4096.681688;0.06
2441;4096.681688;0.04
2442;4095.004095;0.02
2442;4095.004095;0
2442;4095.004095;-0.02
2442;4095.004095;-0.02
2442;4095.004095;-0.03
2442;4095.004095;-0.03
2442;4095.004095;-0.03
2443;4093.327876;-0.04
2443;4093.327876;-0.05
2443;4093.327876;-0.07
2443;4093.327876;-0.1
2443;4093.327876;-0.12
2443;4093.327876;-0.13
2443;4093.327876;-0.13
2444;4091.653028;-0.12
2444;4091.653028;-0.1
2444;4091.653028;-0.07
2444;4091.653028;-0.04
2444;4091.653028;-0.01
2444;4091.653028;0.02
2444;4091.653028;0.03
2445;4089.97955;0.04
2445;4089.97955;0.04
2445;4089.97955;0.03
2445;4089.97955;0.02
2445;4089.97955;0.01
2445;4089.97955;-0.01
2446;4088.307441;-0.02
2446;4088.307441;-0.02
2446;4088.307441;-0.02
2446;4088.307441;-0.01
2446;4088.307441;0
2446;4088.307441;0.02
2446;4088.307441;0.04
2447;4086.636698;0.06
2447;4086.636698;0.07
2447;4086.636698;0.08
2447;4086.636698;0.08
2447;4086.636698;0.07
2447;4086.636698;0.06
2447;4086.636698;0.04
2448;4084.96732;0.02
2448;4084.96732;-0.01
2448;4084.96732;-0.03
2448;4084.96732;-0.05
2448;4084.96732;-0.06
2448;4084.96732;-0.06
2448;4084.96732;-0.06
2449;4083.299306;-0.06
2449;4083.299306;-0.06
2449;4083.299306;-0.05
2449;4083.299306;-0.05
2449;4083.299306;-0.05
2449;4083.299306;-0.06
2449;4083.299306;-0.05
2450;4081.632653;-0.05
2450;4081.632653;-0.04
2450;4081.632653;-0.04
2450;4081.632653;-0.03
2450;4081.632653;-0.02
2450;4081.632653;0
2450;4081.632653;0.01
2451;4079.96736;0.03
2451;4079.96736;0.05
2451;4079.96736;0.06
2451;4079.96736;0.07
2451;4079.96736;0.07
2451;4079.96736;0.06
2451;4079.96736;0.04
2452;4078.303426;0.01
2452;4078.303426;-0.02
2452;4078.303426;-0.04
2452;4078.303426;-0.06
2452;4078.303426;-0.06
2452;4078.303426;-0.06
2452;4078.303426;-0.06
2453;4076.640848;-0.05
2453;4076.640848;-0.05
2453;4076.640848;-0.05
2453;4076.640848;-0.05
2453;4076.640848;-0.06
2453;4076.640848;-0.07
2453;4076.640848;-0.07
2454;4074.979625;-0.08
2454;4074.979625;-0.09
2454;4074.979625;-0.1
2454;4074.979625;-0.11
2454;4074.979625;-0.12
2454;4074.979625;-0.11
2454;4074.979625;-0.11
2455;4073.319756;-0.09
2455;4073.319756;-0.08
2455;4073.319756;-0.06
2455;4073.319756;-0.04
2455;4073.319756;-0.03
2455;4073.319756;-0.01
2455;4073.319756;0
2456;4071.661238;0.02
2456;4071.661238;0.03
2456;4071.661238;0.05
2456;4071.661238;0.06
2456;4071.661238;0.06
2456;4071.661238;0.07
2457;4070.00407;0.07
2457;4070.00407;0.07
2457;4070.00407;0.08
2457;4070.00407;0.08
2457;4070.00407;0.09
2457;4070.00407;0.08
2457;4070.00407;0.06
2458;4068.348251;0.04
2458;4068.348251;0.01
2458;4068.348251;-0.03
2458;4068.348251;-0.06
2458;4068.348251;-0.09
2458;4068.348251;-0.11
2458;4068.348251;-0.13
2459;4066.693778;-0.13
2459;4066.693778;-0.13
2459;4066.693778;-0.12
2459;4066.693778;-0.11
2459;4066.693778;-0.1
2459;4066.693778;-0.09
2459;4066.693778;-0.07
2460;4065.04065;-0.05
2460;4065.04065;-0.03
2460;4065.04065;-0.01
2460;4065.04065;0.01
2460;4065.04065;0.03
2460;4065.04065;0.05
2460;4065.04065;0.07
2461;4063.388866;0.08
2461;4063.388866;0.1
2461;4063.388866;0.11
2461;4063.388866;0.12
2461;4063.388866;0.12
2461;4063.388866;0.12
2461;4063.388866;0.12
2462;4061.738424;0.11
2462;4061.738424;0.1
2462;4061.738424;0.09
2462;4061.738424;0.07
2462;4061.738424;0.06
2462;4061.738424;0.04
2462;4061.738424;0.02
2463;4060.089322;0
2463;4060.089322;-0.02
2463;4060.089322;-0.03
2463;4060.089322;-0.03
2463;4060.089322;-0.03
2463;4060.089322;-0.02
2464;4058.441558;-0.01
2464;4058.441558;-0.01
2464;4058.441558;-0.01
2464;4058.441558;-0.02
2464;4058.441558;-0.03
2464;4058.441558;-0.05
2464;4058.441558;-0.06
2465;4056.795132;-0.06
2465;4056.795132;-0.05
2465;4056.795132;-0.03
2465;4056.795132;-0.01
2465;4056.795132;0.02
2465;4056.795132;0.04
2465;4056.795132;0.06
2466;4055.150041;0.07
2466;4055.150041;0.08
2466;4055.150041;0.08
2466;4055.150041;0.08
2466;4055.150041;0.08
2466;4055.150041;0.07
2466;4055.150041;0.07
2467;4053.506283;0.06
2467;4053.506283;0.06
2467;4053.506283;0.05
2467;4053.506283;0.05
2467;4053.506283;0.05
2467;4053.506283;0.06
2467;4053.506283;0.06
2468;4051.863857;0.06
2468;4051.863857;0.06
2468;4051.863857;0.04
2468;4051.863857;0.02
2468;4051.863857;0
2468;4051.863857;-0.03
2468;4051.863857;-0.06
2469;4050.222762;-0.08
2469;4050.222762;-0.1
2469;4050.222762;-0.1
2469;4050.222762;-0.1
2469;4050.222762;-0.08
2469;4050.222762;-0.06
2470;4048.582996;-0.03
2470;4048.582996;0
2470;4048.582996;0.02
2470;4048.582996;0.03
2470;4048.582996;0.04
2470;4048.582996;0.04
2470;4048.582996;0.03
2471;4046.944557;0.02
2471;4046.944557;0.01
2471;4046.944557;0.01
2471;4046.944557;0.01
2471;4046.944557;0.03
2471;4046.944557;0.05
2471;4046.944557;0.06
2472;4045.307443;0.07
2472;4045.307443;0.07
2472;4045.307443;0.07
2472;4045.307443;0.05
2472;4045.307443;0.03
2472;4045.307443;0.02
2472;4045.307443;0.01
2473;4043.671654;0
2473;4043.671654;0
2473;4043.671654;0.01
2473;4043.671654;0.02
2473;4043.671654;0.03
2473;4043.671654;0.04
2473;4043.671654;0.04
2474;4042.037187;0.05
2474;4042.037187;0.05
2474;4042.037187;0.04
2474;4042.037187;0.04
2474;4042.037187;0.02
2474;4042.037187;0.01
2475;4040.40404;-0.01
2475;4040.40404;-0.03
2475;4040.40404;-0.05
2475;4040.40404;-0.06
2475;4040.40404;-0.07
2475;4040.40404;-0.07
2475;4040.40404;-0.07
2476;4038.772213;-0.06
2476;4038.772213;-0.05
2476;4038.772213;-0.04
2476;4038.772213;-0.04
2476;4038.772213;-0.04
2476;4038.772213;-0.04
2476;4038.772213;-0.04
2477;4037.141704;-0.04
2477;4037.141704;-0.04
2477;4037.141704;-0.03
2477;4037.141704;-0.01
2477;4037.141704;0.01
2477;4037.141704;0.03
2477;4037.141704;0.06
2478;4035.51251;0.08
2478;4035.51251;0.1
2478;4035.51251;0.11
2478;4035.51251;0.11
2478;4035.51251;0.09
2478;4035.51251;0.07
2479;4033.884631;0.05
2479;4033.884631;0.03
2479;4033.884631;0.01
2479;4033.884631;0
2479;4033.884631;0
2479;4033.884631;0
2479;4033.884631;0
2480;4032.258065;-0.01
2480;4032.258065;-0.02
2480;4032.258065;-0.02
2480;4032.258065;-0.03
2480;4032.258065;-0.02
2480;4032.258065;-0.02
2480;4032.258065;0
2481;4030.632809;0.01
2481;4030.632809;0.03
2481;4030.632809;0.04
2481;4030.632809;0.05
2481;4030.632809;0.05
2481;4030.632809;0.05
2481;4030.632809;0.05
2482;4029.008864;0.04
2482;4029.008864;0.04
2482;4029.008864;0.03
2482;4029.008864;0.02
2482;4029.008864;0.02
2482;4029.008864;0.01
2483;4027.386226;0.01
2483;4027.386226;0.01
2483;4027.386226;0.02
2483;4027.386226;0.02
2483;4027.386226;0.02
2483;4027.386226;0.01
2483;4027.386226;-0.01
2484;4025.764895;-0.04
2484;4025.764895;-0.06
2484;4025.764895;-0.07
2484;4025.764895;-0.07
2484;4025.764895;-0.05
2484;4025.764895;-0.02
2484;4025.764895;0.01
2485;4024.144869;0.05
2485;4024.144869;0.08
2485;4024.144869;0.1
2485;4024.144869;0.11
2485;4024.144869;0.11
2485;4024.144869;0.09
2486;4022.526146;0.06
2486;4022.526146;0.03
2486;4022.526146;-0.01
2486;4022.526146;-0.04
2486;4022.526146;-0.07
2486;4022.526146;-0.08
2486;4022.526146;-0.08
2487;4020.908725;-0.07
2487;4020.908725;-0.05
2487;4020.908725;-0.02
2487;4020.908725;0.01
2487;4020.908725;0.04
2487;4020.908725;0.06
2487;4020.908725;0.08
2488;4019.292605;0.09
2488;4019.292605;0.09
2488;4019.292605;0.08
2488;4019.292605;0.06
2488;4019.292605;0.04
2488;4019.292605;0.01
2488;4019.292605;-0.02
2489;4017.677782;-0.05
2489;4017.677782;-0.07
2489;4017.677782;-0.09
2489;4017.677782;-0.1
2489;4017.677782;-0.11
2489;4017.677782;-0.12
2490;4016.064257;-0.12
2490;4016.064257;-0.11
2490;4016.064257;-0.11
2490;4016.064257;-0.11
2490;4016.064257;-0.1
2490;4016.064257;-0.09
2490;4016.064257;-0.09
2491;4014.452027;-0.08
2491;4014.452027;-0.08
2491;4014.452027;-0.07
2491;4014.452027;-0.07
2491;4014.452027;-0.07
2491;4014.452027;-0.07
2491;4014.452027;-0.06
2492;4012.841091;-0.06
2492;4012.841091;-0.05
2492;4012.841091;-0.04
2492;4012.841091;-0.03
2492;4012.841091;-0.02
2492;4012.841091;-0.02
2493;4011.231448;-0.03
2493;4011.231448;-0.04
2493;4011.231448;-0.05
2493;4011.231448;-0.05
2493;4011.231448;-0.05
2493;4011.231448;-0.04
2493;4011.231448;-0.02
2494;4009.623095;-0.01
2494;4009.623095;0.01
2494;4009.623095;0.01
2494;4009.623095;0
2494;4009.623095;-0.02
2494;4009.623095;-0.04
2494;4009.623095;-0.05
2495;4008.016032;-0.06
2495;4008.016032;-0.05
2495;4008.016032;-0.03
2495;4008.016032;0
2495;4008.016032;0.04
2495;4008.016032;0.07
2496;4006.410256;0.1
2496;4006.410256;0.13
2496;4006.410256;0.16
2496;4006.410256;0.18
2496;4006.410256;0.19
2496;4006.410256;0.21
2496;4006.410256;0.21
2497;4004.805767;0.2
2497;4004.805767;0.19
2497;4004.805767;0.16
2497;4004.805767;0.14
2497;4004.805767;0.11
2497;4004.805767;0.09
2497;4004.805767;0.06
2498;4003.202562;0.04
2498;4003.202562;0.02
2498;4003.202562;0.01
2498;4003.202562;-0.01
2498;4003.202562;-0.02
2498;4003.202562;-0.01
2499;4001.60064;0
2499;4001.60064;0.01
2499;4001.60064;0.03
2499;4001.60064;0.04
2499;4001.60064;0.04
2499;4001.60064;0.04
2499;4001.60064;0.02
2500;4000;0.01
2500;4000;0
2500;4000;0
2500;4000;0
2500;4000;0.02
2500;4000;0.05
2500;4000;0.08
2501;3998.40064;0.11
2501;3998.40064;0.13
2501;3998.40064;0.15
2501;3998.40064;0.15
2501;3998.40064;0.14
2501;3998.40064;0.11
2502;3996.802558;0.07
2502;3996.802558;0.03
2502;3996.802558;-0.01
2502;3996.802558;-0.04
2502;3996.802558;-0.06
2502;3996.802558;-0.07
2502;3996.802558;-0.07
2503;3995.205753;-0.08
2503;3995.205753;-0.08
2503;3995.205753;-0.09
2503;3995.205753;-0.09
2503;3995.205753;-0.08
2503;3995.205753;-0.06
2504;3993.610224;-0.04
2504;3993.610224;-0.01
2504;3993.610224;0.02
2504;3993.610224;0.04
2504;3993.610224;0.04
2504;3993.610224;0.03
2504;3993.610224;0.01
2505;3992.015968;-0.01
2505;3992.015968;-0.03
2505;3992.015968;-0.04
2505;3992.015968;-0.06
2505;3992.015968;-0.06
2505;3992.015968;-0.07
2505;3992.015968;-0.08
2506;3990.422985;-0.09
2506;3990.422985;-0.1
2506;3990.422985;-0.11
2506;3990.422985;-0.11
2506;3990.422985;-0.11
2506;3990.422985;-0.11
2507;3988.831272;-0.1
2507;3988.831272;-0.08
2507;3988.831272;-0.06
2507;3988.831272;-0.04
2507;3988.831272;-0.01
2507;3988.831272;0.01
2507;3988.831272;0.03
2508;3987.240829;0.05
2508;3987.240829;0.06
2508;3987.240829;0.06
2508;3987.240829;0.06
2508;3987.240829;0.05
2508;3987.240829;0.04
2508;3987.240829;0.03
2509;3985.651654;0.01
2509;3985.651654;-0.01
2509;3985.651654;-0.04
2509;3985.651654;-0.06
2509;3985.651654;-0.08
2509;3985.651654;-0.09
2510;3984.063745;-0.09
2510;3984.063745;-0.09
2510;3984.063745;-0.08
2510;3984.063745;-0.06
2510;3984.063745;-0.06
2510;3984.063745;-0.05
2510;3984.063745;-0.05
2511;3982.477101;-0.04
2511;3982.477101;-0.04
2511;3982.477101;-0.03
2511;3982.477101;-0.02
2511;3982.477101;-0.01
2511;3982.477101;-0.01
2512;3980.89172;0
2512;3980.89172;0
2512;3980.89172;0
2512;3980.89172;-0.01
2512;3980.89172;-0.02
2512;3980.89172;-0.03
2512;3980.89172;-0.04
2513;3979.3076;-0.05
2513;3979.3076;-0.04
2513;3979.3076;-0.03
2513;3979.3076;-0.02
2513;3979.3076;0
2513;3979.3076;0.02
2514;3977.724741;0.03
2514;3977.724741;0.03
2514;3977.724741;0.02
2514;3977.724741;0
2514;3977.724741;-0.02
2514;3977.724741;-0.04
2514;3977.724741;-0.06
2515;3976.143141;-0.06
2515;3976.143141;-0.06
2515;3976.143141;-0.05
2515;3976.143141;-0.03
2515;3976.143141;-0.02
2515;3976.143141;0
2515;3976.143141;0.01
2516;3974.562798;0.02
2516;3974.562798;0.03
2516;3974.562798;0.03
2516;3974.562798;0.02
2516;3974.562798;0.02
2516;3974.562798;0.02
2517;3972.983711;0.02
2517;3972.983711;0.02
2517;3972.983711;0.02
2517;3972.983711;0.02
2517;3972.983711;0.02
2517;3972.983711;0.01
2517;3972.983711;-0.01
2518;3971.405878;-0.03
2518;3971.405878;-0.04
2518;3971.405878;-0.06
2518;3971.405878;-0.06
2518;3971.405878;-0.06
2518;3971.405878;-0.05
2519;3969.829297;-0.03
2519;3969.829297;0
2519;3969.829297;0.02
2519;3969.829297;0.05
2519;3969.829297;0.07
2519;3969.829297;0.08
2519;3969.829297;0.08
2520;3968.253968;0.08
2520;3968.253968;0.07
2520;3968.253968;0.06
2520;3968.253968;0.06
2520;3968.253968;0.05
2520;3968.253968;0.05
2521;3966.679889;0.04
2521;3966.679889;0.04
2521;3966.679889;0.03
2521;3966.679889;0.03
2521;3966.679889;0.03
2521;3966.679889;0.04
2521;3966.679889;0.05
2522;3965.107058;0.06
2522;3965.107058;0.08
2522;3965.107058;0.09
2522;3965.107058;0.09
2522;3965.107058;0.09
2522;3965.107058;0.07
2523;3963.535474;0.05
2523;3963.535474;0.03
2523;3963.535474;0.02
2523;3963.535474;0.01
2523;3963.535474;0.02
2523;3963.535474;0.04
2523;3963.535474;0.06
2524;3961.965135;0.08
2524;3961.965135;0.08
2524;3961.965135;0.07
2524;3961.965135;0.05
2524;3961.965135;0.02
2524;3961.965135;-0.01
2525;3960.39604;-0.03
2525;3960.39604;-0.05
2525;3960.39604;-0.06
2525;3960.39604;-0.06
2525;3960.39604;-0.05
2525;3960.39604;-0.04
2525;3960.39604;-0.04
2526;3958.828187;-0.04
2526;3958.828187;-0.05
2526;3958.828187;-0.05
2526;3958.828187;-0.06
2526;3958.828187;-0.06
2526;3958.828187;-0.06
2527;3957.261575;-0.05
2527;3957.261575;-0.03
2527;3957.261575;-0.01
2527;3957.261575;0
2527;3957.261575;0.01
2527;3957.261575;0.01
2527;3957.261575;-0.01
2528;3955.696203;-0.03
2528;3955.696203;-0.05
2528;3955.696203;-0.06
2528;3955.696203;-0.06
2528;3955.696203;-0.06
2528;3955.696203;-0.05
2529;3954.132068;-0.03
2529;3954.132068;-0.01
2529;3954.132068;0
2529;3954.132068;0.01
2529;3954.132068;0.02
2529;3954.132068;0.02
2529;3954.132068;0.01
2530;3952.56917;0.01
2530;3952.56917;0
2530;3952.56917;0
2530;3952.56917;-0.01
2530;3952.56917;-0.02
2530;3952.56917;-0.03
2531;3951.007507;-0.04
2531;3951.007507;-0.04
2531;3951.007507;-0.05
2531;3951.007507;-0.05
2531;3951.007507;-0.05
2531;3951.007507;-0.05
2531;3951.007507;-0.05
2532;3949.447077;-0.04
2532;3949.447077;-0.04
2532;3949.447077;-0.03
2532;3949.447077;-0.02
2532;3949.447077;-0.01
2532;3949.447077;0.01
2533;3947.88788;0.04
2533;3947.88788;0.06
2533;3947.88788;0.08
2533;3947.88788;0.08
2533;3947.88788;0.08
2533;3947.88788;0.07
2533;3947.88788;0.05
2534;3946.329913;0.02
2534;3946.329913;-0.01
2534;3946.329913;-0.03
2534;3946.329913;-0.04
2534;3946.329913;-0.05
2534;3946.329913;-0.04
2535;3944.773176;-0.04
2535;3944.773176;-0.03
2535;3944.773176;-0.02
2535;3944.773176;-0.01
2535;3944.773176;0
2535;3944.773176;0.02
2535;3944.773176;0.05
2536;3943.217666;0.07
2536;3943.217666;0.09
2536;3943.217666;0.11
2536;3943.217666;0.12
2536;3943.217666;0.11
2536;3943.217666;0.11
2537;3941.663382;0.1
2537;3941.663382;0.09
2537;3941.663382;0.08
2537;3941.663382;0.08
2537;3941.663382;0.08
2537;3941.663382;0.07
2537;3941.663382;0.06
2538;3940.110323;0.04
2538;3940.110323;0.02
2538;3940.110323;-0.01
2538;3940.110323;-0.04
2538;3940.110323;-0.06
2538;3940.110323;-0.08
2539;3938.558488;-0.09
2539;3938.558488;-0.1
2539;3938.558488;-0.1
2539;3938.558488;-0.09
2539;3938.558488;-0.07
2539;3938.558488;-0.06
2540;3937.007874;-0.04
2540;3937.007874;-0.03
2540;3937.007874;-0.03
2540;3937.007874;-0.04
2540;3937.007874;-0.05
2540;3937.007874;-0.06
2540;3937.007874;-0.07
2541;3935.458481;-0.07
2541;3935.458481;-0.06
2541;3935.458481;-0.05
2541;3935.458481;-0.04
2541;3935.458481;-0.03
2541;3935.458481;-0.03
2542;3933.910307;-0.03
2542;3933.910307;-0.03
2542;3933.910307;-0.04
2542;3933.910307;-0.04
2542;3933.910307;-0.04
2542;3933.910307;-0.03
2542;3933.910307;-0.01
2543;3932.36335;0
2543;3932.36335;0
2543;3932.36335;0
2543;3932.36335;-0.01
2543;3932.36335;-0.02
2543;3932.36335;-0.03
2544;3930.81761;-0.04
2544;3930.81761;-0.03
2544;3930.81761;-0.03
2544;3930.81761;-0.02
2544;3930.81761;-0.01
2544;3930.81761;0
2545;3929.273084;0
2545;3929.273084;0.01
2545;3929.273084;0.01
2545;3929.273084;0.02
2545;3929.273084;0.03
2545;3929.273084;0.05
2545;3929.273084;0.06
2546;3927.729772;0.08
2546;3927.729772;0.08
2546;3927.729772;0.09
2546;3927.729772;0.08
2546;3927.729772;0.07
2546;3927.729772;0.05
2547;3926.187672;0.03
2547;3926.187672;0
2547;3926.187672;-0.03
2547;3926.187672;-0.05
2547;3926.187672;-0.07
2547;3926.187672;-0.08
2547;3926.187672;-0.09
2548;3924.646782;-0.09
2548;3924.646782;-0.08
2548;3924.646782;-0.07
2548;3924.646782;-0.07
2548;3924.646782;-0.08
2548;3924.646782;-0.08
2549;3923.107101;-0.09
2549;3923.107101;-0.1
2549;3923.107101;-0.09
2549;3923.107101;-0.08
2549;3923.107101;-0.07
2549;3923.107101;-0.04
2550;3921.568627;-0.02
2550;3921.568627;0
2550;3921.568627;0.02
2550;3921.568627;0.03
2550;3921.568627;0.04
2550;3921.568627;0.04
2550;3921.568627;0.04
2551;3920.03136;0.04
2551;3920.03136;0.04
2551;3920.03136;0.04
2551;3920.03136;0.04
2551;3920.03136;0.04
2551;3920.03136;0.03
2552;3918.495298;0.03
2552;3918.495298;0.02
2552;3918.495298;0.02
2552;3918.495298;0.02
2552;3918.495298;0.02
2552;3918.495298;0.03
2552;3918.495298;0.04
2553;3916.960439;0.05
2553;3916.960439;0.07
2553;3916.960439;0.09
2553;3916.960439;0.1
2553;3916.960439;0.11
2553;3916.960439;0.12
2554;3915.426782;0.12
2554;3915.426782;0.13
2554;3915.426782;0.12
2554;3915.426782;0.11
2554;3915.426782;0.1
2554;3915.426782;0.08
2555;3913.894325;0.06
2555;3913.894325;0.04
2555;3913.894325;0.01
2555;3913.894325;-0.01
2555;3913.894325;-0.02
2555;3913.894325;-0.03
2555;3913.894325;-0.03
2556;3912.363067;-0.02
2556;3912.363067;-0.02
2556;3912.363067;-0.02
2556;3912.363067;-0.02
2556;3912.363067;-0.03
2556;3912.363067;-0.04
2557;3910.833007;-0.05
2557;3910.833007;-0.05
2557;3910.833007;-0.06
2557;3910.833007;-0.07
2557;3910.833007;-0.07
2557;3910.833007;-0.07
2558;3909.304144;-0.06
2558;3909.304144;-0.05
2558;3909.304144;-0.02
2558;3909.304144;0.01
2558;3909.304144;0.04
2558;3909.304144;0.07
2558;3909.304144;0.09
2559;3907.776475;0.1
2559;3907.776475;0.1
2559;3907.776475;0.08
2559;3907.776475;0.06
2559;3907.776475;0.03
2559;3907.776475;0
2560;3906.25;-0.03
2560;3906.25;-0.06
2560;3906.25;-0.08
2560;3906.25;-0.09
2560;3906.25;-0.09
2560;3906.25;-0.09
2561;3904.724717;-0.07
2561;3904.724717;-0.05
2561;3904.724717;-0.03
2561;3904.724717;-0.02
2561;3904.724717;0
2561;3904.724717;0
2561;3904.724717;0
2562;3903.200625;0
2562;3903.200625;0
2562;3903.200625;-0.01
2562;3903.200625;-0.01
2562;3903.200625;-0.02
2562;3903.200625;-0.02
2563;3901.677721;-0.03
2563;3901.677721;-0.04
2563;3901.677721;-0.04
2563;3901.677721;-0.04
2563;3901.677721;-0.03
2563;3901.677721;-0.02
2564;3900.156006;-0.01
2564;3900.156006;0.01
2564;3900.156006;0.03
2564;3900.156006;0.05
2564;3900.156006;0.07
2564;3900.156006;0.08
2564;3900.156006;0.09
2565;3898.635478;0.1
2565;3898.635478;0.1
2565;3898.635478;0.11
2565;3898.635478;0.11
2565;3898.635478;0.1
2565;3898.635478;0.1
2566;3897.116134;0.1
2566;3897.116134;0.1
2566;3897.116134;0.1
2566;3897.116134;0.09
2566;3897.116134;0.08
2566;3897.116134;0.06
2567;3895.597974;0.04
2567;3895.597974;0.03
2567;3895.597974;0.02
2567;3895.597974;0.02
2567;3895.597974;0.02
2567;3895.597974;0.02
2567;3895.597974;0.02
2568;3894.080997;0.02
2568;3894.080997;0.01
2568;3894.080997;0
2568;3894.080997;-0.02
2568;3894.080997;-0.04
2568;3894.080997;-0.05
2569;3892.5652;-0.06
2569;3892.5652;-0.05
2569;3892.5652;-0.04
2569;3892.5652;-0.01
2569;3892.5652;0.02
2569;3892.5652;0.05
2570;3891.050584;0.06
2570;3891.050584;0.06
2570;3891.050584;0.05
2570;3891.050584;0.01
2570;3891.050584;-0.02
2570;3891.050584;-0.06
2571;3889.537145;-0.09
2571;3889.537145;-0.1
2571;3889.537145;-0.11
2571;3889.537145;-0.11
2571;3889.537145;-0.11
2571;3889.537145;-0.1
2571;3889.537145;-0.1
2572;3888.024883;-0.1
2572;3888.024883;-0.09
2572;3888.024883;-0.08
2572;3888.024883;-0.05
2572;3888.024883;-0.02
2572;3888.024883;0.02
2573;3886.513797;0.06
2573;3886.513797;0.08
2573;3886.513797;0.1
2573;3886.513797;0.1
2573;3886.513797;0.09
2573;3886.513797;0.08
2574;3885.003885;0.07
2574;3885.003885;0.05
2574;3885.003885;0.05
2574;3885.003885;0.05
2574;3885.003885;0.06
2574;3885.003885;0.07
2575;3883.495146;0.08
2575;3883.495146;0.1
2575;3883.495146;0.12
2575;3883.495146;0.13
2575;3883.495146;0.13
2575;3883.495146;0.13
2575;3883.495146;0.13
2576;3881.987578;0.11
2576;3881.987578;0.1
2576;3881.987578;0.08
2576;3881.987578;0.07
2576;3881.987578;0.07
2576;3881.987578;0.07
2577;3880.48118;0.07
2577;3880.48118;0.07
2577;3880.48118;0.07
2577;3880.48118;0.06
2577;3880.48118;0.04
2577;3880.48118;0.01
2578;3878.97595;-0.02
2578;3878.97595;-0.04
2578;3878.97595;-0.05
2578;3878.97595;-0.05
2578;3878.97595;-0.04
2578;3878.97595;-0.02
2579;3877.471888;0
2579;3877.471888;0.03
2579;3877.471888;0.05
2579;3877.471888;0.05
2579;3877.471888;0.05
2579;3877.471888;0.04
2579;3877.471888;0.03
2580;3875.968992;0.01
2580;3875.968992;0
2580;3875.968992;0
2580;3875.968992;0.01
2580;3875.968992;0.02
2580;3875.968992;0.03
2581;3874.467261;0.04
2581;3874.467261;0.05
2581;3874.467261;0.04
2581;3874.467261;0.03
2581;3874.467261;0.01
2581;3874.467261;-0.01
2582;3872.966692;-0.03
2582;3872.966692;-0.05
2582;3872.966692;-0.05
2582;3872.966692;-0.04
2582;3872.966692;-0.02
2582;3872.966692;0.01
2583;3871.467286;0.04
2583;3871.467286;0.07
2583;3871.467286;0.1
2583;3871.467286;0.13
2583;3871.467286;0.15
2583;3871.467286;0.15
2583;3871.467286;0.15
2584;3869.96904;0.12
2584;3869.96904;0.09
2584;3869.96904;0.04
2584;3869.96904;-0.01
2584;3869.96904;-0.06
2584;3869.96904;-0.11
2585;3868.471954;-0.14
2585;3868.471954;-0.16
2585;3868.471954;-0.17
2585;3868.471954;-0.16
2585;3868.471954;-0.15
2585;3868.471954;-0.13
2586;3866.976025;-0.11
2586;3866.976025;-0.07
2586;3866.976025;-0.04
2586;3866.976025;-0.01
2586;3866.976025;0.01
2586;3866.976025;0.02
2587;3865.481252;0.02
2587;3865.481252;0.01
2587;3865.481252;-0.01
2587;3865.481252;-0.02
2587;3865.481252;-0.02
2587;3865.481252;-0.01
2588;3863.987635;0
2588;3863.987635;0.02
2588;3863.987635;0.03
2588;3863.987635;0.03
2588;3863.987635;0.02
2588;3863.987635;0
2588;3863.987635;-0.03
2589;3862.495172;-0.05
2589;3862.495172;-0.07
2589;3862.495172;-0.08
2589;3862.495172;-0.08
2589;3862.495172;-0.07
2589;3862.495172;-0.05
2590;3861.003861;-0.04
2590;3861.003861;-0.02
2590;3861.003861;0
2590;3861.003861;0.01
2590;3861.003861;0.02
2590;3861.003861;0.02
2591;3859.513701;0.02
2591;3859.513701;0.01
2591;3859.513701;0
2591;3859.513701;-0.01
2591;3859.513701;-0.02
2591;3859.513701;-0.04
2592;3858.024691;-0.05
2592;3858.024691;-0.06
2592;3858.024691;-0.08
2592;3858.024691;-0.09
2592;3858.024691;-0.09
2592;3858.024691;-0.1
2593;3856.53683;-0.1
2593;3856.53683;-0.09
2593;3856.53683;-0.09
2593;3856.53683;-0.09
2593;3856.53683;-0.09
2593;3856.53683;-0.09
2594;3855.050116;-0.1
2594;3855.050116;-0.1
2594;3855.050116;-0.09
2594;3855.050116;-0.07
2594;3855.050116;-0.04
2594;3855.050116;0
2594;3855.050116;0.04
2595;3853.564547;0.07
2595;3853.564547;0.08
2595;3853.564547;0.09
2595;3853.564547;0.08
2595;3853.564547;0.07
2595;3853.564547;0.06
2596;3852.080123;0.05
2596;3852.080123;0.04
2596;3852.080123;0.04
2596;3852.080123;0.03
2596;3852.080123;0.03
2596;3852.080123;0.04
2597;3850.596843;0.05
2597;3850.596843;0.06
2597;3850.596843;0.08
2597;3850.596843;0.1
2597;3850.596843;0.11
2597;3850.596843;0.1
2598;3849.114704;0.09
2598;3849.114704;0.07
2598;3849.114704;0.04
2598;3849.114704;0.02
2598;3849.114704;0
2598;3849.114704;-0.01
2599;3847.633705;-0.01
2599;3847.633705;-0.01
2599;3847.633705;0
2599;3847.633705;0.01
2599;3847.633705;0.01
2599;3847.633705;0.01
2600;3846.153846;0.01
2600;3846.153846;0.01
2600;3846.153846;0
2600;3846.153846;0
2600;3846.153846;0
2600;3846.153846;0
2600;3846.153846;0.01
2601;3844.675125;0.02
2601;3844.675125;0.03
2601;3844.675125;0.03
2601;3844.675125;0.04
2601;3844.675125;0.04
2601;3844.675125;0.03
2602;3843.19754;0.02
2602;3843.19754;0.01
2602;3843.19754;-0.01
2602;3843.19754;-0.03
2602;3843.19754;-0.04
2602;3843.19754;-0.04
2603;3841.721091;-0.04
2603;3841.721091;-0.04
2603;3841.721091;-0.03
2603;3841.721091;-0.01
2603;3841.721091;0.02
2603;3841.721091;0.04
2604;3840.245776;0.06
2604;3840.245776;0.08
2604;3840.245776;0.09
2604;3840.245776;0.09
2604;3840.245776;0.08
2604;3840.245776;0.06
2605;3838.771593;0.04
2605;3838.771593;0.01
2605;3838.771593;-0.02
2605;3838.771593;-0.04
2605;3838.771593;-0.07
2605;3838.771593;-0.08
2606;3837.298542;-0.1
2606;3837.298542;-0.1
2606;3837.298542;-0.1
2606;3837.298542;-0.09
2606;3837.298542;-0.08
2606;3837.298542;-0.07
2607;3835.826621;-0.06
2607;3835.826621;-0.06
2607;3835.826621;-0.05
2607;3835.826621;-0.04
2607;3835.826621;-0.04
2607;3835.826621;-0.03
2608;3834.355828;-0.02
2608;3834.355828;-0.02
2608;3834.355828;-0.01
2608;3834.355828;-0.01
2608;3834.355828;-0.01
2608;3834.355828;-0.01
2609;3832.886163;-0.01
2609;3832.886163;-0.01
2609;3832.886163;-0.02
2609;3832.886163;-0.02
2609;3832.886163;-0.02
2609;3832.886163;-0.01
2609;3832.886163;0
2610;3831.417625;0.01
2610;3831.417625;0.02
2610;3831.417625;0.03
2610;3831.417625;0.03
2610;3831.417625;0.02
2610;3831.417625;0.01
2611;3829.950211;0
2611;3829.950211;0
2611;3829.950211;0.02
2611;3829.950211;0.04
2611;3829.950211;0.07
2611;3829.950211;0.1
2612;3828.48392;0.13
2612;3828.48392;0.14
2612;3828.48392;0.15
2612;3828.48392;0.14
2612;3828.48392;0.13
2612;3828.48392;0.1
2613;3827.018752;0.08
2613;3827.018752;0.06
2613;3827.018752;0.03
2613;3827.018752;0.01
2613;3827.018752;-0.01
2613;3827.018752;-0.02
2614;3825.554705;-0.03
2614;3825.554705;-0.03
2614;3825.554705;-0.03
2614;3825.554705;-0.02
2614;3825.554705;-0.01
2614;3825.554705;0
2615;3824.091778;0.01
2615;3824.091778;0.01
2615;3824.091778;0.02
2615;3824.091778;0.04
2615;3824.091778;0.06
2615;3824.091778;0.08
2616;3822.629969;0.1
2616;3822.629969;0.12
2616;3822.629969;0.14
2616;3822.629969;0.14
2616;3822.629969;0.13
2616;3822.629969;0.12
2617;3821.169278;0.09
2617;3821.169278;0.06
2617;3821.169278;0.03
2617;3821.169278;0
2617;3821.169278;-0.04
2617;3821.169278;-0.07
2618;3819.709702;-0.1
2618;3819.709702;-0.11
2618;3819.709702;-0.12
2618;3819.709702;-0.11
2618;3819.709702;-0.1
2618;3819.709702;-0.09
2619;3818.251241;-0.08
2619;3818.251241;-0.08
2619;3818.251241;-0.08
2619;3818.251241;-0.08
2619;3818.251241;-0.08
2619;3818.251241;-0.07
2620;3816.793893;-0.05
2620;3816.793893;-0.02
2620;3816.793893;0.02
2620;3816.793893;0.05
2620;3816.793893;0.08
2620;3816.793893;0.09
2621;3815.337657;0.1
2621;3815.337657;0.09
2621;3815.337657;0.07
2621;3815.337657;0.05
2621;3815.337657;0.03
2621;3815.337657;0.02
2622;3813.882532;0.02
2622;3813.882532;0.02
2622;3813.882532;0.03
2622;3813.882532;0.04
2622;3813.882532;0.06
2622;3813.882532;0.07
2623;3812.428517;0.08
2623;3812.428517;0.09
2623;3812.428517;0.09
2623;3812.428517;0.09
2623;3812.428517;0.08
2623;3812.428517;0.07
2624;3810.97561;0.07
2624;3810.97561;0.06
2624;3810.97561;0.06
2624;3810.97561;0.06
2624;3810.97561;0.06
2624;3810.97561;0.05
2625;3809.52381;0.05
2625;3809.52381;0.04
2625;3809.52381;0.04
2625;3809.52381;0.05
2625;3809.52381;0.06
2625;3809.52381;0.08
2626;3808.073115;0.11
2626;3808.073115;0.13
2626;3808.073115;0.15
2626;3808.073115;0.16
2626;3808.073115;0.15
2626;3808.073115;0.13
2627;3806.623525;0.09
2627;3806.623525;0.05
2627;3806.623525;0.02
2627;3806.623525;-0.01
2627;3806.623525;-0.03
2627;3806.623525;-0.04
2628;3805.175038;-0.04
2628;3805.175038;-0.04
2628;3805.175038;-0.04
2628;3805.175038;-0.05
2628;3805.175038;-0.07
2628;3805.175038;-0.08
2629;3803.727653;-0.09
2629;3803.727653;-0.11
2629;3803.727653;-0.11
2629;3803.727653;-0.11
2629;3803.727653;-0.1
2629;3803.727653;-0.09
2630;3802.281369;-0.08
2630;3802.281369;-0.07
2630;3802.281369;-0.06
2630;3802.281369;-0.05
2630;3802.281369;-0.04
2630;3802.281369;-0.03
2631;3800.836184;-0.01
2631;3800.836184;0.01
2631;3800.836184;0.03
2631;3800.836184;0.04
2631;3800.836184;0.06
2631;3800.836184;0.06
2632;3799.392097;0.06
2632;3799.392097;0.05
2632;3799.392097;0.03
2632;3799.392097;0.02
2632;3799.392097;0
2632;3799.392097;-0.01
2633;3797.949107;-0.02
2633;3797.949107;-0.03
2633;3797.949107;-0.03
2633;3797.949107;-0.04
2633;3797.949107;-0.05
2633;3797.949107;-0.06
2634;3796.507213;-0.06
2634;3796.507213;-0.06
2634;3796.507213;-0.06
2634;3796.507213;-0.05
2634;3796.507213;-0.03
2634;3796.507213;-0.01
2635;3795.066414;0.01
2635;3795.066414;0.02
2635;3795.066414;0.02
2635;3795.066414;0.02
2635;3795.066414;0.02
2635;3795.066414;0.01
2636;3793.626707;0
2636;3793.626707;-0.01
2636;3793.626707;-0.02
2636;3793.626707;-0.03
2636;3793.626707;-0.04
2636;3793.626707;-0.05
2637;3792.188093;-0.05
2637;3792.188093;-0.05
2637;3792.188093;-0.04
2637;3792.188093;-0.02
2637;3792.188093;0
2637;3792.188093;0.03
2638;3790.750569;0.06
2638;3790.750569;0.09
2638;3790.750569;0.1
2638;3790.750569;0.11
2638;3790.750569;0.1
2638;3790.750569;0.09
2639;3789.314134;0.08
2639;3789.314134;0.06
2639;3789.314134;0.05
2639;3789.314134;0.04
2639;3789.314134;0.04
2639;3789.314134;0.04
2640;3787.878788;0.05
2640;3787.878788;0.06
2640;3787.878788;0.06
2640;3787.878788;0.06
2640;3787.878788;0.05
2640;3787.878788;0.04
2641;3786.444529;0.04
2641;3786.444529;0.03
2641;3786.444529;0.02
2641;3786.444529;0.02
2641;3786.444529;0.01
2641;3786.444529;0
2642;3785.011355;-0.01
2642;3785.011355;-0.03
2642;3785.011355;-0.06
2642;3785.011355;-0.08
2642;3785.011355;-0.1
2642;3785.011355;-0.11
2643;3783.579266;-0.11
2643;3783.579266;-0.1
2643;3783.579266;-0.08
2643;3783.579266;-0.07
2643;3783.579266;-0.06
2643;3783.579266;-0.05
2644;3782.14826;-0.06
2644;3782.14826;-0.07
2644;3782.14826;-0.09
2644;3782.14826;-0.11
2644;3782.14826;-0.12
2644;3782.14826;-0.13
2645;3780.718336;-0.12
2645;3780.718336;-0.11
2645;3780.718336;-0.09
2645;3780.718336;-0.07
2645;3780.718336;-0.05
2645;3780.718336;-0.03
2646;3779.289494;-0.01
2646;3779.289494;0
2646;3779.289494;0
2646;3779.289494;0
2646;3779.289494;0
2646;3779.289494;0
2647;3777.86173;-0.01
2647;3777.86173;-0.01
2647;3777.86173;-0.01
2647;3777.86173;-0.01
2647;3777.86173;0
2647;3777.86173;0
2648;3776.435045;0
2648;3776.435045;-0.01
2648;3776.435045;-0.02
2648;3776.435045;-0.03
2648;3776.435045;-0.04
2648;3776.435045;-0.04
2649;3775.009438;-0.05
2649;3775.009438;-0.04
2649;3775.009438;-0.03
2649;3775.009438;-0.01
2649;3775.009438;0.01
2649;3775.009438;0.03
2650;3773.584906;0.04
2650;3773.584906;0.06
2650;3773.584906;0.07
2650;3773.584906;0.07
2650;3773.584906;0.08
2651;3772.161449;0.09
2651;3772.161449;0.11
2651;3772.161449;0.12
2651;3772.161449;0.14
2651;3772.161449;0.15
2651;3772.161449;0.15
2652;3770.739065;0.14
2652;3770.739065;0.13
2652;3770.739065;0.11
2652;3770.739065;0.09
2652;3770.739065;0.07
2652;3770.739065;0.05
2653;3769.317753;0.04
2653;3769.317753;0.03
2653;3769.317753;0.02
2653;3769.317753;0.01
2653;3769.317753;0
2653;3769.317753;-0.01
2654;3767.897513;-0.02
2654;3767.897513;-0.01
2654;3767.897513;0
2654;3767.897513;0.01
2654;3767.897513;0.03
2654;3767.897513;0.05
2655;3766.478343;0.06
2655;3766.478343;0.07
2655;3766.478343;0.06
2655;3766.478343;0.05
2655;3766.478343;0.04
2655;3766.478343;0.02
2656;3765.060241;0.01
2656;3765.060241;-0.01
2656;3765.060241;-0.02
2656;3765.060241;-0.03
2656;3765.060241;-0.03
2656;3765.060241;-0.03
2657;3763.643207;-0.03
2657;3763.643207;-0.02
2657;3763.643207;-0.01
2657;3763.643207;0.01
2657;3763.643207;0.02
2657;3763.643207;0.04
2658;3762.227239;0.04
2658;3762.227239;0.04
2658;3762.227239;0.03
2658;3762.227239;0.02
2658;3762.227239;0
2658;3762.227239;-0.01
2659;3760.812335;-0.02
2659;3760.812335;-0.02
2659;3760.812335;-0.02
2659;3760.812335;-0.02
2659;3760.812335;-0.01
2660;3759.398496;0
2660;3759.398496;0.01
2660;3759.398496;0.03
2660;3759.398496;0.04
2660;3759.398496;0.05
2660;3759.398496;0.07
2661;3757.98572;0.07
2661;3757.98572;0.08
2661;3757.98572;0.08
2661;3757.98572;0.07
2661;3757.98572;0.07
2661;3757.98572;0.06
2662;3756.574005;0.05
2662;3756.574005;0.04
2662;3756.574005;0.03
2662;3756.574005;0.02
2662;3756.574005;0
2662;3756.574005;-0.02
2663;3755.16335;-0.03
2663;3755.16335;-0.05
2663;3755.16335;-0.06
2663;3755.16335;-0.07
2663;3755.16335;-0.08
2663;3755.16335;-0.08
2664;3753.753754;-0.07
2664;3753.753754;-0.07
2664;3753.753754;-0.07
2664;3753.753754;-0.06
2664;3753.753754;-0.05
2664;3753.753754;-0.03
2665;3752.345216;-0.01
2665;3752.345216;0.01
2665;3752.345216;0.03
2665;3752.345216;0.05
2665;3752.345216;0.07
2665;3752.345216;0.09
2666;3750.937734;0.1
2666;3750.937734;0.11
2666;3750.937734;0.13
2666;3750.937734;0.14
2666;3750.937734;0.16
2667;3749.531309;0.17
2667;3749.531309;0.18
2667;3749.531309;0.17
2667;3749.531309;0.15
2667;3749.531309;0.12
2667;3749.531309;0.08
2668;3748.125937;0.04
2668;3748.125937;-0.01
2668;3748.125937;-0.04
2668;3748.125937;-0.07
2668;3748.125937;-0.09
2668;3748.125937;-0.09
2669;3746.721619;-0.09
2669;3746.721619;-0.08
2669;3746.721619;-0.06
2669;3746.721619;-0.05
2669;3746.721619;-0.04
2669;3746.721619;-0.04
2670;3745.318352;-0.03
2670;3745.318352;-0.03
2670;3745.318352;-0.02
2670;3745.318352;-0.02
2670;3745.318352;-0.02
2670;3745.318352;-0.01
2671;3743.916136;-0.01
2671;3743.916136;0
2671;3743.916136;0
2671;3743.916136;0.01
2671;3743.916136;0.02
2672;3742.51497;0.03
2672;3742.51497;0.04
2672;3742.51497;0.04
2672;3742.51497;0.04
2672;3742.51497;0.03
2672;3742.51497;0.01
2673;3741.114852;-0.01
2673;3741.114852;-0.03
2673;3741.114852;-0.05
2673;3741.114852;-0.06
2673;3741.114852;-0.07
2673;3741.114852;-0.06
2674;3739.715782;-0.05
2674;3739.715782;-0.03
2674;3739.715782;-0.01
2674;3739.715782;0.01
2674;3739.715782;0.02
2674;3739.715782;0.04
2675;3738.317757;0.04
2675;3738.317757;0.04
2675;3738.317757;0.02
2675;3738.317757;0.01
2675;3738.317757;-0.01
2675;3738.317757;-0.03
2676;3736.920777;-0.04
2676;3736.920777;-0.03
2676;3736.920777;-0.02
2676;3736.920777;0
2676;3736.920777;0.01
2676;3736.920777;0.03
2677;3735.524841;0.03
2677;3735.524841;0.03
2677;3735.524841;0.02
2677;3735.524841;0.01
2677;3735.524841;0
2678;3734.129948;0
2678;3734.129948;-0.01
2678;3734.129948;-0.01
2678;3734.129948;0
2678;3734.129948;0
2678;3734.129948;0
2679;3732.736096;0
2679;3732.736096;0.01
2679;3732.736096;0.02
2679;3732.736096;0.03
2679;3732.736096;0.04
2679;3732.736096;0.06
2680;3731.343284;0.07
2680;3731.343284;0.08
2680;3731.343284;0.1
2680;3731.343284;0.11
2680;3731.343284;0.11
2680;3731.343284;0.11
2681;3729.951511;0.11
2681;3729.951511;0.1
2681;3729.951511;0.08
2681;3729.951511;0.07
2681;3729.951511;0.05
2682;3728.560776;0.04
2682;3728.560776;0.03
2682;3728.560776;0.02
2682;3728.560776;0.01
2682;3728.560776;0.01
2682;3728.560776;0
2683;3727.171077;0
2683;3727.171077;0
2683;3727.171077;0
2683;3727.171077;0.01
2683;3727.171077;0.01
2683;3727.171077;0.02
2684;3725.782414;0.01
2684;3725.782414;-0.01
2684;3725.782414;-0.03
2684;3725.782414;-0.05
2684;3725.782414;-0.06
2684;3725.782414;-0.07
2685;3724.394786;-0.06
2685;3724.394786;-0.04
2685;3724.394786;-0.03
2685;3724.394786;-0.01
2685;3724.394786;0
2686;3723.008191;0
2686;3723.008191;-0.01
2686;3723.008191;-0.03
2686;3723.008191;-0.04
2686;3723.008191;-0.05
2686;3723.008191;-0.04
2687;3721.622627;-0.01
2687;3721.622627;0.03
2687;3721.622627;0.07
2687;3721.622627;0.11
2687;3721.622627;0.15
2687;3721.622627;0.18
2688;3720.238095;0.19
2688;3720.238095;0.2
2688;3720.238095;0.19
2688;3720.238095;0.19
2688;3720.238095;0.18
2688;3720.238095;0.16
2689;3718.854593;0.15
2689;3718.854593;0.13
2689;3718.854593;0.1
2689;3718.854593;0.08
2689;3718.854593;0.06
2690;3717.472119;0.05
2690;3717.472119;0.05
2690;3717.472119;0.07
2690;3717.472119;0.1
2690;3717.472119;0.13
2690;3717.472119;0.17
2691;3716.090673;0.2
2691;3716.090673;0.22
2691;3716.090673;0.23
2691;3716.090673;0.23
2691;3716.090673;0.23
2691;3716.090673;0.23
2692;3714.710253;0.22
2692;3714.710253;0.22
2692;3714.710253;0.22
2692;3714.710253;0.22
2692;3714.710253;0.21
2692;3714.710253;0.2
2693;3713.330858;0.18
2693;3713.330858;0.17
2693;3713.330858;0.14
2693;3713.330858;0.12
2693;3713.330858;0.1
2694;3711.952487;0.07
2694;3711.952487;0.05
2694;3711.952487;0.04
2694;3711.952487;0.04
2694;3711.952487;0.04
2694;3711.952487;0.05
2695;3710.575139;0.06
2695;3710.575139;0.07
2695;3710.575139;0.08
2695;3710.575139;0.08
2695;3710.575139;0.07
2695;3710.575139;0.06
2696;3709.198813;0.05
2696;3709.198813;0.05
2696;3709.198813;0.06
2696;3709.198813;0.07
2696;3709.198813;0.09
2697;3707.823508;0.1
2697;3707.823508;0.1
2697;3707.823508;0.09
2697;3707.823508;0.06
2697;3707.823508;0.01
2697;3707.823508;-0.04
2698;3706.449222;-0.09
2698;3706.449222;-0.13
2698;3706.449222;-0.15
2698;3706.449222;-0.15
2698;3706.449222;-0.13
2698;3706.449222;-0.09
2699;3705.075954;-0.06
2699;3705.075954;-0.03
2699;3705.075954;-0.01
2699;3705.075954;-0.01
2699;3705.075954;-0.02
2699;3705.075954;-0.04
2700;3703.703704;-0.06
2700;3703.703704;-0.08
2700;3703.703704;-0.08
2700;3703.703704;-0.08
2700;3703.703704;-0.07
2701;3702.332469;-0.06
2701;3702.332469;-0.04
2701;3702.332469;-0.03
2701;3702.332469;-0.01
2701;3702.332469;0.01
2701;3702.332469;0.02
2702;3700.96225;0.02
2702;3700.96225;0.03
2702;3700.96225;0.03
2702;3700.96225;0.03
2702;3700.96225;0.04
2702;3700.96225;0.04
2703;3699.593045;0.05
2703;3699.593045;0.06
2703;3699.593045;0.06
2703;3699.593045;0.06
2703;3699.593045;0.05
2704;3698.224852;0.04
2704;3698.224852;0.03
2704;3698.224852;0.02
2704;3698.224852;0.02
2704;3698.224852;0.02
2704;3698.224852;0.02
2705;3696.857671;0.02
2705;3696.857671;0.02
2705;3696.857671;0.02
2705;3696.857671;0.03
2705;3696.857671;0.04
2705;3696.857671;0.05
2706;3695.4915;0.07
2706;3695.4915;0.09
2706;3695.4915;0.09
2706;3695.4915;0.09
2706;3695.4915;0.07
2707;3694.126339;0.04
2707;3694.126339;0
2707;3694.126339;-0.04
2707;3694.126339;-0.06
2707;3694.126339;-0.07
2707;3694.126339;-0.06
2708;3692.762186;-0.02
2708;3692.762186;0.02
2708;3692.762186;0.06
2708;3692.762186;0.1
2708;3692.762186;0.12
2708;3692.762186;0.13
2709;3691.39904;0.12
2709;3691.39904;0.1
2709;3691.39904;0.07
2709;3691.39904;0.03
2709;3691.39904;0
2710;3690.0369;-0.04
2710;3690.0369;-0.06
2710;3690.0369;-0.07
2710;3690.0369;-0.08
2710;3690.0369;-0.08
2710;3690.0369;-0.07
2711;3688.675765;-0.06
2711;3688.675765;-0.05
2711;3688.675765;-0.03
2711;3688.675765;-0.01
2711;3688.675765;0.01
2711;3688.675765;0.03
2712;3687.315634;0.04
2712;3687.315634;0.05
2712;3687.315634;0.04
2712;3687.315634;0.02
2712;3687.315634;0
2713;3685.956506;-0.03
2713;3685.956506;-0.05
2713;3685.956506;-0.07
2713;3685.956506;-0.08
2713;3685.956506;-0.08
2713;3685.956506;-0.06
2714;3684.598379;-0.04
2714;3684.598379;-0.02
2714;3684.598379;0
2714;3684.598379;0.01
2714;3684.598379;0.02
2715;3683.241252;0.03
2715;3683.241252;0.03
2715;3683.241252;0.03
2715;3683.241252;0.04
2715;3683.241252;0.05
2715;3683.241252;0.07
2716;3681.885125;0.1
2716;3681.885125;0.14
2716;3681.885125;0.17
2716;3681.885125;0.2
2716;3681.885125;0.21
2716;3681.885125;0.22
2717;3680.529996;0.2
2717;3680.529996;0.18
2717;3680.529996;0.14
2717;3680.529996;0.09
2717;3680.529996;0.04
2718;3679.175865;-0.01
2718;3679.175865;-0.06
2718;3679.175865;-0.11
2718;3679.175865;-0.14
2718;3679.175865;-0.16
2718;3679.175865;-0.17
2719;3677.822729;-0.17
2719;3677.822729;-0.16
2719;3677.822729;-0.14
2719;3677.822729;-0.12
2719;3677.822729;-0.1
2719;3677.822729;-0.08
2720;3676.470588;-0.06
2720;3676.470588;-0.04
2720;3676.470588;-0.03
2720;3676.470588;-0.01
2720;3676.470588;0
2721;3675.119441;0.01
2721;3675.119441;0.01
2721;3675.119441;0.01
2721;3675.119441;0
2721;3675.119441;0
2721;3675.119441;-0.01
2722;3673.769287;-0.02
2722;3673.769287;-0.02
2722;3673.769287;-0.03
2722;3673.769287;-0.04
2722;3673.769287;-0.05
2723;3672.420125;-0.05
2723;3672.420125;-0.06
2723;3672.420125;-0.06
2723;3672.420125;-0.06
2723;3672.420125;-0.05
2723;3672.420125;-0.04
2724;3671.071953;-0.02
2724;3671.071953;0.01
2724;3671.071953;0.03
2724;3671.071953;0.06
2724;3671.071953;0.08
2724;3671.071953;0.09
2725;3669.724771;0.09
2725;3669.724771;0.08
2725;3669.724771;0.06
2725;3669.724771;0.03
2725;3669.724771;-0.01
2726;3668.378577;-0.04
2726;3668.378577;-0.07
2726;3668.378577;-0.1
2726;3668.378577;-0.12
2726;3668.378577;-0.13
2726;3668.378577;-0.12
2727;3667.03337;-0.11
2727;3667.03337;-0.08
2727;3667.03337;-0.05
2727;3667.03337;-0.02
2727;3667.03337;0.01
2728;3665.68915;0.03
2728;3665.68915;0.03
2728;3665.68915;0.03
2728;3665.68915;0.02
2728;3665.68915;0.01
2728;3665.68915;0
2729;3664.345914;-0.01
2729;3664.345914;-0.01
2729;3664.345914;-0.01
2729;3664.345914;-0.01
2729;3664.345914;0
2730;3663.003663;0.01
2730;3663.003663;0.02
2730;3663.003663;0.04
2730;3663.003663;0.06
2730;3663.003663;0.09
2730;3663.003663;0.11
2731;3661.662395;0.13
2731;3661.662395;0.14
2731;3661.662395;0.14
2731;3661.662395;0.14
2731;3661.662395;0.13
2731;3661.662395;0.12
2732;3660.322108;0.1
2732;3660.322108;0.09
2732;3660.322108;0.07
2732;3660.322108;0.06
2732;3660.322108;0.04
2733;3658.982803;0.03
2733;3658.982803;0.02
2733;3658.982803;0.02
2733;3658.982803;0.01
2733;3658.982803;0
2733;3658.982803;0
2734;3657.644477;-0.01
2734;3657.644477;-0.02
2734;3657.644477;-0.02
2734;3657.644477;-0.02
2734;3657.644477;-0.03
2735;3656.30713;-0.03
2735;3656.30713;-0.03
2735;3656.30713;-0.03
2735;3656.30713;-0.02
2735;3656.30713;-0.01
2735;3656.30713;0
2736;3654.97076;0.01
2736;3654.97076;0.02
2736;3654.97076;0.03
2736;3654.97076;0.03
2736;3654.97076;0.02
2737;3653.635367;0.01
2737;3653.635367;0
2737;3653.635367;-0.01
2737;3653.635367;-0.02
2737;3653.635367;-0.03
2737;3653.635367;-0.04
2738;3652.30095;-0.05
2738;3652.30095;-0.06
2738;3652.30095;-0.07
2738;3652.30095;-0.08
2738;3652.30095;-0.09
2739;3650.967506;-0.09
2739;3650.967506;-0.08
2739;3650.967506;-0.07
2739;3650.967506;-0.05
2739;3650.967506;-0.04
2739;3650.967506;-0.02
2740;3649.635036;-0.01
2740;3649.635036;0
2740;3649.635036;0.01
2740;3649.635036;0.02
2740;3649.635036;0.03
2741;3648.303539;0.03
2741;3648.303539;0.04
2741;3648.303539;0.04
2741;3648.303539;0.04
2741;3648.303539;0.04
2741;3648.303539;0.04
2742;3646.973012;0.04
2742;3646.973012;0.05
2742;3646.973012;0.06
2742;3646.973012;0.08
2742;3646.973012;0.09
2742;3646.973012;0.09
2743;3645.643456;0.1
2743;3645.643456;0.09
2743;3645.643456;0.09
2743;3645.643456;0.08
2743;3645.643456;0.07
2744;3644.314869;0.07
2744;3644.314869;0.06
2744;3644.314869;0.07
2744;3644.314869;0.07
2744;3644.314869;0.08
2744;3644.314869;0.08
2745;3642.98725;0.07
2745;3642.98725;0.07
2745;3642.98725;0.06
2745;3642.98725;0.04
2745;3642.98725;0.03
2746;3641.660597;0.03
2746;3641.660597;0.03
2746;3641.660597;0.04
2746;3641.660597;0.05
2746;3641.660597;0.07
2746;3641.660597;0.09
2747;3640.334911;0.1
2747;3640.334911;0.11
2747;3640.334911;0.1
2747;3640.334911;0.09
2747;3640.334911;0.07
2748;3639.010189;0.04
2748;3639.010189;0.01
2748;3639.010189;-0.02
2748;3639.010189;-0.04
2748;3639.010189;-0.05
2748;3639.010189;-0.06
2749;3637.686431;-0.07
2749;3637.686431;-0.07
2749;3637.686431;-0.06
2749;3637.686431;-0.06
2749;3637.686431;-0.05
2750;3636.363636;-0.05
2750;3636.363636;-0.03
2750;3636.363636;-0.01
2750;3636.363636;0.02
2750;3636.363636;0.05
2751;3635.041803;0.08
2751;3635.041803;0.1
2751;3635.041803;0.12
2751;3635.041803;0.11
2751;3635.041803;0.1
2751;3635.041803;0.07
2752;3633.72093;0.03
2752;3633.72093;-0.01
2752;3633.72093;-0.04
2752;3633.72093;-0.06
2752;3633.72093;-0.06
2753;3632.401017;-0.06
2753;3632.401017;-0.04
2753;3632.401017;-0.02
2753;3632.401017;0.01
2753;3632.401017;0.03
2753;3632.401017;0.04
2754;3631.082062;0.05
2754;3631.082062;0.04
2754;3631.082062;0.03
2754;3631.082062;0.02
2754;3631.082062;0
2755;3629.764065;-0.01
2755;3629.764065;-0.01
2755;3629.764065;-0.01
2755;3629.764065;-0.01
2755;3629.764065;0
2755;3629.764065;0.01
2756;3628.447025;0.01
2756;3628.447025;0.01
2756;3628.447025;0
2756;3628.447025;0
2756;3628.447025;-0.01
2757;3627.130939;-0.02
2757;3627.130939;-0.02
2757;3627.130939;-0.03
2757;3627.130939;-0.04
2757;3627.130939;-0.04
2757;3627.130939;-0.04
2758;3625.815809;-0.04
2758;3625.815809;-0.03
2758;3625.815809;-0.01
2758;3625.815809;0
2758;3625.815809;0.01
2759;3624.501631;0
2759;3624.501631;-0.01
2759;3624.501631;-0.02
2759;3624.501631;-0.04
2759;3624.501631;-0.06
2759;3624.501631;-0.08
2760;3623.188406;-0.08
2760;3623.188406;-0.08
2760;3623.188406;-0.07
2760;3623.188406;-0.06
2760;3623.188406;-0.05
2761;3621.876132;-0.04
2761;3621.876132;-0.03
2761;3621.876132;-0.03
2761;3621.876132;-0.02
2761;3621.876132;-0.02
2761;3621.876132;-0.01
2762;3620.564808;-0.01
2762;3620.564808;-0.01
2762;3620.564808;-0.01
2762;3620.564808;-0.01
2762;3620.564808;-0.02
2763;3619.254434;-0.03
2763;3619.254434;-0.03
2763;3619.254434;-0.02
2763;3619.254434;-0.01
2763;3619.254434;0
2764;3617.945007;0.03
2764;3617.945007;0.04
2764;3617.945007;0.06
2764;3617.945007;0.06
2764;3617.945007;0.05
2764;3617.945007;0.03
2765;3616.636528;0.01
2765;3616.636528;-0.01
2765;3616.636528;-0.03
2765;3616.636528;-0.04
2765;3616.636528;-0.04
2766;3615.328995;-0.03
2766;3615.328995;-0.02
2766;3615.328995;-0.01
2766;3615.328995;0
2766;3615.328995;0
2766;3615.328995;0.01
2767;3614.022407;0.01
2767;3614.022407;0.01
2767;3614.022407;0.01
2767;3614.022407;0.01
2767;3614.022407;-0.01
2768;3612.716763;-0.03
2768;3612.716763;-0.05
2768;3612.716763;-0.08
2768;3612.716763;-0.1
2768;3612.716763;-0.12
2768;3612.716763;-0.14
2769;3611.412062;-0.14
2769;3611.412062;-0.13
2769;3611.412062;-0.12
2769;3611.412062;-0.09
2769;3611.412062;-0.06
2770;3610.108303;-0.03
2770;3610.108303;0
2770;3610.108303;0.03
2770;3610.108303;0.05
2770;3610.108303;0.07
2771;3608.805485;0.07
2771;3608.805485;0.07
2771;3608.805485;0.06
2771;3608.805485;0.04
2771;3608.805485;0.02
2771;3608.805485;0
2772;3607.503608;-0.03
2772;3607.503608;-0.05
2772;3607.503608;-0.08
2772;3607.503608;-0.1
2772;3607.503608;-0.11
2773;3606.202669;-0.12
2773;3606.202669;-0.12
2773;3606.202669;-0.12
2773;3606.202669;-0.11
2773;3606.202669;-0.09
2773;3606.202669;-0.08
2774;3604.902668;-0.07
2774;3604.902668;-0.06
2774;3604.902668;-0.06
2774;3604.902668;-0.05
2774;3604.902668;-0.06
2775;3603.603604;-0.06
2775;3603.603604;-0.06
2775;3603.603604;-0.06
2775;3603.603604;-0.06
2775;3603.603604;-0.06
2776;3602.305476;-0.06
2776;3602.305476;-0.05
2776;3602.305476;-0.04
2776;3602.305476;-0.04
2776;3602.305476;-0.04
2776;3602.305476;-0.04
2777;3601.008282;-0.05
2777;3601.008282;-0.05
2777;3601.008282;-0.06
2777;3601.008282;-0.05
2777;3601.008282;-0.04
2778;3599.712023;-0.03
2778;3599.712023;0
2778;3599.712023;0.03
2778;3599.712023;0.06
2778;3599.712023;0.08
2779;3598.416697;0.11
2779;3598.416697;0.12
2779;3598.416697;0.13
2779;3598.416697;0.13
2779;3598.416697;0.13
2779;3598.416697;0.12
2780;3597.122302;0.12
2780;3597.122302;0.11
2780;3597.122302;0.1
2780;3597.122302;0.08
2780;3597.122302;0.07
2781;3595.828839;0.06
2781;3595.828839;0.05
2781;3595.828839;0.05
2781;3595.828839;0.04
2781;3595.828839;0.04
2781;3595.828839;0.04
2782;3594.536305;0.03
2782;3594.536305;0.03
2782;3594.536305;0.02
2782;3594.536305;0
2782;3594.536305;-0.01
2783;3593.2447;-0.01
2783;3593.2447;-0.02
2783;3593.2447;-0.02
2783;3593.2447;-0.03
2783;3593.2447;-0.03
2784;3591.954023;-0.04
2784;3591.954023;-0.06
2784;3591.954023;-0.07
2784;3591.954023;-0.09
2784;3591.954023;-0.1
2784;3591.954023;-0.11
2785;3590.664273;-0.11
2785;3590.664273;-0.11
2785;3590.664273;-0.1
2785;3590.664273;-0.09
2785;3590.664273;-0.08
2786;3589.375449;-0.08
2786;3589.375449;-0.08
2786;3589.375449;-0.08
2786;3589.375449;-0.08
2786;3589.375449;-0.07
2787;3588.087549;-0.05
2787;3588.087549;-0.04
2787;3588.087549;-0.02
2787;3588.087549;-0.01
2787;3588.087549;0
2787;3588.087549;-0.01
2788;3586.800574;-0.02
2788;3586.800574;-0.03
2788;3586.800574;-0.05
2788;3586.800574;-0.05
2788;3586.800574;-0.04
2789;3585.514521;-0.03
2789;3585.514521;-0.01
2789;3585.514521;0.02
2789;3585.514521;0.03
2789;3585.514521;0.04
2790;3584.229391;0.05
2790;3584.229391;0.04
2790;3584.229391;0.03
2790;3584.229391;0.01
2790;3584.229391;0
2790;3584.229391;-0.01
2791;3582.945181;-0.02
2791;3582.945181;-0.02
2791;3582.945181;-0.01
2791;3582.945181;0.01
2791;3582.945181;0.03
2792;3581.661891;0.06
2792;3581.661891;0.09
2792;3581.661891;0.11
2792;3581.661891;0.12
2792;3581.661891;0.12
2793;3580.37952;0.12
2793;3580.37952;0.11
2793;3580.37952;0.09
2793;3580.37952;0.08
2793;3580.37952;0.07
2793;3580.37952;0.06
2794;3579.098067;0.06
2794;3579.098067;0.05
2794;3579.098067;0.05
2794;3579.098067;0.05
2794;3579.098067;0.06
2795;3577.817531;0.06
2795;3577.817531;0.06
2795;3577.817531;0.06
2795;3577.817531;0.07
2795;3577.817531;0.07
2796;3576.537911;0.07
2796;3576.537911;0.08
2796;3576.537911;0.09
2796;3576.537911;0.09
2796;3576.537911;0.1
2796;3576.537911;0.1
2797;3575.259206;0.1
2797;3575.259206;0.09
2797;3575.259206;0.07
2797;3575.259206;0.04
2797;3575.259206;0.01
2798;3573.981415;-0.01
2798;3573.981415;-0.04
2798;3573.981415;-0.06
2798;3573.981415;-0.07
2798;3573.981415;-0.08
2799;3572.704537;-0.09
2799;3572.704537;-0.09
2799;3572.704537;-0.09
2799;3572.704537;-0.08
2799;3572.704537;-0.07
2800;3571.428571;-0.05
2800;3571.428571;-0.03
2800;3571.428571;0
2800;3571.428571;0.03
2800;3571.428571;0.06
2800;3571.428571;0.09
2801;3570.153517;0.1
2801;3570.153517;0.11
2801;3570.153517;0.1
2801;3570.153517;0.08
2801;3570.153517;0.05
2802;3568.879372;0.02
2802;3568.879372;0
2802;3568.879372;-0.02
2802;3568.879372;-0.03
2802;3568.879372;-0.03
2803;3567.606136;-0.02
2803;3567.606136;-0.01
2803;3567.606136;0.01
2803;3567.606136;0.02
2803;3567.606136;0.03
2803;3567.606136;0.03
2804;3566.333809;0.03
2804;3566.333809;0.02
2804;3566.333809;0
2804;3566.333809;-0.02
2804;3566.333809;-0.04
2805;3565.062389;-0.06
2805;3565.062389;-0.08
2805;3565.062389;-0.08
2805;3565.062389;-0.08
2805;3565.062389;-0.07
2806;3563.791875;-0.05
2806;3563.791875;-0.02
2806;3563.791875;0
2806;3563.791875;0.02
2806;3563.791875;0.03
2807;3562.522266;0.03
2807;3562.522266;0.03
2807;3562.522266;0.03
2807;3562.522266;0.03
2807;3562.522266;0.03
2807;3562.522266;0.02
2808;3561.253561;0.02
2808;3561.253561;0.02
2808;3561.253561;0.02
2808;3561.253561;0.01
2808;3561.253561;0
2809;3559.98576;-0.01
2809;3559.98576;-0.02
2809;3559.98576;-0.04
2809;3559.98576;-0.05
2809;3559.98576;-0.06
2810;3558.718861;-0.07
2810;3558.718861;-0.07
2810;3558.718861;-0.07
2810;3558.718861;-0.07
2810;3558.718861;-0.06
2811;3557.452864;-0.04
2811;3557.452864;-0.03
2811;3557.452864;-0.01
2811;3557.452864;0
2811;3557.452864;0.02
2811;3557.452864;0.03
2812;3556.187767;0.04
2812;3556.187767;0.06
2812;3556.187767;0.07
2812;3556.187767;0.09
2812;3556.187767;0.1
2813;3554.923569;0.12
2813;3554.923569;0.14
2813;3554.923569;0.15
2813;3554.923569;0.16
2813;3554.923569;0.17
2814;3553.66027;0.17
2814;3553.66027;0.17
2814;3553.66027;0.17
2814;3553.66027;0.16
2814;3553.66027;0.14
2815;3552.397869;0.11
2815;3552.397869;0.08
2815;3552.397869;0.05
2815;3552.397869;0.02
2815;3552.397869;0.01
2815;3552.397869;0
2816;3551.136364;0.01
2816;3551.136364;0.02
2816;3551.136364;0.03
2816;3551.136364;0.05
2816;3551.136364;0.06
2817;3549.875754;0.07
2817;3549.875754;0.07
2817;3549.875754;0.08
2817;3549.875754;0.08
2817;3549.875754;0.07
2818;3548.61604;0.07
2818;3548.61604;0.05
2818;3548.61604;0.03
2818;3548.61604;0
2818;3548.61604;-0.02
2819;3547.357219;-0.04
2819;3547.357219;-0.05
2819;3547.357219;-0.06
2819;3547.357219;-0.05
2819;3547.357219;-0.04
2819;3547.357219;-0.03
2820;3546.099291;-0.02
2820;3546.099291;0
2820;3546.099291;0.01
2820;3546.099291;0.02
2820;3546.099291;0.03
2821;3544.842255;0.04
2821;3544.842255;0.04
2821;3544.842255;0.04
2821;3544.842255;0.03
2821;3544.842255;0.02
2822;3543.586109;0.01
2822;3543.586109;0
2822;3543.586109;-0.02
2822;3543.586109;-0.03
2822;3543.586109;-0.04
2823;3542.330854;-0.04
2823;3542.330854;-0.04
2823;3542.330854;-0.04
2823;3542.330854;-0.03
2823;3542.330854;-0.02
2824;3541.076487;-0.01
2824;3541.076487;-0.01
2824;3541.076487;-0.02
2824;3541.076487;-0.04
2824;3541.076487;-0.07
2824;3541.076487;-0.11
2825;3539.823009;-0.14
2825;3539.823009;-0.16
2825;3539.823009;-0.16
2825;3539.823009;-0.15
2825;3539.823009;-0.12
2826;3538.570418;-0.09
2826;3538.570418;-0.06
2826;3538.570418;-0.03
2826;3538.570418;-0.01
2826;3538.570418;-0.01
2827;3537.318712;-0.01
2827;3537.318712;-0.02
2827;3537.318712;-0.03
2827;3537.318712;-0.04
2827;3537.318712;-0.04
2828;3536.067893;-0.04
2828;3536.067893;-0.03
2828;3536.067893;-0.03
2828;3536.067893;-0.02
2828;3536.067893;-0.02
2829;3534.817957;-0.02
2829;3534.817957;-0.02
2829;3534.817957;-0.03
2829;3534.817957;-0.03
2829;3534.817957;-0.02
2829;3534.817957;-0.02
2830;3533.568905;-0.02
2830;3533.568905;-0.02
2830;3533.568905;-0.02
2830;3533.568905;-0.03
2830;3533.568905;-0.03
2831;3532.320735;-0.04
2831;3532.320735;-0.05
2831;3532.320735;-0.04
2831;3532.320735;-0.03
2831;3532.320735;-0.02
2832;3531.073446;-0.01
2832;3531.073446;0
2832;3531.073446;0
2832;3531.073446;0
2832;3531.073446;0
2833;3529.827038;-0.01
2833;3529.827038;-0.01
2833;3529.827038;-0.01
2833;3529.827038;0
2833;3529.827038;0.01
2834;3528.58151;0.02
2834;3528.58151;0.03
2834;3528.58151;0.04
2834;3528.58151;0.04
2834;3528.58151;0.04
2835;3527.336861;0.04
2835;3527.336861;0.04
2835;3527.336861;0.04
2835;3527.336861;0.04
2835;3527.336861;0.03
2835;3527.336861;0.02
2836;3526.093089;0.01
2836;3526.093089;-0.01
2836;3526.093089;-0.04
2836;3526.093089;-0.07
2836;3526.093089;-0.1
2837;3524.850194;-0.12
2837;3524.850194;-0.14
2837;3524.850194;-0.15
2837;3524.850194;-0.14
2837;3524.850194;-0.13
2838;3523.608175;-0.11
2838;3523.608175;-0.09
2838;3523.608175;-0.07
2838;3523.608175;-0.06
2838;3523.608175;-0.04
2839;3522.367031;-0.03
2839;3522.367031;-0.03
2839;3522.367031;-0.02
2839;3522.367031;-0.02
2839;3522.367031;-0.03
2840;3521.126761;-0.04
2840;3521.126761;-0.05
2840;3521.126761;-0.06
2840;3521.126761;-0.08
2840;3521.126761;-0.08
2841;3519.887364;-0.08
2841;3519.887364;-0.07
2841;3519.887364;-0.05
2841;3519.887364;-0.03
2841;3519.887364;-0.01
2841;3519.887364;0.01
2842;3518.648839;0.02
2842;3518.648839;0.03
2842;3518.648839;0.03
2842;3518.648839;0.03
2842;3518.648839;0.02
2843;3517.411185;0.01
2843;3517.411185;0
2843;3517.411185;0
2843;3517.411185;-0.01
2843;3517.411185;0
2844;3516.174402;0
2844;3516.174402;0.02
2844;3516.174402;0.04
2844;3516.174402;0.06
2844;3516.174402;0.09
2845;3514.938489;0.11
2845;3514.938489;0.12
2845;3514.938489;0.13
2845;3514.938489;0.13
2845;3514.938489;0.13
2846;3513.703443;0.13
2846;3513.703443;0.13
2846;3513.703443;0.12
2846;3513.703443;0.12
2846;3513.703443;0.13
2847;3512.469266;0.13
2847;3512.469266;0.13
2847;3512.469266;0.13
2847;3512.469266;0.13
2847;3512.469266;0.13
2848;3511.235955;0.12
2848;3511.235955;0.11
2848;3511.235955;0.11
2848;3511.235955;0.1
2848;3511.235955;0.09
2849;3510.00351;0.08
2849;3510.00351;0.06
2849;3510.00351;0.05
2849;3510.00351;0.03
2849;3510.00351;0.01
2850;3508.77193;-0.02
2850;3508.77193;-0.03
2850;3508.77193;-0.05
2850;3508.77193;-0.07
2850;3508.77193;-0.07
2850;3508.77193;-0.08
2851;3507.541214;-0.07
2851;3507.541214;-0.06
2851;3507.541214;-0.04
2851;3507.541214;0
2851;3507.541214;0.04
2852;3506.31136;0.08
2852;3506.31136;0.12
2852;3506.31136;0.15
2852;3506.31136;0.17
2852;3506.31136;0.17
2853;3505.082369;0.16
2853;3505.082369;0.14
2853;3505.082369;0.11
2853;3505.082369;0.08
2853;3505.082369;0.05
2854;3503.85424;0.03
2854;3503.85424;0.02
2854;3503.85424;0.02
2854;3503.85424;0.02
2854;3503.85424;0.03
2855;3502.62697;0.03
2855;3502.62697;0.03
2855;3502.62697;0.02
2855;3502.62697;0.01
2855;3502.62697;-0.01
2856;3501.40056;-0.02
2856;3501.40056;-0.04
2856;3501.40056;-0.04
2856;3501.40056;-0.04
2856;3501.40056;-0.03
2857;3500.175009;-0.01
2857;3500.175009;0.01
2857;3500.175009;0.03
2857;3500.175009;0.05
2857;3500.175009;0.06
2858;3498.950315;0.06
2858;3498.950315;0.06
2858;3498.950315;0.05
2858;3498.950315;0.04
2858;3498.950315;0.02
2859;3497.726478;0
2859;3497.726478;-0.01
2859;3497.726478;-0.01
2859;3497.726478;0
2859;3497.726478;0.02
2860;3496.503497;0.05
2860;3496.503497;0.08
2860;3496.503497;0.11
2860;3496.503497;0.14
2860;3496.503497;0.16
2861;3495.28137;0.17
2861;3495.28137;0.17
2861;3495.28137;0.16
2861;3495.28137;0.14
2861;3495.28137;0.12
2861;3495.28137;0.09
2862;3494.060098;0.06
2862;3494.060098;0.04
2862;3494.060098;0.01
2862;3494.060098;0
2862;3494.060098;-0.01
2863;3492.839679;-0.01
2863;3492.839679;-0.01
2863;3492.839679;-0.01
2863;3492.839679;-0.01
2863;3492.839679;-0.01
2864;3491.620112;-0.01
2864;3491.620112;-0.01
2864;3491.620112;-0.01
2864;3491.620112;0
2864;3491.620112;0
2865;3490.401396;-0.01
2865;3490.401396;-0.01
2865;3490.401396;-0.02
2865;3490.401396;-0.02
2865;3490.401396;-0.03
2866;3489.183531;-0.02
2866;3489.183531;-0.02
2866;3489.183531;0
2866;3489.183531;0.01
2866;3489.183531;0.03
2867;3487.966516;0.04
2867;3487.966516;0.04
2867;3487.966516;0.03
2867;3487.966516;0.02
2867;3487.966516;0
2868;3486.750349;-0.02
2868;3486.750349;-0.04
2868;3486.750349;-0.06
2868;3486.750349;-0.07
2868;3486.750349;-0.08
2869;3485.53503;-0.08
2869;3485.53503;-0.08
2869;3485.53503;-0.07
2869;3485.53503;-0.05
2869;3485.53503;-0.03
2870;3484.320557;-0.01
2870;3484.320557;0.02
2870;3484.320557;0.04
2870;3484.320557;0.07
2870;3484.320557;0.09
2871;3483.106931;0.1
2871;3483.106931;0.11
2871;3483.106931;0.12
2871;3483.106931;0.11
2871;3483.106931;0.09
2872;3481.89415;0.07
2872;3481.89415;0.05
2872;3481.89415;0.03
2872;3481.89415;0.02
2872;3481.89415;0.02
2873;3480.682214;0.02
2873;3480.682214;0.04
2873;3480.682214;0.05
2873;3480.682214;0.06
2873;3480.682214;0.07
2874;3479.47112;0.06
2874;3479.47112;0.04
2874;3479.47112;0.02
2874;3479.47112;-0.01
2874;3479.47112;-0.04
2875;3478.26087;-0.07
2875;3478.26087;-0.08
2875;3478.26087;-0.08
2875;3478.26087;-0.07
2875;3478.26087;-0.05
2876;3477.05146;-0.03
2876;3477.05146;-0.01
2876;3477.05146;0.01
2876;3477.05146;0.02
2876;3477.05146;0.02
2877;3475.842892;0.02
2877;3475.842892;0.02
2877;3475.842892;0.03
2877;3475.842892;0.04
2877;3475.842892;0.06
2878;3474.635163;0.07
2878;3474.635163;0.09
2878;3474.635163;0.11
2878;3474.635163;0.12
2878;3474.635163;0.13
2879;3473.428274;0.13
2879;3473.428274;0.13
2879;3473.428274;0.13
2879;3473.428274;0.12
2879;3473.428274;0.11
2880;3472.222222;0.09
2880;3472.222222;0.07
2880;3472.222222;0.05
2880;3472.222222;0.03
2880;3472.222222;0.02
2881;3471.017008;0.01
2881;3471.017008;0
2881;3471.017008;0
2881;3471.017008;0
2881;3471.017008;0.01
2882;3469.81263;0.01
2882;3469.81263;0.01
2882;3469.81263;0.02
2882;3469.81263;0.01
2882;3469.81263;0.01
2883;3468.609088;0
2883;3468.609088;-0.02
2883;3468.609088;-0.03
2883;3468.609088;-0.04
2883;3468.609088;-0.05
2884;3467.40638;-0.05
2884;3467.40638;-0.05
2884;3467.40638;-0.05
2884;3467.40638;-0.04
2884;3467.40638;-0.03
2885;3466.204506;-0.02
2885;3466.204506;0
2885;3466.204506;0.02
2885;3466.204506;0.04
2885;3466.204506;0.07
2886;3465.003465;0.09
2886;3465.003465;0.11
2886;3465.003465;0.12
2886;3465.003465;0.12
2886;3465.003465;0.12
2887;3463.803256;0.11
2887;3463.803256;0.1
2887;3463.803256;0.09
2887;3463.803256;0.07
2887;3463.803256;0.06
2888;3462.603878;0.04
2888;3462.603878;0.02
2888;3462.603878;0
2888;3462.603878;-0.02
2888;3462.603878;-0.03
2889;3461.405331;-0.05
2889;3461.405331;-0.06
2889;3461.405331;-0.07
2889;3461.405331;-0.08
2889;3461.405331;-0.09
2890;3460.207612;-0.1
2890;3460.207612;-0.11
2890;3460.207612;-0.12
2890;3460.207612;-0.13
2890;3460.207612;-0.13
2891;3459.010723;-0.13
2891;3459.010723;-0.13
2891;3459.010723;-0.13
2891;3459.010723;-0.12
2891;3459.010723;-0.11
2892;3457.814661;-0.1
2892;3457.814661;-0.09
2892;3457.814661;-0.08
2892;3457.814661;-0.06
2892;3457.814661;-0.05
2893;3456.619426;-0.03
2893;3456.619426;-0.02
2893;3456.619426;0
2893;3456.619426;0.01
2893;3456.619426;0.02
2894;3455.425017;0.02
2894;3455.425017;0.02
2894;3455.425017;0.01
2894;3455.425017;0
2894;3455.425017;-0.01
2895;3454.231434;-0.02
2895;3454.231434;-0.02
2895;3454.231434;-0.02
2895;3454.231434;-0.01
2895;3454.231434;0
2896;3453.038674;0.01
2896;3453.038674;0.02
2896;3453.038674;0.02
2896;3453.038674;0.01
2896;3453.038674;0
2897;3451.846738;-0.01
2897;3451.846738;-0.02
2897;3451.846738;-0.02
2897;3451.846738;-0.02
2897;3451.846738;-0.02
2898;3450.655625;-0.01
2898;3450.655625;-0.01
2898;3450.655625;-0.01
2898;3450.655625;-0.01
2898;3450.655625;-0.02
2899;3449.465333;-0.03
2899;3449.465333;-0.04
2899;3449.465333;-0.04
2899;3449.465333;-0.04
2899;3449.465333;-0.03
2900;3448.275862;-0.02
2900;3448.275862;0
2900;3448.275862;0.02
2900;3448.275862;0.04
2901;3447.087211;0.04
2901;3447.087211;0.04
2901;3447.087211;0.03
2901;3447.087211;0.02
2901;3447.087211;0
2902;3445.89938;-0.02
2902;3445.89938;-0.03
2902;3445.89938;-0.05
2902;3445.89938;-0.07
2902;3445.89938;-0.08
2903;3444.712367;-0.1
2903;3444.712367;-0.11
2903;3444.712367;-0.12
2903;3444.712367;-0.13
2903;3444.712367;-0.13
2904;3443.526171;-0.12
2904;3443.526171;-0.1
2904;3443.526171;-0.08
2904;3443.526171;-0.05
2904;3443.526171;-0.03
2905;3442.340792;-0.01
2905;3442.340792;0.01
2905;3442.340792;0.02
2905;3442.340792;0.03
2905;3442.340792;0.04
2906;3441.156228;0.05
2906;3441.156228;0.06
2906;3441.156228;0.07
2906;3441.156228;0.08
2906;3441.156228;0.1
2907;3439.97248;0.1
2907;3439.97248;0.1
2907;3439.97248;0.09
2907;3439.97248;0.07
2907;3439.97248;0.04
2908;3438.789546;0.01
2908;3438.789546;-0.02
2908;3438.789546;-0.04
2908;3438.789546;-0.06
2908;3438.789546;-0.06
2909;3437.607425;-0.06
2909;3437.607425;-0.06
2909;3437.607425;-0.05
2909;3437.607425;-0.05
2909;3437.607425;-0.04
2910;3436.426117;-0.04
2910;3436.426117;-0.03
2910;3436.426117;-0.02
2910;3436.426117;-0.01
2910;3436.426117;0
2911;3435.24562;0.01
2911;3435.24562;0.01
2911;3435.24562;0.01
2911;3435.24562;0
2911;3435.24562;-0.01
2912;3434.065934;-0.03
2912;3434.065934;-0.05
2912;3434.065934;-0.07
2912;3434.065934;-0.09
2913;3432.887058;-0.09
2913;3432.887058;-0.09
2913;3432.887058;-0.09
2913;3432.887058;-0.08
2913;3432.887058;-0.06
2914;3431.708991;-0.04
2914;3431.708991;-0.02
2914;3431.708991;0
2914;3431.708991;0.02
2914;3431.708991;0.03
2915;3430.531732;0.04
2915;3430.531732;0.03
2915;3430.531732;0.02
2915;3430.531732;-0.01
2915;3430.531732;-0.03
2916;3429.355281;-0.05
2916;3429.355281;-0.06
2916;3429.355281;-0.05
2916;3429.355281;-0.03
2916;3429.355281;0
2917;3428.179637;0.03
2917;3428.179637;0.06
2917;3428.179637;0.08
2917;3428.179637;0.09
2917;3428.179637;0.09
2918;3427.004798;0.09
2918;3427.004798;0.09
2918;3427.004798;0.09
2918;3427.004798;0.09
2918;3427.004798;0.08
2919;3425.830764;0.08
2919;3425.830764;0.07
2919;3425.830764;0.05
2919;3425.830764;0.03
2919;3425.830764;0.01
2920;3424.657534;-0.01
2920;3424.657534;-0.02
2920;3424.657534;-0.03
2920;3424.657534;-0.03
2921;3423.485108;-0.03
2921;3423.485108;-0.03
2921;3423.485108;-0.03
2921;3423.485108;-0.03
2921;3423.485108;-0.03
2922;3422.313484;-0.03
2922;3422.313484;-0.03
2922;3422.313484;-0.02
2922;3422.313484;-0.01
2922;3422.313484;0
2923;3421.142662;0.01
2923;3421.142662;0.03
2923;3421.142662;0.04
2923;3421.142662;0.05
2923;3421.142662;0.06
2924;3419.97264;0.06
2924;3419.97264;0.07
2924;3419.97264;0.08
2924;3419.97264;0.08
2924;3419.97264;0.09
2925;3418.803419;0.09
2925;3418.803419;0.1
2925;3418.803419;0.1
2925;3418.803419;0.09
2925;3418.803419;0.08
2926;3417.634997;0.07
2926;3417.634997;0.06
2926;3417.634997;0.04
2926;3417.634997;0.03
2926;3417.634997;0.02
2927;3416.467373;0
2927;3416.467373;-0.01
2927;3416.467373;-0.02
2927;3416.467373;-0.03
2928;3415.300546;-0.03
2928;3415.300546;-0.03
2928;3415.300546;-0.01
2928;3415.300546;0
2928;3415.300546;0.03
2929;3414.134517;0.05
2929;3414.134517;0.07
2929;3414.134517;0.08
2929;3414.134517;0.09
2929;3414.134517;0.09
2930;3412.969283;0.08
2930;3412.969283;0.08
2930;3412.969283;0.09
2930;3412.969283;0.1
2930;3412.969283;0.12
2931;3411.804845;0.14
2931;3411.804845;0.16
2931;3411.804845;0.17
2931;3411.804845;0.18
2931;3411.804845;0.17
2932;3410.641201;0.16
2932;3410.641201;0.14
2932;3410.641201;0.11
2932;3410.641201;0.08
2932;3410.641201;0.04
2933;3409.47835;0
2933;3409.47835;-0.03
2933;3409.47835;-0.07
2933;3409.47835;-0.1
2934;3408.316292;-0.12
2934;3408.316292;-0.14
2934;3408.316292;-0.16
2934;3408.316292;-0.17
2934;3408.316292;-0.18
2935;3407.155026;-0.18
2935;3407.155026;-0.17
2935;3407.155026;-0.16
2935;3407.155026;-0.13
2935;3407.155026;-0.1
2936;3405.99455;-0.06
2936;3405.99455;-0.02
2936;3405.99455;0.02
2936;3405.99455;0.06
2936;3405.99455;0.09
2937;3404.834866;0.11
2937;3404.834866;0.11
2937;3404.834866;0.11
2937;3404.834866;0.1
2937;3404.834866;0.09
2938;3403.67597;0.08
2938;3403.67597;0.06
2938;3403.67597;0.06
2938;3403.67597;0.05
2939;3402.517863;0.04
2939;3402.517863;0.04
2939;3402.517863;0.03
2939;3402.517863;0.02
2939;3402.517863;0.01
2940;3401.360544;0
2940;3401.360544;-0.01
2940;3401.360544;-0.02
2940;3401.360544;-0.03
2940;3401.360544;-0.03
2941;3400.204012;-0.03
2941;3400.204012;-0.03
2941;3400.204012;-0.02
2941;3400.204012;0
2941;3400.204012;0.02
2942;3399.048266;0.04
2942;3399.048266;0.06
2942;3399.048266;0.08
2942;3399.048266;0.09
2942;3399.048266;0.09
2943;3397.893306;0.08
2943;3397.893306;0.06
2943;3397.893306;0.04
2943;3397.893306;0.01
2944;3396.73913;0
2944;3396.73913;-0.01
2944;3396.73913;-0.02
2944;3396.73913;-0.01
2944;3396.73913;-0.01
2945;3395.585739;0
2945;3395.585739;0.01
2945;3395.585739;0.02
2945;3395.585739;0.03
2945;3395.585739;0.04
2946;3394.43313;0.05
2946;3394.43313;0.06
2946;3394.43313;0.07
2946;3394.43313;0.07
2946;3394.43313;0.07
2947;3393.281303;0.07
2947;3393.281303;0.05
2947;3393.281303;0.03
2947;3393.281303;0.01
2947;3393.281303;-0.03
2948;3392.130258;-0.06
2948;3392.130258;-0.09
2948;3392.130258;-0.11
2948;3392.130258;-0.13
2949;3390.979993;-0.13
2949;3390.979993;-0.13
2949;3390.979993;-0.11
2949;3390.979993;-0.08
2949;3390.979993;-0.04
2950;3389.830508;-0.01
2950;3389.830508;0.03
2950;3389.830508;0.05
2950;3389.830508;0.07
2950;3389.830508;0.07
2951;3388.681803;0.07
2951;3388.681803;0.06
2951;3388.681803;0.05
2951;3388.681803;0.04
2951;3388.681803;0.04
2952;3387.533875;0.04
2952;3387.533875;0.05
2952;3387.533875;0.06
2952;3387.533875;0.07
2953;3386.386725;0.08
2953;3386.386725;0.08
2953;3386.386725;0.08
2953;3386.386725;0.07
2953;3386.386725;0.06
2954;3385.240352;0.05
2954;3385.240352;0.04
2954;3385.240352;0.03
2954;3385.240352;0.02
2954;3385.240352;0.02
2955;3384.094755;0.01
2955;3384.094755;0.01
2955;3384.094755;0.01
2955;3384.094755;0.01
2955;3384.094755;0.02
2956;3382.949932;0.02
2956;3382.949932;0.03
2956;3382.949932;0.02
2956;3382.949932;0.02
2957;3381.805884;0.01
2957;3381.805884;0.01
2957;3381.805884;0.01
2957;3381.805884;0.02
2957;3381.805884;0.04
2958;3380.66261;0.06
2958;3380.66261;0.08
2958;3380.66261;0.1
2958;3380.66261;0.11
2958;3380.66261;0.12
2959;3379.520108;0.11
2959;3379.520108;0.1
2959;3379.520108;0.08
2959;3379.520108;0.06
2959;3379.520108;0.03
2960;3378.378378;0.01
2960;3378.378378;-0.01
2960;3378.378378;-0.02
2960;3378.378378;-0.04
2961;3377.23742;-0.05
2961;3377.23742;-0.06
2961;3377.23742;-0.06
2961;3377.23742;-0.07
2961;3377.23742;-0.06
2962;3376.097232;-0.06
2962;3376.097232;-0.05
2962;3376.097232;-0.03
2962;3376.097232;-0.02
2962;3376.097232;-0.01
2963;3374.957813;0
2963;3374.957813;0.01
2963;3374.957813;0.01
2963;3374.957813;0
2963;3374.957813;0
2964;3373.819163;0
2964;3373.819163;-0.01
2964;3373.819163;-0.01
2964;3373.819163;-0.01
2965;3372.681282;-0.02
2965;3372.681282;-0.03
2965;3372.681282;-0.04
2965;3372.681282;-0.05
2965;3372.681282;-0.07
2966;3371.544167;-0.07
2966;3371.544167;-0.06
2966;3371.544167;-0.05
2966;3371.544167;-0.03
2966;3371.544167;-0.01
2967;3370.407819;0.01
2967;3370.407819;0.02
2967;3370.407819;0.02
2967;3370.407819;0.01
2968;3369.272237;0
2968;3369.272237;-0.01
2968;3369.272237;-0.02
2968;3369.272237;-0.03
2968;3369.272237;-0.04
2969;3368.13742;-0.05
2969;3368.13742;-0.07
2969;3368.13742;-0.08
2969;3368.13742;-0.09
2969;3368.13742;-0.1
2970;3367.003367;-0.11
2970;3367.003367;-0.1
2970;3367.003367;-0.09
2970;3367.003367;-0.07
2971;3365.870077;-0.06
2971;3365.870077;-0.03
2971;3365.870077;-0.01
2971;3365.870077;0.01
2971;3365.870077;0.03
2972;3364.73755;0.05
2972;3364.73755;0.07
2972;3364.73755;0.08
2972;3364.73755;0.09
2972;3364.73755;0.09
2973;3363.605785;0.08
2973;3363.605785;0.06
2973;3363.605785;0.04
2973;3363.605785;0.03
2973;3363.605785;0.01
2974;3362.474781;0
2974;3362.474781;-0.01
2974;3362.474781;-0.02
2974;3362.474781;-0.02
2975;3361.344538;-0.02
2975;3361.344538;-0.01
2975;3361.344538;-0.01
2975;3361.344538;0
2975;3361.344538;0
2976;3360.215054;0
2976;3360.215054;-0.01
2976;3360.215054;-0.01
2976;3360.215054;-0.02
2976;3360.215054;-0.03
2977;3359.086329;-0.03
2977;3359.086329;-0.04
2977;3359.086329;-0.04
2977;3359.086329;-0.05
2978;3357.958361;-0.06
2978;3357.958361;-0.06
2978;3357.958361;-0.07
2978;3357.958361;-0.07
2978;3357.958361;-0.07
2979;3356.831151;-0.06
2979;3356.831151;-0.05
2979;3356.831151;-0.03
2979;3356.831151;-0.01
2979;3356.831151;0.02
2980;3355.704698;0.04
2980;3355.704698;0.07
2980;3355.704698;0.09
2980;3355.704698;0.1
2981;3354.579;0.1
2981;3354.579;0.09
2981;3354.579;0.08
2981;3354.579;0.06
2981;3354.579;0.04
2982;3353.454058;0.02
2982;3353.454058;0.02
2982;3353.454058;0.01
2982;3353.454058;0.02
2982;3353.454058;0.03
2983;3352.329869;0.04
2983;3352.329869;0.05
2983;3352.329869;0.06
2983;3352.329869;0.07
2984;3351.206434;0.07
2984;3351.206434;0.07
2984;3351.206434;0.07
2984;3351.206434;0.06
2984;3351.206434;0.06
2985;3350.083752;0.05
2985;3350.083752;0.05
2985;3350.083752;0.04
2985;3350.083752;0.05
2985;3350.083752;0.06
2986;3348.961822;0.08
2986;3348.961822;0.09
2986;3348.961822;0.1
2986;3348.961822;0.1
2987;3347.840643;0.09
2987;3347.840643;0.07
2987;3347.840643;0.06
2987;3347.840643;0.05
2987;3347.840643;0.04
2988;3346.720214;0.04
2988;3346.720214;0.05
2988;3346.720214;0.06
2988;3346.720214;0.06
2988;3346.720214;0.06
2989;3345.600535;0.05
2989;3345.600535;0.03
2989;3345.600535;0.01
2989;3345.600535;-0.02
2990;3344.481605;-0.05
2990;3344.481605;-0.07
2990;3344.481605;-0.08
2990;3344.481605;-0.09
2990;3344.481605;-0.08
2991;3343.363424;-0.06
2991;3343.363424;-0.04
2991;3343.363424;-0.02
2991;3343.363424;-0.01
2991;3343.363424;0
2992;3342.245989;0
2992;3342.245989;0
2992;3342.245989;-0.01
2992;3342.245989;-0.01
2993;3341.129302;0
2993;3341.129302;0.01
2993;3341.129302;0.03
2993;3341.129302;0.05
2993;3341.129302;0.07
2994;3340.01336;0.08
2994;3340.01336;0.08
2994;3340.01336;0.07
2994;3340.01336;0.05
2995;3338.898164;0.03
2995;3338.898164;0.01
2995;3338.898164;-0.01
2995;3338.898164;-0.02
2995;3338.898164;-0.03
2996;3337.783712;-0.03
2996;3337.783712;-0.03
2996;3337.783712;-0.02
2996;3337.783712;0
2996;3337.783712;0.01
2997;3336.670003;0.03
2997;3336.670003;0.04
2997;3336.670003;0.05
2997;3336.670003;0.05
2998;3335.557038;0.05
2998;3335.557038;0.03
2998;3335.557038;0.02
2998;3335.557038;0.01
2998;3335.557038;0
2999;3334.444815;-0.01
2999;3334.444815;-0.01
2999;3334.444815;-0.01
2999;3334.444815;0
2999;3334.444815;0
3000;3333.333333;0
3000;3333.333333;0
3000;3333.333333;-0.01
3000;3333.333333;-0.02
3001;3332.222592;-0.03
3001;3332.222592;-0.05
3001;3332.222592;-0.08
3001;3332.222592;-0.11
3001;3332.222592;-0.14
3002;3331.112592;-0.17
3002;3331.112592;-0.18
3002;3331.112592;-0.19
3002;3331.112592;-0.19
3003;3330.00333;-0.18
3003;3330.00333;-0.16
3003;3330.00333;-0.14
3003;3330.00333;-0.11
3003;3330.00333;-0.1
3004;3328.894807;-0.08
3004;3328.894807;-0.08
3004;3328.894807;-0.08
3004;3328.894807;-0.08
3004;3328.894807;-0.09
3005;3327.787022;-0.09
3005;3327.787022;-0.08
3005;3327.787022;-0.07
3005;3327.787022;-0.06
3006;3326.679973;-0.05
3006;3326.679973;-0.04
3006;3326.679973;-0.03
3006;3326.679973;-0.02
3006;3326.679973;-0.03
3007;3325.573661;-0.03
3007;3325.573661;-0.04
3007;3325.573661;-0.05
3007;3325.573661;-0.05
3008;3324.468085;-0.06
3008;3324.468085;-0.07
3008;3324.468085;-0.07
3008;3324.468085;-0.08
3008;3324.468085;-0.09
3009;3323.363244;-0.11
3009;3323.363244;-0.12
3009;3323.363244;-0.13
3009;3323.363244;-0.14
3010;3322.259136;-0.15
3010;3322.259136;-0.14
3010;3322.259136;-0.13
3010;3322.259136;-0.12
3010;3322.259136;-0.09
3011;3321.155762;-0.06
3011;3321.155762;-0.03
3011;3321.155762;0
3011;3321.155762;0.02
3011;3321.155762;0.03
3012;3320.053121;0.02
3012;3320.053121;0
3012;3320.053121;-0.03
3012;3320.053121;-0.05
3013;3318.951211;-0.07
3013;3318.951211;-0.09
3013;3318.951211;-0.09
3013;3318.951211;-0.08
3013;3318.951211;-0.07
3014;3317.850033;-0.06
3014;3317.850033;-0.05
3014;3317.850033;-0.03
3014;3317.850033;-0.02
3015;3316.749585;-0.01
3015;3316.749585;-0.01
3015;3316.749585;-0.01
3015;3316.749585;-0.02
3015;3316.749585;-0.03
3016;3315.649867;-0.05
3016;3315.649867;-0.07
3016;3315.649867;-0.1
3016;3315.649867;-0.12
3017;3314.550878;-0.14
3017;3314.550878;-0.17
3017;3314.550878;-0.19
3017;3314.550878;-0.21
3017;3314.550878;-0.23
3018;3313.452618;-0.25
3018;3313.452618;-0.25
3018;3313.452618;-0.24
3018;3313.452618;-0.22
3018;3313.452618;-0.18
3019;3312.355084;-0.13
3019;3312.355084;-0.07
3019;3312.355084;-0.01
3019;3312.355084;0.04
3020;3311.258278;0.09
3020;3311.258278;0.13
3020;3311.258278;0.16
3020;3311.258278;0.18
3020;3311.258278;0.18
3021;3310.162198;0.17
3021;3310.162198;0.16
3021;3310.162198;0.14
3021;3310.162198;0.12
3022;3309.066843;0.1
3022;3309.066843;0.09
3022;3309.066843;0.08
3022;3309.066843;0.07
3022;3309.066843;0.05
3023;3307.972213;0.03
3023;3307.972213;0
3023;3307.972213;-0.03
3023;3307.972213;-0.06
3024;3306.878307;-0.07
3024;3306.878307;-0.08
3024;3306.878307;-0.07
3024;3306.878307;-0.05
3024;3306.878307;-0.02
3025;3305.785124;0.01
3025;3305.785124;0.04
3025;3305.785124;0.06
3025;3305.785124;0.07
3026;3304.692664;0.08
3026;3304.692664;0.08
3026;3304.692664;0.07
3026;3304.692664;0.06
3026;3304.692664;0.05
3027;3303.600925;0.05
3027;3303.600925;0.06
3027;3303.600925;0.07
3027;3303.600925;0.09
3028;3302.509908;0.11
3028;3302.509908;0.12
3028;3302.509908;0.13
3028;3302.509908;0.12
3028;3302.509908;0.12
3029;3301.41961;0.11
3029;3301.41961;0.11
3029;3301.41961;0.12
3029;3301.41961;0.13
3030;3300.330033;0.14
3030;3300.330033;0.15
3030;3300.330033;0.16
3030;3300.330033;0.15
3030;3300.330033;0.13
3031;3299.241175;0.11
3031;3299.241175;0.08
3031;3299.241175;0.04
3031;3299.241175;0
3032;3298.153034;-0.03
3032;3298.153034;-0.07
3032;3298.153034;-0.09
3032;3298.153034;-0.11
3032;3298.153034;-0.12
3033;3297.065612;-0.11
3033;3297.065612;-0.09
3033;3297.065612;-0.06
3033;3297.065612;-0.03
3033;3297.065612;0.01
3034;3295.978906;0.04
3034;3295.978906;0.07
3034;3295.978906;0.09
3034;3295.978906;0.1
3035;3294.892916;0.11
3035;3294.892916;0.12
3035;3294.892916;0.12
3035;3294.892916;0.12
3035;3294.892916;0.11
3036;3293.807642;0.1
3036;3293.807642;0.09
3036;3293.807642;0.07
3036;3293.807642;0.06
3037;3292.723082;0.04
3037;3292.723082;0.03
3037;3292.723082;0.02
3037;3292.723082;0.01
3037;3292.723082;-0.01
3038;3291.639236;-0.02
3038;3291.639236;-0.04
3038;3291.639236;-0.07
3038;3291.639236;-0.09
3039;3290.556104;-0.11
3039;3290.556104;-0.13
3039;3290.556104;-0.14
3039;3290.556104;-0.13
3039;3290.556104;-0.12
3040;3289.473684;-0.1
3040;3289.473684;-0.08
3040;3289.473684;-0.06
3040;3289.473684;-0.05
3041;3288.391976;-0.05
3041;3288.391976;-0.04
3041;3288.391976;-0.04
3041;3288.391976;-0.04
3042;3287.31098;-0.04
3042;3287.31098;-0.03
3042;3287.31098;-0.02
3042;3287.31098;-0.01
3042;3287.31098;0
3043;3286.230693;0.02
3043;3286.230693;0.03
3043;3286.230693;0.05
3043;3286.230693;0.07
3044;3285.151117;0.09
3044;3285.151117;0.1
3044;3285.151117;0.11
3044;3285.151117;0.11
3044;3285.151117;0.11
3045;3284.07225;0.11
3045;3284.07225;0.11
3045;3284.07225;0.1
3045;3284.07225;0.1
3046;3282.994091;0.1
3046;3282.994091;0.1
3046;3282.994091;0.09
3046;3282.994091;0.08
3046;3282.994091;0.08
3047;3281.916639;0.07
3047;3281.916639;0.06
3047;3281.916639;0.07
3047;3281.916639;0.07
3048;3280.839895;0.09
3048;3280.839895;0.11
3048;3280.839895;0.12
3048;3280.839895;0.13
3048;3280.839895;0.14
3049;3279.763857;0.12
3049;3279.763857;0.11
3049;3279.763857;0.08
3049;3279.763857;0.06
3050;3278.688525;0.04
3050;3278.688525;0.03
3050;3278.688525;0.03
3050;3278.688525;0.03
3050;3278.688525;0.04
3051;3277.613897;0.05
3051;3277.613897;0.05
3051;3277.613897;0.06
3051;3277.613897;0.07
3052;3276.539974;0.08
3052;3276.539974;0.1
3052;3276.539974;0.12
3052;3276.539974;0.15
3052;3276.539974;0.16
3053;3275.466754;0.16
3053;3275.466754;0.15
3053;3275.466754;0.12
3053;3275.466754;0.08
3054;3274.394237;0.04
3054;3274.394237;0
3054;3274.394237;-0.03
3054;3274.394237;-0.06
3054;3274.394237;-0.08
3055;3273.322422;-0.1
3055;3273.322422;-0.12
3055;3273.322422;-0.14
3055;3273.322422;-0.15
3056;3272.251309;-0.15
3056;3272.251309;-0.14
3056;3272.251309;-0.11
3056;3272.251309;-0.09
3057;3271.180896;-0.05
3057;3271.180896;-0.02
3057;3271.180896;0
3057;3271.180896;0.03
3057;3271.180896;0.04
3058;3270.111184;0.06
3058;3270.111184;0.07
3058;3270.111184;0.07
3058;3270.111184;0.06
3059;3269.042171;0.05
3059;3269.042171;0.03
3059;3269.042171;0.01
3059;3269.042171;0
3059;3269.042171;0
3060;3267.973856;0.01
3060;3267.973856;0.02
3060;3267.973856;0.04
3060;3267.973856;0.06
3061;3266.90624;0.07
3061;3266.90624;0.08
3061;3266.90624;0.07
3061;3266.90624;0.06
3061;3266.90624;0.05
3062;3265.839321;0.04
3062;3265.839321;0.03
3062;3265.839321;0.02
3062;3265.839321;0.02
3063;3264.773098;0.01
3063;3264.773098;0.01
3063;3264.773098;0.01
3063;3264.773098;0.01
3064;3263.707572;0.01
3064;3263.707572;0.01
3064;3263.707572;0
3064;3263.707572;0
3064;3263.707572;-0.01
3065;3262.642741;-0.02
3065;3262.642741;-0.03
3065;3262.642741;-0.04
3065;3262.642741;-0.05
3066;3261.578604;-0.05
3066;3261.578604;-0.06
3066;3261.578604;-0.06
3066;3261.578604;-0.07
3066;3261.578604;-0.07
3067;3260.515161;-0.07
3067;3260.515161;-0.07
3067;3260.515161;-0.06
3067;3260.515161;-0.06
3068;3259.452412;-0.05
3068;3259.452412;-0.04
3068;3259.452412;-0.02
3068;3259.452412;-0.01
3069;3258.390355;0.01
3069;3258.390355;0.04
3069;3258.390355;0.06
3069;3258.390355;0.07
3069;3258.390355;0.08
3070;3257.32899;0.08
3070;3257.32899;0.07
3070;3257.32899;0.05
3070;3257.32899;0.03
3071;3256.268317;0.02
3071;3256.268317;0.01
3071;3256.268317;0.01
3071;3256.268317;0.02
3071;3256.268317;0.03
3072;3255.208333;0.04
3072;3255.208333;0.05
3072;3255.208333;0.04
3072;3255.208333;0.03
3073;3254.14904;0.01
3073;3254.14904;-0.01
3073;3254.14904;-0.04
3073;3254.14904;-0.06
3074;3253.090436;-0.07
3074;3253.090436;-0.08
3074;3253.090436;-0.07
3074;3253.090436;-0.05
3074;3253.090436;-0.02
3075;3252.03252;0.01
3075;3252.03252;0.04
3075;3252.03252;0.08
3075;3252.03252;0.1
3076;3250.975293;0.12
3076;3250.975293;0.12
3076;3250.975293;0.11
3076;3250.975293;0.1
3076;3250.975293;0.07
3077;3249.918752;0.04
3077;3249.918752;0.02
3077;3249.918752;0
3077;3249.918752;-0.01
3078;3248.862898;-0.01
3078;3248.862898;-0.01
3078;3248.862898;0.01
3078;3248.862898;0.02
3079;3247.80773;0.03
3079;3247.80773;0.03
3079;3247.80773;0.03
3079;3247.80773;0.02
3079;3247.80773;0
3080;3246.753247;-0.02
3080;3246.753247;-0.05
3080;3246.753247;-0.07
3080;3246.753247;-0.08
3081;3245.699448;-0.09
3081;3245.699448;-0.09
3081;3245.699448;-0.08
3081;3245.699448;-0.07
3081;3245.699448;-0.04
3082;3244.646334;-0.01
3082;3244.646334;0.03
3082;3244.646334;0.07
3082;3244.646334;0.1
3083;3243.593902;0.12
3083;3243.593902;0.13
3083;3243.593902;0.13
3083;3243.593902;0.11
3084;3242.542153;0.09
3084;3242.542153;0.06
3084;3242.542153;0.03
3084;3242.542153;0.01
3084;3242.542153;-0.02
3085;3241.491086;-0.04
3085;3241.491086;-0.05
3085;3241.491086;-0.05
3085;3241.491086;-0.05
3086;3240.4407;-0.03
3086;3240.4407;0
3086;3240.4407;0.04
3086;3240.4407;0.07
3087;3239.390994;0.11
3087;3239.390994;0.14
3087;3239.390994;0.15
3087;3239.390994;0.16
3087;3239.390994;0.15
3088;3238.341969;0.13
3088;3238.341969;0.1
3088;3238.341969;0.07
3088;3238.341969;0.03
3089;3237.293623;0
3089;3237.293623;-0.03
3089;3237.293623;-0.05
3089;3237.293623;-0.07
3090;3236.245955;-0.09
3090;3236.245955;-0.11
3090;3236.245955;-0.13
3090;3236.245955;-0.15
3090;3236.245955;-0.16
3091;3235.198965;-0.18
3091;3235.198965;-0.19
3091;3235.198965;-0.18
3091;3235.198965;-0.16
3092;3234.152652;-0.13
3092;3234.152652;-0.1
3092;3234.152652;-0.07
3092;3234.152652;-0.04
3093;3233.107016;-0.02
3093;3233.107016;-0.01
3093;3233.107016;0
3093;3233.107016;0
3093;3233.107016;0
3094;3232.062056;0
3094;3232.062056;0.01
3094;3232.062056;0.02
3094;3232.062056;0.03
3095;3231.017771;0.04
3095;3231.017771;0.04
3095;3231.017771;0.04
3095;3231.017771;0.03
3096;3229.97416;0.03
3096;3229.97416;0.03
3096;3229.97416;0.04
3096;3229.97416;0.05
3096;3229.97416;0.06
3097;3228.931224;0.07
3097;3228.931224;0.08
3097;3228.931224;0.08
3097;3228.931224;0.07
3098;3227.888961;0.06
3098;3227.888961;0.05
3098;3227.888961;0.04
3098;3227.888961;0.02
3099;3226.84737;0.01
3099;3226.84737;-0.01
3099;3226.84737;-0.03
3099;3226.84737;-0.04
3099;3226.84737;-0.06
3100;3225.806452;-0.07
3100;3225.806452;-0.08
3100;3225.806452;-0.08
3100;3225.806452;-0.09
3101;3224.766204;-0.08
3101;3224.766204;-0.08
3101;3224.766204;-0.07
3101;3224.766204;-0.05
3102;3223.726628;-0.04
3102;3223.726628;-0.02
3102;3223.726628;-0.01
3102;3223.726628;0
3102;3223.726628;0
3103;3222.687722;-0.01
3103;3222.687722;-0.02
3103;3222.687722;-0.03
3103;3222.687722;-0.04
3104;3221.649485;-0.05
3104;3221.649485;-0.06
3104;3221.649485;-0.07
3104;3221.649485;-0.08
3105;3220.611916;-0.08
3105;3220.611916;-0.08
3105;3220.611916;-0.08
3105;3220.611916;-0.06
3105;3220.611916;-0.05
3106;3219.575016;-0.03
3106;3219.575016;-0.02
3106;3219.575016;-0.01
3106;3219.575016;-0.02
3107;3218.538783;-0.03
3107;3218.538783;-0.04
3107;3218.538783;-0.05
3107;3218.538783;-0.06
3108;3217.503218;-0.06
3108;3217.503218;-0.06
3108;3217.503218;-0.05
3108;3217.503218;-0.05
3109;3216.468318;-0.05
3109;3216.468318;-0.06
3109;3216.468318;-0.07
3109;3216.468318;-0.08
3109;3216.468318;-0.09
3110;3215.434084;-0.09
3110;3215.434084;-0.08
3110;3215.434084;-0.06
3110;3215.434084;-0.04
3111;3214.400514;-0.01
3111;3214.400514;0.01
3111;3214.400514;0.02
3111;3214.400514;0.03
3112;3213.367609;0.04
3112;3213.367609;0.04
3112;3213.367609;0.04
3112;3213.367609;0.05
3112;3213.367609;0.06
3113;3212.335368;0.07
3113;3212.335368;0.08
3113;3212.335368;0.08
3113;3212.335368;0.09
3114;3211.303789;0.08
3114;3211.303789;0.08
3114;3211.303789;0.08
3114;3211.303789;0.08
3115;3210.272873;0.08
3115;3210.272873;0.07
3115;3210.272873;0.07
3115;3210.272873;0.06
3116;3209.242619;0.04
3116;3209.242619;0.03
3116;3209.242619;0.02
3116;3209.242619;0.01
3116;3209.242619;0.01
3117;3208.213025;0.02
3117;3208.213025;0.02
3117;3208.213025;0.01
3117;3208.213025;0
3118;3207.184092;-0.01
3118;3207.184092;-0.04
3118;3207.184092;-0.06
3118;3207.184092;-0.09
3119;3206.155819;-0.1
3119;3206.155819;-0.11
3119;3206.155819;-0.12
3119;3206.155819;-0.11
3119;3206.155819;-0.1
3120;3205.128205;-0.09
3120;3205.128205;-0.07
3120;3205.128205;-0.05
3120;3205.128205;-0.03
3121;3204.10125;-0.02
3121;3204.10125;-0.01
3121;3204.10125;0
3121;3204.10125;0
3122;3203.074952;0.01
3122;3203.074952;0.01
3122;3203.074952;0.02
3122;3203.074952;0.03
3123;3202.049312;0.04
3123;3202.049312;0.04
3123;3202.049312;0.04
3123;3202.049312;0.04
3123;3202.049312;0.03
3124;3201.024328;0.03
3124;3201.024328;0.03
3124;3201.024328;0.03
3124;3201.024328;0.04
3125;3200;0.05
3125;3200;0.06
3125;3200;0.06
3125;3200;0.05
3126;3198.976328;0.03
3126;3198.976328;0.01
3126;3198.976328;-0.01
3126;3198.976328;-0.02
3127;3197.95331;-0.02
3127;3197.95331;-0.02
3127;3197.95331;-0.01
3127;3197.95331;0
3127;3197.95331;0.01
3128;3196.930946;0.01
3128;3196.930946;0.02
3128;3196.930946;0.02
3128;3196.930946;0.01
3129;3195.909236;0.01
3129;3195.909236;0
3129;3195.909236;-0.02
3129;3195.909236;-0.03
3130;3194.888179;-0.04
3130;3194.888179;-0.04
3130;3194.888179;-0.04
3130;3194.888179;-0.04
3131;3193.867774;-0.03
3131;3193.867774;-0.01
3131;3193.867774;0.01
3131;3193.867774;0.03
3132;3192.84802;0.04
3132;3192.84802;0.06
3132;3192.84802;0.07
3132;3192.84802;0.07
3132;3192.84802;0.06
3133;3191.828918;0.04
3133;3191.828918;0.02
3133;3191.828918;0
3133;3191.828918;-0.02
3134;3190.810466;-0.03
3134;3190.810466;-0.03
3134;3190.810466;-0.02
3134;3190.810466;-0.02
3135;3189.792663;-0.01
3135;3189.792663;-0.01
3135;3189.792663;-0.01
3135;3189.792663;-0.01
3136;3188.77551;-0.01
3136;3188.77551;-0.01
3136;3188.77551;-0.01
3136;3188.77551;-0.01
3136;3188.77551;0
3137;3187.759005;0.01
3137;3187.759005;0.02
3137;3187.759005;0.03
3137;3187.759005;0.04
3138;3186.743149;0.05
3138;3186.743149;0.05
3138;3186.743149;0.06
3138;3186.743149;0.06
3139;3185.727939;0.05
3139;3185.727939;0.04
3139;3185.727939;0.02
3139;3185.727939;0
3140;3184.713376;-0.01
3140;3184.713376;-0.03
3140;3184.713376;-0.04
3140;3184.713376;-0.05
3141;3183.699459;-0.06
3141;3183.699459;-0.06
3141;3183.699459;-0.05
3141;3183.699459;-0.03
3141;3183.699459;0
3142;3182.686187;0.03
3142;3182.686187;0.05
3142;3182.686187;0.08
3142;3182.686187;0.1
3143;3181.67356;0.1
3143;3181.67356;0.1
3143;3181.67356;0.09
3143;3181.67356;0.07
3144;3180.661578;0.05
3144;3180.661578;0.03
3144;3180.661578;0.02
3144;3180.661578;0
3145;3179.650238;-0.02
3145;3179.650238;-0.04
3145;3179.650238;-0.05
3145;3179.650238;-0.06
3146;3178.639542;-0.06
3146;3178.639542;-0.05
3146;3178.639542;-0.04
3146;3178.639542;-0.02
3146;3178.639542;0
3147;3177.629488;0.02
3147;3177.629488;0.03
3147;3177.629488;0.03
3147;3177.629488;0.04
3148;3176.620076;0.03
3148;3176.620076;0.03
3148;3176.620076;0.03
3148;3176.620076;0.04
3149;3175.611305;0.04
3149;3175.611305;0.04
3149;3175.611305;0.04
3149;3175.611305;0.03
3150;3174.603175;0.03
3150;3174.603175;0.02
3150;3174.603175;0.02
3150;3174.603175;0.02
3151;3173.595684;0.02
3151;3173.595684;0.02
3151;3173.595684;0.01
3151;3173.595684;0.01
3151;3173.595684;0.01
3152;3172.588832;0.01
3152;3172.588832;0.01
3152;3172.588832;0.02
3152;3172.588832;0.02
3153;3171.58262;0.03
3153;3171.58262;0.03
3153;3171.58262;0.03
3153;3171.58262;0.02
3154;3170.577045;0.02
3154;3170.577045;0.01
3154;3170.577045;0.01
3154;3170.577045;0.01
3155;3169.572108;0.02
3155;3169.572108;0.03
3155;3169.572108;0.05
3155;3169.572108;0.06
3156;3168.567807;0.06
3156;3168.567807;0.07
3156;3168.567807;0.07
3156;3168.567807;0.07
3157;3167.564143;0.08
3157;3167.564143;0.08
3157;3167.564143;0.08
3157;3167.564143;0.08
3157;3167.564143;0.06
3158;3166.561115;0.04
3158;3166.561115;0.02
3158;3166.561115;-0.01
3158;3166.561115;-0.03
3159;3165.558721;-0.06
3159;3165.558721;-0.08
3159;3165.558721;-0.1
3159;3165.558721;-0.11
3160;3164.556962;-0.12
3160;3164.556962;-0.12
3160;3164.556962;-0.12
3160;3164.556962;-0.11
3161;3163.555837;-0.09
3161;3163.555837;-0.07
3161;3163.555837;-0.06
3161;3163.555837;-0.04
3162;3162.555345;-0.04
3162;3162.555345;-0.04
3162;3162.555345;-0.05
3162;3162.555345;-0.05
3163;3161.555485;-0.06
3163;3161.555485;-0.06
3163;3161.555485;-0.05
3163;3161.555485;-0.05
3164;3160.556258;-0.04
3164;3160.556258;-0.03
3164;3160.556258;-0.02
3164;3160.556258;0
3164;3160.556258;0.01
3165;3159.557662;0.03
3165;3159.557662;0.05
3165;3159.557662;0.06
3165;3159.557662;0.07
3166;3158.559697;0.07
3166;3158.559697;0.07
3166;3158.559697;0.07
3166;3158.559697;0.06
3167;3157.562362;0.05
3167;3157.562362;0.05
3167;3157.562362;0.04
3167;3157.562362;0.04
3168;3156.565657;0.03
3168;3156.565657;0.03
3168;3156.565657;0.02
3168;3156.565657;0.02
3169;3155.56958;0.03
3169;3155.56958;0.03
3169;3155.56958;0.04
3169;3155.56958;0.04
3170;3154.574132;0.05
3170;3154.574132;0.05
3170;3154.574132;0.05
3170;3154.574132;0.05
3171;3153.579313;0.06
3171;3153.579313;0.07
3171;3153.579313;0.08
3171;3153.579313;0.1
3171;3153.579313;0.11
3172;3152.58512;0.13
3172;3152.58512;0.13
3172;3152.58512;0.13
3172;3152.58512;0.13
3173;3151.591554;0.11
3173;3151.591554;0.09
3173;3151.591554;0.06
3173;3151.591554;0.04
3174;3150.598614;0.01
3174;3150.598614;-0.01
3174;3150.598614;-0.02
3174;3150.598614;-0.03
3175;3149.606299;-0.03
3175;3149.606299;-0.03
3175;3149.606299;-0.02
3175;3149.606299;-0.02
3176;3148.61461;-0.01
3176;3148.61461;-0.01
3176;3148.61461;0
3176;3148.61461;0
3177;3147.623544;-0.01
3177;3147.623544;-0.02
3177;3147.623544;-0.03
3177;3147.623544;-0.04
3178;3146.633103;-0.05
3178;3146.633103;-0.06
3178;3146.633103;-0.07
3178;3146.633103;-0.06
3179;3145.643284;-0.05
3179;3145.643284;-0.05
3179;3145.643284;-0.04
3179;3145.643284;-0.04
3180;3144.654088;-0.05
3180;3144.654088;-0.06
3180;3144.654088;-0.07
3180;3144.654088;-0.08
3180;3144.654088;-0.09
3181;3143.665514;-0.09
3181;3143.665514;-0.08
3181;3143.665514;-0.07
3181;3143.665514;-0.06
3182;3142.677561;-0.04
3182;3142.677561;-0.03
3182;3142.677561;-0.01
3182;3142.677561;0.02
3183;3141.690229;0.04
3183;3141.690229;0.05
3183;3141.690229;0.06
3183;3141.690229;0.06
3184;3140.703518;0.04
3184;3140.703518;0.02
3184;3140.703518;0
3184;3140.703518;-0.03
3185;3139.717425;-0.05
3185;3139.717425;-0.07
3185;3139.717425;-0.09
3185;3139.717425;-0.09
3186;3138.731952;-0.09
3186;3138.731952;-0.08
3186;3138.731952;-0.06
3186;3138.731952;-0.04
3187;3137.747098;-0.01
3187;3137.747098;0.02
3187;3137.747098;0.05
3187;3137.747098;0.08
3188;3136.762861;0.1
3188;3136.762861;0.13
3188;3136.762861;0.14
3188;3136.762861;0.15
3189;3135.779241;0.15
3189;3135.779241;0.14
3189;3135.779241;0.12
3189;3135.779241;0.09
3190;3134.796238;0.06
3190;3134.796238;0.03
3190;3134.796238;0
3190;3134.796238;-0.03
3191;3133.813851;-0.05
3191;3133.813851;-0.05
3191;3133.813851;-0.06
3191;3133.813851;-0.06
3191;3133.813851;-0.06
3192;3132.83208;-0.07
3192;3132.83208;-0.08
3192;3132.83208;-0.09
3192;3132.83208;-0.11
3193;3131.850924;-0.12
3193;3131.850924;-0.13
3193;3131.850924;-0.14
3193;3131.850924;-0.14
3194;3130.870382;-0.13
3194;3130.870382;-0.11
3194;3130.870382;-0.09
3194;3130.870382;-0.06
3195;3129.890454;-0.04
3195;3129.890454;-0.03
3195;3129.890454;-0.03
3195;3129.890454;-0.03
3196;3128.911139;-0.03
3196;3128.911139;-0.02
3196;3128.911139;-0.01
3196;3128.911139;0
3197;3127.932437;0.03
3197;3127.932437;0.05
3197;3127.932437;0.08
3197;3127.932437;0.1
3198;3126.954346;0.11
3198;3126.954346;0.1
3198;3126.954346;0.09
3198;3126.954346;0.07
3199;3125.976868;0.04
3199;3125.976868;0.01
3199;3125.976868;-0.02
3199;3125.976868;-0.05
3200;3125;-0.08
3200;3125;-0.11
3200;3125;-0.12
3200;3125;-0.11
3201;3124.023743;-0.1
3201;3124.023743;-0.07
3201;3124.023743;-0.04
3201;3124.023743;-0.01
3202;3123.048095;0.03
3202;3123.048095;0.06
3202;3123.048095;0.08
3202;3123.048095;0.09
3203;3122.073057;0.09
3203;3122.073057;0.08
3203;3122.073057;0.06
3203;3122.073057;0.04
3204;3121.098627;0.01
3204;3121.098627;-0.01
3204;3121.098627;-0.02
3204;3121.098627;-0.02
3205;3120.124805;-0.02
3205;3120.124805;0
3205;3120.124805;0.02
3205;3120.124805;0.04
3206;3119.151591;0.05
3206;3119.151591;0.06
3206;3119.151591;0.06
3206;3119.151591;0.05
3207;3118.178983;0.03
3207;3118.178983;0.01
3207;3118.178983;0
3207;3118.178983;-0.02
3208;3117.206983;-0.03
3208;3117.206983;-0.03
3208;3117.206983;-0.03
3208;3117.206983;-0.02
3209;3116.235587;-0.01
3209;3116.235587;0
3209;3116.235587;0.02
3209;3116.235587;0.03
3210;3115.264798;0.03
3210;3115.264798;0.03
3210;3115.264798;0.03
3210;3115.264798;0.02
3211;3114.294612;0.02
3211;3114.294612;0.02
3211;3114.294612;0.02
3211;3114.294612;0.02
3212;3113.325031;0.02
3212;3113.325031;0.01
3212;3113.325031;0
3212;3113.325031;-0.01
3213;3112.356054;-0.02
3213;3112.356054;-0.02
3213;3112.356054;-0.02
3213;3112.356054;-0.02
3213;3112.356054;-0.02
3214;3111.387679;-0.03
3214;3111.387679;-0.03
3214;3111.387679;-0.04
3214;3111.387679;-0.05
3215;3110.419907;-0.05
3215;3110.419907;-0.05
3215;3110.419907;-0.03
3215;3110.419907;-0.01
3216;3109.452736;0.02
3216;3109.452736;0.04
3216;3109.452736;0.06
3216;3109.452736;0.05
3217;3108.486167;0.03
3217;3108.486167;0
3217;3108.486167;-0.03
3217;3108.486167;-0.07
3218;3107.520199;-0.09
3218;3107.520199;-0.11
3218;3107.520199;-0.11
3218;3107.520199;-0.1
3219;3106.554831;-0.09
3219;3106.554831;-0.07
3219;3106.554831;-0.05
3219;3106.554831;-0.03
3220;3105.590062;-0.02
3220;3105.590062;-0.01
3220;3105.590062;0
3220;3105.590062;0
3221;3104.625893;0
3221;3104.625893;0
3221;3104.625893;-0.01
3221;3104.625893;-0.03
3222;3103.662322;-0.05
3222;3103.662322;-0.08
3222;3103.662322;-0.11
3222;3103.662322;-0.13
3223;3102.699348;-0.15
3223;3102.699348;-0.17
3223;3102.699348;-0.18
3223;3102.699348;-0.18
3224;3101.736973;-0.17
3224;3101.736973;-0.16
3224;3101.736973;-0.14
3224;3101.736973;-0.12
3225;3100.775194;-0.09
3225;3100.775194;-0.07
3225;3100.775194;-0.04
3225;3100.775194;-0.02
3226;3099.814011;0.01
3226;3099.814011;0.04
3226;3099.814011;0.06
3226;3099.814011;0.08
3227;3098.853424;0.09
3227;3098.853424;0.09
3227;3098.853424;0.08
3227;3098.853424;0.06
3228;3097.893432;0.03
3228;3097.893432;-0.01
3228;3097.893432;-0.05
3229;3096.934035;-0.09
3229;3096.934035;-0.12
3229;3096.934035;-0.14
3229;3096.934035;-0.15
3230;3095.975232;-0.15
3230;3095.975232;-0.14
3230;3095.975232;-0.11
3230;3095.975232;-0.09
3231;3095.017023;-0.06
3231;3095.017023;-0.04
3231;3095.017023;-0.02
3231;3095.017023;-0.02
3232;3094.059406;-0.03
3232;3094.059406;-0.04
3232;3094.059406;-0.06
3232;3094.059406;-0.08
3233;3093.102382;-0.09
3233;3093.102382;-0.09
3233;3093.102382;-0.08
3233;3093.102382;-0.06
3234;3092.145949;-0.02
3234;3092.145949;0.01
3234;3092.145949;0.06
3234;3092.145949;0.1
3235;3091.190108;0.13
3235;3091.190108;0.16
3235;3091.190108;0.17
3235;3091.190108;0.18
3236;3090.234858;0.18
3236;3090.234858;0.17
3236;3090.234858;0.16
3236;3090.234858;0.15
3237;3089.280198;0.13
3237;3089.280198;0.11
3237;3089.280198;0.09
3237;3089.280198;0.06
3238;3088.326127;0.04
3238;3088.326127;0.02
3238;3088.326127;0.01
3238;3088.326127;0.01
3239;3087.372646;0
3239;3087.372646;0
3239;3087.372646;-0.01
3239;3087.372646;-0.03
3240;3086.419753;-0.05
3240;3086.419753;-0.07
3240;3086.419753;-0.1
3240;3086.419753;-0.12
3241;3085.467448;-0.13
3241;3085.467448;-0.13
3241;3085.467448;-0.12
3241;3085.467448;-0.11
3242;3084.515731;-0.1
3242;3084.515731;-0.09
3242;3084.515731;-0.09
3242;3084.515731;-0.08
3243;3083.564601;-0.08
3243;3083.564601;-0.07
3243;3083.564601;-0.06
3243;3083.564601;-0.05
3244;3082.614057;-0.04
3244;3082.614057;-0.03
3244;3082.614057;-0.03
3244;3082.614057;-0.02
3245;3081.664099;-0.01
3245;3081.664099;-0.01
3245;3081.664099;-0.01
3245;3081.664099;-0.01
3246;3080.714726;-0.01
3246;3080.714726;0
3246;3080.714726;0.01
3246;3080.714726;0.03
3247;3079.765938;0.05
3247;3079.765938;0.07
3247;3079.765938;0.09
3247;3079.765938;0.11
3248;3078.817734;0.12
3248;3078.817734;0.13
3248;3078.817734;0.12
3248;3078.817734;0.11
3249;3077.870114;0.1
3249;3077.870114;0.09
3249;3077.870114;0.08
3249;3077.870114;0.06
3250;3076.923077;0.04
3250;3076.923077;0.02
3250;3076.923077;0
3251;3075.976623;-0.03
3251;3075.976623;-0.05
3251;3075.976623;-0.08
3251;3075.976623;-0.1
3252;3075.03075;-0.12
3252;3075.03075;-0.13
3252;3075.03075;-0.13
3252;3075.03075;-0.13
3253;3074.08546;-0.11
3253;3074.08546;-0.09
3253;3074.08546;-0.05
3253;3074.08546;-0.02
3254;3073.14075;0.02
3254;3073.14075;0.06
3254;3073.14075;0.09
3254;3073.14075;0.12
3255;3072.196621;0.14
3255;3072.196621;0.15
3255;3072.196621;0.16
3255;3072.196621;0.16
3256;3071.253071;0.17
3256;3071.253071;0.17
3256;3071.253071;0.19
3256;3071.253071;0.2
3257;3070.310101;0.21
3257;3070.310101;0.22
3257;3070.310101;0.21
3257;3070.310101;0.2
3258;3069.36771;0.16
3258;3069.36771;0.12
3258;3069.36771;0.06
3258;3069.36771;0
3259;3068.425898;-0.05
3259;3068.425898;-0.08
3259;3068.425898;-0.1
3259;3068.425898;-0.11
3260;3067.484663;-0.1
3260;3067.484663;-0.08
3260;3067.484663;-0.06
3260;3067.484663;-0.05
3261;3066.544005;-0.04
3261;3066.544005;-0.04
3261;3066.544005;-0.03
3262;3065.603924;-0.02
3262;3065.603924;-0.01
3262;3065.603924;0.01
3262;3065.603924;0.03
3263;3064.664419;0.04
3263;3064.664419;0.05
3263;3064.664419;0.05
3263;3064.664419;0.05
3264;3063.72549;0.05
3264;3063.72549;0.04
3264;3063.72549;0.04
3264;3063.72549;0.05
3265;3062.787136;0.06
3265;3062.787136;0.08
3265;3062.787136;0.09
3265;3062.787136;0.1
3266;3061.849357;0.11
3266;3061.849357;0.1
3266;3061.849357;0.09
3266;3061.849357;0.07
3267;3060.912152;0.06
3267;3060.912152;0.05
3267;3060.912152;0.04
3267;3060.912152;0.04
3268;3059.97552;0.05
3268;3059.97552;0.05
3268;3059.97552;0.04
3268;3059.97552;0.03
3269;3059.039462;0.01
3269;3059.039462;-0.02
3269;3059.039462;-0.05
3269;3059.039462;-0.07
3270;3058.103976;-0.09
3270;3058.103976;-0.09
3270;3058.103976;-0.09
3271;3057.169061;-0.07
3271;3057.169061;-0.05
3271;3057.169061;-0.03
3271;3057.169061;-0.02
3272;3056.234719;-0.01
3272;3056.234719;-0.01
3272;3056.234719;-0.01
3272;3056.234719;-0.02
3273;3055.300947;-0.02
3273;3055.300947;-0.03
3273;3055.300947;-0.03
3273;3055.300947;-0.03
3274;3054.367746;-0.01
3274;3054.367746;0.01
3274;3054.367746;0.04
3274;3054.367746;0.07
3275;3053.435115;0.1
3275;3053.435115;0.12
3275;3053.435115;0.13
3275;3053.435115;0.13
3276;3052.503053;0.12
3276;3052.503053;0.1
3276;3052.503053;0.08
3276;3052.503053;0.06
3277;3051.571559;0.04
3277;3051.571559;0.03
3277;3051.571559;0.02
3277;3051.571559;0.02
3278;3050.640635;0.03
3278;3050.640635;0.05
3278;3050.640635;0.07
3279;3049.710278;0.08
3279;3049.710278;0.09
3279;3049.710278;0.09
3279;3049.710278;0.09
3280;3048.780488;0.08
3280;3048.780488;0.06
3280;3048.780488;0.05
3280;3048.780488;0.04
3281;3047.851265;0.03
3281;3047.851265;0.02
3281;3047.851265;0.02
3281;3047.851265;0.02
3282;3046.922608;0.02
3282;3046.922608;0.03
3282;3046.922608;0.04
3282;3046.922608;0.05
3283;3045.994517;0.07
3283;3045.994517;0.08
3283;3045.994517;0.09
3283;3045.994517;0.09
3284;3045.066991;0.09
3284;3045.066991;0.08
3284;3045.066991;0.07
3284;3045.066991;0.05
3285;3044.14003;0.03
3285;3044.14003;0.01
3285;3044.14003;0
3286;3043.213634;-0.01
3286;3043.213634;0
3286;3043.213634;0
3286;3043.213634;0.01
3287;3042.2878;0.03
3287;3042.2878;0.04
3287;3042.2878;0.04
3287;3042.2878;0.05
3288;3041.36253;0.04
3288;3041.36253;0.04
3288;3041.36253;0.03
3288;3041.36253;0.02
3289;3040.437823;0
3289;3040.437823;-0.02
3289;3040.437823;-0.03
3289;3040.437823;-0.05
3290;3039.513678;-0.06
3290;3039.513678;-0.06
3290;3039.513678;-0.06
3290;3039.513678;-0.04
3291;3038.590094;-0.02
3291;3038.590094;0
3291;3038.590094;0.02
3292;3037.667072;0.03
3292;3037.667072;0.03
3292;3037.667072;0.01
3292;3037.667072;0
3293;3036.74461;-0.01
3293;3036.74461;-0.02
3293;3036.74461;-0.01
3293;3036.74461;0.01
3294;3035.822708;0.03
3294;3035.822708;0.06
3294;3035.822708;0.08
3294;3035.822708;0.09
3295;3034.901366;0.09
3295;3034.901366;0.07
3295;3034.901366;0.06
3295;3034.901366;0.04
3296;3033.980583;0.02
3296;3033.980583;0.02
3296;3033.980583;0.02
3296;3033.980583;0.03
3297;3033.060358;0.04
3297;3033.060358;0.04
3297;3033.060358;0.04
3298;3032.140691;0.03
3298;3032.140691;0.02
3298;3032.140691;0.01
3298;3032.140691;0
3299;3031.221582;0.01
3299;3031.221582;0.02
3299;3031.221582;0.04
3299;3031.221582;0.06
3300;3030.30303;0.07
3300;3030.30303;0.08
3300;3030.30303;0.08
3300;3030.30303;0.06
3301;3029.385035;0.03
3301;3029.385035;0
3301;3029.385035;-0.03
3301;3029.385035;-0.05
3302;3028.467595;-0.07
3302;3028.467595;-0.07
3302;3028.467595;-0.07
3303;3027.550711;-0.07
3303;3027.550711;-0.07
3303;3027.550711;-0.07
3303;3027.550711;-0.08
3304;3026.634383;-0.09
3304;3026.634383;-0.1
3304;3026.634383;-0.1
3304;3026.634383;-0.1
3305;3025.718608;-0.09
3305;3025.718608;-0.07
3305;3025.718608;-0.06
3305;3025.718608;-0.04
3306;3024.803388;-0.03
3306;3024.803388;-0.02
3306;3024.803388;-0.02
3306;3024.803388;-0.03
3307;3023.888721;-0.04
3307;3023.888721;-0.04
3307;3023.888721;-0.04
3308;3022.974607;-0.03
3308;3022.974607;-0.02
3308;3022.974607;0
3308;3022.974607;0.01
3309;3022.061046;0.03
3309;3022.061046;0.04
3309;3022.061046;0.06
3309;3022.061046;0.07
3310;3021.148036;0.08
3310;3021.148036;0.09
3310;3021.148036;0.09
3310;3021.148036;0.09
3311;3020.235578;0.09
3311;3020.235578;0.09
3311;3020.235578;0.08
3311;3020.235578;0.08
3312;3019.323671;0.08
3312;3019.323671;0.08
3312;3019.323671;0.08
3313;3018.412315;0.08
3313;3018.412315;0.07
3313;3018.412315;0.07
3313;3018.412315;0.06
3314;3017.501509;0.05
3314;3017.501509;0.04
3314;3017.501509;0.04
3314;3017.501509;0.03
3315;3016.591252;0.02
3315;3016.591252;0.02
3315;3016.591252;0.01
3315;3016.591252;0.01
3316;3015.681544;0.01
3316;3015.681544;0
3316;3015.681544;-0.01
3317;3014.772385;-0.03
3317;3014.772385;-0.05
3317;3014.772385;-0.07
3317;3014.772385;-0.09
3318;3013.863773;-0.1
3318;3013.863773;-0.12
3318;3013.863773;-0.13
3318;3013.863773;-0.15
3319;3012.95571;-0.16
3319;3012.95571;-0.16
3319;3012.95571;-0.16
3319;3012.95571;-0.15
3320;3012.048193;-0.13
3320;3012.048193;-0.09
3320;3012.048193;-0.05
3321;3011.141223;-0.01
3321;3011.141223;0.02
3321;3011.141223;0.05
3321;3011.141223;0.06
3322;3010.234798;0.05
3322;3010.234798;0.04
3322;3010.234798;0.02
3322;3010.234798;0
3323;3009.32892;0
3323;3009.32892;0
3323;3009.32892;0.01
3323;3009.32892;0.04
3324;3008.423586;0.06
3324;3008.423586;0.08
3324;3008.423586;0.09
3324;3008.423586;0.09
3325;3007.518797;0.07
3325;3007.518797;0.04
3325;3007.518797;0.02
3326;3006.614552;-0.01
3326;3006.614552;-0.02
3326;3006.614552;-0.02
3326;3006.614552;-0.01
3327;3005.710851;0.02
3327;3005.710851;0.05
3327;3005.710851;0.08
3327;3005.710851;0.1
3328;3004.807692;0.1
3328;3004.807692;0.1
3328;3004.807692;0.09
3328;3004.807692;0.07
3329;3003.905077;0.05
3329;3003.905077;0.04
3329;3003.905077;0.03
3330;3003.003003;0.03
3330;3003.003003;0.03
3330;3003.003003;0.02
3330;3003.003003;0.02
3331;3002.101471;0
3331;3002.101471;-0.01
3331;3002.101471;-0.02
3331;3002.101471;-0.03
3332;3001.20048;-0.04
3332;3001.20048;-0.03
3332;3001.20048;-0.02
3333;3000.30003;0.01
3333;3000.30003;0.03
3333;3000.30003;0.05
3333;3000.30003;0.07
3334;2999.40012;0.08
3334;2999.40012;0.08
3334;2999.40012;0.06
3334;2999.40012;0.05
3335;2998.50075;0.02
3335;2998.50075;0
3335;2998.50075;-0.03
3335;2998.50075;-0.04
3336;2997.601918;-0.06
3336;2997.601918;-0.06
3336;2997.601918;-0.07
3337;2996.703626;-0.06
3337;2996.703626;-0.05
3337;2996.703626;-0.04
3337;2996.703626;-0.03
3338;2995.805872;-0.02
3338;2995.805872;-0.02
3338;2995.805872;-0.01
3338;2995.805872;-0.01
3339;2994.908655;0
3339;2994.908655;0
3339;2994.908655;0.01
3339;2994.908655;0.02
3340;2994.011976;0.03
3340;2994.011976;0.04
3340;2994.011976;0.06
3341;2993.115834;0.07
3341;2993.115834;0.08
3341;2993.115834;0.09
3341;2993.115834;0.1
3342;2992.220227;0.11
3342;2992.220227;0.12
3342;2992.220227;0.13
3342;2992.220227;0.14
3343;2991.325157;0.14
3343;2991.325157;0.14
3343;2991.325157;0.13
3344;2990.430622;0.12
3344;2990.430622;0.1
3344;2990.430622;0.08
3344;2990.430622;0.06
3345;2989.536622;0.03
3345;2989.536622;0.01
3345;2989.536622;-0.01
3345;2989.536622;-0.03
3346;2988.643156;-0.05
3346;2988.643156;-0.05
3346;2988.643156;-0.05
3346;2988.643156;-0.05
3347;2987.750224;-0.05
3347;2987.750224;-0.06
3347;2987.750224;-0.06
3348;2986.857826;-0.07
3348;2986.857826;-0.08
3348;2986.857826;-0.08
3348;2986.857826;-0.07
3349;2985.96596;-0.06
3349;2985.96596;-0.04
3349;2985.96596;-0.02
3349;2985.96596;0
3350;2985.074627;0.01
3350;2985.074627;0.02
3350;2985.074627;0.03
3351;2984.183826;0.03
3351;2984.183826;0.04
3351;2984.183826;0.04
3351;2984.183826;0.04
3352;2983.293556;0.05
3352;2983.293556;0.05
3352;2983.293556;0.05
3352;2983.293556;0.04
3353;2982.403817;0.03
3353;2982.403817;0.02
3353;2982.403817;0.01
3354;2981.514609;0.01
3354;2981.514609;0
3354;2981.514609;-0.01
3354;2981.514609;-0.02
3355;2980.625931;-0.02
3355;2980.625931;-0.03
3355;2980.625931;-0.04
3355;2980.625931;-0.04
3356;2979.737783;-0.04
3356;2979.737783;-0.03
3356;2979.737783;-0.02
3357;2978.850164;-0.01
3357;2978.850164;-0.01
3357;2978.850164;-0.01
3357;2978.850164;-0.02
3358;2977.963073;-0.03
3358;2977.963073;-0.04
3358;2977.963073;-0.06
3358;2977.963073;-0.07
3359;2977.076511;-0.09
3359;2977.076511;-0.1
3359;2977.076511;-0.1
3359;2977.076511;-0.1
3360;2976.190476;-0.1
3360;2976.190476;-0.09
3360;2976.190476;-0.07
3361;2975.304969;-0.05
3361;2975.304969;-0.02
3361;2975.304969;0
3361;2975.304969;0.02
3362;2974.419988;0.03
3362;2974.419988;0.03
3362;2974.419988;0.03
3362;2974.419988;0.02
3363;2973.535534;0.02
3363;2973.535534;0.01
3363;2973.535534;0
3364;2972.651605;0
3364;2972.651605;0
3364;2972.651605;0
3364;2972.651605;0
3365;2971.768202;0
3365;2971.768202;0
3365;2971.768202;0.01
3365;2971.768202;0.01
3366;2970.885324;0.02
3366;2970.885324;0.03
3366;2970.885324;0.05
3367;2970.00297;0.06
3367;2970.00297;0.07
3367;2970.00297;0.07
3367;2970.00297;0.06
3368;2969.12114;0.05
3368;2969.12114;0.03
3368;2969.12114;0.01
3368;2969.12114;0
3369;2968.239834;-0.01
3369;2968.239834;-0.02
3369;2968.239834;-0.03
3370;2967.35905;-0.03
3370;2967.35905;-0.04
3370;2967.35905;-0.04
3370;2967.35905;-0.04
3371;2966.47879;-0.04
3371;2966.47879;-0.04
3371;2966.47879;-0.03
3372;2965.599051;-0.02
3372;2965.599051;-0.01
3372;2965.599051;0
3372;2965.599051;0.01
3373;2964.719834;0.02
3373;2964.719834;0.03
3373;2964.719834;0.04
3373;2964.719834;0.04
3374;2963.841138;0.04
3374;2963.841138;0.03
3374;2963.841138;0.03
3375;2962.962963;0.02
3375;2962.962963;0.02
3375;2962.962963;0.02
3375;2962.962963;0.03
3376;2962.085308;0.05
3376;2962.085308;0.06
3376;2962.085308;0.07
3376;2962.085308;0.07
3377;2961.208173;0.06
3377;2961.208173;0.05
3377;2961.208173;0.03
3378;2960.331557;0.02
3378;2960.331557;0.01
3378;2960.331557;0.01
3378;2960.331557;0.02
3379;2959.45546;0.02
3379;2959.45546;0.03
3379;2959.45546;0.03
3379;2959.45546;0.03
3380;2958.579882;0.03
3380;2958.579882;0.03
3380;2958.579882;0.03
3381;2957.704821;0.03
3381;2957.704821;0.04
3381;2957.704821;0.04
3381;2957.704821;0.04
3382;2956.830278;0.04
3382;2956.830278;0.03
3382;2956.830278;0.02
3383;2955.956252;0
3383;2955.956252;0
3383;2955.956252;-0.01
3383;2955.956252;0
3384;2955.082742;0.01
3384;2955.082742;0.03
3384;2955.082742;0.05
3384;2955.082742;0.08
3385;2954.209749;0.1
3385;2954.209749;0.11
3385;2954.209749;0.12
3386;2953.337271;0.11
3386;2953.337271;0.09
3386;2953.337271;0.07
3386;2953.337271;0.03
3387;2952.465309;0
3387;2952.465309;-0.03
3387;2952.465309;-0.06
3387;2952.465309;-0.09
3388;2951.593861;-0.1
3388;2951.593861;-0.11
3388;2951.593861;-0.12
3389;2950.722927;-0.12
3389;2950.722927;-0.12
3389;2950.722927;-0.12
3389;2950.722927;-0.12
3390;2949.852507;-0.13
3390;2949.852507;-0.13
3390;2949.852507;-0.14
3391;2948.982601;-0.13
3391;2948.982601;-0.13
3391;2948.982601;-0.12
3391;2948.982601;-0.1
3392;2948.113208;-0.09
3392;2948.113208;-0.08
3392;2948.113208;-0.08
3392;2948.113208;-0.09
3393;2947.244327;-0.09
3393;2947.244327;-0.09
3393;2947.244327;-0.09
3394;2946.375958;-0.07
3394;2946.375958;-0.05
3394;2946.375958;-0.03
3394;2946.375958;0
3395;2945.5081;0.01
3395;2945.5081;0.02
3395;2945.5081;0.02
3396;2944.640754;0
3396;2944.640754;-0.02
3396;2944.640754;-0.04
3396;2944.640754;-0.07
3397;2943.773918;-0.08
3397;2943.773918;-0.09
3397;2943.773918;-0.09
3397;2943.773918;-0.08
3398;2942.907593;-0.06
3398;2942.907593;-0.05
3398;2942.907593;-0.04
3399;2942.041777;-0.04
3399;2942.041777;-0.04
3399;2942.041777;-0.04
3399;2942.041777;-0.05
3400;2941.176471;-0.05
3400;2941.176471;-0.04
3400;2941.176471;-0.03
3401;2940.311673;-0.01
3401;2940.311673;0
3401;2940.311673;0.02
3401;2940.311673;0.03
3402;2939.447384;0.03
3402;2939.447384;0.02
3402;2939.447384;0.01
3402;2939.447384;-0.01
3403;2938.583603;-0.03
3403;2938.583603;-0.04
3403;2938.583603;-0.05
3404;2937.720329;-0.05
3404;2937.720329;-0.05
3404;2937.720329;-0.03
3404;2937.720329;-0.01
3405;2936.857562;0
3405;2936.857562;0.02
3405;2936.857562;0.02
3406;2935.995302;0.03
3406;2935.995302;0.02
3406;2935.995302;0.02
3406;2935.995302;0.01
3407;2935.133549;0.01
3407;2935.133549;0.01
3407;2935.133549;0.02
3408;2934.2723;0.03
3408;2934.2723;0.04
3408;2934.2723;0.05
3408;2934.2723;0.05
3409;2933.411558;0.04
3409;2933.411558;0.03
3409;2933.411558;0.01
3409;2933.411558;-0.01
3410;2932.55132;-0.03
3410;2932.55132;-0.06
3410;2932.55132;-0.07
3411;2931.691586;-0.08
3411;2931.691586;-0.08
3411;2931.691586;-0.06
3411;2931.691586;-0.05
3412;2930.832356;-0.02
3412;2930.832356;0
3412;2930.832356;0.01
3413;2929.97363;0.03
3413;2929.97363;0.04
3413;2929.97363;0.05
3413;2929.97363;0.06
3414;2929.115407;0.06
3414;2929.115407;0.06
3414;2929.115407;0.06
3415;2928.257687;0.06
3415;2928.257687;0.05
3415;2928.257687;0.03
3415;2928.257687;0.02
3416;2927.400468;0.02
3416;2927.400468;0.01
3416;2927.400468;0.01
3416;2927.400468;0.02
3417;2926.543752;0.03
3417;2926.543752;0.04
3417;2926.543752;0.05
3418;2925.687537;0.06
3418;2925.687537;0.06
3418;2925.687537;0.06
3418;2925.687537;0.05
3419;2924.831822;0.03
3419;2924.831822;0.01
3419;2924.831822;-0.01
3420;2923.976608;-0.03
3420;2923.976608;-0.03
3420;2923.976608;-0.03
3420;2923.976608;-0.03
3421;2923.121894;-0.01
3421;2923.121894;0
3421;2923.121894;0.01
3422;2922.26768;0.02
3422;2922.26768;0.02
3422;2922.26768;0.01
3422;2922.26768;0
3423;2921.413964;-0.02
3423;2921.413964;-0.03
3423;2921.413964;-0.04
3424;2920.560748;-0.04
3424;2920.560748;-0.04
3424;2920.560748;-0.04
3424;2920.560748;-0.04
3425;2919.708029;-0.05
3425;2919.708029;-0.05
3425;2919.708029;-0.06
3426;2918.855809;-0.06
3426;2918.855809;-0.07
3426;2918.855809;-0.07
3426;2918.855809;-0.06
3427;2918.004085;-0.05
3427;2918.004085;-0.02
3427;2918.004085;0
3428;2917.152859;0.03
3428;2917.152859;0.06
3428;2917.152859;0.07
3428;2917.152859;0.08
3429;2916.302129;0.08
3429;2916.302129;0.07
3429;2916.302129;0.06
3429;2916.302129;0.04
3430;2915.451895;0.02
3430;2915.451895;0.01
3430;2915.451895;0
3431;2914.602157;-0.01
3431;2914.602157;-0.01
3431;2914.602157;-0.01
3431;2914.602157;0
3432;2913.752914;0
3432;2913.752914;0.01
3432;2913.752914;0.01
3433;2912.904165;0.01
3433;2912.904165;0
3433;2912.904165;0
3433;2912.904165;-0.01
3434;2912.055911;-0.01
3434;2912.055911;-0.01
3434;2912.055911;-0.01
3435;2911.208151;-0.01
3435;2911.208151;-0.02
3435;2911.208151;-0.03
3435;2911.208151;-0.05
3436;2910.360885;-0.07
3436;2910.360885;-0.08
3436;2910.360885;-0.09
3437;2909.514111;-0.09
3437;2909.514111;-0.07
3437;2909.514111;-0.05
3437;2909.514111;-0.02
3438;2908.66783;0.01
3438;2908.66783;0.03
3438;2908.66783;0.05
3439;2907.822041;0.05
3439;2907.822041;0.06
3439;2907.822041;0.05
3439;2907.822041;0.04
3440;2906.976744;0.03
3440;2906.976744;0.03
3440;2906.976744;0.02
3441;2906.131938;0.01
3441;2906.131938;0
3441;2906.131938;0
3441;2906.131938;-0.01
3442;2905.287623;-0.01
3442;2905.287623;-0.02
3442;2905.287623;-0.03
3443;2904.443799;-0.04
3443;2904.443799;-0.05
3443;2904.443799;-0.06
3443;2904.443799;-0.05
3444;2903.600465;-0.05
3444;2903.600465;-0.04
3444;2903.600465;-0.02
3445;2902.75762;-0.01
3445;2902.75762;0
3445;2902.75762;0.01
3445;2902.75762;0.01
3446;2901.915264;0.01
3446;2901.915264;0.02
3446;2901.915264;0.02
3447;2901.073397;0.02
3447;2901.073397;0.03
3447;2901.073397;0.04
3447;2901.073397;0.05
3448;2900.232019;0.07
3448;2900.232019;0.07
3448;2900.232019;0.08
3449;2899.391128;0.07
3449;2899.391128;0.07
3449;2899.391128;0.05
3449;2899.391128;0.04
3450;2898.550725;0.02
3450;2898.550725;0.01
3450;2898.550725;-0.01
3451;2897.710808;-0.02
3451;2897.710808;-0.04
3451;2897.710808;-0.06
3451;2897.710808;-0.07
3452;2896.871379;-0.08
3452;2896.871379;-0.08
3452;2896.871379;-0.07
3453;2896.032436;-0.05
3453;2896.032436;-0.03
3453;2896.032436;0
3453;2896.032436;0.03
3454;2895.193978;0.04
3454;2895.193978;0.05
3454;2895.193978;0.05
3455;2894.356006;0.05
3455;2894.356006;0.04
3455;2894.356006;0.03
3455;2894.356006;0.03
3456;2893.518519;0.03
3456;2893.518519;0.03
3456;2893.518519;0.03
3457;2892.681516;0.04
3457;2892.681516;0.05
3457;2892.681516;0.05
3457;2892.681516;0.05
3458;2891.844997;0.05
3458;2891.844997;0.05
3458;2891.844997;0.04
3459;2891.008962;0.04
3459;2891.008962;0.03
3459;2891.008962;0.04
3460;2890.17341;0.04
3460;2890.17341;0.05
3460;2890.17341;0.05
3460;2890.17341;0.06
3461;2889.338342;0.06
3461;2889.338342;0.06
3461;2889.338342;0.06
3462;2888.503755;0.05
3462;2888.503755;0.05
3462;2888.503755;0.04
3462;2888.503755;0.04
3463;2887.669651;0.03
3463;2887.669651;0.02
3463;2887.669651;0.01
3464;2886.836028;0
3464;2886.836028;0
3464;2886.836028;-0.01
3464;2886.836028;-0.01
3465;2886.002886;0
3465;2886.002886;0.02
3465;2886.002886;0.04
3466;2885.170225;0.06
3466;2885.170225;0.08
3466;2885.170225;0.09
3466;2885.170225;0.1
3467;2884.338044;0.1
3467;2884.338044;0.1
3467;2884.338044;0.09
3468;2883.506344;0.08
3468;2883.506344;0.06
3468;2883.506344;0.05
3468;2883.506344;0.03
3469;2882.675123;0.02
3469;2882.675123;0.01
3469;2882.675123;0.01
3470;2881.84438;0.02
3470;2881.84438;0.02
3470;2881.84438;0.03
3471;2881.014117;0.04
3471;2881.014117;0.06
3471;2881.014117;0.07
3471;2881.014117;0.07
3472;2880.184332;0.07
3472;2880.184332;0.07
3472;2880.184332;0.07
3473;2879.355024;0.06
3473;2879.355024;0.04
3473;2879.355024;0.03
3473;2879.355024;0.02
3474;2878.526195;0.01
3474;2878.526195;-0.01
3474;2878.526195;-0.02
3475;2877.697842;-0.03
3475;2877.697842;-0.04
3475;2877.697842;-0.05
3475;2877.697842;-0.05
3476;2876.869965;-0.04
3476;2876.869965;-0.02
3476;2876.869965;0.01
3477;2876.042565;0.05
3477;2876.042565;0.08
3477;2876.042565;0.11
3477;2876.042565;0.13
3478;2875.215641;0.14
3478;2875.215641;0.14
3478;2875.215641;0.13
3479;2874.389192;0.12
3479;2874.389192;0.1
3479;2874.389192;0.07
3480;2873.563218;0.05
3480;2873.563218;0.03
3480;2873.563218;0.02
3480;2873.563218;0.02
3481;2872.737719;0.03
3481;2872.737719;0.03
3481;2872.737719;0.04
3482;2871.912694;0.03
3482;2871.912694;0.02
3482;2871.912694;0
3482;2871.912694;-0.03
3483;2871.088142;-0.06
3483;2871.088142;-0.09
3483;2871.088142;-0.11
3484;2870.264064;-0.13
3484;2870.264064;-0.13
3484;2870.264064;-0.12
3485;2869.440459;-0.11
3485;2869.440459;-0.09
3485;2869.440459;-0.07
3485;2869.440459;-0.04
3486;2868.617326;-0.02
3486;2868.617326;0
3486;2868.617326;0.01
3487;2867.794666;0.02
3487;2867.794666;0.02
3487;2867.794666;0.02
3487;2867.794666;0.02
3488;2866.972477;0.03
3488;2866.972477;0.04
3488;2866.972477;0.05
3489;2866.15076;0.06
3489;2866.15076;0.08
3489;2866.15076;0.09
3489;2866.15076;0.09
3490;2865.329513;0.09
3490;2865.329513;0.07
3490;2865.329513;0.06
3491;2864.508737;0.04
3491;2864.508737;0.02
3491;2864.508737;0.01
3492;2863.688431;0
3492;2863.688431;-0.01
3492;2863.688431;-0.01
3492;2863.688431;-0.01
3493;2862.868594;-0.02
3493;2862.868594;-0.02
3493;2862.868594;-0.02
3494;2862.049227;-0.02
3494;2862.049227;-0.01
3494;2862.049227;0
3494;2862.049227;0.02
3495;2861.230329;0.04
3495;2861.230329;0.06
3495;2861.230329;0.07
3496;2860.411899;0.08
3496;2860.411899;0.08
3496;2860.411899;0.06
3497;2859.593938;0.04
3497;2859.593938;0.02
3497;2859.593938;0
3497;2859.593938;-0.02
3498;2858.776444;-0.02
3498;2858.776444;-0.02
3498;2858.776444;-0.01
3499;2857.959417;0
3499;2857.959417;0.01
3499;2857.959417;0.02
3499;2857.959417;0.02
3500;2857.142857;0.01
3500;2857.142857;0
3500;2857.142857;-0.01
3501;2856.326764;-0.02
3501;2856.326764;-0.02
3501;2856.326764;-0.02
3502;2855.511136;-0.01
3502;2855.511136;-0.01
3502;2855.511136;0
3502;2855.511136;0
3503;2854.695975;-0.01
3503;2854.695975;-0.02
3503;2854.695975;-0.03
3504;2853.881279;-0.04
3504;2853.881279;-0.05
3504;2853.881279;-0.06
3505;2853.067047;-0.06
3505;2853.067047;-0.06
3505;2853.067047;-0.06
3505;2853.067047;-0.07
3506;2852.25328;-0.07
3506;2852.25328;-0.07
3506;2852.25328;-0.08
3507;2851.439977;-0.08
3507;2851.439977;-0.08
3507;2851.439977;-0.07
3507;2851.439977;-0.06
3508;2850.627138;-0.05
3508;2850.627138;-0.03
3508;2850.627138;-0.02
3509;2849.814762;-0.01
3509;2849.814762;0
3509;2849.814762;0.01
3510;2849.002849;0.01
3510;2849.002849;0.01
3510;2849.002849;0.01
3510;2849.002849;0.01
3511;2848.191398;0.01
3511;2848.191398;0.01
3511;2848.191398;0.01
3512;2847.38041;0.01
3512;2847.38041;0
3512;2847.38041;0
3513;2846.569883;-0.01
3513;2846.569883;-0.02
3513;2846.569883;-0.02
3513;2846.569883;-0.03
3514;2845.759818;-0.04
3514;2845.759818;-0.05
3514;2845.759818;-0.06
3515;2844.950213;-0.06
3515;2844.950213;-0.06
3515;2844.950213;-0.06
3516;2844.141069;-0.06
3516;2844.141069;-0.05
3516;2844.141069;-0.04
3516;2844.141069;-0.03
3517;2843.332386;-0.01
3517;2843.332386;0.01
3517;2843.332386;0.03
3518;2842.524161;0.05
3518;2842.524161;0.06
3518;2842.524161;0.07
3518;2842.524161;0.07
3519;2841.716397;0.07
3519;2841.716397;0.06
3519;2841.716397;0.05
3520;2840.909091;0.05
3520;2840.909091;0.04
3520;2840.909091;0.04
3521;2840.102244;0.03
3521;2840.102244;0.03
3521;2840.102244;0.03
3521;2840.102244;0.03
3522;2839.295855;0.02
3522;2839.295855;0.02
3522;2839.295855;0.02
3523;2838.489923;0.01
3523;2838.489923;0.01
3523;2838.489923;0
3524;2837.684449;0
3524;2837.684449;0.01
3524;2837.684449;0.01
3524;2837.684449;0.02
3525;2836.879433;0.04
3525;2836.879433;0.05
3525;2836.879433;0.07
3526;2836.074872;0.08
3526;2836.074872;0.08
3526;2836.074872;0.08
3527;2835.270768;0.07
3527;2835.270768;0.06
3527;2835.270768;0.06
3527;2835.270768;0.06
3528;2834.46712;0.07
3528;2834.46712;0.09
3528;2834.46712;0.11
3529;2833.663927;0.13
3529;2833.663927;0.14
3529;2833.663927;0.14
3530;2832.86119;0.13
3530;2832.86119;0.11
3530;2832.86119;0.1
3530;2832.86119;0.09
3531;2832.058907;0.08
3531;2832.058907;0.08
3531;2832.058907;0.08
3532;2831.257078;0.08
3532;2831.257078;0.07
3532;2831.257078;0.06
3533;2830.455703;0.04
3533;2830.455703;0.01
3533;2830.455703;-0.01
3533;2830.455703;-0.02
3534;2829.654782;-0.03
3534;2829.654782;-0.03
3534;2829.654782;-0.04
3535;2828.854314;-0.04
3535;2828.854314;-0.05
3535;2828.854314;-0.06
3536;2828.054299;-0.07
3536;2828.054299;-0.08
3536;2828.054299;-0.08
3536;2828.054299;-0.08
3537;2827.254736;-0.08
3537;2827.254736;-0.07
3537;2827.254736;-0.07
3538;2826.455625;-0.08
3538;2826.455625;-0.09
3538;2826.455625;-0.1
3539;2825.656965;-0.12
3539;2825.656965;-0.13
3539;2825.656965;-0.13
3540;2824.858757;-0.12
3540;2824.858757;-0.1
3540;2824.858757;-0.07
3540;2824.858757;-0.04
3541;2824.061;-0.01
3541;2824.061;0.01
3541;2824.061;0.03
3542;2823.263693;0.04
3542;2823.263693;0.05
3542;2823.263693;0.05
3543;2822.466836;0.04
3543;2822.466836;0.04
3543;2822.466836;0.04
3543;2822.466836;0.05
3544;2821.670429;0.06
3544;2821.670429;0.07
3544;2821.670429;0.08
3545;2820.874471;0.1
3545;2820.874471;0.1
3545;2820.874471;0.1
3546;2820.078962;0.1
3546;2820.078962;0.09
3546;2820.078962;0.08
3546;2820.078962;0.07
3547;2819.283902;0.06
3547;2819.283902;0.06
3547;2819.283902;0.06
3548;2818.48929;0.06
3548;2818.48929;0.06
3548;2818.48929;0.06
3549;2817.695125;0.06
3549;2817.695125;0.05
3549;2817.695125;0.05
3550;2816.901408;0.05
3550;2816.901408;0.05
3550;2816.901408;0.05
3550;2816.901408;0.06
3551;2816.108139;0.06
3551;2816.108139;0.06
3551;2816.108139;0.05
3552;2815.315315;0.05
3552;2815.315315;0.04
3552;2815.315315;0.04
3553;2814.522938;0.04
3553;2814.522938;0.05
3553;2814.522938;0.07
3553;2814.522938;0.09
3554;2813.731007;0.11
3554;2813.731007;0.12
3554;2813.731007;0.12
3555;2812.939522;0.12
3555;2812.939522;0.1
3555;2812.939522;0.07
3556;2812.148481;0.04
3556;2812.148481;0
3556;2812.148481;-0.02
3557;2811.357886;-0.04
3557;2811.357886;-0.05
3557;2811.357886;-0.04
3557;2811.357886;-0.03
3558;2810.567735;-0.01
3558;2810.567735;0.02
3558;2810.567735;0.04
3559;2809.778028;0.06
3559;2809.778028;0.08
3559;2809.778028;0.09
3560;2808.988764;0.09
3560;2808.988764;0.09
3560;2808.988764;0.08
3560;2808.988764;0.07
3561;2808.199944;0.06
3561;2808.199944;0.04
3561;2808.199944;0.02
3562;2807.411567;0.01
3562;2807.411567;0.01
3562;2807.411567;0.01
3563;2806.623632;0.02
3563;2806.623632;0.04
3563;2806.623632;0.06
3564;2805.836139;0.07
3564;2805.836139;0.09
3564;2805.836139;0.09
3564;2805.836139;0.09
3565;2805.049088;0.08
3565;2805.049088;0.06
3565;2805.049088;0.03
3566;2804.262479;0
3566;2804.262479;-0.04
3566;2804.262479;-0.09
3567;2803.476311;-0.13
3567;2803.476311;-0.16
3567;2803.476311;-0.18
3568;2802.690583;-0.19
3568;2802.690583;-0.18
3568;2802.690583;-0.16
3568;2802.690583;-0.13
3569;2801.905296;-0.1
3569;2801.905296;-0.07
3569;2801.905296;-0.04
3570;2801.120448;-0.02
3570;2801.120448;0
3570;2801.120448;0.02
3571;2800.33604;0.05
3571;2800.33604;0.07
3571;2800.33604;0.09
3572;2799.552072;0.11
3572;2799.552072;0.12
3572;2799.552072;0.13
3572;2799.552072;0.13
3573;2798.768542;0.13
3573;2798.768542;0.13
3573;2798.768542;0.12
3574;2797.98545;0.12
3574;2797.98545;0.11
3574;2797.98545;0.09
3575;2797.202797;0.08
3575;2797.202797;0.07
3575;2797.202797;0.06
3576;2796.420582;0.05
3576;2796.420582;0.05
3576;2796.420582;0.06
3576;2796.420582;0.06
3577;2795.638803;0.06
3577;2795.638803;0.07
3577;2795.638803;0.07
3578;2794.857462;0.07
3578;2794.857462;0.07
3578;2794.857462;0.07
3579;2794.076558;0.06
3579;2794.076558;0.05
3579;2794.076558;0.03
3580;2793.296089;0.01
3580;2793.296089;-0.01
3580;2793.296089;-0.02
3580;2793.296089;-0.02
3581;2792.516057;0
3581;2792.516057;0.02
3581;2792.516057;0.04
3582;2791.73646;0.07
3582;2791.73646;0.08
3582;2791.73646;0.08
3583;2790.957298;0.07
3583;2790.957298;0.05
3583;2790.957298;0.02
3584;2790.178571;0
3584;2790.178571;-0.02
3584;2790.178571;-0.04
3584;2790.178571;-0.05
3585;2789.400279;-0.06
3585;2789.400279;-0.06
3585;2789.400279;-0.07
3586;2788.622421;-0.07
3586;2788.622421;-0.08
3586;2788.622421;-0.08
3587;2787.844996;-0.08
3587;2787.844996;-0.08
3587;2787.844996;-0.07
3588;2787.068004;-0.06
3588;2787.068004;-0.04
3588;2787.068004;-0.01
3588;2787.068004;0.02
3589;2786.291446;0.05
3589;2786.291446;0.08
3589;2786.291446;0.1
3590;2785.51532;0.11
3590;2785.51532;0.11
3590;2785.51532;0.09
3591;2784.739627;0.06
3591;2784.739627;0.02
3591;2784.739627;-0.02
3592;2783.964365;-0.07
3592;2783.964365;-0.12
3592;2783.964365;-0.15
3593;2783.189535;-0.17
3593;2783.189535;-0.17
3593;2783.189535;-0.15
3593;2783.189535;-0.12
3594;2782.415136;-0.09
3594;2782.415136;-0.06
3594;2782.415136;-0.04
3595;2781.641168;-0.03
3595;2781.641168;-0.03
3595;2781.641168;-0.03
3596;2780.867631;-0.03
3596;2780.867631;-0.04
3596;2780.867631;-0.04
3597;2780.094523;-0.03
3597;2780.094523;-0.03
3597;2780.094523;-0.02
3598;2779.321845;-0.02
3598;2779.321845;-0.01
3598;2779.321845;-0.01
3598;2779.321845;-0.01
3599;2778.549597;0
3599;2778.549597;0
3599;2778.549597;0
3600;2777.777778;0
3600;2777.777778;0
3600;2777.777778;-0.01
3601;2777.006387;-0.02
3601;2777.006387;-0.02
3601;2777.006387;-0.03
3602;2776.235425;-0.03
3602;2776.235425;-0.02
3602;2776.235425;-0.02
3603;2775.46489;-0.02
3603;2775.46489;-0.02
3603;2775.46489;-0.02
3603;2775.46489;-0.02
3604;2774.694784;-0.03
3604;2774.694784;-0.04
3604;2774.694784;-0.04
3605;2773.925104;-0.03
3605;2773.925104;-0.02
3605;2773.925104;-0.01
3606;2773.155851;0.01
3606;2773.155851;0.02
3606;2773.155851;0.03
3607;2772.387025;0.03
3607;2772.387025;0.02
3607;2772.387025;0.01
3608;2771.618625;0.01
3608;2771.618625;0.01
3608;2771.618625;0.01
3608;2771.618625;0.03
3609;2770.850651;0.04
3609;2770.850651;0.06
3609;2770.850651;0.07
3610;2770.083102;0.07
3610;2770.083102;0.07
3610;2770.083102;0.05
3611;2769.315979;0.02
3611;2769.315979;0
3611;2769.315979;-0.03
3612;2768.54928;-0.05
3612;2768.54928;-0.07
3612;2768.54928;-0.08
3613;2767.783006;-0.09
3613;2767.783006;-0.09
3613;2767.783006;-0.09
3614;2767.017156;-0.09
3614;2767.017156;-0.08
3614;2767.017156;-0.08
3614;2767.017156;-0.08
3615;2766.251729;-0.08
3615;2766.251729;-0.09
3615;2766.251729;-0.09
3616;2765.486726;-0.1
3616;2765.486726;-0.1
3616;2765.486726;-0.1
3617;2764.722145;-0.09
3617;2764.722145;-0.08
3617;2764.722145;-0.06
3618;2763.957988;-0.03
3618;2763.957988;-0.02
3618;2763.957988;0
3619;2763.194253;0.01
3619;2763.194253;0.01
3619;2763.194253;-0.01
3619;2763.194253;-0.03
3620;2762.430939;-0.05
3620;2762.430939;-0.08
3620;2762.430939;-0.1
3621;2761.668048;-0.11
3621;2761.668048;-0.1
3621;2761.668048;-0.09
3622;2760.905577;-0.07
3622;2760.905577;-0.04
3622;2760.905577;-0.02
3623;2760.143527;-0.01
3623;2760.143527;0.01
3623;2760.143527;0.01
3624;2759.381898;0.02
3624;2759.381898;0.04
3624;2759.381898;0.06
3625;2758.62069;0.08
3625;2758.62069;0.1
3625;2758.62069;0.12
3626;2757.859901;0.13
3626;2757.859901;0.12
3626;2757.859901;0.11
3626;2757.859901;0.08
3627;2757.099531;0.04
3627;2757.099531;0.01
3627;2757.099531;-0.02
3628;2756.339581;-0.03
3628;2756.339581;-0.03
3628;2756.339581;-0.02
3629;2755.58005;0.01
3629;2755.58005;0.03
3629;2755.58005;0.05
3630;2754.820937;0.07
3630;2754.820937;0.08
3630;2754.820937;0.08
3631;2754.062242;0.08
3631;2754.062242;0.08
3631;2754.062242;0.07
3632;2753.303965;0.07
3632;2753.303965;0.07
3632;2753.303965;0.07
3632;2753.303965;0.06
3633;2752.546105;0.04
3633;2752.546105;0.03
3633;2752.546105;0
3634;2751.788663;-0.02
3634;2751.788663;-0.03
3634;2751.788663;-0.05
3635;2751.031637;-0.05
3635;2751.031637;-0.06
3635;2751.031637;-0.06
3636;2750.275028;-0.05
3636;2750.275028;-0.05
3636;2750.275028;-0.05
3637;2749.518834;-0.04
3637;2749.518834;-0.03
3637;2749.518834;-0.02
3638;2748.763057;-0.01
3638;2748.763057;0.01
3638;2748.763057;0.03
3639;2748.007694;0.04
3639;2748.007694;0.06
3639;2748.007694;0.08
3640;2747.252747;0.09
3640;2747.252747;0.1
3640;2747.252747;0.11
3640;2747.252747;0.11
3641;2746.498215;0.11
3641;2746.498215;0.09
3641;2746.498215;0.08
3642;2745.744097;0.06
3642;2745.744097;0.05
3642;2745.744097;0.04
3643;2744.990393;0.05
3643;2744.990393;0.05
3643;2744.990393;0.06
3644;2744.237102;0.08
3644;2744.237102;0.09
3644;2744.237102;0.09
3645;2743.484225;0.09
3645;2743.484225;0.08
3645;2743.484225;0.06
3646;2742.731761;0.04
3646;2742.731761;0.03
3646;2742.731761;0.01
3647;2741.979709;-0.01
3647;2741.979709;-0.02
3647;2741.979709;-0.04
3648;2741.22807;-0.06
3648;2741.22807;-0.08
3648;2741.22807;-0.1
3648;2741.22807;-0.11
3649;2740.476843;-0.12
3649;2740.476843;-0.12
3649;2740.476843;-0.11
3650;2739.726027;-0.1
3650;2739.726027;-0.09
3650;2739.726027;-0.08
3651;2738.975623;-0.07
3651;2738.975623;-0.06
3651;2738.975623;-0.06
3652;2738.22563;-0.05
3652;2738.22563;-0.05
3652;2738.22563;-0.04
3653;2737.476047;-0.03
3653;2737.476047;-0.03
3653;2737.476047;-0.02
3654;2736.726875;-0.02
3654;2736.726875;-0.02
3654;2736.726875;-0.01
3655;2735.978112;0
3655;2735.978112;0.01
3655;2735.978112;0.02
3656;2735.229759;0.03
3656;2735.229759;0.04
3656;2735.229759;0.05
3657;2734.481816;0.06
3657;2734.481816;0.07
3657;2734.481816;0.08
3657;2734.481816;0.09
3658;2733.734281;0.09
3658;2733.734281;0.1
3658;2733.734281;0.09
3659;2732.987155;0.08
3659;2732.987155;0.07
3659;2732.987155;0.05
3660;2732.240437;0.03
3660;2732.240437;0.01
3660;2732.240437;0
3661;2731.494127;-0.01
3661;2731.494127;-0.01
3661;2731.494127;0
3662;2730.748225;0.01
3662;2730.748225;0.02
3662;2730.748225;0.04
3663;2730.00273;0.06
3663;2730.00273;0.07
3663;2730.00273;0.07
3664;2729.257642;0.07
3664;2729.257642;0.05
3664;2729.257642;0.02
3665;2728.51296;-0.01
3665;2728.51296;-0.04
3665;2728.51296;-0.06
3666;2727.768685;-0.08
3666;2727.768685;-0.08
3666;2727.768685;-0.07
3667;2727.024816;-0.06
3667;2727.024816;-0.04
3667;2727.024816;-0.02
3667;2727.024816;0
3668;2726.281352;0.01
3668;2726.281352;0.01
3668;2726.281352;0.02
3669;2725.538294;0.02
3669;2725.538294;0.02
3669;2725.538294;0.02
3670;2724.79564;0.03
3670;2724.79564;0.04
3670;2724.79564;0.05
3671;2724.053391;0.05
3671;2724.053391;0.04
3671;2724.053391;0.03
3672;2723.311547;0.01
3672;2723.311547;-0.01
3672;2723.311547;-0.03
3673;2722.570106;-0.04
3673;2722.570106;-0.05
3673;2722.570106;-0.04
3674;2721.829069;-0.03
3674;2721.829069;-0.02
3674;2721.829069;-0.01
3675;2721.088435;-0.01
3675;2721.088435;-0.01
3675;2721.088435;0
3676;2720.348205;0.01
3676;2720.348205;0.02
3676;2720.348205;0.05
3677;2719.608376;0.08
3677;2719.608376;0.11
3677;2719.608376;0.13
3678;2718.868951;0.15
3678;2718.868951;0.16
3678;2718.868951;0.15
3679;2718.129927;0.14
3679;2718.129927;0.13
3679;2718.129927;0.12
3680;2717.391304;0.11
3680;2717.391304;0.1
3680;2717.391304;0.09
3681;2716.653083;0.08
3681;2716.653083;0.07
3681;2716.653083;0.06
3681;2716.653083;0.05
3682;2715.915263;0.04
3682;2715.915263;0.04
3682;2715.915263;0.05
3683;2715.177844;0.06
3683;2715.177844;0.07
3683;2715.177844;0.09
3684;2714.440825;0.11
3684;2714.440825;0.13
3684;2714.440825;0.14
3685;2713.704206;0.13
3685;2713.704206;0.12
3685;2713.704206;0.11
3686;2712.967987;0.09
3686;2712.967987;0.07
3686;2712.967987;0.06
3687;2712.232167;0.05
3687;2712.232167;0.05
3687;2712.232167;0.05
3688;2711.496746;0.05
3688;2711.496746;0.05
3688;2711.496746;0.05
3689;2710.761724;0.04
3689;2710.761724;0.03
3689;2710.761724;0.02
3690;2710.0271;0.01
3690;2710.0271;0
3690;2710.0271;-0.01
3691;2709.292875;-0.02
3691;2709.292875;-0.02
3691;2709.292875;-0.02
3692;2708.559047;-0.02
3692;2708.559047;-0.02
3692;2708.559047;-0.02
3693;2707.825616;-0.01
3693;2707.825616;0
3693;2707.825616;0
3694;2707.092583;0.01
3694;2707.092583;0.02
3694;2707.092583;0.02
3695;2706.359946;0.03
3695;2706.359946;0.03
3695;2706.359946;0.03
3696;2705.627706;0.03
3696;2705.627706;0.02
3696;2705.627706;0.01
3697;2704.895862;0.01
3697;2704.895862;0.01
3697;2704.895862;0.01
3698;2704.164413;0.01
3698;2704.164413;0.01
3698;2704.164413;0.01
3699;2703.43336;0
3699;2703.43336;-0.01
3699;2703.43336;-0.02
3700;2702.702703;-0.02
3700;2702.702703;-0.02
3700;2702.702703;-0.01
3701;2701.97244;0
3701;2701.97244;0.02
3701;2701.97244;0.03
3702;2701.242572;0.05
3702;2701.242572;0.06
3702;2701.242572;0.07
3703;2700.513097;0.07
3703;2700.513097;0.07
3703;2700.513097;0.08
3704;2699.784017;0.08
3704;2699.784017;0.08
3704;2699.784017;0.08
3705;2699.055331;0.07
3705;2699.055331;0.07
3705;2699.055331;0.06
3705;2699.055331;0.05
3706;2698.327037;0.03
3706;2698.327037;0.02
3706;2698.327037;0.01
3707;2697.599137;0
3707;2697.599137;-0.01
3707;2697.599137;-0.02
3708;2696.871629;-0.03
3708;2696.871629;-0.04
3708;2696.871629;-0.05
3709;2696.144513;-0.06
3709;2696.144513;-0.07
3709;2696.144513;-0.08
3710;2695.41779;-0.08
3710;2695.41779;-0.08
3710;2695.41779;-0.08
3711;2694.691458;-0.07
3711;2694.691458;-0.06
3711;2694.691458;-0.05
3712;2693.965517;-0.04
3712;2693.965517;-0.03
3712;2693.965517;-0.03
3713;2693.239968;-0.03
3713;2693.239968;-0.03
3713;2693.239968;-0.04
3714;2692.514809;-0.05
3714;2692.514809;-0.06
3714;2692.514809;-0.06
3715;2691.79004;-0.07
3715;2691.79004;-0.07
3715;2691.79004;-0.07
3716;2691.065662;-0.07
3716;2691.065662;-0.06
3716;2691.065662;-0.06
3717;2690.341673;-0.06
3717;2690.341673;-0.06
3717;2690.341673;-0.07
3718;2689.618074;-0.07
3718;2689.618074;-0.08
3718;2689.618074;-0.08
3719;2688.894864;-0.09
3719;2688.894864;-0.1
3719;2688.894864;-0.1
3720;2688.172043;-0.1
3720;2688.172043;-0.1
3720;2688.172043;-0.09
3721;2687.44961;-0.08
3721;2687.44961;-0.07
3721;2687.44961;-0.06
3722;2686.727566;-0.05
3722;2686.727566;-0.04
3722;2686.727566;-0.04
3723;2686.005909;-0.03
3723;2686.005909;-0.02
3723;2686.005909;-0.02
3724;2685.28464;-0.01
3724;2685.28464;0.01
3724;2685.28464;0.02
3725;2684.563758;0.03
3725;2684.563758;0.04
3725;2684.563758;0.04
3726;2683.843264;0.03
3726;2683.843264;0.02
3726;2683.843264;0.01
3727;2683.123155;0
3727;2683.123155;-0.01
3727;2683.123155;-0.02
3728;2682.403433;-0.02
3728;2682.403433;-0.01
3728;2682.403433;0
3729;2681.684098;0.01
3729;2681.684098;0.02
3729;2681.684098;0.03
3730;2680.965147;0.02
3730;2680.965147;0.02
3730;2680.965147;0.01
3731;2680.246583;-0.01
3731;2680.246583;-0.02
3731;2680.246583;-0.03
3732;2679.528403;-0.04
3732;2679.528403;-0.04
3733;2678.810608;-0.05
3733;2678.810608;-0.06
3733;2678.810608;-0.06
3734;2678.093198;-0.07
3734;2678.093198;-0.08
3734;2678.093198;-0.09
3735;2677.376171;-0.09
3735;2677.376171;-0.09
3735;2677.376171;-0.08
3736;2676.659529;-0.07
3736;2676.659529;-0.05
3736;2676.659529;-0.04
3737;2675.94327;-0.02
3737;2675.94327;0
3737;2675.94327;0
3738;2675.227394;0.01
3738;2675.227394;0
3738;2675.227394;0
3739;2674.511902;-0.01
3739;2674.511902;-0.01
3739;2674.511902;0
3740;2673.796791;0.01
3740;2673.796791;0.02
3740;2673.796791;0.04
3741;2673.082064;0.05
3741;2673.082064;0.05
3741;2673.082064;0.03
3742;2672.367718;0.01
3742;2672.367718;-0.01
3742;2672.367718;-0.04
3743;2671.653754;-0.07
3743;2671.653754;-0.09
3743;2671.653754;-0.1
3744;2670.940171;-0.1
3744;2670.940171;-0.09
3744;2670.940171;-0.09
3745;2670.226969;-0.08
3745;2670.226969;-0.06
3745;2670.226969;-0.05
3746;2669.514148;-0.04
3746;2669.514148;-0.03
3746;2669.514148;-0.02
3747;2668.801708;-0.01
3747;2668.801708;0
3747;2668.801708;0.01
3748;2668.089648;0.02
3748;2668.089648;0.03
3748;2668.089648;0.04
3749;2667.377967;0.03
3749;2667.377967;0.02
3749;2667.377967;0
3750;2666.666667;-0.02
3750;2666.666667;-0.04
3750;2666.666667;-0.05
3751;2665.955745;-0.05
3751;2665.955745;-0.05
3751;2665.955745;-0.03
3752;2665.245203;-0.01
3752;2665.245203;0.01
3752;2665.245203;0.04
3753;2664.535039;0.06
3753;2664.535039;0.07
3753;2664.535039;0.07
3754;2663.825253;0.07
3754;2663.825253;0.06
3754;2663.825253;0.05
3755;2663.115846;0.04
3755;2663.115846;0.02
3755;2663.115846;0
3756;2662.406816;-0.01
3756;2662.406816;-0.02
3757;2661.698163;-0.01
3757;2661.698163;0
3757;2661.698163;0.02
3758;2660.989888;0.04
3758;2660.989888;0.06
3758;2660.989888;0.08
3759;2660.28199;0.1
3759;2660.28199;0.11
3759;2660.28199;0.11
3760;2659.574468;0.1
3760;2659.574468;0.09
3760;2659.574468;0.07
3761;2658.867323;0.05
3761;2658.867323;0.04
3761;2658.867323;0.02
3762;2658.160553;0.01
3762;2658.160553;0
3762;2658.160553;-0.01
3763;2657.454159;-0.02
3763;2657.454159;-0.03
3763;2657.454159;-0.04
3764;2656.74814;-0.06
3764;2656.74814;-0.07
3764;2656.74814;-0.08
3765;2656.042497;-0.09
3765;2656.042497;-0.09
3765;2656.042497;-0.09
3766;2655.337228;-0.09
3766;2655.337228;-0.08
3766;2655.337228;-0.07
3767;2654.632333;-0.05
3767;2654.632333;-0.04
3767;2654.632333;-0.02
3768;2653.927813;0
3768;2653.927813;0.02
3768;2653.927813;0.03
3769;2653.223667;0.03
3769;2653.223667;0.03
3769;2653.223667;0.02
3770;2652.519894;0
3770;2652.519894;-0.02
3771;2651.816494;-0.04
3771;2651.816494;-0.06
3771;2651.816494;-0.07
3772;2651.113468;-0.08
3772;2651.113468;-0.09
3772;2651.113468;-0.1
3773;2650.410814;-0.1
3773;2650.410814;-0.1
3773;2650.410814;-0.1
3774;2649.708532;-0.1
3774;2649.708532;-0.1
3774;2649.708532;-0.09
3775;2649.006623;-0.07
3775;2649.006623;-0.06
3775;2649.006623;-0.04
3776;2648.305085;-0.01
3776;2648.305085;0
3776;2648.305085;0.01
3777;2647.603918;0.02
3777;2647.603918;0.01
3777;2647.603918;0.01
3778;2646.903123;0
3778;2646.903123;-0.01
3778;2646.903123;-0.01
3779;2646.202699;-0.02
3779;2646.202699;-0.02
3779;2646.202699;-0.01
3780;2645.502646;-0.01
3780;2645.502646;0
3780;2645.502646;0.01
3781;2644.802962;0.03
3781;2644.802962;0.04
3781;2644.802962;0.06
3782;2644.103649;0.07
3782;2644.103649;0.07
3783;2643.404705;0.07
3783;2643.404705;0.07
3783;2643.404705;0.06
3784;2642.706131;0.05
3784;2642.706131;0.05
3784;2642.706131;0.04
3785;2642.007926;0.03
3785;2642.007926;0.03
3785;2642.007926;0.03
3786;2641.31009;0.02
3786;2641.31009;0.02
3786;2641.31009;0.02
3787;2640.612622;0.02
3787;2640.612622;0.02
3787;2640.612622;0.02
3788;2639.915523;0.02
3788;2639.915523;0.02
3788;2639.915523;0.02
3789;2639.218791;0.02
3789;2639.218791;0.01
3789;2639.218791;0
3790;2638.522427;0
3790;2638.522427;-0.01
3790;2638.522427;-0.01
3791;2637.826431;-0.01
3791;2637.826431;-0.01
3792;2637.130802;0
3792;2637.130802;0
3792;2637.130802;0.01
3793;2636.435539;0.01
3793;2636.435539;0
3793;2636.435539;0
3794;2635.740643;0
3794;2635.740643;0
3794;2635.740643;0
3795;2635.046113;0.01
3795;2635.046113;0.01
3795;2635.046113;0.02
3796;2634.351949;0.02
3796;2634.351949;0.01
3796;2634.351949;0.01
3797;2633.658151;0.01
3797;2633.658151;0.01
3797;2633.658151;0.02
3798;2632.964718;0.04
3798;2632.964718;0.06
3798;2632.964718;0.08
3799;2632.27165;0.09
3799;2632.27165;0.1
3800;2631.578947;0.1
3800;2631.578947;0.09
3800;2631.578947;0.08
3801;2630.886609;0.07
3801;2630.886609;0.06
3801;2630.886609;0.05
3802;2630.194634;0.03
3802;2630.194634;0.02
3802;2630.194634;0
3803;2629.503024;-0.01
3803;2629.503024;-0.02
3803;2629.503024;-0.03
3804;2628.811777;-0.04
3804;2628.811777;-0.04
3804;2628.811777;-0.05
3805;2628.120894;-0.05
3805;2628.120894;-0.04
3805;2628.120894;-0.03
3806;2627.430373;-0.01
3806;2627.430373;0.01
3806;2627.430373;0.03
3807;2626.740215;0.05
3807;2626.740215;0.06
3808;2626.05042;0.07
3808;2626.05042;0.07
3808;2626.05042;0.06
3809;2625.360987;0.06
3809;2625.360987;0.05
3809;2625.360987;0.04
3810;2624.671916;0.04
3810;2624.671916;0.04
3810;2624.671916;0.03
3811;2623.983207;0.03
3811;2623.983207;0.03
3811;2623.983207;0.02
3812;2623.294858;0.02
3812;2623.294858;0.01
3812;2623.294858;0.01
3813;2622.606871;0
3813;2622.606871;0
3813;2622.606871;-0.01
3814;2621.919245;-0.01
3814;2621.919245;-0.01
3815;2621.231979;-0.02
3815;2621.231979;-0.01
3815;2621.231979;-0.01
3816;2620.545073;-0.01
3816;2620.545073;-0.01
3816;2620.545073;-0.01
3817;2619.858528;-0.02
3817;2619.858528;-0.01
3817;2619.858528;-0.01
3818;2619.172342;0
3818;2619.172342;0.02
3818;2619.172342;0.03
3819;2618.486515;0.05
3819;2618.486515;0.06
3819;2618.486515;0.07
3820;2617.801047;0.07
3820;2617.801047;0.07
3821;2617.115938;0.06
3821;2617.115938;0.05
3821;2617.115938;0.04
3822;2616.431188;0.03
3822;2616.431188;0.02
3822;2616.431188;0.02
3823;2615.746796;0.03
3823;2615.746796;0.04
3823;2615.746796;0.05
3824;2615.062762;0.06
3824;2615.062762;0.06
3824;2615.062762;0.06
3825;2614.379085;0.04
3825;2614.379085;0.02
3825;2614.379085;0
3826;2613.695766;-0.02
3826;2613.695766;-0.03
3826;2613.695766;-0.04
3827;2613.012804;-0.04
3827;2613.012804;-0.04
3828;2612.330199;-0.04
3828;2612.330199;-0.04
3828;2612.330199;-0.04
3829;2611.64795;-0.03
3829;2611.64795;-0.01
3829;2611.64795;0
3830;2610.966057;0.02
3830;2610.966057;0.03
3830;2610.966057;0.03
3831;2610.284521;0.03
3831;2610.284521;0.03
3831;2610.284521;0.02
3832;2609.60334;0.01
3832;2609.60334;0.01
3833;2608.922515;0.01
3833;2608.922515;0.02
3833;2608.922515;0.02
3834;2608.242045;0.02
3834;2608.242045;0.02
3834;2608.242045;0.02
3835;2607.56193;0.01
3835;2607.56193;0
3835;2607.56193;0
3836;2606.882169;-0.01
3836;2606.882169;-0.02
3836;2606.882169;-0.03
3837;2606.202763;-0.03
3837;2606.202763;-0.02
3837;2606.202763;-0.01
3838;2605.52371;0.01
3838;2605.52371;0.04
3839;2604.845012;0.07
3839;2604.845012;0.1
3839;2604.845012;0.12
3840;2604.166667;0.13
3840;2604.166667;0.13
3840;2604.166667;0.12
3841;2603.488675;0.1
3841;2603.488675;0.08
3841;2603.488675;0.06
3842;2602.811036;0.04
3842;2602.811036;0.03
3842;2602.811036;0.01
3843;2602.13375;0.01
3843;2602.13375;0
3844;2601.456816;0
3844;2601.456816;0
3844;2601.456816;0
3845;2600.780234;-0.01
3845;2600.780234;-0.01
3845;2600.780234;-0.01
3846;2600.104004;-0.02
3846;2600.104004;-0.03
3846;2600.104004;-0.04
3847;2599.428126;-0.05
3847;2599.428126;-0.05
3847;2599.428126;-0.06
3848;2598.752599;-0.05
3848;2598.752599;-0.04
3849;2598.077423;-0.02
3849;2598.077423;0
3849;2598.077423;0.02
3850;2597.402597;0.03
3850;2597.402597;0.04
3850;2597.402597;0.04
3851;2596.728123;0.04
3851;2596.728123;0.03
3851;2596.728123;0.03
3852;2596.053998;0.02
3852;2596.053998;0.02
3852;2596.053998;0.01
3853;2595.380223;0
3853;2595.380223;-0.02
3854;2594.706798;-0.04
3854;2594.706798;-0.06
3854;2594.706798;-0.08
3855;2594.033722;-0.1
3855;2594.033722;-0.1
3855;2594.033722;-0.1
3856;2593.360996;-0.09
3856;2593.360996;-0.08
3856;2593.360996;-0.07
3857;2592.688618;-0.06
3857;2592.688618;-0.06
3857;2592.688618;-0.06
3858;2592.016589;-0.06
3858;2592.016589;-0.06
3859;2591.344908;-0.06
3859;2591.344908;-0.05
3859;2591.344908;-0.05
3860;2590.673575;-0.04
3860;2590.673575;-0.04
3860;2590.673575;-0.03
3861;2590.00259;-0.02
3861;2590.00259;0
3861;2590.00259;0.01
3862;2589.331952;0.02
3862;2589.331952;0.03
3862;2589.331952;0.02
3863;2588.661662;0.01
3863;2588.661662;-0.01
3864;2587.991718;-0.04
3864;2587.991718;-0.06
3864;2587.991718;-0.08
3865;2587.322122;-0.08
3865;2587.322122;-0.07
3865;2587.322122;-0.05
3866;2586.652871;-0.03
3866;2586.652871;0
3866;2586.652871;0.03
3867;2585.983967;0.05
3867;2585.983967;0.05
3868;2585.315408;0.05
3868;2585.315408;0.04
3868;2585.315408;0.03
3869;2584.647196;0.03
3869;2584.647196;0.02
3869;2584.647196;0.02
3870;2583.979328;0.03
3870;2583.979328;0.03
3870;2583.979328;0.04
3871;2583.311806;0.05
3871;2583.311806;0.05
3871;2583.311806;0.05
3872;2582.644628;0.04
3872;2582.644628;0.04
3873;2581.977795;0.03
3873;2581.977795;0.03
3873;2581.977795;0.03
3874;2581.311306;0.03
3874;2581.311306;0.03
3874;2581.311306;0.02
3875;2580.645161;0.01
3875;2580.645161;0
3875;2580.645161;-0.01
3876;2579.97936;-0.01
3876;2579.97936;-0.01
3877;2579.313903;0
3877;2579.313903;0.02
3877;2579.313903;0.05
3878;2578.648788;0.07
3878;2578.648788;0.09
3878;2578.648788;0.11
3879;2577.984016;0.11
3879;2577.984016;0.11
3879;2577.984016;0.09
3880;2577.319588;0.06
3880;2577.319588;0.04
3881;2576.655501;0.01
3881;2576.655501;-0.01
3881;2576.655501;-0.03
3882;2575.991757;-0.03
3882;2575.991757;-0.03
3882;2575.991757;-0.02
3883;2575.328354;0
3883;2575.328354;0.02
3883;2575.328354;0.03
3884;2574.665294;0.04
3884;2574.665294;0.05
3885;2574.002574;0.05
3885;2574.002574;0.05
3885;2574.002574;0.04
3886;2573.340196;0.03
3886;2573.340196;0.02
3886;2573.340196;0.02
3887;2572.678158;0.01
3887;2572.678158;0
3887;2572.678158;-0.01
3888;2572.016461;-0.01
3888;2572.016461;-0.02
3889;2571.355104;-0.02
3889;2571.355104;-0.02
3889;2571.355104;-0.02
3890;2570.694087;-0.01
3890;2570.694087;-0.01
3890;2570.694087;-0.01
3891;2570.03341;-0.01
3891;2570.03341;-0.01
3891;2570.03341;0
3892;2569.373073;0
3892;2569.373073;0.01
3893;2568.713075;0.02
3893;2568.713075;0.03
3893;2568.713075;0.04
3894;2568.053416;0.06
3894;2568.053416;0.07
3894;2568.053416;0.08
3895;2567.394095;0.09
3895;2567.394095;0.11
3895;2567.394095;0.12
3896;2566.735113;0.13
3896;2566.735113;0.14
3897;2566.076469;0.14
3897;2566.076469;0.14
3897;2566.076469;0.13
3898;2565.418163;0.11
3898;2565.418163;0.09
3898;2565.418163;0.07
3899;2564.760195;0.05
3899;2564.760195;0.03
3900;2564.102564;0.02
3900;2564.102564;0.01
3900;2564.102564;0.01
3901;2563.44527;0
3901;2563.44527;0
3901;2563.44527;0
3902;2562.788314;0
3902;2562.788314;0
3902;2562.788314;0
3903;2562.131694;0
3903;2562.131694;0
3904;2561.47541;0
3904;2561.47541;0.01
3904;2561.47541;0.01
3905;2560.819462;0.01
3905;2560.819462;0.01
3905;2560.819462;0.01
3906;2560.16385;0
3906;2560.16385;0
3906;2560.16385;0
3907;2559.508574;-0.01
3907;2559.508574;-0.01
3908;2558.853634;-0.02
3908;2558.853634;-0.03
3908;2558.853634;-0.05
3909;2558.199028;-0.05
3909;2558.199028;-0.05
3909;2558.199028;-0.04
3910;2557.544757;-0.02
3910;2557.544757;0.01
3911;2556.890821;0.05
3911;2556.890821;0.09
3911;2556.890821;0.11
3912;2556.237219;0.13
3912;2556.237219;0.14
3912;2556.237219;0.13
3913;2555.583951;0.12
3913;2555.583951;0.1
3913;2555.583951;0.07
3914;2554.931017;0.05
3914;2554.931017;0.03
3915;2554.278416;0.02
3915;2554.278416;0.02
3915;2554.278416;0.01
3916;2553.626149;0.01
3916;2553.626149;0.01
3916;2553.626149;0
3917;2552.974215;0
3917;2552.974215;-0.02
3918;2552.322614;-0.03
3918;2552.322614;-0.04
3918;2552.322614;-0.05
3919;2551.671345;-0.06
3919;2551.671345;-0.05
3919;2551.671345;-0.03
3920;2551.020408;-0.01
3920;2551.020408;0.02
3921;2550.369804;0.05
3921;2550.369804;0.08
3921;2550.369804;0.1
3922;2549.719531;0.11
3922;2549.719531;0.1
3922;2549.719531;0.08
3923;2549.06959;0.06
3923;2549.06959;0.03
3923;2549.06959;0.01
3924;2548.41998;-0.01
3924;2548.41998;-0.03
3925;2547.770701;-0.05
3925;2547.770701;-0.06
3925;2547.770701;-0.08
3926;2547.121752;-0.09
3926;2547.121752;-0.1
3926;2547.121752;-0.11
3927;2546.473135;-0.1
3927;2546.473135;-0.09
3928;2545.824847;-0.06
3928;2545.824847;-0.03
3928;2545.824847;-0.01
3929;2545.17689;0.02
3929;2545.17689;0.04
3929;2545.17689;0.06
3930;2544.529262;0.07
3930;2544.529262;0.09
3931;2543.881964;0.1
3931;2543.881964;0.1
3931;2543.881964;0.1
3932;2543.234995;0.09
3932;2543.234995;0.07
3932;2543.234995;0.06
3933;2542.588355;0.04
3933;2542.588355;0.03
3934;2541.942044;0.02
3934;2541.942044;0.02
3934;2541.942044;0.02
3935;2541.296061;0.02
3935;2541.296061;0.02
3935;2541.296061;0.02
3936;2540.650407;0.01
3936;2540.650407;0
3937;2540.00508;0
3937;2540.00508;-0.01
3937;2540.00508;-0.01
3938;2539.360081;-0.01
3938;2539.360081;-0.01
3938;2539.360081;-0.01
3939;2538.71541;0
3939;2538.71541;0
3940;2538.071066;0.01
3940;2538.071066;0.03
3940;2538.071066;0.05
3941;2537.427049;0.07
3941;2537.427049;0.1
3941;2537.427049;0.13
3942;2536.783359;0.14
3942;2536.783359;0.15
3943;2536.139995;0.14
3943;2536.139995;0.12
3943;2536.139995;0.09
3944;2535.496957;0.06
3944;2535.496957;0.03
3944;2535.496957;0
3945;2534.854246;-0.01
3945;2534.854246;-0.01
3946;2534.21186;-0.01
3946;2534.21186;0
3946;2534.21186;0.01
3947;2533.5698;0.02
3947;2533.5698;0.01
3947;2533.5698;0
3948;2532.928065;-0.01
3948;2532.928065;-0.03
3949;2532.286655;-0.05
3949;2532.286655;-0.06
3949;2532.286655;-0.07
3950;2531.64557;-0.08
3950;2531.64557;-0.09
3950;2531.64557;-0.1
3951;2531.004809;-0.1
3951;2531.004809;-0.1
3952;2530.364372;-0.09
3952;2530.364372;-0.07
3952;2530.364372;-0.04
3953;2529.72426;-0.01
3953;2529.72426;0.03
3953;2529.72426;0.06
3954;2529.084471;0.08
3954;2529.084471;0.1
3955;2528.445006;0.1
3955;2528.445006;0.11
3955;2528.445006;0.1
3956;2527.805865;0.1
3956;2527.805865;0.09
3956;2527.805865;0.07
3957;2527.167046;0.06
3957;2527.167046;0.05
3958;2526.52855;0.04
3958;2526.52855;0.04
3958;2526.52855;0.03
3959;2525.890376;0.03
3959;2525.890376;0.02
3959;2525.890376;0.02
3960;2525.252525;0.02
3960;2525.252525;0.03
3961;2524.614996;0.03
3961;2524.614996;0.04
3961;2524.614996;0.05
3962;2523.977789;0.06
3962;2523.977789;0.07
3962;2523.977789;0.07
3963;2523.340903;0.06
3963;2523.340903;0.06
3964;2522.704339;0.05
3964;2522.704339;0.05
3964;2522.704339;0.05
3965;2522.068096;0.06
3965;2522.068096;0.06
3965;2522.068096;0.06
3966;2521.432173;0.06
3966;2521.432173;0.06
3967;2520.796572;0.05
3967;2520.796572;0.04
3967;2520.796572;0.03
3968;2520.16129;0.02
3968;2520.16129;0.01
3969;2519.526329;0
3969;2519.526329;-0.01
3969;2519.526329;-0.02
3970;2518.891688;-0.03
3970;2518.891688;-0.03
3970;2518.891688;-0.04
3971;2518.257366;-0.04
3971;2518.257366;-0.04
3972;2517.623364;-0.03
3972;2517.623364;-0.03
3972;2517.623364;-0.02
3973;2516.98968;-0.01
3973;2516.98968;0
3973;2516.98968;0
3974;2516.356316;0.01
3974;2516.356316;0.01
3975;2515.72327;0.02
3975;2515.72327;0.03
3975;2515.72327;0.04
3976;2515.090543;0.06
3976;2515.090543;0.08
3977;2514.458134;0.1
3977;2514.458134;0.1
3977;2514.458134;0.1
3978;2513.826043;0.08
3978;2513.826043;0.05
3978;2513.826043;0.02
3979;2513.19427;-0.02
3979;2513.19427;-0.04
3980;2512.562814;-0.06
3980;2512.562814;-0.06
3980;2512.562814;-0.04
3981;2511.931675;-0.02
3981;2511.931675;0.01
3981;2511.931675;0.03
3982;2511.300854;0.05
3982;2511.300854;0.07
3983;2510.670349;0.07
3983;2510.670349;0.06
3983;2510.670349;0.05
3984;2510.040161;0.03
3984;2510.040161;0.01
3985;2509.410289;-0.02
3985;2509.410289;-0.05
3985;2509.410289;-0.08
3986;2508.780733;-0.11
3986;2508.780733;-0.13
3986;2508.780733;-0.14
3987;2508.151492;-0.14
3987;2508.151492;-0.13
3988;2507.522568;-0.11
3988;2507.522568;-0.08
3988;2507.522568;-0.05
3989;2506.893958;-0.03
3989;2506.893958;-0.01
3990;2506.265664;0
3990;2506.265664;0.01
3990;2506.265664;0.01
3991;2505.637685;0
3991;2505.637685;0
3991;2505.637685;0
3992;2505.01002;0
3992;2505.01002;0.01
3993;2504.38267;0.02
3993;2504.38267;0.04
3993;2504.38267;0.05
3994;2503.755633;0.06
3994;2503.755633;0.07
3995;2503.128911;0.07
3995;2503.128911;0.06
3995;2503.128911;0.04
3996;2502.502503;0.01
3996;2502.502503;-0.02
3996;2502.502503;-0.04
3997;2501.876407;-0.07
3997;2501.876407;-0.08
3998;2501.250625;-0.09
3998;2501.250625;-0.09
3998;2501.250625;-0.09
3999;2500.625156;-0.08
3999;2500.625156;-0.08
4000;2500;-0.08
4000;2500;-0.09
4000;2500;-0.1
4001;2499.375156;-0.11
4001;2499.375156;-0.11
4001;2499.375156;-0.1
4002;2498.750625;-0.09
4002;2498.750625;-0.08
4003;2498.126405;-0.06
4003;2498.126405;-0.04
4003;2498.126405;-0.02
4004;2497.502498;0
4004;2497.502498;0.01
4005;2496.878901;0.02
4005;2496.878901;0.01
4005;2496.878901;0
4006;2496.255617;-0.02
4006;2496.255617;-0.05
4006;2496.255617;-0.07
4007;2495.632643;-0.08
4007;2495.632643;-0.08
4008;2495.00998;-0.08
4008;2495.00998;-0.06
4008;2495.00998;-0.04
4009;2494.387628;-0.02
4009;2494.387628;0
4010;2493.765586;0.01
4010;2493.765586;0.01
4010;2493.765586;0
4011;2493.143854;-0.01
4011;2493.143854;-0.02
4012;2492.522433;-0.02
4012;2492.522433;-0.03
4012;2492.522433;-0.03
4013;2491.901321;-0.03
4013;2491.901321;-0.03
4013;2491.901321;-0.03
4014;2491.280518;-0.04
4014;2491.280518;-0.04
4015;2490.660025;-0.04
4015;2490.660025;-0.05
4015;2490.660025;-0.05
4016;2490.039841;-0.05
4016;2490.039841;-0.06
4017;2489.419965;-0.06
4017;2489.419965;-0.06
4017;2489.419965;-0.05
4018;2488.800398;-0.05
4018;2488.800398;-0.04
4019;2488.18114;-0.03
4019;2488.18114;-0.02
4019;2488.18114;0
4020;2487.562189;0.01
4020;2487.562189;0.02
4020;2487.562189;0.03
4021;2486.943546;0.03
4021;2486.943546;0.03
4022;2486.325211;0.04
4022;2486.325211;0.03
4022;2486.325211;0.03
4023;2485.707184;0.02
4023;2485.707184;0.01
4024;2485.089463;0
4024;2485.089463;-0.01
4024;2485.089463;-0.03
4025;2484.47205;-0.04
4025;2484.47205;-0.04
4026;2483.854943;-0.04
4026;2483.854943;-0.04
4026;2483.854943;-0.03
4027;2483.238143;-0.01
4027;2483.238143;0
4027;2483.238143;0.02
4028;2482.621648;0.04
4028;2482.621648;0.05
4029;2482.00546;0.05
4029;2482.00546;0.05
4029;2482.00546;0.04
4030;2481.389578;0.02
4030;2481.389578;0
4031;2480.774001;-0.02
4031;2480.774001;-0.04
4031;2480.774001;-0.06
4032;2480.15873;-0.07
4032;2480.15873;-0.07
4033;2479.543764;-0.07
4033;2479.543764;-0.06
4033;2479.543764;-0.05
4034;2478.929103;-0.04
4034;2478.929103;-0.02
4035;2478.314746;0
4035;2478.314746;0.01
4035;2478.314746;0.03
4036;2477.700694;0.05
4036;2477.700694;0.06
4036;2477.700694;0.07
4037;2477.086946;0.07
4037;2477.086946;0.06
4038;2476.473502;0.05
4038;2476.473502;0.03
4038;2476.473502;0.02
4039;2475.860361;0.01
4039;2475.860361;0
4040;2475.247525;0.01
4040;2475.247525;0.02
4040;2475.247525;0.04
4041;2474.634991;0.06
4041;2474.634991;0.07
4042;2474.022761;0.08
4042;2474.022761;0.08
4042;2474.022761;0.08
4043;2473.410834;0.07
4043;2473.410834;0.06
4044;2472.799209;0.05
4044;2472.799209;0.04
4044;2472.799209;0.03
4045;2472.187886;0.02
4045;2472.187886;0.01
4046;2471.576866;0
4046;2471.576866;-0.01
4046;2471.576866;-0.02
4047;2470.966148;-0.02
4047;2470.966148;-0.01
4048;2470.355731;0
4048;2470.355731;0.03
4048;2470.355731;0.06
4049;2469.745616;0.09
4049;2469.745616;0.12
4049;2469.745616;0.15
4050;2469.135802;0.16
4050;2469.135802;0.16
4051;2468.52629;0.15
4051;2468.52629;0.13
4051;2468.52629;0.1
4052;2467.917078;0.08
4052;2467.917078;0.05
4053;2467.308167;0.03
4053;2467.308167;0.01
4053;2467.308167;0
4054;2466.699556;0
4054;2466.699556;0
4055;2466.091245;0
4055;2466.091245;0.01
4055;2466.091245;0.02
4056;2465.483235;0.03
4056;2465.483235;0.04
4057;2464.875524;0.04
4057;2464.875524;0.04
4057;2464.875524;0.03
4058;2464.268112;0.02
4058;2464.268112;0
4059;2463.661;-0.02
4059;2463.661;-0.03
4059;2463.661;-0.05
4060;2463.054187;-0.06
4060;2463.054187;-0.06
4061;2462.447673;-0.06
4061;2462.447673;-0.07
4061;2462.447673;-0.06
4062;2461.841457;-0.06
4062;2461.841457;-0.06
4063;2461.23554;-0.05
4063;2461.23554;-0.05
4063;2461.23554;-0.04
4064;2460.629921;-0.03
4064;2460.629921;-0.03
4065;2460.0246;-0.03
4065;2460.0246;-0.02
4065;2460.0246;-0.02
4066;2459.419577;-0.02
4066;2459.419577;-0.01
4067;2458.814851;-0.01
4067;2458.814851;-0.01
4067;2458.814851;-0.01
4068;2458.210423;-0.02
4068;2458.210423;-0.03
4069;2457.606291;-0.03
4069;2457.606291;-0.03
4069;2457.606291;-0.03
4070;2457.002457;-0.02
4070;2457.002457;-0.01
4071;2456.398919;0.01
4071;2456.398919;0.02
4071;2456.398919;0.02
4072;2455.795678;0.03
4072;2455.795678;0.04
4073;2455.192733;0.04
4073;2455.192733;0.05
4073;2455.192733;0.07
4074;2454.590083;0.07
4074;2454.590083;0.08
4075;2453.98773;0.08
4075;2453.98773;0.07
4075;2453.98773;0.06
4076;2453.385672;0.05
4076;2453.385672;0.04
4077;2452.78391;0.03
4077;2452.78391;0.03
4077;2452.78391;0.03
4078;2452.182442;0.03
4078;2452.182442;0.03
4079;2451.58127;0.03
4079;2451.58127;0.02
4079;2451.58127;0.01
4080;2450.980392;0
4080;2450.980392;-0.02
4081;2450.379809;-0.03
4081;2450.379809;-0.05
4081;2450.379809;-0.06
4082;2449.77952;-0.06
4082;2449.77952;-0.06
4083;2449.179525;-0.05
4083;2449.179525;-0.04
4083;2449.179525;-0.03
4084;2448.579824;-0.02
4084;2448.579824;-0.01
4085;2447.980416;0
4085;2447.980416;0
4085;2447.980416;0.01
4086;2447.381302;0.02
4086;2447.381302;0.02
4087;2446.782481;0.02
4087;2446.782481;0.02
4087;2446.782481;0.01
4088;2446.183953;0.01
4088;2446.183953;0
4089;2445.585718;0
4089;2445.585718;0.01
4089;2445.585718;0.02
4090;2444.987775;0.04
4090;2444.987775;0.06
4091;2444.390125;0.08
4091;2444.390125;0.09
4091;2444.390125;0.09
4092;2443.792766;0.09
4092;2443.792766;0.08
4093;2443.1957;0.06
4093;2443.1957;0.05
4093;2443.1957;0.03
4094;2442.598925;0.02
4094;2442.598925;0
4095;2442.002442;-0.01
4095;2442.002442;-0.01
4095;2442.002442;-0.02
4096;2441.40625;-0.01
4096;2441.40625;-0.01
4097;2440.810349;0
4097;2440.810349;0
4097;2440.810349;0
4098;2440.214739;0
4098;2440.214739;-0.01
4099;2439.619419;-0.02
4099;2439.619419;-0.03
4100;2439.02439;-0.04
4100;2439.02439;-0.06
4100;2439.02439;-0.08
4101;2438.429651;-0.1
4101;2438.429651;-0.12
4102;2437.835202;-0.14
4102;2437.835202;-0.15
4102;2437.835202;-0.14
4103;2437.241043;-0.13
4103;2437.241043;-0.1
4104;2436.647173;-0.08
4104;2436.647173;-0.06
4104;2436.647173;-0.05
4105;2436.053593;-0.04
4105;2436.053593;-0.04
4106;2435.460302;-0.04
4106;2435.460302;-0.04
4106;2435.460302;-0.03
4107;2434.8673;-0.01
4107;2434.8673;0.02
4108;2434.274586;0.04
4108;2434.274586;0.07
4108;2434.274586;0.08
4109;2433.682161;0.1
4109;2433.682161;0.1
4110;2433.090024;0.1
4110;2433.090024;0.1
4110;2433.090024;0.09
4111;2432.498176;0.08
4111;2432.498176;0.07
4112;2431.906615;0.07
4112;2431.906615;0.08
4113;2431.315342;0.09
4113;2431.315342;0.1
4113;2431.315342;0.11
4114;2430.724356;0.1
4114;2430.724356;0.09
4115;2430.133657;0.06
4115;2430.133657;0.03
4115;2430.133657;0
4116;2429.543246;-0.02
4116;2429.543246;-0.03
4117;2428.953121;-0.04
4117;2428.953121;-0.03
4117;2428.953121;-0.03
4118;2428.363283;-0.02
4118;2428.363283;-0.02
4119;2427.773731;-0.03
4119;2427.773731;-0.03
4119;2427.773731;-0.04
4120;2427.184466;-0.04
4120;2427.184466;-0.04
4121;2426.595487;-0.04
4121;2426.595487;-0.04
4122;2426.006793;-0.05
4122;2426.006793;-0.05
4122;2426.006793;-0.05
4123;2425.418385;-0.06
4123;2425.418385;-0.05
4124;2424.830262;-0.05
4124;2424.830262;-0.04
4124;2424.830262;-0.04
4125;2424.242424;-0.03
4125;2424.242424;-0.03
4126;2423.654872;-0.03
4126;2423.654872;-0.03
4126;2423.654872;-0.04
4127;2423.067604;-0.04
4127;2423.067604;-0.04
4128;2422.48062;-0.03
4128;2422.48062;-0.02
4128;2422.48062;-0.01
4129;2421.893921;0
4129;2421.893921;0.02
4130;2421.307506;0.03
4130;2421.307506;0.04
4131;2420.721375;0.05
4131;2420.721375;0.05
4131;2420.721375;0.04
4132;2420.135528;0.03
4132;2420.135528;0.03
4133;2419.549964;0.02
4133;2419.549964;0.02
4133;2419.549964;0.03
4134;2418.964683;0.04
4134;2418.964683;0.05
4135;2418.379686;0.06
4135;2418.379686;0.08
4135;2418.379686;0.1
4136;2417.794971;0.12
4136;2417.794971;0.15
4137;2417.210539;0.16
4137;2417.210539;0.17
4138;2416.62639;0.17
4138;2416.62639;0.15
4138;2416.62639;0.13
4139;2416.042522;0.1
4139;2416.042522;0.07
4140;2415.458937;0.05
4140;2415.458937;0.04
4140;2415.458937;0.03
4141;2414.875634;0.03
4141;2414.875634;0.03
4142;2414.292612;0.02
4142;2414.292612;0.01
4143;2413.709872;0
4143;2413.709872;-0.01
4143;2413.709872;-0.02
4144;2413.127413;-0.02
4144;2413.127413;-0.01
4145;2412.545235;0
4145;2412.545235;0.02
4145;2412.545235;0.04
4146;2411.963338;0.05
4146;2411.963338;0.07
4147;2411.381722;0.07
4147;2411.381722;0.07
4147;2411.381722;0.06
4148;2410.800386;0.04
4148;2410.800386;0.02
4149;2410.21933;-0.01
4149;2410.21933;-0.03
4150;2409.638554;-0.05
4150;2409.638554;-0.06
4150;2409.638554;-0.05
4151;2409.058058;-0.03
4151;2409.058058;-0.01
4152;2408.477842;0.02
4152;2408.477842;0.04
4152;2408.477842;0.06
4153;2407.897905;0.07
4153;2407.897905;0.08
4154;2407.318247;0.09
4154;2407.318247;0.09
4155;2406.738869;0.1
4155;2406.738869;0.11
4155;2406.738869;0.12
4156;2406.159769;0.12
4156;2406.159769;0.11
4157;2405.580948;0.1
4157;2405.580948;0.08
4157;2405.580948;0.06
4158;2405.002405;0.04
4158;2405.002405;0.02
4159;2404.42414;0.02
4159;2404.42414;0.02
4160;2403.846154;0.03
4160;2403.846154;0.04
4160;2403.846154;0.05
4161;2403.268445;0.05
4161;2403.268445;0.04
4162;2402.691014;0.02
4162;2402.691014;0
4162;2402.691014;-0.02
4163;2402.11386;-0.05
4163;2402.11386;-0.07
4164;2401.536984;-0.08
4164;2401.536984;-0.08
4165;2400.960384;-0.08
4165;2400.960384;-0.07
4165;2400.960384;-0.05
4166;2400.384061;-0.04
4166;2400.384061;-0.02
4167;2399.808015;-0.01
4167;2399.808015;0
4167;2399.808015;0
4168;2399.232246;-0.01
4168;2399.232246;-0.02
4169;2398.656752;-0.03
4169;2398.656752;-0.03
4170;2398.081535;-0.03
4170;2398.081535;-0.02
4170;2398.081535;0
4171;2397.506593;0.02
4171;2397.506593;0.05
4172;2396.931927;0.07
4172;2396.931927;0.09
4173;2396.357537;0.1
4173;2396.357537;0.1
4173;2396.357537;0.1
4174;2395.783421;0.08
4174;2395.783421;0.07
4175;2395.209581;0.06
4175;2395.209581;0.05
4175;2395.209581;0.04
4176;2394.636015;0.03
4176;2394.636015;0.03
4177;2394.062724;0.02
4177;2394.062724;0.01
4178;2393.489708;0
4178;2393.489708;-0.01
4178;2393.489708;-0.02
4179;2392.916966;-0.03
4179;2392.916966;-0.03
4180;2392.344498;-0.03
4180;2392.344498;-0.03
4180;2392.344498;-0.03
4181;2391.772303;-0.02
4181;2391.772303;-0.02
4182;2391.200383;-0.01
4182;2391.200383;0
4183;2390.628735;0.01
4183;2390.628735;0.02
4183;2390.628735;0.02
4184;2390.057361;0.01
4184;2390.057361;-0.01
4185;2389.48626;-0.02
4185;2389.48626;-0.03
4186;2388.915432;-0.03
4186;2388.915432;-0.02
4186;2388.915432;0
4187;2388.344877;0.02
4187;2388.344877;0.03
4188;2387.774594;0.04
4188;2387.774594;0.03
4189;2387.204583;0.02
4189;2387.204583;0
4189;2387.204583;-0.02
4190;2386.634845;-0.04
4190;2386.634845;-0.05
4191;2386.065378;-0.07
4191;2386.065378;-0.08
4191;2386.065378;-0.09
4192;2385.496183;-0.1
4192;2385.496183;-0.09
4193;2384.92726;-0.08
4193;2384.92726;-0.06
4194;2384.358608;-0.04
4194;2384.358608;-0.01
4194;2384.358608;0.02
4195;2383.790226;0.05
4195;2383.790226;0.07
4196;2383.222116;0.09
4196;2383.222116;0.11
4197;2382.654277;0.11
4197;2382.654277;0.1
4197;2382.654277;0.09
4198;2382.086708;0.07
4198;2382.086708;0.04
4199;2381.519409;0.01
4199;2381.519409;-0.02
4200;2380.952381;-0.05
4200;2380.952381;-0.07
4200;2380.952381;-0.08
4201;2380.385622;-0.09
4201;2380.385622;-0.1
4202;2379.819134;-0.1
4202;2379.819134;-0.09
4203;2379.252915;-0.08
4203;2379.252915;-0.06
4203;2379.252915;-0.04
4204;2378.686965;-0.01
4204;2378.686965;0.02
4205;2378.121284;0.04
4205;2378.121284;0.05
4205;2378.121284;0.05
4206;2377.555873;0.05
4206;2377.555873;0.03
4207;2376.99073;0.02
4207;2376.99073;-0.01
4208;2376.425856;-0.03
4208;2376.425856;-0.06
4208;2376.425856;-0.09
4209;2375.86125;-0.11
4209;2375.86125;-0.13
4210;2375.296912;-0.13
4210;2375.296912;-0.12
4211;2374.732843;-0.1
4211;2374.732843;-0.07
4211;2374.732843;-0.05
4212;2374.169041;-0.03
4212;2374.169041;-0.01
4213;2373.605507;0
4213;2373.605507;0.01
4214;2373.04224;0.01
4214;2373.04224;0.03
4214;2373.04224;0.04
4215;2372.479241;0.05
4215;2372.479241;0.06
4216;2371.916509;0.06
4216;2371.916509;0.05
4217;2371.354043;0.04
4217;2371.354043;0.02
4217;2371.354043;-0.01
4218;2370.791844;-0.03
4218;2370.791844;-0.05
4219;2370.229912;-0.07
4219;2370.229912;-0.08
4220;2369.668246;-0.09
4220;2369.668246;-0.08
4220;2369.668246;-0.08
4221;2369.106847;-0.06
4221;2369.106847;-0.05
4222;2368.545713;-0.03
4222;2368.545713;-0.02
4223;2367.984845;-0.01
4223;2367.984845;-0.01
4223;2367.984845;-0.02
4224;2367.424242;-0.02
4224;2367.424242;-0.04
4225;2366.863905;-0.05
4225;2366.863905;-0.07
4226;2366.303833;-0.08
4226;2366.303833;-0.09
4226;2366.303833;-0.1
4227;2365.744026;-0.09
4227;2365.744026;-0.08
4228;2365.184484;-0.07
4228;2365.184484;-0.06
4229;2364.625207;-0.05
4229;2364.625207;-0.05
4230;2364.066194;-0.05
4230;2364.066194;-0.06
4230;2364.066194;-0.06
4231;2363.507445;-0.05
4231;2363.507445;-0.03
4232;2362.94896;-0.01
4232;2362.94896;0.01
4233;2362.390739;0.03
4233;2362.390739;0.03
4233;2362.390739;0.03
4234;2361.832782;0.02
4234;2361.832782;0.01
4235;2361.275089;0
4235;2361.275089;-0.01
4236;2360.717658;-0.01
4236;2360.717658;-0.01
4236;2360.717658;-0.01
4237;2360.160491;0
4237;2360.160491;0.02
4238;2359.603587;0.05
4238;2359.603587;0.08
4239;2359.046945;0.11
4239;2359.046945;0.13
4239;2359.046945;0.15
4240;2358.490566;0.15
4240;2358.490566;0.14
4241;2357.934449;0.12
4241;2357.934449;0.09
4242;2357.378595;0.07
4242;2357.378595;0.05
4242;2357.378595;0.04
4243;2356.823003;0.04
4243;2356.823003;0.04
4244;2356.267672;0.04
4244;2356.267672;0.04
4245;2355.712603;0.03
4245;2355.712603;0.03
4246;2355.157796;0.02
4246;2355.157796;0.02
4246;2355.157796;0.02
4247;2354.603249;0.02
4247;2354.603249;0.02
4248;2354.048964;0.02
4248;2354.048964;0.02
4249;2353.49494;0.02
4249;2353.49494;0.01
4249;2353.49494;0
4250;2352.941176;-0.01
4250;2352.941176;-0.02
4251;2352.387673;-0.03
4251;2352.387673;-0.04
4252;2351.834431;-0.04
4252;2351.834431;-0.05
4252;2351.834431;-0.05
4253;2351.281448;-0.05
4253;2351.281448;-0.05
4254;2350.728726;-0.06
4254;2350.728726;-0.08
4255;2350.176263;-0.1
4255;2350.176263;-0.12
4256;2349.62406;-0.15
4256;2349.62406;-0.18
4256;2349.62406;-0.21
4257;2349.072117;-0.23
4257;2349.072117;-0.25
4258;2348.520432;-0.25
4258;2348.520432;-0.25
4259;2347.969007;-0.23
4259;2347.969007;-0.21
4259;2347.969007;-0.18
4260;2347.41784;-0.14
4260;2347.41784;-0.11
4261;2346.866933;-0.07
4261;2346.866933;-0.04
4262;2346.316283;-0.01
4262;2346.316283;0.01
4263;2345.765893;0.03
4263;2345.765893;0.03
4263;2345.765893;0.03
4264;2345.21576;0.02
4264;2345.21576;0
4265;2344.665885;-0.02
4265;2344.665885;-0.03
4266;2344.116268;-0.05
4266;2344.116268;-0.05
4266;2344.116268;-0.05
4267;2343.566909;-0.05
4267;2343.566909;-0.05
4268;2343.017807;-0.05
4268;2343.017807;-0.05
4269;2342.468962;-0.04
4269;2342.468962;-0.04
4270;2341.920375;-0.03
4270;2341.920375;-0.02
4270;2341.920375;0
4271;2341.372044;0.02
4271;2341.372044;0.03
4272;2340.82397;0.04
4272;2340.82397;0.05
4273;2340.276153;0.05
4273;2340.276153;0.04
4274;2339.728591;0.02
4274;2339.728591;0
4274;2339.728591;-0.02
4275;2339.181287;-0.04
4275;2339.181287;-0.06
4276;2338.634238;-0.07
4276;2338.634238;-0.07
4277;2338.087444;-0.06
4277;2338.087444;-0.05
4277;2338.087444;-0.03
4278;2337.540907;-0.02
4278;2337.540907;-0.01
4279;2336.994625;0
4279;2336.994625;-0.01
4280;2336.448598;-0.01
4280;2336.448598;-0.02
4281;2335.902826;-0.02
4281;2335.902826;-0.03
4281;2335.902826;-0.03
4282;2335.35731;-0.04
4282;2335.35731;-0.04
4283;2334.812048;-0.05
4283;2334.812048;-0.06
4284;2334.26704;-0.06
4284;2334.26704;-0.06
4285;2333.722287;-0.05
4285;2333.722287;-0.04
4285;2333.722287;-0.03
4286;2333.177788;-0.02
4286;2333.177788;-0.02
4287;2332.633543;-0.02
4287;2332.633543;-0.03
4288;2332.089552;-0.04
4288;2332.089552;-0.05
4289;2331.545815;-0.06
4289;2331.545815;-0.06
4289;2331.545815;-0.07
4290;2331.002331;-0.08
4290;2331.002331;-0.09
4291;2330.4591;-0.1
4291;2330.4591;-0.1
4292;2329.916123;-0.11
4292;2329.916123;-0.12
4293;2329.373399;-0.13
4293;2329.373399;-0.14
4293;2329.373399;-0.15
4294;2328.830927;-0.16
4294;2328.830927;-0.16
4295;2328.288708;-0.15
4295;2328.288708;-0.12
4296;2327.746741;-0.1
4296;2327.746741;-0.07
4297;2327.205027;-0.04
4297;2327.205027;-0.02
4297;2327.205027;-0.01
4298;2326.663564;0
4298;2326.663564;0.01
4299;2326.122354;0.02
4299;2326.122354;0.04
4300;2325.581395;0.06
4300;2325.581395;0.09
4301;2325.040688;0.11
4301;2325.040688;0.12
4301;2325.040688;0.12
4302;2324.500232;0.11
4302;2324.500232;0.09
4303;2323.960028;0.06
4303;2323.960028;0.03
4304;2323.420074;0.01
4304;2323.420074;-0.01
4305;2322.880372;-0.03
4305;2322.880372;-0.04
4305;2322.880372;-0.05
4306;2322.34092;-0.06
4306;2322.34092;-0.07
4307;2321.801718;-0.08
4307;2321.801718;-0.08
4308;2321.262767;-0.08
4308;2321.262767;-0.07
4309;2320.724066;-0.06
4309;2320.724066;-0.04
4309;2320.724066;-0.03
4310;2320.185615;-0.02
4310;2320.185615;-0.01
4311;2319.647414;0
4311;2319.647414;0.01
4312;2319.109462;0.02
4312;2319.109462;0.02
4313;2318.57176;0.03
4313;2318.57176;0.03
4314;2318.034307;0.03
4314;2318.034307;0.03
4314;2318.034307;0.04
4315;2317.497103;0.04
4315;2317.497103;0.05
4316;2316.960148;0.05
4316;2316.960148;0.06
4317;2316.423442;0.05
4317;2316.423442;0.04
4318;2315.886985;0.03
4318;2315.886985;0.01
4318;2315.886985;0
4319;2315.350776;0
4319;2315.350776;0
4320;2314.814815;0.01
4320;2314.814815;0.02
4321;2314.279102;0.03
4321;2314.279102;0.04
4322;2313.743637;0.05
4322;2313.743637;0.06
4323;2313.20842;0.06
4323;2313.20842;0.07
4323;2313.20842;0.08
4324;2312.673451;0.08
4324;2312.673451;0.09
4325;2312.138728;0.09
4325;2312.138728;0.09
4326;2311.604253;0.09
4326;2311.604253;0.08
4327;2311.070025;0.08
4327;2311.070025;0.08
4327;2311.070025;0.07
4328;2310.536044;0.06
4328;2310.536044;0.04
4329;2310.00231;0.02
4329;2310.00231;0.01
4330;2309.468822;-0.01
4330;2309.468822;-0.02
4331;2308.935581;-0.03
4331;2308.935581;-0.04
4332;2308.402585;-0.04
4332;2308.402585;-0.04
4332;2308.402585;-0.04
4333;2307.869836;-0.05
4333;2307.869836;-0.04
4334;2307.337333;-0.04
4334;2307.337333;-0.03
4335;2306.805075;0
4335;2306.805075;0.02
4336;2306.273063;0.05
4336;2306.273063;0.07
4337;2305.741296;0.09
4337;2305.741296;0.1
4337;2305.741296;0.1
4338;2305.209774;0.1
4338;2305.209774;0.09
4339;2304.678497;0.09
4339;2304.678497;0.08
4340;2304.147465;0.07
4340;2304.147465;0.06
4341;2303.616678;0.05
4341;2303.616678;0.04
4342;2303.086135;0.04
4342;2303.086135;0.05
4342;2303.086135;0.06
4343;2302.555837;0.07
4343;2302.555837;0.08
4344;2302.025783;0.09
4344;2302.025783;0.1
4345;2301.495972;0.11
4345;2301.495972;0.1
4346;2300.966406;0.09
4346;2300.966406;0.08
4347;2300.437083;0.07
4347;2300.437083;0.07
4347;2300.437083;0.06
4348;2299.908004;0.07
4348;2299.908004;0.08
4349;2299.379168;0.08
4349;2299.379168;0.08
4350;2298.850575;0.07
4350;2298.850575;0.06
4351;2298.322225;0.04
4351;2298.322225;0.01
4352;2297.794118;-0.01
4352;2297.794118;-0.03
4352;2297.794118;-0.05
4353;2297.266253;-0.06
4353;2297.266253;-0.06
4354;2296.738631;-0.06
4354;2296.738631;-0.06
4355;2296.211251;-0.06
4355;2296.211251;-0.05
4356;2295.684114;-0.05
4356;2295.684114;-0.05
4357;2295.157218;-0.05
4357;2295.157218;-0.04
4357;2295.157218;-0.04
4358;2294.630564;-0.03
4358;2294.630564;-0.01
4359;2294.104152;0
4359;2294.104152;0.03
4360;2293.577982;0.05
4360;2293.577982;0.08
4361;2293.052052;0.09
4361;2293.052052;0.1
4362;2292.526364;0.1
4362;2292.526364;0.09
4363;2292.000917;0.07
4363;2292.000917;0.04
4363;2292.000917;0.02
4364;2291.47571;0
4364;2291.47571;-0.02
4365;2290.950745;-0.03
4365;2290.950745;-0.05
4366;2290.426019;-0.06
4366;2290.426019;-0.07
4367;2289.901534;-0.08
4367;2289.901534;-0.09
4368;2289.377289;-0.09
4368;2289.377289;-0.09
4368;2289.377289;-0.08
4369;2288.853285;-0.07
4369;2288.853285;-0.05
4370;2288.329519;-0.02
4370;2288.329519;0.01
4371;2287.805994;0.04
4371;2287.805994;0.07
4372;2287.282708;0.1
4372;2287.282708;0.13
4373;2286.759662;0.15
4373;2286.759662;0.17
4374;2286.236854;0.17
4374;2286.236854;0.17
4374;2286.236854;0.16
4375;2285.714286;0.15
4375;2285.714286;0.13
4376;2285.191956;0.1
4376;2285.191956;0.08
4377;2284.669865;0.05
4377;2284.669865;0.02
4378;2284.148013;0
4378;2284.148013;-0.03
4379;2283.626399;-0.05
4379;2283.626399;-0.06
4380;2283.105023;-0.07
4380;2283.105023;-0.06
4380;2283.105023;-0.06
4381;2282.583885;-0.05
4381;2282.583885;-0.03
4382;2282.062985;-0.02
4382;2282.062985;-0.01
4383;2281.542323;0
4383;2281.542323;0
4384;2281.021898;0
4384;2281.021898;-0.01
4385;2280.50171;-0.02
4385;2280.50171;-0.04
4386;2279.98176;-0.05
4386;2279.98176;-0.05
4386;2279.98176;-0.04
4387;2279.462047;-0.02
4387;2279.462047;0.01
4388;2278.942571;0.04
4388;2278.942571;0.08
4389;2278.423331;0.11
4389;2278.423331;0.13
4390;2277.904328;0.14
4390;2277.904328;0.13
4391;2277.385561;0.12
4391;2277.385561;0.1
4392;2276.867031;0.07
4392;2276.867031;0.05
4393;2276.348737;0.03
4393;2276.348737;0.02
4393;2276.348737;0.01
4394;2275.830678;0.02
4394;2275.830678;0.02
4395;2275.312856;0.03
4395;2275.312856;0.04
4396;2274.795268;0.05
4396;2274.795268;0.05
4397;2274.277917;0.05
4397;2274.277917;0.05
4398;2273.7608;0.05
4398;2273.7608;0.05
4399;2273.243919;0.05
4399;2273.243919;0.05
4400;2272.727273;0.05
4400;2272.727273;0.04
4400;2272.727273;0.02
4401;2272.210861;0
4401;2272.210861;-0.03
4402;2271.694684;-0.06
4402;2271.694684;-0.08
4403;2271.178742;-0.09
4403;2271.178742;-0.09
4404;2270.663034;-0.08
4404;2270.663034;-0.07
4405;2270.14756;-0.05
4405;2270.14756;-0.04
4406;2269.63232;-0.04
4406;2269.63232;-0.05
4407;2269.117313;-0.06
4407;2269.117313;-0.08
4407;2269.117313;-0.09
4408;2268.602541;-0.1
4408;2268.602541;-0.1
4409;2268.088002;-0.09
4409;2268.088002;-0.07
4410;2267.573696;-0.05
4410;2267.573696;-0.03
4411;2267.059624;-0.01
4411;2267.059624;0.01
4412;2266.545784;0.02
4412;2266.545784;0.04
4413;2266.032178;0.05
4413;2266.032178;0.06
4414;2265.518804;0.08
4414;2265.518804;0.08
4414;2265.518804;0.09
4415;2265.005663;0.08
4415;2265.005663;0.07
4416;2264.492754;0.04
4416;2264.492754;0.02
4417;2263.980077;0
4417;2263.980077;-0.02
4418;2263.467632;-0.03
4418;2263.467632;-0.03
4419;2262.95542;-0.03
4419;2262.95542;-0.02
4420;2262.443439;-0.01
4420;2262.443439;-0.01
4421;2261.93169;0
4421;2261.93169;0
4422;2261.420172;0
4422;2261.420172;0
4422;2261.420172;0.01
4423;2260.908885;0.02
4423;2260.908885;0.03
4424;2260.39783;0.05
4424;2260.39783;0.06
4425;2259.887006;0.07
4425;2259.887006;0.07
4426;2259.376412;0.07
4426;2259.376412;0.06
4427;2258.866049;0.05
4427;2258.866049;0.03
4428;2258.355917;0.01
4428;2258.355917;-0.01
4429;2257.846015;-0.02
4429;2257.846015;-0.02
4430;2257.336343;-0.01
4430;2257.336343;0.01
4431;2256.826901;0.03
4431;2256.826901;0.06
4431;2256.826901;0.07
4432;2256.31769;0.08
4432;2256.31769;0.08
4433;2255.808707;0.08
4433;2255.808707;0.06
4434;2255.299955;0.05
4434;2255.299955;0.03
4435;2254.791432;0.01
4435;2254.791432;-0.01
4436;2254.283138;-0.03
4436;2254.283138;-0.05
4437;2253.775073;-0.07
4437;2253.775073;-0.08
4438;2253.267237;-0.09
4438;2253.267237;-0.1
4439;2252.759631;-0.1
4439;2252.759631;-0.09
4440;2252.252252;-0.08
4440;2252.252252;-0.07
4440;2252.252252;-0.05
4441;2251.745102;-0.04
4441;2251.745102;-0.02
4442;2251.238181;-0.02
4442;2251.238181;-0.02
4443;2250.731488;-0.02
4443;2250.731488;-0.03
4444;2250.225023;-0.04
4444;2250.225023;-0.05
4445;2249.718785;-0.05
4445;2249.718785;-0.04
4446;2249.212776;-0.03
4446;2249.212776;-0.01
4447;2248.706993;0
4447;2248.706993;0.01
4448;2248.201439;0.02
4448;2248.201439;0.02
4449;2247.696111;0.03
4449;2247.696111;0.03
4450;2247.191011;0.03
4450;2247.191011;0.03
4450;2247.191011;0.03
4451;2246.686138;0.02
4451;2246.686138;0.01
4452;2246.181491;-0.01
4452;2246.181491;-0.01
4453;2245.677072;0
4453;2245.677072;0.01
4454;2245.172878;0.03
4454;2245.172878;0.06
4455;2244.668911;0.08
4455;2244.668911;0.1
4456;2244.165171;0.12
4456;2244.165171;0.13
4457;2243.661656;0.13
4457;2243.661656;0.13
4458;2243.158367;0.13
4458;2243.158367;0.13
4459;2242.655304;0.12
4459;2242.655304;0.1
4460;2242.152466;0.08
4460;2242.152466;0.06
4461;2241.649854;0.04
4461;2241.649854;0.02
4462;2241.147468;0
4462;2241.147468;-0.01
4462;2241.147468;-0.02
4463;2240.645306;-0.03
4463;2240.645306;-0.05
4464;2240.143369;-0.06
4464;2240.143369;-0.06
4465;2239.641657;-0.06
4465;2239.641657;-0.05
4466;2239.14017;-0.04
4466;2239.14017;-0.03
4467;2238.638908;-0.02
4467;2238.638908;-0.02
4468;2238.137869;-0.03
4468;2238.137869;-0.05
4469;2237.637055;-0.06
4469;2237.637055;-0.07
4470;2237.136465;-0.08
4470;2237.136465;-0.08
4471;2236.636099;-0.08
4471;2236.636099;-0.07
4472;2236.135957;-0.06
4472;2236.135957;-0.06
4473;2235.636038;-0.04
4473;2235.636038;-0.03
4474;2235.136343;-0.01
4474;2235.136343;0.01
4474;2235.136343;0.04
4475;2234.636872;0.06
4475;2234.636872;0.07
4476;2234.137623;0.08
4476;2234.137623;0.07
4477;2233.638597;0.06
4477;2233.638597;0.05
4478;2233.139795;0.04
4478;2233.139795;0.03
4479;2232.641215;0.02
4479;2232.641215;0.03
4480;2232.142857;0.04
4480;2232.142857;0.06
4481;2231.644722;0.07
4481;2231.644722;0.08
4482;2231.146809;0.08
4482;2231.146809;0.07
4483;2230.649119;0.05
4483;2230.649119;0.03
4484;2230.15165;0.02
4484;2230.15165;0.01
4485;2229.654404;0.01
4485;2229.654404;0.01
4486;2229.157379;0.02
4486;2229.157379;0.03
4487;2228.660575;0.03
4487;2228.660575;0.02
4488;2228.163993;0.02
4488;2228.163993;0.01
4489;2227.667632;0.01
4489;2227.667632;0.01
4490;2227.171492;0.01
4490;2227.171492;0.02
4490;2227.171492;0.03
4491;2226.675573;0.04
4491;2226.675573;0.05
4492;2226.179875;0.06
4492;2226.179875;0.07
4493;2225.684398;0.08
4493;2225.684398;0.08
4494;2225.189141;0.08
4494;2225.189141;0.07
4495;2224.694105;0.06
4495;2224.694105;0.03
4496;2224.199288;0
4496;2224.199288;-0.04
4497;2223.704692;-0.07
4497;2223.704692;-0.09
4498;2223.210316;-0.11
4498;2223.210316;-0.12
4499;2222.716159;-0.12
4499;2222.716159;-0.1
4500;2222.222222;-0.08
4500;2222.222222;-0.05
4501;2221.728505;-0.01
4501;2221.728505;0.02
4502;2221.235007;0.05
4502;2221.235007;0.07
4503;2220.741728;0.09
4503;2220.741728;0.1
4504;2220.248668;0.1
4504;2220.248668;0.1
4505;2219.755827;0.09
4505;2219.755827;0.09
4506;2219.263205;0.08
4506;2219.263205;0.07
4507;2218.770801;0.06
4507;2218.770801;0.04
4508;2218.278616;0.03
4508;2218.278616;0.01
4509;2217.786649;0.01
4509;2217.786649;0.01
4510;2217.2949;0.01
4510;2217.2949;0.02
4510;2217.2949;0.03
4511;2216.80337;0.04
4511;2216.80337;0.05
4512;2216.312057;0.05
4512;2216.312057;0.06
4513;2215.820962;0.06
4513;2215.820962;0.05
4514;2215.330084;0.04
4514;2215.330084;0.03
4515;2214.839424;0.02
4515;2214.839424;0.01
4516;2214.348981;0.01
4516;2214.348981;0.01
4517;2213.858756;0.02
4517;2213.858756;0.04
4518;2213.368747;0.06
4518;2213.368747;0.07
4519;2212.878956;0.08
4519;2212.878956;0.09
4520;2212.389381;0.09
4520;2212.389381;0.09
4521;2211.900022;0.08
4521;2211.900022;0.08
4522;2211.41088;0.08
4522;2211.41088;0.07
4523;2210.921954;0.07
4523;2210.921954;0.06
4524;2210.433245;0.05
4524;2210.433245;0.04
4525;2209.944751;0.03
4525;2209.944751;0.03
4526;2209.456474;0.03
4526;2209.456474;0.03
4527;2208.968412;0.04
4527;2208.968412;0.05
4528;2208.480565;0.06
4528;2208.480565;0.07
4529;2207.992934;0.07
4529;2207.992934;0.06
4530;2207.505519;0.05
4530;2207.505519;0.04
4531;2207.018318;0.03
4531;2207.018318;0.02
4532;2206.531333;0.01
4532;2206.531333;0.01
4533;2206.044562;0.01
4533;2206.044562;0.02
4534;2205.558006;0.03
4534;2205.558006;0.03
4535;2205.071665;0.04
4535;2205.071665;0.05
4536;2204.585538;0.06
4536;2204.585538;0.07
4537;2204.099625;0.08
4537;2204.099625;0.08
4538;2203.613927;0.08
4538;2203.613927;0.07
4539;2203.128442;0.06
4539;2203.128442;0.05
4540;2202.643172;0.04
4540;2202.643172;0.04
4541;2202.158115;0.03
4541;2202.158115;0.03
4542;2201.673272;0.03
4542;2201.673272;0.02
4543;2201.188642;0.02
4543;2201.188642;0
4544;2200.704225;-0.01
4544;2200.704225;-0.02
4545;2200.220022;-0.03
4545;2200.220022;-0.03
4546;2199.736032;-0.03
4546;2199.736032;-0.03
4547;2199.252254;-0.01
4547;2199.252254;0.01
4548;2198.76869;0.03
4548;2198.76869;0.06
4549;2198.285337;0.08
4549;2198.285337;0.1
4550;2197.802198;0.1
4550;2197.802198;0.09
4551;2197.31927;0.07
4551;2197.31927;0.05
4552;2196.836555;0.03
4552;2196.836555;0.01
4553;2196.354052;-0.01
4553;2196.354052;-0.01
4554;2195.871761;0
4554;2195.871761;0.01
4555;2195.389682;0.02
4555;2195.389682;0.03
4556;2194.907814;0.03
4556;2194.907814;0.03
4557;2194.426158;0.02
4557;2194.426158;-0.01
4558;2193.944713;-0.03
4558;2193.944713;-0.06
4559;2193.463479;-0.08
4559;2193.463479;-0.09
4560;2192.982456;-0.09
4560;2192.982456;-0.07
4561;2192.501644;-0.05
4561;2192.501644;-0.03
4562;2192.021043;-0.01
4562;2192.021043;0
4563;2191.540653;0.01
4563;2191.540653;0.01
4564;2191.060473;0.01
4564;2191.060473;0.01
4565;2190.580504;0
4565;2190.580504;-0.01
4566;2190.100745;-0.01
4566;2190.100745;-0.02
4567;2189.621196;-0.02
4567;2189.621196;-0.02
4568;2189.141856;-0.02
4568;2189.141856;0
4569;2188.662727;0.02
4569;2188.662727;0.03
4570;2188.183807;0.05
4570;2188.183807;0.05
4571;2187.705097;0.05
4571;2187.705097;0.03
4572;2187.226597;0.02
4572;2187.226597;0.01
4573;2186.748305;0
4573;2186.748305;-0.01
4574;2186.270223;-0.02
4574;2186.270223;-0.04
4575;2185.79235;-0.05
4575;2185.79235;-0.06
4576;2185.314685;-0.08
4576;2185.314685;-0.08
4577;2184.83723;-0.08
4577;2184.83723;-0.07
4578;2184.359983;-0.06
4578;2184.359983;-0.04
4579;2183.882944;-0.02
4579;2183.882944;-0.01
4580;2183.406114;0
4580;2183.406114;0
4581;2182.929491;0
4581;2182.929491;0
4582;2182.453077;-0.01
4582;2182.453077;-0.01
4583;2181.976871;-0.01
4583;2181.976871;0
4584;2181.500873;0.01
4584;2181.500873;0.02
4585;2181.025082;0.04
4585;2181.025082;0.06
4586;2180.549498;0.08
4586;2180.549498;0.09
4587;2180.074123;0.09
4587;2180.074123;0.09
4588;2179.598954;0.09
4588;2179.598954;0.09
4589;2179.123992;0.09
4589;2179.123992;0.1
4590;2178.649237;0.11
4590;2178.649237;0.12
4591;2178.17469;0.14
4591;2178.17469;0.14
4592;2177.700348;0.15
4592;2177.700348;0.15
4593;2177.226214;0.15
4593;2177.226214;0.14
4594;2176.752286;0.13
4594;2176.752286;0.12
4595;2176.278564;0.11
4595;2176.278564;0.08
4596;2175.805048;0.06
4596;2175.805048;0.04
4597;2175.331738;0.02
4597;2175.331738;0
4598;2174.858634;0
4598;2174.858634;0.01
4599;2174.385736;0.02
4600;2173.913043;0.03
4600;2173.913043;0.04
4601;2173.440556;0.04
4601;2173.440556;0.03
4602;2172.968275;0.02
4602;2172.968275;0
4603;2172.496198;-0.01
4603;2172.496198;-0.03
4604;2172.024327;-0.04
4604;2172.024327;-0.04
4605;2171.55266;-0.04
4605;2171.55266;-0.03
4606;2171.081198;-0.02
4606;2171.081198;-0.01
4607;2170.609941;0
4607;2170.609941;0
4608;2170.138889;-0.01
4608;2170.138889;-0.02
4609;2169.668041;-0.05
4609;2169.668041;-0.08
4610;2169.197397;-0.11
4610;2169.197397;-0.12
4611;2168.726957;-0.13
4611;2168.726957;-0.13
4612;2168.256722;-0.12
4612;2168.256722;-0.1
4613;2167.78669;-0.07
4613;2167.78669;-0.03
4614;2167.316862;0.01
4614;2167.316862;0.05
4615;2166.847237;0.09
4615;2166.847237;0.11
4616;2166.377816;0.12
4616;2166.377816;0.12
4617;2165.908599;0.11
4617;2165.908599;0.08
4618;2165.439584;0.05
4618;2165.439584;0.01
4619;2164.970773;-0.02
4619;2164.970773;-0.04
4620;2164.502165;-0.06
4621;2164.033759;-0.06
4621;2164.033759;-0.06
4622;2163.565556;-0.04
4622;2163.565556;-0.03
4623;2163.097556;-0.01
4623;2163.097556;0
4624;2162.629758;0.02
4624;2162.629758;0.02
4625;2162.162162;0.03
4625;2162.162162;0.03
4626;2161.694769;0.03
4626;2161.694769;0.03
4627;2161.227577;0.03
4627;2161.227577;0.03
4628;2160.760588;0.03
4628;2160.760588;0.03
4629;2160.2938;0.03
4629;2160.2938;0.03
4630;2159.827214;0.02
4630;2159.827214;0.01
4631;2159.360829;0
4631;2159.360829;-0.01
4632;2158.894646;-0.04
4632;2158.894646;-0.07
4633;2158.428664;-0.09
4633;2158.428664;-0.12
4634;2157.962883;-0.13
4634;2157.962883;-0.12
4635;2157.497303;-0.1
4635;2157.497303;-0.07
4636;2157.031924;-0.03
4637;2156.566746;0
4637;2156.566746;0.03
4638;2156.101768;0.04
4638;2156.101768;0.05
4639;2155.636991;0.04
4639;2155.636991;0.04
4640;2155.172414;0.03
4640;2155.172414;0.03
4641;2154.708037;0.02
4641;2154.708037;0.02
4642;2154.24386;0.03
4642;2154.24386;0.02
4643;2153.779884;0.02
4643;2153.779884;0.01
4644;2153.316107;0
4644;2153.316107;-0.01
4645;2152.85253;-0.02
4645;2152.85253;-0.04
4646;2152.389152;-0.04
4646;2152.389152;-0.05
4647;2151.925974;-0.05
4647;2151.925974;-0.05
4648;2151.462995;-0.04
4648;2151.462995;-0.02
4649;2151.000215;0
4650;2150.537634;0.01
4650;2150.537634;0.02
4651;2150.075253;0.03
4651;2150.075253;0.02
4652;2149.61307;0.01
4652;2149.61307;0
4653;2149.151085;-0.01
4653;2149.151085;-0.03
4654;2148.6893;-0.03
4654;2148.6893;-0.03
4655;2148.227712;-0.03
4655;2148.227712;-0.03
4656;2147.766323;-0.03
4656;2147.766323;-0.03
4657;2147.305132;-0.03
4657;2147.305132;-0.04
4658;2146.844139;-0.05
4658;2146.844139;-0.05
4659;2146.383344;-0.05
4659;2146.383344;-0.04
4660;2145.922747;-0.02
4660;2145.922747;0.01
4661;2145.462347;0.04
4662;2145.002145;0.07
4662;2145.002145;0.09
4663;2144.54214;0.11
4663;2144.54214;0.12
4664;2144.082333;0.12
4664;2144.082333;0.12
4665;2143.622722;0.11
4665;2143.622722;0.1
4666;2143.163309;0.1
4666;2143.163309;0.09
4667;2142.704093;0.09
4667;2142.704093;0.1
4668;2142.245073;0.12
4668;2142.245073;0.13
4669;2141.78625;0.13
4669;2141.78625;0.13
4670;2141.327623;0.11
4670;2141.327623;0.09
4671;2140.869193;0.06
4672;2140.410959;0.04
4672;2140.410959;0.02
4673;2139.952921;0.01
4673;2139.952921;0.01
4674;2139.495079;0.01
4674;2139.495079;0
4675;2139.037433;0
4675;2139.037433;-0.01
4676;2138.579983;-0.02
4676;2138.579983;-0.03
4677;2138.122728;-0.02
4677;2138.122728;-0.01
4678;2137.665669;0.02
4678;2137.665669;0.05
4679;2137.208805;0.08
4679;2137.208805;0.11
4680;2136.752137;0.13
4680;2136.752137;0.13
4681;2136.295663;0.12
4682;2135.839385;0.11
4682;2135.839385;0.09
4683;2135.383301;0.07
4683;2135.383301;0.05
4684;2134.927412;0.03
4684;2134.927412;0.01
4685;2134.471718;-0.01
4685;2134.471718;-0.03
4686;2134.016219;-0.04
4686;2134.016219;-0.05
4687;2133.560913;-0.05
4687;2133.560913;-0.05
4688;2133.105802;-0.04
4688;2133.105802;-0.02
4689;2132.650885;0
4689;2132.650885;0.02
4690;2132.196162;0.03
4691;2131.741633;0.04
4691;2131.741633;0.04
4692;2131.287298;0.04
4692;2131.287298;0.03
4693;2130.833156;0.02
4693;2130.833156;0.01
4694;2130.379207;0.01
4694;2130.379207;0
4695;2129.925453;0
4695;2129.925453;-0.01
4696;2129.471891;-0.02
4696;2129.471891;-0.03
4697;2129.018522;-0.04
4697;2129.018522;-0.04
4698;2128.565347;-0.04
4698;2128.565347;-0.03
4699;2128.112364;-0.02
4700;2127.659574;-0.01
4700;2127.659574;0
4701;2127.206977;0
4701;2127.206977;0
4702;2126.754573;-0.01
4702;2126.754573;-0.02
4703;2126.30236;-0.03
4703;2126.30236;-0.04
4704;2125.85034;-0.05
4704;2125.85034;-0.05
4705;2125.398512;-0.04
4705;2125.398512;-0.03
4706;2124.946876;-0.02
4706;2124.946876;0
4707;2124.495432;0.02
4708;2124.04418;0.04
4708;2124.04418;0.06
4709;2123.59312;0.06
4709;2123.59312;0.05
4710;2123.142251;0.04
4710;2123.142251;0.01
4711;2122.691573;-0.02
4711;2122.691573;-0.05
4712;2122.241087;-0.07
4712;2122.241087;-0.08
4713;2121.790791;-0.08
4713;2121.790791;-0.06
4714;2121.340687;-0.04
4715;2120.890774;-0.01
4715;2120.890774;0.02
4716;2120.441052;0.04
4716;2120.441052;0.05
4717;2119.99152;0.06
4717;2119.99152;0.06
4718;2119.542179;0.05
4718;2119.542179;0.04
4719;2119.093028;0.02
4719;2119.093028;0
4720;2118.644068;-0.02
4720;2118.644068;-0.05
4721;2118.195298;-0.07
4721;2118.195298;-0.08
4722;2117.746717;-0.09
4723;2117.298327;-0.08
4723;2117.298327;-0.07
4724;2116.850127;-0.05
4724;2116.850127;-0.02
4725;2116.402116;-0.01
4725;2116.402116;0.01
4726;2115.954295;0.01
4726;2115.954295;0
4727;2115.506664;-0.01
4727;2115.506664;-0.03
4728;2115.059222;-0.05
4728;2115.059222;-0.08
4729;2114.611969;-0.1
4730;2114.164905;-0.12
4730;2114.164905;-0.13
4731;2113.71803;-0.14
4731;2113.71803;-0.14
4732;2113.271344;-0.12
4732;2113.271344;-0.1
4733;2112.824847;-0.07
4733;2112.824847;-0.04
4734;2112.378538;0
4734;2112.378538;0.03
4735;2111.932418;0.06
4736;2111.486486;0.08
4736;2111.486486;0.1
4737;2111.040743;0.11
4737;2111.040743;0.11
4738;2110.595188;0.1
4738;2110.595188;0.08
4739;2110.149821;0.06
4739;2110.149821;0.04
4740;2109.704641;0.01
4740;2109.704641;-0.01
4741;2109.25965;-0.02
4741;2109.25965;-0.04
4742;2108.814846;-0.04
4743;2108.37023;-0.04
4743;2108.37023;-0.04
4744;2107.925801;-0.03
4744;2107.925801;-0.02
4745;2107.48156;-0.01
4745;2107.48156;0
4746;2107.037505;0.01
4746;2107.037505;0.01
4747;2106.593638;0.01
4747;2106.593638;0
4748;2106.149958;0
4749;2105.706465;0.01
4749;2105.706465;0.04
4750;2105.263158;0.07
4750;2105.263158;0.11
4751;2104.820038;0.15
4751;2104.820038;0.18
4752;2104.377104;0.2
4752;2104.377104;0.2
4753;2103.934357;0.18
4753;2103.934357;0.14
4754;2103.491796;0.1
4755;2103.049422;0.05
4755;2103.049422;0.01
4756;2102.607233;-0.03
4756;2102.607233;-0.06
4757;2102.16523;-0.08
4757;2102.16523;-0.09
4758;2101.723413;-0.1
4758;2101.723413;-0.1
4759;2101.281782;-0.1
4759;2101.281782;-0.1
4760;2100.840336;-0.1
4761;2100.399076;-0.1
4761;2100.399076;-0.09
4762;2099.958001;-0.08
4762;2099.958001;-0.07
4763;2099.517111;-0.05
4763;2099.517111;-0.03
4764;2099.076406;-0.01
4764;2099.076406;0
4765;2098.635887;0.02
4765;2098.635887;0.03
4766;2098.195552;0.03
4767;2097.755402;0.03
4767;2097.755402;0.03
4768;2097.315436;0.04
4768;2097.315436;0.04
4769;2096.875655;0.05
4769;2096.875655;0.05
4770;2096.436059;0.05
4770;2096.436059;0.05
4771;2095.996646;0.04
4771;2095.996646;0.04
4772;2095.557418;0.03
4773;2095.118374;0.03
4773;2095.118374;0.04
4774;2094.679514;0.04
4774;2094.679514;0.05
4775;2094.240838;0.06
4775;2094.240838;0.07
4776;2093.802345;0.07
4776;2093.802345;0.07
4777;2093.364036;0.06
4778;2092.92591;0.05
4778;2092.92591;0.04
4779;2092.487968;0.03
4779;2092.487968;0.03
4780;2092.050209;0.03
4780;2092.050209;0.03
4781;2091.612633;0.05
4781;2091.612633;0.06
4782;2091.17524;0.08
4782;2091.17524;0.1
4783;2090.738031;0.12
4784;2090.301003;0.13
4784;2090.301003;0.13
4785;2089.864159;0.13
4785;2089.864159;0.12
4786;2089.427497;0.11
4786;2089.427497;0.1
4787;2088.991017;0.08
4787;2088.991017;0.05
4788;2088.55472;0.03
4789;2088.118605;0
4789;2088.118605;-0.02
4790;2087.682672;-0.03
4790;2087.682672;-0.03
4791;2087.246921;-0.02
4791;2087.246921;-0.01
4792;2086.811352;0.01
4792;2086.811352;0.03
4793;2086.375965;0.03
4794;2085.940759;0.03
4794;2085.940759;0.02
4795;2085.505735;0
4795;2085.505735;-0.02
4796;2085.070892;-0.03
4796;2085.070892;-0.04
4797;2084.636231;-0.03
4797;2084.636231;-0.02
4798;2084.201751;0
4799;2083.767452;0.01
4799;2083.767452;0.03
4800;2083.333333;0.03
4800;2083.333333;0.03
4801;2082.899396;0.02
4801;2082.899396;0
4802;2082.465639;-0.02
4802;2082.465639;-0.04
4803;2082.032063;-0.05
4804;2081.598668;-0.07
4804;2081.598668;-0.08
4805;2081.165453;-0.09
4805;2081.165453;-0.1
4806;2080.732418;-0.11
4806;2080.732418;-0.12
4807;2080.299563;-0.12
4807;2080.299563;-0.12
4808;2079.866889;-0.12
4809;2079.434394;-0.11
4809;2079.434394;-0.11
4810;2079.002079;-0.1
4810;2079.002079;-0.09
4811;2078.569944;-0.08
4811;2078.569944;-0.06
4812;2078.137988;-0.04
4812;2078.137988;-0.02
4813;2077.706212;0
4814;2077.274616;0.01
4814;2077.274616;0.02
4815;2076.843198;0.02
4815;2076.843198;0.02
4816;2076.41196;0.02
4816;2076.41196;0.02
4817;2075.980901;0.03
4817;2075.980901;0.05
4818;2075.550021;0.07
4819;2075.119319;0.08
4819;2075.119319;0.09
4820;2074.688797;0.1
4820;2074.688797;0.09
4821;2074.258453;0.08
4821;2074.258453;0.07
4822;2073.828287;0.06
4822;2073.828287;0.06
4823;2073.3983;0.07
4824;2072.968491;0.08
4824;2072.968491;0.09
4825;2072.53886;0.09
4825;2072.53886;0.1
4826;2072.109407;0.09
4826;2072.109407;0.09
4827;2071.680133;0.09
4828;2071.251036;0.09
4828;2071.251036;0.1
4829;2070.822116;0.11
4829;2070.822116;0.13
4830;2070.393375;0.14
4830;2070.393375;0.14
4831;2069.964811;0.14
4831;2069.964811;0.14
4832;2069.536424;0.13
4833;2069.108214;0.12
4833;2069.108214;0.11
4834;2068.680182;0.1
4834;2068.680182;0.09
4835;2068.252327;0.07
4835;2068.252327;0.04
4836;2067.824648;0.02
4837;2067.397147;0
4837;2067.397147;-0.02
4838;2066.969822;-0.03
4838;2066.969822;-0.03
4839;2066.542674;-0.03
4839;2066.542674;-0.02
4840;2066.115702;-0.01
4840;2066.115702;-0.01
4841;2065.688907;-0.01
4842;2065.262288;-0.01
4842;2065.262288;-0.01
4843;2064.835846;-0.01
4843;2064.835846;0
4844;2064.409579;0.02
4844;2064.409579;0.04
4845;2063.983488;0.06
4846;2063.557573;0.09
4846;2063.557573;0.1
4847;2063.131834;0.11
4847;2063.131834;0.11
4848;2062.706271;0.11
4848;2062.706271;0.1
4849;2062.280883;0.09
4850;2061.85567;0.07
4850;2061.85567;0.06
4851;2061.430633;0.04
4851;2061.430633;0.02
4852;2061.005771;0
4852;2061.005771;-0.03
4853;2060.581084;-0.05
4854;2060.156572;-0.08
4854;2060.156572;-0.11
4855;2059.732235;-0.13
4855;2059.732235;-0.14
4856;2059.308072;-0.14
4856;2059.308072;-0.13
4857;2058.884085;-0.11
4858;2058.460272;-0.07
4858;2058.460272;-0.03
4859;2058.036633;0.02
4859;2058.036633;0.06
4860;2057.613169;0.09
4860;2057.613169;0.12
4861;2057.189879;0.13
4861;2057.189879;0.14
4862;2056.766763;0.15
4863;2056.343821;0.14
4863;2056.343821;0.12
4864;2055.921053;0.1
4864;2055.921053;0.07
4865;2055.498458;0.03
4865;2055.498458;-0.01
4866;2055.076038;-0.05
4867;2054.653791;-0.08
4867;2054.653791;-0.1
4868;2054.231717;-0.1
4868;2054.231717;-0.09
4869;2053.809817;-0.07
4869;2053.809817;-0.04
4870;2053.38809;0
4871;2052.966537;0.04
4871;2052.966537;0.08
4872;2052.545156;0.12
4872;2052.545156;0.15
4873;2052.123948;0.17
4873;2052.123948;0.19
4874;2051.702913;0.19
4875;2051.282051;0.18
4875;2051.282051;0.15
4876;2050.861362;0.12
4876;2050.861362;0.08
4877;2050.440845;0.05
4877;2050.440845;0.02
4878;2050.0205;0
4879;2049.600328;-0.01
4879;2049.600328;-0.02
4880;2049.180328;-0.02
4880;2049.180328;-0.01
4881;2048.7605;-0.01
4882;2048.340844;0
4882;2048.340844;0.01
4883;2047.92136;0.02
4883;2047.92136;0.04
4884;2047.502048;0.06
4884;2047.502048;0.08
4885;2047.082907;0.1
4886;2046.663938;0.11
4886;2046.663938;0.11
4887;2046.24514;0.1
4887;2046.24514;0.1
4888;2045.826514;0.09
4888;2045.826514;0.09
4889;2045.408059;0.1
4890;2044.989775;0.12
4890;2044.989775;0.14
4891;2044.571662;0.16
4891;2044.571662;0.16
4892;2044.15372;0.15
4892;2044.15372;0.13
4893;2043.735949;0.1
4894;2043.318349;0.07
4894;2043.318349;0.04
4895;2042.900919;0.03
4895;2042.900919;0.03
4896;2042.48366;0.03
4896;2042.48366;0.04
4897;2042.066571;0.04
4898;2041.649653;0.04
4898;2041.649653;0.03
4899;2041.232905;0.02
4899;2041.232905;0.01
4900;2040.816327;0
4901;2040.399918;0
4901;2040.399918;0.01
4902;2039.98368;0.03
4902;2039.98368;0.05
4903;2039.567612;0.08
4903;2039.567612;0.1
4904;2039.151713;0.11
4905;2038.735984;0.13
4905;2038.735984;0.13
4906;2038.320424;0.13
4906;2038.320424;0.13
4907;2037.905034;0.13
4907;2037.905034;0.13
4908;2037.489813;0.12
4909;2037.074761;0.12
4909;2037.074761;0.12
4910;2036.659878;0.11
4910;2036.659878;0.1
4911;2036.245164;0.08
4912;2035.830619;0.06
4912;2035.830619;0.03
4913;2035.416243;0
4913;2035.416243;-0.02
4914;2035.002035;-0.04
4914;2035.002035;-0.04
4915;2034.587996;-0.02
4916;2034.174125;0
4916;2034.174125;0.04
4917;2033.760423;0.07
4917;2033.760423;0.09
4918;2033.346889;0.11
4919;2032.933523;0.1
4919;2032.933523;0.09
4920;2032.520325;0.07
4920;2032.520325;0.05
4921;2032.107295;0.04
4921;2032.107295;0.04
4922;2031.694433;0.04
4923;2031.281739;0.06
4923;2031.281739;0.07
4924;2030.869212;0.08
4924;2030.869212;0.09
4925;2030.456853;0.09
4926;2030.044661;0.08
4926;2030.044661;0.07
4927;2029.632636;0.06
4927;2029.632636;0.04
4928;2029.220779;0.03
4928;2029.220779;0.03
4929;2028.809089;0.03
4930;2028.397566;0.02
4930;2028.397566;0.02
4931;2027.98621;0.02
4931;2027.98621;0.01
4932;2027.57502;0
4933;2027.163998;-0.01
4933;2027.163998;-0.02
4934;2026.753141;-0.03
4934;2026.753141;-0.03
4935;2026.342452;-0.04
4936;2025.931929;-0.03
4936;2025.931929;-0.02
4937;2025.521572;-0.01
4937;2025.521572;0
4938;2025.111381;0.01
4938;2025.111381;0.01
4939;2024.701357;0.02
4940;2024.291498;0.02
4940;2024.291498;0.02
4941;2023.881805;0.02
4941;2023.881805;0.02
4942;2023.472278;0.01
4943;2023.062917;0.01
4943;2023.062917;0
4944;2022.653722;-0.01
4944;2022.653722;-0.03
4945;2022.244692;-0.04
4946;2021.835827;-0.05
4946;2021.835827;-0.05
4947;2021.427128;-0.05
4947;2021.427128;-0.05
4948;2021.018593;-0.05
4948;2021.018593;-0.05
4949;2020.610224;-0.05
4950;2020.20202;-0.05
4950;2020.20202;-0.04
4951;2019.793981;-0.04
4951;2019.793981;-0.04
4952;2019.386107;-0.03
4953;2018.978397;-0.03
4953;2018.978397;-0.02
4954;2018.570852;-0.02
4954;2018.570852;-0.02
4955;2018.163471;-0.02
4956;2017.756255;-0.03
4956;2017.756255;-0.03
4957;2017.349203;-0.03
4957;2017.349203;-0.03
4958;2016.942315;-0.03
4959;2016.535592;-0.03
4959;2016.535592;-0.02
4960;2016.129032;-0.01
4960;2016.129032;0.01
4961;2015.722637;0.03
4961;2015.722637;0.06
4962;2015.316405;0.08
4963;2014.910336;0.1
4963;2014.910336;0.11
4964;2014.504432;0.11
4964;2014.504432;0.1
4965;2014.098691;0.09
4966;2013.693113;0.07
4966;2013.693113;0.05
4967;2013.287699;0.04
4967;2013.287699;0.03
4968;2012.882448;0.02
4969;2012.47736;0.02
4969;2012.47736;0.02
4970;2012.072435;0.01
4970;2012.072435;-0.01
4971;2011.667673;-0.03
4972;2011.263073;-0.06
4972;2011.263073;-0.09
4973;2010.858637;-0.11
4973;2010.858637;-0.11
4974;2010.454363;-0.1
4975;2010.050251;-0.07
4975;2010.050251;-0.03
4976;2009.646302;0
4976;2009.646302;0.04
4977;2009.242516;0.06
4978;2008.838891;0.06
4978;2008.838891;0.06
4979;2008.435429;0.04
4979;2008.435429;0.02
4980;2008.032129;0
4981;2007.62899;-0.02
4981;2007.62899;-0.02
4982;2007.226014;-0.02
4982;2007.226014;-0.01
4983;2006.823199;0
4984;2006.420546;0.01
4984;2006.420546;0.02
4985;2006.018054;0.03
4985;2006.018054;0.04
4986;2005.615724;0.05
4987;2005.213555;0.05
4987;2005.213555;0.05
4988;2004.811548;0.06
4988;2004.811548;0.06
4989;2004.409701;0.07
4990;2004.008016;0.07
4990;2004.008016;0.07
4991;2003.606492;0.06
4991;2003.606492;0.04
4992;2003.205128;0.03
4993;2002.803925;0.01
4993;2002.803925;-0.01
4994;2002.402883;-0.01
4994;2002.402883;-0.01
4995;2002.002002;0.01
4996;2001.601281;0.03
4996;2001.601281;0.06
4997;2001.20072;0.08
4997;2001.20072;0.1
4998;2000.80032;0.11
4999;2000.40008;0.12
4999;2000.40008;0.12
5000;2000;0.12
5000;2000;0.12
5001;1999.60008;0.11
5002;1999.20032;0.1
5002;1999.20032;0.09
5003;1998.80072;0.07
5003;1998.80072;0.05
5004;1998.401279;0.02
5005;1998.001998;0
5005;1998.001998;-0.01
5006;1997.602877;-0.02
5006;1997.602877;-0.02
5007;1997.203915;-0.03
5008;1996.805112;-0.03
5008;1996.805112;-0.03
5009;1996.406468;-0.04
5009;1996.406468;-0.04
5010;1996.007984;-0.04
5011;1995.609659;-0.04
5011;1995.609659;-0.03
5012;1995.211492;-0.01
5012;1995.211492;0.01
5013;1994.813485;0.03
5014;1994.415636;0.05
5014;1994.415636;0.05
5015;1994.017946;0.05
5015;1994.017946;0.04
5016;1993.620415;0.03
5017;1993.223042;0.01
5017;1993.223042;0
5018;1992.825827;0
5019;1992.428771;0
5019;1992.428771;0.01
5020;1992.031873;0.02
5020;1992.031873;0.03
5021;1991.635132;0.03
5022;1991.23855;0.03
5022;1991.23855;0.02
5023;1990.842126;0.02
5023;1990.842126;0.02
5024;1990.44586;0.02
5025;1990.049751;0.02
5025;1990.049751;0.03
5026;1989.6538;0.04
5026;1989.6538;0.04
5027;1989.258007;0.05
5028;1988.862371;0.06
5028;1988.862371;0.06
5029;1988.466892;0.06
5029;1988.466892;0.07
5030;1988.071571;0.07
5031;1987.676406;0.07
5031;1987.676406;0.08
5032;1987.281399;0.07
5033;1986.886549;0.07
5033;1986.886549;0.06
5034;1986.491855;0.05
5034;1986.491855;0.04
5035;1986.097319;0.04
5036;1985.702939;0.04
5036;1985.702939;0.05
5037;1985.308716;0.06
5037;1985.308716;0.07
5038;1984.914649;0.09
5039;1984.520738;0.1
5039;1984.520738;0.12
5040;1984.126984;0.13
5040;1984.126984;0.15
5041;1983.733386;0.16
5042;1983.339944;0.16
5042;1983.339944;0.16
5043;1982.946659;0.16
5044;1982.553529;0.13
5044;1982.553529;0.1
5045;1982.160555;0.06
5045;1982.160555;0.02
5046;1981.767737;-0.01
5047;1981.375074;-0.04
5047;1981.375074;-0.05
5048;1980.982567;-0.06
5048;1980.982567;-0.05
5049;1980.590216;-0.04
5050;1980.19802;-0.03
5050;1980.19802;-0.01
5051;1979.805979;-0.01
5052;1979.414093;0
5052;1979.414093;0
5053;1979.022363;0
5053;1979.022363;0
5054;1978.630787;-0.01
5055;1978.239367;-0.02
5055;1978.239367;-0.04
5056;1977.848101;-0.05
5056;1977.848101;-0.06
5057;1977.45699;-0.05
5058;1977.066034;-0.03
5058;1977.066034;-0.01
5059;1976.675232;0.01
5060;1976.284585;0.02
5060;1976.284585;0.02
5061;1975.894092;0.01
5061;1975.894092;-0.01
5062;1975.503753;-0.04
5063;1975.113569;-0.06
5063;1975.113569;-0.07
5064;1974.723539;-0.07
5064;1974.723539;-0.06
5065;1974.333662;-0.04
5066;1973.94394;-0.02
5066;1973.94394;-0.01
5067;1973.554371;0
5068;1973.164957;0.01
5068;1973.164957;0.01
5069;1972.775695;0
5069;1972.775695;0
5070;1972.386588;0.01
5071;1971.997634;0.01
5071;1971.997634;0.02
5072;1971.608833;0.03
5073;1971.220185;0.04
5073;1971.220185;0.05
5074;1970.831691;0.06
5074;1970.831691;0.06
5075;1970.44335;0.06
5076;1970.055162;0.06
5076;1970.055162;0.05
5077;1969.667126;0.05
5077;1969.667126;0.05
5078;1969.279244;0.05
5079;1968.891514;0.05
5079;1968.891514;0.05
5080;1968.503937;0.06
5081;1968.116512;0.07
5081;1968.116512;0.08
5082;1967.72924;0.1
5082;1967.72924;0.11
5083;1967.342121;0.13
5084;1966.955153;0.13
5084;1966.955153;0.14
5085;1966.568338;0.13
5086;1966.181675;0.1
5086;1966.181675;0.07
5087;1965.795164;0.04
5087;1965.795164;0
5088;1965.408805;-0.02
5089;1965.022598;-0.05
5089;1965.022598;-0.06
5090;1964.636542;-0.06
5091;1964.250638;-0.06
5091;1964.250638;-0.06
5092;1963.864886;-0.05
5092;1963.864886;-0.05
5093;1963.479285;-0.06
5094;1963.093836;-0.06
5094;1963.093836;-0.06
5095;1962.708538;-0.06
5096;1962.323391;-0.05
5096;1962.323391;-0.05
5097;1961.938395;-0.04
5097;1961.938395;-0.04
5098;1961.55355;-0.04
5099;1961.168857;-0.05
5099;1961.168857;-0.07
5100;1960.784314;-0.09
5101;1960.399922;-0.11
5101;1960.399922;-0.12
5102;1960.01568;-0.14
5102;1960.01568;-0.14
5103;1959.631589;-0.14
5104;1959.247649;-0.12
5104;1959.247649;-0.1
5105;1958.863859;-0.08
5106;1958.480219;-0.06
5106;1958.480219;-0.03
5107;1958.09673;-0.01
5107;1958.09673;0
5108;1957.713391;0.01
5109;1957.330202;0.02
5109;1957.330202;0.02
5110;1956.947162;0.02
5111;1956.564273;0.02
5111;1956.564273;0.02
5112;1956.181534;0.02
5113;1955.798944;0.02
5113;1955.798944;0.02
5114;1955.416504;0.02
5114;1955.416504;0.02
5115;1955.034213;0.01
5116;1954.652072;0
5116;1954.652072;-0.01
5117;1954.27008;-0.03
5118;1953.888238;-0.04
5118;1953.888238;-0.04
5119;1953.506544;-0.03
5119;1953.506544;-0.01
5120;1953.125;0.02
5121;1952.743605;0.05
5121;1952.743605;0.08
5122;1952.362358;0.1
5123;1951.981261;0.11
5123;1951.981261;0.11
5124;1951.600312;0.11
5125;1951.219512;0.1
5125;1951.219512;0.09
5126;1950.838861;0.08
5126;1950.838861;0.08
5127;1950.458358;0.08
5128;1950.078003;0.08
5128;1950.078003;0.08
5129;1949.697797;0.08
5130;1949.317739;0.08
5130;1949.317739;0.08
5131;1948.937829;0.07
5131;1948.937829;0.07
5132;1948.558067;0.07
5133;1948.178453;0.07
5133;1948.178453;0.08
5134;1947.798987;0.09
5135;1947.419669;0.09
5135;1947.419669;0.09
5136;1947.040498;0.09
5137;1946.661476;0.08
5137;1946.661476;0.06
5138;1946.2826;0.04
5138;1946.2826;0.03
5139;1945.903872;0.02
5140;1945.525292;0.02
5140;1945.525292;0.03
5141;1945.146859;0.04
5142;1944.768573;0.05
5142;1944.768573;0.07
5143;1944.390434;0.09
5144;1944.012442;0.11
5144;1944.012442;0.13
5145;1943.634597;0.14
5146;1943.256899;0.14
5146;1943.256899;0.13
5147;1942.879347;0.1
5147;1942.879347;0.05
5148;1942.501943;0
5149;1942.124684;-0.06
5149;1942.124684;-0.12
5150;1941.747573;-0.16
5151;1941.370608;-0.19
5151;1941.370608;-0.21
5152;1940.993789;-0.2
5153;1940.617116;-0.18
5153;1940.617116;-0.15
5154;1940.24059;-0.11
5154;1940.24059;-0.07
5155;1939.86421;-0.03
5156;1939.487975;0
5156;1939.487975;0.02
5157;1939.111887;0.03
5158;1938.735944;0.03
5158;1938.735944;0.02
5159;1938.360147;0.02
5160;1937.984496;0.02
5160;1937.984496;0.02
5161;1937.608991;0.01
5162;1937.23363;0.01
5162;1937.23363;0.01
5163;1936.858416;0
5163;1936.858416;0
5164;1936.483346;0
5165;1936.108422;0.01
5165;1936.108422;0.02
5166;1935.733643;0.03
5167;1935.359009;0.04
5167;1935.359009;0.05
5168;1934.98452;0.04
5169;1934.610176;0.03
5169;1934.610176;0.03
5170;1934.235977;0.02
5171;1933.861922;0.03
5171;1933.861922;0.05
5172;1933.488012;0.07
5172;1933.488012;0.08
5173;1933.114247;0.09
5174;1932.740626;0.08
5174;1932.740626;0.06
5175;1932.36715;0.03
5176;1931.993818;0
5176;1931.993818;-0.03
5177;1931.62063;-0.05
5178;1931.247586;-0.06
5178;1931.247586;-0.07
5179;1930.874686;-0.07
5180;1930.501931;-0.07
5180;1930.501931;-0.07
5181;1930.129319;-0.07
5181;1930.129319;-0.07
5182;1929.756851;-0.07
5183;1929.384526;-0.07
5183;1929.384526;-0.07
5184;1929.012346;-0.07
5185;1928.640309;-0.06
5185;1928.640309;-0.04
5186;1928.268415;-0.02
5187;1927.896665;0.02
5187;1927.896665;0.05
5188;1927.525058;0.09
5189;1927.153594;0.12
5189;1927.153594;0.14
5190;1926.782274;0.14
5191;1926.411096;0.13
5191;1926.411096;0.12
5192;1926.040062;0.09
5193;1925.66917;0.06
5193;1925.66917;0.04
5194;1925.298421;0.02
5194;1925.298421;0.01
5195;1924.927815;0.01
5196;1924.557352;0.01
5196;1924.557352;0.02
5197;1924.187031;0.02
5198;1923.816853;0.02
5198;1923.816853;0.02
5199;1923.446817;0
5200;1923.076923;-0.01
5200;1923.076923;-0.02
5201;1922.707172;-0.03
5202;1922.337562;-0.03
5202;1922.337562;-0.03
5203;1921.968095;-0.02
5204;1921.59877;-0.02
5204;1921.59877;-0.03
5205;1921.229587;-0.04
5206;1920.860546;-0.05
5206;1920.860546;-0.07
5207;1920.491646;-0.07
5208;1920.122888;-0.07
5208;1920.122888;-0.06
5209;1919.754271;-0.03
5209;1919.754271;0.01
5210;1919.385797;0.04
5211;1919.017463;0.07
5211;1919.017463;0.1
5212;1918.649271;0.11
5213;1918.28122;0.12
5213;1918.28122;0.11
5214;1917.91331;0.09
5215;1917.545542;0.06
5215;1917.545542;0.02
5216;1917.177914;-0.01
5217;1916.810427;-0.04
5217;1916.810427;-0.06
5218;1916.443082;-0.06
5219;1916.075877;-0.05
5219;1916.075877;-0.03
5220;1915.708812;0
5221;1915.341889;0.03
5221;1915.341889;0.06
5222;1914.975105;0.07
5223;1914.608463;0.08
5223;1914.608463;0.09
5224;1914.24196;0.08
5225;1913.875598;0.08
5225;1913.875598;0.07
5226;1913.509376;0.06
5227;1913.143294;0.05
5227;1913.143294;0.03
5228;1912.777353;0.02
5229;1912.411551;0.02
5229;1912.411551;0.02
5230;1912.045889;0.02
5230;1912.045889;0.04
5231;1911.680367;0.05
5232;1911.314985;0.06
5232;1911.314985;0.05
5233;1910.949742;0.04
5234;1910.584639;0.01
5234;1910.584639;-0.01
5235;1910.219675;-0.04
5236;1909.854851;-0.06
5236;1909.854851;-0.07
5237;1909.490166;-0.07
5238;1909.12562;-0.06
5238;1909.12562;-0.04
5239;1908.761214;-0.02
5240;1908.396947;0.01
5240;1908.396947;0.03
5241;1908.032818;0.05
5242;1907.668829;0.06
5242;1907.668829;0.07
5243;1907.304978;0.06
5244;1906.941266;0.06
5244;1906.941266;0.05
5245;1906.577693;0.04
5246;1906.214258;0.02
5246;1906.214258;0
5247;1905.850962;-0.02
5248;1905.487805;-0.04
5248;1905.487805;-0.06
5249;1905.124786;-0.08
5250;1904.761905;-0.1
5250;1904.761905;-0.1
5251;1904.399162;-0.11
5252;1904.036558;-0.1
5252;1904.036558;-0.09
5253;1903.674091;-0.09
5254;1903.311762;-0.08
5254;1903.311762;-0.08
5255;1902.949572;-0.08
5256;1902.587519;-0.09
5256;1902.587519;-0.1
5257;1902.225604;-0.1
5258;1901.863827;-0.1
5258;1901.863827;-0.1
5259;1901.502187;-0.09
5260;1901.140684;-0.09
5260;1901.140684;-0.1
5261;1900.77932;-0.1
5262;1900.418092;-0.11
5262;1900.418092;-0.12
5263;1900.057002;-0.12
5264;1899.696049;-0.11
5264;1899.696049;-0.1
5265;1899.335233;-0.08
5266;1898.974554;-0.06
5266;1898.974554;-0.04
5267;1898.614012;-0.02
5268;1898.253607;-0.01
5268;1898.253607;0
5269;1897.893338;0.01
5270;1897.533207;0.03
5270;1897.533207;0.04
5271;1897.173212;0.05
5272;1896.813354;0.07
5272;1896.813354;0.07
5273;1896.453632;0.08
5274;1896.094046;0.08
5274;1896.094046;0.07
5275;1895.734597;0.06
5276;1895.375284;0.04
5276;1895.375284;0.01
5277;1895.016108;-0.02
5278;1894.657067;-0.05
5278;1894.657067;-0.08
5279;1894.298163;-0.1
5280;1893.939394;-0.1
5280;1893.939394;-0.09
5281;1893.580761;-0.05
5282;1893.222264;0
5282;1893.222264;0.05
5283;1892.863903;0.11
5284;1892.505678;0.15
5284;1892.505678;0.18
5285;1892.147588;0.19
5286;1891.789633;0.19
5286;1891.789633;0.18
5287;1891.431814;0.17
5288;1891.07413;0.15
5289;1890.716582;0.14
5289;1890.716582;0.13
5290;1890.359168;0.12
5291;1890.00189;0.1
5291;1890.00189;0.08
5292;1889.644747;0.06
5293;1889.287739;0.03
5293;1889.287739;0
5294;1888.930865;-0.03
5295;1888.574127;-0.05
5295;1888.574127;-0.08
5296;1888.217523;-0.11
5297;1887.861053;-0.14
5297;1887.861053;-0.17
5298;1887.504719;-0.2
5299;1887.148519;-0.22
5299;1887.148519;-0.23
5300;1886.792453;-0.22
5301;1886.436521;-0.2
5301;1886.436521;-0.17
5302;1886.080724;-0.13
5303;1885.725061;-0.1
5303;1885.725061;-0.08
5304;1885.369532;-0.07
5305;1885.014138;-0.07
5305;1885.014138;-0.07
5306;1884.658877;-0.08
5307;1884.30375;-0.07
5307;1884.30375;-0.05
5308;1883.948757;-0.03
5309;1883.593897;0
5309;1883.593897;0.02
5310;1883.239171;0.03
5311;1882.884579;0.03
5312;1882.53012;0.02
5312;1882.53012;0
5313;1882.175795;-0.02
5314;1881.821603;-0.04
5314;1881.821603;-0.06
5315;1881.467545;-0.06
5316;1881.113619;-0.06
5316;1881.113619;-0.06
5317;1880.759827;-0.06
5318;1880.406168;-0.06
5318;1880.406168;-0.06
5319;1880.052641;-0.06
5320;1879.699248;-0.05
5320;1879.699248;-0.05
5321;1879.345988;-0.03
5322;1878.99286;-0.02
5322;1878.99286;-0.01
5323;1878.639865;0.01
5324;1878.287002;0.02
5324;1878.287002;0.03
5325;1877.934272;0.04
5326;1877.581675;0.04
5327;1877.22921;0.04
5327;1877.22921;0.04
5328;1876.876877;0.03
5329;1876.524676;0.02
5329;1876.524676;0.01
5330;1876.172608;-0.01
5331;1875.820672;-0.02
5331;1875.820672;-0.04
5332;1875.468867;-0.05
5333;1875.117195;-0.05
5333;1875.117195;-0.05
5334;1874.765654;-0.04
5335;1874.414246;-0.03
5335;1874.414246;-0.01
5336;1874.062969;0.01
5337;1873.711823;0.03
5338;1873.360809;0.04
5338;1873.360809;0.05
5339;1873.009927;0.06
5340;1872.659176;0.06
5340;1872.659176;0.07
5341;1872.308556;0.08
5342;1871.958068;0.09
5342;1871.958068;0.1
5343;1871.607711;0.11
5344;1871.257485;0.1
5344;1871.257485;0.09
5345;1870.90739;0.08
5346;1870.557426;0.06
5346;1870.557426;0.04
5347;1870.207593;0.03
5348;1869.857891;0.02
5349;1869.508319;0.02
5349;1869.508319;0.03
5350;1869.158879;0.04
5351;1868.809568;0.06
5351;1868.809568;0.07
5352;1868.460389;0.09
5353;1868.111339;0.1
5353;1868.111339;0.1
5354;1867.762421;0.1
5355;1867.413632;0.09
5355;1867.413632;0.08
5356;1867.064974;0.07
5357;1866.716446;0.06
5357;1866.716446;0.05
5358;1866.368048;0.05
5359;1866.01978;0.05
5360;1865.671642;0.05
5360;1865.671642;0.04
5361;1865.323634;0.02
5362;1864.975755;0.01
5362;1864.975755;-0.01
5363;1864.628007;-0.03
5364;1864.280388;-0.04
5364;1864.280388;-0.04
5365;1863.932898;-0.03
5366;1863.585539;-0.01
5366;1863.585539;0.02
5367;1863.238308;0.04
5368;1862.891207;0.06
5369;1862.544235;0.07
5369;1862.544235;0.07
5370;1862.197393;0.06
5371;1861.85068;0.03
5371;1861.85068;0
5372;1861.504095;-0.03
5373;1861.15764;-0.06
5373;1861.15764;-0.09
5374;1860.811314;-0.1
5375;1860.465116;-0.09
5376;1860.119048;-0.07
5376;1860.119048;-0.03
5377;1859.773108;0.01
5378;1859.427296;0.05
5378;1859.427296;0.09
5379;1859.081614;0.13
5380;1858.736059;0.15
5380;1858.736059;0.17
5381;1858.390634;0.17
5382;1858.045336;0.16
5383;1857.700167;0.15
5383;1857.700167;0.13
5384;1857.355126;0.11
5385;1857.010214;0.08
5385;1857.010214;0.06
5386;1856.665429;0.05
5387;1856.320772;0.04
5387;1856.320772;0.04
5388;1855.976244;0.04
5389;1855.631843;0.05
5390;1855.28757;0.05
5390;1855.28757;0.06
5391;1854.943424;0.06
5392;1854.599407;0.06
5392;1854.599407;0.05
5393;1854.255516;0.05
5394;1853.911754;0.04
5394;1853.911754;0.04
5395;1853.568119;0.05
5396;1853.224611;0.06
5397;1852.88123;0.07
5397;1852.88123;0.09
5398;1852.537977;0.1
5399;1852.194851;0.1
5399;1852.194851;0.09
5400;1851.851852;0.07
5401;1851.50898;0.03
5401;1851.50898;0
5402;1851.166235;-0.03
5403;1850.823617;-0.04
5404;1850.481125;-0.03
5404;1850.481125;-0.01
5405;1850.13876;0.03
5406;1849.796522;0.08
5406;1849.796522;0.12
5407;1849.454411;0.14
5408;1849.112426;0.15
5408;1849.112426;0.13
5409;1848.770568;0.1
5410;1848.428835;0.05
5411;1848.08723;0
5411;1848.08723;-0.05
5412;1847.74575;-0.09
5413;1847.404397;-0.11
5413;1847.404397;-0.1
5414;1847.06317;-0.09
5415;1846.722068;-0.06
5416;1846.381093;-0.02
5416;1846.381093;0.01
5417;1846.040244;0.03
5418;1845.69952;0.03
5418;1845.69952;0.02
5419;1845.358922;-0.01
5420;1845.01845;-0.04
5420;1845.01845;-0.08
5421;1844.678104;-0.12
5422;1844.337883;-0.15
5423;1843.997787;-0.17
5423;1843.997787;-0.17
5424;1843.657817;-0.15
5425;1843.317972;-0.11
5425;1843.317972;-0.07
5426;1842.978253;-0.01
5427;1842.638659;0.04
5428;1842.299189;0.09
5428;1842.299189;0.13
5429;1841.959845;0.15
5430;1841.620626;0.17
5430;1841.620626;0.17
5431;1841.281532;0.16
5432;1840.942563;0.14
5433;1840.603718;0.11
5433;1840.603718;0.09
5434;1840.264998;0.06
5435;1839.926403;0.04
5435;1839.926403;0.04
5436;1839.587932;0.05
5437;1839.249586;0.07
5438;1838.911364;0.1
5438;1838.911364;0.15
5439;1838.573267;0.2
5440;1838.235294;0.25
5440;1838.235294;0.29
5441;1837.897445;0.32
5442;1837.559721;0.33
5443;1837.22212;0.33
5443;1837.22212;0.3
5444;1836.884644;0.25
5445;1836.547291;0.19
5445;1836.547291;0.11
5446;1836.210062;0.03
5447;1835.872958;-0.04
5448;1835.535977;-0.09
5448;1835.535977;-0.12
5449;1835.199119;-0.12
5450;1834.862385;-0.09
5450;1834.862385;-0.05
5451;1834.525775;0.01
5452;1834.189288;0.06
5453;1833.852925;0.11
5453;1833.852925;0.15
5454;1833.516685;0.18
5455;1833.180568;0.2
5455;1833.180568;0.2
5456;1832.844575;0.19
5457;1832.508704;0.16
5458;1832.172957;0.13
5458;1832.172957;0.09
5459;1831.837333;0.05
5460;1831.501832;0.02
5460;1831.501832;-0.02
5461;1831.166453;-0.05
5462;1830.831197;-0.09
5463;1830.496064;-0.12
5463;1830.496064;-0.16
5464;1830.161054;-0.19
5465;1829.826167;-0.22
5465;1829.826167;-0.23
5466;1829.491401;-0.24
5467;1829.156759;-0.24
5468;1828.822238;-0.23
5468;1828.822238;-0.21
5469;1828.487841;-0.19
5470;1828.153565;-0.17
5471;1827.819411;-0.14
5471;1827.819411;-0.11
5472;1827.48538;-0.08
5473;1827.151471;-0.04
5473;1827.151471;-0.02
5474;1826.817684;-0.01
5475;1826.484018;-0.02
5476;1826.150475;-0.04
5476;1826.150475;-0.06
5477;1825.817053;-0.08
5478;1825.483753;-0.09
5478;1825.483753;-0.08
5479;1825.150575;-0.05
5480;1824.817518;-0.01
5481;1824.484583;0.03
5481;1824.484583;0.06
5482;1824.151769;0.09
5483;1823.819077;0.1
5484;1823.486506;0.09
5484;1823.486506;0.08
5485;1823.154057;0.07
5486;1822.821728;0.06
5486;1822.821728;0.06
5487;1822.489521;0.06
5488;1822.157434;0.06
5489;1821.825469;0.07
5489;1821.825469;0.07
5490;1821.493625;0.08
5491;1821.161901;0.08
5492;1820.830299;0.08
5492;1820.830299;0.06
5493;1820.498817;0.04
5494;1820.167455;0.03
5494;1820.167455;0.01
5495;1819.836215;0.01
5496;1819.505095;0.01
5497;1819.174095;0.03
5497;1819.174095;0.04
5498;1818.843216;0.04
5499;1818.512457;0.03
5500;1818.181818;0
5500;1818.181818;-0.04
5501;1817.8513;-0.08
5502;1817.520901;-0.11
5502;1817.520901;-0.14
5503;1817.190623;-0.15
5504;1816.860465;-0.14
5505;1816.530427;-0.12
5505;1816.530427;-0.09
5506;1816.200509;-0.06
5507;1815.87071;-0.03
5508;1815.541031;-0.01
5508;1815.541031;0.02
5509;1815.211472;0.04
5510;1814.882033;0.06
5511;1814.552713;0.07
5511;1814.552713;0.09
5512;1814.223512;0.11
5513;1813.894431;0.12
5513;1813.894431;0.13
5514;1813.56547;0.14
5515;1813.236627;0.13
5516;1812.907904;0.12
5516;1812.907904;0.1
5517;1812.5793;0.08
5518;1812.250816;0.06
5519;1811.92245;0.05
5519;1811.92245;0.05
5520;1811.594203;0.06
5521;1811.266075;0.08
5522;1810.938066;0.09
5522;1810.938066;0.1
5523;1810.610176;0.1
5524;1810.282404;0.1
5524;1810.282404;0.09
5525;1809.954751;0.09
5526;1809.627217;0.08
5527;1809.299801;0.08
5527;1809.299801;0.09
5528;1808.972504;0.09
5529;1808.645325;0.09
5530;1808.318264;0.08
5530;1808.318264;0.07
5531;1807.991322;0.06
5532;1807.664497;0.06
5533;1807.337791;0.06
5533;1807.337791;0.06
5534;1807.011203;0.08
5535;1806.684734;0.1
5536;1806.358382;0.12
5536;1806.358382;0.14
5537;1806.032147;0.16
5538;1805.706031;0.18
5538;1805.706031;0.19
5539;1805.380032;0.19
5540;1805.054152;0.18
5541;1804.728388;0.15
5541;1804.728388;0.11
5542;1804.402743;0.06
5543;1804.077215;0.01
5544;1803.751804;-0.04
5544;1803.751804;-0.07
5545;1803.42651;-0.08
5546;1803.101334;-0.08
5547;1802.776275;-0.07
5547;1802.776275;-0.06
5548;1802.451334;-0.05
5549;1802.126509;-0.04
5550;1801.801802;-0.03
5550;1801.801802;-0.02
5551;1801.477211;-0.01
5552;1801.152738;0.01
5553;1800.828381;0.04
5553;1800.828381;0.07
5554;1800.504141;0.1
5555;1800.180018;0.13
5556;1799.856012;0.15
5556;1799.856012;0.15
5557;1799.532122;0.14
5558;1799.208348;0.12
5558;1799.208348;0.08
5559;1798.884691;0.04
5560;1798.561151;0
5561;1798.237727;-0.03
5561;1798.237727;-0.05
5562;1797.914419;-0.06
5563;1797.591228;-0.06
5564;1797.268152;-0.06
5564;1797.268152;-0.06
5565;1796.945193;-0.06
5566;1796.62235;-0.06
5567;1796.299623;-0.07
5567;1796.299623;-0.09
5568;1795.977011;-0.1
5569;1795.654516;-0.1
5570;1795.332136;-0.09
5570;1795.332136;-0.08
5571;1795.009873;-0.05
5572;1794.687724;-0.02
5573;1794.365692;0.02
5573;1794.365692;0.04
5574;1794.043775;0.07
5575;1793.721973;0.08
5576;1793.400287;0.08
5576;1793.400287;0.07
5577;1793.078716;0.06
5578;1792.757261;0.06
5579;1792.43592;0.05
5579;1792.43592;0.06
5580;1792.114695;0.07
5581;1791.793585;0.08
5582;1791.47259;0.09
5582;1791.47259;0.09
5583;1791.151711;0.09
5584;1790.830946;0.08
5585;1790.510295;0.05
5585;1790.510295;0.02
5586;1790.18976;-0.02
5587;1789.86934;-0.07
5588;1789.549034;-0.12
5588;1789.549034;-0.16
5589;1789.228842;-0.18
5590;1788.908766;-0.18
5591;1788.588803;-0.17
5591;1788.588803;-0.14
5592;1788.268956;-0.1
5593;1787.949222;-0.06
5594;1787.629603;-0.02
5594;1787.629603;0
5595;1787.310098;0
5596;1786.990708;-0.02
5597;1786.671431;-0.05
5597;1786.671431;-0.08
5598;1786.352269;-0.12
5599;1786.03322;-0.15
5600;1785.714286;-0.17
5601;1785.395465;-0.18
5601;1785.395465;-0.18
5602;1785.076758;-0.16
5603;1784.758165;-0.14
5604;1784.439686;-0.11
5604;1784.439686;-0.08
5605;1784.12132;-0.06
5606;1783.803068;-0.06
5607;1783.48493;-0.06
5607;1783.48493;-0.06
5608;1783.166904;-0.07
5609;1782.848993;-0.07
5610;1782.531194;-0.07
5610;1782.531194;-0.05
5611;1782.213509;-0.03
5612;1781.895937;-0.01
5613;1781.578479;0.01
5613;1781.578479;0.02
5614;1781.261133;0.01
5615;1780.9439;0.01
5616;1780.626781;0
5616;1780.626781;0
5617;1780.309774;0
5618;1779.99288;0.02
5619;1779.676099;0.03
5619;1779.676099;0.04
5620;1779.359431;0.05
5621;1779.042875;0.05
5622;1778.726432;0.05
5623;1778.410101;0.04
5623;1778.410101;0.04
5624;1778.093883;0.03
5625;1777.777778;0.03
5626;1777.461785;0.03
5626;1777.461785;0.04
5627;1777.145904;0.05
5628;1776.830135;0.06
5629;1776.514479;0.08
5629;1776.514479;0.09
5630;1776.198934;0.11
5631;1775.883502;0.11
5632;1775.568182;0.11
5632;1775.568182;0.1
5633;1775.252974;0.07
5634;1774.937877;0.05
5635;1774.622893;0.02
5636;1774.30802;0
5636;1774.30802;-0.02
5637;1773.993259;-0.04
5638;1773.678609;-0.05
5639;1773.364072;-0.07
5639;1773.364072;-0.08
5640;1773.049645;-0.09
5641;1772.735331;-0.1
5642;1772.421127;-0.1
5642;1772.421127;-0.1
5643;1772.107035;-0.09
5644;1771.793055;-0.08
5645;1771.479185;-0.06
5645;1771.479185;-0.05
5646;1771.165427;-0.05
5647;1770.85178;-0.04
5648;1770.538244;-0.04
5649;1770.224819;-0.03
5649;1770.224819;-0.02
5650;1769.911504;-0.01
5651;1769.598301;0
5652;1769.285209;0
5652;1769.285209;0
5653;1768.972227;0
5654;1768.659356;-0.01
5655;1768.346596;-0.02
5655;1768.346596;-0.02
5656;1768.033946;-0.03
5657;1767.721407;-0.03
5658;1767.408978;-0.02
5659;1767.09666;-0.02
5659;1767.09666;-0.01
5660;1766.784452;0.01
5661;1766.472355;0.01
5662;1766.160367;0.02
5662;1766.160367;0.02
5663;1765.84849;0.02
5664;1765.536723;0.01
5665;1765.225066;0
5666;1764.913519;-0.01
5666;1764.913519;-0.02
5667;1764.602082;-0.02
5668;1764.290755;-0.02
5669;1763.979538;-0.01
5669;1763.979538;0.01
5670;1763.66843;0.02
5671;1763.357433;0.05
5672;1763.046544;0.07
5673;1762.735766;0.1
5673;1762.735766;0.12
5674;1762.425097;0.13
5675;1762.114537;0.13
5676;1761.804087;0.11
5676;1761.804087;0.08
5677;1761.493747;0.04
5678;1761.183515;0
5679;1760.873393;-0.05
5679;1760.873393;-0.09
5680;1760.56338;-0.11
5681;1760.253477;-0.13
5682;1759.943682;-0.13
5683;1759.633996;-0.13
5683;1759.633996;-0.11
5684;1759.324419;-0.1
5685;1759.014952;-0.08
5686;1758.705593;-0.05
5687;1758.396343;-0.03
5687;1758.396343;0
5688;1758.087201;0.02
5689;1757.778168;0.04
5690;1757.469244;0.06
5690;1757.469244;0.08
5691;1757.160429;0.09
5692;1756.851722;0.1
5693;1756.543123;0.1
5694;1756.234633;0.1
5694;1756.234633;0.08
5695;1755.926251;0.04
5696;1755.617978;0.01
5697;1755.309812;-0.03
5697;1755.309812;-0.06
5698;1755.001755;-0.08
5699;1754.693806;-0.08
5700;1754.385965;-0.07
5701;1754.078232;-0.06
5701;1754.078232;-0.05
5702;1753.770607;-0.05
5703;1753.46309;-0.05
5704;1753.15568;-0.05
5704;1753.15568;-0.04
5705;1752.848379;-0.03
5706;1752.541185;-0.01
5707;1752.234098;0.02
5708;1751.92712;0.05
5708;1751.92712;0.06
5709;1751.620249;0.07
5710;1751.313485;0.06
5711;1751.006829;0.04
5712;1750.70028;0.03
5712;1750.70028;0.01
5713;1750.393839;0.01
5714;1750.087504;0.01
5715;1749.781277;0.02
5715;1749.781277;0.02
5716;1749.475157;0.01
5717;1749.169145;-0.01
5718;1748.863239;-0.03
5719;1748.55744;-0.05
5719;1748.55744;-0.07
5720;1748.251748;-0.08
5721;1747.946163;-0.07
5722;1747.640685;-0.06
5723;1747.335314;-0.04
5723;1747.335314;-0.01
5724;1747.030049;0.01
5725;1746.724891;0.01
5726;1746.419839;0.01
5727;1746.114894;0
5727;1746.114894;-0.01
5728;1745.810056;-0.03
5729;1745.505324;-0.05
5730;1745.200698;-0.07
5730;1745.200698;-0.08
5731;1744.896179;-0.08
5732;1744.591766;-0.07
5733;1744.287459;-0.07
5734;1743.983258;-0.06
5734;1743.983258;-0.05
5735;1743.679163;-0.04
5736;1743.375174;-0.03
5737;1743.071292;-0.01
5738;1742.767515;0.02
5738;1742.767515;0.06
5739;1742.463844;0.09
5740;1742.160279;0.12
5741;1741.856819;0.14
5742;1741.553466;0.15
5742;1741.553466;0.13
5743;1741.250218;0.11
5744;1740.947075;0.07
5745;1740.644038;0.03
5746;1740.341107;-0.01
5746;1740.341107;-0.04
5747;1740.038281;-0.05
5748;1739.73556;-0.04
5749;1739.432945;-0.02
5750;1739.130435;0.01
5750;1739.130435;0.04
5751;1738.82803;0.08
5752;1738.52573;0.11
5753;1738.223536;0.13
5754;1737.921446;0.15
5754;1737.921446;0.15
5755;1737.619461;0.15
5756;1737.317582;0.14
5757;1737.015807;0.12
5758;1736.714137;0.1
5758;1736.714137;0.07
5759;1736.412572;0.05
5760;1736.111111;0.02
5761;1735.809755;0.01
5762;1735.508504;0
5762;1735.508504;-0.01
5763;1735.207357;0
5764;1734.906315;0
5765;1734.605377;0.02
5766;1734.304544;0.03
5766;1734.304544;0.04
5767;1734.003815;0.04
5768;1733.70319;0.04
5769;1733.402669;0.05
5770;1733.102253;0.05
5770;1733.102253;0.05
5771;1732.801941;0.04
5772;1732.501733;0.03
5773;1732.201628;0.01
5774;1731.901628;-0.02
5774;1731.901628;-0.05
5775;1731.601732;-0.09
5776;1731.301939;-0.11
5777;1731.00225;-0.13
5778;1730.702665;-0.13
5778;1730.702665;-0.11
5779;1730.403184;-0.1
5780;1730.103806;-0.08
5781;1729.804532;-0.07
5782;1729.505361;-0.07
5782;1729.505361;-0.08
5783;1729.206294;-0.09
5784;1728.907331;-0.09
5785;1728.60847;-0.1
5786;1728.309713;-0.09
5786;1728.309713;-0.08
5787;1728.011059;-0.06
5788;1727.712509;-0.05
5789;1727.414061;-0.04
5790;1727.115717;-0.03
5790;1727.115717;-0.03
5791;1726.817475;-0.04
5792;1726.519337;-0.05
5793;1726.221302;-0.06
5794;1725.923369;-0.06
5795;1725.625539;-0.06
5795;1725.625539;-0.05
5796;1725.327812;-0.04
5797;1725.030188;-0.02
5798;1724.732666;-0.01
5799;1724.435247;0
5799;1724.435247;0
5800;1724.137931;-0.01
5801;1723.840717;-0.03
5802;1723.543606;-0.06
5803;1723.246597;-0.09
5803;1723.246597;-0.12
5804;1722.94969;-0.14
5805;1722.652885;-0.13
5806;1722.356183;-0.12
5807;1722.059583;-0.08
5808;1721.763085;-0.05
5808;1721.763085;-0.02
5809;1721.46669;0.01
5810;1721.170396;0.01
5811;1720.874204;0
5812;1720.578114;-0.02
5812;1720.578114;-0.04
5813;1720.282126;-0.05
5814;1719.98624;-0.05
5815;1719.690456;-0.03
5816;1719.394773;0.01
5816;1719.394773;0.05
5817;1719.099192;0.11
5818;1718.803713;0.16
5819;1718.508335;0.2
5820;1718.213058;0.24
5821;1717.917884;0.25
5821;1717.917884;0.25
5822;1717.62281;0.23
5823;1717.327838;0.19
5824;1717.032967;0.14
5825;1716.738197;0.09
5825;1716.738197;0.03
5826;1716.443529;-0.02
5827;1716.148962;-0.06
5828;1715.854496;-0.1
5829;1715.56013;-0.13
5830;1715.265866;-0.15
5830;1715.265866;-0.16
5831;1714.971703;-0.16
5832;1714.677641;-0.15
5833;1714.383679;-0.13
5834;1714.089818;-0.1
5834;1714.089818;-0.07
5835;1713.796058;-0.03
5836;1713.502399;0
5837;1713.20884;0.02
5838;1712.915382;0.03
5839;1712.622024;0.03
5839;1712.622024;0.01
5840;1712.328767;-0.02
5841;1712.03561;-0.05
5842;1711.742554;-0.08
5843;1711.449598;-0.1
5844;1711.156742;-0.11
5844;1711.156742;-0.11
5845;1710.863986;-0.1
5846;1710.571331;-0.1
5847;1710.278775;-0.09
5848;1709.98632;-0.09
5848;1709.98632;-0.08
5849;1709.693965;-0.07
5850;1709.401709;-0.06
5851;1709.109554;-0.04
5852;1708.817498;-0.02
5853;1708.525542;-0.01
5853;1708.525542;0
5854;1708.233686;0
5855;1707.94193;-0.02
5856;1707.650273;-0.03
5857;1707.358716;-0.05
5858;1707.067258;-0.06
5858;1707.067258;-0.06
5859;1706.7759;-0.05
5860;1706.484642;-0.03
5861;1706.193482;-0.01
5862;1705.902422;0
5862;1705.902422;0.01
5863;1705.611462;0
5864;1705.3206;-0.02
5865;1705.029838;-0.03
5866;1704.739175;-0.05
5867;1704.448611;-0.07
5867;1704.448611;-0.07
5868;1704.158146;-0.08
5869;1703.86778;-0.07
5870;1703.577513;-0.07
5871;1703.287345;-0.06
5872;1702.997275;-0.04
5872;1702.997275;-0.03
5873;1702.707305;-0.01
5874;1702.417433;0.02
5875;1702.12766;0.05
5876;1701.837985;0.07
5877;1701.548409;0.09
5877;1701.548409;0.1
5878;1701.258932;0.1
5879;1700.969553;0.1
5880;1700.680272;0.08
5881;1700.39109;0.06
5882;1700.102006;0.03
5882;1700.102006;0
5883;1699.813021;-0.02
5884;1699.524133;-0.04
5885;1699.235344;-0.04
5886;1698.946653;-0.04
5887;1698.65806;-0.03
5887;1698.65806;-0.01
5888;1698.369565;0.02
5889;1698.081168;0.05
5890;1697.792869;0.08
5891;1697.504668;0.1
5892;1697.216565;0.1
5892;1697.216565;0.1
5893;1696.928559;0.09
5894;1696.640652;0.07
5895;1696.352841;0.05
5896;1696.065129;0.03
5897;1695.777514;0.01
5898;1695.489997;-0.01
5898;1695.489997;-0.03
5899;1695.202577;-0.04
5900;1694.915254;-0.05
5901;1694.628029;-0.06
5902;1694.340901;-0.06
5903;1694.053871;-0.04
5903;1694.053871;-0.02
5904;1693.766938;0.01
5905;1693.480102;0.04
5906;1693.193363;0.06
5907;1692.906721;0.07
5908;1692.620176;0.06
5908;1692.620176;0.03
5909;1692.333728;-0.01
5910;1692.047377;-0.05
5911;1691.761123;-0.09
5912;1691.474966;-0.1
5913;1691.188906;-0.1
5913;1691.188906;-0.08
5914;1690.902942;-0.05
5915;1690.617075;-0.02
5916;1690.331305;0.01
5917;1690.045631;0.02
5918;1689.760054;0.02
5919;1689.474573;0.02
5919;1689.474573;0.01
5920;1689.189189;0
5921;1688.903901;0
5922;1688.61871;0
5923;1688.333615;0
5924;1688.048616;0
5924;1688.048616;0
5925;1687.763713;0
5926;1687.478907;0
5927;1687.194196;0.01
5928;1686.909582;0.02
5929;1686.625063;0.03
5930;1686.340641;0.05
5930;1686.340641;0.06
5931;1686.056314;0.06
5932;1685.772084;0.06
5933;1685.487949;0.07
5934;1685.20391;0.07
5935;1684.919966;0.09
5935;1684.919966;0.1
5936;1684.636119;0.12
5937;1684.352367;0.12
5938;1684.06871;0.12
5939;1683.785149;0.09
5940;1683.501684;0.06
5941;1683.218313;0.03
5941;1683.218313;-0.01
5942;1682.935039;-0.03
5943;1682.651859;-0.05
5944;1682.368775;-0.05
5945;1682.085786;-0.06
5946;1681.802893;-0.06
5947;1681.520094;-0.08
5947;1681.520094;-0.1
5948;1681.237391;-0.13
5949;1680.954782;-0.17
5950;1680.672269;-0.2
5951;1680.38985;-0.22
5952;1680.107527;-0.22
5953;1679.825298;-0.21
5953;1679.825298;-0.18
5954;1679.543164;-0.13
5955;1679.261125;-0.08
5956;1678.979181;-0.03
5957;1678.697331;0.02
5958;1678.415576;0.05
5958;1678.415576;0.06
5959;1678.133915;0.06
5960;1677.852349;0.04
5961;1677.570877;0
5962;1677.2895;-0.05
5963;1677.008217;-0.1
5964;1676.727029;-0.15
5964;1676.727029;-0.18
5965;1676.445935;-0.2
5966;1676.164935;-0.2
5967;1675.884029;-0.19
5968;1675.603217;-0.16
5969;1675.3225;-0.13
5970;1675.041876;-0.11
5971;1674.761347;-0.09
5971;1674.761347;-0.09
5972;1674.480911;-0.09
5973;1674.200569;-0.08
5974;1673.920321;-0.07
5975;1673.640167;-0.06
5976;1673.360107;-0.04
5977;1673.080141;-0.02
5977;1673.080141;-0.01
5978;1672.800268;-0.01
5979;1672.520488;-0.03
5980;1672.240803;-0.05
5981;1671.96121;-0.07
5982;1671.681712;-0.09
5983;1671.402307;-0.1
5983;1671.402307;-0.1
5984;1671.122995;-0.09
5985;1670.843776;-0.07
5986;1670.564651;-0.04
5987;1670.285619;-0.02
5988;1670.00668;-0.01
5989;1669.727834;0
5989;1669.727834;0
5990;1669.449082;-0.02
5991;1669.170422;-0.04
5992;1668.891856;-0.06
5993;1668.613382;-0.08
5994;1668.335002;-0.08
5995;1668.056714;-0.07
5996;1667.778519;-0.06
5996;1667.778519;-0.03
5997;1667.500417;-0.02
5998;1667.222407;0
5999;1666.944491;0
6000;1666.666667;-0.01
6001;1666.388935;-0.03
6002;1666.111296;-0.05
6002;1666.111296;-0.07
6003;1665.83375;-0.1
6004;1665.556296;-0.12
6005;1665.278934;-0.15
6006;1665.001665;-0.18
6007;1664.724488;-0.21
6008;1664.447403;-0.22
6009;1664.170411;-0.23
6009;1664.170411;-0.21
6010;1663.893511;-0.18
6011;1663.616703;-0.13
6012;1663.339987;-0.07
6013;1663.063363;-0.01
6014;1662.786831;0.03
6015;1662.510391;0.07
6016;1662.234043;0.09
6016;1662.234043;0.1
6017;1661.957786;0.1
6018;1661.681622;0.1
6019;1661.405549;0.09
6020;1661.129568;0.08
6021;1660.853679;0.07
6022;1660.577881;0.06
6023;1660.302175;0.05
6023;1660.302175;0.05
6024;1660.02656;0.04
6025;1659.751037;0.05
6026;1659.475606;0.06
6027;1659.200265;0.07
6028;1658.925017;0.08
6029;1658.649859;0.1
6030;1658.374793;0.11
6030;1658.374793;0.13
6031;1658.099818;0.13
6032;1657.824934;0.13
6033;1657.550141;0.13
6034;1657.275439;0.11
6035;1657.000829;0.08
6036;1656.726309;0.04
6037;1656.45188;0.01
6037;1656.45188;-0.02
6038;1656.177542;-0.03
6039;1655.903295;-0.04
6040;1655.629139;-0.03
6041;1655.355074;-0.01
6042;1655.081099;0
6043;1654.807215;0.01
6044;1654.533422;0.02
6044;1654.533422;0.02
6045;1654.259719;0.02
6046;1653.986107;0.02
6047;1653.712585;0.02
6048;1653.439153;0.02
6049;1653.165813;0.03
6050;1652.892562;0.05
6051;1652.619402;0.08
6052;1652.346332;0.11
6052;1652.346332;0.14
6053;1652.073352;0.16
6054;1651.800463;0.18
6055;1651.527663;0.18
6056;1651.254954;0.16
6057;1650.982334;0.14
6058;1650.709805;0.11
6059;1650.437366;0.08
6059;1650.437366;0.05
6060;1650.165017;0.03
6061;1649.892757;0.01
6062;1649.620587;-0.01
6063;1649.348507;-0.03
6064;1649.076517;-0.04
6065;1648.804617;-0.06
6066;1648.532806;-0.07
6067;1648.261085;-0.07
6067;1648.261085;-0.05
6068;1647.989453;-0.02
6069;1647.717911;0.02
6070;1647.446458;0.06
6071;1647.175095;0.1
6072;1646.903821;0.13
6073;1646.632636;0.14
6074;1646.361541;0.14
6075;1646.090535;0.13
6075;1646.090535;0.1
6076;1645.819618;0.08
6077;1645.548791;0.06
6078;1645.278052;0.05
6079;1645.007403;0.04
6080;1644.736842;0.03
6081;1644.466371;0.03
6082;1644.195988;0.02
6083;1643.925695;0
6083;1643.925695;-0.02
6084;1643.65549;-0.05
6085;1643.385374;-0.08
6086;1643.115347;-0.09
6087;1642.845408;-0.09
6088;1642.575558;-0.07
6089;1642.305797;-0.04
6090;1642.036125;0
6091;1641.766541;0.04
6091;1641.766541;0.07
6092;1641.497045;0.1
6093;1641.227638;0.12
6094;1640.95832;0.12
6095;1640.689089;0.11
6096;1640.419948;0.1
6097;1640.150894;0.09
6098;1639.881929;0.07
6099;1639.613051;0.06
6100;1639.344262;0.05
6100;1639.344262;0.05
6101;1639.075561;0.05
6102;1638.806949;0.06
6103;1638.538424;0.07
6104;1638.269987;0.07
6105;1638.001638;0.07
6106;1637.733377;0.06
6107;1637.465204;0.05
6108;1637.197119;0.05
6109;1636.929121;0.05
6109;1636.929121;0.05
6110;1636.661211;0.07
6111;1636.393389;0.09
6112;1636.125654;0.11
6113;1635.858008;0.12
6114;1635.590448;0.12
6115;1635.322976;0.11
6116;1635.055592;0.1
6117;1634.788295;0.08
6118;1634.521085;0.07
6118;1634.521085;0.07
6119;1634.253963;0.08
6120;1633.986928;0.1
6121;1633.71998;0.13
6122;1633.45312;0.15
6123;1633.186347;0.17
6124;1632.91966;0.19
6125;1632.653061;0.19
6126;1632.386549;0.18
6127;1632.120124;0.16
6127;1632.120124;0.12
6128;1631.853786;0.09
6129;1631.587535;0.06
6130;1631.32137;0.03
6131;1631.055293;0.01
6132;1630.789302;-0.01
6133;1630.523398;-0.02
6134;1630.257581;-0.04
6135;1629.99185;-0.06
6136;1629.726206;-0.08
6137;1629.460649;-0.1
6137;1629.460649;-0.11
6138;1629.195178;-0.1
6139;1628.929793;-0.08
6140;1628.664495;-0.04
6141;1628.399284;0
6142;1628.134158;0.02
6143;1627.869119;0.04
6144;1627.604167;0.04
6145;1627.3393;0.02
6146;1627.07452;-0.01
6147;1626.809826;-0.03
6147;1626.809826;-0.06
6148;1626.545218;-0.07
6149;1626.280696;-0.08
6150;1626.01626;-0.08
6151;1625.75191;-0.06
6152;1625.487646;-0.04
6153;1625.223468;-0.01
6154;1624.959376;0.02
6155;1624.69537;0.05
6156;1624.431449;0.08
6157;1624.167614;0.1
6157;1624.167614;0.11
6158;1623.903865;0.1
6159;1623.640201;0.07
6160;1623.376623;0.04
6161;1623.113131;0
6162;1622.849724;-0.04
6163;1622.586403;-0.06
6164;1622.323167;-0.07
6165;1622.060016;-0.08
6166;1621.796951;-0.07
6167;1621.533971;-0.05
6168;1621.271077;-0.03
6168;1621.271077;-0.01
6169;1621.008267;0
6170;1620.745543;0.01
6171;1620.482904;0
6172;1620.22035;-0.01
6173;1619.957881;-0.03
6174;1619.695497;-0.05
6175;1619.433198;-0.06
6176;1619.170984;-0.07
6177;1618.908855;-0.06
6178;1618.646811;-0.05
6179;1618.384852;-0.05
6180;1618.122977;-0.05
6180;1618.122977;-0.06
6181;1617.861188;-0.09
6182;1617.599482;-0.12
6183;1617.337862;-0.15
6184;1617.076326;-0.19
6185;1616.814875;-0.2
6186;1616.553508;-0.21
6187;1616.292226;-0.19
6188;1616.031028;-0.16
6189;1615.769914;-0.12
6190;1615.508885;-0.08
6191;1615.247941;-0.04
6192;1614.98708;0
6192;1614.98708;0.02
6193;1614.726304;0.03
6194;1614.465612;0.03
6195;1614.205004;0.01
6196;1613.94448;-0.01
6197;1613.684041;-0.03
6198;1613.423685;-0.04
6199;1613.163413;-0.05
6200;1612.903226;-0.06
6201;1612.643122;-0.06
6202;1612.383102;-0.06
6203;1612.123166;-0.05
6204;1611.863314;-0.05
6204;1611.863314;-0.04
6205;1611.603546;-0.03
6206;1611.343861;-0.01
6207;1611.08426;0.01
6208;1610.824742;0.05
6209;1610.565308;0.09
6210;1610.305958;0.13
6211;1610.046691;0.17
6212;1609.787508;0.2
6213;1609.528408;0.22
6214;1609.269392;0.22
6215;1609.010459;0.2
6216;1608.751609;0.16
6217;1608.492842;0.1
6217;1608.492842;0.03
6218;1608.234159;-0.04
6219;1607.975559;-0.1
6220;1607.717042;-0.13
6221;1607.458608;-0.13
6222;1607.200257;-0.1
6223;1606.941989;-0.05
6224;1606.683805;0.02
6225;1606.425703;0.09
6226;1606.167684;0.15
6227;1605.909748;0.2
6228;1605.651895;0.23
6229;1605.394124;0.24
6230;1605.136437;0.23
6231;1604.878832;0.21
6231;1604.878832;0.19
6232;1604.621309;0.17
6233;1604.36387;0.16
6234;1604.106513;0.16
6235;1603.849238;0.17
6236;1603.592046;0.18
6237;1603.334937;0.2
6238;1603.07791;0.2
6239;1602.820965;0.2
6240;1602.564103;0.18
6241;1602.307323;0.15
6242;1602.050625;0.12
6243;1601.794009;0.09
6244;1601.537476;0.06
6245;1601.281025;0.04
6246;1601.024656;0.03
6247;1600.768369;0.03
6247;1600.768369;0.03
6248;1600.512164;0.03
6249;1600.256041;0.03
6250;1600;0.03
6251;1599.744041;0.03
6252;1599.488164;0.02
6253;1599.232368;0
6254;1598.976655;-0.01
6255;1598.721023;-0.02
6256;1598.465473;-0.03
6257;1598.210005;-0.02
6258;1597.954618;0
6259;1597.699313;0.03
6260;1597.444089;0.07
6261;1597.188947;0.11
6262;1596.933887;0.14
6263;1596.678908;0.16
6263;1596.678908;0.17
6264;1596.42401;0.16
6265;1596.169194;0.15
6266;1595.914459;0.15
6267;1595.659805;0.15
6268;1595.405233;0.16
6269;1595.150742;0.18
6270;1594.896332;0.2
6271;1594.642003;0.21
6272;1594.387755;0.22
6273;1594.133588;0.21
6274;1593.879503;0.18
6275;1593.625498;0.15
6276;1593.371574;0.12
6277;1593.117731;0.09
6278;1592.863969;0.07
6279;1592.610288;0.05
6280;1592.356688;0.03
6281;1592.103168;0.01
6282;1591.849729;-0.01
6282;1591.849729;-0.04
6283;1591.596371;-0.07
6284;1591.343094;-0.1
6285;1591.089897;-0.11
6286;1590.83678;-0.12
6287;1590.583744;-0.12
6288;1590.330789;-0.11
6289;1590.077914;-0.09
6290;1589.825119;-0.07
6291;1589.572405;-0.05
6292;1589.319771;-0.03
6293;1589.067218;0
6294;1588.814744;0.03
6295;1588.562351;0.05
6296;1588.310038;0.07
6297;1588.057805;0.07
6298;1587.805653;0.06
6299;1587.55358;0.04
6300;1587.301587;0.01
6301;1587.049675;-0.02
6302;1586.797842;-0.04
6302;1586.797842;-0.05
6303;1586.546089;-0.05
6304;1586.294416;-0.05
6305;1586.042823;-0.03
6306;1585.79131;-0.02
6307;1585.539876;-0.01
6308;1585.288523;0
6309;1585.037248;0.01
6310;1584.786054;0.02
6311;1584.534939;0.03
6312;1584.283904;0.04
6313;1584.032948;0.04
6314;1583.782072;0.04
6315;1583.531275;0.03
6316;1583.280557;0.03
6317;1583.029919;0.02
6318;1582.779361;0.03
6319;1582.528881;0.04
6320;1582.278481;0.05
6321;1582.02816;0.06
6322;1581.777918;0.07
6323;1581.527756;0.08
6324;1581.277672;0.09
6325;1581.027668;0.1
6326;1580.777743;0.12
6327;1580.527896;0.14
6327;1580.527896;0.17
6328;1580.278129;0.19
6329;1580.028441;0.2
6330;1579.778831;0.19
6331;1579.5293;0.17
6332;1579.279848;0.13
6333;1579.030475;0.08
6334;1578.781181;0.04
6335;1578.531965;0.01
6336;1578.282828;-0.01
6337;1578.03377;-0.03
6338;1577.78479;-0.03
6339;1577.535889;-0.04
6340;1577.287066;-0.06
6341;1577.038322;-0.08
6342;1576.789656;-0.11
6343;1576.541069;-0.15
6344;1576.29256;-0.17
6345;1576.044129;-0.19
6346;1575.795777;-0.2
6347;1575.547503;-0.18
6348;1575.299307;-0.16
6349;1575.051189;-0.13
6350;1574.80315;-0.09
6351;1574.555188;-0.06
6352;1574.307305;-0.03
6353;1574.059499;-0.01
6354;1573.811772;-0.01
6355;1573.564123;-0.02
6356;1573.316551;-0.04
6357;1573.069058;-0.06
6358;1572.821642;-0.08
6359;1572.574304;-0.08
6360;1572.327044;-0.08
6360;1572.327044;-0.06
6361;1572.079862;-0.03
6362;1571.832757;0
6363;1571.58573;0.02
6364;1571.338781;0.03
6365;1571.091909;0.01
6366;1570.845115;-0.02
6367;1570.598398;-0.07
6368;1570.351759;-0.11
6369;1570.105197;-0.13
6370;1569.858713;-0.13
6371;1569.612306;-0.11
6372;1569.365976;-0.07
6373;1569.119724;-0.01
6374;1568.873549;0.04
6375;1568.627451;0.09
6376;1568.38143;0.12
6377;1568.135487;0.15
6378;1567.889621;0.16
6379;1567.643831;0.18
6380;1567.398119;0.2
6381;1567.152484;0.23
6382;1566.906926;0.25
6383;1566.661444;0.27
6384;1566.41604;0.27
6385;1566.170713;0.26
6386;1565.925462;0.24
6387;1565.680288;0.21
6388;1565.435191;0.17
6389;1565.190171;0.15
6390;1564.945227;0.13
6391;1564.70036;0.12
6392;1564.455569;0.13
6393;1564.210856;0.15
6394;1563.966218;0.17
6395;1563.721658;0.19
6396;1563.477173;0.21
6397;1563.232765;0.21
6398;1562.988434;0.21
6399;1562.744179;0.18
6400;1562.5;0.15
6401;1562.255898;0.11
6402;1562.011871;0.08
6403;1561.767921;0.06
6404;1561.524047;0.05
6405;1561.28025;0.06
6406;1561.036528;0.07
6407;1560.792883;0.09
6408;1560.549313;0.1
6409;1560.30582;0.1
6410;1560.062402;0.09
6411;1559.819061;0.08
6412;1559.575795;0.08
6413;1559.332606;0.09
6414;1559.089492;0.12
6415;1558.846454;0.15
6416;1558.603491;0.18
6417;1558.360605;0.19
6418;1558.117794;0.17
6419;1557.875058;0.13
6420;1557.632399;0.07
6421;1557.389815;0.01
6422;1557.147306;-0.05
6423;1556.904873;-0.09
6424;1556.662516;-0.12
6425;1556.420233;-0.13
6426;1556.178027;-0.14
6426;1556.178027;-0.14
6427;1555.935895;-0.13
6428;1555.693839;-0.11
6429;1555.451859;-0.08
6430;1555.209953;-0.04
6431;1554.968123;0.01
6432;1554.726368;0.06
6433;1554.484688;0.12
6434;1554.243084;0.16
6435;1554.001554;0.2
6436;1553.760099;0.22
6437;1553.51872;0.23
6438;1553.277415;0.22
6439;1553.036186;0.22
6440;1552.795031;0.21
6441;1552.553951;0.19
6442;1552.312946;0.19
6443;1552.072016;0.18
6444;1551.831161;0.17
6445;1551.59038;0.17
6446;1551.349674;0.16
6447;1551.109043;0.14
6448;1550.868486;0.12
6449;1550.628004;0.09
6450;1550.387597;0.06
6451;1550.147264;0.03
6452;1549.907006;0.01
6453;1549.666822;0.01
6454;1549.426712;0.01
6456;1548.946716;0.03
6457;1548.70683;0.05
6458;1548.467018;0.09
6459;1548.22728;0.12
6460;1547.987616;0.15
6461;1547.748027;0.17
6462;1547.508511;0.19
6463;1547.26907;0.18
6464;1547.029703;0.16
6465;1546.79041;0.13
6466;1546.551191;0.08
6467;1546.312046;0.04
6468;1546.072975;0
6469;1545.833977;-0.02
6470;1545.595054;-0.02
6471;1545.356205;0
6472;1545.117429;0.04
6473;1544.878727;0.08
6474;1544.640099;0.11
6475;1544.401544;0.13
6476;1544.163064;0.14
6477;1543.924656;0.13
6478;1543.686323;0.11
6479;1543.448063;0.09
6480;1543.209877;0.08
6481;1542.971764;0.07
6482;1542.733724;0.07
6483;1542.495758;0.06
6484;1542.257866;0.05
6485;1542.020046;0.03
6486;1541.7823;0.01
6487;1541.544628;-0.01
6488;1541.307028;-0.03
6489;1541.069502;-0.04
6490;1540.832049;-0.05
6491;1540.59467;-0.05
6492;1540.357363;-0.04
6493;1540.120129;-0.03
6494;1539.882969;-0.02
6495;1539.645881;-0.01
6496;1539.408867;0
6497;1539.171926;-0.01
6498;1538.935057;-0.03
6499;1538.698261;-0.05
6500;1538.461538;-0.07
6501;1538.224888;-0.09
6502;1537.988311;-0.1
6503;1537.751807;-0.1
6504;1537.515375;-0.08
6505;1537.279016;-0.05
6506;1537.04273;-0.03
6507;1536.806516;0
6508;1536.570375;0
6509;1536.334306;-0.01
6510;1536.09831;-0.03
6511;1535.862387;-0.06
6512;1535.626536;-0.09
6513;1535.390757;-0.11
6514;1535.155051;-0.11
6515;1534.919417;-0.1
6516;1534.683855;-0.06
6517;1534.448366;-0.03
6518;1534.212949;0
6519;1533.977604;0.01
6520;1533.742331;0.01
6521;1533.507131;-0.01
6522;1533.272002;-0.03
6524;1532.801962;-0.04
6525;1532.56705;-0.05
6526;1532.33221;-0.04
6527;1532.097441;-0.01
6528;1531.862745;0.02
6529;1531.628121;0.06
6530;1531.393568;0.09
6531;1531.159087;0.11
6532;1530.924679;0.13
6533;1530.690341;0.14
6534;1530.456076;0.14
6535;1530.221882;0.13
6536;1529.98776;0.11
6537;1529.75371;0.08
6538;1529.519731;0.04
6539;1529.285824;0
6540;1529.051988;-0.04
6541;1528.818224;-0.07
6542;1528.584531;-0.1
6543;1528.350909;-0.12
6544;1528.117359;-0.14
6545;1527.883881;-0.14
6546;1527.650474;-0.15
6547;1527.417138;-0.15
6548;1527.183873;-0.15
6549;1526.950679;-0.13
6550;1526.717557;-0.11
6551;1526.484506;-0.08
6552;1526.251526;-0.05
6553;1526.018617;-0.01
6554;1525.78578;0.02
6555;1525.553013;0.05
6557;1525.087693;0.06
6558;1524.855139;0.06
6559;1524.622656;0.05
6560;1524.390244;0.04
6561;1524.157903;0.03
6562;1523.925632;0.02
6563;1523.693433;0.02
6564;1523.461304;0.02
6565;1523.229246;0.02
6566;1522.997259;0.03
6567;1522.765342;0.03
6568;1522.533496;0.03
6569;1522.30172;0.04
6570;1522.070015;0.05
6571;1521.838381;0.07
6572;1521.606817;0.08
6573;1521.375323;0.1
6574;1521.1439;0.12
6575;1520.912548;0.14
6576;1520.681265;0.16
6577;1520.450053;0.16
6578;1520.218912;0.15
6579;1519.98784;0.12
6580;1519.756839;0.08
6581;1519.525908;0.02
6583;1519.064256;-0.05
6584;1518.833536;-0.12
6585;1518.602885;-0.18
6586;1518.372305;-0.22
6587;1518.141794;-0.23
6588;1517.911354;-0.23
6589;1517.680983;-0.21
6590;1517.450683;-0.18
6591;1517.220452;-0.14
6592;1516.990291;-0.1
6593;1516.7602;-0.06
6594;1516.530179;-0.02
6595;1516.300227;0.01
6596;1516.070346;0.05
6597;1515.840534;0.09
6598;1515.610791;0.12
6599;1515.381118;0.15
6600;1515.151515;0.18
6601;1514.921982;0.2
6602;1514.692517;0.22
6603;1514.463123;0.23
6605;1514.004542;0.23
6606;1513.775356;0.22
6607;1513.546239;0.21
6608;1513.317191;0.19
6609;1513.088213;0.17
6610;1512.859304;0.15
6611;1512.630464;0.15
6612;1512.401694;0.15
6613;1512.172993;0.15
6614;1511.94436;0.15
6615;1511.715797;0.15
6616;1511.487304;0.14
6617;1511.258879;0.13
6618;1511.030523;0.12
6619;1510.802236;0.11
6620;1510.574018;0.1
6621;1510.345869;0.1
6622;1510.117789;0.11
6624;1509.661836;0.11
6625;1509.433962;0.11
6626;1509.206158;0.1
6627;1508.978422;0.09
6628;1508.750754;0.07
6629;1508.523156;0.05
6630;1508.295626;0.04
6631;1508.068165;0.04
6632;1507.840772;0.03
6633;1507.613448;0.03
6634;1507.386192;0.01
6635;1507.159005;-0.02
6636;1506.931887;-0.05
6637;1506.704837;-0.08
6638;1506.477855;-0.1
6639;1506.250941;-0.1
6640;1506.024096;-0.08
6642;1505.570611;-0.06
6643;1505.343971;-0.02
6644;1505.117399;0.01
6645;1504.890895;0.05
6646;1504.66446;0.07
6647;1504.438092;0.09
6648;1504.211793;0.09
6649;1503.985562;0.1
6650;1503.759398;0.09
6651;1503.533303;0.08
6652;1503.307276;0.06
6653;1503.081317;0.05
6654;1502.855425;0.04
6655;1502.629602;0.03
6656;1502.403846;0.04
6658;1501.952538;0.05
6659;1501.726986;0.06
6660;1501.501502;0.06
6661;1501.276085;0.06
6662;1501.050736;0.04
6663;1500.825454;0
6664;1500.60024;-0.04
6665;1500.375094;-0.09
6666;1500.150015;-0.12
6667;1499.925004;-0.14
6668;1499.70006;-0.13
6669;1499.475184;-0.08
6670;1499.250375;-0.02
6671;1499.025633;0.06
6673;1498.576352;0.15
6674;1498.351813;0.23
6675;1498.127341;0.28
6676;1497.902936;0.31
6677;1497.678598;0.3
6678;1497.454328;0.28
6679;1497.230124;0.24
6680;1497.005988;0.19
6681;1496.781919;0.16
6682;1496.557917;0.14
6683;1496.333982;0.14
6684;1496.110114;0.15
6685;1495.886313;0.16
6686;1495.662579;0.17
6688;1495.215311;0.16
6689;1494.991778;0.14
6690;1494.768311;0.1
6691;1494.544911;0.05
6692;1494.321578;0.01
6693;1494.098312;-0.03
6694;1493.875112;-0.04
6695;1493.651979;-0.04
6696;1493.428913;-0.01
6697;1493.205913;0.04
6698;1492.98298;0.1
6699;1492.760113;0.15
6701;1492.31458;0.2
6702;1492.091913;0.22
6703;1491.869312;0.22
6704;1491.646778;0.2
6705;1491.42431;0.17
6706;1491.201909;0.13
6707;1490.979574;0.09
6708;1490.757305;0.07
6709;1490.535102;0.06
6710;1490.312966;0.06
6711;1490.090896;0.06
6712;1489.868892;0.06
6714;1489.425082;0.05
6715;1489.203276;0.04
6716;1488.981537;0.01
6717;1488.759863;-0.01
6718;1488.538255;-0.02
6719;1488.316714;-0.03
6720;1488.095238;-0.04
6721;1487.873828;-0.04
6722;1487.652484;-0.04
6723;1487.431206;-0.04
6724;1487.209994;-0.04
6726;1486.767767;-0.03
6727;1486.546752;0
6728;1486.325803;0.04
6729;1486.104919;0.09
6730;1485.884101;0.14
6731;1485.663349;0.2
6732;1485.442662;0.24
6733;1485.222041;0.27
6734;1485.001485;0.29
6735;1484.780995;0.3
6736;1484.56057;0.3
6738;1484.119917;0.29
6739;1483.899688;0.29
6740;1483.679525;0.28
6741;1483.459427;0.27
6742;1483.239395;0.26
6743;1483.019428;0.24
6744;1482.799526;0.23
6745;1482.579689;0.21
6746;1482.359917;0.19
6747;1482.14021;0.16
6749;1481.700993;0.13
6750;1481.481481;0.09
6751;1481.262035;0.05
6752;1481.042654;0.02
6753;1480.823338;-0.01
6754;1480.604086;-0.02
6755;1480.3849;-0.02
6756;1480.165779;-0.01
6757;1479.946722;0
6758;1479.72773;0.01
6760;1479.289941;0.02
6761;1479.071143;0.02
6762;1478.852411;0.02
6763;1478.633742;0.01
6764;1478.415139;0.01
6765;1478.1966;0.02
6766;1477.978126;0.03
6767;1477.759716;0.05
6768;1477.541371;0.07
6769;1477.323091;0.08
6771;1476.886723;0.1
6772;1476.668636;0.11
6773;1476.450613;0.13
6774;1476.232654;0.14
6775;1476.01476;0.15
6776;1475.79693;0.16
6777;1475.579165;0.17
6778;1475.361464;0.18
6779;1475.143827;0.17
6780;1474.926254;0.16
6782;1474.491301;0.15
6783;1474.27392;0.12
6784;1474.056604;0.1
6785;1473.839352;0.08
6786;1473.622163;0.06
6787;1473.405039;0.04
6788;1473.187979;0.03
6789;1472.970982;0.03
6790;1472.75405;0.03
6792;1472.320377;0.02
6793;1472.103636;0.02
6794;1471.886959;0.02
6795;1471.670346;0.01
6796;1471.453796;0
6797;1471.237311;-0.01
6798;1471.020888;-0.03
6799;1470.80453;-0.05
6801;1470.372004;-0.07
6802;1470.155837;-0.1
6803;1469.939732;-0.11
6804;1469.723692;-0.12
6805;1469.507715;-0.1
6806;1469.291801;-0.07
6807;1469.075951;-0.03
6808;1468.860165;0.03
6809;1468.644441;0.07
6811;1468.213185;0.11
6812;1467.997651;0.11
6813;1467.782181;0.1
6814;1467.566774;0.06
6815;1467.351431;0.01
6816;1467.13615;-0.03
6817;1466.920933;-0.06
6818;1466.705779;-0.07
6820;1466.27566;-0.05
6821;1466.060695;-0.02
6822;1465.845793;0.02
6823;1465.630954;0.06
6824;1465.416178;0.09
6825;1465.201465;0.11
6826;1464.986815;0.12
6827;1464.772228;0.1
6828;1464.557704;0.08
6830;1464.128843;0.05
6831;1463.914507;0.03
6832;1463.700234;0.02
6833;1463.486024;0.03
6834;1463.271876;0.04
6835;1463.057791;0.07
6836;1462.843768;0.1
6837;1462.629808;0.11
6839;1462.202076;0.12
6840;1461.988304;0.11
6841;1461.774594;0.09
6842;1461.560947;0.07
6843;1461.347362;0.06
6844;1461.13384;0.05
6845;1460.92038;0.06
6847;1460.493647;0.06
6848;1460.280374;0.07
6849;1460.067163;0.07
6850;1459.854015;0.06
6851;1459.640928;0.04
6852;1459.427904;0.02
6853;1459.214942;0
6854;1459.002043;-0.02
6856;1458.576429;-0.02
6857;1458.363716;-0.02
6858;1458.151064;0
6859;1457.938475;0.02
6860;1457.725948;0.05
6861;1457.513482;0.08
6862;1457.301078;0.12
6864;1456.876457;0.15
6865;1456.664239;0.19
6866;1456.452083;0.21
6867;1456.239988;0.23
6868;1456.027956;0.23
6869;1455.815985;0.22
6870;1455.604076;0.19
6871;1455.392228;0.16
6873;1454.968718;0.12
6874;1454.757056;0.07
6875;1454.545455;0.01
6876;1454.333915;-0.04
6877;1454.122437;-0.09
6878;1453.911021;-0.13
6879;1453.699666;-0.15
6881;1453.27714;-0.17
6882;1453.065969;-0.17
6883;1452.85486;-0.18
6884;1452.643812;-0.19
6885;1452.432825;-0.21
6886;1452.2219;-0.24
6887;1452.011035;-0.27
6889;1451.58949;-0.29
6890;1451.37881;-0.3
6891;1451.16819;-0.29
6892;1450.957632;-0.27
6893;1450.747135;-0.23
6894;1450.536699;-0.18
6895;1450.326323;-0.13
6897;1449.905756;-0.09
6898;1449.695564;-0.05
6899;1449.485433;-0.02
6900;1449.275362;0.01
6901;1449.065353;0.02
6902;1448.855404;0.03
6903;1448.645516;0.04
6905;1448.225923;0.03
6906;1448.016218;0.02
6907;1447.806573;0.01
6908;1447.596989;0
6909;1447.387466;-0.01
6910;1447.178003;-0.01
6912;1446.759259;-0.01
6913;1446.549978;-0.01
6914;1446.340758;-0.01
6915;1446.131598;-0.01
6916;1445.922499;-0.02
6917;1445.71346;-0.03
6918;1445.504481;-0.03
6920;1445.086705;-0.04
6921;1444.877908;-0.04
6922;1444.669171;-0.03
6923;1444.460494;-0.02
6924;1444.251878;-0.01
6925;1444.043321;0
6927;1443.626389;0.01
6928;1443.418014;0.02
6929;1443.209698;0.02
6930;1443.001443;0.02
6931;1442.793248;0.03
6932;1442.585113;0.03
6933;1442.377037;0.04
6935;1441.961067;0.06
6936;1441.753172;0.08
6937;1441.545337;0.1
6938;1441.337561;0.12
6939;1441.129846;0.13
6940;1440.92219;0.12
6942;1440.507058;0.1
6943;1440.299582;0.07
6944;1440.092166;0.03
6945;1439.884809;-0.01
6946;1439.677512;-0.04
6947;1439.470275;-0.07
6949;1439.055979;-0.08
6950;1438.848921;-0.08
6951;1438.641922;-0.06
6952;1438.434983;-0.04
6953;1438.228103;-0.01
6954;1438.021283;0.03
6956;1437.607821;0.06
6957;1437.401179;0.09
6958;1437.194596;0.1
6959;1436.988073;0.1
6960;1436.781609;0.09
6961;1436.575205;0.07
6963;1436.162574;0.04
6964;1435.956347;0.02
6965;1435.750179;0.01
6966;1435.544071;0
6967;1435.338022;0.01
6968;1435.132032;0.02
6970;1434.72023;0.03
6971;1434.514417;0.05
6972;1434.308663;0.07
6973;1434.102969;0.1
6974;1433.897333;0.13
6975;1433.691756;0.16
6977;1433.28078;0.18
6978;1433.07538;0.2
6979;1432.870039;0.22
6980;1432.664756;0.22
6981;1432.459533;0.22
6983;1432.049262;0.21
6984;1431.844215;0.18
6985;1431.639227;0.15
6986;1431.434297;0.11
6987;1431.229426;0.06
6988;1431.024614;0
6990;1430.615165;-0.05
6991;1430.410528;-0.09
6992;1430.20595;-0.12
6993;1430.00143;-0.12
6994;1429.796969;-0.12
6995;1429.592566;-0.09
6997;1429.183936;-0.06
6998;1428.979708;-0.03
6999;1428.775539;0.01
7000;1428.571429;0.06
7001;1428.367376;0.11
7003;1427.959446;0.17
7004;1427.755568;0.22
7005;1427.551749;0.26
7006;1427.347987;0.28
7007;1427.144284;0.27
7008;1426.940639;0.23
7010;1426.533524;0.17
7011;1426.330053;0.09
7012;1426.12664;0.02
7013;1425.923285;-0.04
7014;1425.719989;-0.07
7016;1425.313569;-0.08
7017;1425.110446;-0.06
7018;1424.907381;-0.03
7019;1424.704374;-0.01
7020;1424.501425;0.01
7022;1424.095699;0.01
7023;1423.892923;0
7024;1423.690205;-0.02
7025;1423.487544;-0.04
7026;1423.284942;-0.05
7027;1423.082396;-0.05
7029;1422.677479;-0.04
7030;1422.475107;-0.02
7031;1422.272792;-0.01
7032;1422.070535;-0.01
7033;1421.868335;-0.01
7035;1421.464108;-0.03
7036;1421.262081;-0.06
7037;1421.060111;-0.07
7038;1420.858198;-0.07
7039;1420.656343;-0.05
7041;1420.252805;-0.01
7042;1420.051122;0.05
7043;1419.849496;0.11
7044;1419.647927;0.18
7045;1419.446416;0.23
7047;1419.043565;0.27
7048;1418.842225;0.28
7049;1418.640942;0.27
7050;1418.439716;0.24
7051;1418.238548;0.2
7053;1417.836382;0.16
7054;1417.635384;0.11
7055;1417.434444;0.06
7056;1417.23356;0.02
7057;1417.032733;-0.01
7059;1416.631251;-0.02
7060;1416.430595;-0.02
7061;1416.229996;-0.01
7062;1416.029453;0.01
7063;1415.828968;0.04
7065;1415.428167;0.07
7066;1415.227852;0.09
7067;1415.027593;0.11
7068;1414.827391;0.13
7069;1414.627246;0.14
7071;1414.227125;0.14
7072;1414.027149;0.13
7073;1413.82723;0.12
7074;1413.627368;0.09
7075;1413.427562;0.07
7077;1413.028119;0.04
7078;1412.828483;0.02
7079;1412.628902;0.01
7080;1412.429379;0.01
7081;1412.229911;0.03
7083;1411.831145;0.06
7084;1411.631846;0.09
7085;1411.432604;0.13
7086;1411.233418;0.17
7087;1411.034288;0.2
7089;1410.636197;0.22
7090;1410.437236;0.24
7091;1410.23833;0.24
7092;1410.039481;0.24
7094;1409.641951;0.23
7095;1409.44327;0.21
7096;1409.244645;0.19
7097;1409.046076;0.17
7098;1408.847563;0.15
7100;1408.450704;0.12
7101;1408.252359;0.1
7102;1408.054069;0.07
7103;1407.855836;0.04
7104;1407.657658;0.01
7106;1407.261469;-0.02
7107;1407.063459;-0.05
7108;1406.865504;-0.08
7109;1406.667604;-0.11
7111;1406.271973;-0.13
7112;1406.074241;-0.16
7113;1405.876564;-0.18
7114;1405.678943;-0.18
7115;1405.481377;-0.18
7117;1405.086413;-0.16
7118;1404.889014;-0.13
7119;1404.69167;-0.1
7120;1404.494382;-0.06
7122;1404.099972;-0.03
7123;1403.90285;-0.02
7124;1403.705783;-0.01
7125;1403.508772;0
7126;1403.311816;0.01
7128;1402.91807;0.02
7129;1402.721279;0.04
7130;1402.524544;0.05
7131;1402.327864;0.05
7133;1401.93467;0.05
7134;1401.738155;0.04
7135;1401.541696;0.04
7136;1401.345291;0.04
7137;1401.148942;0.06
7139;1400.756408;0.09
7140;1400.560224;0.13
7141;1400.364095;0.16
7142;1400.16802;0.18
7144;1399.776036;0.17
7145;1399.580126;0.14
7146;1399.384271;0.09
7147;1399.188471;0.02
7149;1398.797035;-0.06
7150;1398.601399;-0.15
7151;1398.405817;-0.24
7152;1398.210291;-0.32
7153;1398.014819;-0.38
7155;1397.624039;-0.42
7156;1397.428731;-0.42
7157;1397.233478;-0.38
7158;1397.038279;-0.31
7160;1396.648045;-0.21
7161;1396.453009;-0.1
7162;1396.258028;0
7163;1396.063102;0.07
7165;1395.673412;0.1
7166;1395.478649;0.1
7167;1395.28394;0.09
7168;1395.089286;0.07
7170;1394.700139;0.06
7171;1394.505648;0.07
7172;1394.31121;0.08
7173;1394.116827;0.1
7175;1393.728223;0.12
7176;1393.534002;0.11
7177;1393.339836;0.1
7178;1393.145723;0.07
7179;1392.951665;0.04
7181;1392.56371;0.01
7182;1392.369813;0
7183;1392.175971;0
7184;1391.982183;0.01
7186;1391.594768;0.03
7187;1391.401141;0.05
7188;1391.207568;0.07
7189;1391.014049;0.08
7191;1390.627173;0.09
7192;1390.433815;0.1
7193;1390.240512;0.09
7194;1390.047262;0.08
7196;1389.660923;0.07
7197;1389.467834;0.04
7198;1389.274799;0.01
7199;1389.081817;-0.03
7201;1388.696014;-0.07
7202;1388.503194;-0.11
7203;1388.310426;-0.16
7204;1388.117712;-0.2
7206;1387.732445;-0.23
7207;1387.539892;-0.25
7208;1387.347392;-0.25
7209;1387.154945;-0.23
7211;1386.770212;-0.17
7212;1386.577926;-0.1
7213;1386.385692;-0.01
7214;1386.193513;0.08
7216;1385.809313;0.14
7217;1385.617293;0.18
7218;1385.425326;0.18
7219;1385.233412;0.14
7221;1384.849744;0.08
7222;1384.657989;0
7223;1384.466288;-0.08
7224;1384.27464;-0.15
7226;1383.891503;-0.19
7227;1383.700014;-0.2
7228;1383.508578;-0.19
7230;1383.125864;-0.16
7231;1382.934587;-0.13
7232;1382.743363;-0.1
7233;1382.552191;-0.08
7235;1382.170007;-0.08
7236;1381.978994;-0.1
7237;1381.788034;-0.14
7238;1381.597126;-0.18
7240;1381.21547;-0.23
7241;1381.02472;-0.27
7242;1380.834024;-0.31
7243;1380.64338;-0.34
7245;1380.26225;-0.35
7246;1380.071764;-0.34
7247;1379.88133;-0.32
7248;1379.690949;-0.27
7250;1379.310345;-0.22
7251;1379.120121;-0.16
7252;1378.92995;-0.1
7254;1378.549766;-0.05
7255;1378.359752;-0.01
7256;1378.169791;0.01
7257;1377.979881;0.03
7259;1377.60022;0.04
7260;1377.410468;0.05
7261;1377.220768;0.07
7262;1377.031121;0.08
7264;1376.651982;0.09
7265;1376.462491;0.1
7266;1376.273053;0.11
7268;1375.894331;0.1
7269;1375.705049;0.09
7270;1375.515818;0.06
7271;1375.32664;0.02
7273;1374.948439;-0.04
7274;1374.759417;-0.12
7275;1374.570447;-0.21
7276;1374.381528;-0.29
7278;1374.003847;-0.36
7279;1373.815084;-0.39
7280;1373.626374;-0.38
7282;1373.249107;-0.33
7283;1373.060552;-0.24
7284;1372.872048;-0.13
7285;1372.683596;-0.02
7287;1372.306848;0.08
7288;1372.118551;0.14
7289;1371.930306;0.17
7291;1371.553971;0.16
7292;1371.36588;0.14
7293;1371.177842;0.11
7294;1370.989855;0.08
7296;1370.614035;0.06
7297;1370.426203;0.05
7298;1370.238421;0.05
7299;1370.050692;0.07
7301;1369.675387;0.09
7302;1369.487812;0.1
7303;1369.300288;0.12
7305;1368.925394;0.13
7306;1368.738024;0.14
7307;1368.550705;0.14
7308;1368.363437;0.14
7310;1367.989056;0.13
7311;1367.801942;0.12
7312;1367.61488;0.09
7314;1367.240908;0.06
7315;1367.053999;0.03
7316;1366.867141;0
7318;1366.493577;-0.03
7319;1366.306873;-0.04
7320;1366.120219;-0.04
7321;1365.933616;-0.02
7323;1365.560563;0
7324;1365.374113;0.04
7325;1365.187713;0.07
7327;1364.815068;0.1
7328;1364.628821;0.11
7329;1364.442625;0.12
7330;1364.25648;0.13
7332;1363.884343;0.13
7333;1363.69835;0.13
7334;1363.512408;0.13
7336;1363.140676;0.12
7337;1362.954886;0.11
7338;1362.769147;0.1
7340;1362.39782;0.08
7341;1362.212233;0.07
7342;1362.026696;0.08
7343;1361.841209;0.1
7345;1361.470388;0.14
7346;1361.285053;0.18
7347;1361.099769;0.22
7349;1360.729351;0.25
7350;1360.544218;0.25
7351;1360.359135;0.24
7353;1359.98912;0.21
7354;1359.804188;0.18
7355;1359.619307;0.15
7356;1359.434475;0.12
7358;1359.064963;0.1
7359;1358.880283;0.08
7360;1358.695652;0.05
7362;1358.326542;0.01
7363;1358.142062;-0.04
7364;1357.957632;-0.1
7366;1357.588922;-0.15
7367;1357.404642;-0.19
7368;1357.220413;-0.21
7370;1356.852103;-0.2
7371;1356.668023;-0.18
7372;1356.483993;-0.14
7373;1356.300014;-0.09
7375;1355.932203;-0.03
7376;1355.748373;0.02
7377;1355.564593;0.06
7379;1355.197181;0.09
7380;1355.01355;0.11
7381;1354.829969;0.12
7383;1354.462955;0.12
7384;1354.279523;0.11
7385;1354.096141;0.11
7387;1353.729525;0.11
7388;1353.546291;0.11
7389;1353.363107;0.1
7391;1352.996888;0.09
7392;1352.813853;0.08
7393;1352.630867;0.06
7394;1352.447931;0.04
7396;1352.082207;0.02
7397;1351.899419;0.01
7398;1351.71668;0.01
7400;1351.351351;0.02
7401;1351.168761;0.03
7402;1350.98622;0.04
7404;1350.621286;0.04
7405;1350.438893;0.02
7406;1350.256549;0
7408;1349.892009;-0.03
7409;1349.709812;-0.06
7410;1349.527665;-0.09
7412;1349.163519;-0.11
7413;1348.981519;-0.13
7414;1348.799568;-0.15
7416;1348.435814;-0.18
7417;1348.254011;-0.22
7418;1348.072257;-0.27
7420;1347.708895;-0.32
7421;1347.527287;-0.37
7422;1347.345729;-0.39
7424;1346.982759;-0.39
7425;1346.801347;-0.37
7426;1346.619984;-0.32
7428;1346.257404;-0.26
7429;1346.076188;-0.2
7430;1345.89502;-0.13
7432;1345.532831;-0.06
7433;1345.351809;0
7434;1345.170837;0.05
7436;1344.809037;0.1
7437;1344.62821;0.13
7438;1344.447432;0.15
7440;1344.086022;0.16
7441;1343.905389;0.16
7442;1343.724805;0.16
7444;1343.363783;0.16
7445;1343.183345;0.16
7446;1343.002955;0.18
7448;1342.64232;0.21
7449;1342.462075;0.25
7450;1342.281879;0.28
7452;1341.921632;0.31
7453;1341.741581;0.32
7454;1341.561578;0.31
7456;1341.201717;0.3
7457;1341.021859;0.28
7458;1340.842049;0.26
7460;1340.482574;0.26
7461;1340.302908;0.27
7462;1340.123291;0.28
7464;1339.764202;0.28
7465;1339.584729;0.27
7466;1339.405304;0.25
7468;1339.046599;0.21
7469;1338.867318;0.16
7470;1338.688086;0.12
7472;1338.329764;0.1
7473;1338.150676;0.09
7474;1337.971635;0.1
7476;1337.613697;0.13
7477;1337.4348;0.16
7478;1337.255951;0.19
7480;1336.898396;0.21
7481;1336.71969;0.21
7483;1336.362421;0.2
7484;1336.183859;0.17
7485;1336.005344;0.13
7487;1335.648457;0.09
7488;1335.470085;0.04
7489;1335.291761;-0.01
7491;1334.935256;-0.06
7492;1334.757074;-0.1
7493;1334.57894;-0.13
7495;1334.222815;-0.17
7496;1334.044824;-0.21
7497;1333.86688;-0.25
7499;1333.511135;-0.29
7500;1333.333333;-0.34
7501;1333.155579;-0.38
7503;1332.800213;-0.4
7504;1332.622601;-0.42
7506;1332.267519;-0.41
7507;1332.090049;-0.38
7508;1331.912627;-0.34
7510;1331.557923;-0.29
7511;1331.380642;-0.24
7512;1331.203408;-0.18
7514;1330.849082;-0.11
7515;1330.671989;-0.05
7516;1330.494944;0.03
7518;1330.140995;0.1
7519;1329.964091;0.17
7520;1329.787234;0.23
7522;1329.433661;0.27
7523;1329.256945;0.3
7525;1328.903654;0.3
7526;1328.727079;0.28
7527;1328.550551;0.24
7529;1328.197636;0.19
7530;1328.021248;0.12
7531;1327.844908;0.05
7533;1327.492367;-0.01
7534;1327.316167;-0.07
7536;1326.963907;-0.11
7537;1326.787847;-0.12
7538;1326.611833;-0.11
7540;1326.259947;-0.08
7541;1326.084074;-0.03
7542;1325.908247;0.02
7544;1325.556734;0.05
7545;1325.381047;0.08
7546;1325.205407;0.09
7548;1324.854266;0.08
7549;1324.678765;0.07
7551;1324.327904;0.05
7552;1324.152542;0.04
7553;1323.977228;0.03
7555;1323.626737;0.02
7556;1323.451562;0.02
7557;1323.276432;0.02
7559;1322.926313;0.02
7560;1322.751323;0.02
7562;1322.401481;0.02
7563;1322.22663;0.03
7564;1322.051824;0.05
7566;1321.702353;0.06
7567;1321.527686;0.06
7569;1321.178491;0.06
7570;1321.003963;0.06
7571;1320.829481;0.06
7573;1320.480655;0.06
7574;1320.306311;0.07
7575;1320.132013;0.1
7577;1319.783555;0.15
7578;1319.609396;0.2
7580;1319.261214;0.26
7581;1319.087192;0.31
7582;1318.913216;0.35
7584;1318.565401;0.37
7585;1318.391562;0.37
7587;1318.044023;0.36
7588;1317.870322;0.33
7589;1317.696666;0.3
7591;1317.349493;0.26
7592;1317.175975;0.23
7593;1317.002502;0.19
7595;1316.655695;0.16
7596;1316.482359;0.12
7598;1316.135825;0.08
7599;1315.962627;0.04
7600;1315.789474;0
7602;1315.443304;-0.03
7603;1315.270288;-0.05
7605;1314.924392;-0.07
7606;1314.751512;-0.08
7607;1314.578678;-0.08
7609;1314.233145;-0.09
7610;1314.060447;-0.11
7612;1313.715187;-0.13
7613;1313.542624;-0.16
7614;1313.370108;-0.19
7616;1313.02521;-0.21
7617;1312.852829;-0.21
7619;1312.508203;-0.2
7620;1312.335958;-0.16
7621;1312.163758;-0.12
7623;1311.819494;-0.08
7624;1311.647429;-0.06
7626;1311.303436;-0.06
7627;1311.131506;-0.08
7628;1310.959622;-0.12
7630;1310.61599;-0.17
7631;1310.444241;-0.21
7633;1310.100878;-0.23
7634;1309.929264;-0.22
7635;1309.757695;-0.19
7637;1309.414692;-0.14
7638;1309.243257;-0.08
7640;1308.900524;-0.03
7641;1308.729224;0.01
7642;1308.557969;0.04
7644;1308.215594;0.05
7645;1308.044474;0.05
7647;1307.702367;0.04
7648;1307.531381;0.03
7649;1307.360439;0.03
7651;1307.01869;0.04
7652;1306.847883;0.06
7654;1306.506402;0.09
7655;1306.335728;0.12
7657;1305.994515;0.14
7658;1305.823975;0.15
7659;1305.65348;0.15
7661;1305.312622;0.14
7662;1305.142261;0.11
7664;1304.80167;0.07
7665;1304.631442;0.03
7666;1304.461258;-0.01
7668;1304.121022;-0.04
7669;1303.950971;-0.05
7671;1303.611002;-0.05
7672;1303.441084;-0.04
7674;1303.101381;-0.03
7675;1302.931596;-0.03
7676;1302.761855;-0.02
7678;1302.422506;-0.03
7679;1302.252898;-0.04
7681;1301.913813;-0.06
7682;1301.744337;-0.06
7683;1301.574906;-0.07
7685;1301.236174;-0.07
7686;1301.066875;-0.06
7688;1300.728408;-0.06
7689;1300.55924;-0.07
7691;1300.221038;-0.09
7692;1300.052002;-0.14
7693;1299.883011;-0.19
7695;1299.545159;-0.26
7696;1299.376299;-0.32
7698;1299.038711;-0.37
7699;1298.869983;-0.4
7701;1298.532658;-0.4
7702;1298.364061;-0.37
7703;1298.195508;-0.33
7705;1297.858533;-0.28
7706;1297.690112;-0.23
7708;1297.353399;-0.2
7709;1297.185108;-0.18
7711;1296.848658;-0.17
7712;1296.680498;-0.16
7713;1296.512382;-0.16
7715;1296.17628;-0.14
7716;1296.008294;-0.1
7718;1295.672454;-0.05
7719;1295.504599;0.01
7721;1295.16902;0.07
7722;1295.001295;0.12
7724;1294.665976;0.16
7725;1294.498382;0.18
7726;1294.330831;0.18
7728;1293.995859;0.17
7729;1293.828438;0.16
7731;1293.493727;0.13
7732;1293.326436;0.1
7734;1292.991983;0.08
7735;1292.824822;0.05
7736;1292.657704;0.04
7738;1292.323598;0.03
7739;1292.156609;0.03
7741;1291.822762;0.03
7742;1291.655903;0.04
7744;1291.322314;0.04
7745;1291.155584;0.04
7747;1290.822254;0.04
7748;1290.655653;0.03
7749;1290.489095;0.03
7751;1290.156109;0.03
7752;1289.98968;0.05
7754;1289.656951;0.08
7755;1289.490651;0.11
7757;1289.15818;0.16
7758;1288.992008;0.21
7760;1288.659794;0.26
7761;1288.493751;0.29
7763;1288.161793;0.31
7764;1287.995878;0.31
7765;1287.830006;0.28
7767;1287.498391;0.22
7768;1287.332647;0.15
7770;1287.001287;0.07
7771;1286.835671;0
7773;1286.504567;-0.06
7774;1286.339079;-0.07
7776;1286.00823;-0.05
7777;1285.84287;0
7779;1285.512277;0.08
7780;1285.347044;0.16
7781;1285.181853;0.23
7783;1284.8516;0.27
7784;1284.686536;0.28
7786;1284.356537;0.27
7787;1284.191601;0.23
7789;1283.861856;0.2
7790;1283.697047;0.17
7792;1283.367556;0.15
7793;1283.202874;0.14
7795;1282.873637;0.14
7796;1282.709082;0.15
7798;1282.380097;0.16
7799;1282.215669;0.16
7801;1281.886938;0.15
7802;1281.722635;0.13
7803;1281.558375;0.09
7805;1281.229981;0.04
7806;1281.065847;-0.02
7808;1280.737705;-0.08
7809;1280.573697;-0.13
7811;1280.245807;-0.16
7812;1280.081925;-0.18
7814;1279.754287;-0.17
7815;1279.590531;-0.15
7817;1279.263144;-0.12
7818;1279.099514;-0.1
7820;1278.772379;-0.07
7821;1278.608874;-0.06
7823;1278.281989;-0.04
7824;1278.118609;-0.02
7826;1277.791975;0.01
7827;1277.628721;0.05
7828;1277.465508;0.09
7830;1277.139208;0.13
7831;1276.976121;0.17
7833;1276.65007;0.2
7834;1276.487107;0.23
7836;1276.161307;0.24
7837;1275.998469;0.24
7839;1275.672917;0.23
7840;1275.510204;0.2
7842;1275.184902;0.16
7843;1275.022313;0.11
7845;1274.697259;0.07
7846;1274.534795;0.03
7848;1274.20999;0
7849;1274.047649;0
7851;1273.723093;0.02
7852;1273.560876;0.05
7854;1273.236567;0.1
7855;1273.074475;0.15
7857;1272.750414;0.19
7858;1272.588445;0.23
7860;1272.264631;0.26
7861;1272.102786;0.27
7863;1271.779219;0.27
7864;1271.617497;0.26
7866;1271.294177;0.24
7867;1271.132579;0.21
7869;1270.809506;0.18
7870;1270.64803;0.14
7872;1270.325203;0.11
7873;1270.163851;0.09
7875;1269.84127;0.08
7876;1269.680041;0.08
7878;1269.357705;0.1
7879;1269.196599;0.12
7881;1268.874508;0.14
7882;1268.713524;0.15
7884;1268.391679;0.15
7885;1268.230818;0.14
7887;1267.909218;0.13
7888;1267.748479;0.13
7890;1267.427123;0.12
7891;1267.266506;0.13
7893;1266.945395;0.14
7894;1266.7849;0.17
7896;1266.464032;0.2
7897;1266.30366;0.24
7899;1265.983036;0.28
7900;1265.822785;0.31
7902;1265.502404;0.32
7903;1265.342275;0.3
7905;1265.022138;0.25
7906;1264.86213;0.18
7908;1264.542236;0.08
7909;1264.382349;-0.02
7911;1264.062698;-0.11
7912;1263.902932;-0.19
7914;1263.583523;-0.24
7915;1263.423879;-0.26
7917;1263.104711;-0.25
7918;1262.945188;-0.22
7920;1262.626263;-0.16
7921;1262.46686;-0.1
7923;1262.148176;-0.04
7924;1261.988894;0
7926;1261.670452;0.02
7927;1261.511291;0.01
7929;1261.193089;-0.02
7930;1261.034048;-0.06
7932;1260.716087;-0.09
7933;1260.557166;-0.09
7935;1260.239445;-0.06
7936;1260.080645;0.01
7938;1259.763165;0.12
7939;1259.604484;0.23
7941;1259.287243;0.33
7942;1259.128683;0.41
7944;1258.811682;0.44
7945;1258.653241;0.43
7947;1258.336479;0.37
7948;1258.178158;0.29
7950;1257.861635;0.2
7952;1257.545272;0.12
7953;1257.38715;0.05
7955;1257.071025;0.01
7956;1256.913022;-0.01
7958;1256.597135;-0.01
7959;1256.439251;0
7961;1256.123603;0.01
7962;1255.965838;0.03
7964;1255.650427;0.04
7965;1255.492781;0.06
7967;1255.177608;0.09
7968;1255.02008;0.12
7970;1254.705144;0.15
7971;1254.547736;0.19
7973;1254.233036;0.22
7974;1254.075746;0.24
7976;1253.761284;0.24
7978;1253.446979;0.23
7979;1253.289886;0.21
7981;1252.975818;0.17
7982;1252.818842;0.13
7984;1252.50501;0.09
7985;1252.348153;0.07
7987;1252.034556;0.07
7988;1251.877817;0.08
7990;1251.564456;0.11
7991;1251.407834;0.14
7993;1251.094708;0.16
7994;1250.938204;0.17
7996;1250.625313;0.16
7998;1250.312578;0.14
7999;1250.15627;0.1
8001;1249.84377;0.07
8002;1249.687578;0.04
8004;1249.375312;0.01
8005;1249.219238;0
8007;1248.907206;-0.02
8008;1248.751249;-0.04
8010;1248.439451;-0.07
8011;1248.28361;-0.11
8013;1247.972045;-0.14
8014;1247.816321;-0.17
8016;1247.50499;-0.18
8018;1247.193814;-0.16
8019;1247.038284;-0.12
8021;1246.727341;-0.05
8022;1246.571927;0.03
8024;1246.261216;0.12
8025;1246.105919;0.2
8027;1245.79544;0.26
8028;1245.640259;0.3
8030;1245.330012;0.29
8032;1245.01992;0.25
8033;1244.864932;0.19
8035;1244.555072;0.11
8036;1244.400199;0.04
8038;1244.09057;-0.02
8039;1243.935813;-0.05
8041;1243.626415;-0.04
8042;1243.471773;0
8044;1243.162606;0.07
8046;1242.853592;0.15
8047;1242.699143;0.23
8049;1242.390359;0.3
8050;1242.236025;0.35
8052;1241.927471;0.39
8053;1241.773252;0.42
8055;1241.464929;0.43
8057;1241.156758;0.43
8058;1241.00273;0.42
8060;1240.694789;0.4
8061;1240.540876;0.38
8063;1240.233164;0.35
8064;1240.079365;0.31
8066;1239.771882;0.27
8067;1239.618198;0.24
8069;1239.310943;0.2
8071;1239.003841;0.15
8072;1238.850347;0.1
8074;1238.543473;0.05
8075;1238.390093;0.01
8077;1238.083447;-0.03
8078;1237.930181;-0.06
8080;1237.623762;-0.06
8082;1237.317496;-0.05
8083;1237.164419;-0.01
8085;1236.85838;0.03
8086;1236.705417;0.06
8088;1236.399604;0.09
8090;1236.093943;0.1
8091;1235.941169;0.08
8093;1235.635735;0.05
8094;1235.483074;0.01
8096;1235.177866;-0.03
8097;1235.025318;-0.08
8099;1234.720336;-0.13
8101;1234.415504;-0.16
8102;1234.263145;-0.18
8104;1233.958539;-0.18
8105;1233.806292;-0.16
8107;1233.501912;-0.12
8108;1233.349778;-0.07
8110;1233.045623;-0.01
8112;1232.741617;0.05
8113;1232.589671;0.1
8115;1232.28589;0.15
8116;1232.134056;0.2
8118;1231.8305;0.25
8120;1231.527094;0.3
8121;1231.375446;0.34
8123;1231.072264;0.38
8124;1230.920729;0.4
8126;1230.61777;0.4
8128;1230.314961;0.37
8129;1230.163612;0.33
8131;1229.861026;0.27
8132;1229.709788;0.2
8134;1229.407426;0.13
8136;1229.105211;0.06
8137;1228.95416;-0.01
8139;1228.652169;-0.07
8140;1228.501229;-0.13
8142;1228.19946;-0.16
8144;1227.897839;-0.17
8145;1227.747084;-0.16
8147;1227.445686;-0.12
8148;1227.295042;-0.08
8150;1226.993865;-0.03
8152;1226.692836;0.01
8153;1226.542377;0.04
8155;1226.24157;0.04
8156;1226.091221;0.02
8158;1225.790635;-0.01
8160;1225.490196;-0.04
8161;1225.340032;-0.07
8163;1225.039814;-0.08
8164;1224.88976;-0.09
8166;1224.589762;-0.09
8168;1224.289912;-0.08
8169;1224.140042;-0.08
8171;1223.840411;-0.07
8172;1223.690651;-0.08
8174;1223.391241;-0.08
8176;1223.091977;-0.09
8177;1222.942399;-0.09
8179;1222.643355;-0.1
8180;1222.493888;-0.09
8182;1222.195062;-0.07
8184;1221.896383;-0.04
8185;1221.747098;0
8187;1221.448638;0.04
8189;1221.150324;0.09
8190;1221.001221;0.14
8192;1220.703125;0.18
8193;1220.554132;0.23
8195;1220.256254;0.28
8197;1219.958521;0.33
8198;1219.80971;0.38
8200;1219.512195;0.42
8201;1219.363492;0.44
8203;1219.066195;0.45
8205;1218.769043;0.42
8206;1218.620522;0.36
8208;1218.323587;0.28
8210;1218.026797;0.2
8211;1217.878456;0.12
8213;1217.581882;0.06
8214;1217.43365;0.03
8216;1217.137293;0.02
8218;1216.841081;0.03
8219;1216.693028;0.06
8221;1216.397032;0.1
8223;1216.10118;0.14
8224;1215.953307;0.18
8226;1215.657671;0.21
8228;1215.362178;0.22
8229;1215.214485;0.2
8231;1214.919208;0.15
8232;1214.771623;0.08
8234;1214.476561;0
8236;1214.181642;-0.07
8237;1214.034236;-0.13
8239;1213.739531;-0.15
8241;1213.44497;-0.14
8242;1213.297743;-0.1
8244;1213.003396;-0.04
8245;1212.856277;0.02
8247;1212.562144;0.09
8249;1212.268154;0.16
8250;1212.121212;0.24
8252;1211.827436;0.31
8254;1211.533802;0.38
8255;1211.387038;0.43
8257;1211.093618;0.45
8259;1210.800339;0.43
8260;1210.653753;0.37
8262;1210.360687;0.26
8264;1210.067764;0.13
8265;1209.921355;0
8267;1209.628644;-0.1
8268;1209.482342;-0.17
8270;1209.189843;-0.19
8272;1208.897485;-0.19
8273;1208.75136;-0.17
8275;1208.459215;-0.15
8277;1208.16721;-0.13
8278;1208.021261;-0.13
8280;1207.729469;-0.12
8282;1207.437817;-0.09
8283;1207.292044;-0.03
8285;1207.000604;0.06
8287;1206.709304;0.16
8288;1206.563707;0.26
8290;1206.272618;0.35
8292;1205.981669;0.4
8293;1205.836247;0.42
8295;1205.545509;0.41
8297;1205.254911;0.38
8298;1205.109665;0.34
8300;1204.819277;0.31
8302;1204.529029;0.29
8303;1204.383958;0.28
8305;1204.093919;0.27
8307;1203.804021;0.25
8308;1203.659124;0.23
8310;1203.369434;0.19
8312;1203.079885;0.14
8313;1202.935162;0.08
8315;1202.645821;0.03
8317;1202.356619;-0.02
8318;1202.21207;-0.05
8320;1201.923077;-0.07
8322;1201.634223;-0.06
8323;1201.489847;-0.05
8325;1201.201201;-0.03
8327;1200.912694;-0.01
8328;1200.768492;-0.01
8330;1200.480192;-0.02
8332;1200.192031;-0.04
8333;1200.048002;-0.06
8335;1199.760048;-0.08
8337;1199.472232;-0.07
8338;1199.328376;-0.04
8340;1199.040767;0.01
8342;1198.753297;0.06
8343;1198.609613;0.09
8345;1198.322349;0.1
8347;1198.035222;0.06
8348;1197.891711;0
8350;1197.60479;-0.07
8352;1197.318008;-0.13
8353;1197.174668;-0.15
8355;1196.888091;-0.14
8357;1196.601651;-0.08
8358;1196.458483;0
8360;1196.172249;0.08
8362;1195.886152;0.15
8364;1195.600191;0.18
8365;1195.457262;0.19
8367;1195.171507;0.18
8369;1194.885888;0.17
8370;1194.74313;0.17
8372;1194.457716;0.18
8374;1194.172439;0.21
8375;1194.029851;0.23
8377;1193.744777;0.24
8379;1193.45984;0.22
8380;1193.317422;0.18
8382;1193.032689;0.13
8384;1192.748092;0.06
8385;1192.605844;0.01
8387;1192.32145;-0.02
8389;1192.037192;-0.04
8391;1191.753069;-0.04
8392;1191.611058;-0.03
8394;1191.327138;-0.02
8396;1191.043354;-0.02
8397;1190.901512;-0.03
8399;1190.617931;-0.05
8401;1190.334484;-0.06
8402;1190.192811;-0.06
8404;1189.909567;-0.06
8406;1189.626457;-0.04
8408;1189.343482;-0.02
8409;1189.202045;0.01
8411;1188.919272;0.02
8413;1188.636634;0.01
8414;1188.495365;-0.01
8416;1188.212928;-0.04
8418;1187.930625;-0.07
8420;1187.648456;-0.11
8421;1187.507422;-0.12
8423;1187.225454;-0.12
8425;1186.94362;-0.1
8426;1186.802753;-0.07
8428;1186.52112;-0.03
8430;1186.23962;0
8432;1185.958254;0
8433;1185.817621;-0.01
8435;1185.536455;-0.05
8437;1185.255423;-0.11
8438;1185.114956;-0.18
8440;1184.834123;-0.25
8442;1184.553423;-0.31
8444;1184.272856;-0.35
8445;1184.132623;-0.36
8447;1183.852255;-0.35
8449;1183.57202;-0.33
8450;1183.431953;-0.28
8452;1183.151917;-0.22
8454;1182.872013;-0.15
8456;1182.592242;-0.09
8457;1182.452406;-0.03
8459;1182.172834;0.02
8461;1181.893393;0.05
8462;1181.753723;0.06
8464;1181.47448;0.04
8466;1181.19537;0
8468;1180.916391;-0.05
8469;1180.776951;-0.11
8471;1180.49817;-0.16
8473;1180.219521;-0.19
8475;1179.941003;-0.19
8476;1179.801793;-0.14
8478;1179.523473;-0.07
8480;1179.245283;0.01
8482;1178.967225;0.09
8483;1178.828245;0.14
8485;1178.550383;0.15
8487;1178.272652;0.11
8488;1178.133836;0.04
8490;1177.856302;-0.07
8492;1177.578898;-0.18
8494;1177.301625;-0.28
8495;1177.163037;-0.35
8497;1176.88596;-0.39
8499;1176.609013;-0.39
8501;1176.332196;-0.35
8502;1176.193837;-0.3
8504;1175.917215;-0.24
8506;1175.640724;-0.19
8508;1175.364363;-0.16
8509;1175.226231;-0.16
8511;1174.950065;-0.19
8513;1174.674028;-0.25
8515;1174.398121;-0.32
8516;1174.260216;-0.39
8518;1173.984503;-0.43
8520;1173.70892;-0.44
8522;1173.433466;-0.42
8523;1173.295788;-0.36
8525;1173.020528;-0.27
8527;1172.745397;-0.17
8529;1172.470395;-0.06
8530;1172.332943;0.03
8532;1172.058134;0.1
8534;1171.783454;0.15
8536;1171.508903;0.18
8537;1171.371676;0.18
8539;1171.097318;0.17
8541;1170.823089;0.14
8543;1170.548987;0.11
8544;1170.411985;0.09
8546;1170.138076;0.09
8548;1169.864296;0.11
8550;1169.590643;0.14
8551;1169.453865;0.19
8553;1169.180405;0.24
8555;1168.907072;0.27
8557;1168.633867;0.29
8559;1168.36079;0.27
8560;1168.224299;0.22
8562;1167.951413;0.16
8564;1167.678655;0.09
8566;1167.406024;0.02
8567;1167.269756;-0.03
8569;1166.997316;-0.05
8571;1166.725003;-0.05
8573;1166.452817;-0.02
8574;1166.316772;0.03
8576;1166.044776;0.08
8578;1165.772907;0.12
8580;1165.501166;0.15
8582;1165.22955;0.17
8583;1165.09379;0.15
8585;1164.822365;0.12
8587;1164.551066;0.09
8589;1164.279893;0.05
8590;1164.144354;0.02
8592;1163.873371;0
8594;1163.602513;-0.01
8596;1163.331782;-0.01
8598;1163.061177;-0.02
8599;1162.925922;-0.03
8601;1162.655505;-0.06
8603;1162.385214;-0.11
8605;1162.115049;-0.17
8606;1161.980014;-0.24
8608;1161.710037;-0.3
8610;1161.440186;-0.34
8612;1161.17046;-0.36
8614;1160.900859;-0.35
8615;1160.766106;-0.31
8617;1160.496693;-0.24
8619;1160.227405;-0.16
8621;1159.958242;-0.09
8623;1159.689203;-0.02
8624;1159.554731;0.01
8626;1159.28588;0.02
8628;1159.017153;-0.02
8630;1158.748552;-0.07
8632;1158.480074;-0.15
8633;1158.345882;-0.23
8635;1158.077591;-0.3
8637;1157.809425;-0.36
8639;1157.541382;-0.41
8641;1157.273464;-0.42
8642;1157.139551;-0.4
8644;1156.871819;-0.34
8646;1156.60421;-0.23
8648;1156.336725;-0.08
8650;1156.069364;0.09
8651;1155.93573;0.25
8653;1155.668554;0.36
8655;1155.401502;0.4
8657;1155.134573;0.36
8659;1154.867768;0.24
8660;1154.734411;0.08
8662;1154.46779;-0.09
8664;1154.201293;-0.24
8666;1153.934918;-0.34
8668;1153.668666;-0.39
8669;1153.535587;-0.41
8671;1153.269519;-0.4
8673;1153.003574;-0.39
8675;1152.737752;-0.39
8677;1152.472053;-0.38
8678;1152.339249;-0.38
8680;1152.073733;-0.36
8682;1151.808339;-0.33
8684;1151.543068;-0.3
8686;1151.277918;-0.27
8688;1151.012891;-0.27
8689;1150.880424;-0.28
8691;1150.615579;-0.3
8693;1150.350857;-0.32
8695;1150.086256;-0.31
8697;1149.821778;-0.28
8698;1149.689584;-0.22
8700;1149.425287;-0.16
8702;1149.161112;-0.09
8704;1148.897059;-0.05
8706;1148.633127;-0.02
8708;1148.369316;0
8709;1148.237456;0.02
8711;1147.973826;0.04
8713;1147.710318;0.08
8715;1147.446931;0.1
8717;1147.183664;0.11
8719;1146.920518;0.1
8720;1146.788991;0.07
8722;1146.526026;0.03
8724;1146.263182;-0.01
8726;1146.000458;-0.03
8728;1145.737855;-0.02
8730;1145.475372;0
8731;1145.344176;0.03
8733;1145.081873;0.05
8735;1144.819691;0.05
8737;1144.557628;0.05
8739;1144.295686;0.06
8741;1144.033863;0.07
8742;1143.902997;0.09
8744;1143.641354;0.12
8746;1143.379831;0.13
8748;1143.118427;0.13
8750;1142.857143;0.08
8752;1142.595978;0
8754;1142.334933;-0.1
8755;1142.204455;-0.21
8757;1141.943588;-0.31
8759;1141.682841;-0.4
8761;1141.422212;-0.47
8763;1141.161703;-0.53
8765;1140.901312;-0.57
8766;1140.771161;-0.59
8768;1140.510949;-0.59
8770;1140.250855;-0.54
8772;1139.99088;-0.46
8774;1139.731023;-0.34
8776;1139.471285;-0.2
8778;1139.211666;-0.07
8779;1139.0819;0.04
8781;1138.822458;0.12
8783;1138.563133;0.17
8785;1138.303927;0.2
8787;1138.044839;0.23
8789;1137.785869;0.25
8791;1137.527016;0.27
8793;1137.268282;0.28
8794;1137.138958;0.26
8796;1136.8804;0.2
8798;1136.62196;0.11
8800;1136.363636;0
8802;1136.105431;-0.11
8804;1135.847342;-0.21
8806;1135.589371;-0.27
8807;1135.460429;-0.29
8809;1135.202634;-0.29
8811;1134.944955;-0.26
8813;1134.687394;-0.21
8815;1134.429949;-0.14
8817;1134.172621;-0.06
8819;1133.91541;0.03
8821;1133.658315;0.11
8822;1133.529812;0.18
8824;1133.272892;0.23
8826;1133.016089;0.23
8828;1132.759402;0.2
8830;1132.502831;0.13
8832;1132.246377;0.05
8834;1131.990038;-0.03
8836;1131.733816;-0.1
8837;1131.605749;-0.14
8839;1131.3497;-0.16
8841;1131.093768;-0.17
8843;1130.837951;-0.17
8845;1130.58225;-0.16
8847;1130.326664;-0.14
8849;1130.071194;-0.1
8851;1129.81584;-0.04
8853;1129.560601;0.03
8854;1129.433025;0.09
8856;1129.177958;0.13
8858;1128.923007;0.14
8860;1128.668172;0.1
8862;1128.413451;0.02
8864;1128.158845;-0.08
8866;1127.904354;-0.19
8868;1127.649977;-0.27
8870;1127.395716;-0.32
8871;1127.268628;-0.32
8873;1127.014538;-0.28
8875;1126.760563;-0.22
8877;1126.506703;-0.13
8879;1126.252956;-0.06
8881;1125.999324;0
8883;1125.745807;0.03
8885;1125.492403;0.03
8887;1125.239113;0
8889;1124.985938;-0.04
8890;1124.859393;-0.08
8892;1124.606388;-0.1
8894;1124.353497;-0.1
8896;1124.100719;-0.08
8898;1123.848056;-0.05
8900;1123.595506;-0.01
8902;1123.343069;0.02
8904;1123.090746;0.02
8906;1122.838536;-0.01
8908;1122.586439;-0.06
8910;1122.334456;-0.14
8912;1122.082585;-0.22
8913;1121.956692;-0.3
8915;1121.704992;-0.35
8917;1121.453404;-0.36
8919;1121.201928;-0.31
8921;1120.950566;-0.19
8923;1120.699316;0
8925;1120.448179;0.23
8927;1120.197155;0.47
8929;1119.946243;0.69
8931;1119.695443;0.84
8933;1119.444755;0.91
8935;1119.19418;0.89
8936;1119.068935;0.79
8938;1118.818528;0.64
8940;1118.568233;0.48
8942;1118.31805;0.34
8944;1118.067979;0.24
8946;1117.818019;0.17
8948;1117.568172;0.13
8950;1117.318436;0.1
8952;1117.068811;0.06
8954;1116.819299;0
8956;1116.569897;-0.06
8958;1116.320607;-0.11
8960;1116.071429;-0.15
8962;1115.822361;-0.18
8963;1115.697869;-0.19
8965;1115.448968;-0.19
8967;1115.200178;-0.2
8969;1114.9515;-0.22
8971;1114.702932;-0.25
8973;1114.454475;-0.29
8975;1114.206128;-0.33
8977;1113.957892;-0.37
8979;1113.709767;-0.39
8981;1113.461753;-0.39
8983;1113.213848;-0.38
8985;1112.966055;-0.36
8987;1112.718371;-0.32
8989;1112.470798;-0.26
8991;1112.223334;-0.2
8993;1111.975981;-0.12
8995;1111.728738;-0.05
8997;1111.481605;0.01
8998;1111.35808;0.04
9000;1111.111111;0.05
9002;1110.864252;0.03
9004;1110.617503;-0.01
9006;1110.370864;-0.05
9008;1110.124334;-0.08
9010;1109.877913;-0.09
9012;1109.631602;-0.07
9014;1109.3854;-0.02
9016;1109.139308;0.06
9018;1108.893324;0.16
9020;1108.64745;0.26
9022;1108.401685;0.36
9024;1108.156028;0.43
9026;1107.910481;0.46
9028;1107.665042;0.45
9030;1107.419712;0.4
9032;1107.174491;0.3
9034;1106.929378;0.17
9036;1106.684374;0.04
9038;1106.439478;-0.08
9040;1106.19469;-0.17
9042;1105.950011;-0.23
9044;1105.70544;-0.24
9046;1105.460977;-0.22
9048;1105.216622;-0.18
9050;1104.972376;-0.13
9052;1104.728237;-0.1
9053;1104.606208;-0.08
9055;1104.362231;-0.1
9057;1104.118361;-0.14
9059;1103.8746;-0.19
9061;1103.630946;-0.23
9063;1103.387399;-0.23
9065;1103.14396;-0.18
9067;1102.900629;-0.05
9069;1102.657404;0.15
9071;1102.414287;0.4
9073;1102.171277;0.69
9075;1101.928375;0.97
9077;1101.685579;1.2
9079;1101.44289;1.35
9081;1101.200308;1.41
9083;1100.957833;1.38
9085;1100.715465;1.29
9087;1100.473203;1.15
9089;1100.231049;0.99
9091;1099.989;0.84
9093;1099.747058;0.7
9095;1099.505223;0.6
9097;1099.263493;0.52
9099;1099.021871;0.47
9101;1098.780354;0.44
9103;1098.538943;0.42
9105;1098.297639;0.42
9107;1098.05644;0.42
9109;1097.815347;0.44
9111;1097.574361;0.47
9113;1097.33348;0.52
9115;1097.092704;0.59
9117;1096.852035;0.67
9119;1096.611471;0.75
9121;1096.371012;0.82
9123;1096.130659;0.88
9125;1095.890411;0.91
9127;1095.650268;0.92
9129;1095.410231;0.9
9131;1095.170299;0.87
9133;1094.930472;0.83
9135;1094.69075;0.77
9137;1094.451133;0.7
9139;1094.211621;0.61
9141;1093.972213;0.52
9143;1093.73291;0.42
9145;1093.493712;0.33
9147;1093.254619;0.26
9149;1093.01563;0.23
9151;1092.776746;0.22
9153;1092.537966;0.22
9155;1092.29929;0.22
9157;1092.060719;0.21
9159;1091.822251;0.17
9161;1091.583888;0.11
9163;1091.345629;0.05
9165;1091.107474;0.01
9168;1090.750436;0
9170;1090.512541;0.03
9172;1090.274749;0.09
9174;1090.037061;0.17
9176;1089.799477;0.25
9178;1089.561996;0.3
9180;1089.324619;0.33
9182;1089.087345;0.34
9184;1088.850174;0.32
9186;1088.613107;0.3
9188;1088.376143;0.27
9190;1088.139282;0.23
9192;1087.902524;0.18
9194;1087.665869;0.12
9196;1087.429317;0.04
9198;1087.192868;-0.04
9200;1086.956522;-0.12
9202;1086.720278;-0.19
9204;1086.484137;-0.23
9206;1086.248099;-0.25
9208;1086.012163;-0.25
9210;1085.77633;-0.24
9212;1085.540599;-0.24
9214;1085.304971;-0.24
9216;1085.069444;-0.25
9218;1084.83402;-0.29
9221;1084.481076;-0.33
9223;1084.245907;-0.38
9225;1084.01084;-0.43
9227;1083.775875;-0.46
9229;1083.541012;-0.47
9231;1083.306251;-0.44
9233;1083.071591;-0.38
9235;1082.837033;-0.29
9237;1082.602577;-0.2
9239;1082.368222;-0.12
9241;1082.133968;-0.07
9243;1081.899816;-0.06
9245;1081.665765;-0.08
9247;1081.431816;-0.12
9249;1081.197967;-0.14
9251;1080.96422;-0.13
9253;1080.730574;-0.08
9255;1080.497029;0.01
9258;1080.1469;0.12
9260;1079.913607;0.22
9262;1079.680415;0.28
9264;1079.447323;0.29
9266;1079.214332;0.25
9268;1078.981442;0.2
9270;1078.748652;0.15
9272;1078.515962;0.14
9274;1078.283373;0.18
9276;1078.050884;0.29
9278;1077.818495;0.45
9280;1077.586207;0.64
9282;1077.354019;0.82
9284;1077.12193;0.96
9287;1076.773985;1.03
9289;1076.542147;1.01
9291;1076.310408;0.89
9293;1076.078769;0.7
9295;1075.84723;0.47
9297;1075.61579;0.24
9299;1075.38445;0.05
9301;1075.153209;-0.08
9303;1074.922068;-0.13
9305;1074.691026;-0.09
9307;1074.460084;0
9309;1074.229241;0.13
9312;1073.883162;0.26
9314;1073.652566;0.37
9316;1073.42207;0.44
9318;1073.191672;0.45
9320;1072.961373;0.4
9322;1072.731174;0.28
9324;1072.501073;0.12
9326;1072.27107;-0.08
9328;1072.041166;-0.29
9330;1071.811361;-0.48
9333;1071.466838;-0.61
9335;1071.237279;-0.66
9337;1071.007818;-0.62
9339;1070.778456;-0.5
9341;1070.549192;-0.33
9343;1070.320026;-0.13
9345;1070.090958;0.07
9347;1069.861988;0.23
9349;1069.633116;0.36
9351;1069.404342;0.46
9354;1069.061364;0.52
9356;1068.832835;0.56
9358;1068.604403;0.59
9360;1068.376068;0.6
9362;1068.147832;0.59
9364;1067.919692;0.56
9366;1067.691651;0.52
9368;1067.463706;0.46
9370;1067.235859;0.42
9373;1066.894271;0.39
9375;1066.666667;0.38
9377;1066.43916;0.4
9379;1066.21175;0.45
9381;1065.984437;0.52
9383;1065.757221;0.6
9385;1065.530101;0.69
9387;1065.303079;0.79
9390;1064.962726;0.89
9392;1064.735945;0.98
9394;1064.509261;1.05
9396;1064.282673;1.09
9398;1064.056182;1.08
9400;1063.829787;1.03
9402;1063.603489;0.93
9404;1063.377286;0.79
9407;1063.038163;0.61
9409;1062.812201;0.41
9411;1062.586335;0.21
9413;1062.360565;0.02
9415;1062.134891;-0.12
9417;1061.909313;-0.18
9419;1061.683831;-0.15
9422;1061.345786;-0.02
9424;1061.120543;0.19
9426;1060.895396;0.44
9428;1060.670344;0.67
9430;1060.445387;0.83
9432;1060.220526;0.89
9434;1059.99576;0.85
9437;1059.65879;0.71
9439;1059.434262;0.54
9441;1059.209829;0.37
9443;1058.985492;0.23
9445;1058.761249;0.15
9447;1058.537102;0.1
9449;1058.313049;0.07
9452;1057.977148;0.03
9454;1057.753332;-0.03
9456;1057.529611;-0.08
9458;1057.305984;-0.11
9460;1057.082452;-0.09
9462;1056.859015;0
9465;1056.524036;0.17
9467;1056.300834;0.39
9469;1056.077727;0.61
9471;1055.854714;0.8
9473;1055.631796;0.91
9475;1055.408971;0.93
9478;1055.07491;0.85
9480;1054.852321;0.7
9482;1054.629825;0.5
9484;1054.407423;0.29
9486;1054.185115;0.08
9488;1053.962901;-0.09
9491;1053.629755;-0.24
9493;1053.407774;-0.34
9495;1053.185887;-0.41
9497;1052.964094;-0.47
9499;1052.742394;-0.51
9501;1052.520787;-0.56
9504;1052.188552;-0.62
9506;1051.967179;-0.69
9508;1051.745898;-0.77
9510;1051.524711;-0.84
9512;1051.303616;-0.89
9514;1051.082615;-0.91
9517;1050.751287;-0.88
9519;1050.530518;-0.81
9521;1050.309841;-0.71
9523;1050.089258;-0.59
9525;1049.868766;-0.45
9528;1049.538203;-0.32
9530;1049.317943;-0.19
9532;1049.097776;-0.06
9534;1048.877701;0.05
9536;1048.657718;0.15
9539;1048.327917;0.24
9541;1048.108165;0.3
9543;1047.888505;0.33
9545;1047.668937;0.33
9547;1047.449461;0.32
9550;1047.120419;0.31
9552;1046.901173;0.31
9554;1046.682018;0.34
9556;1046.462955;0.42
9558;1046.243984;0.54
9561;1045.915699;0.69
9563;1045.696957;0.84
9565;1045.478306;0.98
9567;1045.259747;1.07
9569;1045.041279;1.12
9572;1044.713748;1.1
9574;1044.495509;1.04
9576;1044.27736;0.94
9578;1044.059303;0.83
9580;1043.841336;0.72
9583;1043.514557;0.63
9585;1043.296818;0.58
9587;1043.07917;0.56
9589;1042.861612;0.57
9591;1042.644146;0.6
9594;1042.318115;0.63
9596;1042.100875;0.63
9598;1041.883726;0.58
9600;1041.666667;0.49
9603;1041.341248;0.34
9605;1041.124414;0.16
9607;1040.907671;-0.04
9609;1040.691019;-0.22
9611;1040.474456;-0.36
9614;1040.149782;-0.44
9616;1039.933444;-0.46
9618;1039.717197;-0.42
9620;1039.50104;-0.37
9623;1039.176972;-0.3
9625;1038.961039;-0.25
9627;1038.745196;-0.23
9629;1038.529442;-0.22
9632;1038.20598;-0.22
9634;1037.99045;-0.23
9636;1037.77501;-0.25
9638;1037.55966;-0.27
9640;1037.344398;-0.3
9643;1037.021674;-0.34
9645;1036.806636;-0.39
9647;1036.591687;-0.43
9649;1036.376827;-0.44
9652;1036.054704;-0.42
9654;1035.840066;-0.35
9656;1035.625518;-0.25
9658;1035.411058;-0.12
9661;1035.089535;0
9663;1034.875298;0.08
9665;1034.661148;0.11
9667;1034.447088;0.09
9670;1034.126163;0.03
9672;1033.912324;-0.05
9674;1033.698573;-0.14
9676;1033.484911;-0.21
9679;1033.164583;-0.26
9681;1032.951141;-0.29
9683;1032.737788;-0.29
9686;1032.417923;-0.27
9688;1032.204789;-0.24
9690;1031.991744;-0.2
9692;1031.778787;-0.15
9695;1031.459515;-0.1
9697;1031.246777;-0.04
9699;1031.034127;0.02
9701;1030.821565;0.08
9704;1030.502885;0.14
9706;1030.290542;0.19
9708;1030.078286;0.23
9710;1029.866117;0.25
9713;1029.548028;0.25
9715;1029.336078;0.22
9717;1029.124215;0.18
9720;1028.806584;0.15
9722;1028.594939;0.14
9724;1028.383381;0.18
9726;1028.17191;0.27
9729;1027.854867;0.4
9731;1027.643613;0.55
9733;1027.432446;0.68
9736;1027.115859;0.77
9738;1026.904909;0.79
9740;1026.694045;0.73
9742;1026.483268;0.6
9745;1026.167265;0.43
9747;1025.956705;0.25
9749;1025.74623;0.09
9752;1025.430681;-0.01
9754;1025.220422;-0.06
9756;1025.01025;-0.05
9758;1024.800164;0.01
9761;1024.485196;0.11
9763;1024.275325;0.23
9765;1024.06554;0.36
9768;1023.751024;0.48
9770;1023.541453;0.56
9772;1023.331969;0.59
9775;1023.017903;0.55
9777;1022.808633;0.45
9779;1022.599448;0.3
9781;1022.390349;0.12
9784;1022.07686;-0.05
9786;1021.867975;-0.2
9788;1021.659174;-0.31
9791;1021.346134;-0.38
9793;1021.137547;-0.43
9795;1020.929045;-0.48
9798;1020.616452;-0.52
9800;1020.408163;-0.56
9802;1020.199959;-0.59
9805;1019.887812;-0.6
9807;1019.679821;-0.57
9809;1019.471914;-0.5
9812;1019.160212;-0.38
9814;1018.952517;-0.24
9816;1018.744906;-0.07
9818;1018.53738;0.09
9821;1018.22625;0.23
9823;1018.018935;0.33
9825;1017.811705;0.37
9828;1017.501018;0.37
9830;1017.293998;0.32
9832;1017.087063;0.23
9835;1016.776817;0.12
9837;1016.570093;-0.01
9839;1016.363452;-0.15
9842;1016.053648;-0.26
9844;1015.847217;-0.36
9846;1015.640869;-0.44
9849;1015.331506;-0.49
9851;1015.125368;-0.52
9853;1014.919314;-0.52
9856;1014.61039;-0.51
9858;1014.404545;-0.47
9860;1014.198783;-0.41
9863;1013.890297;-0.33
9865;1013.684744;-0.23
9868;1013.376571;-0.13
9870;1013.171226;-0.03
9872;1012.965964;0.06
9875;1012.658228;0.12
9877;1012.453174;0.16
9879;1012.248203;0.19
9882;1011.940903;0.2
9884;1011.736139;0.22
9886;1011.531459;0.26
9889;1011.224593;0.31
9891;1011.020119;0.37
9893;1010.815728;0.44
9896;1010.509297;0.49
9898;1010.305112;0.5
9900;1010.10101;0.47
9903;1009.795012;0.4
9905;1009.591116;0.28
9908;1009.285426;0.14
9910;1009.081736;0
9912;1008.878128;-0.13
9915;1008.572869;-0.24
9917;1008.369467;-0.32
9919;1008.166146;-0.38
9922;1007.861318;-0.41
9924;1007.658202;-0.41
9927;1007.353682;-0.37
9929;1007.15077;-0.31
9931;1006.947941;-0.2
9934;1006.643849;-0.08
9936;1006.441224;0.06
9938;1006.23868;0.19
9941;1005.935017;0.28
9943;1005.732676;0.34
9946;1005.429318;0.35
9948;1005.227181;0.33
9950;1005.025126;0.28
9953;1004.722194;0.23
9955;1004.520342;0.19
9958;1004.217714;0.18
9960;1004.016064;0.19
9962;1003.814495;0.22
9965;1003.512293;0.28
9967;1003.310926;0.36
9969;1003.10964;0.44
9972;1002.807862;0.53
9974;1002.606778;0.6
9977;1002.305302;0.64
9979;1002.104419;0.64
9981;1001.903617;0.62
9984;1001.602564;0.58
9986;1001.401963;0.53
9989;1001.101211;0.5
9991;1000.900811;0.49
9994;1000.60036;0.5
9996;1000.40016;0.5
9998;1000.20004;0.48
10001;999.90001;0.41
10003;999.70009;0.3
10006;999.4003598;0.16
10008;999.2006395;0.03
10010;999.000999;-0.05
10013;998.7016878;-0.06
10015;998.5022466;0.01
10018;998.2032342;0.13
10020;998.003992;0.26
10022;997.8048294;0.34
10025;997.5062344;0.36
10027;997.3072704;0.29
10030;997.0089731;0.15
10032;996.8102073;-0.03
10035;996.5122073;-0.21
10037;996.3136395;-0.36
10039;996.1151509;-0.45
10042;995.8175662;-0.47
10044;995.6192752;-0.44
10047;995.3219867;-0.36
10049;995.1238929;-0.26
10052;994.8269001;-0.15
10054;994.6290034;-0.04
10056;994.4311854;0.04
10059;994.1346058;0.1
10061;993.9369844;0.13
10064;993.6406995;0.11
10066;993.4432744;0.05
10069;993.1472837;-0.03
10071;992.9500546;-0.14
10074;992.6543578;-0.27
10076;992.4573243;-0.39
10078;992.2603691;-0.5
10081;991.9650828;-0.61
10083;991.7683229;-0.7
10086;991.4733294;-0.76
10088;991.2767645;-0.78
10091;990.9820632;-0.76
10093;990.7856931;-0.68
10096;990.4912837;-0.54
10098;990.2951079;-0.37
10101;990.00099;-0.17
10103;989.8050084;0.01
10105;989.6091044;0.18
10108;989.3153937;0.3
10110;989.1196835;0.39
10113;988.8262632;0.45
10115;988.6307464;0.49
10118;988.3376161;0.51
10120;988.1422925;0.53
10123;987.8494517;0.55
10125;987.654321;0.58
10128;987.3617694;0.61
10130;987.1668312;0.65
10133;986.8745682;0.7
10135;986.6798224;0.75
10138;986.3878477;0.8
10140;986.1932939;0.84
10143;985.901607;0.85
10145;985.7072449;0.83
10148;985.4158455;0.77
10150;985.2216749;0.68
10152;985.0275808;0.58
10155;984.736583;0.48
10157;984.5426799;0.4
10160;984.2519685;0.34
10162;984.0582562;0.32
10165;983.7678308;0.31
10167;983.574309;0.31
10170;983.2841691;0.29
10172;983.0908376;0.26
10175;982.8009828;0.21
10177;982.6078412;0.15
10180;982.3182711;0.09
10182;982.1253192;0.06
10185;981.8360334;0.06
10187;981.6432708;0.1
10190;981.3542689;0.16
10192;981.1616954;0.25
10195;980.8729769;0.32
10197;980.6805923;0.38
10200;980.3921569;0.41
10202;980.1999608;0.41
10205;979.9118079;0.39
10207;979.7198001;0.36
10210;979.4319295;0.34
10212;979.2401097;0.33
10215;978.9525208;0.31
10217;978.7608887;0.29
10220;978.4735812;0.26
10223;978.1864423;0.2
10225;977.99511;0.13
10228;977.7082519;0.04
10230;977.5171065;-0.04
10233;977.2305287;-0.11
10235;977.0395701;-0.17
10238;976.7532721;-0.2
10240;976.5625;-0.22
10243;976.2764815;-0.21
10245;976.0858956;-0.2
10248;975.8001561;-0.17
10250;975.6097561;-0.14
10253;975.3242953;-0.11
10255;975.1340809;-0.11
10258;974.8488984;-0.12
10260;974.6588694;-0.16
10263;974.3739647;-0.22
10266;974.0892266;-0.29
10268;973.8994936;-0.35
10271;973.6150326;-0.39
10273;973.4254843;-0.43
10276;973.1413001;-0.45
10278;972.9519362;-0.48
10281;972.6680284;-0.52
10283;972.4788486;-0.57
10286;972.1952168;-0.61
10288;972.0062208;-0.64
10291;971.7228646;-0.62
10294;971.4396736;-0.56
10296;971.2509713;-0.46
10299;970.9680552;-0.36
10301;970.779536;-0.28
10304;970.4968944;-0.25
10306;970.3085581;-0.29
10309;970.0261907;-0.4
10311;969.838037;-0.55
10314;969.5559434;-0.72
10317;969.2740138;-0.87
10319;969.0861518;-0.99
10322;968.8044953;-1.06
10324;968.6168152;-1.07
10327;968.3354314;-1.01
10329;968.147933;-0.9
10332;967.8668215;-0.73
10335;967.5858732;-0.51
10337;967.398665;-0.26
10340;967.1179884;-0.01
10342;966.9309611;0.21
10345;966.6505558;0.37
10347;966.4637093;0.45
10350;966.1835749;0.46
10353;965.9036028;0.4
10355;965.7170449;0.31
10358;965.4373431;0.21
10360;965.2509653;0.13
10363;964.9715333;0.08
10366;964.6922632;0.06
10368;964.5061728;0.07
10371;964.2271719;0.1
10373;964.041261;0.17
10376;963.7625289;0.26
10379;963.483958;0.35
10381;963.2983335;0.44
10384;963.0200308;0.49
10386;962.834585;0.48
10389;962.5565502;0.38
10392;962.2786759;0.21
10394;962.0935155;-0.02
10397;961.8159084;-0.27
10399;961.6309261;-0.49
10402;961.3535858;-0.65
10405;961.0764056;-0.74
10407;960.8917075;-0.75
10410;960.6147935;-0.73
10412;960.4302728;-0.69
10415;960.1536246;-0.67
10418;959.8771357;-0.67
10420;959.6928983;-0.68
10423;959.4166747;-0.7
10425;959.2326139;-0.69
10428;958.9566552;-0.65
10431;958.6808551;-0.57
10433;958.4970766;-0.46
10436;958.2215408;-0.35
10439;957.9461634;-0.24
10441;957.7626664;-0.14
10444;957.4875527;-0.05
10447;957.2125969;0.06
10449;957.0293808;0.18
10452;956.7546881;0.33
10454;956.5716472;0.51
10457;956.2972172;0.68
10460;956.0229446;0.84
10462;955.8401835;0.96
10465;955.566173;1.02
10468;955.2923194;1.01
10470;955.1098376;0.94
10473;954.8362456;0.84
10476;954.5628102;0.73
10478;954.380607;0.62
10481;954.1074325;0.53
10483;953.925403;0.45
10486;953.652489;0.37
10489;953.3797311;0.26
10491;953.1979792;0.12
10494;952.9254812;-0.05
10497;952.653139;-0.23
10499;952.471664;-0.38
10502;952.199581;-0.49
10505;951.9276535;-0.52
10507;951.7464547;-0.47
10510;951.4747859;-0.35
10513;951.2032721;-0.21
10515;951.022349;-0.08
10518;950.7510934;0.02
10521;950.4799924;0.07
10523;950.2993443;0.07
10526;950.0285009;0.04
10529;949.7578118;-0.02
10531;949.577438;-0.09
10534;949.3070059;-0.16
10537;949.0367277;-0.21
10539;948.8566278;-0.25
10542;948.586606;-0.27
10545;948.3167378;-0.27
10547;948.136911;-0.23
10550;947.8672986;-0.17
10553;947.5978395;-0.09
10555;947.4182852;-0.02
10558;947.1490813;0.02
10561;946.8800303;0.01
10564;946.6111321;-0.05
10566;946.4319515;-0.14
10569;946.1633078;-0.23
10572;945.8948165;-0.31
10574;945.7159069;-0.36
10577;945.4476695;-0.35
10580;945.1795841;-0.31
10582;945.000945;-0.24
10585;944.7331129;-0.16
10588;944.4654326;-0.07
10591;944.1979039;0
10593;944.0196356;0.09
10596;943.7523594;0.18
10599;943.4852345;0.29
10601;943.3072352;0.41
10604;943.0403621;0.52
10607;942.77364;0.61
10609;942.5959091;0.66
10612;942.3294384;0.66
10615;942.0631182;0.61
10618;941.7969486;0.52
10620;941.6195857;0.4
10623;941.3536666;0.25
10626;941.0878976;0.08
10629;940.8222787;-0.08
10631;940.6452827;-0.25
10634;940.3799135;-0.39
10637;940.114694;-0.51
10639;939.9379641;-0.57
10642;939.6729938;-0.57
10645;939.4081729;-0.51
10648;939.1435011;-0.4
10650;938.9671362;-0.25
10653;938.7027129;-0.11
10656;938.4384384;0
10659;938.1743128;0.06
10661;937.9983116;0.05
10664;937.7344336;-0.02
10667;937.470704;-0.13
10670;937.2071228;-0.24
10672;937.0314843;-0.31
10675;936.7681499;-0.32
10678;936.5049635;-0.27
10680;936.329588;-0.14
10683;936.0666479;0.02
10686;935.8038555;0.21
10689;935.5412106;0.37
10692;935.2787131;0.49
10694;935.1037965;0.56
10697;934.8415444;0.57
10700;934.5794393;0.53
10703;934.3174811;0.47
10705;934.1429239;0.4
10708;933.8812103;0.35
10711;933.6196434;0.31
10714;933.3582229;0.3
10716;933.1840239;0.31
10719;932.9228473;0.34
10722;932.6618168;0.39
10725;932.4009324;0.43
10727;932.2270905;0.46
10730;931.9664492;0.46
10733;931.7059536;0.43
10736;931.4456036;0.37
10739;931.185399;0.28
10741;931.0120101;0.16
10744;930.7520477;0.04
10747;930.4922304;-0.06
10750;930.2325581;-0.13
10752;930.0595238;-0.16
10755;929.800093;-0.15
10758;929.5408068;-0.09
10761;929.2816653;-0.01
10764;929.0226682;0.07
10766;928.8500836;0.15
10769;928.591327;0.19
10772;928.3327144;0.21
10775;928.0742459;0.18
10778;927.8159213;0.14
10780;927.6437848;0.08
10783;927.3856997;0.03
10786;927.1277582;-0.02
10789;926.8699601;-0.06
10792;926.6123054;-0.11
10794;926.4406152;-0.16
10797;926.183199;-0.21
10800;925.9259259;-0.28
10803;925.6687957;-0.34
10806;925.4118083;-0.37
10809;925.1549635;-0.35
10811;924.9838128;-0.28
10814;924.7272055;-0.14
10817;924.4707405;0.04
10820;924.2144177;0.25
10823;923.9582371;0.45
10825;923.7875289;0.63
10828;923.5315848;0.77
10831;923.2757825;0.87
10834;923.0201218;0.93
10837;922.7646027;0.97
10840;922.5092251;0.99
10842;922.3390518;1
10845;922.0839096;1
10848;921.8289086;0.97
10851;921.5740485;0.93
10854;921.3193293;0.84
10857;921.0647509;0.73
10859;920.89511;0.6
10862;920.640766;0.46
10865;920.3865624;0.33
10868;920.1324991;0.23
10871;919.878576;0.17
10874;919.6247931;0.16
10877;919.3711501;0.18
10879;919.2021325;0.23
10882;918.9487227;0.28
10885;918.6954525;0.31
10888;918.4423218;0.31
10891;918.1893306;0.26
10894;917.9364788;0.19
10897;917.6837662;0.13
10899;917.5153684;0.1
10902;917.2628875;0.14
10905;917.0105456;0.25
10908;916.7583425;0.42
10911;916.5062781;0.61
10914;916.2543522;0.78
10917;916.0025648;0.9
10919;915.8347834;0.94
10922;915.5832265;0.89
10925;915.3318078;0.75
10928;915.0805271;0.57
10931;914.8293843;0.38
10934;914.5783794;0.22
10937;914.3275121;0.12
10940;914.0767824;0.08
10943;913.8261903;0.1
10945;913.6592051;0.17
10948;913.4088418;0.26
10951;913.1586157;0.33
10954;912.9085266;0.37
10957;912.6585744;0.38
10960;912.4087591;0.35
10963;912.1590805;0.3
10966;911.9095386;0.25
10969;911.6601331;0.24
10971;911.4939386;0.26
10974;911.2447603;0.33
10977;910.9957183;0.41
10980;910.7468124;0.49
10983;910.4980424;0.53
10986;910.2494083;0.51
10989;910.00091;0.44
10992;909.7525473;0.32
10995;909.5043201;0.17
10998;909.2562284;0.03
11001;909.008272;-0.08
11003;908.8430428;-0.14
11006;908.5953116;-0.16
11009;908.3477155;-0.13
11012;908.1002543;-0.06
11015;907.8529278;0.04
11018;907.6057361;0.17
11021;907.3586789;0.32
11024;907.1117562;0.48
11027;906.8649678;0.64
11030;906.6183137;0.78
11033;906.3717937;0.86
11036;906.1254078;0.88
11039;905.8791557;0.83
11042;905.6330375;0.73
11044;905.469033;0.61
11047;905.2231375;0.51
11050;904.9773756;0.45
11053;904.731747;0.46
11056;904.4862518;0.52
11059;904.2408898;0.61
11062;903.9956608;0.71
11065;903.7505648;0.78
11068;903.5056017;0.79
11071;903.2607714;0.75
11074;903.0160737;0.66
11077;902.7715085;0.56
11080;902.5270758;0.46
11083;902.2827754;0.41
11086;902.0386073;0.41
11089;901.7945712;0.46
11092;901.5506671;0.56
11095;901.306895;0.67
11098;901.0632546;0.77
11101;900.819746;0.83
11104;900.5763689;0.85
11107;900.3331233;0.84
11110;900.090009;0.82
11113;899.847026;0.79
11116;899.6041742;0.77
11118;899.4423457;0.76
11121;899.1997123;0.75
11124;898.9572096;0.71
11127;898.7148378;0.63
11130;898.4725966;0.49
11133;898.2304859;0.31
11136;897.9885057;0.1
11139;897.7466559;-0.09
11142;897.5049363;-0.23
11145;897.2633468;-0.31
11148;897.0218873;-0.3
11151;896.7805578;-0.22
11154;896.5393581;-0.11
11157;896.2982881;0.02
11160;896.0573477;0.13
11163;895.8165368;0.21
11166;895.5758553;0.23
11169;895.3353031;0.2
11172;895.0948801;0.12
11175;894.8545861;-0.01
11178;894.6144212;-0.16
11181;894.3743851;-0.32
11184;894.1344778;-0.47
11187;893.8946992;-0.58
11190;893.6550492;-0.65
11193;893.4155276;-0.65
11197;893.0963651;-0.59
11200;892.8571429;-0.48
11203;892.6180487;-0.32
11206;892.3790826;-0.16
11209;892.1402444;0.01
11212;891.9015341;0.15
11215;891.6629514;0.27
11218;891.4244963;0.36
11221;891.1861688;0.46
11224;890.9479686;0.56
11227;890.7098958;0.68
11230;890.4719501;0.83
11233;890.2341316;0.98
11236;889.99644;1.14
11239;889.7588753;1.26
11242;889.5214375;1.33
11245;889.2841263;1.34
11248;889.0469417;1.28
11251;888.8098836;1.16
11254;888.5729518;1
11257;888.3361464;0.82
11260;888.0994671;0.63
11263;887.862914;0.43
11266;887.6264868;0.24
11270;887.3114463;0.05
11273;887.0753127;-0.13
11276;886.8393047;-0.29
11279;886.6034223;-0.43
11282;886.3676653;-0.53
11285;886.1320337;-0.6
11288;885.8965273;-0.62
11291;885.661146;-0.6
11294;885.4258899;-0.57
11297;885.1907586;-0.53
11300;884.9557522;-0.48
11303;884.7208706;-0.43
11306;884.4861136;-0.36
11309;884.2514811;-0.27
11313;883.9388314;-0.17
11316;883.7044892;-0.06
11319;883.4702712;0.03
11322;883.2361774;0.11
11325;883.0022075;0.15
11328;882.7683616;0.18
11331;882.5346395;0.23
11334;882.3010411;0.31
11337;882.0675664;0.45
11340;881.8342152;0.65
11343;881.6009874;0.88
11347;881.2902089;1.12
11350;881.0572687;1.32
11353;880.8244517;1.46
11356;880.5917577;1.5
11359;880.3591865;1.47
11362;880.1267383;1.38
11365;879.8944127;1.26
11368;879.6622097;1.13
11371;879.4301293;1.01
11375;879.1208791;0.89
11378;878.8890842;0.77
11381;878.6574115;0.65
11384;878.4258609;0.54
11387;878.1944322;0.45
11390;877.9631255;0.39
11393;877.7319407;0.39
11396;877.5008775;0.42
11400;877.1929825;0.49
11403;876.9622029;0.55
11406;876.7315448;0.57
11409;876.501008;0.53
11412;876.2705924;0.43
11415;876.0402979;0.28
11418;875.8101244;0.1
11422;875.5034145;-0.05
11425;875.273523;-0.16
11428;875.0437522;-0.22
11431;874.814102;-0.23
11434;874.5845723;-0.22
11437;874.3551631;-0.21
11440;874.1258741;-0.21
11444;873.8203425;-0.23
11447;873.591334;-0.27
11450;873.3624454;-0.29
11453;873.1336768;-0.28
11456;872.9050279;-0.22
11459;872.6764988;-0.11
11463;872.3719794;0.02
11466;872.1437293;0.15
11469;871.9155986;0.26
11472;871.6875872;0.33
11475;871.459695;0.37
11478;871.2319219;0.38
11482;870.9284097;0.4
11485;870.7009142;0.44
11488;870.4735376;0.51
11491;870.2462797;0.61
11494;870.0191404;0.73
11498;869.7164724;0.83
11501;869.4896096;0.91
11504;869.2628651;0.95
11507;869.0362388;0.96
11510;868.8097307;0.94
11513;868.5833406;0.9
11517;868.2816706;0.87
11520;868.0555556;0.84
11523;867.8295583;0.8
11526;867.6036786;0.75
11529;867.3779166;0.66
11533;867.0770832;0.55
11536;866.851595;0.41
11539;866.6262241;0.25
11542;866.4009704;0.1
11546;866.1008141;-0.02
11549;865.8758334;-0.09
11552;865.6509695;-0.09
11555;865.4262224;-0.02
11558;865.201592;0.12
11562;864.902266;0.3
11565;864.6779075;0.5
11568;864.4536653;0.67
11571;864.2295394;0.79
11575;863.9308855;0.82
11578;863.7070306;0.73
11581;863.4832916;0.54
11584;863.2596685;0.26
11587;863.0361612;-0.06
11591;862.7383315;-0.38
11594;862.515094;-0.65
11597;862.2919721;-0.85
11600;862.0689655;-0.95
11604;861.7718028;-0.97
11607;861.5490652;-0.92
11610;861.3264427;-0.83
11613;861.1039352;-0.71
11617;860.8074374;-0.6
11620;860.5851979;-0.48
11623;860.3630732;-0.36
11626;860.1410631;-0.22
11630;859.8452279;-0.05
11633;859.6234849;0.13
11636;859.4018563;0.31
11639;859.180342;0.47
11643;858.8851671;0.57
11646;858.6639189;0.58
11649;858.4427848;0.51
11653;858.1481164;0.37
11656;857.9272478;0.2
11659;857.7064928;0.04
11662;857.4858515;-0.06
11666;857.1918395;-0.09
11669;856.9714629;-0.04
11672;856.7511995;0.06
11675;856.5310493;0.2
11679;856.2376916;0.32
11682;856.0178052;0.41
11685;855.7980317;0.47
11689;855.5051758;0.49
11692;855.2856654;0.5
11695;855.0662676;0.52
11699;854.7739123;0.55
11702;854.554777;0.59
11705;854.335754;0.65
11708;854.1168432;0.7
11712;853.8251366;0.74
11715;853.6064874;0.76
11718;853.3879502;0.77
11722;853.0967412;0.77
11725;852.8784648;0.76
11728;852.6603001;0.75
11732;852.3695875;0.73
11735;852.151683;0.71
11738;851.9338899;0.7
11742;851.6436723;0.69
11745;851.4261388;0.69
11748;851.2087164;0.67
11752;850.9189925;0.63
11755;850.701829;0.55
11758;850.4847763;0.43
11762;850.195545;0.26
11765;849.9787505;0.09
11768;849.7620666;-0.06
11772;849.4733265;-0.16
11775;849.2569002;-0.17
11778;849.0405841;-0.11
11782;848.7523341;0.02
11785;848.5362749;0.16
11788;848.3203258;0.27
11792;848.0325645;0.34
11795;847.8168716;0.33
11798;847.6012884;0.28
11802;847.3140146;0.18
11805;847.098687;0.07
11808;846.8834688;-0.03
11812;846.5966813;-0.12
11815;846.3817182;-0.21
11819;846.0952703;-0.28
11822;845.8805617;-0.33
11825;845.6659619;-0.35
11829;845.3799983;-0.34
11832;845.1656525;-0.28
11835;844.9514153;-0.2
11839;844.6659346;-0.12
11842;844.4519507;-0.06
11846;844.1668074;-0.06
11849;843.9530762;-0.14
11852;843.7394533;-0.28
11856;843.4547908;-0.47
11859;843.24142;-0.67
11862;843.0281571;-0.84
11866;842.7439744;-0.96
11869;842.530963;-1.03
11873;842.2471153;-1.05
11876;842.034355;-1.03
11879;841.8217022;-1
11883;841.5383321;-0.97
11886;841.3259297;-0.96
11890;841.0428932;-0.96
11893;840.8307408;-0.96
11896;840.6186954;-0.97
11900;840.3361345;-0.96
11903;840.1243384;-0.93
11907;839.8421097;-0.86
11910;839.6305626;-0.75
11914;839.3486654;-0.61
11917;839.1373668;-0.45
11920;838.9261745;-0.28
11924;838.6447501;-0.12
11927;838.4338057;0.02
11931;838.1527114;0.15
11934;837.9420144;0.28
11938;837.6612498;0.42
11941;837.4507998;0.58
11944;837.2404555;0.77
11948;836.9601607;0.97
11951;836.7500628;1.16
11955;836.4700962;1.31
11958;836.2602442;1.39
11962;835.9806052;1.4
11965;835.7709987;1.34
11969;835.4916869;1.21
11972;835.2823254;1.05
11975;835.0730689;0.88
11979;834.7942232;0.7
11982;834.5852112;0.53
11986;834.3066911;0.37
11989;834.0979231;0.23
11993;833.8197282;0.09
11996;833.6112037;-0.04
12000;833.3333333;-0.16
12003;833.1250521;-0.27
12007;832.8475056;-0.37
12010;832.6394671;-0.47
12014;832.362244;-0.56
12017;832.1544479;-0.63
12021;831.8775476;-0.67
12024;831.6699933;-0.66
12028;831.3934154;-0.61
12031;831.1861026;-0.5
12035;830.9098463;-0.36
12038;830.7027745;-0.19
12042;830.4268394;-0.02
12045;830.2200083;0.12
12049;829.9443937;0.22
12052;829.7378029;0.27
12056;829.4625083;0.25
12059;829.2561572;0.17
12063;828.9811821;0.04
12066;828.7750704;-0.12
12070;828.5004143;-0.28
12073;828.2945415;-0.41
12077;828.0202037;-0.48
12080;827.8145695;-0.49
12084;827.5405495;-0.42
12087;827.3351535;-0.3
12091;827.0614507;-0.15
12094;826.8562924;0.02
12098;826.5829063;0.17
12101;826.3779853;0.29
12105;826.1049153;0.39
12108;825.9002313;0.46
12112;825.6274769;0.51
12115;825.4230293;0.53
12119;825.15059;0.51
12122;824.9463785;0.45
12126;824.6742537;0.35
12130;824.4023083;0.24
12133;824.198467;0.12
12137;823.9268353;0.02
12140;823.723229;-0.04
12144;823.4519104;-0.06
12147;823.2485387;-0.04
12151;822.9775327;0.01
12154;822.7743953;0.07
12158;822.5037013;0.13
12162;822.2331853;0.2
12165;822.0304151;0.27
12169;821.7602104;0.36
12172;821.5576733;0.45
12176;821.2877792;0.53
12179;821.085475;0.59
12183;820.815891;0.6
12187;820.546484;0.55
12190;820.3445447;0.47
12194;820.0754469;0.36
12197;819.8737394;0.28
12201;819.6049504;0.23
12204;819.4034743;0.25
12208;819.1349934;0.33
12212;818.8666885;0.46
12215;818.6655751;0.6
12219;818.3975775;0.72
12222;818.1966945;0.79
12226;817.9290038;0.81
12230;817.6614881;0.75
12233;817.4609662;0.62
12237;817.1937566;0.45
12240;816.9934641;0.25
12244;816.7265599;0.05
12248;816.4598302;-0.11
12251;816.2598972;-0.22
12255;815.9934721;-0.24
12259;815.7272208;-0.18
12262;815.5276464;-0.03
12266;815.261699;0.16
12269;815.0623523;0.37
12273;814.7967082;0.56
12277;814.5312373;0.7
12280;814.3322476;0.78
12284;814.0670791;0.8
12288;813.8020833;0.76
12291;813.6034497;0.68
12295;813.3387556;0.58
12299;813.0742337;0.48
12302;812.8759551;0.41
12306;812.6117341;0.36
12310;812.3476848;0.35
12313;812.1497604;0.36
12317;811.8860112;0.38
12320;811.6883117;0.39
12324;811.4248621;0.39
12328;811.1615834;0.37
12331;810.9642365;0.34
12335;810.7012566;0.31
12339;810.4384472;0.31
12342;810.241452;0.35
12346;809.9789405;0.44
12350;809.7165992;0.56
12353;809.5199547;0.69
12357;809.2579105;0.8
12361;808.9960359;0.86
12365;808.7343308;0.86
12368;808.538163;0.8
12372;808.276754;0.7
12376;808.0155139;0.57
12379;807.8196946;0.42
12383;807.5587499;0.28
12387;807.2979737;0.15
12390;807.102502;0.03
12394;806.8420203;-0.06
12398;806.5817067;-0.12
12402;806.321561;-0.14
12405;806.1265619;-0.11
12409;805.8667096;-0.06
12413;805.6070249;0.02
12416;805.4123711;0.1
12420;805.1529791;0.17
12424;804.893754;0.2
12428;804.6346958;0.21
12431;804.4405116;0.19
12435;804.1817451;0.17
12439;803.9231449;0.16
12442;803.729304;0.15
12446;803.4709947;0.16
12450;803.2128514;0.18
12454;802.9548739;0.19
12457;802.7614996;0.19
12461;802.5038119;0.18
12465;802.2462896;0.16
12469;801.9889326;0.13
12472;801.7960231;0.08
12476;801.5389548;0.02
12480;801.2820513;-0.06
12484;801.0253124;-0.15
12487;800.8328662;-0.23
12491;800.576415;-0.27
12495;800.3201281;-0.25
12499;800.0640051;-0.14
12502;799.8720205;0.04
12506;799.6161842;0.28
12510;799.3605116;0.53
12514;799.1050024;0.75
12518;798.8496565;0.89
12521;798.6582541;0.92
12525;798.4031936;0.85
12529;798.148296;0.69
12533;797.893561;0.47
12536;797.7026165;0.22
12540;797.4481659;-0.05
12544;797.1938776;-0.33
12548;796.9397514;-0.62
12552;796.6857871;-0.91
12555;796.4954202;-1.2
12559;796.241739;-1.44
12563;795.9882194;-1.62
12567;795.7348611;-1.69
12571;795.4816641;-1.65
12574;795.2918721;-1.51
12578;795.0389569;-1.31
12582;794.7862025;-1.1
12586;794.5336088;-0.93
12590;794.2811755;-0.85
12594;794.0289027;-0.85
12597;793.8398031;-0.91
12601;793.5878105;-1.01
12605;793.3359778;-1.09
12609;793.0843049;-1.13
12613;792.8327916;-1.11
12616;792.6442613;-1.05
12620;792.3930269;-0.96
12624;792.1419518;-0.88
12628;791.8910358;-0.8
12632;791.6402787;-0.73
12636;791.3896803;-0.65
12640;791.1392405;-0.54
12643;790.9515147;-0.4
12647;790.7013521;-0.23
12651;790.4513477;-0.07
12655;790.2015014;0.07
12659;789.9518129;0.15
12663;789.7022822;0.18
12667;789.4529091;0.16
12670;789.2659826;0.13
12674;789.016885;0.11
12678;788.7679445;0.12
12682;788.519161;0.17
12686;788.2705344;0.24
12690;788.0220646;0.3
12694;787.7737514;0.33
12698;787.5255946;0.31
12701;787.3395796;0.23
12705;787.0916962;0.1
12709;786.8439688;-0.04
12713;786.5963974;-0.16
12717;786.3489817;-0.25
12721;786.1017216;-0.29
12725;785.8546169;-0.28
12729;785.6076675;-0.23
12733;785.3608733;-0.16
12737;785.1142341;-0.1
12740;784.9293564;-0.07
12744;784.6829881;-0.08
12748;784.4367744;-0.15
12752;784.1907152;-0.27
12756;783.9448103;-0.42
12760;783.6990596;-0.6
12764;783.4534629;-0.75
12768;783.2080201;-0.87
12772;782.962731;-0.93
12776;782.7175955;-0.92
12780;782.4726135;-0.84
12784;782.2277847;-0.71
12788;781.9831092;-0.53
12792;781.7385866;-0.33
12796;781.4942169;-0.09
12799;781.3110399;0.18
12803;781.0669374;0.48
12807;780.8229874;0.78
12811;780.5791898;1.08
12815;780.3355443;1.33
12819;780.0920509;1.5
12823;779.8487094;1.56
12827;779.6055196;1.51
12831;779.3624815;1.34
12835;779.1195949;1.1
12839;778.8768596;0.81
12843;778.6342755;0.54
12847;778.3918425;0.32
12851;778.1495603;0.18
12855;777.907429;0.13
12859;777.6654483;0.18
12863;777.4236181;0.29
12867;777.1819383;0.46
12871;776.9404087;0.64
12875;776.6990291;0.8
12879;776.4577995;0.93
12883;776.2167197;1
12887;775.9757896;1.01
12891;775.7350089;0.95
12895;775.4943777;0.84
12899;775.2538957;0.7
12903;775.0135627;0.54
12907;774.7733788;0.38
12911;774.5333437;0.23
12915;774.2934572;0.1
12919;774.0537193;-0.01
12923;773.8141298;-0.09
12927;773.5746886;-0.16
12931;773.3353956;-0.2
12935;773.0962505;-0.21
12939;772.8572533;-0.21
12943;772.6184038;-0.17
12947;772.3797019;-0.08
12951;772.1411474;0.05
12955;771.9027403;0.23
12959;771.6644803;0.44
12963;771.4263674;0.67
12968;771.1289328;0.86
12972;770.8911502;1
12976;770.6535142;1.04
12980;770.4160247;0.99
12984;770.1786815;0.85
12988;769.9414844;0.66
12992;769.7044335;0.48
12996;769.4675285;0.32
13000;769.2307692;0.23
13004;768.9941556;0.2
13008;768.7576876;0.2
13012;768.5213649;0.19
13016;768.2851875;0.16
13020;768.0491551;0.06
13025;767.7543186;-0.09
13029;767.5186123;-0.31
13033;767.2830507;-0.55
13037;767.0476337;-0.82
13041;766.812361;-1.08
13045;766.5772327;-1.32
13049;766.3422484;-1.54
13053;766.1074083;-1.71
13057;765.872712;-1.81
13061;765.6381594;-1.84
13066;765.3451707;-1.77
13070;765.1109411;-1.6
13074;764.8768548;-1.36
13078;764.6429118;-1.05
13082;764.4091118;-0.71
13086;764.1754547;-0.37
13090;763.9419404;-0.05
13094;763.7085688;0.23
13099;763.4170547;0.48
13103;763.1840037;0.7
13107;762.9510948;0.9
13111;762.7183281;1.1
13115;762.4857034;1.3
13119;762.2532205;1.52
13123;762.0208794;1.74
13128;761.730652;1.95
13132;761.4986293;2.12
13136;761.2667479;2.21
13140;761.0350076;2.19
13144;760.8034084;2.04
13148;760.5719501;1.75
13153;760.2828252;1.37
13157;760.0516835;0.95
13161;759.8206823;0.54
13165;759.5898215;0.22
13169;759.3591009;0
13173;759.1285205;-0.09
13178;758.8404917;-0.07
13182;758.6102261;0.04
13186;758.3801001;0.2
13190;758.1501137;0.37
13194;757.9202668;0.53
13199;757.633154;0.67
13203;757.4036204;0.76
13207;757.1742258;0.81
13211;756.9449701;0.79
13215;756.7158532;0.71
13220;756.429652;0.56
13224;756.2008469;0.36
13228;755.9721802;0.13
13232;755.7436518;-0.1
13236;755.5152614;-0.28
13241;755.2299675;-0.41
13245;755.0018875;-0.46
13249;754.7739452;-0.43
13253;754.5461405;-0.33
13258;754.2615779;-0.17
13262;754.0340823;0.02
13266;753.806724;0.21
13270;753.5795026;0.38
13275;753.2956685;0.5
13279;753.0687552;0.54
13283;752.8419785;0.51
13287;752.6153383;0.43
13292;752.3322299;0.32
13296;752.1058965;0.24
13300;751.8796992;0.23
13304;751.653638;0.31
13309;751.3712525;0.48
13313;751.1454969;0.71
13317;750.9198768;0.94
13321;750.6943923;1.13
13326;750.412727;1.23
13330;750.1875469;1.23
13334;749.9625019;1.12
13339;749.6813854;0.95
13343;749.4566439;0.74
13347;749.2320372;0.53
13351;749.007565;0.35
13356;748.7271638;0.2
13360;748.502994;0.09
13364;748.2789584;0.01
13369;747.9991024;-0.05
13373;747.7753683;-0.08
13377;747.551768;-0.08
13382;747.2724555;-0.06
13386;747.0491558;0.01
13390;746.8259895;0.11
13395;746.5472191;0.25
13399;746.3243526;0.42
13403;746.101619;0.6
13408;745.823389;0.74
13412;745.6009544;0.81
13416;745.3786524;0.78
13421;745.1009612;0.63
13425;744.8789572;0.38
13429;744.6570854;0.06
13434;744.3799315;-0.27
13438;744.1583569;-0.58
13442;743.9369141;-0.81
13447;743.660296;-0.96
13451;743.4391495;-1.05
13455;743.2181345;-1.11
13460;742.9420505;-1.18
13464;742.721331;-1.27
13469;742.4456159;-1.39
13473;742.2251911;-1.5
13477;742.0048972;-1.57
13482;741.7297137;-1.56
13486;741.5097138;-1.47
13490;741.2898443;-1.3
13495;741.0151908;-1.09
13499;740.7956145;-0.9
13504;740.521327;-0.76
13508;740.3020432;-0.68
13512;740.0828893;-0.67
13517;739.8091292;-0.7
13521;739.590267;-0.73
13526;739.3168712;-0.75
13530;739.0983001;-0.73
13534;738.8798581;-0.67
13539;738.6069872;-0.6
13543;738.3888356;-0.53
13548;738.1163271;-0.49
13552;737.8984652;-0.46
13557;737.6263185;-0.46
13561;737.4087457;-0.47
13565;737.1913011;-0.46
13570;736.9196758;-0.43
13574;736.7025195;-0.38
13579;736.4312541;-0.31
13583;736.2143856;-0.24
13588;735.9434795;-0.2
13592;735.7268982;-0.21
13597;735.4563507;-0.29
13601;735.2400559;-0.43
13605;735.0238883;-0.63
13610;734.7538575;-0.86
13614;734.5379756;-1.07
13619;734.2683016;-1.25
13623;734.052705;-1.37
13628;733.7833871;-1.41
13632;733.5680751;-1.4
13637;733.2991127;-1.33
13641;733.0840847;-1.22
13646;732.8154771;-1.08
13650;732.6007326;-0.92
13655;732.3324789;-0.74
13659;732.1180174;-0.55
13664;731.8501171;-0.37
13668;731.635938;-0.19
13673;731.3683903;-0.05
13677;731.1544929;0.06
13682;730.8872972;0.12
13686;730.6736811;0.14
13691;730.4068366;0.13
13695;730.1935013;0.11
13700;729.9270073;0.1
13704;729.7139521;0.1
13709;729.447808;0.15
13713;729.2350325;0.24
13718;728.9692375;0.39
13722;728.756741;0.59
13727;728.4912945;0.82
13732;728.2260414;1.06
13736;728.0139779;1.28
13741;727.7490721;1.46
13745;727.5372863;1.58
13750;727.2727273;1.62
13754;727.0612186;1.61
13759;726.7970056;1.56
13763;726.5857735;1.5
13768;726.3219059;1.46
13773;726.0582299;1.45
13777;725.8474269;1.48
13782;725.5840952;1.54
13786;725.3735674;1.61
13791;725.1105794;1.65
13795;724.9003262;1.63
13800;724.6376812;1.53
13805;724.3752264;1.33
13809;724.1653994;1.03
13814;723.9032865;0.65
13818;723.6937328;0.21
13823;723.4319612;-0.23
13828;723.1703789;-0.62
13832;722.9612493;-0.91
13837;722.7000072;-1.07
13842;722.4389539;-1.1
13846;722.230247;-1.01
13851;721.9695329;-0.86
13855;721.7610971;-0.68
13860;721.5007215;-0.54
13865;721.2405337;-0.46
13869;721.0325186;-0.48
13874;720.7726683;-0.58
13879;720.5130053;-0.75
13883;720.3054095;-0.98
13888;720.0460829;-1.21
13893;719.7869431;-1.42
13897;719.5797654;-1.58
13902;719.320961;-1.64
13906;719.1140515;-1.58
13911;718.8555819;-1.41
13916;718.5972981;-1.14
13920;718.3908046;-0.79
13925;718.1328546;-0.42
13930;717.8750897;-0.08
13935;717.6175099;0.21
13939;717.411579;0.4
13944;717.1543316;0.51
13949;716.8972686;0.56
13953;716.6917509;0.58
13958;716.4350193;0.6
13963;716.1784717;0.64
13967;715.9733658;0.7
13972;715.7171486;0.77
13977;715.4611147;0.83
13981;715.2564194;0.86
13986;715.000715;0.84
13991;714.7451933;0.77
13996;714.4898542;0.68
14000;714.2857143;0.61
14005;714.0307033;0.57
14010;713.7758744;0.59
14015;713.5212273;0.69
14019;713.3176403;0.84
14024;713.06332;1.02
14029;712.809181;1.16
14034;712.555223;1.24
14038;712.3521869;1.23
14043;712.0985544;1.14
14048;711.8451025;0.99
14053;711.5918309;0.83
14057;711.3893434;0.69
14062;711.136396;0.61
14067;710.8836284;0.58
14072;710.6310404;0.58
14076;710.4290992;0.58
14081;710.176834;0.55
14086;709.924748;0.5
14091;709.6728408;0.44
14095;709.4714438;0.42
14100;709.2198582;0.48
14105;708.9684509;0.64
14110;708.7172218;0.89
14115;708.4661707;1.19
14119;708.2654579;1.49
14124;708.0147267;1.72
14129;707.764173;1.85
14134;707.5137965;1.86
14139;707.2635971;1.77
14144;707.0135747;1.61
14148;706.8136839;1.43
14153;706.5639794;1.25
14158;706.3144512;1.1
14163;706.0650992;0.99
14168;705.8159232;0.94
14173;705.566923;0.93
14177;705.3678493;0.98
14182;705.1191651;1.08
14187;704.8706562;1.21
14192;704.6223224;1.34
14197;704.3741636;1.43
14202;704.1261794;1.45
14207;703.8783698;1.42
14211;703.6802477;1.35
14216;703.4327518;1.27
14221;703.18543;1.21
14226;702.938282;1.2
14231;702.6913077;1.23
14236;702.4445069;1.25
14241;702.1978794;1.21
14246;701.951425;1.07
14250;701.754386;0.82
14255;701.5082427;0.45
14260;701.2622721;0.03
14265;701.0164739;-0.37
14270;700.7708479;-0.7
14275;700.525394;-0.93
14280;700.280112;-1.04
14285;700.0350018;-1.06
14290;699.790063;-1.03
14295;699.5452956;-1
14300;699.3006993;-0.99
14305;699.056274;-1.01
14309;698.8608568;-1.04
14314;698.6167389;-1.06
14319;698.3727914;-1.04
14324;698.1290142;-0.98
14329;697.8854072;-0.87
14334;697.6419701;-0.73
14339;697.3987028;-0.57
14344;697.1556051;-0.43
14349;696.9126768;-0.32
14354;696.6699178;-0.26
14359;696.4273278;-0.23
14364;696.1849067;-0.23
14369;695.9426543;-0.22
14374;695.7005705;-0.19
14379;695.458655;-0.12
14384;695.2169077;-0.03
14389;694.9753284;0.06
14394;694.7339169;0.13
14399;694.4926731;0.15
14404;694.2515968;0.12
14409;694.0106878;0.05
14414;693.7699459;-0.03
14419;693.529371;-0.08
14424;693.2889628;-0.07
14429;693.0487213;0
14434;692.8086463;0.1
14439;692.5687374;0.19
14444;692.3289947;0.24
14449;692.089418;0.22
14454;691.8500069;0.11
14459;691.6107615;-0.05
14464;691.3716814;-0.23
14469;691.1327666;-0.38
14474;690.8940169;-0.46
14479;690.655432;-0.44
14484;690.4170119;-0.34
14489;690.1787563;-0.17
14494;689.9406651;0.03
14499;689.7027381;0.24
14505;689.4174423;0.4
14510;689.1798759;0.5
14515;688.9424733;0.5
14520;688.7052342;0.41
14525;688.4681583;0.25
14530;688.2312457;0.06
14535;687.994496;-0.1
14540;687.7579092;-0.17
14545;687.521485;-0.12
14550;687.2852234;0.03
14555;687.049124;0.24
14561;686.7660188;0.44
14566;686.530276;0.54
14571;686.2946949;0.51
14576;686.0592755;0.31
14581;685.8240176;-0.02
14586;685.5889209;-0.41
14591;685.3539853;-0.79
14596;685.1192107;-1.1
14602;684.8376935;-1.3
14607;684.6032724;-1.4
14612;684.3690118;-1.4
14617;684.1349114;-1.36
14622;683.9009711;-1.28
14627;683.6671908;-1.18
14632;683.4335703;-1.06
14638;683.1534363;-0.92
14643;682.9201666;-0.74
14648;682.6870563;-0.54
14653;682.454105;-0.34
14658;682.2213126;-0.13
14664;681.9421713;0.07
14669;681.709728;0.3
14674;681.4774431;0.56
14679;681.2453164;0.86
14684;681.0133479;1.18
14689;680.7815372;1.51
14695;680.5035726;1.78
14700;680.2721088;1.94
14705;680.0408024;1.96
14710;679.8096533;1.84
14716;679.5324817;1.6
14721;679.3016779;1.3
14726;679.0710308;0.98
14731;678.8405404;0.68
14736;678.6102063;0.42
14742;678.3340117;0.19
14747;678.1040212;-0.01
14752;677.8741866;-0.21
14757;677.6445077;-0.37
14763;677.3690984;-0.49
14768;677.1397616;-0.52
14773;676.9105801;-0.47
14778;676.6815537;-0.33
14784;676.4069264;-0.17
14789;676.1782406;-0.05
14794;675.9497093;-0.04
14800;675.6756757;-0.19
14805;675.447484;-0.5
14810;675.2194463;-0.93
14815;674.9915626;-1.39
14821;674.7183051;-1.8
14826;674.4907595;-2.09
14831;674.2633673;-2.21
14837;673.9906989;-2.16
14842;673.7636437;-1.98
14847;673.5367414;-1.72
14853;673.2646603;-1.42
14858;673.038094;-1.13
14863;672.81168;-0.84
14868;672.5854183;-0.56
14874;672.3141051;-0.29
14879;672.088178;-0.05
14884;671.8624026;0.15
14890;671.5916723;0.28
14895;671.3662303;0.31
14901;671.0958996;0.26
14906;670.8707903;0.15
14911;670.6458319;0.04
14917;670.376081;-0.01
14922;670.1514542;0.04
14927;669.926978;0.21
14933;669.6578049;0.48
14938;669.4336591;0.79
14943;669.2096634;1.09
14949;668.9410663;1.3
14954;668.7174;1.4
14960;668.4491979;1.36
14965;668.2258603;1.21
14970;668.002672;0.98
14976;667.7350427;0.74
14981;667.5121821;0.5
14987;667.2449456;0.29
14992;667.022412;0.11
14997;666.8000267;-0.03
15003;666.53336;-0.12
15008;666.3113006;-0.15
15014;666.0450246;-0.1
15019;665.8232905;0.05
15025;665.5574043;0.28
15030;665.3359947;0.57
15036;665.0704975;0.85
15041;664.8494116;1.05
15046;664.6284727;1.12
15052;664.3635397;1.01
15057;664.1429236;0.75
15063;663.8783775;0.37
15068;663.6580834;-0.03
15074;663.3939233;-0.38
15079;663.1739505;-0.6
15085;662.9101757;-0.68
15090;662.6905235;-0.64
15096;662.427133;-0.53
15101;662.2078008;-0.43
15107;661.9447938;-0.4
15112;661.7257808;-0.46
15118;661.4631565;-0.62
15123;661.2444621;-0.82
15129;660.9822196;-1
15134;660.763843;-1.1
15140;660.5019815;-1.05
15145;660.2839221;-0.83
15151;660.0224408;-0.45
15156;659.8046978;0.08
15162;659.5435958;0.68
15167;659.3261687;1.28
15173;659.0654452;1.8
15179;658.8049279;2.17
15184;658.5879874;2.33
15190;658.3278473;2.26
15195;658.1112208;1.99
15201;657.8514571;1.55
15206;657.635144;1.03
15212;657.375756;0.52
15218;657.1165725;0.07
15223;656.9007423;-0.28
15229;656.6419332;-0.51
15234;656.4264146;-0.66
15240;656.167979;-0.77
15246;655.9097468;-0.86
15251;655.6947085;-0.95
15257;655.4368487;-1.04
15262;655.2221203;-1.09
15268;654.9646319;-1.09
15274;654.7073458;-1.01
15279;654.4930951;-0.86
15285;654.2361793;-0.67
15290;654.0222368;-0.49
15296;653.7656904;-0.36
15302;653.5093452;-0.3
15307;653.2958777;-0.31
15313;653.0399007;-0.36
15319;652.7841243;-0.42
15324;652.5711303;-0.45
15330;652.3157208;-0.4
15336;652.0605112;-0.28
15341;651.847989;-0.08
15347;651.5931452;0.13
15353;651.3385006;0.3
15358;651.1264488;0.37
15364;650.8721687;0.31
15370;650.6180872;0.11
15375;650.4065041;-0.18
15381;650.1527859;-0.51
15387;649.8992656;-0.77
15393;649.645943;-0.91
15398;649.4349916;-0.89
15404;649.1820306;-0.71
15410;648.9292667;-0.41
15415;648.7187804;-0.06
15421;648.466377;0.28
15427;648.21417;0.55
15433;647.962159;0.75
15438;647.7522995;0.87
15444;647.5006475;0.94
15450;647.2491909;0.99
15456;646.9979296;1.05
15461;646.7886941;1.11
15467;646.5377901;1.18
15473;646.2870807;1.23
15479;646.0365657;1.27
15485;645.7862448;1.27
15490;645.5777921;1.22
15496;645.3278265;1.11
15502;645.0780544;0.92
15508;644.8284756;0.65
15513;644.6206408;0.33
15519;644.3714157;-0.01
15525;644.1223833;-0.32
15531;643.8735432;-0.53
15537;643.6248954;-0.6
15543;643.3764396;-0.55
15548;643.1695395;-0.42
15554;642.921435;-0.3
15560;642.6735219;-0.28
15566;642.4257998;-0.41
15572;642.1782687;-0.69
15578;641.9309282;-1.06
15583;641.7249567;-1.42
15589;641.4779652;-1.66
15595;641.2311638;-1.71
15601;640.9845523;-1.56
15607;640.7381303;-1.27
15613;640.4918978;-0.9
15619;640.2458544;-0.56
15625;640;-0.3
15630;639.7952655;-0.13
15636;639.549757;-0.02
15642;639.3044368;0.09
15648;639.0593047;0.25
15654;638.8143605;0.47
15660;638.5696041;0.73
15666;638.3250351;0.99
15672;638.0806534;1.19
15678;637.8364587;1.27
15684;637.5924509;1.2
15690;637.3486297;0.98
15695;637.1455878;0.66
15701;636.9021081;0.28
15707;636.6588145;-0.08
15713;636.4157067;-0.35
15719;636.1727845;-0.49
15725;635.9300477;-0.48
15731;635.687496;-0.32
15737;635.4451293;-0.05
15743;635.2029473;0.25
15749;634.9609499;0.54
15755;634.7191368;0.76
15761;634.4775078;0.9
15767;634.2360627;1
15773;633.9948012;1.1
15779;633.7537233;1.28
15785;633.5128286;1.55
15791;633.272117;1.93
15797;633.0315883;2.36
15803;632.7912422;2.78
15809;632.5510785;3.11
15815;632.3110971;3.33
15821;632.0712976;3.42
15827;631.83168;3.42
15833;631.592244;3.35
15839;631.3529895;3.24
15845;631.1139161;3.07
15851;630.8750237;2.84
15857;630.636312;2.5
15864;630.3580434;2.06
15870;630.1197227;1.53
15876;629.8815823;0.98
15882;629.6436217;0.45
15888;629.4058409;0.02
15894;629.1682396;-0.3
15900;628.9308176;-0.48
15906;628.6935748;-0.54
15912;628.4565108;-0.53
15918;628.2196256;-0.47
15924;627.9829189;-0.37
15931;627.7069864;-0.25
15937;627.4706657;-0.12
15943;627.234523;-0.02
15949;626.9985579;0.05
15955;626.7627703;0.05
15961;626.52716;-0.02
15967;626.2917267;-0.14
15973;626.0564703;-0.27
15980;625.7822278;-0.34
15986;625.5473539;-0.33
15992;625.3126563;-0.24
15998;625.0781348;-0.1
16004;624.8437891;-0.01
16010;624.609619;-0.03
16017;624.3366423;-0.23
16023;624.1028522;-0.6
16029;623.869237;-1.08
16035;623.6357967;-1.57
16041;623.402531;-1.97
16048;623.1306082;-2.2
16054;622.8977202;-2.21
16060;622.6650062;-2.02
16066;622.4324661;-1.68
16072;622.2000996;-1.27
16079;621.9292245;-0.87
16085;621.6972334;-0.55
16091;621.4654154;-0.34
16097;621.2337703;-0.25
16104;620.9637357;-0.26
16110;620.7324643;-0.32
16116;620.5013651;-0.39
16122;620.2704379;-0.41
16129;620.00124;-0.35
16135;619.7706848;-0.19
16141;619.5403011;0.04
16148;619.2717364;0.32
16154;619.0417234;0.6
16160;618.8118812;0.83
16166;618.5822096;1
16173;618.3144747;1.09
16179;618.0851721;1.11
16185;617.8560395;1.08
16192;617.5889328;1.02
16198;617.3601679;0.93
16204;617.1315725;0.82
16211;616.8650916;0.7
16217;616.6368626;0.59
16223;616.4088023;0.49
16230;616.1429452;0.45
16236;615.9152501;0.46
16242;615.6877232;0.53
16249;615.4224875;0.62
16255;615.1953245;0.7
16261;614.9683291;0.72
16268;614.7037128;0.66
16274;614.47708;0.52
16281;614.2128862;0.34
16287;613.9866151;0.17
16293;613.7605106;0.04
16300;613.4969325;-0.01
16306;613.2711885;0
16313;613.0080304;0.06
16319;612.782646;0.14
16325;612.5574273;0.25
16332;612.2948812;0.38
16338;612.0700208;0.54
16345;611.8078923;0.76
16351;611.5833894;1.02
16358;611.3216775;1.31
16364;611.0975312;1.57
16371;610.8362348;1.74
16377;610.6124443;1.77
16384;610.3515625;1.64
16390;610.1281269;1.35
16396;609.9048548;0.94
16403;609.6445772;0.48
16409;609.4216588;0.05
16416;609.1617934;-0.29
16422;608.9392279;-0.47
16429;608.6797736;-0.48
16435;608.4575601;-0.32
16442;608.198516;-0.02
16448;607.9766537;0.37
16455;607.7180188;0.76
16462;607.4596039;1.1
16468;607.2382803;1.36
16475;606.9802731;1.53
16481;606.7592986;1.65
16488;606.5016982;1.77
16494;606.2810719;1.96
16501;606.0238773;2.25
16507;605.8035985;2.62
16514;605.5468088;3.03
16521;605.2902367;3.37
16527;605.0704907;3.54
16534;604.814322;3.46
16540;604.5949214;3.08
16547;604.3391551;2.44
16553;604.1200991;1.62
16560;603.8647343;0.74
16567;603.6095853;-0.05
16573;603.3910577;-0.64
16580;603.1363088;-0.95
16587;602.8817749;-0.96
16593;602.6637739;-0.68
16600;602.4096386;-0.18
16607;602.1557175;0.43
16613;601.9382411;1.05
16620;601.6847172;1.55
16626;601.4675809;1.84
16633;601.2144532;1.87
16640;600.9615385;1.64
16646;600.7449237;1.24
16653;600.4924038;0.77
16660;600.240096;0.38
16667;599.9880002;0.17
16673;599.7720866;0.16
16680;599.5203837;0.33
16687;599.268892;0.56
16693;599.0534955;0.74
16700;598.8023952;0.76
16707;598.5515054;0.58
16714;598.3008257;0.22
16720;598.0861244;-0.24
16727;597.8358343;-0.69
16734;597.5857536;-1.03
16741;597.335882;-1.21
16747;597.1218726;-1.22
16754;596.8723887;-1.08
16761;596.6231132;-0.85
16768;596.3740458;-0.57
16774;596.1607249;-0.3
16781;595.9120434;-0.05
16788;595.6635692;0.14
16795;595.4153022;0.26
16802;595.167242;0.29
16808;594.9547834;0.21
16815;594.7071067;-0.01
16822;594.4596362;-0.34
16829;594.2123715;-0.74
16836;593.9653124;-1.15
16842;593.753711;-1.47
16849;593.5070331;-1.62
16856;593.26056;-1.54
16863;593.0142916;-1.21
16870;592.7682276;-0.62
16877;592.5223677;0.16
16884;592.2767117;1.08
16890;592.0663114;2.05
16897;591.8210333;2.96
16904;591.5759584;3.72
16911;591.3310863;4.26
16918;591.0864168;4.5
16925;590.8419498;4.43
16932;590.5976849;4.06
16939;590.3536218;3.46
16946;590.1097604;2.72
16953;589.8661004;1.95
16960;589.6226415;1.26
16966;589.4141224;0.74
16973;589.1710364;0.44
16980;588.9281508;0.37
16987;588.6854654;0.48
16994;588.4429799;0.72
17001;588.2006941;0.7
17008;587.9586077;-1
17015;587.7167205;-1
17022;587.4750323;-1
17029;587.2335428;-1
17036;586.9922517;-1
17043;586.7511588;-1
17050;586.5102639;-1
17057;586.2695667;-1
17064;586.029067;0
17071;585.7887646;0
17078;585.5486591;0
17085;585.3087504;0
17092;585.0690381;0
17099;584.8295222;0
17106;584.5902023;0
17113;584.3510781;0
17121;584.0780328;0
17128;583.8393274;-1
17135;583.600817;-1
17142;583.3625015;-1
17149;583.1243804;-1
17156;582.8864537;-1
17163;582.6487211;-1
17170;582.4111823;-1
17177;582.1738371;0
17184;581.9366853;0
17191;581.6997266;0
17199;581.4291529;0
17206;581.1926072;0
17213;580.956254;0
17220;580.7200929;0
17227;580.4841238;0
17234;580.2483463;0
17241;580.0127603;0
17249;579.7437533;0
17256;579.5085767;0
17263;579.2735909;0
17270;579.0387956;0
17277;578.8041905;0
17285;578.5363032;0
17292;578.302105;0
17299;578.0680964;0
17306;577.8342771;0
17313;577.6006469;0
17321;577.3338722;0
17328;577.1006464;0
17335;576.8676089;0
17342;576.6347595;0
17350;576.3688761;0
17357;576.1364291;0
17364;575.9041695;0
17371;575.6720972;0
17379;575.4071005;0
17386;575.1754285;0
17393;574.943943;0
17401;574.6796161;0
17408;574.4485294;0
17415;574.2176285;0
17423;573.9539689;0
17430;573.7234653;0
17437;573.4931468;0
17445;573.2301519;0
17452;573.0002292;0
17459;572.7704909;0
17467;572.5081582;0
17474;572.2788142;0
17481;572.0496539;0
17489;571.787981;0
17496;571.5592135;0
17503;571.330629;0
17511;571.0696134;0
17518;570.8414203;0
17526;570.5808513;0
17533;570.3530485;0
17540;570.1254276;0
17548;569.8655117;0
17555;569.6382797;0
17563;569.3788077;0
17570;569.1519636;0
17578;568.8929343;0
17585;568.6664771;0
17592;568.4402001;0
17600;568.1818182;0
17607;567.9559266;0
17615;567.6979847;0
17622;567.4724776;0
17630;567.2149745;0
17637;566.9898509;0
17645;566.7327855;0
17652;566.5080444;0
17660;566.2514156;0
17667;566.0270561;0
17675;565.7708628;0
17682;565.5468838;0
17690;565.2911249;0
17698;565.0355972;-0.29
17713;564.557105;0.09
17728;564.0794224;0.54
17743;563.6025475;0.98
17758;563.1264782;1.34
17773;562.6512125;1.54
17789;562.1451459;1.57
17804;561.6715345;1.43
17819;561.1987205;1.17
17834;560.7267018;0.85
17850;560.2240896;0.53
17865;559.7537084;0.25
17881;559.2528382;0.01
17896;558.7840858;-0.17
17911;558.3161186;-0.3
17927;557.8178167;-0.37
17942;557.3514658;-0.38
17958;556.8548836;-0.32
17974;556.3591855;-0.17
17989;555.8952693;0.05
18005;555.4012774;0.36
18020;554.9389567;0.74
18036;554.4466622;1.18
18052;553.9552404;1.63
18068;553.464689;2.05
18083;553.0055854;2.41
18099;552.5167136;2.65
18115;552.0287055;2.74
18131;551.5415587;2.69
18147;551.0552708;2.49
18162;550.6001542;2.19
18178;550.1155243;1.86
18194;549.6317467;1.55
18210;549.1488193;1.29
18226;548.6667398;1.12
18242;548.185506;1.03
18258;547.7051156;1
18274;547.2255664;1.03
18291;546.7169646;1.11
18307;546.2391435;1.27
18323;545.7621569;1.56
18339;545.2860025;2.02
18355;544.8106783;2.67
18372;544.3065535;3.52
18388;543.8329345;4.56
18404;543.3601391;5.76
18421;542.8586939;7.09
18437;542.3875902;8.54
18453;541.9173034;10.12
18470;541.4185165;11.83
18486;540.949908;13.72
18503;540.4528995;15.81
18519;539.9859604;18.14
18536;539.4907208;20.74
18552;539.025442;23.62
18569;538.5319619;26.78
18586;538.0393845;30.21
18602;537.5766047;33.87
18619;537.0857726;37.66
18636;536.595836;41.44
18652;536.1355351;45.02
18669;535.6473298;48.17
18686;535.1600128;50.68
18703;534.6735818;52.37
18720;534.1880342;53.12
18737;533.7033677;52.89
18754;533.2195798;51.76
18771;532.7366683;49.82
18788;532.2546306;47.24
18805;531.7734645;44.15
18822;531.2931676;40.7
18839;530.8137375;37
18856;530.3351718;33.16
18873;529.8574683;29.32
18890;529.3806247;25.59
18907;528.9046385;22.12
18925;528.4015852;19.01
18942;527.9273572;16.32
18959;527.4539796;14.06
18977;526.9536808;12.21
18994;526.482047;10.74
19011;526.0112566;9.61
19029;525.5136896;8.77
19046;525.0446288;8.19
19064;524.548888;7.82
19081;524.0815471;7.61
19099;523.5876224;7.5
19117;523.0946278;7.4
19134;522.6298735;7.26
19152;522.13868;7
19170;521.648409;6.59
19187;521.1862198;6.02
19205;520.697735;5.31
19223;520.2101649;4.51
19241;519.7235071;3.71
19259;519.237759;3
19276;518.7798298;2.45
19294;518.2958433;2.11
19312;517.8127589;1.99
19330;517.3305742;2.05
19348;516.8492867;2.24
19366;516.3688939;2.49
19385;515.8627805;2.73
19403;515.3842189;2.93
19421;514.9065445;3.07
19439;514.4297546;3.17
19457;513.9538469;3.25
19476;513.4524543;3.32
19494;512.9783523;3.41
19512;512.5051251;3.5
19531;512.0065537;3.56
19549;511.5351169;3.54
19567;511.0645475;3.4
19586;510.5687736;3.13
19604;510.0999796;2.73
19623;509.6060745;2.24
19642;509.1131249;1.7
19660;508.646999;1.19
19679;508.1559022;0.76
19688;507.9236083;0
19698;507.6657529;0
19707;507.4339067;0
19716;507.2022723;0
19726;506.9451485;0
19735;506.71396;0
19744;506.4829822;0
19754;506.226587;0
19763;505.9960532;0
19773;505.7401507;0
19782;505.5100597;-1
19792;505.2546483;-1
19801;505.0249987;-1
19810;504.7955578;0
19820;504.5408678;0
19829;504.3118665;0
19839;504.0576642;0
19848;503.8291012;0
19858;503.5753852;0
19867;503.3472593;0
19877;503.0940283;0
19886;502.8663381;0
19896;502.6135907;0
19905;502.3863351;0
19915;502.1340698;0
19925;501.8820577;0
19934;501.655463;0
19944;501.403931;0
19953;501.1777678;0
19963;500.9267144;0
19973;500.6759125;0
19982;500.4504054;0
19992;500.20008;0
20001;499.9750012;0
20011;499.7251512;0
20021;499.4755507;0
20030;499.2511233;0
20040;499.001996;0
20050;498.7531172;0
20059;498.5293385;0
20069;498.2809308;0
20079;498.0327706;0
20089;497.7848574;0
20098;497.5619465;0
20108;497.3145017;0
20118;497.0673029;0
20128;496.8203498;0
20137;496.5983016;0
20147;496.3518142;0
20157;496.1055713;0
20167;495.8595726;0
20177;495.6138177;0
20186;495.3928465;0
20196;495.147554;0
20206;494.9025042;0
20216;494.6576969;0
20226;494.4131316;0
20236;494.1688081;0
20246;493.9247259;0
20255;493.705258;0
20265;493.4616334;0
20275;493.2182491;0
20285;492.9751048;0
20295;492.7322;0
20305;492.4895346;0
20315;492.247108;0
20325;492.00492;0
20335;491.7629702;0
20345;491.5212583;0
20355;491.2797838;0
20365;491.0385465;1
20375;490.797546;1
20385;490.5567819;1
20395;490.316254;1
20405;490.0759618;1
20415;489.835905;1
20425;489.5960832;1
20435;489.3564962;1
20445;489.1171436;1
20455;488.8780249;1
20465;488.63914;1
20475;488.4004884;1
20485;488.1620698;1
20496;487.9000781;1
20506;487.6621477;1
20516;487.4244492;1
20526;487.1869824;1
20536;486.9497468;1
20546;486.7127421;0
20557;486.4523034;0
20567;486.2157826;0
20577;485.9794917;0
20587;485.7434303;0
20597;485.5075982;0
20608;485.2484472;0
20618;485.0130954;0
20628;484.7779717;0
20638;484.5430759;0
20649;484.2849533;0
20659;484.0505349;0
20669;483.8163433;0
20679;483.5823783;0
20690;483.3252779;0
20700;483.0917874;0
20710;482.8585225;0
20721;482.602191;0
20731;482.3693985;0
20742;482.113586;0
20752;481.8812645;0
20762;481.6491667;0
20773;481.3941174;0
20783;481.1624886;0
20794;480.9079542;0
20804;480.6767929;0
20814;480.4458538;0
20825;480.1920768;0
20835;479.9616031;0
20846;479.7083373;0
20856;479.4783276;0
20867;479.2255715;0
20877;478.9960243;0
20888;478.7437763;0
20898;478.5146904;0
20909;478.262949;0
20919;478.0343229;0
20930;477.7830865;0
20940;477.5549188;0
20951;477.304186;0
20962;477.0537162;0
20972;476.8262445;0
20983;476.576276;0
20993;476.3492593;0
21004;476.0997905;0
21015;475.8505829;0
21025;475.6242568;0
21036;475.3755467;0
21047;475.1270965;0
21057;474.9014579;0
21068;474.6535029;0
21079;474.4058067;0
21089;474.1808526;0
21100;473.9336493;0
21111;473.6867036;0
21122;473.4400152;0
21132;473.2159758;0
21143;472.9697772;0
21154;472.7238347;0
21165;472.4781479;0
21176;472.2327163;0
21186;472.0098178;0
21197;471.7648724;0
21208;471.5201811;0
21219;471.2757434;0
21230;471.0315591;0
21241;470.7876277;0
21252;470.5439488;0
21262;470.3226413;0
21273;470.0794434;-1
21284;469.8364969;-1
21295;469.5938014;-1
21306;469.3513564;-1
21317;469.1091617;0
21328;468.8672168;0
21339;468.6255213;0
21350;468.3840749;0
21361;468.1428772;0
21372;467.9019278;0
21383;467.6612262;0
21394;467.4207722;0
21405;467.1805653;0
21416;466.9406052;0
21427;466.7008914;0
21438;466.4614236;0
21449;466.2222015;0
21460;465.9832246;0
21472;465.7228018;0
21483;465.4843365;0
21494;465.2461152;0
21505;465.0081376;0
21516;464.7704034;0
21527;464.5329122;-1
21538;464.2956635;-1
21550;464.037123;-1
21561;463.8003803;-1
21572;463.5638791;-1
21583;463.327619;-1
21595;463.0701551;-1
21606;462.8343979;-1
21617;462.5988805;-1
21628;462.3636027;-1
21640;462.1072089;-1
21651;461.8724308;-1
21662;461.6378912;-1
21673;461.4035897;0
21685;461.1482592;0
21696;460.9144543;0
21708;460.6596646;0
21719;460.4263548;0
21730;460.1932812;0
21742;459.939288;0
21753;459.7067071;0
21764;459.4743613;0
21776;459.2211609;0
21787;458.9893055;0
21799;458.7366393;0
21810;458.5052728;0
21822;458.253139;0
21833;458.0222599;0
21845;457.7706569;0
21856;457.5402635;0
21868;457.2891897;0
21879;457.0592806;0
21891;456.8087342;0
21902;456.5793078;0
21914;456.3292872;0
21925;456.1003421;0
21937;455.8508456;0
21949;455.6016219;0
21960;455.3734062;-1
21972;455.1247042;-1
21984;454.8762737;-1
21995;454.6487838;-1
22007;454.4008724;-1
22019;454.1532313;-1
22030;453.9264639;-1
22042;453.6793394;-1
22054;453.4324839;-1
22065;453.2064355;-1
22077;452.9600942;0
22089;452.7140206;0
22101;452.4682141;0
22112;452.2431259;0
22124;451.9978304;0
22136;451.7528009;1
22148;451.5080368;1
22160;451.2635379;1
22172;451.0193036;1
22183;450.7956543;1
22195;450.5519261;1
22207;450.3084613;1
22219;450.0652595;1
22231;449.8223202;1
22243;449.579643;1
22255;449.3372276;1
22267;449.0950734;0
22279;448.8531801;0
22291;448.6115473;0
22303;448.3701744;0
22315;448.1290612;0
22327;447.8882071;0
22339;447.6476118;0
22351;447.4072748;0
22363;447.1671958;0
22375;446.9273743;0
22387;446.6878099;0
22399;446.4485022;0
22411;446.2094507;0
22423;445.9706551;0
22435;445.732115;0
22448;445.4739843;0
22460;445.2359751;0
22472;444.99822;0
22484;444.7607187;0
22496;444.5234708;0
22508;444.2864759;0
22521;444.0300164;0
22533;443.7935472;0
22545;443.5573298;0
22557;443.3213637;0
22570;443.0660168;0
22582;442.830573;0
22594;442.5953793;0
22607;442.3408679;0
22619;442.1061939;0
22631;441.8717688;0
22644;441.6180887;0
22656;441.3841808;1
22668;441.1505206;1
22681;440.8976677;1
22693;440.6645221;1
22706;440.4122258;1
22718;440.1795933;1
22730;439.9472063;0
22743;439.6957306;0
22755;439.4638541;0
22768;439.2129304;0
22780;438.9815628;0
22793;438.7311894;0
22805;438.5003289;0
22818;438.250504;0
22831;438.0009636;0
22843;437.7708707;-1
22856;437.5218761;-1
22868;437.2922862;-1
22881;437.0438355;-1
22894;436.795667;-1
22906;436.5668384;-1
22919;436.3192111;-1
22931;436.0908813;-1
22944;435.8437936;-1
22957;435.5969857;0
22970;435.3504571;0
22982;435.1231398;0
22995;434.8771472;0
23008;434.6314325;0
23021;434.3859954;0
23033;434.1596839;0
23046;433.9147791;0
23059;433.6701505;0
23072;433.4257975;0
23085;433.1817197;0
23097;432.956661;1
23110;432.7131112;1
23123;432.4698352;1
23136;432.2268326;1
23149;431.984103;1
23162;431.7416458;0
23175;431.4994606;0
23188;431.257547;0
23201;431.0159045;0
23214;430.7745326;0
23227;430.5334309;0
23240;430.292599;0
23253;430.0520363;0
23266;429.8117425;0
23279;429.571717;0
23292;429.3319595;0
23305;429.0924694;-1
23318;428.8532464;-1
23331;428.61429;-1
23344;428.3755997;0
23358;428.1188458;0
23371;427.8807069;0
23384;427.6428327;0
23397;427.4052229;0
23410;427.167877;0
23424;426.9125683;0
23437;426.6757691;0
23450;426.4392324;0
23463;426.2029578;0
23477;425.948801;0
23490;425.7130694;0
23503;425.4775986;0
23516;425.2423882;0
23530;424.9893753;0
23543;424.7547042;0
23557;424.5022711;-1
23570;424.2681375;-1
23583;424.034262;-1
23597;423.7826842;-1
23610;423.5493435;-1
23624;423.2983407;-1
23637;423.0655329;0
23651;422.815103;0
23664;422.5828262;0
23678;422.3329673;0
23691;422.1012199;0
23705;421.85193;0
23718;421.62071;0
23732;421.3719872;0
23745;421.1412929;0
23759;420.8931352;1
23773;420.6452698;1
23786;420.4153704;1
23800;420.1680672;1
23813;419.938689;1
23827;419.6919461;1
23841;419.4454931;1
23855;419.1993293;1
23868;418.9710072;0
23882;418.7253999;0
23896;418.4800803;0
23910;418.2350481;0
23923;418.0077749;-1
23937;417.7632953;-1
23951;417.5191015;-1
23965;417.275193;-1
23979;417.0315693;-1
23993;416.7882299;-1
24006;416.562526;-1
24020;416.3197336;0
24034;416.0772239;0
24048;415.8349967;0
24062;415.5930513;0
24076;415.3513873;0
24090;415.1100042;0
24104;414.8689014;0
24118;414.6280786;0
24132;414.3875352;0
24146;414.1472708;0
24160;413.9072848;0
24174;413.6675767;0
24188;413.4281462;0
24202;413.1889926;0
24217;412.9330636;0
24231;412.6944823;0
24245;412.4561765;0
24259;412.2181458;0
24273;411.9803897;0
24287;411.7429077;0
24302;411.4887664;0
24316;411.2518506;0
24330;411.0152076;0
24345;410.7619634;0
24359;410.5258837;0
24373;410.2900751;0
24387;410.0545373;0
24402;409.8024752;0
24416;409.5674967;0
24431;409.3160329;0
24445;409.0816118;-1
24459;408.847459;-1
24474;408.5968783;-1
24488;408.36328;-1
24503;408.1132922;-1
24517;407.8802464;-1
24532;407.6308495;-1
24546;407.3983541;-1
24561;407.149546;-1
24575;406.9175992;0
24590;406.6693778;0
24604;406.4379776;0
24619;406.1903408;0
24634;405.9430056;0
24648;405.712431;0
24663;405.4656773;0
24678;405.2192236;0
24692;404.9894703;0
24707;404.7435949;0
24722;404.498018;0
24736;404.2690815;0
24751;404.0240798;0
24766;403.7793749;-1
24781;403.5349663;0
24796;403.2908534;0
24810;403.0632809;0
24825;402.8197382;0
24840;402.5764895;0
24855;402.3335345;0
24870;402.0908725;0
24885;401.8485031;0
24900;401.6064257;0
24915;401.3646398;0
24930;401.1231448;0
24945;400.8819403;1
24960;400.6410256;1
24975;400.4004004;1
24990;400.160064;1
25005;399.920016;0
25020;399.6802558;0
25035;399.4407829;0
25050;399.2015968;0
25065;398.962697;0
25080;398.7240829;0
25096;398.4698757;0
25111;398.2318506;0
25126;397.9941097;0
25141;397.7566525;0
25156;397.5194785;0
25172;397.2668044;0
25187;397.030214;0
25202;396.7939052;0
25218;396.5421524;0
25233;396.3064241;1
25248;396.0709759;1
25264;395.8201393;1
25279;395.5852684;1
25295;395.3350465;1
25310;395.1007507;1
25325;394.8667325;1
25341;394.6174184;1
25356;394.3839722;1
25372;394.1352672;1
25387;393.902391;0
25403;393.6542928;0
25419;393.4065069;0
25434;393.1744908;0
25450;392.9273084;0
25465;392.6958571;0
25481;392.4492759;0
25497;392.2030043;0
25512;391.9724051;-1
25528;391.7267314;-1
25544;391.4813655;-1
25559;391.2516139;-1
25575;391.0068426;-1
25591;390.7623774;-1
25607;390.5182177;-1
25623;390.2743629;-1
25638;390.0460254;0
25654;389.8027598;0
25670;389.5597974;0
25686;389.3171377;0
25702;389.0747802;0
25718;388.8327242;0
25734;388.5909691;0
25750;388.3495146;0
25766;388.1083599;0
25782;387.8675045;0
25798;387.6269478;0
25814;387.3866894;0
25830;387.1467286;0
25846;386.9070649;0
25862;386.6676978;1
25878;386.4286266;1
25895;386.1749372;1
25911;385.9364749;1
25927;385.6983068;1
25943;385.4604325;1
25959;385.2228514;1
25976;384.9707422;1
25992;384.7337642;1
26008;384.4970778;0
26024;384.2606824;0
26041;384.0098307;0
26057;383.7740338;0
26074;383.5238168;0
26090;383.2886163;0
26106;383.0537041;0
26123;382.8044252;0
26139;382.570106;0
26156;382.3214559;0
26172;382.0877273;1
26189;381.8397037;1
26205;381.6065636;1
26222;381.3591641;1
26238;381.1266103;0
26255;380.8798324;0
26272;380.6333739;0
26288;380.4017042;0
26305;380.1558639;0
26322;379.9103412;0
26338;379.6795505;0
26355;379.4346424;0
26372;379.1900501;0
26389;378.9457729;0
26405;378.7161522;0
26422;378.4724851;0
26439;378.2291312;-1
26456;377.9860901;-1
26473;377.7433612;-1
26490;377.5009438;-1
26507;377.2588373;0
26524;377.0170412;0
26541;376.7755548;0
26558;376.5343776;0
26575;376.2935089;0
26592;376.0529483;0
26609;375.812695;0
26626;375.5727484;0
26643;375.3331081;0
26660;375.0937734;0
26677;374.8547438;0
26694;374.6160186;0
26712;374.3635819;0
26729;374.1254817;0
26746;373.8876841;0
26763;373.6501887;0
26781;373.3990516;0
26798;373.1621763;0
26815;372.9256013;1
26832;372.6893262;1
26850;372.4394786;1
26867;372.2038188;1
26885;371.9546215;1
26902;371.7195748;1
26920;371.4710253;1
26937;371.2365891;1
26955;370.9886848;1
26972;370.7548569;2
26990;370.5075954;2
27007;370.2743733;2
27025;370.0277521;2
27042;369.7951335;2
27060;369.54915;2
27078;369.3034936;2
27095;369.0717845;3
27113;368.8267621;3
27131;368.5820648;3
27149;368.337692;3
27166;368.1071928;3
27184;367.8634491;3
27202;367.6200279;3
27220;367.3769287;3
27238;367.1341508;3
27256;366.8916936;3
27274;366.6495564;3
27291;366.4211645;3
27309;366.1796477;3
27327;365.9384492;3
27345;365.6975681;3
27363;365.457004;3
27382;365.2034183;3
27400;364.9635036;3
27418;364.723904;3
27436;364.4846187;3
27454;364.2456473;3
27472;364.0069889;3
27490;363.7686431;3
27509;363.5173943;3
27527;363.279689;2
27545;363.0422944;2
27563;362.8052099;2
27582;362.5552897;1
27600;362.3188406;1
27619;362.0695898;1
27637;361.8337736;1
27655;361.5982643;1
27674;361.3500036;1
27692;361.1151235;1
27711;360.8675255;1
27729;360.633272;1
27748;360.3863342;1
27766;360.1527047;1
27785;359.9064243;1
27804;359.6604805;1
27822;359.427791;1
27841;359.1825006;1
27860;358.9375449;1
27878;358.7057895;1
27897;358.4614833;1
27916;358.2175097;1
27935;357.9738679;1
27954;357.7305573;1
27972;357.5003575;1
27991;357.25769;1
28010;357.0153517;1
28029;356.7733419;1
28048;356.53166;1
28067;356.2903053;1
28086;356.0492772;1
28105;355.808575;1
28124;355.568198;1
28143;355.3281455;1
28162;355.088417;1
28181;354.8490117;1
28201;354.5973547;0
28220;354.3586109;0
28239;354.1201884;0
28258;353.8820865;0
28277;353.6443046;0
28297;353.3943528;0
28316;353.1572256;0
28335;352.9204164;0
28355;352.6714865;0
28374;352.4353281;0
28394;352.1870818;0
28413;351.9515715;0
28433;351.7040059;0
28452;351.469141;0
28472;351.2222534;0
28491;350.9880313;0
28511;350.7418189;1
28530;350.5082369;0
28550;350.262697;0
28570;350.0175009;0
28589;349.7848823;0
28609;349.5403544;-1
28629;349.2961682;-1
28649;349.0523229;-1
28668;348.8209851;-1
28688;348.5778026;0
28708;348.3349589;0
28728;348.0924534;0
28748;347.8502852;1
28768;347.6084538;1
28788;347.3669585;1
28808;347.1257984;1
28828;346.8849729;1
28848;346.6444814;1
28868;346.4043231;1
28888;346.1644974;1
28908;345.9250035;1
28928;345.6858407;1
28948;345.4470084;1
28969;345.1965895;1
28989;344.9584325;1
29009;344.720604;1
29029;344.4831031;1
29050;344.2340792;1
29070;343.997248;1
29090;343.7607425;1
29111;343.5127615;0
29131;343.2769215;0
29152;343.0296378;0
29172;342.7944604;-1
29193;342.5478711;-1
29213;342.3133536;-1
29234;342.0674557;-1
29255;341.8219108;-2
29275;341.588386;-2
29296;341.3435281;-1
29317;341.099021;-1
29337;340.8664826;-1
29358;340.6226582;-1
29379;340.3791824;0
29400;340.1360544;0
29421;339.8932735;0
29441;339.6623756;0
29462;339.4202702;0
29483;339.1785096;0
29504;338.9370933;0
29525;338.6960203;0
29546;338.4552901;0
29567;338.2149017;0
29588;337.9748547;1
29610;337.723742;1
29631;337.4843913;1
29652;337.2453797;1
29673;337.0067064;1
29694;336.7683707;1
29716;336.519047;1
29737;336.2814003;1
29758;336.044089;1
29780;335.7958361;1
29801;335.5592094;1
29822;335.322916;1
29844;335.0757271;1
29865;334.8401138;1
29887;334.593636;1
29908;334.3587;1
29930;334.1129302;1
29952;333.8675214;1
29973;333.6336036;1
29995;333.3888981;1
30017;333.1445514;1
30038;332.9116452;1
30060;332.6679973;1
30082;332.4247058;1
30104;332.1817699;1
30126;331.9391887;0
30148;331.6969617;0
30169;331.4660744;0
30191;331.2245371;0
30213;330.9833515;1
30235;330.742517;1
30258;330.4911098;1
30280;330.2509908;1
30302;330.0112204;2
30324;329.7717979;2
30346;329.5327226;2
30368;329.2939937;3
30391;329.044783;3
30413;328.8067603;3
30435;328.5690816;4
30457;328.3317464;4
30480;328.0839895;4
30502;327.8473543;4
30525;327.6003276;5
30547;327.3643893;5
30570;327.1180896;5
30592;326.8828452;6
30615;326.6372693;6
30637;326.4027157;6
30660;326.1578604;6
30683;325.9133722;6
30705;325.6798567;7
30728;325.4360844;7
30751;325.1926767;7
30774;324.9496328;7
30797;324.706952;7
30819;324.4751614;7
30842;324.2331885;7
30865;323.9915762;8
30888;323.7503238;8
30911;323.5094303;8
30934;323.2688951;9
30957;323.0287173;9
30981;322.7784771;9
31004;322.5390272;9
31027;322.2999323;10
31050;322.0611916;10
31073;321.8228044;10
31097;321.5744284;10
31120;321.3367609;11
31143;321.0994445;11
31167;320.8521834;11
31190;320.6155819;11
31214;320.3690652;12
31237;320.1331754;12
31261;319.8873996;12
31284;319.6522184;12
31308;319.4071803;12
31332;319.1625176;11
31355;318.9284006;11
31379;318.6844705;11
31403;318.4409133;11
31427;318.1977281;11
31450;317.9650238;11
31474;317.7225647;11
31498;317.480475;11
31522;317.2387539;11
31546;316.9974006;11
31570;316.7564143;11
31594;316.5157941;11
31618;316.2755392;11
31642;316.0356488;11
31666;315.796122;11
31691;315.5470007;11
31715;315.3082138;11
31739;315.069788;11
31763;314.8317224;11
31788;314.5841198;11
31812;314.3467874;11
31837;314.0999466;11
31861;313.8633439;11
31886;313.6172615;10
31910;313.3813851;10
31935;313.1360576;10
31959;312.9009043;9
31984;312.6563282;9
32009;312.4121341;9
32033;312.1780664;9
32058;311.9346185;9
32083;311.69155;8
32108;311.4488601;8
32132;311.216233;8
32157;310.9742824;8
32182;310.7327077;8
32207;310.4915081;8
32232;310.2506826;8
32257;310.0102303;9
32283;309.7605551;9
32308;309.5208617;9
32333;309.281539;10
32358;309.0425861;10
32383;308.8040021;10
32409;308.5562652;10
32434;308.3184313;11
32459;308.0809637;11
32485;307.8343851;11
32510;307.5976623;11
32536;307.3518564;11
32561;307.1158748;11
32587;306.8708381;11
32612;306.6355943;11
32638;306.391323;11
32664;306.1474406;11
32690;305.9039462;11
32715;305.6701819;10
32741;305.4274457;11
32767;305.1850948;11
32793;304.9431281;11
32819;304.7015448;11
32845;304.460344;11
32871;304.2195248;11
32897;303.9790862;11
32923;303.7390274;11
32949;303.4993475;11
32975;303.2600455;11
33002;303.0119387;11
33028;302.7734044;10
33054;302.5352454;10
33081;302.2883226;10
33107;302.0509258;10
33133;301.8139015;10
33160;301.5681544;10
33186;301.3318869;10
33213;301.0869238;10
33240;300.8423586;11
33266;300.6072266;11
33293;300.3634398;11
33320;300.120048;11
33347;299.8770504;11
33373;299.6434243;11
33400;299.4011976;12
33427;299.1593622;12
33454;298.9179171;12
33481;298.6768615;12
33508;298.4361943;11
33535;298.1959147;11
33562;297.9560217;10
33590;297.7076511;10
33617;297.4685427;9
33644;297.2298181;9
33671;296.9914763;9
33699;296.7447105;9
33726;296.5071458;9
33753;296.2699612;9
33781;296.0243924;9
33809;295.7792304;9
33836;295.5432084;9
33864;295.2988424;9
33891;295.0635862;8
33919;294.8200124;8
33947;294.5768404;8
33975;294.3340692;8
34003;294.0916978;7
34030;293.8583603;7
34058;293.6167714;7
34086;293.3755794;7
34114;293.1347834;7
34142;292.8943823;7
34171;292.6458108;7
34199;292.4062107;7
34227;292.1670027;7
34255;291.9281857;7
34284;291.6812507;7
34312;291.4432269;7
34340;291.2055911;7
34369;290.9598766;6
34397;290.7230282;6
34426;290.478127;5
34454;290.2420619;5
34483;289.99797;4
34512;289.7542884;4
34540;289.5193978;3
34569;289.2765194;3
34598;289.0340482;3
34627;288.7919831;3
34656;288.5503232;4
34685;288.3090673;4
34714;288.0682146;5
34743;287.8277639;5
34772;287.5877143;5
34801;287.3480647;5
34830;287.1088142;5
34860;286.8617326;5
34889;286.623291;5
34918;286.3852454;5
34948;286.1394071;5
34977;285.9021643;5
35007;285.6571543;4
35036;285.4207101;4
35066;285.1765243;3
35096;284.9327559;2
35125;284.6975089;2
35155;284.4545584;2
35185;284.2120222;2
35215;283.9698992;3
35245;283.7281884;3
35275;283.4868887;4
35305;283.2459992;4
35335;283.0055186;4
35365;282.7654461;5
35395;282.5257805;5
35425;282.2865208;5
35456;282.0397112;5
35486;281.8012737;5
35516;281.5632391;5
35547;281.3176921;5
35577;281.0804733;4
35608;280.8357672;4
35638;280.5993602;3
35669;280.3554908;3
35700;280.1120448;3
35730;279.8768542;2
35761;279.6342384;2
35792;279.3920429;2
35823;279.1502666;2
35854;278.9089084;2
35885;278.6679671;2
35916;278.4274418;2
35947;278.1873313;2
35978;277.9476347;2
36010;277.7006387;2
36041;277.4617796;2
36072;277.2233311;2
36104;276.9776202;2
36135;276.7400028;2
36167;276.4951475;1
36198;276.2583568;1
36230;276.0143527;1
36261;275.7783845;1
36293;275.5352272;1
36325;275.2924983;2
36357;275.0501967;2
36389;274.8083212;2
36421;274.5668708;2
36453;274.3258442;2
36485;274.0852405;2
36517;273.8450585;2
36549;273.605297;1
36581;273.365955;1
36613;273.1270314;0
36646;272.8810784;0
36678;272.6430013;0
36711;272.3979189;0
36743;272.1606837;0
36776;271.9164673;1
36808;271.6800696;1
36841;271.4367145;2
36874;271.1937951;2
36907;270.95131;2
36939;270.7165868;2
36972;270.474954;2
37005;270.2337522;1
37038;269.9929802;1
37072;269.7453604;1
37105;269.5054575;1
37138;269.2659809;1
37171;269.0269296;1
37205;268.7810778;1
37238;268.5428863;2
37271;268.3051166;2
37305;268.0605817;3
37338;267.8236649;3
37372;267.5800064;3
37406;267.3367909;3
37440;267.0940171;3
37473;266.858805;2
37507;266.6168982;2
37541;266.3754295;2
37575;266.1343979;1
37609;265.893802;1
37643;265.6536408;1
37678;265.4068687;2
37712;265.1675859;2
37746;264.9287342;2
37781;264.6833064;2
37815;264.4453259;2
37849;264.207773;2
37884;263.9636786;2
37919;263.7200348;2
37953;263.4837826;2
37988;263.2410235;1
38023;262.9987113;1
38058;262.7568448;1
38093;262.5154228;0
38128;262.274444;0
38163;262.0339072;0
38198;261.7938112;0
38233;261.5541548;0
38268;261.3149368;0
38304;261.06934;0
38339;260.8310076;0
38375;260.5863192;0
38410;260.3488675;0
38446;260.1050825;0
38481;259.8685065;0
38517;259.6256199;1
38553;259.3831868;1
38589;259.141206;2
38625;258.8996764;2
38661;258.6585965;2
38697;258.4179652;3
38733;258.1777812;3
38769;257.9380433;3
38805;257.6987502;2
38842;257.4532722;2
38878;257.2148773;1
38915;256.9703199;1
38951;256.7328182;0
38988;256.4891762;-1
39025;256.2459962;-1
39061;256.0098308;-2
39098;255.7675584;-2
39135;255.5257442;-2
39172;255.2843868;-3
39209;255.0434849;-3
39246;254.8030373;-3
39283;254.5630425;-2
39320;254.3234995;-2
39358;254.0779511;-2
39395;253.8393197;-1
39433;253.5947049;0
39470;253.35698;1
39508;253.1132935;1
39545;252.8764698;1
39583;252.6337064;1
39621;252.3914086;1
39659;252.1495751;1
39697;251.9082047;1
39735;251.6672958;1
39773;251.4268474;0
39811;251.1868579;0
39849;250.9473262;-1
39888;250.7019655;-1
39926;250.4633572;-2
39964;250.2252027;-2
40003;249.9812514;-3
