4.999635e+002,1.449360e+001
5.004456e+002,1.485422e+001
5.009278e+002,1.521075e+001
5.014099e+002,1.555482e+001
5.018920e+002,1.588538e+001
5.023741e+002,1.620947e+001
5.028563e+002,1.653989e+001
5.033384e+002,1.689064e+001
5.038205e+002,1.727169e+001
5.043026e+002,1.768545e+001
5.047848e+002,1.812597e+001
5.052669e+002,1.858148e+001
5.057490e+002,1.903925e+001
5.062311e+002,1.949104e+001
5.067133e+002,1.993737e+001
5.071954e+002,2.038912e+001
5.076775e+002,2.086584e+001
5.081596e+002,2.139130e+001
5.086418e+002,2.198777e+001
5.091239e+002,2.267080e+001
5.096060e+002,2.344620e+001
5.100881e+002,2.430978e+001
5.105703e+002,2.524969e+001
5.110524e+002,2.625031e+001
5.115345e+002,2.729648e+001
5.120166e+002,2.837703e+001
5.124988e+002,2.948664e+001
5.129809e+002,3.062594e+001
5.134630e+002,3.179995e+001
5.139451e+002,3.301572e+001
5.144272e+002,3.428000e+001
5.149094e+002,3.559747e+001
5.153915e+002,3.696990e+001
5.158737e+002,3.839580e+001
5.163558e+002,3.987022e+001
5.168379e+002,4.138409e+001
5.173200e+002,4.292347e+001
5.178021e+002,4.446856e+001
5.182842e+002,4.599362e+001
5.187664e+002,4.746804e+001
5.192485e+002,4.885861e+001
5.197307e+002,5.013284e+001
5.202128e+002,5.126199e+001
5.206949e+002,5.222315e+001
5.211770e+002,5.299916e+001
5.216591e+002,5.357700e+001
5.221412e+002,5.394531e+001
5.226234e+002,5.409283e+001
5.231055e+002,5.400856e+001
5.235876e+002,5.368399e+001
5.240698e+002,5.311636e+001
5.245519e+002,5.231141e+001
5.250340e+002,5.128386e+001
5.255161e+002,5.005548e+001
5.259982e+002,4.865090e+001
5.264804e+002,4.709311e+001
5.269625e+002,4.540076e+001
5.274446e+002,4.358817e+001
5.279268e+002,4.166811e+001
5.284089e+002,3.965608e+001
5.288910e+002,3.757391e+001
5.293731e+002,3.545128e+001
5.298552e+002,3.332417e+001
5.303374e+002,3.123093e+001
5.308195e+002,2.920724e+001
5.313016e+002,2.728162e+001
5.317838e+002,2.547277e+001
5.322659e+002,2.378894e+001
5.327480e+002,2.222932e+001
5.332301e+002,2.078647e+001
5.337123e+002,1.944916e+001
5.341944e+002,1.820488e+001
5.346765e+002,1.704181e+001
5.351586e+002,1.595002e+001
5.356407e+002,1.492209e+001
5.361229e+002,1.395323e+001
5.366050e+002,1.304102e+001
5.370872e+002,1.218493e+001
5.375693e+002,1.138554e+001
5.380514e+002,1.064394e+001
5.385335e+002,9.960861e+000
5.390156e+002,9.336075e+000
5.394977e+002,8.767794e+000
5.399799e+002,8.252354e+000
5.404620e+002,7.784220e+000
5.409442e+002,7.356446e+000
5.414263e+002,6.961556e+000
5.419084e+002,6.592644e+000
5.423905e+002,6.244405e+000
5.428726e+002,5.913709e+000
5.433547e+002,5.599490e+000
5.438369e+002,5.301968e+000
5.443190e+002,5.021481e+000
5.448011e+002,4.757458e+000
5.452833e+002,4.507993e+000
5.457654e+002,4.270305e+000
5.462475e+002,4.041833e+000
5.467296e+002,3.821463e+000
5.472117e+002,3.610176e+000
5.476939e+002,3.410736e+000
5.481760e+002,3.226444e+000
5.486581e+002,3.059522e+000
5.491403e+002,2.909899e+000
5.496224e+002,2.775064e+000
5.501045e+002,2.651113e+000
5.505866e+002,2.534532e+000
5.510687e+002,2.423810e+000
5.515509e+002,2.320001e+000
5.520330e+002,2.225773e+000
5.525151e+002,2.143289e+000
5.529973e+002,2.071902e+000
5.534794e+002,2.006886e+000
5.539615e+002,1.940039e+000
5.544436e+002,1.862153e+000
5.549258e+002,1.766433e+000
5.554079e+002,1.651486e+000
5.558900e+002,1.522530e+000
5.563721e+002,1.390250e+000
5.568542e+002,1.267622e+000
5.573364e+002,1.165972e+000
5.578185e+002,1.091753e+000
5.583007e+002,1.045202e+000
5.587828e+002,1.021117e+000
5.592649e+002,1.011127e+000
5.597470e+002,1.006271e+000
5.602291e+002,9.988467e-001
5.607112e+002,9.830054e-001
5.611934e+002,9.544005e-001
5.616755e+002,9.096791e-001
5.621577e+002,8.466390e-001
5.626398e+002,7.653301e-001
5.631219e+002,6.696345e-001
5.636040e+002,5.682859e-001
5.640861e+002,4.742792e-001
5.645682e+002,4.021921e-001
5.650504e+002,3.639337e-001
5.655325e+002,3.643447e-001
5.660146e+002,3.984533e-001
5.664968e+002,4.518153e-001
5.669789e+002,5.042567e-001
5.674610e+002,5.359743e-001
5.679431e+002,5.338833e-001
5.684252e+002,4.958478e-001
5.689073e+002,4.311917e-001
5.693895e+002,3.573200e-001
5.698716e+002,2.938013e-001
5.703538e+002,2.561539e-001
5.708359e+002,2.515421e-001
5.713180e+002,2.776869e-001
5.718001e+002,3.250045e-001
5.722822e+002,3.807795e-001
5.727644e+002,4.335964e-001
5.732465e+002,4.763927e-001
5.737286e+002,5.072726e-001
5.742108e+002,5.282129e-001
5.746929e+002,5.425838e-001
5.751750e+002,5.527262e-001
5.756571e+002,5.586115e-001
5.761393e+002,5.580105e-001
5.766214e+002,5.478786e-001
5.771035e+002,5.261580e-001
5.775856e+002,4.930752e-001
5.780677e+002,4.513428e-001
5.785499e+002,4.052272e-001
5.790320e+002,3.589783e-001
5.795142e+002,3.153746e-001
5.799963e+002,2.750513e-001
5.804784e+002,2.369023e-001
5.809605e+002,1.993568e-001
5.814426e+002,1.619317e-001
5.819247e+002,1.263355e-001
5.824069e+002,9.657522e-002
5.828890e+002,7.792272e-002
5.833712e+002,7.505394e-002
5.838533e+002,9.003761e-002
5.843354e+002,1.209584e-001
5.848175e+002,1.617761e-001
5.852996e+002,2.036057e-001
5.857817e+002,2.370720e-001
5.862639e+002,2.549752e-001
5.867460e+002,2.543861e-001
5.872281e+002,2.374715e-001
5.877103e+002,2.108201e-001
5.881924e+002,1.835250e-001
5.886745e+002,0.000000e+000
5.891566e+002,0.000000e+000
5.896387e+002,0.000000e+000
5.901209e+002,0.000000e+000
5.906030e+002,0.000000e+000
5.910851e+002,0.000000e+000
5.915673e+002,0.000000e+000
5.920494e+002,0.000000e+000
5.925315e+002,0.000000e+000
5.930136e+002,0.000000e+000
5.934957e+002,0.000000e+000
5.939779e+002,0.000000e+000
5.944600e+002,0.000000e+000
5.949421e+002,0.000000e+000
5.954243e+002,0.000000e+000
5.959064e+002,0.000000e+000
5.963885e+002,0.000000e+000
5.968706e+002,0.000000e+000
5.973528e+002,0.000000e+000
5.978349e+002,0.000000e+000
5.983170e+002,0.000000e+000
5.987991e+002,0.000000e+000
5.992813e+002,0.000000e+000
5.997634e+002,0.000000e+000
6.002455e+002,0.000000e+000
6.007277e+002,0.000000e+000
6.012098e+002,0.000000e+000
6.016919e+002,0.000000e+000
6.021740e+002,0.000000e+000
6.026561e+002,0.000000e+000
6.031382e+002,0.000000e+000
6.036204e+002,0.000000e+000
6.041025e+002,0.000000e+000
6.045847e+002,0.000000e+000
6.050668e+002,0.000000e+000
6.055489e+002,0.000000e+000
6.060310e+002,0.000000e+000
6.065131e+002,0.000000e+000
6.069952e+002,0.000000e+000
6.074774e+002,0.000000e+000
6.079595e+002,0.000000e+000
6.084417e+002,0.000000e+000
6.089238e+002,0.000000e+000
6.094059e+002,0.000000e+000
6.098880e+002,0.000000e+000
6.103701e+002,0.000000e+000
6.108523e+002,0.000000e+000
6.113344e+002,0.000000e+000
6.118165e+002,0.000000e+000
6.122986e+002,0.000000e+000
6.127808e+002,0.000000e+000
6.132629e+002,0.000000e+000
6.137450e+002,0.000000e+000
6.142271e+002,0.000000e+000
6.147092e+002,0.000000e+000
6.151914e+002,0.000000e+000
6.156735e+002,0.000000e+000
6.161556e+002,0.000000e+000
6.166378e+002,0.000000e+000
6.171199e+002,0.000000e+000
6.176020e+002,0.000000e+000
6.180841e+002,0.000000e+000
6.185663e+002,0.000000e+000
6.190484e+002,0.000000e+000
6.195305e+002,0.000000e+000
6.200126e+002,0.000000e+000
6.204948e+002,0.000000e+000
6.209769e+002,0.000000e+000
6.214590e+002,0.000000e+000
6.219412e+002,0.000000e+000
6.224233e+002,0.000000e+000
6.229054e+002,0.000000e+000
6.233875e+002,0.000000e+000
6.238696e+002,0.000000e+000
6.243517e+002,0.000000e+000
6.248339e+002,0.000000e+000
6.253160e+002,0.000000e+000
6.257982e+002,0.000000e+000
6.262803e+002,0.000000e+000
6.267624e+002,0.000000e+000
6.272445e+002,0.000000e+000
6.277266e+002,0.000000e+000
6.282087e+002,0.000000e+000
6.286909e+002,0.000000e+000
6.291730e+002,0.000000e+000
6.296552e+002,0.000000e+000
6.301373e+002,0.000000e+000
6.306194e+002,0.000000e+000
6.311015e+002,0.000000e+000
6.315836e+002,0.000000e+000
6.320658e+002,0.000000e+000
6.325479e+002,0.000000e+000
6.330300e+002,0.000000e+000
6.335121e+002,0.000000e+000
6.339943e+002,0.000000e+000
6.344764e+002,0.000000e+000
6.349585e+002,0.000000e+000
6.354407e+002,0.000000e+000
6.359227e+002,0.000000e+000
6.364049e+002,0.000000e+000
6.368870e+002,0.000000e+000
6.373691e+002,0.000000e+000
6.378513e+002,0.000000e+000
6.383334e+002,0.000000e+000
6.388156e+002,0.000000e+000
6.392976e+002,0.000000e+000
6.397798e+002,0.000000e+000
6.402619e+002,0.000000e+000
6.407440e+002,0.000000e+000
6.412261e+002,0.000000e+000
6.417083e+002,0.000000e+000
6.421904e+002,0.000000e+000
6.426725e+002,0.000000e+000
6.431547e+002,0.000000e+000
6.436368e+002,0.000000e+000
6.441189e+002,0.000000e+000
6.446010e+002,0.000000e+000
6.450831e+002,0.000000e+000
6.455652e+002,0.000000e+000
6.460474e+002,0.000000e+000
6.465295e+002,0.000000e+000
6.470117e+002,0.000000e+000
6.474938e+002,0.000000e+000
6.479759e+002,0.000000e+000
6.484580e+002,0.000000e+000
6.489401e+002,0.000000e+000
6.494222e+002,0.000000e+000
6.499044e+002,0.000000e+000
6.503865e+002,0.000000e+000
6.508687e+002,0.000000e+000
6.513508e+002,0.000000e+000
6.518329e+002,0.000000e+000
6.523150e+002,0.000000e+000
6.527971e+002,0.000000e+000
6.532793e+002,0.000000e+000
6.537614e+002,0.000000e+000
6.542435e+002,0.000000e+000
6.547256e+002,0.000000e+000
6.552078e+002,0.000000e+000
6.556899e+002,0.000000e+000
6.561720e+002,0.000000e+000
6.566542e+002,0.000000e+000
6.571362e+002,0.000000e+000
6.576184e+002,0.000000e+000
6.581005e+002,0.000000e+000
6.585826e+002,0.000000e+000
6.590648e+002,0.000000e+000
6.595469e+002,0.000000e+000
6.600291e+002,0.000000e+000
6.605111e+002,0.000000e+000
6.609933e+002,0.000000e+000
6.614754e+002,0.000000e+000
6.619575e+002,0.000000e+000
6.624396e+002,0.000000e+000
6.629218e+002,0.000000e+000
6.634039e+002,0.000000e+000
6.638860e+002,0.000000e+000
6.643682e+002,0.000000e+000
6.648503e+002,0.000000e+000
6.653324e+002,0.000000e+000
6.658145e+002,0.000000e+000
6.662966e+002,0.000000e+000
6.667787e+002,0.000000e+000
6.672609e+002,0.000000e+000
6.677430e+002,0.000000e+000
6.682252e+002,0.000000e+000
6.687073e+002,0.000000e+000
6.691894e+002,0.000000e+000
6.696715e+002,0.000000e+000
6.701536e+002,0.000000e+000
6.706357e+002,0.000000e+000
6.711179e+002,0.000000e+000
6.716000e+002,0.000000e+000
6.720822e+002,0.000000e+000
6.725643e+002,0.000000e+000
6.730464e+002,0.000000e+000
6.735285e+002,0.000000e+000
6.740106e+002,0.000000e+000
6.744928e+002,0.000000e+000
6.749749e+002,0.000000e+000
6.754570e+002,0.000000e+000
6.759391e+002,0.000000e+000
6.764213e+002,0.000000e+000
6.769034e+002,0.000000e+000
6.773855e+002,0.000000e+000
6.778677e+002,0.000000e+000
6.783497e+002,0.000000e+000
6.788319e+002,0.000000e+000
6.793140e+002,0.000000e+000
6.797961e+002,0.000000e+000
6.802783e+002,0.000000e+000
6.807604e+002,0.000000e+000
6.812426e+002,0.000000e+000
6.817246e+002,0.000000e+000
6.822068e+002,0.000000e+000
6.826889e+002,0.000000e+000
6.831710e+002,0.000000e+000
6.836531e+002,0.000000e+000
6.841353e+002,0.000000e+000
6.846174e+002,0.000000e+000
6.850995e+002,0.000000e+000
6.855817e+002,0.000000e+000
6.860638e+002,0.000000e+000
6.865459e+002,0.000000e+000
6.870280e+002,0.000000e+000
6.875101e+002,0.000000e+000
6.879922e+002,0.000000e+000
6.884744e+002,0.000000e+000
6.889565e+002,0.000000e+000
6.894387e+002,0.000000e+000
6.899208e+002,0.000000e+000
6.904029e+002,0.000000e+000
6.908850e+002,0.000000e+000
6.913671e+002,0.000000e+000
6.918492e+002,0.000000e+000
6.923314e+002,0.000000e+000
6.928135e+002,0.000000e+000
6.932957e+002,0.000000e+000
6.937778e+002,0.000000e+000
6.942599e+002,0.000000e+000
6.947420e+002,0.000000e+000
6.952241e+002,0.000000e+000
6.957063e+002,0.000000e+000
6.961884e+002,0.000000e+000
6.966705e+002,0.000000e+000
6.971526e+002,0.000000e+000
6.976348e+002,0.000000e+000
6.981169e+002,0.000000e+000
6.985990e+002,0.000000e+000
6.990812e+002,0.000000e+000
6.995632e+002,0.000000e+000
7.000454e+002,0.000000e+000
7.005275e+002,0.000000e+000
7.010096e+002,0.000000e+000
7.014918e+002,0.000000e+000
7.019739e+002,0.000000e+000
7.024561e+002,0.000000e+000
7.029381e+002,0.000000e+000
7.034203e+002,0.000000e+000
7.039024e+002,0.000000e+000
7.043845e+002,0.000000e+000
7.048666e+002,0.000000e+000
7.053488e+002,0.000000e+000
7.058309e+002,0.000000e+000
7.063130e+002,0.000000e+000
7.067952e+002,0.000000e+000
7.072773e+002,0.000000e+000
7.077594e+002,0.000000e+000
7.082415e+002,0.000000e+000
7.087236e+002,0.000000e+000
7.092057e+002,0.000000e+000
7.096879e+002,0.000000e+000
7.101700e+002,0.000000e+000
7.106522e+002,0.000000e+000
7.111343e+002,0.000000e+000
7.116164e+002,0.000000e+000
7.120985e+002,0.000000e+000
7.125806e+002,0.000000e+000
7.130627e+002,0.000000e+000
7.135449e+002,0.000000e+000
7.140270e+002,0.000000e+000
7.145092e+002,0.000000e+000
7.149913e+002,0.000000e+000
7.154734e+002,0.000000e+000
7.159555e+002,0.000000e+000
7.164376e+002,0.000000e+000
7.169198e+002,0.000000e+000
7.174019e+002,0.000000e+000
7.178840e+002,0.000000e+000
7.183661e+002,0.000000e+000
7.188483e+002,0.000000e+000
7.193304e+002,0.000000e+000
7.198125e+002,0.000000e+000
7.202947e+002,0.000000e+000
7.207767e+002,0.000000e+000
7.212589e+002,0.000000e+000
7.217410e+002,0.000000e+000
7.222231e+002,0.000000e+000
7.227053e+002,0.000000e+000
7.231874e+002,0.000000e+000
7.236696e+002,0.000000e+000
7.241516e+002,0.000000e+000
7.246338e+002,0.000000e+000
7.251159e+002,0.000000e+000
7.255980e+002,0.000000e+000
7.260801e+002,0.000000e+000
7.265623e+002,0.000000e+000
7.270444e+002,0.000000e+000
7.275265e+002,0.000000e+000
7.280087e+002,0.000000e+000
7.284908e+002,0.000000e+000
7.289729e+002,0.000000e+000
7.294550e+002,0.000000e+000
7.299371e+002,0.000000e+000
7.304193e+002,0.000000e+000
7.309014e+002,0.000000e+000
7.313835e+002,0.000000e+000
7.318657e+002,0.000000e+000
7.323478e+002,0.000000e+000
7.328299e+002,0.000000e+000
7.333120e+002,0.000000e+000
7.337941e+002,0.000000e+000
7.342762e+002,0.000000e+000
7.347584e+002,0.000000e+000
7.352405e+002,0.000000e+000
7.357227e+002,0.000000e+000
7.362048e+002,0.000000e+000
7.366869e+002,0.000000e+000
7.371690e+002,0.000000e+000
7.376511e+002,0.000000e+000
7.381333e+002,0.000000e+000
7.386154e+002,0.000000e+000
7.390975e+002,0.000000e+000
7.395797e+002,0.000000e+000
7.400618e+002,0.000000e+000
7.405439e+002,0.000000e+000
7.410260e+002,0.000000e+000
7.415082e+002,0.000000e+000
7.419903e+002,0.000000e+000
7.424724e+002,0.000000e+000
7.429545e+002,0.000000e+000
7.434366e+002,0.000000e+000
7.439188e+002,0.000000e+000
7.444009e+002,0.000000e+000
7.448831e+002,0.000000e+000
7.453651e+002,0.000000e+000
7.458473e+002,0.000000e+000
7.463294e+002,0.000000e+000
7.468115e+002,0.000000e+000
7.472936e+002,0.000000e+000
7.477758e+002,0.000000e+000
7.482579e+002,0.000000e+000
7.487400e+002,0.000000e+000
7.492222e+002,0.000000e+000
7.497043e+002,0.000000e+000
7.501864e+002,0.000000e+000
7.506685e+002,0.000000e+000
7.511506e+002,0.000000e+000
7.516328e+002,0.000000e+000
7.521149e+002,0.000000e+000
7.525970e+002,0.000000e+000
7.530792e+002,0.000000e+000
7.535613e+002,0.000000e+000
7.540434e+002,0.000000e+000
7.545255e+002,0.000000e+000
7.550076e+002,0.000000e+000
7.554897e+002,0.000000e+000
7.559719e+002,0.000000e+000
7.564540e+002,0.000000e+000
7.569362e+002,0.000000e+000
7.574183e+002,0.000000e+000
7.579004e+002,0.000000e+000
7.583826e+002,0.000000e+000
7.588646e+002,0.000000e+000
7.593468e+002,0.000000e+000
7.598289e+002,0.000000e+000
7.603110e+002,0.000000e+000
7.607932e+002,0.000000e+000
7.612753e+002,0.000000e+000
7.617574e+002,0.000000e+000
7.622395e+002,0.000000e+000
7.627217e+002,0.000000e+000
7.632037e+002,0.000000e+000
7.636859e+002,0.000000e+000
7.641680e+002,0.000000e+000
7.646501e+002,0.000000e+000
7.651323e+002,0.000000e+000
7.656144e+002,0.000000e+000
7.660966e+002,0.000000e+000
7.665786e+002,0.000000e+000
7.670608e+002,0.000000e+000
7.675429e+002,0.000000e+000
7.680250e+002,0.000000e+000
7.685071e+002,0.000000e+000
7.689893e+002,0.000000e+000
7.694714e+002,0.000000e+000
7.699535e+002,0.000000e+000
7.704357e+002,0.000000e+000
7.709178e+002,0.000000e+000
7.713999e+002,0.000000e+000
7.718820e+002,0.000000e+000
7.723641e+002,0.000000e+000
7.728463e+002,0.000000e+000
7.733284e+002,0.000000e+000
7.738105e+002,0.000000e+000
7.742927e+002,0.000000e+000
7.747748e+002,0.000000e+000
7.752569e+002,0.000000e+000
7.757390e+002,0.000000e+000
7.762212e+002,0.000000e+000
7.767032e+002,0.000000e+000
7.771854e+002,0.000000e+000
7.776675e+002,0.000000e+000
7.781497e+002,0.000000e+000
7.786318e+002,0.000000e+000
7.791139e+002,0.000000e+000
7.795961e+002,0.000000e+000
7.800781e+002,0.000000e+000
7.805603e+002,0.000000e+000
7.810424e+002,0.000000e+000
7.815245e+002,0.000000e+000
7.820067e+002,0.000000e+000
7.824888e+002,0.000000e+000
7.829709e+002,0.000000e+000
7.834530e+002,0.000000e+000
7.839352e+002,0.000000e+000
7.844172e+002,0.000000e+000
7.848994e+002,0.000000e+000
7.853815e+002,0.000000e+000
7.858636e+002,0.000000e+000
7.863458e+002,0.000000e+000
7.868279e+002,0.000000e+000
7.873101e+002,0.000000e+000
7.877921e+002,0.000000e+000
7.882743e+002,0.000000e+000
7.887564e+002,0.000000e+000
7.892385e+002,0.000000e+000
7.897206e+002,0.000000e+000
7.902028e+002,0.000000e+000
7.906849e+002,0.000000e+000
7.911670e+002,0.000000e+000
7.916492e+002,0.000000e+000
7.921313e+002,0.000000e+000
7.926134e+002,0.000000e+000
7.930955e+002,0.000000e+000
7.935776e+002,0.000000e+000
7.940598e+002,0.000000e+000
7.945419e+002,0.000000e+000
7.950240e+002,0.000000e+000
7.955062e+002,0.000000e+000
7.959883e+002,0.000000e+000
7.964704e+002,0.000000e+000
7.969525e+002,0.000000e+000
7.974347e+002,0.000000e+000
7.979167e+002,0.000000e+000
7.983989e+002,0.000000e+000
7.988810e+002,0.000000e+000
7.993632e+002,0.000000e+000
7.998453e+002,0.000000e+000
8.003274e+002,0.000000e+000
8.008096e+002,0.000000e+000
8.012916e+002,0.000000e+000
8.017738e+002,0.000000e+000
8.022559e+002,0.000000e+000
8.027380e+002,0.000000e+000
8.032202e+002,0.000000e+000
8.037023e+002,0.000000e+000
8.041844e+002,0.000000e+000
8.046665e+002,0.000000e+000
8.051487e+002,0.000000e+000
8.056307e+002,0.000000e+000
8.061129e+002,0.000000e+000
8.065950e+002,0.000000e+000
8.070771e+002,0.000000e+000
8.075593e+002,0.000000e+000
8.080414e+002,0.000000e+000
8.085236e+002,0.000000e+000
8.090056e+002,0.000000e+000
8.094878e+002,0.000000e+000
8.099699e+002,0.000000e+000
8.104520e+002,0.000000e+000
8.109341e+002,0.000000e+000
8.114163e+002,0.000000e+000
8.118984e+002,0.000000e+000
8.123805e+002,0.000000e+000
8.128627e+002,0.000000e+000
8.133448e+002,0.000000e+000
8.138269e+002,0.000000e+000
8.143090e+002,0.000000e+000
8.147911e+002,0.000000e+000
8.152733e+002,0.000000e+000
8.157554e+002,0.000000e+000
8.162375e+002,0.000000e+000
8.167197e+002,0.000000e+000
8.172018e+002,0.000000e+000
8.176839e+002,0.000000e+000
8.181660e+002,0.000000e+000
8.186482e+002,0.000000e+000
8.191302e+002,0.000000e+000
8.196124e+002,0.000000e+000
8.200945e+002,0.000000e+000
8.205767e+002,0.000000e+000
8.210588e+002,0.000000e+000
8.215409e+002,0.000000e+000
8.220231e+002,0.000000e+000
8.225051e+002,0.000000e+000
8.229873e+002,0.000000e+000
8.234694e+002,0.000000e+000
8.239515e+002,0.000000e+000
8.244337e+002,0.000000e+000
8.249158e+002,0.000000e+000
8.253979e+002,0.000000e+000
8.258800e+002,0.000000e+000
8.263622e+002,0.000000e+000
8.268442e+002,0.000000e+000
8.273264e+002,0.000000e+000
8.278085e+002,0.000000e+000
8.282906e+002,0.000000e+000
8.287728e+002,0.000000e+000
8.292549e+002,0.000000e+000
8.297371e+002,0.000000e+000
8.302191e+002,0.000000e+000
8.307013e+002,0.000000e+000
8.311834e+002,0.000000e+000
8.316655e+002,0.000000e+000
8.321476e+002,0.000000e+000
8.326298e+002,0.000000e+000
8.331119e+002,0.000000e+000
8.335940e+002,0.000000e+000
8.340762e+002,0.000000e+000
8.345583e+002,0.000000e+000
8.350404e+002,0.000000e+000
8.355225e+002,0.000000e+000
8.360046e+002,0.000000e+000
8.364868e+002,0.000000e+000
8.369689e+002,0.000000e+000
8.374510e+002,0.000000e+000
8.379332e+002,0.000000e+000
8.384153e+002,0.000000e+000
8.388974e+002,0.000000e+000
8.393795e+002,0.000000e+000
8.398617e+002,0.000000e+000
8.403438e+002,0.000000e+000
8.408259e+002,0.000000e+000
8.413080e+002,0.000000e+000
8.417902e+002,0.000000e+000
8.422723e+002,0.000000e+000
8.427544e+002,0.000000e+000
8.432366e+002,0.000000e+000
8.437186e+002,0.000000e+000
8.442008e+002,0.000000e+000
8.446829e+002,0.000000e+000
8.451650e+002,0.000000e+000
8.456472e+002,0.000000e+000
8.461293e+002,0.000000e+000
8.466115e+002,0.000000e+000
8.470935e+002,0.000000e+000
8.475757e+002,0.000000e+000
8.480577e+002,0.000000e+000
8.485399e+002,0.000000e+000
8.490220e+002,0.000000e+000
8.495042e+002,0.000000e+000
8.499863e+002,0.000000e+000
8.504684e+002,0.000000e+000
8.509506e+002,0.000000e+000
8.514326e+002,0.000000e+000
8.519148e+002,0.000000e+000
8.523969e+002,0.000000e+000
8.528790e+002,0.000000e+000
8.533611e+002,0.000000e+000
8.538433e+002,0.000000e+000
8.543254e+002,0.000000e+000
8.548075e+002,0.000000e+000
8.552897e+002,0.000000e+000
8.557718e+002,0.000000e+000
8.562539e+002,0.000000e+000
8.567360e+002,0.000000e+000
8.572181e+002,0.000000e+000
8.577003e+002,0.000000e+000
8.581824e+002,0.000000e+000
8.586646e+002,0.000000e+000
8.591467e+002,0.000000e+000
8.596288e+002,0.000000e+000
8.601109e+002,0.000000e+000
8.605930e+002,0.000000e+000
8.610752e+002,0.000000e+000
8.615573e+002,0.000000e+000
8.620394e+002,0.000000e+000
8.625215e+002,0.000000e+000
8.630037e+002,0.000000e+000
8.634858e+002,0.000000e+000
8.639679e+002,0.000000e+000
8.644501e+002,0.000000e+000
8.649321e+002,0.000000e+000
8.654143e+002,0.000000e+000
8.658964e+002,0.000000e+000
8.663785e+002,0.000000e+000
8.668607e+002,0.000000e+000
8.673428e+002,0.000000e+000
8.678250e+002,0.000000e+000
8.683070e+002,0.000000e+000
8.687892e+002,0.000000e+000
8.692712e+002,0.000000e+000
8.697534e+002,0.000000e+000
8.702355e+002,0.000000e+000
8.707177e+002,0.000000e+000
8.711998e+002,0.000000e+000
8.716819e+002,0.000000e+000
8.721641e+002,0.000000e+000
8.726461e+002,0.000000e+000
8.731283e+002,0.000000e+000
8.736104e+002,0.000000e+000
8.740925e+002,0.000000e+000
8.745746e+002,0.000000e+000
8.750568e+002,0.000000e+000
8.755389e+002,0.000000e+000
8.760210e+002,0.000000e+000
8.765032e+002,0.000000e+000
8.769853e+002,0.000000e+000
8.774674e+002,0.000000e+000
8.779495e+002,0.000000e+000
8.784316e+002,0.000000e+000
8.789138e+002,0.000000e+000
8.793959e+002,0.000000e+000
8.798781e+002,0.000000e+000
8.803602e+002,0.000000e+000
8.808423e+002,0.000000e+000
8.813244e+002,0.000000e+000
8.818065e+002,0.000000e+000
8.822887e+002,0.000000e+000
8.827708e+002,0.000000e+000
8.832529e+002,0.000000e+000
8.837350e+002,0.000000e+000
8.842172e+002,0.000000e+000
8.846993e+002,0.000000e+000
8.851814e+002,0.000000e+000
8.856636e+002,0.000000e+000
8.861456e+002,0.000000e+000
8.866278e+002,0.000000e+000
8.871099e+002,0.000000e+000
8.875920e+002,0.000000e+000
8.880742e+002,0.000000e+000
8.885563e+002,0.000000e+000
8.890385e+002,0.000000e+000
8.895205e+002,0.000000e+000
8.900027e+002,0.000000e+000
8.904847e+002,0.000000e+000
8.909669e+002,0.000000e+000
8.914490e+002,0.000000e+000
8.919312e+002,0.000000e+000
8.924133e+002,0.000000e+000
8.928954e+002,0.000000e+000
8.933776e+002,0.000000e+000
8.938596e+002,0.000000e+000
8.943418e+002,0.000000e+000
8.948239e+002,0.000000e+000
8.953060e+002,0.000000e+000
8.957881e+002,0.000000e+000
8.962703e+002,0.000000e+000
8.967524e+002,0.000000e+000
8.972345e+002,0.000000e+000
8.977167e+002,0.000000e+000
8.981988e+002,0.000000e+000
8.986809e+002,0.000000e+000
8.991630e+002,0.000000e+000
8.996451e+002,0.000000e+000
9.001273e+002,0.000000e+000
9.006094e+002,0.000000e+000
9.010916e+002,0.000000e+000
9.015737e+002,0.000000e+000
9.020558e+002,0.000000e+000
9.025379e+002,0.000000e+000
9.030200e+002,0.000000e+000
9.035022e+002,0.000000e+000
9.039843e+002,0.000000e+000
9.044664e+002,0.000000e+000
9.049485e+002,0.000000e+000
9.054307e+002,0.000000e+000
9.059128e+002,0.000000e+000
9.063949e+002,0.000000e+000
9.068771e+002,0.000000e+000
9.073591e+002,0.000000e+000
9.078413e+002,0.000000e+000
9.083234e+002,0.000000e+000
9.088055e+002,0.000000e+000
9.092877e+002,0.000000e+000
9.097698e+002,0.000000e+000
9.102520e+002,0.000000e+000
9.107340e+002,0.000000e+000
9.112162e+002,0.000000e+000
9.116983e+002,0.000000e+000
9.121804e+002,0.000000e+000
9.126625e+002,0.000000e+000
9.131447e+002,0.000000e+000
9.136268e+002,0.000000e+000
9.141089e+002,0.000000e+000
9.145911e+002,0.000000e+000
9.150731e+002,0.000000e+000
9.155553e+002,0.000000e+000
9.160374e+002,0.000000e+000
9.165195e+002,0.000000e+000
9.170017e+002,0.000000e+000
9.174838e+002,0.000000e+000
9.179659e+002,0.000000e+000
9.184480e+002,0.000000e+000
9.189302e+002,0.000000e+000
9.194123e+002,0.000000e+000
9.198944e+002,0.000000e+000
9.203765e+002,0.000000e+000
9.208586e+002,0.000000e+000
9.213408e+002,0.000000e+000
9.218229e+002,0.000000e+000
9.223051e+002,0.000000e+000
9.227872e+002,0.000000e+000
9.232693e+002,0.000000e+000
9.237514e+002,0.000000e+000
9.242335e+002,0.000000e+000
9.247157e+002,0.000000e+000
9.251978e+002,0.000000e+000
9.256799e+002,0.000000e+000
9.261620e+002,0.000000e+000
9.266442e+002,0.000000e+000
9.271263e+002,0.000000e+000
9.276084e+002,0.000000e+000
9.280906e+002,0.000000e+000
9.285726e+002,0.000000e+000
9.290548e+002,0.000000e+000
9.295369e+002,0.000000e+000
9.300190e+002,0.000000e+000
9.305012e+002,0.000000e+000
9.309833e+002,0.000000e+000
9.314655e+002,0.000000e+000
9.319475e+002,0.000000e+000
9.324297e+002,0.000000e+000
9.329118e+002,0.000000e+000
9.333939e+002,0.000000e+000
9.338760e+002,0.000000e+000
9.343582e+002,0.000000e+000
9.348403e+002,0.000000e+000
9.353224e+002,0.000000e+000
9.358046e+002,0.000000e+000
9.362866e+002,0.000000e+000
9.367688e+002,0.000000e+000
9.372509e+002,0.000000e+000
9.377330e+002,0.000000e+000
9.382152e+002,0.000000e+000
9.386973e+002,0.000000e+000
9.391794e+002,0.000000e+000
9.396615e+002,0.000000e+000
9.401437e+002,0.000000e+000
9.406258e+002,0.000000e+000
9.411079e+002,0.000000e+000
9.415900e+002,0.000000e+000
9.420721e+002,0.000000e+000
9.425543e+002,0.000000e+000
9.430364e+002,0.000000e+000
9.435186e+002,0.000000e+000
9.440007e+002,0.000000e+000
9.444828e+002,0.000000e+000
9.449649e+002,0.000000e+000
9.454470e+002,0.000000e+000
9.459292e+002,0.000000e+000
9.464113e+002,0.000000e+000
9.468934e+002,0.000000e+000
9.473755e+002,0.000000e+000
9.478577e+002,0.000000e+000
9.483398e+002,0.000000e+000
9.488219e+002,0.000000e+000
9.493041e+002,0.000000e+000
9.497861e+002,0.000000e+000
9.502683e+002,0.000000e+000
9.507504e+002,0.000000e+000
9.512325e+002,0.000000e+000
9.517147e+002,0.000000e+000
9.521968e+002,0.000000e+000
9.526790e+002,0.000000e+000
9.531610e+002,0.000000e+000
9.536432e+002,0.000000e+000
9.541253e+002,0.000000e+000
9.546074e+002,0.000000e+000
9.550895e+002,0.000000e+000
9.555717e+002,0.000000e+000
9.560538e+002,0.000000e+000
9.565359e+002,0.000000e+000
9.570181e+002,0.000000e+000
9.575001e+002,0.000000e+000
9.579823e+002,0.000000e+000
9.584644e+002,0.000000e+000
9.589465e+002,0.000000e+000
9.594287e+002,0.000000e+000
9.599108e+002,0.000000e+000
9.603929e+002,0.000000e+000
9.608750e+002,0.000000e+000
9.613572e+002,0.000000e+000
9.618393e+002,0.000000e+000
9.623214e+002,0.000000e+000
9.628035e+002,0.000000e+000
9.632856e+002,0.000000e+000
9.637678e+002,0.000000e+000
9.642499e+002,0.000000e+000
9.647321e+002,0.000000e+000
9.652142e+002,0.000000e+000
9.656963e+002,0.000000e+000
9.661784e+002,0.000000e+000
9.666605e+002,0.000000e+000
9.671427e+002,0.000000e+000
9.676248e+002,0.000000e+000
9.681069e+002,0.000000e+000
9.685891e+002,0.000000e+000
9.690712e+002,0.000000e+000
9.695533e+002,0.000000e+000
9.700354e+002,0.000000e+000
9.705176e+002,0.000000e+000
9.709996e+002,0.000000e+000
9.714818e+002,0.000000e+000
9.719639e+002,0.000000e+000
9.724460e+002,0.000000e+000
9.729282e+002,0.000000e+000
9.734103e+002,0.000000e+000
9.738925e+002,0.000000e+000
9.743745e+002,0.000000e+000
9.748567e+002,0.000000e+000
9.753388e+002,0.000000e+000
9.758209e+002,0.000000e+000
9.763030e+002,0.000000e+000
9.767852e+002,0.000000e+000
9.772673e+002,0.000000e+000
9.777494e+002,0.000000e+000
9.782316e+002,0.000000e+000
9.787137e+002,0.000000e+000
9.791958e+002,0.000000e+000
9.796779e+002,0.000000e+000
9.801600e+002,0.000000e+000
9.806422e+002,0.000000e+000
9.811243e+002,0.000000e+000
9.816064e+002,0.000000e+000
9.820885e+002,0.000000e+000
9.825707e+002,0.000000e+000
9.830528e+002,0.000000e+000
9.835349e+002,0.000000e+000
9.840171e+002,0.000000e+000
9.844991e+002,0.000000e+000
9.849813e+002,0.000000e+000
9.854634e+002,0.000000e+000
9.859456e+002,0.000000e+000
9.864277e+002,0.000000e+000
9.869098e+002,0.000000e+000
9.873919e+002,0.000000e+000
9.878740e+002,0.000000e+000
9.883562e+002,0.000000e+000
9.888383e+002,0.000000e+000
9.893204e+002,0.000000e+000
9.898026e+002,0.000000e+000
9.902847e+002,0.000000e+000
9.907668e+002,0.000000e+000
9.912489e+002,0.000000e+000
9.917311e+002,0.000000e+000
9.922131e+002,0.000000e+000
9.926953e+002,0.000000e+000
9.931774e+002,0.000000e+000
9.936595e+002,0.000000e+000
9.941417e+002,0.000000e+000
9.946238e+002,0.000000e+000
9.951060e+002,0.000000e+000
9.955880e+002,0.000000e+000
9.960702e+002,0.000000e+000
9.965523e+002,0.000000e+000
9.970344e+002,0.000000e+000
9.975165e+002,0.000000e+000
9.979987e+002,0.000000e+000
9.984808e+002,0.000000e+000
9.989629e+002,0.000000e+000
9.994451e+002,0.000000e+000
9.999272e+002,0.000000e+000
1.000409e+003,0.000000e+000
1.000891e+003,0.000000e+000
1.001374e+003,0.000000e+000
1.001856e+003,0.000000e+000
1.002338e+003,0.000000e+000
1.002820e+003,0.000000e+000
1.003302e+003,0.000000e+000
1.003784e+003,0.000000e+000
1.004266e+003,0.000000e+000
1.004748e+003,0.000000e+000
1.005231e+003,0.000000e+000
1.005713e+003,0.000000e+000
1.006195e+003,0.000000e+000
1.006677e+003,0.000000e+000
1.007159e+003,0.000000e+000
1.007641e+003,0.000000e+000
1.008123e+003,0.000000e+000
1.008605e+003,0.000000e+000
1.009088e+003,0.000000e+000
1.009570e+003,0.000000e+000
1.010052e+003,0.000000e+000
1.010534e+003,0.000000e+000
1.011016e+003,0.000000e+000
1.011498e+003,0.000000e+000
1.011980e+003,0.000000e+000
1.012462e+003,0.000000e+000
1.012945e+003,0.000000e+000
1.013427e+003,0.000000e+000
1.013909e+003,0.000000e+000
1.014391e+003,0.000000e+000
1.014873e+003,0.000000e+000
1.015355e+003,0.000000e+000
1.015837e+003,0.000000e+000
1.016319e+003,0.000000e+000
1.016802e+003,0.000000e+000
1.017284e+003,0.000000e+000
1.017766e+003,0.000000e+000
1.018248e+003,0.000000e+000
1.018730e+003,0.000000e+000
1.019212e+003,0.000000e+000
1.019694e+003,0.000000e+000
1.020176e+003,0.000000e+000
1.020659e+003,0.000000e+000
1.021141e+003,0.000000e+000
1.021623e+003,0.000000e+000
1.022105e+003,0.000000e+000
1.022587e+003,0.000000e+000
1.023069e+003,0.000000e+000
1.023551e+003,0.000000e+000
1.024033e+003,0.000000e+000
1.024516e+003,0.000000e+000
1.024998e+003,0.000000e+000
1.025480e+003,0.000000e+000
1.025962e+003,0.000000e+000
1.026444e+003,0.000000e+000
1.026926e+003,0.000000e+000
1.027408e+003,0.000000e+000
1.027890e+003,0.000000e+000
1.028373e+003,0.000000e+000
1.028855e+003,0.000000e+000
1.029337e+003,0.000000e+000
1.029819e+003,0.000000e+000
1.030301e+003,0.000000e+000
1.030783e+003,0.000000e+000
1.031265e+003,0.000000e+000
1.031747e+003,0.000000e+000
1.032229e+003,0.000000e+000
1.032712e+003,0.000000e+000
1.033194e+003,0.000000e+000
1.033676e+003,0.000000e+000
1.034158e+003,0.000000e+000
1.034640e+003,0.000000e+000
1.035122e+003,0.000000e+000
1.035604e+003,0.000000e+000
1.036087e+003,0.000000e+000
1.036569e+003,0.000000e+000
1.037051e+003,0.000000e+000
1.037533e+003,0.000000e+000
1.038015e+003,0.000000e+000
1.038497e+003,0.000000e+000
1.038979e+003,0.000000e+000
1.039461e+003,0.000000e+000
1.039944e+003,0.000000e+000
1.040426e+003,0.000000e+000
1.040908e+003,0.000000e+000
1.041390e+003,0.000000e+000
1.041872e+003,0.000000e+000
1.042354e+003,0.000000e+000
1.042836e+003,0.000000e+000
1.043318e+003,0.000000e+000
1.043801e+003,0.000000e+000
1.044283e+003,0.000000e+000
1.044765e+003,0.000000e+000
1.045247e+003,0.000000e+000
1.045729e+003,0.000000e+000
1.046211e+003,0.000000e+000
1.046693e+003,0.000000e+000
1.047175e+003,0.000000e+000
1.047657e+003,0.000000e+000
1.048140e+003,0.000000e+000
1.048622e+003,0.000000e+000
1.049104e+003,0.000000e+000
1.049586e+003,0.000000e+000
1.050068e+003,0.000000e+000
1.050550e+003,0.000000e+000
1.051032e+003,0.000000e+000
1.051515e+003,0.000000e+000
1.051997e+003,0.000000e+000
1.052479e+003,0.000000e+000
1.052961e+003,0.000000e+000
1.053443e+003,0.000000e+000
1.053925e+003,0.000000e+000
1.054407e+003,0.000000e+000
1.054889e+003,0.000000e+000
1.055372e+003,0.000000e+000
1.055854e+003,0.000000e+000
1.056336e+003,0.000000e+000
1.056818e+003,0.000000e+000
1.057300e+003,0.000000e+000
1.057782e+003,0.000000e+000
1.058264e+003,0.000000e+000
1.058746e+003,0.000000e+000
1.059229e+003,0.000000e+000
1.059711e+003,0.000000e+000
1.060193e+003,0.000000e+000
1.060675e+003,0.000000e+000
1.061157e+003,0.000000e+000
1.061639e+003,0.000000e+000
1.062121e+003,0.000000e+000
1.062604e+003,0.000000e+000
1.063086e+003,0.000000e+000
1.063568e+003,0.000000e+000
1.064050e+003,0.000000e+000
1.064532e+003,0.000000e+000
1.065014e+003,0.000000e+000
1.065496e+003,0.000000e+000
1.065978e+003,0.000000e+000
1.066460e+003,0.000000e+000
1.066943e+003,0.000000e+000
1.067425e+003,0.000000e+000
1.067907e+003,0.000000e+000
1.068389e+003,0.000000e+000
1.068871e+003,0.000000e+000
1.069353e+003,0.000000e+000
1.069835e+003,0.000000e+000
1.070317e+003,0.000000e+000
1.070800e+003,0.000000e+000
1.071282e+003,0.000000e+000
1.071764e+003,0.000000e+000
1.072246e+003,0.000000e+000
1.072728e+003,0.000000e+000
1.073210e+003,0.000000e+000
1.073692e+003,0.000000e+000
1.074174e+003,0.000000e+000
1.074656e+003,0.000000e+000
1.075139e+003,0.000000e+000
1.075621e+003,0.000000e+000
1.076103e+003,0.000000e+000
1.076585e+003,0.000000e+000
1.077067e+003,0.000000e+000
1.077549e+003,0.000000e+000
1.078031e+003,0.000000e+000
1.078514e+003,0.000000e+000
1.078996e+003,0.000000e+000
1.079478e+003,0.000000e+000
1.079960e+003,0.000000e+000
1.080442e+003,0.000000e+000
1.080924e+003,0.000000e+000
1.081406e+003,0.000000e+000
1.081888e+003,0.000000e+000
1.082371e+003,0.000000e+000
1.082853e+003,0.000000e+000
1.083335e+003,0.000000e+000
1.083817e+003,0.000000e+000
1.084299e+003,0.000000e+000
1.084781e+003,0.000000e+000
1.085263e+003,0.000000e+000
1.085745e+003,0.000000e+000
1.086228e+003,0.000000e+000
1.086710e+003,0.000000e+000
1.087192e+003,0.000000e+000
1.087674e+003,0.000000e+000
1.088156e+003,0.000000e+000
1.088638e+003,0.000000e+000
1.089120e+003,0.000000e+000
1.089602e+003,0.000000e+000
1.090084e+003,0.000000e+000
1.090567e+003,0.000000e+000
1.091049e+003,0.000000e+000
1.091531e+003,0.000000e+000
1.092013e+003,0.000000e+000
1.092495e+003,0.000000e+000
1.092977e+003,0.000000e+000
1.093459e+003,0.000000e+000
1.093942e+003,0.000000e+000
1.094424e+003,0.000000e+000
1.094906e+003,0.000000e+000
1.095388e+003,0.000000e+000
1.095870e+003,0.000000e+000
1.096352e+003,0.000000e+000
1.096834e+003,0.000000e+000
1.097316e+003,0.000000e+000
1.097799e+003,0.000000e+000
1.098281e+003,0.000000e+000
1.098763e+003,0.000000e+000
1.099245e+003,0.000000e+000
1.099727e+003,0.000000e+000
1.100209e+003,0.000000e+000
1.100691e+003,0.000000e+000
1.101173e+003,0.000000e+000
1.101656e+003,0.000000e+000
1.102138e+003,0.000000e+000
1.102620e+003,0.000000e+000
1.103102e+003,0.000000e+000
1.103584e+003,0.000000e+000
1.104066e+003,0.000000e+000
1.104548e+003,0.000000e+000
1.105031e+003,0.000000e+000
1.105513e+003,0.000000e+000
1.105995e+003,0.000000e+000
1.106477e+003,0.000000e+000
1.106959e+003,0.000000e+000
1.107441e+003,0.000000e+000
1.107923e+003,0.000000e+000
1.108405e+003,0.000000e+000
1.108887e+003,0.000000e+000
1.109370e+003,0.000000e+000
1.109852e+003,0.000000e+000
1.110334e+003,0.000000e+000
1.110816e+003,0.000000e+000
1.111298e+003,0.000000e+000
1.111780e+003,0.000000e+000
1.112262e+003,0.000000e+000
1.112744e+003,0.000000e+000
1.113227e+003,0.000000e+000
1.113709e+003,0.000000e+000
1.114191e+003,0.000000e+000
1.114673e+003,0.000000e+000
1.115155e+003,0.000000e+000
1.115637e+003,0.000000e+000
1.116119e+003,0.000000e+000
1.116601e+003,0.000000e+000
1.117083e+003,0.000000e+000
1.117566e+003,0.000000e+000
1.118048e+003,0.000000e+000
1.118530e+003,0.000000e+000
1.119012e+003,0.000000e+000
1.119494e+003,0.000000e+000
1.119976e+003,0.000000e+000
1.120458e+003,0.000000e+000
1.120941e+003,0.000000e+000
1.121423e+003,0.000000e+000
1.121905e+003,0.000000e+000
1.122387e+003,0.000000e+000
1.122869e+003,0.000000e+000
1.123351e+003,0.000000e+000
1.123833e+003,0.000000e+000
1.124315e+003,0.000000e+000
1.124798e+003,0.000000e+000
1.125280e+003,0.000000e+000
1.125762e+003,0.000000e+000
1.126244e+003,0.000000e+000
1.126726e+003,0.000000e+000
1.127208e+003,0.000000e+000
1.127690e+003,0.000000e+000
1.128172e+003,0.000000e+000
1.128655e+003,0.000000e+000
1.129137e+003,0.000000e+000
1.129619e+003,0.000000e+000
1.130101e+003,0.000000e+000
1.130583e+003,0.000000e+000
1.131065e+003,0.000000e+000
1.131547e+003,0.000000e+000
1.132029e+003,0.000000e+000
1.132511e+003,0.000000e+000
1.132994e+003,0.000000e+000
1.133476e+003,0.000000e+000
1.133958e+003,0.000000e+000
1.134440e+003,0.000000e+000
1.134922e+003,0.000000e+000
1.135404e+003,0.000000e+000
1.135886e+003,0.000000e+000
1.136369e+003,0.000000e+000
1.136851e+003,0.000000e+000
1.137333e+003,0.000000e+000
1.137815e+003,0.000000e+000
1.138297e+003,0.000000e+000
1.138779e+003,0.000000e+000
1.139261e+003,0.000000e+000
1.139743e+003,0.000000e+000
1.140226e+003,0.000000e+000
1.140708e+003,0.000000e+000
1.141190e+003,0.000000e+000
1.141672e+003,0.000000e+000
1.142154e+003,0.000000e+000
1.142636e+003,0.000000e+000
1.143118e+003,0.000000e+000
1.143600e+003,0.000000e+000
1.144083e+003,0.000000e+000
1.144565e+003,0.000000e+000
1.145047e+003,0.000000e+000
1.145529e+003,0.000000e+000
1.146011e+003,0.000000e+000
1.146493e+003,0.000000e+000
1.146975e+003,0.000000e+000
1.147458e+003,0.000000e+000
1.147940e+003,0.000000e+000
1.148422e+003,0.000000e+000
1.148904e+003,0.000000e+000
1.149386e+003,0.000000e+000
1.149868e+003,0.000000e+000
1.150350e+003,0.000000e+000
1.150832e+003,0.000000e+000
1.151314e+003,0.000000e+000
1.151797e+003,0.000000e+000
1.152279e+003,0.000000e+000
1.152761e+003,0.000000e+000
1.153243e+003,0.000000e+000
1.153725e+003,0.000000e+000
1.154207e+003,0.000000e+000
1.154689e+003,0.000000e+000
1.155171e+003,0.000000e+000
1.155654e+003,0.000000e+000
1.156136e+003,0.000000e+000
1.156618e+003,0.000000e+000
1.157100e+003,0.000000e+000
1.157582e+003,0.000000e+000
1.158064e+003,0.000000e+000
1.158546e+003,0.000000e+000
1.159028e+003,0.000000e+000
1.159510e+003,0.000000e+000
1.159993e+003,0.000000e+000
1.160475e+003,0.000000e+000
1.160957e+003,0.000000e+000
1.161439e+003,0.000000e+000
1.161921e+003,0.000000e+000
1.162403e+003,0.000000e+000
1.162885e+003,0.000000e+000
1.163368e+003,0.000000e+000
1.163850e+003,0.000000e+000
1.164332e+003,0.000000e+000
1.164814e+003,0.000000e+000
1.165296e+003,0.000000e+000
1.165778e+003,0.000000e+000
1.166260e+003,0.000000e+000
1.166742e+003,0.000000e+000
1.167225e+003,0.000000e+000
1.167707e+003,0.000000e+000
1.168189e+003,0.000000e+000
1.168671e+003,0.000000e+000
1.169153e+003,0.000000e+000
1.169635e+003,0.000000e+000
1.170117e+003,0.000000e+000
1.170599e+003,0.000000e+000
1.171082e+003,0.000000e+000
1.171564e+003,0.000000e+000
1.172046e+003,0.000000e+000
1.172528e+003,0.000000e+000
1.173010e+003,0.000000e+000
1.173492e+003,0.000000e+000
1.173974e+003,0.000000e+000
1.174456e+003,0.000000e+000
1.174938e+003,0.000000e+000
1.175421e+003,0.000000e+000
1.175903e+003,0.000000e+000
1.176385e+003,0.000000e+000
1.176867e+003,0.000000e+000
1.177349e+003,0.000000e+000
1.177831e+003,0.000000e+000
1.178313e+003,0.000000e+000
1.178796e+003,0.000000e+000
1.179278e+003,0.000000e+000
1.179760e+003,0.000000e+000
1.180242e+003,0.000000e+000
1.180724e+003,0.000000e+000
1.181206e+003,0.000000e+000
1.181688e+003,0.000000e+000
1.182170e+003,0.000000e+000
1.182653e+003,0.000000e+000
1.183135e+003,0.000000e+000
1.183617e+003,0.000000e+000
1.184099e+003,0.000000e+000
1.184581e+003,0.000000e+000
1.185063e+003,0.000000e+000
1.185545e+003,0.000000e+000
1.186027e+003,0.000000e+000
1.186510e+003,0.000000e+000
1.186992e+003,0.000000e+000
1.187474e+003,0.000000e+000
1.187956e+003,0.000000e+000
1.188438e+003,0.000000e+000
1.188920e+003,0.000000e+000
1.189402e+003,0.000000e+000
1.189885e+003,0.000000e+000
1.190367e+003,0.000000e+000
1.190849e+003,0.000000e+000
1.191331e+003,0.000000e+000
1.191813e+003,0.000000e+000
1.192295e+003,0.000000e+000
1.192777e+003,0.000000e+000
1.193259e+003,0.000000e+000
1.193741e+003,0.000000e+000
1.194224e+003,0.000000e+000
1.194706e+003,0.000000e+000
1.195188e+003,0.000000e+000
1.195670e+003,0.000000e+000
1.196152e+003,0.000000e+000
1.196634e+003,0.000000e+000
1.197116e+003,0.000000e+000
1.197598e+003,0.000000e+000
1.198081e+003,0.000000e+000
1.198563e+003,0.000000e+000
1.199045e+003,0.000000e+000
1.199527e+003,0.000000e+000
1.200009e+003,0.000000e+000
1.200491e+003,0.000000e+000
1.200973e+003,0.000000e+000
1.201455e+003,0.000000e+000
1.201938e+003,0.000000e+000
1.202420e+003,0.000000e+000
1.202902e+003,0.000000e+000
1.203384e+003,0.000000e+000
1.203866e+003,0.000000e+000
1.204348e+003,0.000000e+000
1.204830e+003,0.000000e+000
1.205313e+003,0.000000e+000
1.205795e+003,0.000000e+000
1.206277e+003,0.000000e+000
1.206759e+003,0.000000e+000
1.207241e+003,0.000000e+000
1.207723e+003,0.000000e+000
1.208205e+003,0.000000e+000
1.208687e+003,0.000000e+000
1.209169e+003,0.000000e+000
1.209652e+003,0.000000e+000
1.210134e+003,0.000000e+000
1.210616e+003,0.000000e+000
1.211098e+003,0.000000e+000
1.211580e+003,0.000000e+000
1.212062e+003,0.000000e+000
1.212544e+003,0.000000e+000
1.213026e+003,0.000000e+000
1.213509e+003,0.000000e+000
1.213991e+003,0.000000e+000
1.214473e+003,0.000000e+000
1.214955e+003,0.000000e+000
1.215437e+003,0.000000e+000
1.215919e+003,0.000000e+000
1.216401e+003,0.000000e+000
1.216883e+003,0.000000e+000
1.217365e+003,0.000000e+000
1.217848e+003,0.000000e+000
1.218330e+003,0.000000e+000
1.218812e+003,0.000000e+000
1.219294e+003,0.000000e+000
1.219776e+003,0.000000e+000
1.220258e+003,0.000000e+000
1.220740e+003,0.000000e+000
1.221223e+003,0.000000e+000
1.221705e+003,0.000000e+000
1.222187e+003,0.000000e+000
1.222669e+003,0.000000e+000
1.223151e+003,0.000000e+000
1.223633e+003,0.000000e+000
1.224115e+003,0.000000e+000
1.224597e+003,0.000000e+000
1.225080e+003,0.000000e+000
1.225562e+003,0.000000e+000
1.226044e+003,0.000000e+000
1.226526e+003,0.000000e+000
1.227008e+003,0.000000e+000
1.227490e+003,0.000000e+000
1.227972e+003,0.000000e+000
1.228454e+003,0.000000e+000
1.228937e+003,0.000000e+000
1.229419e+003,0.000000e+000
1.229901e+003,0.000000e+000
1.230383e+003,0.000000e+000
1.230865e+003,0.000000e+000
1.231347e+003,0.000000e+000
1.231829e+003,0.000000e+000
1.232312e+003,0.000000e+000
1.232794e+003,0.000000e+000
1.233276e+003,0.000000e+000
1.233758e+003,0.000000e+000
1.234240e+003,0.000000e+000
1.234722e+003,0.000000e+000
1.235204e+003,0.000000e+000
1.235686e+003,0.000000e+000
1.236168e+003,0.000000e+000
1.236651e+003,0.000000e+000
1.237133e+003,0.000000e+000
1.237615e+003,0.000000e+000
1.238097e+003,0.000000e+000
1.238579e+003,0.000000e+000
1.239061e+003,0.000000e+000
1.239543e+003,0.000000e+000
1.240025e+003,0.000000e+000
1.240508e+003,0.000000e+000
1.240990e+003,0.000000e+000
1.241472e+003,0.000000e+000
1.241954e+003,0.000000e+000
1.242436e+003,0.000000e+000
1.242918e+003,0.000000e+000
1.243400e+003,0.000000e+000
1.243882e+003,0.000000e+000
1.244365e+003,0.000000e+000
1.244847e+003,0.000000e+000
1.245329e+003,0.000000e+000
1.245811e+003,0.000000e+000
1.246293e+003,0.000000e+000
1.246775e+003,0.000000e+000
1.247257e+003,0.000000e+000
1.247740e+003,0.000000e+000
1.248222e+003,0.000000e+000
1.248704e+003,0.000000e+000
1.249186e+003,0.000000e+000
1.249668e+003,0.000000e+000
1.250150e+003,0.000000e+000
1.250632e+003,0.000000e+000
1.251114e+003,0.000000e+000
1.251596e+003,0.000000e+000
1.252079e+003,0.000000e+000
1.252561e+003,0.000000e+000
1.253043e+003,0.000000e+000
1.253525e+003,0.000000e+000
1.254007e+003,0.000000e+000
1.254489e+003,0.000000e+000
1.254971e+003,0.000000e+000
1.255453e+003,0.000000e+000
1.255936e+003,0.000000e+000
1.256418e+003,0.000000e+000
1.256900e+003,0.000000e+000
1.257382e+003,0.000000e+000
1.257864e+003,0.000000e+000
1.258346e+003,0.000000e+000
1.258828e+003,0.000000e+000
1.259310e+003,0.000000e+000
1.259792e+003,0.000000e+000
1.260275e+003,0.000000e+000
1.260757e+003,0.000000e+000
1.261239e+003,0.000000e+000
1.261721e+003,0.000000e+000
1.262203e+003,0.000000e+000
1.262685e+003,0.000000e+000
1.263167e+003,0.000000e+000
1.263650e+003,0.000000e+000
1.264132e+003,0.000000e+000
1.264614e+003,0.000000e+000
1.265096e+003,0.000000e+000
1.265578e+003,0.000000e+000
1.266060e+003,0.000000e+000
1.266542e+003,0.000000e+000
1.267024e+003,0.000000e+000
1.267507e+003,0.000000e+000
1.267989e+003,0.000000e+000
1.268471e+003,0.000000e+000
1.268953e+003,0.000000e+000
1.269435e+003,0.000000e+000
1.269917e+003,0.000000e+000
1.270399e+003,0.000000e+000
1.270881e+003,0.000000e+000
1.271364e+003,0.000000e+000
1.271846e+003,0.000000e+000
1.272328e+003,0.000000e+000
1.272810e+003,0.000000e+000
1.273292e+003,0.000000e+000
1.273774e+003,0.000000e+000
1.274256e+003,0.000000e+000
1.274739e+003,0.000000e+000
1.275221e+003,0.000000e+000
1.275703e+003,0.000000e+000
1.276185e+003,0.000000e+000
1.276667e+003,0.000000e+000
1.277149e+003,0.000000e+000
1.277631e+003,0.000000e+000
1.278113e+003,0.000000e+000
1.278595e+003,0.000000e+000
1.279078e+003,0.000000e+000
1.279560e+003,0.000000e+000
1.280042e+003,0.000000e+000
1.280524e+003,0.000000e+000
1.281006e+003,0.000000e+000
1.281488e+003,0.000000e+000
1.281970e+003,0.000000e+000
1.282452e+003,0.000000e+000
1.282935e+003,0.000000e+000
1.283417e+003,0.000000e+000
1.283899e+003,0.000000e+000
1.284381e+003,0.000000e+000
1.284863e+003,0.000000e+000
1.285345e+003,0.000000e+000
1.285827e+003,0.000000e+000
1.286309e+003,0.000000e+000
1.286792e+003,0.000000e+000
1.287274e+003,0.000000e+000
1.287756e+003,0.000000e+000
1.288238e+003,0.000000e+000
1.288720e+003,0.000000e+000
1.289202e+003,0.000000e+000
1.289684e+003,0.000000e+000
1.290167e+003,0.000000e+000
1.290649e+003,0.000000e+000
1.291131e+003,0.000000e+000
1.291613e+003,0.000000e+000
1.292095e+003,0.000000e+000
1.292577e+003,0.000000e+000
1.293059e+003,0.000000e+000
1.293541e+003,0.000000e+000
1.294023e+003,0.000000e+000
1.294506e+003,0.000000e+000
1.294988e+003,0.000000e+000
1.295470e+003,0.000000e+000
1.295952e+003,0.000000e+000
1.296434e+003,0.000000e+000
1.296916e+003,0.000000e+000
1.297398e+003,0.000000e+000
1.297880e+003,0.000000e+000
1.298363e+003,0.000000e+000
1.298845e+003,0.000000e+000
1.299327e+003,0.000000e+000
1.299809e+003,0.000000e+000
1.300291e+003,0.000000e+000
1.300773e+003,0.000000e+000
1.301255e+003,0.000000e+000
1.301737e+003,0.000000e+000
1.302220e+003,0.000000e+000
1.302702e+003,0.000000e+000
1.303184e+003,0.000000e+000
1.303666e+003,0.000000e+000
1.304148e+003,0.000000e+000
1.304630e+003,0.000000e+000
1.305112e+003,0.000000e+000
1.305594e+003,0.000000e+000
1.306077e+003,0.000000e+000
1.306559e+003,0.000000e+000
1.307041e+003,0.000000e+000
1.307523e+003,0.000000e+000
1.308005e+003,0.000000e+000
1.308487e+003,0.000000e+000
1.308969e+003,0.000000e+000
1.309451e+003,0.000000e+000
1.309934e+003,0.000000e+000
1.310416e+003,0.000000e+000
1.310898e+003,0.000000e+000
1.311380e+003,0.000000e+000
1.311862e+003,0.000000e+000
1.312344e+003,0.000000e+000
1.312826e+003,0.000000e+000
1.313308e+003,0.000000e+000
1.313791e+003,0.000000e+000
1.314273e+003,0.000000e+000
1.314755e+003,0.000000e+000
1.315237e+003,0.000000e+000
1.315719e+003,0.000000e+000
1.316201e+003,0.000000e+000
1.316683e+003,0.000000e+000
1.317166e+003,0.000000e+000
1.317648e+003,0.000000e+000
1.318130e+003,0.000000e+000
1.318612e+003,0.000000e+000
1.319094e+003,0.000000e+000
1.319576e+003,0.000000e+000
1.320058e+003,0.000000e+000
1.320540e+003,0.000000e+000
1.321022e+003,0.000000e+000
1.321505e+003,0.000000e+000
1.321987e+003,0.000000e+000
1.322469e+003,0.000000e+000
1.322951e+003,0.000000e+000
1.323433e+003,0.000000e+000
1.323915e+003,0.000000e+000
1.324397e+003,0.000000e+000
1.324879e+003,0.000000e+000
1.325362e+003,0.000000e+000
1.325844e+003,0.000000e+000
1.326326e+003,0.000000e+000
1.326808e+003,0.000000e+000
1.327290e+003,0.000000e+000
1.327772e+003,0.000000e+000
1.328254e+003,0.000000e+000
1.328736e+003,0.000000e+000
1.329219e+003,0.000000e+000
1.329701e+003,0.000000e+000
1.330183e+003,0.000000e+000
1.330665e+003,0.000000e+000
1.331147e+003,0.000000e+000
1.331629e+003,0.000000e+000
1.332111e+003,0.000000e+000
1.332594e+003,0.000000e+000
1.333076e+003,0.000000e+000
1.333558e+003,0.000000e+000
1.334040e+003,0.000000e+000
1.334522e+003,0.000000e+000
1.335004e+003,0.000000e+000
1.335486e+003,0.000000e+000
1.335968e+003,0.000000e+000
1.336450e+003,0.000000e+000
1.336933e+003,0.000000e+000
1.337415e+003,0.000000e+000
1.337897e+003,0.000000e+000
1.338379e+003,0.000000e+000
1.338861e+003,0.000000e+000
1.339343e+003,0.000000e+000
1.339825e+003,0.000000e+000
1.340307e+003,0.000000e+000
1.340790e+003,0.000000e+000
1.341272e+003,0.000000e+000
1.341754e+003,0.000000e+000
1.342236e+003,0.000000e+000
1.342718e+003,0.000000e+000
1.343200e+003,0.000000e+000
1.343682e+003,0.000000e+000
1.344164e+003,0.000000e+000
1.344647e+003,0.000000e+000
1.345129e+003,0.000000e+000
1.345611e+003,0.000000e+000
1.346093e+003,0.000000e+000
1.346575e+003,0.000000e+000
1.347057e+003,0.000000e+000
1.347539e+003,0.000000e+000
1.348021e+003,0.000000e+000
1.348504e+003,0.000000e+000
1.348986e+003,0.000000e+000
1.349468e+003,0.000000e+000
1.349950e+003,0.000000e+000
1.350432e+003,0.000000e+000
1.350914e+003,0.000000e+000
1.351396e+003,0.000000e+000
1.351878e+003,0.000000e+000
1.352361e+003,0.000000e+000
1.352843e+003,0.000000e+000
1.353325e+003,0.000000e+000
1.353807e+003,0.000000e+000
1.354289e+003,0.000000e+000
1.354771e+003,0.000000e+000
1.355253e+003,0.000000e+000
1.355735e+003,0.000000e+000
1.356218e+003,0.000000e+000
1.356700e+003,0.000000e+000
1.357182e+003,0.000000e+000
1.357664e+003,0.000000e+000
1.358146e+003,0.000000e+000
1.358628e+003,0.000000e+000
1.359110e+003,0.000000e+000
1.359593e+003,0.000000e+000
1.360075e+003,0.000000e+000
1.360557e+003,0.000000e+000
1.361039e+003,0.000000e+000
1.361521e+003,0.000000e+000
1.362003e+003,0.000000e+000
1.362485e+003,0.000000e+000
1.362967e+003,0.000000e+000
1.363449e+003,0.000000e+000
1.363932e+003,0.000000e+000
1.364414e+003,0.000000e+000
1.364896e+003,0.000000e+000
1.365378e+003,0.000000e+000
1.365860e+003,0.000000e+000
1.366342e+003,0.000000e+000
1.366824e+003,0.000000e+000
1.367306e+003,0.000000e+000
1.367789e+003,0.000000e+000
1.368271e+003,0.000000e+000
1.368753e+003,0.000000e+000
1.369235e+003,0.000000e+000
1.369717e+003,0.000000e+000
1.370199e+003,0.000000e+000
1.370681e+003,0.000000e+000
1.371163e+003,0.000000e+000
1.371646e+003,0.000000e+000
1.372128e+003,0.000000e+000
1.372610e+003,0.000000e+000
1.373092e+003,0.000000e+000
1.373574e+003,0.000000e+000
1.374056e+003,0.000000e+000
1.374538e+003,0.000000e+000
1.375021e+003,0.000000e+000
1.375503e+003,0.000000e+000
1.375985e+003,0.000000e+000
1.376467e+003,0.000000e+000
1.376949e+003,0.000000e+000
1.377431e+003,0.000000e+000
1.377913e+003,0.000000e+000
1.378395e+003,0.000000e+000
1.378877e+003,0.000000e+000
1.379360e+003,0.000000e+000
1.379842e+003,0.000000e+000
1.380324e+003,0.000000e+000
1.380806e+003,0.000000e+000
1.381288e+003,0.000000e+000
1.381770e+003,0.000000e+000
1.382252e+003,0.000000e+000
1.382734e+003,0.000000e+000
1.383217e+003,0.000000e+000
1.383699e+003,0.000000e+000
1.384181e+003,0.000000e+000
1.384663e+003,0.000000e+000
1.385145e+003,0.000000e+000
1.385627e+003,0.000000e+000
1.386109e+003,0.000000e+000
1.386591e+003,0.000000e+000
1.387074e+003,0.000000e+000
1.387556e+003,0.000000e+000
1.388038e+003,0.000000e+000
1.388520e+003,0.000000e+000
1.389002e+003,0.000000e+000
1.389484e+003,0.000000e+000
1.389966e+003,0.000000e+000
1.390448e+003,0.000000e+000
1.390931e+003,0.000000e+000
1.391413e+003,0.000000e+000
1.391895e+003,0.000000e+000
1.392377e+003,0.000000e+000
1.392859e+003,0.000000e+000
1.393341e+003,0.000000e+000
1.393823e+003,0.000000e+000
1.394305e+003,0.000000e+000
1.394788e+003,0.000000e+000
1.395270e+003,0.000000e+000
1.395752e+003,0.000000e+000
1.396234e+003,0.000000e+000
1.396716e+003,0.000000e+000
1.397198e+003,0.000000e+000
1.397680e+003,0.000000e+000
1.398162e+003,0.000000e+000
1.398645e+003,0.000000e+000
1.399127e+003,0.000000e+000
1.399609e+003,0.000000e+000
1.400091e+003,0.000000e+000
1.400573e+003,0.000000e+000
1.401055e+003,0.000000e+000
1.401537e+003,0.000000e+000
1.402020e+003,0.000000e+000
1.402502e+003,0.000000e+000
1.402984e+003,0.000000e+000
1.403466e+003,0.000000e+000
1.403948e+003,0.000000e+000
1.404430e+003,0.000000e+000
1.404912e+003,0.000000e+000
1.405394e+003,0.000000e+000
1.405876e+003,0.000000e+000
1.406359e+003,0.000000e+000
1.406841e+003,0.000000e+000
1.407323e+003,0.000000e+000
1.407805e+003,0.000000e+000
1.408287e+003,0.000000e+000
1.408769e+003,0.000000e+000
1.409251e+003,0.000000e+000
1.409733e+003,0.000000e+000
1.410216e+003,0.000000e+000
1.410698e+003,0.000000e+000
1.411180e+003,0.000000e+000
1.411662e+003,0.000000e+000
1.412144e+003,0.000000e+000
1.412626e+003,0.000000e+000
1.413108e+003,0.000000e+000
1.413590e+003,0.000000e+000
1.414073e+003,0.000000e+000
1.414555e+003,0.000000e+000
1.415037e+003,0.000000e+000
1.415519e+003,0.000000e+000
1.416001e+003,0.000000e+000
1.416483e+003,0.000000e+000
1.416965e+003,0.000000e+000
1.417448e+003,0.000000e+000
1.417930e+003,0.000000e+000
1.418412e+003,0.000000e+000
1.418894e+003,0.000000e+000
1.419376e+003,0.000000e+000
1.419858e+003,0.000000e+000
1.420340e+003,0.000000e+000
1.420822e+003,0.000000e+000
1.421304e+003,0.000000e+000
1.421787e+003,0.000000e+000
1.422269e+003,0.000000e+000
1.422751e+003,0.000000e+000
1.423233e+003,0.000000e+000
1.423715e+003,0.000000e+000
1.424197e+003,0.000000e+000
1.424679e+003,0.000000e+000
1.425161e+003,0.000000e+000
1.425644e+003,0.000000e+000
1.426126e+003,0.000000e+000
1.426608e+003,0.000000e+000
1.427090e+003,0.000000e+000
1.427572e+003,0.000000e+000
1.428054e+003,0.000000e+000
1.428536e+003,0.000000e+000
1.429018e+003,0.000000e+000
1.429501e+003,0.000000e+000
1.429983e+003,0.000000e+000
1.430465e+003,0.000000e+000
1.430947e+003,0.000000e+000
1.431429e+003,0.000000e+000
1.431911e+003,0.000000e+000
1.432393e+003,0.000000e+000
1.432875e+003,0.000000e+000
1.433358e+003,0.000000e+000
1.433840e+003,0.000000e+000
1.434322e+003,0.000000e+000
1.434804e+003,0.000000e+000
1.435286e+003,0.000000e+000
1.435768e+003,0.000000e+000
1.436250e+003,0.000000e+000
1.436732e+003,0.000000e+000
1.437215e+003,0.000000e+000
1.437697e+003,0.000000e+000
1.438179e+003,0.000000e+000
1.438661e+003,0.000000e+000
1.439143e+003,0.000000e+000
1.439625e+003,0.000000e+000
1.440107e+003,0.000000e+000
1.440589e+003,0.000000e+000
1.441072e+003,0.000000e+000
1.441554e+003,0.000000e+000
1.442036e+003,0.000000e+000
1.442518e+003,0.000000e+000
1.443000e+003,0.000000e+000
1.443482e+003,0.000000e+000
1.443964e+003,0.000000e+000
1.444447e+003,0.000000e+000
1.444929e+003,0.000000e+000
1.445411e+003,0.000000e+000
1.445893e+003,0.000000e+000
1.446375e+003,0.000000e+000
1.446857e+003,0.000000e+000
1.447339e+003,0.000000e+000
1.447821e+003,0.000000e+000
1.448303e+003,0.000000e+000
1.448786e+003,0.000000e+000
1.449268e+003,0.000000e+000
1.449750e+003,0.000000e+000
1.450232e+003,0.000000e+000
1.450714e+003,0.000000e+000
1.451196e+003,0.000000e+000
1.451678e+003,0.000000e+000
1.452160e+003,0.000000e+000
1.452643e+003,0.000000e+000
1.453125e+003,0.000000e+000
1.453607e+003,0.000000e+000
1.454089e+003,0.000000e+000
1.454571e+003,0.000000e+000
1.455053e+003,0.000000e+000
1.455535e+003,0.000000e+000
1.456017e+003,0.000000e+000
1.456500e+003,0.000000e+000
1.456982e+003,0.000000e+000
1.457464e+003,0.000000e+000
1.457946e+003,0.000000e+000
1.458428e+003,0.000000e+000
1.458910e+003,0.000000e+000
1.459392e+003,0.000000e+000
1.459875e+003,0.000000e+000
1.460357e+003,0.000000e+000
1.460839e+003,0.000000e+000
1.461321e+003,0.000000e+000
1.461803e+003,0.000000e+000
1.462285e+003,0.000000e+000
1.462767e+003,0.000000e+000
1.463249e+003,0.000000e+000
1.463731e+003,0.000000e+000
1.464214e+003,0.000000e+000
1.464696e+003,0.000000e+000
1.465178e+003,0.000000e+000
1.465660e+003,0.000000e+000
1.466142e+003,0.000000e+000
1.466624e+003,0.000000e+000
1.467106e+003,0.000000e+000
1.467588e+003,0.000000e+000
1.468071e+003,0.000000e+000
1.468553e+003,0.000000e+000
1.469035e+003,0.000000e+000
1.469517e+003,0.000000e+000
1.469999e+003,0.000000e+000
1.470481e+003,0.000000e+000
1.470963e+003,0.000000e+000
1.471445e+003,0.000000e+000
1.471928e+003,0.000000e+000
1.472410e+003,0.000000e+000
1.472892e+003,0.000000e+000
1.473374e+003,0.000000e+000
1.473856e+003,0.000000e+000
1.474338e+003,0.000000e+000
1.474820e+003,0.000000e+000
1.475302e+003,0.000000e+000
1.475785e+003,0.000000e+000
1.476267e+003,0.000000e+000
1.476749e+003,0.000000e+000
1.477231e+003,0.000000e+000
1.477713e+003,0.000000e+000
1.478195e+003,0.000000e+000
1.478677e+003,0.000000e+000
1.479159e+003,0.000000e+000
1.479642e+003,0.000000e+000
1.480124e+003,0.000000e+000
1.480606e+003,0.000000e+000
1.481088e+003,0.000000e+000
1.481570e+003,0.000000e+000
1.482052e+003,0.000000e+000
1.482534e+003,0.000000e+000
1.483016e+003,0.000000e+000
1.483499e+003,0.000000e+000
1.483981e+003,0.000000e+000
1.484463e+003,0.000000e+000
1.484945e+003,0.000000e+000
1.485427e+003,0.000000e+000
1.485909e+003,0.000000e+000
1.486391e+003,0.000000e+000
1.486874e+003,0.000000e+000
1.487356e+003,0.000000e+000
1.487838e+003,0.000000e+000
1.488320e+003,0.000000e+000
1.488802e+003,0.000000e+000
1.489284e+003,0.000000e+000
1.489766e+003,0.000000e+000
1.490248e+003,0.000000e+000
1.490730e+003,0.000000e+000
1.491213e+003,0.000000e+000
1.491695e+003,0.000000e+000
1.492177e+003,0.000000e+000
1.492659e+003,0.000000e+000
1.493141e+003,0.000000e+000
1.493623e+003,0.000000e+000
1.494105e+003,0.000000e+000
1.494587e+003,0.000000e+000
1.495070e+003,0.000000e+000
1.495552e+003,0.000000e+000
1.496034e+003,0.000000e+000
1.496516e+003,0.000000e+000
1.496998e+003,0.000000e+000
1.497480e+003,0.000000e+000
1.497962e+003,0.000000e+000
1.498444e+003,0.000000e+000
1.498927e+003,0.000000e+000
1.499409e+003,0.000000e+000
1.499891e+003,0.000000e+000
1.500373e+003,0.000000e+000
1.500855e+003,0.000000e+000
1.501337e+003,0.000000e+000
1.501819e+003,0.000000e+000
1.502302e+003,0.000000e+000
1.502784e+003,0.000000e+000
1.503266e+003,0.000000e+000
1.503748e+003,0.000000e+000
1.504230e+003,0.000000e+000
1.504712e+003,0.000000e+000
1.505194e+003,0.000000e+000
1.505676e+003,0.000000e+000
1.506158e+003,0.000000e+000
1.506641e+003,0.000000e+000
1.507123e+003,0.000000e+000
1.507605e+003,0.000000e+000
1.508087e+003,0.000000e+000
1.508569e+003,0.000000e+000
1.509051e+003,0.000000e+000
1.509533e+003,0.000000e+000
1.510015e+003,0.000000e+000
1.510498e+003,0.000000e+000
1.510980e+003,0.000000e+000
1.511462e+003,0.000000e+000
1.511944e+003,0.000000e+000
1.512426e+003,0.000000e+000
1.512908e+003,0.000000e+000
1.513390e+003,0.000000e+000
1.513873e+003,0.000000e+000
1.514355e+003,0.000000e+000
1.514837e+003,0.000000e+000
1.515319e+003,0.000000e+000
1.515801e+003,0.000000e+000
1.516283e+003,0.000000e+000
1.516765e+003,0.000000e+000
1.517247e+003,0.000000e+000
1.517729e+003,0.000000e+000
1.518212e+003,0.000000e+000
1.518694e+003,0.000000e+000
1.519176e+003,0.000000e+000
1.519658e+003,0.000000e+000
1.520140e+003,0.000000e+000
1.520622e+003,0.000000e+000
1.521104e+003,0.000000e+000
1.521586e+003,0.000000e+000
1.522069e+003,0.000000e+000
1.522551e+003,0.000000e+000
1.523033e+003,0.000000e+000
1.523515e+003,0.000000e+000
1.523997e+003,0.000000e+000
1.524479e+003,0.000000e+000
1.524961e+003,0.000000e+000
1.525443e+003,0.000000e+000
1.525926e+003,0.000000e+000
1.526408e+003,0.000000e+000
1.526890e+003,0.000000e+000
1.527372e+003,0.000000e+000
1.527854e+003,0.000000e+000
1.528336e+003,0.000000e+000
1.528818e+003,0.000000e+000
1.529300e+003,0.000000e+000
1.529783e+003,0.000000e+000
1.530265e+003,0.000000e+000
1.530747e+003,0.000000e+000
1.531229e+003,0.000000e+000
1.531711e+003,0.000000e+000
1.532193e+003,0.000000e+000
1.532675e+003,0.000000e+000
1.533157e+003,0.000000e+000
1.533640e+003,0.000000e+000
1.534122e+003,0.000000e+000
1.534604e+003,0.000000e+000
1.535086e+003,0.000000e+000
1.535568e+003,0.000000e+000
1.536050e+003,0.000000e+000
1.536532e+003,0.000000e+000
1.537015e+003,0.000000e+000
1.537497e+003,0.000000e+000
1.537979e+003,0.000000e+000
1.538461e+003,0.000000e+000
1.538943e+003,0.000000e+000
1.539425e+003,0.000000e+000
1.539907e+003,0.000000e+000
1.540389e+003,0.000000e+000
1.540871e+003,0.000000e+000
1.541354e+003,0.000000e+000
1.541836e+003,0.000000e+000
1.542318e+003,0.000000e+000
1.542800e+003,0.000000e+000
1.543282e+003,0.000000e+000
1.543764e+003,0.000000e+000
1.544246e+003,0.000000e+000
1.544729e+003,0.000000e+000
1.545211e+003,0.000000e+000
1.545693e+003,0.000000e+000
1.546175e+003,0.000000e+000
1.546657e+003,0.000000e+000
1.547139e+003,0.000000e+000
1.547621e+003,0.000000e+000
1.548103e+003,0.000000e+000
1.548585e+003,0.000000e+000
1.549068e+003,0.000000e+000
1.549550e+003,0.000000e+000
1.550032e+003,0.000000e+000
1.550514e+003,0.000000e+000
1.550996e+003,0.000000e+000
1.551478e+003,0.000000e+000
1.551960e+003,0.000000e+000
1.552443e+003,0.000000e+000
1.552925e+003,0.000000e+000
1.553407e+003,0.000000e+000
1.553889e+003,0.000000e+000
1.554371e+003,0.000000e+000
1.554853e+003,0.000000e+000
1.555335e+003,0.000000e+000
1.555817e+003,0.000000e+000
1.556299e+003,0.000000e+000
1.556782e+003,0.000000e+000
1.557264e+003,0.000000e+000
1.557746e+003,0.000000e+000
1.558228e+003,0.000000e+000
1.558710e+003,0.000000e+000
1.559192e+003,0.000000e+000
1.559674e+003,0.000000e+000
1.560156e+003,0.000000e+000
1.560639e+003,0.000000e+000
1.561121e+003,0.000000e+000
1.561603e+003,0.000000e+000
1.562085e+003,0.000000e+000
1.562567e+003,0.000000e+000
1.563049e+003,0.000000e+000
1.563531e+003,0.000000e+000
1.564013e+003,0.000000e+000
1.564496e+003,0.000000e+000
1.564978e+003,0.000000e+000
1.565460e+003,0.000000e+000
1.565942e+003,0.000000e+000
1.566424e+003,0.000000e+000
1.566906e+003,0.000000e+000
1.567388e+003,0.000000e+000
1.567870e+003,0.000000e+000
1.568353e+003,0.000000e+000
1.568835e+003,0.000000e+000
1.569317e+003,0.000000e+000
1.569799e+003,0.000000e+000
1.570281e+003,0.000000e+000
1.570763e+003,0.000000e+000
1.571245e+003,0.000000e+000
1.571727e+003,0.000000e+000
1.572210e+003,0.000000e+000
1.572692e+003,0.000000e+000
1.573174e+003,0.000000e+000
1.573656e+003,0.000000e+000
1.574138e+003,0.000000e+000
1.574620e+003,0.000000e+000
1.575102e+003,0.000000e+000
1.575584e+003,0.000000e+000
1.576067e+003,0.000000e+000
1.576549e+003,0.000000e+000
1.577031e+003,0.000000e+000
1.577513e+003,0.000000e+000
1.577995e+003,0.000000e+000
1.578477e+003,0.000000e+000
1.578959e+003,0.000000e+000
1.579442e+003,0.000000e+000
1.579924e+003,0.000000e+000
1.580406e+003,0.000000e+000
1.580888e+003,0.000000e+000
1.581370e+003,0.000000e+000
1.581852e+003,0.000000e+000
1.582334e+003,0.000000e+000
1.582816e+003,0.000000e+000
1.583298e+003,0.000000e+000
1.583781e+003,0.000000e+000
1.584263e+003,0.000000e+000
1.584745e+003,0.000000e+000
1.585227e+003,0.000000e+000
1.585709e+003,0.000000e+000
1.586191e+003,0.000000e+000
1.586673e+003,0.000000e+000
1.587156e+003,0.000000e+000
1.587638e+003,0.000000e+000
1.588120e+003,0.000000e+000
1.588602e+003,0.000000e+000
1.589084e+003,0.000000e+000
1.589566e+003,0.000000e+000
1.590048e+003,0.000000e+000
1.590530e+003,0.000000e+000
1.591012e+003,0.000000e+000
1.591495e+003,0.000000e+000
1.591977e+003,0.000000e+000
1.592459e+003,0.000000e+000
1.592941e+003,0.000000e+000
1.593423e+003,0.000000e+000
1.593905e+003,0.000000e+000
1.594387e+003,0.000000e+000
1.594870e+003,0.000000e+000
1.595352e+003,0.000000e+000
1.595834e+003,0.000000e+000
1.596316e+003,0.000000e+000
1.596798e+003,0.000000e+000
1.597280e+003,0.000000e+000
1.597762e+003,0.000000e+000
1.598244e+003,0.000000e+000
1.598726e+003,0.000000e+000
1.599209e+003,0.000000e+000
1.599691e+003,0.000000e+000
1.600173e+003,0.000000e+000
1.600655e+003,0.000000e+000
1.601137e+003,0.000000e+000
1.601619e+003,0.000000e+000
1.602101e+003,0.000000e+000
1.602583e+003,0.000000e+000
1.603066e+003,0.000000e+000
1.603548e+003,0.000000e+000
1.604030e+003,0.000000e+000
1.604512e+003,0.000000e+000
1.604994e+003,0.000000e+000
1.605476e+003,0.000000e+000
1.605958e+003,0.000000e+000
1.606440e+003,0.000000e+000
1.606923e+003,0.000000e+000
1.607405e+003,0.000000e+000
1.607887e+003,0.000000e+000
1.608369e+003,0.000000e+000
1.608851e+003,0.000000e+000
1.609333e+003,0.000000e+000
1.609815e+003,0.000000e+000
1.610297e+003,0.000000e+000
1.610780e+003,0.000000e+000
1.611262e+003,0.000000e+000
1.611744e+003,0.000000e+000
1.612226e+003,0.000000e+000
1.612708e+003,0.000000e+000
1.613190e+003,0.000000e+000
1.613672e+003,0.000000e+000
1.614154e+003,0.000000e+000
1.614637e+003,0.000000e+000
1.615119e+003,0.000000e+000
1.615601e+003,0.000000e+000
1.616083e+003,0.000000e+000
1.616565e+003,0.000000e+000
1.617047e+003,0.000000e+000
1.617529e+003,0.000000e+000
1.618011e+003,0.000000e+000
1.618494e+003,0.000000e+000
1.618976e+003,0.000000e+000
1.619458e+003,0.000000e+000
1.619940e+003,0.000000e+000
1.620422e+003,0.000000e+000
1.620904e+003,0.000000e+000
1.621386e+003,0.000000e+000
1.621869e+003,0.000000e+000
1.622351e+003,0.000000e+000
1.622833e+003,0.000000e+000
1.623315e+003,0.000000e+000
1.623797e+003,0.000000e+000
1.624279e+003,0.000000e+000
1.624761e+003,0.000000e+000
1.625243e+003,0.000000e+000
1.625725e+003,0.000000e+000
1.626208e+003,0.000000e+000
1.626690e+003,0.000000e+000
1.627172e+003,0.000000e+000
1.627654e+003,0.000000e+000
1.628136e+003,0.000000e+000
1.628618e+003,0.000000e+000
1.629100e+003,0.000000e+000
1.629583e+003,0.000000e+000
1.630065e+003,0.000000e+000
1.630547e+003,0.000000e+000
1.631029e+003,0.000000e+000
1.631511e+003,0.000000e+000
1.631993e+003,0.000000e+000
1.632475e+003,0.000000e+000
1.632957e+003,0.000000e+000
1.633439e+003,0.000000e+000
1.633922e+003,0.000000e+000
1.634404e+003,0.000000e+000
1.634886e+003,0.000000e+000
1.635368e+003,0.000000e+000
1.635850e+003,0.000000e+000
1.636332e+003,0.000000e+000
1.636814e+003,0.000000e+000
1.637297e+003,0.000000e+000
1.637779e+003,0.000000e+000
1.638261e+003,0.000000e+000
1.638743e+003,0.000000e+000
1.639225e+003,0.000000e+000
1.639707e+003,0.000000e+000
1.640189e+003,0.000000e+000
1.640671e+003,0.000000e+000
1.641153e+003,0.000000e+000
1.641636e+003,0.000000e+000
1.642118e+003,0.000000e+000
1.642600e+003,0.000000e+000
1.643082e+003,0.000000e+000
1.643564e+003,0.000000e+000
1.644046e+003,0.000000e+000
1.644528e+003,0.000000e+000
1.645010e+003,0.000000e+000
1.645493e+003,0.000000e+000
1.645975e+003,0.000000e+000
1.646457e+003,0.000000e+000
1.646939e+003,0.000000e+000
1.647421e+003,0.000000e+000
1.647903e+003,0.000000e+000
1.648385e+003,0.000000e+000
1.648867e+003,0.000000e+000
1.649350e+003,0.000000e+000
1.649832e+003,0.000000e+000
1.650314e+003,0.000000e+000
1.650796e+003,0.000000e+000
1.651278e+003,0.000000e+000
1.651760e+003,0.000000e+000
1.652242e+003,0.000000e+000
1.652724e+003,0.000000e+000
1.653207e+003,0.000000e+000
1.653689e+003,0.000000e+000
1.654171e+003,0.000000e+000
1.654653e+003,0.000000e+000
1.655135e+003,0.000000e+000
1.655617e+003,0.000000e+000
1.656099e+003,0.000000e+000
1.656581e+003,0.000000e+000
1.657064e+003,0.000000e+000
1.657546e+003,0.000000e+000
1.658028e+003,0.000000e+000
1.658510e+003,0.000000e+000
1.658992e+003,0.000000e+000
1.659474e+003,0.000000e+000
1.659956e+003,0.000000e+000
1.660438e+003,0.000000e+000
1.660921e+003,0.000000e+000
1.661403e+003,0.000000e+000
1.661885e+003,0.000000e+000
1.662367e+003,0.000000e+000
1.662849e+003,0.000000e+000
1.663331e+003,0.000000e+000
1.663813e+003,0.000000e+000
1.664296e+003,0.000000e+000
1.664778e+003,0.000000e+000
1.665260e+003,0.000000e+000
1.665742e+003,0.000000e+000
1.666224e+003,0.000000e+000
1.666706e+003,0.000000e+000
1.667188e+003,0.000000e+000
1.667670e+003,0.000000e+000
1.668152e+003,0.000000e+000
1.668635e+003,0.000000e+000
1.669117e+003,0.000000e+000
1.669599e+003,0.000000e+000
1.670081e+003,0.000000e+000
1.670563e+003,0.000000e+000
1.671045e+003,0.000000e+000
1.671527e+003,0.000000e+000
1.672010e+003,0.000000e+000
1.672492e+003,0.000000e+000
1.672974e+003,0.000000e+000
1.673456e+003,0.000000e+000
1.673938e+003,0.000000e+000
1.674420e+003,0.000000e+000
1.674902e+003,0.000000e+000
1.675384e+003,0.000000e+000
1.675866e+003,0.000000e+000
1.676349e+003,0.000000e+000
1.676831e+003,0.000000e+000
1.677313e+003,0.000000e+000
1.677795e+003,0.000000e+000
1.678277e+003,0.000000e+000
1.678759e+003,0.000000e+000
1.679241e+003,0.000000e+000
1.679724e+003,0.000000e+000
1.680206e+003,0.000000e+000
1.680688e+003,0.000000e+000
1.681170e+003,0.000000e+000
1.681652e+003,0.000000e+000
1.682134e+003,0.000000e+000
1.682616e+003,0.000000e+000
1.683098e+003,0.000000e+000
1.683580e+003,0.000000e+000
1.684063e+003,0.000000e+000
1.684545e+003,0.000000e+000
1.685027e+003,0.000000e+000
1.685509e+003,0.000000e+000
1.685991e+003,0.000000e+000
1.686473e+003,0.000000e+000
1.686955e+003,0.000000e+000
1.687438e+003,0.000000e+000
1.687920e+003,0.000000e+000
1.688402e+003,0.000000e+000
1.688884e+003,0.000000e+000
1.689366e+003,0.000000e+000
1.689848e+003,0.000000e+000
1.690330e+003,0.000000e+000
1.690812e+003,0.000000e+000
1.691294e+003,0.000000e+000
1.691777e+003,0.000000e+000
1.692259e+003,0.000000e+000
1.692741e+003,0.000000e+000
1.693223e+003,0.000000e+000
1.693705e+003,0.000000e+000
1.694187e+003,0.000000e+000
1.694669e+003,0.000000e+000
1.695151e+003,0.000000e+000
1.695634e+003,0.000000e+000
1.696116e+003,0.000000e+000
1.696598e+003,0.000000e+000
1.697080e+003,0.000000e+000
1.697562e+003,0.000000e+000
1.698044e+003,0.000000e+000
1.698526e+003,0.000000e+000
1.699009e+003,0.000000e+000
1.699491e+003,0.000000e+000
1.699973e+003,0.000000e+000
1.700455e+003,0.000000e+000
1.700937e+003,0.000000e+000
1.701419e+003,0.000000e+000
1.701901e+003,0.000000e+000
1.702383e+003,0.000000e+000
1.702865e+003,0.000000e+000
1.703348e+003,0.000000e+000
1.703830e+003,0.000000e+000
1.704312e+003,0.000000e+000
1.704794e+003,0.000000e+000
1.705276e+003,0.000000e+000
1.705758e+003,0.000000e+000
1.706240e+003,0.000000e+000
1.706723e+003,0.000000e+000
1.707205e+003,0.000000e+000
1.707687e+003,0.000000e+000
1.708169e+003,0.000000e+000
1.708651e+003,0.000000e+000
1.709133e+003,0.000000e+000
1.709615e+003,0.000000e+000
1.710097e+003,0.000000e+000
1.710579e+003,0.000000e+000
1.711062e+003,0.000000e+000
1.711544e+003,0.000000e+000
1.712026e+003,0.000000e+000
1.712508e+003,0.000000e+000
1.712990e+003,0.000000e+000
1.713472e+003,0.000000e+000
1.713954e+003,0.000000e+000
1.714437e+003,0.000000e+000
1.714919e+003,0.000000e+000
1.715401e+003,0.000000e+000
1.715883e+003,0.000000e+000
1.716365e+003,0.000000e+000
1.716847e+003,0.000000e+000
1.717329e+003,0.000000e+000
1.717811e+003,0.000000e+000
1.718293e+003,0.000000e+000
1.718776e+003,0.000000e+000
1.719258e+003,0.000000e+000
1.719740e+003,0.000000e+000
1.720222e+003,0.000000e+000
1.720704e+003,0.000000e+000
1.721186e+003,0.000000e+000
1.721668e+003,0.000000e+000
1.722151e+003,0.000000e+000
1.722633e+003,0.000000e+000
1.723115e+003,0.000000e+000
1.723597e+003,0.000000e+000
1.724079e+003,0.000000e+000
1.724561e+003,0.000000e+000
1.725043e+003,0.000000e+000
1.725525e+003,0.000000e+000
1.726007e+003,0.000000e+000
1.726490e+003,0.000000e+000
1.726972e+003,0.000000e+000
1.727454e+003,0.000000e+000
1.727936e+003,0.000000e+000
1.728418e+003,0.000000e+000
1.728900e+003,0.000000e+000
1.729382e+003,0.000000e+000
1.729865e+003,0.000000e+000
1.730347e+003,0.000000e+000
1.730829e+003,0.000000e+000
1.731311e+003,0.000000e+000
1.731793e+003,0.000000e+000
1.732275e+003,0.000000e+000
1.732757e+003,0.000000e+000
1.733239e+003,0.000000e+000
1.733721e+003,0.000000e+000
1.734204e+003,0.000000e+000
1.734686e+003,0.000000e+000
1.735168e+003,0.000000e+000
1.735650e+003,0.000000e+000
1.736132e+003,0.000000e+000
1.736614e+003,0.000000e+000
1.737096e+003,0.000000e+000
1.737578e+003,0.000000e+000
1.738061e+003,0.000000e+000
1.738543e+003,0.000000e+000
1.739025e+003,0.000000e+000
1.739507e+003,0.000000e+000
1.739989e+003,0.000000e+000
1.740471e+003,0.000000e+000
1.740953e+003,0.000000e+000
1.741436e+003,0.000000e+000
1.741918e+003,0.000000e+000
1.742400e+003,0.000000e+000
1.742882e+003,0.000000e+000
1.743364e+003,0.000000e+000
1.743846e+003,0.000000e+000
1.744328e+003,0.000000e+000
1.744810e+003,0.000000e+000
1.745292e+003,0.000000e+000
1.745775e+003,0.000000e+000
1.746257e+003,0.000000e+000
1.746739e+003,0.000000e+000
1.747221e+003,0.000000e+000
1.747703e+003,0.000000e+000
1.748185e+003,0.000000e+000
1.748667e+003,0.000000e+000
1.749150e+003,0.000000e+000
1.749632e+003,0.000000e+000
1.750114e+003,0.000000e+000
1.750596e+003,0.000000e+000
1.751078e+003,0.000000e+000
1.751560e+003,0.000000e+000
1.752042e+003,0.000000e+000
1.752524e+003,0.000000e+000
1.753006e+003,0.000000e+000
1.753489e+003,0.000000e+000
1.753971e+003,0.000000e+000
1.754453e+003,0.000000e+000
1.754935e+003,0.000000e+000
1.755417e+003,0.000000e+000
1.755899e+003,0.000000e+000
1.756381e+003,0.000000e+000
1.756864e+003,0.000000e+000
1.757346e+003,0.000000e+000
1.757828e+003,0.000000e+000
1.758310e+003,0.000000e+000
1.758792e+003,0.000000e+000
1.759274e+003,0.000000e+000
1.759756e+003,0.000000e+000
1.760238e+003,0.000000e+000
1.760720e+003,0.000000e+000
1.761203e+003,0.000000e+000
1.761685e+003,0.000000e+000
1.762167e+003,0.000000e+000
1.762649e+003,0.000000e+000
1.763131e+003,0.000000e+000
1.763613e+003,0.000000e+000
1.764095e+003,0.000000e+000
1.764578e+003,0.000000e+000
1.765060e+003,0.000000e+000
1.765542e+003,0.000000e+000
1.766024e+003,0.000000e+000
1.766506e+003,0.000000e+000
1.766988e+003,0.000000e+000
1.767470e+003,0.000000e+000
1.767952e+003,0.000000e+000
1.768434e+003,0.000000e+000
1.768917e+003,0.000000e+000
1.769399e+003,0.000000e+000
1.769881e+003,0.000000e+000
1.770363e+003,0.000000e+000
1.770845e+003,0.000000e+000
1.771327e+003,0.000000e+000
1.771809e+003,0.000000e+000
1.772292e+003,0.000000e+000
1.772774e+003,0.000000e+000
1.773256e+003,0.000000e+000
1.773738e+003,0.000000e+000
1.774220e+003,0.000000e+000
1.774702e+003,0.000000e+000
1.775184e+003,0.000000e+000
1.775666e+003,0.000000e+000
1.776148e+003,0.000000e+000
1.776631e+003,0.000000e+000
1.777113e+003,0.000000e+000
1.777595e+003,0.000000e+000
1.778077e+003,0.000000e+000
1.778559e+003,0.000000e+000
1.779041e+003,0.000000e+000
1.779523e+003,0.000000e+000
1.780005e+003,0.000000e+000
1.780488e+003,0.000000e+000
1.780970e+003,0.000000e+000
1.781452e+003,0.000000e+000
1.781934e+003,0.000000e+000
1.782416e+003,0.000000e+000
1.782898e+003,0.000000e+000
1.783380e+003,0.000000e+000
1.783863e+003,0.000000e+000
1.784345e+003,0.000000e+000
1.784827e+003,0.000000e+000
1.785309e+003,0.000000e+000
1.785791e+003,0.000000e+000
1.786273e+003,0.000000e+000
1.786755e+003,0.000000e+000
1.787237e+003,0.000000e+000
1.787719e+003,0.000000e+000
1.788202e+003,0.000000e+000
1.788684e+003,0.000000e+000
1.789166e+003,0.000000e+000
1.789648e+003,0.000000e+000
1.790130e+003,0.000000e+000
1.790612e+003,0.000000e+000
1.791094e+003,0.000000e+000
1.791577e+003,0.000000e+000
1.792059e+003,0.000000e+000
1.792541e+003,0.000000e+000
1.793023e+003,0.000000e+000
1.793505e+003,0.000000e+000
1.793987e+003,0.000000e+000
1.794469e+003,0.000000e+000
1.794951e+003,0.000000e+000
1.795433e+003,0.000000e+000
1.795916e+003,0.000000e+000
1.796398e+003,0.000000e+000
1.796880e+003,0.000000e+000
1.797362e+003,0.000000e+000
1.797844e+003,0.000000e+000
1.798326e+003,0.000000e+000
1.798808e+003,0.000000e+000
1.799291e+003,0.000000e+000
1.799773e+003,0.000000e+000
1.800255e+003,0.000000e+000
1.800737e+003,0.000000e+000
1.801219e+003,0.000000e+000
1.801701e+003,0.000000e+000
1.802183e+003,0.000000e+000
1.802665e+003,0.000000e+000
1.803147e+003,0.000000e+000
1.803630e+003,0.000000e+000
1.804112e+003,0.000000e+000
1.804594e+003,0.000000e+000
1.805076e+003,0.000000e+000
1.805558e+003,0.000000e+000
1.806040e+003,0.000000e+000
1.806522e+003,0.000000e+000
1.807005e+003,0.000000e+000
1.807487e+003,0.000000e+000
1.807969e+003,0.000000e+000
1.808451e+003,0.000000e+000
1.808933e+003,0.000000e+000
1.809415e+003,0.000000e+000
1.809897e+003,0.000000e+000
1.810379e+003,0.000000e+000
1.810861e+003,0.000000e+000
1.811344e+003,0.000000e+000
1.811826e+003,0.000000e+000
1.812308e+003,0.000000e+000
1.812790e+003,0.000000e+000
1.813272e+003,0.000000e+000
1.813754e+003,0.000000e+000
1.814236e+003,0.000000e+000
1.814719e+003,0.000000e+000
1.815201e+003,0.000000e+000
1.815683e+003,0.000000e+000
1.816165e+003,0.000000e+000
1.816647e+003,0.000000e+000
1.817129e+003,0.000000e+000
1.817611e+003,0.000000e+000
1.818093e+003,0.000000e+000
1.818575e+003,0.000000e+000
1.819058e+003,0.000000e+000
1.819540e+003,0.000000e+000
1.820022e+003,0.000000e+000
1.820504e+003,0.000000e+000
1.820986e+003,0.000000e+000
1.821468e+003,0.000000e+000
1.821950e+003,0.000000e+000
1.822432e+003,0.000000e+000
1.822915e+003,0.000000e+000
1.823397e+003,0.000000e+000
1.823879e+003,0.000000e+000
1.824361e+003,0.000000e+000
1.824843e+003,0.000000e+000
1.825325e+003,0.000000e+000
1.825807e+003,0.000000e+000
1.826290e+003,0.000000e+000
1.826772e+003,0.000000e+000
1.827254e+003,0.000000e+000
1.827736e+003,0.000000e+000
1.828218e+003,0.000000e+000
1.828700e+003,0.000000e+000
1.829182e+003,0.000000e+000
1.829664e+003,0.000000e+000
1.830146e+003,0.000000e+000
1.830629e+003,0.000000e+000
1.831111e+003,0.000000e+000
1.831593e+003,0.000000e+000
1.832075e+003,0.000000e+000
1.832557e+003,0.000000e+000
1.833039e+003,0.000000e+000
1.833521e+003,0.000000e+000
1.834004e+003,0.000000e+000
1.834486e+003,0.000000e+000
1.834968e+003,0.000000e+000
1.835450e+003,0.000000e+000
1.835932e+003,0.000000e+000
1.836414e+003,0.000000e+000
1.836896e+003,0.000000e+000
1.837378e+003,0.000000e+000
1.837860e+003,0.000000e+000
1.838343e+003,0.000000e+000
1.838825e+003,0.000000e+000
1.839307e+003,0.000000e+000
1.839789e+003,0.000000e+000
1.840271e+003,0.000000e+000
1.840753e+003,0.000000e+000
1.841235e+003,0.000000e+000
1.841718e+003,0.000000e+000
1.842200e+003,0.000000e+000
1.842682e+003,0.000000e+000
1.843164e+003,0.000000e+000
1.843646e+003,0.000000e+000
1.844128e+003,0.000000e+000
1.844610e+003,0.000000e+000
1.845092e+003,0.000000e+000
1.845574e+003,0.000000e+000
1.846057e+003,0.000000e+000
1.846539e+003,0.000000e+000
1.847021e+003,0.000000e+000
1.847503e+003,0.000000e+000
1.847985e+003,0.000000e+000
1.848467e+003,0.000000e+000
1.848949e+003,0.000000e+000
1.849432e+003,0.000000e+000
1.849914e+003,0.000000e+000
1.850396e+003,0.000000e+000
1.850878e+003,0.000000e+000
1.851360e+003,0.000000e+000
1.851842e+003,0.000000e+000
1.852324e+003,0.000000e+000
1.852806e+003,0.000000e+000
1.853288e+003,0.000000e+000
1.853771e+003,0.000000e+000
1.854253e+003,0.000000e+000
1.854735e+003,0.000000e+000
1.855217e+003,0.000000e+000
1.855699e+003,0.000000e+000
1.856181e+003,0.000000e+000
1.856663e+003,0.000000e+000
1.857146e+003,0.000000e+000
1.857628e+003,0.000000e+000
1.858110e+003,0.000000e+000
1.858592e+003,0.000000e+000
1.859074e+003,0.000000e+000
1.859556e+003,0.000000e+000
1.860038e+003,0.000000e+000
1.860520e+003,0.000000e+000
1.861002e+003,0.000000e+000
1.861485e+003,0.000000e+000
1.861967e+003,0.000000e+000
1.862449e+003,0.000000e+000
1.862931e+003,0.000000e+000
1.863413e+003,0.000000e+000
1.863895e+003,0.000000e+000
1.864377e+003,0.000000e+000
1.864859e+003,0.000000e+000
1.865342e+003,0.000000e+000
1.865824e+003,0.000000e+000
1.866306e+003,0.000000e+000
1.866788e+003,0.000000e+000
1.867270e+003,0.000000e+000
1.867752e+003,0.000000e+000
1.868234e+003,0.000000e+000
1.868717e+003,0.000000e+000
1.869199e+003,0.000000e+000
1.869681e+003,0.000000e+000
1.870163e+003,0.000000e+000
1.870645e+003,0.000000e+000
1.871127e+003,0.000000e+000
1.871609e+003,0.000000e+000
1.872091e+003,0.000000e+000
1.872573e+003,0.000000e+000
1.873056e+003,0.000000e+000
1.873538e+003,0.000000e+000
1.874020e+003,0.000000e+000
1.874502e+003,0.000000e+000
1.874984e+003,0.000000e+000
1.875466e+003,0.000000e+000
1.875948e+003,0.000000e+000
1.876431e+003,0.000000e+000
1.876913e+003,0.000000e+000
1.877395e+003,0.000000e+000
1.877877e+003,0.000000e+000
1.878359e+003,0.000000e+000
1.878841e+003,0.000000e+000
1.879323e+003,0.000000e+000
1.879805e+003,0.000000e+000
1.880287e+003,0.000000e+000
1.880770e+003,0.000000e+000
1.881252e+003,0.000000e+000
1.881734e+003,0.000000e+000
1.882216e+003,0.000000e+000
1.882698e+003,0.000000e+000
1.883180e+003,0.000000e+000
1.883662e+003,0.000000e+000
1.884145e+003,0.000000e+000
1.884627e+003,0.000000e+000
1.885109e+003,0.000000e+000
1.885591e+003,0.000000e+000
1.886073e+003,0.000000e+000
1.886555e+003,0.000000e+000
1.887037e+003,0.000000e+000
1.887519e+003,0.000000e+000
1.888001e+003,0.000000e+000
1.888484e+003,0.000000e+000
1.888966e+003,0.000000e+000
1.889448e+003,0.000000e+000
1.889930e+003,0.000000e+000
1.890412e+003,0.000000e+000
1.890894e+003,0.000000e+000
1.891376e+003,0.000000e+000
1.891859e+003,0.000000e+000
1.892341e+003,0.000000e+000
1.892823e+003,0.000000e+000
1.893305e+003,0.000000e+000
1.893787e+003,0.000000e+000
1.894269e+003,0.000000e+000
1.894751e+003,0.000000e+000
1.895233e+003,0.000000e+000
1.895715e+003,0.000000e+000
1.896198e+003,0.000000e+000
1.896680e+003,0.000000e+000
1.897162e+003,0.000000e+000
1.897644e+003,0.000000e+000
1.898126e+003,0.000000e+000
1.898608e+003,0.000000e+000
1.899090e+003,0.000000e+000
1.899573e+003,0.000000e+000
1.900055e+003,0.000000e+000
1.900537e+003,0.000000e+000
1.901019e+003,0.000000e+000
1.901501e+003,0.000000e+000
1.901983e+003,0.000000e+000
1.902465e+003,0.000000e+000
1.902947e+003,0.000000e+000
1.903429e+003,0.000000e+000
1.903912e+003,0.000000e+000
1.904394e+003,0.000000e+000
1.904876e+003,0.000000e+000
1.905358e+003,0.000000e+000
1.905840e+003,0.000000e+000
1.906322e+003,0.000000e+000
1.906804e+003,0.000000e+000
1.907286e+003,0.000000e+000
1.907769e+003,0.000000e+000
1.908251e+003,0.000000e+000
1.908733e+003,0.000000e+000
1.909215e+003,0.000000e+000
1.909697e+003,0.000000e+000
1.910179e+003,0.000000e+000
1.910661e+003,0.000000e+000
1.911144e+003,0.000000e+000
1.911626e+003,0.000000e+000
1.912108e+003,0.000000e+000
1.912590e+003,0.000000e+000
1.913072e+003,0.000000e+000
1.913554e+003,0.000000e+000
1.914036e+003,0.000000e+000
1.914518e+003,0.000000e+000
1.915000e+003,0.000000e+000
1.915483e+003,0.000000e+000
1.915965e+003,0.000000e+000
1.916447e+003,0.000000e+000
1.916929e+003,0.000000e+000
1.917411e+003,0.000000e+000
1.917893e+003,0.000000e+000
1.918375e+003,0.000000e+000
1.918858e+003,0.000000e+000
1.919340e+003,0.000000e+000
1.919822e+003,0.000000e+000
1.920304e+003,0.000000e+000
1.920786e+003,0.000000e+000
1.921268e+003,0.000000e+000
1.921750e+003,0.000000e+000
1.922232e+003,0.000000e+000
1.922714e+003,0.000000e+000
1.923197e+003,0.000000e+000
1.923679e+003,0.000000e+000
1.924161e+003,0.000000e+000
1.924643e+003,0.000000e+000
1.925125e+003,0.000000e+000
1.925607e+003,0.000000e+000
1.926089e+003,0.000000e+000
1.926572e+003,0.000000e+000
1.927054e+003,0.000000e+000
1.927536e+003,0.000000e+000
1.928018e+003,0.000000e+000
1.928500e+003,0.000000e+000
1.928982e+003,0.000000e+000
1.929464e+003,0.000000e+000
1.929946e+003,0.000000e+000
1.930428e+003,0.000000e+000
1.930911e+003,0.000000e+000
1.931393e+003,0.000000e+000
1.931875e+003,0.000000e+000
1.932357e+003,0.000000e+000
1.932839e+003,0.000000e+000
1.933321e+003,0.000000e+000
1.933803e+003,0.000000e+000
1.934286e+003,0.000000e+000
1.934768e+003,0.000000e+000
1.935250e+003,0.000000e+000
1.935732e+003,0.000000e+000
1.936214e+003,0.000000e+000
1.936696e+003,0.000000e+000
1.937178e+003,0.000000e+000
1.937660e+003,0.000000e+000
1.938142e+003,0.000000e+000
1.938625e+003,0.000000e+000
1.939107e+003,0.000000e+000
1.939589e+003,0.000000e+000
1.940071e+003,0.000000e+000
1.940553e+003,0.000000e+000
1.941035e+003,0.000000e+000
1.941517e+003,0.000000e+000
1.942000e+003,0.000000e+000
1.942482e+003,0.000000e+000
1.942964e+003,0.000000e+000
1.943446e+003,0.000000e+000
1.943928e+003,0.000000e+000
1.944410e+003,0.000000e+000
1.944892e+003,0.000000e+000
1.945374e+003,0.000000e+000
1.945857e+003,0.000000e+000
1.946339e+003,0.000000e+000
1.946821e+003,0.000000e+000
1.947303e+003,0.000000e+000
1.947785e+003,0.000000e+000
1.948267e+003,0.000000e+000
1.948749e+003,0.000000e+000
1.949231e+003,0.000000e+000
1.949714e+003,0.000000e+000
1.950196e+003,0.000000e+000
1.950678e+003,0.000000e+000
1.951160e+003,0.000000e+000
1.951642e+003,0.000000e+000
1.952124e+003,0.000000e+000
1.952606e+003,0.000000e+000
1.953088e+003,0.000000e+000
1.953571e+003,0.000000e+000
1.954053e+003,0.000000e+000
1.954535e+003,0.000000e+000
1.955017e+003,0.000000e+000
1.955499e+003,0.000000e+000
1.955981e+003,0.000000e+000
1.956463e+003,0.000000e+000
1.956945e+003,0.000000e+000
1.957427e+003,0.000000e+000
1.957910e+003,0.000000e+000
1.958392e+003,0.000000e+000
1.958874e+003,0.000000e+000
1.959356e+003,0.000000e+000
1.959838e+003,0.000000e+000
1.960320e+003,0.000000e+000
1.960802e+003,0.000000e+000
1.961285e+003,0.000000e+000
1.961767e+003,0.000000e+000
1.962249e+003,0.000000e+000
1.962731e+003,0.000000e+000
1.963213e+003,0.000000e+000
1.963695e+003,0.000000e+000
1.964177e+003,0.000000e+000
1.964659e+003,0.000000e+000
1.965141e+003,0.000000e+000
1.965624e+003,0.000000e+000
1.966106e+003,0.000000e+000
1.966588e+003,0.000000e+000
1.967070e+003,0.000000e+000
1.967552e+003,0.000000e+000
1.968034e+003,0.000000e+000
1.968516e+003,0.000000e+000
1.968999e+003,0.000000e+000
1.969481e+003,0.000000e+000
1.969963e+003,0.000000e+000
1.970445e+003,0.000000e+000
1.970927e+003,0.000000e+000
1.971409e+003,0.000000e+000
1.971891e+003,0.000000e+000
1.972373e+003,0.000000e+000
1.972855e+003,0.000000e+000
1.973338e+003,0.000000e+000
1.973820e+003,0.000000e+000
1.974302e+003,0.000000e+000
1.974784e+003,0.000000e+000
1.975266e+003,0.000000e+000
1.975748e+003,0.000000e+000
1.976230e+003,0.000000e+000
1.976713e+003,0.000000e+000
1.977195e+003,0.000000e+000
1.977677e+003,0.000000e+000
1.978159e+003,0.000000e+000
1.978641e+003,0.000000e+000
1.979123e+003,0.000000e+000
1.979605e+003,0.000000e+000
1.980087e+003,0.000000e+000
1.980569e+003,0.000000e+000
1.981052e+003,0.000000e+000
1.981534e+003,0.000000e+000
1.982016e+003,0.000000e+000
1.982498e+003,0.000000e+000
1.982980e+003,0.000000e+000
1.983462e+003,0.000000e+000
1.983944e+003,0.000000e+000
1.984427e+003,0.000000e+000
1.984909e+003,0.000000e+000
1.985391e+003,0.000000e+000
1.985873e+003,0.000000e+000
1.986355e+003,0.000000e+000
1.986837e+003,0.000000e+000
1.987319e+003,0.000000e+000
1.987801e+003,0.000000e+000
1.988284e+003,0.000000e+000
1.988766e+003,0.000000e+000
1.989248e+003,0.000000e+000
1.989730e+003,0.000000e+000
1.990212e+003,0.000000e+000
1.990694e+003,0.000000e+000
1.991176e+003,0.000000e+000
1.991658e+003,0.000000e+000
1.992141e+003,0.000000e+000
1.992623e+003,0.000000e+000
1.993105e+003,0.000000e+000
1.993587e+003,0.000000e+000
1.994069e+003,0.000000e+000
1.994551e+003,0.000000e+000
1.995033e+003,0.000000e+000
1.995515e+003,0.000000e+000
1.995998e+003,0.000000e+000
1.996480e+003,0.000000e+000
1.996962e+003,0.000000e+000
1.997444e+003,0.000000e+000
1.997926e+003,0.000000e+000
1.998408e+003,0.000000e+000
1.998890e+003,0.000000e+000
1.999372e+003,0.000000e+000
1.999854e+003,0.000000e+000
2.000337e+003,0.000000e+000
2.000819e+003,0.000000e+000
2.001301e+003,0.000000e+000
2.001783e+003,0.000000e+000
2.002265e+003,0.000000e+000
2.002747e+003,0.000000e+000
2.003229e+003,0.000000e+000
2.003712e+003,0.000000e+000
2.004194e+003,0.000000e+000
2.004676e+003,0.000000e+000
2.005158e+003,0.000000e+000
2.005640e+003,0.000000e+000
2.006122e+003,0.000000e+000
2.006604e+003,0.000000e+000
2.007086e+003,0.000000e+000
2.007568e+003,0.000000e+000
2.008051e+003,0.000000e+000
2.008533e+003,0.000000e+000
2.009015e+003,0.000000e+000
2.009497e+003,0.000000e+000
2.009979e+003,0.000000e+000
2.010461e+003,0.000000e+000
2.010943e+003,0.000000e+000
2.011426e+003,0.000000e+000
2.011908e+003,0.000000e+000
2.012390e+003,0.000000e+000
2.012872e+003,0.000000e+000
2.013354e+003,0.000000e+000
2.013836e+003,0.000000e+000
2.014318e+003,0.000000e+000
2.014800e+003,0.000000e+000
2.015282e+003,0.000000e+000
2.015765e+003,0.000000e+000
2.016247e+003,0.000000e+000
2.016729e+003,0.000000e+000
2.017211e+003,0.000000e+000
2.017693e+003,0.000000e+000
2.018175e+003,0.000000e+000
2.018657e+003,0.000000e+000
2.019140e+003,0.000000e+000
2.019622e+003,0.000000e+000
2.020104e+003,0.000000e+000
2.020586e+003,0.000000e+000
2.021068e+003,0.000000e+000
2.021550e+003,0.000000e+000
2.022032e+003,0.000000e+000
2.022514e+003,0.000000e+000
2.022996e+003,0.000000e+000
2.023479e+003,0.000000e+000
2.023961e+003,0.000000e+000
2.024443e+003,0.000000e+000
2.024925e+003,0.000000e+000
2.025407e+003,0.000000e+000
2.025889e+003,0.000000e+000
2.026371e+003,0.000000e+000
2.026854e+003,0.000000e+000
2.027336e+003,0.000000e+000
2.027818e+003,0.000000e+000
2.028300e+003,0.000000e+000
2.028782e+003,0.000000e+000
2.029264e+003,0.000000e+000
2.029746e+003,0.000000e+000
2.030228e+003,0.000000e+000
2.030711e+003,0.000000e+000
2.031193e+003,0.000000e+000
2.031675e+003,0.000000e+000
2.032157e+003,0.000000e+000
2.032639e+003,0.000000e+000
2.033121e+003,0.000000e+000
2.033603e+003,0.000000e+000
2.034085e+003,0.000000e+000
2.034568e+003,0.000000e+000
2.035050e+003,0.000000e+000
2.035532e+003,0.000000e+000
2.036014e+003,0.000000e+000
2.036496e+003,0.000000e+000
2.036978e+003,0.000000e+000
2.037460e+003,0.000000e+000
2.037942e+003,0.000000e+000
2.038425e+003,0.000000e+000
2.038907e+003,0.000000e+000
2.039389e+003,0.000000e+000
2.039871e+003,0.000000e+000
2.040353e+003,0.000000e+000
2.040835e+003,0.000000e+000
2.041317e+003,0.000000e+000
2.041799e+003,0.000000e+000
2.042281e+003,0.000000e+000
2.042764e+003,0.000000e+000
2.043246e+003,0.000000e+000
2.043728e+003,0.000000e+000
2.044210e+003,0.000000e+000
2.044692e+003,0.000000e+000
2.045174e+003,0.000000e+000
2.045656e+003,0.000000e+000
2.046139e+003,0.000000e+000
2.046621e+003,0.000000e+000
2.047103e+003,0.000000e+000
2.047585e+003,0.000000e+000
2.048067e+003,0.000000e+000
2.048549e+003,0.000000e+000
2.049031e+003,0.000000e+000
2.049513e+003,0.000000e+000
2.049996e+003,0.000000e+000
2.050478e+003,0.000000e+000
2.050960e+003,0.000000e+000
2.051442e+003,0.000000e+000
2.051924e+003,0.000000e+000
2.052406e+003,0.000000e+000
2.052888e+003,0.000000e+000
2.053370e+003,0.000000e+000
2.053853e+003,0.000000e+000
2.054334e+003,0.000000e+000
2.054817e+003,0.000000e+000
2.055299e+003,0.000000e+000
2.055781e+003,0.000000e+000
2.056263e+003,0.000000e+000
2.056745e+003,0.000000e+000
2.057228e+003,0.000000e+000
2.057709e+003,0.000000e+000
2.058192e+003,0.000000e+000
2.058674e+003,0.000000e+000
2.059156e+003,0.000000e+000
2.059638e+003,0.000000e+000
2.060120e+003,0.000000e+000
2.060602e+003,0.000000e+000
2.061084e+003,0.000000e+000
2.061566e+003,0.000000e+000
2.062049e+003,0.000000e+000
2.062531e+003,0.000000e+000
2.063013e+003,0.000000e+000
2.063495e+003,0.000000e+000
2.063977e+003,0.000000e+000
2.064459e+003,0.000000e+000
2.064941e+003,0.000000e+000
2.065423e+003,0.000000e+000
2.065906e+003,0.000000e+000
2.066388e+003,0.000000e+000
2.066870e+003,0.000000e+000
2.067352e+003,0.000000e+000
2.067834e+003,0.000000e+000
2.068316e+003,0.000000e+000
2.068798e+003,0.000000e+000
2.069281e+003,0.000000e+000
2.069763e+003,0.000000e+000
2.070245e+003,0.000000e+000
2.070727e+003,0.000000e+000
2.071209e+003,0.000000e+000
2.071691e+003,0.000000e+000
2.072173e+003,0.000000e+000
2.072655e+003,0.000000e+000
2.073138e+003,0.000000e+000
2.073620e+003,0.000000e+000
2.074102e+003,0.000000e+000
2.074584e+003,0.000000e+000
2.075066e+003,0.000000e+000
2.075548e+003,0.000000e+000
2.076030e+003,0.000000e+000
2.076512e+003,0.000000e+000
2.076995e+003,0.000000e+000
2.077477e+003,0.000000e+000
2.077959e+003,0.000000e+000
2.078441e+003,0.000000e+000
2.078923e+003,0.000000e+000
2.079405e+003,0.000000e+000
2.079887e+003,0.000000e+000
2.080369e+003,0.000000e+000
2.080852e+003,0.000000e+000
2.081333e+003,0.000000e+000
2.081816e+003,0.000000e+000
2.082298e+003,0.000000e+000
2.082780e+003,0.000000e+000
2.083262e+003,0.000000e+000
2.083744e+003,0.000000e+000
2.084227e+003,0.000000e+000
2.084708e+003,0.000000e+000
2.085191e+003,0.000000e+000
2.085673e+003,0.000000e+000
2.086155e+003,0.000000e+000
2.086637e+003,0.000000e+000
2.087119e+003,0.000000e+000
2.087601e+003,0.000000e+000
2.088083e+003,0.000000e+000
2.088565e+003,0.000000e+000
2.089048e+003,0.000000e+000
2.089530e+003,0.000000e+000
2.090012e+003,0.000000e+000
2.090494e+003,0.000000e+000
2.090976e+003,0.000000e+000
2.091458e+003,0.000000e+000
2.091940e+003,0.000000e+000
2.092422e+003,0.000000e+000
2.092905e+003,0.000000e+000
2.093387e+003,0.000000e+000
2.093869e+003,0.000000e+000
2.094351e+003,0.000000e+000
2.094833e+003,0.000000e+000
2.095315e+003,0.000000e+000
2.095797e+003,0.000000e+000
2.096280e+003,0.000000e+000
2.096762e+003,0.000000e+000
2.097244e+003,0.000000e+000
2.097726e+003,0.000000e+000
2.098208e+003,0.000000e+000
2.098690e+003,0.000000e+000
2.099172e+003,0.000000e+000
2.099654e+003,0.000000e+000
2.100136e+003,0.000000e+000
2.100619e+003,0.000000e+000
2.101101e+003,0.000000e+000
2.101583e+003,0.000000e+000
2.102065e+003,0.000000e+000
2.102547e+003,0.000000e+000
2.103029e+003,0.000000e+000
2.103511e+003,0.000000e+000
2.103994e+003,0.000000e+000
2.104476e+003,0.000000e+000
2.104958e+003,0.000000e+000
2.105440e+003,0.000000e+000
2.105922e+003,0.000000e+000
2.106404e+003,0.000000e+000
2.106886e+003,0.000000e+000
2.107368e+003,0.000000e+000
2.107851e+003,0.000000e+000
2.108333e+003,0.000000e+000
2.108815e+003,0.000000e+000
2.109297e+003,0.000000e+000
2.109779e+003,0.000000e+000
2.110261e+003,0.000000e+000
2.110743e+003,0.000000e+000
2.111225e+003,0.000000e+000
2.111708e+003,0.000000e+000
2.112190e+003,0.000000e+000
2.112672e+003,0.000000e+000
2.113154e+003,0.000000e+000
2.113636e+003,0.000000e+000
2.114118e+003,0.000000e+000
2.114600e+003,0.000000e+000
2.115083e+003,0.000000e+000
2.115564e+003,0.000000e+000
2.116047e+003,0.000000e+000
2.116529e+003,0.000000e+000
2.117011e+003,0.000000e+000
2.117493e+003,0.000000e+000
2.117975e+003,0.000000e+000
2.118457e+003,0.000000e+000
2.118939e+003,0.000000e+000
2.119421e+003,0.000000e+000
2.119904e+003,0.000000e+000
2.120386e+003,0.000000e+000
2.120868e+003,0.000000e+000
2.121350e+003,0.000000e+000
2.121832e+003,0.000000e+000
2.122314e+003,0.000000e+000
2.122796e+003,0.000000e+000
2.123279e+003,0.000000e+000
2.123761e+003,0.000000e+000
2.124243e+003,0.000000e+000
2.124725e+003,0.000000e+000
2.125207e+003,0.000000e+000
2.125689e+003,0.000000e+000
2.126171e+003,0.000000e+000
2.126653e+003,0.000000e+000
2.127135e+003,0.000000e+000
2.127618e+003,0.000000e+000
2.128100e+003,0.000000e+000
2.128582e+003,0.000000e+000
2.129064e+003,0.000000e+000
2.129546e+003,0.000000e+000
2.130028e+003,0.000000e+000
2.130510e+003,0.000000e+000
2.130993e+003,0.000000e+000
2.131475e+003,0.000000e+000
2.131957e+003,0.000000e+000
2.132439e+003,0.000000e+000
2.132921e+003,0.000000e+000
2.133403e+003,0.000000e+000
2.133885e+003,0.000000e+000
2.134367e+003,0.000000e+000
2.134850e+003,0.000000e+000
2.135332e+003,0.000000e+000
2.135814e+003,0.000000e+000
2.136296e+003,0.000000e+000
2.136778e+003,0.000000e+000
2.137260e+003,0.000000e+000
2.137742e+003,0.000000e+000
2.138224e+003,0.000000e+000
2.138707e+003,0.000000e+000
2.139188e+003,0.000000e+000
2.139671e+003,0.000000e+000
2.140153e+003,0.000000e+000
2.140635e+003,0.000000e+000
2.141117e+003,0.000000e+000
2.141599e+003,0.000000e+000
2.142082e+003,0.000000e+000
2.142563e+003,0.000000e+000
2.143046e+003,0.000000e+000
2.143528e+003,0.000000e+000
2.144010e+003,0.000000e+000
2.144492e+003,0.000000e+000
2.144974e+003,0.000000e+000
2.145456e+003,0.000000e+000
2.145938e+003,0.000000e+000
2.146420e+003,0.000000e+000
2.146903e+003,0.000000e+000
2.147385e+003,0.000000e+000
2.147867e+003,0.000000e+000
2.148349e+003,0.000000e+000
2.148831e+003,0.000000e+000
2.149313e+003,0.000000e+000
2.149795e+003,0.000000e+000
2.150277e+003,0.000000e+000
2.150760e+003,0.000000e+000
2.151242e+003,0.000000e+000
2.151724e+003,0.000000e+000
2.152206e+003,0.000000e+000
2.152688e+003,0.000000e+000
2.153170e+003,0.000000e+000
2.153652e+003,0.000000e+000
2.154135e+003,0.000000e+000
2.154617e+003,0.000000e+000
2.155099e+003,0.000000e+000
2.155581e+003,0.000000e+000
2.156063e+003,0.000000e+000
2.156545e+003,0.000000e+000
2.157027e+003,0.000000e+000
2.157509e+003,0.000000e+000
2.157992e+003,0.000000e+000
2.158474e+003,0.000000e+000
2.158956e+003,0.000000e+000
2.159438e+003,0.000000e+000
2.159920e+003,0.000000e+000
2.160402e+003,0.000000e+000
2.160884e+003,0.000000e+000
2.161366e+003,0.000000e+000
2.161849e+003,0.000000e+000
2.162331e+003,0.000000e+000
2.162813e+003,0.000000e+000
2.163295e+003,0.000000e+000
2.163777e+003,0.000000e+000
2.164259e+003,0.000000e+000
2.164741e+003,0.000000e+000
2.165223e+003,0.000000e+000
2.165706e+003,0.000000e+000
2.166188e+003,0.000000e+000
2.166670e+003,0.000000e+000
2.167152e+003,0.000000e+000
2.167634e+003,0.000000e+000
2.168116e+003,0.000000e+000
2.168598e+003,0.000000e+000
2.169081e+003,0.000000e+000
2.169563e+003,0.000000e+000
2.170045e+003,0.000000e+000
2.170527e+003,0.000000e+000
2.171009e+003,0.000000e+000
2.171491e+003,0.000000e+000
2.171973e+003,0.000000e+000
2.172455e+003,0.000000e+000
2.172938e+003,0.000000e+000
2.173419e+003,0.000000e+000
2.173902e+003,0.000000e+000
2.174384e+003,0.000000e+000
2.174866e+003,0.000000e+000
2.175348e+003,0.000000e+000
2.175830e+003,0.000000e+000
2.176312e+003,0.000000e+000
2.176794e+003,0.000000e+000
2.177276e+003,0.000000e+000
2.177759e+003,0.000000e+000
2.178241e+003,0.000000e+000
2.178723e+003,0.000000e+000
2.179205e+003,0.000000e+000
2.179687e+003,0.000000e+000
2.180169e+003,0.000000e+000
2.180651e+003,0.000000e+000
2.181134e+003,0.000000e+000
2.181616e+003,0.000000e+000
2.182098e+003,0.000000e+000
2.182580e+003,0.000000e+000
2.183062e+003,0.000000e+000
2.183544e+003,0.000000e+000
2.184026e+003,0.000000e+000
2.184508e+003,0.000000e+000
2.184990e+003,0.000000e+000
2.185473e+003,0.000000e+000
2.185955e+003,0.000000e+000
2.186437e+003,0.000000e+000
2.186919e+003,0.000000e+000
2.187401e+003,0.000000e+000
2.187883e+003,0.000000e+000
2.188365e+003,0.000000e+000
2.188848e+003,0.000000e+000
2.189330e+003,0.000000e+000
2.189812e+003,0.000000e+000
2.190294e+003,0.000000e+000
2.190776e+003,0.000000e+000
2.191258e+003,0.000000e+000
2.191740e+003,0.000000e+000
2.192222e+003,0.000000e+000
2.192705e+003,0.000000e+000
2.193187e+003,0.000000e+000
2.193669e+003,0.000000e+000
2.194151e+003,0.000000e+000
2.194633e+003,0.000000e+000
2.195115e+003,0.000000e+000
2.195597e+003,0.000000e+000
2.196079e+003,0.000000e+000
2.196562e+003,0.000000e+000
2.197044e+003,0.000000e+000
2.197526e+003,0.000000e+000
2.198008e+003,0.000000e+000
2.198490e+003,0.000000e+000
2.198972e+003,0.000000e+000
2.199454e+003,0.000000e+000
2.199937e+003,0.000000e+000
2.200418e+003,0.000000e+000
2.200901e+003,0.000000e+000
2.201383e+003,0.000000e+000
2.201865e+003,0.000000e+000
2.202347e+003,0.000000e+000
2.202829e+003,0.000000e+000
2.203311e+003,0.000000e+000
2.203793e+003,0.000000e+000
2.204275e+003,0.000000e+000
2.204758e+003,0.000000e+000
2.205240e+003,0.000000e+000
2.205722e+003,0.000000e+000
2.206204e+003,0.000000e+000
2.206686e+003,0.000000e+000
2.207168e+003,0.000000e+000
2.207650e+003,0.000000e+000
2.208133e+003,0.000000e+000
2.208615e+003,0.000000e+000
2.209097e+003,0.000000e+000
2.209579e+003,0.000000e+000
2.210061e+003,0.000000e+000
2.210543e+003,0.000000e+000
2.211025e+003,0.000000e+000
2.211507e+003,0.000000e+000
2.211990e+003,0.000000e+000
2.212472e+003,0.000000e+000
2.212954e+003,0.000000e+000
2.213436e+003,0.000000e+000
2.213918e+003,0.000000e+000
2.214400e+003,0.000000e+000
2.214882e+003,0.000000e+000
2.215364e+003,0.000000e+000
2.215847e+003,0.000000e+000
2.216329e+003,0.000000e+000
2.216811e+003,0.000000e+000
2.217293e+003,0.000000e+000
2.217775e+003,0.000000e+000
2.218257e+003,0.000000e+000
2.218739e+003,0.000000e+000
2.219221e+003,0.000000e+000
2.219704e+003,0.000000e+000
2.220186e+003,0.000000e+000
2.220668e+003,0.000000e+000
2.221150e+003,0.000000e+000
2.221632e+003,0.000000e+000
2.222114e+003,0.000000e+000
2.222596e+003,0.000000e+000
2.223078e+003,0.000000e+000
2.223561e+003,0.000000e+000
2.224042e+003,0.000000e+000
2.224525e+003,0.000000e+000
2.225007e+003,0.000000e+000
2.225489e+003,0.000000e+000
2.225971e+003,0.000000e+000
2.226453e+003,0.000000e+000
2.226936e+003,0.000000e+000
2.227417e+003,0.000000e+000
2.227900e+003,0.000000e+000
2.228382e+003,0.000000e+000
2.228864e+003,0.000000e+000
2.229346e+003,0.000000e+000
2.229828e+003,0.000000e+000
2.230310e+003,0.000000e+000
2.230792e+003,0.000000e+000
2.231274e+003,0.000000e+000
2.231757e+003,0.000000e+000
2.232239e+003,0.000000e+000
2.232721e+003,0.000000e+000
2.233203e+003,0.000000e+000
2.233685e+003,0.000000e+000
2.234167e+003,0.000000e+000
2.234649e+003,0.000000e+000
2.235132e+003,0.000000e+000
2.235614e+003,0.000000e+000
2.236096e+003,0.000000e+000
2.236578e+003,0.000000e+000
2.237060e+003,0.000000e+000
2.237542e+003,0.000000e+000
2.238024e+003,0.000000e+000
2.238506e+003,0.000000e+000
2.238989e+003,0.000000e+000
2.239471e+003,0.000000e+000
2.239953e+003,0.000000e+000
2.240435e+003,0.000000e+000
2.240917e+003,0.000000e+000
2.241399e+003,0.000000e+000
2.241881e+003,0.000000e+000
2.242363e+003,0.000000e+000
2.242846e+003,0.000000e+000
2.243328e+003,0.000000e+000
2.243810e+003,0.000000e+000
2.244292e+003,0.000000e+000
2.244774e+003,0.000000e+000
2.245256e+003,0.000000e+000
2.245738e+003,0.000000e+000
2.246220e+003,0.000000e+000
2.246703e+003,0.000000e+000
2.247185e+003,0.000000e+000
2.247667e+003,0.000000e+000
2.248149e+003,0.000000e+000
2.248631e+003,0.000000e+000
2.249113e+003,0.000000e+000
2.249595e+003,0.000000e+000
2.250077e+003,0.000000e+000
2.250560e+003,0.000000e+000
2.251042e+003,0.000000e+000
2.251524e+003,0.000000e+000
2.252006e+003,0.000000e+000
2.252488e+003,0.000000e+000
2.252970e+003,0.000000e+000
2.253452e+003,0.000000e+000
2.253935e+003,0.000000e+000
2.254417e+003,0.000000e+000
2.254899e+003,0.000000e+000
2.255381e+003,0.000000e+000
2.255863e+003,0.000000e+000
2.256345e+003,0.000000e+000
2.256827e+003,0.000000e+000
2.257309e+003,0.000000e+000
2.257792e+003,0.000000e+000
2.258273e+003,0.000000e+000
2.258756e+003,0.000000e+000
2.259238e+003,0.000000e+000
2.259720e+003,0.000000e+000
2.260202e+003,0.000000e+000
2.260684e+003,0.000000e+000
2.261166e+003,0.000000e+000
2.261648e+003,0.000000e+000
2.262130e+003,0.000000e+000
2.262613e+003,0.000000e+000
2.263095e+003,0.000000e+000
2.263577e+003,0.000000e+000
2.264059e+003,0.000000e+000
2.264541e+003,0.000000e+000
2.265023e+003,0.000000e+000
2.265505e+003,0.000000e+000
2.265988e+003,0.000000e+000
2.266470e+003,0.000000e+000
2.266952e+003,0.000000e+000
2.267434e+003,0.000000e+000
2.267916e+003,0.000000e+000
2.268398e+003,0.000000e+000
2.268880e+003,0.000000e+000
2.269362e+003,0.000000e+000
2.269844e+003,0.000000e+000
2.270327e+003,0.000000e+000
2.270809e+003,0.000000e+000
2.271291e+003,0.000000e+000
2.271773e+003,0.000000e+000
2.272255e+003,0.000000e+000
2.272737e+003,0.000000e+000
2.273219e+003,0.000000e+000
2.273702e+003,0.000000e+000
2.274184e+003,0.000000e+000
2.274666e+003,0.000000e+000
2.275148e+003,0.000000e+000
2.275630e+003,0.000000e+000
2.276112e+003,0.000000e+000
2.276594e+003,0.000000e+000
2.277076e+003,0.000000e+000
2.277559e+003,0.000000e+000
2.278041e+003,0.000000e+000
2.278523e+003,0.000000e+000
2.279005e+003,0.000000e+000
2.279487e+003,0.000000e+000
2.279969e+003,0.000000e+000
2.280451e+003,0.000000e+000
2.280934e+003,0.000000e+000
2.281416e+003,0.000000e+000
2.281898e+003,0.000000e+000
2.282380e+003,0.000000e+000
2.282862e+003,0.000000e+000
2.283344e+003,0.000000e+000
2.283826e+003,0.000000e+000
2.284308e+003,0.000000e+000
2.284791e+003,0.000000e+000
2.285272e+003,0.000000e+000
2.285755e+003,0.000000e+000
2.286237e+003,0.000000e+000
2.286719e+003,0.000000e+000
2.287201e+003,0.000000e+000
2.287683e+003,0.000000e+000
2.288165e+003,0.000000e+000
2.288647e+003,0.000000e+000
2.289129e+003,0.000000e+000
2.289612e+003,0.000000e+000
2.290094e+003,0.000000e+000
2.290576e+003,0.000000e+000
2.291058e+003,0.000000e+000
2.291540e+003,0.000000e+000
2.292022e+003,0.000000e+000
2.292504e+003,0.000000e+000
2.292987e+003,0.000000e+000
2.293469e+003,0.000000e+000
2.293951e+003,0.000000e+000
2.294433e+003,0.000000e+000
2.294915e+003,0.000000e+000
2.295397e+003,0.000000e+000
2.295879e+003,0.000000e+000
2.296361e+003,0.000000e+000
2.296844e+003,0.000000e+000
2.297326e+003,0.000000e+000
2.297808e+003,0.000000e+000
2.298290e+003,0.000000e+000
2.298772e+003,0.000000e+000
2.299254e+003,0.000000e+000
2.299736e+003,0.000000e+000
2.300218e+003,0.000000e+000
2.300701e+003,0.000000e+000
2.301183e+003,0.000000e+000
2.301665e+003,0.000000e+000
2.302147e+003,0.000000e+000
2.302629e+003,0.000000e+000
2.303111e+003,0.000000e+000
2.303593e+003,0.000000e+000
2.304075e+003,0.000000e+000
2.304558e+003,0.000000e+000
2.305040e+003,0.000000e+000
2.305522e+003,0.000000e+000
2.306004e+003,0.000000e+000
2.306486e+003,0.000000e+000
2.306968e+003,0.000000e+000
2.307450e+003,0.000000e+000
2.307932e+003,0.000000e+000
2.308415e+003,0.000000e+000
2.308896e+003,0.000000e+000
2.309379e+003,0.000000e+000
2.309861e+003,0.000000e+000
2.310343e+003,0.000000e+000
2.310825e+003,0.000000e+000
2.311307e+003,0.000000e+000
2.311790e+003,0.000000e+000
2.312271e+003,0.000000e+000
2.312754e+003,0.000000e+000
2.313236e+003,0.000000e+000
2.313718e+003,0.000000e+000
2.314200e+003,0.000000e+000
2.314682e+003,0.000000e+000
2.315164e+003,0.000000e+000
2.315646e+003,0.000000e+000
2.316128e+003,0.000000e+000
2.316611e+003,0.000000e+000
2.317093e+003,0.000000e+000
2.317575e+003,0.000000e+000
2.318057e+003,0.000000e+000
2.318539e+003,0.000000e+000
2.319021e+003,0.000000e+000
2.319503e+003,0.000000e+000
2.319986e+003,0.000000e+000
2.320468e+003,0.000000e+000
2.320950e+003,0.000000e+000
2.321432e+003,0.000000e+000
2.321914e+003,0.000000e+000
2.322396e+003,0.000000e+000
2.322878e+003,0.000000e+000
2.323360e+003,0.000000e+000
2.323843e+003,0.000000e+000
2.324325e+003,0.000000e+000
2.324807e+003,0.000000e+000
2.325289e+003,0.000000e+000
2.325771e+003,0.000000e+000
2.326253e+003,0.000000e+000
2.326735e+003,0.000000e+000
2.327217e+003,0.000000e+000
2.327700e+003,0.000000e+000
2.328182e+003,0.000000e+000
2.328664e+003,0.000000e+000
2.329146e+003,0.000000e+000
2.329628e+003,0.000000e+000
2.330110e+003,0.000000e+000
2.330592e+003,0.000000e+000
2.331074e+003,0.000000e+000
2.331557e+003,0.000000e+000
2.332039e+003,0.000000e+000
2.332521e+003,0.000000e+000
2.333003e+003,0.000000e+000
2.333485e+003,0.000000e+000
2.333967e+003,0.000000e+000
2.334449e+003,0.000000e+000
2.334931e+003,0.000000e+000
2.335414e+003,0.000000e+000
2.335896e+003,0.000000e+000
2.336378e+003,0.000000e+000
2.336860e+003,0.000000e+000
2.337342e+003,0.000000e+000
2.337824e+003,0.000000e+000
2.338306e+003,0.000000e+000
2.338789e+003,0.000000e+000
2.339271e+003,0.000000e+000
2.339753e+003,0.000000e+000
2.340235e+003,0.000000e+000
2.340717e+003,0.000000e+000
2.341199e+003,0.000000e+000
2.341681e+003,0.000000e+000
2.342163e+003,0.000000e+000
2.342646e+003,0.000000e+000
2.343127e+003,0.000000e+000
2.343610e+003,0.000000e+000
2.344092e+003,0.000000e+000
2.344574e+003,0.000000e+000
2.345056e+003,0.000000e+000
2.345538e+003,0.000000e+000
2.346020e+003,0.000000e+000
2.346502e+003,0.000000e+000
2.346984e+003,0.000000e+000
2.347467e+003,0.000000e+000
2.347949e+003,0.000000e+000
2.348431e+003,0.000000e+000
2.348913e+003,0.000000e+000
2.349395e+003,0.000000e+000
2.349877e+003,0.000000e+000
2.350359e+003,0.000000e+000
2.350842e+003,0.000000e+000
2.351324e+003,0.000000e+000
2.351806e+003,0.000000e+000
2.352288e+003,0.000000e+000
2.352770e+003,0.000000e+000
2.353252e+003,0.000000e+000
2.353734e+003,0.000000e+000
2.354216e+003,0.000000e+000
2.354698e+003,0.000000e+000
2.355181e+003,0.000000e+000
2.355663e+003,0.000000e+000
2.356145e+003,0.000000e+000
2.356627e+003,0.000000e+000
2.357109e+003,0.000000e+000
2.357591e+003,0.000000e+000
2.358073e+003,0.000000e+000
2.358556e+003,0.000000e+000
2.359038e+003,0.000000e+000
2.359520e+003,0.000000e+000
2.360002e+003,0.000000e+000
2.360484e+003,0.000000e+000
2.360966e+003,0.000000e+000
2.361448e+003,0.000000e+000
2.361930e+003,0.000000e+000
2.362413e+003,0.000000e+000
2.362895e+003,0.000000e+000
2.363377e+003,0.000000e+000
2.363859e+003,0.000000e+000
2.364341e+003,0.000000e+000
2.364823e+003,0.000000e+000
2.365305e+003,0.000000e+000
2.365788e+003,0.000000e+000
2.366270e+003,0.000000e+000
2.366752e+003,0.000000e+000
2.367234e+003,0.000000e+000
2.367716e+003,0.000000e+000
2.368198e+003,0.000000e+000
2.368680e+003,0.000000e+000
2.369162e+003,0.000000e+000
2.369645e+003,0.000000e+000
2.370126e+003,0.000000e+000
2.370609e+003,0.000000e+000
2.371091e+003,0.000000e+000
2.371573e+003,0.000000e+000
2.372055e+003,0.000000e+000
2.372537e+003,0.000000e+000
2.373019e+003,0.000000e+000
2.373501e+003,0.000000e+000
2.373983e+003,0.000000e+000
2.374466e+003,0.000000e+000
2.374948e+003,0.000000e+000
2.375430e+003,0.000000e+000
2.375912e+003,0.000000e+000
2.376394e+003,0.000000e+000
2.376876e+003,0.000000e+000
2.377358e+003,0.000000e+000
2.377841e+003,0.000000e+000
2.378323e+003,0.000000e+000
2.378805e+003,0.000000e+000
2.379287e+003,0.000000e+000
2.379769e+003,0.000000e+000
2.380251e+003,0.000000e+000
2.380733e+003,0.000000e+000
2.381215e+003,0.000000e+000
2.381698e+003,0.000000e+000
2.382180e+003,0.000000e+000
2.382662e+003,0.000000e+000
2.383144e+003,0.000000e+000
2.383626e+003,0.000000e+000
2.384108e+003,0.000000e+000
2.384590e+003,0.000000e+000
2.385072e+003,0.000000e+000
2.385555e+003,0.000000e+000
2.386037e+003,0.000000e+000
2.386519e+003,0.000000e+000
2.387001e+003,0.000000e+000
2.387483e+003,0.000000e+000
2.387965e+003,0.000000e+000
2.388447e+003,0.000000e+000
2.388929e+003,0.000000e+000
2.389412e+003,0.000000e+000
2.389894e+003,0.000000e+000
2.390376e+003,0.000000e+000
2.390858e+003,0.000000e+000
2.391340e+003,0.000000e+000
2.391822e+003,0.000000e+000
2.392304e+003,0.000000e+000
2.392786e+003,0.000000e+000
2.393269e+003,0.000000e+000
2.393751e+003,0.000000e+000
2.394233e+003,0.000000e+000
2.394715e+003,0.000000e+000
2.395197e+003,0.000000e+000
2.395679e+003,0.000000e+000
2.396161e+003,0.000000e+000
2.396644e+003,0.000000e+000
2.397125e+003,0.000000e+000
2.397608e+003,0.000000e+000
2.398090e+003,0.000000e+000
2.398572e+003,0.000000e+000
2.399054e+003,0.000000e+000
2.399536e+003,0.000000e+000
2.400018e+003,0.000000e+000
2.400500e+003,0.000000e+000
2.400982e+003,0.000000e+000
2.401465e+003,0.000000e+000
2.401947e+003,0.000000e+000
2.402429e+003,0.000000e+000
2.402911e+003,0.000000e+000
2.403393e+003,0.000000e+000
2.403875e+003,0.000000e+000
2.404357e+003,0.000000e+000
2.404840e+003,0.000000e+000
2.405322e+003,0.000000e+000
2.405804e+003,0.000000e+000
2.406286e+003,0.000000e+000
2.406768e+003,0.000000e+000
2.407250e+003,0.000000e+000
2.407732e+003,0.000000e+000
2.408214e+003,0.000000e+000
2.408697e+003,0.000000e+000
2.409179e+003,0.000000e+000
2.409661e+003,0.000000e+000
2.410143e+003,0.000000e+000
2.410625e+003,0.000000e+000
2.411107e+003,0.000000e+000
2.411589e+003,0.000000e+000
2.412071e+003,0.000000e+000
2.412554e+003,0.000000e+000
2.413036e+003,0.000000e+000
2.413518e+003,0.000000e+000
2.414000e+003,0.000000e+000
2.414482e+003,0.000000e+000
2.414964e+003,0.000000e+000
2.415446e+003,0.000000e+000
2.415928e+003,0.000000e+000
2.416411e+003,0.000000e+000
2.416893e+003,0.000000e+000
2.417375e+003,0.000000e+000
2.417857e+003,0.000000e+000
2.418339e+003,0.000000e+000
2.418821e+003,0.000000e+000
2.419303e+003,0.000000e+000
2.419785e+003,0.000000e+000
2.420268e+003,0.000000e+000
2.420750e+003,0.000000e+000
2.421232e+003,0.000000e+000
2.421714e+003,0.000000e+000
2.422196e+003,0.000000e+000
2.422678e+003,0.000000e+000
2.423160e+003,0.000000e+000
2.423643e+003,0.000000e+000
2.424125e+003,0.000000e+000
2.424607e+003,0.000000e+000
2.425089e+003,0.000000e+000
2.425571e+003,0.000000e+000
2.426053e+003,0.000000e+000
2.426535e+003,0.000000e+000
2.427017e+003,0.000000e+000
2.427500e+003,0.000000e+000
2.427981e+003,0.000000e+000
2.428464e+003,0.000000e+000
2.428946e+003,0.000000e+000
2.429428e+003,0.000000e+000
2.429910e+003,0.000000e+000
2.430392e+003,0.000000e+000
2.430874e+003,0.000000e+000
2.431356e+003,0.000000e+000
2.431838e+003,0.000000e+000
2.432321e+003,0.000000e+000
2.432803e+003,0.000000e+000
2.433285e+003,0.000000e+000
2.433767e+003,0.000000e+000
2.434249e+003,0.000000e+000
2.434731e+003,0.000000e+000
2.435213e+003,0.000000e+000
2.435696e+003,0.000000e+000
2.436178e+003,0.000000e+000
2.436660e+003,0.000000e+000
2.437142e+003,0.000000e+000
2.437624e+003,0.000000e+000
2.438106e+003,0.000000e+000
2.438588e+003,0.000000e+000
2.439070e+003,0.000000e+000
2.439553e+003,0.000000e+000
2.440035e+003,0.000000e+000
2.440517e+003,0.000000e+000
2.440999e+003,0.000000e+000
2.441481e+003,0.000000e+000
2.441963e+003,0.000000e+000
2.442445e+003,0.000000e+000
2.442927e+003,0.000000e+000
2.443410e+003,0.000000e+000
2.443892e+003,0.000000e+000
2.444374e+003,0.000000e+000
2.444856e+003,0.000000e+000
2.445338e+003,0.000000e+000
2.445820e+003,0.000000e+000
2.446302e+003,0.000000e+000
2.446784e+003,0.000000e+000
2.447267e+003,0.000000e+000
2.447749e+003,0.000000e+000
2.448231e+003,0.000000e+000
2.448713e+003,0.000000e+000
2.449195e+003,0.000000e+000
2.449677e+003,0.000000e+000
2.450159e+003,0.000000e+000
2.450642e+003,0.000000e+000
2.451124e+003,0.000000e+000
2.451606e+003,0.000000e+000
2.452088e+003,0.000000e+000
2.452570e+003,0.000000e+000
2.453052e+003,0.000000e+000
2.453534e+003,0.000000e+000
2.454016e+003,0.000000e+000
2.454499e+003,0.000000e+000
2.454980e+003,0.000000e+000
2.455463e+003,0.000000e+000
2.455945e+003,0.000000e+000
2.456427e+003,0.000000e+000
2.456909e+003,0.000000e+000
2.457391e+003,0.000000e+000
2.457873e+003,0.000000e+000
2.458355e+003,0.000000e+000
2.458837e+003,0.000000e+000
2.459320e+003,0.000000e+000
2.459802e+003,0.000000e+000
2.460284e+003,0.000000e+000
2.460766e+003,0.000000e+000
2.461248e+003,0.000000e+000
2.461730e+003,0.000000e+000
2.462212e+003,0.000000e+000
2.462695e+003,0.000000e+000
2.463177e+003,0.000000e+000
2.463659e+003,0.000000e+000
2.464141e+003,0.000000e+000
2.464623e+003,0.000000e+000
2.465105e+003,0.000000e+000
2.465587e+003,0.000000e+000
2.466069e+003,0.000000e+000
2.466552e+003,0.000000e+000
2.467034e+003,0.000000e+000
2.467516e+003,0.000000e+000
2.467998e+003,0.000000e+000
2.468480e+003,0.000000e+000
2.468962e+003,0.000000e+000
2.469444e+003,0.000000e+000
2.469926e+003,0.000000e+000
2.470409e+003,0.000000e+000
2.470891e+003,0.000000e+000
2.471373e+003,0.000000e+000
2.471855e+003,0.000000e+000
2.472337e+003,0.000000e+000
2.472819e+003,0.000000e+000
2.473301e+003,0.000000e+000
2.473783e+003,0.000000e+000
2.474266e+003,0.000000e+000
2.474748e+003,0.000000e+000
2.475230e+003,0.000000e+000
2.475712e+003,0.000000e+000
2.476194e+003,0.000000e+000
2.476676e+003,0.000000e+000
2.477158e+003,0.000000e+000
2.477640e+003,0.000000e+000
2.478123e+003,0.000000e+000
2.478605e+003,0.000000e+000
2.479087e+003,0.000000e+000
2.479569e+003,0.000000e+000
2.480051e+003,0.000000e+000
2.480533e+003,0.000000e+000
2.481015e+003,0.000000e+000
2.481498e+003,0.000000e+000
2.481979e+003,0.000000e+000
2.482462e+003,0.000000e+000
2.482944e+003,0.000000e+000
2.483426e+003,0.000000e+000
2.483908e+003,0.000000e+000
2.484390e+003,0.000000e+000
2.484872e+003,0.000000e+000
2.485354e+003,0.000000e+000
2.485836e+003,0.000000e+000
2.486319e+003,0.000000e+000
2.486801e+003,0.000000e+000
2.487283e+003,0.000000e+000
2.487765e+003,0.000000e+000
2.488247e+003,0.000000e+000
2.488729e+003,0.000000e+000
2.489211e+003,0.000000e+000
2.489694e+003,0.000000e+000
2.490176e+003,0.000000e+000
2.490658e+003,0.000000e+000
2.491140e+003,0.000000e+000
2.491622e+003,0.000000e+000
2.492104e+003,0.000000e+000
2.492586e+003,0.000000e+000
2.493068e+003,0.000000e+000
2.493551e+003,0.000000e+000
2.494033e+003,0.000000e+000
2.494515e+003,0.000000e+000
2.494997e+003,0.000000e+000
2.495479e+003,0.000000e+000
2.495961e+003,0.000000e+000
2.496443e+003,0.000000e+000
2.496925e+003,0.000000e+000
2.497408e+003,0.000000e+000
2.497890e+003,0.000000e+000
2.498372e+003,0.000000e+000
2.498854e+003,0.000000e+000
2.499336e+003,0.000000e+000
2.499818e+003,0.000000e+000
2.500300e+003,0.000000e+000
2.500782e+003,0.000000e+000
2.501265e+003,0.000000e+000
2.501747e+003,0.000000e+000
2.502229e+003,0.000000e+000
2.502711e+003,0.000000e+000
2.503193e+003,0.000000e+000
2.503675e+003,0.000000e+000
2.504157e+003,0.000000e+000
2.504639e+003,0.000000e+000
2.505122e+003,0.000000e+000
2.505604e+003,0.000000e+000
2.506086e+003,0.000000e+000
2.506568e+003,0.000000e+000
2.507050e+003,0.000000e+000
2.507532e+003,0.000000e+000
2.508014e+003,0.000000e+000
2.508497e+003,0.000000e+000
2.508979e+003,0.000000e+000
2.509461e+003,0.000000e+000
2.509943e+003,0.000000e+000
2.510425e+003,0.000000e+000
2.510907e+003,0.000000e+000
2.511389e+003,0.000000e+000
2.511871e+003,0.000000e+000
2.512354e+003,0.000000e+000
2.512835e+003,0.000000e+000
2.513318e+003,0.000000e+000
2.513800e+003,0.000000e+000
2.514282e+003,0.000000e+000
2.514764e+003,0.000000e+000
2.515246e+003,0.000000e+000
2.515728e+003,0.000000e+000
2.516210e+003,0.000000e+000
2.516692e+003,0.000000e+000
2.517175e+003,0.000000e+000
2.517657e+003,0.000000e+000
2.518139e+003,0.000000e+000
2.518621e+003,0.000000e+000
2.519103e+003,0.000000e+000
2.519585e+003,0.000000e+000
2.520067e+003,0.000000e+000
2.520550e+003,0.000000e+000
2.521032e+003,0.000000e+000
2.521514e+003,0.000000e+000
2.521996e+003,0.000000e+000
2.522478e+003,0.000000e+000
2.522960e+003,0.000000e+000
2.523442e+003,0.000000e+000
2.523924e+003,0.000000e+000
2.524407e+003,0.000000e+000
2.524889e+003,0.000000e+000
2.525371e+003,0.000000e+000
2.525853e+003,0.000000e+000
2.526335e+003,0.000000e+000
2.526817e+003,0.000000e+000
2.527299e+003,0.000000e+000
2.527781e+003,0.000000e+000
2.528264e+003,0.000000e+000
2.528746e+003,0.000000e+000
2.529228e+003,0.000000e+000
2.529710e+003,0.000000e+000
2.530192e+003,0.000000e+000
2.530674e+003,0.000000e+000
2.531156e+003,0.000000e+000
2.531638e+003,0.000000e+000
2.532121e+003,0.000000e+000
2.532603e+003,0.000000e+000
2.533085e+003,0.000000e+000
2.533567e+003,0.000000e+000
2.534049e+003,0.000000e+000
2.534531e+003,0.000000e+000
2.535013e+003,0.000000e+000
2.535496e+003,0.000000e+000
2.535978e+003,0.000000e+000
2.536460e+003,0.000000e+000
2.536942e+003,0.000000e+000
2.537424e+003,0.000000e+000
2.537906e+003,0.000000e+000
2.538388e+003,0.000000e+000
2.538870e+003,0.000000e+000
2.539353e+003,0.000000e+000
2.539834e+003,0.000000e+000
2.540317e+003,0.000000e+000
2.540799e+003,0.000000e+000
2.541281e+003,0.000000e+000
2.541763e+003,0.000000e+000
2.542245e+003,0.000000e+000
2.542727e+003,0.000000e+000
2.543209e+003,0.000000e+000
2.543691e+003,0.000000e+000
2.544174e+003,0.000000e+000
2.544656e+003,0.000000e+000
2.545138e+003,0.000000e+000
2.545620e+003,0.000000e+000
2.546102e+003,0.000000e+000
2.546584e+003,0.000000e+000
2.547066e+003,0.000000e+000
2.547549e+003,0.000000e+000
2.548031e+003,0.000000e+000
2.548513e+003,0.000000e+000
2.548995e+003,0.000000e+000
2.549477e+003,0.000000e+000
2.549959e+003,0.000000e+000
2.550441e+003,0.000000e+000
2.550923e+003,0.000000e+000
2.551406e+003,0.000000e+000
2.551888e+003,0.000000e+000
2.552370e+003,0.000000e+000
2.552852e+003,0.000000e+000
2.553334e+003,0.000000e+000
2.553816e+003,0.000000e+000
2.554298e+003,0.000000e+000
2.554780e+003,0.000000e+000
2.555263e+003,0.000000e+000
2.555745e+003,0.000000e+000
2.556227e+003,0.000000e+000
2.556709e+003,0.000000e+000
2.557191e+003,0.000000e+000
2.557673e+003,0.000000e+000
2.558155e+003,0.000000e+000
2.558637e+003,0.000000e+000
2.559120e+003,0.000000e+000
2.559602e+003,0.000000e+000
2.560084e+003,0.000000e+000
2.560566e+003,0.000000e+000
2.561048e+003,0.000000e+000
2.561530e+003,0.000000e+000
2.562012e+003,0.000000e+000
2.562495e+003,0.000000e+000
2.562977e+003,0.000000e+000
2.563458e+003,0.000000e+000
2.563941e+003,0.000000e+000
2.564423e+003,0.000000e+000
2.564905e+003,0.000000e+000
2.565387e+003,0.000000e+000
2.565869e+003,0.000000e+000
2.566352e+003,0.000000e+000
2.566833e+003,0.000000e+000
2.567316e+003,0.000000e+000
2.567798e+003,0.000000e+000
2.568280e+003,0.000000e+000
2.568762e+003,0.000000e+000
2.569244e+003,0.000000e+000
2.569726e+003,0.000000e+000
2.570208e+003,0.000000e+000
2.570690e+003,0.000000e+000
2.571173e+003,0.000000e+000
2.571655e+003,0.000000e+000
2.572137e+003,0.000000e+000
2.572619e+003,0.000000e+000
2.573101e+003,0.000000e+000
2.573583e+003,0.000000e+000
2.574065e+003,0.000000e+000
2.574547e+003,0.000000e+000
2.575030e+003,0.000000e+000
2.575512e+003,0.000000e+000
2.575994e+003,0.000000e+000
2.576476e+003,0.000000e+000
2.576958e+003,0.000000e+000
2.577440e+003,0.000000e+000
2.577922e+003,0.000000e+000
2.578405e+003,0.000000e+000
2.578887e+003,0.000000e+000
2.579369e+003,0.000000e+000
2.579851e+003,0.000000e+000
2.580333e+003,0.000000e+000
2.580815e+003,0.000000e+000
2.581297e+003,0.000000e+000
2.581779e+003,0.000000e+000
2.582262e+003,0.000000e+000
2.582744e+003,0.000000e+000
2.583226e+003,0.000000e+000
2.583708e+003,0.000000e+000
2.584190e+003,0.000000e+000
2.584672e+003,0.000000e+000
2.585154e+003,0.000000e+000
2.585636e+003,0.000000e+000
2.586119e+003,0.000000e+000
2.586601e+003,0.000000e+000
2.587083e+003,0.000000e+000
2.587565e+003,0.000000e+000
2.588047e+003,0.000000e+000
2.588529e+003,0.000000e+000
2.589011e+003,0.000000e+000
2.589494e+003,0.000000e+000
2.589976e+003,0.000000e+000
2.590458e+003,0.000000e+000
2.590940e+003,0.000000e+000
2.591422e+003,0.000000e+000
2.591904e+003,0.000000e+000
2.592386e+003,0.000000e+000
2.592868e+003,0.000000e+000
2.593351e+003,0.000000e+000
2.593833e+003,0.000000e+000
2.594314e+003,0.000000e+000
2.594797e+003,0.000000e+000
2.595279e+003,0.000000e+000
2.595761e+003,0.000000e+000
2.596243e+003,0.000000e+000
2.596725e+003,0.000000e+000
2.597208e+003,0.000000e+000
2.597689e+003,0.000000e+000
2.598172e+003,0.000000e+000
2.598654e+003,0.000000e+000
2.599136e+003,0.000000e+000
2.599618e+003,0.000000e+000
2.600100e+003,0.000000e+000
2.600583e+003,0.000000e+000
2.601064e+003,0.000000e+000
2.601546e+003,0.000000e+000
2.602029e+003,0.000000e+000
2.602511e+003,0.000000e+000
2.602993e+003,0.000000e+000
2.603475e+003,0.000000e+000
2.603957e+003,0.000000e+000
2.604439e+003,0.000000e+000
2.604921e+003,0.000000e+000
2.605404e+003,0.000000e+000
2.605886e+003,0.000000e+000
2.606368e+003,0.000000e+000
2.606850e+003,0.000000e+000
2.607332e+003,0.000000e+000
2.607814e+003,0.000000e+000
2.608296e+003,0.000000e+000
2.608778e+003,0.000000e+000
2.609261e+003,0.000000e+000
2.609743e+003,0.000000e+000
2.610225e+003,0.000000e+000
2.610707e+003,0.000000e+000
2.611189e+003,0.000000e+000
2.611671e+003,0.000000e+000
2.612153e+003,0.000000e+000
2.612635e+003,0.000000e+000
2.613118e+003,0.000000e+000
2.613600e+003,0.000000e+000
2.614082e+003,0.000000e+000
2.614564e+003,0.000000e+000
2.615046e+003,0.000000e+000
2.615528e+003,0.000000e+000
2.616010e+003,0.000000e+000
2.616493e+003,0.000000e+000
2.616975e+003,0.000000e+000
2.617457e+003,0.000000e+000
2.617939e+003,0.000000e+000
2.618421e+003,0.000000e+000
2.618903e+003,0.000000e+000
2.619385e+003,0.000000e+000
2.619867e+003,0.000000e+000
2.620350e+003,0.000000e+000
2.620832e+003,0.000000e+000
2.621313e+003,0.000000e+000
2.621796e+003,0.000000e+000
2.622278e+003,0.000000e+000
2.622760e+003,0.000000e+000
2.623242e+003,0.000000e+000
2.623724e+003,0.000000e+000
2.624207e+003,0.000000e+000
2.624688e+003,0.000000e+000
2.625171e+003,0.000000e+000
2.625653e+003,0.000000e+000
2.626135e+003,0.000000e+000
2.626617e+003,0.000000e+000
2.627099e+003,0.000000e+000
2.627582e+003,0.000000e+000
2.628063e+003,0.000000e+000
2.628545e+003,0.000000e+000
2.629028e+003,0.000000e+000
2.629510e+003,0.000000e+000
2.629992e+003,0.000000e+000
2.630474e+003,0.000000e+000
2.630956e+003,0.000000e+000
2.631438e+003,0.000000e+000
2.631920e+003,0.000000e+000
2.632402e+003,0.000000e+000
2.632885e+003,0.000000e+000
2.633367e+003,0.000000e+000
2.633849e+003,0.000000e+000
2.634331e+003,0.000000e+000
2.634813e+003,0.000000e+000
2.635295e+003,0.000000e+000
2.635777e+003,0.000000e+000
2.636260e+003,0.000000e+000
2.636742e+003,0.000000e+000
2.637224e+003,0.000000e+000
2.637706e+003,0.000000e+000
2.638188e+003,0.000000e+000
2.638670e+003,0.000000e+000
2.639152e+003,0.000000e+000
2.639634e+003,0.000000e+000
2.640117e+003,0.000000e+000
2.640599e+003,0.000000e+000
2.641081e+003,0.000000e+000
2.641563e+003,0.000000e+000
2.642045e+003,0.000000e+000
2.642527e+003,0.000000e+000
2.643009e+003,0.000000e+000
2.643491e+003,0.000000e+000
2.643974e+003,0.000000e+000
2.644456e+003,0.000000e+000
2.644938e+003,0.000000e+000
2.645420e+003,0.000000e+000
2.645902e+003,0.000000e+000
2.646384e+003,0.000000e+000
2.646866e+003,0.000000e+000
2.647349e+003,0.000000e+000
2.647831e+003,0.000000e+000
2.648313e+003,0.000000e+000
2.648795e+003,0.000000e+000
2.649277e+003,0.000000e+000
2.649759e+003,0.000000e+000
2.650241e+003,0.000000e+000
2.650723e+003,0.000000e+000
2.651206e+003,0.000000e+000
2.651688e+003,0.000000e+000
2.652170e+003,0.000000e+000
2.652652e+003,0.000000e+000
2.653134e+003,0.000000e+000
2.653616e+003,0.000000e+000
2.654098e+003,0.000000e+000
2.654580e+003,0.000000e+000
2.655063e+003,0.000000e+000
2.655544e+003,0.000000e+000
2.656027e+003,0.000000e+000
2.656509e+003,0.000000e+000
2.656991e+003,0.000000e+000
2.657473e+003,0.000000e+000
2.657955e+003,0.000000e+000
2.658438e+003,0.000000e+000
2.658919e+003,0.000000e+000
2.659401e+003,0.000000e+000
2.659884e+003,0.000000e+000
2.660366e+003,0.000000e+000
2.660848e+003,0.000000e+000
2.661330e+003,0.000000e+000
2.661812e+003,0.000000e+000
2.662294e+003,0.000000e+000
2.662776e+003,0.000000e+000
2.663259e+003,0.000000e+000
2.663741e+003,0.000000e+000
2.664223e+003,0.000000e+000
2.664705e+003,0.000000e+000
2.665187e+003,0.000000e+000
2.665669e+003,0.000000e+000
2.666151e+003,0.000000e+000
2.666633e+003,0.000000e+000
2.667116e+003,0.000000e+000
2.667598e+003,0.000000e+000
2.668080e+003,0.000000e+000
2.668562e+003,0.000000e+000
2.669044e+003,0.000000e+000
2.669526e+003,0.000000e+000
2.670008e+003,0.000000e+000
2.670490e+003,0.000000e+000
2.670973e+003,0.000000e+000
2.671455e+003,0.000000e+000
2.671937e+003,0.000000e+000
2.672419e+003,0.000000e+000
2.672901e+003,0.000000e+000
2.673383e+003,0.000000e+000
2.673865e+003,0.000000e+000
2.674348e+003,0.000000e+000
2.674830e+003,0.000000e+000
2.675312e+003,0.000000e+000
2.675794e+003,0.000000e+000
2.676276e+003,0.000000e+000
2.676758e+003,0.000000e+000
2.677240e+003,0.000000e+000
2.677722e+003,0.000000e+000
2.678205e+003,0.000000e+000
2.678687e+003,0.000000e+000
2.679168e+003,0.000000e+000
2.679651e+003,0.000000e+000
2.680133e+003,0.000000e+000
2.680615e+003,0.000000e+000
2.681097e+003,0.000000e+000
2.681579e+003,0.000000e+000
2.682062e+003,0.000000e+000
2.682543e+003,0.000000e+000
2.683026e+003,0.000000e+000
2.683508e+003,0.000000e+000
2.683990e+003,0.000000e+000
2.684472e+003,0.000000e+000
2.684954e+003,0.000000e+000
2.685437e+003,0.000000e+000
2.685918e+003,0.000000e+000
2.686400e+003,0.000000e+000
2.686883e+003,0.000000e+000
2.687365e+003,0.000000e+000
2.687847e+003,0.000000e+000
2.688329e+003,0.000000e+000
2.688811e+003,0.000000e+000
2.689293e+003,0.000000e+000
2.689775e+003,0.000000e+000
2.690258e+003,0.000000e+000
2.690740e+003,0.000000e+000
2.691222e+003,0.000000e+000
2.691704e+003,0.000000e+000
2.692186e+003,0.000000e+000
2.692668e+003,0.000000e+000
2.693150e+003,0.000000e+000
2.693632e+003,0.000000e+000
2.694115e+003,0.000000e+000
2.694597e+003,0.000000e+000
2.695079e+003,0.000000e+000
2.695561e+003,0.000000e+000
2.696043e+003,0.000000e+000
2.696525e+003,0.000000e+000
2.697007e+003,0.000000e+000
2.697489e+003,0.000000e+000
2.697972e+003,0.000000e+000
2.698454e+003,0.000000e+000
2.698936e+003,0.000000e+000
2.699418e+003,0.000000e+000
2.699900e+003,0.000000e+000
2.700382e+003,0.000000e+000
2.700864e+003,0.000000e+000
2.701347e+003,0.000000e+000
2.701829e+003,0.000000e+000
2.702311e+003,0.000000e+000
2.702793e+003,0.000000e+000
2.703275e+003,0.000000e+000
2.703757e+003,0.000000e+000
2.704239e+003,0.000000e+000
2.704721e+003,0.000000e+000
2.705204e+003,0.000000e+000
2.705686e+003,0.000000e+000
2.706167e+003,0.000000e+000
2.706650e+003,0.000000e+000
2.707132e+003,0.000000e+000
2.707614e+003,0.000000e+000
2.708096e+003,0.000000e+000
2.708578e+003,0.000000e+000
2.709061e+003,0.000000e+000
2.709542e+003,0.000000e+000
2.710025e+003,0.000000e+000
2.710507e+003,0.000000e+000
2.710989e+003,0.000000e+000
2.711471e+003,0.000000e+000
2.711953e+003,0.000000e+000
2.712436e+003,0.000000e+000
2.712917e+003,0.000000e+000
2.713399e+003,0.000000e+000
2.713882e+003,0.000000e+000
2.714364e+003,0.000000e+000
2.714846e+003,0.000000e+000
2.715328e+003,0.000000e+000
2.715810e+003,0.000000e+000
2.716292e+003,0.000000e+000
2.716774e+003,0.000000e+000
2.717256e+003,0.000000e+000
2.717739e+003,0.000000e+000
2.718221e+003,0.000000e+000
2.718703e+003,0.000000e+000
2.719185e+003,0.000000e+000
2.719667e+003,0.000000e+000
2.720149e+003,0.000000e+000
2.720631e+003,0.000000e+000
2.721114e+003,0.000000e+000
2.721596e+003,0.000000e+000
2.722078e+003,0.000000e+000
2.722560e+003,0.000000e+000
2.723042e+003,0.000000e+000
2.723524e+003,0.000000e+000
2.724006e+003,0.000000e+000
2.724488e+003,0.000000e+000
2.724971e+003,0.000000e+000
2.725453e+003,0.000000e+000
2.725935e+003,0.000000e+000
2.726417e+003,0.000000e+000
2.726899e+003,0.000000e+000
2.727381e+003,0.000000e+000
2.727863e+003,0.000000e+000
2.728345e+003,0.000000e+000
2.728828e+003,0.000000e+000
2.729310e+003,0.000000e+000
2.729792e+003,0.000000e+000
2.730274e+003,0.000000e+000
2.730756e+003,0.000000e+000
2.731238e+003,0.000000e+000
2.731720e+003,0.000000e+000
2.732203e+003,0.000000e+000
2.732685e+003,0.000000e+000
2.733167e+003,0.000000e+000
2.733649e+003,0.000000e+000
2.734131e+003,0.000000e+000
2.734613e+003,0.000000e+000
2.735095e+003,0.000000e+000
2.735577e+003,0.000000e+000
2.736060e+003,0.000000e+000
2.736542e+003,0.000000e+000
2.737024e+003,0.000000e+000
2.737506e+003,0.000000e+000
2.737988e+003,0.000000e+000
2.738470e+003,0.000000e+000
2.738952e+003,0.000000e+000
2.739435e+003,0.000000e+000
2.739917e+003,0.000000e+000
2.740398e+003,0.000000e+000
2.740881e+003,0.000000e+000
2.741363e+003,0.000000e+000
2.741845e+003,0.000000e+000
2.742327e+003,0.000000e+000
2.742809e+003,0.000000e+000
2.743292e+003,0.000000e+000
2.743773e+003,0.000000e+000
2.744255e+003,0.000000e+000
2.744738e+003,0.000000e+000
2.745220e+003,0.000000e+000
2.745702e+003,0.000000e+000
2.746184e+003,0.000000e+000
2.746666e+003,0.000000e+000
2.747148e+003,0.000000e+000
2.747630e+003,0.000000e+000
2.748113e+003,0.000000e+000
2.748595e+003,0.000000e+000
2.749077e+003,0.000000e+000
2.749559e+003,0.000000e+000
2.750041e+003,0.000000e+000
2.750523e+003,0.000000e+000
2.751005e+003,0.000000e+000
2.751487e+003,0.000000e+000
2.751970e+003,0.000000e+000
2.752452e+003,0.000000e+000
2.752934e+003,0.000000e+000
2.753416e+003,0.000000e+000
2.753898e+003,0.000000e+000
2.754380e+003,0.000000e+000
2.754862e+003,0.000000e+000
2.755344e+003,0.000000e+000
2.755827e+003,0.000000e+000
2.756309e+003,0.000000e+000
2.756791e+003,0.000000e+000
2.757273e+003,0.000000e+000
2.757755e+003,0.000000e+000
2.758237e+003,0.000000e+000
2.758719e+003,0.000000e+000
2.759202e+003,0.000000e+000
2.759684e+003,0.000000e+000
2.760166e+003,0.000000e+000
2.760648e+003,0.000000e+000
2.761130e+003,0.000000e+000
2.761612e+003,0.000000e+000
2.762094e+003,0.000000e+000
2.762576e+003,0.000000e+000
2.763059e+003,0.000000e+000
2.763541e+003,0.000000e+000
2.764023e+003,0.000000e+000
2.764505e+003,0.000000e+000
2.764987e+003,0.000000e+000
2.765469e+003,0.000000e+000
2.765951e+003,0.000000e+000
2.766433e+003,0.000000e+000
2.766916e+003,0.000000e+000
2.767397e+003,0.000000e+000
2.767880e+003,0.000000e+000
2.768362e+003,0.000000e+000
2.768844e+003,0.000000e+000
2.769326e+003,0.000000e+000
2.769808e+003,0.000000e+000
2.770291e+003,0.000000e+000
2.770772e+003,0.000000e+000
2.771254e+003,0.000000e+000
2.771737e+003,0.000000e+000
2.772219e+003,0.000000e+000
2.772701e+003,0.000000e+000
2.773183e+003,0.000000e+000
2.773665e+003,0.000000e+000
2.774147e+003,0.000000e+000
2.774629e+003,0.000000e+000
2.775112e+003,0.000000e+000
2.775594e+003,0.000000e+000
2.776076e+003,0.000000e+000
2.776558e+003,0.000000e+000
2.777040e+003,0.000000e+000
2.777522e+003,0.000000e+000
2.778004e+003,0.000000e+000
2.778486e+003,0.000000e+000
2.778969e+003,0.000000e+000
2.779451e+003,0.000000e+000
2.779933e+003,0.000000e+000
2.780415e+003,0.000000e+000
2.780897e+003,0.000000e+000
2.781379e+003,0.000000e+000
2.781861e+003,0.000000e+000
2.782343e+003,0.000000e+000
2.782826e+003,0.000000e+000
2.783308e+003,0.000000e+000
2.783790e+003,0.000000e+000
2.784272e+003,0.000000e+000
2.784754e+003,0.000000e+000
2.785236e+003,0.000000e+000
2.785718e+003,0.000000e+000
2.786201e+003,0.000000e+000
2.786683e+003,0.000000e+000
2.787165e+003,0.000000e+000
2.787647e+003,0.000000e+000
2.788129e+003,0.000000e+000
2.788611e+003,0.000000e+000
2.789093e+003,0.000000e+000
2.789575e+003,0.000000e+000
2.790058e+003,0.000000e+000
2.790540e+003,0.000000e+000
2.791021e+003,0.000000e+000
2.791504e+003,0.000000e+000
2.791986e+003,0.000000e+000
2.792468e+003,0.000000e+000
2.792950e+003,0.000000e+000
2.793432e+003,0.000000e+000
2.793915e+003,0.000000e+000
2.794396e+003,0.000000e+000
2.794879e+003,0.000000e+000
2.795361e+003,0.000000e+000
2.795843e+003,0.000000e+000
2.796325e+003,0.000000e+000
2.796807e+003,0.000000e+000
2.797290e+003,0.000000e+000
2.797771e+003,0.000000e+000
2.798253e+003,0.000000e+000
2.798736e+003,0.000000e+000
2.799218e+003,0.000000e+000
2.799700e+003,0.000000e+000
2.800182e+003,0.000000e+000
2.800664e+003,0.000000e+000
2.801146e+003,0.000000e+000
2.801628e+003,0.000000e+000
2.802110e+003,0.000000e+000
2.802593e+003,0.000000e+000
2.803075e+003,0.000000e+000
2.803557e+003,0.000000e+000
2.804039e+003,0.000000e+000
2.804521e+003,0.000000e+000
2.805003e+003,0.000000e+000
2.805485e+003,0.000000e+000
2.805968e+003,0.000000e+000
2.806450e+003,0.000000e+000
2.806932e+003,0.000000e+000
2.807414e+003,0.000000e+000
2.807896e+003,0.000000e+000
2.808378e+003,0.000000e+000
2.808860e+003,0.000000e+000
2.809342e+003,0.000000e+000
2.809825e+003,0.000000e+000
2.810307e+003,0.000000e+000
2.810789e+003,0.000000e+000
2.811271e+003,0.000000e+000
2.811753e+003,0.000000e+000
2.812235e+003,0.000000e+000
2.812717e+003,0.000000e+000
2.813199e+003,0.000000e+000
2.813682e+003,0.000000e+000
2.814164e+003,0.000000e+000
2.814646e+003,0.000000e+000
2.815128e+003,0.000000e+000
2.815610e+003,0.000000e+000
2.816092e+003,0.000000e+000
2.816574e+003,0.000000e+000
2.817057e+003,0.000000e+000
2.817539e+003,0.000000e+000
2.818021e+003,0.000000e+000
2.818503e+003,0.000000e+000
2.818985e+003,0.000000e+000
2.819467e+003,0.000000e+000
2.819949e+003,0.000000e+000
2.820431e+003,0.000000e+000
2.820914e+003,0.000000e+000
2.821396e+003,0.000000e+000
2.821878e+003,0.000000e+000
2.822360e+003,0.000000e+000
2.822842e+003,0.000000e+000
2.823324e+003,0.000000e+000
2.823806e+003,0.000000e+000
2.824289e+003,0.000000e+000
2.824771e+003,0.000000e+000
2.825252e+003,0.000000e+000
2.825735e+003,0.000000e+000
2.826217e+003,0.000000e+000
2.826699e+003,0.000000e+000
2.827181e+003,0.000000e+000
2.827663e+003,0.000000e+000
2.828146e+003,0.000000e+000
2.828627e+003,0.000000e+000
2.829109e+003,0.000000e+000
2.829592e+003,0.000000e+000
2.830074e+003,0.000000e+000
2.830556e+003,0.000000e+000
2.831038e+003,0.000000e+000
2.831520e+003,0.000000e+000
2.832002e+003,0.000000e+000
2.832484e+003,0.000000e+000
2.832967e+003,0.000000e+000
2.833449e+003,0.000000e+000
2.833931e+003,0.000000e+000
2.834413e+003,0.000000e+000
2.834895e+003,0.000000e+000
2.835377e+003,0.000000e+000
2.835859e+003,0.000000e+000
2.836341e+003,0.000000e+000
2.836824e+003,0.000000e+000
2.837306e+003,0.000000e+000
2.837788e+003,0.000000e+000
2.838270e+003,0.000000e+000
2.838752e+003,0.000000e+000
2.839234e+003,0.000000e+000
2.839716e+003,0.000000e+000
2.840198e+003,0.000000e+000
2.840681e+003,0.000000e+000
2.841163e+003,0.000000e+000
2.841645e+003,0.000000e+000
2.842127e+003,0.000000e+000
2.842609e+003,0.000000e+000
2.843091e+003,0.000000e+000
2.843573e+003,0.000000e+000
2.844056e+003,0.000000e+000
2.844538e+003,0.000000e+000
2.845020e+003,0.000000e+000
2.845502e+003,0.000000e+000
2.845984e+003,0.000000e+000
2.846466e+003,0.000000e+000
2.846948e+003,0.000000e+000
2.847430e+003,0.000000e+000
2.847913e+003,0.000000e+000
2.848395e+003,0.000000e+000
2.848877e+003,0.000000e+000
2.849359e+003,0.000000e+000
2.849841e+003,0.000000e+000
2.850323e+003,0.000000e+000
2.850805e+003,0.000000e+000
2.851287e+003,0.000000e+000
2.851770e+003,0.000000e+000
2.852251e+003,0.000000e+000
2.852734e+003,0.000000e+000
2.853216e+003,0.000000e+000
2.853698e+003,0.000000e+000
2.854180e+003,0.000000e+000
2.854662e+003,0.000000e+000
2.855145e+003,0.000000e+000
2.855626e+003,0.000000e+000
2.856108e+003,0.000000e+000
2.856591e+003,0.000000e+000
2.857073e+003,0.000000e+000
2.857555e+003,0.000000e+000
2.858037e+003,0.000000e+000
2.858519e+003,0.000000e+000
2.859001e+003,0.000000e+000
2.859483e+003,0.000000e+000
2.859966e+003,0.000000e+000
2.860448e+003,0.000000e+000
2.860930e+003,0.000000e+000
2.861412e+003,0.000000e+000
2.861894e+003,0.000000e+000
2.862376e+003,0.000000e+000
2.862858e+003,0.000000e+000
2.863340e+003,0.000000e+000
2.863823e+003,0.000000e+000
2.864305e+003,0.000000e+000
2.864787e+003,0.000000e+000
2.865269e+003,0.000000e+000
2.865751e+003,0.000000e+000
2.866233e+003,0.000000e+000
2.866715e+003,0.000000e+000
2.867197e+003,0.000000e+000
2.867680e+003,0.000000e+000
2.868162e+003,0.000000e+000
2.868644e+003,0.000000e+000
2.869126e+003,0.000000e+000
2.869608e+003,0.000000e+000
2.870090e+003,0.000000e+000
2.870572e+003,0.000000e+000
2.871055e+003,0.000000e+000
2.871537e+003,0.000000e+000
2.872019e+003,0.000000e+000
2.872501e+003,0.000000e+000
2.872983e+003,0.000000e+000
2.873465e+003,0.000000e+000
2.873947e+003,0.000000e+000
2.874429e+003,0.000000e+000
2.874912e+003,0.000000e+000
2.875394e+003,0.000000e+000
2.875875e+003,0.000000e+000
2.876358e+003,0.000000e+000
2.876840e+003,0.000000e+000
2.877322e+003,0.000000e+000
2.877804e+003,0.000000e+000
2.878286e+003,0.000000e+000
2.878769e+003,0.000000e+000
2.879250e+003,0.000000e+000
2.879733e+003,0.000000e+000
2.880215e+003,0.000000e+000
2.880697e+003,0.000000e+000
2.881179e+003,0.000000e+000
2.881661e+003,0.000000e+000
2.882144e+003,0.000000e+000
2.882625e+003,0.000000e+000
2.883107e+003,0.000000e+000
2.883590e+003,0.000000e+000
2.884072e+003,0.000000e+000
2.884554e+003,0.000000e+000
2.885036e+003,0.000000e+000
2.885518e+003,0.000000e+000
2.886000e+003,0.000000e+000
2.886482e+003,0.000000e+000
2.886964e+003,0.000000e+000
2.887447e+003,0.000000e+000
2.887929e+003,0.000000e+000
2.888411e+003,0.000000e+000
2.888893e+003,0.000000e+000
2.889375e+003,0.000000e+000
2.889857e+003,0.000000e+000
2.890339e+003,0.000000e+000
2.890822e+003,0.000000e+000
2.891304e+003,0.000000e+000
2.891786e+003,0.000000e+000
2.892268e+003,0.000000e+000
2.892750e+003,0.000000e+000
2.893232e+003,0.000000e+000
2.893714e+003,0.000000e+000
2.894196e+003,0.000000e+000
2.894679e+003,0.000000e+000
2.895161e+003,0.000000e+000
2.895643e+003,0.000000e+000
2.896125e+003,0.000000e+000
2.896607e+003,0.000000e+000
2.897089e+003,0.000000e+000
2.897571e+003,0.000000e+000
2.898054e+003,0.000000e+000
2.898536e+003,0.000000e+000
2.899018e+003,0.000000e+000
2.899500e+003,0.000000e+000
2.899982e+003,0.000000e+000
2.900464e+003,0.000000e+000
2.900946e+003,0.000000e+000
2.901428e+003,0.000000e+000
2.901911e+003,0.000000e+000
2.902393e+003,0.000000e+000
2.902875e+003,0.000000e+000
2.903357e+003,0.000000e+000
2.903839e+003,0.000000e+000
2.904321e+003,0.000000e+000
2.904803e+003,0.000000e+000
2.905285e+003,0.000000e+000
2.905768e+003,0.000000e+000
2.906250e+003,0.000000e+000
2.906732e+003,0.000000e+000
2.907214e+003,0.000000e+000
2.907696e+003,0.000000e+000
2.908178e+003,0.000000e+000
2.908660e+003,0.000000e+000
2.909143e+003,0.000000e+000
2.909625e+003,0.000000e+000
2.910106e+003,0.000000e+000
2.910589e+003,0.000000e+000
2.911071e+003,0.000000e+000
2.911553e+003,0.000000e+000
2.912035e+003,0.000000e+000
2.912517e+003,0.000000e+000
2.913000e+003,0.000000e+000
2.913481e+003,0.000000e+000
2.913963e+003,0.000000e+000
2.914446e+003,0.000000e+000
2.914928e+003,0.000000e+000
2.915410e+003,0.000000e+000
2.915892e+003,0.000000e+000
2.916374e+003,0.000000e+000
2.916856e+003,0.000000e+000
2.917338e+003,0.000000e+000
2.917821e+003,0.000000e+000
2.918303e+003,0.000000e+000
2.918785e+003,0.000000e+000
2.919267e+003,0.000000e+000
2.919749e+003,0.000000e+000
2.920231e+003,0.000000e+000
2.920713e+003,0.000000e+000
2.921195e+003,0.000000e+000
2.921678e+003,0.000000e+000
2.922160e+003,0.000000e+000
2.922642e+003,0.000000e+000
2.923124e+003,0.000000e+000
2.923606e+003,0.000000e+000
2.924088e+003,0.000000e+000
2.924570e+003,0.000000e+000
2.925052e+003,0.000000e+000
2.925535e+003,0.000000e+000
2.926017e+003,0.000000e+000
2.926499e+003,0.000000e+000
2.926981e+003,0.000000e+000
2.927463e+003,0.000000e+000
2.927945e+003,0.000000e+000
2.928427e+003,0.000000e+000
2.928910e+003,0.000000e+000
2.929392e+003,0.000000e+000
2.929874e+003,0.000000e+000
2.930356e+003,0.000000e+000
2.930838e+003,0.000000e+000
2.931320e+003,0.000000e+000
2.931802e+003,0.000000e+000
2.932284e+003,0.000000e+000
2.932767e+003,0.000000e+000
2.933249e+003,0.000000e+000
2.933731e+003,0.000000e+000
2.934213e+003,0.000000e+000
2.934695e+003,0.000000e+000
2.935177e+003,0.000000e+000
2.935659e+003,0.000000e+000
2.936141e+003,0.000000e+000
2.936624e+003,0.000000e+000
2.937105e+003,0.000000e+000
2.937588e+003,0.000000e+000
2.938070e+003,0.000000e+000
2.938552e+003,0.000000e+000
2.939034e+003,0.000000e+000
2.939516e+003,0.000000e+000
2.939999e+003,0.000000e+000
2.940480e+003,0.000000e+000
2.940962e+003,0.000000e+000
2.941445e+003,0.000000e+000
2.941927e+003,0.000000e+000
2.942409e+003,0.000000e+000
2.942891e+003,0.000000e+000
2.943373e+003,0.000000e+000
2.943855e+003,0.000000e+000
2.944337e+003,0.000000e+000
2.944820e+003,0.000000e+000
2.945302e+003,0.000000e+000
2.945784e+003,0.000000e+000
2.946266e+003,0.000000e+000
2.946748e+003,0.000000e+000
2.947230e+003,0.000000e+000
2.947712e+003,0.000000e+000
2.948194e+003,0.000000e+000
2.948677e+003,0.000000e+000
2.949159e+003,0.000000e+000
2.949641e+003,0.000000e+000
2.950123e+003,0.000000e+000
2.950605e+003,0.000000e+000
2.951087e+003,0.000000e+000
2.951569e+003,0.000000e+000
2.952051e+003,0.000000e+000
2.952534e+003,0.000000e+000
2.953016e+003,0.000000e+000
2.953498e+003,0.000000e+000
2.953980e+003,0.000000e+000
2.954462e+003,0.000000e+000
2.954944e+003,0.000000e+000
2.955426e+003,0.000000e+000
2.955909e+003,0.000000e+000
2.956391e+003,0.000000e+000
2.956873e+003,0.000000e+000
2.957355e+003,0.000000e+000
2.957837e+003,0.000000e+000
2.958319e+003,0.000000e+000
2.958801e+003,0.000000e+000
2.959283e+003,0.000000e+000
2.959766e+003,0.000000e+000
2.960248e+003,0.000000e+000
2.960729e+003,0.000000e+000
2.961212e+003,0.000000e+000
2.961694e+003,0.000000e+000
2.962176e+003,0.000000e+000
2.962658e+003,0.000000e+000
2.963140e+003,0.000000e+000
2.963623e+003,0.000000e+000
2.964104e+003,0.000000e+000
2.964587e+003,0.000000e+000
2.965069e+003,0.000000e+000
2.965551e+003,0.000000e+000
2.966033e+003,0.000000e+000
2.966515e+003,0.000000e+000
2.966998e+003,0.000000e+000
2.967479e+003,0.000000e+000
2.967961e+003,0.000000e+000
2.968444e+003,0.000000e+000
2.968926e+003,0.000000e+000
2.969408e+003,0.000000e+000
2.969890e+003,0.000000e+000
2.970372e+003,0.000000e+000
2.970854e+003,0.000000e+000
2.971336e+003,0.000000e+000
2.971818e+003,0.000000e+000
2.972301e+003,0.000000e+000
2.972783e+003,0.000000e+000
2.973265e+003,0.000000e+000
2.973747e+003,0.000000e+000
2.974229e+003,0.000000e+000
2.974711e+003,0.000000e+000
2.975193e+003,0.000000e+000
2.975676e+003,0.000000e+000
2.976158e+003,0.000000e+000
2.976640e+003,0.000000e+000
2.977122e+003,0.000000e+000
2.977604e+003,0.000000e+000
2.978086e+003,0.000000e+000
2.978568e+003,0.000000e+000
2.979050e+003,0.000000e+000
2.979533e+003,0.000000e+000
2.980015e+003,0.000000e+000
2.980497e+003,0.000000e+000
2.980979e+003,0.000000e+000
2.981461e+003,0.000000e+000
2.981943e+003,0.000000e+000
2.982425e+003,0.000000e+000
2.982908e+003,0.000000e+000
2.983390e+003,0.000000e+000
2.983872e+003,0.000000e+000
2.984354e+003,0.000000e+000
2.984836e+003,0.000000e+000
2.985318e+003,0.000000e+000
2.985800e+003,0.000000e+000
2.986282e+003,0.000000e+000
2.986765e+003,0.000000e+000
2.987247e+003,0.000000e+000
2.987729e+003,0.000000e+000
2.988211e+003,0.000000e+000
2.988693e+003,0.000000e+000
2.989175e+003,0.000000e+000
2.989657e+003,0.000000e+000
2.990139e+003,0.000000e+000
2.990622e+003,0.000000e+000
2.991104e+003,0.000000e+000
2.991586e+003,0.000000e+000
2.992068e+003,0.000000e+000
2.992550e+003,0.000000e+000
2.993032e+003,0.000000e+000
2.993514e+003,0.000000e+000
2.993997e+003,0.000000e+000
2.994479e+003,0.000000e+000
2.994960e+003,0.000000e+000
2.995443e+003,0.000000e+000
2.995925e+003,0.000000e+000
2.996407e+003,0.000000e+000
2.996889e+003,0.000000e+000
2.997371e+003,0.000000e+000
2.997854e+003,0.000000e+000
2.998335e+003,0.000000e+000
2.998817e+003,0.000000e+000
2.999300e+003,0.000000e+000
2.999782e+003,0.000000e+000
3.000264e+003,0.000000e+000
3.000746e+003,0.000000e+000
3.001228e+003,0.000000e+000
3.001710e+003,0.000000e+000
3.002192e+003,0.000000e+000
3.002675e+003,0.000000e+000
3.003157e+003,0.000000e+000
3.003639e+003,0.000000e+000
3.004121e+003,0.000000e+000
3.004603e+003,0.000000e+000
3.005085e+003,0.000000e+000
3.005567e+003,0.000000e+000
3.006049e+003,0.000000e+000
3.006532e+003,0.000000e+000
3.007014e+003,0.000000e+000
3.007496e+003,0.000000e+000
3.007978e+003,0.000000e+000
3.008460e+003,0.000000e+000
3.008942e+003,0.000000e+000
3.009424e+003,0.000000e+000
3.009906e+003,0.000000e+000
3.010389e+003,0.000000e+000
3.010871e+003,0.000000e+000
3.011353e+003,0.000000e+000
3.011835e+003,0.000000e+000
3.012317e+003,0.000000e+000
3.012799e+003,0.000000e+000
3.013281e+003,0.000000e+000
3.013764e+003,0.000000e+000
3.014246e+003,0.000000e+000
3.014728e+003,0.000000e+000
3.015210e+003,0.000000e+000
3.015692e+003,0.000000e+000
3.016174e+003,0.000000e+000
3.016656e+003,0.000000e+000
3.017138e+003,0.000000e+000
3.017621e+003,0.000000e+000
3.018103e+003,0.000000e+000
3.018585e+003,0.000000e+000
3.019067e+003,0.000000e+000
3.019549e+003,0.000000e+000
3.020031e+003,0.000000e+000
3.020513e+003,0.000000e+000
3.020995e+003,0.000000e+000
3.021478e+003,0.000000e+000
3.021959e+003,0.000000e+000
3.022442e+003,0.000000e+000
3.022924e+003,0.000000e+000
3.023406e+003,0.000000e+000
3.023888e+003,0.000000e+000
3.024370e+003,0.000000e+000
3.024853e+003,0.000000e+000
3.025334e+003,0.000000e+000
3.025816e+003,0.000000e+000
3.026299e+003,0.000000e+000
3.026781e+003,0.000000e+000
3.027263e+003,0.000000e+000
3.027745e+003,0.000000e+000
3.028227e+003,0.000000e+000
3.028709e+003,0.000000e+000
3.029191e+003,0.000000e+000
3.029674e+003,0.000000e+000
3.030156e+003,0.000000e+000
3.030638e+003,0.000000e+000
3.031120e+003,0.000000e+000
3.031602e+003,0.000000e+000
3.032084e+003,0.000000e+000
3.032566e+003,0.000000e+000
3.033048e+003,0.000000e+000
3.033531e+003,0.000000e+000
3.034013e+003,0.000000e+000
3.034495e+003,0.000000e+000
3.034977e+003,0.000000e+000
3.035459e+003,0.000000e+000
3.035941e+003,0.000000e+000
3.036423e+003,0.000000e+000
3.036905e+003,0.000000e+000
3.037388e+003,0.000000e+000
3.037870e+003,0.000000e+000
3.038352e+003,0.000000e+000
3.038834e+003,0.000000e+000
3.039316e+003,0.000000e+000
3.039798e+003,0.000000e+000
3.040280e+003,0.000000e+000
3.040763e+003,0.000000e+000
3.041245e+003,0.000000e+000
3.041727e+003,0.000000e+000
3.042209e+003,0.000000e+000
3.042691e+003,0.000000e+000
3.043173e+003,0.000000e+000
3.043655e+003,0.000000e+000
3.044137e+003,0.000000e+000
3.044620e+003,0.000000e+000
3.045102e+003,0.000000e+000
3.045583e+003,0.000000e+000
3.046066e+003,0.000000e+000
3.046548e+003,0.000000e+000
3.047030e+003,0.000000e+000
3.047512e+003,0.000000e+000
3.047994e+003,0.000000e+000
3.048477e+003,0.000000e+000
3.048958e+003,0.000000e+000
3.049441e+003,0.000000e+000
3.049923e+003,0.000000e+000
3.050405e+003,0.000000e+000
3.050887e+003,0.000000e+000
3.051369e+003,0.000000e+000
3.051852e+003,0.000000e+000
3.052333e+003,0.000000e+000
3.052815e+003,0.000000e+000
3.053298e+003,0.000000e+000
3.053780e+003,0.000000e+000
3.054262e+003,0.000000e+000
3.054744e+003,0.000000e+000
3.055226e+003,0.000000e+000
3.055708e+003,0.000000e+000
3.056190e+003,0.000000e+000
3.056673e+003,0.000000e+000
3.057155e+003,0.000000e+000
3.057637e+003,0.000000e+000
3.058119e+003,0.000000e+000
3.058601e+003,0.000000e+000
3.059083e+003,0.000000e+000
3.059565e+003,0.000000e+000
3.060047e+003,0.000000e+000
3.060530e+003,0.000000e+000
3.061012e+003,0.000000e+000
3.061494e+003,0.000000e+000
3.061976e+003,0.000000e+000
3.062458e+003,0.000000e+000
3.062940e+003,0.000000e+000
3.063422e+003,0.000000e+000
3.063904e+003,0.000000e+000
3.064387e+003,0.000000e+000
3.064869e+003,0.000000e+000
3.065351e+003,0.000000e+000
3.065833e+003,0.000000e+000
3.066315e+003,0.000000e+000
3.066797e+003,0.000000e+000
3.067279e+003,0.000000e+000
3.067762e+003,0.000000e+000
3.068244e+003,0.000000e+000
3.068726e+003,0.000000e+000
3.069208e+003,0.000000e+000
3.069690e+003,0.000000e+000
3.070172e+003,0.000000e+000
3.070654e+003,0.000000e+000
3.071136e+003,0.000000e+000
3.071619e+003,0.000000e+000
3.072101e+003,0.000000e+000
3.072583e+003,0.000000e+000
3.073065e+003,0.000000e+000
3.073547e+003,0.000000e+000
3.074029e+003,0.000000e+000
3.074511e+003,0.000000e+000
3.074993e+003,0.000000e+000
3.075476e+003,0.000000e+000
3.075958e+003,0.000000e+000
3.076440e+003,0.000000e+000
3.076922e+003,0.000000e+000
3.077404e+003,0.000000e+000
3.077886e+003,0.000000e+000
3.078368e+003,0.000000e+000
3.078851e+003,0.000000e+000
3.079333e+003,0.000000e+000
3.079814e+003,0.000000e+000
3.080297e+003,0.000000e+000
3.080779e+003,0.000000e+000
3.081261e+003,0.000000e+000
3.081743e+003,0.000000e+000
3.082225e+003,0.000000e+000
3.082708e+003,0.000000e+000
3.083189e+003,0.000000e+000
3.083671e+003,0.000000e+000
3.084154e+003,0.000000e+000
3.084636e+003,0.000000e+000
3.085118e+003,0.000000e+000
3.085600e+003,0.000000e+000
3.086082e+003,0.000000e+000
3.086564e+003,0.000000e+000
3.087046e+003,0.000000e+000
3.087529e+003,0.000000e+000
3.088011e+003,0.000000e+000
3.088493e+003,0.000000e+000
3.088975e+003,0.000000e+000
3.089457e+003,0.000000e+000
3.089939e+003,0.000000e+000
3.090421e+003,0.000000e+000
3.090903e+003,0.000000e+000
3.091386e+003,0.000000e+000
3.091868e+003,0.000000e+000
3.092350e+003,0.000000e+000
3.092832e+003,0.000000e+000
3.093314e+003,0.000000e+000
3.093796e+003,0.000000e+000
3.094278e+003,0.000000e+000
3.094760e+003,0.000000e+000
3.095243e+003,0.000000e+000
3.095725e+003,0.000000e+000
3.096207e+003,0.000000e+000
3.096689e+003,0.000000e+000
3.097171e+003,0.000000e+000
3.097653e+003,0.000000e+000
3.098135e+003,0.000000e+000
3.098618e+003,0.000000e+000
3.099100e+003,0.000000e+000
3.099582e+003,0.000000e+000
3.100064e+003,0.000000e+000
3.100546e+003,0.000000e+000
3.101028e+003,0.000000e+000
3.101510e+003,0.000000e+000
3.101992e+003,0.000000e+000
3.102475e+003,0.000000e+000
3.102957e+003,0.000000e+000
3.103439e+003,0.000000e+000
3.103921e+003,0.000000e+000
3.104403e+003,0.000000e+000
3.104885e+003,0.000000e+000
3.105367e+003,0.000000e+000
3.105849e+003,0.000000e+000
3.106332e+003,0.000000e+000
3.106813e+003,0.000000e+000
3.107296e+003,0.000000e+000
3.107778e+003,0.000000e+000
3.108260e+003,0.000000e+000
3.108742e+003,0.000000e+000
3.109224e+003,0.000000e+000
3.109707e+003,0.000000e+000
3.110188e+003,0.000000e+000
3.110670e+003,0.000000e+000
3.111153e+003,0.000000e+000
3.111635e+003,0.000000e+000
3.112117e+003,0.000000e+000
3.112599e+003,0.000000e+000
3.113081e+003,0.000000e+000
3.113563e+003,0.000000e+000
3.114045e+003,0.000000e+000
3.114528e+003,0.000000e+000
3.115010e+003,0.000000e+000
3.115492e+003,0.000000e+000
3.115974e+003,0.000000e+000
3.116456e+003,0.000000e+000
3.116938e+003,0.000000e+000
3.117420e+003,0.000000e+000
3.117902e+003,0.000000e+000
3.118385e+003,0.000000e+000
3.118867e+003,0.000000e+000
3.119349e+003,0.000000e+000
3.119831e+003,0.000000e+000
3.120313e+003,0.000000e+000
3.120795e+003,0.000000e+000
3.121277e+003,0.000000e+000
3.121759e+003,0.000000e+000
3.122242e+003,0.000000e+000
3.122724e+003,0.000000e+000
3.123206e+003,0.000000e+000
3.123688e+003,0.000000e+000
3.124170e+003,0.000000e+000
3.124652e+003,0.000000e+000
3.125134e+003,0.000000e+000
3.125617e+003,0.000000e+000
3.126099e+003,0.000000e+000
3.126581e+003,0.000000e+000
3.127063e+003,0.000000e+000
3.127545e+003,0.000000e+000
3.128027e+003,0.000000e+000
3.128509e+003,0.000000e+000
3.128991e+003,0.000000e+000
3.129474e+003,0.000000e+000
3.129956e+003,0.000000e+000
3.130438e+003,0.000000e+000
3.130920e+003,0.000000e+000
3.131402e+003,0.000000e+000
3.131884e+003,0.000000e+000
3.132366e+003,0.000000e+000
3.132848e+003,0.000000e+000
3.133331e+003,0.000000e+000
3.133813e+003,0.000000e+000
3.134295e+003,0.000000e+000
3.134777e+003,0.000000e+000
3.135259e+003,0.000000e+000
3.135741e+003,0.000000e+000
3.136223e+003,0.000000e+000
3.136706e+003,0.000000e+000
3.137188e+003,0.000000e+000
3.137669e+003,0.000000e+000
3.138152e+003,0.000000e+000
3.138634e+003,0.000000e+000
3.139116e+003,0.000000e+000
3.139598e+003,0.000000e+000
3.140080e+003,0.000000e+000
3.140563e+003,0.000000e+000
3.141044e+003,0.000000e+000
3.141527e+003,0.000000e+000
3.142009e+003,0.000000e+000
3.142491e+003,0.000000e+000
3.142973e+003,0.000000e+000
3.143455e+003,0.000000e+000
3.143937e+003,0.000000e+000
3.144419e+003,0.000000e+000
3.144901e+003,0.000000e+000
3.145384e+003,0.000000e+000
3.145866e+003,0.000000e+000
3.146348e+003,0.000000e+000
3.146830e+003,0.000000e+000
3.147312e+003,0.000000e+000
3.147794e+003,0.000000e+000
3.148276e+003,0.000000e+000
3.148758e+003,0.000000e+000
3.149241e+003,0.000000e+000
3.149723e+003,0.000000e+000
3.150205e+003,0.000000e+000
3.150687e+003,0.000000e+000
3.151169e+003,0.000000e+000
3.151651e+003,0.000000e+000
3.152133e+003,0.000000e+000
3.152616e+003,0.000000e+000
3.153098e+003,0.000000e+000
3.153580e+003,0.000000e+000
3.154062e+003,0.000000e+000
3.154544e+003,0.000000e+000
3.155026e+003,0.000000e+000
3.155508e+003,0.000000e+000
3.155990e+003,0.000000e+000
3.156473e+003,0.000000e+000
3.156955e+003,0.000000e+000
3.157437e+003,0.000000e+000
3.157919e+003,0.000000e+000
3.158401e+003,0.000000e+000
3.158883e+003,0.000000e+000
3.159365e+003,0.000000e+000
3.159847e+003,0.000000e+000
3.160330e+003,0.000000e+000
3.160812e+003,0.000000e+000
3.161294e+003,0.000000e+000
3.161776e+003,0.000000e+000
3.162258e+003,0.000000e+000
3.162740e+003,0.000000e+000
3.163222e+003,0.000000e+000
3.163705e+003,0.000000e+000
3.164187e+003,0.000000e+000
3.164668e+003,0.000000e+000
3.165151e+003,0.000000e+000
3.165633e+003,0.000000e+000
3.166115e+003,0.000000e+000
3.166597e+003,0.000000e+000
3.167079e+003,0.000000e+000
3.167562e+003,0.000000e+000
3.168043e+003,0.000000e+000
3.168525e+003,0.000000e+000
3.169008e+003,0.000000e+000
3.169490e+003,0.000000e+000
3.169972e+003,0.000000e+000
3.170454e+003,0.000000e+000
3.170936e+003,0.000000e+000
3.171418e+003,0.000000e+000
3.171900e+003,0.000000e+000
3.172383e+003,0.000000e+000
3.172865e+003,0.000000e+000
3.173347e+003,0.000000e+000
3.173829e+003,0.000000e+000
3.174311e+003,0.000000e+000
3.174793e+003,0.000000e+000
3.175275e+003,0.000000e+000
3.175757e+003,0.000000e+000
3.176240e+003,0.000000e+000
3.176722e+003,0.000000e+000
3.177204e+003,0.000000e+000
3.177686e+003,0.000000e+000
3.178168e+003,0.000000e+000
3.178650e+003,0.000000e+000
3.179132e+003,0.000000e+000
3.179614e+003,0.000000e+000
3.180097e+003,0.000000e+000
3.180579e+003,0.000000e+000
3.181061e+003,0.000000e+000
3.181543e+003,0.000000e+000
3.182025e+003,0.000000e+000
3.182507e+003,0.000000e+000
3.182989e+003,0.000000e+000
3.183472e+003,0.000000e+000
3.183954e+003,0.000000e+000
3.184436e+003,0.000000e+000
3.184918e+003,0.000000e+000
3.185400e+003,0.000000e+000
3.185882e+003,0.000000e+000
3.186364e+003,0.000000e+000
3.186846e+003,0.000000e+000
3.187329e+003,0.000000e+000
3.187811e+003,0.000000e+000
3.188293e+003,0.000000e+000
3.188775e+003,0.000000e+000
3.189257e+003,0.000000e+000
3.189739e+003,0.000000e+000
3.190221e+003,0.000000e+000
3.190704e+003,0.000000e+000
3.191186e+003,0.000000e+000
3.191667e+003,0.000000e+000
3.192150e+003,0.000000e+000
3.192632e+003,0.000000e+000
3.193114e+003,0.000000e+000
3.193596e+003,0.000000e+000
3.194078e+003,0.000000e+000
3.194561e+003,0.000000e+000
3.195042e+003,0.000000e+000
3.195524e+003,0.000000e+000
3.196007e+003,0.000000e+000
3.196489e+003,0.000000e+000
3.196971e+003,0.000000e+000
3.197453e+003,0.000000e+000
3.197935e+003,0.000000e+000
3.198417e+003,0.000000e+000
3.198899e+003,0.000000e+000
3.199382e+003,0.000000e+000
3.199864e+003,0.000000e+000
3.200346e+003,0.000000e+000
3.200828e+003,0.000000e+000
3.201310e+003,0.000000e+000
3.201792e+003,0.000000e+000
3.202274e+003,0.000000e+000
3.202756e+003,0.000000e+000
3.203239e+003,0.000000e+000
3.203721e+003,0.000000e+000
3.204203e+003,0.000000e+000
3.204685e+003,0.000000e+000
3.205167e+003,0.000000e+000
3.205649e+003,0.000000e+000
3.206131e+003,0.000000e+000
3.206613e+003,0.000000e+000
3.207096e+003,0.000000e+000
3.207578e+003,0.000000e+000
3.208060e+003,0.000000e+000
3.208542e+003,0.000000e+000
3.209024e+003,0.000000e+000
3.209506e+003,0.000000e+000
3.209988e+003,0.000000e+000
3.210471e+003,0.000000e+000
3.210953e+003,0.000000e+000
3.211435e+003,0.000000e+000
3.211917e+003,0.000000e+000
3.212399e+003,0.000000e+000
3.212881e+003,0.000000e+000
3.213363e+003,0.000000e+000
3.213845e+003,0.000000e+000
3.214328e+003,0.000000e+000
3.214810e+003,0.000000e+000
3.215292e+003,0.000000e+000
3.215774e+003,0.000000e+000
3.216256e+003,0.000000e+000
3.216738e+003,0.000000e+000
3.217220e+003,0.000000e+000
3.217702e+003,0.000000e+000
3.218185e+003,0.000000e+000
3.218667e+003,0.000000e+000
3.219149e+003,0.000000e+000
3.219631e+003,0.000000e+000
3.220113e+003,0.000000e+000
3.220595e+003,0.000000e+000
3.221077e+003,0.000000e+000
3.221560e+003,0.000000e+000
3.222042e+003,0.000000e+000
3.222523e+003,0.000000e+000
3.223006e+003,0.000000e+000
3.223488e+003,0.000000e+000
3.223970e+003,0.000000e+000
3.224452e+003,0.000000e+000
3.224934e+003,0.000000e+000
3.225417e+003,0.000000e+000
3.225898e+003,0.000000e+000
3.226381e+003,0.000000e+000
3.226863e+003,0.000000e+000
3.227345e+003,0.000000e+000
3.227827e+003,0.000000e+000
3.228309e+003,0.000000e+000
3.228791e+003,0.000000e+000
3.229273e+003,0.000000e+000
3.229755e+003,0.000000e+000
3.230238e+003,0.000000e+000
3.230720e+003,0.000000e+000
3.231202e+003,0.000000e+000
3.231684e+003,0.000000e+000
3.232166e+003,0.000000e+000
3.232648e+003,0.000000e+000
3.233130e+003,0.000000e+000
3.233612e+003,0.000000e+000
3.234095e+003,0.000000e+000
3.234577e+003,0.000000e+000
3.235059e+003,0.000000e+000
3.235541e+003,0.000000e+000
3.236023e+003,0.000000e+000
3.236505e+003,0.000000e+000
3.236987e+003,0.000000e+000
3.237470e+003,0.000000e+000
3.237952e+003,0.000000e+000
3.238434e+003,0.000000e+000
3.238916e+003,0.000000e+000
3.239398e+003,0.000000e+000
3.239880e+003,0.000000e+000
3.240362e+003,0.000000e+000
3.240844e+003,0.000000e+000
3.241327e+003,0.000000e+000
3.241809e+003,0.000000e+000
3.242291e+003,0.000000e+000
3.242773e+003,0.000000e+000
3.243255e+003,0.000000e+000
3.243737e+003,0.000000e+000
3.244219e+003,0.000000e+000
3.244701e+003,0.000000e+000
3.245184e+003,0.000000e+000
3.245666e+003,0.000000e+000
3.246148e+003,0.000000e+000
3.246630e+003,0.000000e+000
3.247112e+003,0.000000e+000
3.247594e+003,0.000000e+000
3.248076e+003,0.000000e+000
3.248559e+003,0.000000e+000
3.249041e+003,0.000000e+000
3.249522e+003,0.000000e+000
3.250005e+003,0.000000e+000
3.250487e+003,0.000000e+000
3.250969e+003,0.000000e+000
3.251451e+003,0.000000e+000
3.251933e+003,0.000000e+000
3.252416e+003,0.000000e+000
3.252897e+003,0.000000e+000
3.253379e+003,0.000000e+000
3.253862e+003,0.000000e+000
3.254344e+003,0.000000e+000
3.254826e+003,0.000000e+000
3.255308e+003,0.000000e+000
3.255790e+003,0.000000e+000
3.256272e+003,0.000000e+000
3.256754e+003,0.000000e+000
3.257237e+003,0.000000e+000
3.257719e+003,0.000000e+000
3.258201e+003,0.000000e+000
3.258683e+003,0.000000e+000
3.259165e+003,0.000000e+000
3.259647e+003,0.000000e+000
3.260129e+003,0.000000e+000
3.260611e+003,0.000000e+000
3.261094e+003,0.000000e+000
3.261576e+003,0.000000e+000
3.262058e+003,0.000000e+000
3.262540e+003,0.000000e+000
3.263022e+003,0.000000e+000
3.263504e+003,0.000000e+000
3.263986e+003,0.000000e+000
3.264468e+003,0.000000e+000
3.264951e+003,0.000000e+000
3.265433e+003,0.000000e+000
3.265915e+003,0.000000e+000
3.266397e+003,0.000000e+000
3.266879e+003,0.000000e+000
3.267361e+003,0.000000e+000
3.267843e+003,0.000000e+000
3.268326e+003,0.000000e+000
3.268808e+003,0.000000e+000
3.269290e+003,0.000000e+000
3.269772e+003,0.000000e+000
3.270254e+003,0.000000e+000
3.270736e+003,0.000000e+000
3.271218e+003,0.000000e+000
3.271700e+003,0.000000e+000
3.272183e+003,0.000000e+000
3.272665e+003,0.000000e+000
3.273147e+003,0.000000e+000
3.273629e+003,0.000000e+000
3.274111e+003,0.000000e+000
3.274593e+003,0.000000e+000
3.275075e+003,0.000000e+000
3.275558e+003,0.000000e+000
3.276040e+003,0.000000e+000
3.276521e+003,0.000000e+000
3.277004e+003,0.000000e+000
3.277486e+003,0.000000e+000
3.277968e+003,0.000000e+000
3.278450e+003,0.000000e+000
3.278932e+003,0.000000e+000
3.279415e+003,0.000000e+000
3.279896e+003,0.000000e+000
3.280378e+003,0.000000e+000
3.280861e+003,0.000000e+000
3.281343e+003,0.000000e+000
3.281825e+003,0.000000e+000
3.282307e+003,0.000000e+000
3.282789e+003,0.000000e+000
3.283271e+003,0.000000e+000
3.283753e+003,0.000000e+000
3.284236e+003,0.000000e+000
3.284718e+003,0.000000e+000
3.285200e+003,0.000000e+000
3.285682e+003,0.000000e+000
3.286164e+003,0.000000e+000
3.286646e+003,0.000000e+000
3.287128e+003,0.000000e+000
3.287610e+003,0.000000e+000
3.288093e+003,0.000000e+000
3.288575e+003,0.000000e+000
3.289057e+003,0.000000e+000
3.289539e+003,0.000000e+000
3.290021e+003,0.000000e+000
3.290503e+003,0.000000e+000
3.290985e+003,0.000000e+000
3.291467e+003,0.000000e+000
3.291950e+003,0.000000e+000
3.292432e+003,0.000000e+000
3.292914e+003,0.000000e+000
3.293396e+003,0.000000e+000
3.293878e+003,0.000000e+000
3.294360e+003,0.000000e+000
3.294842e+003,0.000000e+000
3.295325e+003,0.000000e+000
3.295807e+003,0.000000e+000
3.296289e+003,0.000000e+000
3.296771e+003,0.000000e+000
3.297253e+003,0.000000e+000
3.297735e+003,0.000000e+000
3.298217e+003,0.000000e+000
3.298699e+003,0.000000e+000
3.299182e+003,0.000000e+000
3.299664e+003,0.000000e+000
3.300146e+003,0.000000e+000
3.300628e+003,0.000000e+000
3.301110e+003,0.000000e+000
3.301592e+003,0.000000e+000
3.302074e+003,0.000000e+000
3.302556e+003,0.000000e+000
3.303039e+003,0.000000e+000
3.303521e+003,0.000000e+000
3.304003e+003,0.000000e+000
3.304485e+003,0.000000e+000
3.304967e+003,0.000000e+000
3.305449e+003,0.000000e+000
3.305931e+003,0.000000e+000
3.306414e+003,0.000000e+000
3.306896e+003,0.000000e+000
3.307377e+003,0.000000e+000
3.307860e+003,0.000000e+000
3.308342e+003,0.000000e+000
3.308824e+003,0.000000e+000
3.309306e+003,0.000000e+000
3.309788e+003,0.000000e+000
3.310271e+003,0.000000e+000
3.310752e+003,0.000000e+000
3.311235e+003,0.000000e+000
3.311717e+003,0.000000e+000
3.312199e+003,0.000000e+000
3.312681e+003,0.000000e+000
3.313163e+003,0.000000e+000
3.313645e+003,0.000000e+000
3.314127e+003,0.000000e+000
3.314609e+003,0.000000e+000
3.315092e+003,0.000000e+000
3.315574e+003,0.000000e+000
3.316056e+003,0.000000e+000
3.316538e+003,0.000000e+000
3.317020e+003,0.000000e+000
3.317502e+003,0.000000e+000
3.317984e+003,0.000000e+000
3.318466e+003,0.000000e+000
3.318949e+003,0.000000e+000
3.319431e+003,0.000000e+000
3.319913e+003,0.000000e+000
3.320395e+003,0.000000e+000
3.320877e+003,0.000000e+000
3.321359e+003,0.000000e+000
3.321841e+003,0.000000e+000
3.322324e+003,0.000000e+000
3.322806e+003,0.000000e+000
3.323288e+003,0.000000e+000
3.323770e+003,0.000000e+000
3.324252e+003,0.000000e+000
3.324734e+003,0.000000e+000
3.325216e+003,0.000000e+000
3.325698e+003,0.000000e+000
3.326181e+003,0.000000e+000
3.326663e+003,0.000000e+000
3.327145e+003,0.000000e+000
3.327627e+003,0.000000e+000
3.328109e+003,0.000000e+000
3.328591e+003,0.000000e+000
3.329073e+003,0.000000e+000
3.329555e+003,0.000000e+000
3.330038e+003,0.000000e+000
3.330520e+003,0.000000e+000
3.331002e+003,0.000000e+000
3.331484e+003,0.000000e+000
3.331966e+003,0.000000e+000
3.332448e+003,0.000000e+000
3.332930e+003,0.000000e+000
3.333413e+003,0.000000e+000
3.333895e+003,0.000000e+000
3.334376e+003,0.000000e+000
3.334859e+003,0.000000e+000
3.335341e+003,0.000000e+000
3.335823e+003,0.000000e+000
3.336305e+003,0.000000e+000
3.336787e+003,0.000000e+000
3.337270e+003,0.000000e+000
3.337751e+003,0.000000e+000
3.338233e+003,0.000000e+000
3.338716e+003,0.000000e+000
3.339198e+003,0.000000e+000
3.339680e+003,0.000000e+000
3.340162e+003,0.000000e+000
3.340644e+003,0.000000e+000
3.341126e+003,0.000000e+000
3.341608e+003,0.000000e+000
3.342091e+003,0.000000e+000
3.342573e+003,0.000000e+000
3.343055e+003,0.000000e+000
3.343537e+003,0.000000e+000
3.344019e+003,0.000000e+000
3.344501e+003,0.000000e+000
3.344983e+003,0.000000e+000
3.345465e+003,0.000000e+000
3.345948e+003,0.000000e+000
3.346430e+003,0.000000e+000
3.346912e+003,0.000000e+000
3.347394e+003,0.000000e+000
3.347876e+003,0.000000e+000
3.348358e+003,0.000000e+000
3.348840e+003,0.000000e+000
3.349323e+003,0.000000e+000
3.349805e+003,0.000000e+000
3.350287e+003,0.000000e+000
3.350769e+003,0.000000e+000
3.351251e+003,0.000000e+000
3.351733e+003,0.000000e+000
3.352215e+003,0.000000e+000
3.352697e+003,0.000000e+000
3.353180e+003,0.000000e+000
3.353662e+003,0.000000e+000
3.354144e+003,0.000000e+000
3.354626e+003,0.000000e+000
3.355108e+003,0.000000e+000
3.355590e+003,0.000000e+000
3.356072e+003,0.000000e+000
3.356554e+003,0.000000e+000
3.357037e+003,0.000000e+000
3.357519e+003,0.000000e+000
3.358001e+003,0.000000e+000
3.358483e+003,0.000000e+000
3.358965e+003,0.000000e+000
3.359447e+003,0.000000e+000
3.359929e+003,0.000000e+000
3.360412e+003,0.000000e+000
3.360894e+003,0.000000e+000
3.361375e+003,0.000000e+000
3.361858e+003,0.000000e+000
3.362340e+003,0.000000e+000
3.362822e+003,0.000000e+000
3.363304e+003,0.000000e+000
3.363786e+003,0.000000e+000
3.364269e+003,0.000000e+000
3.364750e+003,0.000000e+000
3.365232e+003,0.000000e+000
3.365715e+003,0.000000e+000
3.366197e+003,0.000000e+000
3.366679e+003,0.000000e+000
3.367161e+003,0.000000e+000
3.367643e+003,0.000000e+000
3.368125e+003,0.000000e+000
3.368607e+003,0.000000e+000
3.369090e+003,0.000000e+000
3.369572e+003,0.000000e+000
3.370054e+003,0.000000e+000
3.370536e+003,0.000000e+000
3.371018e+003,0.000000e+000
3.371500e+003,0.000000e+000
3.371982e+003,0.000000e+000
3.372464e+003,0.000000e+000
3.372947e+003,0.000000e+000
3.373429e+003,0.000000e+000
3.373911e+003,0.000000e+000
3.374393e+003,0.000000e+000
3.374875e+003,0.000000e+000
3.375357e+003,0.000000e+000
3.375839e+003,0.000000e+000
3.376321e+003,0.000000e+000
3.376804e+003,0.000000e+000
3.377286e+003,0.000000e+000
3.377768e+003,0.000000e+000
3.378250e+003,0.000000e+000
3.378732e+003,0.000000e+000
3.379214e+003,0.000000e+000
3.379696e+003,0.000000e+000
3.380179e+003,0.000000e+000
3.380661e+003,0.000000e+000
3.381143e+003,0.000000e+000
3.381625e+003,0.000000e+000
3.382107e+003,0.000000e+000
3.382589e+003,0.000000e+000
3.383071e+003,0.000000e+000
3.383553e+003,0.000000e+000
3.384036e+003,0.000000e+000
3.384518e+003,0.000000e+000
3.385000e+003,0.000000e+000
3.385482e+003,0.000000e+000
3.385964e+003,0.000000e+000
3.386446e+003,0.000000e+000
3.386928e+003,0.000000e+000
3.387410e+003,0.000000e+000
3.387893e+003,0.000000e+000
3.388375e+003,0.000000e+000
3.388857e+003,0.000000e+000
3.389339e+003,0.000000e+000
3.389821e+003,0.000000e+000
3.390303e+003,0.000000e+000
3.390785e+003,0.000000e+000
3.391268e+003,0.000000e+000
3.391750e+003,0.000000e+000
3.392231e+003,0.000000e+000
3.392714e+003,0.000000e+000
3.393196e+003,0.000000e+000
3.393678e+003,0.000000e+000
3.394160e+003,0.000000e+000
3.394642e+003,0.000000e+000
3.395125e+003,0.000000e+000
3.395606e+003,0.000000e+000
3.396089e+003,0.000000e+000
3.396571e+003,0.000000e+000
3.397053e+003,0.000000e+000
3.397535e+003,0.000000e+000
3.398017e+003,0.000000e+000
3.398499e+003,0.000000e+000
3.398981e+003,0.000000e+000
3.399463e+003,0.000000e+000
3.399946e+003,0.000000e+000
3.400428e+003,0.000000e+000
3.400910e+003,0.000000e+000
3.401392e+003,0.000000e+000
3.401874e+003,0.000000e+000
3.402356e+003,0.000000e+000
3.402838e+003,0.000000e+000
3.403320e+003,0.000000e+000
3.403803e+003,0.000000e+000
3.404285e+003,0.000000e+000
3.404767e+003,0.000000e+000
3.405249e+003,0.000000e+000
3.405731e+003,0.000000e+000
3.406213e+003,0.000000e+000
3.406695e+003,0.000000e+000
3.407178e+003,0.000000e+000
3.407660e+003,0.000000e+000
3.408142e+003,0.000000e+000
3.408624e+003,0.000000e+000
3.409106e+003,0.000000e+000
3.409588e+003,0.000000e+000
3.410070e+003,0.000000e+000
3.410552e+003,0.000000e+000
3.411035e+003,0.000000e+000
3.411517e+003,0.000000e+000
3.411999e+003,0.000000e+000
3.412481e+003,0.000000e+000
3.412963e+003,0.000000e+000
3.413445e+003,0.000000e+000
3.413927e+003,0.000000e+000
3.414409e+003,0.000000e+000
3.414892e+003,0.000000e+000
3.415374e+003,0.000000e+000
3.415856e+003,0.000000e+000
3.416338e+003,0.000000e+000
3.416820e+003,0.000000e+000
3.417302e+003,0.000000e+000
3.417784e+003,0.000000e+000
3.418267e+003,0.000000e+000
3.418749e+003,0.000000e+000
3.419230e+003,0.000000e+000
3.419713e+003,0.000000e+000
3.420195e+003,0.000000e+000
3.420677e+003,0.000000e+000
3.421159e+003,0.000000e+000
3.421641e+003,0.000000e+000
3.422124e+003,0.000000e+000
3.422605e+003,0.000000e+000
3.423087e+003,0.000000e+000
3.423570e+003,0.000000e+000
3.424052e+003,0.000000e+000
3.424534e+003,0.000000e+000
3.425016e+003,0.000000e+000
3.425498e+003,0.000000e+000
3.425980e+003,0.000000e+000
3.426462e+003,0.000000e+000
3.426945e+003,0.000000e+000
3.427427e+003,0.000000e+000
3.427909e+003,0.000000e+000
3.428391e+003,0.000000e+000
3.428873e+003,0.000000e+000
3.429355e+003,0.000000e+000
3.429837e+003,0.000000e+000
3.430319e+003,0.000000e+000
3.430802e+003,0.000000e+000
3.431284e+003,0.000000e+000
3.431766e+003,0.000000e+000
3.432248e+003,0.000000e+000
3.432730e+003,0.000000e+000
3.433212e+003,0.000000e+000
3.433694e+003,0.000000e+000
3.434177e+003,0.000000e+000
3.434659e+003,0.000000e+000
3.435141e+003,0.000000e+000
3.435623e+003,0.000000e+000
3.436105e+003,0.000000e+000
3.436587e+003,0.000000e+000
3.437069e+003,0.000000e+000
3.437551e+003,0.000000e+000
3.438034e+003,0.000000e+000
3.438516e+003,0.000000e+000
3.438998e+003,0.000000e+000
3.439480e+003,0.000000e+000
3.439962e+003,0.000000e+000
3.440444e+003,0.000000e+000
3.440926e+003,0.000000e+000
3.441408e+003,0.000000e+000
3.441891e+003,0.000000e+000
3.442373e+003,0.000000e+000
3.442855e+003,0.000000e+000
3.443337e+003,0.000000e+000
3.443819e+003,0.000000e+000
3.444301e+003,0.000000e+000
3.444783e+003,0.000000e+000
3.445266e+003,0.000000e+000
3.445748e+003,0.000000e+000
3.446229e+003,0.000000e+000
3.446712e+003,0.000000e+000
3.447194e+003,0.000000e+000
3.447676e+003,0.000000e+000
3.448158e+003,0.000000e+000
3.448640e+003,0.000000e+000
3.449123e+003,0.000000e+000
3.449604e+003,0.000000e+000
3.450086e+003,0.000000e+000
3.450569e+003,0.000000e+000
3.451051e+003,0.000000e+000
3.451533e+003,0.000000e+000
3.452015e+003,0.000000e+000
3.452497e+003,0.000000e+000
3.452979e+003,0.000000e+000
3.453461e+003,0.000000e+000
3.453944e+003,0.000000e+000
3.454426e+003,0.000000e+000
3.454908e+003,0.000000e+000
3.455390e+003,0.000000e+000
3.455872e+003,0.000000e+000
3.456354e+003,0.000000e+000
3.456836e+003,0.000000e+000
3.457318e+003,0.000000e+000
3.457801e+003,0.000000e+000
3.458283e+003,0.000000e+000
3.458765e+003,0.000000e+000
3.459247e+003,0.000000e+000
3.459729e+003,0.000000e+000
3.460211e+003,0.000000e+000
3.460693e+003,0.000000e+000
3.461175e+003,0.000000e+000
3.461658e+003,0.000000e+000
3.462140e+003,0.000000e+000
3.462622e+003,0.000000e+000
3.463104e+003,0.000000e+000
3.463586e+003,0.000000e+000
3.464068e+003,0.000000e+000
3.464550e+003,0.000000e+000
3.465033e+003,0.000000e+000
3.465515e+003,0.000000e+000
3.465997e+003,0.000000e+000
3.466479e+003,0.000000e+000
3.466961e+003,0.000000e+000
3.467443e+003,0.000000e+000
3.467925e+003,0.000000e+000
3.468407e+003,0.000000e+000
3.468890e+003,0.000000e+000
3.469372e+003,0.000000e+000
3.469854e+003,0.000000e+000
3.470336e+003,0.000000e+000
3.470818e+003,0.000000e+000
3.471300e+003,0.000000e+000
3.471782e+003,0.000000e+000
3.472264e+003,0.000000e+000
3.472747e+003,0.000000e+000
3.473229e+003,0.000000e+000
3.473711e+003,0.000000e+000
3.474193e+003,0.000000e+000
3.474675e+003,0.000000e+000
3.475157e+003,0.000000e+000
3.475639e+003,0.000000e+000
3.476122e+003,0.000000e+000
3.476604e+003,0.000000e+000
3.477085e+003,0.000000e+000
3.477568e+003,0.000000e+000
3.478050e+003,0.000000e+000
3.478532e+003,0.000000e+000
3.479014e+003,0.000000e+000
3.479496e+003,0.000000e+000
3.479979e+003,0.000000e+000
3.480460e+003,0.000000e+000
3.480943e+003,0.000000e+000
3.481425e+003,0.000000e+000
3.481907e+003,0.000000e+000
3.482389e+003,0.000000e+000
3.482871e+003,0.000000e+000
3.483354e+003,0.000000e+000
3.483835e+003,0.000000e+000
3.484317e+003,0.000000e+000
3.484800e+003,0.000000e+000
3.485282e+003,0.000000e+000
3.485764e+003,0.000000e+000
3.486246e+003,0.000000e+000
3.486728e+003,0.000000e+000
3.487210e+003,0.000000e+000
3.487692e+003,0.000000e+000
3.488174e+003,0.000000e+000
3.488657e+003,0.000000e+000
3.489139e+003,0.000000e+000
3.489621e+003,0.000000e+000
3.490103e+003,0.000000e+000
3.490585e+003,0.000000e+000
3.491067e+003,0.000000e+000
3.491549e+003,0.000000e+000
3.492032e+003,0.000000e+000
3.492514e+003,0.000000e+000
3.492996e+003,0.000000e+000
3.493478e+003,0.000000e+000
3.493960e+003,0.000000e+000
3.494442e+003,0.000000e+000
3.494924e+003,0.000000e+000
3.495406e+003,0.000000e+000
3.495889e+003,0.000000e+000
3.496371e+003,0.000000e+000
3.496853e+003,0.000000e+000
3.497335e+003,0.000000e+000
3.497817e+003,0.000000e+000
3.498299e+003,0.000000e+000
3.498781e+003,0.000000e+000
3.499263e+003,0.000000e+000
3.499746e+003,0.000000e+000
3.500228e+003,0.000000e+000
3.500710e+003,0.000000e+000
3.501192e+003,0.000000e+000
3.501674e+003,0.000000e+000
3.502156e+003,0.000000e+000
3.502638e+003,0.000000e+000
3.503121e+003,0.000000e+000
3.503603e+003,0.000000e+000
3.504084e+003,0.000000e+000
3.504567e+003,0.000000e+000
3.505049e+003,0.000000e+000
3.505531e+003,0.000000e+000
3.506013e+003,0.000000e+000
3.506495e+003,0.000000e+000
3.506978e+003,0.000000e+000
3.507459e+003,0.000000e+000
3.507941e+003,0.000000e+000
3.508424e+003,0.000000e+000
3.508906e+003,0.000000e+000
3.509388e+003,0.000000e+000
3.509870e+003,0.000000e+000
3.510352e+003,0.000000e+000
3.510834e+003,0.000000e+000
3.511316e+003,0.000000e+000
3.511799e+003,0.000000e+000
3.512281e+003,0.000000e+000
3.512763e+003,0.000000e+000
3.513245e+003,0.000000e+000
3.513727e+003,0.000000e+000
3.514209e+003,0.000000e+000
3.514691e+003,0.000000e+000
3.515173e+003,0.000000e+000
3.515656e+003,0.000000e+000
3.516138e+003,0.000000e+000
3.516620e+003,0.000000e+000
3.517102e+003,0.000000e+000
3.517584e+003,0.000000e+000
3.518066e+003,0.000000e+000
3.518548e+003,0.000000e+000
3.519031e+003,0.000000e+000
3.519513e+003,0.000000e+000
3.519995e+003,0.000000e+000
3.520477e+003,0.000000e+000
3.520959e+003,0.000000e+000
3.521441e+003,0.000000e+000
3.521923e+003,0.000000e+000
3.522405e+003,0.000000e+000
3.522888e+003,0.000000e+000
3.523370e+003,0.000000e+000
3.523852e+003,0.000000e+000
3.524334e+003,0.000000e+000
3.524816e+003,0.000000e+000
3.525298e+003,0.000000e+000
3.525780e+003,0.000000e+000
3.526262e+003,0.000000e+000
3.526745e+003,0.000000e+000
3.527227e+003,0.000000e+000
3.527709e+003,0.000000e+000
3.528191e+003,0.000000e+000
3.528673e+003,0.000000e+000
3.529155e+003,0.000000e+000
3.529637e+003,0.000000e+000
3.530120e+003,0.000000e+000
3.530602e+003,0.000000e+000
3.531083e+003,0.000000e+000
3.531566e+003,0.000000e+000
3.532048e+003,0.000000e+000
3.532530e+003,0.000000e+000
3.533012e+003,0.000000e+000
3.533494e+003,0.000000e+000
3.533977e+003,0.000000e+000
3.534458e+003,0.000000e+000
3.534940e+003,0.000000e+000
3.535423e+003,0.000000e+000
3.535905e+003,0.000000e+000
3.536387e+003,0.000000e+000
3.536869e+003,0.000000e+000
3.537351e+003,0.000000e+000
3.537833e+003,0.000000e+000
3.538315e+003,0.000000e+000
3.538798e+003,0.000000e+000
3.539280e+003,0.000000e+000
3.539762e+003,0.000000e+000
3.540244e+003,0.000000e+000
3.540726e+003,0.000000e+000
3.541208e+003,0.000000e+000
3.541690e+003,0.000000e+000
3.542172e+003,0.000000e+000
3.542655e+003,0.000000e+000
3.543137e+003,0.000000e+000
3.543619e+003,0.000000e+000
3.544101e+003,0.000000e+000
3.544583e+003,0.000000e+000
3.545065e+003,0.000000e+000
3.545547e+003,0.000000e+000
3.546029e+003,0.000000e+000
3.546512e+003,0.000000e+000
3.546994e+003,0.000000e+000
3.547476e+003,0.000000e+000
3.547958e+003,0.000000e+000
3.548440e+003,0.000000e+000
3.548922e+003,0.000000e+000
3.549404e+003,0.000000e+000
3.549887e+003,0.000000e+000
3.550369e+003,0.000000e+000
3.550851e+003,0.000000e+000
3.551333e+003,0.000000e+000
3.551815e+003,0.000000e+000
3.552297e+003,0.000000e+000
3.552779e+003,0.000000e+000
3.553261e+003,0.000000e+000
3.553744e+003,0.000000e+000
3.554226e+003,0.000000e+000
3.554708e+003,0.000000e+000
3.555190e+003,0.000000e+000
3.555672e+003,0.000000e+000
3.556154e+003,0.000000e+000
3.556636e+003,0.000000e+000
3.557118e+003,0.000000e+000
3.557601e+003,0.000000e+000
3.558083e+003,0.000000e+000
3.558565e+003,0.000000e+000
3.559047e+003,0.000000e+000
3.559529e+003,0.000000e+000
3.560011e+003,0.000000e+000
3.560493e+003,0.000000e+000
3.560976e+003,0.000000e+000
3.561458e+003,0.000000e+000
3.561939e+003,0.000000e+000
3.562422e+003,0.000000e+000
3.562904e+003,0.000000e+000
3.563386e+003,0.000000e+000
3.563868e+003,0.000000e+000
3.564350e+003,0.000000e+000
3.564833e+003,0.000000e+000
3.565314e+003,0.000000e+000
3.565797e+003,0.000000e+000
3.566279e+003,0.000000e+000
3.566761e+003,0.000000e+000
3.567243e+003,0.000000e+000
3.567725e+003,0.000000e+000
3.568208e+003,0.000000e+000
3.568689e+003,0.000000e+000
3.569171e+003,0.000000e+000
3.569654e+003,0.000000e+000
3.570136e+003,0.000000e+000
3.570618e+003,0.000000e+000
3.571100e+003,0.000000e+000
3.571582e+003,0.000000e+000
3.572064e+003,0.000000e+000
3.572546e+003,0.000000e+000
3.573028e+003,0.000000e+000
3.573511e+003,0.000000e+000
3.573993e+003,0.000000e+000
3.574475e+003,0.000000e+000
3.574957e+003,0.000000e+000
3.575439e+003,0.000000e+000
3.575921e+003,0.000000e+000
3.576403e+003,0.000000e+000
3.576886e+003,0.000000e+000
3.577368e+003,0.000000e+000
3.577850e+003,0.000000e+000
3.578332e+003,0.000000e+000
3.578814e+003,0.000000e+000
3.579296e+003,0.000000e+000
3.579778e+003,0.000000e+000
3.580260e+003,0.000000e+000
3.580743e+003,0.000000e+000
3.581225e+003,0.000000e+000
3.581707e+003,0.000000e+000
3.582189e+003,0.000000e+000
3.582671e+003,0.000000e+000
3.583153e+003,0.000000e+000
3.583635e+003,0.000000e+000
3.584117e+003,0.000000e+000
3.584600e+003,0.000000e+000
3.585082e+003,0.000000e+000
3.585564e+003,0.000000e+000
3.586046e+003,0.000000e+000
3.586528e+003,0.000000e+000
3.587010e+003,0.000000e+000
3.587492e+003,0.000000e+000
3.587975e+003,0.000000e+000
3.588457e+003,0.000000e+000
3.588938e+003,0.000000e+000
3.589421e+003,0.000000e+000
3.589903e+003,0.000000e+000
3.590385e+003,0.000000e+000
3.590867e+003,0.000000e+000
3.591349e+003,0.000000e+000
3.591832e+003,0.000000e+000
3.592313e+003,0.000000e+000
3.592796e+003,0.000000e+000
3.593278e+003,0.000000e+000
3.593760e+003,0.000000e+000
3.594242e+003,0.000000e+000
3.594724e+003,0.000000e+000
3.595206e+003,0.000000e+000
3.595688e+003,0.000000e+000
3.596170e+003,0.000000e+000
3.596653e+003,0.000000e+000
3.597135e+003,0.000000e+000
3.597617e+003,0.000000e+000
3.598099e+003,0.000000e+000
3.598581e+003,0.000000e+000
3.599063e+003,0.000000e+000
3.599545e+003,0.000000e+000
3.600027e+003,0.000000e+000
3.600510e+003,0.000000e+000
3.600992e+003,0.000000e+000
3.601474e+003,0.000000e+000
3.601956e+003,0.000000e+000
3.602438e+003,0.000000e+000
3.602920e+003,0.000000e+000
3.603402e+003,0.000000e+000
3.603885e+003,0.000000e+000
3.604367e+003,0.000000e+000
3.604849e+003,0.000000e+000
3.605331e+003,0.000000e+000
3.605813e+003,0.000000e+000
3.606295e+003,0.000000e+000
3.606777e+003,0.000000e+000
3.607259e+003,0.000000e+000
3.607742e+003,0.000000e+000
3.608224e+003,0.000000e+000
3.608706e+003,0.000000e+000
3.609188e+003,0.000000e+000
3.609670e+003,0.000000e+000
3.610152e+003,0.000000e+000
3.610634e+003,0.000000e+000
3.611116e+003,0.000000e+000
3.611599e+003,0.000000e+000
3.612081e+003,0.000000e+000
3.612563e+003,0.000000e+000
3.613045e+003,0.000000e+000
3.613527e+003,0.000000e+000
3.614009e+003,0.000000e+000
3.614491e+003,0.000000e+000
3.614974e+003,0.000000e+000
3.615456e+003,0.000000e+000
3.615938e+003,0.000000e+000
3.616420e+003,0.000000e+000
3.616902e+003,0.000000e+000
3.617384e+003,0.000000e+000
3.617866e+003,0.000000e+000
3.618348e+003,0.000000e+000
3.618831e+003,0.000000e+000
3.619313e+003,0.000000e+000
3.619794e+003,0.000000e+000
3.620277e+003,0.000000e+000
3.620759e+003,0.000000e+000
3.621241e+003,0.000000e+000
3.621723e+003,0.000000e+000
3.622205e+003,0.000000e+000
3.622688e+003,0.000000e+000
3.623169e+003,0.000000e+000
3.623652e+003,0.000000e+000
3.624134e+003,0.000000e+000
3.624616e+003,0.000000e+000
3.625098e+003,0.000000e+000
3.625580e+003,0.000000e+000
3.626063e+003,0.000000e+000
3.626544e+003,0.000000e+000
3.627026e+003,0.000000e+000
3.627509e+003,0.000000e+000
3.627991e+003,0.000000e+000
3.628473e+003,0.000000e+000
3.628955e+003,0.000000e+000
3.629437e+003,0.000000e+000
3.629919e+003,0.000000e+000
3.630401e+003,0.000000e+000
3.630883e+003,0.000000e+000
3.631366e+003,0.000000e+000
3.631848e+003,0.000000e+000
3.632330e+003,0.000000e+000
3.632812e+003,0.000000e+000
3.633294e+003,0.000000e+000
3.633776e+003,0.000000e+000
3.634258e+003,0.000000e+000
3.634741e+003,0.000000e+000
3.635223e+003,0.000000e+000
3.635705e+003,0.000000e+000
3.636187e+003,0.000000e+000
3.636669e+003,0.000000e+000
3.637151e+003,0.000000e+000
3.637633e+003,0.000000e+000
3.638115e+003,0.000000e+000
3.638598e+003,0.000000e+000
3.639080e+003,0.000000e+000
3.639562e+003,0.000000e+000
3.640044e+003,0.000000e+000
3.640526e+003,0.000000e+000
3.641008e+003,0.000000e+000
3.641490e+003,0.000000e+000
3.641972e+003,0.000000e+000
3.642455e+003,0.000000e+000
3.642937e+003,0.000000e+000
3.643419e+003,0.000000e+000
3.643901e+003,0.000000e+000
3.644383e+003,0.000000e+000
3.644865e+003,0.000000e+000
3.645347e+003,0.000000e+000
3.645830e+003,0.000000e+000
3.646312e+003,0.000000e+000
3.646793e+003,0.000000e+000
3.647276e+003,0.000000e+000
3.647758e+003,0.000000e+000
3.648240e+003,0.000000e+000
3.648722e+003,0.000000e+000
3.649204e+003,0.000000e+000
3.649687e+003,0.000000e+000
3.650168e+003,0.000000e+000
3.650651e+003,0.000000e+000
3.651133e+003,0.000000e+000
3.651615e+003,0.000000e+000
3.652097e+003,0.000000e+000
3.652579e+003,0.000000e+000
3.653062e+003,0.000000e+000
3.653543e+003,0.000000e+000
3.654025e+003,0.000000e+000
3.654508e+003,0.000000e+000
3.654990e+003,0.000000e+000
3.655472e+003,0.000000e+000
3.655954e+003,0.000000e+000
3.656436e+003,0.000000e+000
3.656918e+003,0.000000e+000
3.657400e+003,0.000000e+000
3.657882e+003,0.000000e+000
3.658365e+003,0.000000e+000
3.658847e+003,0.000000e+000
3.659329e+003,0.000000e+000
3.659811e+003,0.000000e+000
3.660293e+003,0.000000e+000
3.660775e+003,0.000000e+000
3.661257e+003,0.000000e+000
3.661740e+003,0.000000e+000
3.662222e+003,0.000000e+000
3.662704e+003,0.000000e+000
3.663186e+003,0.000000e+000
3.663668e+003,0.000000e+000
3.664150e+003,0.000000e+000
3.664632e+003,0.000000e+000
3.665114e+003,0.000000e+000
3.665597e+003,0.000000e+000
3.666079e+003,0.000000e+000
3.666561e+003,0.000000e+000
3.667043e+003,0.000000e+000
3.667525e+003,0.000000e+000
3.668007e+003,0.000000e+000
3.668489e+003,0.000000e+000
3.668971e+003,0.000000e+000
3.669454e+003,0.000000e+000
3.669936e+003,0.000000e+000
3.670418e+003,0.000000e+000
3.670900e+003,0.000000e+000
3.671382e+003,0.000000e+000
3.671864e+003,0.000000e+000
3.672346e+003,0.000000e+000
3.672829e+003,0.000000e+000
3.673311e+003,0.000000e+000
3.673792e+003,0.000000e+000
3.674275e+003,0.000000e+000
3.674757e+003,0.000000e+000
3.675239e+003,0.000000e+000
3.675721e+003,0.000000e+000
3.676203e+003,0.000000e+000
3.676686e+003,0.000000e+000
3.677167e+003,0.000000e+000
3.677650e+003,0.000000e+000
3.678132e+003,0.000000e+000
3.678614e+003,0.000000e+000
3.679096e+003,0.000000e+000
3.679578e+003,0.000000e+000
3.680060e+003,0.000000e+000
3.680542e+003,0.000000e+000
3.681024e+003,0.000000e+000
3.681507e+003,0.000000e+000
3.681989e+003,0.000000e+000
3.682471e+003,0.000000e+000
3.682953e+003,0.000000e+000
3.683435e+003,0.000000e+000
3.683917e+003,0.000000e+000
3.684399e+003,0.000000e+000
3.684881e+003,0.000000e+000
3.685364e+003,0.000000e+000
3.685846e+003,0.000000e+000
3.686328e+003,0.000000e+000
3.686810e+003,0.000000e+000
3.687292e+003,0.000000e+000
3.687774e+003,0.000000e+000
3.688256e+003,0.000000e+000
3.688739e+003,0.000000e+000
3.689221e+003,0.000000e+000
3.689703e+003,0.000000e+000
3.690185e+003,0.000000e+000
3.690667e+003,0.000000e+000
3.691149e+003,0.000000e+000
3.691631e+003,0.000000e+000
3.692113e+003,0.000000e+000
3.692596e+003,0.000000e+000
3.693078e+003,0.000000e+000
3.693560e+003,0.000000e+000
3.694042e+003,0.000000e+000
3.694524e+003,0.000000e+000
3.695006e+003,0.000000e+000
3.695488e+003,0.000000e+000
3.695970e+003,0.000000e+000
3.696453e+003,0.000000e+000
3.696935e+003,0.000000e+000
3.697417e+003,0.000000e+000
3.697899e+003,0.000000e+000
3.698381e+003,0.000000e+000
3.698863e+003,0.000000e+000
3.699345e+003,0.000000e+000
3.699828e+003,0.000000e+000
3.700310e+003,0.000000e+000
3.700792e+003,0.000000e+000
3.701274e+003,0.000000e+000
3.701756e+003,0.000000e+000
3.702238e+003,0.000000e+000
3.702720e+003,0.000000e+000
3.703202e+003,0.000000e+000
3.703685e+003,0.000000e+000
3.704167e+003,0.000000e+000
3.704648e+003,0.000000e+000
3.705131e+003,0.000000e+000
3.705613e+003,0.000000e+000
3.706095e+003,0.000000e+000
3.706577e+003,0.000000e+000
3.707059e+003,0.000000e+000
3.707542e+003,0.000000e+000
3.708023e+003,0.000000e+000
3.708506e+003,0.000000e+000
3.708988e+003,0.000000e+000
3.709470e+003,0.000000e+000
3.709952e+003,0.000000e+000
3.710434e+003,0.000000e+000
3.710917e+003,0.000000e+000
3.711398e+003,0.000000e+000
3.711880e+003,0.000000e+000
3.712363e+003,0.000000e+000
3.712845e+003,0.000000e+000
3.713327e+003,0.000000e+000
3.713809e+003,0.000000e+000
3.714291e+003,0.000000e+000
3.714773e+003,0.000000e+000
3.715255e+003,0.000000e+000
3.715737e+003,0.000000e+000
3.716220e+003,0.000000e+000
3.716702e+003,0.000000e+000
3.717184e+003,0.000000e+000
3.717666e+003,0.000000e+000
3.718148e+003,0.000000e+000
3.718630e+003,0.000000e+000
3.719112e+003,0.000000e+000
3.719595e+003,0.000000e+000
3.720077e+003,0.000000e+000
3.720559e+003,0.000000e+000
3.721041e+003,0.000000e+000
3.721523e+003,0.000000e+000
3.722005e+003,0.000000e+000
3.722487e+003,0.000000e+000
3.722969e+003,0.000000e+000
3.723452e+003,0.000000e+000
3.723934e+003,0.000000e+000
3.724416e+003,0.000000e+000
3.724898e+003,0.000000e+000
3.725380e+003,0.000000e+000
3.725862e+003,0.000000e+000
3.726344e+003,0.000000e+000
3.726827e+003,0.000000e+000
3.727309e+003,0.000000e+000
3.727791e+003,0.000000e+000
3.728273e+003,0.000000e+000
3.728755e+003,0.000000e+000
3.729237e+003,0.000000e+000
3.729719e+003,0.000000e+000
3.730201e+003,0.000000e+000
3.730684e+003,0.000000e+000
3.731166e+003,0.000000e+000
3.731647e+003,0.000000e+000
3.732130e+003,0.000000e+000
3.732612e+003,0.000000e+000
3.733094e+003,0.000000e+000
3.733576e+003,0.000000e+000
3.734058e+003,0.000000e+000
3.734541e+003,0.000000e+000
3.735022e+003,0.000000e+000
3.735505e+003,0.000000e+000
3.735987e+003,0.000000e+000
3.736469e+003,0.000000e+000
3.736951e+003,0.000000e+000
3.737433e+003,0.000000e+000
3.737916e+003,0.000000e+000
3.738397e+003,0.000000e+000
3.738879e+003,0.000000e+000
3.739362e+003,0.000000e+000
3.739844e+003,0.000000e+000
3.740326e+003,0.000000e+000
3.740808e+003,0.000000e+000
3.741290e+003,0.000000e+000
3.741772e+003,0.000000e+000
3.742254e+003,0.000000e+000
3.742736e+003,0.000000e+000
3.743219e+003,0.000000e+000
3.743701e+003,0.000000e+000
3.744183e+003,0.000000e+000
3.744665e+003,0.000000e+000
3.745147e+003,0.000000e+000
3.745629e+003,0.000000e+000
3.746111e+003,0.000000e+000
3.746594e+003,0.000000e+000
3.747076e+003,0.000000e+000
3.747558e+003,0.000000e+000
3.748040e+003,0.000000e+000
3.748522e+003,0.000000e+000
3.749004e+003,0.000000e+000
3.749486e+003,0.000000e+000
3.749968e+003,0.000000e+000
3.750451e+003,0.000000e+000
3.750933e+003,0.000000e+000
3.751415e+003,0.000000e+000
3.751897e+003,0.000000e+000
3.752379e+003,0.000000e+000
3.752861e+003,0.000000e+000
3.753343e+003,0.000000e+000
3.753825e+003,0.000000e+000
3.754308e+003,0.000000e+000
3.754790e+003,0.000000e+000
3.755272e+003,0.000000e+000
3.755754e+003,0.000000e+000
3.756236e+003,0.000000e+000
3.756718e+003,0.000000e+000
3.757200e+003,0.000000e+000
3.757683e+003,0.000000e+000
3.758165e+003,0.000000e+000
3.758646e+003,0.000000e+000
3.759129e+003,0.000000e+000
3.759611e+003,0.000000e+000
3.760093e+003,0.000000e+000
3.760575e+003,0.000000e+000
3.761057e+003,0.000000e+000
3.761540e+003,0.000000e+000
3.762021e+003,0.000000e+000
3.762504e+003,0.000000e+000
3.762986e+003,0.000000e+000
3.763468e+003,0.000000e+000
3.763950e+003,0.000000e+000
3.764432e+003,0.000000e+000
3.764914e+003,0.000000e+000
3.765396e+003,0.000000e+000
3.765878e+003,0.000000e+000
3.766361e+003,0.000000e+000
3.766843e+003,0.000000e+000
3.767325e+003,0.000000e+000
3.767807e+003,0.000000e+000
3.768289e+003,0.000000e+000
3.768771e+003,0.000000e+000
3.769253e+003,0.000000e+000
3.769735e+003,0.000000e+000
3.770218e+003,0.000000e+000
3.770700e+003,0.000000e+000
3.771182e+003,0.000000e+000
3.771664e+003,0.000000e+000
3.772146e+003,0.000000e+000
3.772628e+003,0.000000e+000
3.773110e+003,0.000000e+000
3.773593e+003,0.000000e+000
3.774075e+003,0.000000e+000
3.774557e+003,0.000000e+000
3.775039e+003,0.000000e+000
3.775521e+003,0.000000e+000
3.776003e+003,0.000000e+000
3.776485e+003,0.000000e+000
3.776967e+003,0.000000e+000
3.777450e+003,0.000000e+000
3.777932e+003,0.000000e+000
3.778414e+003,0.000000e+000
3.778896e+003,0.000000e+000
3.779378e+003,0.000000e+000
3.779860e+003,0.000000e+000
3.780342e+003,0.000000e+000
3.780824e+003,0.000000e+000
3.781307e+003,0.000000e+000
3.781789e+003,0.000000e+000
3.782271e+003,0.000000e+000
3.782753e+003,0.000000e+000
3.783235e+003,0.000000e+000
3.783717e+003,0.000000e+000
3.784199e+003,0.000000e+000
3.784682e+003,0.000000e+000
3.785164e+003,0.000000e+000
3.785646e+003,0.000000e+000
3.786128e+003,0.000000e+000
3.786610e+003,0.000000e+000
3.787092e+003,0.000000e+000
3.787574e+003,0.000000e+000
3.788056e+003,0.000000e+000
3.788539e+003,0.000000e+000
3.789021e+003,0.000000e+000
3.789502e+003,0.000000e+000
3.789985e+003,0.000000e+000
3.790467e+003,0.000000e+000
3.790949e+003,0.000000e+000
3.791431e+003,0.000000e+000
3.791913e+003,0.000000e+000
3.792396e+003,0.000000e+000
3.792877e+003,0.000000e+000
3.793360e+003,0.000000e+000
3.793842e+003,0.000000e+000
3.794324e+003,0.000000e+000
3.794806e+003,0.000000e+000
3.795288e+003,0.000000e+000
3.795771e+003,0.000000e+000
3.796252e+003,0.000000e+000
3.796734e+003,0.000000e+000
3.797217e+003,0.000000e+000
3.797699e+003,0.000000e+000
3.798181e+003,0.000000e+000
3.798663e+003,0.000000e+000
3.799145e+003,0.000000e+000
3.799627e+003,0.000000e+000
3.800109e+003,0.000000e+000
3.800591e+003,0.000000e+000
3.801074e+003,0.000000e+000
3.801556e+003,0.000000e+000
3.802038e+003,0.000000e+000
3.802520e+003,0.000000e+000
3.803002e+003,0.000000e+000
3.803484e+003,0.000000e+000
3.803966e+003,0.000000e+000
3.804449e+003,0.000000e+000
3.804931e+003,0.000000e+000
3.805413e+003,0.000000e+000
3.805895e+003,0.000000e+000
3.806377e+003,0.000000e+000
3.806859e+003,0.000000e+000
3.807341e+003,0.000000e+000
3.807823e+003,0.000000e+000
3.808306e+003,0.000000e+000
3.808788e+003,0.000000e+000
3.809270e+003,0.000000e+000
3.809752e+003,0.000000e+000
3.810234e+003,0.000000e+000
3.810716e+003,0.000000e+000
3.811198e+003,0.000000e+000
3.811681e+003,0.000000e+000
3.812163e+003,0.000000e+000
3.812645e+003,0.000000e+000
3.813127e+003,0.000000e+000
3.813609e+003,0.000000e+000
3.814091e+003,0.000000e+000
3.814573e+003,0.000000e+000
3.815055e+003,0.000000e+000
3.815538e+003,0.000000e+000
3.816020e+003,0.000000e+000
3.816501e+003,0.000000e+000
3.816984e+003,0.000000e+000
3.817466e+003,0.000000e+000
3.817948e+003,0.000000e+000
3.818430e+003,0.000000e+000
3.818912e+003,0.000000e+000
3.819395e+003,0.000000e+000
3.819876e+003,0.000000e+000
3.820359e+003,0.000000e+000
3.820841e+003,0.000000e+000
3.821323e+003,0.000000e+000
3.821805e+003,0.000000e+000
3.822287e+003,0.000000e+000
3.822770e+003,0.000000e+000
3.823251e+003,0.000000e+000
3.823733e+003,0.000000e+000
3.824216e+003,0.000000e+000
3.824698e+003,0.000000e+000
3.825180e+003,0.000000e+000
3.825662e+003,0.000000e+000
3.826144e+003,0.000000e+000
3.826626e+003,0.000000e+000
3.827108e+003,0.000000e+000
3.827590e+003,0.000000e+000
3.828073e+003,0.000000e+000
3.828555e+003,0.000000e+000
3.829037e+003,0.000000e+000
3.829519e+003,0.000000e+000
3.830001e+003,0.000000e+000
3.830483e+003,0.000000e+000
3.830965e+003,0.000000e+000
3.831448e+003,0.000000e+000
3.831930e+003,0.000000e+000
3.832412e+003,0.000000e+000
3.832894e+003,0.000000e+000
3.833376e+003,0.000000e+000
3.833858e+003,0.000000e+000
3.834340e+003,0.000000e+000
3.834822e+003,0.000000e+000
3.835305e+003,0.000000e+000
3.835787e+003,0.000000e+000
3.836269e+003,0.000000e+000
3.836751e+003,0.000000e+000
3.837233e+003,0.000000e+000
3.837715e+003,0.000000e+000
3.838197e+003,0.000000e+000
3.838679e+003,0.000000e+000
3.839162e+003,0.000000e+000
3.839644e+003,0.000000e+000
3.840126e+003,0.000000e+000
3.840608e+003,0.000000e+000
3.841090e+003,0.000000e+000
3.841572e+003,0.000000e+000
3.842054e+003,0.000000e+000
3.842537e+003,0.000000e+000
3.843019e+003,0.000000e+000
3.843500e+003,0.000000e+000
3.843983e+003,0.000000e+000
3.844465e+003,0.000000e+000
3.844947e+003,0.000000e+000
3.845429e+003,0.000000e+000
3.845911e+003,0.000000e+000
3.846394e+003,0.000000e+000
3.846875e+003,0.000000e+000
3.847358e+003,0.000000e+000
3.847840e+003,0.000000e+000
3.848322e+003,0.000000e+000
3.848804e+003,0.000000e+000
3.849286e+003,0.000000e+000
3.849768e+003,0.000000e+000
3.850250e+003,0.000000e+000
3.850732e+003,0.000000e+000
3.851215e+003,0.000000e+000
3.851697e+003,0.000000e+000
3.852179e+003,0.000000e+000
3.852661e+003,0.000000e+000
3.853143e+003,0.000000e+000
3.853625e+003,0.000000e+000
3.854107e+003,0.000000e+000
3.854589e+003,0.000000e+000
3.855072e+003,0.000000e+000
3.855554e+003,0.000000e+000
3.856036e+003,0.000000e+000
3.856518e+003,0.000000e+000
3.857000e+003,0.000000e+000
3.857482e+003,0.000000e+000
3.857964e+003,0.000000e+000
3.858447e+003,0.000000e+000
3.858929e+003,0.000000e+000
3.859411e+003,0.000000e+000
3.859893e+003,0.000000e+000
3.860375e+003,0.000000e+000
3.860857e+003,0.000000e+000
3.861339e+003,0.000000e+000
3.861821e+003,0.000000e+000
3.862304e+003,0.000000e+000
3.862786e+003,0.000000e+000
3.863268e+003,0.000000e+000
3.863750e+003,0.000000e+000
3.864232e+003,0.000000e+000
3.864714e+003,0.000000e+000
3.865196e+003,0.000000e+000
3.865678e+003,0.000000e+000
3.866161e+003,0.000000e+000
3.866643e+003,0.000000e+000
3.867125e+003,0.000000e+000
3.867607e+003,0.000000e+000
3.868089e+003,0.000000e+000
3.868571e+003,0.000000e+000
3.869053e+003,0.000000e+000
3.869536e+003,0.000000e+000
3.870018e+003,0.000000e+000
3.870500e+003,0.000000e+000
3.870982e+003,0.000000e+000
3.871464e+003,0.000000e+000
3.871946e+003,0.000000e+000
3.872428e+003,0.000000e+000
3.872910e+003,0.000000e+000
3.873393e+003,0.000000e+000
3.873875e+003,0.000000e+000
3.874356e+003,0.000000e+000
3.874839e+003,0.000000e+000
3.875321e+003,0.000000e+000
3.875803e+003,0.000000e+000
3.876285e+003,0.000000e+000
3.876767e+003,0.000000e+000
3.877250e+003,0.000000e+000
3.877731e+003,0.000000e+000
3.878214e+003,0.000000e+000
3.878696e+003,0.000000e+000
3.879178e+003,0.000000e+000
3.879660e+003,0.000000e+000
3.880142e+003,0.000000e+000
3.880625e+003,0.000000e+000
3.881106e+003,0.000000e+000
3.881588e+003,0.000000e+000
3.882071e+003,0.000000e+000
3.882553e+003,0.000000e+000
3.883035e+003,0.000000e+000
3.883517e+003,0.000000e+000
3.883999e+003,0.000000e+000
3.884481e+003,0.000000e+000
3.884963e+003,0.000000e+000
3.885446e+003,0.000000e+000
3.885928e+003,0.000000e+000
3.886410e+003,0.000000e+000
3.886892e+003,0.000000e+000
3.887374e+003,0.000000e+000
3.887856e+003,0.000000e+000
3.888338e+003,0.000000e+000
3.888820e+003,0.000000e+000
3.889303e+003,0.000000e+000
3.889785e+003,0.000000e+000
3.890267e+003,0.000000e+000
3.890749e+003,0.000000e+000
3.891231e+003,0.000000e+000
3.891713e+003,0.000000e+000
3.892195e+003,0.000000e+000
3.892677e+003,0.000000e+000
3.893160e+003,0.000000e+000
3.893642e+003,0.000000e+000
3.894124e+003,0.000000e+000
3.894606e+003,0.000000e+000
3.895088e+003,0.000000e+000
3.895570e+003,0.000000e+000
3.896052e+003,0.000000e+000
3.896535e+003,0.000000e+000
3.897017e+003,0.000000e+000
3.897499e+003,0.000000e+000
3.897981e+003,0.000000e+000
3.898463e+003,0.000000e+000
3.898945e+003,0.000000e+000
3.899427e+003,0.000000e+000
3.899909e+003,0.000000e+000
3.900392e+003,0.000000e+000
3.900874e+003,0.000000e+000
3.901355e+003,0.000000e+000
3.901838e+003,0.000000e+000
3.902320e+003,0.000000e+000
3.902802e+003,0.000000e+000
3.903284e+003,0.000000e+000
3.903766e+003,0.000000e+000
3.904249e+003,0.000000e+000
3.904730e+003,0.000000e+000
3.905213e+003,0.000000e+000
3.905695e+003,0.000000e+000
3.906177e+003,0.000000e+000
3.906659e+003,0.000000e+000
3.907141e+003,0.000000e+000
3.907624e+003,0.000000e+000
3.908105e+003,0.000000e+000
3.908587e+003,0.000000e+000
3.909070e+003,0.000000e+000
3.909552e+003,0.000000e+000
3.910034e+003,0.000000e+000
3.910516e+003,0.000000e+000
3.910998e+003,0.000000e+000
3.911480e+003,0.000000e+000
3.911962e+003,0.000000e+000
3.912444e+003,0.000000e+000
3.912927e+003,0.000000e+000
3.913409e+003,0.000000e+000
3.913891e+003,0.000000e+000
3.914373e+003,0.000000e+000
3.914855e+003,0.000000e+000
3.915337e+003,0.000000e+000
3.915819e+003,0.000000e+000
3.916302e+003,0.000000e+000
3.916784e+003,0.000000e+000
3.917266e+003,0.000000e+000
3.917748e+003,0.000000e+000
3.918230e+003,0.000000e+000
3.918712e+003,0.000000e+000
3.919194e+003,0.000000e+000
3.919676e+003,0.000000e+000
3.920159e+003,0.000000e+000
3.920641e+003,0.000000e+000
3.921123e+003,0.000000e+000
3.921605e+003,0.000000e+000
3.922087e+003,0.000000e+000
3.922569e+003,0.000000e+000
3.923051e+003,0.000000e+000
3.923533e+003,0.000000e+000
3.924016e+003,0.000000e+000
3.924498e+003,0.000000e+000
3.924980e+003,0.000000e+000
3.925462e+003,0.000000e+000
3.925944e+003,0.000000e+000
3.926426e+003,0.000000e+000
3.926908e+003,0.000000e+000
3.927391e+003,0.000000e+000
3.927873e+003,0.000000e+000
3.928354e+003,0.000000e+000
3.928837e+003,0.000000e+000
3.929319e+003,0.000000e+000
3.929801e+003,0.000000e+000
3.930283e+003,0.000000e+000
3.930765e+003,0.000000e+000
3.931248e+003,0.000000e+000
3.931729e+003,0.000000e+000
3.932212e+003,0.000000e+000
3.932694e+003,0.000000e+000
3.933176e+003,0.000000e+000
3.933658e+003,0.000000e+000
3.934140e+003,0.000000e+000
3.934622e+003,0.000000e+000
3.935104e+003,0.000000e+000
3.935586e+003,0.000000e+000
3.936069e+003,0.000000e+000
3.936551e+003,0.000000e+000
3.937033e+003,0.000000e+000
3.937515e+003,0.000000e+000
3.937997e+003,0.000000e+000
3.938479e+003,0.000000e+000
3.938961e+003,0.000000e+000
3.939443e+003,0.000000e+000
3.939926e+003,0.000000e+000
3.940408e+003,0.000000e+000
3.940890e+003,0.000000e+000
3.941372e+003,0.000000e+000
3.941854e+003,0.000000e+000
3.942336e+003,0.000000e+000
3.942818e+003,0.000000e+000
3.943301e+003,0.000000e+000
3.943783e+003,0.000000e+000
3.944265e+003,0.000000e+000
3.944747e+003,0.000000e+000
3.945229e+003,0.000000e+000
3.945711e+003,0.000000e+000
3.946193e+003,0.000000e+000
3.946675e+003,0.000000e+000
3.947158e+003,0.000000e+000
3.947640e+003,0.000000e+000
3.948122e+003,0.000000e+000
3.948604e+003,0.000000e+000
3.949086e+003,0.000000e+000
3.949568e+003,0.000000e+000
3.950050e+003,0.000000e+000
3.950532e+003,0.000000e+000
3.951015e+003,0.000000e+000
3.951497e+003,0.000000e+000
3.951979e+003,0.000000e+000
3.952461e+003,0.000000e+000
3.952943e+003,0.000000e+000
3.953425e+003,0.000000e+000
3.953907e+003,0.000000e+000
3.954390e+003,0.000000e+000
3.954872e+003,0.000000e+000
3.955354e+003,0.000000e+000
3.955836e+003,0.000000e+000
3.956318e+003,0.000000e+000
3.956800e+003,0.000000e+000
3.957282e+003,0.000000e+000
3.957764e+003,0.000000e+000
3.958247e+003,0.000000e+000
3.958729e+003,0.000000e+000
3.959210e+003,0.000000e+000
3.959693e+003,0.000000e+000
3.960175e+003,0.000000e+000
3.960657e+003,0.000000e+000
3.961139e+003,0.000000e+000
3.961621e+003,0.000000e+000
3.962104e+003,0.000000e+000
3.962585e+003,0.000000e+000
3.963068e+003,0.000000e+000
3.963550e+003,0.000000e+000
3.964032e+003,0.000000e+000
3.964514e+003,0.000000e+000
3.964996e+003,0.000000e+000
3.965479e+003,0.000000e+000
3.965960e+003,0.000000e+000
3.966442e+003,0.000000e+000
3.966925e+003,0.000000e+000
3.967407e+003,0.000000e+000
3.967889e+003,0.000000e+000
3.968371e+003,0.000000e+000
3.968853e+003,0.000000e+000
3.969335e+003,0.000000e+000
3.969817e+003,0.000000e+000
3.970300e+003,0.000000e+000
3.970782e+003,0.000000e+000
3.971264e+003,0.000000e+000
3.971746e+003,0.000000e+000
3.972228e+003,0.000000e+000
3.972710e+003,0.000000e+000
3.973192e+003,0.000000e+000
3.973674e+003,0.000000e+000
3.974157e+003,0.000000e+000
3.974639e+003,0.000000e+000
3.975121e+003,0.000000e+000
3.975603e+003,0.000000e+000
3.976085e+003,0.000000e+000
3.976567e+003,0.000000e+000
3.977049e+003,0.000000e+000
3.977531e+003,0.000000e+000
3.978014e+003,0.000000e+000
3.978496e+003,0.000000e+000
3.978978e+003,0.000000e+000
3.979460e+003,0.000000e+000
3.979942e+003,0.000000e+000
3.980424e+003,0.000000e+000
3.980906e+003,0.000000e+000
3.981389e+003,0.000000e+000
3.981871e+003,0.000000e+000
3.982353e+003,0.000000e+000
3.982835e+003,0.000000e+000
3.983317e+003,0.000000e+000
3.983799e+003,0.000000e+000
3.984281e+003,0.000000e+000
3.984763e+003,0.000000e+000
3.985246e+003,0.000000e+000
3.985728e+003,0.000000e+000
3.986209e+003,0.000000e+000
3.986692e+003,0.000000e+000
3.987174e+003,0.000000e+000
3.987656e+003,0.000000e+000
3.988138e+003,0.000000e+000
3.988620e+003,0.000000e+000
3.989103e+003,0.000000e+000
3.989584e+003,0.000000e+000
3.990067e+003,0.000000e+000
3.990549e+003,0.000000e+000
3.991031e+003,0.000000e+000
3.991513e+003,0.000000e+000
3.991995e+003,0.000000e+000
3.992478e+003,0.000000e+000
3.992959e+003,0.000000e+000
3.993441e+003,0.000000e+000
3.993924e+003,0.000000e+000
3.994406e+003,0.000000e+000
3.994888e+003,0.000000e+000
3.995370e+003,0.000000e+000
3.995852e+003,0.000000e+000
3.996334e+003,0.000000e+000
3.996816e+003,0.000000e+000
3.997298e+003,0.000000e+000
3.997781e+003,0.000000e+000
3.998263e+003,0.000000e+000
3.998745e+003,0.000000e+000
3.999227e+003,0.000000e+000
3.999709e+003,0.000000e+000
4.000191e+003,0.000000e+000
4.000673e+003,0.000000e+000
4.001156e+003,0.000000e+000
4.001638e+003,0.000000e+000
4.002120e+003,0.000000e+000
4.002602e+003,0.000000e+000
4.003084e+003,0.000000e+000
4.003566e+003,0.000000e+000
4.004048e+003,0.000000e+000
4.004530e+003,0.000000e+000
4.005013e+003,0.000000e+000
4.005495e+003,0.000000e+000
4.005977e+003,0.000000e+000
4.006459e+003,0.000000e+000
4.006941e+003,0.000000e+000
4.007423e+003,0.000000e+000
4.007905e+003,0.000000e+000
4.008387e+003,0.000000e+000
4.008870e+003,0.000000e+000
4.009352e+003,0.000000e+000
4.009834e+003,0.000000e+000
4.010316e+003,0.000000e+000
4.010798e+003,0.000000e+000
4.011280e+003,0.000000e+000
4.011762e+003,0.000000e+000
4.012245e+003,0.000000e+000
4.012727e+003,0.000000e+000
4.013208e+003,0.000000e+000
4.013691e+003,0.000000e+000
4.014173e+003,0.000000e+000
4.014655e+003,0.000000e+000
4.015137e+003,0.000000e+000
4.015619e+003,0.000000e+000
4.016102e+003,0.000000e+000
4.016583e+003,0.000000e+000
4.017066e+003,0.000000e+000
4.017548e+003,0.000000e+000
4.018030e+003,0.000000e+000
4.018512e+003,0.000000e+000
4.018994e+003,0.000000e+000
4.019477e+003,0.000000e+000
4.019958e+003,0.000000e+000
4.020440e+003,0.000000e+000
4.020923e+003,0.000000e+000
4.021405e+003,0.000000e+000
4.021887e+003,0.000000e+000
4.022369e+003,0.000000e+000
4.022851e+003,0.000000e+000
4.023333e+003,0.000000e+000
4.023815e+003,0.000000e+000
4.024297e+003,0.000000e+000
4.024780e+003,0.000000e+000
4.025262e+003,0.000000e+000
4.025744e+003,0.000000e+000
4.026226e+003,0.000000e+000
4.026708e+003,0.000000e+000
4.027190e+003,0.000000e+000
4.027672e+003,0.000000e+000
4.028155e+003,0.000000e+000
4.028637e+003,0.000000e+000
4.029119e+003,0.000000e+000
4.029601e+003,0.000000e+000
4.030083e+003,0.000000e+000
4.030565e+003,0.000000e+000
4.031047e+003,0.000000e+000
4.031529e+003,0.000000e+000
4.032012e+003,0.000000e+000
4.032494e+003,0.000000e+000
4.032976e+003,0.000000e+000
4.033458e+003,0.000000e+000
4.033940e+003,0.000000e+000
4.034422e+003,0.000000e+000
4.034904e+003,0.000000e+000
4.035386e+003,0.000000e+000
4.035869e+003,0.000000e+000
4.036351e+003,0.000000e+000
4.036833e+003,0.000000e+000
4.037315e+003,0.000000e+000
4.037797e+003,0.000000e+000
4.038279e+003,0.000000e+000
4.038761e+003,0.000000e+000
4.039244e+003,0.000000e+000
4.039726e+003,0.000000e+000
4.040208e+003,0.000000e+000
4.040690e+003,0.000000e+000
4.041172e+003,0.000000e+000
4.041654e+003,0.000000e+000
4.042136e+003,0.000000e+000
4.042618e+003,0.000000e+000
4.043101e+003,0.000000e+000
4.043583e+003,0.000000e+000
4.044065e+003,0.000000e+000
4.044547e+003,0.000000e+000
4.045029e+003,0.000000e+000
4.045511e+003,0.000000e+000
4.045993e+003,0.000000e+000
4.046475e+003,0.000000e+000
4.046958e+003,0.000000e+000
4.047439e+003,0.000000e+000
4.047922e+003,0.000000e+000
4.048404e+003,0.000000e+000
4.048886e+003,0.000000e+000
4.049368e+003,0.000000e+000
4.049850e+003,0.000000e+000
4.050333e+003,0.000000e+000
4.050814e+003,0.000000e+000
4.051296e+003,0.000000e+000
4.051779e+003,0.000000e+000
4.052261e+003,0.000000e+000
4.052743e+003,0.000000e+000
4.053225e+003,0.000000e+000
4.053707e+003,0.000000e+000
4.054189e+003,0.000000e+000
4.054671e+003,0.000000e+000
4.055154e+003,0.000000e+000
4.055636e+003,0.000000e+000
4.056118e+003,0.000000e+000
4.056600e+003,0.000000e+000
4.057082e+003,0.000000e+000
4.057564e+003,0.000000e+000
4.058046e+003,0.000000e+000
4.058528e+003,0.000000e+000
4.059011e+003,0.000000e+000
4.059493e+003,0.000000e+000
4.059975e+003,0.000000e+000
4.060457e+003,0.000000e+000
4.060939e+003,0.000000e+000
4.061421e+003,0.000000e+000
4.061903e+003,0.000000e+000
4.062385e+003,0.000000e+000
4.062868e+003,0.000000e+000
4.063350e+003,0.000000e+000
4.063832e+003,0.000000e+000
4.064314e+003,0.000000e+000
4.064796e+003,0.000000e+000
4.065278e+003,0.000000e+000
4.065760e+003,0.000000e+000
4.066243e+003,0.000000e+000
4.066725e+003,0.000000e+000
4.067207e+003,0.000000e+000
4.067689e+003,0.000000e+000
4.068171e+003,0.000000e+000
4.068653e+003,0.000000e+000
4.069135e+003,0.000000e+000
4.069617e+003,0.000000e+000
4.070100e+003,0.000000e+000
4.070582e+003,0.000000e+000
4.071063e+003,0.000000e+000
4.071546e+003,0.000000e+000
4.072028e+003,0.000000e+000
4.072510e+003,0.000000e+000
4.072992e+003,0.000000e+000
4.073474e+003,0.000000e+000
4.073957e+003,0.000000e+000
4.074438e+003,0.000000e+000
4.074921e+003,0.000000e+000
4.075403e+003,0.000000e+000
4.075885e+003,0.000000e+000
4.076367e+003,0.000000e+000
4.076849e+003,0.000000e+000
4.077332e+003,0.000000e+000
4.077813e+003,0.000000e+000
4.078295e+003,0.000000e+000
4.078778e+003,0.000000e+000
4.079260e+003,0.000000e+000
4.079742e+003,0.000000e+000
4.080224e+003,0.000000e+000
4.080706e+003,0.000000e+000
4.081188e+003,0.000000e+000
4.081670e+003,0.000000e+000
4.082152e+003,0.000000e+000
4.082635e+003,0.000000e+000
4.083117e+003,0.000000e+000
4.083599e+003,0.000000e+000
4.084081e+003,0.000000e+000
4.084563e+003,0.000000e+000
4.085045e+003,0.000000e+000
4.085527e+003,0.000000e+000
4.086010e+003,0.000000e+000
4.086492e+003,0.000000e+000
4.086974e+003,0.000000e+000
4.087456e+003,0.000000e+000
4.087938e+003,0.000000e+000
4.088420e+003,0.000000e+000
4.088902e+003,0.000000e+000
4.089384e+003,0.000000e+000
4.089867e+003,0.000000e+000
4.090349e+003,0.000000e+000
4.090831e+003,0.000000e+000
4.091313e+003,0.000000e+000
4.091795e+003,0.000000e+000
4.092277e+003,0.000000e+000
4.092759e+003,0.000000e+000
4.093241e+003,0.000000e+000
4.093724e+003,0.000000e+000
4.094206e+003,0.000000e+000
4.094688e+003,0.000000e+000
4.095170e+003,0.000000e+000
4.095652e+003,0.000000e+000
4.096134e+003,0.000000e+000
4.096616e+003,0.000000e+000
4.097099e+003,0.000000e+000
4.097581e+003,0.000000e+000
4.098063e+003,0.000000e+000
4.098545e+003,0.000000e+000
4.099027e+003,0.000000e+000
4.099509e+003,0.000000e+000
4.099991e+003,0.000000e+000
4.100473e+003,0.000000e+000
4.100956e+003,0.000000e+000
4.101438e+003,0.000000e+000
4.101920e+003,0.000000e+000
4.102402e+003,0.000000e+000
4.102884e+003,0.000000e+000
4.103366e+003,0.000000e+000
4.103848e+003,0.000000e+000
4.104331e+003,0.000000e+000
4.104813e+003,0.000000e+000
4.105294e+003,0.000000e+000
4.105777e+003,0.000000e+000
4.106259e+003,0.000000e+000
4.106741e+003,0.000000e+000
4.107223e+003,0.000000e+000
4.107705e+003,0.000000e+000
4.108188e+003,0.000000e+000
4.108669e+003,0.000000e+000
4.109151e+003,0.000000e+000
4.109634e+003,0.000000e+000
4.110116e+003,0.000000e+000
4.110598e+003,0.000000e+000
4.111080e+003,0.000000e+000
4.111562e+003,0.000000e+000
4.112044e+003,0.000000e+000
4.112526e+003,0.000000e+000
4.113009e+003,0.000000e+000
4.113491e+003,0.000000e+000
4.113973e+003,0.000000e+000
4.114455e+003,0.000000e+000
4.114937e+003,0.000000e+000
4.115419e+003,0.000000e+000
4.115901e+003,0.000000e+000
4.116383e+003,0.000000e+000
4.116866e+003,0.000000e+000
4.117348e+003,0.000000e+000
4.117830e+003,0.000000e+000
4.118312e+003,0.000000e+000
4.118794e+003,0.000000e+000
4.119276e+003,0.000000e+000
4.119758e+003,0.000000e+000
4.120240e+003,0.000000e+000
4.120723e+003,0.000000e+000
4.121205e+003,0.000000e+000
4.121687e+003,0.000000e+000
4.122169e+003,0.000000e+000
4.122651e+003,0.000000e+000
4.123133e+003,0.000000e+000
4.123615e+003,0.000000e+000
4.124098e+003,0.000000e+000
4.124580e+003,0.000000e+000
4.125062e+003,0.000000e+000
4.125544e+003,0.000000e+000
4.126026e+003,0.000000e+000
4.126508e+003,0.000000e+000
4.126990e+003,0.000000e+000
4.127472e+003,0.000000e+000
4.127955e+003,0.000000e+000
4.128437e+003,0.000000e+000
4.128919e+003,0.000000e+000
4.129401e+003,0.000000e+000
4.129883e+003,0.000000e+000
4.130365e+003,0.000000e+000
4.130847e+003,0.000000e+000
4.131329e+003,0.000000e+000
4.131812e+003,0.000000e+000
4.132293e+003,0.000000e+000
4.132776e+003,0.000000e+000
4.133258e+003,0.000000e+000
4.133740e+003,0.000000e+000
4.134222e+003,0.000000e+000
4.134704e+003,0.000000e+000
4.135187e+003,0.000000e+000
4.135668e+003,0.000000e+000
4.136150e+003,0.000000e+000
4.136633e+003,0.000000e+000
4.137115e+003,0.000000e+000
4.137597e+003,0.000000e+000
4.138079e+003,0.000000e+000
4.138561e+003,0.000000e+000
4.139043e+003,0.000000e+000
4.139525e+003,0.000000e+000
4.140008e+003,0.000000e+000
4.140490e+003,0.000000e+000
4.140972e+003,0.000000e+000
4.141454e+003,0.000000e+000
4.141936e+003,0.000000e+000
4.142418e+003,0.000000e+000
4.142900e+003,0.000000e+000
4.143382e+003,0.000000e+000
4.143865e+003,0.000000e+000
4.144347e+003,0.000000e+000
4.144829e+003,0.000000e+000
4.145311e+003,0.000000e+000
4.145793e+003,0.000000e+000
4.146275e+003,0.000000e+000
4.146757e+003,0.000000e+000
4.147239e+003,0.000000e+000
4.147722e+003,0.000000e+000
4.148204e+003,0.000000e+000
4.148686e+003,0.000000e+000
4.149168e+003,0.000000e+000
4.149650e+003,0.000000e+000
4.150132e+003,0.000000e+000
4.150614e+003,0.000000e+000
4.151097e+003,0.000000e+000
4.151579e+003,0.000000e+000
4.152061e+003,0.000000e+000
4.152543e+003,0.000000e+000
4.153025e+003,0.000000e+000
4.153507e+003,0.000000e+000
4.153989e+003,0.000000e+000
4.154471e+003,0.000000e+000
4.154954e+003,0.000000e+000
4.155436e+003,0.000000e+000
4.155917e+003,0.000000e+000
4.156400e+003,0.000000e+000
4.156882e+003,0.000000e+000
4.157364e+003,0.000000e+000
4.157846e+003,0.000000e+000
4.158328e+003,0.000000e+000
4.158811e+003,0.000000e+000
4.159292e+003,0.000000e+000
4.159775e+003,0.000000e+000
4.160257e+003,0.000000e+000
4.160739e+003,0.000000e+000
4.161221e+003,0.000000e+000
4.161703e+003,0.000000e+000
4.162186e+003,0.000000e+000
4.162667e+003,0.000000e+000
4.163149e+003,0.000000e+000
4.163632e+003,0.000000e+000
4.164114e+003,0.000000e+000
4.164596e+003,0.000000e+000
4.165078e+003,0.000000e+000
4.165560e+003,0.000000e+000
4.166042e+003,0.000000e+000
4.166524e+003,0.000000e+000
4.167006e+003,0.000000e+000
4.167489e+003,0.000000e+000
4.167971e+003,0.000000e+000
4.168453e+003,0.000000e+000
4.168935e+003,0.000000e+000
4.169417e+003,0.000000e+000
4.169899e+003,0.000000e+000
4.170381e+003,0.000000e+000
4.170864e+003,0.000000e+000
4.171346e+003,0.000000e+000
4.171828e+003,0.000000e+000
4.172310e+003,0.000000e+000
4.172792e+003,0.000000e+000
4.173274e+003,0.000000e+000
4.173756e+003,0.000000e+000
4.174238e+003,0.000000e+000
4.174721e+003,0.000000e+000
4.175203e+003,0.000000e+000
4.175685e+003,0.000000e+000
4.176167e+003,0.000000e+000
4.176649e+003,0.000000e+000
4.177131e+003,0.000000e+000
4.177613e+003,0.000000e+000
4.178096e+003,0.000000e+000
4.178578e+003,0.000000e+000
4.179060e+003,0.000000e+000
4.179542e+003,0.000000e+000
4.180024e+003,0.000000e+000
4.180506e+003,0.000000e+000
4.180988e+003,0.000000e+000
4.181470e+003,0.000000e+000
4.181953e+003,0.000000e+000
4.182435e+003,0.000000e+000
4.182917e+003,0.000000e+000
4.183399e+003,0.000000e+000
4.183881e+003,0.000000e+000
4.184363e+003,0.000000e+000
4.184845e+003,0.000000e+000
4.185327e+003,0.000000e+000
4.185810e+003,0.000000e+000
4.186292e+003,0.000000e+000
4.186774e+003,0.000000e+000
4.187256e+003,0.000000e+000
4.187738e+003,0.000000e+000
4.188220e+003,0.000000e+000
4.188702e+003,0.000000e+000
4.189185e+003,0.000000e+000
4.189667e+003,0.000000e+000
4.190148e+003,0.000000e+000
4.190631e+003,0.000000e+000
4.191113e+003,0.000000e+000
4.191595e+003,0.000000e+000
4.192077e+003,0.000000e+000
4.192559e+003,0.000000e+000
4.193042e+003,0.000000e+000
4.193523e+003,0.000000e+000
4.194005e+003,0.000000e+000
4.194488e+003,0.000000e+000
4.194970e+003,0.000000e+000
4.195452e+003,0.000000e+000
4.195934e+003,0.000000e+000
4.196416e+003,0.000000e+000
4.196898e+003,0.000000e+000
4.197380e+003,0.000000e+000
4.197863e+003,0.000000e+000
4.198345e+003,0.000000e+000
4.198827e+003,0.000000e+000
4.199309e+003,0.000000e+000
4.199791e+003,0.000000e+000
4.200273e+003,0.000000e+000
4.200755e+003,0.000000e+000
4.201237e+003,0.000000e+000
4.201720e+003,0.000000e+000
4.202202e+003,0.000000e+000
4.202684e+003,0.000000e+000
4.203166e+003,0.000000e+000
4.203648e+003,0.000000e+000
4.204130e+003,0.000000e+000
4.204612e+003,0.000000e+000
4.205094e+003,0.000000e+000
4.205577e+003,0.000000e+000
4.206059e+003,0.000000e+000
4.206541e+003,0.000000e+000
4.207023e+003,0.000000e+000
4.207505e+003,0.000000e+000
4.207987e+003,0.000000e+000
4.208469e+003,0.000000e+000
4.208952e+003,0.000000e+000
4.209434e+003,0.000000e+000
4.209916e+003,0.000000e+000
4.210398e+003,0.000000e+000
4.210880e+003,0.000000e+000
4.211362e+003,0.000000e+000
4.211844e+003,0.000000e+000
4.212326e+003,0.000000e+000
4.212809e+003,0.000000e+000
4.213291e+003,0.000000e+000
4.213773e+003,0.000000e+000
4.214255e+003,0.000000e+000
4.214737e+003,0.000000e+000
4.215219e+003,0.000000e+000
4.215701e+003,0.000000e+000
4.216183e+003,0.000000e+000
4.216666e+003,0.000000e+000
4.217147e+003,0.000000e+000
4.217630e+003,0.000000e+000
4.218112e+003,0.000000e+000
4.218594e+003,0.000000e+000
4.219076e+003,0.000000e+000
4.219558e+003,0.000000e+000
4.220041e+003,0.000000e+000
4.220522e+003,0.000000e+000
4.221004e+003,0.000000e+000
4.221487e+003,0.000000e+000
4.221969e+003,0.000000e+000
4.222451e+003,0.000000e+000
4.222933e+003,0.000000e+000
4.223415e+003,0.000000e+000
4.223897e+003,0.000000e+000
4.224379e+003,0.000000e+000
4.224862e+003,0.000000e+000
4.225344e+003,0.000000e+000
4.225826e+003,0.000000e+000
4.226308e+003,0.000000e+000
4.226790e+003,0.000000e+000
4.227272e+003,0.000000e+000
4.227754e+003,0.000000e+000
4.228236e+003,0.000000e+000
4.228719e+003,0.000000e+000
4.229201e+003,0.000000e+000
4.229683e+003,0.000000e+000
4.230165e+003,0.000000e+000
4.230647e+003,0.000000e+000
4.231129e+003,0.000000e+000
4.231611e+003,0.000000e+000
4.232093e+003,0.000000e+000
4.232576e+003,0.000000e+000
4.233058e+003,0.000000e+000
4.233540e+003,0.000000e+000
4.234022e+003,0.000000e+000
4.234504e+003,0.000000e+000
4.234986e+003,0.000000e+000
4.235468e+003,0.000000e+000
4.235951e+003,0.000000e+000
4.236433e+003,0.000000e+000
4.236915e+003,0.000000e+000
4.237397e+003,0.000000e+000
4.237879e+003,0.000000e+000
4.238361e+003,0.000000e+000
4.238843e+003,0.000000e+000
4.239325e+003,0.000000e+000
4.239808e+003,0.000000e+000
4.240290e+003,0.000000e+000
4.240771e+003,0.000000e+000
4.241254e+003,0.000000e+000
4.241736e+003,0.000000e+000
4.242218e+003,0.000000e+000
4.242700e+003,0.000000e+000
4.243182e+003,0.000000e+000
4.243665e+003,0.000000e+000
4.244146e+003,0.000000e+000
4.244629e+003,0.000000e+000
4.245111e+003,0.000000e+000
4.245593e+003,0.000000e+000
4.246075e+003,0.000000e+000
4.246557e+003,0.000000e+000
4.247040e+003,0.000000e+000
4.247521e+003,0.000000e+000
4.248003e+003,0.000000e+000
4.248486e+003,0.000000e+000
4.248968e+003,0.000000e+000
4.249450e+003,0.000000e+000
4.249932e+003,0.000000e+000
4.250414e+003,0.000000e+000
4.250896e+003,0.000000e+000
4.251378e+003,0.000000e+000
4.251860e+003,0.000000e+000
4.252343e+003,0.000000e+000
4.252825e+003,0.000000e+000
4.253307e+003,0.000000e+000
4.253789e+003,0.000000e+000
4.254271e+003,0.000000e+000
4.254753e+003,0.000000e+000
4.255235e+003,0.000000e+000
4.255718e+003,0.000000e+000
4.256200e+003,0.000000e+000
4.256682e+003,0.000000e+000
4.257164e+003,0.000000e+000
4.257646e+003,0.000000e+000
4.258128e+003,0.000000e+000
4.258610e+003,0.000000e+000
4.259092e+003,0.000000e+000
4.259575e+003,0.000000e+000
4.260057e+003,0.000000e+000
4.260539e+003,0.000000e+000
4.261021e+003,0.000000e+000
4.261503e+003,0.000000e+000
4.261985e+003,0.000000e+000
4.262467e+003,0.000000e+000
4.262950e+003,0.000000e+000
4.263432e+003,0.000000e+000
4.263914e+003,0.000000e+000
4.264396e+003,0.000000e+000
4.264878e+003,0.000000e+000
4.265360e+003,0.000000e+000
4.265842e+003,0.000000e+000
4.266324e+003,0.000000e+000
4.266807e+003,0.000000e+000
4.267289e+003,0.000000e+000
4.267771e+003,0.000000e+000
4.268253e+003,0.000000e+000
4.268735e+003,0.000000e+000
4.269217e+003,0.000000e+000
4.269699e+003,0.000000e+000
4.270181e+003,0.000000e+000
4.270664e+003,0.000000e+000
4.271146e+003,0.000000e+000
4.271628e+003,0.000000e+000
4.272110e+003,0.000000e+000
4.272592e+003,0.000000e+000
4.273074e+003,0.000000e+000
4.273556e+003,0.000000e+000
4.274039e+003,0.000000e+000
4.274521e+003,0.000000e+000
4.275002e+003,0.000000e+000
4.275485e+003,0.000000e+000
4.275967e+003,0.000000e+000
4.276449e+003,0.000000e+000
4.276931e+003,0.000000e+000
4.277413e+003,0.000000e+000
4.277896e+003,0.000000e+000
4.278377e+003,0.000000e+000
4.278859e+003,0.000000e+000
4.279342e+003,0.000000e+000
4.279824e+003,0.000000e+000
4.280306e+003,0.000000e+000
4.280788e+003,0.000000e+000
4.281270e+003,0.000000e+000
4.281752e+003,0.000000e+000
4.282234e+003,0.000000e+000
4.282717e+003,0.000000e+000
4.283199e+003,0.000000e+000
4.283681e+003,0.000000e+000
4.284163e+003,0.000000e+000
4.284645e+003,0.000000e+000
4.285127e+003,0.000000e+000
4.285609e+003,0.000000e+000
4.286091e+003,0.000000e+000
4.286574e+003,0.000000e+000
4.287056e+003,0.000000e+000
4.287538e+003,0.000000e+000
4.288020e+003,0.000000e+000
4.288502e+003,0.000000e+000
4.288984e+003,0.000000e+000
4.289466e+003,0.000000e+000
4.289948e+003,0.000000e+000
4.290431e+003,0.000000e+000
4.290913e+003,0.000000e+000
4.291395e+003,0.000000e+000
4.291877e+003,0.000000e+000
4.292359e+003,0.000000e+000
4.292841e+003,0.000000e+000
4.293323e+003,0.000000e+000
4.293806e+003,0.000000e+000
4.294288e+003,0.000000e+000
4.294770e+003,0.000000e+000
4.295252e+003,0.000000e+000
4.295734e+003,0.000000e+000
4.296216e+003,0.000000e+000
4.296698e+003,0.000000e+000
4.297180e+003,0.000000e+000
4.297663e+003,0.000000e+000
4.298145e+003,0.000000e+000
4.298627e+003,0.000000e+000
4.299109e+003,0.000000e+000
4.299591e+003,0.000000e+000
4.300073e+003,0.000000e+000
4.300555e+003,0.000000e+000
4.301037e+003,0.000000e+000
4.301520e+003,0.000000e+000
4.302001e+003,0.000000e+000
4.302484e+003,0.000000e+000
4.302966e+003,0.000000e+000
4.303448e+003,0.000000e+000
4.303930e+003,0.000000e+000
4.304412e+003,0.000000e+000
4.304895e+003,0.000000e+000
4.305376e+003,0.000000e+000
4.305858e+003,0.000000e+000
4.306341e+003,0.000000e+000
4.306823e+003,0.000000e+000
4.307305e+003,0.000000e+000
4.307787e+003,0.000000e+000
4.308269e+003,0.000000e+000
4.308751e+003,0.000000e+000
4.309233e+003,0.000000e+000
4.309716e+003,0.000000e+000
4.310198e+003,0.000000e+000
4.310680e+003,0.000000e+000
4.311162e+003,0.000000e+000
4.311644e+003,0.000000e+000
4.312126e+003,0.000000e+000
4.312608e+003,0.000000e+000
4.313090e+003,0.000000e+000
4.313573e+003,0.000000e+000
4.314055e+003,0.000000e+000
4.314537e+003,0.000000e+000
4.315019e+003,0.000000e+000
4.315501e+003,0.000000e+000
4.315983e+003,0.000000e+000
4.316465e+003,0.000000e+000
4.316947e+003,0.000000e+000
4.317430e+003,0.000000e+000
4.317912e+003,0.000000e+000
4.318394e+003,0.000000e+000
4.318876e+003,0.000000e+000
4.319358e+003,0.000000e+000
4.319840e+003,0.000000e+000
4.320322e+003,0.000000e+000
4.320805e+003,0.000000e+000
4.321287e+003,0.000000e+000
4.321769e+003,0.000000e+000
4.322251e+003,0.000000e+000
4.322733e+003,0.000000e+000
4.323215e+003,0.000000e+000
4.323697e+003,0.000000e+000
4.324179e+003,0.000000e+000
4.324662e+003,0.000000e+000
4.325144e+003,0.000000e+000
4.325625e+003,0.000000e+000
4.326108e+003,0.000000e+000
4.326590e+003,0.000000e+000
4.327072e+003,0.000000e+000
4.327554e+003,0.000000e+000
4.328036e+003,0.000000e+000
4.328519e+003,0.000000e+000
4.329000e+003,0.000000e+000
4.329483e+003,0.000000e+000
4.329965e+003,0.000000e+000
4.330447e+003,0.000000e+000
4.330929e+003,0.000000e+000
4.331411e+003,0.000000e+000
4.331894e+003,0.000000e+000
4.332375e+003,0.000000e+000
4.332857e+003,0.000000e+000
4.333340e+003,0.000000e+000
4.333822e+003,0.000000e+000
4.334304e+003,0.000000e+000
4.334786e+003,0.000000e+000
4.335268e+003,0.000000e+000
4.335750e+003,0.000000e+000
4.336232e+003,0.000000e+000
4.336715e+003,0.000000e+000
4.337197e+003,0.000000e+000
4.337679e+003,0.000000e+000
4.338161e+003,0.000000e+000
4.338643e+003,0.000000e+000
4.339125e+003,0.000000e+000
4.339607e+003,0.000000e+000
4.340089e+003,0.000000e+000
4.340572e+003,0.000000e+000
4.341054e+003,0.000000e+000
4.341536e+003,0.000000e+000
4.342018e+003,0.000000e+000
4.342500e+003,0.000000e+000
4.342982e+003,0.000000e+000
4.343464e+003,0.000000e+000
4.343946e+003,0.000000e+000
4.344429e+003,0.000000e+000
4.344911e+003,0.000000e+000
4.345393e+003,0.000000e+000
4.345875e+003,0.000000e+000
4.346357e+003,0.000000e+000
4.346839e+003,0.000000e+000
4.347321e+003,0.000000e+000
4.347804e+003,0.000000e+000
4.348286e+003,0.000000e+000
4.348768e+003,0.000000e+000
4.349250e+003,0.000000e+000
4.349732e+003,0.000000e+000
4.350214e+003,0.000000e+000
4.350696e+003,0.000000e+000
4.351178e+003,0.000000e+000
4.351661e+003,0.000000e+000
4.352143e+003,0.000000e+000
4.352625e+003,0.000000e+000
4.353107e+003,0.000000e+000
4.353589e+003,0.000000e+000
4.354071e+003,0.000000e+000
4.354553e+003,0.000000e+000
4.355035e+003,0.000000e+000
4.355518e+003,0.000000e+000
4.356000e+003,0.000000e+000
4.356482e+003,0.000000e+000
4.356964e+003,0.000000e+000
4.357446e+003,0.000000e+000
4.357928e+003,0.000000e+000
4.358410e+003,0.000000e+000
4.358893e+003,0.000000e+000
4.359375e+003,0.000000e+000
4.359856e+003,0.000000e+000
4.360339e+003,0.000000e+000
4.360821e+003,0.000000e+000
4.361303e+003,0.000000e+000
4.361785e+003,0.000000e+000
4.362267e+003,0.000000e+000
4.362750e+003,0.000000e+000
4.363231e+003,0.000000e+000
4.363713e+003,0.000000e+000
4.364196e+003,0.000000e+000
4.364678e+003,0.000000e+000
4.365160e+003,0.000000e+000
4.365642e+003,0.000000e+000
4.366124e+003,0.000000e+000
4.366606e+003,0.000000e+000
4.367088e+003,0.000000e+000
4.367571e+003,0.000000e+000
4.368053e+003,0.000000e+000
4.368535e+003,0.000000e+000
4.369017e+003,0.000000e+000
4.369499e+003,0.000000e+000
4.369981e+003,0.000000e+000
4.370463e+003,0.000000e+000
4.370945e+003,0.000000e+000
4.371428e+003,0.000000e+000
4.371910e+003,0.000000e+000
4.372392e+003,0.000000e+000
4.372874e+003,0.000000e+000
4.373356e+003,0.000000e+000
4.373838e+003,0.000000e+000
4.374320e+003,0.000000e+000
4.374802e+003,0.000000e+000
4.375285e+003,0.000000e+000
4.375767e+003,0.000000e+000
4.376249e+003,0.000000e+000
4.376731e+003,0.000000e+000
4.377213e+003,0.000000e+000
4.377695e+003,0.000000e+000
4.378177e+003,0.000000e+000
4.378660e+003,0.000000e+000
4.379142e+003,0.000000e+000
4.379624e+003,0.000000e+000
4.380106e+003,0.000000e+000
4.380588e+003,0.000000e+000
4.381070e+003,0.000000e+000
4.381552e+003,0.000000e+000
4.382034e+003,0.000000e+000
4.382517e+003,0.000000e+000
4.382999e+003,0.000000e+000
4.383481e+003,0.000000e+000
4.383963e+003,0.000000e+000
4.384445e+003,0.000000e+000
4.384927e+003,0.000000e+000
4.385409e+003,0.000000e+000
4.385891e+003,0.000000e+000
4.386374e+003,0.000000e+000
4.386855e+003,0.000000e+000
4.387338e+003,0.000000e+000
4.387820e+003,0.000000e+000
4.388302e+003,0.000000e+000
4.388784e+003,0.000000e+000
4.389266e+003,0.000000e+000
4.389749e+003,0.000000e+000
4.390230e+003,0.000000e+000
4.390712e+003,0.000000e+000
4.391195e+003,0.000000e+000
4.391677e+003,0.000000e+000
4.392159e+003,0.000000e+000
4.392641e+003,0.000000e+000
4.393123e+003,0.000000e+000
4.393605e+003,0.000000e+000
4.394087e+003,0.000000e+000
4.394570e+003,0.000000e+000
4.395052e+003,0.000000e+000
4.395534e+003,0.000000e+000
4.396016e+003,0.000000e+000
4.396498e+003,0.000000e+000
4.396980e+003,0.000000e+000
4.397462e+003,0.000000e+000
4.397944e+003,0.000000e+000
4.398427e+003,0.000000e+000
4.398909e+003,0.000000e+000
4.399391e+003,0.000000e+000
4.399873e+003,0.000000e+000
4.400355e+003,0.000000e+000
4.400837e+003,0.000000e+000
4.401319e+003,0.000000e+000
4.401801e+003,0.000000e+000
4.402284e+003,0.000000e+000
4.402766e+003,0.000000e+000
4.403248e+003,0.000000e+000
4.403730e+003,0.000000e+000
4.404212e+003,0.000000e+000
4.404694e+003,0.000000e+000
4.405176e+003,0.000000e+000
4.405659e+003,0.000000e+000
4.406141e+003,0.000000e+000
4.406623e+003,0.000000e+000
4.407105e+003,0.000000e+000
4.407587e+003,0.000000e+000
4.408069e+003,0.000000e+000
4.408551e+003,0.000000e+000
4.409033e+003,0.000000e+000
4.409516e+003,0.000000e+000
4.409998e+003,0.000000e+000
4.410479e+003,0.000000e+000
4.410962e+003,0.000000e+000
4.411444e+003,0.000000e+000
4.411926e+003,0.000000e+000
4.412408e+003,0.000000e+000
4.412890e+003,0.000000e+000
4.413373e+003,0.000000e+000
4.413854e+003,0.000000e+000
4.414337e+003,0.000000e+000
4.414819e+003,0.000000e+000
4.415301e+003,0.000000e+000
4.415783e+003,0.000000e+000
4.416265e+003,0.000000e+000
4.416748e+003,0.000000e+000
4.417229e+003,0.000000e+000
4.417711e+003,0.000000e+000
4.418194e+003,0.000000e+000
4.418676e+003,0.000000e+000
4.419158e+003,0.000000e+000
4.419640e+003,0.000000e+000
4.420122e+003,0.000000e+000
4.420604e+003,0.000000e+000
4.421086e+003,0.000000e+000
4.421569e+003,0.000000e+000
4.422051e+003,0.000000e+000
4.422533e+003,0.000000e+000
4.423015e+003,0.000000e+000
4.423497e+003,0.000000e+000
4.423979e+003,0.000000e+000
4.424461e+003,0.000000e+000
4.424943e+003,0.000000e+000
4.425426e+003,0.000000e+000
4.425908e+003,0.000000e+000
4.426390e+003,0.000000e+000
4.426872e+003,0.000000e+000
4.427354e+003,0.000000e+000
4.427836e+003,0.000000e+000
4.428318e+003,0.000000e+000
4.428800e+003,0.000000e+000
4.429283e+003,0.000000e+000
4.429765e+003,0.000000e+000
4.430247e+003,0.000000e+000
4.430729e+003,0.000000e+000
4.431211e+003,0.000000e+000
4.431693e+003,0.000000e+000
4.432175e+003,0.000000e+000
4.432658e+003,0.000000e+000
4.433140e+003,0.000000e+000
4.433622e+003,0.000000e+000
4.434104e+003,0.000000e+000
4.434586e+003,0.000000e+000
4.435068e+003,0.000000e+000
4.435550e+003,0.000000e+000
4.436032e+003,0.000000e+000
4.436515e+003,0.000000e+000
4.436997e+003,0.000000e+000
4.437479e+003,0.000000e+000
4.437961e+003,0.000000e+000
4.438443e+003,0.000000e+000
4.438925e+003,0.000000e+000
4.439407e+003,0.000000e+000
4.439889e+003,0.000000e+000
4.440372e+003,0.000000e+000
4.440854e+003,0.000000e+000
4.441336e+003,0.000000e+000
4.441818e+003,0.000000e+000
4.442300e+003,0.000000e+000
4.442782e+003,0.000000e+000
4.443264e+003,0.000000e+000
4.443747e+003,0.000000e+000
4.444229e+003,0.000000e+000
4.444710e+003,0.000000e+000
4.445193e+003,0.000000e+000
4.445675e+003,0.000000e+000
4.446157e+003,0.000000e+000
4.446639e+003,0.000000e+000
4.447121e+003,0.000000e+000
4.447604e+003,0.000000e+000
4.448085e+003,0.000000e+000
4.448567e+003,0.000000e+000
4.449050e+003,0.000000e+000
4.449532e+003,0.000000e+000
4.450014e+003,0.000000e+000
4.450496e+003,0.000000e+000
4.450978e+003,0.000000e+000
4.451460e+003,0.000000e+000
4.451942e+003,0.000000e+000
4.452425e+003,0.000000e+000
4.452907e+003,0.000000e+000
4.453389e+003,0.000000e+000
4.453871e+003,0.000000e+000
4.454353e+003,0.000000e+000
4.454835e+003,0.000000e+000
4.455317e+003,0.000000e+000
4.455799e+003,0.000000e+000
4.456282e+003,0.000000e+000
4.456764e+003,0.000000e+000
4.457246e+003,0.000000e+000
4.457728e+003,0.000000e+000
4.458210e+003,0.000000e+000
4.458692e+003,0.000000e+000
4.459174e+003,0.000000e+000
4.459656e+003,0.000000e+000
4.460139e+003,0.000000e+000
4.460621e+003,0.000000e+000
4.461103e+003,0.000000e+000
4.461585e+003,0.000000e+000
4.462067e+003,0.000000e+000
4.462549e+003,0.000000e+000
4.463031e+003,0.000000e+000
4.463514e+003,0.000000e+000
4.463996e+003,0.000000e+000
4.464478e+003,0.000000e+000
4.464960e+003,0.000000e+000
4.465442e+003,0.000000e+000
4.465924e+003,0.000000e+000
4.466406e+003,0.000000e+000
4.466888e+003,0.000000e+000
4.467371e+003,0.000000e+000
4.467853e+003,0.000000e+000
4.468335e+003,0.000000e+000
4.468817e+003,0.000000e+000
4.469299e+003,0.000000e+000
4.469781e+003,0.000000e+000
4.470263e+003,0.000000e+000
4.470746e+003,0.000000e+000
4.471228e+003,0.000000e+000
4.471709e+003,0.000000e+000
4.472192e+003,0.000000e+000
4.472674e+003,0.000000e+000
4.473156e+003,0.000000e+000
4.473638e+003,0.000000e+000
4.474120e+003,0.000000e+000
4.474603e+003,0.000000e+000
4.475084e+003,0.000000e+000
4.475566e+003,0.000000e+000
4.476049e+003,0.000000e+000
4.476531e+003,0.000000e+000
4.477013e+003,0.000000e+000
4.477495e+003,0.000000e+000
4.477977e+003,0.000000e+000
4.478459e+003,0.000000e+000
4.478941e+003,0.000000e+000
4.479424e+003,0.000000e+000
4.479906e+003,0.000000e+000
4.480388e+003,0.000000e+000
4.480870e+003,0.000000e+000
4.481352e+003,0.000000e+000
4.481834e+003,0.000000e+000
4.482316e+003,0.000000e+000
4.482798e+003,0.000000e+000
4.483281e+003,0.000000e+000
4.483763e+003,0.000000e+000
4.484245e+003,0.000000e+000
4.484727e+003,0.000000e+000
4.485209e+003,0.000000e+000
4.485691e+003,0.000000e+000
4.486173e+003,0.000000e+000
4.486655e+003,0.000000e+000
4.487138e+003,0.000000e+000
4.487620e+003,0.000000e+000
4.488102e+003,0.000000e+000
4.488584e+003,0.000000e+000
4.489066e+003,0.000000e+000
4.489548e+003,0.000000e+000
4.490030e+003,0.000000e+000
4.490513e+003,0.000000e+000
4.490995e+003,0.000000e+000
4.491477e+003,0.000000e+000
4.491959e+003,0.000000e+000
4.492441e+003,0.000000e+000
4.492923e+003,0.000000e+000
4.493405e+003,0.000000e+000
4.493887e+003,0.000000e+000
4.494370e+003,0.000000e+000
4.494852e+003,0.000000e+000
4.495333e+003,0.000000e+000
4.495816e+003,0.000000e+000
4.496298e+003,0.000000e+000
4.496780e+003,0.000000e+000
4.497262e+003,0.000000e+000
4.497744e+003,0.000000e+000
4.498227e+003,0.000000e+000
4.498708e+003,0.000000e+000
4.499191e+003,0.000000e+000
4.499673e+003,0.000000e+000
4.500155e+003,0.000000e+000
4.500637e+003,0.000000e+000
4.501119e+003,0.000000e+000
4.501602e+003,0.000000e+000
4.502083e+003,0.000000e+000
4.502565e+003,0.000000e+000
4.503048e+003,0.000000e+000
4.503530e+003,0.000000e+000
4.504012e+003,0.000000e+000
4.504494e+003,0.000000e+000
4.504976e+003,0.000000e+000
4.505458e+003,0.000000e+000
4.505940e+003,0.000000e+000
4.506423e+003,0.000000e+000
4.506905e+003,0.000000e+000
4.507387e+003,0.000000e+000
4.507869e+003,0.000000e+000
4.508351e+003,0.000000e+000
4.508833e+003,0.000000e+000
4.509315e+003,0.000000e+000
4.509797e+003,0.000000e+000
4.510280e+003,0.000000e+000
4.510762e+003,0.000000e+000
4.511244e+003,0.000000e+000
4.511726e+003,0.000000e+000
4.512208e+003,0.000000e+000
4.512690e+003,0.000000e+000
4.513172e+003,0.000000e+000
4.513654e+003,0.000000e+000
4.514137e+003,0.000000e+000
4.514619e+003,0.000000e+000
4.515101e+003,0.000000e+000
4.515583e+003,0.000000e+000
4.516065e+003,0.000000e+000
4.516547e+003,0.000000e+000
4.517029e+003,0.000000e+000
4.517512e+003,0.000000e+000
4.517994e+003,0.000000e+000
4.518476e+003,0.000000e+000
4.518958e+003,0.000000e+000
4.519440e+003,0.000000e+000
4.519922e+003,0.000000e+000
4.520404e+003,0.000000e+000
4.520886e+003,0.000000e+000
4.521369e+003,0.000000e+000
4.521851e+003,0.000000e+000
4.522333e+003,0.000000e+000
4.522815e+003,0.000000e+000
4.523297e+003,0.000000e+000
4.523779e+003,0.000000e+000
4.524261e+003,0.000000e+000
4.524743e+003,0.000000e+000
4.525226e+003,0.000000e+000
4.525708e+003,0.000000e+000
4.526190e+003,0.000000e+000
4.526672e+003,0.000000e+000
4.527154e+003,0.000000e+000
4.527636e+003,0.000000e+000
4.528118e+003,0.000000e+000
4.528601e+003,0.000000e+000
4.529083e+003,0.000000e+000
4.529564e+003,0.000000e+000
4.530047e+003,0.000000e+000
4.530529e+003,0.000000e+000
4.531011e+003,0.000000e+000
4.531493e+003,0.000000e+000
4.531975e+003,0.000000e+000
4.532458e+003,0.000000e+000
4.532939e+003,0.000000e+000
4.533421e+003,0.000000e+000
4.533904e+003,0.000000e+000
4.534386e+003,0.000000e+000
4.534868e+003,0.000000e+000
4.535350e+003,0.000000e+000
4.535832e+003,0.000000e+000
4.536314e+003,0.000000e+000
4.536796e+003,0.000000e+000
4.537279e+003,0.000000e+000
4.537761e+003,0.000000e+000
4.538243e+003,0.000000e+000
4.538725e+003,0.000000e+000
4.539207e+003,0.000000e+000
4.539689e+003,0.000000e+000
4.540171e+003,0.000000e+000
4.540653e+003,0.000000e+000
4.541136e+003,0.000000e+000
4.541618e+003,0.000000e+000
4.542100e+003,0.000000e+000
4.542582e+003,0.000000e+000
4.543064e+003,0.000000e+000
4.543546e+003,0.000000e+000
4.544028e+003,0.000000e+000
4.544510e+003,0.000000e+000
4.544993e+003,0.000000e+000
4.545475e+003,0.000000e+000
4.545957e+003,0.000000e+000
4.546439e+003,0.000000e+000
4.546921e+003,0.000000e+000
4.547403e+003,0.000000e+000
4.547885e+003,0.000000e+000
4.548368e+003,0.000000e+000
4.548850e+003,0.000000e+000
4.549332e+003,0.000000e+000
4.549814e+003,0.000000e+000
4.550296e+003,0.000000e+000
4.550778e+003,0.000000e+000
4.551260e+003,0.000000e+000
4.551742e+003,0.000000e+000
4.552225e+003,0.000000e+000
4.552707e+003,0.000000e+000
4.553189e+003,0.000000e+000
4.553671e+003,0.000000e+000
4.554153e+003,0.000000e+000
4.554635e+003,0.000000e+000
4.555117e+003,0.000000e+000
4.555600e+003,0.000000e+000
4.556082e+003,0.000000e+000
4.556563e+003,0.000000e+000
4.557046e+003,0.000000e+000
4.557528e+003,0.000000e+000
4.558010e+003,0.000000e+000
4.558492e+003,0.000000e+000
4.558974e+003,0.000000e+000
4.559457e+003,0.000000e+000
4.559938e+003,0.000000e+000
4.560420e+003,0.000000e+000
4.560903e+003,0.000000e+000
4.561385e+003,0.000000e+000
4.561867e+003,0.000000e+000
4.562349e+003,0.000000e+000
4.562831e+003,0.000000e+000
4.563313e+003,0.000000e+000
4.563795e+003,0.000000e+000
4.564278e+003,0.000000e+000
4.564760e+003,0.000000e+000
4.565242e+003,0.000000e+000
4.565724e+003,0.000000e+000
4.566206e+003,0.000000e+000
4.566688e+003,0.000000e+000
4.567170e+003,0.000000e+000
4.567652e+003,0.000000e+000
4.568135e+003,0.000000e+000
4.568617e+003,0.000000e+000
4.569099e+003,0.000000e+000
4.569581e+003,0.000000e+000
4.570063e+003,0.000000e+000
4.570545e+003,0.000000e+000
4.571027e+003,0.000000e+000
4.571509e+003,0.000000e+000
4.571992e+003,0.000000e+000
4.572474e+003,0.000000e+000
4.572956e+003,0.000000e+000
4.573438e+003,0.000000e+000
4.573920e+003,0.000000e+000
4.574402e+003,0.000000e+000
4.574884e+003,0.000000e+000
4.575367e+003,0.000000e+000
4.575849e+003,0.000000e+000
4.576331e+003,0.000000e+000
4.576813e+003,0.000000e+000
4.577295e+003,0.000000e+000
4.577777e+003,0.000000e+000
4.578259e+003,0.000000e+000
4.578741e+003,0.000000e+000
4.579224e+003,0.000000e+000
4.579706e+003,0.000000e+000
4.580188e+003,0.000000e+000
4.580670e+003,0.000000e+000
4.581152e+003,0.000000e+000
4.581634e+003,0.000000e+000
4.582116e+003,0.000000e+000
4.582598e+003,0.000000e+000
4.583081e+003,0.000000e+000
4.583563e+003,0.000000e+000
4.584045e+003,0.000000e+000
4.584527e+003,0.000000e+000
4.585009e+003,0.000000e+000
4.585491e+003,0.000000e+000
4.585973e+003,0.000000e+000
4.586456e+003,0.000000e+000
4.586938e+003,0.000000e+000
4.587419e+003,0.000000e+000
4.587902e+003,0.000000e+000
4.588384e+003,0.000000e+000
4.588866e+003,0.000000e+000
4.589348e+003,0.000000e+000
4.589830e+003,0.000000e+000
4.590313e+003,0.000000e+000
4.590794e+003,0.000000e+000
4.591277e+003,0.000000e+000
4.591759e+003,0.000000e+000
4.592241e+003,0.000000e+000
4.592723e+003,0.000000e+000
4.593205e+003,0.000000e+000
4.593687e+003,0.000000e+000
4.594169e+003,0.000000e+000
4.594651e+003,0.000000e+000
4.595134e+003,0.000000e+000
4.595616e+003,0.000000e+000
4.596098e+003,0.000000e+000
4.596580e+003,0.000000e+000
4.597062e+003,0.000000e+000
4.597544e+003,0.000000e+000
4.598026e+003,0.000000e+000
4.598508e+003,0.000000e+000
4.598991e+003,0.000000e+000
4.599473e+003,0.000000e+000
4.599955e+003,0.000000e+000
4.600437e+003,0.000000e+000
4.600919e+003,0.000000e+000
4.601401e+003,0.000000e+000
4.601883e+003,0.000000e+000
4.602365e+003,0.000000e+000
4.602848e+003,0.000000e+000
4.603330e+003,0.000000e+000
4.603812e+003,0.000000e+000
4.604294e+003,0.000000e+000
4.604776e+003,0.000000e+000
4.605258e+003,0.000000e+000
4.605740e+003,0.000000e+000
4.606222e+003,0.000000e+000
4.606705e+003,0.000000e+000
4.607187e+003,0.000000e+000
4.607669e+003,0.000000e+000
4.608151e+003,0.000000e+000
4.608633e+003,0.000000e+000
4.609115e+003,0.000000e+000
4.609597e+003,0.000000e+000
4.610080e+003,0.000000e+000
4.610562e+003,0.000000e+000
4.611043e+003,0.000000e+000
4.611526e+003,0.000000e+000
4.612008e+003,0.000000e+000
4.612490e+003,0.000000e+000
4.612972e+003,0.000000e+000
4.613454e+003,0.000000e+000
4.613937e+003,0.000000e+000
4.614418e+003,0.000000e+000
4.614900e+003,0.000000e+000
4.615383e+003,0.000000e+000
4.615865e+003,0.000000e+000
4.616347e+003,0.000000e+000
4.616829e+003,0.000000e+000
4.617311e+003,0.000000e+000
4.617793e+003,0.000000e+000
4.618275e+003,0.000000e+000
4.618758e+003,0.000000e+000
4.619240e+003,0.000000e+000
4.619722e+003,0.000000e+000
4.620204e+003,0.000000e+000
4.620686e+003,0.000000e+000
4.621168e+003,0.000000e+000
4.621650e+003,0.000000e+000
4.622132e+003,0.000000e+000
4.622615e+003,0.000000e+000
4.623097e+003,0.000000e+000
4.623579e+003,0.000000e+000
4.624061e+003,0.000000e+000
4.624543e+003,0.000000e+000
4.625025e+003,0.000000e+000
4.625507e+003,0.000000e+000
4.625990e+003,0.000000e+000
4.626472e+003,0.000000e+000
4.626954e+003,0.000000e+000
4.627436e+003,0.000000e+000
4.627918e+003,0.000000e+000
4.628400e+003,0.000000e+000
4.628882e+003,0.000000e+000
4.629364e+003,0.000000e+000
4.629847e+003,0.000000e+000
4.630329e+003,0.000000e+000
4.630811e+003,0.000000e+000
4.631293e+003,0.000000e+000
4.631775e+003,0.000000e+000
4.632257e+003,0.000000e+000
4.632739e+003,0.000000e+000
4.633221e+003,0.000000e+000
4.633704e+003,0.000000e+000
4.634186e+003,0.000000e+000
4.634668e+003,0.000000e+000
4.635150e+003,0.000000e+000
4.635632e+003,0.000000e+000
4.636114e+003,0.000000e+000
4.636596e+003,0.000000e+000
4.637079e+003,0.000000e+000
4.637561e+003,0.000000e+000
4.638042e+003,0.000000e+000
4.638525e+003,0.000000e+000
4.639007e+003,0.000000e+000
4.639489e+003,0.000000e+000
4.639971e+003,0.000000e+000
4.640453e+003,0.000000e+000
4.640936e+003,0.000000e+000
4.641417e+003,0.000000e+000
4.641899e+003,0.000000e+000
4.642382e+003,0.000000e+000
4.642864e+003,0.000000e+000
4.643346e+003,0.000000e+000
4.643828e+003,0.000000e+000
4.644310e+003,0.000000e+000
4.644792e+003,0.000000e+000
4.645274e+003,0.000000e+000
4.645757e+003,0.000000e+000
4.646239e+003,0.000000e+000
4.646721e+003,0.000000e+000
4.647203e+003,0.000000e+000
4.647685e+003,0.000000e+000
4.648167e+003,0.000000e+000
4.648649e+003,0.000000e+000
4.649131e+003,0.000000e+000
4.649614e+003,0.000000e+000
4.650096e+003,0.000000e+000
4.650578e+003,0.000000e+000
4.651060e+003,0.000000e+000
4.651542e+003,0.000000e+000
4.652024e+003,0.000000e+000
4.652506e+003,0.000000e+000
4.652988e+003,0.000000e+000
4.653471e+003,0.000000e+000
4.653953e+003,0.000000e+000
4.654435e+003,0.000000e+000
4.654917e+003,0.000000e+000
4.655399e+003,0.000000e+000
4.655881e+003,0.000000e+000
4.656363e+003,0.000000e+000
4.656846e+003,0.000000e+000
4.657328e+003,0.000000e+000
4.657810e+003,0.000000e+000
4.658292e+003,0.000000e+000
4.658774e+003,0.000000e+000
4.659256e+003,0.000000e+000
4.659738e+003,0.000000e+000
4.660220e+003,0.000000e+000
4.660703e+003,0.000000e+000
4.661185e+003,0.000000e+000
4.661667e+003,0.000000e+000
4.662149e+003,0.000000e+000
4.662631e+003,0.000000e+000
4.663113e+003,0.000000e+000
4.663595e+003,0.000000e+000
4.664077e+003,0.000000e+000
4.664560e+003,0.000000e+000
4.665042e+003,0.000000e+000
4.665524e+003,0.000000e+000
4.666006e+003,0.000000e+000
4.666488e+003,0.000000e+000
4.666970e+003,0.000000e+000
4.667452e+003,0.000000e+000
4.667935e+003,0.000000e+000
4.668417e+003,0.000000e+000
4.668898e+003,0.000000e+000
4.669381e+003,0.000000e+000
4.669863e+003,0.000000e+000
4.670345e+003,0.000000e+000
4.670827e+003,0.000000e+000
4.671309e+003,0.000000e+000
4.671792e+003,0.000000e+000
4.672273e+003,0.000000e+000
4.672756e+003,0.000000e+000
4.673238e+003,0.000000e+000
4.673720e+003,0.000000e+000
4.674202e+003,0.000000e+000
4.674684e+003,0.000000e+000
4.675166e+003,0.000000e+000
4.675648e+003,0.000000e+000
4.676130e+003,0.000000e+000
4.676613e+003,0.000000e+000
4.677095e+003,0.000000e+000
4.677577e+003,0.000000e+000
4.678059e+003,0.000000e+000
4.678541e+003,0.000000e+000
4.679023e+003,0.000000e+000
4.679505e+003,0.000000e+000
4.679987e+003,0.000000e+000
4.680470e+003,0.000000e+000
4.680952e+003,0.000000e+000
4.681434e+003,0.000000e+000
4.681916e+003,0.000000e+000
4.682398e+003,0.000000e+000
4.682880e+003,0.000000e+000
4.683362e+003,0.000000e+000
4.683845e+003,0.000000e+000
4.684327e+003,0.000000e+000
4.684809e+003,0.000000e+000
4.685291e+003,0.000000e+000
4.685773e+003,0.000000e+000
4.686255e+003,0.000000e+000
4.686737e+003,0.000000e+000
4.687219e+003,0.000000e+000
4.687702e+003,0.000000e+000
4.688184e+003,0.000000e+000
4.688666e+003,0.000000e+000
4.689148e+003,0.000000e+000
4.689630e+003,0.000000e+000
4.690112e+003,0.000000e+000
4.690594e+003,0.000000e+000
4.691076e+003,0.000000e+000
4.691559e+003,0.000000e+000
4.692041e+003,0.000000e+000
4.692523e+003,0.000000e+000
4.693005e+003,0.000000e+000
4.693487e+003,0.000000e+000
4.693969e+003,0.000000e+000
4.694451e+003,0.000000e+000
4.694934e+003,0.000000e+000
4.695416e+003,0.000000e+000
4.695897e+003,0.000000e+000
4.696380e+003,0.000000e+000
4.696862e+003,0.000000e+000
4.697344e+003,0.000000e+000
4.697826e+003,0.000000e+000
4.698308e+003,0.000000e+000
4.698791e+003,0.000000e+000
4.699272e+003,0.000000e+000
4.699754e+003,0.000000e+000
4.700237e+003,0.000000e+000
4.700719e+003,0.000000e+000
4.701201e+003,0.000000e+000
4.701683e+003,0.000000e+000
4.702165e+003,0.000000e+000
4.702647e+003,0.000000e+000
4.703129e+003,0.000000e+000
4.703612e+003,0.000000e+000
4.704094e+003,0.000000e+000
4.704576e+003,0.000000e+000
4.705058e+003,0.000000e+000
4.705540e+003,0.000000e+000
4.706022e+003,0.000000e+000
4.706504e+003,0.000000e+000
4.706986e+003,0.000000e+000
4.707469e+003,0.000000e+000
4.707951e+003,0.000000e+000
4.708433e+003,0.000000e+000
4.708915e+003,0.000000e+000
4.709397e+003,0.000000e+000
4.709879e+003,0.000000e+000
4.710361e+003,0.000000e+000
4.710844e+003,0.000000e+000
4.711326e+003,0.000000e+000
4.711808e+003,0.000000e+000
4.712290e+003,0.000000e+000
4.712772e+003,0.000000e+000
4.713254e+003,0.000000e+000
4.713736e+003,0.000000e+000
4.714218e+003,0.000000e+000
4.714701e+003,0.000000e+000
4.715183e+003,0.000000e+000
4.715665e+003,0.000000e+000
4.716147e+003,0.000000e+000
4.716629e+003,0.000000e+000
4.717111e+003,0.000000e+000
4.717593e+003,0.000000e+000
4.718075e+003,0.000000e+000
4.718558e+003,0.000000e+000
4.719040e+003,0.000000e+000
4.719522e+003,0.000000e+000
4.720004e+003,0.000000e+000
4.720486e+003,0.000000e+000
4.720968e+003,0.000000e+000
4.721450e+003,0.000000e+000
4.721933e+003,0.000000e+000
4.722415e+003,0.000000e+000
4.722896e+003,0.000000e+000
4.723379e+003,0.000000e+000
4.723861e+003,0.000000e+000
4.724343e+003,0.000000e+000
4.724825e+003,0.000000e+000
4.725307e+003,0.000000e+000
4.725790e+003,0.000000e+000
4.726271e+003,0.000000e+000
4.726753e+003,0.000000e+000
4.727236e+003,0.000000e+000
4.727718e+003,0.000000e+000
4.728200e+003,0.000000e+000
4.728682e+003,0.000000e+000
4.729164e+003,0.000000e+000
4.729646e+003,0.000000e+000
4.730128e+003,0.000000e+000
4.730611e+003,0.000000e+000
4.731093e+003,0.000000e+000
4.731575e+003,0.000000e+000
4.732057e+003,0.000000e+000
4.732539e+003,0.000000e+000
4.733021e+003,0.000000e+000
4.733503e+003,0.000000e+000
4.733985e+003,0.000000e+000
4.734468e+003,0.000000e+000
4.734950e+003,0.000000e+000
4.735432e+003,0.000000e+000
4.735914e+003,0.000000e+000
4.736396e+003,0.000000e+000
4.736878e+003,0.000000e+000
4.737360e+003,0.000000e+000
4.737842e+003,0.000000e+000
4.738325e+003,0.000000e+000
4.738807e+003,0.000000e+000
4.739289e+003,0.000000e+000
4.739771e+003,0.000000e+000
4.740253e+003,0.000000e+000
4.740735e+003,0.000000e+000
4.741217e+003,0.000000e+000
4.741700e+003,0.000000e+000
4.742182e+003,0.000000e+000
4.742664e+003,0.000000e+000
4.743146e+003,0.000000e+000
4.743628e+003,0.000000e+000
4.744110e+003,0.000000e+000
4.744592e+003,0.000000e+000
4.745074e+003,0.000000e+000
4.745557e+003,0.000000e+000
4.746039e+003,0.000000e+000
4.746521e+003,0.000000e+000
4.747003e+003,0.000000e+000
4.747485e+003,0.000000e+000
4.747967e+003,0.000000e+000
4.748449e+003,0.000000e+000
4.748931e+003,0.000000e+000
4.749414e+003,0.000000e+000
4.749896e+003,0.000000e+000
4.750378e+003,0.000000e+000
4.750860e+003,0.000000e+000
4.751342e+003,0.000000e+000
4.751824e+003,0.000000e+000
4.752306e+003,0.000000e+000
4.752789e+003,0.000000e+000
4.753271e+003,0.000000e+000
4.753752e+003,0.000000e+000
4.754235e+003,0.000000e+000
4.754717e+003,0.000000e+000
4.755199e+003,0.000000e+000
4.755681e+003,0.000000e+000
4.756163e+003,0.000000e+000
4.756646e+003,0.000000e+000
4.757127e+003,0.000000e+000
4.757610e+003,0.000000e+000
4.758092e+003,0.000000e+000
4.758574e+003,0.000000e+000
4.759056e+003,0.000000e+000
4.759538e+003,0.000000e+000
4.760021e+003,0.000000e+000
4.760502e+003,0.000000e+000
4.760984e+003,0.000000e+000
4.761467e+003,0.000000e+000
4.761949e+003,0.000000e+000
4.762431e+003,0.000000e+000
4.762913e+003,0.000000e+000
4.763395e+003,0.000000e+000
4.763877e+003,0.000000e+000
4.764359e+003,0.000000e+000
4.764841e+003,0.000000e+000
4.765324e+003,0.000000e+000
4.765806e+003,0.000000e+000
4.766288e+003,0.000000e+000
4.766770e+003,0.000000e+000
4.767252e+003,0.000000e+000
4.767734e+003,0.000000e+000
4.768216e+003,0.000000e+000
4.768699e+003,0.000000e+000
4.769181e+003,0.000000e+000
4.769663e+003,0.000000e+000
4.770145e+003,0.000000e+000
4.770627e+003,0.000000e+000
4.771109e+003,0.000000e+000
4.771591e+003,0.000000e+000
4.772073e+003,0.000000e+000
4.772556e+003,0.000000e+000
4.773038e+003,0.000000e+000
4.773520e+003,0.000000e+000
4.774002e+003,0.000000e+000
4.774484e+003,0.000000e+000
4.774966e+003,0.000000e+000
4.775448e+003,0.000000e+000
4.775930e+003,0.000000e+000
4.776413e+003,0.000000e+000
4.776895e+003,0.000000e+000
4.777377e+003,0.000000e+000
4.777859e+003,0.000000e+000
4.778341e+003,0.000000e+000
4.778823e+003,0.000000e+000
4.779305e+003,0.000000e+000
4.779788e+003,0.000000e+000
4.780270e+003,0.000000e+000
4.780751e+003,0.000000e+000
4.781234e+003,0.000000e+000
4.781716e+003,0.000000e+000
4.782198e+003,0.000000e+000
4.782680e+003,0.000000e+000
4.783162e+003,0.000000e+000
4.783645e+003,0.000000e+000
4.784126e+003,0.000000e+000
4.784609e+003,0.000000e+000
4.785091e+003,0.000000e+000
4.785573e+003,0.000000e+000
4.786055e+003,0.000000e+000
4.786537e+003,0.000000e+000
4.787019e+003,0.000000e+000
4.787501e+003,0.000000e+000
4.787983e+003,0.000000e+000
4.788466e+003,0.000000e+000
4.788948e+003,0.000000e+000
4.789430e+003,0.000000e+000
4.789912e+003,0.000000e+000
4.790394e+003,0.000000e+000
4.790876e+003,0.000000e+000
4.791358e+003,0.000000e+000
4.791840e+003,0.000000e+000
4.792323e+003,0.000000e+000
4.792805e+003,0.000000e+000
4.793287e+003,0.000000e+000
4.793769e+003,0.000000e+000
4.794251e+003,0.000000e+000
4.794733e+003,0.000000e+000
4.795215e+003,0.000000e+000
4.795698e+003,0.000000e+000
4.796180e+003,0.000000e+000
4.796662e+003,0.000000e+000
4.797144e+003,0.000000e+000
4.797626e+003,0.000000e+000
4.798108e+003,0.000000e+000
4.798590e+003,0.000000e+000
4.799072e+003,0.000000e+000
4.799555e+003,0.000000e+000
4.800037e+003,0.000000e+000
4.800519e+003,0.000000e+000
4.801001e+003,0.000000e+000
4.801483e+003,0.000000e+000
4.801965e+003,0.000000e+000
4.802447e+003,0.000000e+000
4.802929e+003,0.000000e+000
4.803412e+003,0.000000e+000
4.803894e+003,0.000000e+000
4.804376e+003,0.000000e+000
4.804858e+003,0.000000e+000
4.805340e+003,0.000000e+000
4.805822e+003,0.000000e+000
4.806304e+003,0.000000e+000
4.806787e+003,0.000000e+000
4.807269e+003,0.000000e+000
4.807750e+003,0.000000e+000
4.808233e+003,0.000000e+000
4.808715e+003,0.000000e+000
4.809197e+003,0.000000e+000
4.809679e+003,0.000000e+000
4.810161e+003,0.000000e+000
4.810644e+003,0.000000e+000
4.811125e+003,0.000000e+000
4.811607e+003,0.000000e+000
4.812090e+003,0.000000e+000
4.812572e+003,0.000000e+000
4.813054e+003,0.000000e+000
4.813536e+003,0.000000e+000
4.814018e+003,0.000000e+000
4.814500e+003,0.000000e+000
4.814982e+003,0.000000e+000
4.815465e+003,0.000000e+000
4.815947e+003,0.000000e+000
4.816429e+003,0.000000e+000
4.816911e+003,0.000000e+000
4.817393e+003,0.000000e+000
4.817875e+003,0.000000e+000
4.818357e+003,0.000000e+000
4.818839e+003,0.000000e+000
4.819322e+003,0.000000e+000
4.819804e+003,0.000000e+000
4.820286e+003,0.000000e+000
4.820768e+003,0.000000e+000
4.821250e+003,0.000000e+000
4.821732e+003,0.000000e+000
4.822214e+003,0.000000e+000
4.822696e+003,0.000000e+000
4.823179e+003,0.000000e+000
4.823661e+003,0.000000e+000
4.824143e+003,0.000000e+000
4.824625e+003,0.000000e+000
4.825107e+003,0.000000e+000
4.825589e+003,0.000000e+000
4.826071e+003,0.000000e+000
4.826554e+003,0.000000e+000
4.827036e+003,0.000000e+000
4.827518e+003,0.000000e+000
4.828000e+003,0.000000e+000
4.828482e+003,0.000000e+000
4.828964e+003,0.000000e+000
4.829446e+003,0.000000e+000
4.829928e+003,0.000000e+000
4.830411e+003,0.000000e+000
4.830893e+003,0.000000e+000
4.831375e+003,0.000000e+000
4.831857e+003,0.000000e+000
4.832339e+003,0.000000e+000
4.832821e+003,0.000000e+000
4.833303e+003,0.000000e+000
4.833785e+003,0.000000e+000
4.834268e+003,0.000000e+000
4.834750e+003,0.000000e+000
4.835232e+003,0.000000e+000
4.835714e+003,0.000000e+000
4.836196e+003,0.000000e+000
4.836678e+003,0.000000e+000
4.837160e+003,0.000000e+000
4.837643e+003,0.000000e+000
4.838125e+003,0.000000e+000
4.838606e+003,0.000000e+000
4.839089e+003,0.000000e+000
4.839571e+003,0.000000e+000
4.840053e+003,0.000000e+000
4.840535e+003,0.000000e+000
4.841017e+003,0.000000e+000
4.841500e+003,0.000000e+000
4.841981e+003,0.000000e+000
4.842464e+003,0.000000e+000
4.842946e+003,0.000000e+000
4.843428e+003,0.000000e+000
4.843910e+003,0.000000e+000
4.844392e+003,0.000000e+000
4.844875e+003,0.000000e+000
4.845356e+003,0.000000e+000
4.845838e+003,0.000000e+000
4.846321e+003,0.000000e+000
4.846803e+003,0.000000e+000
4.847285e+003,0.000000e+000
4.847767e+003,0.000000e+000
4.848249e+003,0.000000e+000
4.848731e+003,0.000000e+000
4.849213e+003,0.000000e+000
4.849695e+003,0.000000e+000
4.850178e+003,0.000000e+000
4.850660e+003,0.000000e+000
4.851142e+003,0.000000e+000
4.851624e+003,0.000000e+000
4.852106e+003,0.000000e+000
4.852588e+003,0.000000e+000
4.853070e+003,0.000000e+000
4.853553e+003,0.000000e+000
4.854035e+003,0.000000e+000
4.854517e+003,0.000000e+000
4.854999e+003,0.000000e+000
4.855481e+003,0.000000e+000
4.855963e+003,0.000000e+000
4.856445e+003,0.000000e+000
4.856927e+003,0.000000e+000
4.857410e+003,0.000000e+000
4.857892e+003,0.000000e+000
4.858374e+003,0.000000e+000
4.858856e+003,0.000000e+000
4.859338e+003,0.000000e+000
4.859820e+003,0.000000e+000
4.860302e+003,0.000000e+000
4.860784e+003,0.000000e+000
4.861267e+003,0.000000e+000
4.861749e+003,0.000000e+000
4.862231e+003,0.000000e+000
4.862713e+003,0.000000e+000
4.863195e+003,0.000000e+000
4.863677e+003,0.000000e+000
4.864159e+003,0.000000e+000
4.864642e+003,0.000000e+000
4.865124e+003,0.000000e+000
4.865605e+003,0.000000e+000
4.866088e+003,0.000000e+000
4.866570e+003,0.000000e+000
4.867052e+003,0.000000e+000
4.867534e+003,0.000000e+000
4.868016e+003,0.000000e+000
4.868499e+003,0.000000e+000
4.868980e+003,0.000000e+000
4.869463e+003,0.000000e+000
4.869945e+003,0.000000e+000
4.870427e+003,0.000000e+000
4.870909e+003,0.000000e+000
4.871391e+003,0.000000e+000
4.871873e+003,0.000000e+000
4.872355e+003,0.000000e+000
4.872837e+003,0.000000e+000
4.873320e+003,0.000000e+000
4.873802e+003,0.000000e+000
4.874284e+003,0.000000e+000
4.874766e+003,0.000000e+000
4.875248e+003,0.000000e+000
4.875730e+003,0.000000e+000
4.876212e+003,0.000000e+000
4.876694e+003,0.000000e+000
4.877177e+003,0.000000e+000
4.877659e+003,0.000000e+000
4.878141e+003,0.000000e+000
4.878623e+003,0.000000e+000
4.879105e+003,0.000000e+000
4.879587e+003,0.000000e+000
4.880069e+003,0.000000e+000
4.880552e+003,0.000000e+000
4.881034e+003,0.000000e+000
4.881516e+003,0.000000e+000
4.881998e+003,0.000000e+000
4.882480e+003,0.000000e+000
4.882962e+003,0.000000e+000
4.883444e+003,0.000000e+000
4.883926e+003,0.000000e+000
4.884409e+003,0.000000e+000
4.884891e+003,0.000000e+000
4.885373e+003,0.000000e+000
4.885855e+003,0.000000e+000
4.886337e+003,0.000000e+000
4.886819e+003,0.000000e+000
4.887301e+003,0.000000e+000
4.887783e+003,0.000000e+000
4.888266e+003,0.000000e+000
4.888748e+003,0.000000e+000
4.889230e+003,0.000000e+000
4.889712e+003,0.000000e+000
4.890194e+003,0.000000e+000
4.890676e+003,0.000000e+000
4.891158e+003,0.000000e+000
4.891641e+003,0.000000e+000
4.892123e+003,0.000000e+000
4.892604e+003,0.000000e+000
4.893087e+003,0.000000e+000
4.893569e+003,0.000000e+000
4.894051e+003,0.000000e+000
4.894533e+003,0.000000e+000
4.895015e+003,0.000000e+000
4.895498e+003,0.000000e+000
4.895979e+003,0.000000e+000
4.896461e+003,0.000000e+000
4.896944e+003,0.000000e+000
4.897426e+003,0.000000e+000
4.897908e+003,0.000000e+000
4.898390e+003,0.000000e+000
4.898872e+003,0.000000e+000
4.899354e+003,0.000000e+000
4.899836e+003,0.000000e+000
4.900319e+003,0.000000e+000
4.900801e+003,0.000000e+000
4.901283e+003,0.000000e+000
4.901765e+003,0.000000e+000
4.902247e+003,0.000000e+000
4.902729e+003,0.000000e+000
4.903211e+003,0.000000e+000
4.903693e+003,0.000000e+000
4.904176e+003,0.000000e+000
4.904658e+003,0.000000e+000
4.905140e+003,0.000000e+000
4.905622e+003,0.000000e+000
4.906104e+003,0.000000e+000
4.906586e+003,0.000000e+000
4.907068e+003,0.000000e+000
4.907550e+003,0.000000e+000
4.908033e+003,0.000000e+000
4.908515e+003,0.000000e+000
4.908997e+003,0.000000e+000
4.909479e+003,0.000000e+000
4.909961e+003,0.000000e+000
4.910443e+003,0.000000e+000
4.910925e+003,0.000000e+000
4.911408e+003,0.000000e+000
4.911890e+003,0.000000e+000
4.912372e+003,0.000000e+000
4.912854e+003,0.000000e+000
4.913336e+003,0.000000e+000
4.913818e+003,0.000000e+000
4.914300e+003,0.000000e+000
4.914782e+003,0.000000e+000
4.915265e+003,0.000000e+000
4.915747e+003,0.000000e+000
4.916229e+003,0.000000e+000
4.916711e+003,0.000000e+000
4.917193e+003,0.000000e+000
4.917675e+003,0.000000e+000
4.918157e+003,0.000000e+000
4.918640e+003,0.000000e+000
4.919122e+003,0.000000e+000
4.919604e+003,0.000000e+000
4.920086e+003,0.000000e+000
4.920568e+003,0.000000e+000
4.921050e+003,0.000000e+000
4.921532e+003,0.000000e+000
4.922014e+003,0.000000e+000
4.922497e+003,0.000000e+000
4.922979e+003,0.000000e+000
4.923460e+003,0.000000e+000
4.923943e+003,0.000000e+000
4.924425e+003,0.000000e+000
4.924907e+003,0.000000e+000
4.925389e+003,0.000000e+000
4.925871e+003,0.000000e+000
4.926354e+003,0.000000e+000
4.926835e+003,0.000000e+000
4.927318e+003,0.000000e+000
4.927800e+003,0.000000e+000
4.928282e+003,0.000000e+000
4.928764e+003,0.000000e+000
4.929246e+003,0.000000e+000
4.929729e+003,0.000000e+000
4.930210e+003,0.000000e+000
4.930692e+003,0.000000e+000
4.931175e+003,0.000000e+000
4.931657e+003,0.000000e+000
4.932139e+003,0.000000e+000
4.932621e+003,0.000000e+000
4.933103e+003,0.000000e+000
4.933585e+003,0.000000e+000
4.934067e+003,0.000000e+000
4.934549e+003,0.000000e+000
4.935032e+003,0.000000e+000
4.935514e+003,0.000000e+000
4.935996e+003,0.000000e+000
4.936478e+003,0.000000e+000
4.936960e+003,0.000000e+000
4.937442e+003,0.000000e+000
4.937924e+003,0.000000e+000
4.938407e+003,0.000000e+000
4.938889e+003,0.000000e+000
4.939371e+003,0.000000e+000
4.939853e+003,0.000000e+000
4.940335e+003,0.000000e+000
4.940817e+003,0.000000e+000
4.941299e+003,0.000000e+000
4.941781e+003,0.000000e+000
4.942264e+003,0.000000e+000
4.942746e+003,0.000000e+000
4.943228e+003,0.000000e+000
4.943710e+003,0.000000e+000
4.944192e+003,0.000000e+000
4.944674e+003,0.000000e+000
4.945156e+003,0.000000e+000
4.945638e+003,0.000000e+000
4.946121e+003,0.000000e+000
4.946603e+003,0.000000e+000
4.947085e+003,0.000000e+000
4.947567e+003,0.000000e+000
4.948049e+003,0.000000e+000
4.948531e+003,0.000000e+000
4.949013e+003,0.000000e+000
4.949496e+003,0.000000e+000
4.949978e+003,0.000000e+000
4.950459e+003,0.000000e+000
4.950942e+003,0.000000e+000
4.951424e+003,0.000000e+000
4.951906e+003,0.000000e+000
4.952388e+003,0.000000e+000
4.952870e+003,0.000000e+000
4.953353e+003,0.000000e+000
4.953834e+003,0.000000e+000
4.954317e+003,0.000000e+000
4.954799e+003,0.000000e+000
4.955281e+003,0.000000e+000
4.955763e+003,0.000000e+000
4.956245e+003,0.000000e+000
4.956727e+003,0.000000e+000
4.957209e+003,0.000000e+000
4.957691e+003,0.000000e+000
4.958174e+003,0.000000e+000
4.958656e+003,0.000000e+000
4.959138e+003,0.000000e+000
4.959620e+003,0.000000e+000
4.960102e+003,0.000000e+000
4.960584e+003,0.000000e+000
4.961066e+003,0.000000e+000
4.961548e+003,0.000000e+000
4.962031e+003,0.000000e+000
4.962513e+003,0.000000e+000
4.962995e+003,0.000000e+000
4.963477e+003,0.000000e+000
4.963959e+003,0.000000e+000
4.964441e+003,0.000000e+000
4.964923e+003,0.000000e+000
4.965406e+003,0.000000e+000
4.965888e+003,0.000000e+000
4.966370e+003,0.000000e+000
4.966852e+003,0.000000e+000
4.967334e+003,0.000000e+000
4.967816e+003,0.000000e+000
4.968298e+003,0.000000e+000
4.968780e+003,0.000000e+000
4.969263e+003,0.000000e+000
4.969745e+003,0.000000e+000
4.970227e+003,0.000000e+000
4.970709e+003,0.000000e+000
4.971191e+003,0.000000e+000
4.971673e+003,0.000000e+000
4.972155e+003,0.000000e+000
4.972637e+003,0.000000e+000
4.973120e+003,0.000000e+000
4.973602e+003,0.000000e+000
4.974084e+003,0.000000e+000
4.974566e+003,0.000000e+000
4.975048e+003,0.000000e+000
4.975530e+003,0.000000e+000
4.976012e+003,0.000000e+000
4.976495e+003,0.000000e+000
4.976977e+003,0.000000e+000
4.977458e+003,0.000000e+000
4.977941e+003,0.000000e+000
4.978423e+003,0.000000e+000
4.978905e+003,0.000000e+000
4.979387e+003,0.000000e+000
4.979869e+003,0.000000e+000
4.980352e+003,0.000000e+000
4.980833e+003,0.000000e+000
4.981315e+003,0.000000e+000
4.981798e+003,0.000000e+000
4.982280e+003,0.000000e+000
4.982762e+003,0.000000e+000
4.983244e+003,0.000000e+000
4.983726e+003,0.000000e+000
4.984208e+003,0.000000e+000
4.984690e+003,0.000000e+000
4.985173e+003,0.000000e+000
4.985655e+003,0.000000e+000
4.986137e+003,0.000000e+000
4.986619e+003,0.000000e+000
4.987101e+003,0.000000e+000
4.987583e+003,0.000000e+000
4.988065e+003,0.000000e+000
4.988547e+003,0.000000e+000
4.989030e+003,0.000000e+000
4.989512e+003,0.000000e+000
4.989994e+003,0.000000e+000
4.990476e+003,0.000000e+000
4.990958e+003,0.000000e+000
4.991440e+003,0.000000e+000
4.991922e+003,0.000000e+000
4.992404e+003,0.000000e+000
4.992887e+003,0.000000e+000
4.993369e+003,0.000000e+000
4.993851e+003,0.000000e+000
4.994333e+003,0.000000e+000
4.994815e+003,0.000000e+000
4.995297e+003,0.000000e+000
4.995779e+003,0.000000e+000
4.996262e+003,0.000000e+000
4.996744e+003,0.000000e+000
4.997226e+003,0.000000e+000
4.997708e+003,0.000000e+000
4.998190e+003,0.000000e+000
4.998672e+003,0.000000e+000
4.999154e+003,0.000000e+000
4.999636e+003,0.000000e+000
5.000119e+003,0.000000e+000
5.000601e+003,0.000000e+000
5.001083e+003,0.000000e+000
5.001565e+003,0.000000e+000
5.002047e+003,0.000000e+000
5.002529e+003,0.000000e+000
5.003011e+003,0.000000e+000
5.003494e+003,0.000000e+000
5.003976e+003,0.000000e+000
5.004458e+003,0.000000e+000
5.004940e+003,0.000000e+000
5.005422e+003,0.000000e+000
5.005904e+003,0.000000e+000
5.006386e+003,0.000000e+000
5.006868e+003,0.000000e+000
5.007351e+003,0.000000e+000
5.007833e+003,0.000000e+000
5.008314e+003,0.000000e+000
5.008797e+003,0.000000e+000
5.009279e+003,0.000000e+000
5.009761e+003,0.000000e+000
5.010243e+003,0.000000e+000
5.010725e+003,0.000000e+000
5.011208e+003,0.000000e+000
5.011689e+003,0.000000e+000
5.012172e+003,0.000000e+000
5.012654e+003,0.000000e+000
5.013136e+003,0.000000e+000
5.013618e+003,0.000000e+000
5.014100e+003,0.000000e+000
5.014583e+003,0.000000e+000
5.015064e+003,0.000000e+000
5.015546e+003,0.000000e+000
5.016029e+003,0.000000e+000
5.016511e+003,0.000000e+000
5.016993e+003,0.000000e+000
5.017475e+003,0.000000e+000
5.017957e+003,0.000000e+000
5.018439e+003,0.000000e+000
5.018921e+003,0.000000e+000
5.019403e+003,0.000000e+000
5.019886e+003,0.000000e+000
5.020368e+003,0.000000e+000
5.020850e+003,0.000000e+000
5.021332e+003,0.000000e+000
5.021814e+003,0.000000e+000
5.022296e+003,0.000000e+000
5.022778e+003,0.000000e+000
5.023261e+003,0.000000e+000
5.023743e+003,0.000000e+000
5.024225e+003,0.000000e+000
5.024707e+003,0.000000e+000
5.025189e+003,0.000000e+000
5.025671e+003,0.000000e+000
5.026153e+003,0.000000e+000
5.026635e+003,0.000000e+000
5.027118e+003,0.000000e+000
5.027600e+003,0.000000e+000
5.028082e+003,0.000000e+000
5.028564e+003,0.000000e+000
5.029046e+003,0.000000e+000
5.029528e+003,0.000000e+000
5.030010e+003,0.000000e+000
5.030492e+003,0.000000e+000
5.030975e+003,0.000000e+000
5.031457e+003,0.000000e+000
5.031939e+003,0.000000e+000
5.032421e+003,0.000000e+000
5.032903e+003,0.000000e+000
5.033385e+003,0.000000e+000
5.033867e+003,0.000000e+000
5.034350e+003,0.000000e+000
5.034832e+003,0.000000e+000
5.035313e+003,0.000000e+000
5.035796e+003,0.000000e+000
5.036278e+003,0.000000e+000
5.036760e+003,0.000000e+000
5.037242e+003,0.000000e+000
5.037724e+003,0.000000e+000
5.038207e+003,0.000000e+000
5.038688e+003,0.000000e+000
5.039171e+003,0.000000e+000
5.039653e+003,0.000000e+000
5.040135e+003,0.000000e+000
5.040617e+003,0.000000e+000
5.041099e+003,0.000000e+000
5.041581e+003,0.000000e+000
5.042063e+003,0.000000e+000
5.042545e+003,0.000000e+000
5.043028e+003,0.000000e+000
5.043510e+003,0.000000e+000
5.043992e+003,0.000000e+000
5.044474e+003,0.000000e+000
5.044956e+003,0.000000e+000
5.045438e+003,0.000000e+000
5.045920e+003,0.000000e+000
5.046402e+003,0.000000e+000
5.046885e+003,0.000000e+000
5.047367e+003,0.000000e+000
5.047849e+003,0.000000e+000
5.048331e+003,0.000000e+000
5.048813e+003,0.000000e+000
5.049295e+003,0.000000e+000
5.049777e+003,0.000000e+000
5.050260e+003,0.000000e+000
5.050742e+003,0.000000e+000
5.051224e+003,0.000000e+000
5.051706e+003,0.000000e+000
5.052188e+003,0.000000e+000
5.052670e+003,0.000000e+000
5.053152e+003,0.000000e+000
5.053634e+003,0.000000e+000
5.054117e+003,0.000000e+000
5.054599e+003,0.000000e+000
5.055081e+003,0.000000e+000
5.055563e+003,0.000000e+000
5.056045e+003,0.000000e+000
5.056527e+003,0.000000e+000
5.057009e+003,0.000000e+000
5.057491e+003,0.000000e+000
5.057974e+003,0.000000e+000
5.058456e+003,0.000000e+000
5.058938e+003,0.000000e+000
5.059420e+003,0.000000e+000
5.059902e+003,0.000000e+000
5.060384e+003,0.000000e+000
5.060866e+003,0.000000e+000
5.061349e+003,0.000000e+000
5.061831e+003,0.000000e+000
5.062313e+003,0.000000e+000
5.062795e+003,0.000000e+000
5.063277e+003,0.000000e+000
5.063759e+003,0.000000e+000
5.064241e+003,0.000000e+000
5.064723e+003,0.000000e+000
5.065206e+003,0.000000e+000
5.065688e+003,0.000000e+000
5.066169e+003,0.000000e+000
5.066652e+003,0.000000e+000
5.067134e+003,0.000000e+000
5.067616e+003,0.000000e+000
5.068098e+003,0.000000e+000
5.068580e+003,0.000000e+000
5.069063e+003,0.000000e+000
5.069544e+003,0.000000e+000
5.070027e+003,0.000000e+000
5.070509e+003,0.000000e+000
5.070991e+003,0.000000e+000
5.071473e+003,0.000000e+000
5.071955e+003,0.000000e+000
5.072438e+003,0.000000e+000
5.072919e+003,0.000000e+000
5.073401e+003,0.000000e+000
5.073884e+003,0.000000e+000
5.074366e+003,0.000000e+000
5.074848e+003,0.000000e+000
5.075330e+003,0.000000e+000
5.075812e+003,0.000000e+000
5.076294e+003,0.000000e+000
5.076776e+003,0.000000e+000
5.077259e+003,0.000000e+000
5.077741e+003,0.000000e+000
5.078223e+003,0.000000e+000
5.078705e+003,0.000000e+000
5.079187e+003,0.000000e+000
5.079669e+003,0.000000e+000
5.080151e+003,0.000000e+000
5.080633e+003,0.000000e+000
5.081116e+003,0.000000e+000
5.081598e+003,0.000000e+000
5.082080e+003,0.000000e+000
5.082562e+003,0.000000e+000
5.083044e+003,0.000000e+000
5.083526e+003,0.000000e+000
5.084008e+003,0.000000e+000
5.084490e+003,0.000000e+000
5.084973e+003,0.000000e+000
5.085455e+003,0.000000e+000
5.085937e+003,0.000000e+000
5.086419e+003,0.000000e+000
5.086901e+003,0.000000e+000
5.087383e+003,0.000000e+000
5.087865e+003,0.000000e+000
5.088348e+003,0.000000e+000
5.088830e+003,0.000000e+000
5.089312e+003,0.000000e+000
5.089794e+003,0.000000e+000
5.090276e+003,0.000000e+000
5.090758e+003,0.000000e+000
5.091240e+003,0.000000e+000
5.091722e+003,0.000000e+000
5.092205e+003,0.000000e+000
5.092687e+003,0.000000e+000
5.093168e+003,0.000000e+000
5.093651e+003,0.000000e+000
5.094133e+003,0.000000e+000
5.094615e+003,0.000000e+000
5.095097e+003,0.000000e+000
5.095579e+003,0.000000e+000
5.096062e+003,0.000000e+000
5.096543e+003,0.000000e+000
5.097026e+003,0.000000e+000
5.097508e+003,0.000000e+000
5.097990e+003,0.000000e+000
5.098472e+003,0.000000e+000
5.098954e+003,0.000000e+000
5.099437e+003,0.000000e+000
5.099918e+003,0.000000e+000
5.100400e+003,0.000000e+000
5.100883e+003,0.000000e+000
5.101365e+003,0.000000e+000
5.101847e+003,0.000000e+000
5.102329e+003,0.000000e+000
5.102811e+003,0.000000e+000
5.103293e+003,0.000000e+000
5.103775e+003,0.000000e+000
5.104257e+003,0.000000e+000
5.104740e+003,0.000000e+000
5.105222e+003,0.000000e+000
5.105704e+003,0.000000e+000
5.106186e+003,0.000000e+000
5.106668e+003,0.000000e+000
5.107150e+003,0.000000e+000
5.107632e+003,0.000000e+000
5.108115e+003,0.000000e+000
5.108597e+003,0.000000e+000
5.109079e+003,0.000000e+000
5.109561e+003,0.000000e+000
5.110043e+003,0.000000e+000
5.110525e+003,0.000000e+000
5.111007e+003,0.000000e+000
5.111489e+003,0.000000e+000
5.111972e+003,0.000000e+000
5.112454e+003,0.000000e+000
5.112936e+003,0.000000e+000
5.113418e+003,0.000000e+000
5.113900e+003,0.000000e+000
5.114382e+003,0.000000e+000
5.114864e+003,0.000000e+000
5.115346e+003,0.000000e+000
5.115829e+003,0.000000e+000
5.116311e+003,0.000000e+000
5.116793e+003,0.000000e+000
5.117275e+003,0.000000e+000
5.117757e+003,0.000000e+000
5.118239e+003,0.000000e+000
5.118721e+003,0.000000e+000
5.119204e+003,0.000000e+000
5.119686e+003,0.000000e+000
5.120167e+003,0.000000e+000
5.120650e+003,0.000000e+000
5.121132e+003,0.000000e+000
5.121614e+003,0.000000e+000
5.122096e+003,0.000000e+000
5.122578e+003,0.000000e+000
5.123061e+003,0.000000e+000
5.123542e+003,0.000000e+000
5.124025e+003,0.000000e+000
5.124507e+003,0.000000e+000
5.124989e+003,0.000000e+000
5.125471e+003,0.000000e+000
5.125953e+003,0.000000e+000
5.126435e+003,0.000000e+000
5.126917e+003,0.000000e+000
5.127399e+003,0.000000e+000
5.127882e+003,0.000000e+000
5.128364e+003,0.000000e+000
5.128846e+003,0.000000e+000
5.129328e+003,0.000000e+000
5.129810e+003,0.000000e+000
5.130292e+003,0.000000e+000
5.130774e+003,0.000000e+000
5.131256e+003,0.000000e+000
5.131739e+003,0.000000e+000
5.132221e+003,0.000000e+000
5.132703e+003,0.000000e+000
5.133185e+003,0.000000e+000
5.133667e+003,0.000000e+000
5.134149e+003,0.000000e+000
5.134631e+003,0.000000e+000
5.135114e+003,0.000000e+000
5.135596e+003,0.000000e+000
5.136078e+003,0.000000e+000
5.136560e+003,0.000000e+000
5.137042e+003,0.000000e+000
5.137524e+003,0.000000e+000
5.138006e+003,0.000000e+000
5.138488e+003,0.000000e+000
5.138971e+003,0.000000e+000
5.139453e+003,0.000000e+000
5.139935e+003,0.000000e+000
5.140417e+003,0.000000e+000
5.140899e+003,0.000000e+000
5.141381e+003,0.000000e+000
5.141863e+003,0.000000e+000
5.142345e+003,0.000000e+000
5.142828e+003,0.000000e+000
5.143310e+003,0.000000e+000
5.143792e+003,0.000000e+000
5.144274e+003,0.000000e+000
5.144756e+003,0.000000e+000
5.145238e+003,0.000000e+000
5.145720e+003,0.000000e+000
5.146203e+003,0.000000e+000
5.146685e+003,0.000000e+000
5.147167e+003,0.000000e+000
5.147649e+003,0.000000e+000
5.148131e+003,0.000000e+000
5.148613e+003,0.000000e+000
5.149095e+003,0.000000e+000
5.149577e+003,0.000000e+000
5.150060e+003,0.000000e+000
5.150542e+003,0.000000e+000
5.151023e+003,0.000000e+000
5.151506e+003,0.000000e+000
5.151988e+003,0.000000e+000
5.152470e+003,0.000000e+000
5.152952e+003,0.000000e+000
5.153434e+003,0.000000e+000
5.153917e+003,0.000000e+000
5.154398e+003,0.000000e+000
5.154881e+003,0.000000e+000
5.155363e+003,0.000000e+000
5.155845e+003,0.000000e+000
5.156327e+003,0.000000e+000
5.156809e+003,0.000000e+000
5.157292e+003,0.000000e+000
5.157773e+003,0.000000e+000
5.158255e+003,0.000000e+000
5.158738e+003,0.000000e+000
5.159220e+003,0.000000e+000
5.159702e+003,0.000000e+000
5.160184e+003,0.000000e+000
5.160666e+003,0.000000e+000
5.161148e+003,0.000000e+000
5.161630e+003,0.000000e+000
5.162113e+003,0.000000e+000
5.162595e+003,0.000000e+000
5.163077e+003,0.000000e+000
5.163559e+003,0.000000e+000
5.164041e+003,0.000000e+000
5.164523e+003,0.000000e+000
5.165005e+003,0.000000e+000
5.165487e+003,0.000000e+000
5.165970e+003,0.000000e+000
5.166452e+003,0.000000e+000
5.166934e+003,0.000000e+000
5.167416e+003,0.000000e+000
5.167898e+003,0.000000e+000
5.168380e+003,0.000000e+000
5.168862e+003,0.000000e+000
5.169344e+003,0.000000e+000
5.169827e+003,0.000000e+000
5.170309e+003,0.000000e+000
5.170791e+003,0.000000e+000
5.171273e+003,0.000000e+000
5.171755e+003,0.000000e+000
5.172237e+003,0.000000e+000
5.172719e+003,0.000000e+000
5.173202e+003,0.000000e+000
5.173684e+003,0.000000e+000
5.174166e+003,0.000000e+000
5.174648e+003,0.000000e+000
5.175130e+003,0.000000e+000
5.175612e+003,0.000000e+000
5.176094e+003,0.000000e+000
5.176576e+003,0.000000e+000
5.177059e+003,0.000000e+000
5.177541e+003,0.000000e+000
5.178022e+003,0.000000e+000
5.178505e+003,0.000000e+000
5.178987e+003,0.000000e+000
5.179469e+003,0.000000e+000
5.179951e+003,0.000000e+000
5.180433e+003,0.000000e+000
5.180916e+003,0.000000e+000
5.181397e+003,0.000000e+000
5.181880e+003,0.000000e+000
5.182362e+003,0.000000e+000
5.182844e+003,0.000000e+000
5.183326e+003,0.000000e+000
5.183808e+003,0.000000e+000
5.184291e+003,0.000000e+000
5.184772e+003,0.000000e+000
5.185254e+003,0.000000e+000
5.185737e+003,0.000000e+000
5.186219e+003,0.000000e+000
5.186701e+003,0.000000e+000
5.187183e+003,0.000000e+000
5.187665e+003,0.000000e+000
5.188147e+003,0.000000e+000
5.188629e+003,0.000000e+000
5.189111e+003,0.000000e+000
5.189594e+003,0.000000e+000
5.190076e+003,0.000000e+000
5.190558e+003,0.000000e+000
5.191040e+003,0.000000e+000
5.191522e+003,0.000000e+000
5.192004e+003,0.000000e+000
5.192486e+003,0.000000e+000
5.192969e+003,0.000000e+000
5.193451e+003,0.000000e+000
5.193933e+003,0.000000e+000
5.194415e+003,0.000000e+000
5.194897e+003,0.000000e+000
5.195379e+003,0.000000e+000
5.195861e+003,0.000000e+000
5.196343e+003,0.000000e+000
5.196826e+003,0.000000e+000
5.197308e+003,0.000000e+000
5.197790e+003,0.000000e+000
5.198272e+003,0.000000e+000
5.198754e+003,0.000000e+000
5.199236e+003,0.000000e+000
5.199718e+003,0.000000e+000
5.200200e+003,0.000000e+000
5.200683e+003,0.000000e+000
5.201165e+003,0.000000e+000
5.201647e+003,0.000000e+000
5.202129e+003,0.000000e+000
5.202611e+003,0.000000e+000
5.203093e+003,0.000000e+000
5.203575e+003,0.000000e+000
5.204058e+003,0.000000e+000
5.204540e+003,0.000000e+000
5.205021e+003,0.000000e+000
5.205504e+003,0.000000e+000
5.205986e+003,0.000000e+000
5.206468e+003,0.000000e+000
5.206950e+003,0.000000e+000
5.207432e+003,0.000000e+000
5.207915e+003,0.000000e+000
5.208396e+003,0.000000e+000
5.208879e+003,0.000000e+000
5.209361e+003,0.000000e+000
5.209843e+003,0.000000e+000
5.210325e+003,0.000000e+000
5.210807e+003,0.000000e+000
5.211290e+003,0.000000e+000
5.211771e+003,0.000000e+000
5.212253e+003,0.000000e+000
5.212736e+003,0.000000e+000
5.213218e+003,0.000000e+000
5.213700e+003,0.000000e+000
5.214182e+003,0.000000e+000
5.214664e+003,0.000000e+000
5.215146e+003,0.000000e+000
5.215628e+003,0.000000e+000
5.216110e+003,0.000000e+000
5.216593e+003,0.000000e+000
5.217075e+003,0.000000e+000
5.217557e+003,0.000000e+000
5.218039e+003,0.000000e+000
5.218521e+003,0.000000e+000
5.219003e+003,0.000000e+000
5.219485e+003,0.000000e+000
5.219968e+003,0.000000e+000
5.220450e+003,0.000000e+000
5.220932e+003,0.000000e+000
5.221414e+003,0.000000e+000
5.221896e+003,0.000000e+000
5.222378e+003,0.000000e+000
5.222860e+003,0.000000e+000
5.223342e+003,0.000000e+000
5.223825e+003,0.000000e+000
5.224307e+003,0.000000e+000
5.224789e+003,0.000000e+000
5.225271e+003,0.000000e+000
5.225753e+003,0.000000e+000
5.226235e+003,0.000000e+000
5.226717e+003,0.000000e+000
5.227199e+003,0.000000e+000
5.227682e+003,0.000000e+000
5.228164e+003,0.000000e+000
5.228646e+003,0.000000e+000
5.229128e+003,0.000000e+000
5.229610e+003,0.000000e+000
5.230092e+003,0.000000e+000
5.230574e+003,0.000000e+000
5.231057e+003,0.000000e+000
5.231539e+003,0.000000e+000
5.232021e+003,0.000000e+000
5.232503e+003,0.000000e+000
5.232985e+003,0.000000e+000
5.233467e+003,0.000000e+000
5.233949e+003,0.000000e+000
5.234431e+003,0.000000e+000
5.234914e+003,0.000000e+000
5.235396e+003,0.000000e+000
5.235877e+003,0.000000e+000
5.236360e+003,0.000000e+000
5.236842e+003,0.000000e+000
5.237324e+003,0.000000e+000
5.237806e+003,0.000000e+000
5.238288e+003,0.000000e+000
5.238771e+003,0.000000e+000
5.239252e+003,0.000000e+000
5.239735e+003,0.000000e+000
5.240217e+003,0.000000e+000
5.240699e+003,0.000000e+000
5.241181e+003,0.000000e+000
5.241663e+003,0.000000e+000
5.242146e+003,0.000000e+000
5.242627e+003,0.000000e+000
5.243109e+003,0.000000e+000
5.243592e+003,0.000000e+000
5.244074e+003,0.000000e+000
5.244556e+003,0.000000e+000
5.245038e+003,0.000000e+000
5.245520e+003,0.000000e+000
5.246002e+003,0.000000e+000
5.246484e+003,0.000000e+000
5.246967e+003,0.000000e+000
5.247449e+003,0.000000e+000
5.247931e+003,0.000000e+000
5.248413e+003,0.000000e+000
5.248895e+003,0.000000e+000
5.249377e+003,0.000000e+000
5.249859e+003,0.000000e+000
5.250341e+003,0.000000e+000
5.250824e+003,0.000000e+000
5.251306e+003,0.000000e+000
5.251788e+003,0.000000e+000
5.252270e+003,0.000000e+000
5.252752e+003,0.000000e+000
5.253234e+003,0.000000e+000
5.253716e+003,0.000000e+000
5.254198e+003,0.000000e+000
5.254681e+003,0.000000e+000
5.255163e+003,0.000000e+000
5.255645e+003,0.000000e+000
5.256127e+003,0.000000e+000
5.256609e+003,0.000000e+000
5.257091e+003,0.000000e+000
5.257573e+003,0.000000e+000
5.258056e+003,0.000000e+000
5.258538e+003,0.000000e+000
5.259020e+003,0.000000e+000
5.259502e+003,0.000000e+000
5.259984e+003,0.000000e+000
5.260466e+003,0.000000e+000
5.260948e+003,0.000000e+000
5.261430e+003,0.000000e+000
5.261913e+003,0.000000e+000
5.262395e+003,0.000000e+000
5.262876e+003,0.000000e+000
5.263359e+003,0.000000e+000
5.263841e+003,0.000000e+000
5.264323e+003,0.000000e+000
5.264805e+003,0.000000e+000
5.265287e+003,0.000000e+000
5.265770e+003,0.000000e+000
5.266251e+003,0.000000e+000
5.266734e+003,0.000000e+000
5.267216e+003,0.000000e+000
5.267698e+003,0.000000e+000
5.268180e+003,0.000000e+000
5.268662e+003,0.000000e+000
5.269145e+003,0.000000e+000
5.269626e+003,0.000000e+000
5.270108e+003,0.000000e+000
5.270591e+003,0.000000e+000
5.271073e+003,0.000000e+000
5.271555e+003,0.000000e+000
5.272037e+003,0.000000e+000
5.272519e+003,0.000000e+000
5.273001e+003,0.000000e+000
5.273483e+003,0.000000e+000
5.273965e+003,0.000000e+000
5.274448e+003,0.000000e+000
5.274930e+003,0.000000e+000
5.275412e+003,0.000000e+000
5.275894e+003,0.000000e+000
5.276376e+003,0.000000e+000
5.276858e+003,0.000000e+000
5.277340e+003,0.000000e+000
5.277823e+003,0.000000e+000
5.278305e+003,0.000000e+000
5.278787e+003,0.000000e+000
5.279269e+003,0.000000e+000
5.279751e+003,0.000000e+000
5.280233e+003,0.000000e+000
5.280715e+003,0.000000e+000
5.281197e+003,0.000000e+000
5.281680e+003,0.000000e+000
5.282162e+003,0.000000e+000
5.282644e+003,0.000000e+000
5.283126e+003,0.000000e+000
5.283608e+003,0.000000e+000
5.284090e+003,0.000000e+000
5.284572e+003,0.000000e+000
5.285054e+003,0.000000e+000
5.285537e+003,0.000000e+000
5.286019e+003,0.000000e+000
5.286501e+003,0.000000e+000
5.286983e+003,0.000000e+000
5.287465e+003,0.000000e+000
5.287947e+003,0.000000e+000
5.288429e+003,0.000000e+000
5.288912e+003,0.000000e+000
5.289394e+003,0.000000e+000
5.289875e+003,0.000000e+000
5.290358e+003,0.000000e+000
5.290840e+003,0.000000e+000
5.291322e+003,0.000000e+000
5.291804e+003,0.000000e+000
5.292286e+003,0.000000e+000
5.292769e+003,0.000000e+000
5.293250e+003,0.000000e+000
5.293733e+003,0.000000e+000
5.294215e+003,0.000000e+000
5.294697e+003,0.000000e+000
5.295179e+003,0.000000e+000
5.295661e+003,0.000000e+000
5.296144e+003,0.000000e+000
5.296625e+003,0.000000e+000
5.297107e+003,0.000000e+000
5.297590e+003,0.000000e+000
5.298072e+003,0.000000e+000
5.298554e+003,0.000000e+000
5.299036e+003,0.000000e+000
5.299518e+003,0.000000e+000
5.300000e+003,0.000000e+000
5.300482e+003,0.000000e+000
5.300964e+003,0.000000e+000
5.301447e+003,0.000000e+000
5.301929e+003,0.000000e+000
5.302411e+003,0.000000e+000
5.302893e+003,0.000000e+000
5.303375e+003,0.000000e+000
5.303857e+003,0.000000e+000
5.304339e+003,0.000000e+000
5.304822e+003,0.000000e+000
5.305304e+003,0.000000e+000
5.305786e+003,0.000000e+000
5.306268e+003,0.000000e+000
5.306750e+003,0.000000e+000
5.307232e+003,0.000000e+000
5.307714e+003,0.000000e+000
5.308196e+003,0.000000e+000
5.308679e+003,0.000000e+000
5.309161e+003,0.000000e+000
5.309643e+003,0.000000e+000
5.310125e+003,0.000000e+000
5.310607e+003,0.000000e+000
5.311089e+003,0.000000e+000
5.311571e+003,0.000000e+000
5.312053e+003,0.000000e+000
5.312536e+003,0.000000e+000
5.313018e+003,0.000000e+000
5.313500e+003,0.000000e+000
5.313982e+003,0.000000e+000
5.314464e+003,0.000000e+000
5.314946e+003,0.000000e+000
5.315428e+003,0.000000e+000
5.315911e+003,0.000000e+000
5.316393e+003,0.000000e+000
5.316875e+003,0.000000e+000
5.317357e+003,0.000000e+000
5.317839e+003,0.000000e+000
5.318321e+003,0.000000e+000
5.318803e+003,0.000000e+000
5.319285e+003,0.000000e+000
5.319768e+003,0.000000e+000
5.320250e+003,0.000000e+000
5.320732e+003,0.000000e+000
5.321214e+003,0.000000e+000
5.321696e+003,0.000000e+000
5.322178e+003,0.000000e+000
5.322660e+003,0.000000e+000
5.323142e+003,0.000000e+000
5.323625e+003,0.000000e+000
5.324106e+003,0.000000e+000
5.324589e+003,0.000000e+000
5.325071e+003,0.000000e+000
5.325553e+003,0.000000e+000
5.326035e+003,0.000000e+000
5.326517e+003,0.000000e+000
5.327000e+003,0.000000e+000
5.327481e+003,0.000000e+000
5.327963e+003,0.000000e+000
5.328446e+003,0.000000e+000
5.328928e+003,0.000000e+000
5.329410e+003,0.000000e+000
5.329892e+003,0.000000e+000
5.330374e+003,0.000000e+000
5.330856e+003,0.000000e+000
5.331338e+003,0.000000e+000
5.331821e+003,0.000000e+000
5.332303e+003,0.000000e+000
5.332785e+003,0.000000e+000
5.333267e+003,0.000000e+000
5.333749e+003,0.000000e+000
5.334231e+003,0.000000e+000
5.334713e+003,0.000000e+000
5.335195e+003,0.000000e+000
5.335678e+003,0.000000e+000
5.336160e+003,0.000000e+000
5.336642e+003,0.000000e+000
5.337124e+003,0.000000e+000
5.337606e+003,0.000000e+000
5.338088e+003,0.000000e+000
5.338570e+003,0.000000e+000
5.339052e+003,0.000000e+000
5.339535e+003,0.000000e+000
5.340017e+003,0.000000e+000
5.340499e+003,0.000000e+000
5.340981e+003,0.000000e+000
5.341463e+003,0.000000e+000
5.341945e+003,0.000000e+000
5.342427e+003,0.000000e+000
5.342910e+003,0.000000e+000
5.343392e+003,0.000000e+000
5.343874e+003,0.000000e+000
5.344356e+003,0.000000e+000
5.344838e+003,0.000000e+000
5.345320e+003,0.000000e+000
5.345802e+003,0.000000e+000
5.346284e+003,0.000000e+000
5.346767e+003,0.000000e+000
5.347249e+003,0.000000e+000
5.347730e+003,0.000000e+000
5.348213e+003,0.000000e+000
5.348695e+003,0.000000e+000
5.349177e+003,0.000000e+000
5.349659e+003,0.000000e+000
5.350141e+003,0.000000e+000
5.350624e+003,0.000000e+000
5.351105e+003,0.000000e+000
5.351588e+003,0.000000e+000
5.352070e+003,0.000000e+000
5.352552e+003,0.000000e+000
5.353034e+003,0.000000e+000
5.353516e+003,0.000000e+000
5.353999e+003,0.000000e+000
5.354480e+003,0.000000e+000
5.354962e+003,0.000000e+000
5.355445e+003,0.000000e+000
5.355927e+003,0.000000e+000
5.356409e+003,0.000000e+000
5.356891e+003,0.000000e+000
5.357373e+003,0.000000e+000
5.357855e+003,0.000000e+000
5.358337e+003,0.000000e+000
5.358819e+003,0.000000e+000
5.359302e+003,0.000000e+000
5.359784e+003,0.000000e+000
5.360266e+003,0.000000e+000
5.360748e+003,0.000000e+000
5.361230e+003,0.000000e+000
5.361712e+003,0.000000e+000
5.362194e+003,0.000000e+000
5.362677e+003,0.000000e+000
5.363159e+003,0.000000e+000
5.363641e+003,0.000000e+000
5.364123e+003,0.000000e+000
5.364605e+003,0.000000e+000
5.365087e+003,0.000000e+000
5.365569e+003,0.000000e+000
5.366051e+003,0.000000e+000
5.366534e+003,0.000000e+000
5.367016e+003,0.000000e+000
5.367498e+003,0.000000e+000
5.367980e+003,0.000000e+000
5.368462e+003,0.000000e+000
5.368944e+003,0.000000e+000
5.369426e+003,0.000000e+000
5.369908e+003,0.000000e+000
5.370391e+003,0.000000e+000
5.370873e+003,0.000000e+000
5.371355e+003,0.000000e+000
5.371837e+003,0.000000e+000
5.372319e+003,0.000000e+000
5.372801e+003,0.000000e+000
5.373283e+003,0.000000e+000
5.373766e+003,0.000000e+000
5.374248e+003,0.000000e+000
5.374729e+003,0.000000e+000
5.375212e+003,0.000000e+000
5.375694e+003,0.000000e+000
5.376176e+003,0.000000e+000
5.376658e+003,0.000000e+000
5.377140e+003,0.000000e+000
5.377623e+003,0.000000e+000
5.378104e+003,0.000000e+000
5.378587e+003,0.000000e+000
5.379069e+003,0.000000e+000
5.379551e+003,0.000000e+000
5.380033e+003,0.000000e+000
5.380515e+003,0.000000e+000
5.380998e+003,0.000000e+000
5.381479e+003,0.000000e+000
5.381961e+003,0.000000e+000
5.382444e+003,0.000000e+000
5.382926e+003,0.000000e+000
5.383408e+003,0.000000e+000
5.383890e+003,0.000000e+000
5.384372e+003,0.000000e+000
5.384854e+003,0.000000e+000
5.385336e+003,0.000000e+000
5.385818e+003,0.000000e+000
5.386301e+003,0.000000e+000
5.386783e+003,0.000000e+000
5.387265e+003,0.000000e+000
5.387747e+003,0.000000e+000
5.388229e+003,0.000000e+000
5.388711e+003,0.000000e+000
5.389193e+003,0.000000e+000
5.389676e+003,0.000000e+000
5.390158e+003,0.000000e+000
5.390640e+003,0.000000e+000
5.391122e+003,0.000000e+000
5.391604e+003,0.000000e+000
5.392086e+003,0.000000e+000
5.392568e+003,0.000000e+000
5.393050e+003,0.000000e+000
5.393533e+003,0.000000e+000
5.394015e+003,0.000000e+000
5.394497e+003,0.000000e+000
5.394979e+003,0.000000e+000
5.395461e+003,0.000000e+000
5.395943e+003,0.000000e+000
5.396425e+003,0.000000e+000
5.396907e+003,0.000000e+000
5.397390e+003,0.000000e+000
5.397872e+003,0.000000e+000
5.398354e+003,0.000000e+000
5.398836e+003,0.000000e+000
5.399318e+003,0.000000e+000
5.399800e+003,0.000000e+000
5.400282e+003,0.000000e+000
5.400765e+003,0.000000e+000
5.401247e+003,0.000000e+000
5.401729e+003,0.000000e+000
5.402211e+003,0.000000e+000
5.402693e+003,0.000000e+000
5.403175e+003,0.000000e+000
5.403657e+003,0.000000e+000
5.404139e+003,0.000000e+000
5.404622e+003,0.000000e+000
5.405104e+003,0.000000e+000
5.405586e+003,0.000000e+000
5.406068e+003,0.000000e+000
5.406550e+003,0.000000e+000
5.407032e+003,0.000000e+000
5.407514e+003,0.000000e+000
5.407996e+003,0.000000e+000
5.408479e+003,0.000000e+000
5.408960e+003,0.000000e+000
5.409443e+003,0.000000e+000
5.409925e+003,0.000000e+000
5.410407e+003,0.000000e+000
5.410889e+003,0.000000e+000
5.411371e+003,0.000000e+000
5.411854e+003,0.000000e+000
5.412335e+003,0.000000e+000
5.412817e+003,0.000000e+000
5.413300e+003,0.000000e+000
5.413782e+003,0.000000e+000
5.414264e+003,0.000000e+000
5.414746e+003,0.000000e+000
5.415228e+003,0.000000e+000
5.415710e+003,0.000000e+000
5.416192e+003,0.000000e+000
5.416675e+003,0.000000e+000
5.417157e+003,0.000000e+000
5.417639e+003,0.000000e+000
5.418121e+003,0.000000e+000
5.418603e+003,0.000000e+000
5.419085e+003,0.000000e+000
5.419567e+003,0.000000e+000
5.420049e+003,0.000000e+000
5.420532e+003,0.000000e+000
5.421014e+003,0.000000e+000
5.421496e+003,0.000000e+000
5.421978e+003,0.000000e+000
5.422460e+003,0.000000e+000
5.422942e+003,0.000000e+000
5.423424e+003,0.000000e+000
5.423906e+003,0.000000e+000
5.424389e+003,0.000000e+000
5.424871e+003,0.000000e+000
5.425353e+003,0.000000e+000
5.425835e+003,0.000000e+000
5.426317e+003,0.000000e+000
5.426799e+003,0.000000e+000
5.427281e+003,0.000000e+000
5.427764e+003,0.000000e+000
5.428246e+003,0.000000e+000
5.428728e+003,0.000000e+000
5.429210e+003,0.000000e+000
5.429692e+003,0.000000e+000
5.430174e+003,0.000000e+000
5.430656e+003,0.000000e+000
5.431138e+003,0.000000e+000
5.431621e+003,0.000000e+000
5.432103e+003,0.000000e+000
5.432584e+003,0.000000e+000
5.433067e+003,0.000000e+000
5.433549e+003,0.000000e+000
5.434031e+003,0.000000e+000
5.434513e+003,0.000000e+000
5.434995e+003,0.000000e+000
5.435478e+003,0.000000e+000
5.435959e+003,0.000000e+000
5.436442e+003,0.000000e+000
5.436924e+003,0.000000e+000
5.437406e+003,0.000000e+000
5.437888e+003,0.000000e+000
5.438370e+003,0.000000e+000
5.438853e+003,0.000000e+000
5.439334e+003,0.000000e+000
5.439816e+003,0.000000e+000
5.440299e+003,0.000000e+000
5.440781e+003,0.000000e+000
5.441263e+003,0.000000e+000
5.441745e+003,0.000000e+000
5.442227e+003,0.000000e+000
5.442709e+003,0.000000e+000
5.443191e+003,0.000000e+000
5.443673e+003,0.000000e+000
5.444156e+003,0.000000e+000
5.444638e+003,0.000000e+000
5.445120e+003,0.000000e+000
5.445602e+003,0.000000e+000
5.446084e+003,0.000000e+000
5.446566e+003,0.000000e+000
5.447048e+003,0.000000e+000
5.447531e+003,0.000000e+000
5.448013e+003,0.000000e+000
5.448495e+003,0.000000e+000
5.448977e+003,0.000000e+000
5.449459e+003,0.000000e+000
5.449941e+003,0.000000e+000
5.450423e+003,0.000000e+000
5.450905e+003,0.000000e+000
5.451388e+003,0.000000e+000
5.451870e+003,0.000000e+000
5.452352e+003,0.000000e+000
5.452834e+003,0.000000e+000
5.453316e+003,0.000000e+000
5.453798e+003,0.000000e+000
5.454280e+003,0.000000e+000
5.454763e+003,0.000000e+000
5.455245e+003,0.000000e+000
5.455727e+003,0.000000e+000
5.456209e+003,0.000000e+000
5.456691e+003,0.000000e+000
5.457173e+003,0.000000e+000
5.457655e+003,0.000000e+000
5.458137e+003,0.000000e+000
5.458620e+003,0.000000e+000
5.459102e+003,0.000000e+000
5.459583e+003,0.000000e+000
5.460066e+003,0.000000e+000
5.460548e+003,0.000000e+000
5.461030e+003,0.000000e+000
5.461512e+003,0.000000e+000
5.461994e+003,0.000000e+000
5.462477e+003,0.000000e+000
5.462958e+003,0.000000e+000
5.463441e+003,0.000000e+000
5.463923e+003,0.000000e+000
5.464405e+003,0.000000e+000
5.464887e+003,0.000000e+000
5.465369e+003,0.000000e+000
5.465852e+003,0.000000e+000
5.466333e+003,0.000000e+000
5.466815e+003,0.000000e+000
5.467298e+003,0.000000e+000
5.467780e+003,0.000000e+000
5.468262e+003,0.000000e+000
5.468744e+003,0.000000e+000
5.469226e+003,0.000000e+000
5.469708e+003,0.000000e+000
5.470190e+003,0.000000e+000
5.470672e+003,0.000000e+000
5.471155e+003,0.000000e+000
5.471637e+003,0.000000e+000
5.472119e+003,0.000000e+000
5.472601e+003,0.000000e+000
5.473083e+003,0.000000e+000
5.473565e+003,0.000000e+000
5.474047e+003,0.000000e+000
5.474530e+003,0.000000e+000
5.475012e+003,0.000000e+000
5.475494e+003,0.000000e+000
5.475976e+003,0.000000e+000
5.476458e+003,0.000000e+000
5.476940e+003,0.000000e+000
5.477422e+003,0.000000e+000
5.477904e+003,0.000000e+000
5.478387e+003,0.000000e+000
5.478869e+003,0.000000e+000
5.479351e+003,0.000000e+000
5.479833e+003,0.000000e+000
5.480315e+003,0.000000e+000
5.480797e+003,0.000000e+000
5.481279e+003,0.000000e+000
5.481761e+003,0.000000e+000
5.482244e+003,0.000000e+000
5.482726e+003,0.000000e+000
5.483208e+003,0.000000e+000
5.483690e+003,0.000000e+000
5.484172e+003,0.000000e+000
5.484654e+003,0.000000e+000
5.485136e+003,0.000000e+000
5.485619e+003,0.000000e+000
5.486101e+003,0.000000e+000
5.486583e+003,0.000000e+000
5.487065e+003,0.000000e+000
5.487547e+003,0.000000e+000
5.488029e+003,0.000000e+000
5.488511e+003,0.000000e+000
5.488993e+003,0.000000e+000
5.489476e+003,0.000000e+000
5.489958e+003,0.000000e+000
5.490440e+003,0.000000e+000
5.490922e+003,0.000000e+000
5.491404e+003,0.000000e+000
5.491886e+003,0.000000e+000
5.492368e+003,0.000000e+000
5.492850e+003,0.000000e+000
5.493333e+003,0.000000e+000
5.493814e+003,0.000000e+000
5.494297e+003,0.000000e+000
5.494779e+003,0.000000e+000
5.495261e+003,0.000000e+000
5.495743e+003,0.000000e+000
5.496225e+003,0.000000e+000
5.496708e+003,0.000000e+000
5.497189e+003,0.000000e+000
5.497671e+003,0.000000e+000
5.498154e+003,0.000000e+000
5.498636e+003,0.000000e+000
5.499118e+003,0.000000e+000
5.499600e+003,0.000000e+000
5.500082e+003,0.000000e+000
5.500564e+003,0.000000e+000
5.501046e+003,0.000000e+000
5.501529e+003,0.000000e+000
5.502011e+003,0.000000e+000
5.502493e+003,0.000000e+000
5.502975e+003,0.000000e+000
5.503457e+003,0.000000e+000
5.503939e+003,0.000000e+000
5.504421e+003,0.000000e+000
5.504903e+003,0.000000e+000
5.505386e+003,0.000000e+000
5.505868e+003,0.000000e+000
5.506350e+003,0.000000e+000
5.506832e+003,0.000000e+000
5.507314e+003,0.000000e+000
5.507796e+003,0.000000e+000
5.508278e+003,0.000000e+000
5.508760e+003,0.000000e+000
5.509243e+003,0.000000e+000
5.509725e+003,0.000000e+000
5.510207e+003,0.000000e+000
5.510689e+003,0.000000e+000
5.511171e+003,0.000000e+000
5.511653e+003,0.000000e+000
5.512135e+003,0.000000e+000
5.512618e+003,0.000000e+000
5.513100e+003,0.000000e+000
5.513582e+003,0.000000e+000
5.514064e+003,0.000000e+000
5.514546e+003,0.000000e+000
5.515028e+003,0.000000e+000
5.515510e+003,0.000000e+000
5.515992e+003,0.000000e+000
5.516475e+003,0.000000e+000
5.516957e+003,0.000000e+000
5.517438e+003,0.000000e+000
5.517921e+003,0.000000e+000
5.518403e+003,0.000000e+000
5.518885e+003,0.000000e+000
5.519367e+003,0.000000e+000
5.519849e+003,0.000000e+000
5.520332e+003,0.000000e+000
5.520813e+003,0.000000e+000
5.521296e+003,0.000000e+000
5.521778e+003,0.000000e+000
5.522260e+003,0.000000e+000
5.522742e+003,0.000000e+000
5.523224e+003,0.000000e+000
5.523707e+003,0.000000e+000
5.524188e+003,0.000000e+000
5.524670e+003,0.000000e+000
5.525153e+003,0.000000e+000
5.525635e+003,0.000000e+000
5.526117e+003,0.000000e+000
5.526599e+003,0.000000e+000
5.527081e+003,0.000000e+000
5.527563e+003,0.000000e+000
5.528045e+003,0.000000e+000
5.528527e+003,0.000000e+000
5.529010e+003,0.000000e+000
5.529492e+003,0.000000e+000
5.529974e+003,0.000000e+000
5.530456e+003,0.000000e+000
5.530938e+003,0.000000e+000
5.531420e+003,0.000000e+000
5.531902e+003,0.000000e+000
5.532385e+003,0.000000e+000
5.532867e+003,0.000000e+000
5.533349e+003,0.000000e+000
5.533831e+003,0.000000e+000
5.534313e+003,0.000000e+000
5.534795e+003,0.000000e+000
5.535277e+003,0.000000e+000
5.535759e+003,0.000000e+000
5.536242e+003,0.000000e+000
5.536724e+003,0.000000e+000
5.537206e+003,0.000000e+000
5.537688e+003,0.000000e+000
5.538170e+003,0.000000e+000
5.538652e+003,0.000000e+000
5.539134e+003,0.000000e+000
5.539617e+003,0.000000e+000
5.540099e+003,0.000000e+000
5.540581e+003,0.000000e+000
5.541063e+003,0.000000e+000
5.541545e+003,0.000000e+000
5.542027e+003,0.000000e+000
5.542509e+003,0.000000e+000
5.542991e+003,0.000000e+000
5.543474e+003,0.000000e+000
5.543956e+003,0.000000e+000
5.544438e+003,0.000000e+000
5.544920e+003,0.000000e+000
5.545402e+003,0.000000e+000
5.545884e+003,0.000000e+000
5.546366e+003,0.000000e+000
5.546848e+003,0.000000e+000
5.547331e+003,0.000000e+000
5.547813e+003,0.000000e+000
5.548295e+003,0.000000e+000
5.548777e+003,0.000000e+000
5.549259e+003,0.000000e+000
5.549741e+003,0.000000e+000
5.550223e+003,0.000000e+000
5.550706e+003,0.000000e+000
5.551188e+003,0.000000e+000
5.551669e+003,0.000000e+000
5.552152e+003,0.000000e+000
5.552634e+003,0.000000e+000
5.553116e+003,0.000000e+000
5.553598e+003,0.000000e+000
5.554080e+003,0.000000e+000
5.554563e+003,0.000000e+000
5.555044e+003,0.000000e+000
5.555526e+003,0.000000e+000
5.556009e+003,0.000000e+000
5.556491e+003,0.000000e+000
5.556973e+003,0.000000e+000
5.557455e+003,0.000000e+000
5.557937e+003,0.000000e+000
5.558419e+003,0.000000e+000
5.558901e+003,0.000000e+000
5.559384e+003,0.000000e+000
5.559866e+003,0.000000e+000
5.560348e+003,0.000000e+000
5.560830e+003,0.000000e+000
5.561312e+003,0.000000e+000
5.561794e+003,0.000000e+000
5.562276e+003,0.000000e+000
5.562758e+003,0.000000e+000
5.563241e+003,0.000000e+000
5.563723e+003,0.000000e+000
5.564205e+003,0.000000e+000
5.564687e+003,0.000000e+000
5.565169e+003,0.000000e+000
5.565651e+003,0.000000e+000
5.566133e+003,0.000000e+000
5.566615e+003,0.000000e+000
5.567098e+003,0.000000e+000
5.567580e+003,0.000000e+000
5.568062e+003,0.000000e+000
5.568544e+003,0.000000e+000
5.569026e+003,0.000000e+000
5.569508e+003,0.000000e+000
5.569990e+003,0.000000e+000
5.570473e+003,0.000000e+000
5.570955e+003,0.000000e+000
5.571437e+003,0.000000e+000
5.571919e+003,0.000000e+000
5.572401e+003,0.000000e+000
5.572883e+003,0.000000e+000
5.573365e+003,0.000000e+000
5.573847e+003,0.000000e+000
5.574330e+003,0.000000e+000
5.574812e+003,0.000000e+000
5.575294e+003,0.000000e+000
5.575776e+003,0.000000e+000
5.576258e+003,0.000000e+000
5.576740e+003,0.000000e+000
5.577222e+003,0.000000e+000
5.577704e+003,0.000000e+000
5.578187e+003,0.000000e+000
5.578668e+003,0.000000e+000
5.579151e+003,0.000000e+000
5.579633e+003,0.000000e+000
5.580115e+003,0.000000e+000
5.580597e+003,0.000000e+000
5.581079e+003,0.000000e+000
5.581562e+003,0.000000e+000
5.582043e+003,0.000000e+000
5.582525e+003,0.000000e+000
5.583008e+003,0.000000e+000
5.583490e+003,0.000000e+000
5.583972e+003,0.000000e+000
5.584454e+003,0.000000e+000
5.584936e+003,0.000000e+000
5.585418e+003,0.000000e+000
5.585900e+003,0.000000e+000
5.586383e+003,0.000000e+000
5.586865e+003,0.000000e+000
5.587347e+003,0.000000e+000
5.587829e+003,0.000000e+000
5.588311e+003,0.000000e+000
5.588793e+003,0.000000e+000
5.589275e+003,0.000000e+000
5.589757e+003,0.000000e+000
5.590240e+003,0.000000e+000
5.590722e+003,0.000000e+000
5.591204e+003,0.000000e+000
5.591686e+003,0.000000e+000
5.592168e+003,0.000000e+000
5.592650e+003,0.000000e+000
5.593132e+003,0.000000e+000
5.593614e+003,0.000000e+000
5.594097e+003,0.000000e+000
5.594579e+003,0.000000e+000
5.595061e+003,0.000000e+000
5.595543e+003,0.000000e+000
5.596025e+003,0.000000e+000
5.596507e+003,0.000000e+000
5.596989e+003,0.000000e+000
5.597472e+003,0.000000e+000
5.597954e+003,0.000000e+000
5.598436e+003,0.000000e+000
5.598918e+003,0.000000e+000
5.599400e+003,0.000000e+000
5.599882e+003,0.000000e+000
5.600364e+003,0.000000e+000
5.600846e+003,0.000000e+000
5.601329e+003,0.000000e+000
5.601811e+003,0.000000e+000
5.602292e+003,0.000000e+000
5.602775e+003,0.000000e+000
5.603257e+003,0.000000e+000
5.603739e+003,0.000000e+000
5.604221e+003,0.000000e+000
5.604703e+003,0.000000e+000
5.605186e+003,0.000000e+000
5.605667e+003,0.000000e+000
5.606150e+003,0.000000e+000
5.606632e+003,0.000000e+000
5.607114e+003,0.000000e+000
5.607596e+003,0.000000e+000
5.608078e+003,0.000000e+000
5.608561e+003,0.000000e+000
5.609042e+003,0.000000e+000
5.609524e+003,0.000000e+000
5.610007e+003,0.000000e+000
5.610489e+003,0.000000e+000
5.610971e+003,0.000000e+000
5.611453e+003,0.000000e+000
5.611935e+003,0.000000e+000
5.612417e+003,0.000000e+000
5.612899e+003,0.000000e+000
5.613382e+003,0.000000e+000
5.613864e+003,0.000000e+000
5.614346e+003,0.000000e+000
5.614828e+003,0.000000e+000
5.615310e+003,0.000000e+000
5.615792e+003,0.000000e+000
5.616274e+003,0.000000e+000
5.616756e+003,0.000000e+000
5.617239e+003,0.000000e+000
5.617721e+003,0.000000e+000
5.618203e+003,0.000000e+000
5.618685e+003,0.000000e+000
5.619167e+003,0.000000e+000
5.619649e+003,0.000000e+000
5.620131e+003,0.000000e+000
5.620613e+003,0.000000e+000
5.621096e+003,0.000000e+000
5.621578e+003,0.000000e+000
5.622060e+003,0.000000e+000
5.622542e+003,0.000000e+000
5.623024e+003,0.000000e+000
5.623506e+003,0.000000e+000
5.623988e+003,0.000000e+000
5.624471e+003,0.000000e+000
5.624953e+003,0.000000e+000
5.625435e+003,0.000000e+000
5.625917e+003,0.000000e+000
5.626399e+003,0.000000e+000
5.626881e+003,0.000000e+000
5.627363e+003,0.000000e+000
5.627845e+003,0.000000e+000
5.628328e+003,0.000000e+000
5.628810e+003,0.000000e+000
5.629292e+003,0.000000e+000
5.629774e+003,0.000000e+000
5.630256e+003,0.000000e+000
5.630738e+003,0.000000e+000
5.631220e+003,0.000000e+000
5.631702e+003,0.000000e+000
5.632185e+003,0.000000e+000
5.632667e+003,0.000000e+000
5.633149e+003,0.000000e+000
5.633631e+003,0.000000e+000
5.634113e+003,0.000000e+000
5.634595e+003,0.000000e+000
5.635077e+003,0.000000e+000
5.635560e+003,0.000000e+000
5.636042e+003,0.000000e+000
5.636523e+003,0.000000e+000
5.637006e+003,0.000000e+000
5.637488e+003,0.000000e+000
5.637970e+003,0.000000e+000
5.638452e+003,0.000000e+000
5.638934e+003,0.000000e+000
5.639417e+003,0.000000e+000
5.639898e+003,0.000000e+000
5.640380e+003,0.000000e+000
5.640863e+003,0.000000e+000
5.641345e+003,0.000000e+000
5.641827e+003,0.000000e+000
5.642309e+003,0.000000e+000
5.642791e+003,0.000000e+000
5.643273e+003,0.000000e+000
5.643755e+003,0.000000e+000
5.644238e+003,0.000000e+000
5.644720e+003,0.000000e+000
5.645202e+003,0.000000e+000
5.645684e+003,0.000000e+000
5.646166e+003,0.000000e+000
5.646648e+003,0.000000e+000
5.647130e+003,0.000000e+000
5.647612e+003,0.000000e+000
5.648095e+003,0.000000e+000
5.648577e+003,0.000000e+000
5.649059e+003,0.000000e+000
5.649541e+003,0.000000e+000
5.650023e+003,0.000000e+000
5.650505e+003,0.000000e+000
5.650987e+003,0.000000e+000
5.651469e+003,0.000000e+000
5.651952e+003,0.000000e+000
5.652434e+003,0.000000e+000
5.652916e+003,0.000000e+000
5.653398e+003,0.000000e+000
5.653880e+003,0.000000e+000
5.654362e+003,0.000000e+000
5.654844e+003,0.000000e+000
5.655327e+003,0.000000e+000
5.655809e+003,0.000000e+000
5.656291e+003,0.000000e+000
5.656773e+003,0.000000e+000
5.657255e+003,0.000000e+000
5.657737e+003,0.000000e+000
5.658219e+003,0.000000e+000
5.658701e+003,0.000000e+000
5.659184e+003,0.000000e+000
5.659666e+003,0.000000e+000
5.660148e+003,0.000000e+000
5.660630e+003,0.000000e+000
5.661112e+003,0.000000e+000
5.661594e+003,0.000000e+000
5.662076e+003,0.000000e+000
5.662558e+003,0.000000e+000
5.663041e+003,0.000000e+000
5.663522e+003,0.000000e+000
5.664005e+003,0.000000e+000
5.664487e+003,0.000000e+000
5.664969e+003,0.000000e+000
5.665451e+003,0.000000e+000
5.665933e+003,0.000000e+000
5.666416e+003,0.000000e+000
5.666897e+003,0.000000e+000
5.667379e+003,0.000000e+000
5.667862e+003,0.000000e+000
5.668344e+003,0.000000e+000
5.668826e+003,0.000000e+000
5.669308e+003,0.000000e+000
5.669790e+003,0.000000e+000
5.670272e+003,0.000000e+000
5.670754e+003,0.000000e+000
5.671237e+003,0.000000e+000
5.671719e+003,0.000000e+000
5.672201e+003,0.000000e+000
5.672683e+003,0.000000e+000
5.673165e+003,0.000000e+000
5.673647e+003,0.000000e+000
5.674129e+003,0.000000e+000
5.674611e+003,0.000000e+000
5.675094e+003,0.000000e+000
5.675576e+003,0.000000e+000
5.676058e+003,0.000000e+000
5.676540e+003,0.000000e+000
5.677022e+003,0.000000e+000
5.677504e+003,0.000000e+000
5.677986e+003,0.000000e+000
5.678468e+003,0.000000e+000
5.678951e+003,0.000000e+000
5.679433e+003,0.000000e+000
5.679915e+003,0.000000e+000
5.680397e+003,0.000000e+000
5.680879e+003,0.000000e+000
5.681361e+003,0.000000e+000
5.681843e+003,0.000000e+000
5.682326e+003,0.000000e+000
5.682808e+003,0.000000e+000
5.683290e+003,0.000000e+000
5.683772e+003,0.000000e+000
5.684254e+003,0.000000e+000
5.684736e+003,0.000000e+000
5.685218e+003,0.000000e+000
5.685700e+003,0.000000e+000
5.686183e+003,0.000000e+000
5.686665e+003,0.000000e+000
5.687146e+003,0.000000e+000
5.687629e+003,0.000000e+000
5.688111e+003,0.000000e+000
5.688593e+003,0.000000e+000
5.689075e+003,0.000000e+000
5.689557e+003,0.000000e+000
5.690040e+003,0.000000e+000
5.690521e+003,0.000000e+000
5.691004e+003,0.000000e+000
5.691486e+003,0.000000e+000
5.691968e+003,0.000000e+000
5.692450e+003,0.000000e+000
5.692932e+003,0.000000e+000
5.693415e+003,0.000000e+000
5.693896e+003,0.000000e+000
5.694378e+003,0.000000e+000
5.694861e+003,0.000000e+000
5.695343e+003,0.000000e+000
5.695825e+003,0.000000e+000
5.696307e+003,0.000000e+000
5.696789e+003,0.000000e+000
5.697271e+003,0.000000e+000
5.697753e+003,0.000000e+000
5.698236e+003,0.000000e+000
5.698718e+003,0.000000e+000
5.699200e+003,0.000000e+000
5.699682e+003,0.000000e+000
5.700164e+003,0.000000e+000
5.700646e+003,0.000000e+000
5.701128e+003,0.000000e+000
5.701610e+003,0.000000e+000
5.702093e+003,0.000000e+000
5.702575e+003,0.000000e+000
5.703057e+003,0.000000e+000
5.703539e+003,0.000000e+000
5.704021e+003,0.000000e+000
5.704503e+003,0.000000e+000
5.704985e+003,0.000000e+000
5.705467e+003,0.000000e+000
5.705950e+003,0.000000e+000
5.706432e+003,0.000000e+000
5.706914e+003,0.000000e+000
5.707396e+003,0.000000e+000
5.707878e+003,0.000000e+000
5.708360e+003,0.000000e+000
5.708842e+003,0.000000e+000
5.709325e+003,0.000000e+000
5.709807e+003,0.000000e+000
5.710289e+003,0.000000e+000
5.710771e+003,0.000000e+000
5.711253e+003,0.000000e+000
5.711735e+003,0.000000e+000
5.712217e+003,0.000000e+000
5.712699e+003,0.000000e+000
5.713182e+003,0.000000e+000
5.713664e+003,0.000000e+000
5.714146e+003,0.000000e+000
5.714628e+003,0.000000e+000
5.715110e+003,0.000000e+000
5.715592e+003,0.000000e+000
5.716074e+003,0.000000e+000
5.716556e+003,0.000000e+000
5.717039e+003,0.000000e+000
5.717521e+003,0.000000e+000
5.718003e+003,0.000000e+000
5.718485e+003,0.000000e+000
5.718967e+003,0.000000e+000
5.719449e+003,0.000000e+000
5.719931e+003,0.000000e+000
5.720414e+003,0.000000e+000
5.720896e+003,0.000000e+000
5.721377e+003,0.000000e+000
5.721860e+003,0.000000e+000
5.722342e+003,0.000000e+000
5.722824e+003,0.000000e+000
5.723306e+003,0.000000e+000
5.723788e+003,0.000000e+000
5.724271e+003,0.000000e+000
5.724752e+003,0.000000e+000
5.725234e+003,0.000000e+000
5.725717e+003,0.000000e+000
5.726199e+003,0.000000e+000
5.726681e+003,0.000000e+000
5.727163e+003,0.000000e+000
5.727645e+003,0.000000e+000
5.728127e+003,0.000000e+000
5.728609e+003,0.000000e+000
5.729092e+003,0.000000e+000
5.729574e+003,0.000000e+000
5.730056e+003,0.000000e+000
5.730538e+003,0.000000e+000
5.731020e+003,0.000000e+000
5.731502e+003,0.000000e+000
5.731984e+003,0.000000e+000
5.732466e+003,0.000000e+000
5.732949e+003,0.000000e+000
5.733431e+003,0.000000e+000
5.733913e+003,0.000000e+000
5.734395e+003,0.000000e+000
5.734877e+003,0.000000e+000
5.735359e+003,0.000000e+000
5.735841e+003,0.000000e+000
5.736323e+003,0.000000e+000
5.736806e+003,0.000000e+000
5.737288e+003,0.000000e+000
5.737770e+003,0.000000e+000
5.738252e+003,0.000000e+000
5.738734e+003,0.000000e+000
5.739216e+003,0.000000e+000
5.739698e+003,0.000000e+000
5.740181e+003,0.000000e+000
5.740663e+003,0.000000e+000
5.741145e+003,0.000000e+000
5.741627e+003,0.000000e+000
5.742109e+003,0.000000e+000
5.742591e+003,0.000000e+000
5.743073e+003,0.000000e+000
5.743555e+003,0.000000e+000
5.744038e+003,0.000000e+000
5.744520e+003,0.000000e+000
5.745002e+003,0.000000e+000
5.745484e+003,0.000000e+000
5.745966e+003,0.000000e+000
5.746448e+003,0.000000e+000
5.746930e+003,0.000000e+000
5.747413e+003,0.000000e+000
5.747895e+003,0.000000e+000
5.748376e+003,0.000000e+000
5.748859e+003,0.000000e+000
5.749341e+003,0.000000e+000
5.749823e+003,0.000000e+000
5.750305e+003,0.000000e+000
5.750787e+003,0.000000e+000
5.751270e+003,0.000000e+000
5.751751e+003,0.000000e+000
5.752233e+003,0.000000e+000
5.752716e+003,0.000000e+000
5.753198e+003,0.000000e+000
5.753680e+003,0.000000e+000
5.754162e+003,0.000000e+000
5.754644e+003,0.000000e+000
5.755126e+003,0.000000e+000
5.755608e+003,0.000000e+000
5.756091e+003,0.000000e+000
5.756573e+003,0.000000e+000
5.757055e+003,0.000000e+000
5.757537e+003,0.000000e+000
5.758019e+003,0.000000e+000
5.758501e+003,0.000000e+000
5.758983e+003,0.000000e+000
5.759465e+003,0.000000e+000
5.759948e+003,0.000000e+000
5.760430e+003,0.000000e+000
5.760912e+003,0.000000e+000
5.761394e+003,0.000000e+000
5.761876e+003,0.000000e+000
5.762358e+003,0.000000e+000
5.762840e+003,0.000000e+000
5.763322e+003,0.000000e+000
5.763805e+003,0.000000e+000
5.764287e+003,0.000000e+000
5.764769e+003,0.000000e+000
5.765251e+003,0.000000e+000
5.765733e+003,0.000000e+000
5.766215e+003,0.000000e+000
5.766697e+003,0.000000e+000
5.767180e+003,0.000000e+000
5.767662e+003,0.000000e+000
5.768144e+003,0.000000e+000
5.768626e+003,0.000000e+000
5.769108e+003,0.000000e+000
5.769590e+003,0.000000e+000
5.770072e+003,0.000000e+000
5.770554e+003,0.000000e+000
5.771037e+003,0.000000e+000
5.771519e+003,0.000000e+000
5.772001e+003,0.000000e+000
5.772483e+003,0.000000e+000
5.772965e+003,0.000000e+000
5.773447e+003,0.000000e+000
5.773929e+003,0.000000e+000
5.774411e+003,0.000000e+000
5.774894e+003,0.000000e+000
5.775375e+003,0.000000e+000
5.775858e+003,0.000000e+000
5.776340e+003,0.000000e+000
5.776822e+003,0.000000e+000
5.777304e+003,0.000000e+000
5.777786e+003,0.000000e+000
5.778269e+003,0.000000e+000
5.778750e+003,0.000000e+000
5.779232e+003,0.000000e+000
5.779715e+003,0.000000e+000
5.780197e+003,0.000000e+000
5.780679e+003,0.000000e+000
5.781161e+003,0.000000e+000
5.781643e+003,0.000000e+000
5.782125e+003,0.000000e+000
5.782607e+003,0.000000e+000
5.783090e+003,0.000000e+000
5.783572e+003,0.000000e+000
5.784054e+003,0.000000e+000
5.784536e+003,0.000000e+000
5.785018e+003,0.000000e+000
5.785500e+003,0.000000e+000
5.785982e+003,0.000000e+000
5.786464e+003,0.000000e+000
5.786947e+003,0.000000e+000
5.787429e+003,0.000000e+000
5.787911e+003,0.000000e+000
5.788393e+003,0.000000e+000
5.788875e+003,0.000000e+000
5.789357e+003,0.000000e+000
5.789839e+003,0.000000e+000
5.790321e+003,0.000000e+000
5.790804e+003,0.000000e+000
5.791286e+003,0.000000e+000
5.791768e+003,0.000000e+000
5.792250e+003,0.000000e+000
5.792732e+003,0.000000e+000
5.793214e+003,0.000000e+000
5.793696e+003,0.000000e+000
5.794179e+003,0.000000e+000
5.794661e+003,0.000000e+000
5.795143e+003,0.000000e+000
5.795625e+003,0.000000e+000
5.796107e+003,0.000000e+000
5.796589e+003,0.000000e+000
5.797071e+003,0.000000e+000
5.797553e+003,0.000000e+000
5.798036e+003,0.000000e+000
5.798518e+003,0.000000e+000
5.799000e+003,0.000000e+000
5.799482e+003,0.000000e+000
5.799964e+003,0.000000e+000
5.800446e+003,0.000000e+000
5.800928e+003,0.000000e+000
5.801410e+003,0.000000e+000
5.801893e+003,0.000000e+000
5.802375e+003,0.000000e+000
5.802857e+003,0.000000e+000
5.803339e+003,0.000000e+000
5.803821e+003,0.000000e+000
5.804303e+003,0.000000e+000
5.804785e+003,0.000000e+000
5.805268e+003,0.000000e+000
5.805750e+003,0.000000e+000
5.806231e+003,0.000000e+000
5.806714e+003,0.000000e+000
5.807196e+003,0.000000e+000
5.807678e+003,0.000000e+000
5.808160e+003,0.000000e+000
5.808642e+003,0.000000e+000
5.809125e+003,0.000000e+000
5.809606e+003,0.000000e+000
5.810088e+003,0.000000e+000
5.810571e+003,0.000000e+000
5.811053e+003,0.000000e+000
5.811535e+003,0.000000e+000
5.812017e+003,0.000000e+000
5.812499e+003,0.000000e+000
5.812981e+003,0.000000e+000
5.813463e+003,0.000000e+000
5.813946e+003,0.000000e+000
5.814428e+003,0.000000e+000
5.814910e+003,0.000000e+000
5.815392e+003,0.000000e+000
5.815874e+003,0.000000e+000
5.816356e+003,0.000000e+000
5.816838e+003,0.000000e+000
5.817320e+003,0.000000e+000
5.817803e+003,0.000000e+000
5.818285e+003,0.000000e+000
5.818767e+003,0.000000e+000
5.819249e+003,0.000000e+000
5.819731e+003,0.000000e+000
5.820213e+003,0.000000e+000
5.820695e+003,0.000000e+000
5.821177e+003,0.000000e+000
5.821660e+003,0.000000e+000
5.822142e+003,0.000000e+000
5.822624e+003,0.000000e+000
5.823106e+003,0.000000e+000
5.823588e+003,0.000000e+000
5.824070e+003,0.000000e+000
5.824552e+003,0.000000e+000
5.825035e+003,0.000000e+000
5.825517e+003,0.000000e+000
5.825999e+003,0.000000e+000
5.826481e+003,0.000000e+000
5.826963e+003,0.000000e+000
5.827445e+003,0.000000e+000
5.827927e+003,0.000000e+000
5.828409e+003,0.000000e+000
5.828892e+003,0.000000e+000
5.829374e+003,0.000000e+000
5.829856e+003,0.000000e+000
5.830338e+003,0.000000e+000
5.830820e+003,0.000000e+000
5.831302e+003,0.000000e+000
5.831784e+003,0.000000e+000
5.832267e+003,0.000000e+000
5.832749e+003,0.000000e+000
5.833230e+003,0.000000e+000
5.833713e+003,0.000000e+000
5.834195e+003,0.000000e+000
5.834677e+003,0.000000e+000
5.835159e+003,0.000000e+000
5.835641e+003,0.000000e+000
5.836124e+003,0.000000e+000
5.836605e+003,0.000000e+000
5.837087e+003,0.000000e+000
5.837570e+003,0.000000e+000
5.838052e+003,0.000000e+000
5.838534e+003,0.000000e+000
5.839016e+003,0.000000e+000
5.839498e+003,0.000000e+000
5.839980e+003,0.000000e+000
5.840462e+003,0.000000e+000
5.840945e+003,0.000000e+000
5.841427e+003,0.000000e+000
5.841909e+003,0.000000e+000
5.842391e+003,0.000000e+000
5.842873e+003,0.000000e+000
5.843355e+003,0.000000e+000
5.843837e+003,0.000000e+000
5.844319e+003,0.000000e+000
5.844802e+003,0.000000e+000
5.845284e+003,0.000000e+000
5.845766e+003,0.000000e+000
5.846248e+003,0.000000e+000
5.846730e+003,0.000000e+000
5.847212e+003,0.000000e+000
5.847694e+003,0.000000e+000
5.848176e+003,0.000000e+000
5.848659e+003,0.000000e+000
5.849141e+003,0.000000e+000
5.849623e+003,0.000000e+000
5.850105e+003,0.000000e+000
5.850587e+003,0.000000e+000
5.851069e+003,0.000000e+000
5.851551e+003,0.000000e+000
5.852034e+003,0.000000e+000
5.852516e+003,0.000000e+000
5.852998e+003,0.000000e+000
5.853480e+003,0.000000e+000
5.853962e+003,0.000000e+000
5.854444e+003,0.000000e+000
5.854926e+003,0.000000e+000
5.855408e+003,0.000000e+000
5.855891e+003,0.000000e+000
5.856373e+003,0.000000e+000
5.856855e+003,0.000000e+000
5.857337e+003,0.000000e+000
5.857819e+003,0.000000e+000
5.858301e+003,0.000000e+000
5.858783e+003,0.000000e+000
5.859265e+003,0.000000e+000
5.859748e+003,0.000000e+000
5.860229e+003,0.000000e+000
5.860712e+003,0.000000e+000
5.861194e+003,0.000000e+000
5.861676e+003,0.000000e+000
5.862158e+003,0.000000e+000
5.862640e+003,0.000000e+000
5.863123e+003,0.000000e+000
5.863604e+003,0.000000e+000
5.864086e+003,0.000000e+000
5.864569e+003,0.000000e+000
5.865051e+003,0.000000e+000
5.865533e+003,0.000000e+000
5.866015e+003,0.000000e+000
5.866497e+003,0.000000e+000
5.866979e+003,0.000000e+000
5.867461e+003,0.000000e+000
5.867944e+003,0.000000e+000
5.868426e+003,0.000000e+000
5.868908e+003,0.000000e+000
5.869390e+003,0.000000e+000
5.869872e+003,0.000000e+000
5.870354e+003,0.000000e+000
5.870836e+003,0.000000e+000
5.871318e+003,0.000000e+000
5.871801e+003,0.000000e+000
5.872283e+003,0.000000e+000
5.872765e+003,0.000000e+000
5.873247e+003,0.000000e+000
5.873729e+003,0.000000e+000
5.874211e+003,0.000000e+000
5.874693e+003,0.000000e+000
5.875175e+003,0.000000e+000
5.875658e+003,0.000000e+000
5.876140e+003,0.000000e+000
5.876622e+003,0.000000e+000
5.877104e+003,0.000000e+000
5.877586e+003,0.000000e+000
5.878068e+003,0.000000e+000
5.878550e+003,0.000000e+000
5.879033e+003,0.000000e+000
5.879515e+003,0.000000e+000
5.879997e+003,0.000000e+000
5.880479e+003,0.000000e+000
5.880961e+003,0.000000e+000
5.881443e+003,0.000000e+000
5.881925e+003,0.000000e+000
5.882407e+003,0.000000e+000
5.882890e+003,0.000000e+000
5.883372e+003,0.000000e+000
5.883854e+003,0.000000e+000
5.884336e+003,0.000000e+000
5.884818e+003,0.000000e+000
5.885300e+003,0.000000e+000
5.885782e+003,0.000000e+000
5.886264e+003,0.000000e+000
5.886747e+003,0.000000e+000
5.887229e+003,0.000000e+000
5.887711e+003,0.000000e+000
5.888193e+003,0.000000e+000
5.888675e+003,0.000000e+000
5.889157e+003,0.000000e+000
5.889639e+003,0.000000e+000
5.890122e+003,0.000000e+000
5.890604e+003,0.000000e+000
5.891085e+003,0.000000e+000
5.891568e+003,0.000000e+000
5.892050e+003,0.000000e+000
5.892532e+003,0.000000e+000
5.893014e+003,0.000000e+000
5.893496e+003,0.000000e+000
5.893979e+003,0.000000e+000
5.894460e+003,0.000000e+000
5.894942e+003,0.000000e+000
5.895425e+003,0.000000e+000
5.895907e+003,0.000000e+000
5.896389e+003,0.000000e+000
5.896871e+003,0.000000e+000
5.897353e+003,0.000000e+000
5.897835e+003,0.000000e+000
5.898317e+003,0.000000e+000
5.898800e+003,0.000000e+000
5.899282e+003,0.000000e+000
5.899764e+003,0.000000e+000
5.900246e+003,0.000000e+000
5.900728e+003,0.000000e+000
5.901210e+003,0.000000e+000
5.901692e+003,0.000000e+000
5.902174e+003,0.000000e+000
5.902657e+003,0.000000e+000
5.903139e+003,0.000000e+000
5.903621e+003,0.000000e+000
5.904103e+003,0.000000e+000
5.904585e+003,0.000000e+000
5.905067e+003,0.000000e+000
5.905549e+003,0.000000e+000
5.906032e+003,0.000000e+000
5.906514e+003,0.000000e+000
5.906996e+003,0.000000e+000
5.907478e+003,0.000000e+000
5.907960e+003,0.000000e+000
5.908442e+003,0.000000e+000
5.908924e+003,0.000000e+000
5.909406e+003,0.000000e+000
5.909889e+003,0.000000e+000
5.910371e+003,0.000000e+000
5.910853e+003,0.000000e+000
5.911335e+003,0.000000e+000
5.911817e+003,0.000000e+000
5.912299e+003,0.000000e+000
5.912781e+003,0.000000e+000
5.913263e+003,0.000000e+000
5.913746e+003,0.000000e+000
5.914228e+003,0.000000e+000
5.914710e+003,0.000000e+000
5.915192e+003,0.000000e+000
5.915674e+003,0.000000e+000
5.916156e+003,0.000000e+000
5.916638e+003,0.000000e+000
5.917121e+003,0.000000e+000
5.917603e+003,0.000000e+000
5.918084e+003,0.000000e+000
5.918567e+003,0.000000e+000
5.919049e+003,0.000000e+000
5.919531e+003,0.000000e+000
5.920013e+003,0.000000e+000
5.920495e+003,0.000000e+000
5.920978e+003,0.000000e+000
5.921459e+003,0.000000e+000
5.921941e+003,0.000000e+000
5.922424e+003,0.000000e+000
5.922906e+003,0.000000e+000
5.923388e+003,0.000000e+000
5.923870e+003,0.000000e+000
5.924352e+003,0.000000e+000
5.924834e+003,0.000000e+000
5.925316e+003,0.000000e+000
5.925799e+003,0.000000e+000
5.926281e+003,0.000000e+000
5.926763e+003,0.000000e+000
5.927245e+003,0.000000e+000
5.927727e+003,0.000000e+000
5.928209e+003,0.000000e+000
5.928691e+003,0.000000e+000
5.929173e+003,0.000000e+000
5.929656e+003,0.000000e+000
5.930138e+003,0.000000e+000
5.930620e+003,0.000000e+000
5.931102e+003,0.000000e+000
5.931584e+003,0.000000e+000
5.932066e+003,0.000000e+000
5.932548e+003,0.000000e+000
5.933030e+003,0.000000e+000
5.933513e+003,0.000000e+000
5.933995e+003,0.000000e+000
5.934477e+003,0.000000e+000
5.934959e+003,0.000000e+000
5.935441e+003,0.000000e+000
5.935923e+003,0.000000e+000
5.936405e+003,0.000000e+000
5.936888e+003,0.000000e+000
5.937370e+003,0.000000e+000
5.937852e+003,0.000000e+000
5.938334e+003,0.000000e+000
5.938816e+003,0.000000e+000
5.939298e+003,0.000000e+000
5.939780e+003,0.000000e+000
5.940262e+003,0.000000e+000
5.940745e+003,0.000000e+000
5.941227e+003,0.000000e+000
5.941709e+003,0.000000e+000
5.942191e+003,0.000000e+000
5.942673e+003,0.000000e+000
5.943155e+003,0.000000e+000
5.943637e+003,0.000000e+000
5.944119e+003,0.000000e+000
5.944602e+003,0.000000e+000
5.945083e+003,0.000000e+000
5.945566e+003,0.000000e+000
5.946048e+003,0.000000e+000
5.946530e+003,0.000000e+000
5.947012e+003,0.000000e+000
5.947494e+003,0.000000e+000
5.947977e+003,0.000000e+000
5.948458e+003,0.000000e+000
5.948940e+003,0.000000e+000
5.949423e+003,0.000000e+000
5.949905e+003,0.000000e+000
5.950387e+003,0.000000e+000
5.950869e+003,0.000000e+000
5.951351e+003,0.000000e+000
5.951833e+003,0.000000e+000
5.952315e+003,0.000000e+000
5.952798e+003,0.000000e+000
5.953280e+003,0.000000e+000
5.953762e+003,0.000000e+000
5.954244e+003,0.000000e+000
5.954726e+003,0.000000e+000
5.955208e+003,0.000000e+000
5.955690e+003,0.000000e+000
5.956172e+003,0.000000e+000
5.956655e+003,0.000000e+000
5.957137e+003,0.000000e+000
5.957619e+003,0.000000e+000
5.958101e+003,0.000000e+000
5.958583e+003,0.000000e+000
5.959065e+003,0.000000e+000
5.959547e+003,0.000000e+000
5.960029e+003,0.000000e+000
5.960512e+003,0.000000e+000
5.960994e+003,0.000000e+000
5.961476e+003,0.000000e+000
5.961958e+003,0.000000e+000
5.962440e+003,0.000000e+000
5.962922e+003,0.000000e+000
5.963404e+003,0.000000e+000
5.963887e+003,0.000000e+000
5.964369e+003,0.000000e+000
5.964851e+003,0.000000e+000
5.965333e+003,0.000000e+000
5.965815e+003,0.000000e+000
5.966297e+003,0.000000e+000
5.966779e+003,0.000000e+000
5.967261e+003,0.000000e+000
5.967744e+003,0.000000e+000
5.968226e+003,0.000000e+000
5.968708e+003,0.000000e+000
5.969190e+003,0.000000e+000
5.969672e+003,0.000000e+000
5.970154e+003,0.000000e+000
5.970636e+003,0.000000e+000
5.971118e+003,0.000000e+000
5.971601e+003,0.000000e+000
5.972083e+003,0.000000e+000
5.972565e+003,0.000000e+000
5.973047e+003,0.000000e+000
5.973529e+003,0.000000e+000
5.974011e+003,0.000000e+000
5.974493e+003,0.000000e+000
5.974976e+003,0.000000e+000
5.975458e+003,0.000000e+000
5.975939e+003,0.000000e+000
5.976422e+003,0.000000e+000
5.976904e+003,0.000000e+000
5.977386e+003,0.000000e+000
5.977868e+003,0.000000e+000
5.978350e+003,0.000000e+000
5.978833e+003,0.000000e+000
5.979314e+003,0.000000e+000
5.979796e+003,0.000000e+000
5.980279e+003,0.000000e+000
5.980761e+003,0.000000e+000
5.981243e+003,0.000000e+000
5.981725e+003,0.000000e+000
5.982207e+003,0.000000e+000
5.982689e+003,0.000000e+000
5.983171e+003,0.000000e+000
5.983654e+003,0.000000e+000
5.984136e+003,0.000000e+000
5.984618e+003,0.000000e+000
5.985100e+003,0.000000e+000
5.985582e+003,0.000000e+000
5.986064e+003,0.000000e+000
5.986546e+003,0.000000e+000
5.987028e+003,0.000000e+000
5.987511e+003,0.000000e+000
5.987993e+003,0.000000e+000
5.988475e+003,0.000000e+000
5.988957e+003,0.000000e+000
5.989439e+003,0.000000e+000
5.989921e+003,0.000000e+000
5.990403e+003,0.000000e+000
5.990886e+003,0.000000e+000
5.991368e+003,0.000000e+000
5.991850e+003,0.000000e+000
5.992332e+003,0.000000e+000
5.992814e+003,0.000000e+000
5.993296e+003,0.000000e+000
5.993778e+003,0.000000e+000
5.994260e+003,0.000000e+000
5.994743e+003,0.000000e+000
5.995225e+003,0.000000e+000
5.995707e+003,0.000000e+000
5.996189e+003,0.000000e+000
5.996671e+003,0.000000e+000
5.997153e+003,0.000000e+000
5.997635e+003,0.000000e+000
5.998117e+003,0.000000e+000
5.998600e+003,0.000000e+000
5.999082e+003,0.000000e+000
5.999564e+003,0.000000e+000
6.000046e+003,0.000000e+000
6.000528e+003,0.000000e+000
6.001010e+003,0.000000e+000
6.001492e+003,0.000000e+000
6.001975e+003,0.000000e+000
6.002457e+003,0.000000e+000
6.002938e+003,0.000000e+000
6.003421e+003,0.000000e+000
6.003903e+003,0.000000e+000
6.004385e+003,0.000000e+000
6.004867e+003,0.000000e+000
6.005349e+003,0.000000e+000
6.005832e+003,0.000000e+000
6.006313e+003,0.000000e+000
6.006795e+003,0.000000e+000
6.007278e+003,0.000000e+000
6.007760e+003,0.000000e+000
6.008242e+003,0.000000e+000
6.008724e+003,0.000000e+000
6.009206e+003,0.000000e+000
6.009688e+003,0.000000e+000
6.010170e+003,0.000000e+000
6.010653e+003,0.000000e+000
6.011135e+003,0.000000e+000
6.011617e+003,0.000000e+000
6.012099e+003,0.000000e+000
6.012581e+003,0.000000e+000
6.013063e+003,0.000000e+000
6.013545e+003,0.000000e+000
6.014027e+003,0.000000e+000
6.014510e+003,0.000000e+000
6.014992e+003,0.000000e+000
6.015474e+003,0.000000e+000
6.015956e+003,0.000000e+000
6.016438e+003,0.000000e+000
6.016920e+003,0.000000e+000
6.017402e+003,0.000000e+000
6.017884e+003,0.000000e+000
6.018367e+003,0.000000e+000
6.018849e+003,0.000000e+000
6.019331e+003,0.000000e+000
6.019813e+003,0.000000e+000
6.020295e+003,0.000000e+000
6.020777e+003,0.000000e+000
6.021259e+003,0.000000e+000
6.021742e+003,0.000000e+000
6.022224e+003,0.000000e+000
6.022706e+003,0.000000e+000
6.023188e+003,0.000000e+000
6.023670e+003,0.000000e+000
6.024152e+003,0.000000e+000
6.024634e+003,0.000000e+000
6.025116e+003,0.000000e+000
6.025599e+003,0.000000e+000
6.026081e+003,0.000000e+000
6.026563e+003,0.000000e+000
6.027045e+003,0.000000e+000
6.027527e+003,0.000000e+000
6.028009e+003,0.000000e+000
6.028491e+003,0.000000e+000
6.028973e+003,0.000000e+000
6.029456e+003,0.000000e+000
6.029938e+003,0.000000e+000
6.030420e+003,0.000000e+000
6.030902e+003,0.000000e+000
6.031384e+003,0.000000e+000
6.031866e+003,0.000000e+000
6.032348e+003,0.000000e+000
6.032831e+003,0.000000e+000
6.033313e+003,0.000000e+000
6.033794e+003,0.000000e+000
6.034277e+003,0.000000e+000
6.034759e+003,0.000000e+000
6.035241e+003,0.000000e+000
6.035723e+003,0.000000e+000
6.036205e+003,0.000000e+000
6.036688e+003,0.000000e+000
6.037169e+003,0.000000e+000
6.037652e+003,0.000000e+000
6.038134e+003,0.000000e+000
6.038616e+003,0.000000e+000
6.039098e+003,0.000000e+000
6.039580e+003,0.000000e+000
6.040063e+003,0.000000e+000
6.040544e+003,0.000000e+000
6.041026e+003,0.000000e+000
6.041509e+003,0.000000e+000
6.041991e+003,0.000000e+000
6.042473e+003,0.000000e+000
6.042955e+003,0.000000e+000
6.043437e+003,0.000000e+000
6.043919e+003,0.000000e+000
6.044401e+003,0.000000e+000
6.044883e+003,0.000000e+000
6.045366e+003,0.000000e+000
6.045848e+003,0.000000e+000
6.046330e+003,0.000000e+000
6.046812e+003,0.000000e+000
6.047294e+003,0.000000e+000
6.047776e+003,0.000000e+000
6.048258e+003,0.000000e+000
6.048741e+003,0.000000e+000
6.049223e+003,0.000000e+000
6.049705e+003,0.000000e+000
6.050187e+003,0.000000e+000
6.050669e+003,0.000000e+000
6.051151e+003,0.000000e+000
6.051633e+003,0.000000e+000
6.052115e+003,0.000000e+000
6.052598e+003,0.000000e+000
6.053080e+003,0.000000e+000
6.053562e+003,0.000000e+000
6.054044e+003,0.000000e+000
6.054526e+003,0.000000e+000
6.055008e+003,0.000000e+000
6.055490e+003,0.000000e+000
6.055972e+003,0.000000e+000
6.056455e+003,0.000000e+000
6.056937e+003,0.000000e+000
6.057419e+003,0.000000e+000
6.057901e+003,0.000000e+000
6.058383e+003,0.000000e+000
6.058865e+003,0.000000e+000
6.059347e+003,0.000000e+000
6.059830e+003,0.000000e+000
6.060312e+003,0.000000e+000
6.060793e+003,0.000000e+000
6.061276e+003,0.000000e+000
6.061758e+003,0.000000e+000
6.062240e+003,0.000000e+000
6.062722e+003,0.000000e+000
6.063204e+003,0.000000e+000
6.063687e+003,0.000000e+000
6.064168e+003,0.000000e+000
6.064651e+003,0.000000e+000
6.065133e+003,0.000000e+000
6.065615e+003,0.000000e+000
6.066097e+003,0.000000e+000
6.066579e+003,0.000000e+000
6.067061e+003,0.000000e+000
6.067543e+003,0.000000e+000
6.068025e+003,0.000000e+000
6.068508e+003,0.000000e+000
6.068990e+003,0.000000e+000
6.069472e+003,0.000000e+000
6.069954e+003,0.000000e+000
6.070436e+003,0.000000e+000
6.070918e+003,0.000000e+000
6.071400e+003,0.000000e+000
6.071882e+003,0.000000e+000
6.072365e+003,0.000000e+000
6.072847e+003,0.000000e+000
6.073329e+003,0.000000e+000
6.073811e+003,0.000000e+000
6.074293e+003,0.000000e+000
6.074775e+003,0.000000e+000
6.075257e+003,0.000000e+000
6.075740e+003,0.000000e+000
6.076222e+003,0.000000e+000
6.076704e+003,0.000000e+000
6.077186e+003,0.000000e+000
6.077668e+003,0.000000e+000
6.078150e+003,0.000000e+000
6.078632e+003,0.000000e+000
6.079114e+003,0.000000e+000
6.079597e+003,0.000000e+000
6.080079e+003,0.000000e+000
6.080561e+003,0.000000e+000
6.081043e+003,0.000000e+000
6.081525e+003,0.000000e+000
6.082007e+003,0.000000e+000
6.082489e+003,0.000000e+000
6.082971e+003,0.000000e+000
6.083454e+003,0.000000e+000
6.083936e+003,0.000000e+000
6.084418e+003,0.000000e+000
6.084900e+003,0.000000e+000
6.085382e+003,0.000000e+000
6.085864e+003,0.000000e+000
6.086346e+003,0.000000e+000
6.086829e+003,0.000000e+000
6.087311e+003,0.000000e+000
6.087792e+003,0.000000e+000
6.088275e+003,0.000000e+000
6.088757e+003,0.000000e+000
6.089239e+003,0.000000e+000
6.089721e+003,0.000000e+000
6.090203e+003,0.000000e+000
6.090686e+003,0.000000e+000
6.091167e+003,0.000000e+000
6.091649e+003,0.000000e+000
6.092132e+003,0.000000e+000
6.092614e+003,0.000000e+000
6.093096e+003,0.000000e+000
6.093578e+003,0.000000e+000
6.094060e+003,0.000000e+000
6.094542e+003,0.000000e+000
6.095024e+003,0.000000e+000
6.095507e+003,0.000000e+000
6.095989e+003,0.000000e+000
6.096471e+003,0.000000e+000
6.096953e+003,0.000000e+000
6.097435e+003,0.000000e+000
6.097917e+003,0.000000e+000
6.098399e+003,0.000000e+000
6.098881e+003,0.000000e+000
6.099364e+003,0.000000e+000
6.099846e+003,0.000000e+000
6.100328e+003,0.000000e+000
6.100810e+003,0.000000e+000
6.101292e+003,0.000000e+000
6.101774e+003,0.000000e+000
6.102256e+003,0.000000e+000
6.102738e+003,0.000000e+000
6.103221e+003,0.000000e+000
6.103703e+003,0.000000e+000
6.104185e+003,0.000000e+000
6.104667e+003,0.000000e+000
6.105149e+003,0.000000e+000
6.105631e+003,0.000000e+000
6.106113e+003,0.000000e+000
6.106596e+003,0.000000e+000
6.107078e+003,0.000000e+000
6.107560e+003,0.000000e+000
6.108042e+003,0.000000e+000
6.108524e+003,0.000000e+000
6.109006e+003,0.000000e+000
6.109488e+003,0.000000e+000
6.109970e+003,0.000000e+000
6.110453e+003,0.000000e+000
6.110935e+003,0.000000e+000
6.111417e+003,0.000000e+000
6.111899e+003,0.000000e+000
6.112381e+003,0.000000e+000
6.112863e+003,0.000000e+000
6.113345e+003,0.000000e+000
6.113827e+003,0.000000e+000
6.114310e+003,0.000000e+000
6.114792e+003,0.000000e+000
6.115274e+003,0.000000e+000
6.115756e+003,0.000000e+000
6.116238e+003,0.000000e+000
6.116720e+003,0.000000e+000
6.117202e+003,0.000000e+000
6.117685e+003,0.000000e+000
6.118167e+003,0.000000e+000
6.118648e+003,0.000000e+000
6.119131e+003,0.000000e+000
6.119613e+003,0.000000e+000
6.120095e+003,0.000000e+000
6.120577e+003,0.000000e+000
6.121059e+003,0.000000e+000
6.121542e+003,0.000000e+000
6.122023e+003,0.000000e+000
6.122506e+003,0.000000e+000
6.122988e+003,0.000000e+000
6.123470e+003,0.000000e+000
6.123952e+003,0.000000e+000
6.124434e+003,0.000000e+000
6.124917e+003,0.000000e+000
6.125398e+003,0.000000e+000
6.125880e+003,0.000000e+000
6.126363e+003,0.000000e+000
6.126845e+003,0.000000e+000
6.127327e+003,0.000000e+000
6.127809e+003,0.000000e+000
6.128291e+003,0.000000e+000
6.128773e+003,0.000000e+000
6.129255e+003,0.000000e+000
6.129737e+003,0.000000e+000
6.130220e+003,0.000000e+000
6.130702e+003,0.000000e+000
6.131184e+003,0.000000e+000
6.131666e+003,0.000000e+000
6.132148e+003,0.000000e+000
6.132630e+003,0.000000e+000
6.133112e+003,0.000000e+000
6.133595e+003,0.000000e+000
6.134077e+003,0.000000e+000
6.134559e+003,0.000000e+000
6.135041e+003,0.000000e+000
6.135523e+003,0.000000e+000
6.136005e+003,0.000000e+000
6.136487e+003,0.000000e+000
6.136969e+003,0.000000e+000
6.137452e+003,0.000000e+000
6.137934e+003,0.000000e+000
6.138416e+003,0.000000e+000
6.138898e+003,0.000000e+000
6.139380e+003,0.000000e+000
6.139862e+003,0.000000e+000
6.140344e+003,0.000000e+000
6.140826e+003,0.000000e+000
6.141309e+003,0.000000e+000
6.141791e+003,0.000000e+000
6.142273e+003,0.000000e+000
6.142755e+003,0.000000e+000
6.143237e+003,0.000000e+000
6.143719e+003,0.000000e+000
6.144201e+003,0.000000e+000
6.144684e+003,0.000000e+000
6.145166e+003,0.000000e+000
6.145647e+003,0.000000e+000
6.146130e+003,0.000000e+000
6.146612e+003,0.000000e+000
6.147094e+003,0.000000e+000
6.147576e+003,0.000000e+000
6.148058e+003,0.000000e+000
6.148541e+003,0.000000e+000
6.149022e+003,0.000000e+000
6.149505e+003,0.000000e+000
6.149987e+003,0.000000e+000
6.150469e+003,0.000000e+000
6.150951e+003,0.000000e+000
6.151433e+003,0.000000e+000
6.151915e+003,0.000000e+000
6.152397e+003,0.000000e+000
6.152879e+003,0.000000e+000
6.153362e+003,0.000000e+000
6.153844e+003,0.000000e+000
6.154326e+003,0.000000e+000
6.154808e+003,0.000000e+000
6.155290e+003,0.000000e+000
6.155772e+003,0.000000e+000
6.156254e+003,0.000000e+000
6.156736e+003,0.000000e+000
6.157219e+003,0.000000e+000
6.157701e+003,0.000000e+000
6.158183e+003,0.000000e+000
6.158665e+003,0.000000e+000
6.159147e+003,0.000000e+000
6.159629e+003,0.000000e+000
6.160111e+003,0.000000e+000
6.160594e+003,0.000000e+000
6.161076e+003,0.000000e+000
6.161558e+003,0.000000e+000
6.162040e+003,0.000000e+000
6.162522e+003,0.000000e+000
6.163004e+003,0.000000e+000
6.163486e+003,0.000000e+000
6.163968e+003,0.000000e+000
6.164451e+003,0.000000e+000
6.164933e+003,0.000000e+000
6.165415e+003,0.000000e+000
6.165897e+003,0.000000e+000
6.166379e+003,0.000000e+000
6.166861e+003,0.000000e+000
6.167343e+003,0.000000e+000
6.167825e+003,0.000000e+000
6.168308e+003,0.000000e+000
6.168790e+003,0.000000e+000
6.169272e+003,0.000000e+000
6.169754e+003,0.000000e+000
6.170236e+003,0.000000e+000
6.170718e+003,0.000000e+000
6.171200e+003,0.000000e+000
6.171683e+003,0.000000e+000
6.172165e+003,0.000000e+000
6.172646e+003,0.000000e+000
6.173129e+003,0.000000e+000
6.173611e+003,0.000000e+000
6.174093e+003,0.000000e+000
6.174575e+003,0.000000e+000
6.175057e+003,0.000000e+000
6.175540e+003,0.000000e+000
6.176021e+003,0.000000e+000
6.176503e+003,0.000000e+000
6.176986e+003,0.000000e+000
6.177468e+003,0.000000e+000
6.177950e+003,0.000000e+000
6.178432e+003,0.000000e+000
6.178914e+003,0.000000e+000
6.179396e+003,0.000000e+000
6.179878e+003,0.000000e+000
6.180361e+003,0.000000e+000
6.180843e+003,0.000000e+000
6.181325e+003,0.000000e+000
6.181807e+003,0.000000e+000
6.182289e+003,0.000000e+000
6.182771e+003,0.000000e+000
6.183253e+003,0.000000e+000
6.183735e+003,0.000000e+000
6.184218e+003,0.000000e+000
6.184700e+003,0.000000e+000
6.185182e+003,0.000000e+000
6.185664e+003,0.000000e+000
6.186146e+003,0.000000e+000
6.186628e+003,0.000000e+000
6.187110e+003,0.000000e+000
6.187592e+003,0.000000e+000
6.188075e+003,0.000000e+000
6.188557e+003,0.000000e+000
6.189039e+003,0.000000e+000
6.189521e+003,0.000000e+000
6.190003e+003,0.000000e+000
6.190485e+003,0.000000e+000
6.190967e+003,0.000000e+000
6.191450e+003,0.000000e+000
6.191932e+003,0.000000e+000
6.192414e+003,0.000000e+000
6.192896e+003,0.000000e+000
6.193378e+003,0.000000e+000
6.193860e+003,0.000000e+000
6.194342e+003,0.000000e+000
6.194824e+003,0.000000e+000
6.195307e+003,0.000000e+000
6.195789e+003,0.000000e+000
6.196271e+003,0.000000e+000
6.196753e+003,0.000000e+000
6.197235e+003,0.000000e+000
6.197717e+003,0.000000e+000
6.198199e+003,0.000000e+000
6.198682e+003,0.000000e+000
6.199164e+003,0.000000e+000
6.199646e+003,0.000000e+000
6.200128e+003,0.000000e+000
6.200610e+003,0.000000e+000
6.201092e+003,0.000000e+000
6.201574e+003,0.000000e+000
6.202056e+003,0.000000e+000
6.202539e+003,0.000000e+000
6.203021e+003,0.000000e+000
6.203502e+003,0.000000e+000
6.203985e+003,0.000000e+000
6.204467e+003,0.000000e+000
6.204949e+003,0.000000e+000
6.205431e+003,0.000000e+000
6.205913e+003,0.000000e+000
6.206396e+003,0.000000e+000
6.206877e+003,0.000000e+000
6.207360e+003,0.000000e+000
6.207842e+003,0.000000e+000
6.208324e+003,0.000000e+000
6.208806e+003,0.000000e+000
6.209288e+003,0.000000e+000
6.209771e+003,0.000000e+000
6.210252e+003,0.000000e+000
6.210734e+003,0.000000e+000
6.211217e+003,0.000000e+000
6.211699e+003,0.000000e+000
6.212181e+003,0.000000e+000
6.212663e+003,0.000000e+000
6.213145e+003,0.000000e+000
6.213627e+003,0.000000e+000
6.214109e+003,0.000000e+000
6.214591e+003,0.000000e+000
6.215074e+003,0.000000e+000
6.215556e+003,0.000000e+000
6.216038e+003,0.000000e+000
6.216520e+003,0.000000e+000
6.217002e+003,0.000000e+000
6.217484e+003,0.000000e+000
6.217966e+003,0.000000e+000
6.218449e+003,0.000000e+000
6.218931e+003,0.000000e+000
6.219413e+003,0.000000e+000
6.219895e+003,0.000000e+000
6.220377e+003,0.000000e+000
6.220859e+003,0.000000e+000
6.221341e+003,0.000000e+000
6.221823e+003,0.000000e+000
6.222306e+003,0.000000e+000
6.222788e+003,0.000000e+000
6.223270e+003,0.000000e+000
6.223752e+003,0.000000e+000
6.224234e+003,0.000000e+000
6.224716e+003,0.000000e+000
6.225198e+003,0.000000e+000
6.225680e+003,0.000000e+000
6.226163e+003,0.000000e+000
6.226645e+003,0.000000e+000
6.227127e+003,0.000000e+000
6.227609e+003,0.000000e+000
6.228091e+003,0.000000e+000
6.228573e+003,0.000000e+000
6.229055e+003,0.000000e+000
6.229538e+003,0.000000e+000
6.230020e+003,0.000000e+000
6.230501e+003,0.000000e+000
6.230984e+003,0.000000e+000
6.231466e+003,0.000000e+000
6.231948e+003,0.000000e+000
6.232430e+003,0.000000e+000
6.232912e+003,0.000000e+000
6.233395e+003,0.000000e+000
6.233876e+003,0.000000e+000
6.234359e+003,0.000000e+000
6.234841e+003,0.000000e+000
6.235323e+003,0.000000e+000
6.235805e+003,0.000000e+000
6.236287e+003,0.000000e+000
6.236769e+003,0.000000e+000
6.237251e+003,0.000000e+000
6.237733e+003,0.000000e+000
6.238216e+003,0.000000e+000
6.238698e+003,0.000000e+000
6.239180e+003,0.000000e+000
6.239662e+003,0.000000e+000
6.240144e+003,0.000000e+000
6.240626e+003,0.000000e+000
6.241108e+003,0.000000e+000
6.241590e+003,0.000000e+000
6.242073e+003,0.000000e+000
6.242555e+003,0.000000e+000
6.243037e+003,0.000000e+000
6.243519e+003,0.000000e+000
6.244001e+003,0.000000e+000
6.244483e+003,0.000000e+000
6.244965e+003,0.000000e+000
6.245448e+003,0.000000e+000
6.245930e+003,0.000000e+000
6.246412e+003,0.000000e+000
6.246894e+003,0.000000e+000
6.247376e+003,0.000000e+000
6.247858e+003,0.000000e+000
6.248340e+003,0.000000e+000
6.248822e+003,0.000000e+000
6.249305e+003,0.000000e+000
6.249787e+003,0.000000e+000
6.250269e+003,0.000000e+000
6.250751e+003,0.000000e+000
6.251233e+003,0.000000e+000
6.251715e+003,0.000000e+000
6.252197e+003,0.000000e+000
6.252679e+003,0.000000e+000
6.253162e+003,0.000000e+000
6.253644e+003,0.000000e+000
6.254126e+003,0.000000e+000
6.254608e+003,0.000000e+000
6.255090e+003,0.000000e+000
6.255572e+003,0.000000e+000
6.256054e+003,0.000000e+000
6.256537e+003,0.000000e+000
6.257019e+003,0.000000e+000
6.257500e+003,0.000000e+000
6.257983e+003,0.000000e+000
6.258465e+003,0.000000e+000
6.258947e+003,0.000000e+000
6.259429e+003,0.000000e+000
6.259911e+003,0.000000e+000
6.260394e+003,0.000000e+000
6.260875e+003,0.000000e+000
6.261357e+003,0.000000e+000
6.261840e+003,0.000000e+000
6.262322e+003,0.000000e+000
6.262804e+003,0.000000e+000
6.263286e+003,0.000000e+000
6.263768e+003,0.000000e+000
6.264250e+003,0.000000e+000
6.264732e+003,0.000000e+000
6.265215e+003,0.000000e+000
6.265697e+003,0.000000e+000
6.266179e+003,0.000000e+000
6.266661e+003,0.000000e+000
6.267143e+003,0.000000e+000
6.267625e+003,0.000000e+000
6.268107e+003,0.000000e+000
6.268589e+003,0.000000e+000
6.269072e+003,0.000000e+000
6.269554e+003,0.000000e+000
6.270036e+003,0.000000e+000
6.270518e+003,0.000000e+000
6.271000e+003,0.000000e+000
6.271482e+003,0.000000e+000
6.271964e+003,0.000000e+000
6.272446e+003,0.000000e+000
6.272929e+003,0.000000e+000
6.273411e+003,0.000000e+000
6.273893e+003,0.000000e+000
6.274375e+003,0.000000e+000
6.274857e+003,0.000000e+000
6.275339e+003,0.000000e+000
6.275821e+003,0.000000e+000
6.276304e+003,0.000000e+000
6.276786e+003,0.000000e+000
6.277268e+003,0.000000e+000
6.277750e+003,0.000000e+000
6.278232e+003,0.000000e+000
6.278714e+003,0.000000e+000
6.279196e+003,0.000000e+000
6.279678e+003,0.000000e+000
6.280161e+003,0.000000e+000
6.280643e+003,0.000000e+000
6.281125e+003,0.000000e+000
6.281607e+003,0.000000e+000
6.282089e+003,0.000000e+000
6.282571e+003,0.000000e+000
6.283053e+003,0.000000e+000
6.283536e+003,0.000000e+000
6.284018e+003,0.000000e+000
6.284500e+003,0.000000e+000
6.284982e+003,0.000000e+000
6.285464e+003,0.000000e+000
6.285946e+003,0.000000e+000
6.286428e+003,0.000000e+000
6.286910e+003,0.000000e+000
6.287393e+003,0.000000e+000
6.287875e+003,0.000000e+000
6.288356e+003,0.000000e+000
6.288839e+003,0.000000e+000
6.289321e+003,0.000000e+000
6.289803e+003,0.000000e+000
6.290285e+003,0.000000e+000
6.290767e+003,0.000000e+000
6.291250e+003,0.000000e+000
6.291731e+003,0.000000e+000
6.292214e+003,0.000000e+000
6.292696e+003,0.000000e+000
6.293178e+003,0.000000e+000
6.293660e+003,0.000000e+000
6.294142e+003,0.000000e+000
6.294625e+003,0.000000e+000
6.295106e+003,0.000000e+000
6.295588e+003,0.000000e+000
6.296071e+003,0.000000e+000
6.296553e+003,0.000000e+000
6.297035e+003,0.000000e+000
6.297517e+003,0.000000e+000
6.297999e+003,0.000000e+000
6.298481e+003,0.000000e+000
6.298963e+003,0.000000e+000
6.299445e+003,0.000000e+000
6.299928e+003,0.000000e+000
6.300410e+003,0.000000e+000
6.300892e+003,0.000000e+000
6.301374e+003,0.000000e+000
6.301856e+003,0.000000e+000
6.302338e+003,0.000000e+000
6.302820e+003,0.000000e+000
6.303303e+003,0.000000e+000
6.303785e+003,0.000000e+000
6.304267e+003,0.000000e+000
6.304749e+003,0.000000e+000
6.305231e+003,0.000000e+000
6.305713e+003,0.000000e+000
6.306195e+003,0.000000e+000
6.306677e+003,0.000000e+000
6.307160e+003,0.000000e+000
6.307642e+003,0.000000e+000
6.308124e+003,0.000000e+000
6.308606e+003,0.000000e+000
6.309088e+003,0.000000e+000
6.309570e+003,0.000000e+000
6.310052e+003,0.000000e+000
6.310534e+003,0.000000e+000
6.311017e+003,0.000000e+000
6.311499e+003,0.000000e+000
6.311981e+003,0.000000e+000
6.312463e+003,0.000000e+000
6.312945e+003,0.000000e+000
6.313427e+003,0.000000e+000
6.313909e+003,0.000000e+000
6.314392e+003,0.000000e+000
6.314874e+003,0.000000e+000
6.315355e+003,0.000000e+000
6.315838e+003,0.000000e+000
6.316320e+003,0.000000e+000
6.316802e+003,0.000000e+000
6.317284e+003,0.000000e+000
6.317766e+003,0.000000e+000
6.318249e+003,0.000000e+000
6.318730e+003,0.000000e+000
6.319213e+003,0.000000e+000
6.319695e+003,0.000000e+000
6.320177e+003,0.000000e+000
6.320659e+003,0.000000e+000
6.321141e+003,0.000000e+000
6.321623e+003,0.000000e+000
6.322105e+003,0.000000e+000
6.322587e+003,0.000000e+000
6.323070e+003,0.000000e+000
6.323552e+003,0.000000e+000
6.324034e+003,0.000000e+000
6.324516e+003,0.000000e+000
6.324998e+003,0.000000e+000
6.325480e+003,0.000000e+000
6.325962e+003,0.000000e+000
6.326444e+003,0.000000e+000
6.326927e+003,0.000000e+000
6.327409e+003,0.000000e+000
6.327891e+003,0.000000e+000
6.328373e+003,0.000000e+000
6.328855e+003,0.000000e+000
6.329337e+003,0.000000e+000
6.329819e+003,0.000000e+000
6.330302e+003,0.000000e+000
6.330784e+003,0.000000e+000
6.331266e+003,0.000000e+000
6.331748e+003,0.000000e+000
6.332230e+003,0.000000e+000
6.332712e+003,0.000000e+000
6.333194e+003,0.000000e+000
6.333676e+003,0.000000e+000
6.334159e+003,0.000000e+000
6.334641e+003,0.000000e+000
6.335123e+003,0.000000e+000
6.335605e+003,0.000000e+000
6.336087e+003,0.000000e+000
6.336569e+003,0.000000e+000
6.337051e+003,0.000000e+000
6.337533e+003,0.000000e+000
6.338016e+003,0.000000e+000
6.338498e+003,0.000000e+000
6.338980e+003,0.000000e+000
6.339462e+003,0.000000e+000
6.339944e+003,0.000000e+000
6.340426e+003,0.000000e+000
6.340908e+003,0.000000e+000
6.341391e+003,0.000000e+000
6.341873e+003,0.000000e+000
6.342354e+003,0.000000e+000
6.342837e+003,0.000000e+000
6.343319e+003,0.000000e+000
6.343801e+003,0.000000e+000
6.344283e+003,0.000000e+000
6.344765e+003,0.000000e+000
6.345248e+003,0.000000e+000
6.345729e+003,0.000000e+000
6.346211e+003,0.000000e+000
6.346694e+003,0.000000e+000
6.347176e+003,0.000000e+000
6.347658e+003,0.000000e+000
6.348140e+003,0.000000e+000
6.348622e+003,0.000000e+000
6.349104e+003,0.000000e+000
6.349586e+003,0.000000e+000
6.350069e+003,0.000000e+000
6.350551e+003,0.000000e+000
6.351033e+003,0.000000e+000
6.351515e+003,0.000000e+000
6.351997e+003,0.000000e+000
6.352479e+003,0.000000e+000
6.352961e+003,0.000000e+000
6.353443e+003,0.000000e+000
6.353926e+003,0.000000e+000
6.354408e+003,0.000000e+000
6.354890e+003,0.000000e+000
6.355372e+003,0.000000e+000
6.355854e+003,0.000000e+000
6.356336e+003,0.000000e+000
6.356818e+003,0.000000e+000
6.357300e+003,0.000000e+000
6.357783e+003,0.000000e+000
6.358265e+003,0.000000e+000
6.358747e+003,0.000000e+000
6.359229e+003,0.000000e+000
6.359711e+003,0.000000e+000
6.360193e+003,0.000000e+000
6.360675e+003,0.000000e+000
6.361158e+003,0.000000e+000
6.361640e+003,0.000000e+000
6.362122e+003,0.000000e+000
6.362604e+003,0.000000e+000
6.363086e+003,0.000000e+000
6.363568e+003,0.000000e+000
6.364050e+003,0.000000e+000
6.364532e+003,0.000000e+000
6.365015e+003,0.000000e+000
6.365497e+003,0.000000e+000
6.365979e+003,0.000000e+000
6.366461e+003,0.000000e+000
6.366943e+003,0.000000e+000
6.367425e+003,0.000000e+000
6.367907e+003,0.000000e+000
6.368390e+003,0.000000e+000
6.368872e+003,0.000000e+000
6.369354e+003,0.000000e+000
6.369836e+003,0.000000e+000
6.370318e+003,0.000000e+000
6.370800e+003,0.000000e+000
6.371282e+003,0.000000e+000
6.371764e+003,0.000000e+000
6.372247e+003,0.000000e+000
6.372729e+003,0.000000e+000
6.373210e+003,0.000000e+000
6.373693e+003,0.000000e+000
6.374175e+003,0.000000e+000
6.374657e+003,0.000000e+000
6.375139e+003,0.000000e+000
6.375621e+003,0.000000e+000
6.376104e+003,0.000000e+000
6.376585e+003,0.000000e+000
6.377068e+003,0.000000e+000
6.377550e+003,0.000000e+000
6.378032e+003,0.000000e+000
6.378514e+003,0.000000e+000
6.378996e+003,0.000000e+000
6.379479e+003,0.000000e+000
6.379960e+003,0.000000e+000
6.380442e+003,0.000000e+000
6.380925e+003,0.000000e+000
6.381407e+003,0.000000e+000
6.381889e+003,0.000000e+000
6.382371e+003,0.000000e+000
6.382853e+003,0.000000e+000
6.383335e+003,0.000000e+000
6.383817e+003,0.000000e+000
6.384299e+003,0.000000e+000
6.384782e+003,0.000000e+000
6.385264e+003,0.000000e+000
6.385746e+003,0.000000e+000
6.386228e+003,0.000000e+000
6.386710e+003,0.000000e+000
6.387192e+003,0.000000e+000
6.387674e+003,0.000000e+000
6.388157e+003,0.000000e+000
6.388639e+003,0.000000e+000
6.389121e+003,0.000000e+000
6.389603e+003,0.000000e+000
6.390085e+003,0.000000e+000
6.390567e+003,0.000000e+000
6.391049e+003,0.000000e+000
6.391531e+003,0.000000e+000
6.392014e+003,0.000000e+000
6.392496e+003,0.000000e+000
6.392978e+003,0.000000e+000
6.393460e+003,0.000000e+000
6.393942e+003,0.000000e+000
6.394424e+003,0.000000e+000
6.394906e+003,0.000000e+000
6.395388e+003,0.000000e+000
6.395871e+003,0.000000e+000
6.396353e+003,0.000000e+000
6.396835e+003,0.000000e+000
6.397317e+003,0.000000e+000
6.397799e+003,0.000000e+000
6.398281e+003,0.000000e+000
6.398763e+003,0.000000e+000
6.399246e+003,0.000000e+000
6.399728e+003,0.000000e+000
6.400209e+003,0.000000e+000
6.400692e+003,0.000000e+000
6.401174e+003,0.000000e+000
6.401656e+003,0.000000e+000
6.402138e+003,0.000000e+000
6.402620e+003,0.000000e+000
6.403103e+003,0.000000e+000
6.403584e+003,0.000000e+000
6.404067e+003,0.000000e+000
6.404549e+003,0.000000e+000
6.405031e+003,0.000000e+000
6.405513e+003,0.000000e+000
6.405995e+003,0.000000e+000
6.406477e+003,0.000000e+000
6.406959e+003,0.000000e+000
6.407441e+003,0.000000e+000
6.407924e+003,0.000000e+000
6.408406e+003,0.000000e+000
6.408888e+003,0.000000e+000
6.409370e+003,0.000000e+000
6.409852e+003,0.000000e+000
6.410334e+003,0.000000e+000
6.410816e+003,0.000000e+000
6.411298e+003,0.000000e+000
6.411781e+003,0.000000e+000
6.412263e+003,0.000000e+000
6.412745e+003,0.000000e+000
6.413227e+003,0.000000e+000
6.413709e+003,0.000000e+000
6.414191e+003,0.000000e+000
6.414673e+003,0.000000e+000
6.415156e+003,0.000000e+000
6.415638e+003,0.000000e+000
6.416120e+003,0.000000e+000
6.416602e+003,0.000000e+000
6.417084e+003,0.000000e+000
6.417566e+003,0.000000e+000
6.418048e+003,0.000000e+000
6.418530e+003,0.000000e+000
6.419013e+003,0.000000e+000
6.419495e+003,0.000000e+000
6.419977e+003,0.000000e+000
6.420459e+003,0.000000e+000
6.420941e+003,0.000000e+000
6.421423e+003,0.000000e+000
6.421905e+003,0.000000e+000
6.422387e+003,0.000000e+000
6.422870e+003,0.000000e+000
6.423352e+003,0.000000e+000
6.423834e+003,0.000000e+000
6.424316e+003,0.000000e+000
6.424798e+003,0.000000e+000
6.425280e+003,0.000000e+000
6.425762e+003,0.000000e+000
6.426245e+003,0.000000e+000
6.426727e+003,0.000000e+000
6.427208e+003,0.000000e+000
6.427691e+003,0.000000e+000
6.428173e+003,0.000000e+000
6.428655e+003,0.000000e+000
6.429137e+003,0.000000e+000
6.429619e+003,0.000000e+000
6.430102e+003,0.000000e+000
6.430583e+003,0.000000e+000
6.431065e+003,0.000000e+000
6.431548e+003,0.000000e+000
6.432030e+003,0.000000e+000
6.432512e+003,0.000000e+000
6.432994e+003,0.000000e+000
6.433476e+003,0.000000e+000
6.433958e+003,0.000000e+000
6.434440e+003,0.000000e+000
6.434923e+003,0.000000e+000
6.435405e+003,0.000000e+000
6.435887e+003,0.000000e+000
6.436369e+003,0.000000e+000
6.436851e+003,0.000000e+000
6.437333e+003,0.000000e+000
6.437815e+003,0.000000e+000
6.438297e+003,0.000000e+000
6.438780e+003,0.000000e+000
6.439262e+003,0.000000e+000
6.439744e+003,0.000000e+000
6.440226e+003,0.000000e+000
6.440708e+003,0.000000e+000
6.441190e+003,0.000000e+000
6.441672e+003,0.000000e+000
6.442155e+003,0.000000e+000
6.442637e+003,0.000000e+000
6.443119e+003,0.000000e+000
6.443601e+003,0.000000e+000
6.444083e+003,0.000000e+000
6.444565e+003,0.000000e+000
6.445047e+003,0.000000e+000
6.445529e+003,0.000000e+000
6.446012e+003,0.000000e+000
6.446494e+003,0.000000e+000
6.446976e+003,0.000000e+000
6.447458e+003,0.000000e+000
6.447940e+003,0.000000e+000
6.448422e+003,0.000000e+000
6.448904e+003,0.000000e+000
6.449386e+003,0.000000e+000
6.449869e+003,0.000000e+000
6.450351e+003,0.000000e+000
6.450833e+003,0.000000e+000
6.451315e+003,0.000000e+000
6.451797e+003,0.000000e+000
6.452279e+003,0.000000e+000
6.452761e+003,0.000000e+000
6.453244e+003,0.000000e+000
6.453726e+003,0.000000e+000
6.454208e+003,0.000000e+000
6.454690e+003,0.000000e+000
6.455172e+003,0.000000e+000
6.455654e+003,0.000000e+000
6.456136e+003,0.000000e+000
6.456618e+003,0.000000e+000
6.457101e+003,0.000000e+000
6.457583e+003,0.000000e+000
6.458064e+003,0.000000e+000
6.458547e+003,0.000000e+000
6.459029e+003,0.000000e+000
6.459511e+003,0.000000e+000
6.459993e+003,0.000000e+000
6.460475e+003,0.000000e+000
6.460958e+003,0.000000e+000
6.461439e+003,0.000000e+000
6.461922e+003,0.000000e+000
6.462404e+003,0.000000e+000
6.462886e+003,0.000000e+000
6.463368e+003,0.000000e+000
6.463850e+003,0.000000e+000
6.464333e+003,0.000000e+000
6.464814e+003,0.000000e+000
6.465296e+003,0.000000e+000
6.465779e+003,0.000000e+000
6.466261e+003,0.000000e+000
6.466743e+003,0.000000e+000
6.467225e+003,0.000000e+000
6.467707e+003,0.000000e+000
6.468189e+003,0.000000e+000
6.468671e+003,0.000000e+000
6.469153e+003,0.000000e+000
6.469636e+003,0.000000e+000
6.470118e+003,0.000000e+000
6.470600e+003,0.000000e+000
6.471082e+003,0.000000e+000
6.471564e+003,0.000000e+000
6.472046e+003,0.000000e+000
6.472528e+003,0.000000e+000
6.473011e+003,0.000000e+000
6.473493e+003,0.000000e+000
6.473975e+003,0.000000e+000
6.474457e+003,0.000000e+000
6.474939e+003,0.000000e+000
6.475421e+003,0.000000e+000
6.475903e+003,0.000000e+000
6.476385e+003,0.000000e+000
6.476868e+003,0.000000e+000
6.477350e+003,0.000000e+000
6.477832e+003,0.000000e+000
6.478314e+003,0.000000e+000
6.478796e+003,0.000000e+000
6.479278e+003,0.000000e+000
6.479760e+003,0.000000e+000
6.480242e+003,0.000000e+000
6.480725e+003,0.000000e+000
6.481207e+003,0.000000e+000
6.481689e+003,0.000000e+000
6.482171e+003,0.000000e+000
6.482653e+003,0.000000e+000
6.483135e+003,0.000000e+000
6.483617e+003,0.000000e+000
6.484100e+003,0.000000e+000
6.484582e+003,0.000000e+000
6.485063e+003,0.000000e+000
6.485546e+003,0.000000e+000
6.486028e+003,0.000000e+000
6.486510e+003,0.000000e+000
6.486992e+003,0.000000e+000
6.487474e+003,0.000000e+000
6.487957e+003,0.000000e+000
6.488438e+003,0.000000e+000
6.488921e+003,0.000000e+000
6.489403e+003,0.000000e+000
6.489885e+003,0.000000e+000
6.490367e+003,0.000000e+000
6.490849e+003,0.000000e+000
6.491332e+003,0.000000e+000
6.491813e+003,0.000000e+000
6.492295e+003,0.000000e+000
6.492778e+003,0.000000e+000
6.493260e+003,0.000000e+000
6.493742e+003,0.000000e+000
6.494224e+003,0.000000e+000
6.494706e+003,0.000000e+000
6.495188e+003,0.000000e+000
6.495670e+003,0.000000e+000
6.496152e+003,0.000000e+000
6.496635e+003,0.000000e+000
6.497117e+003,0.000000e+000
6.497599e+003,0.000000e+000
6.498081e+003,0.000000e+000
6.498563e+003,0.000000e+000
6.499045e+003,0.000000e+000
6.499527e+003,0.000000e+000
6.500010e+003,0.000000e+000
6.500492e+003,0.000000e+000
6.500974e+003,0.000000e+000
6.501456e+003,0.000000e+000
6.501938e+003,0.000000e+000
6.502420e+003,0.000000e+000
6.502902e+003,0.000000e+000
6.503384e+003,0.000000e+000
6.503867e+003,0.000000e+000
6.504349e+003,0.000000e+000
6.504831e+003,0.000000e+000
6.505313e+003,0.000000e+000
6.505795e+003,0.000000e+000
6.506277e+003,0.000000e+000
6.506759e+003,0.000000e+000
6.507241e+003,0.000000e+000
6.507724e+003,0.000000e+000
6.508206e+003,0.000000e+000
6.508688e+003,0.000000e+000
6.509170e+003,0.000000e+000
6.509652e+003,0.000000e+000
6.510134e+003,0.000000e+000
6.510616e+003,0.000000e+000
6.511099e+003,0.000000e+000
6.511581e+003,0.000000e+000
6.512063e+003,0.000000e+000
6.512545e+003,0.000000e+000
6.513027e+003,0.000000e+000
6.513509e+003,0.000000e+000
6.513991e+003,0.000000e+000
6.514473e+003,0.000000e+000
6.514956e+003,0.000000e+000
6.515438e+003,0.000000e+000
6.515919e+003,0.000000e+000
6.516402e+003,0.000000e+000
6.516884e+003,0.000000e+000
6.517366e+003,0.000000e+000
6.517848e+003,0.000000e+000
6.518330e+003,0.000000e+000
6.518813e+003,0.000000e+000
6.519294e+003,0.000000e+000
6.519777e+003,0.000000e+000
6.520259e+003,0.000000e+000
6.520741e+003,0.000000e+000
6.521223e+003,0.000000e+000
6.521705e+003,0.000000e+000
6.522188e+003,0.000000e+000
6.522669e+003,0.000000e+000
6.523151e+003,0.000000e+000
6.523634e+003,0.000000e+000
6.524116e+003,0.000000e+000
6.524598e+003,0.000000e+000
6.525080e+003,0.000000e+000
6.525562e+003,0.000000e+000
6.526044e+003,0.000000e+000
6.526526e+003,0.000000e+000
6.527009e+003,0.000000e+000
6.527491e+003,0.000000e+000
6.527973e+003,0.000000e+000
6.528455e+003,0.000000e+000
6.528937e+003,0.000000e+000
6.529419e+003,0.000000e+000
6.529901e+003,0.000000e+000
6.530383e+003,0.000000e+000
6.530866e+003,0.000000e+000
6.531348e+003,0.000000e+000
6.531830e+003,0.000000e+000
6.532312e+003,0.000000e+000
6.532794e+003,0.000000e+000
6.533276e+003,0.000000e+000
6.533758e+003,0.000000e+000
6.534240e+003,0.000000e+000
6.534723e+003,0.000000e+000
6.535205e+003,0.000000e+000
6.535687e+003,0.000000e+000
6.536169e+003,0.000000e+000
6.536651e+003,0.000000e+000
6.537133e+003,0.000000e+000
6.537615e+003,0.000000e+000
6.538098e+003,0.000000e+000
6.538580e+003,0.000000e+000
6.539062e+003,0.000000e+000
6.539544e+003,0.000000e+000
6.540026e+003,0.000000e+000
6.540508e+003,0.000000e+000
6.540990e+003,0.000000e+000
6.541472e+003,0.000000e+000
6.541955e+003,0.000000e+000
6.542437e+003,0.000000e+000
6.542918e+003,0.000000e+000
6.543401e+003,0.000000e+000
6.543883e+003,0.000000e+000
6.544365e+003,0.000000e+000
6.544847e+003,0.000000e+000
6.545329e+003,0.000000e+000
6.545812e+003,0.000000e+000
6.546293e+003,0.000000e+000
6.546776e+003,0.000000e+000
6.547258e+003,0.000000e+000
6.547740e+003,0.000000e+000
6.548222e+003,0.000000e+000
6.548704e+003,0.000000e+000
6.549187e+003,0.000000e+000
6.549668e+003,0.000000e+000
6.550150e+003,0.000000e+000
6.550633e+003,0.000000e+000
6.551115e+003,0.000000e+000
6.551597e+003,0.000000e+000
6.552079e+003,0.000000e+000
6.552561e+003,0.000000e+000
6.553043e+003,0.000000e+000
6.553525e+003,0.000000e+000
6.554007e+003,0.000000e+000
6.554490e+003,0.000000e+000
6.554972e+003,0.000000e+000
6.555454e+003,0.000000e+000
6.555936e+003,0.000000e+000
6.556418e+003,0.000000e+000
6.556900e+003,0.000000e+000
6.557382e+003,0.000000e+000
6.557865e+003,0.000000e+000
6.558347e+003,0.000000e+000
6.558829e+003,0.000000e+000
6.559311e+003,0.000000e+000
6.559793e+003,0.000000e+000
6.560275e+003,0.000000e+000
6.560757e+003,0.000000e+000
6.561239e+003,0.000000e+000
6.561722e+003,0.000000e+000
6.562204e+003,0.000000e+000
6.562686e+003,0.000000e+000
6.563168e+003,0.000000e+000
6.563650e+003,0.000000e+000
6.564132e+003,0.000000e+000
6.564614e+003,0.000000e+000
6.565096e+003,0.000000e+000
6.565579e+003,0.000000e+000
6.566061e+003,0.000000e+000
6.566543e+003,0.000000e+000
6.567025e+003,0.000000e+000
6.567507e+003,0.000000e+000
6.567989e+003,0.000000e+000
6.568471e+003,0.000000e+000
6.568954e+003,0.000000e+000
6.569436e+003,0.000000e+000
6.569917e+003,0.000000e+000
6.570400e+003,0.000000e+000
6.570882e+003,0.000000e+000
6.571364e+003,0.000000e+000
6.571846e+003,0.000000e+000
6.572328e+003,0.000000e+000
6.572811e+003,0.000000e+000
6.573292e+003,0.000000e+000
6.573775e+003,0.000000e+000
6.574257e+003,0.000000e+000
6.574739e+003,0.000000e+000
6.575221e+003,0.000000e+000
6.575703e+003,0.000000e+000
6.576186e+003,0.000000e+000
6.576667e+003,0.000000e+000
6.577149e+003,0.000000e+000
6.577632e+003,0.000000e+000
6.578114e+003,0.000000e+000
6.578596e+003,0.000000e+000
6.579078e+003,0.000000e+000
6.579560e+003,0.000000e+000
6.580042e+003,0.000000e+000
6.580524e+003,0.000000e+000
6.581006e+003,0.000000e+000
6.581489e+003,0.000000e+000
6.581971e+003,0.000000e+000
6.582453e+003,0.000000e+000
6.582935e+003,0.000000e+000
6.583417e+003,0.000000e+000
6.583899e+003,0.000000e+000
6.584381e+003,0.000000e+000
6.584864e+003,0.000000e+000
6.585346e+003,0.000000e+000
6.585828e+003,0.000000e+000
6.586310e+003,0.000000e+000
6.586792e+003,0.000000e+000
6.587274e+003,0.000000e+000
6.587756e+003,0.000000e+000
6.588238e+003,0.000000e+000
6.588721e+003,0.000000e+000
6.589203e+003,0.000000e+000
6.589685e+003,0.000000e+000
6.590167e+003,0.000000e+000
6.590649e+003,0.000000e+000
6.591131e+003,0.000000e+000
6.591613e+003,0.000000e+000
6.592095e+003,0.000000e+000
6.592578e+003,0.000000e+000
6.593060e+003,0.000000e+000
6.593542e+003,0.000000e+000
6.594024e+003,0.000000e+000
6.594506e+003,0.000000e+000
6.594988e+003,0.000000e+000
6.595470e+003,0.000000e+000
6.595953e+003,0.000000e+000
6.596435e+003,0.000000e+000
6.596917e+003,0.000000e+000
6.597399e+003,0.000000e+000
6.597881e+003,0.000000e+000
6.598363e+003,0.000000e+000
6.598845e+003,0.000000e+000
6.599327e+003,0.000000e+000
6.599810e+003,0.000000e+000
6.600292e+003,0.000000e+000
6.600774e+003,0.000000e+000
6.601256e+003,0.000000e+000
6.601738e+003,0.000000e+000
6.602220e+003,0.000000e+000
6.602702e+003,0.000000e+000
6.603184e+003,0.000000e+000
6.603667e+003,0.000000e+000
6.604148e+003,0.000000e+000
6.604631e+003,0.000000e+000
6.605113e+003,0.000000e+000
6.605595e+003,0.000000e+000
6.606077e+003,0.000000e+000
6.606559e+003,0.000000e+000
6.607042e+003,0.000000e+000
6.607523e+003,0.000000e+000
6.608005e+003,0.000000e+000
6.608488e+003,0.000000e+000
6.608970e+003,0.000000e+000
6.609452e+003,0.000000e+000
6.609934e+003,0.000000e+000
6.610416e+003,0.000000e+000
6.610898e+003,0.000000e+000
6.611380e+003,0.000000e+000
6.611863e+003,0.000000e+000
6.612345e+003,0.000000e+000
6.612827e+003,0.000000e+000
6.613309e+003,0.000000e+000
6.613791e+003,0.000000e+000
6.614273e+003,0.000000e+000
6.614755e+003,0.000000e+000
6.615237e+003,0.000000e+000
6.615720e+003,0.000000e+000
6.616202e+003,0.000000e+000
6.616684e+003,0.000000e+000
6.617166e+003,0.000000e+000
6.617648e+003,0.000000e+000
6.618130e+003,0.000000e+000
6.618612e+003,0.000000e+000
6.619094e+003,0.000000e+000
6.619577e+003,0.000000e+000
6.620059e+003,0.000000e+000
6.620541e+003,0.000000e+000
6.621023e+003,0.000000e+000
6.621505e+003,0.000000e+000
6.621987e+003,0.000000e+000
6.622469e+003,0.000000e+000
6.622952e+003,0.000000e+000
6.623434e+003,0.000000e+000
6.623916e+003,0.000000e+000
6.624398e+003,0.000000e+000
6.624880e+003,0.000000e+000
6.625362e+003,0.000000e+000
6.625844e+003,0.000000e+000
6.626326e+003,0.000000e+000
6.626809e+003,0.000000e+000
6.627291e+003,0.000000e+000
6.627772e+003,0.000000e+000
6.628255e+003,0.000000e+000
6.628737e+003,0.000000e+000
6.629219e+003,0.000000e+000
6.629701e+003,0.000000e+000
6.630183e+003,0.000000e+000
6.630666e+003,0.000000e+000
6.631147e+003,0.000000e+000
6.631630e+003,0.000000e+000
6.632112e+003,0.000000e+000
6.632594e+003,0.000000e+000
6.633076e+003,0.000000e+000
6.633558e+003,0.000000e+000
6.634041e+003,0.000000e+000
6.634522e+003,0.000000e+000
6.635004e+003,0.000000e+000
6.635487e+003,0.000000e+000
6.635969e+003,0.000000e+000
6.636451e+003,0.000000e+000
6.636933e+003,0.000000e+000
6.637415e+003,0.000000e+000
6.637897e+003,0.000000e+000
6.638379e+003,0.000000e+000
6.638861e+003,0.000000e+000
6.639344e+003,0.000000e+000
6.639826e+003,0.000000e+000
6.640308e+003,0.000000e+000
6.640790e+003,0.000000e+000
6.641272e+003,0.000000e+000
6.641754e+003,0.000000e+000
6.642236e+003,0.000000e+000
6.642719e+003,0.000000e+000
6.643201e+003,0.000000e+000
6.643683e+003,0.000000e+000
6.644165e+003,0.000000e+000
6.644647e+003,0.000000e+000
6.645129e+003,0.000000e+000
6.645611e+003,0.000000e+000
6.646093e+003,0.000000e+000
6.646576e+003,0.000000e+000
6.647058e+003,0.000000e+000
6.647540e+003,0.000000e+000
6.648022e+003,0.000000e+000
6.648504e+003,0.000000e+000
6.648986e+003,0.000000e+000
6.649468e+003,0.000000e+000
6.649950e+003,0.000000e+000
6.650433e+003,0.000000e+000
6.650915e+003,0.000000e+000
6.651397e+003,0.000000e+000
6.651879e+003,0.000000e+000
6.652361e+003,0.000000e+000
6.652843e+003,0.000000e+000
6.653325e+003,0.000000e+000
6.653808e+003,0.000000e+000
6.654290e+003,0.000000e+000
6.654771e+003,0.000000e+000
6.655254e+003,0.000000e+000
6.655736e+003,0.000000e+000
6.656218e+003,0.000000e+000
6.656700e+003,0.000000e+000
6.657182e+003,0.000000e+000
6.657665e+003,0.000000e+000
6.658146e+003,0.000000e+000
6.658629e+003,0.000000e+000
6.659111e+003,0.000000e+000
6.659593e+003,0.000000e+000
6.660075e+003,0.000000e+000
6.660557e+003,0.000000e+000
6.661040e+003,0.000000e+000
6.661521e+003,0.000000e+000
6.662003e+003,0.000000e+000
6.662486e+003,0.000000e+000
6.662968e+003,0.000000e+000
6.663450e+003,0.000000e+000
6.663932e+003,0.000000e+000
6.664414e+003,0.000000e+000
6.664896e+003,0.000000e+000
6.665378e+003,0.000000e+000
6.665860e+003,0.000000e+000
6.666343e+003,0.000000e+000
6.666825e+003,0.000000e+000
