125.3706436;0.00264131
125.8528384;0.00977533
126.3350332;0.01316573
126.817228;0.00874073
127.2994228;0.00675601
127.7816175;0.00890742
128.2638123;0.01110978
128.7460071;0.01176927
129.2282019;0.01017462
129.7103967;0.00792939
130.1925915;0.00681856
130.6747862;0.0065515
131.156981;0.00526616
131.6391758;0.00338767
132.1213706;0.00352557
132.6035654;0.00407187
133.0857602;0.00303577
133.5679549;0.00165753
134.0501497;-0.0005189
134.5323445;-0.0028984
135.0145393;-0.00176149
135.4967341;0.00295919
135.9789289;0.00571903
136.4611236;0.00409266
136.9433184;0.00180767
137.4255132;0.0010321
137.907708;0.00006042
138.3899028;-0.00004341
138.8720975;0.00160187
139.3542923;0.00262973
139.8364871;0.00236815
140.3186819;0.00259049
140.8008767;0.00328897
141.2830715;0.00297756
141.7652662;0.00243609
142.247461;0.00194821
142.7296558;0.00061018
143.2118506;0.00000359
143.6940454;0.0012419
144.1762402;0.0028774
144.6584349;0.00313211
145.1406297;0.00244421
145.6228245;0.0022986
146.1050193;0.00219218
146.5872141;0.00137042
147.0694089;0.00097725
147.5516036;0.00166374
148.0337984;0.00233309
148.5159932;0.00204948
148.998188;0.0008808
149.4803828;0.00021518
149.9625776;0.00080311
150.4447723;0.00129786
150.9269671;0.00077862
151.4091619;0.00079692
151.8913567;0.0017419
152.3735515;0.00232697
152.8557463;0.00185262
153.337941;0.00097233
153.8201358;0.00093102
154.3023306;0.00140739
154.7845254;0.00120811
155.2667202;0.00038402
155.748915;-0.00010345
156.2311097;0.00025016
156.7133045;0.00103628
157.1954993;0.00163469
157.6776941;0.00194238
158.1598889;0.00194432
158.6420837;0.00182455
159.1242784;0.00172528
159.6064732;0.00122796
160.088668;0.00024144
160.5708628;-0.00034375
161.0530576;-0.00029993
161.5352524;-0.00021172
162.0174471;0.00030238
162.4996419;0.00121274
162.9818367;0.00132966
163.4640315;0.00071545
163.9462263;0.00038188
164.4284211;0.00058953
164.9106158;0.00102593
165.3928106;0.00147359
165.8750054;0.00142485
166.3572002;0.0006872
166.839395;0.00065722
167.3215898;0.00128142
167.8037845;0.00103358
168.2859793;0.00008838
168.7681741;-0.00048566
169.2503689;-0.00061502
169.7325637;-0.00025139
170.2147585;0.00060548
170.6969532;0.00082925
171.179148;0.00013531
171.6613428;-0.00010855
172.1435376;0.00037179
172.6257324;0.0006248
173.1079272;0.0005285
173.5901219;0.00053467
174.0723167;0.00048498
174.5545115;0.00083306
175.0367063;0.00097413
175.5189011;0.00040555
176.0010959;-0.00035341
176.4832906;-0.00025161
176.9654854;0.00039684
177.4476802;0.00046022
177.929875;0.00027424
178.4120698;-0.00015357
178.8942646;-0.00050159
179.3764593;-0.0004128
179.8586541;-0.00013332
180.3408489;0.00012973
180.8230437;0.00037588
181.3052385;0.00051448
181.7874332;0.0005869
182.269628;0.00065697
182.7518228;0.00038336
183.2340176;-0.00018523
183.7162124;-0.00040062
184.1984072;0.00000662
184.6806019;0.0007225
185.1627967;0.00123327
185.6449915;0.0012228
186.1271863;0.00103093
186.6093811;0.00093577
187.0915759;0.00088829
187.5737706;0.00113365
188.0559654;0.00157641
188.5381602;0.0014858
189.020355;0.00095065
189.5025498;0.00046758
189.9847446;0.00001043
190.4669393;0.00001572
190.9491341;0.00069171
191.4313289;0.00108402
191.9135237;0.00068689
192.3957185;-0.00002031
192.8779133;-0.00054767
193.360108;-0.00048006
193.8423028;-0.00024889
194.3244976;-0.00024032
194.8066924;-0.00015207
195.2888872;0.00024863
195.771082;0.00079543
196.2532767;0.00106832
196.7354715;0.00084745
197.2176663;0.00020148
197.6998611;-0.00032593
198.1820559;-0.00044619
198.6642507;-0.00016108
199.1464454;0.00031019
199.6286402;0.00048977
200.110835;0.00033876
200.5930298;0.00024345
201.0752246;0.00026851
201.5574194;0.00028975
202.0396141;0.00039722
202.5218089;0.00062323
203.0040037;0.0007699
203.4861985;0.00065859
203.9683933;0.00033152
204.4505881;0.00013483
204.9327828;0.00019145
205.4149776;0.00016788
205.8971724;0.00008398
206.3793672;0.00020113
206.861562;0.00032023
207.3437568;0.0003233
207.8259515;0.00039653
208.3081463;0.00045528
208.7903411;0.00038663
209.2725359;0.00037174
209.7547307;0.00054425
210.2369255;0.00077271
210.7191202;0.00076404
211.201315;0.00035433
211.6835098;-0.00008446
212.1657046;-0.00010487
212.6478994;0.00016653
213.1300942;0.00032276
213.6122889;0.00022694
214.0944837;-0.00001362
214.5766785;0.00001887
215.0588733;0.00024645
215.5410681;0.00024507
216.0232629;-0.00000307
216.5054576;-0.00016837
216.9876524;-0.00005291
217.4698472;0.00011821
217.952042;0.00013216
218.4342368;0.00009891
218.9164316;0.00010427
219.3986263;0.00018758
219.8808211;0.00034164
220.3630159;0.0004203
220.8452107;0.00035378
221.3274055;0.00047707
221.8096003;0.00081689
222.291795;0.00086977
222.7739898;0.00048057
223.2561846;0.00003398
223.7383794;-0.00002734
224.2205742;0.0003357
224.7027689;0.00060453
225.1849637;0.0005787
225.6671585;0.00052382
226.1493533;0.00041375
226.6315481;0.00021167
227.1137429;0.00011261
227.5959376;0.00016408
228.0781324;0.00037838
228.5603272;0.00052907
229.042522;0.00034133
229.5247168;0.00008233
230.0069116;0.00000876
230.4891063;0.00015069
230.9713011;0.0003958
231.4534959;0.00038792
231.9356907;0.00010296
232.4178855;-0.00007334
232.9000803;0.00004178
233.382275;0.00032269
233.8644698;0.00055161
234.3466646;0.0006144
234.8288594;0.00058247
235.3110542;0.00051902
235.793249;0.00040982
236.2754437;0.00029165
236.7576385;0.00011912
237.2398333;-0.00007361
237.7220281;-0.00005946
238.2042229;0.00012399
238.6864177;0.00029501
239.1686124;0.00055787
239.6508072;0.00084359
240.133002;0.00088515
240.6151968;0.00079155
241.0973916;0.000771
241.5795864;0.00069676
242.0617811;0.00043662
242.5439759;0.00022098
243.0261707;0.00024999
243.5083655;0.00026563
243.9905603;0.00023047
244.4727551;0.00039234
244.9549498;0.00050586
245.4371446;0.00039309
245.9193394;0.00036581
246.4015342;0.00044091
246.883729;0.00041494
247.3659238;0.00041707
247.8481185;0.00060517
248.3303133;0.00081491
248.8125081;0.00080325
249.2947029;0.00063864
249.7768977;0.00063097
250.2590925;0.00076835
250.7412872;0.0007546
251.223482;0.00053958
251.7056768;0.0003222
252.1878716;0.00034037
252.6700664;0.00052095
253.1522612;0.0005647
253.6344559;0.00055526
254.1166507;0.00068266
254.5988455;0.0008311
255.0810403;0.00090176
255.5632351;0.00088647
256.0454299;0.000778
256.5276246;0.00065328
257.0098194;0.00050582
257.4920142;0.00028159
257.974209;0.00020388
258.4564038;0.00041165
258.9385986;0.00065281
259.4207933;0.0007276
259.9029881;0.0006658
260.3851829;0.00058385
260.8673777;0.00055218
261.3495725;0.00059448
261.8317673;0.00067494
262.313962;0.00069194
262.7961568;0.00065568
263.2783516;0.00067064
263.7605464;0.00078151
264.2427412;0.00089287
264.724936;0.00094806
265.2071307;0.00104736
265.6893255;0.00116067
266.1715203;0.00121819
266.6537151;0.00124922
267.1359099;0.00123071
267.6181046;0.00118256
268.1002994;0.00112801
268.5824942;0.001031
269.064689;0.00097362
269.5468838;0.00104379
270.0290786;0.00113923
270.5112733;0.00117054
270.9934681;0.00120357
271.4756629;0.0012473
271.9578577;0.0011924
272.4400525;0.00109756
272.9222473;0.00115856
273.404442;0.00130378
273.8866368;0.00134903
274.3688316;0.00122272
274.8510264;0.00099124
275.3332212;0.00093629
275.815416;0.0010729
276.2976107;0.0010876
276.7798055;0.00096552
277.2620003;0.00091397
277.7441951;0.00093854
278.2263899;0.00089933
278.7085847;0.00080648
279.1907794;0.00080581
279.6729742;0.00096551
280.155169;0.0012545
280.6373638;0.00158224
281.1195586;0.0018636
281.6017534;0.00206749
282.0839481;0.00206895
282.5661429;0.00177255
283.0483377;0.00148295
283.5305325;0.00143035
284.0127273;0.00143481
284.4949221;0.00151107
284.9771168;0.0017369
285.4593116;0.00189973
285.9415064;0.00189166
286.4237012;0.00181068
286.905896;0.00180328
287.3880908;0.00194729
287.8702855;0.00210985
288.3524803;0.00212694
288.8346751;0.00208198
289.3168699;0.00210891
289.7990647;0.00209527
290.2812595;0.00197243
290.7634542;0.00195035
291.245649;0.00209536
291.7278438;0.00217122
292.2100386;0.0021545
292.6922334;0.00223934
293.1744282;0.00230961
293.6566229;0.00226116
294.1388177;0.00233269
294.6210125;0.00252284
295.1032073;0.00257059
295.5854021;0.00247898
296.0675969;0.00241051
296.5497916;0.00245048
297.0319864;0.00261906
297.5141812;0.00275741
297.996376;0.00271952
298.4785708;0.00263352
298.9607656;0.00263843
299.4429603;0.00281037
299.9251551;0.00309604
300.4073499;0.00322389
300.8895447;0.00321978
301.3717395;0.00334253
301.8539343;0.00351056
302.336129;0.00357359
302.8183238;0.00361892
303.3005186;0.00368163
303.7827134;0.00373194
304.2649082;0.00378299
304.747103;0.00374575
305.2292977;0.00359279
305.7114925;0.00353837
306.1936873;0.0037374
306.6758821;0.00406747
307.1580769;0.00434903
307.6402716;0.0045455
308.1224664;0.00462853
308.6046612;0.00462636
309.086856;0.00466026
309.5690508;0.00467937
310.0512456;0.00465355
310.5334403;0.00471413
311.0156351;0.00485458
311.4978299;0.00496533
311.9800247;0.00504762
312.4622195;0.00522496
312.9444143;0.00544653
313.426609;0.00548702
313.9088038;0.0054239
314.3909986;0.00547102
314.8731934;0.00561334
315.3553882;0.00576529
315.837583;0.00590096
316.3197777;0.00607694
316.8019725;0.00628331
317.2841673;0.00640909
317.7663621;0.00650814
318.2485569;0.00670036
318.7307517;0.00689848
319.2129464;0.00696085
319.6951412;0.00698801
320.177336;0.00718448
320.6595308;0.00753233
321.1417256;0.00781953
321.6239204;0.00788126
322.1061151;0.00784734
322.5883099;0.00801883
323.0705047;0.0084099
323.5526995;0.00878532
324.0348943;0.00902036
324.5170891;0.00912045
324.9992838;0.00914234
325.4814786;0.00922068
325.9636734;0.0094268
326.4458682;0.00965619
326.928063;0.00982892
327.4102578;0.01001956
327.8924525;0.01031384
328.3746473;0.01066803
328.8568421;0.01097815
329.3390369;0.01122623
329.8212317;0.01150616
330.3034265;0.01182786
330.7856212;0.01207104
331.267816;0.01229598
331.7500108;0.01261012
332.2322056;0.01287401
332.7144004;0.01301561
333.1965952;0.01324381
333.6787899;0.01370042
334.1609847;0.01418854
334.6431795;0.01453966
335.1253743;0.0148533
335.6075691;0.01519118
336.0897639;0.01554911
336.5719586;0.01594527
337.0541534;0.01636477
337.5363482;0.01678108
338.018543;0.01712889
338.5007378;0.01733816
338.9829326;0.01747091
339.4651273;0.01771888
339.9473221;0.01825546
340.4295169;0.01903818
340.9117117;0.01975352
341.3939065;0.02022209
341.8761013;0.02060633
342.358296;0.0210895
342.8404908;0.02170851
343.3226856;0.02230584
343.8048804;0.022762
344.2870752;0.02324744
344.76927;0.02386792
345.2514647;0.02450503
345.7336595;0.02505815
346.2158543;0.02553766
346.6980491;0.02605044
347.1802439;0.02666266
347.6624387;0.02731697
348.1446334;0.02795857
348.6268282;0.02862326
349.109023;0.02938158
349.5912178;0.03020558
350.0734126;0.03099981
350.5556073;0.0317454
351.0378021;0.03250083
351.5199969;0.03336953
352.0021917;0.03431853
352.4843865;0.03511365
352.9665813;0.03575179
353.448776;0.03656454
353.9309708;0.03768061
354.4131656;0.03887957
354.8953604;0.04000347
355.3775552;0.04104707
355.85975;0.04204797
356.3419447;0.04307302
356.8241395;0.04413527
357.3063343;0.04523745
357.7885291;0.04641004
358.2707239;0.04763237
358.7529187;0.04889213
359.2351134;0.05024691
359.7173082;0.05163612
360.199503;0.05298029
360.6816978;0.05443214
361.1638926;0.05601303
361.6460874;0.05755178
362.1282821;0.059021
362.6104769;0.06044513
363.0926717;0.06187928
363.5748665;0.06345632
364.0570613;0.06522465
364.5392561;0.06706877
365.0214508;0.06887488
365.5036456;0.07069986
365.9858404;0.07261902
366.4680352;0.07460015
366.95023;0.07661569
367.4324248;0.07864427
367.9146195;0.08070144
368.3968143;0.08290514
368.8790091;0.08525023
369.3612039;0.08760837
369.8433987;0.08996679
370.3255935;0.09237009
370.8077882;0.09484508
371.289983;0.09740946
371.7721778;0.10006411
372.2543726;0.10278459
372.7365674;0.10551693
373.2187622;0.10825256
373.7009569;0.11111064
374.1831517;0.11419742
374.6653465;0.11740312
375.1475413;0.12056433
375.6297361;0.12363949
376.1119309;0.12673287
376.5941256;0.13004035
377.0763204;0.13359082
377.5585152;0.13722833
378.04071;0.14084314
378.5229048;0.14451063
379.0050996;0.14838421
379.4872943;0.1524522
379.9694891;0.15656084
380.4516839;0.16065066
380.9338787;0.16480221
381.4160735;0.16907598
381.8982683;0.17348962
382.380463;0.17799588
382.8626578;0.18255848
383.3448526;0.18730623
383.8270474;0.19224872
384.3092422;0.19723503
384.791437;0.20227876
385.2736317;0.2074333
385.7558265;0.21264124
386.2380213;0.21786729
386.7202161;0.22318488
387.2024109;0.22870982
387.6846057;0.23440711
388.1668004;0.24013853
388.6489952;0.24588618
389.13119;0.25172755
389.6133848;0.25773114
390.0955796;0.26386413
390.5777744;0.27004525
391.0599691;0.27635378
391.5421639;0.28288153
392.0243587;0.28944424
392.5065535;0.29581207
392.9887483;0.30209199
393.470943;0.30846518
393.9531378;0.31481788
394.4353326;0.32103971
394.9175274;0.32723981
395.3997222;0.33339661
395.881917;0.33935615
396.3641117;0.34522623
396.8463065;0.35120544
397.3285013;0.35736886
397.8106961;0.36377478
398.2928909;0.3703309
398.7750857;0.37695378
399.2572804;0.38380668
399.7394752;0.39104685
400.22167;0.39868483
400.7038648;0.40662506
401.1860596;0.41476542
401.6682544;0.4230713
402.1504491;0.43143162
402.6326439;0.43969542
403.1148387;0.44784263
403.5970335;0.45591116
404.0792283;0.46389684
404.5614231;0.47175536
405.0436178;0.47945184
405.5258126;0.48707071
406.0080074;0.49476838
406.4902022;0.50247741
406.972397;0.50993711
407.4545918;0.51716679
407.9367865;0.52447069
408.4189813;0.53191042
408.9011761;0.53922218
409.3833709;0.54625416
409.8655657;0.55312502
410.3477605;0.55996573
410.8299552;0.56679529
411.31215;0.57356584
411.7943448;0.58025002
412.2765396;0.58684975
412.7587344;0.5932737
413.2409292;0.59944725
413.7231239;0.60545009
414.2053187;0.61139536
414.6875135;0.61732519
415.1697083;0.62318432
415.6519031;0.62885743
416.1340979;0.63428319
416.6162926;0.63953656
417.0984874;0.6447438
417.5806822;0.64989805
418.062877;0.65491557
418.5450718;0.65981281
419.0272666;0.6646601
419.5094613;0.66947734
419.9916561;0.6741643
420.4738509;0.67860061
420.9560457;0.68284559
421.4382405;0.68700755
421.9204353;0.69107229
422.40263;0.69495332
422.8848248;0.69864345
423.3670196;0.7022562
423.8492144;0.70583272
424.3314092;0.70930761
424.813604;0.71263039
425.2957987;0.71585327
425.7779935;0.71901792
426.2601883;0.72202665
426.7423831;0.72490543
427.2245779;0.72778553
427.7067727;0.73061663
428.1889674;0.73327637
428.6711622;0.73564404
429.153357;0.73767269
429.6355518;0.73959059
430.1177466;0.74163747
430.5999414;0.74378443
431.0821361;0.74587387
431.5643309;0.74775553
432.0465257;0.74941218
432.5287205;0.75098753
433.0109153;0.75259447
433.49311;0.75416398
433.9753048;0.75558794
434.4574996;0.7569266
434.9396944;0.7582593
435.4218892;0.75954175
435.904084;0.76073247
436.3862787;0.76185739
436.8684735;0.76292026
437.3506683;0.76389277
437.8328631;0.76480252
438.3150579;0.76572853
438.7972527;0.76661634
439.2794474;0.76722389
439.7616422;0.76761037
440.243837;0.76815289
440.7260318;0.76890379
441.2082266;0.7695781
441.6904214;0.7699421
442.1726161;0.7700842
442.6548109;0.77030528
443.1370057;0.77062392
443.6192005;0.77080137
444.1013953;0.77080321
444.5835901;0.77070862
445.0657848;0.77044958
445.5479796;0.7700668
446.0301744;0.76965117
446.5123692;0.76909155
446.994564;0.76834071
447.4767588;0.76742494
447.9589535;0.76621121
448.4411483;0.76464134
448.9233431;0.76280075
449.4055379;0.76064861
449.8877327;0.75819802
450.3699275;0.75561613
450.8521222;0.75299579
451.334317;0.75040716
451.8165118;0.74804717
452.2987066;0.74619061
452.7809014;0.74496752
453.2630962;0.74432611
453.7452909;0.74409735
454.2274857;0.74396139
454.7096805;0.74357373
455.1918753;0.74273211
455.6740701;0.74137455
456.1562649;0.73955959
456.6384596;0.73750061
457.1206544;0.73534518
457.6028492;0.73313987
458.085044;0.73108983
458.5672388;0.72938162
459.0494336;0.72814286
459.5316283;0.72775811
460.0138231;0.72858489
460.4960179;0.73043752
460.9782127;0.73307729
461.4604075;0.7366665
461.9426023;0.74128664
462.424797;0.74665755
462.9069918;0.75223559
463.3891866;0.75761569
463.8713814;0.76247555
464.3535762;0.76634955
464.835771;0.76935059
465.3179657;0.77221596
465.8001605;0.77529126
466.2823553;0.77826422
466.7645501;0.78093928
467.2467449;0.78337073
467.7289397;0.78551388
468.2111344;0.78720719
468.6933292;0.78810501
469.175524;0.7887243
469.6577188;0.79049486
470.1399136;0.7930699
470.6221084;0.79434919
471.1043031;0.79433644
471.5864979;0.79471493
472.0686927;0.79541451
472.5508875;0.79586756
473.0330823;0.79619533
473.5152771;0.79664165
473.9974718;0.79766262
474.4796666;0.79869336
474.9618614;0.7992478
475.4440562;0.79982388
475.926251;0.80018049
476.4084457;0.80024105
476.8906405;0.80070287
477.3728353;0.80160034
477.8550301;0.8022427
478.3372249;0.80247849
478.8194197;0.802939
479.3016144;0.80367225
479.7838092;0.80421722
480.266004;0.80472022
480.7481988;0.8054902
481.2303936;0.80638522
481.7125884;0.80716664
482.1947831;0.80781448
482.6769779;0.80838215
483.1591727;0.80885696
483.6413675;0.80936676
484.1235623;0.8100239
484.6057571;0.81054914
485.0879518;0.81091094
485.5701466;0.81147814
486.0523414;0.81213939
486.5345362;0.81252378
487.016731;0.81279528
487.4989258;0.81327027
487.9811205;0.81375957
488.4633153;0.81408548
488.9455101;0.8144595
489.4277049;0.81510127
489.9098997;0.81591088
490.3920945;0.81643128
490.8742892;0.81665379
491.356484;0.81711429
491.8386788;0.8179608
492.3208736;0.81889701
492.8030684;0.81963301
493.2852632;0.82015675
493.7674579;0.82061136
494.2496527;0.82105678
494.7318475;0.82142293
495.2140423;0.82169163
495.6962371;0.82209295
496.1784319;0.82271636
496.6606266;0.82336962
497.1428214;0.82398367
497.6250162;0.82468694
498.107211;0.82551044
498.5894058;0.82623196
499.0716006;0.82672584
499.5537953;0.82714015
500.0359901;0.82761365
500.5181849;0.82821441
501.0003797;0.82892871
501.4825745;0.82956529
501.9647693;0.83002824
502.446964;0.83045912
502.9291588;0.83097148
503.4113536;0.83160514
503.8935484;0.83232564
504.3757432;0.83291429
504.857938;0.83328795
505.3401327;0.83373064
505.8223275;0.83433217
506.3045223;0.83482176
506.7867171;0.83508229
507.2689119;0.83523488
507.7511067;0.83555043
508.2333014;0.83627117
508.7154962;0.83730221
509.197691;0.8381986
509.6798858;0.83867556
510.1620806;0.83906716
510.6442754;0.8396495
511.1264701;0.84019321
511.6086649;0.84062243
512.0908597;0.84108704
512.5730545;0.84159702
513.0552493;0.84217948
513.5374441;0.84283358
514.0196388;0.84333998
514.5018336;0.84365773
514.9840284;0.844028
515.4662232;0.84454072
515.948418;0.84498543
516.4306128;0.84517717
516.9128075;0.84533662
517.3950023;0.84563017
517.8771971;0.84579962
518.3593919;0.84583008
518.8415867;0.84608155
519.3237814;0.84658337
519.8059762;0.84695613
520.288171;0.84705442
520.7703658;0.84694195
521.2525606;0.84657264
521.7347554;0.84623981
522.2169501;0.84621501
522.6991449;0.84598374
523.1813397;0.84517062
523.6635345;0.84417689
524.1457293;0.84329498
524.6279241;0.84242803
525.1101188;0.84138
525.5923136;0.84001535
526.0745084;0.83871657
526.5567032;0.83800721
527.038898;0.83773249
527.5210928;0.8375476
528.0032875;0.83756566
528.4854823;0.83805788
528.9676771;0.83901483
529.4498719;0.84033793
529.9320667;0.84207243
530.4142615;0.84410989
530.8964562;0.84623545
531.378651;0.84842229
531.8608458;0.85074872
532.3430406;0.8531307
532.8252354;0.85534656
533.3074302;0.8573733
533.7896249;0.85925567
534.2718197;0.86088431
534.7540145;0.8621493
535.2362093;0.86318374
535.7184041;0.86428159
536.2005989;0.86537385
536.6827936;0.86634624
537.1649884;0.86748135
537.6471832;0.86881453
538.129378;0.86994934
538.6115728;0.87061954
539.0937676;0.87104136
539.5759623;0.87165588
540.0581571;0.87247574
540.5403519;0.87320375
541.0225467;0.87381011
541.5047415;0.87431443
541.9869363;0.87465733
542.469131;0.87502158
542.9513258;0.87569177
543.4335206;0.87674451
543.9157154;0.87783349
544.3979102;0.87853056
544.880105;0.87897253
545.3622997;0.87940228
545.8444945;0.87974602
546.3266893;0.8801623
546.8088841;0.88084251
547.2910789;0.88146275
547.7732737;0.8818512
548.2554684;0.88234818
548.7376632;0.88303143
549.219858;0.88368124
549.7020528;0.8843134
550.1842476;0.8850143
550.6664424;0.88565773
551.1486371;0.88609439
551.6308319;0.88642496
552.1130267;0.88684976
552.5952215;0.88743478
553.0774163;0.88812739
553.5596111;0.88879955
554.0418058;0.88933879
554.5240006;0.88963592
555.0061954;0.88978404
555.4883902;0.89022768
555.970585;0.8910194
556.4527798;0.89173949
556.9349745;0.89227813
557.4171693;0.89270812
557.8993641;0.89300746
558.3815589;0.89323652
558.8637537;0.89352876
559.3459484;0.89397752
559.8281432;0.89456463
560.310338;0.89518863
560.7925328;0.89580077
561.2747276;0.89640182
561.7569224;0.89689553
562.2391171;0.8971864
562.7213119;0.89740849
563.2035067;0.8978194
563.6857015;0.89841801
564.1678963;0.89898926
564.6500911;0.89954561
565.1322858;0.89999866
565.6144806;0.90010971
566.0966754;0.90031666
566.5788702;0.90101832
567.061065;0.9016034
567.5432598;0.90178716
568.0254545;0.90215504
568.5076493;0.90268397
568.9898441;0.9028613
569.4720389;0.90279573
569.9542337;0.90290707
570.4364285;0.90332043
570.9186232;0.90382349
571.400818;0.90422183
571.8830128;0.90450221
572.3652076;0.90466011
572.8474024;0.90485919
573.3295972;0.90522599
573.8117919;0.90558928
574.2939867;0.90592569
574.7761815;0.90637439
575.2583763;0.90692556
575.7405711;0.90744144
576.2227659;0.90774971
576.7049606;0.90787274
577.1871554;0.90801859
577.6693502;0.90823108
578.151545;0.90848678
578.6337398;0.90896404
579.1159346;0.90966654
579.5981293;0.91023111
580.0803241;0.91043478
580.5625189;0.91047102
581.0447137;0.91075528
581.5269085;0.91140735
582.0091033;0.91206735
582.491298;0.91241807
582.9734928;0.91254449
583.4556876;0.91267866
583.9378824;0.91275543
584.4200772;0.91283453
584.902272;0.91338229
585.3844667;0.91425133
585.8666615;0.91475022
586.3488563;0.91485584
586.8310511;0.91504079
587.3132459;0.91537142
587.7954407;0.915618
588.2776354;0.9158451
588.7598302;0.91624898
589.242025;0.91679132
589.7242198;0.91731095
590.2064146;0.91763896
590.6886094;0.91776764
591.1708041;0.91795778
591.6529989;0.91841215
592.1351937;0.91907096
592.6173885;0.9197911
593.0995833;0.92049211
593.5817781;0.92100173
594.0639728;0.92122698
594.5461676;0.92161638
595.0283624;0.92252225
595.5105572;0.9236086
595.992752;0.92460048
596.4749468;0.92555594
596.9571415;0.92660493
597.4393363;0.92785954
597.9215311;0.92914337
598.4037259;0.93038428
598.8859207;0.93171453
599.3681155;0.93294871
599.8503102;0.93405116
600.332505;0.93537068
600.8146998;0.93743128
601.2968946;0.94061601
601.7790894;0.94429511
602.2612841;0.94729668
602.7434789;0.94889641
603.2256737;0.94929302
603.7078685;0.95029616
604.1900633;0.95303947
604.6722581;0.95562738
605.1544528;0.95659482
605.6366476;0.95738566
606.1188424;0.9597429
606.6010372;0.96320611
607.083232;0.96554977
607.5654268;0.96796978
608.0476215;0.97375512
608.5298163;0.97972989
609.0120111;0.98180526
609.4942059;0.98309582
609.9764007;0.98688102
610.4585955;0.99037534
610.9407902;0.98990548
611.422985;0.98653245
611.9051798;0.98260677
612.3873746;0.9789362
612.8695694;0.97515506
613.3517642;0.97087252
613.8339589;0.96750271
614.3161537;0.96611488
614.7983485;0.96617174
615.2805433;0.96671569
615.7627381;0.96668154
616.2449329;0.96583605
616.7271276;0.96464938
617.2093224;0.96402615
617.6915172;0.96438187
618.173712;0.96395171
618.6559068;0.96235353
619.1381016;0.96120071
619.6202963;0.9596585
620.1024911;0.9567613
620.5846859;0.95447534
621.0668807;0.95463407
621.5490755;0.95603681
622.0312703;0.95587736
622.513465;0.95282507
622.9956598;0.94757825
623.4778546;0.94131315
623.9600494;0.93486071
624.4422442;0.92909896
624.924439;0.92476285
625.4066337;0.92167836
625.8888285;0.91900897
626.3710233;0.91640246
626.8532181;0.91389674
627.3354129;0.91144443
627.8176077;0.90946525
628.2998024;0.90835851
628.7819972;0.90779787
629.264192;0.90725535
629.7463868;0.9065575
630.2285816;0.90589172
630.7107764;0.90551847
631.1929711;0.90541536
631.6751659;0.90527725
632.1573607;0.90495235
632.6395555;0.90458941
633.1217503;0.90443796
633.6039451;0.90441388
634.0861398;0.90411907
634.5683346;0.90359294
635.0505294;0.90304923
635.5327242;0.90257686
636.014919;0.9023428
636.4971138;0.90217042
636.9793085;0.90191251
637.4615033;0.901636
637.9436981;0.90128058
638.4258929;0.90097487
638.9080877;0.90078479
639.3902825;0.90050757
639.8724772;0.90004444
640.354672;0.89958072
640.8368668;0.89936274
641.3190616;0.89924288
641.8012564;0.89893973
642.2834512;0.89848101
642.7656459;0.89799762
643.2478407;0.89755434
643.7300355;0.89723319
644.2122303;0.89704502
644.6944251;0.89684957
645.1766198;0.89655972
645.6588146;0.89621907
646.1410094;0.89587951
646.6232042;0.89555323
647.105399;0.89522016
647.5875938;0.894894
648.0697885;0.89465553
648.5519833;0.89447039
649.0341781;0.89418244
649.5163729;0.89382815
649.9985677;0.8935436
650.4807625;0.89327663
650.9629572;0.89296681
651.445152;0.89270347
651.9273468;0.892542
652.4095416;0.89240426
652.8917364;0.89222354
653.3739312;0.89199907
653.8561259;0.89176583
654.3383207;0.89157009
654.8205155;0.89138293
655.3027103;0.89116991
655.7849051;0.89099425
656.2670999;0.89088517
656.7492946;0.89075255
657.2314894;0.89052159
657.7136842;0.89026242
658.195879;0.89011967
658.6780738;0.89005136
659.1602686;0.8898713
659.6424633;0.88965577
660.1246581;0.88957775
660.6068529;0.88957912
661.0890477;0.88955587
661.5712425;0.88944119
662.0534373;0.88922703
662.535632;0.88898146
663.0178268;0.88877875
663.5000216;0.88867891
663.9822164;0.88863146
664.4644112;0.88856709
664.946606;0.88850993
665.4288007;0.88841832
665.9109955;0.88823837
666.3931903;0.88801992
666.8753851;0.88777912
667.3575799;0.88755274
667.8397747;0.88743007
668.3219694;0.8873418
668.8041642;0.88721693
669.286359;0.88713813
669.7685538;0.88710845
670.2507486;0.88703543
670.7329434;0.88692135
671.2151381;0.88684964
671.6973329;0.88681024
672.1795277;0.88674116
672.6617225;0.88666409
673.1439173;0.88654339
673.6261121;0.88628787
674.1083068;0.88600397
674.5905016;0.88587594
675.0726964;0.88585967
675.5548912;0.88584399
676.037086;0.88586479
676.5192808;0.88591266
677.0014755;0.88588119
677.4836703;0.88578391
677.9658651;0.88574076
678.4480599;0.88575768
678.9302547;0.88570964
679.4124495;0.88558847
679.8946442;0.88552952
680.376839;0.88555157
680.8590338;0.88557446
681.3412286;0.8855992
681.8234234;0.88562965
682.3056182;0.88563037
682.7878129;0.88563389
683.2700077;0.88568884
683.7522025;0.88574076
684.2343973;0.88574386
684.7165921;0.88573164
685.1987868;0.88574016
685.6809816;0.88583499
686.1631764;0.88596743
686.6453712;0.8859911
687.127566;0.88600314
687.6097608;0.88616252
688.0919555;0.88639063
688.5741503;0.88657266
689.0563451;0.88670903
689.5385399;0.88685864
690.0207347;0.88703841
690.5029295;0.88713783
690.9851242;0.88708615
691.467319;0.88704056
691.9495138;0.88716042
692.4317086;0.8873806
692.9139034;0.88754678
693.3960982;0.88762534
693.8782929;0.88771689
694.3604877;0.88792127
694.8426825;0.88817662
695.3248773;0.88833249
695.8070721;0.88845325
696.2892669;0.88870859
696.7714616;0.88904083
697.2536564;0.88929933
697.7358512;0.889485
698.218046;0.88971502
698.7002408;0.890028
699.1824356;0.89033008
699.6646303;0.89058053
700.1468251;0.89083385
700.6290199;0.891128
701.1112147;0.89146578
701.5934095;0.89181668
702.0756043;0.89212418
702.557799;0.89239061
703.0399938;0.89269745
703.5221886;0.89310217
704.0043834;0.89354897
704.4865782;0.89392811
704.968773;0.89427131
705.4509677;0.89470339
705.9331625;0.89517671
706.4153573;0.89557821
706.8975521;0.89597112
707.3797469;0.89644212
707.8619417;0.89693332
708.3441364;0.89739645
708.8263312;0.89787996
709.308526;0.89840323
709.7907208;0.89891577
710.2729156;0.89940983
710.7551104;0.89994264
711.2373051;0.90050179
711.7194999;0.90101135
712.2016947;0.90147567
712.6838895;0.90196997
713.1660843;0.90252626
713.6482791;0.90309733
714.1304738;0.90364373
714.6126686;0.90416121
715.0948634;0.90464056
715.5770582;0.90509307
716.059253;0.90554595
716.5414478;0.90605199
717.0236425;0.90663642
717.5058373;0.90721053
717.9880321;0.907709
718.4702269;0.90817243
718.9524217;0.90865749
719.4346165;0.90916884
719.9168112;0.90968996
720.399006;0.91023397
720.8812008;0.91076481
721.3633956;0.91121835
721.8455904;0.91163278
722.3277852;0.91208577
722.8099799;0.91261184
723.2921747;0.91320735
723.7743695;0.91383034
724.2565643;0.91445625
724.7387591;0.91507065
725.2209539;0.91561317
725.7031486;0.91609514
726.1853434;0.91658771
726.6675382;0.91707814
727.149733;0.91756797
727.6319278;0.91809046
728.1141225;0.91861725
728.5963173;0.91911888
729.0785121;0.91958463
729.5607069;0.92000324
730.0429017;0.92038649
730.5250965;0.92081606
731.0072912;0.92134529
731.489486;0.92186922
731.9716808;0.92226511
732.4538756;0.92249447
732.9360704;0.92262161
733.4182652;0.92283046
733.9004599;0.9232164
734.3826547;0.92363864
734.8648495;0.92391288
735.3470443;0.92408466
735.8292391;0.92435765
736.3114339;0.92477006
736.7936286;0.92512423
737.2758234;0.92535287
737.7580182;0.92561388
738.240213;0.92585462
738.7224078;0.92594254
739.2046026;0.92597073
739.6867973;0.92598951
740.1689921;0.92605478
740.6511869;0.92624229
741.1333817;0.92641461
741.6155765;0.92645353
742.0977713;0.92642081
742.579966;0.92647982
743.0621608;0.92679232
743.5443556;0.92724645
744.0265504;0.92751044
744.5087452;0.92743832
744.99094;0.92728347
745.4731347;0.92732298
745.9553295;0.92737651
746.4375243;0.92726272
746.9197191;0.92718571
747.4019139;0.92721337
747.8841087;0.9271118
748.3663034;0.92677552
748.8484982;0.9264487
749.330693;0.92634362
749.8128878;0.92629653
750.2950826;0.9261024
750.7772774;0.92579949
751.2594721;0.92548513
751.7416669;0.92515308
752.2238617;0.92475951
752.7060565;0.92431146
753.1882513;0.9238795
753.6704461;0.92350751
754.1526408;0.92316324
754.6348356;0.9228338
755.1170304;0.9224627
755.5992252;0.92191017
756.08142;0.92111832
756.5636148;0.92020547
757.0458095;0.91938299
757.5280043;0.91862714
758.0101991;0.91773629
758.4923939;0.91678327
758.9745887;0.91588199
759.4567835;0.91490072
759.9389782;0.91376847
760.421173;0.91254562
760.9033678;0.91123927
761.3855626;0.9098174
761.8677574;0.90835619
762.3499522;0.90694451
762.8321469;0.90556073
763.3143417;0.90419871
763.7965365;0.90271401
764.2787313;0.90091181
764.7609261;0.89893454
765.2431209;0.89702231
765.7253156;0.89524853
766.2075104;0.89360797
766.6897052;0.891985
767.1719;0.89019948
767.6540948;0.88823074
768.1362896;0.88616884
768.6184843;0.88404185
769.1006791;0.88188303
769.5828739;0.87973678
770.0650687;0.87765384
770.5472635;0.87561643
771.0294582;0.87346399
771.511653;0.87120914
771.9938478;0.86902988
772.4760426;0.86686152
772.9582374;0.86452949
773.4404322;0.86207074
773.9226269;0.85958767
774.4048217;0.85705918
774.8870165;0.85445315
775.3692113;0.85180223
775.8514061;0.84911937
776.3336009;0.84639561
776.8157956;0.84363824
777.2979904;0.84083402
777.7801852;0.83798295
778.26238;0.83511013
778.7445748;0.83220357
779.2267696;0.82921994
779.7089643;0.82609695
780.1911591;0.82286739
780.6733539;0.81969625
781.1555487;0.81660753
781.6377435;0.81347233
782.1199383;0.81029159
782.602133;0.80716884
783.0843278;0.80407935
783.5665226;0.80093473
784.0487174;0.79782432
784.5309122;0.79486775
785.013107;0.7919758
785.4953017;0.78902036
785.9774965;0.78600061
786.4596913;0.7830112
786.9418861;0.78014857
787.4240809;0.77740073
787.9062757;0.7746774
788.3884704;0.77194518
788.8706652;0.76928991
789.35286;0.76679629
789.8350548;0.76437622
790.3172496;0.76188594
790.7994444;0.75939691
791.2816391;0.75706387
791.7638339;0.75476831
792.2460287;0.75224656
792.7282235;0.74952275
793.2104183;0.74689221
793.6926131;0.74451435
794.1748078;0.74232799
794.6570026;0.74022084
795.1391974;0.73808724
795.6213922;0.7359584
796.103587;0.73398095
796.5857818;0.73218566
797.0679765;0.73046786
797.5501713;0.72876769
798.0323661;0.72713703
798.5145609;0.72559702
798.9967557;0.72411948
799.4789505;0.72267824
799.9611452;0.7211625
800.44334;0.71942872
800.9255348;0.7174648
801.4077296;0.71531814
801.8899244;0.71290153
802.3721192;0.71008813
802.8543139;0.70678985
803.3365087;0.70276922
803.8187035;0.69774842
804.3008983;0.69157994
804.7830931;0.68407273
805.2652879;0.67494863
805.7474826;0.66397965
806.2296774;0.65116316
806.7118722;0.63704014
807.194067;0.62279755
807.6762618;0.60993755
808.1584566;0.59996611
808.6406513;0.59415942
809.1228461;0.59311336
809.6050409;0.59652883
810.0872357;0.60365051
810.5694305;0.61367118
811.0516252;0.62557006
811.53382;0.63801962
812.0160148;0.64974678
812.4982096;0.65994352
812.9804044;0.66838443
813.4625992;0.67512828
813.9447939;0.68027413
814.4269887;0.68403286
814.9091835;0.68666291
815.3913783;0.68837762
815.8735731;0.68939131
816.3557679;0.68993872
816.8379626;0.69012809
817.3201574;0.68988603
817.8023522;0.68927449
818.284547;0.68849874
818.7667418;0.6875996
819.2489366;0.68651199
819.7311313;0.68519253
820.2133261;0.68370438
820.6955209;0.68217385
821.1777157;0.68052286
821.6599105;0.67859787
822.1421053;0.67649269
822.6243;0.67434734
823.1064948;0.67215657
823.5886896;0.66990858
824.0708844;0.6675759
824.5530792;0.66509229
825.035274;0.6624586
825.5174687;0.65975642
825.9996635;0.65702701
826.4818583;0.65418154
826.9640531;0.65110946
827.4462479;0.64784056
827.9284427;0.6444878
828.4106374;0.6410594
828.8928322;0.63751864
829.375027;0.63387579
829.8572218;0.63008851
830.3394166;0.62606847
830.8216114;0.62174952
831.3038061;0.61711019
831.7860009;0.61218464
832.2681957;0.60695481
832.7503905;0.60127872
833.2325853;0.59499866
833.7147801;0.58797532
834.1969748;0.57999587
834.6791696;0.57079709
835.1613644;0.56006181
835.6435592;0.54730326
836.125754;0.53181237
836.6079488;0.51265723
837.0901435;0.48855066
837.5723383;0.45771441
838.0545331;0.41829619
838.5367279;0.36953822
839.0189227;0.31370848
839.5011175;0.25814408
839.9833122;0.21489359
840.465507;0.1961793
840.9477018;0.20807549
841.4298966;0.24715282
841.9120914;0.30253777
842.3942862;0.36166605
842.8764809;0.41547197
843.3586757;0.45994067
843.8408705;0.49471995
844.3230653;0.52117556
844.8052601;0.54111022
845.2874549;0.55616969
845.7696496;0.56759477
846.2518444;0.57624286
846.7340392;0.58278459
847.216234;0.58778632
847.6984288;0.5916872
848.1806236;0.59476912
848.6628183;0.59717155
849.1450131;0.59899831
849.6272079;0.60033631
850.1094027;0.60126555
850.5915975;0.6019572
851.0737923;0.60255969
851.555987;0.60306519
852.0381818;0.60337907
852.5203766;0.60344303
853.0025714;0.60335648
853.4847662;0.60321414
853.9669609;0.60297424
854.4491557;0.60270953
854.9313505;0.60252309
855.4135453;0.60231203
855.8957401;0.60198039
856.3779349;0.60158622
856.8601296;0.60122502
857.3423244;0.6009025
857.8245192;0.60055679
858.306714;0.60019666
858.7889088;0.59985954
859.2711036;0.59947306
859.7532983;0.5989598
860.2354931;0.59839952
860.7176879;0.59790534
861.1998827;0.59752542
861.6820775;0.59722018
862.1642723;0.59685159
862.646467;0.59641159
863.1286618;0.59600389
863.6108566;0.59563446
864.0930514;0.59529412
864.5752462;0.59499633
865.057441;0.59468806
865.5396357;0.59431726
866.0218305;0.59391332
866.5040253;0.59347397
866.9862201;0.5929873
867.4684149;0.59253442
867.9506097;0.59218597
868.4328044;0.5919286
868.9149992;0.59163529
869.397194;0.59119403
869.8793888;0.59069455
870.3615836;0.59032112
870.8437784;0.59013182
871.3259731;0.58994687
871.8081679;0.58957338
872.2903627;0.58908671
872.7725575;0.58867645
873.2547523;0.58841586
873.7369471;0.58826542
874.2191418;0.58813041
874.7013366;0.58793193
875.1835314;0.58770442
875.6657262;0.58755362
876.147921;0.58745778
876.6301158;0.58731413
877.1123105;0.58715731
877.5945053;0.58705771
878.0767001;0.58697712
878.5588949;0.58683437
879.0410897;0.58665347
879.5232845;0.58656931
880.0054792;0.58658153
880.487674;0.58661908
880.9698688;0.58664072
881.4520636;0.58654624
881.9342584;0.58639926
882.4164532;0.58635378
882.8986479;0.58637637
883.3808427;0.58631855
883.8630375;0.58611113
884.3452323;0.58589548
884.8274271;0.58582205
885.3096219;0.58587891
885.7918166;0.58599073
886.2740114;0.58604735
886.7562062;0.58594078
887.238401;0.58568829
887.7205958;0.58545029
888.2027906;0.58531809
888.6849853;0.58521998
889.1671801;0.58506662
889.6493749;0.58484542
890.1315697;0.58454615
890.6137645;0.58408201
891.0959593;0.58349055
891.578154;0.58291018
892.0603488;0.58231515
892.5425436;0.58159417
893.0247384;0.58057523
893.5069332;0.57909298
893.989128;0.57717532
894.4713227;0.5747655
894.9535175;0.57163507
895.4357123;0.56765813
895.9179071;0.56272864
896.4001019;0.55680013
896.8822966;0.55014026
897.3644914;0.54333174
897.8466862;0.53714323
898.328881;0.53224236
898.8110758;0.52905124
899.2932706;0.52788448
899.7754653;0.52885705
900.2576601;0.5318104
900.7398549;0.53650558
901.2220497;0.54262841
901.7042445;0.54975128
902.1864393;0.55739206
902.668634;0.56496793
903.1508288;0.57196474
903.6330236;0.57819289
904.1152184;0.58368754
904.5974132;0.58855391
905.079608;0.59292555
905.5618027;0.59684205
906.0439975;0.60028368
906.5261923;0.60335821
907.0083871;0.60621786
907.4905819;0.60890961
907.9727767;0.61141425
908.4549714;0.61376446
908.9371662;0.61607754
909.419361;0.61842424
909.9015558;0.62079537
910.3837506;0.62317097
910.8659454;0.62550706
911.3481401;0.62773216
911.8303349;0.6298458
912.3125297;0.63196915
912.7947245;0.63419688
913.2769193;0.63647389
913.7591141;0.63868546
914.2413088;0.64082491
914.7235036;0.64293259
915.2056984;0.64500117
915.6878932;0.64712149
916.170088;0.64932269
916.6522828;0.65141869
917.1344775;0.6533618
917.6166723;0.65530896
918.0988671;0.65733105
918.5810619;0.65941799
919.0632567;0.66153526
919.5454515;0.66361248
920.0276462;0.66568112
920.509841;0.66777635
920.9920358;0.66979694
921.4742306;0.67176998
921.9564254;0.67386812
922.4386202;0.67608482
922.9208149;0.67822278
923.4030097;0.68020642
923.8852045;0.68219572
924.3673993;0.6842941
924.8495941;0.68641651
925.3317889;0.68852687
925.8139836;0.69066846
926.2961784;0.69280887
926.7783732;0.6948843
927.260568;0.69689339
927.7427628;0.69887972
928.2249576;0.70088434
928.7071523;0.70287597
929.1893471;0.7048111
929.6715419;0.7067219
930.1537367;0.70862681
930.6359315;0.71056104
931.1181263;0.712565
931.600321;0.71445382
932.0825158;0.71602172
932.5647106;0.71742356
933.0469054;0.71887779
933.5291002;0.72027683
934.011295;0.72143078
934.4934897;0.72227395
934.9756845;0.72272664
935.4578793;0.72275072
935.9400741;0.72233099
936.4222689;0.72126687
936.9044637;0.71931273
937.3866584;0.71641409
937.8688532;0.71270084
938.351048;0.7084884
938.8332428;0.70443851
939.3154376;0.70160496
939.7976323;0.70099366
940.2798271;0.70296818
940.7620219;0.70709008
941.2442167;0.71245509
941.7264115;0.71819699
942.2086063;0.7237671
942.690801;0.72893023
943.1729958;0.73357874
943.6551906;0.73764622
944.1373854;0.7412203
944.6195802;0.74441969
945.101775;0.74720794
945.5839697;0.74953043
946.0661645;0.75144148
946.5483593;0.75310886
947.0305541;0.75467914
947.5127489;0.75607812
947.9949437;0.75716168
948.4771384;0.75799334
948.9593332;0.75874656
949.441528;0.75943428
949.9237228;0.75992095
950.4059176;0.76010966
950.8881124;0.75998062
951.3703071;0.75961256
951.8525019;0.75915128
952.3346967;0.75860399
952.8168915;0.75782603
953.2990863;0.75678313
953.7812811;0.75558442
954.2634758;0.75423574
954.7456706;0.75261271
955.2278654;0.7506761
955.7100602;0.74853933
956.192255;0.74626744
956.6744498;0.74376434
957.1566445;0.74093455
957.6388393;0.73774421
958.1210341;0.73421764
958.6032289;0.73043251
959.0854237;0.72636318
959.5676185;0.72193933
960.0498132;0.7171579
960.532008;0.71198905
961.0142028;0.70635557
961.4963976;0.70016068
961.9785924;0.69331759
962.4607872;0.68575251
962.9429819;0.67734033
963.4251767;0.66794372
963.9073715;0.65742481
964.3895663;0.64556497
964.8717611;0.6321339
965.3539559;0.61693341
965.8361506;0.59967339
966.3183454;0.58000207
966.8005402;0.55758303
967.282735;0.53207141
967.7649298;0.50316912
968.2471246;0.47072545
968.7293193;0.43484467
969.2115141;0.39601314
969.6937089;0.35534281
970.1759037;0.3148787
970.6580985;0.27752095
971.1402933;0.24649462
971.622488;0.22472641
972.1046828;0.21418928
972.5868776;0.21538639
973.0690724;0.22736505
973.5512672;0.24807404
974.033462;0.27488127
974.5156567;0.30526164
974.9978515;0.33719426
975.4800463;0.36915246
975.9622411;0.40006077
976.4444359;0.4292171
976.9266307;0.45618513
977.4088254;0.48073062
977.8910202;0.50264734
978.373215;0.52175128
978.8554098;0.53807479
979.3376046;0.55174661
979.8197993;0.56287986
980.3019941;0.57169855
980.7841889;0.57848287
981.2663837;0.58345306
981.7485785;0.58681786
982.2307733;0.58881253
982.712968;0.58962983
983.1951628;0.58938742
983.6773576;0.58816975
984.1595524;0.58606064
984.6417472;0.5831418
985.123942;0.57944447
985.6061367;0.57496738
986.0883315;0.56972939
986.5705263;0.56373179
987.0527211;0.55690068
987.5349159;0.54911429
988.0171107;0.54033357
988.4993054;0.53060079
988.9815002;0.5198825
989.463695;0.50804961
989.9458898;0.49498612
990.4280846;0.48061115
990.9102794;0.46482599
991.3924741;0.44751137
991.8746689;0.4285714
992.3568637;0.40798384
992.8390585;0.38576841
993.3212533;0.36194339
993.8034481;0.33662447
994.2856428;0.31012228
994.7678376;0.28297797
995.2500324;0.25600412
995.7322272;0.23031227
996.214422;0.2073403
996.6966168;0.18872175
997.1788115;0.17607796
997.6610063;0.17095076
998.1432011;0.17455149
998.6253959;0.18736354
999.1075907;0.20893474
999.5897855;0.23770359
1000.07198;0.27107894
1000.554175;0.30612096
1001.03637;0.34028703
1001.518565;0.37173432
1002.000759;0.39941916
1002.482954;0.42305735
1002.965149;0.44279724
1003.447344;0.45893806
1003.929539;0.4719089
1004.411733;0.48221186
1004.893928;0.49024308
1005.376123;0.49628812
1005.858318;0.50067437
1006.340512;0.50373495
1006.822707;0.50566411
1007.304902;0.506616
1007.787097;0.50680208
1008.269292;0.50633681
1008.751486;0.50527364
1009.233681;0.5037573
1009.715876;0.50192052
1010.198071;0.49983591
1010.680265;0.4975633
1011.16246;0.49517512
1011.644655;0.49273708
1012.12685;0.4902395
1012.609045;0.48768899
1013.091239;0.4851602
1013.573434;0.48268288
1014.055629;0.48025706
1014.537824;0.47792721
1015.020019;0.47569457
1015.502213;0.47345772
1015.984408;0.47122678
1016.466603;0.46915692
1016.948798;0.46728262
1017.430992;0.46554002
1017.913187;0.46392179
1018.395382;0.46243545
1018.877577;0.46105865
1019.359772;0.45978403
1019.841966;0.45866907
1020.324161;0.45773104
1020.806356;0.45686835
1021.288551;0.45606101
1021.770745;0.45543426
1022.25294;0.45501021
1022.735135;0.45466581
1023.21733;0.45434192
1023.699525;0.45407516
1024.181719;0.45389923
1024.663914;0.4538084
1025.146109;0.45375854
1025.628304;0.45372623
1026.110499;0.45372096
1026.592693;0.45374143
1027.074888;0.45378023
1027.557083;0.45381555
1028.039278;0.453814
1028.521472;0.45375335
1029.003667;0.45364136
1029.485862;0.45351973
1029.968057;0.45338723
1030.450252;0.45318541
1030.932446;0.45287922
1031.414641;0.45245337
1031.896836;0.4518913
1032.379031;0.45118371
1032.861225;0.45030075
1033.34342;0.44920999
1033.825615;0.4479374
1034.30781;0.44660562
1034.790005;0.44535553
1035.272199;0.44425267
1035.754394;0.4433625
1036.236589;0.44274312
1036.718784;0.4423503
1037.200979;0.44204637
1037.683173;0.44161877
1038.165368;0.44089741
1038.647563;0.43978825
1039.129758;0.43816933
1039.611952;0.4359664
1040.094147;0.43316928
1040.576342;0.42972502
1041.058537;0.42559722
1041.540732;0.4209033
1042.022926;0.41591576
1042.505121;0.41097587
1042.987316;0.40650371
1043.469511;0.40298069
1043.951706;0.40080562
1044.4339;0.40017897
1044.916095;0.40099832
1045.39829;0.40286463
1045.880485;0.40531147
1046.362679;0.40795329
1046.844874;0.41045532
1047.327069;0.41259593
1047.809264;0.41433084
1048.291459;0.41568357
1048.773653;0.41667706
1049.255848;0.41736326
1049.738043;0.41777694
1050.220238;0.41790825
1050.702432;0.41781479
1051.184627;0.41762185
1051.666822;0.41734278
1052.149017;0.41691333
1052.631212;0.41636577
1053.113406;0.41573951
1053.595601;0.41501936
1054.077796;0.41424873
1054.559991;0.41347083
1055.042186;0.4126859
1055.52438;0.41191223
1056.006575;0.41113746
1056.48877;0.41034457
1056.970965;0.40958494
1057.453159;0.40892416
1057.935354;0.40836936
1058.417549;0.40786907
1058.899744;0.40735471
1059.381939;0.40681106
1059.864133;0.40632278
1060.346328;0.40597302
1060.828523;0.40573558
1061.310718;0.40554431
1061.792912;0.4054023
1062.275107;0.40533051
1062.757302;0.40530887
1063.239497;0.40538374
1063.721692;0.40561029
1064.203886;0.40590414
1064.686081;0.40616247
1065.168276;0.40640202
1065.650471;0.40667763
1066.132666;0.40698677
1066.61486;0.40731758
1067.097055;0.40764692
1067.57925;0.40794846
1068.061445;0.40825847
1068.543639;0.40857929
1069.025834;0.40887004
1069.508029;0.40911317
1069.990224;0.40927926
1070.472419;0.40936214
1070.954613;0.4093816
1071.436808;0.40936348
1071.919003;0.40932965
1072.401198;0.40923864
1072.883392;0.40906817
1073.365587;0.40889886
1073.847782;0.40877333
1074.329977;0.40861136
1074.812172;0.40833995
1075.294366;0.40803546
1075.776561;0.40780765
1076.258756;0.40759715
1076.740951;0.40733683
1077.223146;0.40706077
1077.70534;0.40676248
1078.187535;0.40646541
1078.66973;0.40621793
1079.151925;0.40594435
1079.634119;0.40555346
1080.116314;0.4051024
1080.598509;0.40465593
1081.080704;0.40413049
1081.562899;0.40348142
1082.045093;0.4027915
1082.527288;0.40211064
1083.009483;0.40139279
1083.491678;0.40053993
1083.973873;0.39951688
1084.456067;0.39839399
1084.938262;0.39723098
1085.420457;0.39602154
1085.902652;0.39473644
1086.384846;0.39330649
1086.867041;0.39167976
1087.349236;0.38993034
1087.831431;0.38816643
1088.313626;0.38640225
1088.79582;0.38453263
1089.278015;0.38247585
1089.76021;0.38031128
1090.242405;0.37808192
1090.724599;0.37570137
1091.206794;0.37314588
1091.688989;0.37049109
1092.171184;0.36777911
1092.653379;0.36495575
1093.135573;0.36195892
1093.617768;0.35875928
1094.099963;0.35535708
1094.582158;0.35181239
1095.064353;0.34812751
1095.546547;0.34419987
1096.028742;0.34000465
1096.510937;0.33562469
1096.993132;0.33106136
1097.475326;0.32620481
1097.957521;0.32102317
1098.439716;0.31559986
1098.921911;0.3100026
1099.404106;0.30427057
1099.8863;0.29849699
1100.368495;0.2928676
1100.85069;0.28758663
1101.332885;0.28281268
1101.815079;0.2787379
1102.297274;0.27555585
1102.779469;0.27331492
1103.261664;0.27194828
1103.743859;0.27132517
1104.226053;0.27121425
1104.708248;0.27133736
1105.190443;0.27145481
1105.672638;0.27133033
1106.154833;0.27074623
1106.637027;0.26964173
1107.119222;0.26805115
1107.601417;0.26596475
1108.083612;0.2634097
1108.565806;0.26051953
1109.048001;0.25740269
1109.530196;0.25403702
1110.012391;0.25042683
1110.494586;0.24667212
1110.97678;0.24282263
1111.458975;0.2389273
1111.94117;0.23502228
1112.423365;0.23101726
1112.905559;0.22685444
1113.387754;0.22261654
1113.869949;0.21840166
1114.352144;0.21420395
1114.834339;0.20996039
1115.316533;0.20569396
1115.798728;0.20147292
1116.280923;0.19728062
1116.763118;0.19307284
1117.245313;0.18886107
1117.727507;0.18466567
1118.209702;0.18049708
1118.691897;0.17638917
1119.174092;0.1723989
1119.656286;0.16854525
1120.138481;0.16473402
1120.620676;0.16089152
1121.102871;0.15713134
1121.585066;0.15356395
1122.06726;0.15013064
1122.549455;0.14674737
1123.03165;0.143383
1123.513845;0.1400267
1123.99604;0.1366872
1124.478234;0.13342012
1124.960429;0.13027091
1125.442624;0.12715355
1125.924819;0.12399846
1126.407013;0.12090301
1126.889208;0.11795726
1127.371403;0.11511683
1127.853598;0.11230971
1128.335793;0.10953722
1128.817987;0.10681394
1129.300182;0.10414679
1129.782377;0.10156077
1130.264572;0.09907047
1130.746766;0.0966899
1131.228961;0.09438442
1131.711156;0.09210574
1132.193351;0.08991959
1132.675546;0.08787629
1133.15774;0.08587933
1133.639935;0.08388343
1134.12213;0.08198779
1134.604325;0.08025731
1135.08652;0.07866071
1135.568714;0.07712025
1136.050909;0.07562485
1136.533104;0.0742428
1137.015299;0.07292842
1137.497493;0.07159591
1137.979688;0.07029174
1138.461883;0.06908501
1138.944078;0.06793834
1139.426273;0.06677409
1139.908467;0.06563563
1140.390662;0.0646069
1140.872857;0.06363589
1141.355052;0.06264298
1141.837246;0.06164581
1142.319441;0.06069413
1142.801636;0.05979663
1143.283831;0.05891526
1143.766026;0.05803294
1144.24822;0.05718166
1144.730415;0.05634983
1145.21261;0.05549787
1145.694805;0.05464744
1146.177;0.0538208
1146.659194;0.05300091
1147.141389;0.0521756
1147.623584;0.05133238
1148.105779;0.0504667
1148.587973;0.04960386
1149.070168;0.04877004
1149.552363;0.0479755
1150.034558;0.04721815
1150.516753;0.04651001
1150.998947;0.04588182
1151.481142;0.04531618
1151.963337;0.04477749
1152.445532;0.04426905
1152.927726;0.04378195
1153.409921;0.04331485
1153.892116;0.04287712
1154.374311;0.04241203
1154.856506;0.04185163
1155.3387;0.04120494
1155.820895;0.04054998
1156.30309;0.0399387
1156.785285;0.03930845
1157.26748;0.03858623
1157.749674;0.03777514
1158.231869;0.03691523
1158.714064;0.03605827
1159.196259;0.03518257
1159.678453;0.03424071
1160.160648;0.03327765
1160.642843;0.03231357
1161.125038;0.03127199
1161.607233;0.03012263
1162.089427;0.02894489
1162.571622;0.02779552
1163.053817;0.02665557
1163.536012;0.02550817
1164.018207;0.02435611
1164.500401;0.02322666
1164.982596;0.02216047
1165.464791;0.02118816
1165.946986;0.02035007
1166.42918;0.0197272
1166.911375;0.01943467
1167.39357;0.0195476
1167.875765;0.02010876
1168.35796;0.02117053
1168.840154;0.02272276
1169.322349;0.02466575
1169.804544;0.02686645
1170.286739;0.02917125
1170.768933;0.031411
1171.251128;0.03345669
1171.733323;0.03524883
1172.215518;0.0367741
1172.697713;0.03805847
1173.179907;0.03913744
1173.662102;0.04000535
1174.144297;0.04066892
1174.626492;0.04119026
1175.108687;0.04161916
1175.590881;0.04197072
1176.073076;0.04223901
1176.555271;0.04242989
1177.037466;0.04258637
1177.51966;0.04271771
1178.001855;0.04279802
1178.48405;0.04282882
1178.966245;0.04283871
1179.44844;0.04284003
1179.930634;0.04278121
1180.412829;0.04263568
1180.895024;0.04250336
1181.377219;0.04246074
1181.859413;0.04241964
1182.341608;0.04229942
1182.823803;0.04214663
1183.305998;0.04199744
1183.788193;0.04184189
1184.270387;0.04167417
1184.752582;0.04148252
1185.234777;0.04126584
1185.716972;0.04104261
1186.199167;0.04083002
1186.681361;0.0406305
1187.163556;0.04043673
1187.645751;0.04022061
1188.127946;0.03996062
1188.61014;0.03970008
1189.092335;0.03947827
1189.57453;0.03926887
1190.056725;0.03904549
1190.53892;0.03881598
1191.021114;0.03857709
1191.503309;0.03832677
1191.985504;0.03810721
1192.467699;0.03793802
1192.949893;0.0377895
1193.432088;0.03763704
1193.914283;0.03747386
1194.396478;0.037329
1194.878673;0.03722486
1195.360867;0.0371048
1195.843062;0.03692149
1196.325257;0.03673804
1196.807452;0.0366167
1197.289647;0.03651827
1197.771841;0.03638113
1198.254036;0.03619946
1198.736231;0.03602361
1199.218426;0.03587772
1199.70062;0.03572606
1200.182815;0.03556494
1200.66501;0.03540741
1201.147205;0.03523795
1201.6294;0.03506944
1202.111594;0.03491322
1202.593789;0.03474649
1203.075984;0.03458709
1203.558179;0.03446474
1204.040374;0.0343436
1204.522568;0.03419787
1205.004763;0.03405386
1205.486958;0.03391136
1205.969153;0.03373981
1206.451347;0.03353068
1206.933542;0.03331786
1207.415737;0.03313281
1207.897932;0.03294275
1208.380127;0.03272377
1208.862321;0.03251086
1209.344516;0.03233136
1209.826711;0.03220258
1210.308906;0.0321217
1210.7911;0.03203431
1211.273295;0.03189963
1211.75549;0.03173805
1212.237685;0.03157035
1212.71988;0.03138312
1213.202074;0.03117848
1213.684269;0.03096663
1214.166464;0.03073703
1214.648659;0.03048677
1215.130854;0.03021751
1215.613048;0.02993589
1216.095243;0.0296665
1216.577438;0.02940712
1217.059633;0.02912962
1217.541827;0.02886475
1218.024022;0.02867895
1218.506217;0.02856748
1218.988412;0.02847704
1219.470607;0.02838226
1219.952801;0.02830502
1220.434996;0.0282958
1220.917191;0.02837264
1221.399386;0.0284946
1221.88158;0.02862044
1222.363775;0.02874358
1222.84597;0.02886493
1223.328165;0.02897491
1223.81036;0.02903969
1224.292554;0.02903872
1224.774749;0.02901207
1225.256944;0.02898776
1225.739139;0.02894571
1226.221334;0.02886093
1226.703528;0.02870121
1227.185723;0.02846591
1227.667918;0.02822487
1228.150113;0.02804232
1228.632307;0.02789875
1229.114502;0.02772074
1229.596697;0.02749036
1230.078892;0.02726565
1230.561087;0.0270567
1231.043281;0.0268255
1231.525476;0.02658449
1232.007671;0.02634641
1232.489866;0.02609668
1232.97206;0.02585243
1233.454255;0.02562779
1233.93645;0.02539637
1234.418645;0.02515562
1234.90084;0.02495003
1235.383034;0.02480235
1235.865229;0.02469226
1236.347424;0.02457429
1236.829619;0.0244012
1237.311814;0.02421076
1237.794008;0.02412014
1238.276203;0.02412866
1238.758398;0.02409787
1239.240593;0.02400468
1239.722787;0.0239418
1240.204982;0.02391615
1240.687177;0.02389321
1241.169372;0.02388925
1241.651567;0.02392485
1242.133761;0.02399096
1242.615956;0.02405978
1243.098151;0.02411082
1243.580346;0.02414672
1244.062541;0.02418278
1244.544735;0.02423724
1245.02693;0.02431282
1245.509125;0.02438946
1245.99132;0.02447013
1246.473514;0.0245638
1246.955709;0.02462564
1247.437904;0.02461942
1247.920099;0.02457862
1248.402294;0.02454917
1248.884488;0.02452448
1249.366683;0.02445177
1249.848878;0.0242988
1250.331073;0.02408616
1250.813267;0.02383857
1251.295462;0.02353401
1251.777657;0.02310403
1252.259852;0.02252699
1252.742047;0.02187844
1253.224241;0.02119958
1253.706436;0.02047675
1254.188631;0.01975325
1254.670826;0.01911281
1255.153021;0.01865009
1255.635215;0.01844239
1256.11741;0.01853256
1256.599605;0.0189431
1257.0818;0.01959326
1257.563994;0.02034432
1258.046189;0.02114414
1258.528384;0.02196423
1259.010579;0.02274843
1259.492774;0.0235007
1259.974968;0.02425876
1260.457163;0.02498996
1260.939358;0.02566248
1261.421553;0.02634142
1261.903747;0.02706322
1262.385942;0.02777727
1262.868137;0.02847194
1263.350332;0.02917953
1263.832527;0.02992469
1264.314721;0.03073939
1264.796916;0.03163
1265.279111;0.03258146
1265.761306;0.03360855
1266.243501;0.03471629
1266.725695;0.03587655
1267.20789;0.03707021
1267.690085;0.03829239
1268.17228;0.03954906
1268.654474;0.04085146
1269.136669;0.04221224
1269.618864;0.04365487
1270.101059;0.04518801
1270.583254;0.0467589
1271.065448;0.04829827
1271.547643;0.04984421
1272.029838;0.05145168
1272.512033;0.05306608
1272.994228;0.0546732
1273.476422;0.05629137
1273.958617;0.0578764
1274.440812;0.05945455
1274.923007;0.06107749
1275.405201;0.06268521
1275.887396;0.06422716
1276.369591;0.06575236
1276.851786;0.06729075
1277.333981;0.06880921
1277.816175;0.07031787
1278.29837;0.07184469
1278.780565;0.07335132
1279.26276;0.07482499
1279.744954;0.07632269
1280.227149;0.07789692
1280.709344;0.07956968
1281.191539;0.0813202
1281.673734;0.08312851
1282.155928;0.08501995
1282.638123;0.0869813
1283.120318;0.08894694
1283.602513;0.09092277
1284.084708;0.09298749
1284.566902;0.09515193
1285.049097;0.09735316
1285.531292;0.09955332
1286.013487;0.10173928
1286.495681;0.10390467
1286.977876;0.10607474
1287.460071;0.10826059
1287.942266;0.11039639
1288.424461;0.11241035
1288.906655;0.11429169
1289.38885;0.11606926
1289.871045;0.11776167
1290.35324;0.11930887
1290.835434;0.12064697
1291.317629;0.12178308
1291.799824;0.1227482
1292.282019;0.12359979
1292.764214;0.12435488
1293.246408;0.12497578
1293.728603;0.1254987
1294.210798;0.12599367
1294.692993;0.12648511
1295.175188;0.12703004
1295.657382;0.12774649
1296.139577;0.12875272
1296.621772;0.13011108
1297.103967;0.13178596
1297.586161;0.13369569
1298.068356;0.13577366
1298.550551;0.13793075
1299.032746;0.14000013
1299.514941;0.14174858
1299.997135;0.14297558
1300.47933;0.14349814
1300.961525;0.1430715
1301.44372;0.14146294
1301.925914;0.13849841
1302.408109;0.13408117
1302.890304;0.12834698
1303.372499;0.12185451
1303.854694;0.11563219
1304.336888;0.11100557
1304.819083;0.10924536
1305.301278;0.11109824
1305.783473;0.11644874
1306.265668;0.12443218
1306.747862;0.13389397
1307.230057;0.14378995
1307.712252;0.15338159
1308.194447;0.16227125
1308.676641;0.17031419
1309.158836;0.17753187
1309.641031;0.1840208
1310.123226;0.18984187
1310.605421;0.1950599
1311.087615;0.19980705
1311.56981;0.20416643
1312.052005;0.20813464
1312.5342;0.21175647
1313.016395;0.21512625
1313.498589;0.21826938
1313.980784;0.22115737
1314.462979;0.22379795
1314.945174;0.22624297
1315.427368;0.22854272
1315.909563;0.23070617
1316.391758;0.23272209
1316.873953;0.23462027
1317.356148;0.23643237
1317.838342;0.23811187
1318.320537;0.23962085
1318.802732;0.24103063
1319.284927;0.24237782
1319.767121;0.24358302
1320.249316;0.24461417
1320.731511;0.24547508
1321.213706;0.24608403
1321.695901;0.24636048
1322.178095;0.24628048
1322.66029;0.24577709
1323.142485;0.24473794
1323.62468;0.24313058
1324.106875;0.24106544
1324.589069;0.23881127
1325.071264;0.23681511
1325.553459;0.23557052
1326.035654;0.23532988
1326.517848;0.2359193
1327.000043;0.23686422
1327.482238;0.23774968
1327.964433;0.23846652
1328.446628;0.23916054
1328.928822;0.24005194
1329.411017;0.24131344
1329.893212;0.2430485
1330.375407;0.24529809
1330.857601;0.24800491
1331.339796;0.25099224
1331.821991;0.25404429
1332.304186;0.2569963
1332.786381;0.25972545
1333.268575;0.26213786
1333.75077;0.26420408
1334.232965;0.26594943
1334.71516;0.26740956
1335.197355;0.26862317
1335.679549;0.269633
1336.161744;0.27045944
1336.643939;0.27111444
1337.126134;0.27161568
1337.608328;0.27196288
1338.090523;0.27217132
1338.572718;0.27227667
1339.054913;0.27228066
1339.537108;0.27215973
1340.019302;0.27191737
1340.501497;0.27160555
1340.983692;0.27124238
1341.465887;0.27077228
1341.948081;0.27017283
1342.430276;0.26946685
1342.912471;0.26866385
1343.394666;0.26777318
1343.876861;0.26678365
1344.359055;0.26566508
1344.84125;0.26441792
1345.323445;0.26304641
1345.80564;0.26153418
1346.287835;0.25986996
1346.770029;0.25805381
1347.252224;0.25607941
1347.734419;0.25392491
1348.216614;0.25157639
1348.698808;0.24901792
1349.181003;0.24621695
1349.663198;0.24316774
1350.145393;0.23986222
1350.627588;0.23623444
1351.109782;0.2322066
1351.591977;0.22772649
1352.074172;0.22274841
1352.556367;0.21722317
1353.038562;0.2110998
1353.520756;0.20433252
1354.002951;0.19692686
1354.485146;0.18895453
1354.967341;0.18053854
1355.449535;0.1719007
1355.93173;0.16336282
1356.413925;0.15531026
1356.89612;0.14819598
1357.378315;0.14251299
1357.860509;0.13869704
1358.342704;0.13701245
1358.824899;0.13750796
1359.307094;0.1399906
1359.789288;0.14404505
1360.271483;0.14917159
1360.753678;0.15491967
1361.235873;0.16084957
1361.718068;0.16649467
1362.200262;0.17151563
1362.682457;0.17576687
1363.164652;0.179188
1363.646847;0.18172449
1364.129042;0.18336277
1364.611236;0.18415771
1365.093431;0.18413205
1365.575626;0.18319818
1366.057821;0.18120982
1366.540015;0.17802748
1367.02221;0.17350134
1367.504405;0.16747357
1367.9866;0.15985839
1368.468795;0.15074882
1368.950989;0.14044213
1369.433184;0.12926865
1369.915379;0.11745963
1370.397574;0.10520815
1370.879768;0.09270347
1371.361963;0.08008829
1371.844158;0.06744379
1372.326353;0.05487437
1372.808548;0.04270776
1373.290742;0.03150161
1373.772937;0.02181049
1374.255132;0.01403253
1374.737327;0.00827776
1375.219522;0.00439244
1375.701716;0.00213167
1376.183911;0.00121061
1376.666106;0.00135491
1377.148301;0.0024236
1377.630495;0.00445468
1378.11269;0.00757333
1378.594885;0.0118513
1379.07708;0.01729395
1379.559275;0.02401904
1380.041469;0.03230692
1380.523664;0.04244395
1381.005859;0.05461275
1381.488054;0.06879444
1381.970248;0.08470089
1382.452443;0.10178515
1382.934638;0.11934514
1383.416833;0.13667624
1383.899028;0.15317489
1384.381222;0.16839518
1384.863417;0.18205908
1385.345612;0.19402069
1385.827807;0.204273
1386.310002;0.21296479
1386.792196;0.22028771
1387.274391;0.22645465
1387.756586;0.23166794
1388.238781;0.23601149
1388.720975;0.23958401
1389.20317;0.24255635
1389.685365;0.24503703
1390.16756;0.24707074
1390.649755;0.24874455
1391.131949;0.25017107
1391.614144;0.2513912
1392.096339;0.25239757
1392.578534;0.25317985
1393.060729;0.25376123
1393.542923;0.25422764
1394.025118;0.25464803
1394.507313;0.25500554
1394.989508;0.2552422
1395.471702;0.25536177
1395.953897;0.2554228
1396.436092;0.25543782
1396.918287;0.25537068
1397.400482;0.25521615
1397.882676;0.2550281
1398.364871;0.25483069
1398.847066;0.25459617
1399.329261;0.25432661
1399.811455;0.25401843
1400.29365;0.25365278
1400.775845;0.2532559
1401.25804;0.25283638
1401.740235;0.25237447
1402.222429;0.25188527
1402.704624;0.25136244
1403.186819;0.25077671
1403.669014;0.25014234
1404.151209;0.24947727
1404.633403;0.24878873
1405.115598;0.24809605
1405.597793;0.24739006
1406.079988;0.24662933
1406.562182;0.245805
1407.044377;0.24494661
1407.526572;0.2440479
1408.008767;0.24308403
1408.490962;0.24206463
1408.973156;0.2409974
1409.455351;0.23989518
1409.937546;0.23878382
1410.419741;0.23763542
1410.901935;0.23638798
1411.38413;0.23504117
1411.866325;0.23365614
1412.34852;0.23226026
1412.830715;0.23079799
1413.312909;0.229228
1413.795104;0.22758578
1414.277299;0.22588593
1414.759494;0.22412172
1415.241689;0.22230226
1415.723883;0.22039667
1416.206078;0.21840556
1416.688273;0.21638735
1417.170468;0.2143535
1417.652662;0.21228594
1418.134857;0.21017492
1418.617052;0.20801316
1419.099247;0.20580682
1419.581442;0.20357387
1420.063636;0.20133865
1420.545831;0.19908856
1421.028026;0.19678165
1421.510221;0.19441845
1421.992415;0.19202767
1422.47461;0.18962267
1422.956805;0.18718785
1423.439;0.18469401
1423.921195;0.18215992
1424.403389;0.17962474
1424.885584;0.17706437
1425.367779;0.17443971
1425.849974;0.17175394
1426.332169;0.16901408
1426.814363;0.16619712
1427.296558;0.16326414
1427.778753;0.16022061
1428.260948;0.15710102
1428.743142;0.15388541
1429.225337;0.15051161
1429.707532;0.14691733
1430.189727;0.14307283
1430.671922;0.13897476
1431.154116;0.13458855
1431.636311;0.12985544
1432.118506;0.12473792
1432.600701;0.11926869
1433.082896;0.11362232
1433.56509;0.10818416
1434.047285;0.10350135
1434.52948;0.10009822
1435.011675;0.09823591
1435.493869;0.09775794
1435.976064;0.0982053
1436.458259;0.09904189
1436.940454;0.09980584
1437.422649;0.10019282
1437.904843;0.10005636
1438.387038;0.0993723
1438.869233;0.09820989
1439.351428;0.09665684
1439.833622;0.09477256
1440.315817;0.09259292
1440.798012;0.09011686
1441.280207;0.08732861
1441.762402;0.08423378
1442.244596;0.08081745
1442.726791;0.07704505
1443.208986;0.07291573
1443.691181;0.06842924
1444.173376;0.06357167
1444.65557;0.05838625
1445.137765;0.05297684
1445.61996;0.04746264
1446.102155;0.04201302
1446.584349;0.03685374
1447.066544;0.03219782
1447.548739;0.02819689
1448.030934;0.02494369
1448.513129;0.02248372
1448.995323;0.02078174
1449.477518;0.01972187
1449.959713;0.01915128
1450.441908;0.01889141
1450.924102;0.01876286
1451.406297;0.01868718
1451.888492;0.01868737
1452.370687;0.01876173
1452.852882;0.01888496
1453.335076;0.01904953
1453.817271;0.01922679
1454.299466;0.01938032
1454.781661;0.01951403
1455.263856;0.01965432
1455.74605;0.01981739
1456.228245;0.0199987
1456.71044;0.02018883
1457.192635;0.02042247
1457.674829;0.02075282
1458.157024;0.02120415
1458.639219;0.02177201
1459.121414;0.02243317
1459.603609;0.0231804
1460.085803;0.02401975
1460.567998;0.02496976
1461.050193;0.02606228
1461.532388;0.02732479
1462.014582;0.02880855
1462.496777;0.03060608
1462.978972;0.03280838
1463.461167;0.03547225
1463.943362;0.03863192
1464.425556;0.04229586
1464.907751;0.04645408
1465.389946;0.05107025
1465.872141;0.05609229
1466.354336;0.06147479
1466.83653;0.06711771
1467.318725;0.07290589
1467.80092;0.07876991
1468.283115;0.08462959
1468.765309;0.09038147
1469.247504;0.0959456
1469.729699;0.10127895
1470.211894;0.10634113
1470.694089;0.11108201
1471.176283;0.11546829
1471.658478;0.11948033
1472.140673;0.12307022
1472.622868;0.12619005
1473.105063;0.12886095
1473.587257;0.1311494
1474.069452;0.13308312
1474.551647;0.13465227
1475.033842;0.13589349
1475.516036;0.13687766
1475.998231;0.13764776
1476.480426;0.138235
1476.962621;0.13866977
1477.444816;0.1389551
1477.92701;0.1390958
1478.409205;0.13912891
1478.8914;0.13907771
1479.373595;0.13895641
1479.855789;0.13879979
1480.337984;0.13861053
1480.820179;0.13836129
1481.302374;0.13806668
1481.784569;0.13776281
1482.266763;0.13744719
1482.748958;0.13711642
1483.231153;0.13679036
1483.713348;0.13646652
1484.195543;0.13613498
1484.677737;0.13580565
1485.159932;0.1354824
1485.642127;0.1351628
1486.124322;0.13485903
1486.606516;0.13458483
1487.088711;0.13433225
1487.570906;0.13409443
1488.053101;0.13388266
1488.535296;0.13368954
1489.01749;0.13350558
1489.499685;0.13335349
1489.98188;0.13323672
1490.464075;0.13312893
1490.946269;0.13302526
1491.428464;0.1329392
1491.910659;0.13288338
1492.392854;0.13286322
1492.875049;0.13287206
1493.357243;0.13290097
1493.839438;0.13293856
1494.321633;0.13297831
1494.803828;0.13303159
1495.286023;0.13311026
1495.768217;0.133211
1496.250412;0.13333359
1496.732607;0.13348196
1497.214802;0.13364191
1497.696996;0.13381009
1498.179191;0.13400346
1498.661386;0.13421898
1499.143581;0.1344492
1499.625776;0.13469768
1500.10797;0.13496049
1500.590165;0.13523655
1501.07236;0.13552766
1501.554555;0.13582771
1502.036749;0.13614103
1502.518944;0.13647391
1503.001139;0.1368095
1503.483334;0.13714197
1503.965529;0.13748401
1504.447723;0.13782299
1504.929918;0.13814294
1505.412113;0.13846047
1505.894308;0.13878641
1506.376503;0.13910487
1506.858697;0.13941629
1507.340892;0.13974115
1507.823087;0.14008331
1508.305282;0.14043064
1508.787476;0.14076671
1509.269671;0.14108105
1509.751866;0.14138244
1510.234061;0.14167912
1510.716256;0.14197502
1511.19845;0.1422786
1511.680645;0.14257474
1512.16284;0.14283666
1512.645035;0.14307439
1513.12723;0.14330935
1513.609424;0.14353898
1514.091619;0.14375752
1514.573814;0.14396124
1515.056009;0.14414831
1515.538203;0.14431985
1516.020398;0.14447084
1516.502593;0.14461152
1516.984788;0.14475684
1517.466983;0.14490084
1517.949177;0.14504521
1518.431372;0.14519502
1518.913567;0.14533597
1519.395762;0.14544031
1519.877956;0.14549793
1520.360151;0.1455515
1520.842346;0.14562622
1521.324541;0.14569783
1521.806736;0.14576566
1522.28893;0.14583585
1522.771125;0.14589645
1523.25332;0.1459392
1523.735515;0.14596695
1524.21771;0.14599161
1524.699904;0.14601357
1525.182099;0.14603867
1525.664294;0.14608321
1526.146489;0.14613442
1526.628683;0.14616677
1527.110878;0.14618093
1527.593073;0.14619941
1528.075268;0.14622937
1528.557463;0.14626393
1529.039657;0.14631079
1529.521852;0.14637104
1530.004047;0.14642479
1530.486242;0.14645849
1530.968436;0.14648011
1531.450631;0.14651299
1531.932826;0.14657317
1532.415021;0.1466452
1532.897216;0.14670832
1533.37941;0.14677198
1533.861605;0.14685531
1534.3438;0.14696223
1534.825995;0.14707974
1535.30819;0.14719826
1535.790384;0.14731859
1536.272579;0.14743492
1536.754774;0.14755729
1537.236969;0.14770027
1537.719163;0.14784077
1538.201358;0.14795995
1538.683553;0.14808673
1539.165748;0.14826535
1539.647943;0.14848745
1540.130137;0.14869574
1540.612332;0.14888522
1541.094527;0.14908844
1541.576722;0.14928779
1542.058916;0.14948025
1542.541111;0.14969942
1543.023306;0.14993133
1543.505501;0.15015797
1543.987696;0.15040098
1544.46989;0.15066956
1544.952085;0.15095432
1545.43428;0.15124372
1545.916475;0.15153244
1546.39867;0.151823
1546.880864;0.1521149
1547.363059;0.15241772
1547.845254;0.15274367
1548.327449;0.15308017
1548.809643;0.15340729
1549.291838;0.15372874
1549.774033;0.15406184
1550.256228;0.15441486
1550.738423;0.15478598
1551.220617;0.1551681
1551.702812;0.15555854
1552.185007;0.15596068
1552.667202;0.1563703
1553.149397;0.15677866
1553.631591;0.157178
1554.113786;0.15757675
1554.595981;0.15801528
1555.078176;0.15850696
1555.56037;0.15899877
1556.042565;0.15946317
1556.52476;0.15992448
1557.006955;0.16038802
1557.48915;0.16086259
1557.971344;0.16136628
1558.453539;0.16189665
1558.935734;0.16246423
1559.417929;0.16305785
1559.900123;0.16364963
1560.382318;0.1642618
1560.864513;0.16489865
1561.346708;0.16553037
1561.828903;0.16617674
1562.311097;0.16686472
1562.793292;0.16757093
1563.275487;0.16827461
1563.757682;0.16898364
1564.239877;0.16970409
1564.722071;0.17044352
1565.204266;0.17121819
1565.686461;0.17203096
1566.168656;0.17286254
1566.65085;0.17369451
1567.133045;0.17453881
1567.61524;0.17541662
1568.097435;0.17631544
1568.57963;0.17721218
1569.061824;0.17811239
1569.544019;0.17904823
1570.026214;0.18005207
1570.508409;0.18110131
1570.990603;0.18213351
1571.472798;0.18315116
1571.954993;0.18420587
1572.437188;0.18530121
1572.919383;0.18641181
1573.401577;0.18753974
1573.883772;0.18869819
1574.365967;0.18987873
1574.848162;0.19108047
1575.330357;0.1923084
1575.812551;0.19353881
1576.294746;0.19478379
1576.776941;0.19607782
1577.259136;0.1974017
1577.74133;0.19874322
1578.223525;0.20011573
1578.70572;0.20151538
1579.187915;0.20292912
1579.67011;0.20434667
1580.152304;0.20577939
1580.634499;0.20725657
1581.116694;0.20877872
1581.598889;0.21031988
1582.081083;0.21187066
1582.563278;0.21343194
1583.045473;0.21501593
1583.527668;0.21664417
1584.009863;0.21831553
1584.492057;0.22001706
1584.974252;0.2217339
1585.456447;0.22345982
1585.938642;0.22520658
1586.420837;0.22697349
1586.903031;0.22875606
1587.385226;0.23055737
1587.867421;0.23237029
1588.349616;0.23419596
1588.83181;0.23604636
1589.314005;0.23792161
1589.7962;0.23982623
1590.278395;0.24176905
1590.76059;0.24373585
1591.242784;0.24569523
1591.724979;0.24763191
1592.207174;0.24957825
1592.689369;0.25156999
1593.171564;0.25358701
1593.653758;0.25560537
1594.135953;0.2576372
1594.618148;0.25968665
1595.100343;0.26174217
1595.582537;0.2637935
1596.064732;0.26584598
1596.546927;0.26791847
1597.029122;0.26999524
1597.511317;0.27205718
1597.993511;0.27412537
1598.475706;0.27619839
1598.957901;0.27825737
1599.440096;0.28031301
1599.92229;0.2823621
1600.404485;0.28438991
1600.88668;0.28640974
1601.368875;0.28842133
1601.85107;0.29039916
1602.333264;0.29232904
1602.815459;0.29422349
1603.297654;0.29611939
1603.779849;0.29801533
1604.262044;0.29986283
1604.744238;0.30164382
1605.226433;0.30337921
1605.708628;0.30508575
1606.190823;0.30675122
1606.673017;0.30835494
1607.155212;0.30991197
1607.637407;0.31145075
1608.119602;0.31295449
1608.601797;0.31438157
1609.083991;0.31572816
1609.566186;0.31702363
1610.048381;0.3182807
1610.530576;0.31948906
1611.01277;0.32063535
1611.494965;0.32171085
1611.97716;0.32271454
1612.459355;0.32364491
1612.94155;0.32450789
1613.423744;0.32530808
1613.905939;0.32603541
1614.388134;0.32669535
1614.870329;0.32729229
1615.352524;0.32781219
1615.834718;0.32825303
1616.316913;0.32863438
1616.799108;0.32897604
1617.281303;0.32926032
1617.763497;0.32945445
1618.245692;0.32955688
1618.727887;0.32958016
1619.210082;0.3295348
1619.692277;0.32943359
1620.174471;0.32928115
1620.656666;0.32906935
1621.138861;0.32879093
1621.621056;0.32844144
1622.10325;0.32802761
1622.585445;0.32756504
1623.06764;0.32705578
1623.549835;0.32650644
1624.03203;0.32592461
1624.514224;0.32529965
1624.996419;0.32463363
1625.478614;0.32393363
1625.960809;0.32318133
1626.443004;0.322373
1626.925198;0.32152578
1627.407393;0.32064286
1627.889588;0.31973916
1628.371783;0.31884316
1628.853977;0.31795585
1629.336172;0.3170552
1629.818367;0.31611228
1630.300562;0.3151246
1630.782757;0.31414184
1631.264951;0.31318823
1631.747146;0.31222016
1632.229341;0.31122389
1632.711536;0.31023303
1633.193731;0.30924562
1633.675925;0.30824885
1634.15812;0.30726019
1634.640315;0.30627126
1635.12251;0.30526364
1635.604704;0.30426636
1636.086899;0.30330575
1636.569094;0.30236688
1637.051289;0.30143267
1637.533484;0.3005065
1638.015678;0.29959726
1638.497873;0.29871383
1638.980068;0.29785645
1639.462263;0.29700461
1639.944457;0.29614732
1640.426652;0.2953099
1640.908847;0.29451475
1641.391042;0.29373598
1641.873237;0.29294685
1642.355431;0.2921685
1642.837626;0.29143354
1643.319821;0.29074198
1643.802016;0.29005921
1644.284211;0.28936473
1644.766405;0.28867987
1645.2486;0.28803438
1645.730795;0.28743148
1646.21299;0.28684518
1646.695184;0.28626052
1647.177379;0.2856923
1647.659574;0.28515673
1648.141769;0.28465447
1648.623964;0.28417057
1649.106158;0.28369218
1649.588353;0.28322849
1650.070548;0.28279153
1650.552743;0.28237098
1651.034937;0.28195137
1651.517132;0.28151691
1651.999327;0.28106022
1652.481522;0.2806232
1652.963717;0.28025183
1653.445911;0.27993307
1653.928106;0.27962345
1654.410301;0.27928585
1654.892496;0.27891788
1655.374691;0.27855137
1655.856885;0.27820501
1656.33908;0.27786225
1656.821275;0.27750656
1657.30347;0.27715576
1657.785664;0.27681905
1658.267859;0.2764661
1658.750054;0.2760734
1659.232249;0.27565795
1659.714444;0.27525532
1660.196638;0.27487031
1660.678833;0.27447391
1661.161028;0.27404597
1661.643223;0.2735959
1662.125417;0.27314109
1662.607612;0.27268192
1663.089807;0.27222311
1663.572002;0.27176982
1664.054197;0.27130657
1664.536391;0.27081537
1665.018586;0.27029783
1665.500781;0.26978242
1665.982976;0.2692875
1666.465171;0.26879898
1666.947365;0.26828903
1667.42956;0.26772982
1667.911755;0.2671212
1668.39395;0.26650804
1668.876144;0.26594663
1669.358339;0.26543939
1669.840534;0.26493526
1670.322729;0.26439509
1670.804924;0.26382035
1671.287118;0.2632412
1671.769313;0.26269427
1672.251508;0.26218396
1672.733703;0.26167455
1673.215898;0.26114902
1673.698092;0.26061782
1674.180287;0.26006827
1674.662482;0.25950694
1675.144677;0.25898275
1675.626871;0.25850981
1676.109066;0.25805369
1676.591261;0.2575739
1677.073456;0.25706017
1677.555651;0.25655174
1678.037845;0.25607529
1678.52004;0.25560603
1679.002235;0.2551353
1679.48443;0.25467521
1679.966624;0.25423202
1680.448819;0.25383291
1680.931014;0.25346559
1681.413209;0.25305751
1681.895404;0.25260597
1682.377598;0.25218365
1682.859793;0.25181061
1683.341988;0.25144917
1683.824183;0.25108051
1684.306378;0.25070548
1684.788572;0.25033641
1685.270767;0.2500135
1685.752962;0.24973312
1686.235157;0.24944025
1686.717351;0.2491262
1687.199546;0.24880943
1687.681741;0.24849097
1688.163936;0.24818237
1688.646131;0.2479082
1689.128325;0.24766319
1689.61052;0.24740987
1690.092715;0.24715966
1690.57491;0.24696286
1691.057104;0.24680299
1691.539299;0.24662678
1692.021494;0.24643709
1692.503689;0.24627
1692.985884;0.24613592
1693.468078;0.24601932
1693.950273;0.24590513
1694.432468;0.24578798
1694.914663;0.24566866
1695.396858;0.24557085
1695.879052;0.24552944
1696.361247;0.24551956
1696.843442;0.2454862
1697.325637;0.24544461
1697.807831;0.24543032
1698.290026;0.24542202
1698.772221;0.24540347
1699.254416;0.24538651
1699.736611;0.24537173
1700.218805;0.24537247
1700.701;0.24541517
1701.183195;0.24549991
1701.66539;0.24559894
1702.147584;0.24567354
1702.629779;0.24571046
1703.111974;0.24574819
1703.594169;0.24581958
1704.076364;0.24590348
1704.558558;0.24598359
1705.040753;0.24608059
1705.522948;0.24619834
1706.005143;0.2463143
1706.487338;0.2464322
1706.969532;0.24658243
1707.451727;0.24676773
1707.933922;0.24696147
1708.416117;0.24713822
1708.898311;0.24729639
1709.380506;0.24746867
1709.862701;0.24766837
1710.344896;0.24788579
1710.827091;0.24813437
1711.309285;0.24840139
1711.79148;0.24865632
1712.273675;0.24891368
1712.75587;0.2491857
1713.238065;0.24945593
1713.720259;0.24972664
1714.202454;0.25001821
1714.684649;0.25032988
1715.166844;0.25065866
1715.649038;0.25099361
1716.131233;0.2512989
1716.613428;0.25158134
1717.095623;0.25188315
1717.577818;0.25222537
1718.060012;0.25259164
1718.542207;0.25295222
1719.024402;0.25330669
1719.506597;0.25365016
1719.988791;0.25397226
1720.470986;0.25428492
1720.953181;0.25459331
1721.435376;0.25489387
1721.917571;0.25519493
1722.399765;0.25550243
1722.88196;0.25579476
1723.364155;0.25606498
1723.84635;0.25634828
1724.328545;0.25668415
1724.810739;0.25707537
1725.292934;0.25746632
1725.775129;0.25780627
1726.257324;0.25811768
1726.739518;0.25844344
1727.221713;0.25878024
1727.703908;0.25910744
1728.186103;0.25941756
1728.668298;0.25968823
1729.150492;0.25989565
1729.632687;0.26007643
1730.114882;0.26031572
1730.597077;0.26064101
1731.079271;0.26099128
1731.561466;0.26129931
1732.043661;0.26155388
1732.525856;0.26178205
1733.008051;0.26200417
1733.490245;0.26223689
1733.97244;0.26247832
1734.454635;0.26272717
1734.93683;0.26300168
1735.419025;0.26327577
1735.901219;0.26352307
1736.383414;0.26374885
1736.865609;0.26395747
1737.347804;0.26416987
1737.829998;0.2643896
1738.312193;0.26459968
1738.794388;0.2647925
1739.276583;0.26496208
1739.758778;0.26512799
1740.240972;0.26532644
1740.723167;0.26554304
1741.205362;0.26573509
1741.687557;0.26590434
1742.169751;0.2660633
1742.651946;0.26622438
1743.134141;0.26643014
1743.616336;0.2666727
1744.098531;0.26689824
1744.580725;0.26710144
1745.06292;0.26730517
1745.545115;0.26751149
1746.02731;0.26770538
1746.509505;0.26787186
1746.991699;0.26801938
1747.473894;0.26817816
1747.956089;0.26834795
1748.438284;0.26850438
1748.920478;0.26865825
1749.402673;0.26882243
1749.884868;0.26897177
1750.367063;0.26908648
1750.849258;0.26919571
1751.331452;0.26934066
1751.813647;0.26949096
1752.295842;0.26959151
1752.778037;0.26966056
1753.260232;0.26973152
1753.742426;0.26978087
1754.224621;0.26979014
1754.706816;0.26979199
1755.189011;0.26979753
1755.671205;0.2697764
1756.1534;0.26971999
1756.635595;0.26964957
1757.11779;0.26958781
1757.599985;0.26954672
1758.082179;0.26952237
1758.564374;0.26949382
1759.046569;0.26944602
1759.528764;0.26939505
1760.010958;0.26935041
1760.493153;0.26928818
1760.975348;0.26919261
1761.457543;0.26908189
1761.939738;0.26897991
1762.421932;0.268877
1762.904127;0.26874414
1763.386322;0.26858377
1763.868517;0.2684235
1764.350712;0.26826471
1764.832906;0.26808
1765.315101;0.26786062
1765.797296;0.26763257
1766.279491;0.2674078
1766.761685;0.26715592
1767.24388;0.26685876
1767.726075;0.26653895
1768.20827;0.26623264
1768.690465;0.26594996
1769.172659;0.26565644
1769.654854;0.2653248
1770.137049;0.26496878
1770.619244;0.26460209
1771.101438;0.26421919
1771.583633;0.26384234
1772.065828;0.26349348
1772.548023;0.26312965
1773.030218;0.26272935
1773.512412;0.26232043
1773.994607;0.26190135
1774.476802;0.26146263
1774.958997;0.26100561
1775.441192;0.26053137
1775.923386;0.26006258
1776.405581;0.25961033
1776.887776;0.25914219
1777.369971;0.25863996
1777.852165;0.25812688
1778.33436;0.25762063
1778.816555;0.25711125
1779.29875;0.25658888
1779.780945;0.2560536
1780.263139;0.25550011
1780.745334;0.25495845
1781.227529;0.25446236
1781.709724;0.25397092
1782.191918;0.25345033
1782.674113;0.25290701
1783.156308;0.25233915
1783.638503;0.25177032
1784.120698;0.25122941
1784.602892;0.25068626
1785.085087;0.25011235
1785.567282;0.24954572
1786.049477;0.24899927
1786.531672;0.24843661
1787.013866;0.24785244
1787.496061;0.24726196
1787.978256;0.24666841
1788.460451;0.24606489
1788.942645;0.24545071
1789.42484;0.2448265
1789.907035;0.24418502
1790.38923;0.24352901
1790.871425;0.24286763
1791.353619;0.24221355
1791.835814;0.24155492
1792.318009;0.24085808
1792.800204;0.24014746
1793.282399;0.23947081
1793.764593;0.23880561
1794.246788;0.23811264
1794.728983;0.23740399
1795.211178;0.23669924
1795.693372;0.23598589
1796.175567;0.23525593
1796.657762;0.23452698
1797.139957;0.23380421
1797.622152;0.23306754
1798.104346;0.23230778
1798.586541;0.23154698
1799.068736;0.23079422
1799.550931;0.23002672
1800.033125;0.22925152
1800.51532;0.22848269
1800.997515;0.2276994
1801.47971;0.22690877
1801.961905;0.22613408
1802.444099;0.22536346
1802.926294;0.22458434
1803.408489;0.22380184
1803.890684;0.22302586
1804.372879;0.22225839
1804.855073;0.22148286
1805.337268;0.22069128
1805.819463;0.21989857
1806.301658;0.21910508
1806.783852;0.21829373
1807.266047;0.21746004
1807.748242;0.21661755
1808.230437;0.21578264
1808.712632;0.21495922
1809.194826;0.21414331
1809.677021;0.21331689
1810.159216;0.21245465
1810.641411;0.21157649
1811.123605;0.21073079
1811.6058;0.20990868
1812.087995;0.20906678
1812.57019;0.20820634
1813.052385;0.20735535
1813.534579;0.20652011
1814.016774;0.2056893
1814.498969;0.20485814
1814.981164;0.20402665
1815.463359;0.20318997
1815.945553;0.20234938
1816.427748;0.20151421
1816.909943;0.20068941
1817.392138;0.19987771
1817.874332;0.19908188
1818.356527;0.19828725
1818.838722;0.19747508
1819.320917;0.19665398
1819.803112;0.19583771
1820.285306;0.19502775
1820.767501;0.19422153
1821.249696;0.19340865
1821.731891;0.19258551
1822.214085;0.19176762
1822.69628;0.19096033
1823.178475;0.19014189
1823.66067;0.18930739
1824.142865;0.18848163
1824.625059;0.18766482
1825.107254;0.1868439
1825.589449;0.18604176
1826.071644;0.18526846
1826.553839;0.18448675
1827.036033;0.18368152
1827.518228;0.18287399
1828.000423;0.18206856
1828.482618;0.18125661
1828.964812;0.18044864
1829.447007;0.17965661
1829.929202;0.17886841
1830.411397;0.17808267
1830.893592;0.17731293
1831.375786;0.17654593
1831.857981;0.17576414
1832.340176;0.17497309
1832.822371;0.17418452
1833.304566;0.17340598
1833.78676;0.17263849
1834.268955;0.17187355
1834.75115;0.17109849
1835.233345;0.17031306
1835.715539;0.16953579
1836.197734;0.16877805
1836.679929;0.16801909
1837.162124;0.16724436
1837.644319;0.16647354
1838.126513;0.16570725
1838.608708;0.16493091
1839.090903;0.16415867
1839.573098;0.16340236
1840.055292;0.16264912
1840.537487;0.16188405
1841.019682;0.16110615
1841.501877;0.16032054
1841.984072;0.15952751
1842.466266;0.15873589
1842.948461;0.15795681
1843.430656;0.15717779
1843.912851;0.15638179
1844.395046;0.15559177
1844.87724;0.15483814
1845.359435;0.15409474
1845.84163;0.15332699
1846.323825;0.15254408
1846.806019;0.15176119
1847.288214;0.15098029
1847.770409;0.15020227
1848.252604;0.14942686
1848.734799;0.14865707
1849.216993;0.14789842
1849.699188;0.14714549
1850.181383;0.14638847
1850.663578;0.14562771
1851.145772;0.1448653
1851.627967;0.14409737
1852.110162;0.14332989
1852.592357;0.14258184
1853.074552;0.14185871
1853.556746;0.14114723
1854.038941;0.14043692
1854.521136;0.1397181
1855.003331;0.13898192
1855.485526;0.13823925
1855.96772;0.13751192
1856.449915;0.13680907
1856.93211;0.13611913
1857.414305;0.13542418
1857.896499;0.13472123
1858.378694;0.13401671
1858.860889;0.13332032
1859.343084;0.13263571
1859.825279;0.13195756
1860.307473;0.13129002
1860.789668;0.13063031
1861.271863;0.12996675
1861.754058;0.12930103
1862.236252;0.12863699
1862.718447;0.12797734
1863.200642;0.12732345
1863.682837;0.12667054
1864.165032;0.12601535
1864.647226;0.12535954
1865.129421;0.12470675
1865.611616;0.12405591
1866.093811;0.12341005
1866.576006;0.12278336
1867.0582;0.12216868
1867.540395;0.12153393
1868.02259;0.12088378
1868.504785;0.12024788
1868.986979;0.11961112
1869.469174;0.1189553
1869.951369;0.1183011
1870.433564;0.1176603
1870.915759;0.11702934
1871.397953;0.11640505
1871.880148;0.11577369
1872.362343;0.11512628
1872.844538;0.1144681
1873.326733;0.11380807
1873.808927;0.11315754
1874.291122;0.11251616
1874.773317;0.11187434
1875.255512;0.11122903
1875.737706;0.11057563
1876.219901;0.10991553
1876.702096;0.10926154
1877.184291;0.10861603
1877.666486;0.10797074
1878.14868;0.10732447
1878.630875;0.10667585
1879.11307;0.10602199
1879.595265;0.10537384
1880.077459;0.10473108
1880.559654;0.10407864
1881.041849;0.1034262
1881.524044;0.10278834
1882.006239;0.10215695
1882.488433;0.10152601
1882.970628;0.10089665
1883.452823;0.10026421
1883.935018;0.09962887
1884.417213;0.09899803
1884.899407;0.09837557
1885.381602;0.09776252
1885.863797;0.09715689
1886.345992;0.09654866
1886.828186;0.09593382
1887.310381;0.09532941
1887.792576;0.09474143
1888.274771;0.09415361
1888.756966;0.09356594
1889.23916;0.09298743
1889.721355;0.0924257
1890.20355;0.09189226
1890.685745;0.09138011
1891.167939;0.09087455
1891.650134;0.09037515
1892.132329;0.08988315
1892.614524;0.08939556
1893.096719;0.08892224
1893.578913;0.0884807
1894.061108;0.08806316
1894.543303;0.08764766
1895.025498;0.08723309
1895.507693;0.08683284
1895.989887;0.08645315
1896.472082;0.08608783
1896.954277;0.08573057
1897.436472;0.08538716
1897.918666;0.08506168
1898.400861;0.08475034
1898.883056;0.08445688
1899.365251;0.08418054
1899.847446;0.08391589
1900.32964;0.08366851
1900.811835;0.0834366
1901.29403;0.08321278
1901.776225;0.08299686
1902.25842;0.08279274
1902.740614;0.08261067
1903.222809;0.08245734
1903.705004;0.0823331
1904.187199;0.08223234
1904.669393;0.08214109
1905.151588;0.08205526
1905.633783;0.08199019
1906.115978;0.08195405
1906.598173;0.08193572
1907.080367;0.08193373
1907.562562;0.08195177
1908.044757;0.08198708
1908.526952;0.08205392
1909.009146;0.08215404
1909.491341;0.08225993
1909.973536;0.08237318
1910.455731;0.08251649
1910.937926;0.08268268
1911.42012;0.08285624
1911.902315;0.08303501
1912.38451;0.08322126
1912.866705;0.08342569
1913.3489;0.08365627
1913.831094;0.08390522
1914.313289;0.08416275
1914.795484;0.08442778
1915.277679;0.08470406
1915.759873;0.08499316
1916.242068;0.08529306
1916.724263;0.08560345
1917.206458;0.08591804
1917.688653;0.08622406
1918.170847;0.08654027
1918.653042;0.0868917
1919.135237;0.08725187
1919.617432;0.08759728
1920.099626;0.08794136
1920.581821;0.08829106
1921.064016;0.08864196
1921.546211;0.08898787
1922.028406;0.08932842
1922.5106;0.08967261
1922.992795;0.09002674
1923.47499;0.09038869
1923.957185;0.0907488
1924.43938;0.09110434
1924.921574;0.09146331
1925.403769;0.09182829
1925.885964;0.09218851
1926.368159;0.09253193
1926.850353;0.0928668
1927.332548;0.09320512
1927.814743;0.0935439
1928.296938;0.09388006
1928.779133;0.09420929
1929.261327;0.09452309
1929.743522;0.09482356
1930.225717;0.09512585
1930.707912;0.09543741
1931.190106;0.09575193
1931.672301;0.09605885
1932.154496;0.09635416
1932.636691;0.09665073
1933.118886;0.09694646
1933.60108;0.097219
1934.083275;0.09746983
1934.56547;0.09771509
1935.047665;0.09796991
1935.52986;0.09824308
1936.012054;0.09851215
1936.494249;0.09875608
1936.976444;0.09898993
1937.458639;0.09922625
1937.940833;0.09945787
1938.423028;0.09968357
1938.905223;0.09990684
1939.387418;0.10012127
1939.869613;0.10032058
1940.351807;0.10051252
1940.834002;0.10070965
1941.316197;0.10091049
1941.798392;0.10110169
1942.280587;0.10128435
1942.762781;0.10147298
1943.244976;0.10166548
1943.727171;0.10185472
1944.209366;0.10204592
1944.69156;0.10224304
1945.173755;0.10244528
1945.65595;0.10264447
1946.138145;0.10282742
1946.62034;0.10299226
1947.102534;0.10315483
1947.584729;0.10333552
1948.066924;0.10353338
1948.549119;0.10372506
1949.031313;0.10390002
1949.513508;0.1040708
1949.995703;0.1042477
1950.477898;0.10443337
1950.960093;0.10462496
1951.442287;0.10481466
1951.924482;0.10499982
1952.406677;0.10517853
1952.888872;0.10535599
1953.371067;0.10555147
1953.853261;0.10576849
1954.335456;0.10598457
1954.817651;0.10619033
1955.299846;0.10640161
1955.78204;0.10662819
1956.264235;0.10686615
1956.74643;0.10710511
1957.228625;0.10733781
1957.71082;0.10757538
1958.193014;0.10782857
1958.675209;0.10809273
1959.157404;0.10836426
1959.639599;0.10864665
1960.121793;0.10893842
1960.603988;0.10923142
1961.086183;0.10952713
1961.568378;0.1098277
1962.050573;0.11012642
1962.532767;0.11043096
1963.014962;0.11074974
1963.497157;0.1110729
1963.979352;0.11139764
1964.461547;0.1117271
1964.943741;0.11205822
1965.425936;0.11238796
1965.908131;0.11271589
1966.390326;0.11304763
1966.87252;0.1133861
1967.354715;0.11373496
1967.83691;0.11410023
1968.319105;0.11446945
1968.8013;0.11482548
1969.283494;0.11516628
1969.765689;0.11550251
1970.247884;0.11585257
1970.730079;0.11622582
1971.212273;0.11661133
1971.694468;0.1169903
1972.176663;0.11735497
1972.658858;0.11771185
1973.141053;0.11807292
1973.623247;0.11843686
1974.105442;0.11879741
1974.587637;0.11916465
1975.069832;0.11954022
1975.552027;0.11991564
1976.034221;0.12029026
1976.516416;0.12065909
1976.998611;0.1210214
1977.480806;0.12138163
1977.963;0.12173492
1978.445195;0.12207563
1978.92739;0.12240598
1979.409585;0.12273173
1979.89178;0.12305857
1980.373974;0.12338717
1980.856169;0.12370346
1981.338364;0.12400097
1981.820559;0.12429451
1982.302754;0.12458381
1982.784948;0.12485655
1983.267143;0.12511654
1983.749338;0.12537269
1984.231533;0.12562373
1984.713727;0.12586358
1985.195922;0.1260931
1985.678117;0.12631108
1986.160312;0.12651525
1986.642507;0.12671736
1987.124701;0.1269154
1987.606896;0.12708722
1988.089091;0.12723725
1988.571286;0.12739389
1989.05348;0.12755929
1989.535675;0.12771419
1990.01787;0.12785017
1990.500065;0.12796396
1990.98226;0.12806192
1991.464454;0.12816869
1991.946649;0.12829491
1992.428844;0.12841944
1992.911039;0.12852244
1993.393234;0.12860841
1993.875428;0.12868713
1994.357623;0.12875956
1994.839818;0.12882763
1995.322013;0.1288968
1995.804207;0.12896129
1996.286402;0.12901385
1996.768597;0.12906688
1997.250792;0.12912552
1997.732987;0.12917078
1998.215181;0.12918755
1998.697376;0.1291828
1999.179571;0.12917539
1999.661766;0.12917031
2000.14396;0.12915494
2000.626155;0.12912504
2001.10835;0.12908509
2001.590545;0.12902947
2002.07274;0.12895799
2002.554934;0.12887993
2003.037129;0.1287915
2003.519324;0.1286952
2004.001519;0.12860638
2004.483714;0.12852105
2004.965908;0.1284183
2005.448103;0.12829444
2005.930298;0.12816535
2006.412493;0.12802903
2006.894687;0.1278825
2007.376882;0.12774533
2007.859077;0.12761523
2008.341272;0.12747179
2008.823467;0.12731476
2009.305661;0.12715475
2009.787856;0.12699766
2010.270051;0.12684135
2010.752246;0.12668419
2011.23444;0.1265285
2011.716635;0.12636936
2012.19883;0.12620386
2012.681025;0.1260443
2013.16322;0.12589774
2013.645414;0.1257567
2014.127609;0.12561315
2014.609804;0.12546289
2015.091999;0.12531191
2015.574194;0.12516479
2016.056388;0.12500846
2016.538583;0.12483755
2017.020778;0.12466785
2017.502973;0.12450882
2017.985167;0.12435646
2018.467362;0.12420113
2018.949557;0.12403292
2019.431752;0.12385461
2019.913947;0.12367122
2020.396141;0.12348147
2020.878336;0.12328628
2021.360531;0.12308932
2021.842726;0.12289993
2022.324921;0.12270921
2022.807115;0.1225004
2023.28931;0.12228397
2023.771505;0.12206215
2024.2537;0.12183257
2024.735894;0.1216118
2025.218089;0.12140107
2025.700284;0.1211894
2026.182479;0.1209719
2026.664674;0.1207456
2027.146868;0.1205193
2027.629063;0.1203052
2028.111258;0.12009572
2028.593453;0.11988035
2029.075647;0.11966404
2029.557842;0.11945178
2030.040037;0.11924316
2030.522232;0.11902959
2031.004427;0.11880846
2031.486621;0.11859372
2031.968816;0.11838308
2032.451011;0.1181662
2032.933206;0.11795259
2033.415401;0.11774315
2033.897595;0.11751694
2034.37979;0.11727041
2034.861985;0.11702607
2035.34418;0.11679257
2035.826374;0.11655506
2036.308569;0.11630429
2036.790764;0.11605175
2037.272959;0.11580095
2037.755154;0.11553541
2038.237348;0.11525834
2038.719543;0.11498708
2039.201738;0.11471429
2039.683933;0.11443164
2040.166127;0.11414806
2040.648322;0.11386004
2041.130517;0.11356138
2041.612712;0.11326505
2042.094907;0.11296991
2042.577101;0.11265246
2043.059296;0.11231313
2043.541491;0.11198437
2044.023686;0.11167625
2044.505881;0.11136164
2044.988075;0.11102616
2045.47027;0.11067806
2045.952465;0.11032215
2046.43466;0.10996237
2046.916854;0.10961016
2047.399049;0.10926738
2047.881244;0.10891636
2048.363439;0.10855116
2048.845634;0.10818747
2049.327828;0.10782735
2049.810023;0.10746307
2050.292218;0.10709893
2050.774413;0.10673366
2051.256607;0.10635766
2051.738802;0.10597233
2052.220997;0.1055799
2052.703192;0.10517927
2053.185387;0.10478307
2053.667581;0.10439959
2054.149776;0.10401832
2054.631971;0.10363068
2055.114166;0.10322476
2055.596361;0.10279874
2056.078555;0.10237582
2056.56075;0.10195956
2057.042945;0.1015429
2057.52514;0.10113478
2058.007334;0.1007304
2058.489529;0.10031641
2058.971724;0.09988533
2059.453919;0.09944649
2059.936114;0.09902515
2060.418308;0.0986178
2060.900503;0.0982026
2061.382698;0.09778277
2061.864893;0.09736072
2062.347088;0.09692274
2062.829282;0.09647754
2063.311477;0.09604718
2063.793672;0.09562737
2064.275867;0.09520688
2064.758061;0.09478698
2065.240256;0.09436527
2065.722451;0.09394242
2066.204646;0.09352615
2066.686841;0.09311497
2067.169035;0.09270342
2067.65123;0.09228877
2068.133425;0.09187373
2068.61562;0.09147184
2069.097814;0.09108304
2069.580009;0.09068748
2070.062204;0.09028235
2070.544399;0.08987904
2071.026594;0.08948632
2071.508788;0.0891203
2071.990983;0.08877604
2072.473178;0.08841813
2072.955373;0.08803684
2073.437568;0.08765523
2073.919762;0.08728778
2074.401957;0.08693726
2074.884152;0.08660116
2075.366347;0.08626348
2075.848541;0.08591381
2076.330736;0.08556027
2076.812931;0.08521139
2077.295126;0.08487578
2077.777321;0.08455566
2078.259515;0.08423504
2078.74171;0.08390356
2079.223905;0.08356572
2079.7061;0.08322513
2080.188294;0.08288474
2080.670489;0.08255402
2081.152684;0.08223827
2081.634879;0.0819309
2082.117074;0.08162453
2082.599268;0.08131537
2083.081463;0.08100942
2083.563658;0.08072186
2084.045853;0.08044583
2084.528048;0.08015875
2085.010242;0.07986654
2085.492437;0.07958576
2085.974632;0.07931256
2086.456827;0.07904255
2086.939021;0.07877383
2087.421216;0.07850699
2087.903411;0.07825303
2088.385606;0.07800592
2088.867801;0.0777512
2089.349995;0.07749927
2089.83219;0.07726138
2090.314385;0.07703523
2090.79658;0.07681799
2091.278774;0.07659835
2091.760969;0.07636882
2092.243164;0.07614106
2092.725359;0.07592063
2093.207554;0.07569722
2093.689748;0.07546812
2094.171943;0.07524557
2094.654138;0.07504136
2095.136333;0.07484817
2095.618528;0.07464767
2096.100722;0.07444456
2096.582917;0.07425302
2097.065112;0.07406913
2097.547307;0.07388462
2098.029501;0.07368803
2098.511696;0.07348016
2098.993891;0.07328581
2099.476086;0.07311641
2099.958281;0.07295576
2100.440475;0.07278178
2100.92267;0.07259326
2101.404865;0.07240453
2101.88706;0.07222061
2102.369255;0.07204441
2102.851449;0.07187776
2103.333644;0.0717088
2103.815839;0.0715327
2104.298034;0.07136756
2104.780228;0.07122006
2105.262423;0.07107269
2105.744618;0.07091115
2106.226813;0.07073375
2106.709008;0.07055768
2107.191202;0.07040069
2107.673397;0.07025594
2108.155592;0.07010459
2108.637787;0.06993845
2109.119981;0.06977478
2109.602176;0.06962704
2110.084371;0.06948283
2110.566566;0.06933322
2111.048761;0.06918
2111.530955;0.06902472
2112.01315;0.06887417
2112.495345;0.06873385
2112.97754;0.0685908
2113.459735;0.0684344
2113.941929;0.0682789
2114.424124;0.06813531
2114.906319;0.0679936
2115.388514;0.06784516
2115.870708;0.06769599
2116.352903;0.06755425
2116.835098;0.06742154
2117.317293;0.06728584
2117.799488;0.06713481
2118.281682;0.06698141
2118.763877;0.06683347
2119.246072;0.06668196
2119.728267;0.06653124
2120.210461;0.06638509
2120.692656;0.06623898
2121.174851;0.06609268
2121.657046;0.06594782
2122.139241;0.06580307
2122.621435;0.0656534
2123.10363;0.06550471
2123.585825;0.06536588
2124.06802;0.06522831
2124.550215;0.06508726
2125.032409;0.06495206
2125.514604;0.06482681
2125.996799;0.06470523
2126.478994;0.06458012
2126.961188;0.06445771
2127.443383;0.06434399
2127.925578;0.06422625
2128.407773;0.06410333
2128.889968;0.06399847
2129.372162;0.06391823
2129.854357;0.06384153
2130.336552;0.06375892
2130.818747;0.06368123
2131.300941;0.06360906
2131.783136;0.06353599
2132.265331;0.06347071
2132.747526;0.06342038
2133.229721;0.0633781
2133.711915;0.0633384
2134.19411;0.06329706
2134.676305;0.06325512
2135.1585;0.06322603
2135.640695;0.06320812
2136.122889;0.0631793
2136.605084;0.0631338
2137.087279;0.06308804
2137.569474;0.06304708
2138.051668;0.0630035
2138.533863;0.06296388
2139.016058;0.06293085
2139.498253;0.06289376
2139.980448;0.06285544
2140.462642;0.06282065
2140.944837;0.06278253
2141.427032;0.06273905
2141.909227;0.06269074
2142.391422;0.06264158
2142.873616;0.06260016
2143.355811;0.06255774
2143.838006;0.06250257
2144.320201;0.06244143
2144.802395;0.06238491
2145.28459;0.06234027
2145.766785;0.06230646
2146.24898;0.06227132
2146.731175;0.06222286
2147.213369;0.06216466
2147.695564;0.0621121
2148.177759;0.06206919
2148.659954;0.06203373
2149.142148;0.0620028
2149.624343;0.06196809
2150.106538;0.0619301
2150.588733;0.06189685
2151.070928;0.06186832
2151.553122;0.06183494
2152.035317;0.06178851
2152.517512;0.06173619
2152.999707;0.06169984
2153.481902;0.06168503
2153.964096;0.06167562
2154.446291;0.06167167
2154.928486;0.06168152
2155.410681;0.06169245
2155.892875;0.06168829
2156.37507;0.06167635
2156.857265;0.06167448
2157.33946;0.06168589
2157.821655;0.06170696
2158.303849;0.06173618
2158.786044;0.06176687
2159.268239;0.06179262
2159.750434;0.06182064
2160.232628;0.06186059
2160.714823;0.06189873
2161.197018;0.06191924
2161.679213;0.06193531
2162.161408;0.06196557
2162.643602;0.06200679
2163.125797;0.06204354
2163.607992;0.06207434
2164.090187;0.0621058
2164.572382;0.06213219
2165.054576;0.06215636
2165.536771;0.06219373
2166.018966;0.06224774
2166.501161;0.06231038
2166.983355;0.06237406
2167.46555;0.06244204
2167.947745;0.06251799
2168.42994;0.06259489
2168.912135;0.06266242
2169.394329;0.0627246
2169.876524;0.06280496
2170.358719;0.06290027
2170.840914;0.06299309
2171.323108;0.0630962
2171.805303;0.0632076
2172.287498;0.06330639
2172.769693;0.06339508
2173.251888;0.06349305
2173.734082;0.06360579
2174.216277;0.0637183
2174.698472;0.06382909
2175.180667;0.063949
2175.662862;0.06407363
2176.145056;0.06419051
2176.627251;0.06429917
2177.109446;0.0644156
2177.591641;0.06454464
2178.073835;0.06467386
2178.55603;0.06480488
2179.038225;0.06494214
2179.52042;0.06507401
2180.002615;0.06519996
2180.484809;0.06532927
2180.967004;0.06545933
2181.449199;0.06558864
2181.931394;0.06572455
2182.413589;0.06586853
2182.895783;0.06600601
2183.377978;0.06612908
2183.860173;0.06625347
2184.342368;0.06639114
2184.824562;0.06653703
2185.306757;0.06668697
2185.788952;0.06684788
2186.271147;0.06701634
2186.753342;0.06716903
2187.235536;0.06730301
2187.717731;0.06744377
2188.199926;0.06759993
2188.682121;0.06775749
2189.164315;0.06791242
2189.64651;0.06807201
2190.128705;0.06823844
2190.6109;0.06840728
2191.093095;0.06856925
2191.575289;0.06872506
2192.057484;0.06889143
2192.539679;0.06906869
2193.021874;0.06923908
2193.504069;0.06939904
2193.986263;0.06955242
2194.468458;0.06970724
2194.950653;0.06987642
2195.432848;0.07005273
2195.915042;0.07022236
2196.397237;0.07038775
2196.879432;0.07055593
2197.361627;0.07072491
2197.843822;0.07088967
2198.326016;0.07105539
2198.808211;0.07122571
2199.290406;0.07140286
2199.772601;0.07159107
2200.254795;0.07177236
2200.73699;0.07193652
2201.219185;0.07210737
2201.70138;0.07229285
2202.183575;0.07248558
2202.665769;0.07269127
2203.147964;0.07290018
2203.630159;0.07309023
2204.112354;0.07326485
2204.594549;0.07345113
2205.076743;0.07365713
2205.558938;0.07385645
2206.041133;0.07403857
2206.523328;0.07422015
2207.005522;0.0744056
2207.487717;0.07459296
2207.969912;0.07478882
2208.452107;0.07499439
2208.934302;0.07519694
2209.416496;0.07538433
2209.898691;0.0755644
2210.380886;0.0757494
2210.863081;0.07593759
2211.345275;0.07612894
2211.82747;0.07632257
2212.309665;0.07650808
2212.79186;0.07668085
2213.274055;0.07684896
2213.756249;0.07702477
2214.238444;0.07720846
2214.720639;0.07739338
2215.202834;0.07758136
2215.685029;0.07777171
2216.167223;0.07795607
2216.649418;0.07812626
2217.131613;0.07828811
2217.613808;0.07845769
2218.096002;0.07862931
2218.578197;0.07878014
2219.060392;0.07891422
2219.542587;0.07906432
2220.024782;0.07923613
2220.506976;0.07939803
2220.989171;0.07953762
2221.471366;0.07967344
2221.953561;0.07981617
2222.435756;0.07995661
2222.91795;0.08008988
2223.400145;0.08022476
2223.88234;0.08036179
2224.364535;0.0804943
2224.846729;0.08062363
2225.328924;0.08074464
2225.811119;0.08084895
2226.293314;0.08094478
2226.775509;0.08104493
2227.257703;0.08115713
2227.739898;0.08127533
2228.222093;0.08137961
2228.704288;0.08147332
2229.186482;0.08157938
2229.668677;0.08169995
2230.150872;0.08182126
2230.633067;0.08193292
2231.115262;0.08202852
2231.597456;0.08211397
2232.079651;0.08220885
2232.561846;0.08231622
2233.044041;0.08241985
2233.526236;0.08252301
2234.00843;0.08264099
2234.490625;0.08275811
2234.97282;0.08285139
2235.455015;0.08293623
2235.937209;0.08303072
2236.419404;0.08312564
2236.901599;0.08321736
2237.383794;0.0833066
2237.865989;0.08338258
2238.348183;0.08344685
2238.830378;0.08351418
2239.312573;0.08358181
2239.794768;0.08363777
2240.276962;0.08369286
2240.759157;0.08375554
2241.241352;0.08381037
2241.723547;0.0838571
2242.205742;0.08390941
2242.687936;0.08396187
2243.170131;0.08400173
2243.652326;0.08402795
2244.134521;0.08405101
2244.616716;0.08407614
2245.09891;0.08409187
2245.581105;0.08409423
2246.0633;0.0840985
2246.545495;0.08411401
2247.027689;0.08412832
2247.509884;0.08412519
2247.992079;0.08411017
2248.474274;0.08410048
2248.956469;0.08409524
2249.438663;0.08407719
2249.920858;0.08404056
2250.403053;0.08400219
2250.885248;0.08397846
2251.367442;0.0839671
2251.849637;0.08396001
2252.331832;0.08395452
2252.814027;0.08395052
2253.296222;0.08394966
2253.778416;0.08395531
2254.260611;0.08397117
2254.742806;0.08399506
2255.225001;0.08401795
2255.707196;0.08403559
2256.18939;0.08405569
2256.671585;0.08409132
2257.15378;0.0841368
2257.635975;0.08417351
2258.118169;0.08420224
2258.600364;0.08423006
2259.082559;0.08425756
2259.564754;0.08429465
2260.046949;0.08434451
2260.529143;0.08438363
2261.011338;0.08440354
2261.493533;0.08443401
2261.975728;0.08448016
2262.457923;0.08452182
2262.940117;0.08456679
2263.422312;0.08461262
2263.904507;0.08463687
2264.386702;0.0846476
2264.868896;0.08466467
2265.351091;0.08468653
2265.833286;0.08470917
2266.315481;0.08473148
2266.797676;0.08474873
2267.27987;0.08476584
2267.762065;0.08478826
2268.24426;0.08481256
2268.726455;0.08483491
2269.208649;0.08485544
2269.690844;0.08488147
2270.173039;0.08491125
2270.655234;0.08493729
2271.137429;0.08496364
2271.619623;0.08498773
2272.101818;0.08500651
2272.584013;0.08503398
2273.066208;0.0850725
2273.548403;0.08510835
2274.030597;0.08514673
2274.512792;0.08519306
2274.994987;0.08523228
2275.477182;0.08526587
2275.959376;0.08530358
2276.441571;0.08533598
2276.923766;0.08536151
2277.405961;0.08538844
2277.888156;0.08541498
2278.37035;0.0854435
2278.852545;0.08549054
2279.33474;0.08556088
2279.816935;0.08562765
2280.299129;0.08566384
2280.781324;0.0856775
2281.263519;0.08568873
2281.745714;0.08570153
2282.227909;0.0857204
2282.710103;0.08575208
2283.192298;0.08578745
2283.674493;0.08581467
2284.156688;0.08583339
2284.638883;0.08585203
2285.121077;0.08587671
2285.603272;0.08590015
2286.085467;0.08592308
2286.567662;0.0859648
2287.049856;0.08601905
2287.532051;0.08604949
2288.014246;0.08605301
2288.496441;0.08606636
2288.978636;0.08611023
2289.46083;0.08617065
2289.943025;0.08622067
2290.42522;0.08624926
2290.907415;0.08626967
2291.389609;0.08629341
2291.871804;0.0863196
2292.353999;0.08635098
2292.836194;0.08638763
2293.318389;0.08642234
2293.800583;0.08645944
2294.282778;0.08650735
2294.764973;0.0865588
2295.247168;0.08660098
2295.729363;0.08663546
2296.211557;0.08667123
2296.693752;0.08670978
2297.175947;0.08675424
2297.658142;0.08680915
2298.140336;0.08686794
2298.622531;0.08691925
2299.104726;0.08695845
2299.586921;0.08698902
2300.069116;0.08701952
2300.55131;0.08706655
2301.033505;0.08713507
2301.5157;0.08720548
2301.997895;0.08726665
2302.48009;0.08732661
2302.962284;0.087387
2303.444479;0.08743999
2303.926674;0.08748489
2304.408869;0.08752894
2304.891063;0.08757243
2305.373258;0.08760814
2305.855453;0.08764049
2306.337648;0.08768796
2306.819843;0.08774848
2307.302037;0.08780322
2307.784232;0.08785311
2308.266427;0.08790275
2308.748622;0.0879492
2309.230816;0.08799776
2309.713011;0.08804804
2310.195206;0.0880916
2310.677401;0.08813187
2311.159596;0.08817447
2311.64179;0.08821103
2312.123985;0.08823811
2312.60618;0.08826806
2313.088375;0.08830595
2313.57057;0.08834891
2314.052764;0.08839557
2314.534959;0.08843639
2315.017154;0.08846486
2315.499349;0.08848979
2315.981543;0.08851864
2316.463738;0.08854359
2316.945933;0.08855972
2317.428128;0.08857897
2317.910323;0.08860283
2318.392517;0.08862063
2318.874712;0.08863427
2319.356907;0.08865184
2319.839102;0.08867674
2320.321296;0.08870774
2320.803491;0.08873822
2321.285686;0.08874988
2321.767881;0.08874331
2322.250076;0.08875121
2322.73227;0.08877549
2323.214465;0.08879464
2323.69666;0.08881756
2324.178855;0.08885561
2324.66105;0.08889668
2325.143244;0.08892593
2325.625439;0.08894969
2326.107634;0.08898747
2326.589829;0.0890341
2327.072023;0.08906689
2327.554218;0.08908779
2328.036413;0.08911552
2328.518608;0.08914815
2329.000803;0.08917486
2329.482997;0.08919892
2329.965192;0.08922212
2330.447387;0.08924011
2330.929582;0.08926088
2331.411776;0.08929745
2331.893971;0.08934542
2332.376166;0.08939325
2332.858361;0.08943836
2333.340556;0.08947866
2333.82275;0.08951203
2334.304945;0.08954115
2334.78714;0.08957148
2335.269335;0.08961516
2335.75153;0.08968043
2336.233724;0.08975928
2336.715919;0.08983774
2337.198114;0.08990362
2337.680309;0.08995128
2338.162503;0.08999386
2338.644698;0.09004858
2339.126893;0.09011248
2339.609088;0.09017851
2340.091283;0.09024568
2340.573477;0.09030741
2341.055672;0.09036189
2341.537867;0.09041195
2342.020062;0.09045707
2342.502257;0.09050932
2342.984451;0.09058433
2343.466646;0.09066812
2343.948841;0.09073435
2344.431036;0.09078152
2344.91323;0.09082469
2345.395425;0.09087357
2345.87762;0.09093212
2346.359815;0.09100798
2346.84201;0.09109542
2347.324204;0.09116632
2347.806399;0.0912148
2348.288594;0.09126714
2348.770789;0.09133758
2349.252983;0.09141413
2349.735178;0.09147906
2350.217373;0.091532
2350.699568;0.09159429
2351.181763;0.09167682
2351.663957;0.09175564
2352.146152;0.09181393
2352.628347;0.09186972
2353.110542;0.09193863
2353.592737;0.09201478
2354.074931;0.09209181
2354.557126;0.09217849
2355.039321;0.09227391
2355.521516;0.09235931
2356.00371;0.09243859
2356.485905;0.09252359
2356.9681;0.09260575
2357.450295;0.09268904
2357.93249;0.09278033
2358.414684;0.092861
2358.896879;0.09293044
2359.379074;0.09301021
2359.861269;0.09309996
2360.343463;0.09319042
2360.825658;0.09327625
2361.307853;0.0933575
2361.790048;0.0934485
2362.272243;0.09355071
2362.754437;0.09365696
2363.236632;0.09378015
2363.718827;0.09391692
2364.201022;0.09404556
2364.683217;0.09416886
2365.165411;0.0942889
2365.647606;0.09440228
2366.129801;0.09452039
2366.611996;0.09464192
2367.09419;0.0947578
2367.576385;0.09486707
2368.05858;0.09497183
2368.540775;0.09508048
2369.02297;0.09519123
2369.505164;0.09528837
2369.987359;0.0953699
2370.469554;0.09544794
2370.951749;0.09552632
2371.433943;0.09560742
2371.916138;0.09570005
2372.398333;0.09580173
2372.880528;0.09589168
2373.362723;0.0959577
2373.844917;0.09602555
2374.327112;0.09611524
2374.809307;0.09620105
2375.291502;0.09627064
2375.773697;0.09634645
2376.255891;0.09642952
2376.738086;0.09649923
2377.220281;0.09655838
2377.702476;0.09662259
2378.18467;0.09668958
2378.666865;0.09675281
2379.14906;0.09681121
2379.631255;0.09686335
2380.11345;0.09691723
2380.595644;0.0969854
2381.077839;0.09705456
2381.560034;0.09710035
2382.042229;0.09713374
2382.524424;0.09717622
2383.006618;0.09721851
2383.488813;0.09724551
2383.971008;0.09726752
2384.453203;0.09730213
2384.935397;0.09734498
2385.417592;0.09738924
2385.899787;0.09743223
2386.381982;0.09746058
2386.864177;0.09748035
2387.346371;0.09750772
2387.828566;0.09753132
2388.310761;0.09754428
2388.792956;0.09755703
2389.27515;0.09756961
2389.757345;0.09758312
2390.23954;0.0976016
2390.721735;0.09761853
2391.20393;0.09762824
2391.686124;0.09762894
2392.168319;0.09762706
2392.650514;0.0976388
2393.132709;0.09766277
2393.614904;0.09767634
2394.097098;0.09766816
2394.579293;0.09764825
2395.061488;0.09762751
2395.543683;0.09761769
2396.025877;0.09762722
2396.508072;0.09763853
2396.990267;0.09764259
2397.472462;0.09765906
2397.954657;0.09769034
2398.436851;0.09772365
2398.919046;0.09775972
2399.401241;0.09780722
2399.883436;0.0978656
2400.36563;0.09792071
2400.847825;0.09796511
2401.33002;0.09800724
2401.812215;0.09805994
2402.29441;0.09812161
2402.776604;0.09818275
2403.258799;0.09825362
2403.740994;0.0983351
2404.223189;0.09840431
2404.705384;0.09846018
2405.187578;0.09851795
2405.669773;0.09857108
2406.151968;0.09860833
2406.634163;0.09864861
2407.116357;0.09871338
2407.598552;0.09879231
2408.080747;0.09886707
2408.562942;0.09893344
2409.045137;0.09899704
2409.527331;0.09906086
2410.009526;0.09912203
2410.491721;0.09917936
2410.973916;0.09923243
2411.45611;0.09928729
2411.938305;0.09935103
2412.4205;0.0994108
2412.902695;0.09945388
2413.38489;0.09949005
2413.867084;0.09953208
2414.349279;0.09958626
2414.831474;0.09964682
2415.313669;0.09969658
2415.795864;0.09973369
2416.278058;0.09976417
2416.760253;0.09978794
2417.242448;0.09980874
2417.724643;0.09983045
2418.206837;0.09985458
2418.689032;0.09987777
2419.171227;0.09989675
2419.653422;0.0999214
2420.135617;0.09995223
2420.617811;0.09997175
2421.100006;0.0999805
2421.582201;0.09999501
2422.064396;0.1000146
2422.546591;0.10003052
2423.028785;0.100042
2423.51098;0.10005576
2423.993175;0.1000839
2424.47537;0.10012227
2424.957564;0.10015716
2425.439759;0.10019434
2425.921954;0.10023816
2426.404149;0.10028002
2426.886344;0.1003202
2427.368538;0.10036162
2427.850733;0.10040811
2428.332928;0.10046846
2428.815123;0.10053571
2429.297317;0.10059204
2429.779512;0.1006436
2430.261707;0.10071459
2430.743902;0.10080782
2431.226097;0.10090906
2431.708291;0.10100558
2432.190486;0.10109317
2432.672681;0.10119502
2433.154876;0.1013248
2433.637071;0.10145547
2434.119265;0.10157673
2434.60146;0.1017109
2435.083655;0.10186095
2435.56585;0.10200828
2436.048044;0.10215621
2436.530239;0.10232165
2437.012434;0.10249732
2437.494629;0.10266909
2437.976824;0.10284094
2438.459018;0.10301626
2438.941213;0.10318451
2439.423408;0.10334218
2439.905603;0.10349675
2440.387797;0.10364992
2440.869992;0.10380262
2441.352187;0.10395165
2441.834382;0.10409497
2442.316577;0.10424424
2442.798771;0.10439093
2443.280966;0.1045219
2443.763161;0.10465548
2444.245356;0.10479439
2444.727551;0.10492774
2445.209745;0.10506719
2445.69194;0.10521764
2446.174135;0.10537308
2446.65633;0.10552715
2447.138524;0.10566627
2447.620719;0.10579445
2448.102914;0.10593397
2448.585109;0.1060915
2449.067304;0.10625876
2449.549498;0.10642422
2450.031693;0.10657407
2450.513888;0.10670908
2450.996083;0.10684676
2451.478277;0.10699446
2451.960472;0.10714089
2452.442667;0.10727967
2452.924862;0.10742217
2453.407057;0.10757625
2453.889251;0.10773232
2454.371446;0.10788318
2454.853641;0.10803434
2455.335836;0.10818657
2455.818031;0.10833891
2456.300225;0.10849822
2456.78242;0.10865986
2457.264615;0.10881413
2457.74681;0.1089677
2458.229004;0.10912673
2458.711199;0.10929134
2459.193394;0.10946456
2459.675589;0.10963748
2460.157784;0.10979399
2460.639978;0.10994104
2461.122173;0.11009874
2461.604368;0.1102725
2462.086563;0.11045321
2462.568758;0.11062587
2463.050952;0.11078952
2463.533147;0.11095583
2464.015342;0.11111534
2464.497537;0.11125735
2464.979731;0.1114012
2465.461926;0.11155777
2465.944121;0.11170812
2466.426316;0.1118421
2466.908511;0.1119759
2467.390705;0.11212063
2467.8729;0.11226119
2468.355095;0.11238636
2468.83729;0.11250498
2469.319484;0.11262245
2469.801679;0.11274122
2470.283874;0.11286423
2470.766069;0.11298627
2471.248264;0.11310524
2471.730458;0.11322322
2472.212653;0.11333464
2472.694848;0.11343212
2473.177043;0.11352057
2473.659238;0.11360611
2474.141432;0.11368369
2474.623627;0.11375785
2475.105822;0.11384179
2475.588017;0.11393137
2476.070211;0.11400907
2476.552406;0.1140714
2477.034601;0.1141297
2477.516796;0.11418655
2477.998991;0.11424097
2478.481185;0.11429361
2478.96338;0.11434428
2479.445575;0.11440032
2479.92777;0.11446651
2480.409964;0.11453331
2480.892159;0.11458448
2481.374354;0.11462338
2481.856549;0.11466528
2482.338744;0.11471091
2482.820938;0.11476321
2483.303133;0.11482126
2483.785328;0.11487232
2484.267523;0.11490875
2484.749718;0.11492551
2485.231912;0.11494219
2485.714107;0.1149852
2486.196302;0.11503252
2486.678497;0.11505442
2487.160691;0.11506519
2487.642886;0.11509003
2488.125081;0.11511813
2488.607276;0.11511911
2489.089471;0.11510985
2489.571665;0.11512702
2490.05386;0.1151524
2490.536055;0.11516014
2491.01825;0.11516847
2491.500445;0.11520275
2491.982639;0.11525209
2492.464834;0.11528219
2492.947029;0.11529439
2493.429224;0.115318
2493.911418;0.11536259
2494.393613;0.11542629
2494.875808;0.11550081
2495.358003;0.11556556
2495.840198;0.1156117
2496.322392;0.11565413
2496.804587;0.11571017
2497.286782;0.11578421
2497.768977;0.11586819
2498.251171;0.11594333
2498.733366;0.11599779
2499.215561;0.11604062
2499.697756;0.11608119
2500.179951;0.11612388
2500.662145;0.11617827
2501.14434;0.11622883
2501.626535;0.11625146
2502.10873;0.11626963
2502.590925;0.11630585
2503.073119;0.11634051
2503.555314;0.11636745
2504.037509;0.11640093
2504.519704;0.11644115
2505.001898;0.11648089
2505.484093;0.11651044
2505.966288;0.11652649
2506.448483;0.11654274
2506.930678;0.1165648
2507.412872;0.11659404
2507.895067;0.11663397
2508.377262;0.11666758
2508.859457;0.11668389
2509.341651;0.11669733
2509.823846;0.1167198
2510.306041;0.1167562
2510.788236;0.11680346
2511.270431;0.11684808
2511.752625;0.11688433
2512.23482;0.11691038
2512.717015;0.11692794
2513.19921;0.11695627
2513.681405;0.11700484
2514.163599;0.11706009
2514.645794;0.11711082
2515.127989;0.11714936
2515.610184;0.11717296
2516.092378;0.11719321
2516.574573;0.11721745
2517.056768;0.11723828
2517.538963;0.11725939
2518.021158;0.11728496
2518.503352;0.11729938
2518.985547;0.11730035
2519.467742;0.11729914
2519.949937;0.11730147
2520.432131;0.11731366
2520.914326;0.11732195
2521.396521;0.11730967
2521.878716;0.11729302
2522.360911;0.11728851
2522.843105;0.11729088
2523.3253;0.11729036
2523.807495;0.11728079
2524.28969;0.11726739
2524.771885;0.11726627
2525.254079;0.11727531
2525.736274;0.1172739
2526.218469;0.11726099
2526.700664;0.1172495
2527.182858;0.11724097
2527.665053;0.117232
2528.147248;0.11721962
2528.629443;0.11719413
2529.111638;0.11715268
2529.593832;0.11711414
2530.076027;0.11708321
2530.558222;0.11704648
2531.040417;0.11701012
2531.522612;0.11698275
2532.004806;0.11696398
2532.487001;0.11695013
2532.969196;0.11692277
2533.451391;0.11687368
2533.933585;0.11682221
2534.41578;0.11677506
2534.897975;0.11672463
2535.38017;0.11668627
2535.862365;0.11666039
2536.344559;0.11662924
2536.826754;0.11660536
2537.308949;0.1165968
2537.791144;0.1165874
2538.273338;0.11656012
2538.755533;0.11650443
2539.237728;0.1164364
2539.719923;0.11638575
2540.202118;0.116349
2540.684312;0.11629709
2541.166507;0.11622743
2541.648702;0.11615711
2542.130897;0.1160858
2542.613092;0.11601049
2543.095286;0.11593246
2543.577481;0.11583836
2544.059676;0.11571784
2544.541871;0.11558125
2545.024065;0.11543006
2545.50626;0.11525879
2545.988455;0.11508347
2546.47065;0.11492229
2546.952845;0.11476609
2547.435039;0.11459219
2547.917234;0.1144012
2548.399429;0.11420822
2548.881624;0.11401066
2549.363818;0.11380038
2549.846013;0.1135867
2550.328208;0.1133894
2550.810403;0.11321248
2551.292598;0.11304478
2551.774792;0.11287707
2552.256987;0.11269822
2552.739182;0.11250827
2553.221377;0.11232628
2553.703572;0.11215757
2554.185766;0.11199186
2554.667961;0.11182988
2555.150156;0.11167634
2555.632351;0.11151891
2556.114545;0.11133912
2556.59674;0.11114618
2557.078935;0.11096101
2557.56113;0.11078177
2558.043325;0.11060257
2558.525519;0.11041894
2559.007714;0.11022223
2559.489909;0.11001542
2559.972104;0.10980412
2560.454298;0.10958163
2560.936493;0.1093503
2561.418688;0.10912851
2561.900883;0.10891101
2562.383078;0.10867801
2562.865272;0.10842863
2563.347467;0.10816222
2563.829662;0.10787994
2564.311857;0.10759385
2564.794052;0.10731023
2565.276246;0.10703143
2565.758441;0.10675341
2566.240636;0.10645843
2566.722831;0.10613836
2567.205025;0.10580344
2567.68722;0.1054664
2568.169415;0.10513812
2568.65161;0.10481354
2569.133805;0.10448031
2569.615999;0.10413764
2570.098194;0.10377882
2570.580389;0.10339943
2571.062584;0.10301503
2571.544779;0.1026383
2572.026973;0.10225651
2572.509168;0.10185479
2572.991363;0.10144274
2573.473558;0.10103327
2573.955752;0.10063026
2574.437947;0.10023423
2574.920142;0.09983034
2575.402337;0.09940469
2575.884532;0.09897842
2576.366726;0.09857377
2576.848921;0.0981795
2577.331116;0.09779374
2577.813311;0.09742172
2578.295505;0.09705118
2578.7777;0.09668694
2579.259895;0.09634674
2579.74209;0.09603901
2580.224285;0.09576253
2580.706479;0.09550785
2581.188674;0.09528474
2581.670869;0.0951097
2582.153064;0.09496263
2582.635259;0.09482762
2583.117453;0.09472456
2583.599648;0.09465611
2584.081843;0.09461137
2584.564038;0.09459387
2585.046232;0.0945842
2585.528427;0.09455048
2586.010622;0.09449878
2586.492817;0.09445342
2586.975012;0.09441386
2587.457206;0.09436417
2587.939401;0.09428932
2588.421596;0.09417818
2588.903791;0.09404238
2589.385985;0.09390651
2589.86818;0.09377939
2590.350375;0.09365529
2590.83257;0.09352715
2591.314765;0.09338559
2591.796959;0.0932166
2592.279154;0.09302926
2592.761349;0.09284558
2593.243544;0.09265631
2593.725739;0.09244014
2594.207933;0.0921997
2594.690128;0.09196471
2595.172323;0.09175065
2595.654518;0.09153343
2596.136712;0.09130173
2596.618907;0.0910596
2597.101102;0.09079897
2597.583297;0.09052708
2598.065492;0.09025593
2598.547686;0.0899807
2599.029881;0.08969899
2599.512076;0.08941136
2599.994271;0.08911809
2600.476465;0.08882204
2600.95866;0.08851172
2601.440855;0.08817556
2601.92305;0.08783174
2602.405245;0.08749687
2602.887439;0.0871595
2603.369634;0.08681032
2603.851829;0.08645117
2604.334024;0.08607828
2604.816219;0.08569518
2605.298413;0.08531387
2605.780608;0.08493026
2606.262803;0.08454075
2606.744998;0.08415904
2607.227192;0.08378725
2607.709387;0.08341025
2608.191582;0.08302219
2608.673777;0.08262931
2609.155972;0.08224253
2609.638166;0.08187725
2610.120361;0.08153602
2610.602556;0.0812014
2611.084751;0.0808561
2611.566946;0.08050889
2612.04914;0.08019215
2612.531335;0.07990949
2613.01353;0.07963469
2613.495725;0.07936432
2613.977919;0.07910582
2614.460114;0.07885177
2614.942309;0.07859483
2615.424504;0.078343
2615.906699;0.07810407
2616.388893;0.07786216
2616.871088;0.07760895
2617.353283;0.0773689
2617.835478;0.07714935
2618.317672;0.0769239
2618.799867;0.07668412
2619.282062;0.0764437
2619.764257;0.07621279
2620.246452;0.07599871
2620.728646;0.07579356
2621.210841;0.07558734
2621.693036;0.07538456
2622.175231;0.07518627
2622.657426;0.07500043
2623.13962;0.0748326
2623.621815;0.07466042
2624.10401;0.07446443
2624.586205;0.07425431
2625.068399;0.07404914
2625.550594;0.07386177
2626.032789;0.0736958
2626.514984;0.07353846
2626.997179;0.07336748
2627.479373;0.07316657
2627.961568;0.07294735
2628.443763;0.07273755
2628.925958;0.07253591
2629.408152;0.07232583
2629.890347;0.07210046
2630.372542;0.07186143
2630.854737;0.07162111
2631.336932;0.07138123
2631.819126;0.07113376
2632.301321;0.07088011
2632.783516;0.07061543
2633.265711;0.07032679
2633.747906;0.07002106
2634.2301;0.06971607
2634.712295;0.06941479
2635.19449;0.06910263
2635.676685;0.06876776
2636.158879;0.06842702
2636.641074;0.06809373
2637.123269;0.06775215
2637.605464;0.06738731
2638.087659;0.06700303
2638.569853;0.06662259
2639.052048;0.06625714
2639.534243;0.06589123
2640.016438;0.06552212
2640.498632;0.06516607
2640.980827;0.06482544
2641.463022;0.06449136
2641.945217;0.06416618
2642.427412;0.06384491
2642.909606;0.06351907
2643.391801;0.06320436
2643.873996;0.06291102
2644.356191;0.06261668
2644.838386;0.06231276
2645.32058;0.06202874
2645.802775;0.06175856
2646.28497;0.06146643
2646.767165;0.06116996
2647.249359;0.06089456
2647.731554;0.06061754
2648.213749;0.06032132
2648.695944;0.06002546
2649.178139;0.05974713
2649.660333;0.05947591
2650.142528;0.059194
2650.624723;0.05889493
2651.106918;0.05858373
2651.589113;0.05826526
2652.071307;0.0579503
2652.553502;0.05764869
2653.035697;0.05735054
2653.517892;0.05705195
2654.000086;0.05676081
2654.482281;0.05647143
2654.964476;0.05617365
2655.446671;0.05586766
2655.928866;0.0555616
2656.41106;0.05526891
2656.893255;0.05500492
2657.37545;0.05477571
2657.857645;0.05455539
2658.339839;0.05430781
2658.822034;0.05404832
2659.304229;0.0538164
2659.786424;0.05361523
2660.268619;0.05342569
2660.750813;0.05323442
2661.233008;0.05304613
2661.715203;0.05286695
2662.197398;0.05269425
2662.679593;0.05252859
2663.161787;0.05236557
2663.643982;0.05220635
2664.126177;0.05205795
2664.608372;0.05190852
2665.090566;0.05174928
2665.572761;0.05159427
2666.054956;0.05144078
2666.537151;0.05126793
2667.019346;0.05108953
2667.50154;0.05092221
2667.983735;0.05074758
2668.46593;0.05057023
2668.948125;0.05040326
2669.430319;0.0502235
2669.912514;0.05003117
2670.394709;0.04985134
2670.876904;0.04967362
2671.359099;0.04948062
2671.841293;0.04927925
2672.323488;0.04907816
2672.805683;0.04888206
2673.287878;0.0486916
2673.770073;0.04850043
2674.252267;0.04831291
2674.734462;0.04814516
2675.216657;0.04799001
2675.698852;0.04782277
2676.181046;0.04765502
2676.663241;0.047506
2677.145436;0.04735383
2677.627631;0.04719194
2678.109826;0.04704431
2678.59202;0.04691575
2679.074215;0.04680048
2679.55641;0.04668548
2680.038605;0.04654695
2680.520799;0.0463957
2681.002994;0.04626853
2681.485189;0.04615561
2681.967384;0.04602232
2682.449579;0.04587246
2682.931773;0.04571582
2683.413968;0.04555848
2683.896163;0.04542592
2684.378358;0.04532111
2684.860553;0.04521219
2685.342747;0.04507744
2685.824942;0.04492485
2686.307137;0.04477616
2686.789332;0.0446413
2687.271526;0.04450699
2687.753721;0.04436744
2688.235916;0.04424337
2688.718111;0.04413757
2689.200306;0.04402865
2689.6825;0.04391208
2690.164695;0.04379528
2690.64689;0.04367952
2691.129085;0.0435643
2691.61128;0.04345674
2692.093474;0.04336831
2692.575669;0.0432924
2693.057864;0.04320902
2693.540059;0.04311828
2694.022253;0.04302742
2694.504448;0.04292873
2694.986643;0.04281945
2695.468838;0.04270894
2695.951033;0.04261274
2696.433227;0.04252548
2696.915422;0.04241751
2697.397617;0.04229948
2697.879812;0.04220324
2698.362006;0.04211127
2698.844201;0.04199037
2699.326396;0.04184319
2699.808591;0.0416976
2700.290786;0.0415742
2700.77298;0.04146419
2701.255175;0.04134098
2701.73737;0.04120649
2702.219565;0.04109041
2702.70176;0.0409904
2703.183954;0.04088414
2703.666149;0.04077333
2704.148344;0.04065967
2704.630539;0.04054331
2705.112733;0.04043775
2705.594928;0.04034126
2706.077123;0.0402485
2706.559318;0.04016506
2707.041513;0.04007506
2707.523707;0.03997163
2708.005902;0.03987562
2708.488097;0.03978286
2708.970292;0.03968185
2709.452486;0.03959085
2709.934681;0.03952473
2710.416876;0.03946063
2710.899071;0.03935989
2711.381266;0.03922376
2711.86346;0.03908729
2712.345655;0.03896375
2712.82785;0.0388397
2713.310045;0.03870623
2713.79224;0.03856961
2714.274434;0.03843705
2714.756629;0.03830367
2715.238824;0.038156
2715.721019;0.03798302
2716.203213;0.03778502
2716.685408;0.03757611
2717.167603;0.03736793
2717.649798;0.03715555
2718.131993;0.03692186
2718.614187;0.03665572
2719.096382;0.03638686
2719.578577;0.03615813
2720.060772;0.03596206
2720.542966;0.03577934
2721.025161;0.03563115
2721.507356;0.03554203
2721.989551;0.03550223
2722.471746;0.03550005
2722.95394;0.03553734
2723.436135;0.03560325
2723.91833;0.035697
2724.400525;0.03582831
2724.88272;0.03598774
2725.364914;0.03615881
2725.847109;0.03631706
2726.329304;0.03644809
2726.811499;0.03657368
2727.293693;0.03671259
2727.775888;0.0368548
2728.258083;0.03698755
2728.740278;0.03711171
2729.222473;0.03722599
2729.704667;0.03731473
2730.186862;0.03737963
2730.669057;0.03744698
2731.151252;0.03751546
2731.633447;0.03756554
2732.115641;0.03759945
2732.597836;0.03763318
2733.080031;0.03768561
2733.562226;0.03774778
2734.04442;0.03778729
2734.526615;0.03780883
2735.00881;0.03784741
2735.491005;0.03790314
2735.9732;0.03794523
2736.455394;0.0379798
2736.937589;0.03803398
2737.419784;0.0380986
2737.901979;0.03815418
2738.384173;0.03819989
2738.866368;0.03824432
2739.348563;0.03829555
2739.830758;0.03835529
2740.312953;0.03842407
2740.795147;0.03849864
2741.277342;0.03856013
2741.759537;0.03859694
2742.241732;0.03863475
2742.723927;0.03869227
2743.206121;0.0387393
2743.688316;0.03876157
2744.170511;0.03878814
2744.652706;0.03882439
2745.1349;0.03884928
2745.617095;0.03885789
2746.09929;0.03886073
2746.581485;0.03886509
2747.06368;0.03886637
2747.545874;0.03886564
2748.028069;0.03886911
2748.510264;0.03887036
2748.992459;0.03886703
2749.474653;0.03885833
2749.956848;0.03883484
2750.439043;0.03880511
2750.921238;0.03879099
2751.403433;0.0387875
2751.885627;0.03877494
2752.367822;0.03875628
2752.850017;0.03873489
2753.332212;0.03870151
2753.814407;0.03866677
2754.296601;0.03865073
2754.778796;0.03864628
2755.260991;0.03862587
2755.743186;0.03858296
2756.22538;0.03854293
2756.707575;0.03851812
2757.18977;0.03848961
2757.671965;0.0384467
2758.15416;0.0383993
2758.636354;0.03834924
2759.118549;0.03829746
2759.600744;0.03825254
2760.082939;0.03820663
2760.565133;0.03815147
2761.047328;0.03809546
2761.529523;0.03804452
2762.011718;0.03800342
2762.493913;0.03797781
2762.976107;0.03795763
2763.458302;0.03792372
2763.940497;0.03787432
2764.422692;0.03782254
2764.904887;0.03778734
2765.387081;0.03778124
2765.869276;0.03778341
2766.351471;0.03776958
2766.833666;0.03774257
2767.31586;0.03770658
2767.798055;0.03766318
2768.28025;0.03762486
2768.762445;0.0375984
2769.24464;0.0375676
2769.726834;0.03753075
2770.209029;0.03751878
2770.691224;0.03753401
2771.173419;0.03753504
2771.655614;0.03750271
2772.137808;0.03745653
2772.620003;0.03740714
2773.102198;0.03735318
2773.584393;0.03730242
2774.066587;0.03726004
2774.548782;0.03723046
2775.030977;0.0372166
2775.513172;0.03719985
2775.995367;0.03716113
2776.477561;0.03710585
2776.959756;0.03704422
2777.441951;0.03698517
2777.924146;0.0369305
2778.40634;0.03686804
2778.888535;0.03680404
2779.37073;0.03675251
2779.852925;0.03669706
2780.33512;0.03662297
2780.817314;0.0365504
2781.299509;0.03648872
2781.781704;0.03641269
2782.263899;0.03632004
2782.746094;0.03623523
2783.228288;0.03615633
2783.710483;0.03605768
2784.192678;0.03593446
2784.674873;0.03581131
2785.157067;0.03569652
2785.639262;0.03557467
2786.121457;0.03543676
2786.603652;0.03528807
2787.085847;0.03514733
2787.568041;0.03501567
2788.050236;0.03486398
2788.532431;0.03467954
2789.014626;0.03448065
2789.49682;0.0342821
2789.979015;0.03408921
2790.46121;0.0339142
2790.943405;0.03376067
2791.4256;0.0336163
2791.907794;0.03348245
2792.389989;0.03336952
2792.872184;0.0332657
2793.354379;0.03315968
2793.836574;0.03307345
2794.318768;0.03303563
2794.800963;0.03304038
2795.283158;0.03305705
2795.765353;0.03306828
2796.247547;0.03307544
2796.729742;0.03309292
2797.211937;0.0331337
2797.694132;0.03317779
2798.176327;0.03320039
2798.658521;0.03320953
2799.140716;0.03321347
2799.622911;0.03320603
2800.105106;0.03317447
2800.5873;0.03309916
2801.069495;0.0329786
2801.55169;0.03282412
2802.033885;0.03264307
2802.51608;0.03245074
2802.998274;0.03225619
2803.480469;0.03205388
2803.962664;0.03183976
2804.444859;0.03161993
2804.927054;0.03140784
2805.409248;0.03121515
2805.891443;0.03104496
2806.373638;0.03088783
2806.855833;0.03074238
2807.338027;0.03062349
2807.820222;0.03053469
2808.302417;0.03045876
2808.784612;0.03037584
2809.266807;0.03028452
2809.749001;0.03018638
2810.231196;0.03007974
2810.713391;0.02998643
2811.195586;0.02991994
2811.677781;0.02985576
2812.159975;0.02977061
2812.64217;0.02966113
2813.124365;0.02953334
2813.60656;0.02939273
2814.088754;0.02923636
2814.570949;0.0290743
2815.053144;0.02892429
2815.535339;0.02876853
2816.017534;0.02858458
2816.499728;0.02837675
2816.981923;0.02813743
2817.464118;0.0278725
2817.946313;0.02760706
2818.428507;0.02731625
2818.910702;0.02697918
2819.392897;0.02662785
2819.875092;0.02627384
2820.357287;0.02590584
2820.839481;0.02552023
2821.321676;0.02511239
2821.803871;0.02468668
2822.286066;0.02424984
2822.768261;0.02379216
2823.250455;0.02330637
2823.73265;0.02281309
2824.214845;0.02231258
2824.69704;0.02176021
2825.179234;0.02116065
2825.661429;0.02055871
2826.143624;0.01993418
2826.625819;0.01925372
2827.108014;0.01853519
2827.590208;0.01778297
2828.072403;0.01697157
2828.554598;0.01609741
2829.036793;0.01518514
2829.518987;0.01425129
2830.001182;0.01328424
2830.483377;0.01226568
2830.965572;0.01118954
2831.447767;0.01006633
2831.929961;0.00893382
2832.412156;0.00783387
2832.894351;0.00677214
2833.376546;0.00574535
2833.858741;0.00478444
2834.340935;0.00392782
2834.82313;0.00318643
2835.305325;0.00255645
2835.78752;0.00203273
2836.269714;0.00160466
2836.751909;0.0012696
2837.234104;0.00103214
2837.716299;0.00086968
2838.198494;0.00075877
2838.680688;0.00070475
2839.162883;0.00069951
2839.645078;0.00071627
2840.127273;0.0007595
2840.609467;0.00086276
2841.091662;0.00102435
2841.573857;0.00122736
2842.056052;0.00151611
2842.538247;0.0019264
2843.020441;0.00242223
2843.502636;0.00298194
2843.984831;0.00362637
2844.467026;0.00436861
2844.949221;0.00520699
2845.431415;0.00612326
2845.91361;0.00708838
2846.395805;0.00808004
2846.878;0.00908613
2847.360194;0.01010483
2847.842389;0.01112238
2848.324584;0.01209794
2848.806779;0.01301243
2849.288974;0.01388222
2849.771168;0.01469903
2850.253363;0.01544002
2850.735558;0.01610671
2851.217753;0.01669661
2851.699948;0.01720631
2852.182142;0.01764799
2852.664337;0.01801639
2853.146532;0.01828772
2853.628727;0.0184525
2854.110921;0.01851612
2854.593116;0.01848045
2855.075311;0.01834035
2855.557506;0.01809122
2856.039701;0.01773267
2856.521895;0.01726586
2857.00409;0.01670355
2857.486285;0.01605213
2857.96848;0.01528746
2858.450674;0.01441283
2858.932869;0.01347263
2859.415064;0.01247847
2859.897259;0.01141232
2860.379454;0.01028486
2860.861648;0.00913142
2861.343843;0.00798431
2861.826038;0.00688861
2862.308233;0.00588249
2862.790428;0.00496531
2863.272622;0.00414545
2863.754817;0.00346178
2864.237012;0.00294211
2864.719207;0.00257722
2865.201401;0.00232879
2865.683596;0.00215383
2866.165791;0.00204035
2866.647986;0.00200638
2867.130181;0.00204253
2867.612375;0.0021142
2868.09457;0.00221215
2868.576765;0.002344
2869.05896;0.00250274
2869.541154;0.00266279
2870.023349;0.00280014
2870.505544;0.00291093
2870.987739;0.00300812
2871.469934;0.00310159
2871.952128;0.00318787
2872.434323;0.00325731
2872.916518;0.00330377
2873.398713;0.00331698
2873.880908;0.00327266
2874.363102;0.0031622
2874.845297;0.00301336
2875.327492;0.00286179
2875.809687;0.0027255
2876.291881;0.00261594
2876.774076;0.00254389
2877.256271;0.00250016
2877.738466;0.00247164
2878.220661;0.00246104
2878.702855;0.00247306
2879.18505;0.00250506
2879.667245;0.00255421
2880.14944;0.00262156
2880.631634;0.00268818
2881.113829;0.00273562
2881.596024;0.00278435
2882.078219;0.00285067
2882.560414;0.00291732
2883.042608;0.00297713
2883.524803;0.00306113
2884.006998;0.00317898
2884.489193;0.00328442
2884.971388;0.00336324
2885.453582;0.00345904
2885.935777;0.00357618
2886.417972;0.0036711
2886.900167;0.00373968
2887.382361;0.00381356
2887.864556;0.00390943
2888.346751;0.00402553
2888.828946;0.00413631
2889.311141;0.00422178
2889.793335;0.00429355
2890.27553;0.0043583
2890.757725;0.00441324
2891.23992;0.00445841
2891.722115;0.00448808
2892.204309;0.00449884
2892.686504;0.00448914
2893.168699;0.00445986
2893.650894;0.00441484
2894.133088;0.00434371
2894.615283;0.00423481
2895.097478;0.00409018
2895.579673;0.00392364
2896.061868;0.003757
2896.544062;0.00358211
2897.026257;0.00337647
2897.508452;0.00314959
2897.990647;0.00290906
2898.472841;0.0026564
2898.955036;0.00241432
2899.437231;0.00219788
2899.919426;0.00200545
2900.401621;0.00182655
2900.883815;0.00164972
2901.36601;0.00149339
2901.848205;0.00136761
2902.3304;0.00122693
2902.812595;0.0010563
2903.294789;0.00090816
2903.776984;0.00079786
2904.259179;0.00069639
2904.741374;0.00059737
2905.223568;0.00049797
2905.705763;0.00040643
2906.187958;0.00036396
2906.670153;0.00037107
2907.152348;0.00037144
2907.634542;0.00034504
2908.116737;0.00032607
2908.598932;0.00033631
2909.081127;0.00036256
2909.563321;0.00038496
2910.045516;0.00039489
2910.527711;0.00037533
2911.009906;0.0003139
2911.492101;0.0002506
2911.974295;0.00022225
2912.45649;0.0002004
2912.938685;0.00016349
2913.42088;0.00013597
2913.903075;0.00012586
2914.385269;0.0001063
2914.867464;0.0000623
2915.349659;0.00001318
2915.831854;-0.00001737
2916.314048;-0.00003583
2916.796243;-0.00006183
2917.278438;-0.00008011
2917.760633;-0.00005436
2918.242828;-0.00000974
2918.725022;0.00000794
2919.207217;0.00000317
2919.689412;0.00001051
2920.171607;0.00001337
2920.653801;0.00000786
2921.135996;0.00002078
2921.618191;0.00002719
2922.100386;0.00000294
2922.582581;-0.00001037
2923.064775;-0.00000311
2923.54697;-0.00001132
2924.029165;-0.00002575
2924.51136;-0.00002495
2924.993555;-0.00000831
2925.475749;0.00002305
2925.957944;0.00005656
2926.440139;0.00007398
2926.922334;0.0000663
2927.404528;0.0000516
2927.886723;0.00005688
2928.368918;0.00008468
2928.851113;0.00012096
2929.333308;0.0001546
2929.815502;0.0001952
2930.297697;0.00025784
2930.779892;0.00033626
2931.262087;0.00043579
2931.744282;0.00058777
2932.226476;0.00078986
2932.708671;0.00100726
2933.190866;0.00122267
2933.673061;0.00142927
2934.155255;0.00162695
2934.63745;0.00182589
2935.119645;0.00202695
2935.60184;0.00222605
2936.084035;0.00240014
2936.566229;0.00252757
2937.048424;0.00264086
2937.530619;0.00275209
2938.012814;0.0028126
2938.495008;0.00281393
2938.977203;0.00279517
2939.459398;0.00275938
2939.941593;0.00267855
2940.423788;0.00254332
2940.905982;0.0023593
2941.388177;0.00212874
2941.870372;0.00187192
2942.352567;0.00162448
2942.834762;0.00137862
2943.316956;0.00111291
2943.799151;0.00086449
2944.281346;0.00066118
2944.763541;0.00047816
2945.245735;0.00031075
2945.72793;0.00018058
2946.210125;0.00008353
2946.69232;-0.00000293
2947.174515;-0.00008138
2947.656709;-0.00013366
2948.138904;-0.00014556
2948.621099;-0.0000915
2949.103294;0.00001679
2949.585488;0.00011186
2950.067683;0.00015496
2950.549878;0.00016276
2951.032073;0.00017259
2951.514268;0.00019013
2951.996462;0.00021853
2952.478657;0.00023937
2952.960852;0.0002511
2953.443047;0.00026005
2953.925242;0.00026055
2954.407436;0.00025007
2954.889631;0.00025586
2955.371826;0.00028664
2955.854021;0.00030974
2956.336215;0.00030844
2956.81841;0.00030098
2957.300605;0.00030665
2957.7828;0.00031444
2958.264995;0.00030311
2958.747189;0.00029148
2959.229384;0.00029899
2959.711579;0.00030875
2960.193774;0.00032743
2960.675968;0.00036188
2961.158163;0.00037229
2961.640358;0.00035665
2962.122553;0.00037307
2962.604748;0.00041683
2963.086942;0.00038188
2963.569137;0.00026836
2964.051332;0.00015231
2964.533527;0.00003417
2965.015722;-0.00009203
2965.497916;-0.00020432
2965.980111;-0.00027339
2966.462306;-0.00026926
2966.944501;-0.00023249
2967.426695;-0.00017246
2967.90889;-0.0000775
2968.391085;0.00006216
2968.87328;0.00028389
2969.355475;0.00061243
2969.837669;0.00102653
2970.319864;0.00151754
2970.802059;0.00211201
2971.284254;0.002832
2971.766449;0.00364676
2972.248643;0.00450209
2972.730838;0.00540528
2973.213033;0.00637769
2973.695228;0.00739485
2974.177422;0.00843856
2974.659617;0.0094957
2975.141812;0.01054528
2975.624007;0.01158219
2976.106202;0.01260322
2976.588396;0.01360977
2977.070591;0.014599
2977.552786;0.01555021
2978.034981;0.01645549
2978.517175;0.01733198
2978.99937;0.01820001
2979.481565;0.01903615
2979.96376;0.0198052
2980.445955;0.02053961
2980.928149;0.02127966
2981.410344;0.02201329
2981.892539;0.02271841
2982.374734;0.02338322
2982.856929;0.02400671
2983.339123;0.02460034
2983.821318;0.02517547
2984.303513;0.02572839
2984.785708;0.02625998
2985.267902;0.02679794
2985.750097;0.02734455
2986.232292;0.02786275
2986.714487;0.02835656
2987.196682;0.02886541
2987.678876;0.02938528
2988.161071;0.02987965
2988.643266;0.03033545
2989.125461;0.03076394
2989.607655;0.03117333
2990.08985;0.03157301
2990.572045;0.03197433
2991.05424;0.03236921
2991.536435;0.03275144
2992.018629;0.03313208
2992.500824;0.03351002
2992.983019;0.03387878
2993.465214;0.03424518
2993.947409;0.03460551
2994.429603;0.0349449
2994.911798;0.03526489
2995.393993;0.03557305
2995.876188;0.03587357
2996.358382;0.03616922
2996.840577;0.03645246
2997.322772;0.03672599
2997.804967;0.03700716
2998.287162;0.03729067
2998.769356;0.03754852
2999.251551;0.03777802
2999.733746;0.03800149
3000.215941;0.03821774
3000.698135;0.03841969
3001.18033;0.0386265
3001.662525;0.03884948
3002.14472;0.03907265
3002.626915;0.03927244
3003.109109;0.039451
3003.591304;0.03963814
3004.073499;0.0398252
3004.555694;0.03997036
3005.037889;0.040092
3005.520083;0.04024367
3006.002278;0.04042394
3006.484473;0.04058999
3006.966668;0.04072268
3007.448862;0.04083955
3007.931057;0.04095341
3008.413252;0.04107094
3008.895447;0.04121642
3009.377642;0.04138506
3009.859836;0.0415294
3010.342031;0.04162681
3010.824226;0.04170037
3011.306421;0.04178914
3011.788616;0.04190199
3012.27081;0.04200069
3012.753005;0.04207524
3013.2352;0.04215801
3013.717395;0.04224542
3014.199589;0.04231953
3014.681784;0.0423948
3015.163979;0.04247347
3015.646174;0.04253697
3016.128369;0.04259699
3016.610563;0.04268032
3017.092758;0.04277537
3017.574953;0.04284365
3018.057148;0.04287602
3018.539342;0.04290569
3019.021537;0.04294776
3019.503732;0.04297925
3019.985927;0.04300189
3020.468122;0.04304357
3020.950316;0.04310228
3021.432511;0.04315715
3021.914706;0.04319587
3022.396901;0.04322224
3022.879096;0.04326362
3023.36129;0.04332123
3023.843485;0.04335959
3024.32568;0.04337125
3024.807875;0.04336924
3025.290069;0.04336338
3025.772264;0.0433813
3026.254459;0.04343866
3026.736654;0.04349493
3027.218849;0.04351078
3027.701043;0.04350767
3028.183238;0.04351186
3028.665433;0.04352284
3029.147628;0.04354386
3029.629822;0.04357225
3030.112017;0.04358983
3030.594212;0.04359165
3031.076407;0.04358903
3031.558602;0.04358061
3032.040796;0.04355789
3032.522991;0.04352745
3033.005186;0.04350852
3033.487381;0.0435142
3033.969576;0.04353655
3034.45177;0.04355318
3034.933965;0.04354839
3035.41616;0.04353103
3035.898355;0.04351713
3036.380549;0.04351114
3036.862744;0.0435134
3037.344939;0.04351224
3037.827134;0.04349766
3038.309329;0.04347931
3038.791523;0.04345801
3039.273718;0.04342776
3039.755913;0.04340465
3040.238108;0.04340323
3040.720302;0.04340705
3041.202497;0.04339687
3041.684692;0.04338881
3042.166887;0.04340028
3042.649082;0.04340097
3043.131276;0.04337012
3043.613471;0.04332801
3044.095666;0.04328392
3044.577861;0.04325776
3045.060056;0.0432713
3045.54225;0.04329146
3046.024445;0.04328265
3046.50664;0.04325813
3046.988835;0.04324006
3047.471029;0.04322487
3047.953224;0.04320606
3048.435419;0.04319139
3048.917614;0.04318941
3049.399809;0.04319249
3049.882003;0.04317936
3050.364198;0.04316081
3050.846393;0.04316891
3051.328588;0.04320051
3051.810783;0.04322938
3052.292977;0.0432358
3052.775172;0.04322103
3053.257367;0.04320881
3053.739562;0.04321937
3054.221756;0.04324274
3054.703951;0.04325422
3055.186146;0.04325166
3055.668341;0.0432454
3056.150536;0.04324031
3056.63273;0.04323227
3057.114925;0.04321316
3057.59712;0.04320259
3058.079315;0.04322357
3058.561509;0.04325331
3059.043704;0.04326028
3059.525899;0.04324812
3060.008094;0.04324352
3060.490289;0.04326859
3060.972483;0.04330616
3061.454678;0.04331945
3061.936873;0.04331702
3062.419068;0.04332938
3062.901263;0.04335119
3063.383457;0.04335209
3063.865652;0.04332673
3064.347847;0.04331877
3064.830042;0.04335847
3065.312236;0.04341195
3065.794431;0.04343582
3066.276626;0.04343081
3066.758821;0.04341824
3067.241016;0.04341034
3067.72321;0.04341627
3068.205405;0.04342678
3068.6876;0.04342563
3069.169795;0.04343018
3069.651989;0.04345703
3070.134184;0.04349208
3070.616379;0.04351868
3071.098574;0.04353971
3071.580769;0.0435516
3072.062963;0.04352989
3072.545158;0.04350193
3073.027353;0.04352044
3073.509548;0.04355354
3073.991743;0.04354824
3074.473937;0.04351561
3074.956132;0.04349153
3075.438327;0.04349207
3075.920522;0.04350919
3076.402716;0.04353885
3076.884911;0.04357665
3077.367106;0.04359853
3077.849301;0.04359817
3078.331496;0.04359201
3078.81369;0.04358265
3079.295885;0.04356491
3079.77808;0.04354639
3080.260275;0.04354783
3080.742469;0.04357507
3081.224664;0.04359665
3081.706859;0.04358383
3082.189054;0.04355138
3082.671249;0.04352779
3083.153443;0.04351309
3083.635638;0.04350163
3084.117833;0.04350897
3084.600028;0.04353494
3085.082223;0.04355929
3085.564417;0.0435687
3086.046612;0.04355695
3086.528807;0.04354031
3087.011002;0.04354142
3087.493196;0.04355559
3087.975391;0.04356875
3088.457586;0.04356556
3088.939781;0.04353765
3089.421976;0.04351473
3089.90417;0.04353368
3090.386365;0.04356655
3090.86856;0.04356437
3091.350755;0.04355106
3091.83295;0.04356352
3092.315144;0.04357739
3092.797339;0.04357336
3093.279534;0.04356717
3093.761729;0.04355999
3094.243923;0.04354592
3094.726118;0.04353789
3095.208313;0.04354606
3095.690508;0.04356739
3096.172703;0.04358989
3096.654897;0.04359408
3097.137092;0.04358488
3097.619287;0.04359054
3098.101482;0.04361601
3098.583676;0.04364521
3099.065871;0.04365766
3099.548066;0.04364818
3100.030261;0.04364731
3100.512456;0.04366838
3100.99465;0.04368922
3101.476845;0.04369592
3101.95904;0.04369177
3102.441235;0.04369127
3102.92343;0.04370099
3103.405624;0.04370868
3103.887819;0.04370226
3104.370014;0.04369241
3104.852209;0.0437015
3105.334403;0.04371808
3105.816598;0.0437197
3106.298793;0.04371612
3106.780988;0.0437196
3107.263183;0.04373584
3107.745377;0.04376858
3108.227572;0.04379566
3108.709767;0.04379792
3109.191962;0.0437879
3109.674156;0.04378321
3110.156351;0.04380134
3110.638546;0.04383614
3111.120741;0.04384882
3111.602936;0.04384532
3112.08513;0.04386707
3112.567325;0.04390099
3113.04952;0.043909
3113.531715;0.04389986
3114.01391;0.0439017
3114.496104;0.04392895
3114.978299;0.04397381
3115.460494;0.04399351
3115.942689;0.04397892
3116.424883;0.04396426
3116.907078;0.04394479
3117.389273;0.04393266
3117.871468;0.04396414
3118.353663;0.04399386
3118.835857;0.04398328
3119.318052;0.04398419
3119.800247;0.04402009
3120.282442;0.04404642
3120.764637;0.04402819
3121.246831;0.04398751
3121.729026;0.04397706
3122.211221;0.04400648
3122.693416;0.04403563
3123.17561;0.04401696
3123.657805;0.04396065
3124.14;0.04394542
3124.622195;0.04398168
3125.10439;0.04400425
3125.586584;0.04400175
3126.068779;0.0439846
3126.550974;0.04394926
3127.033169;0.04393754
3127.515363;0.04398523
3127.997558;0.04404574
3128.479753;0.04405787
3128.961948;0.0440255
3129.444143;0.04399108
3129.926337;0.04398423
3130.408532;0.04399397
3130.890727;0.04398467
3131.372922;0.04397141
3131.855117;0.04399748
3132.337311;0.04402988
3132.819506;0.04401935
3133.301701;0.04399243
3133.783896;0.04398927
3134.26609;0.04401108
3134.748285;0.04403881
3135.23048;0.04405051
3135.712675;0.04405095
3136.19487;0.04407243
3136.677064;0.04410494
3137.159259;0.04410557
3137.641454;0.04407852
3138.123649;0.04405621
3138.605843;0.04406413
3139.088038;0.04410908
3139.570233;0.04416315
3140.052428;0.04420115
3140.534623;0.04422318
3141.016817;0.04423465
3141.499012;0.04424773
3141.981207;0.04427376
3142.463402;0.04429541
3142.945597;0.04429352
3143.427791;0.0442826
3143.909986;0.04428602
3144.392181;0.04431153
3144.874376;0.04434792
3145.35657;0.04437742
3145.838765;0.0443987
3146.32096;0.04442156
3146.803155;0.0444472
3147.28535;0.04448396
3147.767544;0.04455175
3148.249739;0.04462822
3148.731934;0.04466752
3149.214129;0.04468593
3149.696323;0.04472015
3150.178518;0.0447519
3150.660713;0.04476525
3151.142908;0.04479247
3151.625103;0.04485482
3152.107297;0.04492459
3152.589492;0.04497393
3153.071687;0.045017
3153.553882;0.04506819
3154.036077;0.04511276
3154.518271;0.04514011
3155.000466;0.04516171
3155.482661;0.04518903
3155.964856;0.04521144
3156.44705;0.04522911
3156.929245;0.04526157
3157.41144;0.04531194
3157.893635;0.04539088
3158.37583;0.0454905
3158.858024;0.04553889
3159.340219;0.04552032
3159.822414;0.04551836
3160.304609;0.04556614
3160.786804;0.04562068
3161.268998;0.04565423
3161.751193;0.04567148
3162.233388;0.04568612
3162.715583;0.04571408
3163.197777;0.04576509
3163.679972;0.0458095
3164.162167;0.04581544
3164.644362;0.04580624
3165.126557;0.04581003
3165.608751;0.04582912
3166.090946;0.04585619
3166.573141;0.04588559
3167.055336;0.04592478
3167.53753;0.04596373
3168.019725;0.04598594
3168.50192;0.04600533
3168.984115;0.04602809
3169.46631;0.04604746
3169.948504;0.04606478
3170.430699;0.04607273
3170.912894;0.0460709
3171.395089;0.04606773
3171.877284;0.0460681
3172.359478;0.04608074
3172.841673;0.04611086
3173.323868;0.04615479
3173.806063;0.04618915
3174.288257;0.04619479
3174.770452;0.04618103
3175.252647;0.04616493
3175.734842;0.04617108
3176.217037;0.04620572
3176.699231;0.04623891
3177.181426;0.04624518
3177.663621;0.04622665
3178.145816;0.04621238
3178.62801;0.0462319
3179.110205;0.04626621
3179.5924;0.04627265
3180.074595;0.04625859
3180.55679;0.04624821
3181.038984;0.04623995
3181.521179;0.04624928
3182.003374;0.04628289
3182.485569;0.0463061
3182.967764;0.04631202
3183.449958;0.0463313
3183.932153;0.04635574
3184.414348;0.04636209
3184.896543;0.04636095
3185.378737;0.04636233
3185.860932;0.04637423
3186.343127;0.04640437
3186.825322;0.04644195
3187.307517;0.04647348
3187.789711;0.04649393
3188.271906;0.04650899
3188.754101;0.046529
3189.236296;0.04655135
3189.71849;0.04656855
3190.200685;0.0465922
3190.68288;0.0466307
3191.165075;0.04666249
3191.64727;0.04667529
3192.129464;0.04669026
3192.611659;0.04672479
3193.093854;0.04676846
3193.576049;0.04680523
3194.058244;0.04683148
3194.540438;0.04685605
3195.022633;0.04689053
3195.504828;0.04693826
3195.987023;0.04699347
3196.469217;0.04703837
3196.951412;0.04707483
3197.433607;0.04712475
3197.915802;0.04717001
3198.397997;0.04719083
3198.880191;0.04721858
3199.362386;0.04726529
3199.844581;0.04731379
3200.326776;0.04737289
3200.808971;0.0474418
3201.291165;0.04751156
3201.77336;0.04759277
3202.255555;0.04766974
3202.73775;0.04771535
3203.219944;0.04774646
3203.702139;0.04781006
3204.184334;0.0479141
3204.666529;0.04801041
3205.148724;0.04806899
3205.630918;0.04811895
3206.113113;0.04819769
3206.595308;0.04828424
3207.077503;0.04834973
3207.559697;0.04841944
3208.041892;0.04849913
3208.524087;0.0485625
3209.006282;0.04861918
3209.488477;0.04869334
3209.970671;0.04878205
3210.452866;0.048873
3210.935061;0.04896624
3211.417256;0.04907366
3211.899451;0.04919591
3212.381645;0.04930997
3212.86384;0.04939878
3213.346035;0.04946592
3213.82823;0.04953255
3214.310424;0.04962326
3214.792619;0.04972469
3215.274814;0.0498031
3215.757009;0.04987412
3216.239204;0.04997763
3216.721398;0.05008839
3217.203593;0.05016821
3217.685788;0.05024834
3218.167983;0.0503525
3218.650177;0.05045189
3219.132372;0.05053553
3219.614567;0.05063202
3220.096762;0.0507443
3220.578957;0.05084684
3221.061151;0.05095294
3221.543346;0.05107103
3222.025541;0.051175
3222.507736;0.05127408
3222.989931;0.05138101
3223.472125;0.05148432
3223.95432;0.05159836
3224.436515;0.05172522
3224.91871;0.05183828
3225.400904;0.05193746
3225.883099;0.052031
3226.365294;0.05211538
3226.847489;0.05220484
3227.329684;0.05231537
3227.811878;0.0524422
3228.294073;0.05257484
3228.776268;0.05269757
3229.258463;0.05280874
3229.740657;0.05293084
3230.222852;0.05305783
3230.705047;0.05317144
3231.187242;0.05328127
3231.669437;0.05338734
3232.151631;0.05348106
3232.633826;0.05356861
3233.116021;0.05365913
3233.598216;0.05376403
3234.080411;0.0538857
3234.562605;0.05400669
3235.0448;0.05412748
3235.526995;0.05426215
3236.00919;0.05438829
3236.491384;0.05449094
3236.973579;0.05459401
3237.455774;0.05470849
3237.937969;0.05484308
3238.420164;0.0549903
3238.902358;0.05509801
3239.384553;0.05517459
3239.866748;0.05528769
3240.348943;0.05543673
3240.831138;0.0555836
3241.313332;0.05571251
3241.795527;0.05581935
3242.277722;0.05591729
3242.759917;0.05601256
3243.242111;0.05610371
3243.724306;0.05621477
3244.206501;0.0563671
3244.688696;0.05652804
3245.170891;0.05665399
3245.653085;0.05675897
3246.13528;0.05687194
3246.617475;0.0569896
3247.09967;0.05710741
3247.581864;0.05724103
3248.064059;0.05738645
3248.546254;0.05751472
3249.028449;0.05763169
3249.510644;0.05775272
3249.992838;0.05786921
3250.475033;0.05798859
3250.957228;0.05811732
3251.439423;0.05824225
3251.921618;0.05837464
3252.403812;0.05852985
3252.886007;0.05867512
3253.368202;0.05878284
3253.850397;0.05887828
3254.332591;0.05899187
3254.814786;0.0591278
3255.296981;0.05927168
3255.779176;0.0594051
3256.261371;0.05952857
3256.743565;0.05965332
3257.22576;0.05977367
3257.707955;0.05989676
3258.19015;0.06004542
3258.672344;0.06020286
3259.154539;0.06033399
3259.636734;0.06044089
3260.118929;0.06055742
3260.601124;0.06070105
3261.083318;0.06084691
3261.565513;0.06097841
3262.047708;0.06110669
3262.529903;0.06123227
3263.012098;0.06137005
3263.494292;0.06153843
3263.976487;0.06170485
3264.458682;0.06185835
3264.940877;0.06201679
3265.423071;0.0621463
3265.905266;0.06225136
3266.387461;0.06240459
3266.869656;0.06259792
3267.351851;0.06276119
3267.834045;0.0628984
3268.31624;0.06304751
3268.798435;0.06319941
3269.28063;0.06334295
3269.762824;0.06349883
3270.245019;0.0636768
3270.727214;0.06385076
3271.209409;0.06401925
3271.691604;0.06420895
3272.173798;0.06439679
3272.655993;0.06455235
3273.138188;0.06469683
3273.620383;0.06485233
3274.102578;0.06501509
3274.584772;0.06518361
3275.066967;0.06537056
3275.549162;0.06557571
3276.031357;0.06576402
3276.513551;0.06591009
3276.995746;0.06604737
3277.477941;0.06621248
3277.960136;0.06639153
3278.442331;0.06655829
3278.924525;0.06671179
3279.40672;0.06687669
3279.888915;0.06707226
3280.37111;0.06728543
3280.853305;0.06748933
3281.335499;0.06767613
3281.817694;0.06785777
3282.299889;0.06802965
3282.782084;0.06817984
3283.264278;0.06833751
3283.746473;0.06852259
3284.228668;0.06870601
3284.710863;0.06889334
3285.193058;0.0691052
3285.675252;0.0693097
3286.157447;0.06948987
3286.639642;0.06966525
3287.121837;0.06984866
3287.604031;0.07003891
3288.086226;0.0702324
3288.568421;0.07043429
3289.050616;0.07063174
3289.532811;0.07080138
3290.015005;0.07096185
3290.4972;0.07114717
3290.979395;0.07136216
3291.46159;0.07158916
3291.943785;0.07179625
3292.425979;0.07197379
3292.908174;0.07214893
3293.390369;0.07234663
3293.872564;0.07257602
3294.354758;0.07281658
3294.836953;0.07303076
3295.319148;0.07320258
3295.801343;0.07335664
3296.283538;0.07354061
3296.765732;0.07374906
3297.247927;0.07394399
3297.730122;0.07414581
3298.212317;0.07439023
3298.694511;0.07464997
3299.176706;0.07488176
3299.658901;0.07509701
3300.141096;0.07531974
3300.623291;0.07553276
3301.105485;0.07572303
3301.58768;0.07593207
3302.069875;0.07618593
3302.55207;0.07643273
3303.034265;0.07663733
3303.516459;0.07682873
3303.998654;0.0770394
3304.480849;0.07728367
3304.963044;0.07754967
3305.445238;0.07780757
3305.927433;0.07805027
3306.409628;0.0782906
3306.891823;0.07853654
3307.374018;0.07878952
3307.856212;0.07902796
3308.338407;0.07922982
3308.820602;0.0794192
3309.302797;0.07963315
3309.784991;0.07987556
3310.267186;0.08012418
3310.749381;0.08034974
3311.231576;0.08054065
3311.713771;0.08073591
3312.195965;0.08099227
3312.67816;0.08130296
3313.160355;0.08160445
3313.64255;0.08185297
3314.124745;0.08206351
3314.606939;0.08227891
3315.089134;0.08251621
3315.571329;0.08275342
3316.053524;0.08297765
3316.535718;0.08321169
3317.017913;0.08346596
3317.500108;0.08372393
3317.982303;0.08396114
3318.464498;0.08417236
3318.946692;0.08438782
3319.428887;0.08462036
3319.911082;0.08486483
3320.393277;0.08512177
3320.875472;0.08536891
3321.357666;0.08558781
3321.839861;0.08579677
3322.322056;0.08602134
3322.804251;0.08626565
3323.286445;0.08651457
3323.76864;0.08675934
3324.250835;0.0870043
3324.73303;0.08723175
3325.215225;0.08743456
3325.697419;0.08764824
3326.179614;0.08786702
3326.661809;0.08806178
3327.144004;0.08825683
3327.626198;0.08847039
3328.108393;0.088684
3328.590588;0.08888951
3329.072783;0.08910784
3329.554978;0.08935566
3330.037172;0.08960353
3330.519367;0.08981792
3331.001562;0.09001277
3331.483757;0.09020977
3331.965952;0.09040509
3332.448146;0.09059864
3332.930341;0.09080028
3333.412536;0.09100698
3333.894731;0.09121671
3334.376925;0.09143968
3334.85912;0.09167171
3335.341315;0.09188817
3335.82351;0.09208491
3336.305705;0.09228715
3336.787899;0.09248979
3337.270094;0.09267561
3337.752289;0.09287094
3338.234484;0.09308814
3338.716678;0.09330682
3339.198873;0.09351961
3339.681068;0.09372878
3340.163263;0.09393078
3340.645458;0.09412196
3341.127652;0.09431994
3341.609847;0.09452999
3342.092042;0.0947314
3342.574237;0.09493104
3343.056432;0.09513574
3343.538626;0.0953318
3344.020821;0.09552497
3344.503016;0.09573391
3344.985211;0.0959595
3345.467405;0.09618813
3345.9496;0.0964183
3346.431795;0.09665427
3346.91399;0.09687968
3347.396185;0.09707031
3347.878379;0.09725103
3348.360574;0.09747221
3348.842769;0.09771527
3349.324964;0.09794886
3349.807158;0.09819388
3350.289353;0.09844854
3350.771548;0.09869245
3351.253743;0.09892806
3351.735938;0.099158
3352.218132;0.09938882
3352.700327;0.09961124
3353.182522;0.09980486
3353.664717;0.10000069
3354.146912;0.10023326
3354.629106;0.1004817
3355.111301;0.10071804
3355.593496;0.10094194
3356.075691;0.10116143
3356.557885;0.10137168
3357.04008;0.10158695
3357.522275;0.10184205
3358.00447;0.10212032
3358.486665;0.10237639
3358.968859;0.10261298
3359.451054;0.10284874
3359.933249;0.10306191
3360.415444;0.10324427
3360.897639;0.1034456
3361.379833;0.10367829
3361.862028;0.10389531
3362.344223;0.10408887
3362.826418;0.10428674
3363.308612;0.10451581
3363.790807;0.10478123
3364.273002;0.10503658
3364.755197;0.10526117
3365.237392;0.10549216
3365.719586;0.105735
3366.201781;0.10596338
3366.683976;0.10617489
3367.166171;0.10638189
3367.648365;0.10659324
3368.13056;0.10680594
3368.612755;0.10700538
3369.09495;0.1072005
3369.577145;0.10742007
3370.059339;0.10765298
3370.541534;0.1078618
3371.023729;0.10805272
3371.505924;0.1082605
3371.988119;0.10848703
3372.470313;0.10872236
3372.952508;0.10896654
3373.434703;0.1092006
3373.916898;0.10940759
3374.399092;0.1096063
3374.881287;0.10983189
3375.363482;0.11008441
3375.845677;0.11032667
3376.327872;0.11054073
3376.810066;0.11072809
3377.292261;0.11090661
3377.774456;0.11111191
3378.256651;0.11133322
3378.738845;0.11153664
3379.22104;0.1117383
3379.703235;0.11196203
3380.18543;0.11218505
3380.667625;0.11237431
3381.149819;0.11254998
3381.632014;0.11275993
3382.114209;0.11299327
3382.596404;0.11320166
3383.078599;0.11337543
3383.560793;0.11353993
3384.042988;0.11372617
3384.525183;0.11393561
3385.007378;0.11412579
3385.489572;0.11428519
3385.971767;0.11446053
3386.453962;0.11466457
3386.936157;0.11484785
3387.418352;0.11499723
3387.900546;0.11516031
3388.382741;0.11534274
3388.864936;0.11550703
3389.347131;0.11565294
3389.829325;0.11580232
3390.31152;0.1159585
3390.793715;0.11611227
3391.27591;0.11627068
3391.758105;0.11644248
3392.240299;0.11660911
3392.722494;0.11676484
3393.204689;0.11691906
3393.686884;0.1170708
3394.169079;0.11721555
3394.651273;0.11733689
3395.133468;0.11743253
3395.615663;0.11753219
3396.097858;0.11765581
3396.580052;0.11779403
3397.062247;0.11791688
3397.544442;0.11799727
3398.026637;0.11805984
3398.508832;0.11814925
3398.991026;0.1182567
3399.473221;0.11836717
3399.955416;0.11847711
3400.437611;0.11855555
3400.919806;0.11860236
3401.402;0.11866322
3401.884195;0.11875012
3402.36639;0.11882899
3402.848585;0.11888416
3403.330779;0.11892857
3403.812974;0.11897408
3404.295169;0.11902546
3404.777364;0.11908101
3405.259559;0.11915254
3405.741753;0.1192386
3406.223948;0.11931127
3406.706143;0.1193694
3407.188338;0.11942372
3407.670532;0.11947987
3408.152727;0.1195483
3408.634922;0.11961609
3409.117117;0.11965782
3409.599312;0.1196923
3410.081506;0.11975567
3410.563701;0.11983274
3411.045896;0.11990747
3411.528091;0.11998817
3412.010286;0.12005091
3412.49248;0.12008355
3412.974675;0.12011987
3413.45687;0.12017385
3413.939065;0.12022364
3414.421259;0.12025855
3414.903454;0.12029038
3415.385649;0.12033174
3415.867844;0.12038076
3416.350039;0.12042812
3416.832233;0.12047213
3417.314428;0.12050593
3417.796623;0.12052657
3418.278818;0.12055376
3418.761012;0.12060568
3419.243207;0.12067094
3419.725402;0.12071004
3420.207597;0.12071749
3420.689792;0.12073816
3421.171986;0.12077965
3421.654181;0.12080914
3422.136376;0.12083156
3422.618571;0.12087477
3423.100766;0.12093256
3423.58296;0.12098157
3424.065155;0.12101057
3424.54735;0.12102108
3425.029545;0.12103364
3425.511739;0.12106815
3425.993934;0.12111574
3426.476129;0.12114911
3426.958324;0.12116574
3427.440519;0.12118459
3427.922713;0.12119354
3428.404908;0.1211831
3428.887103;0.12117577
3429.369298;0.12118396
3429.851492;0.12120454
3430.333687;0.12121837
3430.815882;0.12121034
3431.298077;0.12119595
3431.780272;0.12119022
3432.262466;0.12119371
3432.744661;0.12120131
3433.226856;0.12120607
3433.709051;0.12120213
3434.191246;0.12118709
3434.67344;0.12117492
3435.155635;0.12117277
3435.63783;0.12117035
3436.120025;0.12116674
3436.602219;0.1211413
3437.084414;0.12107546
3437.566609;0.12101553
3438.048804;0.12099792
3438.530999;0.12099334
3439.013193;0.12097091
3439.495388;0.12092962
3439.977583;0.1208785
3440.459778;0.12081797
3440.941973;0.12075084
3441.424167;0.12069239
3441.906362;0.1206383
3442.388557;0.12058529
3442.870752;0.12056294
3443.352946;0.12055484
3443.835141;0.12049805
3444.317336;0.1204122
3444.799531;0.1203676
3445.281726;0.12034572
3445.76392;0.120282
3446.246115;0.12018668
3446.72831;0.1201055
3447.210505;0.12004253
3447.692699;0.11998395
3448.174894;0.11991177
3448.657089;0.1198177
3449.139284;0.11973502
3449.621479;0.1196934
3450.103673;0.11966792
3450.585868;0.11961026
3451.068063;0.11951848
3451.550258;0.11942824
3452.032453;0.11933639
3452.514647;0.11923572
3452.996842;0.11915082
3453.479037;0.11908013
3453.961232;0.11900502
3454.443426;0.11891542
3454.925621;0.11880434
3455.407816;0.11867901
3455.890011;0.11855296
3456.372206;0.11843897
3456.8544;0.1183448
3457.336595;0.11826183
3457.81879;0.11816633
3458.300985;0.11804467
3458.783179;0.11791348
3459.265374;0.11779196
3459.747569;0.11767744
3460.229764;0.11755834
3460.711959;0.11743376
3461.194153;0.11730991
3461.676348;0.11718242
3462.158543;0.11704935
3462.640738;0.11691816
3463.122933;0.11678945
3463.605127;0.11666236
3464.087322;0.11653538
3464.569517;0.11640134
3465.051712;0.11626954
3465.533906;0.11615529
3466.016101;0.11604434
3466.498296;0.11591642
3466.980491;0.11576899
3467.462686;0.11561006
3467.94488;0.11545812
3468.427075;0.11532273
3468.90927;0.11519103
3469.391465;0.11503578
3469.873659;0.11483681
3470.355854;0.11462922
3470.838049;0.11446865
3471.320244;0.1143374
3471.802439;0.1141907
3472.284633;0.1140358
3472.766828;0.11388726
3473.249023;0.1137412
3473.731218;0.11359919
3474.213413;0.11345572
3474.695607;0.11330356
3475.177802;0.11314952
3475.659997;0.11298317
3476.142192;0.11279343
3476.624386;0.11260944
3477.106581;0.11244548
3477.588776;0.11229157
3478.070971;0.1121545
3478.553166;0.11202158
3479.03536;0.11186155
3479.517555;0.11166989
3479.99975;0.1114665
3480.481945;0.11127087
3480.96414;0.11109406
3481.446334;0.11093105
3481.928529;0.11075707
3482.410724;0.11057398
3482.892919;0.11040318
3483.375113;0.1102303
3483.857308;0.11004671
3484.339503;0.10986912
3484.821698;0.1097036
3485.303893;0.10954403
3485.786087;0.10936455
3486.268282;0.10915931
3486.750477;0.10896146
3487.232672;0.1087724
3487.714866;0.10857777
3488.197061;0.10838935
3488.679256;0.10821145
3489.161451;0.10803816
3489.643646;0.1078599
3490.12584;0.10766377
3490.608035;0.10744781
3491.09023;0.10721395
3491.572425;0.10697395
3492.05462;0.10675245
3492.536814;0.10655539
3493.019009;0.10636757
3493.501204;0.10617499
3493.983399;0.10596041
3494.465593;0.10571618
3494.947788;0.10546999
3495.429983;0.10525198
3495.912178;0.10504778
3496.394373;0.10483094
3496.876567;0.1046056
3497.358762;0.10438102
3497.840957;0.10414973
3498.323152;0.10390543
3498.805346;0.10365761
3499.287541;0.1034158
3499.769736;0.10318065
3500.251931;0.10295356
3500.734126;0.10272942
3501.21632;0.10250736
3501.698515;0.10229525
3502.18071;0.10207875
3502.662905;0.10182709
3503.1451;0.10154661
3503.627294;0.10129345
3504.109489;0.10109387
3504.591684;0.10090441
3505.073879;0.10068028
3505.556073;0.10042246
3506.038268;0.10015364
3506.520463;0.09989005
3507.002658;0.09964094
3507.484853;0.09941275
3507.967047;0.09920526
3508.449242;0.0989987
3508.931437;0.09876431
3509.413632;0.09850755
3509.895826;0.09826285
3510.378021;0.09805121
3510.860216;0.0978608
3511.342411;0.09765293
3511.824606;0.09740553
3512.3068;0.09714644
3512.788995;0.09691375
3513.27119;0.0967011
3513.753385;0.09647301
3514.23558;0.09623042
3514.717774;0.09600702
3515.199969;0.0957986
3515.682164;0.09557387
3516.164359;0.09533437
3516.646553;0.09510477
3517.128748;0.09488984
3517.610943;0.09467321
3518.093138;0.09444688
3518.575333;0.09421352
3519.057527;0.09397694
3519.539722;0.0937571
3520.021917;0.09356792
3520.504112;0.09337765
3520.986307;0.09315497
3521.468501;0.09292719
3521.950696;0.09273447
3522.432891;0.09255368
3522.915086;0.0923383
3523.39728;0.09209835
3523.879475;0.0918631
3524.36167;0.09164721
3524.843865;0.09144907
3525.32606;0.09123764
3525.808254;0.09101891
3526.290449;0.09081688
3526.772644;0.09060538
3527.254839;0.09038559
3527.737033;0.09019873
3528.219228;0.09003092
3528.701423;0.08983634
3529.183618;0.08962748
3529.665813;0.08942819
3530.148007;0.08921603
3530.630202;0.08900899
3531.112397;0.08885297
3531.594592;0.08872107
3532.076787;0.08856266
3532.558981;0.08837998
3533.041176;0.08819659
3533.523371;0.08801556
3534.005566;0.08782422
3534.48776;0.08762366
3534.969955;0.08743491
3535.45215;0.08725634
3535.934345;0.08706374
3536.41654;0.08685998
3536.898734;0.08667386
3537.380929;0.08651254
3537.863124;0.08634669
3538.345319;0.08615752
3538.827513;0.08596576
3539.309708;0.0858087
3539.791903;0.0856887
3540.274098;0.08555239
3540.756293;0.08537983
3541.238487;0.08521264
3541.720682;0.08505196
3542.202877;0.08487035
3542.685072;0.08468539
3543.167267;0.08450699
3543.649461;0.08432691
3544.131656;0.0841682
3544.613851;0.08402326
3545.096046;0.08385805
3545.57824;0.08368845
3546.060435;0.08352429
3546.54263;0.08334392
3547.024825;0.08314954
3547.50702;0.08296611
3547.989214;0.08281581
3548.471409;0.08268821
3548.953604;0.08254436
3549.435799;0.08237004
3549.917993;0.08218921
3550.400188;0.08202756
3550.882383;0.08188532
3551.364578;0.08173914
3551.846773;0.08156211
3552.328967;0.08136211
3552.811162;0.08118109
3553.293357;0.0810298
3553.775552;0.08088124
3554.257747;0.08072057
3554.739941;0.08055051
3555.222136;0.08037127
3555.704331;0.08018655
3556.186526;0.08001047
3556.66872;0.0798387
3557.150915;0.07965357
3557.63311;0.07945845
3558.115305;0.07927015
3558.5975;0.07910088
3559.079694;0.07894036
3559.561889;0.07875657
3560.044084;0.07853694
3560.526279;0.07832091
3561.008474;0.07815215
3561.490668;0.07800587
3561.972863;0.07783576
3562.455058;0.07764765
3562.937253;0.07746945
3563.419447;0.07730233
3563.901642;0.07712497
3564.383837;0.07693359
3564.866032;0.07675093
3565.348227;0.07658225
3565.830421;0.07640449
3566.312616;0.07620917
3566.794811;0.07601776
3567.277006;0.07585094
3567.7592;0.0757003
3568.241395;0.07554262
3568.72359;0.07537257
3569.205785;0.07519917
3569.68798;0.07502711
3570.170174;0.07484996
3570.652369;0.07466209
3571.134564;0.0744755
3571.616759;0.07430231
3572.098954;0.07414773
3572.581148;0.07401377
3573.063343;0.07387038
3573.545538;0.07368235
3574.027733;0.07347962
3574.509927;0.07331652
3574.992122;0.07317887
3575.474317;0.07301889
3575.956512;0.07282895
3576.438707;0.07262757
3576.920901;0.07244912
3577.403096;0.07231833
3577.885291;0.07220048
3578.367486;0.0720534
3578.84968;0.07188816
3579.331875;0.07172696
3579.81407;0.07156636
3580.296265;0.07140792
3580.77846;0.07126419
3581.260654;0.07112559
3581.742849;0.070984
3582.225044;0.07084292
3582.707239;0.07068346
3583.189434;0.07050146
3583.671628;0.07033763
3584.153823;0.0702089
3584.636018;0.07007926
3585.118213;0.06993076
3585.600407;0.06978991
3586.082602;0.06966789
3586.564797;0.06954388
3587.046992;0.06940905
3587.529187;0.06926391
3588.011381;0.06910548
3588.493576;0.06895423
3588.975771;0.06882721
3589.457966;0.06871939
3589.94016;0.06862216
3590.422355;0.06851647
3590.90455;0.06839891
3591.386745;0.06828123
3591.86894;0.06815717
3592.351134;0.0680161
3592.833329;0.06785762
3593.315524;0.06770124
3593.797719;0.06757733
3594.279914;0.06747788
3594.762108;0.06735189
3595.244303;0.06719239
3595.726498;0.06705499
3596.208693;0.06695578
3596.690887;0.06685573
3597.173082;0.0667378
3597.655277;0.06662264
3598.137472;0.06652138
3598.619667;0.06641087
3599.101861;0.06628414
3599.584056;0.06616915
3600.066251;0.06606238
3600.548446;0.06594124
3601.030641;0.0658232
3601.512835;0.06571642
3601.99503;0.06560027
3602.477225;0.06547962
3602.95942;0.06537329
3603.441614;0.06526977
3603.923809;0.06515127
3604.406004;0.06503395
3604.888199;0.06492086
3605.370394;0.06479007
3605.852588;0.06465298
3606.334783;0.0645343
3606.816978;0.06442986
3607.299173;0.06432015
3607.781367;0.06419929
3608.263562;0.06407872
3608.745757;0.06396225
3609.227952;0.06383891
3609.710147;0.06372382
3610.192341;0.06365083
3610.674536;0.06358987
3611.156731;0.06348385
3611.638926;0.0633356
3612.121121;0.0631847
3612.603315;0.06306193
3613.08551;0.06296466
3613.567705;0.06286285
3614.0499;0.06273355
3614.532094;0.06259064
3615.014289;0.06246943
3615.496484;0.06237384
3615.978679;0.06228846
3616.460874;0.06219583
3616.943068;0.06207601
3617.425263;0.06194591
3617.907458;0.06183872
3618.389653;0.06174717
3618.871847;0.06164817
3619.354042;0.06154345
3619.836237;0.06143665
3620.318432;0.06132067
3620.800627;0.06120334
3621.282821;0.06109504
3621.765016;0.06098181
3622.247211;0.06085347
3622.729406;0.06073044
3623.211601;0.06062368
3623.693795;0.06052336
3624.17599;0.06043261
3624.658185;0.06034652
3625.14038;0.06024193
3625.622574;0.0601121
3626.104769;0.05997792
3626.586964;0.05985837
3627.069159;0.05974023
3627.551354;0.05961794
3628.033548;0.05950395
3628.515743;0.05938834
3628.997938;0.0592636
3629.480133;0.0591425
3629.962327;0.05904361
3630.444522;0.05896692
3630.926717;0.05888675
3631.408912;0.05879539
3631.891107;0.0586966
3632.373301;0.05858942
3632.855496;0.05850172
3633.337691;0.05845125
3633.819886;0.05838177
3634.302081;0.05825964
3634.784275;0.05815067
3635.26647;0.05808816
3635.748665;0.05802909
3636.23086;0.05794979
3636.713054;0.0578669
3637.195249;0.0577997
3637.677444;0.05773157
3638.159639;0.05764603
3638.641834;0.0575659
3639.124028;0.05749001
3639.606223;0.05739112
3640.088418;0.05728252
3640.570613;0.05719535
3641.052808;0.05712634
3641.535002;0.05705987
3642.017197;0.05700507
3642.499392;0.05696169
3642.981587;0.0569015
3643.463781;0.05683061
3643.945976;0.0567708
3644.428171;0.05669306
3644.910366;0.05658697
3645.392561;0.05650288
3645.874755;0.05645594
3646.35695;0.05639444
3646.839145;0.05630203
3647.32134;0.05623017
3647.803534;0.05618937
3648.285729;0.05613842
3648.767924;0.05607453
3649.250119;0.05601567
3649.732314;0.05595989
3650.214508;0.05590011
3650.696703;0.05583271
3651.178898;0.05576732
3651.661093;0.05571559
3652.143288;0.05566447
3652.625482;0.05560352
3653.107677;0.05554668
3653.589872;0.05549901
3654.072067;0.05545047
3654.554261;0.05539765
3655.036456;0.05533522
3655.518651;0.05526324
3656.000846;0.05520219
3656.483041;0.05515153
3656.965235;0.05508711
3657.44743;0.05501727
3657.929625;0.05496266
3658.41182;0.05490865
3658.894014;0.0548419
3659.376209;0.05478467
3659.858404;0.05473764
3660.340599;0.05467489
3660.822794;0.05460679
3661.304988;0.05454882
3661.787183;0.05449779
3662.269378;0.0544573
3662.751573;0.05441656
3663.233768;0.05435587
3663.715962;0.05428367
3664.198157;0.05422563
3664.680352;0.05417982
3665.162547;0.05412527
3665.644741;0.05405868
3666.126936;0.05398592
3666.609131;0.05391251
3667.091326;0.05383663
3667.573521;0.05376749
3668.055715;0.05373373
3668.53791;0.05372619
3669.020105;0.05370441
3669.5023;0.0536535
3669.984494;0.05358114
3670.466689;0.05349728
3670.948884;0.05342137
3671.431079;0.0533735
3671.913274;0.0533404
3672.395468;0.05329394
3672.877663;0.05323474
3673.359858;0.05318597
3673.842053;0.05315213
3674.324248;0.05309891
3674.806442;0.05300682
3675.288637;0.05292274
3675.770832;0.05288538
3676.253027;0.0528644
3676.735221;0.05283656
3677.217416;0.05279981
3677.699611;0.05274484
3678.181806;0.05269226
3678.664001;0.05265726
3679.146195;0.05261994
3679.62839;0.0525796
3680.110585;0.05255105
3680.59278;0.05252401
3681.074975;0.05248227
3681.557169;0.05244235
3682.039364;0.05242018
3682.521559;0.05239032
3683.003754;0.05234636
3683.485948;0.05231776
3683.968143;0.05229642
3684.450338;0.05226035
3684.932533;0.05222221
3685.414728;0.05219311
3685.896922;0.0521659
3686.379117;0.05213368
3686.861312;0.05209446
3687.343507;0.05204358
3687.825701;0.05200001
3688.307896;0.05199219
3688.790091;0.05199276
3689.272286;0.05196906
3689.754481;0.05193726
3690.236675;0.05191294
3690.71887;0.05189162
3691.201065;0.05186855
3691.68326;0.05184029
3692.165455;0.05180767
3692.647649;0.05178756
3693.129844;0.05178648
3693.612039;0.05178465
3694.094234;0.05176053
3694.576428;0.05171838
3695.058623;0.05169053
3695.540818;0.05168174
3696.023013;0.05166164
3696.505208;0.05163216
3696.987402;0.05163185
3697.469597;0.05165607
3697.951792;0.05164949
3698.433987;0.05161184
3698.916181;0.05158493
3699.398376;0.05156359
3699.880571;0.05154178
3700.362766;0.05153501
3700.844961;0.05153564
3701.327155;0.05154242
3701.80935;0.05155208
3702.291545;0.05154084
3702.77374;0.05152578
3703.255935;0.05153187
3703.738129;0.05154493
3704.220324;0.05155135
3704.702519;0.05154005
3705.184714;0.05151119
3705.666908;0.0514942
3706.149103;0.0514917
3706.631298;0.05146411
3707.113493;0.05142988
3707.595688;0.05144238
3708.077882;0.0514768
3708.560077;0.05148552
3709.042272;0.05146218
3709.524467;0.05142477
3710.006661;0.05140717
3710.488856;0.05142615
3710.971051;0.05145862
3711.453246;0.0514678
3711.935441;0.05145645
3712.417635;0.0514612
3712.89983;0.05147713
3713.382025;0.05147659
3713.86422;0.05148165
3714.346415;0.05150736
3714.828609;0.05152231
3715.310804;0.05151548
3715.792999;0.05150008
3716.275194;0.05149715
3716.757388;0.05152272
3717.239583;0.051551
3717.721778;0.05156314
3718.203973;0.05158389
3718.686168;0.05160458
3719.168362;0.05158871
3719.650557;0.05156545
3720.132752;0.05157133
3720.614947;0.0515818
3721.097142;0.05158194
3721.579336;0.05158491
3722.061531;0.05159577
3722.543726;0.05160636
3723.025921;0.05161497
3723.508115;0.05163065
3723.99031;0.05164525
3724.472505;0.05164967
3724.9547;0.05165485
3725.436895;0.05167252
3725.919089;0.05170247
3726.401284;0.05171826
3726.883479;0.05169925
3727.365674;0.05168769
3727.847868;0.05172022
3728.330063;0.05176021
3728.812258;0.05178046
3729.294453;0.05179818
3729.776648;0.05181796
3730.258842;0.05183302
3730.741037;0.05184409
3731.223232;0.05184939
3731.705427;0.05185298
3732.187622;0.05186222
3732.669816;0.05187343
3733.152011;0.05188185
3733.634206;0.05188497
3734.116401;0.0518834
3734.598595;0.05188317
3735.08079;0.05189159
3735.562985;0.05190403
3736.04518;0.05191091
3736.527375;0.05193062
3737.009569;0.05196305
3737.491764;0.05197082
3737.973959;0.05195872
3738.456154;0.05196266
3738.938348;0.05198796
3739.420543;0.0520146
3739.902738;0.05203661
3740.384933;0.05206484
3740.867128;0.05209082
3741.349322;0.05210017
3741.831517;0.05209873
3742.313712;0.0520961
3742.795907;0.05209145
3743.278102;0.05208812
3743.760296;0.05209677
3744.242491;0.05209928
3744.724686;0.05207756
3745.206881;0.05207226
3745.689075;0.05211211
3746.17127;0.05215961
3746.653465;0.05218073
3747.13566;0.0521795
3747.617855;0.05217727
3748.100049;0.05219747
3748.582244;0.05223975
3749.064439;0.05227266
3749.546634;0.05228016
3750.028829;0.05228223
3750.511023;0.05228663
3750.993218;0.05228429
3751.475413;0.05229179
3751.957608;0.05230997
3752.439802;0.0523103
3752.921997;0.05230978
3753.404192;0.05232986
3753.886387;0.05235032
3754.368582;0.05237349
3754.850776;0.05240231
3755.332971;0.05240872
3755.815166;0.05238376
3756.297361;0.05235549
3756.779555;0.05235516
3757.26175;0.05237797
3757.743945;0.05240728
3758.22614;0.05244142
3758.708335;0.05246506
3759.190529;0.05245854
3759.672724;0.05243545
3760.154919;0.05243278
3760.637114;0.05245071
3761.119309;0.05246566
3761.601503;0.05249165
3762.083698;0.05253052
3762.565893;0.05255863
3763.048088;0.05257947
3763.530282;0.0525872
3764.012477;0.05257374
3764.494672;0.05257161
3764.976867;0.0525979
3765.459062;0.05262713
3765.941256;0.05264563
3766.423451;0.05266947
3766.905646;0.05270452
3767.387841;0.05273885
3767.870035;0.05276735
3768.35223;0.05279264
3768.834425;0.0528185
3769.31662;0.05284495
3769.798815;0.0528822
3770.281009;0.05293713
3770.763204;0.05298273
3771.245399;0.05300793
3771.727594;0.05303459
3772.209789;0.05306036
3772.691983;0.05307354
3773.174178;0.05310033
3773.656373;0.05314582
3774.138568;0.05316559
3774.620762;0.0531707
3775.102957;0.05319967
3775.585152;0.05323986
3776.067347;0.05328967
3776.549542;0.05334342
3777.031736;0.0533753
3777.513931;0.05339074
3777.996126;0.05339785
3778.478321;0.05340832
3778.960515;0.05343913
3779.44271;0.05346581
3779.924905;0.05347362
3780.4071;0.05349302
3780.889295;0.05353408
3781.371489;0.05357781
3781.853684;0.05360407
3782.335879;0.05361617
3782.818074;0.05365045
3783.300269;0.05369702
3783.782463;0.05370452
3784.264658;0.05369177
3784.746853;0.05371099
3785.229048;0.05375496
3785.711242;0.05378922
3786.193437;0.05380687
3786.675632;0.05381484
3787.157827;0.05381072
3787.640022;0.05380305
3788.122216;0.05381756
3788.604411;0.05385284
3789.086606;0.05387384
3789.568801;0.0538766
3790.050996;0.0538955
3790.53319;0.05392914
3791.015385;0.05395805
3791.49758;0.05399367
3791.979775;0.05402352
3792.461969;0.05402603
3792.944164;0.05403146
3793.426359;0.05406579
3793.908554;0.05411571
3794.390749;0.05415577
3794.872943;0.05417486
3795.355138;0.05418657
3795.837333;0.05419318
3796.319528;0.05419431
3796.801722;0.05421006
3797.283917;0.05424194
3797.766112;0.05427566
3798.248307;0.05430632
3798.730502;0.05433019
3799.212696;0.05434931
3799.694891;0.0543731
3800.177086;0.05439587
3800.659281;0.05440478
3801.141476;0.05442418
3801.62367;0.05448025
3802.105865;0.05453708
3802.58806;0.05455237
3803.070255;0.05454309
3803.552449;0.05455354
3804.034644;0.05459787
3804.516839;0.05464526
3804.999034;0.05466346
3805.481229;0.05466067
3805.963423;0.05466809
3806.445618;0.05470069
3806.927813;0.05475152
3807.410008;0.05479879
3807.892202;0.05482518
3808.374397;0.05484633
3808.856592;0.05488285
3809.338787;0.05491665
3809.820982;0.05492559
3810.303176;0.05492939
3810.785371;0.05494355
3811.267566;0.0549479
3811.749761;0.0549535
3812.231956;0.05498738
3812.71415;0.05502401
3813.196345;0.05504647
3813.67854;0.0550851
3814.160735;0.05515192
3814.642929;0.05521422
3815.125124;0.05524114
3815.607319;0.05523185
3816.089514;0.05520733
3816.571709;0.05521317
3817.053903;0.05526749
3817.536098;0.05533619
3818.018293;0.05539515
3818.500488;0.05542733
3818.982682;0.05543261
3819.464877;0.05543884
3819.947072;0.05545357
3820.429267;0.05547573
3820.911462;0.0555054
3821.393656;0.0555479
3821.875851;0.05561663
3822.358046;0.05568245
3822.840241;0.05570837
3823.322436;0.05572413
3823.80463;0.05576881
3824.286825;0.05581864
3824.76902;0.05584471
3825.251215;0.05585932
3825.733409;0.05588212
3826.215604;0.05592081
3826.697799;0.05594757
3827.179994;0.05594819
3827.662189;0.05596571
3828.144383;0.05600576
3828.626578;0.0560439
3829.108773;0.05608802
3829.590968;0.05612914
3830.073163;0.05615421
3830.555357;0.05618506
3831.037552;0.0562291
3831.519747;0.05627198
3832.001942;0.05631637
3832.484136;0.0563562
3832.966331;0.05636945
3833.448526;0.05637335
3833.930721;0.05641101
3834.412916;0.05648034
3834.89511;0.05652927
3835.377305;0.05653667
3835.8595;0.0565481
3836.341695;0.05658858
3836.823889;0.05662948
3837.306084;0.05666017
3837.788279;0.05669523
3838.270474;0.05673737
3838.752669;0.05677547
3839.234863;0.05680007
3839.717058;0.05681565
3840.199253;0.05682883
3840.681448;0.05685569
3841.163643;0.05692042
3841.645837;0.05701166
3842.128032;0.05708147
3842.610227;0.05710015
3843.092422;0.05709726
3843.574616;0.05710742
3844.056811;0.05712209
3844.539006;0.05714633
3845.021201;0.05719819
3845.503396;0.05726459
3845.98559;0.05732318
3846.467785;0.05737178
3846.94998;0.05741434
3847.432175;0.05743168
3847.914369;0.05742154
3848.396564;0.05742895
3848.878759;0.05748628
3849.360954;0.05756754
3849.843149;0.05761435
3850.325343;0.05761112
3850.807538;0.05760284
3851.289733;0.05762266
3851.771928;0.05766407
3852.254123;0.05771148
3852.736317;0.05775569
3853.218512;0.05778784
3853.700707;0.05779037
3854.182902;0.05776901
3854.665096;0.05777521
3855.147291;0.05784341
3855.629486;0.05794071
3856.111681;0.05799651
3856.593876;0.05798129
3857.07607;0.05795528
3857.558265;0.05798156
3858.04046;0.05803456
3858.522655;0.05807462
3859.004849;0.05811514
3859.487044;0.05815274
3859.969239;0.058167
3860.451434;0.05818536
3860.933629;0.05823504
3861.415823;0.05829494
3861.898018;0.05833572
3862.380213;0.05835557
3862.862408;0.05836815
3863.344603;0.05838502
3863.826797;0.05841294
3864.308992;0.05844823
3864.791187;0.05849564
3865.273382;0.05855925
3865.755576;0.0586109
3866.237771;0.05863411
3866.719966;0.05865764
3867.202161;0.05871016
3867.684356;0.05877347
3868.16655;0.05881726
3868.648745;0.05884719
3869.13094;0.05886709
3869.613135;0.05886994
3870.09533;0.05887247
3870.577524;0.05889752
3871.059719;0.05894725
3871.541914;0.05899251
3872.024109;0.05899812
3872.506303;0.0589809
3872.988498;0.05899466
3873.470693;0.05904716
3873.952888;0.05909421
3874.435083;0.05912765
3874.917277;0.05917855
3875.399472;0.05923291
3875.881667;0.05926463
3876.363862;0.05929143
3876.846056;0.05932917
3877.328251;0.05936415
3877.810446;0.05938131
3878.292641;0.0594033
3878.774836;0.05944522
3879.25703;0.05947204
3879.739225;0.05947891
3880.22142;0.05948765
3880.703615;0.05950169
3881.18581;0.05953537
3881.668004;0.05958341
3882.150199;0.05961786
3882.632394;0.05963781
3883.114589;0.05965731
3883.596783;0.05968015
3884.078978;0.05970579
3884.561173;0.05974209
3885.043368;0.05979331
3885.525563;0.05983668
3886.007757;0.05985522
3886.489952;0.05986706
3886.972147;0.05988654
3887.454342;0.05991797
3887.936536;0.05995721
3888.418731;0.05999199
3888.900926;0.0600306
3889.383121;0.06007847
3889.865316;0.0601299
3890.34751;0.06016111
3890.829705;0.06014365
3891.3119;0.0601145
3891.794095;0.06011846
3892.27629;0.06014353
3892.758484;0.06017879
3893.240679;0.06022561
3893.722874;0.06026762
3894.205069;0.06029656
3894.687263;0.06032472
3895.169458;0.06035403
3895.651653;0.06038044
3896.133848;0.06039806
3896.616043;0.06040737
3897.098237;0.06042915
3897.580432;0.06046794
3898.062627;0.0605054
3898.544822;0.06053281
3899.027016;0.06055187
3899.509211;0.06055066
3899.991406;0.06053417
3900.473601;0.06054131
3900.955796;0.06058141
3901.43799;0.06063782
3901.920185;0.06069428
3902.40238;0.0607402
3902.884575;0.06077547
3903.36677;0.06078442
3903.848964;0.06076626
3904.331159;0.06076185
3904.813354;0.0607964
3905.295549;0.06084228
3905.777743;0.06086622
3906.259938;0.06088576
3906.742133;0.06092489
3907.224328;0.06095703
3907.706523;0.06096256
3908.188717;0.06096612
3908.670912;0.06098416
3909.153107;0.06101498
3909.635302;0.06104901
3910.117497;0.06106289
3910.599691;0.06104911
3911.081886;0.06103265
3911.564081;0.06104261
3912.046276;0.06108068
3912.52847;0.061127
3913.010665;0.06116666
3913.49286;0.06119768
3913.975055;0.06121439
3914.45725;0.06121235
3914.939444;0.06120764
3915.421639;0.06119642
3915.903834;0.06116904
3916.386029;0.06115817
3916.868223;0.06117598
3917.350418;0.06119262
3917.832613;0.06118872
3918.314808;0.06117973
3918.797003;0.0611995
3919.279197;0.06123954
3919.761392;0.06126259
3920.243587;0.06127862
3920.725782;0.06130971
3921.207977;0.06133861
3921.690171;0.06134926
3922.172366;0.06134695
3922.654561;0.06134307
3923.136756;0.0613444
3923.61895;0.06135192
3924.101145;0.06136136
3924.58334;0.06135148
3925.065535;0.06132812
3925.54773;0.0613443
3926.029924;0.06140395
3926.512119;0.06143966
3926.994314;0.06142964
3927.476509;0.06142553
3927.958703;0.0614453
3928.440898;0.06145373
3928.923093;0.06144891
3929.405288;0.06146266
3929.887483;0.06149451
3930.369677;0.06151782
3930.851872;0.0615206
3931.334067;0.06151049
3931.816262;0.06149247
3932.298457;0.06146061
3932.780651;0.06143937
3933.262846;0.06146128
3933.745041;0.06150005
3934.227236;0.06152451
3934.70943;0.06154114
3935.191625;0.06155652
3935.67382;0.06157245
3936.156015;0.06158522
3936.63821;0.06159431
3937.120404;0.0616128
3937.602599;0.06163434
3938.084794;0.06164589
3938.566989;0.06166171
3939.049183;0.06168257
3939.531378;0.06169196
3940.013573;0.06169684
3940.495768;0.06169885
3940.977963;0.06168742
3941.460157;0.06168243
3941.942352;0.06170656
3942.424547;0.06173129
3942.906742;0.06172185
3943.388937;0.0616998
3943.871131;0.06169624
3944.353326;0.06171073
3944.835521;0.06173925
3945.317716;0.06177624
3945.79991;0.06181087
3946.282105;0.06182977
3946.7643;0.06182995
3947.246495;0.06182948
3947.72869;0.06182148
3948.210884;0.06178657
3948.693079;0.06175645
3949.175274;0.06176548
3949.657469;0.06178947
3950.139664;0.06179665
3950.621858;0.06179212
3951.104053;0.06179335
3951.586248;0.06181036
3952.068443;0.06182679
3952.550637;0.06181175
3953.032832;0.06177756
3953.515027;0.06176556
3953.997222;0.06177595
3954.479417;0.06177182
3954.961611;0.0617406
3955.443806;0.06170351
3955.926001;0.06169294
3956.408196;0.06172141
3956.89039;0.06174565
3957.372585;0.06173335
3957.85478;0.06171604
3958.336975;0.06170071
3958.81917;0.06165794
3959.301364;0.06161497
3959.783559;0.06160552
3960.265754;0.06159813
3960.747949;0.06158754
3961.230144;0.06158868
3961.712338;0.06157861
3962.194533;0.06156271
3962.676728;0.06155144
3963.158923;0.06153088
3963.641117;0.06151233
3964.123312;0.06152263
3964.605507;0.06156498
3965.087702;0.061598
3965.569897;0.06158992
3966.052091;0.06156797
3966.534286;0.06156256
3967.016481;0.06157093
3967.498676;0.0615798
3967.98087;0.06158303
3968.463065;0.06157194
3968.94526;0.06153936
3969.427455;0.06151358
3969.90965;0.06151544
3970.391844;0.06152193
3970.874039;0.06153043
3971.356234;0.06153917
3971.838429;0.06152051
3972.320624;0.06147717
3972.802818;0.06143429
3973.285013;0.06143124
3973.767208;0.06147287
3974.249403;0.0614856
3974.731597;0.06145202
3975.213792;0.06143747
3975.695987;0.06144781
3976.178182;0.06144338
3976.660377;0.06143595
3977.142571;0.06144827
3977.624766;0.0614562
3978.106961;0.06143785
3978.589156;0.06140491
3979.07135;0.06137831
3979.553545;0.06136356
3980.03574;0.06134985
3980.517935;0.06132778
3981.00013;0.06128793
3981.482324;0.06124106
3981.964519;0.06122062
3982.446714;0.06122803
3982.928909;0.06122959
3983.411104;0.06121301
3983.893298;0.06119395
3984.375493;0.06117855
3984.857688;0.06117426
3985.339883;0.06118699
3985.822077;0.06118639
3986.304272;0.06114064
3986.786467;0.06106878
3987.268662;0.06103041
3987.750857;0.06104027
3988.233051;0.06104726
3988.715246;0.06103563
3989.197441;0.06103191
3989.679636;0.0610376
3990.161831;0.06103541
3990.644025;0.06102419
3991.12622;0.06101735
3991.608415;0.06101202
3992.09061;0.06099736
3992.572804;0.06097969
3993.054999;0.06096527
3993.537194;0.06094704
3994.019389;0.0609414
3994.501584;0.06096449
3994.983778;0.06097754
3995.465973;0.060966
3995.948168;0.06096288
3996.430363;0.06098225
3996.912557;0.06102056
3997.394752;0.06104796
3997.876947;0.06104636
3998.359142;0.06105495
3998.841337;0.06110308
3999.323531;0.06116233
3999.805726;0.0611815
4000.287921;0.06115445
4000.770116;0.06114032
4001.252311;0.06117586
4001.734505;0.06121179
4002.2167;0.06120368
4002.698895;0.06118001
4003.18109;0.0611771
4003.663284;0.06119612
4004.145479;0.06121686
4004.627674;0.06122161
4005.109869;0.0612066
4005.592064;0.0611826
4006.074258;0.06116695
4006.556453;0.061166
4007.038648;0.06118321
4007.520843;0.06121285
4008.003037;0.06124461
4008.485232;0.06127626
4008.967427;0.06128798
4009.449622;0.06127348
4009.931817;0.06125969
4010.414011;0.06125766
4010.896206;0.06126672
4011.378401;0.06129
4011.860596;0.06130574
4012.342791;0.06129143
4012.824985;0.06127252
4013.30718;0.06127643
4013.789375;0.06129271
4014.27157;0.06130975
4014.753764;0.06131775
4015.235959;0.06130801
4015.718154;0.06130302
4016.200349;0.06131748
4016.682544;0.06131301
4017.164738;0.06126639
4017.646933;0.06121645
4018.129128;0.06119901
4018.611323;0.06121127
4019.093517;0.06123416
4019.575712;0.06125016
4020.057907;0.06123971
4020.540102;0.06120752
4021.022297;0.06121166
4021.504491;0.06127343
4021.986686;0.06133119
4022.468881;0.06134514
4022.951076;0.06134662
4023.433271;0.0613676
4023.915465;0.06138591
4024.39766;0.06138536
4024.879855;0.06138821
4025.36205;0.06139632
4025.844244;0.06140154
4026.326439;0.06141253
4026.808634;0.06143648
4027.290829;0.06147101
4027.773024;0.06149594
4028.255218;0.06150045
4028.737413;0.06150896
4029.219608;0.0615351
4029.701803;0.06156221
4030.183998;0.06158805
4030.666192;0.06161549
4031.148387;0.06162046
4031.630582;0.06159007
4032.112777;0.06155537
4032.594971;0.06154836
4033.077166;0.06156041
4033.559361;0.06157429
4034.041556;0.06158855
4034.523751;0.061598
4035.005945;0.06160444
4035.48814;0.06162828
4035.970335;0.06166889
4036.45253;0.06169887
4036.934724;0.06171155
4037.416919;0.06170969
4037.899114;0.06169588
4038.381309;0.06169477
4038.863504;0.06172124
4039.345698;0.0617624
4039.827893;0.06178337
4040.310088;0.06176909
4040.792283;0.06176279
4041.274478;0.06178012
4041.756672;0.06177886
4042.238867;0.06174912
4042.721062;0.06173222
4043.203257;0.06174619
4043.685451;0.06175998
4044.167646;0.06176453
4044.649841;0.06176416
4045.132036;0.06173685
4045.614231;0.06169113
4046.096425;0.06165425
4046.57862;0.06162609
4047.060815;0.06159126
4047.54301;0.06154591
4048.025204;0.06151775
4048.507399;0.06150604
4048.989594;0.06147572
4049.471789;0.06142924
4049.953984;0.06137912
4050.436178;0.0613334
4050.918373;0.06130167
4051.400568;0.06125769
4051.882763;0.06117813
4052.364958;0.06109934
4052.847152;0.0610658
4053.329347;0.06105243
4053.811542;0.06101135
4054.293737;0.06093866
4054.775931;0.06085452
4055.258126;0.06079101
4055.740321;0.06075466
4056.222516;0.06072161
4056.704711;0.06069667
4057.186905;0.06068709
4057.6691;0.06068075
4058.151295;0.06067916
4058.63349;0.06068775
4059.115684;0.06070568
4059.597879;0.06074046
4060.080074;0.06078373
4060.562269;0.06080195
4061.044464;0.0608137
4061.526658;0.06087445
4062.008853;0.06097686
4062.491048;0.06107042
4062.973243;0.06113139
4063.455438;0.06118285
4063.937632;0.06125038
4064.419827;0.06133087
4064.902022;0.06143036
4065.384217;0.06153674
4065.866411;0.06161181
4066.348606;0.06166627
4066.830801;0.06172376
4067.312996;0.06177498
4067.795191;0.06181715
4068.277385;0.06185681
4068.75958;0.06191499
4069.241775;0.06200899
4069.72397;0.06210328
4070.206165;0.06216399
4070.688359;0.06221675
4071.170554;0.06228703
4071.652749;0.06235289
4072.134944;0.0623958
4072.617138;0.06244015
4073.099333;0.06252189
4073.581528;0.06262639
4074.063723;0.06269041
4074.545918;0.06271398
4075.028112;0.06276454
4075.510307;0.06285588
4075.992502;0.06294838
4076.474697;0.06301502
4076.956891;0.06306342
4077.439086;0.06311674
4077.921281;0.06318117
4078.403476;0.06327333
4078.885671;0.06339398
4079.367865;0.06347988
4079.85006;0.06351082
4080.332255;0.06355077
4080.81445;0.06363197
4081.296645;0.06373281
4081.778839;0.06382762
4082.261034;0.06389887
4082.743229;0.0639417
4083.225424;0.06398733
4083.707618;0.06407768
4084.189813;0.06418719
4084.672008;0.06427424
4085.154203;0.06434134
4085.636398;0.06439441
4086.118592;0.06444734
4086.600787;0.06450545
4087.082982;0.06456283
4087.565177;0.06462906
4088.047371;0.06469874
4088.529566;0.0647558
4089.011761;0.06478857
4089.493956;0.06480236
4089.976151;0.06483175
4090.458345;0.06489557
4090.94054;0.06496911
4091.422735;0.06501879
4091.90493;0.06505251
4092.387125;0.06509802
4092.869319;0.06514806
4093.351514;0.0651851
4093.833709;0.06520243
4094.315904;0.06520516
4094.798098;0.06524018
4095.280293;0.06532401
4095.762488;0.06538741
4096.244683;0.06540517
4096.726878;0.06541619
4097.209072;0.06542155
4097.691267;0.0654195
4098.173462;0.06542911
4098.655657;0.06546029
4099.137851;0.06552143
4099.620046;0.06558973
4100.102241;0.06561875
4100.584436;0.06561047
4101.066631;0.06558982
4101.548825;0.06554932
4102.03102;0.0655058
4102.513215;0.06550987
4102.99541;0.06556531
4103.477605;0.06562314
4103.959799;0.06564661
4104.441994;0.06563745
4104.924189;0.06560391
4105.406384;0.06556943
4105.888578;0.06556346
4106.370773;0.06557416
4106.852968;0.06558682
4107.335163;0.06559893
4107.817358;0.06559811
4108.299552;0.06558257
4108.781747;0.06556063
4109.263942;0.06554073
4109.746137;0.06553614
4110.228332;0.06555581
4110.710526;0.06556794
4111.192721;0.06553995
4111.674916;0.06550846
4112.157111;0.06551316
4112.639305;0.06554554
4113.1215;0.06558028
4113.603695;0.06559253
4114.08589;0.06559119
4114.568085;0.06560095
4115.050279;0.06561179
4115.532474;0.06562777
4116.014669;0.06567581
4116.496864;0.06572882
4116.979058;0.0657444
4117.461253;0.06574056
4117.943448;0.06574576
4118.425643;0.06574586
4118.907838;0.06574795
4119.390032;0.06579089
4119.872227;0.06584675
4120.354422;0.06587201
4120.836617;0.06589165
4121.318812;0.06592035
4121.801006;0.06595015
4122.283201;0.06599653
4122.765396;0.06605384
4123.247591;0.06609236
4123.729785;0.06611969
4124.21198;0.06616336
4124.694175;0.06622303
4125.17637;0.0662819
4125.658565;0.06632964
4126.140759;0.06637071
4126.622954;0.06641919
4127.105149;0.06647474
4127.587344;0.06651797
4128.069538;0.06655037
4128.551733;0.06659909
4129.033928;0.06667273
4129.516123;0.06675038
4129.998318;0.0667995
4130.480512;0.06681588
4130.962707;0.06683692
4131.444902;0.06688254
4131.927097;0.06692387
4132.409292;0.06694063
4132.891486;0.06695076
4133.373681;0.06696591
4133.855876;0.06698327
4134.338071;0.06699656
4134.820265;0.06700446
4135.30246;0.06702776
4135.784655;0.06708106
4136.26685;0.06714988
4136.749045;0.06720223
4137.231239;0.06721117
4137.713434;0.06718574
4138.195629;0.06717148
4138.677824;0.06719132
4139.160018;0.06721281
4139.642213;0.06721608
4140.124408;0.06721755
4140.606603;0.06721118
4141.088798;0.06717917
4141.570992;0.06714622
4142.053187;0.067162
4142.535382;0.06722979
4143.017577;0.06728815
4143.499772;0.06729727
4143.981966;0.06729957
4144.464161;0.06731825
4144.946356;0.06731813
4145.428551;0.06730018
4145.910745;0.06727858
4146.39294;0.0672487
4146.875135;0.06723819
4147.35733;0.06726676
4147.839525;0.06728768
4148.321719;0.06725591
4148.803914;0.06720082
4149.286109;0.06716937
4149.768304;0.06715571
4150.250499;0.06714886
4150.732693;0.0671724
4151.214888;0.06719697
4151.697083;0.06716562
4152.179278;0.06712424
4152.661472;0.06713851
4153.143667;0.06718347
4153.625862;0.06720328
4154.108057;0.06719357
4154.590252;0.06719262
4155.072446;0.06720081
4155.554641;0.06719674
4156.036836;0.06718325
4156.519031;0.06716061
4157.001225;0.0671501
4157.48342;0.06718108
4157.965615;0.06721111
4158.44781;0.06719511
4158.930005;0.06717943
4159.412199;0.0671861
4159.894394;0.06717142
4160.376589;0.06714976
4160.858784;0.06715048
4161.340979;0.06714669
4161.823173;0.06712873
4162.305368;0.06710551
4162.787563;0.06707142
4163.269758;0.06704434
4163.751952;0.06704415
4164.234147;0.06704094
4164.716342;0.06700027
4165.198537;0.06694102
4165.680732;0.0669043
4166.162926;0.06689998
4166.645121;0.06691702
4167.127316;0.06695095
4167.609511;0.06698669
4168.091705;0.06700874
4168.5739;0.06702742
4169.056095;0.06705066
4169.53829;0.06707139
4170.020485;0.06708279
4170.502679;0.06709146
4170.984874;0.06712136
4171.467069;0.06717227
4171.949264;0.06722902
4172.431459;0.06729583
4172.913653;0.06736271
4173.395848;0.06740382
4173.878043;0.06741883
4174.360238;0.06744697
4174.842432;0.06750125
4175.324627;0.06753955
4175.806822;0.06756467
4176.289017;0.06760786
4176.771212;0.06764506
4177.253406;0.06765658
4177.735601;0.06766006
4178.217796;0.06766127
4178.699991;0.06767222
4179.182185;0.06772234
4179.66438;0.06777831
4180.146575;0.06779347
4180.62877;0.06781065
4181.110965;0.06785912
4181.593159;0.06791198
4182.075354;0.06796863
4182.557549;0.06802183
4183.039744;0.06804986
4183.521939;0.06805757
4184.004133;0.06804968
4184.486328;0.06804208
4184.968523;0.06804955
4185.450718;0.06804504
4185.932912;0.0680208
4186.415107;0.06801271
4186.897302;0.06804755
4187.379497;0.0680961
4187.861692;0.06809999
4188.343886;0.06808187
4188.826081;0.06809681
4189.308276;0.06811925
4189.790471;0.06811225
4190.272666;0.068088
4190.75486;0.06806435
4191.237055;0.06804044
4191.71925;0.06800961
4192.201445;0.06797326
4192.683639;0.06795136
4193.165834;0.06797192
4193.648029;0.06801155
4194.130224;0.06799578
4194.612419;0.06791467
4195.094613;0.06783731
4195.576808;0.06779401
4196.059003;0.06776355
4196.541198;0.06772424
4197.023392;0.06766544
4197.505587;0.06760161
4197.987782;0.06755273
4198.469977;0.06754143
4198.952172;0.06756123
4199.434366;0.06753477
4199.916561;0.06744622
4200.398756;0.06737903
4200.880951;0.06736245
4201.363146;0.06735872
4201.84534;0.06734414
4202.327535;0.06732479
4202.80973;0.067302
4203.291925;0.0672706
4203.774119;0.0672534
4204.256314;0.06724487
4204.738509;0.06720795
4205.220704;0.0671569
4205.702899;0.06711932
4206.185093;0.06709964
4206.667288;0.0670892
4207.149483;0.06705636
4207.631678;0.06699765
4208.113872;0.06694654
4208.596067;0.06692477
4209.078262;0.06694125
4209.560457;0.06697475
4210.042652;0.06698299
4210.524846;0.06695673
4211.007041;0.06691755
4211.489236;0.06688093
4211.971431;0.06684335
4212.453626;0.06680004
4212.93582;0.06675
4213.418015;0.0667064
4213.90021;0.066701
4214.382405;0.06673256
4214.864599;0.06677353
4215.346794;0.06677997
4215.828989;0.06670308
4216.311184;0.06659871
4216.793379;0.06656864
4217.275573;0.06660794
4217.757768;0.06664786
4218.239963;0.06664894
4218.722158;0.0666293
4219.204352;0.06663772
4219.686547;0.066681
4220.168742;0.06671041
4220.650937;0.06670541
4221.133132;0.06669841
4221.615326;0.06670401
4222.097521;0.06671223
4222.579716;0.06672468
4223.061911;0.06675479
4223.544106;0.06680224
4224.0263;0.06683816
4224.508495;0.06683394
4224.99069;0.06679942
4225.472885;0.06678094
4225.955079;0.06679531
4226.437274;0.06679632
4226.919469;0.06676494
4227.401664;0.06675
4227.883859;0.06675333
4228.366053;0.06672096
4228.848248;0.06667332
4229.330443;0.06665964
4229.812638;0.06664076
4230.294833;0.0665711
4230.777027;0.06649558
4231.259222;0.06644721
4231.741417;0.06638528
4232.223612;0.0662956
4232.705806;0.06619622
4233.188001;0.06608826
4233.670196;0.06597953
4234.152391;0.06588914
4234.634586;0.06581768
4235.11678;0.06574912
4235.598975;0.06568132
4236.08117;0.06561386
4236.563365;0.06554832
4237.045559;0.06547681
4237.527754;0.06536707
4238.009949;0.0652451
4238.492144;0.06516955
4238.974339;0.06511784
4239.456533;0.06504481
4239.938728;0.06498467
4240.420923;0.06496944
4240.903118;0.06495178
4241.385313;0.06491461
4241.867507;0.06489
4242.349702;0.0648804
4242.831897;0.06488703
4243.314092;0.06491606
4243.796286;0.06495015
4244.278481;0.06499168
4244.760676;0.06506589
4245.242871;0.0651405
4245.725066;0.06517396
4246.20726;0.06519991
4246.689455;0.06524507
4247.17165;0.06529657
4247.653845;0.06535222
4248.136039;0.06542265
4248.618234;0.06551535
4249.100429;0.06560355
4249.582624;0.06564501
4250.064819;0.06565627
4250.547013;0.06569542
4251.029208;0.06576845
4251.511403;0.06582651
4251.993598;0.06585111
4252.475793;0.06588291
4252.957987;0.06594212
4253.440182;0.06598615
4253.922377;0.06599555
4254.404572;0.06600579
4254.886766;0.06604686
4255.368961;0.06611524
4255.851156;0.06617893
4256.333351;0.06622514
4256.815546;0.0662767
4257.29774;0.06632689
4257.779935;0.0663629
4258.26213;0.06640621
4258.744325;0.06643835
4259.226519;0.06643423
4259.708714;0.06642422
4260.190909;0.06642822
4260.673104;0.06645497
4261.155299;0.06650312
4261.637493;0.06654113
4262.119688;0.06656497
4262.601883;0.0665937
4263.084078;0.06662475
4263.566273;0.06663247
4264.048467;0.06659466
4264.530662;0.06654139
4265.012857;0.06652432
4265.495052;0.06653712
4265.977246;0.06652772
4266.459441;0.06648494
4266.941636;0.06647105
4267.423831;0.06650965
4267.906026;0.06653342
4268.38822;0.06651957
4268.870415;0.06650103
4269.35261;0.06648312
4269.834805;0.06646674
4270.317;0.06644797
4270.799194;0.06642271
4271.281389;0.0664041
4271.763584;0.06639922
4272.245779;0.06640603
4272.727973;0.06640486
4273.210168;0.06637827
4273.692363;0.06632928
4274.174558;0.0662601
4274.656753;0.06619402
4275.138947;0.06616678
4275.621142;0.06617595
4276.103337;0.06619646
4276.585532;0.06620853
4277.067726;0.06618382
4277.549921;0.06611025
4278.032116;0.06602139
4278.514311;0.06594402
4278.996506;0.0658995
4279.4787;0.06591452
4279.960895;0.06594153
4280.44309;0.06592684
4280.925285;0.06590506
4281.40748;0.06589405
4281.889674;0.06586765
4282.371869;0.06583272
4282.854064;0.06579378
4283.336259;0.06572509
4283.818453;0.0656435
4284.300648;0.06560665
4284.782843;0.06562812
4285.265038;0.0656689
4285.747233;0.06568903
4286.229427;0.06567858
4286.711622;0.0656492
4287.193817;0.06562016
4287.676012;0.06560105
4288.158206;0.06557016
4288.640401;0.06552544
4289.122596;0.06549866
4289.604791;0.0654866
4290.086986;0.06547973
4290.56918;0.06550208
4291.051375;0.06553175
4291.53357;0.06551642
4292.015765;0.06548149
4292.49796;0.06545555
4292.980154;0.06541059
4293.462349;0.06536653
4293.944544;0.06534502
4294.426739;0.06530564
4294.908933;0.06524596
4295.391128;0.06520052
4295.873323;0.06517985
4296.355518;0.0651595
4296.837713;0.06508581
4297.319907;0.06497172
4297.802102;0.06490111
4298.284297;0.06488194
4298.766492;0.064846
4299.248686;0.06475741
4299.730881;0.06464323
4300.213076;0.06454934
4300.695271;0.06447902
4301.177466;0.06441526
4301.65966;0.06435841
4302.141855;0.06429979
4302.62405;0.06421399
4303.106245;0.06409881
4303.58844;0.06399813
4304.070634;0.06392357
4304.552829;0.06383929
4305.035024;0.06376331
4305.517219;0.06371524
4305.999413;0.06364147
4306.481608;0.06351228
4306.963803;0.06338327
4307.445998;0.06330561
4307.928193;0.06324075
4308.410387;0.06314537
4308.892582;0.06306075
4309.374777;0.06301732
4309.856972;0.06296645
4310.339167;0.06286473
4310.821361;0.06274917
4311.303556;0.0626988
4311.785751;0.06271452
4312.267946;0.06271038
4312.75014;0.06264912
4313.232335;0.06256186
4313.71453;0.06247425
4314.196725;0.06239768
4314.67892;0.06233996
4315.161114;0.06229039
4315.643309;0.06222603
4316.125504;0.0621494
4316.607699;0.06206186
4317.089893;0.06195973
4317.572088;0.06187183
4318.054283;0.06181235
4318.536478;0.06176961
4319.018673;0.06171283
4319.500867;0.06159885
4319.983062;0.06144581
4320.465257;0.06131963
4320.947452;0.06124904
4321.429647;0.06119204
4321.911841;0.06110078
4322.394036;0.06098565
4322.876231;0.06085982
4323.358426;0.06073406
4323.84062;0.06064351
4324.322815;0.0605945
4324.80501;0.06055245
4325.287205;0.06048746
4325.7694;0.06042118
4326.251594;0.06038774
4326.733789;0.06037306
4327.215984;0.0603618
4327.698179;0.06035133
4328.180373;0.06034981
4328.662568;0.06039775
4329.144763;0.06051544
4329.626958;0.06065954
4330.109153;0.06075405
4330.591347;0.06078351
4331.073542;0.06080697
4331.555737;0.06085205
4332.037932;0.06089951
4332.520127;0.06096726
4333.002321;0.06109435
4333.484516;0.06122915
4333.966711;0.0613126
4334.448906;0.06140049
4334.9311;0.06151742
4335.413295;0.06161983
4335.89549;0.06173327
4336.377685;0.06188124
4336.85988;0.06198771
4337.342074;0.06203274
4337.824269;0.06210268
4338.306464;0.06219834
4338.788659;0.06225269
4339.270854;0.06228768
4339.753048;0.06237907
4340.235243;0.06252955
4340.717438;0.0626599
4341.199633;0.06274316
4341.681827;0.06283014
4342.164022;0.06291265
4342.646217;0.06293726
4343.128412;0.06294215
4343.610607;0.06299663
4344.092801;0.06309058
4344.574996;0.06317256
4345.057191;0.06321377
4345.539386;0.06324927
4346.02158;0.06331085
4346.503775;0.06336279
4346.98597;0.06338581
4347.468165;0.06340677
4347.95036;0.06342704
4348.432554;0.06341551
4348.914749;0.06337953
4349.396944;0.06336358
4349.879139;0.06338956
4350.361334;0.06343475
4350.843528;0.06345638
4351.325723;0.06344974
4351.807918;0.06343175
4352.290113;0.06340535
4352.772307;0.06338293
4353.254502;0.06338632
4353.736697;0.06341115
4354.218892;0.06341343
4354.701087;0.06336863
4355.183281;0.06330163
4355.665476;0.0632518
4356.147671;0.06325021
4356.629866;0.06329357
4357.11206;0.06333172
4357.594255;0.06332187
4358.07645;0.06329121
4358.558645;0.06326731
4359.04084;0.06322469
4359.523034;0.06317656
4360.005229;0.06315723
4360.487424;0.0631417
4360.969619;0.06310067
4361.451814;0.06303804
4361.934008;0.06297532
4362.416203;0.06295662
4362.898398;0.06299262
4363.380593;0.06302526
4363.862787;0.063017
4364.344982;0.06298742
4364.827177;0.06294566
4365.309372;0.06288932
4365.791567;0.06283373
4366.273761;0.06278119
4366.755956;0.06273412
4367.238151;0.06270141
4367.720346;0.06266519
4368.20254;0.0626253
4368.684735;0.06258686
4369.16693;0.06252265
4369.649125;0.06245571
4370.13132;0.06244192
4370.613514;0.0624566
4371.095709;0.06243615
4371.577904;0.06237207
4372.060099;0.06231023
4372.542294;0.06230236
4373.024488;0.06231824
4373.506683;0.06226996
4373.988878;0.06215534
4374.471073;0.06204339
4374.953267;0.06197928
4375.435462;0.06196222
4375.917657;0.06198021
4376.399852;0.0620247
4376.882047;0.06203371
4377.364241;0.0619675
4377.846436;0.06188253
4378.328631;0.06181064
4378.810826;0.06174242
4379.293021;0.06169007
4379.775215;0.06165449
4380.25741;0.06162287
4380.739605;0.06157687
4381.2218;0.06148691
4381.703994;0.06136317
4382.186189;0.06125359
4382.668384;0.06118451
4383.150579;0.06114798
4383.632774;0.06111412
4384.114968;0.06106276
4384.597163;0.06100373
4385.079358;0.06095296
4385.561553;0.06090278
4386.043747;0.06083909
4386.525942;0.06076957
4387.008137;0.06069918
4387.490332;0.06062252
4387.972527;0.06053711
4388.454721;0.06045654
4388.936916;0.06040356
4389.419111;0.06035744
4389.901306;0.06029746
4390.383501;0.06024517
4390.865695;0.06021366
4391.34789;0.06020219
4391.830085;0.06020051
4392.31228;0.06020687
4392.794474;0.06022672
4393.276669;0.06024217
4393.758864;0.0602669
4394.241059;0.06033295
4394.723254;0.06041603
4395.205448;0.060477
4395.687643;0.06050024
4396.169838;0.06050517
4396.652033;0.06055262
4397.134227;0.06066051
4397.616422;0.06077253
4398.098617;0.06084841
4398.580812;0.06090203
4399.063007;0.06094641
4399.545201;0.06096698
4400.027396;0.06096164
4400.509591;0.06096528
4400.991786;0.06102594
4401.473981;0.06113389
4401.956175;0.06119271
4402.43837;0.06116842
4402.920565;0.0611509
4403.40276;0.06118196
4403.884954;0.06122879
4404.367149;0.06127694
4404.849344;0.06132362
4405.331539;0.06138951
4405.813734;0.06146885
4406.295928;0.06149041
4406.778123;0.06145465
4407.260318;0.06144194
4407.742513;0.06147318
4408.224707;0.06151818
4408.706902;0.06155966
4409.189097;0.06157958
4409.671292;0.06157159
4410.153487;0.06157393
4410.635681;0.06161411
4411.117876;0.06166194
4411.600071;0.06168427
4412.082266;0.06169295
4412.564461;0.06170393
4413.046655;0.06170617
4413.52885;0.06169637
4414.011045;0.06169293
4414.49324;0.06171381
4414.975434;0.06175326
4415.457629;0.06178314
4415.939824;0.06179117
4416.422019;0.06179514
4416.904214;0.0618146
4417.386408;0.06184457
4417.868603;0.06187148
4418.350798;0.06190089
4418.832993;0.06194336
4419.315188;0.06198953
4419.797382;0.06201342
4420.279577;0.06199811
4420.761772;0.06195609
4421.243967;0.06192228
4421.726161;0.06192571
4422.208356;0.0619671
4422.690551;0.06201218
4423.172746;0.06202195
4423.654941;0.06201839
4424.137135;0.06205149
4424.61933;0.06210018
4425.101525;0.06212221
4425.58372;0.06214602
4426.065914;0.06219015
4426.548109;0.06221158
4427.030304;0.06220408
4427.512499;0.06219334
4427.994694;0.06218986
4428.476888;0.06221331
4428.959083;0.06225857
4429.441278;0.06229768
4429.923473;0.06231818
4430.405668;0.06230995
4430.887862;0.06229197
4431.370057;0.06230479
4431.852252;0.0623247
4432.334447;0.06228796
4432.816641;0.06222102
4433.298836;0.06221106
4433.781031;0.06225727
4434.263226;0.06230673
4434.745421;0.06234046
4435.227615;0.06235147
4435.70981;0.06235671
4436.192005;0.06236839
4436.6742;0.06236557
4437.156394;0.06235365
4437.638589;0.06234102
4438.120784;0.06232659
4438.602979;0.06232151
4439.085174;0.06232934
4439.567368;0.06237355
4440.049563;0.06242901
4440.531758;0.06241622
4441.013953;0.06237826
4441.496148;0.06239609
4441.978342;0.0624241
4442.460537;0.06241029
4442.942732;0.06238564
4443.424927;0.06238804
4443.907121;0.06239883
4444.389316;0.06238486
4444.871511;0.06236572
4445.353706;0.06236472
4445.835901;0.06237289
4446.318095;0.06238569
4446.80029;0.06240581
4447.282485;0.06243458
4447.76468;0.0624449
4448.246874;0.06241998
4448.729069;0.06241426
4449.211264;0.06244648
4449.693459;0.06246068
4450.175654;0.06243479
4450.657848;0.06237077
4451.140043;0.06228673
4451.622238;0.06226712
4452.104433;0.06233365
4452.586628;0.0623906
4453.068822;0.06239551
4453.551017;0.06237387
4454.033212;0.06235107
4454.515407;0.06234564
4454.997601;0.06233342
4455.479796;0.06230355
4455.961991;0.06229042
4456.444186;0.06232231
4456.926381;0.06237635
4457.408575;0.06237747
4457.89077;0.06233035
4458.372965;0.06230075
4458.85516;0.06228853
4459.337355;0.06229519
4459.819549;0.06232431
4460.301744;0.06234756
4460.783939;0.06236831
4461.266134;0.06238376
4461.748328;0.06237728
4462.230523;0.06237791
4462.712718;0.06240183
4463.194913;0.06241448
4463.677108;0.06239466
4464.159302;0.06236827
4464.641497;0.06237132
4465.123692;0.06239031
4465.605887;0.0623838
4466.088081;0.06235807
4466.570276;0.06236054
4467.052471;0.06240725
4467.534666;0.0624563
4468.016861;0.06246741
4468.499055;0.06244764
4468.98125;0.06242529
4469.463445;0.06241937
4469.94564;0.06243616
4470.427835;0.06248033
4470.910029;0.0625385
4471.392224;0.06257233
4471.874419;0.06257598
4472.356614;0.06257657
4472.838808;0.0625556
4473.321003;0.06247007
4473.803198;0.06237288
4474.285393;0.06237095
4474.767588;0.062449
4475.249782;0.06250798
4475.731977;0.06251782
4476.214172;0.06251595
4476.696367;0.06253788
4477.178561;0.06257346
4477.660756;0.06259363
4478.142951;0.06258132
4478.625146;0.06253716
4479.107341;0.06250625
4479.589535;0.06252077
4480.07173;0.06256568
4480.553925;0.06261642
4481.03612;0.06261921
4481.518315;0.06254572
4482.000509;0.06246861
4482.482704;0.06246876
4482.964899;0.06253023
4483.447094;0.06258085
4483.929288;0.06258897
4484.411483;0.06257842
4484.893678;0.0625705
4485.375873;0.06257004
4485.858068;0.06257814
4486.340262;0.0626003
4486.822457;0.06264462
4487.304652;0.06268006
4487.786847;0.0626912
4488.269041;0.0627138
4488.751236;0.0627262
4489.233431;0.06269126
4489.715626;0.06264143
4490.197821;0.06259726
4490.680015;0.06257085
4491.16221;0.062605
4491.644405;0.06267174
4492.1266;0.06269034
4492.608795;0.06267136
4493.090989;0.06268294
4493.573184;0.06274029
4494.055379;0.06278849
4494.537574;0.06278105
4495.019768;0.06275977
4495.501963;0.06275558
4495.984158;0.06274281
4496.466353;0.06275287
4496.948548;0.06280924
4497.430742;0.06284411
4497.912937;0.06282474
4498.395132;0.06279004
4498.877327;0.06277473
4499.359522;0.0627856
4499.841716;0.06279805
4500.323911;0.06279692
4500.806106;0.06279808
4501.288301;0.06281924
4501.770495;0.06284699
4502.25269;0.06283132
4502.734885;0.06279794
4503.21708;0.06283446
4503.699275;0.06291781
4504.181469;0.06296336
4504.663664;0.06295829
4505.145859;0.06295131
4505.628054;0.06298027
4506.110248;0.06301524
4506.592443;0.06300922
4507.074638;0.06297781
4507.556833;0.06297526
4508.039028;0.06300732
4508.521222;0.06301834
4509.003417;0.06300614
4509.485612;0.06301149
4509.967807;0.06300304
4510.450002;0.06296305
4510.932196;0.06294425
4511.414391;0.06296435
4511.896586;0.06300592
4512.378781;0.06306931
4512.860975;0.06314368
4513.34317;0.06318471
4513.825365;0.06316695
4514.30756;0.06313722
4514.789755;0.06314907
4515.271949;0.06318668
4515.754144;0.06321293
4516.236339;0.06321387
4516.718534;0.06320968
4517.200728;0.063247
4517.682923;0.06331377
4518.165118;0.06334625
4518.647313;0.06333452
4519.129508;0.06332407
4519.611702;0.06332505
4520.093897;0.06329123
4520.576092;0.06323129
4521.058287;0.06322933
4521.540482;0.06329986
4522.022676;0.06335722
4522.504871;0.06336518
4522.987066;0.06336872
4523.469261;0.06337415
4523.951455;0.06337246
4524.43365;0.06339777
4524.915845;0.06345429
4525.39804;0.06348845
4525.880235;0.06347302
4526.362429;0.06346558
4526.844624;0.06351771
4527.326819;0.06358109
4527.809014;0.06357846
4528.291208;0.06352885
4528.773403;0.0635184
4529.255598;0.06355023
4529.737793;0.06357501
4530.219988;0.06360006
4530.702182;0.06363021
4531.184377;0.06364119
4531.666572;0.06364103
4532.148767;0.06365996
4532.630962;0.06369648
4533.113156;0.06371555
4533.595351;0.06371216
4534.077546;0.06372193
4534.559741;0.06376229
4535.041935;0.0637979
4535.52413;0.06377751
4536.006325;0.06373621
4536.48852;0.06373816
4536.970715;0.06376501
4537.452909;0.06380625
4537.935104;0.06386436
4538.417299;0.06390114
4538.899494;0.06390125
4539.381689;0.06388187
4539.863883;0.0638776
4540.346078;0.06391622
4540.828273;0.06398977
4541.310468;0.06406426
4541.792662;0.06410263
4542.274857;0.06410924
4542.757052;0.0641186
4543.239247;0.0641422
4543.721442;0.06416311
4544.203636;0.06417198
4544.685831;0.06418101
4545.168026;0.06418059
4545.650221;0.06415879
4546.132415;0.06415717
4546.61461;0.06421075
4547.096805;0.06427944
4547.579;0.06430833
4548.061195;0.06431455
4548.543389;0.06432927
4549.025584;0.06433307
4549.507779;0.06434311
4549.989974;0.06439679
4550.472169;0.06445451
4550.954363;0.06447534
4551.436558;0.06448233
4551.918753;0.06450289
4552.400948;0.06452951
4552.883142;0.06453762
4553.365337;0.06453475
4553.847532;0.06455467
4554.329727;0.06459065
4554.811922;0.06463478
4555.294116;0.06471799
4555.776311;0.06480709
4556.258506;0.06481951
4556.740701;0.06476895
4557.222895;0.0647428
4557.70509;0.0647696
4558.187285;0.06480493
4558.66948;0.06482644
4559.151675;0.06486044
4559.633869;0.06492192
4560.116064;0.064973
4560.598259;0.06498013
4561.080454;0.06498858
4561.562649;0.06502949
4562.044843;0.06506574
4562.527038;0.06508071
4563.009233;0.06507722
4563.491428;0.06507898
4563.973622;0.06511813
4564.455817;0.06516054
4564.938012;0.06518248
4565.420207;0.065214
4565.902402;0.06524573
4566.384596;0.06525322
4566.866791;0.0652528
4567.348986;0.065261
4567.831181;0.06527417
4568.313375;0.06529561
4568.79557;0.06533682
4569.277765;0.06538943
4569.75996;0.06543028
4570.242155;0.06544898
4570.724349;0.06546586
4571.206544;0.06551175
4571.688739;0.06556712
4572.170934;0.06559305
4572.653129;0.06561415
4573.135323;0.06566601
4573.617518;0.06571256
4574.099713;0.06573891
4574.581908;0.06580286
4575.064102;0.06589441
4575.546297;0.06594945
4576.028492;0.06596731
4576.510687;0.06595849
4576.992882;0.06591817
4577.475076;0.06589445
4577.957271;0.06594783
4578.439466;0.06601801
4578.921661;0.0660248
4579.403856;0.06603967
4579.88605;0.06610136
4580.368245;0.06613433
4580.85044;0.06613647
4581.332635;0.06614374
4581.814829;0.06613839
4582.297024;0.06612527
4582.779219;0.06614611
4583.261414;0.06620033
4583.743609;0.06623685
4584.225803;0.06623607
4584.707998;0.06624196
4585.190193;0.06627169
4585.672388;0.06630108
4586.154582;0.06635207
4586.636777;0.0664463
4587.118972;0.06653564
4587.601167;0.06657964
4588.083362;0.06662071
4588.565556;0.06669215
4589.047751;0.06673215
4589.529946;0.06672017
4590.012141;0.06672484
4590.494336;0.06675583
4590.97653;0.06676069
4591.458725;0.06675071
4591.94092;0.06680554
4592.423115;0.06692111
4592.905309;0.06698221
4593.387504;0.06695909
4593.869699;0.06694199
4594.351894;0.06697574
4594.834089;0.06702889
4595.316283;0.06707746
4595.798478;0.06712274
4596.280673;0.06716312
4596.762868;0.06721283
4597.245062;0.06727777
4597.727257;0.06729957
4598.209452;0.06727394
4598.691647;0.06726979
4599.173842;0.06727944
4599.656036;0.06728254
4600.138231;0.06731451
4600.620426;0.06736753
4601.102621;0.06738247
4601.584816;0.06736913
4602.06701;0.06740939
4602.549205;0.06751805
4603.0314;0.06763805
4603.513595;0.06770343
4603.995789;0.0676671
4604.477984;0.06758132
4604.960179;0.06755906
4605.442374;0.06760813
4605.924569;0.06765335
4606.406763;0.06769071
4606.888958;0.06773622
4607.371153;0.06776366
4607.853348;0.06779476
4608.335542;0.06786873
4608.817737;0.0679515
4609.299932;0.06798152
4609.782127;0.06796683
4610.264322;0.0679647
4610.746516;0.06799638
4611.228711;0.06804649
4611.710906;0.06811049
4612.193101;0.06819013
4612.675296;0.06826377
4613.15749;0.06831369
4613.639685;0.06833553
4614.12188;0.06832858
4614.604075;0.06831677
4615.086269;0.06832319
4615.568464;0.06834207
4616.050659;0.06835618
4616.532854;0.06836618
4617.015049;0.06838981
4617.497243;0.068424
4617.979438;0.0684557
4618.461633;0.0684832
4618.943828;0.06849077
4619.426023;0.06850091
4619.908217;0.06858181
4620.390412;0.06867851
4620.872607;0.06868867
4621.354802;0.06865913
4621.836996;0.06866083
4622.319191;0.0687004
4622.801386;0.06877929
4623.283581;0.06886335
4623.765776;0.0689008
4624.24797;0.06889658
4624.730165;0.06889379
4625.21236;0.0689422
4625.694555;0.06903685
4626.176749;0.06908418
4626.658944;0.06907061
4627.141139;0.06908623
4627.623334;0.06915133
4628.105529;0.06921165
4628.587723;0.06923787
4629.069918;0.06926787
4629.552113;0.06931308
4630.034308;0.06934132
4630.516503;0.06937677
4630.998697;0.06941806
4631.480892;0.06942806
4631.963087;0.06944956
4632.445282;0.06952325
4632.927476;0.06957281
4633.409671;0.06952032
4633.891866;0.06944826
4634.374061;0.06948306
4634.856256;0.0695991
4635.33845;0.06970149
4635.820645;0.0697804
4636.30284;0.0698553
4636.785035;0.06989679
4637.267229;0.06989429
4637.749424;0.06989698
4638.231619;0.06992929
4638.713814;0.0699534
4639.196009;0.06994464
4639.678203;0.06992668
4640.160398;0.06993444
4640.642593;0.06998596
4641.124788;0.07006624
4641.606983;0.07013132
4642.089177;0.07016288
4642.571372;0.07018667
4643.053567;0.0702051
4643.535762;0.07019562
4644.017956;0.07018214
4644.500151;0.07020468
4644.982346;0.07025089
4645.464541;0.07030832
4645.946736;0.070383
4646.42893;0.07043619
4646.911125;0.07044452
4647.39332;0.07044127
4647.875515;0.07045802
4648.357709;0.07050125
4648.839904;0.07056138
4649.322099;0.0706284
4649.804294;0.07066289
4650.286489;0.0706546
4650.768683;0.0706814
4651.250878;0.07076432
4651.733073;0.07081763
4652.215268;0.07079565
4652.697463;0.07075517
4653.179657;0.07075264
4653.661852;0.07079102
4654.144047;0.07085966
4654.626242;0.07092338
4655.108436;0.07095681
4655.590631;0.07099178
4656.072826;0.0710521
4656.555021;0.07110291
4657.037216;0.0711081
4657.51941;0.07105856
4658.001605;0.07099225
4658.4838;0.07101019
4658.965995;0.07111712
4659.44819;0.07119934
4659.930384;0.07121684
4660.412579;0.07120533
4660.894774;0.07120061
4661.376969;0.07122547
4661.859163;0.07128
4662.341358;0.0713512
4662.823553;0.07141007
4663.305748;0.07142505
4663.787943;0.07141428
4664.270137;0.07143137
4664.752332;0.07146741
4665.234527;0.07148607
4665.716722;0.07151692
4666.198916;0.07156669
4666.681111;0.07159895
4667.163306;0.07163658
4667.645501;0.07170181
4668.127696;0.07176382
4668.60989;0.07181219
4669.092085;0.07185286
4669.57428;0.07187684
4670.056475;0.07187373
4670.53867;0.07187042
4671.020864;0.07190203
4671.503059;0.07192041
4671.985254;0.071888
4672.467449;0.07187336
4672.949643;0.0719312
4673.431838;0.07202469
4673.914033;0.07211393
4674.396228;0.07219486
4674.878423;0.07222652
4675.360617;0.072187
4675.842812;0.07213757
4676.325007;0.072144
4676.807202;0.07222875
4677.289396;0.07233077
4677.771591;0.07235158
4678.253786;0.07230342
4678.735981;0.07228272
4679.218176;0.07231239
4679.70037;0.07234012
4680.182565;0.07234555
4680.66476;0.07234412
4681.146955;0.07234997
4681.62915;0.07236581
4682.111344;0.0723891
4682.593539;0.07243448
4683.075734;0.07249616
4683.557929;0.07253405
4684.040123;0.07254023
4684.522318;0.0725471
4685.004513;0.07258613
4685.486708;0.07264192
4685.968903;0.0726641
4686.451097;0.07266138
4686.933292;0.0726708
4687.415487;0.07269996
4687.897682;0.07274994
4688.379876;0.07277453
4688.862071;0.0727592
4689.344266;0.07276907
4689.826461;0.0728009
4690.308656;0.0728184
4690.79085;0.07284724
4691.273045;0.07289756
4691.75524;0.07292567
4692.237435;0.07290481
4692.71963;0.07289255
4693.201824;0.07294639
4693.684019;0.0730079
4694.166214;0.07300419
4694.648409;0.07296569
4695.130603;0.07295056
4695.612798;0.07295789
4696.094993;0.0729761
4696.577188;0.07302277
4697.059383;0.07306968
4697.541577;0.07307713
4698.023772;0.07307742
4698.505967;0.07309577
4698.988162;0.07313504
4699.470357;0.07320964
4699.952551;0.07328276
4700.434746;0.07330863
4700.916941;0.07331185
4701.399136;0.07331204
4701.88133;0.07330075
4702.363525;0.07328909
4702.84572;0.0732794
4703.327915;0.07330542
4703.81011;0.07339998
4704.292304;0.07348439
4704.774499;0.07348404
4705.256694;0.07344091
4705.738889;0.07344227
4706.221083;0.07350224
4706.703278;0.07352432
4707.185473;0.07347275
4707.667668;0.07346547
4708.149863;0.07353603
4708.632057;0.07356076
4709.114252;0.07351101
4709.596447;0.07347805
4710.078642;0.07350954
4710.560837;0.0735715
4711.043031;0.07360329
4711.525226;0.07359077
4712.007421;0.07357395
4712.489616;0.07360097
4712.97181;0.07365211
4713.454005;0.07365246
4713.9362;0.07361202
4714.418395;0.07361928
4714.90059;0.07367887
4715.382784;0.07371064
4715.864979;0.0737039
4716.347174;0.07371588
4716.829369;0.07376587
4717.311563;0.07382165
4717.793758;0.07386363
4718.275953;0.07389853
4718.758148;0.07390914
4719.240343;0.07390342
4719.722537;0.07391614
4720.204732;0.0739199
4720.686927;0.07388317
4721.169122;0.07385912
4721.651317;0.07390086
4722.133511;0.0739582
4722.615706;0.07395671
4723.097901;0.07388303
4723.580096;0.07379974
4724.06229;0.07378794
4724.544485;0.07382834
4725.02668;0.07387503
4725.508875;0.0739238
4725.99107;0.07395499
4726.473264;0.07395763
4726.955459;0.07395058
4727.437654;0.07394987
4727.919849;0.07394527
4728.402043;0.07394493
4728.884238;0.07398824
4729.366433;0.07405061
4729.848628;0.07408497
4730.330823;0.07412625
4730.813017;0.07417957
4731.295212;0.07416892
4731.777407;0.07411092
4732.259602;0.07410458
4732.741797;0.07414952
4733.223991;0.07418203
4733.706186;0.07419713
4734.188381;0.07420775
4734.670576;0.0742285
4735.15277;0.07427431
4735.634965;0.07428047
4736.11716;0.07419678
4736.599355;0.07409473
4737.08155;0.0740597
4737.563744;0.07411185
4738.045939;0.07420201
4738.528134;0.07425818
4739.010329;0.07424791
4739.492524;0.07418957
4739.974718;0.07415309
4740.456913;0.0741838
4740.939108;0.07422933
4741.421303;0.07424124
4741.903497;0.07424679
4742.385692;0.07425371
4742.867887;0.07424714
4743.350082;0.07424926
4743.832277;0.07427585
4744.314471;0.07431462
4744.796666;0.07434636
4745.278861;0.07435476
4745.761056;0.07433062
4746.24325;0.07430806
4746.725445;0.07433143
4747.20764;0.07435115
4747.689835;0.07432883
4748.17203;0.0743243
4748.654224;0.07434058
4749.136419;0.07432134
4749.618614;0.07429386
4750.100809;0.0743052
4750.583004;0.07429995
4751.065198;0.0742413
4751.547393;0.07420915
4752.029588;0.07424474
4752.511783;0.07429939
4752.993977;0.07435524
4753.476172;0.07441933
4753.958367;0.07445763
4754.440562;0.07445779
4754.922757;0.07446016
4755.404951;0.07447605
4755.887146;0.07447951
4756.369341;0.07446553
4756.851536;0.0744615
4757.33373;0.07448006
4757.815925;0.07448622
4758.29812;0.07446957
4758.780315;0.07445694
4759.26251;0.07445241
4759.744704;0.07448081
4760.226899;0.07455301
4760.709094;0.07459097
4761.191289;0.07455941
4761.673484;0.07453129
4762.155678;0.07455533
4762.637873;0.07460189
4763.120068;0.07462639
4763.602263;0.0746187
4764.084457;0.07460614
4764.566652;0.07461747
4765.048847;0.07463702
4765.531042;0.07462781
4766.013237;0.07459908
4766.495431;0.07459597
4766.977626;0.07461269
4767.459821;0.07458942
4767.942016;0.0745332
4768.42421;0.07453656
4768.906405;0.07462089
4769.3886;0.07468027
4769.870795;0.07465221
4770.35299;0.07461385
4770.835184;0.07462244
4771.317379;0.0746293
4771.799574;0.07461035
4772.281769;0.07459521
4772.763964;0.07459059
4773.246158;0.0745948
4773.728353;0.07460552
4774.210548;0.07461119
4774.692743;0.07462306
4775.174937;0.07464539
4775.657132;0.07465885
4776.139327;0.07467821
4776.621522;0.07472391
4777.103717;0.07475778
4777.585911;0.07474705
4778.068106;0.07472163
4778.550301;0.07472491
4779.032496;0.07475922
4779.514691;0.07477751
4779.996885;0.0747663
4780.47908;0.0747767
4780.961275;0.07481173
4781.44347;0.0748056
4781.925664;0.07475284
4782.407859;0.07473841
4782.890054;0.0747837
4783.372249;0.07482776
4783.854444;0.07483876
4784.336638;0.07482252
4784.818833;0.0747997
4785.301028;0.07476777
4785.783223;0.07475149
4786.265417;0.07480079
4786.747612;0.0748586
4787.229807;0.07486288
4787.712002;0.07486879
4788.194197;0.07490209
4788.676391;0.07489664
4789.158586;0.07487506
4789.640781;0.07490779
4790.122976;0.074926
4790.605171;0.07486732
4791.087365;0.0747884
4791.56956;0.0747701
4792.051755;0.07483578
4792.53395;0.07493044
4793.016144;0.075005
4793.498339;0.0750409
4793.980534;0.07504654
4794.462729;0.07504132
4794.944924;0.07501625
4795.427118;0.07497857
4795.909313;0.07493934
4796.391508;0.07489377
4796.873703;0.07487722
4797.355897;0.07493031
4797.838092;0.07498153
4798.320287;0.07494044
4798.802482;0.07487756
4799.284677;0.07490192
4799.766871;0.07499959
4800.249066;0.07508123
4800.731261;0.07508963
4801.213456;0.07504933
4801.695651;0.07500842
4802.177845;0.07500065
4802.66004;0.0750316
4803.142235;0.07505243
4803.62443;0.07506157
4804.106624;0.07511543
4804.588819;0.07518477
4805.071014;0.07520342
4805.553209;0.07516452
4806.035404;0.07509403
4806.517598;0.07504468
4806.999793;0.07505086
4807.481988;0.07507693
4807.964183;0.07506682
4808.446377;0.07504364
4808.928572;0.07509357
4809.410767;0.07519943
4809.892962;0.07522969
4810.375157;0.07516991
4810.857351;0.07514716
4811.339546;0.07517234
4811.821741;0.0751722
4812.303936;0.07518508
4812.786131;0.07524782
4813.268325;0.07529098
4813.75052;0.07527143
4814.232715;0.07523324
4814.71491;0.0752041
4815.197104;0.07519168
4815.679299;0.07522018
4816.161494;0.07526097
4816.643689;0.07527226
4817.125884;0.07526745
4817.608078;0.07528277
4818.090273;0.07533492
4818.572468;0.07538593
4819.054663;0.07538677
4819.536858;0.07534975
4820.019052;0.0753205
4820.501247;0.07532743
4820.983442;0.07537993
4821.465637;0.07543333
4821.947831;0.07543295
4822.430026;0.07541151
4822.912221;0.07539666
4823.394416;0.07537029
4823.876611;0.07534868
4824.358805;0.07535371
4824.841;0.07539846
4825.323195;0.07546932
4825.80539;0.07551182
4826.287584;0.07551077
4826.769779;0.07549591
4827.251974;0.07549997
4827.734169;0.07552962
4828.216364;0.07555452
4828.698558;0.07556427
4829.180753;0.07556436
4829.662948;0.07555883
4830.145143;0.07557027
4830.627338;0.0755957
4831.109532;0.07561087
4831.591727;0.07561076
4832.073922;0.07558987
4832.556117;0.07554953
4833.038311;0.07551229
4833.520506;0.07551495
4834.002701;0.07557908
4834.484896;0.07566244
4834.967091;0.0757241
4835.449285;0.07575894
4835.93148;0.07573714
4836.413675;0.07569048
4836.89587;0.07569341
4837.378064;0.07570322
4837.860259;0.07567072
4838.342454;0.07565735
4838.824649;0.07570426
4839.306844;0.07576685
4839.789038;0.0758063
4840.271233;0.07582165
4840.753428;0.07581341
4841.235623;0.07580895
4841.717818;0.0758419
4842.200012;0.07588604
4842.682207;0.0759116
4843.164402;0.075936
4843.646597;0.07595906
4844.128791;0.07595275
4844.610986;0.07591759
4845.093181;0.07588492
4845.575376;0.07587219
4846.057571;0.07585485
4846.539765;0.07583075
4847.02196;0.0758501
4847.504155;0.07592481
4847.98635;0.07600166
4848.468544;0.07604056
4848.950739;0.07608142
4849.432934;0.07616186
4849.915129;0.07622008
4850.397324;0.07620917
4850.879518;0.07618586
4851.361713;0.07619505
4851.843908;0.07620693
4852.326103;0.0762073
4852.808298;0.07620368
4853.290492;0.07619467
4853.772687;0.07620632
4854.254882;0.07625223
4854.737077;0.07634261
4855.219271;0.07647163
4855.701466;0.07654392
4856.183661;0.07649957
4856.665856;0.07640139
4857.148051;0.07633314
4857.630245;0.07630315
4858.11244;0.07628593
4858.594635;0.07633272
4859.07683;0.0764568
4859.559025;0.07653707
4860.041219;0.07652211
4860.523414;0.07650708
4861.005609;0.07655288
4861.487804;0.07661286
4861.969998;0.07662746
4862.452193;0.07660487
4862.934388;0.07661574
4863.416583;0.07669663
4863.898778;0.07678385
4864.380972;0.07681043
4864.863167;0.07680254
4865.345362;0.07681014
4865.827557;0.07682583
4866.309751;0.07683624
4866.791946;0.07685454
4867.274141;0.07687856
4867.756336;0.0768921
4868.238531;0.0768951
4868.720725;0.07688418
4869.20292;0.07685178
4869.685115;0.07685176
4870.16731;0.07692374
4870.649505;0.07700983
4871.131699;0.07707279
4871.613894;0.07710015
4872.096089;0.07707724
4872.578284;0.07703527
4873.060478;0.07699624
4873.542673;0.07698056
4874.024868;0.07702162
4874.507063;0.07709343
4874.989258;0.07714924
4875.471452;0.07719566
4875.953647;0.07722233
4876.435842;0.07721253
4876.918037;0.07723143
4877.400231;0.0772858
4877.882426;0.07731839
4878.364621;0.07739241
4878.846816;0.07751053
4879.329011;0.07750661
4879.811205;0.07740559
4880.2934;0.07741154
4880.775595;0.07748764
4881.25779;0.0774921
4881.739985;0.07747254
4882.222179;0.07748488
4882.704374;0.07751448
4883.186569;0.07755036
4883.668764;0.07755401
4884.150958;0.07755556
4884.633153;0.0776425
4885.115348;0.07775537
4885.597543;0.07778981
4886.079738;0.07779148
4886.561932;0.07782303
4887.044127;0.07786275
4887.526322;0.07788768
4888.008517;0.07788865
4888.490711;0.07786756
4888.972906;0.07788809
4889.455101;0.07797644
4889.937296;0.07801913
4890.419491;0.07797414
4890.901685;0.07795408
4891.38388;0.07797599
4891.866075;0.07798641
4892.34827;0.07803363
4892.830465;0.07812757
4893.312659;0.07818242
4893.794854;0.07818519
4894.277049;0.07819986
4894.759244;0.07824826
4895.241438;0.07830116
4895.723633;0.07833255
4896.205828;0.07835174
4896.688023;0.07838945
4897.170218;0.0784201
4897.652412;0.07840222
4898.134607;0.07839429
4898.616802;0.07844555
4899.098997;0.07851772
4899.581192;0.07856402
4900.063386;0.07856194
4900.545581;0.07854637
4901.027776;0.07856294
4901.509971;0.07859383
4901.992165;0.07861707
4902.47436;0.07866868
4902.956555;0.07875796
4903.43875;0.07882317
4903.920945;0.07884473
4904.403139;0.0788601
4904.885334;0.07889874
4905.367529;0.07894149
4905.849724;0.07893968
4906.331918;0.07892829
4906.814113;0.07898571
4907.296308;0.07909511
4907.778503;0.07917981
4908.260698;0.07922059
4908.742892;0.07924448
4909.225087;0.07924347
4909.707282;0.07921335
4910.189477;0.07920607
4910.671672;0.07925331
4911.153866;0.07931152
4911.636061;0.07935184
4912.118256;0.07940888
4912.600451;0.07949914
4913.082645;0.07959145
4913.56484;0.07964992
4914.047035;0.07965964
4914.52923;0.07963523
4915.011425;0.07962748
4915.493619;0.07969631
4915.975814;0.07981613
4916.458009;0.07987984
4916.940204;0.07987946
4917.422398;0.07990956
4917.904593;0.0799742
4918.386788;0.08002622
4918.868983;0.08006735
4919.351178;0.08009361
4919.833372;0.08010244
4920.315567;0.08011192
4920.797762;0.08013736
4921.279957;0.08018408
4921.762152;0.08025383
4922.244346;0.08031323
4922.726541;0.0803201
4923.208736;0.08035154
4923.690931;0.08047075
4924.173125;0.08056223
4924.65532;0.08055846
4925.137515;0.08054867
4925.61971;0.08057812
4926.101905;0.08062395
4926.584099;0.0806863
4927.066294;0.08077635
4927.548489;0.08089426
4928.030684;0.08099324
4928.512879;0.08102778
4928.995073;0.08103257
4929.477268;0.08104014
4929.959463;0.08103442
4930.441658;0.08103268
4930.923852;0.08109245
4931.406047;0.08118685
4931.888242;0.08122581
4932.370437;0.08123897
4932.852632;0.08131097
4933.334826;0.08138651
4933.817021;0.0814066
4934.299216;0.08147329
4934.781411;0.08161743
4935.263605;0.08172946
4935.7458;0.08178366
4936.227995;0.08181196
4936.71019;0.08185162
4937.192385;0.08191738
4937.674579;0.0819266
4938.156774;0.08186166
4938.638969;0.08184726
4939.121164;0.08193833
4939.603359;0.08205291
4940.085553;0.08213504
4940.567748;0.08220084
4941.049943;0.08227775
4941.532138;0.08233968
4942.014332;0.08234084
4942.496527;0.08235321
4942.978722;0.08240614
4943.460917;0.08242153
4943.943112;0.08244886
4944.425306;0.08254232
4944.907501;0.08263414
4945.389696;0.0826735
4945.871891;0.08265857
4946.354085;0.08265333
4946.83628;0.08272535
4947.318475;0.0828513
4947.80067;0.08299313
4948.282865;0.08311547
4948.765059;0.08316202
4949.247254;0.08316412
4949.729449;0.083211
4950.211644;0.08328468
4950.693839;0.08333918
4951.176033;0.08339368
4951.658228;0.08341841
4952.140423;0.08340375
4952.622618;0.08345195
4953.104812;0.08357713
4953.587007;0.08368164
4954.069202;0.08374201
4954.551397;0.08377375
4955.033592;0.08378439
4955.515786;0.08380964
4955.997981;0.08382657
4956.480176;0.08381255
4956.962371;0.08387806
4957.444565;0.08407867
4957.92676;0.08430212
4958.408955;0.08443508
4958.89115;0.08444606
4959.373345;0.08439067
4959.855539;0.08436584
4960.337734;0.08441578
4960.819929;0.08451278
4961.302124;0.08461736
4961.784319;0.08473094
4962.266513;0.08483289
4962.748708;0.08487827
4963.230903;0.08489815
4963.713098;0.08494887
4964.195292;0.08503462
4964.677487;0.08513647
4965.159682;0.08522629
4965.641877;0.08526652
4966.124072;0.0852618
4966.606266;0.08530517
4967.088461;0.0854409
4967.570656;0.08553841
4968.052851;0.08550917
4968.535046;0.0854653
4969.01724;0.08550832
4969.499435;0.08561514
4969.98163;0.08574474
4970.463825;0.08586735
4970.946019;0.08597066
4971.428214;0.08607771
4971.910409;0.086169
4972.392604;0.08617757
4972.874799;0.08613975
4973.356993;0.08618164
4973.839188;0.08630713
4974.321383;0.08640605
4974.803578;0.08641672
4975.285772;0.08636794
4975.767967;0.08637469
4976.250162;0.08648953
4976.732357;0.08664344
4977.214552;0.08681218
4977.696746;0.08696816
4978.178941;0.0870435
4978.661136;0.08703808
4979.143331;0.08701263
4979.625526;0.08705994
4980.10772;0.08720274
4980.589915;0.0873519
4981.07211;0.08745353
4981.554305;0.08754802
4982.036499;0.08764631
4982.518694;0.08770995
4983.000889;0.08774613
4983.483084;0.08774668
4983.965279;0.08771759
4984.447473;0.08772542
4984.929668;0.08777492
4985.411863;0.0878509
4985.894058;0.08794038
4986.376252;0.08803426
4986.858447;0.08818567
4987.340642;0.08834355
4987.822837;0.08838422
4988.305032;0.08839286
4988.787226;0.08849052
4989.269421;0.08858724
4989.751616;0.08863062
4990.233811;0.08868428
4990.716006;0.08875894
4991.1982;0.08884789
4991.680395;0.08892787
4992.16259;0.08898726
4992.644785;0.08905875
4993.126979;0.08913554
4993.609174;0.0892157
4994.091369;0.08930217
4994.573564;0.08933985
4995.055759;0.08932689
4995.537953;0.08936884
4996.020148;0.08949837
4996.502343;0.08960781
4996.984538;0.08965019
4997.466732;0.08968692
4997.948927;0.08973762
4998.431122;0.08978713
4998.913317;0.0898316
4999.395512;0.08986981
4999.877706;0.08992895
5000.359901;0.09000339
5000.842096;0.09005804
5001.324291;0.09014251
5001.806486;0.09028011
5002.28868;0.09036015
5002.770875;0.09033782
5003.25307;0.09031784
5003.735265;0.09035987
5004.217459;0.09043068
5004.699654;0.09050973
5005.181849;0.09061041
5005.664044;0.09073231
5006.146239;0.09080914
5006.628433;0.09080689
5007.110628;0.09081571
5007.592823;0.09087671
5008.075018;0.0909035
5008.557213;0.09090348
5009.039407;0.0909899
5009.521602;0.09112366
5010.003797;0.09120711
5010.485992;0.09128084
5010.968186;0.09136193
5011.450381;0.09138785
5011.932576;0.09137092
5012.414771;0.09141208
5012.896966;0.09152961
5013.37916;0.09162119
5013.861355;0.09166897
5014.34355;0.09172633
5014.825745;0.09177813
5015.307939;0.09182972
5015.790134;0.09190043
5016.272329;0.09194469
5016.754524;0.09197681
5017.236719;0.09204573
5017.718913;0.09208851
5018.201108;0.09204725
5018.683303;0.09200913
5019.165498;0.09211013
5019.647693;0.09233408
5020.129887;0.0925063
5020.612082;0.09253842
5021.094277;0.09251265
5021.576472;0.09250939
5022.058666;0.09251636
5022.540861;0.09254023
5023.023056;0.09262359
5023.505251;0.09271711
5023.987446;0.09276014
5024.46964;0.09278394
5024.951835;0.09280777
5025.43403;0.09280027
5025.916225;0.09276988
5026.398419;0.09279819
5026.880614;0.09292497
5027.362809;0.09307662
5027.845004;0.09317289
5028.327199;0.0932155
5028.809393;0.09326664
5029.291588;0.09333925
5029.773783;0.09336352
5030.255978;0.09333521
5030.738173;0.09332323
5031.220367;0.09334312
5031.702562;0.09340478
5032.184757;0.09349833
5032.666952;0.09354065
5033.149146;0.09354445
5033.631341;0.0935954
5034.113536;0.09365813
5034.595731;0.09368488
5035.077926;0.09370115
5035.56012;0.09372073
5036.042315;0.09376782
5036.52451;0.09386825
5037.006705;0.09396703
5037.488899;0.09397974
5037.971094;0.09392618
5038.453289;0.09388508
5038.935484;0.09387581
5039.417679;0.0939189
5039.899873;0.09401648
5040.382068;0.09406039
5040.864263;0.09401511
5041.346458;0.09400189
5041.828653;0.09405715
5042.310847;0.0941017
5042.793042;0.09412169
5043.275237;0.09415774
5043.757432;0.09423231
5044.239626;0.09434205
5044.721821;0.09441569
5045.204016;0.09439206
5045.686211;0.09435394
5046.168406;0.09439798
5046.6506;0.09448618
5047.132795;0.0945503
5047.61499;0.09458279
5048.097185;0.09458569
5048.57938;0.09455022
5049.061574;0.09452156
5049.543769;0.09455599
5050.025964;0.09459929
5050.508159;0.09458888
5050.990353;0.09456462
5051.472548;0.0945692
5051.954743;0.09459453
5052.436938;0.09462805
5052.919133;0.09466632
5053.401327;0.09470447
5053.883522;0.09474787
5054.365717;0.09479871
5054.847912;0.09485248
5055.330106;0.09488832
5055.812301;0.09486285
5056.294496;0.09484286
5056.776691;0.09491494
5057.258886;0.09498379
5057.74108;0.09497514
5058.223275;0.09493855
5058.70547;0.0948992
5059.187665;0.09485006
5059.66986;0.09481651
5060.152054;0.09485181
5060.634249;0.09493106
5061.116444;0.09497102
5061.598639;0.09494436
5062.080833;0.09488274
5062.563028;0.09485275
5063.045223;0.09487236
5063.527418;0.09488306
5064.009613;0.09487259
5064.491807;0.09490107
5064.974002;0.0949559
5065.456197;0.09495387
5065.938392;0.09490899
5066.420586;0.09487931
5066.902781;0.09486809
5067.384976;0.09485714
5067.867171;0.09484378
5068.349366;0.09485243
5068.83156;0.09486819
5069.313755;0.09487647
5069.79595;0.09491868
5070.278145;0.09499353
5070.76034;0.09506562
5071.242534;0.09510987
5071.724729;0.09508581
5072.206924;0.09499703
5072.689119;0.09491929
5073.171313;0.09489422
5073.653508;0.09489615
5074.135703;0.09490962
5074.617898;0.09490421
5075.100093;0.09483076
5075.582287;0.09475429
5076.064482;0.09477293
5076.546677;0.09483378
5077.028872;0.09485238
5077.511066;0.09483723
5077.993261;0.09482858
5078.475456;0.09485148
5078.957651;0.09487635
5079.439846;0.09486663
5079.92204;0.09484731
5080.404235;0.09485673
5080.88643;0.0948959
5081.368625;0.09492029
5081.85082;0.09488491
5082.333014;0.0948159
5082.815209;0.09474488
5083.297404;0.09465337
5083.779599;0.09459354
5084.261793;0.09461799
5084.743988;0.09463307
5085.226183;0.09458141
5085.708378;0.09453298
5086.190573;0.09451935
5086.672767;0.094528
5087.154962;0.09457516
5087.637157;0.09461007
5088.119352;0.09455734
5088.601547;0.09447691
5089.083741;0.09445424
5089.565936;0.09447485
5090.048131;0.09447049
5090.530326;0.0944126
5091.01252;0.09434114
5091.494715;0.09430273
5091.97691;0.09432914
5092.459105;0.09438189
5092.9413;0.09437545
5093.423494;0.09431115
5093.905689;0.09425639
5094.387884;0.09424505
5094.870079;0.09426241
5095.352273;0.09429206
5095.834468;0.09431718
5096.316663;0.09431823
5096.798858;0.09427208
5097.281053;0.094166
5097.763247;0.09406335
5098.245442;0.09401546
5098.727637;0.09398452
5099.209832;0.09393844
5099.692027;0.09388626
5100.174221;0.09384465
5100.656416;0.09382575
5101.138611;0.09382721
5101.620806;0.09380569
5102.103;0.09374798
5102.585195;0.09370887
5103.06739;0.093675
5103.549585;0.09362043
5104.03178;0.09361779
5104.513974;0.09364941
5104.996169;0.09361275
5105.478364;0.09353126
5105.960559;0.09345963
5106.442753;0.09340104
5106.924948;0.09337292
5107.407143;0.09335209
5107.889338;0.0932954
5108.371533;0.0932195
5108.853727;0.09317513
5109.335922;0.09316774
5109.818117;0.09314904
5110.300312;0.09312791
5110.782507;0.09310661
5111.264701;0.09303413
5111.746896;0.09299256
5112.229091;0.0930374
5112.711286;0.09302446
5113.19348;0.09292315
5113.675675;0.09281746
5114.15787;0.09271232
5114.640065;0.09265418
5115.12226;0.09266819
5115.604454;0.09268018
5116.086649;0.09263993
5116.568844;0.09255384
5117.051039;0.09249187
5117.533233;0.09250017
5118.015428;0.09251463
5118.497623;0.09248721
5118.979818;0.09244893
5119.462013;0.09241133
5119.944207;0.09235307
5120.426402;0.09228087
5120.908597;0.09219465
5121.390792;0.09207799
5121.872987;0.09195547
5122.355181;0.09185966
5122.837376;0.09178599
5123.319571;0.09173915
5123.801766;0.09175209
5124.28396;0.09178552
5124.766155;0.09174258
5125.24835;0.09166908
5125.730545;0.09168011
5126.21274;0.09172122
5126.694934;0.09169594
5127.177129;0.09161017
5127.659324;0.0914856
5128.141519;0.09138313
5128.623714;0.09133165
5129.105908;0.09126206
5129.588103;0.09121748
5130.070298;0.09123
5130.552493;0.09117217
5131.034687;0.09108803
5131.516882;0.09109363
5131.999077;0.09107952
5132.481272;0.09098998
5132.963467;0.0909015
5133.445661;0.09082647
5133.927856;0.09075709
5134.410051;0.09067513
5134.892246;0.09061029
5135.37444;0.0906291
5135.856635;0.09065041
5136.33883;0.09058459
5136.821025;0.09048747
5137.30322;0.09041971
5137.785414;0.09035546
5138.267609;0.09024144
5138.749804;0.09010947
5139.231999;0.09004057
5139.714194;0.0900476
5140.196388;0.09007297
5140.678583;0.09005924
5141.160778;0.09002519
5141.642973;0.08999427
5142.125167;0.08991941
5142.607362;0.08980377
5143.089557;0.08972498
5143.571752;0.08970567
5144.053947;0.0897133
5144.536141;0.08970804
5145.018336;0.08965352
5145.500531;0.08958382
5145.982726;0.0895267
5146.46492;0.08941856
5146.947115;0.08925619
5147.42931;0.08913022
5147.911505;0.08908892
5148.3937;0.08909559
5148.875894;0.08906639
5149.358089;0.08897786
5149.840284;0.08892333
5150.322479;0.08893727
5150.804674;0.08891189
5151.286868;0.0888014
5151.769063;0.08868513
5152.251258;0.08863059
5152.733453;0.08859639
5153.215647;0.08851943
5153.697842;0.0884625
5154.180037;0.08846416
5154.662232;0.08842853
5155.144427;0.08833712
5155.626621;0.08827166
5156.108816;0.08820119
5156.591011;0.08806681
5157.073206;0.08797427
5157.5554;0.08796999
5158.037595;0.08793508
5158.51979;0.08783709
5159.001985;0.08772969
5159.48418;0.08763759
5159.966374;0.08757758
5160.448569;0.08753851
5160.930764;0.0874856
5161.412959;0.08740651
5161.895154;0.08731566
5162.377348;0.08722024
5162.859543;0.08711867
5163.341738;0.08705196
5163.823933;0.08701663
5164.306127;0.08695238
5164.788322;0.08691569
5165.270517;0.0869374
5165.752712;0.08690409
5166.234907;0.08676232
5166.717101;0.08657323
5167.199296;0.08643952
5167.681491;0.08639386
5168.163686;0.08638585
5168.645881;0.08639474
5169.128075;0.08638717
5169.61027;0.08631229
5170.092465;0.08616884
5170.57466;0.08599205
5171.056854;0.08581679
5171.539049;0.08567456
5172.021244;0.08564577
5172.503439;0.08573245
5172.985634;0.08576728
5173.467828;0.0856731
5173.950023;0.08556928
5174.432218;0.08554281
5174.914413;0.0855487
5175.396607;0.08554175
5175.878802;0.0855036
5176.360997;0.08538844
5176.843192;0.08522405
5177.325387;0.0850895
5177.807581;0.08499502
5178.289776;0.08492201
5178.771971;0.08483889
5179.254166;0.08475687
5179.736361;0.08475044
5180.218555;0.08480088
5180.70075;0.08480759
5181.182945;0.08473133
5181.66514;0.08460536
5182.147334;0.08448922
5182.629529;0.08443329
5183.111724;0.08440588
5183.593919;0.08432762
5184.076114;0.08418797
5184.558308;0.08401783
5185.040503;0.08388754
5185.522698;0.08387154
5186.004893;0.08391532
5186.487087;0.08390858
5186.969282;0.0838341
5187.451477;0.08375771
5187.933672;0.08371662
5188.415867;0.08369041
5188.898061;0.08364576
5189.380256;0.08356445
5189.862451;0.08347987
5190.344646;0.08339938
5190.826841;0.08327192
5191.309035;0.08311112
5191.79123;0.08301193
5192.273425;0.08301955
5192.75562;0.08306133
5193.237814;0.08306076
5193.720009;0.08299284
5194.202204;0.08287299
5194.684399;0.08277018
5195.166594;0.08269779
5195.648788;0.08261821
5196.130983;0.08255014
5196.613178;0.08249161
5197.095373;0.08240581
5197.577567;0.08232096
5198.059762;0.08225239
5198.541957;0.08217501
5199.024152;0.0821289
5199.506347;0.08210506
5199.988541;0.08202731
5200.470736;0.08194207
5200.952931;0.08191719
5201.435126;0.08189823
5201.917321;0.08181648
5202.399515;0.08168019
5202.88171;0.08156411
5203.363905;0.08152155
5203.8461;0.08150343
5204.328294;0.08141011
5204.810489;0.08124603
5205.292684;0.08116542
5205.774879;0.08120808
5206.257074;0.08120168
5206.739268;0.08109954
5207.221463;0.08100353
5207.703658;0.08092879
5208.185853;0.08087162
5208.668048;0.08081851
5209.150242;0.08073197
5209.632437;0.08063874
5210.114632;0.08054951
5210.596827;0.08049571
5211.079021;0.08053274
5211.561216;0.08057327
5212.043411;0.08052371
5212.525606;0.08040823
5213.007801;0.08029004
5213.489995;0.08023558
5213.97219;0.08021689
5214.454385;0.08015132
5214.93658;0.08004823
5215.418774;0.07995825
5215.900969;0.07989368
5216.383164;0.0798416
5216.865359;0.0797732
5217.347554;0.07968951
5217.829748;0.07966354
5218.311943;0.0796954
5218.794138;0.07965448
5219.276333;0.07950269
5219.758528;0.07932812
5220.240722;0.0792155
5220.722917;0.07921699
5221.205112;0.07924108
5221.687307;0.07914463
5222.169501;0.07900218
5222.651696;0.07893529
5223.133891;0.07888979
5223.616086;0.07881624
5224.098281;0.07873587
5224.580475;0.07865865
5225.06267;0.07861356
5225.544865;0.07861179
5226.02706;0.07862222
5226.509254;0.07861197
5226.991449;0.07853285
5227.473644;0.07840639
5227.955839;0.07835195
5228.438034;0.078393
5228.920228;0.07841719
5229.402423;0.07835478
5229.884618;0.07821611
5230.366813;0.07804184
5230.849008;0.07793149
5231.331202;0.07792939
5231.813397;0.07793288
5232.295592;0.07789585
5232.777787;0.07781214
5233.259981;0.0776465
5233.742176;0.07752211
5234.224371;0.07752188
5234.706566;0.07753078
5235.188761;0.0774843
5235.670955;0.07739592
5236.15315;0.07732373
5236.635345;0.07731906
5237.11754;0.07729825
5237.599734;0.07719808
5238.081929;0.07709991
5238.564124;0.07706182
5239.046319;0.07705917
5239.528514;0.07707354
5240.010708;0.07705925
5240.492903;0.0769622
5240.975098;0.07683427
5241.457293;0.07676066
5241.939488;0.07671919
5242.421682;0.07665721
5242.903877;0.07660246
5243.386072;0.0765228
5243.868267;0.07637372
5244.350461;0.07630979
5244.832656;0.07638025
5245.314851;0.07637271
5245.797046;0.07622246
5246.279241;0.0760791
5246.761435;0.07601105
5247.24363;0.0759484
5247.725825;0.07587189
5248.20802;0.0758788
5248.690215;0.07598337
5249.172409;0.07604091
5249.654604;0.07596561
5250.136799;0.07583465
5250.618994;0.07570167
5251.101188;0.07556471
5251.583383;0.07550369
5252.065578;0.0755282
5252.547773;0.07551128
5253.029968;0.0754096
5253.512162;0.07527887
5253.994357;0.07517575
5254.476552;0.07512438
5254.958747;0.07511063
5255.440941;0.07512848
5255.923136;0.07515182
5256.405331;0.07510842
5256.887526;0.07497906
5257.369721;0.07484844
5257.851915;0.07480188
5258.33411;0.07481302
5258.816305;0.07478563
5259.2985;0.07469664
5259.780695;0.07462428
5260.262889;0.07460162
5260.745084;0.07453971
5261.227279;0.07439638
5261.709474;0.07429053
5262.191668;0.07430152
5262.673863;0.07431891
5263.156058;0.07422305
5263.638253;0.07407121
5264.120448;0.07397355
5264.602642;0.07394243
5265.084837;0.07397967
5265.567032;0.07406632
5266.049227;0.07410036
5266.531421;0.07403436
5267.013616;0.07394287
5267.495811;0.07390561
5267.978006;0.07387868
5268.460201;0.07376864
5268.942395;0.07361891
5269.42459;0.07354234
5269.906785;0.07356064
5270.38898;0.07363409
5270.871175;0.07370263
5271.353369;0.07367825
5271.835564;0.07355275
5272.317759;0.0734487
5272.799954;0.0734349
5273.282148;0.07341775
5273.764343;0.07331279
5274.246538;0.07316538
5274.728733;0.07305595
5275.210928;0.07301655
5275.693122;0.07300106
5276.175317;0.07295144
5276.657512;0.07290861
5277.139707;0.07292366
5277.621901;0.07294343
5278.104096;0.07289205
5278.586291;0.07276752
5279.068486;0.07261562
5279.550681;0.07249621
5280.032875;0.07244496
5280.51507;0.07242344
5280.997265;0.07238584
5281.47946;0.07234862
5281.961655;0.07231224
5282.443849;0.07222391
5282.926044;0.07212999
5283.408239;0.07214827
5283.890434;0.07222626
5284.372628;0.07225617
5284.854823;0.07226109
5285.337018;0.07225832
5285.819213;0.07219295
5286.301408;0.07206072
5286.783602;0.0719402
5287.265797;0.07184991
5287.747992;0.07176175
5288.230187;0.07172024
5288.712382;0.07173532
5289.194576;0.0717339
5289.676771;0.07168886
5290.158966;0.07163687
5290.641161;0.07159089
5291.123355;0.07154028
5291.60555;0.07151328
5292.087745;0.07153046
5292.56994;0.07150787
5293.052135;0.07135288
5293.534329;0.07114554
5294.016524;0.07105999
5294.498719;0.071133
5294.980914;0.0712337
5295.463108;0.07127122
5295.945303;0.07126237
5296.427498;0.07122911
5296.909693;0.07120472
5297.391888;0.07118449
5297.874082;0.07111954
5298.356277;0.07104074
5298.838472;0.07098831
5299.320667;0.07094458
5299.802862;0.07091249
5300.285056;0.0708885
5300.767251;0.07079732
5301.249446;0.07061744
5301.731641;0.07049153
5302.213835;0.07051755
5302.69603;0.07057505
5303.178225;0.07055152
5303.66042;0.07052622
5304.142615;0.07057603
5304.624809;0.07065331
5305.107004;0.07067601
5305.589199;0.07057919
5306.071394;0.07040885
5306.553588;0.07031375
5307.035783;0.070322
5307.517978;0.07031862
5308.000173;0.07026684
5308.482368;0.07021773
5308.964562;0.07015423
5309.446757;0.07007863
5309.928952;0.07006076
5310.411147;0.07010424
5310.893342;0.07019494
5311.375536;0.07028803
5311.857731;0.07025991
5312.339926;0.07010934
5312.822121;0.06997226
5313.304315;0.06992777
5313.78651;0.06991085
5314.268705;0.06980247
5314.7509;0.06966071
5315.233095;0.06962943
5315.715289;0.06967586
5316.197484;0.06971174
5316.679679;0.0697172
5317.161874;0.06967993
5317.644068;0.06964254
5318.126263;0.0696708
5318.608458;0.06970904
5319.090653;0.06965142
5319.572848;0.06952798
5320.055042;0.06944752
5320.537237;0.06943311
5321.019432;0.06944188
5321.501627;0.06944118
5321.983822;0.06945454
5322.466016;0.06950384
5322.948211;0.06947665
5323.430406;0.06931709
5323.912601;0.069175
5324.394795;0.06911638
5324.87699;0.06908428
5325.359185;0.06909478
5325.84138;0.06913927
5326.323575;0.06916358
5326.805769;0.06917112
5327.287964;0.06912502
5327.770159;0.0690221
5328.252354;0.06901187
5328.734549;0.06907907
5329.216743;0.06903135
5329.698938;0.06888834
5330.181133;0.06877838
5330.663328;0.06871886
5331.145522;0.06868925
5331.627717;0.06867392
5332.109912;0.06863033
5332.592107;0.06855126
5333.074302;0.06853933
5333.556496;0.06860358
5334.038691;0.06864056
5334.520886;0.06864402
5335.003081;0.06857659
5335.485275;0.06842559
5335.96747;0.0683223
5336.449665;0.06826934
5336.93186;0.0681883
5337.414055;0.06811272
5337.896249;0.06806228
5338.378444;0.06805643
5338.860639;0.06814119
5339.342834;0.06823418
5339.825029;0.06826014
5340.307223;0.06830993
5340.789418;0.06837443
5341.271613;0.06831804
5341.753808;0.06816851
5342.236002;0.06805462
5342.718197;0.06802322
5343.200392;0.06803639
5343.682587;0.0680351
5344.164782;0.06803096
5344.646976;0.06804777
5345.129171;0.06803194
5345.611366;0.06798904
5346.093561;0.0680074
5346.575755;0.06802631
5347.05795;0.06790771
5347.540145;0.0677041
5348.02234;0.06759069
5348.504535;0.06765132
5348.986729;0.06779954
5349.468924;0.06790727
5349.951119;0.067909
5350.433314;0.06780395
5350.915509;0.06772963
5351.397703;0.0677525
5351.879898;0.0677351
5352.362093;0.06763773
5352.844288;0.06756382
5353.326482;0.06755307
5353.808677;0.06753818
5354.290872;0.06749872
5354.773067;0.06751744
5355.255262;0.06760724
5355.737456;0.06766683
5356.219651;0.06762592
5356.701846;0.06756078
5357.184041;0.06753534
5357.666235;0.06746506
5358.14843;0.06732806
5358.630625;0.06720734
5359.11282;0.0671782
5359.595015;0.06724276
5360.077209;0.06729327
5360.559404;0.06725141
5361.041599;0.06714377
5361.523794;0.06704471
5362.005989;0.06698143
5362.488183;0.0669532
5362.970378;0.06701425
5363.452573;0.06709101
5363.934768;0.06706098
5364.416962;0.06703489
5364.899157;0.06708089
5365.381352;0.06707209
5365.863547;0.0670113
5366.345742;0.06699733
5366.827936;0.06700397
5367.310131;0.06700391
5367.792326;0.06702124
5368.274521;0.06703135
5368.756716;0.06701445
5369.23891;0.06697176
5369.721105;0.0669129
5370.2033;0.06688634
5370.685495;0.06689091
5371.167689;0.06687586
5371.649884;0.0668307
5372.132079;0.06676409
5372.614274;0.06673601
5373.096469;0.06678585
5373.578663;0.0668192
5374.060858;0.06679153
5374.543053;0.06673276
5375.025248;0.06662902
5375.507442;0.06654154
5375.989637;0.06654353
5376.471832;0.06658222
5376.954027;0.06662262
5377.436222;0.06666359
5377.918416;0.06663811
5378.400611;0.06655917
5378.882806;0.06651291
5379.365001;0.06646292
5379.847196;0.06640456
5380.32939;0.06644616
5380.811585;0.0665402
5381.29378;0.06655522
5381.775975;0.06652571
5382.258169;0.06648586
5382.740364;0.06638983
5383.222559;0.06629696
5383.704754;0.06628952
5384.186949;0.06634238
5384.669143;0.06637388
5385.151338;0.06632665
5385.633533;0.06623775
5386.115728;0.06619328
5386.597922;0.06620792
5387.080117;0.06619956
5387.562312;0.06616855
5388.044507;0.06620675
5388.526702;0.06625281
5389.008896;0.06619813
5389.491091;0.06611188
5389.973286;0.06612425
5390.455481;0.06619649
5390.937676;0.06619
5391.41987;0.06612176
5391.902065;0.06608956
5392.38426;0.06607929
5392.866455;0.06603901
5393.348649;0.06602754
5393.830844;0.06610205
5394.313039;0.06615388
5394.795234;0.06609364
5395.277429;0.06599132
5395.759623;0.06592461
5396.241818;0.06591358
5396.724013;0.06599487
5397.206208;0.06610555
5397.688402;0.06607715
5398.170597;0.06597999
5398.652792;0.06597323
5399.134987;0.06595106
5399.617182;0.06584813
5400.099376;0.06578878
5400.581571;0.06578089
5401.063766;0.06574678
5401.545961;0.06569567
5402.028156;0.06566389
5402.51035;0.06567642
5402.992545;0.06576714
5403.47474;0.06591367
5403.956935;0.06597971
5404.439129;0.06590143
5404.921324;0.0657935
5405.403519;0.06571243
5405.885714;0.06565673
5406.367909;0.06568459
5406.850103;0.06576874
5407.332298;0.06580836
5407.814493;0.06578807
5408.296688;0.06572606
5408.778883;0.06563891
5409.261077;0.0656014
5409.743272;0.06560893
5410.225467;0.06556375
5410.707662;0.06548446
5411.189856;0.06549035
5411.672051;0.0655843
5412.154246;0.06565026
5412.636441;0.06565999
5413.118636;0.06561263
5413.60083;0.06550986
5414.083025;0.0654405
5414.56522;0.06543332
5415.047415;0.06544505
5415.529609;0.06543319
5416.011804;0.06539086
5416.493999;0.06535792
5416.976194;0.0653624
5417.458389;0.06543227
5417.940583;0.06554566
5418.422778;0.06561578
5418.904973;0.06559402
5419.387168;0.06552503
5419.869363;0.06549031
5420.351557;0.06547049
5420.833752;0.06539895
5421.315947;0.06532132
5421.798142;0.06532627
5422.280336;0.06543466
5422.762531;0.06559826
5423.244726;0.06568262
5423.726921;0.06562857
5424.209116;0.06554946
5424.69131;0.06550403
5425.173505;0.06548695
5425.6557;0.06550315
5426.137895;0.06550858
5426.620089;0.06549418
5427.102284;0.06550335
5427.584479;0.0655142
5428.066674;0.0654786
5428.548869;0.06544872
5429.031063;0.06550317
5429.513258;0.06561385
5429.995453;0.06569576
5430.477648;0.06572571
5430.959843;0.06570872
5431.442037;0.06562806
5431.924232;0.06553355
5432.406427;0.06547167
5432.888622;0.06544329
5433.370816;0.06545178
5433.853011;0.06545063
5434.335206;0.06545722
5434.817401;0.06552877
5435.299596;0.06560741
5435.78179;0.06563181
5436.263985;0.06560209
5436.74618;0.06554396
5437.228375;0.0655238
5437.710569;0.06555093
5438.192764;0.06553692
5438.674959;0.06547598
5439.157154;0.06544445
5439.639349;0.06545702
5440.121543;0.06550444
5440.603738;0.06553937
5441.085933;0.06544241
5441.568128;0.06524152
5442.050323;0.06517915
5442.532517;0.06530902
5443.014712;0.06544304
5443.496907;0.06552096
5443.979102;0.06554453
5444.461296;0.06547552
5444.943491;0.06539909
5445.425686;0.06542815
5445.907881;0.06550043
5446.390076;0.06550284
5446.87227;0.06547598
5447.354465;0.06550644
5447.83666;0.06557374
5448.318855;0.06564265
5448.80105;0.06572784
5449.283244;0.06573403
5449.765439;0.06557052
5450.247634;0.06539299
5450.729829;0.06535709
5451.212023;0.06543688
5451.694218;0.06552377
5452.176413;0.06553823
5452.658608;0.06553554
5453.140803;0.06558195
5453.622997;0.06562588
5454.105192;0.06561415
5454.587387;0.06559876
5455.069582;0.06560526
5455.551776;0.06556741
5456.033971;0.06550576
5456.516166;0.06548999
5456.998361;0.06552476
5457.480556;0.06560709
5457.96275;0.06567147
5458.444945;0.06562289
5458.92714;0.06552041
5459.409335;0.06544793
5459.89153;0.06538855
5460.373724;0.06537637
5460.855919;0.0654181
5461.338114;0.06543395
5461.820309;0.06544834
5462.302503;0.06552565
5462.784698;0.06561646
5463.266893;0.0656711
5463.749088;0.06567057
5464.231283;0.06558117
5464.713477;0.06551142
5465.195672;0.06557106
5465.677867;0.06564951
5466.160062;0.06564947
5466.642256;0.06562528
5467.124451;0.06565924
5467.606646;0.06572914
5468.088841;0.06576189
5468.571036;0.0657673
5469.05323;0.06573019
5469.535425;0.06561524
5470.01762;0.06552432
5470.499815;0.06561289
5470.98201;0.06585958
5471.464204;0.06602423
5471.946399;0.06596289
5472.428594;0.06583026
5472.910789;0.06577795
5473.392983;0.06575275
5473.875178;0.06571006
5474.357373;0.06566285
5474.839568;0.06560843
5475.321763;0.06560628
5475.803957;0.06567533
5476.286152;0.06573217
5476.768347;0.06577652
5477.250542;0.06584167
5477.732736;0.06588344
5478.214931;0.06588119
5478.697126;0.06580252
5479.179321;0.06563796
5479.661516;0.06551306
5480.14371;0.06554303
5480.625905;0.06571806
5481.1081;0.06587901
5481.590295;0.06588606
5482.07249;0.06585323
5482.554684;0.06594346
5483.036879;0.06609695
5483.519074;0.06614757
5484.001269;0.06609757
5484.483463;0.06604647
5484.965658;0.06597126
5485.447853;0.06591402
5485.930048;0.06595488
5486.412243;0.06596968
5486.894437;0.06592302
5487.376632;0.0659254
5487.858827;0.06593108
5488.341022;0.06591152
5488.823217;0.06591538
5489.305411;0.06590496
5489.787606;0.06587982
5490.269801;0.06588338
5490.751996;0.0658715
5491.23419;0.06579452
5491.716385;0.0657538
5492.19858;0.06582922
5492.680775;0.06587011
5493.16297;0.06577335
5493.645164;0.06567284
5494.127359;0.06569915
5494.609554;0.06582242
5495.091749;0.06593046
5495.573943;0.0659864
5496.056138;0.06605846
5496.538333;0.06615909
5497.020528;0.06621053
5497.502723;0.06617592
5497.984917;0.06610075
5498.467112;0.06610125
5498.949307;0.06622317
5499.431502;0.06633887
5499.913697;0.06635041
5500.395891;0.06631234
5500.878086;0.0662926
5501.360281;0.06624948
5501.842476;0.06616285
5502.32467;0.06610999
5502.806865;0.06612087
5503.28906;0.06617754
5503.771255;0.06621725
5504.25345;0.06616867
5504.735644;0.06609947
5505.217839;0.06609942
5505.700034;0.06613069
5506.182229;0.06613588
5506.664423;0.06616792
5507.146618;0.06628358
5507.628813;0.06638355
5508.111008;0.06634968
5508.593203;0.06624199
5509.075397;0.06622894
5509.557592;0.06633988
5510.039787;0.06641025
5510.521982;0.06635989
5511.004177;0.06630322
5511.486371;0.06634239
5511.968566;0.06640806
5512.450761;0.06640284
5512.932956;0.06639732
5513.41515;0.0664374
5513.897345;0.06648219
5514.37954;0.066547
5514.861735;0.06657719
5515.34393;0.0665409
5515.826124;0.06652847
5516.308319;0.0665459
5516.790514;0.06653693
5517.272709;0.06649032
5517.754904;0.06644841
5518.237098;0.06649763
5518.719293;0.06660672
5519.201488;0.06661699
5519.683683;0.066528
5520.165877;0.06648958
5520.648072;0.06651458
5521.130267;0.06651008
5521.612462;0.06648311
5522.094657;0.06650838
5522.576851;0.06655001
5523.059046;0.06654505
5523.541241;0.06653862
5524.023436;0.06655511
5524.50563;0.06657616
5524.987825;0.06658202
5525.47002;0.06658921
5525.952215;0.06667563
5526.43441;0.06679147
5526.916604;0.06680784
5527.398799;0.06675842
5527.880994;0.06673464
5528.363189;0.06670341
5528.845384;0.06664588
5529.327578;0.06666368
5529.809773;0.06674291
5530.291968;0.06677946
5530.774163;0.06678692
5531.256357;0.06677661
5531.738552;0.06676196
5532.220747;0.06678962
5532.702942;0.06679992
5533.185137;0.06675299
5533.667331;0.06671562
5534.149526;0.06671783
5534.631721;0.0667349
5535.113916;0.06673506
5535.59611;0.06674798
5536.078305;0.06683178
5536.5605;0.06690619
5537.042695;0.06686772
5537.52489;0.06677831
5538.007084;0.06675015
5538.489279;0.06676039
5538.971474;0.06674236
5539.453669;0.06672768
5539.935864;0.06673201
5540.418058;0.06678656
5540.900253;0.06691557
5541.382448;0.0670104
5541.864643;0.06703759
5542.346837;0.06704675
5542.829032;0.06705673
5543.311227;0.0670882
5543.793422;0.06707657
5544.275617;0.06697606
5544.757811;0.06691676
5545.240006;0.06702188
5545.722201;0.06715716
5546.204396;0.06713474
5546.68659;0.0670284
5547.168785;0.06697365
5547.65098;0.06696364
5548.133175;0.06698649
5548.61537;0.06709716
5549.097564;0.06721639
5549.579759;0.06718288
5550.061954;0.06712627
5550.544149;0.06720438
5551.026344;0.06725742
5551.508538;0.067192
5551.990733;0.06713469
5552.472928;0.06713762
5552.955123;0.06714671
5553.437317;0.06714303
5553.919512;0.06717806
5554.401707;0.0672662
5554.883902;0.06728764
5555.366097;0.06719275
5555.848291;0.0670765
5556.330486;0.06697748
5556.812681;0.06693377
5557.294876;0.06699698
5557.777071;0.06709591
5558.259265;0.06714698
5558.74146;0.06716956
5559.223655;0.06719885
5559.70585;0.06722695
5560.188044;0.06726609
5560.670239;0.06728794
5561.152434;0.06720849
5561.634629;0.06713513
5562.116824;0.06724254
5562.599018;0.06738354
5563.081213;0.0673295
5563.563408;0.06714639
5564.045603;0.06702329
5564.527797;0.06706282
5565.009992;0.06723768
5565.492187;0.06740385
5565.974382;0.06742635
5566.456577;0.067301
5566.938771;0.06715761
5567.420966;0.06711064
5567.903161;0.06716151
5568.385356;0.06726862
5568.867551;0.06735288
5569.349745;0.0673556
5569.83194;0.06732278
5570.314135;0.06728485
5570.79633;0.06725976
5571.278524;0.06726947
5571.760719;0.06723918
5572.242914;0.06720617
5572.725109;0.06730349
5573.207304;0.06746537
5573.689498;0.06753818
5574.171693;0.06746347
5574.653888;0.06734592
5575.136083;0.06735576
5575.618277;0.06747308
5576.100472;0.06756224
5576.582667;0.06758619
5577.064862;0.06754646
5577.547057;0.06743851
5578.029251;0.06738735
5578.511446;0.06749604
5578.993641;0.06763721
5579.475836;0.06769714
5579.958031;0.06770664
5580.440225;0.06768237
5580.92242;0.06762404
5581.404615;0.06755217
5581.88681;0.06748445
5582.369004;0.06744673
5582.851199;0.06743014
5583.333394;0.06738357
5583.815589;0.06734368
5584.297784;0.06737743
5584.779978;0.06744733
5585.262173;0.06749745
5585.744368;0.06751961
5586.226563;0.06754056
5586.708757;0.06755291
5587.190952;0.06753434
5587.673147;0.06755318
5588.155342;0.06760219
5588.637537;0.06760556
5589.119731;0.06760492
5589.601926;0.06758685
5590.084121;0.06754532
5590.566316;0.06759325
5591.048511;0.06765866
5591.530705;0.06760579
5592.0129;0.06749771
5592.495095;0.0674208
5592.97729;0.06740892
5593.459484;0.06744348
5593.941679;0.06750029
5594.423874;0.06763735
5594.906069;0.06778561
5595.388264;0.06777074
5595.870458;0.06764647
5596.352653;0.06758595
5596.834848;0.06760083
5597.317043;0.06762303
5597.799238;0.06764692
5598.281432;0.06772223
5598.763627;0.0678432
5599.245822;0.06786823
5599.728017;0.06773652
5600.210211;0.06761784
5600.692406;0.06765134
5601.174601;0.06775767
5601.656796;0.06783707
5602.138991;0.06790001
5602.621185;0.06791551
5603.10338;0.06786997
5603.585575;0.06786002
5604.06777;0.0678958
5604.549964;0.06789437
5605.032159;0.06785881
5605.514354;0.06785908
5605.996549;0.06788899
5606.478744;0.06787302
5606.960938;0.06780275
5607.443133;0.06773149
5607.925328;0.06769038
5608.407523;0.06767879
5608.889718;0.06772397
5609.371912;0.06784392
5609.854107;0.0679361
5610.336302;0.06792763
5610.818497;0.06792322
5611.300691;0.06798103
5611.782886;0.06801938
5612.265081;0.06800751
5612.747276;0.06795006
5613.229471;0.0678678
5613.711665;0.06784566
5614.19386;0.06790982
5614.676055;0.06800056
5615.15825;0.06800999
5615.640444;0.06791849
5616.122639;0.06788535
5616.604834;0.06794649
5617.087029;0.067958
5617.569224;0.06787188
5618.051418;0.06776404
5618.533613;0.06770958
5619.015808;0.06771889
5619.498003;0.06777736
5619.980198;0.06783847
5620.462392;0.06782941
5620.944587;0.06781203
5621.426782;0.06788821
5621.908977;0.06798281
5622.391171;0.06800694
5622.873366;0.0680312
5623.355561;0.06809835
5623.837756;0.06807639
5624.319951;0.0679523
5624.802145;0.06791343
5625.28434;0.06794411
5625.766535;0.06791921
5626.24873;0.06789818
5626.730924;0.06794252
5627.213119;0.06801353
5627.695314;0.06805964
5628.177509;0.06806672
5628.659704;0.06804015
5629.141898;0.06797401
5629.624093;0.06789029
5630.106288;0.06784054
5630.588483;0.067895
5631.070678;0.06805933
5631.552872;0.06817263
5632.035067;0.06808139
5632.517262;0.0678851
5632.999457;0.06781477
5633.481651;0.06791609
5633.963846;0.06803736
5634.446041;0.06803282
5634.928236;0.06796071
5635.410431;0.06800458
5635.892625;0.06810766
5636.37482;0.06814603
5636.857015;0.06821842
5637.33921;0.06830079
5637.821405;0.06824874
5638.303599;0.06812751
5638.785794;0.06803415
5639.267989;0.06799132
5639.750184;0.06800364
5640.232378;0.06798211
5640.714573;0.06791729
5641.196768;0.06795403
5641.678963;0.06810289
5642.161158;0.06820821
5642.643352;0.06822219
5643.125547;0.06826264
5643.607742;0.06837438
5644.089937;0.06841864
5644.572131;0.06831551
5645.054326;0.06818542
5645.536521;0.06812531
5646.018716;0.06811115
5646.500911;0.06813444
5646.983105;0.06818818
5647.4653;0.06820306
5647.947495;0.06815981
5648.42969;0.06816712
5648.911885;0.06829081
5649.394079;0.06838503
5649.876274;0.06830048
5650.358469;0.06816445
5650.840664;0.06819243
5651.322858;0.06833094
5651.805053;0.06840282
5652.287248;0.06842901
5652.769443;0.06847684
5653.251638;0.06846187
5653.733832;0.06840009
5654.216027;0.06842452
5654.698222;0.06846461
5655.180417;0.06846587
5655.662611;0.06851333
5656.144806;0.06850655
5656.627001;0.06841481
5657.109196;0.06844015
5657.591391;0.06859124
5658.073585;0.06871498
5658.55578;0.06877417
5659.037975;0.06876922
5659.52017;0.06870206
5660.002365;0.06864896
5660.484559;0.06863567
5660.966754;0.06863551
5661.448949;0.06870855
5661.931144;0.06882925
5662.413338;0.06884964
5662.895533;0.06880371
5663.377728;0.06881709
5663.859923;0.06879529
5664.342118;0.06869102
5664.824312;0.06868625
5665.306507;0.06876722
5665.788702;0.06880018
5666.270897;0.06879836
5666.753091;0.06875373
5667.235286;0.06873228
5667.717481;0.06881403
5668.199676;0.06889015
5668.681871;0.06887447
5669.164065;0.06880368
5669.64626;0.06877037
5670.128455;0.06879274
5670.61065;0.06878395
5671.092845;0.06877452
5671.575039;0.06886622
5672.057234;0.06905663
5672.539429;0.0692286
5673.021624;0.06924755
5673.503818;0.06914798
5673.986013;0.06907665
5674.468208;0.06908014
5674.950403;0.06908344
5675.432598;0.06907888
5675.914792;0.06915593
5676.396987;0.06922381
5676.879182;0.06918055
5677.361377;0.06917917
5677.843572;0.06928511
5678.325766;0.06937303
5678.807961;0.06936295
5679.290156;0.0692737
5679.772351;0.06921145
5680.254545;0.06925271
5680.73674;0.06931295
5681.218935;0.06928699
5681.70113;0.06928115
5682.183325;0.06941058
5682.665519;0.06954923
5683.147714;0.06959487
5683.629909;0.06960934
5684.112104;0.06962182
5684.594298;0.06957781
5685.076493;0.06951098
5685.558688;0.06954283
5686.040883;0.06961723
5686.523078;0.06960927
5687.005272;0.06959146
5687.487467;0.06962524
5687.969662;0.0696425
5688.451857;0.06962191
5688.934052;0.06956829
5689.416246;0.06953434
5689.898441;0.06963973
5690.380636;0.06980499
5690.862831;0.0699094
5691.345025;0.06999332
5691.82722;0.06998089
5692.309415;0.06986935
5692.79161;0.06987092
5693.273805;0.07000659
5693.755999;0.07008907
5694.238194;0.07002902
5694.720389;0.06989592
5695.202584;0.06977215
5695.684778;0.06976203
5696.166973;0.06990156
5696.649168;0.06999502
5697.131363;0.06995566
5697.613558;0.06991755
5698.095752;0.06991235
5698.577947;0.06991415
5699.060142;0.06996536
5699.542337;0.07005785
5700.024532;0.07009911
5700.506726;0.07004184
5700.988921;0.06998378
5701.471116;0.07004205
5701.953311;0.07017009
5702.435505;0.07024574
5702.9177;0.07021184
5703.399895;0.07011639
5703.88209;0.07008557
5704.364285;0.07013715
5704.846479;0.07021736
5705.328674;0.07031297
5705.810869;0.07033425
5706.293064;0.0702896
5706.775258;0.07035413
5707.257453;0.0705233
5707.739648;0.07063072
5708.221843;0.07062517
5708.704038;0.07057264
5709.186232;0.0705103
5709.668427;0.07043508
5710.150622;0.07044594
5710.632817;0.07058618
5711.115012;0.07066154
5711.597206;0.07063118
5712.079401;0.07068236
5712.561596;0.07080544
5713.043791;0.07086858
5713.525985;0.07086524
5714.00818;0.07084533
5714.490375;0.07086045
5714.97257;0.07092509
5715.454765;0.07098464
5715.936959;0.07103059
5716.419154;0.07108565
5716.901349;0.07105139
5717.383544;0.07089473
5717.865739;0.07084532
5718.347933;0.07101794
5718.830128;0.07121585
5719.312323;0.07134612
5719.794518;0.07145195
5720.276712;0.07147837
5720.758907;0.07146486
5721.241102;0.07152801
5721.723297;0.07159786
5722.205492;0.07157408
5722.687686;0.07150412
5723.169881;0.0714621
5723.652076;0.07148036
5724.134271;0.07149816
5724.616465;0.07145916
5725.09866;0.07152625
5725.580855;0.0717806
5726.06305;0.07201004
5726.545245;0.07205681
5727.027439;0.07197919
5727.509634;0.07190829
5727.991829;0.07186063
5728.474024;0.07182224
5728.956219;0.07189091
5729.438413;0.07204983
5729.920608;0.07214402
5730.402803;0.07213361
5730.884998;0.07209029
5731.367192;0.07205439
5731.849387;0.07203289
5732.331582;0.07206161
5732.813777;0.07215561
5733.295972;0.07223564
5733.778166;0.0722582
5734.260361;0.07233391
5734.742556;0.07250021
5735.224751;0.07262485
5735.706945;0.07266296
5736.18914;0.07268216
5736.671335;0.07267756
5737.15353;0.07261407
5737.635725;0.07259794
5738.117919;0.07271606
5738.600114;0.0728047
5739.082309;0.07276649
5739.564504;0.07279078
5740.046699;0.07292269
5740.528893;0.07299559
5741.011088;0.07302602
5741.493283;0.07305777
5741.975478;0.07300053
5742.457672;0.07290322
5742.939867;0.07289474
5743.422062;0.07295639
5743.904257;0.07299744
5744.386452;0.0730062
5744.868646;0.07302026
5745.350841;0.07305744
5745.833036;0.07310238
5746.315231;0.07307919
5746.797425;0.0729989
5747.27962;0.07302814
5747.761815;0.07319345
5748.24401;0.07331864
5748.726205;0.07335096
5749.208399;0.0733566
5749.690594;0.0733239
5750.172789;0.07332452
5750.654984;0.07348084
5751.137179;0.0736485
5751.619373;0.07363297
5752.101568;0.07355569
5752.583763;0.07356761
5753.065958;0.0735933
5753.548152;0.07356796
5754.030347;0.07355224
5754.512542;0.0736702
5754.994737;0.0739202
5755.476932;0.07407651
5755.959126;0.07401831
5756.441321;0.07388683
5756.923516;0.0738764
5757.405711;0.07396157
5757.887906;0.0739435
5758.3701;0.07390043
5758.852295;0.07401621
5759.33449;0.07410019
5759.816685;0.07401319
5760.298879;0.07398088
5760.781074;0.07403962
5761.263269;0.07398465
5761.745464;0.07388417
5762.227659;0.07394776
5762.709853;0.07416772
5763.192048;0.07443363
5763.674243;0.07469823
5764.156438;0.07487047
5764.638632;0.07484879
5765.120827;0.07474682
5765.603022;0.07477224
5766.085217;0.07496757
5766.567412;0.07517836
5767.049606;0.07522946
5767.531801;0.07516958
5768.013996;0.0751657
5768.496191;0.07525379
5768.978386;0.07534003
5769.46058;0.07531841
5769.942775;0.07521528
5770.42497;0.07520694
5770.907165;0.07537946
5771.389359;0.07555055
5771.871554;0.0755241
5772.353749;0.07542432
5772.835944;0.0754793
5773.318139;0.07563391
5773.800333;0.07573971
5774.282528;0.07584168
5774.764723;0.07594625
5775.246918;0.07598381
5775.729112;0.07605144
5776.211307;0.07621569
5776.693502;0.07631788
5777.175697;0.07626101
5777.657892;0.07620858
5778.140086;0.07630805
5778.622281;0.07647155
5779.104476;0.07654572
5779.586671;0.07650373
5780.068866;0.07646971
5780.55106;0.07657
5781.033255;0.07673974
5781.51545;0.07680129
5781.997645;0.07673583
5782.479839;0.07674048
5782.962034;0.07694078
5783.444229;0.07718839
5783.926424;0.07730488
5784.408619;0.07728443
5784.890813;0.07721848
5785.373008;0.07722353
5785.855203;0.07727709
5786.337398;0.07725947
5786.819592;0.07718647
5787.301787;0.07710718
5787.783982;0.07706353
5788.266177;0.07716773
5788.748372;0.07743009
5789.230566;0.07766325
5789.712761;0.07773003
5790.194956;0.07773655
5790.677151;0.077773
5791.159346;0.07782597
5791.64154;0.07792572
5792.123735;0.07802924
5792.60593;0.07809883
5793.088125;0.07818298
5793.570319;0.07822316
5794.052514;0.07816066
5794.534709;0.07808356
5795.016904;0.07800013
5795.499099;0.07785467
5795.981293;0.07780208
5796.463488;0.07795911
5796.945683;0.07818512
5797.427878;0.07838328
5797.910073;0.07853328
5798.392267;0.07854305
5798.874462;0.07845281
5799.356657;0.07847466
5799.838852;0.07862418
5800.321046;0.07874081
5800.803241;0.07880186
5801.285436;0.07884654
5801.767631;0.07886665
5802.249826;0.07884748
5802.73202;0.0788617
5803.214215;0.07905808
5803.69641;0.07933429
5804.178605;0.07943772
5804.660799;0.07939254
5805.142994;0.07937913
5805.625189;0.07945736
5806.107384;0.07954124
5806.589579;0.07956888
5807.071773;0.07962625
5807.553968;0.0797885
5808.036163;0.08000733
5808.518358;0.08012942
5809.000553;0.08006728
5809.482747;0.07997393
5809.964942;0.07998235
5810.447137;0.08004952
5810.929332;0.08014676
5811.411526;0.08031092
5811.893721;0.08050536
5812.375916;0.08059022
5812.858111;0.08057557
5813.340306;0.08059565
5813.8225;0.08066175
5814.304695;0.08076004
5814.78689;0.08092418
5815.269085;0.0811355
5815.751279;0.081294
5816.233474;0.08139678
5816.715669;0.08155251
5817.197864;0.0816569
5817.680059;0.08159173
5818.162253;0.08154953
5818.644448;0.08162377
5819.126643;0.08167984
5819.608838;0.08174159
5820.091033;0.08188497
5820.573227;0.0820481
5821.055422;0.08216421
5821.537617;0.08212861
5822.019812;0.0819092
5822.502006;0.08172867
5822.984201;0.08177164
5823.466396;0.08193386
5823.948591;0.08201787
5824.430786;0.08202463
5824.91298;0.08206168
5825.395175;0.08210905
5825.87737;0.08215506
5826.359565;0.08224422
5826.841759;0.08234171
5827.323954;0.08242306
5827.806149;0.08251484
5828.288344;0.0826114
5828.770539;0.08269984
5829.252733;0.08275864
5829.734928;0.0827505
5830.217123;0.08274046
5830.699318;0.08279303
5831.181513;0.08283322
5831.663707;0.08286112
5832.145902;0.08296891
5832.628097;0.08314336
5833.110292;0.08325842
5833.592486;0.0832113
5834.074681;0.0830766
5834.556876;0.08302828
5835.039071;0.08314051
5835.521266;0.08332337
5836.00346;0.08348763
5836.485655;0.08360527
5836.96785;0.08357893
5837.450045;0.08346287
5837.93224;0.08345456
5838.414434;0.08355924
5838.896629;0.08372641
5839.378824;0.08394648
5839.861019;0.08409954
5840.343213;0.08405998
5840.825408;0.08386689
5841.307603;0.08372533
5841.789798;0.08380914
5842.271993;0.08400331
5842.754187;0.08413271
5843.236382;0.0842381
5843.718577;0.08432633
5844.200772;0.08439039
5844.682966;0.08447592
5845.165161;0.08449224
5845.647356;0.08446662
5846.129551;0.08456626
5846.611746;0.08474037
5847.09394;0.0848581
5847.576135;0.08492793
5848.05833;0.08497345
5848.540525;0.08495113
5849.02272;0.08484028
5849.504914;0.08474826
5849.987109;0.08482293
5850.469304;0.08504811
5850.951499;0.08528023
5851.433693;0.08536592
5851.915888;0.08523718
5852.398083;0.08504237
5852.880278;0.08500624
5853.362473;0.08510799
5853.844667;0.08515058
5854.326862;0.08518189
5854.809057;0.08536933
5855.291252;0.08558132
5855.773446;0.08561032
5856.255641;0.08547036
5856.737836;0.0853285
5857.220031;0.08532075
5857.702226;0.08542433
5858.18442;0.08554444
5858.666615;0.08563314
5859.14881;0.08574353
5859.631005;0.0859382
5860.1132;0.08613096
5860.595394;0.08620117
5861.077589;0.08618623
5861.559784;0.08619973
5862.041979;0.08625191
5862.524173;0.08630455
5863.006368;0.08637608
5863.488563;0.08646175
5863.970758;0.08648304
5864.452953;0.08644489
5864.935147;0.08649064
5865.417342;0.08661029
5865.899537;0.08666982
5866.381732;0.08669675
5866.863926;0.08674571
5867.346121;0.08684141
5867.828316;0.08696766
5868.310511;0.08696688
5868.792706;0.0868611
5869.2749;0.08688201
5869.757095;0.08701878
5870.23929;0.08706599
5870.721485;0.0870146
5871.20368;0.08701594
5871.685874;0.08708462
5872.168069;0.08713406
5872.650264;0.08712567
5873.132459;0.08709408
5873.614653;0.08715157
5874.096848;0.08737259
5874.579043;0.08765679
5875.061238;0.08778838
5875.543433;0.08774052
5876.025627;0.08772253
5876.507822;0.0878309
5876.990017;0.08800434
5877.472212;0.08818346
5877.954407;0.0882791
5878.436601;0.0882421
5878.918796;0.0881925
5879.400991;0.08823768
5879.883186;0.08828942
5880.36538;0.08827705
5880.847575;0.0883251
5881.32977;0.08849829
5881.811965;0.0886287
5882.29416;0.08867176
5882.776354;0.08879734
5883.258549;0.08891699
5883.740744;0.08883085
5884.222939;0.08871315
5884.705133;0.08872452
5885.187328;0.08872317
5885.669523;0.08873522
5886.151718;0.08889589
5886.633913;0.08903774
5887.116107;0.08898902
5887.598302;0.08890617
5888.080497;0.08895221
5888.562692;0.08900749
5889.044887;0.08894977
5889.527081;0.0889062
5890.009276;0.08903819
5890.491471;0.08928551
5890.973666;0.08948216
5891.45586;0.08960338
5891.938055;0.08964482
5892.42025;0.08955298
5892.902445;0.08941513
5893.38464;0.08938073
5893.866834;0.0894723
5894.349029;0.08958007
5894.831224;0.08965167
5895.313419;0.08972459
5895.795613;0.08975006
5896.277808;0.08970441
5896.760003;0.08969075
5897.242198;0.08979916
5897.724393;0.09001146
5898.206587;0.09017096
5898.688782;0.09016535
5899.170977;0.09009176
5899.653172;0.09007794
5900.135367;0.09012442
5900.617561;0.09018523
5901.099756;0.0902325
5901.581951;0.09027132
5902.064146;0.09037019
5902.54634;0.09050378
5903.028535;0.0905152
5903.51073;0.09040347
5903.992925;0.09030612
5904.47512;0.09031498
5904.957314;0.09048539
5905.439509;0.09067957
5905.921704;0.09065465
5906.403899;0.09042181
5906.886093;0.09016172
5907.368288;0.0900628
5907.850483;0.09021198
5908.332678;0.09042669
5908.814873;0.09052926
5909.297067;0.09059785
5909.779262;0.09069423
5910.261457;0.09074467
5910.743652;0.09073409
5911.225847;0.09074814
5911.708041;0.09083516
5912.190236;0.0908974
5912.672431;0.09088901
5913.154626;0.09092721
5913.63682;0.09102581
5914.119015;0.09114345
5914.60121;0.09124376
5915.083405;0.09122609
5915.5656;0.09118909
5916.047794;0.09130717
5916.529989;0.0915015
5917.012184;0.09159042
5917.494379;0.09152082
5917.976574;0.09139816
5918.458768;0.09133702
5918.940963;0.09142961
5919.423158;0.09168807
5919.905353;0.09189106
5920.387547;0.09185474
5920.869742;0.09168766
5921.351937;0.09159228
5921.834132;0.09163117
5922.316327;0.09170152
5922.798521;0.09176293
5923.280716;0.09192248
5923.762911;0.09209619
5924.245106;0.09204525
5924.7273;0.09191008
5925.209495;0.09202679
5925.69169;0.09226336
5926.173885;0.09231457
5926.65608;0.09229515
5927.138274;0.09232979
5927.620469;0.09225903
5928.102664;0.09210467
5928.584859;0.09209973
5929.067054;0.09226841
5929.549248;0.09240416
5930.031443;0.09242059
5930.513638;0.09242313
5930.995833;0.09242751
5931.478027;0.09239884
5931.960222;0.0923838
5932.442417;0.0923598
5932.924612;0.09230971
5933.406807;0.09236693
5933.889001;0.09252407
5934.371196;0.09255254
5934.853391;0.09241335
5935.335586;0.09228869
5935.81778;0.09228029
5936.299975;0.09231529
5936.78217;0.09229974
5937.264365;0.09230506
5937.74656;0.09237652
5938.228754;0.09243651
5938.710949;0.09249797
5939.193144;0.09256205
5939.675339;0.09252118
5940.157534;0.09237206
5940.639728;0.09226441
5941.121923;0.09224176
5941.604118;0.09228502
5942.086313;0.09244692
5942.568507;0.09254926
5943.050702;0.09244568
5943.532897;0.09239136
5944.015092;0.09246881
5944.497287;0.09245685
5944.979481;0.0923164
5945.461676;0.09218352
5945.943871;0.09214292
5946.426066;0.09214583
5946.90826;0.09213734
5947.390455;0.09221454
5947.87265;0.09241996
5948.354845;0.0925831
5948.83704;0.09257469
5949.319234;0.09245756
5949.801429;0.09238642
5950.283624;0.09241601
5950.765819;0.09240115
5951.248014;0.09228413
5951.730208;0.09220395
5952.212403;0.09218336
5952.694598;0.09217877
5953.176793;0.09224048
5953.658987;0.09228919
5954.141182;0.09224219
5954.623377;0.09220856
5955.105572;0.09220894
5955.587767;0.0921874
5956.069961;0.09216905
5956.552156;0.09220627
5957.034351;0.09233009
5957.516546;0.09243729
5957.998741;0.09243055
5958.480935;0.09237603
5958.96313;0.092337
5959.445325;0.09230296
5959.92752;0.09230078
5960.409714;0.09231953
5960.891909;0.09222366
5961.374104;0.09205986
5961.856299;0.09201865
5962.338494;0.09205429
5962.820688;0.09205947
5963.302883;0.092025
5963.785078;0.09194273
5964.267273;0.09186124
5964.749467;0.09186558
5965.231662;0.09187441
5965.713857;0.0917339
5966.196052;0.09159144
5966.678247;0.09164988
5967.160441;0.09179104
5967.642636;0.09186657
5968.124831;0.09190141
5968.607026;0.09192377
5969.089221;0.09186812
5969.571415;0.09173425
5970.05361;0.09165245
5970.535805;0.09161785
5971.018;0.09152225
5971.500194;0.09146743
5971.982389;0.09156443
5972.464584;0.09165404
5972.946779;0.09163571
5973.428974;0.09159706
5973.911168;0.091502
5974.393363;0.0913494
5974.875558;0.09131732
5975.357753;0.09141508
5975.839947;0.09152326
5976.322142;0.09159558
5976.804337;0.09154643
5977.286532;0.09140054
5977.768727;0.09132621
5978.250921;0.09128765
5978.733116;0.09116155
5979.215311;0.09097736
5979.697506;0.09081534
5980.179701;0.0907385
5980.661895;0.09076475
5981.14409;0.09082124
5981.626285;0.09076489
5982.10848;0.09066091
5982.590674;0.09073856
5983.072869;0.09090065
5983.555064;0.09094274
5984.037259;0.09090132
5984.519454;0.09080061
5985.001648;0.09065063
5985.483843;0.09055298
5985.966038;0.09055871
5986.448233;0.09060851
5986.930427;0.09059262
5987.412622;0.09049651
5987.894817;0.09048161
5988.377012;0.09064297
5988.859207;0.09081076
5989.341401;0.0907894
5989.823596;0.09063897
5990.305791;0.09054589
5990.787986;0.09053145
5991.270181;0.09052648
5991.752375;0.0904854
5992.23457;0.09033109
5992.716765;0.09013306
5993.19896;0.09005606
5993.681154;0.09005986
5994.163349;0.09006425
5994.645544;0.09015861
5995.127739;0.0902484
5995.609934;0.09011281
5996.092128;0.08993901
5996.574323;0.08990765
5997.056518;0.0898745
5997.538713;0.08987584
5998.020908;0.08994138
5998.503102;0.08987061
5998.985297;0.08972351
5999.467492;0.08971575
