1.249667e+003,4.044904e-001
1.250149e+003,3.955513e-001
1.250631e+003,3.715146e-001
1.251113e+003,3.328367e-001
1.251595e+003,2.826118e-001
1.252078e+003,2.257707e-001
1.252560e+003,1.676735e-001
1.253042e+003,1.129982e-001
1.253524e+003,6.549181e-002
1.254006e+003,2.849637e-002
1.254488e+003,5.534567e-003
1.254970e+003,1.706460e-004
1.255453e+003,1.481168e-002
1.255935e+003,4.890435e-002
1.256417e+003,9.752055e-002
1.256899e+003,1.513166e-001
1.257381e+003,1.982465e-001
1.257863e+003,2.266178e-001
1.258345e+003,2.284082e-001
1.258827e+003,2.015475e-001
1.259309e+003,1.501911e-001
1.259792e+003,8.283377e-002
1.260274e+003,9.145260e-003
1.260756e+003,-6.298757e-002
1.261238e+003,-1.289246e-001
1.261720e+003,-1.868241e-001
1.262202e+003,-2.359342e-001
1.262684e+003,-2.748617e-001
1.263167e+003,-3.009420e-001
1.263649e+003,-3.110924e-001
1.264131e+003,-3.037027e-001
1.264613e+003,-2.805226e-001
1.265095e+003,-2.475083e-001
1.265577e+003,-2.141473e-001
1.266059e+003,-1.909564e-001
1.266541e+003,-1.866543e-001
1.267023e+003,-2.054721e-001
1.267506e+003,-2.457084e-001
1.267988e+003,-2.998930e-001
1.268470e+003,-3.563322e-001
1.268952e+003,-4.015229e-001
1.269434e+003,-4.229128e-001
1.269916e+003,-4.116676e-001
1.270398e+003,-3.650471e-001
1.270880e+003,-2.878381e-001
1.271363e+003,-1.921758e-001
1.271845e+003,-9.535497e-002
1.272327e+003,-1.585824e-002
1.272809e+003,3.147797e-002
1.273291e+003,3.974517e-002
1.273773e+003,1.222265e-002
1.274255e+003,-3.839037e-002
1.274737e+003,-9.379059e-002
1.275220e+003,-1.357678e-001
1.275702e+003,-1.517494e-001
1.276184e+003,-1.381594e-001
1.276666e+003,-1.005430e-001
1.277148e+003,-5.072102e-002
1.277630e+003,-2.433554e-003
1.278112e+003,3.270916e-002
1.278594e+003,4.747012e-002
1.279077e+003,3.899149e-002
1.279559e+003,7.258117e-003
1.280041e+003,-4.654270e-002
1.280523e+003,-1.204939e-001
1.281005e+003,-2.109014e-001
1.281487e+003,-3.105400e-001
1.281969e+003,-4.076806e-001
1.282451e+003,-4.871983e-001
1.282934e+003,-5.339817e-001
1.283416e+003,-5.375150e-001
1.283898e+003,-4.957198e-001
1.284380e+003,-4.162613e-001
1.284862e+003,-3.145261e-001
1.285344e+003,-2.088468e-001
1.285826e+003,-1.147320e-001
1.286308e+003,-4.038569e-002
1.286791e+003,1.466050e-002
1.287273e+003,5.736437e-002
1.287755e+003,9.660435e-002
1.288237e+003,1.384200e-001
1.288719e+003,1.831253e-001
1.289201e+003,2.253229e-001
1.289683e+003,2.565140e-001
1.290165e+003,2.688426e-001
1.290648e+003,2.582144e-001
1.291130e+003,2.255517e-001
1.291612e+003,1.760483e-001
1.292094e+003,1.172401e-001
1.292576e+003,5.709876e-002
1.293058e+003,2.959206e-003
1.293540e+003,-3.863210e-002
1.294022e+003,-6.169748e-002
1.294505e+003,-6.100412e-002
1.294987e+003,-3.305082e-002
1.295469e+003,2.232619e-002
1.295951e+003,1.005173e-001
1.296433e+003,1.917014e-001
1.296915e+003,2.827272e-001
1.297397e+003,3.595090e-001
1.297879e+003,4.108948e-001
1.298362e+003,4.314774e-001
1.298844e+003,4.225256e-001
1.299326e+003,3.907681e-001
1.299808e+003,3.458210e-001
1.300290e+003,2.972906e-001
1.300772e+003,2.527373e-001
1.301254e+003,2.169040e-001
1.301736e+003,1.921202e-001
1.302219e+003,1.792126e-001
1.302701e+003,1.781324e-001
1.303183e+003,1.879016e-001
1.303665e+003,2.059215e-001
1.304147e+003,2.273029e-001
1.304629e+003,2.448572e-001
1.305111e+003,2.502990e-001
1.305594e+003,2.364474e-001
1.306076e+003,1.997228e-001
1.306558e+003,1.419733e-001
1.307040e+003,7.078489e-002
1.307522e+003,-1.978439e-003
1.308004e+003,-6.312621e-002
1.308486e+003,-1.018079e-001
1.308968e+003,-1.127310e-001
1.309450e+003,-9.792367e-002
1.309933e+003,-6.631374e-002
1.310415e+003,-3.128248e-002
1.310897e+003,-6.942748e-003
1.311379e+003,-4.236520e-003
1.311861e+003,-2.784830e-002
1.312343e+003,-7.478850e-002
1.312825e+003,-1.351747e-001
1.313307e+003,-1.951260e-001
1.313790e+003,-2.410270e-001
1.314272e+003,-2.636326e-001
1.314754e+003,-2.606403e-001
1.315236e+003,-2.369459e-001
1.315718e+003,-2.026238e-001
1.316200e+003,-1.695061e-001
1.316682e+003,-1.474053e-001
1.317164e+003,-1.411471e-001
1.317647e+003,-1.493093e-001
1.318129e+003,-1.649848e-001
1.318611e+003,-1.781730e-001
1.319093e+003,-1.789455e-001
1.319575e+003,-1.603060e-001
1.320057e+003,-1.200209e-001
1.320539e+003,-6.113803e-002
1.321021e+003,8.737062e-003
1.321504e+003,7.902220e-002
1.321986e+003,1.381689e-001
1.322468e+003,1.758021e-001
1.322950e+003,1.848320e-001
1.323432e+003,1.632772e-001
1.323914e+003,1.153784e-001
1.324396e+003,5.142029e-002
1.324878e+003,-1.422744e-002
1.325361e+003,-6.659160e-002
1.325843e+003,-9.421890e-002
1.326325e+003,-9.245989e-002
1.326807e+003,-6.483390e-002
1.327289e+003,-1.804619e-002
1.327771e+003,3.173634e-002
1.328253e+003,7.075696e-002
1.328735e+003,8.949701e-002
1.329218e+003,8.489863e-002
1.329700e+003,6.004397e-002
1.330182e+003,2.175117e-002
1.330664e+003,-2.262391e-002
1.331146e+003,-6.766832e-002
1.331628e+003,-1.106716e-001
1.332110e+003,-1.506390e-001
1.332592e+003,-1.863402e-001
1.333075e+003,-2.146863e-001
1.333557e+003,-2.304627e-001
1.334039e+003,-2.276841e-001
1.334521e+003,-2.019989e-001
1.335003e+003,-1.530441e-001
1.335485e+003,-8.561163e-002
1.335967e+003,-8.970806e-003
1.336449e+003,6.554584e-002
1.336932e+003,1.277168e-001
1.337414e+003,1.711500e-001
1.337896e+003,1.944933e-001
1.338378e+003,2.009901e-001
1.338860e+003,1.968042e-001
1.339342e+003,1.887867e-001
1.339824e+003,1.825586e-001
1.340306e+003,1.812784e-001
1.340789e+003,1.853280e-001
1.341271e+003,1.927300e-001
1.341753e+003,1.999329e-001
1.342235e+003,2.027607e-001
1.342717e+003,1.974234e-001
1.343199e+003,1.815912e-001
1.343681e+003,1.553766e-001
1.344163e+003,1.218219e-001
1.344646e+003,8.645801e-002
1.345128e+003,5.578139e-002
1.345610e+003,3.501352e-002
1.346092e+003,2.601501e-002
1.346574e+003,2.631380e-002
1.347056e+003,2.991160e-002
1.347538e+003,2.979916e-002
1.348020e+003,2.127557e-002
1.348503e+003,4.606140e-003
1.348985e+003,-1.428327e-002
1.349467e+003,-2.550318e-002
1.349949e+003,-1.860823e-002
1.350431e+003,1.369658e-002
1.350913e+003,7.303620e-002
1.351395e+003,1.549292e-001
1.351877e+003,2.504759e-001
1.352359e+003,3.492424e-001
1.352842e+003,4.419694e-001
1.353324e+003,5.219654e-001
1.353806e+003,5.848607e-001
1.354288e+003,6.273597e-001
1.354770e+003,6.461157e-001
1.355252e+003,6.376712e-001
1.355734e+003,5.996546e-001
1.356217e+003,5.325793e-001
1.356699e+003,4.411317e-001
1.357181e+003,3.340607e-001
1.357663e+003,2.225202e-001
1.358145e+003,1.186567e-001
1.358627e+003,2.911215e-002
1.359109e+003,-4.211589e-002
1.359591e+003,-9.492067e-002
1.360073e+003,-1.314427e-001
1.360556e+003,-1.537764e-001
1.361038e+003,-1.621906e-001
1.361520e+003,-1.548173e-001
1.362002e+003,-1.291211e-001
1.362484e+003,-8.444680e-002
1.362966e+003,-2.417179e-002
1.363448e+003,4.405912e-002
1.363931e+003,1.104268e-001
1.364413e+003,1.662493e-001
1.364895e+003,2.066878e-001
1.365377e+003,2.316206e-001
1.365859e+003,2.445806e-001
1.366341e+003,2.504298e-001
1.366823e+003,2.527226e-001
1.367305e+003,2.517130e-001
1.367787e+003,2.438630e-001
1.368270e+003,2.232215e-001
1.368752e+003,1.842701e-001
1.369234e+003,1.250671e-001
1.369716e+003,4.929826e-002
1.370198e+003,-3.368255e-002
1.370680e+003,-1.108581e-001
1.371162e+003,-1.688384e-001
1.371645e+003,-1.973172e-001
1.372127e+003,-1.916976e-001
1.372609e+003,-1.543111e-001
1.373091e+003,-9.400444e-002
1.373573e+003,-2.411437e-002
1.374055e+003,4.087368e-002
1.374537e+003,8.909778e-002
1.375019e+003,1.141112e-001
1.375501e+003,1.154866e-001
1.375984e+003,9.723971e-002
1.376466e+003,6.528787e-002
1.376948e+003,2.534606e-002
1.377430e+003,-1.801085e-002
1.377912e+003,-6.128224e-002
1.378394e+003,-1.015718e-001
1.378876e+003,-1.362881e-001
1.379359e+003,-1.633070e-001
1.379841e+003,-1.814400e-001
1.380323e+003,-1.908162e-001
1.380805e+003,-1.928123e-001
1.381287e+003,-1.894386e-001
1.381769e+003,-1.823872e-001
1.382251e+003,-1.721156e-001
1.382733e+003,-1.574248e-001
1.383216e+003,-1.357622e-001
1.383698e+003,-1.041578e-001
1.384180e+003,-6.039889e-002
1.384662e+003,-4.027335e-003
1.385144e+003,6.306725e-002
1.385626e+003,1.364864e-001
1.386108e+003,2.096409e-001
1.386590e+003,2.746320e-001
1.387073e+003,3.236723e-001
1.387555e+003,3.507388e-001
1.388037e+003,3.528630e-001
1.388519e+003,3.307005e-001
1.389001e+003,2.891167e-001
1.389483e+003,2.331245e-001
1.389965e+003,1.715777e-001
1.390447e+003,1.152599e-001
1.390929e+003,7.528769e-002
1.391412e+003,6.088169e-002
1.391894e+003,7.703401e-002
1.392376e+003,1.227777e-001
1.392858e+003,1.906102e-001
1.393340e+003,2.675622e-001
1.393822e+003,3.381634e-001
1.394304e+003,3.889301e-001
1.394786e+003,4.127549e-001
1.395269e+003,4.108044e-001
1.395751e+003,3.906915e-001
1.396233e+003,3.621745e-001
1.396715e+003,3.330701e-001
1.397197e+003,3.072525e-001
1.397679e+003,2.849189e-001
1.398161e+003,2.642395e-001
1.398644e+003,2.433059e-001
1.399126e+003,2.214677e-001
1.399608e+003,1.994312e-001
1.400090e+003,1.782278e-001
1.400572e+003,1.577890e-001
1.401054e+003,1.361097e-001
1.401536e+003,1.094196e-001
1.402018e+003,7.323588e-002
1.402500e+003,2.389450e-002
1.402983e+003,-3.979117e-002
1.403465e+003,-1.151470e-001
1.403947e+003,-1.950609e-001
1.404429e+003,-2.688114e-001
1.404911e+003,-3.245206e-001
1.405393e+003,-3.526290e-001
1.405875e+003,-3.490641e-001
1.406358e+003,-3.167763e-001
1.406840e+003,-2.651134e-001
1.407322e+003,-2.074480e-001
1.407804e+003,-1.578465e-001
1.408286e+003,-1.276093e-001
1.408768e+003,-1.223279e-001
1.409250e+003,-1.401665e-001
1.409732e+003,-1.720616e-001
1.410214e+003,-2.041980e-001
1.410697e+003,-2.222986e-001
1.411179e+003,-2.162953e-001
1.411661e+003,-1.835336e-001
1.412143e+003,-1.292336e-001
1.412625e+003,-6.416678e-002
1.413107e+003,-6.304504e-004
1.413589e+003,5.156739e-002
1.414072e+003,8.763358e-002
1.414554e+003,1.080393e-001
1.415036e+003,1.167221e-001
1.415518e+003,1.183270e-001
1.416000e+003,1.158305e-001
1.416482e+003,1.095502e-001
1.416964e+003,9.781727e-002
1.417446e+003,7.895493e-002
1.417928e+003,5.367446e-002
1.418411e+003,2.654577e-002
1.418893e+003,5.099181e-003
1.419375e+003,-3.727124e-003
1.419857e+003,2.732016e-003
1.420339e+003,1.989323e-002
1.420821e+003,3.924278e-002
1.421303e+003,5.148758e-002
1.421786e+003,4.940602e-002
1.422268e+003,2.915904e-002
1.422750e+003,-9.469816e-003
1.423232e+003,-6.331252e-002
1.423714e+003,-1.264013e-001
1.424196e+003,-1.910360e-001
1.424678e+003,-2.493005e-001
1.425160e+003,-2.944986e-001
1.425642e+003,-3.218665e-001
1.426125e+003,-3.284612e-001
1.426607e+003,-3.128030e-001
1.427089e+003,-2.749325e-001
1.427571e+003,-2.171146e-001
1.428053e+003,-1.447712e-001
1.428535e+003,-6.678651e-002
1.429017e+003,5.561897e-003
1.429500e+003,6.110195e-002
1.429982e+003,9.173109e-002
1.430464e+003,9.449927e-002
1.430946e+003,7.199147e-002
1.431428e+003,3.109235e-002
1.431910e+003,-1.915962e-002
1.432392e+003,-6.981843e-002
1.432874e+003,-1.137005e-001
1.433356e+003,-1.461433e-001
1.433839e+003,-1.649694e-001
1.434321e+003,-1.700537e-001
1.434803e+003,-1.629143e-001
1.435285e+003,-1.464863e-001
1.435767e+003,-1.248006e-001
1.436249e+003,-1.020920e-001
1.436731e+003,-8.126976e-002
1.437214e+003,-6.269414e-002
1.437696e+003,-4.449419e-002
1.438178e+003,-2.437791e-002
1.438660e+003,-1.542454e-003
1.439142e+003,2.244877e-002
1.439624e+003,4.402550e-002
1.440106e+003,5.888569e-002
1.440588e+003,6.379833e-002
1.441070e+003,5.834944e-002
1.441553e+003,4.581548e-002
1.442035e+003,3.246137e-002
1.442517e+003,2.529475e-002
1.442999e+003,2.917997e-002
1.443481e+003,4.469514e-002
1.443963e+003,6.776637e-002
1.444445e+003,9.124228e-002
1.444927e+003,1.077122e-001
1.445410e+003,1.123328e-001
1.445892e+003,1.045597e-001
1.446374e+003,8.819982e-002
1.446856e+003,6.981068e-002
1.447338e+003,5.600976e-002
1.447820e+003,5.070342e-002
1.448302e+003,5.354602e-002
1.448784e+003,6.050203e-002
1.449267e+003,6.611125e-002
1.449749e+003,6.601021e-002
1.450231e+003,5.838858e-002
1.450713e+003,4.402454e-002
1.451195e+003,2.553807e-002
1.451677e+003,6.190025e-003
1.452159e+003,-1.103355e-002
1.452641e+003,-2.388400e-002
1.453124e+003,-3.077170e-002
1.453606e+003,-3.034550e-002
1.454088e+003,-2.112531e-002
1.454570e+003,-1.578222e-003
1.455052e+003,2.907778e-002
1.455534e+003,6.928876e-002
1.456016e+003,1.133488e-001
1.456498e+003,1.510612e-001
1.456981e+003,1.710051e-001
1.457463e+003,1.666978e-001
1.457945e+003,1.405895e-001
1.458427e+003,1.020233e-001
1.458909e+003,6.174489e-002
1.459391e+003,2.780002e-002
1.459873e+003,4.426439e-003
1.460355e+003,-7.147065e-003
1.460838e+003,-7.377540e-003
1.461320e+003,2.699207e-003
1.461802e+003,2.203403e-002
1.462284e+003,4.946907e-002
1.462766e+003,8.308650e-002
1.463248e+003,1.193037e-001
1.463730e+003,1.524165e-001
1.464212e+003,1.754049e-001
1.464695e+003,1.823138e-001
1.465177e+003,1.712086e-001
1.465659e+003,1.456943e-001
1.466141e+003,1.137781e-001
1.466623e+003,8.483237e-002
1.467105e+003,6.647789e-002
1.467587e+003,6.265472e-002
1.468069e+003,7.316197e-002
1.468552e+003,9.434552e-002
1.469034e+003,1.204672e-001
1.469516e+003,1.452238e-001
1.469998e+003,1.629767e-001
1.470480e+003,1.694788e-001
1.470962e+003,1.621926e-001
1.471444e+003,1.404854e-001
1.471927e+003,1.058807e-001
1.472409e+003,6.215732e-002
1.472891e+003,1.484369e-002
1.473373e+003,-3.003414e-002
1.473855e+003,-6.735620e-002
1.474337e+003,-9.373832e-002
1.474819e+003,-1.076747e-001
1.475301e+003,-1.093616e-001
1.475783e+003,-1.004407e-001
1.476266e+003,-8.358479e-002
1.476748e+003,-6.174530e-002
1.477230e+003,-3.717260e-002
1.477712e+003,-1.068554e-002
1.478194e+003,1.830667e-002
1.478676e+003,5.090326e-002
1.479158e+003,8.729124e-002
1.479640e+003,1.253931e-001
1.480123e+003,1.602077e-001
1.480605e+003,1.843829e-001
1.481087e+003,1.902087e-001
1.481569e+003,1.728355e-001
1.482051e+003,1.317728e-001
1.482533e+003,7.236878e-002
1.483015e+003,4.275851e-003
1.483497e+003,-6.113912e-002
1.483979e+003,-1.133932e-001
1.484462e+003,-1.446956e-001
1.484944e+003,-1.508379e-001
1.485426e+003,-1.313682e-001
1.485908e+003,-8.928081e-002
1.486390e+003,-3.037520e-002
1.486872e+003,3.758268e-002
1.487354e+003,1.057318e-001
1.487837e+003,1.649166e-001
1.488319e+003,2.065005e-001
1.488801e+003,2.234556e-001
1.489283e+003,2.118939e-001
1.489765e+003,1.726726e-001
1.490247e+003,1.120691e-001
1.490729e+003,4.050751e-002
1.491211e+003,-3.046329e-002
1.491694e+003,-9.135550e-002
1.492176e+003,-1.363831e-001
1.492658e+003,-1.631691e-001
1.493140e+003,-1.713632e-001
1.493622e+003,-1.613248e-001
1.494104e+003,-1.336162e-001
1.494586e+003,-8.956269e-002
1.495068e+003,-3.265537e-002
1.495551e+003,3.003030e-002
1.496033e+003,8.779950e-002
1.496515e+003,1.288519e-001
1.496997e+003,1.448456e-001
1.497479e+003,1.349437e-001
1.497961e+003,1.066179e-001
1.498443e+003,7.266746e-002
1.498925e+003,4.619766e-002
1.499408e+003,3.590833e-002
1.499890e+003,4.336042e-002
1.500372e+003,6.298670e-002
1.500854e+003,8.473555e-002
1.501336e+003,9.825068e-002
1.501818e+003,9.686225e-002
1.502300e+003,7.982821e-002
1.502782e+003,5.225711e-002
1.503265e+003,2.316292e-002
1.503747e+003,2.573642e-003
1.504229e+003,-1.643131e-003
1.504711e+003,1.306741e-002
1.505193e+003,4.123207e-002
1.505675e+003,6.868669e-002
1.506157e+003,7.699937e-002
1.506639e+003,5.395581e-002
1.507122e+003,3.113300e-003
1.507604e+003,-5.809859e-002
1.508086e+003,-1.105573e-001
1.508568e+003,-1.435687e-001
1.509050e+003,-1.564588e-001
1.509532e+003,-1.548598e-001
1.510014e+003,-1.463684e-001
1.510496e+003,-1.375282e-001
1.510979e+003,-1.322785e-001
1.511461e+003,-1.317063e-001
1.511943e+003,-1.348846e-001
1.512425e+003,-1.286513e-001
1.512907e+003,-1.223228e-001
1.513389e+003,-1.182289e-001
1.513871e+003,-1.186261e-001
1.514353e+003,-1.236070e-001
1.514836e+003,-1.295133e-001
1.515318e+003,-1.287724e-001
1.515800e+003,-1.118717e-001
1.516282e+003,-7.142096e-002
1.516764e+003,-6.654085e-003
1.517246e+003,7.466680e-002
1.517728e+003,1.587822e-001
1.518210e+003,2.312438e-001
1.518693e+003,2.814488e-001
1.519175e+003,3.044759e-001
1.519657e+003,3.008331e-001
1.520139e+003,2.755555e-001
1.520621e+003,2.371213e-001
1.521103e+003,1.955698e-001
1.521585e+003,1.592825e-001
1.522067e+003,1.318216e-001
1.522550e+003,1.113361e-001
1.523032e+003,9.294727e-002
1.523514e+003,7.193930e-002
1.523996e+003,4.584413e-002
1.524478e+003,1.525474e-002
1.524960e+003,-1.610610e-002
1.525442e+003,-4.199938e-002
1.525924e+003,-5.520547e-002
1.526406e+003,-4.988197e-002
1.526889e+003,-2.380587e-002
1.527371e+003,2.066387e-002
1.527853e+003,7.731352e-002
1.528335e+003,1.378869e-001
1.528817e+003,1.940883e-001
1.529299e+003,2.391484e-001
1.529781e+003,2.686138e-001
1.530264e+003,2.802290e-001
1.530746e+003,2.730601e-001
1.531228e+003,2.463755e-001
1.531710e+003,1.990302e-001
1.532192e+003,1.301028e-001
1.532674e+003,4.107203e-002
1.533156e+003,-6.146619e-002
1.533638e+003,-1.650784e-001
1.534120e+003,-2.549218e-001
1.534603e+003,-3.196225e-001
1.535085e+003,-3.549680e-001
1.535567e+003,-3.632107e-001
1.536049e+003,-3.499177e-001
1.536531e+003,-3.211134e-001
1.537013e+003,-2.817883e-001
1.537495e+003,-2.355526e-001
1.537978e+003,-1.849945e-001
1.538460e+003,-1.324661e-001
1.538942e+003,-8.103663e-002
1.539424e+003,-3.501644e-002
1.539906e+003,8.282741e-004
1.540388e+003,2.342022e-002
1.540870e+003,3.329952e-002
1.541352e+003,3.458162e-002
1.541834e+003,3.303041e-002
1.542317e+003,3.384653e-002
1.542799e+003,4.027594e-002
1.543281e+003,5.274101e-002
1.543763e+003,7.141947e-002
1.544245e+003,9.186146e-002
1.544727e+003,1.083644e-001
1.545209e+003,1.158768e-001
1.545692e+003,1.116342e-001
1.546174e+003,9.568109e-002
1.546656e+003,7.011415e-002
1.547138e+003,3.774513e-002
1.547620e+003,1.072058e-003
1.548102e+003,-3.799926e-002
1.548584e+003,-7.777009e-002
1.549066e+003,-1.161157e-001
1.549549e+003,-1.501435e-001
1.550031e+003,-1.765382e-001
1.550513e+003,-1.924676e-001
1.550995e+003,-1.964735e-001
1.551477e+003,-1.888048e-001
1.551959e+003,-1.712046e-001
1.552441e+003,-1.464512e-001
1.552923e+003,-1.178915e-001
1.553406e+003,-8.891532e-002
1.553888e+003,-6.229194e-002
1.554370e+003,-3.949209e-002
1.554852e+003,-2.038568e-002
1.555334e+003,-3.553639e-003
1.555816e+003,1.298756e-002
1.556298e+003,3.108577e-002
1.556780e+003,5.201352e-002
1.557262e+003,7.616909e-002
1.557745e+003,1.026685e-001
1.558227e+003,1.288526e-001
1.558709e+003,1.504170e-001
1.559191e+003,1.631798e-001
1.559673e+003,1.655350e-001
1.560155e+003,1.587888e-001
1.560637e+003,1.451130e-001
1.561120e+003,1.258389e-001
1.561602e+003,1.012983e-001
1.562084e+003,7.155178e-002
1.562566e+003,3.730297e-002
1.563048e+003,7.137728e-004
1.563530e+003,-3.409107e-002
1.564012e+003,-6.120428e-002
1.564494e+003,-7.416794e-002
1.564977e+003,-6.804377e-002
1.565459e+003,-4.132316e-002
1.565941e+003,3.471705e-003
1.566423e+003,6.072654e-002
1.566905e+003,1.233706e-001
1.567387e+003,1.842406e-001
1.567869e+003,2.368568e-001
1.568351e+003,2.759084e-001
1.568833e+003,2.978689e-001
1.569316e+003,3.017684e-001
1.569798e+003,2.895298e-001
1.570280e+003,2.652156e-001
1.570762e+003,2.333335e-001
1.571244e+003,1.973298e-001
1.571726e+003,1.591352e-001
1.572208e+003,1.196694e-001
1.572690e+003,7.966033e-002
1.573173e+003,4.031610e-002
1.573655e+003,3.698746e-003
1.574137e+003,-2.746361e-002
1.574619e+003,-4.938073e-002
1.575101e+003,-5.872820e-002
1.575583e+003,-5.404677e-002
1.576065e+003,-3.739216e-002
1.576547e+003,-1.457952e-002
1.577030e+003,6.779189e-003
1.577512e+003,2.012375e-002
1.577994e+003,2.156270e-002
1.578476e+003,9.749502e-003
1.578958e+003,-1.492036e-002
1.579440e+003,-5.080295e-002
1.579922e+003,-9.499832e-002
1.580405e+003,-1.431624e-001
1.580887e+003,-1.896144e-001
1.581369e+003,-2.280297e-001
1.581851e+003,-2.525761e-001
1.582333e+003,-2.590064e-001
1.582815e+003,-2.452506e-001
1.583297e+003,-2.114411e-001
1.583779e+003,-1.596934e-001
1.584261e+003,-9.393834e-002
1.584744e+003,-1.982392e-002
1.585226e+003,5.557321e-002
1.585708e+003,1.244931e-001
1.586190e+003,1.796938e-001
1.586672e+003,2.158346e-001
1.587154e+003,2.306320e-001
1.587636e+003,2.254253e-001
1.588118e+003,2.048985e-001
1.588601e+003,1.758553e-001
1.589083e+003,1.452459e-001
1.589565e+003,1.180577e-001
1.590047e+003,9.593967e-002
1.590529e+003,7.720234e-002
1.591011e+003,5.821870e-002
1.591493e+003,3.556788e-002
1.591975e+003,7.942389e-003
1.592458e+003,-2.305295e-002
1.592940e+003,-5.356847e-002
1.593422e+003,-7.931483e-002
1.593904e+003,-9.761729e-002
1.594386e+003,-1.086626e-001
1.594868e+003,-1.152949e-001
1.595350e+003,-1.214514e-001
1.595833e+003,-1.300086e-001
1.596315e+003,-1.411186e-001
1.596797e+003,-1.518872e-001
1.597279e+003,-1.575358e-001
1.597761e+003,-1.534367e-001
1.598243e+003,-1.370024e-001
1.598725e+003,-1.086023e-001
1.599207e+003,-7.124988e-002
1.599689e+003,-2.935176e-002
1.600172e+003,1.279047e-002
1.600654e+003,5.196542e-002
1.601136e+003,8.608023e-002
1.601618e+003,1.133539e-001
1.602100e+003,1.313506e-001
1.602582e+003,1.367066e-001
1.603064e+003,1.260245e-001
1.603547e+003,9.771356e-002
1.604029e+003,5.384333e-002
1.604511e+003,8.681712e-004
1.604993e+003,-5.146029e-002
1.605475e+003,-9.274770e-002
1.605957e+003,-1.151200e-001
1.606439e+003,-1.158822e-001
1.606921e+003,-9.855816e-002
1.607403e+003,-7.183226e-002
1.607886e+003,-4.656245e-002
1.608368e+003,-3.181871e-002
1.608850e+003,-3.152538e-002
1.609332e+003,-4.317259e-002
1.609814e+003,-5.905748e-002
1.610296e+003,-6.940054e-002
1.610778e+003,-6.603124e-002
1.611260e+003,-4.529404e-002
1.611743e+003,-9.213625e-003
1.612225e+003,3.535816e-002
1.612707e+003,7.902540e-002
1.613189e+003,1.123989e-001
1.613671e+003,1.279593e-001
1.614153e+003,1.210277e-001
1.614635e+003,9.032882e-002
1.615117e+003,3.874027e-002
1.615600e+003,-2.584561e-002
1.616082e+003,-9.079546e-002
1.616564e+003,-1.418534e-001
1.617046e+003,-1.688865e-001
1.617528e+003,-1.705104e-001
1.618010e+003,-1.537943e-001
1.618492e+003,-1.297915e-001
1.618974e+003,-1.087921e-001
1.619457e+003,-9.776300e-002
1.619939e+003,-9.984105e-002
1.620421e+003,-1.147640e-001
1.620903e+003,-1.395062e-001
1.621385e+003,-1.689031e-001
1.621867e+003,-1.964344e-001
1.622349e+003,-2.154299e-001
1.622831e+003,-2.207285e-001
1.623314e+003,-2.103245e-001
1.623796e+003,-1.860815e-001
1.624278e+003,-1.530054e-001
1.624760e+003,-1.175787e-001
1.625242e+003,-8.612266e-002
1.625724e+003,-6.379247e-002
1.626206e+003,-5.402536e-002
1.626688e+003,-5.804479e-002
1.627171e+003,-7.430690e-002
1.627653e+003,-9.828328e-002
1.628135e+003,-1.232164e-001
1.628617e+003,-1.420540e-001
1.629099e+003,-1.498567e-001
1.629581e+003,-1.454428e-001
1.630063e+003,-1.314515e-001
1.630545e+003,-1.130002e-001
1.631028e+003,-9.579487e-002
1.631510e+003,-8.446517e-002
1.631992e+003,-8.161229e-002
1.632474e+003,-8.765244e-002
1.632956e+003,-1.013072e-001
1.633438e+003,-1.203983e-001
1.633920e+003,-1.425757e-001
1.634402e+003,-1.657150e-001
1.634885e+003,-1.878897e-001
1.635367e+003,-2.071602e-001
1.635849e+003,-2.204380e-001
1.636331e+003,-2.269559e-001
1.636813e+003,-2.266992e-001
1.637295e+003,-2.211113e-001
1.637777e+003,-2.124805e-001
1.638259e+003,-2.032164e-001
1.638742e+003,-1.953249e-001
1.639224e+003,-1.900591e-001
1.639706e+003,-1.876659e-001
1.640188e+003,-1.872977e-001
1.640670e+003,-1.871915e-001
1.641152e+003,-1.851421e-001
1.641634e+003,-1.790739e-001
1.642116e+003,-1.674354e-001
1.642599e+003,-1.492969e-001
1.643081e+003,-1.242348e-001
1.643563e+003,-9.221005e-002
1.644045e+003,-5.360494e-002
1.644527e+003,-9.432082e-003
1.645009e+003,3.837806e-002
1.645491e+003,8.683228e-002
1.645973e+003,1.322145e-001
1.646456e+003,1.711147e-001
1.646938e+003,2.018412e-001
1.647420e+003,2.252866e-001
1.647902e+003,2.444098e-001
1.648384e+003,2.626698e-001
1.648866e+003,2.826396e-001
1.649348e+003,3.054685e-001
1.649830e+003,3.309575e-001
1.650313e+003,3.576386e-001
1.650795e+003,3.824187e-001
1.651277e+003,3.996419e-001
1.651759e+003,4.001831e-001
1.652241e+003,3.725254e-001
1.652723e+003,3.089876e-001
1.653205e+003,2.153591e-001
1.653688e+003,1.121445e-001
1.654170e+003,2.148513e-002
1.654652e+003,-4.523804e-002
1.655134e+003,-8.746078e-002
1.655616e+003,-1.094754e-001
1.656098e+003,-1.161398e-001
1.656580e+003,-1.113749e-001
1.657062e+003,-9.804873e-002
1.657544e+003,-7.817627e-002
1.658027e+003,-5.305728e-002
1.658509e+003,-2.337581e-002
1.658991e+003,1.058993e-002
1.659473e+003,4.852960e-002
1.659955e+003,8.945387e-002
1.660437e+003,1.310577e-001
1.660919e+003,1.693383e-001
1.661401e+003,1.988485e-001
1.661884e+003,2.138954e-001
1.662366e+003,2.106561e-001
1.662848e+003,1.894043e-001
1.663330e+003,1.553280e-001
1.663812e+003,1.169680e-001
1.664294e+003,8.313002e-002
1.664776e+003,6.017195e-002
1.665258e+003,5.091585e-002
1.665740e+003,5.496171e-002
1.666223e+003,6.953974e-002
1.666705e+003,9.164723e-002
1.667187e+003,1.145567e-001
1.667669e+003,1.326936e-001
1.668151e+003,1.413373e-001
1.668633e+003,1.376861e-001
1.669115e+003,1.217214e-001
1.669598e+003,9.632796e-002
1.670080e+003,6.635951e-002
1.670562e+003,3.702328e-002
1.671044e+003,1.245121e-002
1.671526e+003,-4.883268e-003
1.672008e+003,-1.392490e-002
1.672490e+003,-1.452003e-002
1.672972e+003,-7.148454e-003
1.673455e+003,6.831228e-003
1.673937e+003,2.451494e-002
1.674419e+003,4.091743e-002
1.674901e+003,4.951248e-002
1.675383e+003,4.449093e-002
1.675865e+003,2.375001e-002
1.676347e+003,-9.736333e-003
1.676829e+003,-4.924544e-002
1.677312e+003,-8.696175e-002
1.677794e+003,-1.161097e-001
1.678276e+003,-1.320648e-001
1.678758e+003,-1.328842e-001
1.679240e+003,-1.195231e-001
1.679722e+003,-9.548730e-002
1.680204e+003,-6.564853e-002
1.680686e+003,-3.453076e-002
1.681168e+003,-4.965570e-003
1.681651e+003,2.214787e-002
1.682133e+003,4.691556e-002
1.682615e+003,6.884819e-002
1.683097e+003,8.531450e-002
1.683579e+003,9.128896e-002
1.684061e+003,8.174670e-002
1.684543e+003,5.589039e-002
1.685026e+003,1.900500e-002
1.685508e+003,-2.056298e-002
1.685990e+003,-5.589292e-002
1.686472e+003,-8.341672e-002
1.686954e+003,-1.022640e-001
1.687436e+003,-1.127948e-001
1.687918e+003,-1.154120e-001
1.688400e+003,-1.099433e-001
1.688883e+003,-9.567036e-002
1.689365e+003,-7.195412e-002
1.689847e+003,-3.918602e-002
1.690329e+003,4.958058e-004
1.690811e+003,4.326532e-002
1.691293e+003,8.453733e-002
1.691775e+003,1.202418e-001
1.692257e+003,1.477235e-001
1.692740e+003,1.658453e-001
1.693222e+003,1.744273e-001
1.693704e+003,1.734641e-001
1.694186e+003,1.626942e-001
1.694668e+003,1.420192e-001
1.695150e+003,1.128790e-001
1.695632e+003,7.964165e-002
1.696114e+003,4.919651e-002
1.696597e+003,2.820251e-002
1.697079e+003,2.014739e-002
1.697561e+003,1.773300e-002
1.698043e+003,2.187019e-002
1.698525e+003,2.815179e-002
1.699007e+003,3.161861e-002
1.699489e+003,2.836021e-002
1.699971e+003,1.801575e-002
1.700453e+003,5.462941e-003
1.700936e+003,-1.256124e-003
1.701418e+003,4.041107e-003
1.701900e+003,2.267709e-002
1.702382e+003,5.200620e-002
1.702864e+003,8.760926e-002
1.703346e+003,1.246462e-001
1.703828e+003,1.582893e-001
1.704311e+003,1.839706e-001
1.704793e+003,1.980001e-001
1.705275e+003,1.985269e-001
1.705757e+003,1.862273e-001
1.706239e+003,1.640105e-001
1.706721e+003,1.358610e-001
1.707203e+003,1.056754e-001
1.707685e+003,7.674114e-002
1.708167e+003,5.175141e-002
1.708650e+003,3.285741e-002
1.709132e+003,2.143978e-002
1.709614e+003,1.767919e-002
1.710096e+003,2.027009e-002
1.710578e+003,2.658844e-002
1.711060e+003,3.331977e-002
1.711542e+003,3.728394e-002
1.712025e+003,3.611431e-002
1.712507e+003,2.857650e-002
1.712989e+003,1.451047e-002
1.713471e+003,-5.472590e-003
1.713953e+003,-3.033457e-002
1.714435e+003,-5.876444e-002
1.714917e+003,-8.903855e-002
1.715399e+003,-1.186932e-001
1.715881e+003,-1.443301e-001
1.716364e+003,-1.620261e-001
1.716846e+003,-1.686546e-001
1.717328e+003,-1.637763e-001
1.717810e+003,-1.508147e-001
1.718292e+003,-1.361084e-001
1.718774e+003,-1.260261e-001
1.719256e+003,-1.241913e-001
1.719739e+003,-1.306079e-001
1.720221e+003,-1.426845e-001
1.720703e+003,-1.570188e-001
1.721185e+003,-1.710159e-001
1.721667e+003,-1.839016e-001
1.722149e+003,-1.969339e-001
1.722631e+003,-2.126871e-001
1.723113e+003,-2.334800e-001
1.723595e+003,-2.594808e-001
1.724078e+003,-2.874687e-001
1.724560e+003,-3.110977e-001
1.725042e+003,-3.227603e-001
1.725524e+003,-3.162805e-001
1.726006e+003,-2.893193e-001
1.726488e+003,-2.446396e-001
1.726970e+003,-1.898702e-001
1.727453e+003,-1.358519e-001
1.727935e+003,-9.393251e-002
1.728417e+003,-7.221171e-002
1.728899e+003,-7.483584e-002
1.729381e+003,-9.899433e-002
1.729863e+003,-1.365516e-001
1.730345e+003,-1.768622e-001
1.730827e+003,-2.100257e-001
1.731310e+003,-2.291795e-001
1.731792e+003,-2.312759e-001
1.732274e+003,-2.167339e-001
1.732756e+003,-1.887179e-001
1.733238e+003,-1.524293e-001
1.733720e+003,-1.141483e-001
1.734202e+003,-7.953989e-002
1.734684e+003,-5.174304e-002
1.735167e+003,-3.078612e-002
1.735649e+003,-1.485484e-002
1.736131e+003,-1.987603e-003
1.736613e+003,9.103875e-003
1.737095e+003,1.913020e-002
1.737577e+003,2.869532e-002
1.738059e+003,3.872557e-002
1.738541e+003,5.062227e-002
1.739023e+003,6.594702e-002
1.739506e+003,8.565013e-002
1.739988e+003,1.092362e-001
1.740470e+003,1.344720e-001
1.740952e+003,1.578599e-001
1.741434e+003,1.755233e-001
1.741916e+003,1.840415e-001
1.742398e+003,1.811046e-001
1.742880e+003,1.660226e-001
1.743363e+003,1.400259e-001
1.743845e+003,1.061478e-001
1.744327e+003,6.855951e-002
1.744809e+003,3.156582e-002
1.745291e+003,-1.309952e-003
1.745773e+003,-2.783933e-002
1.746255e+003,-4.714691e-002
1.746738e+003,-5.948917e-002
1.747220e+003,-6.590884e-002
1.747702e+003,-6.785697e-002
1.748184e+003,-6.683371e-002
1.748666e+003,-6.411410e-002
1.749148e+003,-6.063611e-002
1.749630e+003,-5.705031e-002
1.750112e+003,-5.385913e-002
1.750594e+003,-5.146441e-002
1.751077e+003,-5.002747e-002
1.751559e+003,-4.916830e-002
1.752041e+003,-4.774173e-002
1.752523e+003,-4.391264e-002
1.753005e+003,-3.556349e-002
1.753487e+003,-2.088554e-002
1.753969e+003,1.013360e-003
1.754451e+003,2.954359e-002
1.754934e+003,6.221730e-002
1.755416e+003,9.462295e-002
1.755898e+003,1.211670e-001
1.756380e+003,1.367041e-001
1.756862e+003,1.385097e-001
1.757344e+003,1.274107e-001
1.757826e+003,1.072780e-001
1.758308e+003,8.320837e-002
1.758791e+003,5.956845e-002
1.759273e+003,3.889999e-002
1.759755e+003,2.162614e-002
1.760237e+003,6.734399e-003
1.760719e+003,-7.177132e-003
1.761201e+003,-2.080669e-002
1.761683e+003,-3.345853e-002
1.762166e+003,-4.315264e-002
1.762648e+003,-4.749133e-002
1.763130e+003,-4.468319e-002
1.763612e+003,-3.404189e-002
1.764094e+003,-1.575016e-002
1.764576e+003,9.741679e-003
1.765058e+003,4.215831e-002
1.765540e+003,8.133195e-002
1.766022e+003,1.265707e-001
1.766505e+003,1.756896e-001
1.766987e+003,2.242741e-001
1.767469e+003,2.658780e-001
1.767951e+003,2.935209e-001
1.768433e+003,3.019306e-001
1.768915e+003,2.893313e-001
1.769397e+003,2.579675e-001
1.769879e+003,2.135007e-001
1.770362e+003,1.638844e-001
1.770844e+003,1.180257e-001
1.771326e+003,8.398651e-002
1.771808e+003,6.657307e-002
1.772290e+003,6.516533e-002
1.772772e+003,7.353365e-002
1.773254e+003,8.253208e-002
1.773736e+003,8.411573e-002
1.774219e+003,7.416892e-002
1.774701e+003,5.311741e-002
1.775183e+003,2.499424e-002
1.775665e+003,-4.088154e-003
1.776147e+003,-2.761981e-002
1.776629e+003,-4.038472e-002
1.777111e+003,-3.989305e-002
1.777594e+003,-2.712098e-002
1.778076e+003,-6.261812e-003
1.778558e+003,1.643826e-002
1.779040e+003,3.438639e-002
1.779522e+003,4.242944e-002
1.780004e+003,3.824951e-002
1.780486e+003,2.287813e-002
1.780968e+003,-5.281187e-007
1.781450e+003,-2.573519e-002
1.781933e+003,-5.057374e-002
1.782415e+003,-7.277913e-002
1.782897e+003,-9.261501e-002
1.783379e+003,-1.114255e-001
1.783861e+003,-1.303644e-001
1.784343e+003,-1.493590e-001
1.784825e+003,-1.667750e-001
1.785307e+003,-1.799831e-001
1.785790e+003,-1.865587e-001
1.786272e+003,-1.854512e-001
1.786754e+003,-1.774904e-001
1.787236e+003,-1.650622e-001
1.787718e+003,-1.512304e-001
1.788200e+003,-1.387429e-001
1.788682e+003,-1.292673e-001
1.789164e+003,-1.230088e-001
1.789646e+003,-1.187510e-001
1.790129e+003,-1.147464e-001
1.790611e+003,-1.078096e-001
1.791093e+003,-9.525521e-002
1.791575e+003,-7.606784e-002
1.792057e+003,-5.187471e-002
1.792539e+003,-2.700621e-002
1.793021e+003,-7.243527e-003
1.793504e+003,2.286088e-003
1.793986e+003,-1.026000e-003
1.794468e+003,-1.643672e-002
1.794950e+003,-4.008140e-002
1.795432e+003,-6.591902e-002
1.795914e+003,-8.714880e-002
1.796396e+003,-9.797917e-002
1.796878e+003,-9.543213e-002
1.797361e+003,-8.060274e-002
1.797843e+003,-5.868710e-002
1.798325e+003,-3.755687e-002
1.798807e+003,-2.530262e-002
1.799289e+003,-2.763088e-002
1.799771e+003,-4.607327e-002
1.800253e+003,-7.768393e-002
1.800735e+003,-1.164254e-001
1.801218e+003,-1.556655e-001
1.801700e+003,-1.905683e-001
1.802182e+003,-2.191404e-001
1.802664e+003,-2.415640e-001
1.803146e+003,-2.584564e-001
1.803628e+003,-2.692050e-001
1.804110e+003,-2.713089e-001
1.804592e+003,-2.610558e-001
1.805075e+003,-2.352151e-001
1.805557e+003,-1.929270e-001
1.806039e+003,-1.368685e-001
1.806521e+003,-7.312920e-002
1.807003e+003,-9.859937e-003
1.807485e+003,4.477629e-002
1.807967e+003,8.463257e-002
1.808449e+003,1.069813e-001
1.808932e+003,1.128964e-001
1.809414e+003,1.065432e-001
1.809896e+003,9.366533e-002
1.810378e+003,7.981335e-002
1.810860e+003,6.890895e-002
1.811342e+003,6.250211e-002
1.811824e+003,5.980749e-002
1.812306e+003,5.834902e-002
1.812789e+003,5.492151e-002
1.813271e+003,4.657787e-002
1.813753e+003,3.141674e-002
1.814235e+003,9.077727e-003
1.814717e+003,-1.906088e-002
1.815199e+003,-4.999491e-002
1.815681e+003,-7.956347e-002
1.816163e+003,-1.032796e-001
1.816646e+003,-1.173470e-001
1.817128e+003,-1.195330e-001
1.817610e+003,-1.095268e-001
1.818092e+003,-8.868354e-002
1.818574e+003,-5.937874e-002
1.819056e+003,-2.435780e-002
1.819538e+003,1.365082e-002
1.820021e+003,5.202789e-002
1.820503e+003,8.819897e-002
1.820985e+003,1.211673e-001
1.821467e+003,1.473844e-001
1.821949e+003,1.644960e-001
1.822431e+003,1.704946e-001
1.822913e+003,1.641546e-001
1.823395e+003,1.454152e-001
1.823877e+003,1.156658e-001
1.824360e+003,7.784097e-002
1.824842e+003,3.618080e-002
1.825324e+003,-4.370722e-003
1.825806e+003,-3.898673e-002
1.826288e+003,-6.370317e-002
1.826770e+003,-7.596506e-002
1.827252e+003,-7.504317e-002
1.827734e+003,-6.247792e-002
1.828217e+003,-4.246266e-002
1.828699e+003,-2.172311e-002
1.829181e+003,-8.285022e-003
1.829663e+003,-8.934325e-003
1.830145e+003,-2.623896e-002
1.830627e+003,-5.690447e-002
1.831109e+003,-9.270708e-002
1.831591e+003,-1.235426e-001
1.832073e+003,-1.408497e-001
1.832556e+003,-1.399684e-001
1.833038e+003,-1.210183e-001
1.833520e+003,-8.853669e-002
1.834002e+003,-5.022562e-002
1.834484e+003,-1.504453e-002
1.834966e+003,9.063897e-003
1.835448e+003,1.729444e-002
1.835931e+003,9.291755e-003
1.836413e+003,-1.081653e-002
1.836895e+003,-3.567852e-002
1.837377e+003,-5.686466e-002
1.837859e+003,-6.727654e-002
1.838341e+003,-6.317878e-002
1.838823e+003,-4.523271e-002
1.839305e+003,-1.811077e-002
1.839788e+003,1.126422e-002
1.840270e+003,3.621482e-002
1.840752e+003,5.256039e-002
1.841234e+003,5.984681e-002
1.841716e+003,6.127091e-002
1.842198e+003,6.237666e-002
1.842680e+003,6.878463e-002
1.843162e+003,8.343267e-002
1.843645e+003,1.043758e-001
1.844127e+003,1.246521e-001
1.844609e+003,1.350145e-001
1.845091e+003,1.282802e-001
1.845573e+003,1.026455e-001
1.846055e+003,6.224633e-002
1.846537e+003,1.539304e-002
1.847019e+003,-2.806042e-002
1.847501e+003,-5.918206e-002
1.847984e+003,-7.190968e-002
1.848466e+003,-6.437635e-002
1.848948e+003,-3.939366e-002
1.849430e+003,-3.843390e-003
1.849912e+003,3.297067e-002
1.850394e+003,6.156702e-002
1.850876e+003,7.449672e-002
1.851359e+003,6.802596e-002
1.851841e+003,4.740028e-002
1.852323e+003,1.464042e-002
1.852805e+003,-2.262752e-002
1.853287e+003,-5.536192e-002
1.853769e+003,-7.546727e-002
1.854251e+003,-7.797010e-002
1.854733e+003,-6.226556e-002
1.855216e+003,-3.204370e-002
1.855698e+003,6.031123e-003
1.856180e+003,4.437980e-002
1.856662e+003,7.662904e-002
1.857144e+003,9.910208e-002
1.857626e+003,1.112313e-001
1.858108e+003,1.148801e-001
1.858590e+003,1.129662e-001
1.859073e+003,1.080393e-001
1.859555e+003,1.013963e-001
1.860037e+003,9.300344e-002
1.860519e+003,8.213398e-002
1.861001e+003,6.834169e-002
1.861483e+003,5.227564e-002
1.861965e+003,3.595068e-002
1.862447e+003,2.235534e-002
1.862929e+003,1.455019e-002
1.863412e+003,1.460803e-002
1.863894e+003,2.278571e-002
1.864376e+003,3.722562e-002
1.864858e+003,5.432802e-002
1.865340e+003,6.969305e-002
1.865822e+003,7.937800e-002
1.866304e+003,8.112010e-002
1.866786e+003,7.519081e-002
1.867269e+003,6.460217e-002
1.867751e+003,5.443328e-002
1.868233e+003,5.022926e-002
1.868715e+003,5.583581e-002
1.869197e+003,7.157476e-002
1.869679e+003,9.378481e-002
1.870161e+003,1.160949e-001
1.870644e+003,1.317663e-001
1.871126e+003,1.359590e-001
1.871608e+003,1.270897e-001
1.872090e+003,1.070718e-001
1.872572e+003,8.060889e-002
1.873054e+003,5.382396e-002
1.873536e+003,3.255128e-002
1.874018e+003,2.073975e-002
1.874500e+003,1.945699e-002
1.874983e+003,2.684739e-002
1.875465e+003,3.901835e-002
1.875947e+003,5.147573e-002
1.876429e+003,6.054564e-002
1.876911e+003,6.433780e-002
1.877393e+003,6.299401e-002
1.877875e+003,5.824916e-002
1.878357e+003,5.251392e-002
1.878840e+003,4.780918e-002
1.879322e+003,4.489093e-002
1.879804e+003,4.282977e-002
1.880286e+003,3.915409e-002
1.880768e+003,3.052202e-002
1.881250e+003,1.373356e-002
1.881732e+003,-1.320578e-002
1.882214e+003,-5.029042e-002
1.882697e+003,-9.504880e-002
1.883179e+003,-1.435146e-001
1.883661e+003,-1.904148e-001
1.884143e+003,-2.304032e-001
1.884625e+003,-2.590641e-001
1.885107e+003,-2.735333e-001
1.885589e+003,-2.725738e-001
1.886072e+003,-2.561859e-001
1.886554e+003,-2.250735e-001
1.887036e+003,-1.803569e-001
1.887518e+003,-1.237711e-001
1.888000e+003,-5.825804e-002
1.888482e+003,1.142995e-002
1.888964e+003,7.872353e-002
1.889446e+003,1.362070e-001
1.889928e+003,1.774337e-001
1.890411e+003,1.987831e-001
1.890893e+003,2.003865e-001
1.891375e+003,1.857290e-001
1.891857e+003,1.602747e-001
1.892339e+003,1.298834e-001
1.892821e+003,9.961191e-002
1.893303e+003,7.314311e-002
1.893786e+003,5.273062e-002
1.894268e+003,3.940824e-002
1.894750e+003,3.317607e-002
1.895232e+003,3.300507e-002
1.895714e+003,3.671236e-002
1.896196e+003,4.096290e-002
1.896678e+003,4.167211e-002
1.897160e+003,3.494372e-002
1.897643e+003,1.832998e-002
1.898125e+003,-8.045833e-003
1.898607e+003,-4.105131e-002
1.899089e+003,-7.514330e-002
1.899571e+003,-1.039073e-001
1.900053e+003,-1.220066e-001
1.900535e+003,-1.267748e-001
1.901017e+003,-1.187847e-001
1.901500e+003,-1.011856e-001
1.901982e+003,-7.817235e-002
1.902464e+003,-5.335811e-002
1.902946e+003,-2.887351e-002
1.903428e+003,-5.575233e-003
1.903910e+003,1.585857e-002
1.904392e+003,3.368721e-002
1.904874e+003,4.457331e-002
1.905356e+003,4.425350e-002
1.905839e+003,2.927305e-002
1.906321e+003,-9.796104e-004
1.906803e+003,-4.295583e-002
1.907285e+003,-8.909169e-002
1.907767e+003,-1.295558e-001
1.908249e+003,-1.550671e-001
1.908731e+003,-1.597782e-001
1.909214e+003,-1.431306e-001
1.909696e+003,-1.099324e-001
1.910178e+003,-6.863212e-002
1.910660e+003,-2.856911e-002
1.911142e+003,2.641426e-003
1.911624e+003,2.067034e-002
1.912106e+003,2.471676e-002
1.912588e+003,1.675164e-002
1.913071e+003,3.529052e-004
1.913553e+003,-2.038891e-002
1.914035e+003,-4.166244e-002
1.914517e+003,-6.038852e-002
1.914999e+003,-7.454248e-002
1.915481e+003,-8.343370e-002
1.915963e+003,-8.793993e-002
1.916445e+003,-9.050366e-002
1.916927e+003,-9.463756e-002
1.917410e+003,-1.038005e-001
1.917892e+003,-1.198982e-001
1.918374e+003,-1.421117e-001
1.918856e+003,-1.667670e-001
1.919338e+003,-1.884264e-001
1.919820e+003,-2.016409e-001
1.920302e+003,-2.025547e-001
1.920784e+003,-1.898505e-001
1.921267e+003,-1.649520e-001
1.921749e+003,-1.315846e-001
1.922231e+003,-9.486325e-002
1.922713e+003,-6.007037e-002
1.923195e+003,-3.144078e-002
1.923677e+003,-1.133904e-002
1.924159e+003,-5.967968e-005
1.924641e+003,3.786836e-003
1.925124e+003,2.561595e-003
1.925606e+003,-1.173273e-003
1.926088e+003,-5.377717e-003
1.926570e+003,-9.149020e-003
1.927052e+003,-1.312633e-002
1.927534e+003,-1.948206e-002
1.928016e+003,-3.132047e-002
1.928499e+003,-5.150593e-002
1.928981e+003,-8.127671e-002
1.929463e+003,-1.191820e-001
1.929945e+003,-1.609156e-001
1.930427e+003,-2.002688e-001
1.930909e+003,-2.309742e-001
1.931391e+003,-2.487490e-001
1.931873e+003,-2.526444e-001
1.932355e+003,-2.450500e-001
1.932838e+003,-2.302881e-001
1.933320e+003,-2.124094e-001
1.933802e+003,-1.932384e-001
1.934284e+003,-1.716447e-001
1.934766e+003,-1.444658e-001
1.935248e+003,-1.087019e-001
1.935730e+003,-6.394084e-002
1.936212e+003,-1.380829e-002
1.936695e+003,3.434393e-002
1.937177e+003,7.153223e-002
1.937659e+003,9.018979e-002
1.938141e+003,8.688173e-002
1.938623e+003,6.350610e-002
1.939105e+003,2.651192e-002
1.939587e+003,-1.538906e-002
1.940069e+003,-5.394396e-002
1.940552e+003,-8.342096e-002
1.941034e+003,-1.013786e-001
1.941516e+003,-1.081394e-001
1.941998e+003,-1.054760e-001
1.942480e+003,-9.527711e-002
1.942962e+003,-7.888453e-002
1.943444e+003,-5.731843e-002
1.943927e+003,-3.203762e-002
1.944409e+003,-5.416683e-003
1.944891e+003,1.888555e-002
1.945373e+003,3.705515e-002
1.945855e+003,4.621354e-002
1.946337e+003,4.544260e-002
1.946819e+003,3.611366e-002
1.947301e+003,2.130192e-002
1.947783e+003,4.529823e-003
1.948266e+003,-1.153310e-002
1.948748e+003,-2.576141e-002
1.949230e+003,-3.834218e-002
1.949712e+003,-4.981858e-002
1.950194e+003,-5.996360e-002
1.950676e+003,-6.714092e-002
1.951158e+003,-6.853778e-002
1.951640e+003,-6.123629e-002
1.952123e+003,-4.365385e-002
1.952605e+003,-1.668088e-002
1.953087e+003,1.600270e-002
1.953569e+003,4.859983e-002
1.954051e+003,7.464530e-002
1.954533e+003,8.871900e-002
1.955015e+003,8.786810e-002
1.955497e+003,7.229390e-002
1.955979e+003,4.515745e-002
1.956462e+003,1.169233e-002
1.956944e+003,-2.200832e-002
1.957426e+003,-5.016925e-002
1.957908e+003,-6.825306e-002
1.958390e+003,-7.356535e-002
1.958872e+003,-6.554461e-002
1.959354e+003,-4.575768e-002
1.959837e+003,-1.760033e-002
1.960319e+003,1.428389e-002
1.960801e+003,4.480929e-002
1.961283e+003,6.936084e-002
1.961765e+003,8.465094e-002
1.962247e+003,8.931129e-002
1.962729e+003,8.405092e-002
1.963211e+003,7.131223e-002
1.963694e+003,5.450618e-002
1.964176e+003,3.706354e-002
1.964658e+003,2.155993e-002
1.965140e+003,9.147569e-003
1.965622e+003,-5.726268e-004
1.966104e+003,-9.228962e-003
1.966586e+003,-1.897907e-002
1.967068e+003,-3.164692e-002
1.967551e+003,-4.797658e-002
1.968033e+003,-6.726899e-002
1.968515e+003,-8.753358e-002
1.968997e+003,-1.060887e-001
1.969479e+003,-1.203763e-001
1.969961e+003,-1.287157e-001
1.970443e+003,-1.307340e-001
1.970925e+003,-1.273493e-001
1.971407e+003,-1.203210e-001
1.971890e+003,-1.115547e-001
1.972372e+003,-1.024474e-001
1.972854e+003,-9.354951e-002
1.973336e+003,-8.466452e-002
1.973818e+003,-7.532483e-002
1.974300e+003,-6.538974e-002
1.974782e+003,-5.547215e-002
1.975265e+003,-4.576244e-002
1.975747e+003,-4.127243e-002
1.976229e+003,-4.207969e-002
1.976711e+003,-4.698300e-002
1.977193e+003,-5.399662e-002
1.977675e+003,-6.113387e-002
1.978157e+003,-6.701987e-002
1.978639e+003,-7.098704e-002
1.979122e+003,-7.260975e-002
1.979604e+003,-7.102732e-002
1.980086e+003,-6.460232e-002
1.980568e+003,-5.128007e-002
1.981050e+003,-2.960549e-002
1.981532e+003,1.058234e-004
1.982014e+003,3.515796e-002
1.982496e+003,7.090434e-002
1.982979e+003,1.021935e-001
1.983461e+003,1.252014e-001
1.983943e+003,1.387389e-001
1.984425e+003,1.443325e-001
1.984907e+003,1.450139e-001
1.985389e+003,1.434468e-001
1.985871e+003,1.404034e-001
1.986353e+003,1.343958e-001
1.986836e+003,1.226621e-001
1.987318e+003,1.029531e-001
1.987800e+003,7.511204e-002
1.988282e+003,4.155172e-002
1.988764e+003,6.349394e-003
1.989246e+003,-2.653604e-002
1.989728e+003,-5.492315e-002
1.990210e+003,-7.903107e-002
1.990693e+003,-1.007104e-001
1.991175e+003,-1.216867e-001
1.991657e+003,-1.417553e-001
1.992139e+003,-1.579822e-001
1.992621e+003,-1.654477e-001
1.993103e+003,-1.592492e-001
1.993585e+003,-1.367568e-001
1.994067e+003,-9.901852e-002
1.994550e+003,-5.073081e-002
1.995032e+003,1.078877e-003
1.995514e+003,4.899057e-002
1.995996e+003,8.700067e-002
1.996478e+003,1.116424e-001
1.996960e+003,1.222206e-001
1.997442e+003,1.203038e-001
1.997924e+003,1.088443e-001
1.998406e+003,9.132240e-002
1.998889e+003,7.113852e-002
1.999371e+003,5.126470e-002
1.999853e+003,3.401184e-002
2.000335e+003,2.080440e-002
2.000817e+003,1.196655e-002
2.001299e+003,6.650378e-003
2.001781e+003,3.044161e-003
2.002264e+003,-1.116092e-003
2.002746e+003,-7.847213e-003
2.003228e+003,-1.825919e-002
2.003710e+003,-3.216692e-002
2.004192e+003,-4.811533e-002
2.004674e+003,-6.382138e-002
2.005156e+003,-7.690331e-002
2.005638e+003,-8.563787e-002
2.006121e+003,-8.836802e-002
2.006603e+003,-8.409955e-002
2.007085e+003,-7.462552e-002
2.007567e+003,-6.273170e-002
2.008049e+003,-5.100583e-002
2.008531e+003,-4.072033e-002
2.009013e+003,-3.128327e-002
2.009495e+003,-2.055437e-002
2.009978e+003,-5.984072e-003
2.010460e+003,1.386889e-002
2.010942e+003,3.809779e-002
2.011424e+003,6.309030e-002
2.011906e+003,8.334781e-002
2.012388e+003,9.328023e-002
2.012870e+003,8.931782e-002
2.013352e+003,7.147130e-002
2.013834e+003,4.363981e-002
2.014317e+003,1.248442e-002
2.014799e+003,-1.472767e-002
2.015281e+003,-3.250855e-002
2.015763e+003,-3.886376e-002
2.016245e+003,-3.569759e-002
2.016727e+003,-2.775526e-002
2.017209e+003,-2.053042e-002
2.017692e+003,-1.803460e-002
2.018174e+003,-2.133755e-002
2.018656e+003,-2.841423e-002
2.019138e+003,-3.521197e-002
2.019620e+003,-3.735084e-002
2.020102e+003,-3.171945e-002
2.020584e+003,-1.740120e-002
2.021066e+003,4.281434e-003
2.021549e+003,3.040877e-002
2.022031e+003,5.740124e-002
2.022513e+003,8.183011e-002
2.022995e+003,1.008929e-001
2.023477e+003,1.125945e-001
2.023959e+003,1.158264e-001
2.024441e+003,1.105332e-001
2.024923e+003,9.797212e-002
2.025406e+003,8.088475e-002
2.025888e+003,6.330840e-002
2.026370e+003,4.986176e-002
2.026852e+003,4.456091e-002
2.027334e+003,4.950010e-002
2.027816e+003,6.387586e-002
2.028298e+003,8.379763e-002
2.028780e+003,1.030770e-001
2.029262e+003,1.148142e-001
2.029745e+003,1.132917e-001
2.030227e+003,9.555493e-002
2.030709e+003,6.221221e-002
2.031191e+003,1.726998e-002
2.031673e+003,-3.284582e-002
2.032155e+003,-8.072007e-002
2.032637e+003,-1.194059e-001
2.033120e+003,-1.435931e-001
2.033602e+003,-1.503351e-001
2.034084e+003,-1.393544e-001
2.034566e+003,-1.129968e-001
2.035048e+003,-7.588491e-002
2.035530e+003,-3.424240e-002
2.036012e+003,5.140338e-003
2.036494e+003,3.622014e-002
2.036977e+003,5.500176e-002
2.037459e+003,6.063183e-002
2.037941e+003,5.548993e-002
2.038423e+003,4.450283e-002
2.038905e+003,3.358155e-002
2.039387e+003,2.764559e-002
2.039869e+003,2.889551e-002
2.040351e+003,3.597177e-002
2.040833e+003,4.440083e-002
2.041316e+003,4.823814e-002
2.041798e+003,4.235549e-002
2.042280e+003,2.451754e-002
2.042762e+003,-3.536348e-003
2.043244e+003,-3.644114e-002
2.043726e+003,-6.688039e-002
2.044208e+003,-8.799144e-002
2.044690e+003,-9.565046e-002
2.045173e+003,-8.981200e-002
2.045655e+003,-7.445090e-002
2.046137e+003,-5.614340e-002
2.046619e+003,-4.182675e-002
2.047101e+003,-3.653796e-002
2.047583e+003,-4.190905e-002
2.048065e+003,-5.588844e-002
2.048547e+003,-7.370759e-002
2.049030e+003,-8.967556e-002
2.049512e+003,-9.913035e-002
2.049994e+003,-9.987360e-002
2.050476e+003,-9.265647e-002
2.050958e+003,-8.062865e-002
2.051440e+003,-6.803302e-002
2.051922e+003,-5.866165e-002
2.052405e+003,-5.463078e-002
2.052887e+003,-5.586538e-002
2.053369e+003,-6.039574e-002
2.053851e+003,-6.528766e-002
2.054333e+003,-6.780248e-002
2.054815e+003,-6.638353e-002
2.055297e+003,-6.111859e-002
2.055779e+003,-5.356925e-002
2.056261e+003,-4.606261e-002
2.056744e+003,-4.073926e-002
2.057226e+003,-3.871685e-002
2.057708e+003,-3.967584e-002
2.058190e+003,-4.202366e-002
2.058672e+003,-4.357997e-002
2.059154e+003,-4.252554e-002
2.059636e+003,-3.825919e-002
2.060118e+003,-3.181900e-002
2.060601e+003,-2.568297e-002
2.061083e+003,-2.299580e-002
2.061565e+003,-2.648357e-002
2.062047e+003,-3.743409e-002
2.062529e+003,-5.512184e-002
2.063011e+003,-7.689335e-002
2.063493e+003,-9.889493e-002
2.063976e+003,-1.171833e-001
2.064458e+003,-1.288097e-001
2.064940e+003,-1.324962e-001
2.065422e+003,-1.286920e-001
2.065904e+003,-1.190853e-001
2.066386e+003,-1.058372e-001
2.066868e+003,-9.091232e-002
2.067350e+003,-7.577090e-002
2.067833e+003,-6.151169e-002
2.068315e+003,-4.897680e-002
2.068797e+003,-3.921139e-002
2.069279e+003,-3.324614e-002
2.069761e+003,-3.158344e-002
2.070243e+003,-3.354374e-002
2.070725e+003,-3.684700e-002
2.071207e+003,-3.782324e-002
2.071689e+003,-3.234643e-002
2.072172e+003,-1.728042e-002
2.072654e+003,8.086225e-003
2.073136e+003,4.121942e-002
2.073618e+003,7.657338e-002
2.074100e+003,1.069290e-001
2.074582e+003,1.254661e-001
2.075064e+003,1.278402e-001
2.075546e+003,1.135193e-001
2.076029e+003,8.588659e-002
2.076511e+003,5.110084e-002
2.076993e+003,1.617789e-002
2.077475e+003,-1.300348e-002
2.077957e+003,-3.307921e-002
2.078439e+003,-4.354863e-002
2.078921e+003,-4.612166e-002
2.079404e+003,-4.345752e-002
2.079886e+003,-3.789029e-002
2.080368e+003,-3.065697e-002
2.080850e+003,-2.184434e-002
2.081332e+003,-1.093235e-002
2.081814e+003,2.427106e-003
2.082296e+003,1.781811e-002
2.082778e+003,3.393178e-002
2.083260e+003,4.892058e-002
2.083743e+003,6.104390e-002
2.084225e+003,6.926354e-002
2.084707e+003,7.354490e-002
2.085189e+003,7.473745e-002
2.085671e+003,7.413536e-002
2.086153e+003,7.293481e-002
2.086635e+003,7.182772e-002
2.087117e+003,7.089540e-002
2.087600e+003,6.980928e-002
2.088082e+003,6.821015e-002
2.088564e+003,6.608617e-002
2.089046e+003,6.396881e-002
2.089528e+003,6.286292e-002
2.090010e+003,6.393817e-002
2.090492e+003,6.808801e-002
2.090975e+003,7.551972e-002
2.091457e+003,8.551881e-002
2.091939e+003,9.645998e-002
2.092421e+003,1.060820e-001
2.092903e+003,1.119561e-001
2.093385e+003,1.120495e-001
2.093867e+003,1.052554e-001
2.094349e+003,9.174781e-002
2.094832e+003,7.306155e-002
2.095313e+003,5.185000e-002
2.095796e+003,3.135323e-002
2.096278e+003,1.471696e-002
2.096760e+003,4.329574e-003
2.097242e+003,1.363058e-003
2.097724e+003,5.640167e-003
2.098206e+003,1.584899e-002
2.098688e+003,3.042263e-002
2.099171e+003,4.650130e-002
2.099653e+003,6.225268e-002
2.100135e+003,7.646136e-002
2.100617e+003,8.846506e-002
2.101099e+003,9.790295e-002
2.101581e+003,1.044639e-001
2.102063e+003,1.077981e-001
2.102545e+003,1.076492e-001
2.103028e+003,1.041280e-001
2.103510e+003,9.792785e-002
2.103992e+003,9.029815e-002
2.104474e+003,8.269889e-002
2.104956e+003,7.623265e-002
2.105438e+003,7.111683e-002
2.105920e+003,6.648942e-002
2.106402e+003,6.073266e-002
2.106885e+003,5.225904e-002
2.107367e+003,4.044665e-002
2.107849e+003,2.629042e-002
2.108331e+003,1.238243e-002
2.108813e+003,2.121381e-003
2.109295e+003,-1.606794e-003
2.109777e+003,2.264897e-003
2.110260e+003,1.230028e-002
2.110742e+003,2.489810e-002
2.111224e+003,3.561714e-002
2.111706e+003,4.100263e-002
2.112188e+003,4.015278e-002
2.112670e+003,3.530028e-002
2.113152e+003,3.106606e-002
2.113634e+003,3.259947e-002
2.114116e+003,4.333371e-002
2.114599e+003,6.331114e-002
2.115081e+003,8.880010e-002
2.115563e+003,1.134297e-001
2.116045e+003,1.303985e-001
2.116527e+003,1.348919e-001
2.117009e+003,1.257337e-001
2.117491e+003,1.056357e-001
2.117973e+003,7.997755e-002
2.118456e+003,5.467974e-002
2.118938e+003,3.405973e-002
2.119420e+003,1.952278e-002
2.119902e+003,9.523364e-003
2.120384e+003,6.745043e-004
2.120866e+003,-1.057458e-002
2.121348e+003,-2.642684e-002
2.121831e+003,-4.697118e-002
2.122313e+003,-7.033931e-002
2.122795e+003,-9.354191e-002
2.123277e+003,-1.135072e-001
2.123759e+003,-1.278711e-001
2.124241e+003,-1.353024e-001
2.124723e+003,-1.354293e-001
2.125205e+003,-1.286025e-001
2.125688e+003,-1.157481e-001
2.126169e+003,-9.836546e-002
2.126652e+003,-7.858711e-002
2.127134e+003,-5.907596e-002
2.127616e+003,-4.260856e-002
2.128098e+003,-3.139747e-002
2.128580e+003,-2.638410e-002
2.129062e+003,-2.684624e-002
2.129544e+003,-3.014093e-002
2.130027e+003,-3.374695e-002
2.130509e+003,-3.508402e-002
2.130991e+003,-3.279263e-002
2.131473e+003,-2.713990e-002
2.131955e+003,-1.976302e-002
2.132437e+003,-1.288720e-002
2.132919e+003,-8.392969e-003
2.133401e+003,-7.140894e-003
2.133884e+003,-8.811031e-003
2.134366e+003,-1.225976e-002
2.134848e+003,-1.617105e-002
2.135330e+003,-1.968126e-002
2.135812e+003,-2.273467e-002
2.136294e+003,-2.609110e-002
2.136776e+003,-3.108013e-002
2.137258e+003,-3.923435e-002
2.137740e+003,-5.192398e-002
2.138223e+003,-6.998933e-002
2.138705e+003,-9.332814e-002
2.139187e+003,-1.204670e-001
2.139669e+003,-1.482388e-001
2.140151e+003,-1.718518e-001
2.140633e+003,-1.855666e-001
2.141115e+003,-1.840430e-001
2.141598e+003,-1.640308e-001
2.142080e+003,-1.258519e-001
2.142562e+003,-7.401969e-002
2.143044e+003,-1.657697e-002
2.143526e+003,3.680445e-002
2.144008e+003,7.740542e-002
2.144490e+003,9.985238e-002
2.144972e+003,1.034296e-001
2.145455e+003,9.184004e-002
2.145937e+003,7.154357e-002
2.146419e+003,4.938546e-002
2.146901e+003,3.046672e-002
2.147383e+003,1.704096e-002
2.147865e+003,8.707843e-003
2.148347e+003,3.598303e-003
2.148829e+003,-1.551811e-004
2.149312e+003,-3.394926e-003
2.149794e+003,-5.778490e-003
2.150276e+003,-6.409900e-003
2.150758e+003,-4.785179e-003
2.151240e+003,-1.451832e-003
2.151722e+003,2.013765e-003
2.152204e+003,3.716206e-003
2.152687e+003,2.457061e-003
2.153168e+003,-1.491409e-003
2.153651e+003,-6.268941e-003
2.154133e+003,-9.057491e-003
2.154615e+003,-7.167659e-003
2.155097e+003,8.968600e-004
2.155579e+003,1.484967e-002
2.156061e+003,3.268855e-002
2.156543e+003,5.129820e-002
2.157025e+003,6.726605e-002
2.157508e+003,7.755628e-002
2.157990e+003,7.989556e-002
2.158472e+003,7.290652e-002
2.158954e+003,5.617784e-002
2.159436e+003,3.041789e-002
2.159918e+003,-2.312163e-003
2.160400e+003,-4.031597e-002
2.160883e+003,-7.695920e-002
2.161365e+003,-1.066142e-001
2.161847e+003,-1.243757e-001
2.162329e+003,-1.272674e-001
2.162811e+003,-1.149815e-001
2.163293e+003,-8.986165e-002
2.163775e+003,-5.613776e-002
2.164257e+003,-1.872966e-002
2.164740e+003,1.792423e-002
2.165222e+003,5.059260e-002
2.165704e+003,7.738847e-002
2.166186e+003,9.744384e-002
2.166668e+003,1.104480e-001
2.167150e+003,1.163661e-001
2.167632e+003,1.154773e-001
2.168114e+003,1.086268e-001
2.168597e+003,9.741665e-002
2.169079e+003,8.407185e-002
2.169561e+003,7.090523e-002
2.170043e+003,5.955516e-002
2.170525e+003,5.035850e-002
2.171007e+003,4.220962e-002
2.171489e+003,3.305747e-002
2.171971e+003,2.088827e-002
2.172454e+003,4.782496e-003
2.172936e+003,-1.442641e-002
2.173418e+003,-3.421026e-002
2.173900e+003,-5.111412e-002
2.174382e+003,-6.190854e-002
2.174864e+003,-6.463251e-002
2.175346e+003,-5.907948e-002
2.175828e+003,-4.656344e-002
2.176311e+003,-2.913513e-002
2.176793e+003,-8.658226e-003
2.177275e+003,1.378618e-002
2.177757e+003,3.789150e-002
2.178239e+003,6.354241e-002
2.178721e+003,8.996642e-002
2.179203e+003,1.150744e-001
2.179686e+003,1.353615e-001
2.180167e+003,1.465046e-001
2.180650e+003,1.444851e-001
2.181132e+003,1.268613e-001
2.181614e+003,9.374102e-002
2.182096e+003,4.811146e-002
2.182578e+003,-4.601880e-003
2.183060e+003,-5.763063e-002
2.183542e+003,-1.042933e-001
2.184024e+003,-1.393680e-001
2.184507e+003,-1.600506e-001
2.184989e+003,-1.662902e-001
2.185471e+003,-1.604651e-001
2.185953e+003,-1.465286e-001
2.186435e+003,-1.288896e-001
2.186917e+003,-1.113310e-001
2.187399e+003,-9.626651e-002
2.187882e+003,-8.450169e-002
2.188364e+003,-7.550903e-002
2.188846e+003,-6.805941e-002
2.189328e+003,-6.093925e-002
2.189810e+003,-5.347677e-002
2.190292e+003,-4.571218e-002
2.190774e+003,-3.818547e-002
2.191256e+003,-3.130788e-002
2.191739e+003,-2.556761e-002
2.192221e+003,-2.073023e-002
2.192703e+003,-1.622397e-002
2.193185e+003,-1.143488e-002
2.193667e+003,-5.951644e-003
2.194149e+003,4.022355e-004
2.194631e+003,7.800298e-003
2.195113e+003,1.674543e-002
2.195595e+003,2.824850e-002
2.196078e+003,4.362417e-002
2.196560e+003,6.388449e-002
2.197042e+003,8.893969e-002
2.197524e+003,1.170194e-001
2.198006e+003,1.446995e-001
2.198488e+003,1.676902e-001
2.198970e+003,1.821899e-001
2.199453e+003,1.862690e-001
2.199935e+003,1.806529e-001
2.200417e+003,1.684622e-001
2.200899e+003,1.539143e-001
2.201381e+003,1.404850e-001
2.201863e+003,1.293219e-001
2.202345e+003,1.186693e-001
2.202827e+003,1.046277e-001
2.203310e+003,8.298317e-002
2.203792e+003,5.133687e-002
2.204274e+003,1.059155e-002
2.204756e+003,-3.488700e-002
2.205238e+003,-7.853634e-002
2.205720e+003,-1.137860e-001
2.206202e+003,-1.362025e-001
2.206684e+003,-1.446984e-001
2.207167e+003,-1.413222e-001
2.207649e+003,-1.298466e-001
2.208131e+003,-1.139129e-001
2.208613e+003,-9.566029e-002
2.209095e+003,-7.544961e-002
2.209577e+003,-5.274320e-002
2.210059e+003,-2.755704e-002
2.210542e+003,-1.634005e-003
2.211023e+003,2.139327e-002
2.211506e+003,3.704246e-002
2.211988e+003,4.179066e-002
2.212470e+003,3.476308e-002
2.212952e+003,1.845096e-002
2.213434e+003,-1.988348e-003
2.213916e+003,-2.060285e-002
2.214398e+003,-3.289085e-002
2.214880e+003,-3.741397e-002
2.215363e+003,-3.604871e-002
2.215845e+003,-3.278688e-002
2.216327e+003,-3.165985e-002
2.216809e+003,-3.475758e-002
2.217291e+003,-4.125220e-002
2.217773e+003,-4.784268e-002
2.218255e+003,-5.037815e-002
2.218738e+003,-4.587311e-002
2.219220e+003,-3.397578e-002
2.219702e+003,-1.722879e-002
2.220184e+003,-5.619117e-005
2.220666e+003,1.303663e-002
2.221148e+003,1.921944e-002
2.221630e+003,1.831854e-002
2.222112e+003,1.196297e-002
2.222594e+003,3.678096e-003
2.223077e+003,-2.486042e-003
2.223559e+003,-3.738914e-003
2.224041e+003,8.732502e-004
2.224523e+003,1.072215e-002
2.225005e+003,2.433076e-002
2.225487e+003,4.011555e-002
2.225969e+003,5.676046e-002
2.226451e+003,7.315513e-002
2.226934e+003,8.809952e-002
2.227416e+003,1.001388e-001
2.227898e+003,1.077564e-001
2.228380e+003,1.099362e-001
2.228862e+003,1.068182e-001
2.229344e+003,1.000620e-001
2.229826e+003,9.262726e-002
2.230309e+003,8.793390e-002
2.230791e+003,8.867271e-002
2.231273e+003,9.572699e-002
2.231755e+003,1.076471e-001
2.232237e+003,1.209281e-001
2.232719e+003,1.310217e-001
2.233201e+003,1.337438e-001
2.233683e+003,1.265875e-001
2.234166e+003,1.095082e-001
2.234647e+003,8.495504e-002
2.235130e+003,5.721023e-002
2.235612e+003,3.129122e-002
2.236094e+003,1.179386e-002
2.236576e+003,1.964323e-003
2.237058e+003,3.179445e-003
2.237540e+003,1.483441e-002
2.238022e+003,3.455182e-002
2.238505e+003,5.858150e-002
2.238987e+003,8.231989e-002
2.239469e+003,1.009004e-001
2.239951e+003,1.098787e-001
2.240433e+003,1.059772e-001
2.240915e+003,8.780233e-002
2.241397e+003,5.635412e-002
2.241879e+003,1.512741e-002
2.242362e+003,-3.036331e-002
2.242844e+003,-7.361650e-002
2.243326e+003,-1.085450e-001
2.243808e+003,-1.308510e-001
2.244290e+003,-1.389475e-001
2.244772e+003,-1.340999e-001
2.245254e+003,-1.197295e-001
2.245736e+003,-1.001326e-001
2.246219e+003,-7.909565e-002
2.246701e+003,-5.891710e-002
2.247183e+003,-4.018040e-002
2.247665e+003,-2.230555e-002
2.248147e+003,-4.563941e-003
2.248629e+003,1.293936e-002
2.249111e+003,2.878826e-002
2.249594e+003,4.051361e-002
2.250076e+003,4.545340e-002
2.250558e+003,4.183282e-002
2.251040e+003,2.956526e-002
2.251522e+003,1.044493e-002
2.252004e+003,-1.231089e-002
2.252486e+003,-3.491135e-002
2.252968e+003,-5.366725e-002
2.253450e+003,-6.583612e-002
2.253933e+003,-6.950158e-002
2.254415e+003,-6.347723e-002
2.254897e+003,-4.718097e-002
2.255379e+003,-2.079019e-002
2.255861e+003,1.430427e-002
2.256343e+003,5.502332e-002
2.256825e+003,9.651069e-002
2.257307e+003,1.327469e-001
2.257790e+003,1.578439e-001
2.258272e+003,1.676506e-001
2.258754e+003,1.610507e-001
2.259236e+003,1.403882e-001
2.259718e+003,1.107731e-001
2.260200e+003,7.848318e-002
2.260682e+003,4.907255e-002
2.261165e+003,2.593792e-002
2.261646e+003,9.858566e-003
2.262129e+003,-3.967979e-004
2.262611e+003,-6.800096e-003
2.263093e+003,-1.077924e-002
2.263575e+003,-1.250929e-002
2.264057e+003,-1.103374e-002
2.264539e+003,-5.045038e-003
2.265021e+003,6.145685e-003
2.265504e+003,2.195372e-002
2.265986e+003,4.047510e-002
2.266468e+003,5.899091e-002
2.266950e+003,7.470860e-002
2.267432e+003,8.536789e-002
2.267914e+003,8.947016e-002
2.268396e+003,8.616893e-002
2.268878e+003,7.506806e-002
2.269361e+003,5.619764e-002
2.269843e+003,3.030215e-002
2.270325e+003,-6.895988e-004
2.270807e+003,-3.333478e-002
2.271289e+003,-6.282286e-002
2.271771e+003,-8.376215e-002
2.272253e+003,-9.145065e-002
2.272735e+003,-8.322218e-002
2.273218e+003,-5.936392e-002
2.273700e+003,-2.323498e-002
2.274182e+003,1.947075e-002
2.274664e+003,6.206452e-002
2.275146e+003,9.834810e-002
2.275628e+003,1.237849e-001
2.276110e+003,1.360643e-001
2.276592e+003,1.350387e-001
2.277075e+003,1.222093e-001
2.277557e+003,1.000721e-001
2.278039e+003,7.158456e-002
2.278521e+003,3.988435e-002
2.279003e+003,8.234599e-003
2.279485e+003,-1.995303e-002
2.279967e+003,-4.119244e-002
2.280449e+003,-5.220727e-002
2.280932e+003,-5.045111e-002
2.281414e+003,-3.475513e-002
2.281896e+003,-5.919055e-003
2.282378e+003,3.296453e-002
2.282860e+003,7.665709e-002
2.283342e+003,1.184615e-001
2.283824e+003,1.506248e-001
2.284306e+003,1.684518e-001
2.284789e+003,1.688761e-001
2.285271e+003,1.522122e-001
2.285753e+003,1.223199e-001
2.286235e+003,8.591578e-002
2.286717e+003,5.113336e-002
2.287199e+003,2.563498e-002
2.287681e+003,1.474113e-002
2.288164e+003,2.007192e-002
2.288646e+003,3.909484e-002
2.289128e+003,6.573161e-002
2.289610e+003,9.190740e-002
2.290092e+003,1.096429e-001
2.290574e+003,1.131571e-001
2.291056e+003,1.004188e-001
2.291538e+003,7.372321e-002
2.292021e+003,3.912025e-002
2.292502e+003,4.811592e-003
2.292985e+003,-2.107623e-002
2.293467e+003,-3.275314e-002
2.293949e+003,-2.841670e-002
2.294431e+003,-1.080620e-002
2.294913e+003,1.352769e-002
2.295395e+003,3.605803e-002
2.295877e+003,4.868685e-002
2.296359e+003,4.600687e-002
2.296842e+003,2.675927e-002
2.297324e+003,-5.919748e-003
2.297806e+003,-4.549543e-002
2.298288e+003,-8.388546e-002
2.298770e+003,-1.135502e-001
2.299252e+003,-1.291665e-001
2.299734e+003,-1.284418e-001
2.300217e+003,-1.119769e-001
2.300699e+003,-8.243053e-002
2.301181e+003,-4.344495e-002
2.301663e+003,1.223732e-003
2.302145e+003,4.811862e-002
2.302627e+003,9.407963e-002
2.303109e+003,1.360433e-001
2.303591e+003,1.709592e-001
2.304074e+003,1.960175e-001
2.304556e+003,2.091671e-001
2.305038e+003,2.097141e-001
2.305520e+003,1.986965e-001
2.306002e+003,1.788086e-001
2.306484e+003,1.538341e-001
2.306966e+003,1.277726e-001
2.307448e+003,1.039648e-001
2.307931e+003,8.453774e-002
2.308413e+003,7.030853e-002
2.308895e+003,6.110487e-002
2.309377e+003,5.627657e-002
2.309859e+003,5.509891e-002
2.310341e+003,5.687252e-002
2.310823e+003,6.073193e-002
2.311305e+003,6.530765e-002
2.311788e+003,6.857005e-002
2.312270e+003,6.807355e-002
2.312752e+003,6.165171e-002
2.313234e+003,4.836886e-002
2.313716e+003,2.932372e-002
2.314198e+003,7.891520e-003
2.314680e+003,-1.039505e-002
2.315163e+003,-2.058765e-002
2.315645e+003,-1.883153e-002
2.316127e+003,-4.249462e-003
2.316609e+003,2.038229e-002
2.317091e+003,4.911920e-002
2.317573e+003,7.449196e-002
2.318055e+003,8.982378e-002
2.318537e+003,9.146490e-002
2.319020e+003,8.009618e-002
2.319501e+003,6.050361e-002
2.319984e+003,3.977743e-002
2.320466e+003,2.453934e-002
2.320948e+003,1.826757e-002
2.321430e+003,1.981832e-002
2.321912e+003,2.384227e-002
2.322394e+003,2.299912e-002
2.322876e+003,1.113001e-002
2.323358e+003,-1.389570e-002
2.323841e+003,-4.888513e-002
2.324323e+003,-8.618312e-002
2.324805e+003,-1.163833e-001
2.325287e+003,-1.318000e-001
2.325769e+003,-1.292513e-001
2.326251e+003,-1.110590e-001
2.326733e+003,-8.393513e-002
2.327216e+003,-5.628956e-002
2.327698e+003,-3.514114e-002
2.328180e+003,-2.390100e-002
2.328662e+003,-2.183276e-002
2.329144e+003,-2.527535e-002
2.329626e+003,-2.990320e-002
2.330108e+003,-3.290247e-002
2.330590e+003,-3.408559e-002
2.331073e+003,-3.550092e-002
2.331555e+003,-3.988964e-002
2.332037e+003,-4.888237e-002
2.332519e+003,-6.187002e-002
2.333001e+003,-7.609736e-002
2.333483e+003,-8.782016e-002
2.333965e+003,-9.384638e-002
2.334447e+003,-9.269467e-002
2.334930e+003,-8.482879e-002
2.335412e+003,-7.201887e-002
2.335894e+003,-5.628726e-002
2.336376e+003,-3.907890e-002
2.336858e+003,-2.113857e-002
2.337340e+003,-3.087941e-003
2.337822e+003,1.372260e-002
2.338304e+003,2.671859e-002
2.338787e+003,3.245022e-002
2.339269e+003,2.776719e-002
2.339751e+003,1.135545e-002
2.340233e+003,-1.514641e-002
2.340715e+003,-4.706199e-002
2.341197e+003,-7.782444e-002
2.341679e+003,-1.009592e-001
2.342161e+003,-1.121499e-001
2.342644e+003,-1.105600e-001
2.343125e+003,-9.892222e-002
2.343608e+003,-8.242249e-002
2.344090e+003,-6.684830e-002
2.344572e+003,-5.673616e-002
2.345054e+003,-5.414506e-002
2.345536e+003,-5.841952e-002
2.346019e+003,-6.681898e-002
2.346500e+003,-7.581789e-002
2.346983e+003,-8.219035e-002
2.347465e+003,-8.370475e-002
2.347947e+003,-7.930591e-002
2.348429e+003,-6.896327e-002
2.348911e+003,-5.342347e-002
2.349393e+003,-3.401056e-002
2.349875e+003,-1.250656e-002
2.350357e+003,8.963512e-003
2.350840e+003,2.811670e-002
2.351322e+003,4.281610e-002
2.351804e+003,5.144808e-002
2.352286e+003,5.323336e-002
2.352768e+003,4.834924e-002
2.353250e+003,3.781241e-002
2.353732e+003,2.321353e-002
2.354214e+003,6.445548e-003
2.354697e+003,-1.049140e-002
2.355179e+003,-2.565495e-002
2.355661e+003,-3.737194e-002
2.356143e+003,-4.452692e-002
2.356625e+003,-4.682495e-002
2.357107e+003,-4.484105e-002
2.357589e+003,-3.973563e-002
2.358072e+003,-3.265608e-002
2.358554e+003,-2.406718e-002
2.359036e+003,-1.336369e-002
2.359518e+003,9.705002e-004
2.360000e+003,2.060274e-002
2.360482e+003,4.634342e-002
2.360964e+003,7.739294e-002
2.361446e+003,1.112715e-001
2.361928e+003,1.445341e-001
2.362411e+003,1.739695e-001
2.362893e+003,1.976959e-001
2.363375e+003,2.155951e-001
2.363857e+003,2.287885e-001
2.364339e+003,2.383639e-001
2.364821e+003,2.440391e-001
2.365303e+003,2.435183e-001
2.365786e+003,2.330269e-001
2.366268e+003,2.088989e-001
2.366750e+003,1.695348e-001
2.367232e+003,1.168797e-001
2.367714e+003,5.667209e-002
2.368196e+003,-2.690478e-003
2.368678e+003,-5.229492e-002
2.369160e+003,-8.502614e-002
2.369643e+003,-9.721112e-002
2.370125e+003,-8.913807e-002
2.370607e+003,-6.445937e-002
2.371089e+003,-2.895412e-002
2.371571e+003,1.079384e-002
2.372053e+003,4.837049e-002
2.372535e+003,7.808037e-002
2.373017e+003,9.525839e-002
2.373500e+003,9.663647e-002
2.373981e+003,8.089016e-002
2.374464e+003,4.921746e-002
2.374946e+003,5.597270e-003
2.375428e+003,-4.364443e-002
2.375910e+003,-9.103689e-002
2.376392e+003,-1.296586e-001
2.376875e+003,-1.547516e-001
2.377356e+003,-1.646812e-001
2.377839e+003,-1.608645e-001
2.378321e+003,-1.467470e-001
2.378803e+003,-1.262496e-001
2.379285e+003,-1.023452e-001
2.379767e+003,-7.631527e-002
2.380249e+003,-4.795237e-002
2.380731e+003,-1.654249e-002
2.381213e+003,1.787515e-002
2.381696e+003,5.357588e-002
2.382178e+003,8.700451e-002
2.382660e+003,1.134999e-001
2.383142e+003,1.286340e-001
2.383624e+003,1.296297e-001
2.384106e+003,1.163054e-001
2.384588e+003,9.118860e-002
2.385070e+003,5.879022e-002
2.385553e+003,2.432722e-002
2.386035e+003,-7.630527e-003
2.386517e+003,-3.415169e-002
2.386999e+003,-5.429545e-002
2.387481e+003,-6.880719e-002
2.387963e+003,-7.934848e-002
2.388445e+003,-8.759157e-002
2.388927e+003,-9.447476e-002
2.389410e+003,-9.985289e-002
2.389892e+003,-1.025903e-001
2.390374e+003,-1.010261e-001
2.390856e+003,-9.363902e-002
2.391338e+003,-7.970019e-002
2.391820e+003,-5.971894e-002
2.392302e+003,-3.556315e-002
2.392784e+003,-1.020203e-002
2.393267e+003,1.286615e-002
2.393749e+003,3.036024e-002
2.394231e+003,3.993892e-002
2.394713e+003,4.069106e-002
2.395195e+003,3.325260e-002
2.395677e+003,1.952043e-002
2.396159e+003,2.068800e-003
2.396642e+003,-1.652566e-002
2.397124e+003,-3.423074e-002
2.397606e+003,-4.980542e-002
2.398088e+003,-6.271622e-002
2.398570e+003,-7.278915e-002
2.399052e+003,-7.979015e-002
2.399534e+003,-8.311143e-002
2.400016e+003,-8.172690e-002
2.400499e+003,-7.444078e-002
2.400980e+003,-6.036355e-002
2.401463e+003,-3.944582e-002
2.401945e+003,-1.288087e-002
2.402427e+003,1.680781e-002
2.402909e+003,4.605566e-002
2.403391e+003,7.090794e-002
2.403873e+003,8.787455e-002
2.404355e+003,9.478324e-002
2.404838e+003,9.138092e-002
2.405320e+003,7.951024e-002
2.405802e+003,6.275379e-002
2.406284e+003,4.562740e-002
2.406766e+003,3.252516e-002
2.407248e+003,2.672450e-002
2.407730e+003,2.971626e-002
2.408212e+003,4.104203e-002
2.408695e+003,5.859669e-002
2.409177e+003,7.925026e-002
2.409659e+003,9.954949e-002
2.410141e+003,1.162991e-001
2.410623e+003,1.269077e-001
2.411105e+003,1.295262e-001
2.411587e+003,1.230983e-001
2.412069e+003,1.074441e-001
2.412552e+003,8.342211e-002
2.413034e+003,5.308559e-002
2.413516e+003,1.965217e-002
2.413998e+003,-1.285207e-002
2.414480e+003,-4.030428e-002
2.414962e+003,-5.938097e-002
2.415444e+003,-6.833672e-002
2.415927e+003,-6.735671e-002
2.416409e+003,-5.833287e-002
2.416891e+003,-4.412954e-002
2.417373e+003,-2.765158e-002
2.417855e+003,-1.107810e-002
2.418337e+003,4.407443e-003
2.418819e+003,1.833183e-002
2.419301e+003,3.027519e-002
2.419783e+003,3.923358e-002
2.420266e+003,4.337550e-002
2.420748e+003,4.039052e-002
2.421230e+003,2.832499e-002
2.421712e+003,6.563932e-003
2.422194e+003,-2.348776e-002
2.422676e+003,-5.834916e-002
2.423158e+003,-9.309907e-002
2.423641e+003,-1.224820e-001
2.424123e+003,-1.420944e-001
2.424605e+003,-1.492572e-001
2.425087e+003,-1.433666e-001
2.425569e+003,-1.257152e-001
2.426051e+003,-9.898845e-002
2.426533e+003,-6.667303e-002
2.427015e+003,-3.255982e-002
2.427498e+003,-3.741155e-004
2.427979e+003,2.655272e-002
2.428462e+003,4.566900e-002
2.428944e+003,5.565005e-002
2.429426e+003,5.678440e-002
2.429908e+003,5.107102e-002
2.430390e+003,4.185015e-002
2.430872e+003,3.295344e-002
2.431354e+003,2.758810e-002
2.431836e+003,2.730945e-002
2.432319e+003,3.147347e-002
2.432801e+003,3.737198e-002
2.433283e+003,4.104040e-002
2.433765e+003,3.843585e-002
2.434247e+003,2.660177e-002
2.434729e+003,4.438111e-003
2.435211e+003,-2.709602e-002
2.435694e+003,-6.531803e-002
2.436176e+003,-1.064662e-001
2.436658e+003,-1.464099e-001
2.437140e+003,-1.812227e-001
2.437622e+003,-2.075611e-001
2.438104e+003,-2.229027e-001
2.438586e+003,-2.257358e-001
2.439068e+003,-2.157332e-001
2.439551e+003,-1.938971e-001
2.440033e+003,-1.625493e-001
2.440515e+003,-1.250971e-001
2.440997e+003,-8.554114e-002
2.441479e+003,-4.783916e-002
2.441961e+003,-1.529085e-002
2.442443e+003,9.877254e-003
2.442925e+003,2.664449e-002
2.443408e+003,3.507455e-002
2.443890e+003,3.606077e-002
2.444372e+003,3.106524e-002
2.444854e+003,2.193082e-002
2.445336e+003,1.073307e-002
2.445818e+003,-3.929837e-004
2.446300e+003,-9.527502e-003
2.446782e+003,-1.532816e-002
2.447265e+003,-1.738011e-002
2.447747e+003,-1.636267e-002
2.448229e+003,-1.390827e-002
2.448711e+003,-1.211408e-002
2.449193e+003,-1.283852e-002
2.449675e+003,-1.701332e-002
2.450157e+003,-2.422812e-002
2.450639e+003,-3.273919e-002
2.451122e+003,-3.991009e-002
2.451604e+003,-4.289720e-002
2.452086e+003,-3.936476e-002
2.452568e+003,-2.799575e-002
2.453050e+003,-8.718018e-003
2.453532e+003,1.733075e-002
2.454014e+003,4.798207e-002
2.454497e+003,8.026531e-002
2.454979e+003,1.106440e-001
2.455461e+003,1.353381e-001
2.455943e+003,1.507968e-001
2.456425e+003,1.543543e-001
2.456907e+003,1.449571e-001
2.457389e+003,1.237464e-001
2.457871e+003,9.423392e-002
2.458354e+003,6.190462e-002
2.458835e+003,3.323323e-002
2.459318e+003,1.431998e-002
2.459800e+003,9.489773e-003
2.460282e+003,2.025403e-002
2.460764e+003,4.492390e-002
2.461246e+003,7.897973e-002
2.461728e+003,1.160547e-001
2.462210e+003,1.492411e-001
2.462692e+003,1.723801e-001
2.463175e+003,1.810780e-001
2.463657e+003,1.733066e-001
2.464139e+003,1.495745e-001
2.464621e+003,1.127070e-001
2.465103e+003,6.731434e-002
2.465585e+003,1.902012e-002
2.466067e+003,-2.645175e-002
2.466550e+003,-6.421731e-002
2.467032e+003,-9.102713e-002
2.467514e+003,-1.057441e-001
2.467996e+003,-1.093539e-001
2.468478e+003,-1.044740e-001
2.468960e+003,-9.447179e-002
2.469442e+003,-8.244396e-002
2.469924e+003,-7.037205e-002
2.470406e+003,-5.872229e-002
2.470889e+003,-4.660177e-002
2.471371e+003,-3.240736e-002
2.471853e+003,-1.471039e-002
2.472335e+003,6.947204e-003
2.472817e+003,3.164467e-002
2.473299e+003,5.720453e-002
2.473781e+003,8.079837e-002
2.474264e+003,9.981197e-002
2.474746e+003,1.126714e-001
2.475228e+003,1.193503e-001
2.475710e+003,1.214104e-001
2.476192e+003,1.215723e-001
2.476674e+003,1.229943e-001
2.477156e+003,1.284926e-001
2.477638e+003,1.399363e-001
2.478121e+003,1.579543e-001
2.478603e+003,1.819668e-001
2.479085e+003,2.104524e-001
2.479567e+003,2.413098e-001
2.480049e+003,2.721840e-001
2.480531e+003,3.006886e-001
2.481013e+003,3.245310e-001
2.481495e+003,3.416109e-001
2.481978e+003,3.501732e-001
2.482460e+003,3.490605e-001
2.482942e+003,3.380245e-001
2.483424e+003,3.179875e-001
2.483906e+003,2.910978e-001
2.484388e+003,2.604842e-001
2.484870e+003,2.296933e-001
2.485353e+003,2.019479e-001
2.485834e+003,1.794334e-001
2.486317e+003,1.628573e-001
2.486799e+003,1.514281e-001
2.487281e+003,1.432708e-001
2.487763e+003,1.361343e-001
2.488245e+003,1.281434e-001
2.488727e+003,1.183336e-001
2.489209e+003,1.068064e-001
2.489691e+003,9.448764e-002
2.490174e+003,8.263113e-002
2.490656e+003,7.229637e-002
2.491138e+003,6.402147e-002
2.491620e+003,5.780273e-002
2.492102e+003,5.334564e-002
2.492584e+003,5.042561e-002
2.493066e+003,4.914160e-002
2.493549e+003,4.992975e-002
2.494031e+003,5.331707e-002
2.494513e+003,5.954871e-002
2.494995e+003,6.830683e-002
2.495477e+003,7.869765e-002
2.495959e+003,8.957127e-002
2.496441e+003,1.000466e-001
2.496923e+003,1.100004e-001
2.497406e+003,1.202493e-001
2.497888e+003,1.322678e-001
2.498370e+003,1.474847e-001
2.498852e+003,1.664074e-001
2.499334e+003,1.879501e-001
2.499816e+003,2.093045e-001
2.500298e+003,2.265200e-001
2.500780e+003,2.356672e-001
2.501263e+003,2.342145e-001
2.501745e+003,2.221179e-001
2.502227e+003,2.021809e-001
2.502709e+003,1.794733e-001
2.503191e+003,1.599346e-001
2.503673e+003,1.486011e-001
2.504155e+003,1.480583e-001
2.504637e+003,1.576593e-001
2.505120e+003,1.737798e-001
2.505602e+003,1.910033e-001
2.506084e+003,2.038252e-001
2.506566e+003,2.082976e-001
2.507048e+003,2.030845e-001
2.507530e+003,1.896252e-001
2.508012e+003,1.714278e-001
2.508494e+003,1.527972e-001
2.508977e+003,1.374961e-001
2.509458e+003,1.277940e-001
2.509941e+003,1.241882e-001
2.510423e+003,1.257863e-001
2.510905e+003,1.311030e-001
2.511387e+003,1.388816e-001
2.511869e+003,1.485946e-001
2.512352e+003,1.604370e-001
2.512833e+003,1.748588e-001
2.513316e+003,1.918743e-001
2.513798e+003,2.104807e-001
2.514280e+003,2.284672e-001
2.514762e+003,2.427542e-001
2.515244e+003,2.501853e-001
2.515726e+003,2.485264e-001
2.516208e+003,2.373389e-001
2.516690e+003,2.184196e-001
2.517173e+003,1.956404e-001
2.517655e+003,1.741937e-001
2.518137e+003,1.594277e-001
2.518619e+003,1.555899e-001
2.519101e+003,1.648197e-001
2.519583e+003,1.866731e-001
2.520065e+003,2.183029e-001
2.520547e+003,2.552319e-001
2.521030e+003,2.924850e-001
2.521512e+003,3.257467e-001
2.521994e+003,3.522108e-001
2.522476e+003,3.709116e-001
2.522958e+003,3.824815e-001
2.523440e+003,3.885093e-001
2.523922e+003,3.907667e-001
2.524405e+003,3.906167e-001
2.524887e+003,3.888117e-001
2.525369e+003,3.857033e-001
2.525851e+003,3.817086e-001
2.526333e+003,3.777592e-001
2.526815e+003,3.754578e-001
2.527297e+003,3.768110e-001
2.527779e+003,3.835930e-001
2.528261e+003,3.965817e-001
2.528744e+003,4.150007e-001
2.529226e+003,4.364375e-001
2.529708e+003,4.573427e-001
2.530190e+003,4.739773e-001
2.530672e+003,4.834800e-001
2.531154e+003,4.846797e-001
2.531636e+003,4.783545e-001
2.532119e+003,4.668661e-001
2.532601e+003,4.533293e-001
2.533083e+003,4.406353e-001
2.533565e+003,4.306903e-001
2.534047e+003,4.241304e-001
2.534529e+003,4.205629e-001
2.535011e+003,4.191831e-001
2.535493e+003,4.194677e-001
2.535976e+003,4.216309e-001
2.536458e+003,4.266592e-001
2.536940e+003,4.359060e-001
2.537422e+003,4.504356e-001
2.537904e+003,4.704009e-001
2.538386e+003,4.947319e-001
2.538868e+003,5.212942e-001
2.539350e+003,5.475045e-001
2.539833e+003,5.711901e-001
2.540314e+003,5.914068e-001
2.540797e+003,6.088929e-001
2.541279e+003,6.259562e-001
2.541761e+003,6.457763e-001
2.542243e+003,6.712980e-001
2.542725e+003,7.040620e-001
2.543208e+003,7.433594e-001
2.543689e+003,7.860136e-001
2.544172e+003,8.269364e-001
2.544654e+003,8.603520e-001
2.545136e+003,8.813896e-001
2.545618e+003,8.875931e-001
2.546100e+003,8.798843e-001
2.546582e+003,8.626509e-001
2.547064e+003,8.428875e-001
2.547546e+003,8.285784e-001
2.548029e+003,8.267722e-001
2.548511e+003,8.418533e-001
2.548993e+003,8.744824e-001
2.549475e+003,9.215006e-001
2.549957e+003,9.768125e-001
2.550439e+003,1.033009e+000
2.550921e+003,1.083279e+000
2.551403e+003,1.123092e+000
2.551886e+003,1.151219e+000
2.552368e+003,1.169846e+000
2.552850e+003,1.183789e+000
2.553332e+003,1.199053e+000
2.553814e+003,1.221154e+000
2.554296e+003,1.253638e+000
2.554778e+003,1.297226e+000
2.555260e+003,1.349743e+000
2.555743e+003,1.406865e+000
2.556225e+003,1.463409e+000
2.556707e+003,1.514774e+000
2.557189e+003,1.558148e+000
2.557671e+003,1.593113e+000
2.558153e+003,1.621572e+000
2.558635e+003,1.647067e+000
2.559117e+003,1.673747e+000
2.559600e+003,1.705342e+000
2.560082e+003,1.744406e+000
2.560564e+003,1.792016e+000
2.561046e+003,1.847889e+000
2.561528e+003,1.910817e+000
2.562010e+003,1.979180e+000
2.562492e+003,2.051384e+000
2.562975e+003,2.126125e+000
2.563457e+003,2.202492e+000
2.563939e+003,2.279964e+000
2.564421e+003,2.358376e+000
2.564903e+003,2.437869e+000
2.565385e+003,2.518808e+000
2.565867e+003,2.601643e+000
2.566349e+003,2.686693e+000
2.566832e+003,2.773921e+000
2.567313e+003,2.862793e+000
2.567796e+003,2.952318e+000
2.568278e+003,3.041330e+000
2.568760e+003,3.128942e+000
2.569242e+003,3.215028e+000
2.569724e+003,3.300535e+000
2.570206e+003,3.387482e+000
2.570688e+003,3.478571e+000
2.571171e+003,3.576536e+000
2.571653e+003,3.683405e+000
2.572135e+003,3.799908e+000
2.572617e+003,3.925249e+000
2.573099e+003,4.057302e+000
2.573581e+003,4.193191e+000
2.574063e+003,4.330091e+000
2.574545e+003,4.466053e+000
2.575028e+003,4.600638e+000
2.575510e+003,4.735236e+000
2.575992e+003,4.872989e+000
2.576474e+003,5.018344e+000
2.576956e+003,5.176312e+000
2.577438e+003,5.351548e+000
2.577920e+003,5.547493e+000
2.578402e+003,5.765728e+000
2.578885e+003,6.005744e+000
2.579367e+003,6.265186e+000
2.579849e+003,6.540561e+000
2.580331e+003,6.828140e+000
2.580813e+003,7.124893e+000
2.581295e+003,7.429030e+000
2.581777e+003,7.740121e+000
2.582259e+003,8.058669e+000
2.582742e+003,8.385448e+000
2.583224e+003,8.720873e+000
2.583706e+003,9.064717e+000
2.584188e+003,9.416328e+000
2.584670e+003,9.775303e+000
2.585152e+003,1.014230e+001
2.585634e+003,1.051969e+001
2.586116e+003,1.091162e+001
2.586599e+003,1.132352e+001
2.587081e+003,1.176098e+001
2.587563e+003,1.222861e+001
2.588045e+003,1.272897e+001
2.588527e+003,1.326227e+001
2.589009e+003,1.382666e+001
2.589491e+003,1.441923e+001
2.589974e+003,1.503714e+001
2.590456e+003,1.567881e+001
2.590938e+003,1.634447e+001
2.591420e+003,1.703618e+001
2.591902e+003,1.775715e+001
2.592384e+003,1.851090e+001
2.592866e+003,1.930013e+001
2.593348e+003,2.012621e+001
2.593831e+003,2.098905e+001
2.594313e+003,2.188744e+001
2.594795e+003,2.281993e+001
2.595277e+003,2.378566e+001
2.595759e+003,2.478506e+001
2.596241e+003,2.582002e+001
2.596723e+003,2.689358e+001
2.597205e+003,2.800913e+001
2.597688e+003,2.916940e+001
2.598169e+003,3.037550e+001
2.598652e+003,3.162633e+001
2.599134e+003,3.291837e+001
2.599616e+003,3.424611e+001
2.600098e+003,3.560283e+001
2.600580e+003,3.698169e+001
2.601063e+003,3.837679e+001
2.601544e+003,3.978404e+001
2.602027e+003,4.120156e+001
2.602509e+003,4.262944e+001
2.602991e+003,4.406901e+001
2.603473e+003,4.552152e+001
2.603955e+003,4.698678e+001
2.604437e+003,4.846200e+001
2.604919e+003,4.994134e+001
2.605401e+003,5.141646e+001
2.605884e+003,5.287787e+001
2.606366e+003,5.431672e+001
2.606848e+003,5.572655e+001
2.607330e+003,5.710410e+001
2.607812e+003,5.844913e+001
2.608294e+003,5.976295e+001
2.608776e+003,6.104659e+001
2.609258e+003,6.229889e+001
2.609741e+003,6.351563e+001
2.610223e+003,6.468976e+001
2.610705e+003,6.581274e+001
2.611187e+003,6.687653e+001
2.611669e+003,6.787541e+001
2.612151e+003,6.880724e+001
2.612633e+003,6.967352e+001
2.613115e+003,7.047881e+001
2.613598e+003,7.122935e+001
2.614080e+003,7.193158e+001
2.614562e+003,7.259098e+001
2.615044e+003,7.321128e+001
2.615526e+003,7.379415e+001
2.616008e+003,7.433939e+001
2.616490e+003,7.484544e+001
2.616972e+003,7.530989e+001
2.617455e+003,7.573028e+001
2.617937e+003,7.610439e+001
2.618419e+003,7.643085e+001
2.618901e+003,7.670914e+001
2.619383e+003,7.693995e+001
2.619865e+003,7.712537e+001
2.620347e+003,7.726921e+001
2.620830e+003,7.737725e+001
2.621312e+003,7.745731e+001
2.621794e+003,7.751856e+001
2.622276e+003,7.757056e+001
2.622758e+003,7.762167e+001
2.623240e+003,7.767771e+001
2.623722e+003,7.774102e+001
2.624204e+003,7.781081e+001
2.624687e+003,7.788422e+001
2.625168e+003,7.795815e+001
2.625651e+003,7.803077e+001
2.626133e+003,7.810238e+001
2.626615e+003,7.817498e+001
2.627097e+003,7.825104e+001
2.627579e+003,7.833199e+001
2.628061e+003,7.841730e+001
2.628543e+003,7.850439e+001
2.629025e+003,7.858990e+001
2.629508e+003,7.867115e+001
2.629990e+003,7.874746e+001
2.630472e+003,7.882040e+001
2.630954e+003,7.889273e+001
2.631436e+003,7.896684e+001
2.631918e+003,7.904276e+001
2.632400e+003,7.911738e+001
2.632883e+003,7.918455e+001
2.633365e+003,7.923645e+001
2.633847e+003,7.926538e+001
2.634329e+003,7.926498e+001
2.634811e+003,7.923103e+001
2.635293e+003,7.916076e+001
2.635775e+003,7.905223e+001
2.636257e+003,7.890321e+001
2.636740e+003,7.871088e+001
2.637222e+003,7.847183e+001
2.637704e+003,7.818278e+001
2.638186e+003,7.784084e+001
2.638668e+003,7.744376e+001
2.639150e+003,7.698968e+001
2.639632e+003,7.647668e+001
2.640114e+003,7.590250e+001
2.640597e+003,7.526465e+001
2.641079e+003,7.456072e+001
2.641561e+003,7.378889e+001
2.642043e+003,7.294806e+001
2.642525e+003,7.203780e+001
2.643007e+003,7.105805e+001
2.643489e+003,7.000889e+001
2.643971e+003,6.889075e+001
2.644454e+003,6.770491e+001
2.644936e+003,6.645412e+001
2.645418e+003,6.514299e+001
2.645900e+003,6.377768e+001
2.646382e+003,6.236497e+001
2.646864e+003,6.091089e+001
2.647346e+003,5.941975e+001
2.647828e+003,5.789372e+001
2.648311e+003,5.633348e+001
2.648792e+003,5.473978e+001
2.649275e+003,5.311497e+001
2.649757e+003,5.146422e+001
2.650239e+003,4.979577e+001
2.650721e+003,4.812009e+001
2.651203e+003,4.644816e+001
2.651686e+003,4.478988e+001
2.652167e+003,4.315271e+001
2.652650e+003,4.154139e+001
2.653132e+003,3.995847e+001
2.653614e+003,3.840550e+001
2.654096e+003,3.688424e+001
2.654578e+003,3.539755e+001
2.655060e+003,3.394954e+001
2.655542e+003,3.254499e+001
2.656024e+003,3.118825e+001
2.656507e+003,2.988214e+001
2.656989e+003,2.862713e+001
2.657471e+003,2.742133e+001
2.657953e+003,2.626115e+001
2.658435e+003,2.514244e+001
2.658917e+003,2.406180e+001
2.659399e+003,2.301749e+001
2.659881e+003,2.200972e+001
2.660364e+003,2.104015e+001
2.660846e+003,2.011098e+001
2.661328e+003,1.922371e+001
2.661810e+003,1.837840e+001
2.662292e+003,1.757338e+001
2.662774e+003,1.680573e+001
2.663256e+003,1.607217e+001
2.663739e+003,1.537006e+001
2.664221e+003,1.469807e+001
2.664703e+003,1.405624e+001
2.665185e+003,1.344541e+001
2.665667e+003,1.286636e+001
2.666149e+003,1.231878e+001
2.666631e+003,1.180076e+001
2.667113e+003,1.130879e+001
2.667595e+003,1.083840e+001
2.668078e+003,1.038528e+001
2.668560e+003,9.946373e+000
2.669042e+003,9.520728e+000
2.669524e+003,9.109705e+000
2.670006e+003,8.716483e+000
2.670488e+003,8.345016e+000
2.670970e+003,7.998719e+000
2.671453e+003,7.679283e+000
2.671935e+003,7.385939e+000
2.672417e+003,7.115399e+000
2.672899e+003,6.862460e+000
2.673381e+003,6.621089e+000
2.673863e+003,6.385715e+000
2.674345e+003,6.152341e+000
2.674827e+003,5.919200e+000
2.675310e+003,5.686827e+000
2.675792e+003,5.457521e+000
2.676274e+003,5.234479e+000
2.676756e+003,5.020802e+000
2.677238e+003,4.818746e+000
2.677720e+003,4.629336e+000
2.678202e+003,4.452416e+000
2.678684e+003,4.287013e+000
2.679167e+003,4.131857e+000
2.679649e+003,3.985795e+000
2.680131e+003,3.848036e+000
2.680613e+003,3.718129e+000
2.681095e+003,3.595762e+000
2.681577e+003,3.480488e+000
2.682059e+003,3.371495e+000
2.682542e+003,3.267534e+000
2.683023e+003,3.167034e+000
2.683506e+003,3.068356e+000
2.683988e+003,2.970134e+000
2.684470e+003,2.871573e+000
2.684952e+003,2.772650e+000
2.685434e+003,2.674059e+000
2.685916e+003,2.577010e+000
2.686398e+003,2.482831e+000
2.686880e+003,2.392522e+000
2.687363e+003,2.306403e+000
2.687845e+003,2.223983e+000
2.688327e+003,2.144130e+000
2.688809e+003,2.065535e+000
2.689291e+003,1.987298e+000
2.689773e+003,1.909454e+000
2.690255e+003,1.833201e+000
2.690738e+003,1.760715e+000
2.691220e+003,1.694577e+000
2.691702e+003,1.636993e+000
2.692184e+003,1.589075e+000
2.692666e+003,1.550438e+000
2.693148e+003,1.519265e+000
2.693630e+003,1.492772e+000
2.694112e+003,1.467900e+000
2.694594e+003,1.441954e+000
2.695077e+003,1.412973e+000
2.695559e+003,1.379788e+000
2.696041e+003,1.341855e+000
2.696523e+003,1.299101e+000
2.697005e+003,1.251936e+000
2.697487e+003,1.201492e+000
2.697969e+003,1.149922e+000
2.698452e+003,1.100514e+000
2.698934e+003,1.057360e+000
2.699416e+003,1.024522e+000
2.699898e+003,1.004888e+000
2.700380e+003,9.991032e-001
2.700862e+003,1.005035e+000
2.701344e+003,1.018060e+000
2.701826e+003,1.032142e+000
2.702309e+003,1.041363e+000
2.702791e+003,1.041363e+000
2.703273e+003,1.030194e+000
2.703755e+003,1.008298e+000
2.704237e+003,9.777573e-001
2.704719e+003,9.411842e-001
2.705201e+003,9.008058e-001
2.705683e+003,8.581237e-001
2.706166e+003,8.142155e-001
2.706647e+003,7.704310e-001
2.707130e+003,7.289886e-001
2.707612e+003,6.930476e-001
2.708094e+003,6.660697e-001
2.708576e+003,6.506561e-001
2.709058e+003,6.473246e-001
2.709541e+003,6.537798e-001
2.710022e+003,6.650666e-001
2.710505e+003,6.746632e-001
2.710987e+003,6.761829e-001
2.711469e+003,6.651354e-001
2.711951e+003,6.401546e-001
2.712433e+003,6.033304e-001
2.712915e+003,5.595976e-001
2.713397e+003,5.154327e-001
2.713879e+003,4.772805e-001
2.714362e+003,4.501166e-001
2.714844e+003,4.364591e-001
2.715326e+003,4.359667e-001
2.715808e+003,4.456171e-001
2.716290e+003,4.603770e-001
2.716772e+003,4.742048e-001
2.717254e+003,4.812493e-001
2.717736e+003,4.770524e-001
2.718219e+003,4.595463e-001
2.718701e+003,4.296170e-001
2.719183e+003,3.910268e-001
2.719665e+003,3.496411e-001
2.720147e+003,3.120859e-001
2.720629e+003,2.841609e-001
2.721111e+003,2.694450e-001
2.721594e+003,2.684764e-001
2.722076e+003,2.787414e-001
2.722558e+003,2.954329e-001
2.723040e+003,3.127307e-001
2.723522e+003,3.252008e-001
2.724004e+003,3.289396e-001
2.724486e+003,3.222015e-001
2.724968e+003,3.054605e-001
2.725450e+003,2.809910e-001
2.725933e+003,2.521785e-001
2.726415e+003,2.227392e-001
2.726897e+003,1.960280e-001
2.727379e+003,1.745160e-001
2.727861e+003,1.595066e-001
2.728343e+003,1.510978e-001
2.728825e+003,1.483903e-001
2.729308e+003,1.498919e-001
2.729790e+003,1.540194e-001
2.730272e+003,1.595670e-001
2.730754e+003,1.659933e-001
2.731236e+003,1.734281e-001
2.731718e+003,1.823976e-001
2.732200e+003,1.933695e-001
2.732682e+003,2.063069e-001
2.733165e+003,2.204152e-001
2.733646e+003,2.342116e-001
2.734129e+003,2.458993e-001
2.734611e+003,2.539266e-001
2.735093e+003,2.575232e-001
2.735575e+003,2.570237e-001
2.736057e+003,2.538640e-001
2.736539e+003,2.502599e-001
2.737021e+003,2.486589e-001
2.737503e+003,2.511347e-001
2.737986e+003,2.588635e-001
2.738468e+003,2.718047e-001
2.738950e+003,2.886336e-001
2.739432e+003,3.069407e-001
2.739914e+003,3.236504e-001
2.740396e+003,3.355990e-001
2.740878e+003,3.401638e-001
2.741361e+003,3.358199e-001
2.741843e+003,3.224843e-001
2.742325e+003,3.015558e-001
2.742807e+003,2.756016e-001
2.743289e+003,2.477564e-001
2.743771e+003,2.209726e-001
2.744253e+003,1.973147e-001
2.744735e+003,1.774881e-001
2.745218e+003,1.607292e-001
2.745700e+003,1.450923e-001
2.746182e+003,1.280671e-001
2.746664e+003,1.073778e-001
2.747146e+003,8.177133e-002
2.747628e+003,5.160256e-002
2.748110e+003,1.906220e-002
2.748592e+003,-1.206094e-002
2.749075e+003,-3.706015e-002
2.749557e+003,-5.133316e-002
2.750039e+003,-5.149435e-002
2.750521e+003,-3.628669e-002
2.751003e+003,-6.998017e-003
2.751485e+003,3.277283e-002
2.751967e+003,7.797446e-002
2.752449e+003,1.233182e-001
2.752932e+003,1.644764e-001
2.753414e+003,1.988380e-001
2.753896e+003,2.255964e-001
2.754378e+003,2.451802e-001
2.754860e+003,2.583624e-001
2.755342e+003,2.654751e-001
2.755824e+003,2.661345e-001
2.756306e+003,2.595912e-001
2.756789e+003,2.455224e-001
2.757271e+003,2.248054e-001
2.757753e+003,1.998171e-001
2.758235e+003,1.739887e-001
2.758717e+003,1.507415e-001
2.759199e+003,1.322573e-001
2.759681e+003,1.186697e-001
2.760164e+003,1.081209e-001
2.760646e+003,9.773967e-002
2.761128e+003,8.514997e-002
2.761610e+003,6.984066e-002
2.762092e+003,5.373430e-002
2.762574e+003,4.064163e-002
2.763056e+003,3.477425e-002
2.763538e+003,3.894218e-002
2.764021e+003,5.321935e-002
2.764502e+003,7.468575e-002
2.764985e+003,9.837786e-002
2.765467e+003,1.190503e-001
2.765949e+003,1.329726e-001
2.766431e+003,1.390197e-001
2.766913e+003,1.386182e-001
2.767395e+003,1.346565e-001
2.767877e+003,1.298808e-001
2.768360e+003,1.255245e-001
2.768842e+003,1.207517e-001
2.769324e+003,1.131355e-001
2.769806e+003,9.990040e-002
2.770288e+003,7.936030e-002
2.770770e+003,5.190897e-002
2.771252e+003,2.018416e-002
2.771734e+003,-1.160901e-002
2.772217e+003,-3.888991e-002
2.772699e+003,-5.792818e-002
2.773181e+003,-6.665863e-002
2.773663e+003,-6.487241e-002
2.774145e+003,-5.384031e-002
2.774627e+003,-3.564386e-002
2.775109e+003,-1.254991e-002
2.775591e+003,1.333738e-002
2.776074e+003,4.009940e-002
2.776556e+003,6.583337e-002
2.777038e+003,8.850271e-002
2.777520e+003,1.059915e-001
2.778002e+003,1.164375e-001
2.778484e+003,1.187448e-001
2.778966e+003,1.130899e-001
2.779448e+003,1.011843e-001
2.779931e+003,8.612005e-002
2.780413e+003,7.175238e-002
2.780895e+003,6.173947e-002
2.781377e+003,5.848448e-002
2.781859e+003,6.231434e-002
2.782341e+003,7.118382e-002
2.782823e+003,8.107535e-002
2.783305e+003,8.705075e-002
2.783788e+003,8.469893e-002
2.784270e+003,7.154772e-002
2.784752e+003,4.797756e-002
2.785234e+003,1.730798e-002
2.785716e+003,-1.500661e-002
2.786198e+003,-4.284167e-002
2.786680e+003,-6.106199e-002
2.787163e+003,-6.684615e-002
2.787645e+003,-6.027080e-002
2.788127e+003,-4.401070e-002
2.788609e+003,-2.230719e-002
2.789091e+003,3.932648e-004
2.789573e+003,2.066308e-002
2.790055e+003,3.681400e-002
2.790537e+003,4.895378e-002
2.791020e+003,5.847455e-002
2.791501e+003,6.721691e-002
2.791984e+003,7.661988e-002
2.792466e+003,8.711138e-002
2.792948e+003,9.789802e-002
2.793430e+003,1.071707e-001
2.793912e+003,1.126600e-001
2.794394e+003,1.123747e-001
2.794876e+003,1.053403e-001
2.795358e+003,9.212475e-002
2.795841e+003,7.498170e-002
2.796323e+003,5.750547e-002
2.796805e+003,4.384090e-002
2.797287e+003,3.763332e-002
2.797769e+003,4.104362e-002
2.798251e+003,5.415408e-002
2.798733e+003,7.500205e-002
2.799216e+003,1.002293e-001
2.799698e+003,1.261077e-001
2.800180e+003,1.495249e-001
2.800662e+003,1.685472e-001
2.801144e+003,1.823618e-001
2.801626e+003,1.907003e-001
2.802108e+003,1.931014e-001
2.802590e+003,1.884790e-001
2.803073e+003,1.752997e-001
2.803555e+003,1.523946e-001
2.804037e+003,1.200694e-001
2.804519e+003,8.097073e-002
2.805001e+003,4.020606e-002
2.805483e+003,4.483656e-003
2.805965e+003,-1.954105e-002
2.806447e+003,-2.717141e-002
2.806930e+003,-1.714167e-002
2.807412e+003,7.904492e-003
2.807894e+003,4.211608e-002
2.808376e+003,7.808200e-002
2.808858e+003,1.088356e-001
2.809340e+003,1.295767e-001
2.809822e+003,1.385902e-001
2.810304e+003,1.371923e-001
2.810787e+003,1.288596e-001
2.811269e+003,1.179244e-001
2.811751e+003,1.082714e-001
2.812233e+003,1.023958e-001
2.812715e+003,1.009770e-001
2.813197e+003,1.029768e-001
2.813679e+003,1.061237e-001
2.814161e+003,1.076241e-001
2.814644e+003,1.049069e-001
2.815125e+003,9.627353e-002
2.815608e+003,8.130084e-002
2.816090e+003,6.094631e-002
2.816572e+003,3.731523e-002
2.817054e+003,1.317029e-002
2.817536e+003,-8.693542e-003
2.818019e+003,-2.602524e-002
2.818500e+003,-3.750660e-002
2.818983e+003,-4.286161e-002
2.819465e+003,-4.272133e-002
2.819947e+003,-3.833514e-002
2.820429e+003,-3.125703e-002
2.820911e+003,-2.308704e-002
2.821393e+003,-1.529068e-002
2.821875e+003,-9.044174e-003
2.822357e+003,-5.086329e-003
2.822840e+003,-3.566472e-003
2.823322e+003,-3.983445e-003
2.823804e+003,-5.296127e-003
2.824286e+003,-6.260715e-003
2.824768e+003,-5.915591e-003
2.825250e+003,-4.059673e-003
2.825732e+003,-1.476652e-003
2.826214e+003,2.169455e-004
2.826697e+003,-8.906073e-004
2.827179e+003,-6.283225e-003
2.827661e+003,-1.639777e-002
2.828143e+003,-3.037907e-002
2.828625e+003,-4.629507e-002
2.829107e+003,-6.172363e-002
2.829589e+003,-7.441874e-002
2.830072e+003,-8.278941e-002
2.830554e+003,-8.600361e-002
2.831036e+003,-8.377808e-002
2.831518e+003,-7.604481e-002
2.832000e+003,-6.276629e-002
2.832482e+003,-4.403951e-002
2.832964e+003,-2.045397e-002
2.833446e+003,6.540900e-003
2.833928e+003,3.451959e-002
2.834411e+003,6.040185e-002
2.834893e+003,8.114944e-002
2.835375e+003,9.458470e-002
2.835857e+003,9.998037e-002
2.836339e+003,9.817517e-002
2.836821e+003,9.116983e-002
2.837303e+003,8.141890e-002
2.837786e+003,7.114118e-002
2.838268e+003,6.194060e-002
2.838750e+003,5.483094e-002
2.839232e+003,5.054150e-002
2.839714e+003,4.980384e-002
2.840196e+003,5.341424e-002
2.840678e+003,6.194343e-002
2.841160e+003,7.527293e-002
2.841643e+003,9.222387e-002
2.842125e+003,1.105573e-001
2.842607e+003,1.274194e-001
2.843089e+003,1.400930e-001
2.843571e+003,1.467288e-001
2.844053e+003,1.467564e-001
2.844535e+003,1.408177e-001
2.845017e+003,1.303332e-001
2.845500e+003,1.169570e-001
2.845982e+003,1.022216e-001
2.846464e+003,8.749952e-002
2.846946e+003,7.420311e-002
2.847428e+003,6.396285e-002
2.847910e+003,5.852475e-002
2.848392e+003,5.926957e-002
2.848875e+003,6.652848e-002
2.849356e+003,7.904407e-002
2.849839e+003,9.395930e-002
2.850321e+003,1.074789e-001
2.850803e+003,1.160517e-001
2.851285e+003,1.176120e-001
2.851767e+003,1.123552e-001
2.852249e+003,1.026740e-001
2.852731e+003,9.224962e-002
2.853213e+003,8.465412e-002
2.853696e+003,8.203125e-002
2.854178e+003,8.438095e-002
2.854660e+003,8.969489e-002
2.855142e+003,9.481870e-002
2.855624e+003,9.664377e-002
2.856106e+003,9.314477e-002
2.856588e+003,8.391766e-002
2.857071e+003,7.014318e-002
2.857553e+003,5.412998e-002
2.858035e+003,3.871237e-002
2.858517e+003,2.672879e-002
2.858999e+003,2.062477e-002
2.859481e+003,2.212630e-002
2.859963e+003,3.186335e-002
2.860445e+003,4.895902e-002
2.860927e+003,7.075717e-002
2.861410e+003,9.294043e-002
2.861892e+003,1.102536e-001
2.862374e+003,1.177825e-001
2.862856e+003,1.124798e-001
2.863338e+003,9.437977e-002
2.863820e+003,6.696834e-002
2.864302e+003,3.641207e-002
2.864785e+003,9.776083e-003
2.865267e+003,-7.196615e-003
2.865749e+003,-1.194788e-002
2.866231e+003,-5.895148e-003
2.866713e+003,6.187556e-003
2.867195e+003,1.798088e-002
2.867677e+003,2.396774e-002
2.868159e+003,2.143948e-002
2.868642e+003,1.143424e-002
2.869124e+003,-1.758826e-003
2.869606e+003,-1.232451e-002
2.870088e+003,-1.522712e-002
2.870570e+003,-8.264288e-003
2.871052e+003,6.935262e-003
2.871534e+003,2.526569e-002
2.872016e+003,3.975091e-002
2.872499e+003,4.384397e-002
2.872980e+003,3.363339e-002
2.873463e+003,9.251454e-003
2.873945e+003,-2.495430e-002
2.874427e+003,-6.150853e-002
2.874909e+003,-9.178017e-002
2.875391e+003,-1.082155e-001
2.875874e+003,-1.061898e-001
2.876355e+003,-8.499010e-002
2.876838e+003,-4.775152e-002
2.877320e+003,-4.903292e-004
2.877802e+003,4.939876e-002
2.878284e+003,9.472082e-002
2.878766e+003,1.297545e-001
2.879248e+003,1.510186e-001
2.879730e+003,1.574906e-001
2.880212e+003,1.504089e-001
2.880695e+003,1.327865e-001
2.881177e+003,1.087787e-001
2.881659e+003,8.298027e-002
2.882141e+003,5.972020e-002
2.882623e+003,4.241027e-002
2.883105e+003,3.305811e-002
2.883587e+003,3.204026e-002
2.884069e+003,3.822237e-002
2.884552e+003,4.941696e-002
2.885034e+003,6.306404e-002
2.885516e+003,7.693112e-002
2.885998e+003,8.960714e-002
2.886480e+003,1.006371e-001
2.886962e+003,1.102804e-001
2.887444e+003,1.190207e-001
2.887927e+003,1.270636e-001
2.888409e+003,1.340299e-001
2.888891e+003,1.389662e-001
2.889373e+003,1.406405e-001
2.889855e+003,1.379703e-001
2.890337e+003,1.303858e-001
2.890819e+003,1.179906e-001
2.891301e+003,1.014797e-001
2.891783e+003,8.191064e-002
2.892266e+003,6.045382e-002
2.892748e+003,3.824278e-002
2.893230e+003,1.635175e-002
2.893712e+003,-4.148765e-003
2.894194e+003,-2.217298e-002
2.894676e+003,-3.670057e-002
2.895158e+003,-4.697706e-002
2.895641e+003,-5.273244e-002
2.896123e+003,-5.430536e-002
2.896605e+003,-5.256694e-002
2.897087e+003,-4.863676e-002
2.897569e+003,-4.347553e-002
2.898051e+003,-3.752042e-002
2.898533e+003,-3.051935e-002
2.899015e+003,-2.165341e-002
2.899498e+003,-9.922110e-003
2.899979e+003,5.333927e-003
2.900462e+003,2.397084e-002
2.900944e+003,4.484991e-002
2.901426e+003,6.580764e-002
2.901908e+003,8.424156e-002
2.902390e+003,9.773269e-002
2.902872e+003,1.047417e-001
2.903354e+003,1.051106e-001
2.903836e+003,1.001639e-001
2.904319e+003,9.233753e-002
2.904801e+003,8.440282e-002
2.905283e+003,7.852679e-002
2.905765e+003,7.548497e-002
2.906247e+003,7.435088e-002
2.906729e+003,7.282469e-002
2.907211e+003,6.815302e-002
2.907694e+003,5.831759e-002
2.908176e+003,4.303653e-002
2.908658e+003,2.411820e-002
2.909140e+003,4.958532e-003
2.909622e+003,-1.069769e-002
2.910104e+003,-2.026709e-002
2.910586e+003,-2.350134e-002
2.911068e+003,-2.278274e-002
2.911551e+003,-2.235632e-002
2.912033e+003,-2.673791e-002
2.912515e+003,-3.891725e-002
2.912997e+003,-5.908659e-002
2.913479e+003,-8.443319e-002
2.913961e+003,-1.100852e-001
2.914443e+003,-1.308408e-001
2.914925e+003,-1.429678e-001
2.915408e+003,-1.453597e-001
2.915890e+003,-1.396087e-001
2.916372e+003,-1.290511e-001
2.916854e+003,-1.172679e-001
2.917336e+003,-1.067477e-001
2.917818e+003,-9.826966e-002
2.918300e+003,-9.119081e-002
2.918782e+003,-8.436427e-002
2.919265e+003,-7.713649e-002
2.919747e+003,-6.986986e-002
2.920229e+003,-6.372489e-002
2.920711e+003,-5.983595e-002
2.921193e+003,-5.835554e-002
2.921675e+003,-5.792801e-002
2.922157e+003,-5.595093e-002
2.922639e+003,-4.958463e-002
2.923122e+003,-3.709694e-002
2.923604e+003,-1.891385e-002
2.924086e+003,2.126950e-003
2.924568e+003,2.151913e-002
2.925050e+003,3.456909e-002
2.925532e+003,3.804663e-002
2.926014e+003,3.134616e-002
2.926497e+003,1.670635e-002
2.926979e+003,-1.582503e-003
2.927461e+003,-1.864038e-002
2.927943e+003,-3.054404e-002
2.928425e+003,-3.537391e-002
2.928907e+003,-3.342863e-002
2.929389e+003,-2.661461e-002
2.929871e+003,-1.734961e-002
2.930354e+003,-7.464488e-003
2.930835e+003,2.452666e-003
2.931318e+003,1.305816e-002
2.931800e+003,2.565828e-002
2.932282e+003,4.132335e-002
2.932764e+003,6.009172e-002
2.933246e+003,8.060554e-002
2.933728e+003,1.003219e-001
2.934210e+003,1.161898e-001
2.934692e+003,1.255204e-001
2.935175e+003,1.267157e-001
2.935657e+003,1.196027e-001
2.936139e+003,1.053110e-001
2.936621e+003,8.579997e-002
2.937103e+003,6.326632e-002
2.937585e+003,3.967373e-002
2.938067e+003,1.653685e-002
2.938550e+003,-5.034184e-003
2.939032e+003,-2.414276e-002
2.939514e+003,-3.993352e-002
2.939996e+003,-5.155161e-002
2.940478e+003,-5.824343e-002
2.940960e+003,-5.953488e-002
2.941442e+003,-5.536931e-002
2.941924e+003,-4.613491e-002
2.942407e+003,-3.259011e-002
2.942889e+003,-1.576010e-002
2.943371e+003,3.109186e-003
2.943853e+003,2.251128e-002
2.944335e+003,4.062494e-002
2.944817e+003,5.537020e-002
2.945299e+003,6.470242e-002
2.945781e+003,6.713057e-002
2.946264e+003,6.232183e-002
2.946746e+003,5.150583e-002
2.947228e+003,3.741670e-002
2.947710e+003,2.364644e-002
2.948192e+003,1.354781e-002
2.948674e+003,9.048834e-003
2.949156e+003,9.872184e-003
2.949638e+003,1.352856e-002
2.950121e+003,1.618418e-002
2.950603e+003,1.411210e-002
2.951085e+003,5.190563e-003
2.951567e+003,-1.015181e-002
2.952049e+003,-2.892321e-002
2.952531e+003,-4.651659e-002
2.953013e+003,-5.824559e-002
2.953496e+003,-6.090935e-002
2.953978e+003,-5.381101e-002
2.954460e+003,-3.891681e-002
2.954942e+003,-2.017730e-002
2.955424e+003,-2.332769e-003
2.955906e+003,1.035527e-002
2.956388e+003,1.505582e-002
2.956870e+003,1.082745e-002
2.957353e+003,-1.410711e-003
2.957834e+003,-1.923544e-002
2.958317e+003,-3.925536e-002
2.958799e+003,-5.771510e-002
2.959281e+003,-7.113572e-002
2.959763e+003,-7.695435e-002
2.960245e+003,-7.407606e-002
2.960727e+003,-6.316645e-002
2.961209e+003,-4.652426e-002
2.961691e+003,-2.746580e-002
2.962174e+003,-9.355662e-003
2.962656e+003,5.334447e-003
2.963138e+003,1.565368e-002
2.963620e+003,2.251049e-002
2.964102e+003,2.773424e-002
2.964584e+003,3.295979e-002
2.965066e+003,3.862052e-002
2.965549e+003,4.353941e-002
2.966031e+003,4.533434e-002
2.966513e+003,4.149860e-002
2.966995e+003,3.067891e-002
2.967477e+003,1.359025e-002
2.967959e+003,-6.866026e-003
2.968441e+003,-2.634734e-002
2.968923e+003,-4.040454e-002
2.969406e+003,-4.587379e-002
2.969888e+003,-4.181761e-002
2.970370e+003,-2.970163e-002
2.970852e+003,-1.283419e-002
2.971334e+003,4.645993e-003
2.971816e+003,1.883388e-002
2.972298e+003,2.685694e-002
2.972780e+003,2.726663e-002
2.973263e+003,2.008535e-002
2.973745e+003,6.651182e-003
2.974227e+003,-1.060215e-002
2.974709e+003,-2.840286e-002
2.975191e+003,-4.299378e-002
2.975673e+003,-5.066680e-002
2.976155e+003,-4.848100e-002
2.976637e+003,-3.504085e-002
2.977120e+003,-1.109771e-002
2.977602e+003,2.028361e-002
2.978084e+003,5.415202e-002
2.978566e+003,8.464725e-002
2.979048e+003,1.063056e-001
2.979530e+003,1.153334e-001
2.980012e+003,1.104848e-001
2.980494e+003,9.329924e-002
2.980977e+003,6.764242e-002
2.981458e+003,3.869738e-002
2.981941e+003,1.171814e-002
2.982423e+003,-9.111296e-003
2.982905e+003,-2.140640e-002
2.983387e+003,-2.476804e-002
2.983869e+003,-2.043534e-002
2.984352e+003,-1.059548e-002
2.984833e+003,2.396876e-003
2.985316e+003,1.663118e-002
2.985798e+003,3.092696e-002
2.986280e+003,4.476996e-002
2.986762e+003,5.800534e-002
2.987244e+003,7.047702e-002
2.987726e+003,8.179061e-002
2.988208e+003,9.128366e-002
2.988690e+003,9.819814e-002
2.989173e+003,1.019361e-001
2.989655e+003,1.022688e-001
2.990137e+003,9.940375e-002
2.990619e+003,9.390550e-002
2.991101e+003,8.654912e-002
2.991583e+003,7.820070e-002
2.992065e+003,6.978630e-002
2.992547e+003,6.232682e-002
2.993030e+003,5.695670e-002
2.993512e+003,5.453977e-002
2.993994e+003,5.621485e-002
2.994476e+003,6.220563e-002
2.994958e+003,7.166367e-002
2.995440e+003,8.248192e-002
2.995922e+003,9.149232e-002
2.996405e+003,9.506894e-002
2.996887e+003,9.000084e-002
2.997369e+003,7.439224e-002
2.997851e+003,4.833430e-002
2.998333e+003,1.415964e-002
2.998815e+003,-2.378876e-002
2.999297e+003,-5.982560e-002
2.999779e+003,-8.792357e-002
3.000261e+003,-1.028514e-001
3.000744e+003,-1.012685e-001
3.001226e+003,-8.254799e-002
3.001708e+003,-4.912151e-002
3.002190e+003,-6.202321e-003
3.002672e+003,3.915358e-002
3.003154e+003,7.951399e-002
3.003636e+003,1.087325e-001
3.004119e+003,1.233528e-001
3.004601e+003,1.233028e-001
3.005083e+003,1.116066e-001
3.005565e+003,9.318261e-002
3.006047e+003,7.312865e-002
3.006529e+003,5.510811e-002
3.007011e+003,4.041914e-002
3.007493e+003,2.804900e-002
3.007976e+003,1.565165e-002
3.008458e+003,1.005957e-003
3.008940e+003,-1.666204e-002
3.009422e+003,-3.603022e-002
3.009904e+003,-5.396893e-002
3.010386e+003,-6.664375e-002
3.010868e+003,-7.098150e-002
3.011350e+003,-6.593452e-002
3.011833e+003,-5.305140e-002
3.012314e+003,-3.614105e-002
3.012797e+003,-2.014604e-002
3.013279e+003,-9.617228e-003
3.013761e+003,-7.287228e-003
3.014243e+003,-1.320039e-002
3.014725e+003,-2.463174e-002
3.015208e+003,-3.681292e-002
3.015689e+003,-4.422409e-002
3.016172e+003,-4.209607e-002
3.016654e+003,-2.769724e-002
3.017136e+003,-1.073226e-003
3.017618e+003,3.493804e-002
3.018100e+003,7.537381e-002
3.018582e+003,1.142773e-001
3.019064e+003,1.459502e-001
3.019546e+003,1.660217e-001
3.020029e+003,1.721032e-001
3.020511e+003,1.639657e-001
3.020993e+003,1.433105e-001
3.021475e+003,1.132653e-001
3.021957e+003,7.777027e-002
3.022439e+003,4.095247e-002
3.022921e+003,6.545387e-003
3.023403e+003,-2.260522e-002
3.023886e+003,-4.489760e-002
3.024368e+003,-5.859860e-002
3.024850e+003,-6.649312e-002
3.025332e+003,-7.053000e-002
3.025814e+003,-7.237293e-002
3.026296e+003,-7.270605e-002
3.026778e+003,-7.097246e-002
3.027260e+003,-6.570707e-002
3.027743e+003,-5.535775e-002
3.028225e+003,-3.926232e-002
3.028707e+003,-1.832470e-002
3.029189e+003,4.960204e-003
3.029671e+003,2.718486e-002
3.030153e+003,4.516209e-002
3.030635e+003,5.700185e-002
3.031117e+003,6.265888e-002
3.031600e+003,6.369295e-002
3.032082e+003,6.238878e-002
3.032564e+003,6.069245e-002
3.033046e+003,5.948922e-002
3.033528e+003,5.855761e-002
3.034010e+003,5.715274e-002
3.034492e+003,5.482434e-002
3.034975e+003,5.195707e-002
3.035457e+003,4.968274e-002
3.035939e+003,4.919149e-002
3.036421e+003,5.083546e-002
3.036903e+003,5.358105e-002
3.037385e+003,5.520779e-002
3.037867e+003,5.327122e-002
3.038349e+003,4.640064e-002
3.038832e+003,3.528077e-002
3.039313e+003,2.275494e-002
3.039796e+003,1.287609e-002
3.040278e+003,9.266531e-003
3.040760e+003,1.350273e-002
3.041242e+003,2.427963e-002
3.041724e+003,3.775746e-002
3.042206e+003,4.896828e-002
3.042688e+003,5.366474e-002
3.043171e+003,4.981253e-002
3.043653e+003,3.812385e-002
3.044135e+003,2.148444e-002
3.044617e+003,3.644307e-003
3.045099e+003,-1.217518e-002
3.045581e+003,-2.413259e-002
3.046063e+003,-3.181587e-002
3.046545e+003,-3.563749e-002
3.047028e+003,-3.604779e-002
3.047510e+003,-3.305616e-002
3.047992e+003,-2.631980e-002
3.048474e+003,-1.570445e-002
3.048956e+003,-1.952023e-003
3.049438e+003,1.298811e-002
3.049920e+003,2.618203e-002
3.050402e+003,3.443619e-002
3.050885e+003,3.519971e-002
3.051367e+003,2.724394e-002
3.051849e+003,1.087574e-002
3.052331e+003,-1.232406e-002
3.052813e+003,-4.002959e-002
3.053295e+003,-6.968700e-002
3.053777e+003,-9.883431e-002
3.054260e+003,-1.252416e-001
3.054742e+003,-1.470053e-001
3.055224e+003,-1.625145e-001
3.055706e+003,-1.716360e-001
3.056188e+003,-1.751876e-001
3.056670e+003,-1.750924e-001
3.057152e+003,-1.739052e-001
3.057634e+003,-1.739608e-001
3.058116e+003,-1.764402e-001
3.058599e+003,-1.807609e-001
3.059081e+003,-1.846121e-001
3.059563e+003,-1.847000e-001
3.060045e+003,-1.779528e-001
3.060527e+003,-1.627117e-001
3.061009e+003,-1.394334e-001
3.061491e+003,-1.106171e-001
3.061974e+003,-8.001158e-002
3.062456e+003,-5.145973e-002
3.062938e+003,-2.784871e-002
3.063420e+003,-1.055265e-002
3.063902e+003,4.998069e-004
3.064384e+003,6.283670e-003
3.064866e+003,7.988599e-003
3.065348e+003,6.518803e-003
3.065831e+003,2.363769e-003
3.066313e+003,-4.174955e-003
3.066795e+003,-1.261392e-002
3.067277e+003,-2.201215e-002
3.067759e+003,-3.095729e-002
3.068241e+003,-3.782765e-002
3.068723e+003,-4.120628e-002
3.069205e+003,-4.026517e-002
3.069688e+003,-3.497315e-002
3.070169e+003,-2.606440e-002
3.070652e+003,-1.480613e-002
3.071134e+003,-2.668301e-003
3.071616e+003,8.997276e-003
3.072098e+003,1.919137e-002
3.072580e+003,2.736504e-002
3.073063e+003,3.339478e-002
3.073544e+003,3.744069e-002
3.074027e+003,3.974973e-002
3.074509e+003,4.047183e-002
3.074991e+003,3.957024e-002
3.075473e+003,3.689499e-002
3.075955e+003,3.242598e-002
3.076437e+003,2.659879e-002
3.076919e+003,2.056686e-002
3.077401e+003,1.621078e-002
3.077884e+003,1.579550e-002
3.078366e+003,2.131655e-002
3.078848e+003,3.373846e-002
3.079330e+003,5.243735e-002
3.079812e+003,7.512227e-002
3.080294e+003,9.834822e-002
3.080776e+003,1.184854e-001
3.081258e+003,1.327889e-001
3.081741e+003,1.401451e-001
3.082223e+003,1.411773e-001
3.082705e+003,1.376689e-001
3.083187e+003,1.315586e-001
3.083669e+003,1.239799e-001
3.084151e+003,1.147790e-001
3.084633e+003,1.027514e-001
3.085115e+003,8.648093e-002
3.085598e+003,6.539469e-002
3.086080e+003,3.871747e-002
3.086562e+003,1.108633e-002
3.087044e+003,-1.374628e-002
3.087526e+003,-3.229627e-002
3.088008e+003,-4.261176e-002
3.088490e+003,-4.499675e-002
3.088972e+003,-4.187114e-002
3.089455e+003,-3.680026e-002
3.089937e+003,-3.311006e-002
3.090419e+003,-3.268256e-002
3.090901e+003,-3.543798e-002
3.091383e+003,-3.969694e-002
3.091865e+003,-4.321676e-002
3.092347e+003,-4.437313e-002
3.092830e+003,-4.292079e-002
3.093312e+003,-3.998388e-002
3.093794e+003,-3.730751e-002
3.094276e+003,-3.617520e-002
3.094758e+003,-3.654934e-002
3.095240e+003,-3.688174e-002
3.095722e+003,-3.470809e-002
3.096204e+003,-2.774598e-002
3.096687e+003,-1.497067e-002
3.097168e+003,2.849443e-003
3.097651e+003,2.338778e-002
3.098133e+003,4.361762e-002
3.098615e+003,6.085315e-002
3.099097e+003,7.347804e-002
3.099579e+003,8.105658e-002
3.100061e+003,8.385830e-002
3.100543e+003,8.213524e-002
3.101025e+003,7.560945e-002
3.101508e+003,6.351586e-002
3.101990e+003,4.520638e-002
3.102472e+003,2.100316e-002
3.102954e+003,-7.184573e-003
3.103436e+003,-3.587963e-002
3.103918e+003,-6.077884e-002
3.104400e+003,-7.796084e-002
3.104883e+003,-8.504102e-002
3.105365e+003,-8.180361e-002
3.105847e+003,-7.005784e-002
3.106329e+003,-5.284331e-002
3.106811e+003,-3.337643e-002
3.107293e+003,-1.422531e-002
3.107775e+003,2.964451e-003
3.108257e+003,1.720133e-002
3.108740e+003,2.761454e-002
3.109222e+003,3.310376e-002
3.109704e+003,3.245912e-002
3.110186e+003,2.497986e-002
3.110668e+003,1.128183e-002
3.111150e+003,-6.178191e-003
3.111632e+003,-2.326369e-002
3.112114e+003,-3.509415e-002
3.112597e+003,-3.749748e-002
3.113079e+003,-2.840715e-002
3.113561e+003,-8.643694e-003
3.114043e+003,1.825779e-002
3.114525e+003,4.711828e-002
3.115007e+003,7.267179e-002
3.115489e+003,9.100255e-002
3.115971e+003,1.003857e-001
3.116454e+003,1.013035e-001
3.116936e+003,9.580817e-002
3.117418e+003,8.637208e-002
3.117900e+003,7.549798e-002
3.118382e+003,6.499071e-002
3.118864e+003,5.595317e-002
3.119346e+003,4.905435e-002
3.119828e+003,4.478277e-002
3.120311e+003,4.349960e-002
3.120793e+003,4.526937e-002
3.121275e+003,4.961527e-002
3.121757e+003,5.541952e-002
3.122239e+003,6.112453e-002
3.122721e+003,6.522246e-002
3.123203e+003,6.684643e-002
3.123686e+003,6.621886e-002
3.124167e+003,6.470877e-002
3.124650e+003,6.445784e-002
3.125132e+003,6.767341e-002
3.125614e+003,7.583904e-002
3.126096e+003,8.910557e-002
3.126578e+003,1.060648e-001
3.127060e+003,1.239823e-001
3.127542e+003,1.394245e-001
3.128024e+003,1.490880e-001
3.128507e+003,1.506140e-001
3.128989e+003,1.431798e-001
3.129471e+003,1.277598e-001
3.129953e+003,1.070120e-001
3.130435e+003,8.481238e-002
3.130917e+003,6.552384e-002
3.131399e+003,5.309714e-002
3.131882e+003,5.019407e-002
3.132364e+003,5.752856e-002
3.132846e+003,7.363989e-002
3.133328e+003,9.520079e-002
3.133810e+003,1.178262e-001
3.134292e+003,1.371592e-001
3.134774e+003,1.499144e-001
3.135256e+003,1.545471e-001
3.135739e+003,1.513535e-001
3.136221e+003,1.420118e-001
3.136703e+003,1.287583e-001
3.137185e+003,1.135301e-001
3.137667e+003,9.738211e-002
3.138149e+003,8.037890e-002
3.138631e+003,6.194534e-002
3.139113e+003,4.149162e-002
3.139596e+003,1.900916e-002
3.140078e+003,-4.602632e-003
3.140560e+003,-2.759349e-002
3.141042e+003,-4.773935e-002
3.141524e+003,-6.284574e-002
3.142006e+003,-7.117267e-002
3.142488e+003,-7.167005e-002
3.142970e+003,-6.400928e-002
3.143453e+003,-4.853531e-002
3.143935e+003,-2.625303e-002
3.144417e+003,1.099956e-003
3.144899e+003,3.096079e-002
3.145381e+003,6.000100e-002
3.145863e+003,8.447597e-002
3.146345e+003,1.009054e-001
3.146827e+003,1.069393e-001
3.147310e+003,1.021142e-001
3.147792e+003,8.839418e-002
3.148274e+003,6.910598e-002
3.148756e+003,4.893986e-002
3.149238e+003,3.241009e-002
3.149720e+003,2.267152e-002
3.150202e+003,2.077347e-002
3.150685e+003,2.555001e-002
3.151167e+003,3.412269e-002
3.151649e+003,4.277981e-002
3.152131e+003,4.793317e-002
3.152613e+003,4.689315e-002
3.153095e+003,3.834675e-002
3.153577e+003,2.254415e-002
3.154059e+003,1.256115e-003
3.154542e+003,-2.244381e-002
3.155023e+003,-4.457768e-002
3.155506e+003,-6.086293e-002
3.155988e+003,-6.749295e-002
3.156470e+003,-6.199801e-002
3.156952e+003,-4.397333e-002
3.157434e+003,-1.543167e-002
3.157916e+003,1.940146e-002
3.158398e+003,5.488121e-002
3.158880e+003,8.514947e-002
3.159363e+003,1.054327e-001
3.159845e+003,1.130716e-001
3.160327e+003,1.080026e-001
3.160809e+003,9.259205e-002
3.161291e+003,7.090828e-002
3.161773e+003,4.765400e-002
3.162255e+003,2.705612e-002
3.162738e+003,1.197940e-002
3.163220e+003,3.447362e-003
3.163702e+003,6.564077e-004
3.164184e+003,1.431123e-003
3.164666e+003,2.992003e-003
3.165148e+003,2.814802e-003
3.165630e+003,-6.663302e-004
3.166112e+003,-7.725346e-003
3.166594e+003,-1.749206e-002
3.167077e+003,-2.850853e-002
3.167559e+003,-3.946023e-002
3.168041e+003,-4.975526e-002
3.168523e+003,-5.967611e-002
3.169005e+003,-7.000314e-002
3.169487e+003,-8.128228e-002
3.169969e+003,-9.307665e-002
3.170452e+003,-1.036320e-001
3.170934e+003,-1.101878e-001
3.171416e+003,-1.098924e-001
3.171898e+003,-1.009598e-001
3.172380e+003,-8.354530e-002
3.172862e+003,-5.989372e-002
3.173344e+003,-3.364120e-002
3.173826e+003,-8.528931e-003
3.174309e+003,1.290139e-002
3.174791e+003,3.004247e-002
3.175273e+003,4.405359e-002
3.175755e+003,5.687260e-002
3.176237e+003,6.987084e-002
3.176719e+003,8.279875e-002
3.177201e+003,9.352373e-002
3.177683e+003,9.871694e-002
3.178166e+003,9.518282e-002
3.178647e+003,8.126692e-002
3.179130e+003,5.764887e-002
3.179612e+003,2.724417e-002
3.180094e+003,-5.564197e-003
3.180576e+003,-3.606717e-002
3.181058e+003,-6.024887e-002
3.181541e+003,-7.535993e-002
3.182022e+003,-8.002780e-002
3.182505e+003,-7.410221e-002
3.182987e+003,-5.851444e-002
3.183469e+003,-3.525599e-002
3.183951e+003,-7.401131e-003
3.184433e+003,2.110773e-002
3.184915e+003,4.611132e-002
3.185397e+003,6.430455e-002
3.185879e+003,7.437295e-002
3.186362e+003,7.766397e-002
3.186844e+003,7.793042e-002
3.187326e+003,8.005246e-002
3.187808e+003,8.811218e-002
3.188290e+003,1.035734e-001
3.188772e+003,1.243584e-001
3.189254e+003,1.453135e-001
3.189736e+003,1.599736e-001
3.190219e+003,1.629686e-001
3.190701e+003,1.520944e-001
3.191183e+003,1.291987e-001
3.191665e+003,9.952161e-002
3.192147e+003,6.979589e-002
3.192629e+003,4.590777e-002
3.193111e+003,3.109218e-002
3.193594e+003,2.532397e-002
3.194076e+003,2.602435e-002
3.194558e+003,2.961356e-002
3.195040e+003,3.313279e-002
3.195522e+003,3.522656e-002
3.196004e+003,3.616285e-002
3.196486e+003,3.705411e-002
3.196968e+003,3.880786e-002
3.197450e+003,4.140774e-002
3.197933e+003,4.389588e-002
3.198415e+003,4.500723e-002
3.198897e+003,4.406295e-002
3.199379e+003,4.157896e-002
3.199861e+003,3.922566e-002
3.200343e+003,3.910676e-002
3.200825e+003,4.269126e-002
3.201308e+003,4.991193e-002
3.201790e+003,5.888491e-002
3.202272e+003,6.642833e-002
3.202754e+003,6.919684e-002
3.203236e+003,6.498312e-002
3.203718e+003,5.364874e-002
3.204200e+003,3.730607e-002
3.204682e+003,1.967164e-002
3.205165e+003,4.826598e-003
3.205646e+003,-4.148542e-003
3.206129e+003,-6.186860e-003
3.206611e+003,-2.547387e-003
3.207093e+003,3.651502e-003
3.207575e+003,8.503262e-003
3.208057e+003,8.625749e-003
3.208539e+003,2.310195e-003
3.209021e+003,-9.847352e-003
3.209503e+003,-2.505454e-002
3.209986e+003,-3.886720e-002
3.210468e+003,-4.654529e-002
3.210950e+003,-4.426474e-002
3.211432e+003,-3.015199e-002
3.211914e+003,-4.830037e-003
3.212396e+003,2.862828e-002
3.212878e+003,6.527864e-002
3.213361e+003,9.924704e-002
3.213843e+003,1.248100e-001
3.214325e+003,1.374025e-001
3.214807e+003,1.343780e-001
3.215289e+003,1.154277e-001
3.215771e+003,8.260984e-002
3.216253e+003,4.001556e-002
3.216735e+003,-6.870805e-003
3.217218e+003,-5.202657e-002
3.217700e+003,-8.983591e-002
3.218182e+003,-1.159841e-001
3.218664e+003,-1.281165e-001
3.219146e+003,-1.261124e-001
3.219628e+003,-1.118976e-001
3.220110e+003,-8.884191e-002
3.220592e+003,-6.094075e-002
3.221075e+003,-3.202216e-002
3.221557e+003,-5.197927e-003
3.222039e+003,1.736530e-002
3.222521e+003,3.440978e-002
3.223003e+003,4.545564e-002
3.223485e+003,5.071027e-002
3.223967e+003,5.108513e-002
3.224449e+003,4.822348e-002
3.224932e+003,4.439429e-002
3.225414e+003,4.211421e-002
3.225896e+003,4.349786e-002
3.226378e+003,4.952874e-002
3.226860e+003,5.955009e-002
3.227342e+003,7.128426e-002
3.227824e+003,8.148454e-002
3.228307e+003,8.704530e-002
3.228789e+003,8.616036e-002
3.229271e+003,7.902817e-002
3.229753e+003,6.777827e-002
3.230235e+003,5.561868e-002
3.230717e+003,4.554435e-002
3.231199e+003,3.916955e-002
3.231681e+003,3.620987e-002
3.232164e+003,3.485470e-002
3.232646e+003,3.287062e-002
3.233128e+003,2.891368e-002
3.233610e+003,2.340898e-002
3.234092e+003,1.855789e-002
3.234574e+003,1.741447e-002
3.235056e+003,2.243073e-002
3.235538e+003,3.413805e-002
3.236021e+003,5.058388e-002
3.236502e+003,6.783955e-002
3.236985e+003,8.140368e-002
3.237467e+003,8.793581e-002
3.237949e+003,8.659174e-002
3.238431e+003,7.941139e-002
3.238913e+003,7.059760e-002
3.239396e+003,6.499300e-002
3.239877e+003,6.635308e-002
3.240360e+003,7.620821e-002
3.240842e+003,9.312713e-002
3.241324e+003,1.133281e-001
3.241806e+003,1.321207e-001
3.242288e+003,1.453997e-001
3.242770e+003,1.507734e-001
3.243252e+003,1.480097e-001
3.243734e+003,1.387761e-001
3.244217e+003,1.258991e-001
3.244699e+003,1.124656e-001
3.245181e+003,1.010630e-001
3.245663e+003,9.330685e-002
3.246145e+003,8.968271e-002
3.246627e+003,8.963059e-002
3.247109e+003,9.179617e-002
3.247591e+003,9.439684e-002
3.248074e+003,9.568105e-002
3.248556e+003,9.442758e-002
3.249038e+003,9.037048e-002
3.249520e+003,8.438932e-002
3.250002e+003,7.830483e-002
3.250484e+003,7.424568e-002
3.250966e+003,7.373630e-002
3.251448e+003,7.682136e-002
3.251931e+003,8.160746e-002
3.252413e+003,8.448607e-002
3.252895e+003,8.108499e-002
3.253377e+003,6.767894e-002
3.253859e+003,4.259186e-002
3.254341e+003,7.060146e-003
3.254823e+003,-3.479858e-002
3.255305e+003,-7.694396e-002
3.255788e+003,-1.129797e-001
3.256270e+003,-1.377882e-001
3.256752e+003,-1.487127e-001
3.257234e+003,-1.459371e-001
3.257716e+003,-1.320595e-001
3.258198e+003,-1.111115e-001
3.258680e+003,-8.741658e-002
3.259163e+003,-6.466646e-002
3.259645e+003,-4.541299e-002
3.260127e+003,-3.097603e-002
3.260609e+003,-2.161219e-002
3.261091e+003,-1.675719e-002
3.261573e+003,-1.522691e-002
3.262055e+003,-1.536212e-002
3.262537e+003,-1.520034e-002
3.263020e+003,-1.275948e-002
3.263501e+003,-6.453456e-003
3.263984e+003,4.441343e-003
3.264466e+003,1.942153e-002
3.264948e+003,3.667472e-002
3.265430e+003,5.336138e-002
3.265912e+003,6.624501e-002
3.266394e+003,7.249568e-002
3.266876e+003,7.044128e-002
3.267358e+003,6.004269e-002
3.267841e+003,4.295105e-002
3.268323e+003,2.211992e-002
3.268805e+003,1.066556e-003
3.269287e+003,-1.703764e-002
3.269769e+003,-3.018256e-002
3.270251e+003,-3.800383e-002
3.270733e+003,-4.176644e-002
3.271216e+003,-4.498941e-002
3.271698e+003,-4.873544e-002
3.272180e+003,-5.434199e-002
3.272662e+003,-6.188239e-002
3.273144e+003,-7.001668e-002
3.273626e+003,-7.637599e-002
3.274108e+003,-7.844435e-002
3.274590e+003,-7.461622e-002
3.275073e+003,-6.500068e-002
3.275555e+003,-5.156894e-002
3.276037e+003,-3.752535e-002
3.276519e+003,-2.610845e-002
3.277001e+003,-1.932404e-002
3.277483e+003,-1.717090e-002
3.277965e+003,-1.772613e-002
3.278447e+003,-1.808505e-002
3.278930e+003,-1.574406e-002
3.279412e+003,-9.829047e-003
3.279894e+003,-1.619344e-003
3.280376e+003,5.846106e-003
3.280858e+003,8.900691e-003
3.281340e+003,4.652839e-003
3.281822e+003,-7.924475e-003
3.282304e+003,-2.760317e-002
3.282787e+003,-5.128071e-002
3.283269e+003,-7.491056e-002
3.283751e+003,-9.458979e-002
3.284233e+003,-1.074327e-001
3.284715e+003,-1.120495e-001
3.285197e+003,-1.085984e-001
3.285679e+003,-9.854748e-002
3.286161e+003,-8.426897e-002
3.286644e+003,-6.855229e-002
3.287125e+003,-5.408636e-002
3.287608e+003,-4.292411e-002
3.288090e+003,-3.603314e-002
3.288572e+003,-3.304921e-002
3.289054e+003,-3.238332e-002
3.289536e+003,-3.168700e-002
3.290019e+003,-2.856663e-002
3.290500e+003,-2.130145e-002
3.290983e+003,-9.335768e-003
3.291465e+003,6.633041e-003
3.291947e+003,2.493105e-002
3.292429e+003,4.342138e-002
3.292911e+003,6.003098e-002
3.293393e+003,7.311889e-002
3.293875e+003,8.162516e-002
3.294357e+003,8.507327e-002
3.294840e+003,8.353364e-002
3.295322e+003,7.762896e-002
3.295804e+003,6.854518e-002
3.296286e+003,5.797795e-002
3.296768e+003,4.788559e-002
3.297250e+003,4.008854e-002
3.297732e+003,3.579360e-002
3.298215e+003,3.524722e-002
3.298697e+003,3.767734e-002
3.299179e+003,4.155560e-002
3.299661e+003,4.506958e-002
3.300143e+003,4.663083e-002
3.300625e+003,4.522046e-002
3.301107e+003,4.049918e-002
3.301589e+003,3.272670e-002
3.302072e+003,2.593237e-002
3.302554e+003,1.557905e-002
3.303036e+003,2.982659e-003
3.303518e+003,-9.503819e-003
3.304000e+003,-1.879277e-002
3.304482e+003,-2.174876e-002
3.304964e+003,-1.613791e-002
3.305446e+003,-1.489758e-003
3.305928e+003,2.047352e-002
3.306411e+003,4.610991e-002
3.306893e+003,7.082337e-002
3.307375e+003,9.042215e-002
3.307857e+003,1.023997e-001
3.308339e+003,1.066193e-001
3.308821e+003,1.051386e-001
3.309303e+003,1.012254e-001
3.309785e+003,9.797845e-002
3.310268e+003,9.711850e-002
3.310750e+003,9.840247e-002
3.311232e+003,9.984593e-002
3.311714e+003,9.858207e-002
3.312196e+003,9.195694e-002
3.312678e+003,7.842399e-002
3.313160e+003,5.795122e-002
3.313643e+003,3.189690e-002
3.314125e+003,2.558616e-003
3.314607e+003,-2.733085e-002
3.315089e+003,-5.495492e-002
3.315571e+003,-7.757311e-002
3.316053e+003,-9.263694e-002
3.316535e+003,-9.800599e-002
3.317017e+003,-9.237979e-002
3.317500e+003,-7.583402e-002
3.317982e+003,-5.023740e-002
3.318464e+003,-1.927556e-002
3.318946e+003,1.209069e-002
3.319428e+003,3.868012e-002
3.319910e+003,5.636967e-002
3.320392e+003,6.317798e-002
3.320874e+003,5.976551e-002
3.321356e+003,4.914737e-002
3.321839e+003,3.570237e-002
3.322321e+003,2.382021e-002
3.322803e+003,1.661654e-002
3.323285e+003,1.516581e-002
3.323767e+003,1.844724e-002
3.324249e+003,2.399965e-002
3.324731e+003,2.902312e-002
3.325214e+003,3.150615e-002
3.325696e+003,3.100266e-002
3.326178e+003,2.877892e-002
3.326660e+003,2.728043e-002
3.327142e+003,2.910117e-002
3.327624e+003,3.580195e-002
3.328106e+003,4.702947e-002
3.328588e+003,6.030051e-002
3.329071e+003,7.158258e-002
3.329553e+003,7.655708e-002
3.330035e+003,7.213427e-002
3.330517e+003,5.770090e-002
3.330999e+003,3.561317e-002
3.331481e+003,1.066469e-002
3.331963e+003,-1.134662e-002
3.332445e+003,-2.549783e-002
3.332927e+003,-2.932865e-002
3.333410e+003,-2.373216e-002
3.333892e+003,-1.245732e-002
3.334374e+003,-6.496423e-004
3.334856e+003,7.147791e-003
3.335338e+003,8.732361e-003
3.335820e+003,5.031095e-003
3.336302e+003,-3.883246e-004
3.336784e+003,-2.906565e-003
3.337267e+003,1.118885e-003
3.337749e+003,1.272034e-002
3.338231e+003,2.975927e-002
3.338713e+003,4.767606e-002
3.339195e+003,6.123447e-002
3.339677e+003,6.655554e-002
3.340159e+003,6.261728e-002
3.340642e+003,5.160797e-002
3.341124e+003,3.802660e-002
3.341606e+003,2.689349e-002
3.342088e+003,2.178801e-002
3.342570e+003,2.349648e-002
3.343052e+003,2.976586e-002
3.343534e+003,3.625101e-002
3.344016e+003,3.825986e-002
3.344499e+003,3.260517e-002
3.344981e+003,1.888116e-002
3.345463e+003,-2.994178e-004
3.345945e+003,-2.014758e-002
3.346427e+003,-3.527125e-002
3.346909e+003,-4.140363e-002
3.347391e+003,-3.668676e-002
3.347873e+003,-2.210789e-002
3.348355e+003,-1.034997e-003
3.348838e+003,2.192719e-002
3.349320e+003,4.230247e-002
3.349802e+003,5.688422e-002
3.350284e+003,6.433135e-002
3.350766e+003,6.510051e-002
3.351248e+003,6.086041e-002
3.351730e+003,5.366097e-002
3.352212e+003,4.517557e-002
3.352695e+003,3.626931e-002
3.353177e+003,2.697617e-002
3.353659e+003,1.682638e-002
3.354141e+003,5.351404e-003
3.354623e+003,-7.456130e-003
3.355105e+003,-2.089225e-002
3.355587e+003,-3.358991e-002
3.356070e+003,-4.384582e-002
3.356552e+003,-5.010098e-002
3.357034e+003,-5.141886e-002
3.357516e+003,-4.782378e-002
3.357998e+003,-4.037662e-002
3.358480e+003,-3.099129e-002
3.358962e+003,-2.201210e-002
3.359444e+003,-1.565607e-002
3.359927e+003,-1.346498e-002
3.360409e+003,-1.587219e-002
3.360891e+003,-2.202653e-002
3.361373e+003,-2.991019e-002
3.361855e+003,-3.674946e-002
3.362337e+003,-3.963616e-002
3.362819e+003,-3.620935e-002
3.363301e+003,-2.523661e-002
3.363783e+003,-6.821145e-003
3.364266e+003,1.709746e-002
3.364748e+003,4.349855e-002
3.365230e+003,6.873484e-002
3.365712e+003,8.924369e-002
3.366194e+003,1.022342e-001
3.366676e+003,1.061989e-001
3.367158e+003,1.011329e-001
3.367640e+003,8.844446e-002
3.368123e+003,7.058448e-002
3.368605e+003,5.051005e-002
3.369087e+003,3.108956e-002
3.369569e+003,1.456705e-002
3.370051e+003,2.201809e-003
3.370533e+003,-5.858433e-003
3.371015e+003,-1.042590e-002
3.371498e+003,-1.290364e-002
3.371979e+003,-1.478573e-002
3.372462e+003,-1.718369e-002
3.372944e+003,-2.051733e-002
3.373426e+003,-2.446421e-002
3.373908e+003,-2.817636e-002
3.374390e+003,-3.067563e-002
3.374872e+003,-3.127930e-002
3.375354e+003,-2.988140e-002
3.375837e+003,-2.698042e-002
3.376319e+003,-2.345328e-002
3.376801e+003,-2.016969e-002
3.377283e+003,-1.762119e-002
3.377765e+003,-1.573808e-002
3.378247e+003,-1.397932e-002
3.378729e+003,-1.166514e-002
3.379211e+003,-8.407386e-003
3.379694e+003,-4.439264e-003
3.380176e+003,-6.828617e-004
3.380658e+003,1.505085e-003
3.381140e+003,8.278775e-004
3.381622e+003,-3.406927e-003
3.382104e+003,-1.092753e-002
3.382586e+003,-2.048051e-002
3.383068e+003,-3.016629e-002
3.383551e+003,-3.801528e-002
3.384033e+003,-4.258001e-002
3.384515e+003,-4.331359e-002
3.384997e+003,-4.062226e-002
3.385479e+003,-3.558780e-002
3.385961e+003,-2.953304e-002
3.386443e+003,-2.364065e-002
3.386926e+003,-1.879369e-002
3.387407e+003,-1.567076e-002
3.387890e+003,-1.497392e-002
3.388372e+003,-1.757499e-002
3.388854e+003,-2.440045e-002
3.389336e+003,-3.600590e-002
3.389818e+003,-5.198839e-002
3.390300e+003,-7.051051e-002
3.390782e+003,-8.824719e-002
3.391265e+003,-1.009426e-001
3.391747e+003,-1.045052e-001
3.392229e+003,-9.633051e-002
3.392711e+003,-7.634616e-002
3.393193e+003,-4.731702e-002
3.393675e+003,-1.421388e-002
3.394157e+003,1.717274e-002
3.394639e+003,3.909243e-002
3.395122e+003,5.086522e-002
3.395604e+003,5.402655e-002
3.396086e+003,5.228213e-002
3.396568e+003,4.981130e-002
3.397050e+003,4.945876e-002
3.397532e+003,5.153009e-002
3.398014e+003,5.364734e-002
3.398496e+003,5.171576e-002
3.398979e+003,4.156287e-002
3.399461e+003,2.060759e-002
3.399943e+003,-1.105048e-002
3.400425e+003,-5.045832e-002
3.400907e+003,-9.252619e-002
3.401389e+003,-1.313226e-001
3.401871e+003,-1.615045e-001
3.402354e+003,-1.794651e-001
3.402836e+003,-1.839597e-001
3.403318e+003,-1.761591e-001
3.403800e+003,-1.592170e-001
3.404282e+003,-1.374905e-001
3.404764e+003,-1.155790e-001
3.405246e+003,-9.736375e-002
3.405728e+003,-8.525667e-002
3.406210e+003,-7.985833e-002
3.406693e+003,-8.013088e-002
3.407175e+003,-8.403201e-002
3.407657e+003,-8.935879e-002
3.408139e+003,-9.446161e-002
3.408621e+003,-9.853128e-002
3.409103e+003,-1.013788e-001
3.409585e+003,-1.028995e-001
3.410067e+003,-1.025989e-001
3.410550e+003,-9.953572e-002
3.411032e+003,-9.278713e-002
3.411514e+003,-8.222234e-002
3.411996e+003,-6.911881e-002
3.412478e+003,-5.617355e-002
3.412960e+003,-4.673918e-002
3.413442e+003,-4.353850e-002
3.413925e+003,-4.742727e-002
3.414406e+003,-5.681736e-002
3.414889e+003,-6.807614e-002
3.415371e+003,-7.676607e-002
3.415853e+003,-7.918175e-002
3.416335e+003,-7.350057e-002
3.416817e+003,-6.009337e-002
3.417299e+003,-4.096742e-002
3.417781e+003,-1.874646e-002
3.418264e+003,4.241392e-003
3.418746e+003,2.634820e-002
3.419228e+003,4.641679e-002
3.419710e+003,6.332000e-002
3.420192e+003,7.567240e-002
3.420674e+003,8.201676e-002
3.421156e+003,8.142973e-002
3.421638e+003,7.419051e-002
3.422121e+003,6.205650e-002
3.422603e+003,4.789157e-002
3.423085e+003,3.475505e-002
3.423567e+003,2.484140e-002
3.424049e+003,1.875374e-002
3.424531e+003,1.540951e-002
3.425013e+003,1.256920e-002
3.425495e+003,5.586124e-003
3.425978e+003,-4.388686e-003
3.426460e+003,-1.729036e-002
3.426942e+003,-3.222362e-002
3.427424e+003,-4.781540e-002
3.427906e+003,-6.259605e-002
3.428388e+003,-7.523544e-002
3.428870e+003,-8.459425e-002
3.429353e+003,-8.970331e-002
3.429834e+003,-8.982642e-002
3.430317e+003,-8.467212e-002
3.430799e+003,-7.468674e-002
3.431281e+003,-6.122325e-002
3.431763e+003,-4.639408e-002
3.432245e+003,-3.257196e-002
3.432727e+003,-2.169218e-002
3.433209e+003,-1.466447e-002
3.433692e+003,-1.116499e-002
3.434174e+003,-9.923248e-003
3.434656e+003,-9.362524e-003
3.435138e+003,-8.269700e-003
3.435620e+003,-6.165894e-003
3.436102e+003,-3.212945e-003
3.436584e+003,2.426896e-004
3.437066e+003,4.187886e-003
3.437549e+003,9.171231e-003
3.438031e+003,1.608751e-002
3.438513e+003,2.561200e-002
3.438995e+003,3.762051e-002
3.439477e+003,5.096832e-002
3.439959e+003,6.381699e-002
3.440441e+003,7.440409e-002
3.440923e+003,8.189060e-002
3.441406e+003,8.684251e-002
3.441888e+003,9.105412e-002
3.442370e+003,9.675467e-002
3.442852e+003,1.055507e-001
3.443334e+003,1.176275e-001
3.443816e+003,1.316011e-001
3.444298e+003,1.450640e-001
3.444781e+003,1.555303e-001
3.445262e+003,1.613198e-001
3.445745e+003,1.620027e-001
3.446227e+003,1.582640e-001
3.446709e+003,1.513410e-001
3.447191e+003,1.423922e-001
3.447673e+003,1.321656e-001
3.448155e+003,1.211259e-001
3.448637e+003,1.098970e-001
3.449120e+003,9.966460e-002
3.449602e+003,9.219892e-002
3.450084e+003,8.939251e-002
3.450566e+003,9.248444e-002
3.451048e+003,1.013473e-001
3.451530e+003,1.142212e-001
3.452012e+003,1.280910e-001
3.452494e+003,1.395868e-001
3.452977e+003,1.460138e-001
3.453459e+003,1.460631e-001
3.453941e+003,1.399302e-001
3.454423e+003,1.288695e-001
3.454905e+003,1.144886e-001
3.455387e+003,9.816833e-002
3.455869e+003,8.088190e-002
3.456351e+003,6.422821e-002
3.456833e+003,4.836399e-002
3.457316e+003,3.470545e-002
3.457798e+003,2.513813e-002
3.458280e+003,2.152568e-002
3.458762e+003,2.498839e-002
3.459244e+003,3.529914e-002
3.459726e+003,5.073415e-002
3.460208e+003,6.849319e-002
3.460690e+003,8.555109e-002
3.461173e+003,9.958575e-002
3.461655e+003,1.096108e-001
3.462137e+003,1.160631e-001
3.462619e+003,1.203501e-001
3.463101e+003,1.240888e-001
3.463583e+003,1.283845e-001
3.464065e+003,1.334312e-001
3.464548e+003,1.385343e-001
3.465030e+003,1.424461e-001
3.465512e+003,1.438004e-001
3.465994e+003,1.414521e-001
3.466476e+003,1.346276e-001
3.466958e+003,1.229182e-001
3.467440e+003,1.062308e-001
3.467922e+003,8.480407e-002
3.468405e+003,5.931537e-002
3.468887e+003,3.100720e-002
3.469369e+003,1.706249e-003
3.469851e+003,-2.637251e-002
3.470333e+003,-5.102963e-002
3.470815e+003,-7.058099e-002
3.471297e+003,-8.424847e-002
3.471779e+003,-9.227438e-002
3.472261e+003,-9.570005e-002
3.472744e+003,-9.589602e-002
3.473226e+003,-9.402344e-002
3.473708e+003,-9.064261e-002
3.474190e+003,-8.559467e-002
3.474672e+003,-7.819234e-002
3.475154e+003,-6.762015e-002
3.475636e+003,-5.338163e-002
3.476118e+003,-3.561158e-002
3.476601e+003,-1.515551e-002
3.477083e+003,6.599798e-003
3.477565e+003,2.806962e-002
3.478047e+003,4.785368e-002
3.478529e+003,6.503308e-002
3.479011e+003,7.928585e-002
3.479493e+003,9.078335e-002
3.479976e+003,9.992683e-002
3.480458e+003,1.070328e-001
3.480940e+003,1.121018e-001
3.481422e+003,1.147851e-001
3.481904e+003,1.145748e-001
3.482386e+003,1.111351e-001
3.482868e+003,1.046110e-001
3.483350e+003,9.574062e-002
3.483833e+003,8.568486e-002
3.484315e+003,7.562332e-002
3.484797e+003,6.628647e-002
3.485279e+003,5.763780e-002
3.485761e+003,4.889028e-002
3.486243e+003,3.890291e-002
3.486725e+003,2.684591e-002
3.487207e+003,1.285232e-002
3.487689e+003,-1.585416e-003
3.488172e+003,-1.392364e-002
3.488654e+003,-2.125827e-002
3.489136e+003,-2.133400e-002
3.489618e+003,-1.343064e-002
3.490100e+003,1.231673e-003
3.490582e+003,1.974563e-002
3.491064e+003,3.833466e-002
3.491546e+003,5.343517e-002
3.492029e+003,6.265664e-002
3.492511e+003,6.530276e-002
3.492993e+003,6.231182e-002
3.493475e+003,5.570589e-002
3.493957e+003,4.779937e-002
3.494439e+003,4.048266e-002
3.494921e+003,3.480212e-002
3.495404e+003,3.090636e-002
3.495886e+003,2.826736e-002
3.496368e+003,2.601412e-002
3.496850e+003,2.323110e-002
3.497332e+003,1.914985e-002
3.497814e+003,1.326763e-002
3.498296e+003,5.435038e-003
3.498778e+003,-4.037478e-003
3.499260e+003,-1.429118e-002
3.499743e+003,-2.393426e-002
3.500225e+003,-3.123923e-002
3.500707e+003,-3.455064e-002
3.501189e+003,-3.282063e-002
3.501671e+003,-2.610037e-002
3.502153e+003,-1.577260e-002
3.502635e+003,-4.384506e-003
3.503117e+003,4.919498e-003
3.503600e+003,9.197201e-003
3.504082e+003,6.462912e-003
3.504564e+003,-3.848405e-003
3.505046e+003,-2.082372e-002
3.505528e+003,-4.235999e-002
3.506010e+003,-6.562135e-002
3.506492e+003,-8.751407e-002
3.506975e+003,-1.051086e-001
3.507457e+003,-1.160361e-001
3.507939e+003,-1.189061e-001
3.508421e+003,-1.137013e-001
3.508903e+003,-1.020066e-001
3.509385e+003,-8.685835e-002
3.509867e+003,-7.209873e-002
3.510349e+003,-6.133131e-002
3.510832e+003,-5.678938e-002
3.511314e+003,-5.852031e-002
3.511796e+003,-6.422034e-002
3.512278e+003,-6.984478e-002
3.512760e+003,-7.088569e-002
3.513242e+003,-6.393683e-002
3.513724e+003,-4.802698e-002
3.514206e+003,-2.520504e-002
3.514688e+003,-1.095513e-004
3.515171e+003,2.138991e-002
3.515653e+003,3.402689e-002
3.516135e+003,3.480330e-002
3.516617e+003,2.390540e-002
3.517099e+003,4.554070e-003
3.517581e+003,-1.813708e-002
3.518063e+003,-3.877924e-002
3.518545e+003,-5.358329e-002
3.519028e+003,-6.101793e-002
3.519510e+003,-6.198419e-002
3.519992e+003,-5.903958e-002
3.520474e+003,-5.522111e-002
3.520956e+003,-5.297828e-002
3.521438e+003,-5.359523e-002
3.521920e+003,-5.721259e-002
3.522403e+003,-6.327207e-002
3.522885e+003,-7.105607e-002
3.523367e+003,-7.999009e-002
3.523849e+003,-8.955447e-002
3.524331e+003,-9.891270e-002
3.524813e+003,-1.065471e-001
3.525295e+003,-1.102033e-001
3.525777e+003,-1.073147e-001
3.526260e+003,-9.581018e-002
3.526742e+003,-7.501523e-002
3.527224e+003,-4.625984e-002
3.527706e+003,-1.284401e-002
3.528188e+003,2.070741e-002
3.528670e+003,4.985243e-002
3.529152e+003,7.119412e-002
3.529634e+003,8.313809e-002
3.530116e+003,8.586518e-002
3.530599e+003,8.077394e-002
3.531081e+003,6.977742e-002
3.531563e+003,5.479331e-002
3.532045e+003,3.761643e-002
3.532527e+003,2.010455e-002
3.533009e+003,4.404128e-003
3.533491e+003,-7.073167e-003
3.533973e+003,-1.209561e-002
3.534456e+003,-9.406210e-003
3.534938e+003,4.695388e-004
3.535420e+003,1.486221e-002
3.535902e+003,2.941599e-002
3.536384e+003,3.938431e-002
3.536866e+003,4.132807e-002
3.537348e+003,3.448099e-002
3.537831e+003,2.117105e-002
3.538313e+003,6.065785e-003
3.538795e+003,-5.465722e-003
3.539277e+003,-9.246172e-003
3.539759e+003,-3.709029e-003
3.540241e+003,9.704908e-003
3.540723e+003,2.730134e-002
3.541205e+003,4.468394e-002
3.541688e+003,5.844394e-002
3.542170e+003,6.729691e-002
3.542652e+003,7.227251e-002
3.543134e+003,7.595209e-002
3.543616e+003,8.114035e-002
3.544098e+003,8.955404e-002
3.544580e+003,1.010958e-001
3.545062e+003,1.139756e-001
3.545544e+003,1.255724e-001
3.546027e+003,1.335849e-001
3.546509e+003,1.369367e-001
3.546991e+003,1.360471e-001
3.547473e+003,1.324203e-001
3.547955e+003,1.278530e-001
3.548437e+003,1.236985e-001
3.548919e+003,1.220179e-001
3.549401e+003,1.209405e-001
3.549884e+003,1.198406e-001
3.550366e+003,1.182991e-001
3.550848e+003,1.163038e-001
3.551330e+003,1.141658e-001
3.551812e+003,1.122226e-001
3.552294e+003,1.105073e-001
3.552776e+003,1.085871e-001
3.553259e+003,1.056539e-001
3.553740e+003,1.008084e-001
3.554223e+003,9.336293e-002
3.554705e+003,8.303023e-002
3.555187e+003,6.991857e-002
3.555669e+003,5.440424e-002
3.556151e+003,3.697494e-002
3.556633e+003,1.813983e-002
3.557115e+003,-1.543564e-003
3.557598e+003,-2.137640e-002
3.558080e+003,-4.044991e-002
3.558562e+003,-5.767714e-002
3.559044e+003,-7.196788e-002
3.559526e+003,-8.247434e-002
3.560008e+003,-8.880513e-002
3.560490e+003,-9.110682e-002
3.560972e+003,-8.995579e-002
3.561455e+003,-8.613197e-002
3.561937e+003,-8.034509e-002
3.562419e+003,-7.303195e-002
3.562901e+003,-6.427351e-002
3.563383e+003,-5.382789e-002
3.563865e+003,-4.125331e-002
3.564347e+003,-2.609060e-002
3.564829e+003,-8.079468e-003
3.565312e+003,1.258169e-002
3.565794e+003,3.500801e-002
3.566276e+003,5.754113e-002
3.566758e+003,7.798683e-002
3.567240e+003,9.421432e-002
3.567722e+003,1.049154e-001
3.568204e+003,1.100986e-001
3.568687e+003,1.110485e-001
3.569168e+003,1.097478e-001
3.569651e+003,1.080859e-001
3.570133e+003,1.071781e-001
3.570615e+003,1.070164e-001
3.571097e+003,1.065377e-001
3.571579e+003,1.040906e-001
3.572061e+003,9.815064e-002
3.572543e+003,8.803033e-002
3.573026e+003,7.428725e-002
3.573508e+003,5.862270e-002
3.573990e+003,4.328700e-002
3.574472e+003,3.025231e-002
3.574954e+003,2.053142e-002
3.575436e+003,1.394987e-002
3.575918e+003,9.448293e-003
3.576400e+003,5.728140e-003
3.576883e+003,1.882921e-003
3.577365e+003,-2.267547e-003
3.577847e+003,-6.268625e-003
3.578329e+003,-9.419984e-003
3.578811e+003,-1.119321e-002
3.579293e+003,-1.142441e-002
3.579775e+003,-1.006850e-002
3.580257e+003,-7.185087e-003
3.580740e+003,-2.461447e-003
3.581222e+003,4.677300e-003
3.581704e+003,1.470493e-002
3.582186e+003,2.751082e-002
3.582668e+003,4.210981e-002
3.583150e+003,5.677729e-002
3.583632e+003,6.960104e-002
3.584115e+003,7.921466e-002
3.584597e+003,8.531585e-002
3.585079e+003,8.866724e-002
3.585561e+003,9.043578e-002
3.586043e+003,9.106375e-002
3.586525e+003,8.920769e-002
3.587007e+003,8.150464e-002
3.587489e+003,6.369120e-002
3.587971e+003,3.281769e-002
3.588454e+003,-1.063100e-002
3.588936e+003,-6.199280e-002
3.589418e+003,-1.134675e-001
3.589900e+003,-1.562300e-001
3.590382e+003,-1.825800e-001
3.590864e+003,-1.874576e-001
3.591346e+003,-1.691752e-001
3.591828e+003,-1.294926e-001
3.592311e+003,-7.319444e-002
3.592793e+003,-7.241465e-003
3.593275e+003,6.042245e-002
3.593757e+003,1.221909e-001
3.594239e+003,1.719720e-001
3.594721e+003,2.059425e-001
3.595203e+003,2.227849e-001
3.595686e+003,2.234870e-001
3.596167e+003,2.108873e-001
3.596650e+003,1.890706e-001
3.597132e+003,1.626874e-001
3.597614e+003,1.362471e-001
3.598096e+003,1.134549e-001
3.598578e+003,9.672396e-002
3.599060e+003,8.695022e-002
3.599542e+003,8.358957e-002
3.600025e+003,8.500718e-002
3.600507e+003,8.900471e-002
3.600989e+003,9.338214e-002
3.601471e+003,9.633679e-002
3.601953e+003,9.666675e-002
3.602435e+003,9.374913e-002
3.602917e+003,8.744232e-002
3.603399e+003,7.797843e-002
3.603882e+003,6.589157e-002
3.604364e+003,5.196215e-002
3.604846e+003,3.711089e-002
3.605328e+003,2.227030e-002
3.605810e+003,8.238862e-003
3.606292e+003,-4.385176e-003
3.606774e+003,-1.518090e-002
3.607256e+003,-2.380051e-002
3.607739e+003,-2.988597e-002
3.608221e+003,-3.308478e-002
3.608703e+003,-3.319116e-002
3.609185e+003,-3.034523e-002
3.609667e+003,-2.513973e-002
3.610149e+003,-1.857675e-002
3.610631e+003,-1.204234e-002
3.611114e+003,-6.730814e-003
3.611595e+003,-3.328583e-003
3.612078e+003,-2.405184e-003
3.612560e+003,-4.218334e-003
3.613042e+003,-8.546230e-003
3.613524e+003,-1.465750e-002
3.614006e+003,-2.148543e-002
3.614488e+003,-2.791892e-002
3.614970e+003,-3.305089e-002
3.615453e+003,-3.629741e-002
3.615935e+003,-3.738945e-002
3.616417e+003,-3.630487e-002
3.616899e+003,-3.321837e-002
3.617381e+003,-2.849365e-002
3.617863e+003,-2.268618e-002
3.618345e+003,-1.648541e-002
3.618827e+003,-1.056356e-002
3.619310e+003,-5.292323e-003
3.619792e+003,-4.831998e-004
3.620274e+003,4.715764e-003
3.620756e+003,1.166433e-002
3.621238e+003,2.188319e-002
3.621720e+003,3.662359e-002
3.622202e+003,5.648621e-002
3.622684e+003,8.115357e-002
3.623167e+003,1.092675e-001
3.623649e+003,1.385545e-001
3.624131e+003,1.662127e-001
3.624613e+003,1.894858e-001
3.625095e+003,2.062266e-001
3.625577e+003,2.151440e-001
3.626059e+003,2.156955e-001
3.626542e+003,2.077339e-001
3.627023e+003,1.912091e-001
3.627506e+003,1.662241e-001
3.627988e+003,1.335875e-001
3.628470e+003,9.551221e-002
3.628952e+003,5.567891e-002
3.629434e+003,1.809694e-002
3.629916e+003,-1.447237e-002
3.630398e+003,-4.120715e-002
3.630881e+003,-6.272794e-002
3.631363e+003,-8.010830e-002
3.631845e+003,-9.407826e-002
3.632327e+003,-1.045982e-001
3.632809e+003,-1.108037e-001
3.633291e+003,-1.112993e-001
3.633773e+003,-1.047739e-001
3.634255e+003,-9.075078e-002
3.634738e+003,-7.012048e-002
3.635220e+003,-4.519938e-002
3.635702e+003,-1.930464e-002
3.636184e+003,4.000688e-003
3.636666e+003,2.177545e-002
3.637148e+003,3.249684e-002
3.637630e+003,3.656954e-002
3.638112e+003,3.630030e-002
3.638594e+003,3.519632e-002
3.639077e+003,3.676564e-002
3.639559e+003,4.324070e-002
3.640041e+003,5.472681e-002
3.640523e+003,6.908082e-002
3.641005e+003,8.255626e-002
3.641487e+003,9.118930e-002
3.641969e+003,9.156401e-002
3.642451e+003,8.229460e-002
3.642934e+003,6.404414e-002
3.643416e+003,3.896479e-002
3.643898e+003,9.739302e-003
3.644380e+003,-2.129181e-002
3.644862e+003,-5.257306e-002
3.645344e+003,-8.325555e-002
3.645826e+003,-1.127536e-001
3.646309e+003,-1.401792e-001
3.646791e+003,-1.639760e-001
3.647273e+003,-1.819769e-001
3.647755e+003,-1.919774e-001
3.648237e+003,-1.925782e-001
3.648719e+003,-1.838595e-001
3.649201e+003,-1.674831e-001
3.649683e+003,-1.461554e-001
3.650166e+003,-1.227271e-001
3.650648e+003,-9.945334e-002
3.651130e+003,-7.774368e-002
3.651612e+003,-5.840679e-002
3.652094e+003,-4.207864e-002
3.652576e+003,-2.952212e-002
3.653058e+003,-2.167119e-002
3.653540e+003,-1.944819e-002
3.654022e+003,-2.340928e-002
3.654505e+003,-3.329766e-002
3.654987e+003,-4.766221e-002
3.655469e+003,-6.383163e-002
3.655951e+003,-7.849941e-002
3.656433e+003,-8.877563e-002
3.656915e+003,-9.305695e-002
3.657397e+003,-9.110729e-002
3.657879e+003,-8.343608e-002
3.658362e+003,-7.058112e-002
3.658844e+003,-5.282632e-002
3.659326e+003,-3.044278e-002
3.659808e+003,-4.235752e-003
3.660290e+003,2.398230e-002
3.660772e+003,5.134778e-002
3.661254e+003,7.448349e-002
3.661737e+003,9.047856e-002
3.662219e+003,9.790119e-002
3.662701e+003,9.736460e-002
3.663183e+003,9.135335e-002
3.663665e+003,8.333683e-002
3.664147e+003,7.651553e-002
3.664629e+003,7.270537e-002
3.665111e+003,7.180365e-002
3.665594e+003,7.198402e-002
3.666076e+003,7.046346e-002
3.666558e+003,6.448232e-002
3.667040e+003,5.216166e-002
3.667522e+003,3.306292e-002
3.668004e+003,8.453604e-003
3.668486e+003,-1.863793e-002
3.668968e+003,-4.362306e-002
3.669450e+003,-6.103548e-002
3.669933e+003,-6.586577e-002
3.670415e+003,-5.511103e-002
3.670897e+003,-2.856147e-002
3.671379e+003,1.171106e-002
3.671861e+003,6.254619e-002
3.672343e+003,1.206547e-001
3.672825e+003,1.820925e-001
3.673307e+003,2.419841e-001
3.673790e+003,2.934584e-001
3.674272e+003,3.277248e-001
3.674754e+003,3.364852e-001
3.675236e+003,3.167139e-001
3.675718e+003,2.742907e-001
3.676200e+003,2.219406e-001
3.676682e+003,1.725653e-001
3.677165e+003,1.340193e-001
3.677647e+003,1.083769e-001
3.678129e+003,9.385956e-002
3.678611e+003,8.696106e-002
3.679093e+003,8.387929e-002
3.679575e+003,8.133430e-002
3.680057e+003,7.699163e-002
3.680539e+003,6.957239e-002
3.681021e+003,5.867680e-002
3.681504e+003,4.448410e-002
3.681986e+003,2.749837e-002
3.682468e+003,8.421111e-003
3.682950e+003,-1.191078e-002
3.683432e+003,-3.265387e-002
3.683914e+003,-5.319189e-002
3.684396e+003,-7.337163e-002
3.684878e+003,-9.356561e-002
3.685361e+003,-1.144260e-001
3.685843e+003,-1.363316e-001
3.686325e+003,-1.586613e-001
3.686807e+003,-1.791444e-001
3.687289e+003,-1.937356e-001
3.687771e+003,-1.975565e-001
3.688253e+003,-1.869884e-001
3.688736e+003,-1.619617e-001
3.689218e+003,-1.267766e-001
3.689700e+003,-8.868734e-002
3.690182e+003,-5.515010e-002
3.690664e+003,-3.129459e-002
3.691146e+003,-1.854043e-002
3.691628e+003,-1.452684e-002
3.692110e+003,-1.418549e-002
3.692593e+003,-1.157163e-002
3.693075e+003,-1.827398e-003
3.693557e+003,1.735377e-002
3.694039e+003,4.512006e-002
3.694521e+003,7.773270e-002
3.695003e+003,1.095718e-001
3.695485e+003,1.346885e-001
3.695967e+003,1.486000e-001
3.696449e+003,1.497487e-001
3.696932e+003,1.399754e-001
3.697414e+003,1.237136e-001
3.697896e+003,1.062965e-001
3.698378e+003,9.217472e-002
3.698860e+003,8.369678e-002
3.699342e+003,8.070596e-002
3.699824e+003,8.090061e-002
3.700306e+003,8.080097e-002
3.700789e+003,7.709654e-002
3.701271e+003,6.795724e-002
3.701753e+003,5.376195e-002
3.702235e+003,3.688535e-002
3.702717e+003,2.071028e-002
3.703199e+003,8.808587e-003
3.703681e+003,3.187965e-003
3.704164e+003,4.920322e-003
3.704646e+003,1.396094e-002
3.705128e+003,2.937771e-002
3.705610e+003,4.951533e-002
3.706092e+003,7.204606e-002
3.706574e+003,9.399732e-002
3.707056e+003,1.119173e-001
3.707538e+003,1.222886e-001
3.708021e+003,1.222066e-001
3.708503e+003,1.101814e-001
3.708985e+003,8.682014e-002
3.709467e+003,5.511365e-002
3.709949e+003,2.012394e-002
3.710431e+003,-1.202266e-002
3.710913e+003,-3.571422e-002
3.711395e+003,-4.756314e-002
3.711877e+003,-4.749605e-002
3.712360e+003,-3.854864e-002
3.712842e+003,-2.541240e-002
3.713324e+003,-1.256483e-002
3.713806e+003,-2.969660e-003
3.714288e+003,2.277386e-003
3.714770e+003,3.618417e-003
3.715252e+003,2.469148e-003
3.715734e+003,7.102902e-004
3.716217e+003,2.982130e-004
3.716699e+003,2.928884e-003
3.717181e+003,9.701388e-003
3.717663e+003,2.079772e-002
3.718145e+003,3.528859e-002
3.718627e+003,5.116923e-002
3.719109e+003,6.566642e-002
3.719592e+003,7.575543e-002
3.720073e+003,7.879770e-002
3.720556e+003,7.317106e-002
3.721038e+003,5.876074e-002
3.721520e+003,3.712820e-002
3.722002e+003,1.120120e-002
3.722484e+003,-1.548131e-002
3.722966e+003,-3.971007e-002
3.723448e+003,-5.934532e-002
3.723931e+003,-7.358527e-002
3.724413e+003,-8.277566e-002
3.724895e+003,-8.792623e-002
3.725377e+003,-9.015820e-002
3.725859e+003,-9.024014e-002
3.726341e+003,-8.831338e-002
3.726823e+003,-8.387259e-002
3.727305e+003,-7.598516e-002
3.727788e+003,-6.363245e-002
3.728270e+003,-4.603466e-002
3.728752e+003,-2.287513e-002
3.729234e+003,5.556827e-003
3.729716e+003,3.824590e-002
3.730198e+003,7.335754e-002
3.730680e+003,1.082762e-001
3.731162e+003,1.399400e-001
3.731645e+003,1.655165e-001
3.732127e+003,1.831509e-001
3.732609e+003,1.922787e-001
3.733091e+003,1.932510e-001
3.733573e+003,1.866019e-001
3.734055e+003,1.721823e-001
3.734537e+003,1.514272e-001
3.735020e+003,1.259855e-001
3.735501e+003,9.948017e-002
3.735984e+003,7.728992e-002
3.736466e+003,6.473111e-002
3.736948e+003,6.464320e-002
3.737430e+003,7.600944e-002
3.737912e+003,9.434803e-002
3.738394e+003,1.133586e-001
3.738876e+003,1.269731e-001
3.739359e+003,1.312439e-001
3.739841e+003,1.255739e-001
3.740323e+003,1.128246e-001
3.740805e+003,9.814188e-002
3.741287e+003,8.696795e-002
3.741769e+003,8.303731e-002
3.742251e+003,8.691890e-002
3.742733e+003,9.530360e-002
3.743216e+003,1.014186e-001
3.743698e+003,9.748243e-002
3.744180e+003,7.937053e-002
3.744662e+003,5.031153e-002
3.745144e+003,1.906740e-002
3.745626e+003,-6.179119e-003
3.746108e+003,-2.211560e-002
3.746590e+003,-3.032569e-002
3.747073e+003,-3.517871e-002
3.747555e+003,-4.170023e-002
3.748037e+003,-5.380870e-002
3.748519e+003,-7.277323e-002
3.749001e+003,-9.620903e-002
3.749483e+003,-1.185129e-001
3.749965e+003,-1.331947e-001
3.750448e+003,-1.360266e-001
3.750929e+003,-1.269404e-001
3.751412e+003,-1.095624e-001
3.751894e+003,-8.897364e-002
3.752376e+003,-6.923889e-002
3.752858e+003,-5.203785e-002
3.753340e+003,-3.686116e-002
3.753822e+003,-2.226624e-002
3.754304e+003,-7.277444e-003
3.754787e+003,7.766830e-003
3.755269e+003,2.104743e-002
3.755751e+003,2.972673e-002
3.756233e+003,3.091340e-002
3.756715e+003,2.291005e-002
3.757197e+003,6.325152e-003
3.757679e+003,-1.551499e-002
3.758161e+003,-3.714800e-002
3.758644e+003,-5.237172e-002
3.759126e+003,-5.598658e-002
3.759608e+003,-4.538666e-002
3.760090e+003,-2.151095e-002
3.760572e+003,1.129792e-002
3.761054e+003,4.662829e-002
3.761536e+003,7.792354e-002
3.762018e+003,1.000744e-001
3.762500e+003,1.101886e-001
3.762983e+003,1.077081e-001
3.763465e+003,9.435821e-002
3.763947e+003,7.409248e-002
3.764429e+003,5.274833e-002
3.764911e+003,3.612569e-002
3.765393e+003,3.046072e-002
3.765875e+003,3.822541e-002
3.766357e+003,5.861609e-002
3.766840e+003,8.807530e-002
3.767322e+003,1.213195e-001
3.767804e+003,1.523246e-001
3.768286e+003,1.752187e-001
3.768768e+003,1.853136e-001
3.769250e+003,1.802968e-001
3.769732e+003,1.610598e-001
3.770215e+003,1.314702e-001
3.770697e+003,9.695229e-002
3.771179e+003,6.263746e-002
3.771661e+003,3.209837e-002
3.772143e+003,7.070186e-003
3.772625e+003,-1.209596e-002
3.773107e+003,-2.575686e-002
3.773589e+003,-3.446830e-002
3.774072e+003,-3.879833e-002
3.774554e+003,-3.943538e-002
3.775036e+003,-3.742619e-002
3.775518e+003,-3.431351e-002
3.776000e+003,-3.200043e-002
3.776482e+003,-3.231795e-002
3.776964e+003,-3.641465e-002
3.777446e+003,-4.419825e-002
3.777928e+003,-5.407236e-002
3.778411e+003,-6.320121e-002
3.778893e+003,-6.840651e-002
3.779375e+003,-6.747533e-002
3.779857e+003,-6.026186e-002
3.780339e+003,-4.888187e-002
3.780821e+003,-3.685385e-002
3.781303e+003,-2.773286e-002
3.781786e+003,-2.396948e-002
3.782268e+003,-2.636531e-002
3.782750e+003,-3.410395e-002
3.783232e+003,-4.518852e-002
3.783714e+003,-5.714362e-002
3.784196e+003,-6.781033e-002
3.784678e+003,-7.595008e-002
3.785160e+003,-8.138198e-002
3.785643e+003,-8.460045e-002
3.786125e+003,-8.614501e-002
3.786607e+003,-8.611234e-002
3.787089e+003,-8.406777e-002
3.787571e+003,-7.938962e-002
3.788053e+003,-7.183734e-002
3.788535e+003,-6.207231e-002
3.789017e+003,-5.184302e-002
3.789500e+003,-4.371184e-002
3.789982e+003,-4.038014e-002
3.790464e+003,-4.379765e-002
3.790946e+003,-5.433467e-002
3.791428e+003,-7.028742e-002
3.791910e+003,-8.797606e-002
3.792392e+003,-1.024513e-001
3.792875e+003,-1.085997e-001
3.793356e+003,-1.023057e-001
3.793839e+003,-8.142632e-002
3.794321e+003,-4.656335e-002
3.794803e+003,-1.564724e-003
3.795285e+003,4.658028e-002
3.795767e+003,8.889217e-002
3.796249e+003,1.175501e-001
3.796731e+003,1.279435e-001
3.797214e+003,1.204692e-001
3.797696e+003,9.993550e-002
3.798178e+003,7.354485e-002
3.798660e+003,4.874890e-002
3.799142e+003,3.169973e-002
3.799624e+003,2.617493e-002
3.800106e+003,3.265009e-002
3.800588e+003,4.767460e-002
3.801071e+003,6.448265e-002
3.801553e+003,7.562604e-002
3.802035e+003,7.657088e-002
3.802517e+003,6.760621e-002
3.802999e+003,5.279934e-002
3.803481e+003,3.751462e-002
3.803963e+003,2.643981e-002
3.804445e+003,2.271873e-002
3.804927e+003,2.767592e-002
3.805410e+003,4.062748e-002
3.805892e+003,5.868602e-002
3.806374e+003,7.702786e-002
3.806856e+003,9.016275e-002
3.807338e+003,9.390697e-002
3.807820e+003,8.678792e-002
3.808302e+003,6.992219e-002
3.808784e+003,4.581054e-002
3.809267e+003,1.722516e-002
3.809749e+003,-1.325325e-002
3.810231e+003,-4.316273e-002
3.810713e+003,-6.999329e-002
3.811195e+003,-9.121639e-002
3.811677e+003,-1.045823e-001
3.812159e+003,-1.085101e-001
3.812642e+003,-1.023693e-001
3.813124e+003,-8.659974e-002
3.813606e+003,-6.283663e-002
3.814088e+003,-3.415854e-002
3.814570e+003,-5.313785e-003
3.815052e+003,1.764286e-002
3.815534e+003,2.889748e-002
3.816016e+003,2.525641e-002
3.816499e+003,7.673773e-003
3.816981e+003,-1.945625e-002
3.817463e+003,-5.054938e-002
3.817945e+003,-8.076274e-002
3.818427e+003,-1.067110e-001
3.818909e+003,-1.262922e-001
3.819391e+003,-1.383271e-001
3.819873e+003,-1.424566e-001
3.820355e+003,-1.393766e-001
3.820838e+003,-1.310641e-001
3.821320e+003,-1.204242e-001
3.821802e+003,-1.102153e-001
3.822284e+003,-1.019670e-001
3.822766e+003,-9.567880e-002
3.823248e+003,-9.029566e-002
3.823730e+003,-8.441759e-002
3.824212e+003,-7.690087e-002
3.824695e+003,-6.729834e-002
3.825177e+003,-5.615741e-002
3.825659e+003,-4.505368e-002
3.826141e+003,-3.618333e-002
3.826623e+003,-3.166842e-002
3.827105e+003,-3.203800e-002
3.827587e+003,-3.631699e-002
3.828070e+003,-4.206932e-002
3.828552e+003,-4.618213e-002
3.829034e+003,-4.585681e-002
3.829516e+003,-3.952949e-002
3.829998e+003,-2.753038e-002
3.830480e+003,-1.226008e-002
3.830962e+003,2.357345e-003
3.831444e+003,1.212213e-002
3.831927e+003,1.406081e-002
3.832409e+003,7.451751e-003
3.832891e+003,-6.130362e-003
3.833373e+003,-2.367544e-002
3.833855e+003,-4.198937e-002
3.834337e+003,-5.874293e-002
3.834819e+003,-7.296580e-002
3.835301e+003,-8.489459e-002
3.835783e+003,-9.536282e-002
3.836266e+003,-1.050420e-001
3.836748e+003,-1.139289e-001
3.837230e+003,-1.214072e-001
3.837712e+003,-1.269174e-001
3.838194e+003,-1.308143e-001
3.838676e+003,-1.347419e-001
3.839158e+003,-1.411172e-001
3.839640e+003,-1.519960e-001
3.840123e+003,-1.679409e-001
3.840605e+003,-1.874116e-001
3.841087e+003,-2.068561e-001
3.841569e+003,-2.214530e-001
3.842051e+003,-2.263458e-001
3.842533e+003,-2.180361e-001
3.843015e+003,-1.954981e-001
3.843498e+003,-1.605757e-001
3.843979e+003,-1.175041e-001
3.844462e+003,-7.178830e-002
3.844944e+003,-2.895226e-002
3.845426e+003,6.370094e-003
3.845908e+003,3.081679e-002
3.846390e+003,4.228958e-002
3.846872e+003,3.987228e-002
3.847354e+003,2.391515e-002
3.847837e+003,-3.682241e-003
3.848319e+003,-3.920569e-002
3.848801e+003,-7.721143e-002
3.849283e+003,-1.111688e-001
3.849765e+003,-1.345897e-001
3.850247e+003,-1.423138e-001
3.850729e+003,-1.315977e-001
3.851211e+003,-1.029525e-001
3.851694e+003,-6.077534e-002
3.852176e+003,-1.347440e-002
3.852658e+003,2.805485e-002
3.853140e+003,5.473454e-002
3.853622e+003,6.464817e-002
3.854104e+003,6.431567e-002
3.854586e+003,6.383391e-002
3.855068e+003,7.066851e-002
3.855551e+003,8.696584e-002
3.856033e+003,1.103026e-001
3.856515e+003,1.356290e-001
3.856997e+003,1.571308e-001
3.857479e+003,1.691089e-001
3.857961e+003,1.692976e-001
3.858443e+003,1.576000e-001
3.858926e+003,1.365786e-001
3.859408e+003,1.107709e-001
3.859890e+003,8.557052e-002
3.860372e+003,6.589625e-002
3.860854e+003,5.496573e-002
3.861336e+003,5.343780e-002
3.861818e+003,5.922500e-002
3.862300e+003,6.809595e-002
3.862782e+003,7.489851e-002
3.863265e+003,7.506258e-002
3.863747e+003,6.601681e-002
3.864229e+003,4.814488e-002
3.864711e+003,2.483382e-002
3.865193e+003,1.314915e-003
3.865675e+003,-1.730628e-002
3.866157e+003,-2.777873e-002
3.866639e+003,-2.935709e-002
3.867122e+003,-2.344252e-002
3.867604e+003,-1.280537e-002
3.868086e+003,-8.638732e-004
3.868568e+003,8.990833e-003
3.869050e+003,1.420383e-002
3.869532e+003,1.391826e-002
3.870014e+003,9.267421e-003
3.870497e+003,2.553712e-003
3.870979e+003,-4.235615e-003
3.871461e+003,-1.052142e-002
3.871943e+003,-1.731876e-002
3.872425e+003,-2.673581e-002
3.872907e+003,-4.115884e-002
3.873389e+003,-6.223855e-002
3.873871e+003,-8.988598e-002
3.874354e+003,-1.217114e-001
3.874836e+003,-1.534159e-001
3.875318e+003,-1.800099e-001
3.875800e+003,-1.971502e-001
3.876282e+003,-2.019064e-001
3.876764e+003,-1.929168e-001
3.877246e+003,-1.702783e-001
3.877728e+003,-1.355039e-001
3.878210e+003,-9.159426e-002
3.878693e+003,-4.303598e-002
3.879175e+003,4.573920e-003
3.879657e+003,4.549750e-002
3.880139e+003,7.527918e-002
3.880621e+003,9.201003e-002
3.881103e+003,9.665810e-002
3.881585e+003,9.227977e-002
3.882067e+003,8.266030e-002
3.882550e+003,7.121478e-002
3.883032e+003,6.053426e-002
3.883514e+003,5.244083e-002
3.883996e+003,4.820303e-002
3.884478e+003,4.857669e-002
3.884960e+003,5.357420e-002
3.885442e+003,6.215470e-002
3.885925e+003,7.226579e-002
3.886406e+003,8.144665e-002
3.886889e+003,8.766666e-002
3.887371e+003,8.983733e-002
3.887853e+003,8.783741e-002
3.888335e+003,8.041011e-002
3.888817e+003,7.080390e-002
3.889299e+003,6.018278e-002
3.889781e+003,4.959558e-002
3.890264e+003,3.997287e-002
3.890746e+003,3.224733e-002
3.891228e+003,2.746256e-002
3.891710e+003,2.673229e-002
3.892192e+003,3.097415e-002
3.892674e+003,4.054821e-002
3.893156e+003,5.500273e-002
3.893638e+003,7.308969e-002
3.894121e+003,9.304755e-002
3.894603e+003,1.130376e-001
3.895085e+003,1.315489e-001
3.895567e+003,1.475787e-001
3.896049e+003,1.604997e-001
3.896531e+003,1.696557e-001
3.897013e+003,1.739130e-001
3.897495e+003,1.714861e-001
3.897978e+003,1.603251e-001
3.898460e+003,1.391196e-001
3.898942e+003,1.085634e-001
3.899424e+003,7.216603e-002
3.899906e+003,3.590541e-002
3.900388e+003,6.595377e-003
3.900870e+003,-1.039976e-002
3.901353e+003,-1.310327e-002
3.901834e+003,-3.756320e-003
3.902317e+003,1.170475e-002
3.902799e+003,2.538339e-002
3.903281e+003,2.995756e-002
3.903763e+003,2.125427e-002
3.904245e+003,-2.185444e-004
3.904727e+003,-2.962131e-002
3.905209e+003,-5.983501e-002
3.905692e+003,-8.405862e-002
3.906174e+003,-9.766080e-002
3.906656e+003,-9.878563e-002
3.907138e+003,-8.796415e-002
3.907620e+003,-6.730719e-002
3.908102e+003,-3.971792e-002
3.908584e+003,-8.332282e-003
3.909066e+003,2.374468e-002
3.909549e+003,5.348409e-002
3.910031e+003,7.791358e-002
3.910513e+003,9.420646e-002
3.910995e+003,1.000191e-001
3.911477e+003,9.404765e-002
3.911959e+003,7.663070e-002
3.912441e+003,5.006567e-002
3.912923e+003,1.844111e-002
3.913406e+003,-1.303692e-002
3.913888e+003,-3.901045e-002
3.914370e+003,-5.499031e-002
3.914852e+003,-5.824480e-002
3.915334e+003,-4.845982e-002
3.915816e+003,-2.799617e-002
3.916298e+003,-1.577802e-003
3.916781e+003,2.467499e-002
3.917262e+003,4.457807e-002
3.917745e+003,5.311209e-002
3.918227e+003,4.712836e-002
3.918709e+003,2.551309e-002
3.919191e+003,-1.015907e-002
3.919673e+003,-5.722604e-002
3.920155e+003,-1.110846e-001
3.920637e+003,-1.654080e-001
3.921120e+003,-2.128010e-001
3.921602e+003,-2.458856e-001
3.922084e+003,-2.586075e-001
3.922566e+003,-2.475025e-001
3.923048e+003,-2.126992e-001
3.923530e+003,-1.583454e-001
3.924012e+003,-9.210619e-002
3.924494e+003,-2.354069e-002
3.924977e+003,3.829598e-002
3.925459e+003,8.707441e-002
3.925941e+003,1.202506e-001
3.926423e+003,1.386534e-001
3.926905e+003,1.450984e-001
3.927387e+003,1.428976e-001
3.927869e+003,1.348706e-001
3.928351e+003,1.230549e-001
3.928833e+003,1.089282e-001
3.929316e+003,9.380720e-002
3.929798e+003,7.908440e-002
3.930280e+003,6.615443e-002
3.930762e+003,5.609299e-002
3.931244e+003,4.932868e-002
3.931726e+003,4.555627e-002
3.932208e+003,4.399026e-002
3.932690e+003,4.382044e-002
3.933173e+003,4.458606e-002
3.933655e+003,4.619768e-002
3.934137e+003,4.858736e-002
3.934619e+003,5.121568e-002
3.935101e+003,5.276470e-002
3.935583e+003,5.126740e-002
3.936065e+003,4.470709e-002
3.936548e+003,3.189059e-002
3.937030e+003,1.319697e-002
3.937512e+003,-9.189891e-003
3.937994e+003,-3.175500e-002
3.938476e+003,-5.067259e-002
3.938958e+003,-6.290582e-002
3.939440e+003,-6.692228e-002
3.939922e+003,-6.280687e-002
3.940405e+003,-5.186012e-002
3.940887e+003,-3.598799e-002
3.941369e+003,-1.721759e-002
3.941851e+003,2.481781e-003
3.942333e+003,2.110385e-002
3.942815e+003,3.648986e-002
3.943297e+003,4.644981e-002
3.943779e+003,4.921824e-002
3.944261e+003,4.405936e-002
3.944744e+003,3.168924e-002
3.945226e+003,1.424558e-002
3.945708e+003,-5.264669e-003
3.946190e+003,-2.388102e-002
3.946672e+003,-3.962400e-002
3.947154e+003,-5.204428e-002
3.947636e+003,-6.207294e-002
3.948118e+003,-7.115558e-002
3.948601e+003,-8.005498e-002
3.949083e+003,-8.795884e-002
3.949565e+003,-9.242851e-002
3.950047e+003,-8.999708e-002
3.950529e+003,-7.838920e-002
3.951011e+003,-5.716735e-002
3.951493e+003,-2.849219e-002
3.951976e+003,3.310188e-003
3.952458e+003,3.300783e-002
3.952940e+003,5.602976e-002
3.953422e+003,6.973601e-002
3.953904e+003,7.396275e-002
3.954386e+003,7.078243e-002
3.954868e+003,6.369162e-002
3.955350e+003,5.659541e-002
3.955833e+003,5.290975e-002
3.956315e+003,5.492634e-002
3.956797e+003,6.344349e-002
3.957279e+003,7.758508e-002
3.957761e+003,9.480216e-002
3.958243e+003,1.111504e-001
3.958725e+003,1.219801e-001
3.959207e+003,1.230541e-001
3.959689e+003,1.118841e-001
3.960172e+003,8.884533e-002
3.960654e+003,5.754522e-002
3.961136e+003,2.410200e-002
3.961618e+003,-4.610029e-003
3.962100e+003,-2.317677e-002
3.962582e+003,-2.946585e-002
3.963064e+003,-2.524308e-002
3.963547e+003,-1.528543e-002
3.964029e+003,-5.380649e-003
3.964511e+003,-8.777436e-005
3.964993e+003,-1.200463e-003
3.965475e+003,-7.495592e-003
3.965957e+003,-1.576162e-002
3.966439e+003,-2.257055e-002
3.966921e+003,-2.595448e-002
3.967404e+003,-2.623490e-002
3.967886e+003,-2.570308e-002
3.968368e+003,-2.740734e-002
3.968850e+003,-3.369592e-002
3.969332e+003,-4.521578e-002
3.969814e+003,-6.073087e-002
3.970296e+003,-7.769846e-002
3.970778e+003,-9.316411e-002
3.971260e+003,-1.044696e-001
3.971743e+003,-1.094821e-001
3.972225e+003,-1.064217e-001
3.972707e+003,-9.365596e-002
3.973189e+003,-6.986110e-002
3.973671e+003,-3.468353e-002
3.974153e+003,1.035266e-002
3.974635e+003,6.123786e-002
3.975117e+003,1.116977e-001
3.975600e+003,1.544056e-001
3.976082e+003,1.828578e-001
3.976564e+003,1.931960e-001
3.977046e+003,1.852102e-001
3.977528e+003,1.621263e-001
3.978010e+003,1.292628e-001
3.978492e+003,9.215754e-002
3.978975e+003,5.497325e-002
3.979457e+003,1.981658e-002
3.979939e+003,-1.286303e-002
3.980421e+003,-4.315067e-002
3.980903e+003,-7.051595e-002
3.981385e+003,-9.333734e-002
3.981867e+003,-1.092708e-001
3.982349e+003,-1.163690e-001
3.982832e+003,-1.142449e-001
3.983314e+003,-1.046373e-001
3.983796e+003,-9.101183e-002
3.984278e+003,-7.735153e-002
3.984760e+003,-6.668708e-002
3.985242e+003,-6.005284e-002
3.985724e+003,-5.635784e-002
3.986206e+003,-5.319887e-002
3.986688e+003,-4.820304e-002
3.987171e+003,-4.024581e-002
3.987653e+003,-2.996520e-002
3.988135e+003,-1.935075e-002
3.988617e+003,-1.066153e-002
3.989099e+003,-5.188255e-003
3.989581e+003,-2.476471e-003
3.990063e+003,-3.881122e-004
3.990545e+003,4.023348e-003
3.991028e+003,1.320387e-002
3.991510e+003,2.794434e-002
3.991992e+003,4.685505e-002
3.992474e+003,6.664889e-002
3.992956e+003,8.308847e-002
3.993438e+003,9.219421e-002
3.993920e+003,9.127486e-002
3.994403e+003,7.945685e-002
3.994885e+003,5.759198e-002
3.995367e+003,2.769578e-002
3.995849e+003,-7.775154e-003
3.996331e+003,-4.648502e-002
3.996813e+003,-8.641147e-002
3.997295e+003,-1.256765e-001
3.997777e+003,-1.621734e-001
3.998260e+003,-1.932715e-001
3.998742e+003,-2.158388e-001
3.999224e+003,-2.266969e-001
3.999706e+003,-2.234264e-001
4.000188e+003,-2.052642e-001
4.000670e+003,-1.737223e-001
4.001152e+003,-1.326203e-001
4.001634e+003,-8.740850e-002
4.002116e+003,-4.392581e-002
4.002599e+003,-7.003274e-003
4.003081e+003,2.059016e-002
4.003563e+003,3.847716e-002
4.004045e+003,4.815839e-002
4.004527e+003,5.189434e-002
4.005009e+003,5.147871e-002
4.005491e+003,4.743855e-002
4.005973e+003,3.902212e-002
4.006456e+003,2.494884e-002
4.006938e+003,4.547940e-003
4.007420e+003,-2.129898e-002
4.007902e+003,-4.992869e-002
4.008384e+003,-7.754615e-002
4.008866e+003,-1.005288e-001
4.009348e+003,-1.167740e-001
4.009831e+003,-1.264461e-001
4.010313e+003,-1.317566e-001
4.010795e+003,-1.358722e-001
4.011277e+003,-1.414424e-001
4.011759e+003,-1.491068e-001
4.012241e+003,-1.581439e-001
4.012723e+003,-1.659143e-001
4.013205e+003,-1.693751e-001
4.013688e+003,-1.663027e-001
4.014170e+003,-1.560227e-001
4.014652e+003,-1.393900e-001
4.015134e+003,-1.181616e-001
4.015616e+003,-9.418914e-002
4.016098e+003,-6.888988e-002
4.016580e+003,-4.323062e-002
4.017062e+003,-1.812227e-002
4.017544e+003,5.139208e-003
4.018027e+003,2.476683e-002
4.018509e+003,3.891163e-002
4.018991e+003,4.645854e-002
4.019473e+003,4.776581e-002
4.019955e+003,4.487250e-002
4.020437e+003,4.093649e-002
4.020919e+003,3.906957e-002
4.021401e+003,4.108001e-002
4.021884e+003,4.673929e-002
4.022366e+003,5.396432e-002
4.022848e+003,5.988181e-002
4.023330e+003,6.228330e-002
4.023812e+003,6.080694e-002
4.024294e+003,5.722510e-002
4.024776e+003,5.467252e-002
4.025259e+003,5.611483e-002
4.025740e+003,6.277188e-002
4.026223e+003,7.322378e-002
4.026705e+003,8.366369e-002
4.027187e+003,8.921128e-002
4.027669e+003,8.574859e-002
4.028151e+003,7.153630e-002
4.028633e+003,4.798235e-002
4.029115e+003,1.928157e-002
4.029598e+003,-8.846636e-003
4.030080e+003,-3.080931e-002
4.030562e+003,-4.257785e-002
4.031044e+003,-4.247342e-002
4.031526e+003,-3.121710e-002
4.032008e+003,-1.139954e-002
4.032490e+003,1.330764e-002
4.032972e+003,3.893199e-002
4.033455e+003,6.181594e-002
4.033937e+003,7.909366e-002
4.034419e+003,8.906487e-002
4.034901e+003,9.149727e-002
4.035383e+003,8.774488e-002
4.035865e+003,8.055384e-002
4.036347e+003,7.344330e-002
4.036829e+003,6.972615e-002
4.037312e+003,7.143015e-002
4.037794e+003,7.848452e-002
4.038276e+003,8.852128e-002
4.038758e+003,9.743445e-002
4.039240e+003,1.005922e-001
4.039722e+003,9.432748e-002
4.040204e+003,7.722018e-002
4.040687e+003,5.073618e-002
4.041169e+003,1.901728e-002
4.041651e+003,-1.210664e-002
4.042133e+003,-3.656355e-002
4.042615e+003,-4.365724e-002
4.043097e+003,-3.898110e-002
4.043579e+003,-2.279570e-002
4.044061e+003,2.161968e-003
4.044543e+003,3.104151e-002
4.045026e+003,5.779256e-002
4.045508e+003,7.646733e-002
4.045990e+003,8.259143e-002
4.046472e+003,7.427011e-002
4.046954e+003,5.268242e-002
4.047436e+003,2.184758e-002
4.047918e+003,-1.229375e-002
4.048400e+003,-4.321213e-002
4.048883e+003,-6.520590e-002
4.049365e+003,-7.457844e-002
4.049847e+003,-7.035967e-002
4.050329e+003,-5.447761e-002
4.050811e+003,-3.137314e-002
4.051293e+003,-7.092338e-003
4.051775e+003,1.201370e-002
4.052258e+003,2.077046e-002
4.052740e+003,1.648475e-002
4.053222e+003,-3.057350e-004
4.053704e+003,-2.596600e-002
4.054186e+003,-5.484651e-002
4.054668e+003,-8.103744e-002
4.055150e+003,-1.002382e-001
4.055632e+003,-1.110284e-001
4.056115e+003,-1.150531e-001
4.056597e+003,-1.160157e-001
4.057079e+003,-1.179283e-001
4.057561e+003,-1.233296e-001
4.058043e+003,-1.322264e-001
4.058525e+003,-1.421317e-001
4.059007e+003,-1.491426e-001
4.059489e+003,-1.495401e-001
4.059971e+003,-1.412845e-001
4.060454e+003,-1.248480e-001
4.060936e+003,-1.031982e-001
4.061418e+003,-8.105701e-002
4.061900e+003,-6.374702e-002
4.062382e+003,-5.593327e-002
4.062864e+003,-6.049395e-002
4.063346e+003,-7.766045e-002
4.063828e+003,-1.046183e-001
4.064311e+003,-1.357542e-001
4.064793e+003,-1.637278e-001
4.065275e+003,-1.812970e-001
4.065757e+003,-1.834932e-001
4.066239e+003,-1.694174e-001
4.066721e+003,-1.428717e-001
4.067203e+003,-1.113477e-001
4.067686e+003,-8.356504e-002
4.068167e+003,-6.643412e-002
4.068650e+003,-6.270038e-002
4.069132e+003,-7.028396e-002
4.069614e+003,-8.359721e-002
4.070096e+003,-9.620699e-002
4.070578e+003,-1.035646e-001
4.071060e+003,-1.045429e-001
4.071542e+003,-1.011234e-001
4.072025e+003,-9.654719e-002
4.072507e+003,-9.300773e-002
4.072989e+003,-9.018340e-002
4.073471e+003,-8.491960e-002
4.073953e+003,-7.403445e-002
4.074435e+003,-5.665091e-002
4.074917e+003,-3.446195e-002
4.075399e+003,-1.127936e-002
4.075882e+003,8.525426e-003
4.076364e+003,2.195643e-002
4.076846e+003,2.878733e-002
4.077328e+003,3.172215e-002
4.077810e+003,3.521698e-002
4.078292e+003,4.345949e-002
4.078774e+003,5.840912e-002
4.079256e+003,7.876933e-002
4.079739e+003,1.003381e-001
4.080221e+003,1.175584e-001
4.080703e+003,1.255769e-001
4.081185e+003,1.219362e-001
4.081667e+003,1.072615e-001
4.082149e+003,8.477500e-002
4.082631e+003,5.897556e-002
4.083114e+003,3.410269e-002
4.083595e+003,1.300764e-002
4.084078e+003,-3.240586e-003
4.084560e+003,-1.505247e-002
4.085042e+003,-2.365639e-002
4.085524e+003,-3.046403e-002
4.086006e+003,-3.672639e-002
4.086488e+003,-4.348075e-002
4.086970e+003,-5.162191e-002
4.087453e+003,-6.186276e-002
4.087935e+003,-7.448804e-002
4.088417e+003,-8.897966e-002
4.088899e+003,-1.037520e-001
4.089381e+003,-1.162072e-001
4.089863e+003,-1.232263e-001
4.090345e+003,-1.219788e-001
4.090827e+003,-1.107835e-001
4.091310e+003,-8.971220e-002
4.091792e+003,-6.073140e-002
4.092274e+003,-2.735771e-002
4.092756e+003,6.030929e-003
4.093238e+003,3.500073e-002
4.093720e+003,5.580063e-002
4.094202e+003,6.590357e-002
4.094684e+003,6.435932e-002
4.095167e+003,5.195021e-002
4.095649e+003,3.115775e-002
4.096131e+003,5.876764e-003
4.096613e+003,-1.915847e-002
4.097095e+003,-3.923182e-002
4.097577e+003,-5.063281e-002
4.098060e+003,-5.152053e-002
4.098542e+003,-4.238553e-002
4.099023e+003,-2.593316e-002
4.099506e+003,-6.370652e-003
4.099988e+003,1.166481e-002
4.100470e+003,2.423200e-002
4.100952e+003,2.891136e-002
4.101434e+003,2.515214e-002
4.101916e+003,1.412891e-002
4.102398e+003,-1.719366e-003
4.102881e+003,-1.924741e-002
4.103362e+003,-3.509302e-002
4.103845e+003,-4.606800e-002
4.104327e+003,-4.951793e-002
4.104809e+003,-4.378125e-002
4.105291e+003,-2.856245e-002
4.105773e+003,-5.284127e-003
4.106255e+003,2.291549e-002
4.106737e+003,5.169171e-002
4.107220e+003,7.647699e-002
4.107702e+003,9.371673e-002
4.108184e+003,1.019482e-001
4.108666e+003,1.023024e-001
4.109148e+003,9.820116e-002
4.109630e+003,9.426460e-002
4.110112e+003,9.479915e-002
4.110595e+003,1.023741e-001
4.111077e+003,1.169945e-001
4.111559e+003,1.361300e-001
4.112041e+003,1.555534e-001
4.112523e+003,1.706500e-001
4.113005e+003,1.777157e-001
4.113487e+003,1.748516e-001
4.113970e+003,1.622236e-001
4.114451e+003,1.417276e-001
4.114934e+003,1.162885e-001
4.115416e+003,8.906283e-002
4.115898e+003,6.279066e-002
4.116380e+003,3.939943e-002
4.116862e+003,1.987298e-002
4.117344e+003,4.309909e-003
4.117826e+003,-7.876761e-003
4.118309e+003,-1.767714e-002
4.118791e+003,-2.612985e-002
4.119272e+003,-3.394733e-002
4.119755e+003,-4.119451e-002
4.120237e+003,-4.711271e-002
4.120719e+003,-5.018393e-002
4.121201e+003,-4.845266e-002
4.121684e+003,-4.003358e-002
4.122166e+003,-2.368586e-002
4.122647e+003,7.038013e-004
4.123130e+003,3.183723e-002
4.123612e+003,6.697837e-002
4.124094e+003,1.022063e-001
4.124576e+003,1.329009e-001
4.125059e+003,1.544255e-001
4.125540e+003,1.629513e-001
4.126022e+003,1.562983e-001
4.126505e+003,1.346362e-001
4.126987e+003,1.008068e-001
4.127469e+003,6.006640e-002
4.127951e+003,1.914456e-002
4.128433e+003,-1.526173e-002
4.128915e+003,-3.818259e-002
4.129397e+003,-4.773323e-002
4.129879e+003,-4.561969e-002
4.130361e+003,-3.651815e-002
4.130844e+003,-2.647070e-002
4.131326e+003,-2.081461e-002
4.131808e+003,-2.239140e-002
4.132290e+003,-3.070865e-002
4.132772e+003,-4.236622e-002
4.133254e+003,-5.255922e-002
4.133736e+003,-5.701737e-002
4.134219e+003,-5.356945e-002
4.134701e+003,-4.272974e-002
4.135183e+003,-2.707238e-002
4.135665e+003,-1.000064e-002
4.136147e+003,5.911528e-003
4.136629e+003,1.982926e-002
4.137111e+003,3.264266e-002
4.137594e+003,4.608111e-002
4.138076e+003,6.143537e-002
4.138558e+003,7.854124e-002
4.139040e+003,9.552427e-002
4.139522e+003,1.094116e-001
4.140004e+003,1.173000e-001
4.140486e+003,1.175320e-001
4.140968e+003,1.103568e-001
4.141450e+003,9.784994e-002
4.141933e+003,8.321943e-002
4.142415e+003,6.986973e-002
4.142897e+003,6.063152e-002
4.143379e+003,5.738303e-002
4.143861e+003,6.101688e-002
4.144343e+003,7.153659e-002
4.144825e+003,8.803559e-002
4.145308e+003,1.085149e-001
4.145790e+003,1.297139e-001
4.146271e+003,1.472707e-001
4.146754e+003,1.564545e-001
4.147236e+003,1.534286e-001
4.147718e+003,1.366557e-001
4.148200e+003,1.078445e-001
4.148683e+003,7.189061e-002
4.149165e+003,3.565748e-002
4.149646e+003,5.912252e-003
4.150129e+003,-1.284477e-002
4.150611e+003,-1.981301e-002
4.151093e+003,-1.798432e-002
4.151575e+003,-1.281534e-002
4.152057e+003,-9.977134e-003
4.152539e+003,-1.306880e-002
4.153021e+003,-2.218404e-002
4.153504e+003,-3.386435e-002
4.153986e+003,-4.242006e-002
4.154468e+003,-4.206181e-002
4.154950e+003,-2.903125e-002
4.155432e+003,-2.977004e-003
4.155914e+003,3.283127e-002
4.156396e+003,7.240190e-002
4.156878e+003,1.086407e-001
4.157360e+003,1.351190e-001
4.157843e+003,1.475109e-001
4.158325e+003,1.444136e-001
4.158807e+003,1.274703e-001
4.159289e+003,1.008681e-001
4.159771e+003,7.037200e-002
4.160253e+003,4.205587e-002
4.160735e+003,2.094952e-002
4.161218e+003,9.858323e-003
4.161700e+003,8.623115e-003
4.162182e+003,1.409431e-002
4.162664e+003,2.093238e-002
4.163146e+003,2.312132e-002
4.163628e+003,1.581600e-002
4.164110e+003,-3.045038e-003
4.164593e+003,-3.190766e-002
4.165075e+003,-6.588343e-002
4.165557e+003,-9.810192e-002
4.166039e+003,-1.221028e-001
4.166521e+003,-1.327270e-001
4.167003e+003,-1.283481e-001
4.167485e+003,-1.108728e-001
4.167967e+003,-8.484364e-002
4.168449e+003,-5.575415e-002
4.168932e+003,-2.818505e-002
4.169414e+003,-4.415716e-003
4.169896e+003,1.603679e-002
4.170378e+003,3.581356e-002
4.170860e+003,5.828984e-002
4.171342e+003,8.585282e-002
4.171824e+003,1.185061e-001
4.172307e+003,1.533194e-001
4.172789e+003,1.849296e-001
4.173271e+003,2.069437e-001
4.173753e+003,2.137864e-001
4.174235e+003,2.024003e-001
4.174717e+003,1.732190e-001
4.175199e+003,1.301111e-001
4.175682e+003,7.931945e-002
4.176164e+003,2.780345e-002
4.176646e+003,-1.840940e-002
4.177128e+003,-5.527947e-002
4.177610e+003,-8.091643e-002
4.178092e+003,-9.493189e-002
4.178574e+003,-9.743953e-002
4.179056e+003,-8.829286e-002
4.179538e+003,-6.701536e-002
4.180021e+003,-3.351183e-002
4.180503e+003,1.079712e-002
4.180984e+003,6.204658e-002
4.181467e+003,1.138199e-001
4.181949e+003,1.581607e-001
4.182431e+003,1.874786e-001
4.182913e+003,1.966840e-001
4.183396e+003,1.847433e-001
4.183877e+003,1.550253e-001
4.184359e+003,1.143022e-001
4.184842e+003,7.077935e-002
4.185324e+003,3.188154e-002
4.185806e+003,2.562631e-003
4.186288e+003,-1.536754e-002
4.186771e+003,-2.285562e-002
4.187252e+003,-2.254070e-002
4.187734e+003,-1.758169e-002
4.188217e+003,-1.085066e-002
4.188699e+003,-4.661852e-003
4.189181e+003,-8.837716e-004
4.189663e+003,-1.113280e-003
4.190145e+003,-6.652758e-003
4.190627e+003,-1.822761e-002
4.191109e+003,-3.561047e-002
4.191592e+003,-5.742203e-002
4.192073e+003,-8.129740e-002
4.192556e+003,-1.044311e-001
4.193038e+003,-1.242926e-001
4.193520e+003,-1.392454e-001
4.194002e+003,-1.488402e-001
4.194484e+003,-1.537279e-001
4.194966e+003,-1.552981e-001
4.195448e+003,-1.552334e-001
4.195931e+003,-1.551231e-001
4.196413e+003,-1.561802e-001
4.196895e+003,-1.619402e-001
4.197377e+003,-1.690855e-001
4.197859e+003,-1.757338e-001
4.198341e+003,-1.791710e-001
4.198823e+003,-1.763858e-001
4.199306e+003,-1.649220e-001
4.199788e+003,-1.438332e-001
4.200270e+003,-1.143660e-001
4.200752e+003,-7.997489e-002
4.201234e+003,-4.550658e-002
4.201716e+003,-1.575000e-002
4.202198e+003,6.090756e-003
4.202681e+003,1.933072e-002
4.203162e+003,2.570479e-002
4.203645e+003,2.826595e-002
4.204127e+003,2.979579e-002
4.204609e+003,3.150289e-002
4.205091e+003,3.264745e-002
4.205573e+003,3.124921e-002
4.206055e+003,2.548399e-002
4.206537e+003,1.498952e-002
4.207020e+003,1.363113e-003
4.207501e+003,-1.243624e-002
4.207983e+003,-2.345892e-002
4.208466e+003,-3.015729e-002
4.208948e+003,-3.303277e-002
4.209430e+003,-3.418276e-002
4.209912e+003,-3.597460e-002
4.210395e+003,-3.957740e-002
4.210876e+003,-4.414342e-002
4.211358e+003,-4.709144e-002
4.211841e+003,-4.533003e-002
4.212323e+003,-3.675549e-002
4.212805e+003,-2.121198e-002
4.213287e+003,-4.325187e-004
4.213770e+003,2.293776e-002
4.214251e+003,4.660315e-002
4.214733e+003,6.939476e-002
4.215216e+003,9.110068e-002
4.215698e+003,1.114787e-001
4.216180e+003,1.291001e-001
4.216662e+003,1.408374e-001
4.217144e+003,1.424662e-001
4.217626e+003,1.302425e-001
4.218108e+003,1.027129e-001
4.218590e+003,6.184691e-002
4.219072e+003,1.286291e-002
4.219555e+003,-3.722258e-002
4.220037e+003,-8.166506e-002
4.220519e+003,-1.157316e-001
4.221001e+003,-1.373950e-001
4.221483e+003,-1.468249e-001
4.221965e+003,-1.451588e-001
4.222447e+003,-1.333958e-001
4.222930e+003,-1.120733e-001
4.223412e+003,-8.186465e-002
4.223894e+003,-4.461550e-002
4.224376e+003,-4.017676e-003
4.224858e+003,3.471025e-002
4.225340e+003,6.619763e-002
4.225822e+003,8.678336e-002
4.226305e+003,9.593724e-002
4.226787e+003,9.647623e-002
4.227269e+003,9.337014e-002
4.227751e+003,9.130663e-002
4.228233e+003,9.296477e-002
4.228715e+003,9.848544e-002
4.229197e+003,1.054189e-001
4.229679e+003,1.100832e-001
4.230161e+003,1.092486e-001
4.230644e+003,1.013036e-001
4.231126e+003,8.642845e-002
4.231608e+003,6.588653e-002
4.232090e+003,4.105323e-002
4.232572e+003,1.287057e-002
4.233054e+003,-1.785764e-002
4.233536e+003,-4.952607e-002
4.234019e+003,-7.879690e-002
4.234500e+003,-1.004664e-001
4.234982e+003,-1.085639e-001
4.235465e+003,-9.846542e-002
4.235947e+003,-6.918170e-002
4.236429e+003,-2.475315e-002
4.236911e+003,2.607935e-002
4.237394e+003,7.203225e-002
4.237875e+003,1.025775e-001
4.238357e+003,1.111865e-001
4.238840e+003,9.729384e-002
4.239322e+003,6.626774e-002
4.239804e+003,2.744782e-002
4.240286e+003,-8.957259e-003
4.240768e+003,-3.492218e-002
4.241250e+003,-4.654321e-002
4.241732e+003,-4.433953e-002
4.242215e+003,-3.207625e-002
4.242697e+003,-1.481148e-002
4.243179e+003,2.973435e-003
4.243661e+003,1.853129e-002
4.244143e+003,3.106018e-002
4.244625e+003,4.117721e-002
4.245107e+003,5.008962e-002
4.245589e+003,5.888005e-002
4.246071e+003,6.816833e-002
4.246554e+003,7.812545e-002
4.247036e+003,8.867349e-002
4.247518e+003,9.966002e-002
4.248000e+003,1.108903e-001
4.248482e+003,1.220320e-001
4.248964e+003,1.325102e-001
4.249446e+003,1.415197e-001
4.249929e+003,1.482051e-001
4.250411e+003,1.519495e-001
4.250893e+003,1.526465e-001
4.251375e+003,1.508254e-001
4.251857e+003,1.475455e-001
4.252339e+003,1.441076e-001
4.252821e+003,1.416897e-001
4.253304e+003,1.410520e-001
4.253786e+003,1.424082e-001
4.254268e+003,1.454701e-001
4.254750e+003,1.495965e-001
4.255232e+003,1.539262e-001
4.255714e+003,1.574216e-001
4.256196e+003,1.588221e-001
4.256678e+003,1.565920e-001
4.257160e+003,1.489799e-001
4.257643e+003,1.343034e-001
4.258125e+003,1.114141e-001
4.258606e+003,8.091065e-002
4.259089e+003,4.346837e-002
4.259571e+003,1.766875e-003
4.260053e+003,-4.040571e-002
4.260535e+003,-7.898663e-002
4.261018e+003,-1.106072e-001
4.261500e+003,-1.333115e-001
4.261981e+003,-1.467443e-001
4.262464e+003,-1.517756e-001
4.262946e+003,-1.497437e-001
4.263428e+003,-1.417078e-001
4.263910e+003,-1.280474e-001
4.264393e+003,-1.085619e-001
4.264875e+003,-8.299461e-002
4.265356e+003,-5.165412e-002
4.265839e+003,-1.580863e-002
4.266321e+003,2.238643e-002
4.266803e+003,6.038642e-002
4.267285e+003,9.591450e-002
4.267767e+003,1.274516e-001
4.268249e+003,1.542964e-001
4.268731e+003,1.761975e-001
4.269214e+003,1.927832e-001
4.269695e+003,2.031495e-001
4.270178e+003,2.058952e-001
4.270660e+003,1.996562e-001
4.271142e+003,1.839112e-001
4.271624e+003,1.596793e-001
4.272106e+003,1.297175e-001
4.272588e+003,9.805819e-002
4.273070e+003,6.902450e-002
4.273553e+003,4.606441e-002
4.274035e+003,3.086719e-002
4.274517e+003,2.304586e-002
4.274999e+003,2.047247e-002
4.275481e+003,2.004117e-002
4.275963e+003,1.856064e-002
4.276445e+003,1.344255e-002
4.276928e+003,3.057395e-003
4.277410e+003,-1.319351e-002
4.277892e+003,-3.492939e-002
4.278374e+003,-6.085474e-002
4.278856e+003,-8.879217e-002
4.279338e+003,-1.158442e-001
4.279820e+003,-1.387704e-001
4.280303e+003,-1.546576e-001
4.280784e+003,-1.617163e-001
4.281267e+003,-1.599227e-001
4.281749e+003,-1.511668e-001
4.282231e+003,-1.387434e-001
4.282713e+003,-1.262915e-001
4.283195e+003,-1.165513e-001
4.283677e+003,-1.104514e-001
4.284159e+003,-1.069232e-001
4.284642e+003,-1.035567e-001
4.285124e+003,-9.783673e-002
4.285605e+003,-8.844773e-002
4.286088e+003,-7.608583e-002
4.286570e+003,-6.343575e-002
4.287052e+003,-5.428630e-002
4.287534e+003,-5.214250e-002
4.288017e+003,-5.887099e-002
4.288499e+003,-7.390262e-002
4.288980e+003,-9.427099e-002
4.289463e+003,-1.151938e-001
4.289945e+003,-1.321618e-001
4.290427e+003,-1.414953e-001
4.290909e+003,-1.414549e-001
4.291392e+003,-1.325010e-001
4.291873e+003,-1.169344e-001
4.292355e+003,-9.810279e-002
4.292838e+003,-7.942607e-002
4.293320e+003,-6.352076e-002
4.293802e+003,-5.164733e-002
4.294284e+003,-4.357551e-002
4.294766e+003,-3.789448e-002
4.295248e+003,-3.267477e-002
4.295730e+003,-2.628624e-002
4.296212e+003,-1.811121e-002
4.296694e+003,-8.917339e-003
4.297177e+003,-7.265980e-004
4.297659e+003,3.814468e-003
4.298141e+003,2.363848e-003
4.298623e+003,-6.209438e-003
4.299105e+003,-2.129782e-002
4.299587e+003,-4.061155e-002
4.300069e+003,-6.081732e-002
4.300552e+003,-7.852292e-002
4.301034e+003,-9.123427e-002
4.301516e+003,-9.793462e-002
4.301998e+003,-9.909827e-002
4.302480e+003,-9.620771e-002
4.302962e+003,-9.101251e-002
4.303444e+003,-8.486941e-002
4.303927e+003,-7.844556e-002
4.304409e+003,-7.182626e-002
4.304891e+003,-6.492262e-002
4.305373e+003,-5.789002e-002
4.305855e+003,-5.132489e-002
4.306337e+003,-4.610334e-002
4.306819e+003,-4.294430e-002
4.307301e+003,-4.193092e-002
4.307783e+003,-4.224471e-002
4.308266e+003,-4.230174e-002
4.308748e+003,-4.027605e-002
4.309230e+003,-3.483830e-002
4.309712e+003,-2.580142e-002
4.310194e+003,-1.439312e-002
4.310676e+003,-2.992704e-003
4.311158e+003,5.609123e-003
4.311641e+003,9.196382e-003
4.312123e+003,7.003736e-003
4.312604e+003,1.541843e-004
4.313087e+003,-8.520604e-003
4.313569e+003,-1.526427e-002
4.314051e+003,-1.652681e-002
4.314533e+003,-1.008975e-002
4.315016e+003,4.207325e-003
4.315498e+003,2.437349e-002
4.315979e+003,4.682941e-002
4.316462e+003,6.744771e-002
4.316944e+003,8.269091e-002
4.317426e+003,9.048287e-002
4.317908e+003,9.052865e-002
4.318390e+003,8.404738e-002
4.318872e+003,7.310253e-002
4.319354e+003,5.984806e-002
4.319837e+003,4.598965e-002
4.320319e+003,3.312404e-002
4.320801e+003,2.137853e-002
4.321283e+003,1.138104e-002
4.321765e+003,4.064927e-003
4.322247e+003,6.640122e-004
4.322729e+003,2.364184e-003
4.323211e+003,9.790770e-003
4.323693e+003,2.260782e-002
4.324176e+003,3.947329e-002
4.324658e+003,5.840298e-002
4.325140e+003,7.739234e-002
4.325622e+003,9.497609e-002
4.326104e+003,1.104374e-001
4.326586e+003,1.235308e-001
4.327068e+003,1.338730e-001
4.327551e+003,1.403299e-001
4.328033e+003,1.407904e-001
4.328515e+003,1.325499e-001
4.328997e+003,1.132493e-001
4.329479e+003,8.201261e-002
4.329961e+003,4.030169e-002
4.330443e+003,-7.924752e-003
4.330926e+003,-5.689787e-002
4.331408e+003,-1.003701e-001
4.331890e+003,-1.331537e-001
4.332372e+003,-1.523435e-001
4.332854e+003,-1.578305e-001
4.333336e+003,-1.519911e-001
4.333818e+003,-1.387326e-001
4.334300e+003,-1.222799e-001
4.334782e+003,-1.061571e-001
4.335265e+003,-9.264832e-002
4.335747e+003,-8.281372e-002
4.336229e+003,-7.689603e-002
4.336711e+003,-7.483250e-002
4.337193e+003,-7.660257e-002
4.337675e+003,-8.224051e-002
4.338157e+003,-9.155978e-002
4.338640e+003,-1.037659e-001
4.339122e+003,-1.172090e-001
4.339604e+003,-1.294982e-001
4.340086e+003,-1.380337e-001
4.340568e+003,-1.408298e-001
4.341050e+003,-1.373416e-001
4.341532e+003,-1.289454e-001
4.342015e+003,-1.188054e-001
4.342497e+003,-1.110550e-001
4.342979e+003,-1.095080e-001
4.343461e+003,-1.162902e-001
4.343943e+003,-1.309046e-001
4.344425e+003,-1.500856e-001
4.344907e+003,-1.685767e-001
4.345389e+003,-1.805827e-001
4.345871e+003,-1.814065e-001
4.346354e+003,-1.686924e-001
4.346836e+003,-1.428856e-001
4.347317e+003,-1.068131e-001
4.347800e+003,-6.466476e-002
4.348282e+003,-2.084384e-002
4.348764e+003,2.085110e-002
4.349246e+003,5.745411e-002
4.349729e+003,8.659998e-002
4.350210e+003,1.061494e-001
4.350692e+003,1.141108e-001
4.351175e+003,1.083248e-001
4.351657e+003,8.847563e-002
4.352139e+003,5.688922e-002
4.352621e+003,1.842774e-002
4.353104e+003,-2.021796e-002
4.353585e+003,-5.203458e-002
4.354067e+003,-7.153096e-002
4.354550e+003,-7.624151e-002
4.355032e+003,-6.731661e-002
4.355514e+003,-4.898978e-002
4.355996e+003,-2.711534e-002
4.356478e+003,-7.377652e-003
4.356960e+003,6.215275e-003
4.357442e+003,1.207081e-002
4.357925e+003,1.089523e-002
4.358406e+003,4.902193e-003
4.358889e+003,-3.232222e-003
4.359371e+003,-1.131051e-002
4.359853e+003,-1.820702e-002
4.360335e+003,-2.406353e-002
4.360817e+003,-3.014824e-002
4.361299e+003,-3.844272e-002
4.361781e+003,-5.104471e-002
4.362264e+003,-6.940151e-002
4.362746e+003,-9.354812e-002
4.363228e+003,-1.215281e-001
4.363710e+003,-1.493483e-001
4.364192e+003,-1.716390e-001
4.364674e+003,-1.830276e-001
4.365156e+003,-1.798566e-001
4.365639e+003,-1.616521e-001
4.366121e+003,-1.317176e-001
4.366603e+003,-9.649727e-002
4.367085e+003,-6.380753e-002
4.367567e+003,-4.052459e-002
4.368049e+003,-3.055013e-002
4.368531e+003,-3.381453e-002
4.369014e+003,-4.663421e-002
4.369495e+003,-6.322846e-002
4.369978e+003,-7.771473e-002
4.370460e+003,-8.580942e-002
4.370942e+003,-8.564108e-002
4.371424e+003,-7.753528e-002
4.371906e+003,-6.306476e-002
4.372388e+003,-4.396437e-002
4.372870e+003,-2.142344e-002
4.373353e+003,3.970738e-003
4.373834e+003,3.178792e-002
4.374316e+003,6.116799e-002
4.374799e+003,9.051277e-002
4.375281e+003,1.176362e-001
4.375763e+003,1.403035e-001
4.376245e+003,1.568313e-001
4.376728e+003,1.664131e-001
4.377209e+003,1.690131e-001
4.377691e+003,1.649306e-001
4.378174e+003,1.543386e-001
4.378656e+003,1.371449e-001
4.379138e+003,1.133303e-001
4.379620e+003,8.364819e-002
4.380103e+003,5.030239e-002
4.380584e+003,1.719641e-002
4.381066e+003,-1.055408e-002
4.381549e+003,-2.777488e-002
4.382031e+003,-3.062483e-002
4.382513e+003,-1.837327e-002
4.382995e+003,7.040059e-003
4.383477e+003,4.093993e-002
4.383959e+003,7.709550e-002
4.384441e+003,1.093709e-001
4.384923e+003,1.332635e-001
4.385405e+003,1.468077e-001
4.385888e+003,1.505750e-001
4.386370e+003,1.468941e-001
4.386852e+003,1.386848e-001
4.387334e+003,1.284220e-001
4.387816e+003,1.175990e-001
4.388298e+003,1.067608e-001
4.388780e+003,9.590362e-002
4.389263e+003,8.488878e-002
4.389745e+003,7.357161e-002
4.390227e+003,6.161493e-002
4.390709e+003,4.816537e-002
4.391191e+003,3.178375e-002
4.391673e+003,1.084227e-002
4.392155e+003,-1.559144e-002
4.392638e+003,-4.675493e-002
4.393120e+003,-7.960449e-002
4.393602e+003,-1.091016e-001
4.394084e+003,-1.294803e-001
4.394566e+003,-1.361287e-001
4.395048e+003,-1.273660e-001
4.395530e+003,-1.053400e-001
4.396012e+003,-7.555393e-002
4.396494e+003,-4.509099e-002
4.396977e+003,-2.016589e-002
4.397459e+003,-3.996432e-003
4.397941e+003,4.122555e-003
4.398423e+003,8.135896e-003
4.398905e+003,1.324651e-002
4.399387e+003,2.350047e-002
4.399869e+003,3.998537e-002
4.400352e+003,6.037533e-002
4.400833e+003,7.996998e-002
4.401315e+003,9.368206e-002
4.401798e+003,9.810114e-002
4.402280e+003,9.272178e-002
4.402762e+003,7.989922e-002
4.403244e+003,6.364711e-002
4.403727e+003,4.792589e-002
4.404208e+003,3.520733e-002
4.404690e+003,2.590752e-002
4.405173e+003,1.881362e-002
4.405655e+003,1.216129e-002
4.406137e+003,4.754665e-003
4.406619e+003,-3.395550e-003
4.407101e+003,-1.117906e-002
4.407583e+003,-1.708151e-002
4.408065e+003,-2.006558e-002
4.408548e+003,-2.018941e-002
4.409030e+003,-1.869024e-002
4.409512e+003,-1.756654e-002
4.409994e+003,-1.888648e-002
4.410476e+003,-2.415423e-002
4.410958e+003,-3.398445e-002
4.411440e+003,-4.813843e-002
4.411922e+003,-6.580046e-002
4.412404e+003,-8.590011e-002
4.412887e+003,-1.068600e-001
4.413369e+003,-1.279370e-001
4.413851e+003,-1.480209e-001
4.414333e+003,-1.658236e-001
4.414815e+003,-1.798309e-001
4.415297e+003,-1.884061e-001
4.415779e+003,-1.900387e-001
4.416262e+003,-1.836393e-001
4.416744e+003,-1.688063e-001
4.417226e+003,-1.459777e-001
4.417708e+003,-1.164584e-001
4.418190e+003,-8.230455e-002
4.418672e+003,-4.607635e-002
4.419154e+003,-1.049316e-002
4.419637e+003,2.195754e-002
4.420119e+003,4.936739e-002
4.420601e+003,7.061865e-002
4.421083e+003,8.540127e-002
4.421565e+003,9.402022e-002
4.422047e+003,9.710043e-002
4.422529e+003,9.531409e-002
4.423011e+003,8.925638e-002
4.423493e+003,7.952956e-002
4.423976e+003,6.695870e-002
4.424458e+003,5.280112e-002
4.424939e+003,3.878285e-002
4.425422e+003,2.688984e-002
4.425904e+003,1.897626e-002
4.426386e+003,1.634878e-002
4.426868e+003,1.951047e-002
4.427351e+003,2.816483e-002
4.427833e+003,4.142477e-002
4.428314e+003,5.806191e-002
4.428797e+003,7.660996e-002
4.429279e+003,9.526061e-002
4.429761e+003,1.116686e-001
4.430243e+003,1.229144e-001
4.430726e+003,1.258715e-001
4.431208e+003,1.180438e-001
4.431689e+003,9.865041e-002
4.432172e+003,6.950478e-002
4.432654e+003,3.517809e-002
4.433136e+003,2.164281e-003
4.433618e+003,-2.285574e-002
4.434100e+003,-3.510429e-002
4.434582e+003,-3.337941e-002
4.435064e+003,-2.060983e-002
4.435547e+003,-2.961936e-003
4.436028e+003,1.225536e-002
4.436511e+003,1.915377e-002
4.436993e+003,1.534610e-002
4.437475e+003,2.780338e-003
4.437957e+003,-1.297328e-002
4.438439e+003,-2.467141e-002
4.438921e+003,-2.584440e-002
4.439403e+003,-1.286324e-002
4.439886e+003,1.405544e-002
4.440368e+003,5.113977e-002
4.440850e+003,9.242439e-002
4.441332e+003,1.316130e-001
4.441814e+003,1.637788e-001
4.442296e+003,1.864022e-001
4.442778e+003,1.995280e-001
4.443261e+003,2.051496e-001
4.443743e+003,2.064290e-001
4.444225e+003,2.057154e-001
4.444707e+003,2.046543e-001
4.445189e+003,2.036656e-001
4.445671e+003,2.022257e-001
4.446153e+003,1.995068e-001
4.446636e+003,1.950641e-001
4.447117e+003,1.892454e-001
4.447600e+003,1.831168e-001
4.448082e+003,1.778963e-001
4.448564e+003,1.741191e-001
4.449046e+003,1.709410e-001
4.449528e+003,1.659845e-001
4.450010e+003,1.559821e-001
4.450492e+003,1.380964e-001
4.450975e+003,1.114923e-001
4.451457e+003,7.846534e-002
4.451938e+003,4.452590e-002
4.452421e+003,1.717185e-002
4.452903e+003,3.650492e-003
4.453385e+003,8.446788e-003
4.453867e+003,3.147475e-002
4.454350e+003,6.771336e-002
4.454832e+003,1.085278e-001
4.455313e+003,1.442577e-001
4.455796e+003,1.671381e-001
4.456278e+003,1.734740e-001
4.456760e+003,1.643008e-001
4.457242e+003,1.443781e-001
4.457725e+003,1.200596e-001
4.458206e+003,9.696897e-002
4.458688e+003,7.841610e-002
4.459171e+003,6.506178e-002
4.459653e+003,5.573953e-002
4.460135e+003,4.885293e-002
4.460617e+003,4.354395e-002
4.461099e+003,4.005074e-002
4.461581e+003,3.914076e-002
4.462063e+003,4.099572e-002
4.462545e+003,4.424028e-002
4.463027e+003,4.572363e-002
4.463510e+003,4.130740e-002
4.463992e+003,2.741130e-002
4.464474e+003,2.669933e-003
4.464956e+003,-3.104371e-002
4.465438e+003,-6.869884e-002
4.465920e+003,-1.033483e-001
4.466402e+003,-1.280925e-001
4.466885e+003,-1.380800e-001
4.467367e+003,-1.318460e-001
4.467849e+003,-1.115559e-001
4.468331e+003,-8.212519e-002
4.468813e+003,-4.961462e-002
4.469295e+003,-1.949893e-002
4.469777e+003,4.606934e-003
4.470260e+003,2.143941e-002
4.470742e+003,3.178619e-002
4.471224e+003,3.767887e-002
4.471706e+003,4.145344e-002
4.472188e+003,4.503963e-002
4.472670e+003,4.964054e-002
4.473152e+003,5.576546e-002
4.473634e+003,6.340932e-002
4.474116e+003,7.216243e-002
4.474599e+003,8.132616e-002
4.475081e+003,8.922643e-002
4.475563e+003,9.344937e-002
4.476045e+003,9.100529e-002
4.476527e+003,7.904349e-002
4.477009e+003,5.593872e-002
4.477491e+003,2.236032e-002
4.477974e+003,-1.818917e-002
4.478456e+003,-5.976473e-002
4.478938e+003,-9.537356e-002
4.479420e+003,-1.190084e-001
4.479902e+003,-1.276206e-001
4.480384e+003,-1.222371e-001
4.480866e+003,-1.077053e-001
4.481349e+003,-9.104072e-002
4.481831e+003,-7.893849e-002
4.482313e+003,-7.538955e-002
4.482795e+003,-8.034684e-002
4.483277e+003,-8.998421e-002
4.483759e+003,-9.840851e-002
4.484241e+003,-1.000966e-001
4.484723e+003,-9.203615e-002
4.485205e+003,-7.470065e-002
4.485688e+003,-5.157370e-002
4.486170e+003,-2.754044e-002
4.486652e+003,-6.972086e-003
4.487134e+003,7.624894e-003
4.487616e+003,1.586619e-002
4.488098e+003,1.869756e-002
4.488580e+003,1.714531e-002
4.489063e+003,1.137928e-002
4.489544e+003,6.513135e-004
4.490026e+003,-1.585502e-002
4.490509e+003,-3.777368e-002
4.490991e+003,-6.267820e-002
4.491473e+003,-8.618811e-002
4.491955e+003,-1.031900e-001
4.492438e+003,-1.096857e-001
4.492919e+003,-1.044494e-001
4.493401e+003,-8.968316e-002
4.493884e+003,-7.030850e-002
4.494366e+003,-5.216065e-002
4.494848e+003,-3.984912e-002
4.495330e+003,-3.522906e-002
4.495812e+003,-3.712503e-002
4.496294e+003,-4.235360e-002
4.496776e+003,-4.749157e-002
4.497259e+003,-5.053532e-002
4.497741e+003,-5.170298e-002
4.498223e+003,-5.311007e-002
4.498705e+003,-5.758537e-002
4.499187e+003,-6.726444e-002
4.499669e+003,-8.263547e-002
4.500151e+003,-1.023990e-001
4.500633e+003,-1.240439e-001
4.501115e+003,-1.447171e-001
4.501598e+003,-1.618702e-001
4.502080e+003,-1.733978e-001
4.502562e+003,-1.773415e-001
4.503044e+003,-1.715312e-001
4.503526e+003,-1.535921e-001
4.504008e+003,-1.215352e-001
4.504490e+003,-7.478551e-002
4.504973e+003,-1.519726e-002
4.505455e+003,5.553395e-002
4.505937e+003,1.273281e-001
4.506419e+003,1.917698e-001
4.506901e+003,2.411442e-001
4.507383e+003,2.700695e-001
4.507865e+003,2.765242e-001
4.508348e+003,2.620430e-001
4.508830e+003,2.311230e-001
4.509312e+003,1.901149e-001
4.509794e+003,1.459122e-001
4.510276e+003,1.047288e-001
4.510758e+003,7.113720e-002
4.511240e+003,4.743674e-002
4.511722e+003,3.340361e-002
4.512204e+003,2.646765e-002
4.512687e+003,2.234928e-002
4.513169e+003,1.613871e-002
4.513650e+003,3.649868e-003
4.514133e+003,-1.726711e-002
4.514615e+003,-4.583684e-002
4.515097e+003,-7.823036e-002
4.515579e+003,-1.083298e-001
4.516062e+003,-1.292023e-001
4.516543e+003,-1.348962e-001
4.517025e+003,-1.220170e-001
4.517508e+003,-9.063757e-002
4.517990e+003,-4.429383e-002
4.518472e+003,1.086123e-002
4.518954e+003,6.746773e-002
4.519437e+003,1.185001e-001
4.519918e+003,1.585683e-001
4.520400e+003,1.847011e-001
4.520883e+003,1.965356e-001
4.521365e+003,1.959352e-001
4.521847e+003,1.862077e-001
4.522329e+003,1.711375e-001
4.522811e+003,1.540569e-001
4.523293e+003,1.371715e-001
4.523775e+003,1.212641e-001
4.524258e+003,1.058408e-001
4.524739e+003,8.961768e-002
4.525222e+003,7.118288e-002
4.525704e+003,4.958107e-002
4.526186e+003,2.462239e-002
4.526668e+003,-3.175997e-003
4.527150e+003,-3.291195e-002
4.527632e+003,-6.366081e-002
4.528114e+003,-9.462449e-002
4.528597e+003,-1.249513e-001
4.529079e+003,-1.533003e-001
4.529561e+003,-1.774194e-001
4.530043e+003,-1.940730e-001
4.530525e+003,-1.995491e-001
4.531007e+003,-1.906961e-001
4.531489e+003,-1.661711e-001
4.531972e+003,-1.274043e-001
4.532454e+003,-7.879553e-002
4.532936e+003,-2.694054e-002
4.533418e+003,2.092974e-002
4.533900e+003,5.878996e-002
4.534382e+003,8.325245e-002
4.534864e+003,9.410666e-002
4.535347e+003,9.380954e-002
4.535828e+003,8.621064e-002
4.536311e+003,7.617541e-002
4.536793e+003,6.446571e-002
4.537275e+003,5.186252e-002
4.537757e+003,3.801340e-002
4.538239e+003,2.211638e-002
4.538721e+003,3.691576e-003
4.539203e+003,-1.690025e-002
4.539686e+003,-3.833474e-002
4.540167e+003,-5.854790e-002
4.540649e+003,-7.513193e-002
4.541132e+003,-8.575464e-002
4.541614e+003,-8.849514e-002
4.542096e+003,-8.213693e-002
4.542578e+003,-6.645476e-002
4.543061e+003,-4.249191e-002
4.543542e+003,-1.271682e-002
4.544024e+003,1.913339e-002
4.544507e+003,4.860990e-002
4.544989e+003,7.150539e-002
4.545471e+003,8.489859e-002
4.545953e+003,8.788903e-002
4.546436e+003,8.169535e-002
4.546917e+003,6.901514e-002
4.547399e+003,5.290469e-002
4.547882e+003,3.564710e-002
4.548364e+003,1.813346e-002
4.548846e+003,2.955399e-005
4.549328e+003,-1.934015e-002
4.549810e+003,-3.985710e-002
4.550292e+003,-5.982996e-002
4.550774e+003,-7.605225e-002
4.551256e+003,-8.475799e-002
4.551738e+003,-8.310860e-002
4.552221e+003,-7.052715e-002
4.552703e+003,-4.922706e-002
4.553185e+003,-2.359593e-002
4.553667e+003,1.344809e-003
4.554149e+003,2.178316e-002
4.554631e+003,3.644958e-002
4.555113e+003,4.684871e-002
4.555596e+003,5.632540e-002
4.556078e+003,6.840517e-002
4.556560e+003,8.518629e-002
4.557042e+003,1.065158e-001
4.557524e+003,1.302696e-001
4.558006e+003,1.535335e-001
4.558488e+003,1.740264e-001
4.558971e+003,1.910443e-001
4.559453e+003,2.054014e-001
4.559935e+003,2.184276e-001
4.560417e+003,2.305269e-001
4.560899e+003,2.400958e-001
4.561381e+003,2.434295e-001
4.561863e+003,2.358137e-001
4.562345e+003,2.134248e-001
4.562827e+003,1.752366e-001
4.563310e+003,1.240981e-001
4.563792e+003,6.644419e-002
4.564273e+003,1.066838e-002
4.564756e+003,-3.525037e-002
4.565238e+003,-6.595540e-002
4.565720e+003,-7.993599e-002
4.566202e+003,-7.936957e-002
4.566685e+003,-6.875977e-002
4.567167e+003,-5.361287e-002
4.567648e+003,-3.656286e-002
4.568131e+003,-1.927528e-002
4.568613e+003,-1.872338e-003
4.569095e+003,1.610030e-002
4.569577e+003,3.459109e-002
4.570060e+003,5.236712e-002
4.570542e+003,6.703423e-002
4.571023e+003,7.573330e-002
4.571506e+003,7.621720e-002
4.571988e+003,6.787750e-002
4.572470e+003,5.232084e-002
4.572952e+003,3.326364e-002
4.573434e+003,1.572331e-002
4.573916e+003,4.712664e-003
4.574398e+003,3.821612e-003
4.574881e+003,1.408410e-002
4.575362e+003,3.350511e-002
4.575845e+003,5.744322e-002
4.576327e+003,7.978746e-002
4.576809e+003,9.463365e-002
4.577291e+003,9.796607e-002
4.577773e+003,8.880795e-002
4.578255e+003,6.945749e-002
4.578737e+003,4.472030e-002
4.579220e+003,2.038836e-002
4.579702e+003,1.538626e-003
4.580184e+003,-8.771676e-003
4.580666e+003,-9.935188e-003
4.581148e+003,-3.318709e-003
4.581630e+003,8.827950e-003
4.582112e+003,2.453170e-002
4.582595e+003,4.275990e-002
4.583077e+003,6.335483e-002
4.583559e+003,8.634266e-002
4.584041e+003,1.110229e-001
4.584523e+003,1.353877e-001
4.585005e+003,1.562216e-001
4.585487e+003,1.698841e-001
4.585970e+003,1.734619e-001
4.586451e+003,1.657564e-001
4.586934e+003,1.476706e-001
4.587416e+003,1.218509e-001
4.587898e+003,9.175104e-002
4.588380e+003,6.058094e-002
4.588862e+003,3.056520e-002
4.589344e+003,2.802067e-003
4.589826e+003,-2.233063e-002
4.590309e+003,-4.453573e-002
4.590791e+003,-6.310875e-002
4.591272e+003,-7.686467e-002
4.591755e+003,-8.451353e-002
4.592237e+003,-8.523107e-002
4.592719e+003,-7.909641e-002
4.593201e+003,-6.714480e-002
4.593684e+003,-5.100625e-002
4.594166e+003,-3.232274e-002
4.594647e+003,-1.227654e-002
4.595130e+003,8.535183e-003
4.595612e+003,2.978628e-002
4.596094e+003,5.086246e-002
4.596576e+003,7.037275e-002
4.597059e+003,8.602966e-002
4.597540e+003,9.503369e-002
4.598022e+003,9.476613e-002
4.598505e+003,8.408547e-002
4.598987e+003,6.367220e-002
4.599469e+003,3.631177e-002
4.599951e+003,6.499841e-003
4.600433e+003,-2.041687e-002
4.600915e+003,-3.932615e-002
4.601397e+003,-4.639311e-002
4.601880e+003,-3.983737e-002
4.602361e+003,-2.032001e-002
4.602844e+003,9.085980e-003
4.603326e+003,4.341655e-002
4.603808e+003,7.667819e-002
4.604290e+003,1.030249e-001
4.604772e+003,1.179170e-001
4.605254e+003,1.190623e-001
4.605736e+003,1.067887e-001
4.606219e+003,8.375455e-002
4.606701e+003,5.402048e-002
4.607183e+003,2.182975e-002
4.607665e+003,-9.521861e-003
4.608147e+003,-3.828740e-002
4.608629e+003,-6.414447e-002
4.609111e+003,-8.747459e-002
4.609594e+003,-1.083914e-001
4.610076e+003,-1.260310e-001
4.610558e+003,-1.384442e-001
4.611040e+003,-1.432328e-001
4.611522e+003,-1.386321e-001
4.612004e+003,-1.245754e-001
4.612486e+003,-1.032111e-001
4.612969e+003,-7.859027e-002
4.613450e+003,-5.558337e-002
4.613933e+003,-3.840524e-002
4.614415e+003,-2.933853e-002
4.614897e+003,-2.811075e-002
4.615379e+003,-3.217696e-002
4.615861e+003,-3.772933e-002
4.616343e+003,-4.103494e-002
4.616825e+003,-3.957932e-002
4.617308e+003,-3.261334e-002
4.617790e+003,-2.101908e-002
4.618271e+003,-6.616514e-003
4.618754e+003,8.676211e-003
4.619236e+003,2.352137e-002
4.619718e+003,3.741363e-002
4.620200e+003,5.051957e-002
4.620683e+003,6.326899e-002
4.621165e+003,7.593424e-002
4.621646e+003,8.836821e-002
4.622129e+003,1.000082e-001
4.622611e+003,1.100546e-001
4.623093e+003,1.176992e-001
4.623575e+003,1.222931e-001
4.624058e+003,1.233605e-001
4.624539e+003,1.204992e-001
4.625021e+003,1.132737e-001
4.625504e+003,1.011837e-001
4.625986e+003,8.379718e-002
4.626468e+003,6.101984e-002
4.626950e+003,3.343449e-002
4.627432e+003,2.573948e-003
4.627914e+003,-2.900406e-002
4.628396e+003,-5.794171e-002
4.628878e+003,-8.049335e-002
4.629360e+003,-9.379970e-002
4.629843e+003,-9.612487e-002
4.630325e+003,-8.778084e-002
4.630807e+003,-7.135443e-002
4.631289e+003,-5.127567e-002
4.631771e+003,-3.273626e-002
4.632253e+003,-2.019542e-002
4.632735e+003,-1.589734e-002
4.633218e+003,-1.894869e-002
4.633700e+003,-2.535094e-002
4.634182e+003,-2.915064e-002
4.634664e+003,-2.438848e-002
4.635146e+003,-7.263091e-003
4.635628e+003,2.225903e-002
4.636110e+003,6.001485e-002
4.636593e+003,9.862211e-002
4.637075e+003,1.296245e-001
4.637557e+003,1.461140e-001
4.638039e+003,1.449304e-001
4.638521e+003,1.276272e-001
4.639003e+003,9.985793e-002
4.639485e+003,6.940100e-002
4.639967e+003,4.355151e-002
4.640449e+003,2.686768e-002
4.640932e+003,2.006018e-002
4.641414e+003,2.038196e-002
4.641896e+003,2.328655e-002
4.642378e+003,2.461611e-002
4.642860e+003,2.244142e-002
4.643342e+003,1.781042e-002
4.643824e+003,1.415749e-002
4.644307e+003,1.567426e-002
4.644789e+003,2.535062e-002
4.645271e+003,4.349424e-002
4.645753e+003,6.733217e-002
4.646235e+003,9.179452e-002
4.646717e+003,1.111618e-001
4.647199e+003,1.208867e-001
4.647682e+003,1.189031e-001
4.648164e+003,1.059900e-001
4.648646e+003,8.513600e-002
4.649128e+003,6.027219e-002
4.649610e+003,3.491995e-002
4.650092e+003,1.128412e-002
4.650574e+003,-9.930013e-003
4.651056e+003,-2.905251e-002
4.651538e+003,-4.662805e-002
4.652021e+003,-6.269720e-002
4.652503e+003,-7.647935e-002
4.652984e+003,-8.661260e-002
4.653467e+003,-9.178010e-002
4.653949e+003,-9.146619e-002
4.654431e+003,-8.643722e-002
4.654913e+003,-7.875281e-002
4.655396e+003,-7.123376e-002
4.655877e+003,-6.656114e-002
4.656359e+003,-6.632484e-002
4.656842e+003,-7.037176e-002
4.657324e+003,-7.671311e-002
4.657806e+003,-8.208635e-002
4.658288e+003,-8.302164e-002
4.658771e+003,-7.711291e-002
4.659252e+003,-6.405726e-002
4.659734e+003,-4.614627e-002
4.660217e+003,-2.800162e-002
4.660699e+003,-1.491665e-002
4.661181e+003,-1.172215e-002
4.661663e+003,-2.141311e-002
4.662145e+003,-4.428843e-002
4.662627e+003,-7.791987e-002
4.663109e+003,-1.179148e-001
4.663592e+003,-1.591949e-001
4.664073e+003,-1.972918e-001
4.664556e+003,-2.291707e-001
4.665038e+003,-2.533103e-001
4.665520e+003,-2.690847e-001
4.666002e+003,-2.758698e-001
4.666484e+003,-2.724041e-001
4.666966e+003,-2.568433e-001
4.667448e+003,-2.276243e-001
4.667931e+003,-1.847973e-001
4.668413e+003,-1.312062e-001
4.668895e+003,-7.283314e-002
4.669377e+003,-1.796871e-002
4.669859e+003,2.471906e-002
4.670341e+003,4.859831e-002
4.670823e+003,5.114079e-002
4.671306e+003,3.484266e-002
4.671788e+003,6.629091e-003
4.672270e+003,-2.414128e-002
4.672752e+003,-4.838491e-002
4.673234e+003,-5.980968e-002
4.673716e+003,-5.643002e-002
4.674198e+003,-4.066107e-002
4.674681e+003,-1.810147e-002
4.675162e+003,4.494436e-003
4.675645e+003,2.135318e-002
4.676127e+003,2.929379e-002
4.676609e+003,2.843307e-002
4.677091e+003,2.188867e-002
4.677573e+003,1.471119e-002
4.678055e+003,1.236560e-002
4.678537e+003,1.920088e-002
4.679020e+003,3.725161e-002
4.679501e+003,6.567124e-002
4.679983e+003,1.009371e-001
4.680466e+003,1.378113e-001
4.680948e+003,1.708097e-001
4.681430e+003,1.957473e-001
4.681912e+003,2.108635e-001
4.682395e+003,2.171393e-001
4.682876e+003,2.176447e-001
4.683358e+003,2.161656e-001
4.683841e+003,2.155770e-001
4.684323e+003,2.166222e-001
4.684805e+003,2.175584e-001
4.685287e+003,2.148245e-001
4.685770e+003,2.044460e-001
4.686251e+003,1.835891e-001
4.686733e+003,1.516431e-001
4.687216e+003,1.104519e-001
4.687698e+003,6.366082e-002
4.688180e+003,1.557721e-002
4.688662e+003,-2.995736e-002
4.689144e+003,-7.020289e-002
4.689626e+003,-1.035291e-001
4.690108e+003,-1.289765e-001
4.690590e+003,-1.449653e-001
4.691072e+003,-1.515520e-001
4.691555e+003,-1.478442e-001
4.692037e+003,-1.343135e-001
4.692519e+003,-1.133409e-001
4.693001e+003,-8.895693e-002
4.693483e+003,-6.580181e-002
4.693965e+003,-4.769709e-002
4.694447e+003,-3.648626e-002
4.694930e+003,-3.166494e-002
4.695412e+003,-3.097903e-002
4.695894e+003,-3.167513e-002
4.696376e+003,-3.183081e-002
4.696858e+003,-3.113320e-002
4.697340e+003,-3.079704e-002
4.697822e+003,-3.271730e-002
4.698305e+003,-3.832344e-002
4.698787e+003,-4.767516e-002
4.699269e+003,-5.922461e-002
4.699751e+003,-7.027356e-002
4.700233e+003,-7.787756e-002
4.700715e+003,-7.973842e-002
4.701197e+003,-7.473376e-002
4.701679e+003,-6.296203e-002
4.702161e+003,-4.543065e-002
4.702644e+003,-2.365964e-002
4.703126e+003,5.534385e-004
4.703608e+003,2.516915e-002
4.704090e+003,4.784038e-002
4.704572e+003,6.599068e-002
4.705054e+003,7.718398e-002
4.705536e+003,7.978192e-002
4.706019e+003,7.366794e-002
4.706500e+003,6.071935e-002
4.706982e+003,4.472960e-002
4.707465e+003,3.069787e-002
4.707947e+003,2.360656e-002
4.708429e+003,2.706352e-002
4.708911e+003,4.222794e-002
4.709394e+003,6.738884e-002
4.709875e+003,9.836165e-002
4.710357e+003,1.296002e-001
4.710840e+003,1.556920e-001
4.711322e+003,1.727941e-001
4.711804e+003,1.795520e-001
4.712286e+003,1.772492e-001
4.712768e+003,1.691667e-001
4.713250e+003,1.593958e-001
4.713732e+003,1.515279e-001
4.714215e+003,1.476734e-001
4.714697e+003,1.481187e-001
4.715179e+003,1.516953e-001
4.715661e+003,1.566144e-001
4.716143e+003,1.613896e-001
4.716625e+003,1.654224e-001
4.717107e+003,1.690336e-001
4.717589e+003,1.729964e-001
4.718071e+003,1.778531e-001
4.718554e+003,1.833866e-001
4.719036e+003,1.885307e-001
4.719518e+003,1.917388e-001
4.720000e+003,1.915992e-001
4.720482e+003,1.873686e-001
4.720964e+003,1.791633e-001
4.721446e+003,1.695286e-001
4.721929e+003,1.581440e-001
4.722411e+003,1.456698e-001
4.722893e+003,1.327232e-001
4.723375e+003,1.203239e-001
4.723857e+003,1.103112e-001
4.724339e+003,1.052708e-001
4.724821e+003,1.077432e-001
4.725304e+003,1.188776e-001
4.725786e+003,1.371533e-001
4.726268e+003,1.579005e-001
4.726750e+003,1.741183e-001
4.727232e+003,1.785445e-001
4.727714e+003,1.663009e-001
4.728196e+003,1.370468e-001
4.728678e+003,9.566908e-002
4.729160e+003,5.100827e-002
4.729643e+003,1.300110e-002
4.730125e+003,-1.074506e-002
4.730606e+003,-1.757602e-002
4.731089e+003,-1.059076e-002
4.731571e+003,2.671283e-003
4.732053e+003,1.305629e-002
4.732535e+003,1.298664e-002
4.733018e+003,-1.211757e-003
4.733500e+003,-2.857726e-002
4.733981e+003,-6.443132e-002
4.734464e+003,-1.023129e-001
4.734946e+003,-1.360251e-001
4.735428e+003,-1.610179e-001
4.735910e+003,-1.747896e-001
4.736393e+003,-1.765063e-001
4.736875e+003,-1.663435e-001
4.737356e+003,-1.450507e-001
4.737839e+003,-1.139573e-001
4.738321e+003,-7.527617e-002
4.738803e+003,-3.233990e-002
4.739285e+003,1.057576e-002
4.739767e+003,4.892081e-002
4.740249e+003,7.884783e-002
4.740731e+003,9.808124e-002
4.741214e+003,1.063150e-001
4.741695e+003,1.049912e-001
4.742178e+003,9.658081e-002
4.742660e+003,8.372469e-002
4.743142e+003,6.859580e-002
4.743624e+003,5.269396e-002
4.744106e+003,3.704690e-002
4.744588e+003,2.256823e-002
4.745070e+003,1.033913e-002
4.745553e+003,1.635255e-003
4.746035e+003,-2.273036e-003
4.746517e+003,-4.197280e-004
4.746999e+003,7.616532e-003
4.747481e+003,2.158019e-002
4.747963e+003,4.049977e-002
4.748445e+003,6.264926e-002
4.748928e+003,8.551344e-002
4.749410e+003,1.058622e-001
4.749892e+003,1.200853e-001
4.750374e+003,1.249138e-001
4.750856e+003,1.184212e-001
4.751338e+003,1.009773e-001
4.751820e+003,7.568742e-002
4.752303e+003,4.786014e-002
4.752784e+003,2.398807e-002
4.753267e+003,9.304617e-003
4.753749e+003,5.926230e-003
4.754231e+003,1.187379e-002
4.754713e+003,2.154477e-002
4.755195e+003,2.757708e-002
4.755677e+003,2.350751e-002
4.756159e+003,6.222614e-003
4.756642e+003,-2.274760e-002
4.757124e+003,-5.757982e-002
4.757605e+003,-9.003943e-002
4.758088e+003,-1.121392e-001
4.758570e+003,-1.186237e-001
4.759052e+003,-1.084725e-001
4.759534e+003,-8.500738e-002
4.760017e+003,-5.476765e-002
4.760499e+003,-2.561220e-002
4.760980e+003,-4.706566e-003
4.761463e+003,3.083299e-003
4.761945e+003,-3.892994e-003
4.762427e+003,-2.387988e-002
4.762909e+003,-5.217093e-002
4.763392e+003,-8.203839e-002
4.763873e+003,-1.060578e-001
4.764355e+003,-1.176675e-001
4.764838e+003,-1.127084e-001
4.765320e+003,-9.059508e-002
4.765802e+003,-5.470851e-002
4.766284e+003,-1.176886e-002
4.766766e+003,2.972878e-002
4.767248e+003,6.161572e-002
4.767730e+003,7.800149e-002
4.768212e+003,7.647086e-002
4.768694e+003,5.816124e-002
4.769177e+003,2.682613e-002
4.769659e+003,-1.262202e-002
4.770141e+003,-5.540469e-002
4.770623e+003,-9.753260e-002
4.771105e+003,-1.357016e-001
4.771587e+003,-1.667906e-001
4.772069e+003,-1.875150e-001
4.772552e+003,-1.946758e-001
4.773034e+003,-1.861110e-001
4.773516e+003,-1.619264e-001
4.773998e+003,-1.253390e-001
4.774480e+003,-8.254997e-002
4.774962e+003,-4.141131e-002
4.775444e+003,-9.285958e-003
4.775927e+003,9.125051e-003
4.776409e+003,1.310181e-002
4.776891e+003,5.814916e-003
4.777373e+003,-7.151970e-003
4.777855e+003,-2.001090e-002
4.778337e+003,-2.880237e-002
4.778819e+003,-3.240347e-002
4.779301e+003,-3.222537e-002
4.779783e+003,-3.087140e-002
4.780266e+003,-3.051419e-002
4.780748e+003,-3.181241e-002
4.781230e+003,-3.383070e-002
4.781712e+003,-3.492416e-002
4.782194e+003,-3.404481e-002
4.782676e+003,-3.172287e-002
4.783158e+003,-3.035326e-002
4.783641e+003,-3.283527e-002
4.784123e+003,-4.178130e-002
4.784604e+003,-5.806724e-002
4.785087e+003,-8.029434e-002
4.785569e+003,-1.052367e-001
4.786051e+003,-1.290706e-001
4.786533e+003,-1.488065e-001
4.787016e+003,-1.632795e-001
4.787498e+003,-1.732781e-001
4.787979e+003,-1.808017e-001
4.788462e+003,-1.878145e-001
4.788944e+003,-1.950619e-001
4.789426e+003,-2.014714e-001
4.789908e+003,-2.044156e-001
4.790390e+003,-2.007122e-001
4.790872e+003,-1.880008e-001
4.791354e+003,-1.659612e-001
4.791837e+003,-1.369456e-001
4.792319e+003,-1.058302e-001
4.792801e+003,-7.909916e-002
4.793283e+003,-6.342345e-002
4.793765e+003,-6.406066e-002
4.794247e+003,-8.346330e-002
4.794729e+003,-1.204199e-001
4.795211e+003,-1.699480e-001
4.795693e+003,-2.240295e-001
4.796176e+003,-2.730707e-001
4.796658e+003,-3.077793e-001
4.797140e+003,-3.210322e-001
4.797622e+003,-3.092964e-001
4.798104e+003,-2.732453e-001
4.798586e+003,-2.174741e-001
4.799068e+003,-1.494268e-001
4.799551e+003,-7.789911e-002
4.800033e+003,-1.152790e-002
4.800515e+003,4.240005e-002
4.800997e+003,7.868738e-002
4.801479e+003,9.454639e-002
4.801961e+003,8.967167e-002
4.802443e+003,6.618199e-002
4.802926e+003,2.846055e-002
4.803408e+003,-1.721575e-002
4.803890e+003,-6.339151e-002
4.804372e+003,-1.024992e-001
4.804854e+003,-1.281453e-001
4.805336e+003,-1.363036e-001
4.805818e+003,-1.260504e-001
4.806300e+003,-9.959323e-002
4.806782e+003,-6.156414e-002
4.807265e+003,-1.782945e-002
4.807747e+003,2.576751e-002
4.808229e+003,6.433305e-002
4.808711e+003,9.429322e-002
4.809193e+003,1.133005e-001
4.809675e+003,1.199729e-001
4.810157e+003,1.137986e-001
4.810640e+003,9.538595e-002
4.811122e+003,6.690825e-002
4.811604e+003,3.238118e-002
4.812086e+003,-2.646540e-003
4.812568e+003,-3.217781e-002
4.813050e+003,-5.141773e-002
4.813532e+003,-5.840781e-002
4.814015e+003,-5.564737e-002
4.814497e+003,-4.409429e-002
4.814979e+003,-2.954490e-002
4.815461e+003,-1.799924e-002
4.815943e+003,-1.322327e-002
4.816425e+003,-1.512394e-002
4.816907e+003,-1.968166e-002
4.817389e+003,-2.055735e-002
4.817871e+003,-1.175973e-002
4.818354e+003,9.753137e-003
4.818836e+003,4.260460e-002
4.819317e+003,8.129574e-002
4.819800e+003,1.181025e-001
4.820282e+003,1.457468e-001
4.820764e+003,1.597177e-001
4.821246e+003,1.593415e-001
4.821729e+003,1.472960e-001
4.822210e+003,1.279624e-001
4.822692e+003,1.054680e-001
4.823175e+003,8.229949e-002
4.823657e+003,5.902329e-002
4.824139e+003,3.505110e-002
4.824621e+003,9.936276e-003
4.825104e+003,-1.553141e-002
4.825585e+003,-3.897776e-002
4.826067e+003,-5.703109e-002
4.826550e+003,-6.656387e-002
4.827032e+003,-6.606317e-002
4.827514e+003,-5.655633e-002
4.827996e+003,-4.171446e-002
4.828478e+003,-2.707690e-002
4.828960e+003,-1.860397e-002
4.829442e+003,-2.098092e-002
4.829925e+003,-3.613188e-002
4.830406e+003,-6.238308e-002
4.830889e+003,-9.459586e-002
4.831371e+003,-1.253165e-001
4.831853e+003,-1.467645e-001
4.832335e+003,-1.531052e-001
4.832817e+003,-1.423022e-001
4.833299e+003,-1.168661e-001
4.833781e+003,-8.311249e-002
4.834264e+003,-4.910826e-002
4.834746e+003,-2.199645e-002
4.835228e+003,-5.729546e-003
4.835710e+003,-1.777527e-004
4.836192e+003,-1.925612e-003
4.836674e+003,-6.438837e-003
4.837156e+003,-1.055649e-002
4.837639e+003,-1.408712e-002
4.838121e+003,-1.967553e-002
4.838603e+003,-3.095414e-002
4.839085e+003,-4.982165e-002
4.839567e+003,-7.425423e-002
4.840049e+003,-9.781100e-002
4.840531e+003,-1.112493e-001
4.841014e+003,-1.056929e-001
4.841495e+003,-7.602710e-002
4.841978e+003,-2.306743e-002
4.842460e+003,4.636556e-002
4.842942e+003,1.214671e-001
4.843424e+003,1.905814e-001
4.843906e+003,2.441540e-001
4.844388e+003,2.764602e-001
4.844870e+003,2.783380e-001
4.845353e+003,2.590530e-001
4.845834e+003,2.217963e-001
4.846316e+003,1.707319e-001
4.846799e+003,1.106414e-001
4.847281e+003,4.692695e-002
4.847763e+003,-1.437819e-002
4.848245e+003,-6.698518e-002
4.848728e+003,-1.052719e-001
4.849209e+003,-1.255413e-001
4.849691e+003,-1.271059e-001
4.850174e+003,-1.126559e-001
4.850656e+003,-8.752771e-002
4.851138e+003,-5.806690e-002
4.851620e+003,-2.959569e-002
4.852103e+003,-4.844832e-003
4.852584e+003,1.647175e-002
4.853066e+003,3.672879e-002
4.853549e+003,5.846869e-002
4.854031e+003,8.233537e-002
4.854513e+003,1.058621e-001
4.854995e+003,1.237215e-001
4.855477e+003,1.294842e-001
4.855959e+003,1.181827e-001
4.856441e+003,8.862458e-002
4.856923e+003,4.444977e-002
4.857405e+003,-6.589464e-003
4.857888e+003,-5.487468e-002
4.858370e+003,-9.183528e-002
4.858852e+003,-1.123986e-001
4.859334e+003,-1.160417e-001
4.859816e+003,-1.061285e-001
4.860298e+003,-8.794232e-002
4.860780e+003,-6.631611e-002
4.861263e+003,-4.387404e-002
4.861745e+003,-2.053231e-002
4.862227e+003,5.706121e-003
4.862709e+003,3.719297e-002
4.863191e+003,7.510874e-002
4.863673e+003,1.186560e-001
4.864155e+003,1.651912e-001
4.864638e+003,2.110622e-001
4.865120e+003,2.526036e-001
4.865602e+003,2.867523e-001
4.866084e+003,3.111140e-001
4.866566e+003,3.236490e-001
4.867048e+003,3.224596e-001
4.867530e+003,3.060364e-001
4.868012e+003,2.740524e-001
4.868494e+003,2.283387e-001
4.868977e+003,1.734475e-001
4.869459e+003,1.162752e-001
4.869941e+003,6.464949e-002
4.870423e+003,2.527940e-002
4.870905e+003,1.870663e-003
4.871387e+003,-5.758420e-003
4.871869e+003,-1.151535e-003
4.872352e+003,1.052245e-002
4.872833e+003,2.463609e-002
4.873315e+003,3.868381e-002
4.873798e+003,5.257424e-002
4.874280e+003,6.752910e-002
4.874762e+003,8.421246e-002
4.875244e+003,1.010950e-001
4.875727e+003,1.139432e-001
4.876208e+003,1.170195e-001
4.876690e+003,1.053486e-001
4.877173e+003,7.720928e-002
4.877655e+003,3.565933e-002
4.878137e+003,-1.168083e-002
4.878619e+003,-5.462024e-002
4.879101e+003,-8.340383e-002
4.879583e+003,-9.159160e-002
4.880065e+003,-7.773052e-002
4.880548e+003,-4.529009e-002
4.881030e+003,-1.044851e-003
4.881512e+003,4.732038e-002
4.881994e+003,9.338643e-002
4.882476e+003,1.332155e-001
4.882958e+003,1.653719e-001
4.883440e+003,1.900723e-001
4.883922e+003,2.080845e-001
4.884404e+003,2.199358e-001
4.884887e+003,2.256946e-001
4.885369e+003,2.252138e-001
4.885851e+003,2.184950e-001
4.886333e+003,2.058641e-001
4.886815e+003,1.878499e-001
4.887297e+003,1.649286e-001
4.887779e+003,1.374110e-001
4.888262e+003,1.056754e-001
4.888744e+003,7.072406e-002
4.889226e+003,3.475331e-002
4.889708e+003,1.380115e-003
4.890190e+003,-2.476894e-002
4.890672e+003,-3.905803e-002
4.891154e+003,-3.811357e-002
4.891637e+003,-2.084320e-002
4.892119e+003,1.123168e-002
4.892601e+003,5.447190e-002
4.893083e+003,1.042150e-001
4.893565e+003,1.559739e-001
4.894047e+003,2.062397e-001
4.894529e+003,2.525920e-001
4.895011e+003,2.932299e-001
4.895493e+003,3.262870e-001
4.895976e+003,3.494357e-001
4.896458e+003,3.600863e-001
4.896939e+003,3.561610e-001
4.897422e+003,3.370835e-001
4.897904e+003,3.045050e-001
4.898386e+003,2.623065e-001
4.898868e+003,2.158160e-001
4.899351e+003,1.704518e-001
4.899833e+003,1.303377e-001
4.900314e+003,9.743408e-002
4.900797e+003,7.151887e-002
4.901279e+003,5.097836e-002
4.901761e+003,3.403732e-002
4.902243e+003,1.984542e-002
4.902726e+003,8.977856e-003
4.903208e+003,3.110401e-003
4.903689e+003,4.062316e-003
4.904172e+003,1.261916e-002
4.904654e+003,2.767872e-002
4.905136e+003,4.612919e-002
4.905618e+003,6.355643e-002
4.906100e+003,7.555605e-002
4.906582e+003,7.915080e-002
4.907064e+003,7.393179e-002
4.907547e+003,6.220170e-002
4.908028e+003,4.836835e-002
4.908511e+003,3.761538e-002
4.908993e+003,3.433367e-002
4.909475e+003,4.081149e-002
4.909957e+003,5.654607e-002
4.910439e+003,7.835729e-002
4.910921e+003,1.011638e-001
4.911403e+003,1.191463e-001
4.911886e+003,1.269387e-001
4.912368e+003,1.205697e-001
4.912850e+003,9.805092e-002
4.913332e+003,5.963718e-002
4.913814e+003,7.853138e-003
4.914296e+003,-5.264260e-002
4.914778e+003,-1.154003e-001
4.915261e+003,-1.727979e-001
4.915743e+003,-2.170367e-001
4.916225e+003,-2.414340e-001
4.916707e+003,-2.418247e-001
4.917189e+003,-2.176871e-001
4.917671e+003,-1.726198e-001
4.918153e+003,-1.139001e-001
4.918636e+003,-5.112027e-002
4.919117e+003,5.804035e-003
4.919600e+003,4.870996e-002
4.920082e+003,7.279053e-002
4.920564e+003,7.730501e-002
4.921046e+003,6.530359e-002
4.921528e+003,4.255789e-002
4.922010e+003,1.608979e-002
4.922492e+003,-7.301126e-003
4.922975e+003,-2.222585e-002
4.923457e+003,-2.547155e-002
4.923938e+003,-1.636071e-002
4.924421e+003,3.263349e-003
4.924903e+003,2.940742e-002
4.925385e+003,5.663855e-002
4.925867e+003,7.914669e-002
4.926350e+003,9.200580e-002
4.926832e+003,9.234998e-002
4.927313e+003,8.010682e-002
4.927796e+003,5.796595e-002
4.928278e+003,3.051057e-002
4.928760e+003,2.762012e-003
4.929242e+003,-2.134992e-002
4.929725e+003,-3.996190e-002
4.930206e+003,-5.332142e-002
4.930688e+003,-6.286910e-002
4.931171e+003,-6.983516e-002
4.931653e+003,-7.405766e-002
4.932135e+003,-7.368994e-002
4.932617e+003,-6.604202e-002
4.933099e+003,-4.927067e-002
4.933581e+003,-2.413750e-002
4.934063e+003,5.050104e-003
4.934545e+003,3.092941e-002
4.935027e+003,4.501671e-002
4.935510e+003,4.043552e-002
4.935992e+003,1.440665e-002
4.936474e+003,-3.049525e-002
4.936956e+003,-8.683208e-002
4.937438e+003,-1.443882e-001
4.937920e+003,-1.928923e-001
4.938402e+003,-2.247366e-001
4.938885e+003,-2.363509e-001
4.939367e+003,-2.280235e-001
4.939849e+003,-2.024595e-001
4.940331e+003,-1.629181e-001
4.940813e+003,-1.118718e-001
4.941295e+003,-5.079016e-002
4.941777e+003,1.894376e-002
4.942260e+003,9.455005e-002
4.942742e+003,1.706833e-001
4.943224e+003,2.393063e-001
4.943706e+003,2.909155e-001
4.944188e+003,3.168064e-001
4.944670e+003,3.116039e-001
4.945152e+003,2.751119e-001
4.945634e+003,2.127343e-001
4.946116e+003,1.342665e-001
4.946599e+003,5.144949e-002
4.947081e+003,-2.484093e-002
4.947563e+003,-8.682608e-002
4.948045e+003,-1.308125e-001
4.948527e+003,-1.567962e-001
4.949009e+003,-1.670532e-001
4.949491e+003,-1.644219e-001
4.949974e+003,-1.510123e-001
4.950456e+003,-1.278080e-001
4.950938e+003,-9.519301e-002
4.951420e+003,-5.400410e-002
4.951902e+003,-6.506260e-003
4.952384e+003,4.328889e-002
4.952866e+003,9.017795e-002
4.953349e+003,1.290103e-001
4.953831e+003,1.560853e-001
4.954313e+003,1.700733e-001
4.954795e+003,1.720366e-001
4.955277e+003,1.645644e-001
4.955759e+003,1.504463e-001
4.956241e+003,1.315452e-001
4.956723e+003,1.084335e-001
4.957205e+003,8.097017e-002
4.957688e+003,4.950442e-002
4.958170e+003,1.604966e-002
4.958652e+003,-1.527493e-002
4.959134e+003,-3.891528e-002
4.959616e+003,-4.953001e-002
4.960098e+003,-4.395764e-002
4.960580e+003,-2.263743e-002
4.961063e+003,1.020280e-002
4.961544e+003,4.779444e-002
4.962026e+003,8.305145e-002
4.962509e+003,1.108947e-001
4.962991e+003,1.296962e-001
4.963473e+003,1.412657e-001
4.963955e+003,1.494630e-001
4.964438e+003,1.581250e-001
4.964919e+003,1.692883e-001
4.965401e+003,1.824749e-001
4.965884e+003,1.952537e-001
4.966366e+003,2.046858e-001
4.966848e+003,2.088346e-001
4.967330e+003,2.075760e-001
4.967812e+003,2.023186e-001
4.968294e+003,1.946521e-001
4.968776e+003,1.856919e-001
4.969259e+003,1.745690e-001
4.969741e+003,1.589432e-001
4.970223e+003,1.362253e-001
4.970705e+003,1.051657e-001
4.971187e+003,6.698325e-002
4.971669e+003,2.546191e-002
4.972151e+003,-1.409959e-002
4.972633e+003,-4.664152e-002
4.973115e+003,-6.903235e-002
4.973598e+003,-8.097402e-002
4.974080e+003,-8.479846e-002
4.974562e+003,-8.433641e-002
4.975044e+003,-8.344701e-002
4.975526e+003,-8.484583e-002
4.976008e+003,-8.963977e-002
4.976490e+003,-9.757008e-002
4.976973e+003,-1.076189e-001
4.977455e+003,-1.185151e-001
4.977937e+003,-1.288530e-001
4.978419e+003,-1.368566e-001
4.978901e+003,-1.400989e-001
4.979383e+003,-1.355960e-001
4.979865e+003,-1.204964e-001
4.980348e+003,-9.324845e-002
4.980830e+003,-5.478290e-002
4.981312e+003,-9.138123e-003
4.981794e+003,3.691640e-002
4.982276e+003,7.527356e-002
4.982758e+003,9.852085e-002
4.983240e+003,1.019506e-001
4.983722e+003,8.487850e-002
4.984204e+003,5.083375e-002
4.984687e+003,6.605156e-003
4.985169e+003,-3.952205e-002
4.985650e+003,-7.975478e-002
4.986133e+003,-1.083967e-001
4.986615e+003,-1.226793e-001
4.987097e+003,-1.227082e-001
4.987579e+003,-1.107251e-001
4.988062e+003,-9.003415e-002
4.988543e+003,-6.397358e-002
4.989025e+003,-3.520039e-002
4.989508e+003,-5.426362e-003
4.989990e+003,2.442710e-002
4.990472e+003,5.380575e-002
4.990954e+003,8.205839e-002
4.991437e+003,1.081513e-001
4.991918e+003,1.307130e-001
4.992400e+003,1.483754e-001
4.992883e+003,1.602867e-001
4.993365e+003,1.665207e-001
4.993847e+003,1.681453e-001
4.994329e+003,1.668490e-001
4.994811e+003,1.642337e-001
4.995293e+003,1.610588e-001
4.995775e+003,1.568352e-001
4.996258e+003,1.500231e-001
4.996739e+003,1.388620e-001
4.997222e+003,1.225207e-001
4.997704e+003,1.020738e-001
4.998186e+003,8.081012e-002
4.998668e+003,6.364277e-002
4.999150e+003,5.572854e-002
4.999632e+003,6.123421e-002
5.000114e+003,8.113342e-002
5.000597e+003,1.131796e-001
5.001079e+003,1.524002e-001
5.001561e+003,1.923598e-001
5.002043e+003,2.266328e-001
5.002525e+003,2.499849e-001
5.003007e+003,2.589622e-001
5.003489e+003,2.519571e-001
5.003972e+003,2.290312e-001
5.004454e+003,1.918337e-001
5.004936e+003,1.436926e-001
5.005418e+003,8.972024e-002
5.005900e+003,3.655290e-002
5.006382e+003,-8.560150e-003
5.006864e+003,-3.930875e-002
5.007347e+003,-5.209937e-002
5.007828e+003,-4.739422e-002
5.008311e+003,-2.996222e-002
5.008793e+003,-7.757171e-003
5.009275e+003,1.032456e-002
5.009757e+003,1.708184e-002
5.010239e+003,9.089064e-003
5.010721e+003,-1.251672e-002
5.011203e+003,-4.274590e-002
5.011686e+003,-7.459623e-002
5.012167e+003,-1.012394e-001
5.012649e+003,-1.177828e-001
5.013132e+003,-1.221197e-001
5.013614e+003,-1.147961e-001
5.014096e+003,-9.822380e-002
5.014578e+003,-7.566011e-002
5.015061e+003,-5.037302e-002
5.015542e+003,-2.512358e-002
5.016024e+003,-1.954593e-003
5.016507e+003,1.785204e-002
5.016989e+003,3.375216e-002
5.017471e+003,4.581761e-002
5.017953e+003,5.447950e-002
5.018436e+003,6.011612e-002
5.018917e+003,6.264827e-002
5.019399e+003,6.134615e-002
5.019882e+003,5.509612e-002
5.020364e+003,4.308945e-002
5.020846e+003,2.571090e-002
5.021328e+003,5.125350e-003
5.021810e+003,-1.483821e-002
5.022292e+003,-2.965518e-002
5.022774e+003,-3.558749e-002
5.023256e+003,-3.107557e-002
5.023738e+003,-1.734550e-002
5.024221e+003,2.099809e-003
5.024703e+003,2.293619e-002
5.025185e+003,4.173087e-002
5.025667e+003,5.712194e-002
5.026149e+003,6.984273e-002
5.026631e+003,8.163419e-002
5.027113e+003,9.358671e-002
5.027596e+003,1.048950e-001
5.028078e+003,1.127345e-001
5.028560e+003,1.134776e-001
5.029042e+003,1.047001e-001
5.029524e+003,8.694854e-002
5.030006e+003,6.416992e-002
5.030488e+003,4.306976e-002
5.030971e+003,3.024624e-002
5.031453e+003,2.965518e-002
5.031935e+003,4.085967e-002
5.032417e+003,5.905146e-002
5.032899e+003,7.682684e-002
5.033381e+003,8.697674e-002
5.033863e+003,8.502958e-002
5.034345e+003,7.052364e-002
5.034827e+003,4.655505e-002
5.035310e+003,1.804290e-002
5.035792e+003,-1.036757e-002
5.036274e+003,-3.572953e-002
5.036756e+003,-5.701648e-002
5.037238e+003,-7.427443e-002
5.037720e+003,-8.742079e-002
5.038202e+003,-9.553426e-002
5.038685e+003,-9.714428e-002
5.039167e+003,-9.142926e-002
5.039648e+003,-7.959405e-002
5.040131e+003,-6.557631e-002
5.040613e+003,-5.545990e-002
5.041095e+003,-5.559417e-002
5.041577e+003,-7.009957e-002
5.042060e+003,-9.880491e-002
5.042542e+003,-1.365932e-001
5.043023e+003,-1.745646e-001
5.043506e+003,-2.027013e-001
5.043988e+003,-2.130740e-001
5.044470e+003,-2.024347e-001
5.044952e+003,-1.732749e-001
5.045434e+003,-1.329849e-001
5.045916e+003,-9.143951e-002
5.046398e+003,-5.786578e-002
5.046881e+003,-3.804439e-002
5.047363e+003,-3.274744e-002
5.047845e+003,-3.783946e-002
5.048327e+003,-4.592946e-002
5.048809e+003,-4.893344e-002
5.049291e+003,-4.071666e-002
5.049773e+003,-1.901173e-002
5.050255e+003,1.388045e-002
5.050737e+003,5.176076e-002
5.051220e+003,8.630284e-002
5.051702e+003,1.093829e-001
5.052184e+003,1.153070e-001
5.052666e+003,1.023130e-001
5.053148e+003,7.299994e-002
5.053630e+003,3.362835e-002
5.054112e+003,-7.403806e-003
5.054595e+003,-4.145137e-002
5.055077e+003,-6.135233e-002
5.055559e+003,-6.270754e-002
5.056041e+003,-4.455357e-002
5.056523e+003,-9.455477e-003
5.057005e+003,3.695241e-002
5.057487e+003,8.692515e-002
5.057970e+003,1.320172e-001
5.058452e+003,1.647767e-001
5.058934e+003,1.804186e-001
5.059416e+003,1.780187e-001
5.059898e+003,1.608005e-001
5.060380e+003,1.352788e-001
5.060862e+003,1.101418e-001
5.061344e+003,9.180695e-002
5.061826e+003,8.457112e-002
5.062309e+003,8.890218e-002
5.062791e+003,1.019377e-001
5.063272e+003,1.191491e-001
5.063755e+003,1.364275e-001
5.064237e+003,1.516694e-001
5.064719e+003,1.652019e-001
5.065201e+003,1.789297e-001
5.065684e+003,1.946650e-001
5.066166e+003,2.125165e-001
5.066647e+003,2.301751e-001
5.067130e+003,2.434281e-001
5.067612e+003,2.476766e-001
5.068094e+003,2.396806e-001
5.068576e+003,2.187085e-001
5.069059e+003,1.865623e-001
5.069541e+003,1.465491e-001
5.070022e+003,1.020137e-001
5.070505e+003,5.523933e-002
5.070987e+003,7.288721e-003
5.071469e+003,-4.117231e-002
5.071951e+003,-8.864434e-002
5.072433e+003,-1.319446e-001
5.072915e+003,-1.664112e-001
5.073397e+003,-1.872612e-001
5.073880e+003,-1.915639e-001
5.074361e+003,-1.798770e-001
5.074844e+003,-1.566644e-001
5.075326e+003,-1.291456e-001
5.075808e+003,-1.049540e-001
5.076290e+003,-8.958507e-002
5.076772e+003,-8.469007e-002
5.077254e+003,-8.788937e-002
5.077736e+003,-9.409960e-002
5.078219e+003,-9.769008e-002
5.078701e+003,-9.450836e-002
5.079183e+003,-8.296304e-002
5.079665e+003,-6.391351e-002
5.080147e+003,-3.965437e-002
5.080629e+003,-1.268496e-002
5.081111e+003,1.509083e-002
5.081594e+003,4.243324e-002
5.082076e+003,6.827596e-002
5.082558e+003,9.112843e-002
5.083040e+003,1.089167e-001
5.083522e+003,1.194232e-001
5.084004e+003,1.211346e-001
5.084486e+003,1.140219e-001
5.084969e+003,9.974446e-002
5.085450e+003,8.111408e-002
5.085933e+003,6.105044e-002
5.086415e+003,4.152080e-002
5.086897e+003,2.307372e-002
5.087379e+003,5.112306e-003
5.087861e+003,-1.318114e-002
5.088343e+003,-3.183604e-002
5.088825e+003,-4.951630e-002
5.089308e+003,-6.373461e-002
5.089790e+003,-7.171562e-002
5.090271e+003,-7.152253e-002
5.090754e+003,-6.283633e-002
5.091236e+003,-4.701142e-002
5.091718e+003,-2.685092e-002
5.092200e+003,-4.117508e-003
5.092683e+003,2.001558e-002
5.093165e+003,4.567630e-002
5.093646e+003,7.389247e-002
5.094129e+003,1.056382e-001
5.094611e+003,1.407971e-001
5.095093e+003,1.774775e-001
5.095575e+003,2.120103e-001
5.096058e+003,2.396102e-001
5.096539e+003,2.554765e-001
5.097021e+003,2.559739e-001
5.097504e+003,2.395880e-001
5.097986e+003,2.074180e-001
5.098468e+003,1.632152e-001
5.098950e+003,1.129491e-001
5.099432e+003,6.402559e-002
5.099914e+003,2.417299e-002
5.100396e+003,1.151797e-004
5.100878e+003,-3.802765e-003
5.101360e+003,1.326798e-002
5.101843e+003,4.815304e-002
5.102325e+003,9.407437e-002
5.102807e+003,1.420224e-001
5.103289e+003,1.828964e-001
5.103771e+003,2.097712e-001
5.104253e+003,2.196501e-001
5.104735e+003,2.140534e-001
5.105218e+003,1.982958e-001
5.105700e+003,1.796299e-001
5.106182e+003,1.649539e-001
5.106664e+003,1.587821e-001
5.107146e+003,1.621679e-001
5.107628e+003,1.727863e-001
5.108110e+003,1.860284e-001
5.108593e+003,1.965571e-001
5.109075e+003,1.997419e-001
5.109557e+003,1.924984e-001
5.110039e+003,1.734702e-001
5.110521e+003,1.427026e-001
5.111003e+003,1.012440e-001
5.111485e+003,5.097729e-002
5.111967e+003,-5.192228e-003
5.112449e+003,-6.295869e-002
5.112932e+003,-1.164239e-001
5.113414e+003,-1.585059e-001
5.113896e+003,-1.820855e-001
5.114378e+003,-1.817534e-001
5.114860e+003,-1.555899e-001
5.115342e+003,-1.062990e-001
5.115824e+003,-4.110159e-002
5.116307e+003,2.976652e-002
5.116789e+003,9.560157e-002
5.117271e+003,1.479727e-001
5.117753e+003,1.827052e-001
5.118235e+003,2.003353e-001
5.118717e+003,2.048938e-001
5.119199e+003,2.014733e-001
5.119682e+003,1.936595e-001
5.120164e+003,1.818934e-001
5.120646e+003,1.635474e-001
5.121128e+003,1.346478e-001
5.121610e+003,9.253884e-002
5.122092e+003,3.826347e-002
5.122574e+003,-2.132700e-002
5.123056e+003,-7.806009e-002
5.123538e+003,-1.218322e-001
5.124021e+003,-1.447580e-001
5.124503e+003,-1.438099e-001
5.124984e+003,-1.217286e-001
5.125467e+003,-8.584434e-002
5.125949e+003,-4.535709e-002
5.126431e+003,-8.216404e-003
5.126913e+003,2.114753e-002
5.127396e+003,4.244007e-002
5.127877e+003,5.839101e-002
5.128359e+003,7.258862e-002
5.128842e+003,8.728513e-002
5.129324e+003,1.021648e-001
5.129806e+003,1.145026e-001
5.130288e+003,1.205642e-001
5.130771e+003,1.174976e-001
5.131252e+003,1.048786e-001
5.131734e+003,8.522964e-002
5.132217e+003,6.335749e-002
5.132699e+003,4.481740e-002
5.133181e+003,3.416734e-002
5.133663e+003,3.363417e-002
5.134145e+003,4.263966e-002
5.134627e+003,5.822679e-002
5.135109e+003,7.617708e-002
5.135592e+003,9.235850e-002
5.136073e+003,1.038859e-001
5.136556e+003,1.097262e-001
5.137038e+003,1.106244e-001
5.137520e+003,1.083959e-001
5.138002e+003,1.048224e-001
5.138484e+003,1.005310e-001
5.138966e+003,9.429358e-002
5.139448e+003,8.307908e-002
5.139931e+003,6.301643e-002
5.140413e+003,3.103702e-002
5.140895e+003,-1.333368e-002
5.141377e+003,-6.676196e-002
5.141859e+003,-1.221161e-001
5.142341e+003,-1.699003e-001
5.142823e+003,-2.008354e-001
5.143306e+003,-2.087116e-001
5.143788e+003,-1.925002e-001
5.144270e+003,-1.568708e-001
5.144752e+003,-1.108411e-001
5.145234e+003,-6.498773e-002
5.145716e+003,-2.821146e-002
5.146198e+003,-5.236657e-003
5.146681e+003,4.267351e-003
5.147162e+003,4.705620e-003
5.147645e+003,2.207587e-003
5.148127e+003,1.934444e-003
5.148609e+003,6.094051e-003
5.149091e+003,1.338853e-002
5.149573e+003,1.993559e-002
5.150055e+003,2.119177e-002
5.150537e+003,1.397054e-002
5.151020e+003,-2.268375e-003
5.151502e+003,-2.532497e-002
5.151983e+003,-5.127210e-002
5.152466e+003,-7.601469e-002
5.152948e+003,-9.669712e-002
5.153430e+003,-1.121469e-001
5.153912e+003,-1.233647e-001
5.154395e+003,-1.321432e-001
5.154876e+003,-1.399927e-001
5.155358e+003,-1.471211e-001
5.155841e+003,-1.519739e-001
5.156323e+003,-1.515426e-001
5.156805e+003,-1.423020e-001
5.157287e+003,-1.215169e-001
5.157770e+003,-8.844559e-002
5.158251e+003,-4.513546e-002
5.158733e+003,3.499783e-003
5.159216e+003,5.033102e-002
5.159698e+003,8.727346e-002
5.160180e+003,1.068568e-001
5.160662e+003,1.037267e-001
5.161144e+003,7.576035e-002
5.161626e+003,2.462301e-002
5.162108e+003,-4.432262e-002
5.162591e+003,-1.226849e-001
5.163072e+003,-2.002457e-001
5.163555e+003,-2.665446e-001
5.164037e+003,-3.126447e-001
5.164519e+003,-3.327682e-001
5.165001e+003,-3.254327e-001
5.165483e+003,-2.936932e-001
5.165965e+003,-2.443409e-001
5.166447e+003,-1.861452e-001
5.166930e+003,-1.276031e-001
5.167412e+003,-7.483937e-002
5.167894e+003,-3.034669e-002
5.168376e+003,6.943893e-003
5.168858e+003,4.021925e-002
5.169340e+003,7.249553e-002
5.169822e+003,1.044058e-001
5.170305e+003,1.331339e-001
5.170787e+003,1.530851e-001
5.171269e+003,1.581406e-001
5.171751e+003,1.445805e-001
5.172233e+003,1.133447e-001
5.172715e+003,7.054886e-002
5.173197e+003,2.590138e-002
5.173680e+003,-1.044259e-002
5.174161e+003,-3.136725e-002
5.174644e+003,-3.521505e-002
5.175126e+003,-2.617133e-002
5.175608e+003,-1.245697e-002
5.176090e+003,-3.127439e-003
5.176572e+003,-4.766588e-003
5.177054e+003,-1.937197e-002
5.177536e+003,-4.409992e-002
5.178019e+003,-7.271980e-002
5.178500e+003,-9.795216e-002
5.178982e+003,-1.136925e-001
5.179465e+003,-1.163376e-001
5.179947e+003,-1.050478e-001
5.180429e+003,-8.122125e-002
5.180911e+003,-4.773050e-002
5.181394e+003,-8.355149e-003
5.181875e+003,3.248285e-002
5.182357e+003,6.988980e-002
5.182840e+003,9.891336e-002
5.183322e+003,1.153817e-001
5.183804e+003,1.169958e-001
5.184286e+003,1.032415e-001
5.184769e+003,7.967648e-002
5.185250e+003,5.168505e-002
5.185732e+003,2.500210e-002
5.186215e+003,4.236482e-003
5.186697e+003,-8.030364e-003
5.187179e+003,-1.130818e-002
5.187661e+003,-6.615306e-003
5.188143e+003,4.314020e-003
5.188625e+003,1.956861e-002
5.189107e+003,3.714851e-002
5.189589e+003,5.471260e-002
5.190071e+003,6.936119e-002
5.190554e+003,7.780739e-002
5.191036e+003,7.708474e-002
5.191518e+003,6.556574e-002
5.192000e+003,4.383827e-002
5.192482e+003,1.496434e-002
5.192964e+003,-1.611790e-002
5.193446e+003,-4.389255e-002
5.193929e+003,-6.377304e-002
5.194411e+003,-7.322054e-002
5.194893e+003,-7.209950e-002
5.195375e+003,-6.223941e-002
5.195857e+003,-4.653597e-002
5.196339e+003,-2.801116e-002
5.196821e+003,-9.215097e-003
5.197304e+003,7.950027e-003
5.197786e+003,2.209103e-002
5.198268e+003,3.218163e-002
5.198750e+003,3.755113e-002
5.199232e+003,3.805447e-002
5.199714e+003,3.420352e-002
5.200196e+003,2.712225e-002
5.200678e+003,1.819714e-002
5.201160e+003,8.640636e-003
5.201643e+003,-8.004245e-004
5.202125e+003,-9.698439e-003
5.202606e+003,-1.740886e-002
5.203089e+003,-2.240131e-002
5.203571e+003,-2.196646e-002
5.204053e+003,-1.265470e-002
5.204535e+003,8.425089e-003
5.205018e+003,4.190196e-002
5.205500e+003,8.479317e-002
5.205981e+003,1.304237e-001
5.206464e+003,1.699567e-001
5.206946e+003,1.950996e-001
5.207428e+003,2.008326e-001
5.207910e+003,1.870016e-001
5.208393e+003,1.581150e-001
5.208875e+003,1.216161e-001
5.209356e+003,8.541705e-002
5.209839e+003,5.576978e-002
5.210321e+003,3.615161e-002
5.210803e+003,2.737536e-002
5.211285e+003,2.843426e-002
5.211767e+003,3.744560e-002
5.212249e+003,5.206861e-002
5.212731e+003,6.932969e-002
5.213214e+003,8.514894e-002
5.213695e+003,9.426057e-002
5.214178e+003,9.090473e-002
5.214660e+003,7.040133e-002
5.215142e+003,3.128658e-002
5.215624e+003,-2.416556e-002
5.216106e+003,-8.938476e-002
5.216588e+003,-1.549952e-001
5.217070e+003,-2.114727e-001
5.217553e+003,-2.519460e-001
5.218035e+003,-2.740866e-001
5.218517e+003,-2.802163e-001
5.218999e+003,-2.757845e-001
5.219481e+003,-2.669343e-001
5.219963e+003,-2.584091e-001
5.220445e+003,-2.525327e-001
5.220928e+003,-2.495331e-001
5.221410e+003,-2.486576e-001
5.221892e+003,-2.493427e-001
5.222374e+003,-2.516640e-001
5.222856e+003,-2.559518e-001
5.223338e+003,-2.618022e-001
5.223820e+003,-2.673062e-001
5.224303e+003,-2.690939e-001
5.224784e+003,-2.635337e-001
5.225267e+003,-2.485645e-001
5.225749e+003,-2.252617e-001
5.226231e+003,-1.980558e-001
5.226713e+003,-1.733953e-001
5.227195e+003,-1.573015e-001
5.227677e+003,-1.530312e-001
5.228159e+003,-1.597366e-001
5.228642e+003,-1.727768e-001
5.229124e+003,-1.854761e-001
5.229605e+003,-1.918267e-001
5.230088e+003,-1.889753e-001
5.230570e+003,-1.785197e-001
5.231052e+003,-1.658725e-001
5.231534e+003,-1.579641e-001
5.232017e+003,-1.601989e-001
5.232499e+003,-1.740342e-001
5.232980e+003,-1.961216e-001
5.233463e+003,-2.193400e-001
5.233945e+003,-2.351765e-001
5.234427e+003,-2.365973e-001
5.234909e+003,-2.202529e-001
5.235392e+003,-1.873587e-001
5.235873e+003,-1.429404e-001
5.236355e+003,-9.394070e-002
5.236838e+003,-4.686907e-002
5.237320e+003,-5.922802e-003
5.237802e+003,2.793387e-002
5.238284e+003,5.662630e-002
5.238766e+003,8.373258e-002
5.239248e+003,1.127305e-001
5.239730e+003,1.454783e-001
5.240213e+003,1.813038e-001
5.240694e+003,2.169950e-001
5.241177e+003,2.475241e-001
5.241659e+003,2.673334e-001
5.242141e+003,2.717805e-001
5.242623e+003,2.585182e-001
5.243105e+003,2.283592e-001
5.243587e+003,1.854314e-001
5.244069e+003,1.363922e-001
5.244552e+003,8.897611e-002
5.245034e+003,5.024841e-002
5.245516e+003,2.512205e-002
5.245998e+003,1.516888e-002
5.246480e+003,1.909390e-002
5.246962e+003,3.238786e-002
5.247444e+003,4.864910e-002
5.247927e+003,6.097108e-002
5.248409e+003,6.348921e-002
5.248891e+003,5.262414e-002
5.249373e+003,2.771270e-002
5.249855e+003,-9.112308e-003
5.250337e+003,-5.354415e-002
5.250819e+003,-9.994906e-002
5.251302e+003,-1.422098e-001
5.251783e+003,-1.746117e-001
5.252266e+003,-1.927539e-001
5.252748e+003,-1.945501e-001
5.253230e+003,-1.810063e-001
5.253712e+003,-1.564278e-001
5.254194e+003,-1.276289e-001
5.254676e+003,-1.021278e-001
5.255158e+003,-8.578999e-002
5.255641e+003,-8.079735e-002
5.256123e+003,-8.485990e-002
5.256604e+003,-9.202711e-002
5.257087e+003,-9.491023e-002
5.257569e+003,-8.752331e-002
5.258051e+003,-6.779622e-002
5.258533e+003,-3.886707e-002
5.259016e+003,-8.569766e-003
5.259498e+003,1.291914e-002
5.259979e+003,1.668132e-002
5.260462e+003,-1.370028e-003
5.260944e+003,-3.827293e-002
5.261426e+003,-8.426443e-002
5.261908e+003,-1.253603e-001
5.262391e+003,-1.477267e-001
5.262872e+003,-1.420573e-001
5.263354e+003,-1.066348e-001
5.263837e+003,-4.763876e-002
5.264319e+003,2.318306e-002
5.264801e+003,9.263095e-002
5.265283e+003,1.499031e-001
5.265765e+003,1.888653e-001
5.266247e+003,2.081954e-001
5.266729e+003,2.099466e-001
5.267211e+003,1.975777e-001
5.267693e+003,1.744169e-001
5.268176e+003,1.429126e-001
5.268658e+003,1.047978e-001
5.269140e+003,6.164084e-002
5.269622e+003,1.537126e-002
5.270104e+003,-3.159726e-002
5.270586e+003,-7.656319e-002
5.271068e+003,-1.169190e-001
5.271551e+003,-1.503203e-001
5.272033e+003,-1.746823e-001
5.272515e+003,-1.881031e-001
5.272997e+003,-1.890012e-001
5.273479e+003,-1.765722e-001
5.273961e+003,-1.515708e-001
5.274443e+003,-1.169169e-001
5.274926e+003,-7.771308e-002
5.275408e+003,-4.029952e-002
5.275890e+003,-1.060029e-002
5.276372e+003,7.819203e-003
5.276854e+003,1.544169e-002
5.277336e+003,1.471358e-002
5.277818e+003,1.139869e-002
5.278300e+003,1.158324e-002
5.278782e+003,1.941629e-002
5.279265e+003,3.572732e-002
5.279747e+003,5.802246e-002
5.280229e+003,8.180801e-002
5.280711e+003,1.025183e-001
5.281193e+003,1.171575e-001
5.281675e+003,1.249775e-001
5.282157e+003,1.270795e-001
5.282640e+003,1.253710e-001
5.283122e+003,1.216476e-001
5.283604e+003,1.171140e-001
5.284086e+003,1.126225e-001
5.284568e+003,1.091166e-001
5.285050e+003,1.078580e-001
5.285532e+003,1.100439e-001
5.286015e+003,1.159809e-001
5.286497e+003,1.242897e-001
5.286979e+003,1.317609e-001
5.287461e+003,1.341498e-001
5.287943e+003,1.277654e-001
5.288425e+003,1.112794e-001
5.288907e+003,8.695439e-002
5.289389e+003,6.041770e-002
5.289871e+003,3.888384e-002
5.290354e+003,2.833446e-002
5.290836e+003,3.107798e-002
5.291317e+003,4.473720e-002
5.291800e+003,6.328604e-002
5.292282e+003,7.937775e-002
5.292764e+003,8.700337e-002
5.293246e+003,8.338156e-002
5.293729e+003,6.955057e-002
5.294210e+003,4.971581e-002
5.294692e+003,2.966930e-002
5.295175e+003,1.493971e-002
5.295657e+003,9.311018e-003
5.296139e+003,1.410541e-002
5.296621e+003,2.823965e-002
5.297104e+003,4.879275e-002
5.297585e+003,7.188021e-002
5.298067e+003,9.363315e-002
5.298550e+003,1.112189e-001
5.299032e+003,1.237847e-001
5.299514e+003,1.330175e-001
5.299996e+003,1.429179e-001
5.300478e+003,1.585865e-001
5.300960e+003,1.841925e-001
5.301442e+003,2.208169e-001
5.301925e+003,2.650545e-001
5.302406e+003,3.091410e-001
5.302889e+003,3.428808e-001
5.303371e+003,3.568589e-001
5.303853e+003,3.457813e-001
5.304335e+003,3.105774e-001
5.304817e+003,2.584074e-001
5.305299e+003,2.004699e-001
5.305781e+003,1.484356e-001
5.306264e+003,1.107966e-001
5.306746e+003,9.051444e-002
5.307228e+003,8.488175e-002
5.307710e+003,8.724958e-002
5.308192e+003,9.033705e-002
5.308674e+003,8.951017e-002
5.309156e+003,8.376263e-002
5.309639e+003,7.495496e-002
5.310121e+003,6.591264e-002
5.310603e+003,5.861313e-002
5.311085e+003,5.328826e-002
5.311567e+003,4.871381e-002
5.312049e+003,4.321476e-002
5.312531e+003,3.561264e-002
5.313014e+003,2.543764e-002
5.313495e+003,1.235267e-002
5.313978e+003,-4.811861e-003
5.314460e+003,-2.851916e-002
5.314942e+003,-6.197762e-002
5.315424e+003,-1.074654e-001
5.315906e+003,-1.643315e-001
5.316388e+003,-2.276367e-001
5.316870e+003,-2.883758e-001
5.317353e+003,-3.354084e-001
5.317834e+003,-3.585522e-001
5.318316e+003,-3.515961e-001
5.318799e+003,-3.142055e-001
5.319281e+003,-2.519230e-001
5.319763e+003,-1.744130e-001
5.320245e+003,-9.260575e-002
5.320728e+003,-1.590950e-002
5.321209e+003,4.964229e-002
5.321691e+003,1.017661e-001
5.322174e+003,1.410785e-001
5.322656e+003,1.695276e-001
5.323138e+003,1.889360e-001
5.323620e+003,2.001226e-001
5.324103e+003,2.028830e-001
5.324584e+003,1.965942e-001
5.325066e+003,1.811622e-001
5.325549e+003,1.578677e-001
5.326031e+003,1.297984e-001
5.326513e+003,1.015913e-001
5.326995e+003,7.845028e-002
5.327477e+003,6.471019e-002
5.327959e+003,6.246716e-002
5.328441e+003,7.083499e-002
5.328923e+003,8.612432e-002
5.329405e+003,1.027554e-001
5.329888e+003,1.146978e-001
5.330370e+003,1.169667e-001
5.330852e+003,1.068932e-001
5.331334e+003,8.483405e-002
5.331816e+003,5.406549e-002
5.332298e+003,1.986161e-002
5.332780e+003,-1.192615e-002
5.333263e+003,-3.627408e-002
5.333745e+003,-4.987122e-002
5.334227e+003,-5.139169e-002
5.334709e+003,-4.136735e-002
5.335191e+003,-2.192042e-002
5.335673e+003,3.404542e-003
5.336155e+003,2.982558e-002
5.336638e+003,5.170961e-002
5.337120e+003,6.346025e-002
5.337602e+003,6.096053e-002
5.338084e+003,4.317638e-002
5.338566e+003,1.374975e-002
5.339048e+003,-2.086555e-002
5.339530e+003,-5.178264e-002
5.340012e+003,-7.028513e-002
5.340494e+003,-7.039759e-002
5.340977e+003,-5.073946e-002
5.341459e+003,-1.530356e-002
5.341941e+003,2.696630e-002
5.342423e+003,6.377870e-002
5.342905e+003,8.244132e-002
5.343387e+003,7.370124e-002
5.343869e+003,3.543882e-002
5.344352e+003,-2.563577e-002
5.344833e+003,-9.542996e-002
5.345315e+003,-1.567161e-001
5.345798e+003,-1.942526e-001
5.346280e+003,-1.989032e-001
5.346762e+003,-1.695893e-001
5.347244e+003,-1.131375e-001
5.347727e+003,-4.225219e-002
5.348208e+003,2.779830e-002
5.348690e+003,8.310461e-002
5.349173e+003,1.145295e-001
5.349655e+003,1.195950e-001
5.350137e+003,1.021913e-001
5.350619e+003,7.061631e-002
5.351101e+003,3.468508e-002
5.351583e+003,3.058844e-003
5.352065e+003,-1.859887e-002
5.352547e+003,-2.822368e-002
5.353030e+003,-2.678521e-002
5.353512e+003,-1.692443e-002
5.353994e+003,-1.555392e-003
5.354476e+003,1.705812e-002
5.354958e+003,3.738636e-002
5.355440e+003,5.825610e-002
5.355922e+003,7.837290e-002
5.356405e+003,9.622509e-002
5.356887e+003,1.104170e-001
5.357369e+003,1.202846e-001
5.357851e+003,1.263218e-001
5.358333e+003,1.302114e-001
5.358815e+003,1.342171e-001
5.359297e+003,1.403223e-001
5.359779e+003,1.493585e-001
5.360262e+003,1.606851e-001
5.360744e+003,1.724810e-001
5.361226e+003,1.826319e-001
5.361708e+003,1.897011e-001
5.362190e+003,1.937010e-001
5.362672e+003,1.962221e-001
5.363154e+003,1.999398e-001
5.363636e+003,2.075731e-001
5.364119e+003,2.207292e-001
5.364601e+003,2.389780e-001
5.365083e+003,2.595105e-001
5.365565e+003,2.774101e-001
5.366047e+003,2.865822e-001
5.366529e+003,2.811094e-001
5.367011e+003,2.569067e-001
5.367494e+003,2.132513e-001
5.367976e+003,1.538098e-001
5.368458e+003,8.659639e-002
5.368940e+003,2.263632e-002
5.369422e+003,-2.524168e-002
5.369904e+003,-4.940119e-002
5.370386e+003,-4.627489e-002
5.370868e+003,-1.846784e-002
5.371351e+003,2.594962e-002
5.371833e+003,7.578764e-002
5.372314e+003,1.199506e-001
5.372797e+003,1.505218e-001
5.373279e+003,1.645539e-001
5.373761e+003,1.640540e-001
5.374243e+003,1.541608e-001
5.374725e+003,1.404165e-001
5.375208e+003,1.262098e-001
5.375689e+003,1.115377e-001
5.376172e+003,9.356546e-002
5.376654e+003,6.881041e-002
5.377136e+003,3.580583e-002
5.377618e+003,-3.073178e-003
5.378100e+003,-4.164015e-002
5.378583e+003,-7.173414e-002
5.379064e+003,-8.608980e-002
5.379546e+003,-8.112104e-002
5.380029e+003,-5.871378e-002
5.380511e+003,-2.640486e-002
5.380993e+003,4.228491e-003
5.381475e+003,2.069889e-002
5.381957e+003,1.332860e-002
5.382439e+003,-2.161869e-002
5.382921e+003,-8.046294e-002
5.383403e+003,-1.527299e-001
5.383886e+003,-2.238051e-001
5.384368e+003,-2.790030e-001
5.384850e+003,-3.080249e-001
5.385332e+003,-3.082437e-001
5.385814e+003,-2.853196e-001
5.386296e+003,-2.505955e-001
5.386778e+003,-2.162696e-001
5.387261e+003,-1.904556e-001
5.387743e+003,-1.742264e-001
5.388225e+003,-1.617235e-001
5.388707e+003,-1.431743e-001
5.389189e+003,-1.095948e-001
5.389671e+003,-5.739812e-002
5.390153e+003,8.920803e-003
5.390635e+003,7.718375e-002
5.391118e+003,1.310255e-001
5.391600e+003,1.553680e-001
5.392082e+003,1.420189e-001
5.392564e+003,9.325863e-002
5.393046e+003,2.177697e-002
5.393528e+003,-5.339525e-002
5.394010e+003,-1.134328e-001
5.394492e+003,-1.458543e-001
5.394975e+003,-1.476181e-001
5.395457e+003,-1.243026e-001
5.395939e+003,-8.642081e-002
5.396421e+003,-4.485721e-002
5.396903e+003,-7.268467e-003
5.397385e+003,2.346740e-002
5.397867e+003,4.861822e-002
5.398350e+003,7.148723e-002
5.398832e+003,9.503901e-002
5.399313e+003,1.202893e-001
5.399796e+003,1.459247e-001
5.400278e+003,1.685611e-001
5.400760e+003,1.847405e-001
5.401242e+003,1.907884e-001
5.401724e+003,1.836432e-001
5.402207e+003,1.611458e-001
5.402688e+003,1.223870e-001
5.403170e+003,6.826904e-002
5.403653e+003,2.107442e-003
5.404135e+003,-7.015668e-002
5.404617e+003,-1.405955e-001
5.405099e+003,-2.008817e-001
5.405581e+003,-2.443895e-001
5.406063e+003,-2.679305e-001
5.406545e+003,-2.723391e-001
5.407028e+003,-2.616279e-001
5.407510e+003,-2.410933e-001
5.407992e+003,-2.152245e-001
5.408474e+003,-1.863048e-001
5.408956e+003,-1.543155e-001
5.409438e+003,-1.181666e-001
5.409920e+003,-7.760289e-002
5.410402e+003,-3.470958e-002
5.410885e+003,5.844722e-003
5.411367e+003,3.799924e-002
5.411849e+003,5.636678e-002
5.412331e+003,5.828911e-002
5.412813e+003,4.500647e-002
5.413295e+003,2.138365e-002
5.413777e+003,-5.812146e-003
5.414259e+003,-3.027113e-002
5.414742e+003,-4.803879e-002
5.415224e+003,-5.805195e-002
5.415706e+003,-6.132296e-002
5.416188e+003,-5.945455e-002
5.416670e+003,-5.334910e-002
5.417152e+003,-4.269753e-002
5.417634e+003,-2.633888e-002
5.418117e+003,-3.154184e-003
5.418599e+003,2.699004e-002
5.419081e+003,6.268997e-002
5.419563e+003,1.010353e-001
5.420045e+003,1.380954e-001
5.420527e+003,1.695911e-001
5.421009e+003,1.915161e-001
5.421491e+003,2.006255e-001
5.421974e+003,1.948676e-001
5.422456e+003,1.738135e-001
5.422938e+003,1.390115e-001
5.423420e+003,9.403020e-002
5.423902e+003,4.395394e-002
5.424384e+003,-5.740344e-003
5.424866e+003,-5.064362e-002
5.425348e+003,-8.871891e-002
5.425831e+003,-1.208026e-001
5.426313e+003,-1.499875e-001
5.426795e+003,-1.799096e-001
5.427277e+003,-2.124971e-001
5.427759e+003,-2.461001e-001
5.428241e+003,-2.749854e-001
5.428723e+003,-2.907994e-001
5.429206e+003,-2.856135e-001
5.429688e+003,-2.552113e-001
5.430169e+003,-2.010554e-001
5.430652e+003,-1.301765e-001
5.431134e+003,-5.284672e-002
5.431616e+003,1.860375e-002
5.432098e+003,7.375467e-002
5.432580e+003,1.056497e-001
5.433063e+003,1.120435e-001
5.433544e+003,9.571817e-002
5.434027e+003,6.367908e-002
5.434509e+003,2.522351e-002
5.434991e+003,-1.069172e-002
5.435473e+003,-3.801157e-002
5.435955e+003,-5.518268e-002
5.436437e+003,-6.532832e-002
5.436919e+003,-7.497095e-002
5.437401e+003,-9.173367e-002
5.437884e+003,-1.215426e-001
5.438366e+003,-1.660050e-001
5.438848e+003,-2.206799e-001
5.439330e+003,-2.751786e-001
5.439812e+003,-3.156787e-001
5.440294e+003,-3.296307e-001
5.440776e+003,-3.110090e-001
5.441258e+003,-2.636220e-001
5.441741e+003,-2.006230e-001
5.442223e+003,-1.402927e-001
5.442705e+003,-9.986581e-002
5.443187e+003,-8.976756e-002
5.443669e+003,-1.100315e-001
5.444151e+003,-1.500382e-001
5.444633e+003,-1.917805e-001
5.445116e+003,-2.158856e-001
5.445598e+003,-2.082402e-001
5.446080e+003,-1.645393e-001
5.446562e+003,-9.089031e-002
5.447044e+003,-7.055321e-004
5.447526e+003,9.035616e-002
5.448008e+003,1.690559e-001
5.448490e+003,2.273885e-001
5.448973e+003,2.629661e-001
5.449455e+003,2.774785e-001
5.449937e+003,2.742373e-001
5.450419e+003,2.561185e-001
5.450901e+003,2.246943e-001
5.451383e+003,1.807688e-001
5.451865e+003,1.255995e-001
5.452347e+003,6.205020e-002
5.452830e+003,-5.108831e-003
5.453312e+003,-6.984463e-002
5.453794e+003,-1.261855e-001
5.454276e+003,-1.695979e-001
5.454758e+003,-1.978382e-001
5.455240e+003,-2.109162e-001
5.455722e+003,-2.103352e-001
5.456205e+003,-1.980355e-001
5.456687e+003,-1.756367e-001
5.457168e+003,-1.443141e-001
5.457651e+003,-1.052858e-001
5.458133e+003,-6.056663e-002
5.458615e+003,-1.355583e-002
5.459097e+003,3.095416e-002
5.459579e+003,6.746664e-002
5.460062e+003,9.113315e-002
5.460543e+003,9.927336e-002
5.461025e+003,9.253338e-002
5.461508e+003,7.511792e-002
5.461990e+003,5.721810e-002
5.462472e+003,4.232496e-002
5.462954e+003,3.931517e-002
5.463436e+003,5.347133e-002
5.463918e+003,8.475383e-002
5.464400e+003,1.275414e-001
5.464883e+003,1.719569e-001
5.465365e+003,2.064524e-001
5.465847e+003,2.210106e-001
5.466329e+003,2.099689e-001
5.466811e+003,1.736638e-001
5.467293e+003,1.183076e-001
5.467775e+003,5.422825e-002
5.468257e+003,-7.000030e-003
5.468740e+003,-5.553735e-002
5.469222e+003,-8.541555e-002
5.469704e+003,-9.519721e-002
5.470186e+003,-8.719110e-002
5.470668e+003,-6.573252e-002
5.471150e+003,-3.545440e-002
5.471632e+003,-1.589017e-004
5.472114e+003,3.736757e-002
5.472597e+003,7.484147e-002
5.473079e+003,1.097115e-001
5.473561e+003,1.386891e-001
5.474043e+003,1.579208e-001
5.474525e+003,1.638187e-001
5.475007e+003,1.542733e-001
5.475489e+003,1.297247e-001
5.475972e+003,9.355132e-002
5.476454e+003,5.159631e-002
5.476936e+003,1.099118e-002
5.477418e+003,-2.132613e-002
5.477900e+003,-4.005658e-002
5.478382e+003,-4.271337e-002
5.478864e+003,-3.027409e-002
5.479346e+003,-7.038372e-003
5.479829e+003,2.054402e-002
5.480311e+003,4.596895e-002
5.480792e+003,6.505048e-002
5.481275e+003,7.756379e-002
5.481757e+003,8.728839e-002
5.482239e+003,1.002034e-001
5.482721e+003,1.214768e-001
5.483203e+003,1.525076e-001
5.483686e+003,1.893840e-001
5.484167e+003,2.235775e-001
5.484650e+003,2.447485e-001
5.485132e+003,2.445553e-001
5.485614e+003,2.198883e-001
5.486096e+003,1.742692e-001
5.486578e+003,1.168862e-001
5.487061e+003,5.976331e-002
5.487542e+003,1.413865e-002
5.488024e+003,-1.249776e-002
5.488507e+003,-1.779556e-002
5.488989e+003,-4.099489e-003
5.489471e+003,2.312077e-002
5.489953e+003,5.704056e-002
5.490435e+003,9.080286e-002
5.490917e+003,1.183308e-001
5.491399e+003,1.349567e-001
5.491881e+003,1.381454e-001
5.492364e+003,1.281437e-001
5.492846e+003,1.090372e-001
5.493328e+003,8.459552e-002
5.493810e+003,6.125899e-002
5.494292e+003,4.298791e-002
5.494774e+003,2.984559e-002
5.495256e+003,1.828445e-002
5.495739e+003,3.042425e-003
5.496221e+003,-2.015819e-002
5.496703e+003,-5.217298e-002
5.497185e+003,-8.939909e-002
5.497667e+003,-1.246011e-001
5.498149e+003,-1.494038e-001
5.498631e+003,-1.573879e-001
5.499113e+003,-1.464675e-001
5.499596e+003,-1.195058e-001
5.500078e+003,-8.303490e-002
5.500560e+003,-4.475233e-002
5.501042e+003,-1.105606e-002
5.501524e+003,1.434984e-002
5.502006e+003,3.037113e-002
5.502488e+003,3.737913e-002
5.502970e+003,3.591039e-002
5.503453e+003,2.616247e-002
5.503935e+003,8.628629e-003
5.504417e+003,-1.446165e-002
5.504899e+003,-3.794343e-002
5.505381e+003,-5.375741e-002
5.505863e+003,-5.277998e-002
5.506345e+003,-2.806182e-002
5.506828e+003,2.173080e-002
5.507310e+003,9.026653e-002
5.507792e+003,1.640990e-001
5.508274e+003,2.259814e-001
5.508756e+003,2.597933e-001
5.509238e+003,2.552494e-001
5.509720e+003,2.106712e-001
5.510202e+003,1.330286e-001
5.510685e+003,3.549998e-002
5.511167e+003,-6.634464e-002
5.511649e+003,-1.583348e-001
5.512131e+003,-2.303117e-001
5.512613e+003,-2.770941e-001
5.513095e+003,-2.980570e-001
5.513577e+003,-2.960827e-001
5.514059e+003,-2.765154e-001
5.514542e+003,-2.463864e-001
5.515023e+003,-2.136774e-001
5.515506e+003,-1.862453e-001
5.515988e+003,-1.702631e-001
5.516470e+003,-1.685673e-001
5.516952e+003,-1.796251e-001
5.517434e+003,-1.978007e-001
5.517917e+003,-2.150699e-001
5.518398e+003,-2.237067e-001
5.518880e+003,-2.189174e-001
5.519363e+003,-2.003407e-001
5.519845e+003,-1.717252e-001
5.520327e+003,-1.389267e-001
5.520809e+003,-1.071586e-001
5.521291e+003,-7.888883e-002
5.521773e+003,-5.343278e-002
5.522255e+003,-2.843699e-002
5.522738e+003,-2.416887e-003
5.523220e+003,2.314128e-002
5.523702e+003,4.347073e-002
5.524184e+003,5.239959e-002
5.524666e+003,4.550918e-002
5.525148e+003,2.343048e-002
5.525630e+003,-6.777792e-003
5.526112e+003,-3.318398e-002
5.526595e+003,-4.319829e-002
5.527077e+003,-2.890509e-002
5.527559e+003,8.745968e-003
5.528041e+003,5.889671e-002
5.528523e+003,1.036201e-001
5.529005e+003,1.237916e-001
5.529487e+003,1.057843e-001
5.529969e+003,4.648493e-002
5.530452e+003,-4.522943e-002
5.530934e+003,-1.510547e-001
5.531416e+003,-2.487812e-001
5.531898e+003,-3.187117e-001
5.532380e+003,-3.486620e-001
5.532862e+003,-3.361038e-001
5.533344e+003,-2.871370e-001
5.533827e+003,-2.132966e-001
5.534309e+003,-1.276473e-001
5.534791e+003,-4.165288e-002
5.535273e+003,3.645322e-002
5.535755e+003,1.017448e-001
5.536237e+003,1.518058e-001
5.536719e+003,1.858333e-001
5.537201e+003,2.042243e-001
5.537684e+003,2.087085e-001
5.538166e+003,2.026866e-001
5.538647e+003,1.912579e-001
5.539130e+003,1.806124e-001
5.539612e+003,1.767686e-001
5.540094e+003,1.840686e-001
5.540576e+003,2.038995e-001
5.541058e+003,2.341662e-001
5.541541e+003,2.696456e-001
5.542022e+003,3.031929e-001
5.542505e+003,3.274285e-001
5.542987e+003,3.364813e-001
5.543469e+003,3.273388e-001
5.543951e+003,3.004622e-001
5.544433e+003,2.595390e-001
5.544916e+003,2.104073e-001
5.545397e+003,1.594143e-001
5.545879e+003,1.116466e-001
5.546362e+003,6.957638e-002
5.546844e+003,3.260550e-002
5.547326e+003,-2.229406e-003
5.547808e+003,-3.853909e-002
5.548290e+003,-7.847320e-002
5.548772e+003,-1.210308e-001
5.549254e+003,-1.616209e-001
5.549736e+003,-1.931742e-001
5.550219e+003,-2.085894e-001
5.550701e+003,-2.035882e-001
5.551183e+003,-1.788232e-001
5.551665e+003,-1.402476e-001
5.552147e+003,-9.747101e-002
5.552629e+003,-6.065506e-002
5.553111e+003,-3.720684e-002
5.553594e+003,-2.960131e-002
5.554076e+003,-3.515944e-002
5.554558e+003,-4.777827e-002
5.555040e+003,-6.093377e-002
5.555522e+003,-7.016416e-002
5.556004e+003,-7.440939e-002
5.556486e+003,-7.544141e-002
5.556968e+003,-7.584488e-002
5.557451e+003,-7.669406e-002
5.557933e+003,-7.620006e-002
5.558415e+003,-7.007547e-002
5.558897e+003,-5.351900e-002
5.559379e+003,-2.388030e-002
5.559861e+003,1.732590e-002
5.560343e+003,6.405266e-002
5.560825e+003,1.072973e-001
5.561308e+003,1.379647e-001
5.561790e+003,1.497968e-001
5.562272e+003,1.410913e-001
5.562754e+003,1.144976e-001
5.563236e+003,7.519434e-002
5.563718e+003,2.837718e-002
5.564200e+003,-2.259034e-002
5.564683e+003,-7.656395e-002
5.565165e+003,-1.334497e-001
5.565646e+003,-1.922704e-001
5.566129e+003,-2.496423e-001
5.566611e+003,-2.996311e-001
5.567093e+003,-3.352759e-001
5.567575e+003,-3.511231e-001
5.568057e+003,-3.456128e-001
5.568540e+003,-3.220479e-001
5.569021e+003,-2.875971e-001
5.569503e+003,-2.506211e-001
5.569986e+003,-2.174778e-001
5.570468e+003,-1.902355e-001
5.570950e+003,-1.663023e-001
5.571432e+003,-1.401439e-001
5.571914e+003,-1.063405e-001
5.572396e+003,-6.264850e-002
5.572878e+003,-1.171330e-002
5.573361e+003,3.933476e-002
5.573843e+003,8.128049e-002
5.574325e+003,1.061749e-001
5.574807e+003,1.102659e-001
5.575289e+003,9.536892e-002
5.575771e+003,6.818350e-002
5.576253e+003,3.800990e-002
5.576735e+003,1.366967e-002
5.577218e+003,9.126559e-004
5.577700e+003,9.789645e-004
5.578182e+003,1.086880e-002
5.578664e+003,2.496560e-002
5.579146e+003,3.740163e-002
5.579628e+003,4.425190e-002
5.580110e+003,4.480361e-002
5.580592e+003,4.153882e-002
5.581075e+003,3.891397e-002
5.581557e+003,4.139464e-002
5.582039e+003,5.149012e-002
5.582521e+003,6.849365e-002
5.583003e+003,8.840895e-002
5.583485e+003,1.052104e-001
5.583967e+003,1.130526e-001
5.584450e+003,1.086718e-001
5.584932e+003,9.304228e-002
5.585414e+003,7.150418e-002
5.585896e+003,5.185240e-002
5.586378e+003,4.153658e-002
5.586860e+003,4.446616e-002
5.587342e+003,5.902955e-002
5.587824e+003,7.826036e-002
5.588307e+003,9.221561e-002
5.588789e+003,9.181241e-002
5.589271e+003,7.248131e-002
5.589753e+003,3.614118e-002
5.590235e+003,-9.530917e-003
5.590717e+003,-5.429688e-002
5.591199e+003,-8.970918e-002
5.591681e+003,-1.126651e-001
5.592164e+003,-1.265259e-001
5.592646e+003,-1.391380e-001
5.593128e+003,-1.585912e-001
5.593610e+003,-1.885301e-001
5.594092e+003,-2.253412e-001
5.594574e+003,-2.585537e-001
5.595056e+003,-2.746203e-001
5.595539e+003,-2.624706e-001
5.596021e+003,-2.186242e-001
5.596502e+003,-1.495181e-001
5.596985e+003,-6.993382e-002
5.597467e+003,2.092961e-003
5.597949e+003,5.186663e-002
5.598431e+003,7.334486e-002
5.598913e+003,7.098146e-002
5.599396e+003,5.730456e-002
5.599877e+003,4.738484e-002
5.600360e+003,5.244773e-002
5.600842e+003,7.522787e-002
5.601324e+003,1.088020e-001
5.601806e+003,1.392960e-001
5.602288e+003,1.513126e-001
5.602770e+003,1.340218e-001
5.603252e+003,8.554964e-002
5.603734e+003,1.405982e-002
5.604217e+003,-6.462415e-002
5.604699e+003,-1.318733e-001
5.605181e+003,-1.717711e-001
5.605663e+003,-1.755169e-001
5.606145e+003,-1.435217e-001
5.606627e+003,-8.473693e-002
5.607109e+003,-1.378720e-002
5.607591e+003,5.310616e-002
5.608074e+003,1.021230e-001
5.608556e+003,1.247399e-001
5.609038e+003,1.189287e-001
5.609520e+003,8.870000e-002
5.610002e+003,4.234094e-002
5.610484e+003,-9.984974e-003
5.610966e+003,-5.862895e-002
5.611449e+003,-9.622916e-002
5.611931e+003,-1.186301e-001
5.612413e+003,-1.248299e-001
5.612895e+003,-1.163108e-001
5.613377e+003,-9.612708e-002
5.613859e+003,-6.817687e-002
5.614341e+003,-3.681153e-002
5.614823e+003,-6.700333e-003
5.615306e+003,1.735807e-002
5.615788e+003,3.098263e-002
5.616270e+003,4.185908e-002
5.616752e+003,3.607430e-002
5.617234e+003,1.313010e-002
5.617716e+003,-2.354716e-002
5.618198e+003,-6.674600e-002
5.618680e+003,-1.072632e-001
5.619163e+003,-1.366209e-001
5.619645e+003,-1.495111e-001
5.620127e+003,-1.447895e-001
5.620609e+003,-1.247138e-001
5.621091e+003,-9.297266e-002
5.621573e+003,-5.275780e-002
5.622055e+003,-5.908975e-003
5.622538e+003,4.651759e-002
5.623020e+003,1.028110e-001
5.623501e+003,1.594231e-001
5.623984e+003,2.109539e-001
5.624466e+003,2.515185e-001
5.624948e+003,2.768860e-001
5.625430e+003,2.861886e-001
5.625912e+003,2.822867e-001
5.626395e+003,2.704698e-001
5.626876e+003,2.561151e-001
5.627358e+003,2.424228e-001
5.627841e+003,2.292698e-001
5.628323e+003,2.136261e-001
5.628805e+003,1.912268e-001
5.629287e+003,1.586170e-001
5.629769e+003,1.147298e-001
5.630251e+003,6.141050e-002
5.630733e+003,2.872415e-003
5.631216e+003,-5.551646e-002
5.631698e+003,-1.086200e-001
5.632180e+003,-1.526621e-001
5.632662e+003,-1.858283e-001
5.633144e+003,-2.083583e-001
5.633626e+003,-2.220742e-001
5.634108e+003,-2.294819e-001
5.634590e+003,-2.325987e-001
5.635073e+003,-2.319053e-001
5.635555e+003,-2.258058e-001
5.636037e+003,-2.110381e-001
5.636519e+003,-1.839845e-001
5.637001e+003,-1.425402e-001
5.637483e+003,-8.770093e-002
5.637965e+003,-2.419723e-002
5.638447e+003,4.027833e-002
5.638930e+003,9.696352e-002
5.639412e+003,1.383434e-001
5.639894e+003,1.599068e-001
5.640376e+003,1.607514e-001
5.640858e+003,1.429531e-001
5.641340e+003,1.103057e-001
5.641822e+003,6.717732e-002
5.642305e+003,1.804672e-002
5.642787e+003,-3.230766e-002
5.643269e+003,-7.848505e-002
5.643751e+003,-1.145722e-001
5.644233e+003,-1.350161e-001
5.644715e+003,-1.359973e-001
5.645197e+003,-1.166476e-001
5.645679e+003,-7.947533e-002
5.646162e+003,-2.979490e-002
5.646644e+003,2.554487e-002
5.647125e+003,7.202875e-002
5.647608e+003,1.097062e-001
5.648090e+003,1.344394e-001
5.648572e+003,1.434174e-001
5.649054e+003,1.352430e-001
5.649536e+003,1.102659e-001
5.650019e+003,7.106476e-002
5.650500e+003,2.268696e-002
5.650983e+003,-2.781555e-002
5.651465e+003,-7.268494e-002
5.651947e+003,-1.053784e-001
5.652429e+003,-1.224056e-001
5.652911e+003,-1.243566e-001
5.653394e+003,-1.156057e-001
5.653875e+003,-1.026776e-001
5.654357e+003,-9.182317e-002
5.654840e+003,-8.675359e-002
5.655322e+003,-8.735598e-002
5.655804e+003,-8.991176e-002
5.656286e+003,-8.866312e-002
5.656768e+003,-7.803829e-002
5.657250e+003,-5.466123e-002
5.657732e+003,-1.846001e-002
5.658214e+003,2.740004e-002
5.658697e+003,7.749608e-002
5.659179e+003,1.255783e-001
5.659661e+003,1.658912e-001
5.660143e+003,1.940998e-001
5.660625e+003,2.077147e-001
5.661107e+003,2.061740e-001
5.661589e+003,1.906801e-001
5.662072e+003,1.638676e-001
5.662554e+003,1.292588e-001
5.663036e+003,9.048933e-002
5.663518e+003,5.041891e-002
5.664000e+003,1.042664e-002
5.664482e+003,-2.976294e-002
5.664964e+003,-7.149079e-002
5.665446e+003,-1.158910e-001
5.665929e+003,-1.624060e-001
5.666411e+003,-2.077806e-001
5.666893e+003,-2.461041e-001
5.667375e+003,-2.701666e-001
5.667857e+003,-2.737293e-001
5.668339e+003,-2.539418e-001
5.668821e+003,-2.129278e-001
5.669303e+003,-1.578245e-001
5.669786e+003,-9.920022e-002
5.670268e+003,-4.834137e-002
5.670750e+003,-1.427231e-002
5.671232e+003,-1.485796e-003
5.671714e+003,-8.957836e-003
5.672196e+003,-3.066146e-002
5.672678e+003,-5.728322e-002
5.673161e+003,-7.857319e-002
5.673643e+003,-8.565997e-002
5.674125e+003,-7.287531e-002
5.674607e+003,-3.877816e-002
5.675089e+003,1.360660e-002
5.675571e+003,7.736234e-002
5.676053e+003,1.429067e-001
5.676535e+003,1.997498e-001
5.677018e+003,2.384915e-001
5.677500e+003,2.526291e-001
5.677981e+003,2.396973e-001
5.678464e+003,2.016144e-001
5.678946e+003,1.438375e-001
5.679428e+003,7.390500e-002
5.679910e+003,-2.820754e-004
5.680392e+003,-7.191332e-002
5.680875e+003,-1.361024e-001
5.681356e+003,-1.899911e-001
5.681839e+003,-2.323653e-001
5.682321e+003,-2.630697e-001
5.682803e+003,-2.826457e-001
5.683285e+003,-2.922172e-001
5.683767e+003,-2.935493e-001
5.684250e+003,-2.889754e-001
5.684731e+003,-2.809620e-001
5.685213e+003,-2.713537e-001
5.685696e+003,-2.605989e-001
5.686178e+003,-2.473317e-001
5.686660e+003,-2.287031e-001
5.687142e+003,-2.014064e-001
5.687624e+003,-1.630842e-001
5.688106e+003,-1.135197e-001
5.688588e+003,-5.504463e-002
5.689070e+003,8.079515e-003
5.689553e+003,7.100681e-002
5.690035e+003,1.297853e-001
5.690517e+003,1.821991e-001
5.690999e+003,2.275902e-001
5.691481e+003,2.657074e-001
5.691963e+003,2.951894e-001
5.692445e+003,3.124987e-001
5.692928e+003,3.119789e-001
5.693410e+003,2.872515e-001
5.693892e+003,2.335790e-001
5.694374e+003,1.502939e-001
5.694856e+003,4.239059e-002
5.695338e+003,-7.943916e-002
5.695820e+003,-2.004524e-001
5.696302e+003,-3.048198e-001
5.696785e+003,-3.790734e-001
5.697267e+003,-4.151157e-001
5.697749e+003,-4.118265e-001
5.698231e+003,-3.749302e-001
5.698713e+003,-3.151780e-001
5.699195e+003,-2.455108e-001
5.699677e+003,-1.781099e-001
5.700159e+003,-1.220664e-001
5.700642e+003,-8.222496e-002
5.701124e+003,-5.932815e-002
5.701606e+003,-5.118471e-002
5.702088e+003,-5.445405e-002
5.702570e+003,-6.630792e-002
5.703052e+003,-8.548497e-002
5.703534e+003,-1.123248e-001
5.704017e+003,-1.478323e-001
5.704499e+003,-1.920992e-001
5.704980e+003,-2.427190e-001
5.705463e+003,-2.938531e-001
5.705945e+003,-3.364884e-001
5.706427e+003,-3.600070e-001
5.706909e+003,-3.547386e-001
5.707391e+003,-3.147835e-001
5.707874e+003,-2.401635e-001
5.708355e+003,-1.375923e-001
5.708838e+003,-1.954453e-002
5.709320e+003,9.842389e-002
5.709802e+003,2.009241e-001
5.710284e+003,2.761789e-001
5.710766e+003,3.184097e-001
5.711248e+003,3.285835e-001
5.711730e+003,3.133407e-001
5.712212e+003,2.824837e-001
5.712695e+003,2.458497e-001
5.713177e+003,2.106245e-001
5.713659e+003,1.798582e-001
5.714141e+003,1.526076e-001
5.714623e+003,1.254386e-001
5.715105e+003,9.466085e-002
5.715587e+003,5.842428e-002
5.716069e+003,1.792231e-002
5.716552e+003,-2.275932e-002
5.717034e+003,-5.798351e-002
5.717516e+003,-8.263437e-002
5.717998e+003,-9.404926e-002
5.718480e+003,-9.312256e-002
5.718962e+003,-8.416685e-002
5.719444e+003,-7.354468e-002
5.719927e+003,-6.756166e-002
5.720409e+003,-7.035609e-002
5.720891e+003,-8.246311e-002
5.721373e+003,-1.005825e-001
5.721855e+003,-1.185718e-001
5.722337e+003,-1.293564e-001
5.722819e+003,-1.271522e-001
5.723301e+003,-1.093213e-001
5.723784e+003,-7.737517e-002
5.724266e+003,-3.684031e-002
5.724748e+003,3.916545e-003
5.725230e+003,3.558696e-002
5.725712e+003,5.005917e-002
5.726194e+003,4.231207e-002
5.726676e+003,1.167768e-002
5.727158e+003,-3.776596e-002
5.727641e+003,-9.778300e-002
5.728123e+003,-1.574810e-001
5.728605e+003,-2.054603e-001
5.729087e+003,-2.321939e-001
5.729569e+003,-2.320848e-001
5.730051e+003,-2.046783e-001
5.730533e+003,-1.547028e-001
5.731016e+003,-9.080581e-002
5.731498e+003,-2.326083e-002
5.731979e+003,3.879221e-002
5.732462e+003,8.977842e-002
5.732944e+003,1.289191e-001
5.733426e+003,1.598617e-001
5.733908e+003,1.887405e-001
5.734390e+003,2.213716e-001
5.734873e+003,2.605999e-001
5.735354e+003,3.047491e-001
5.735836e+003,3.477971e-001
5.736319e+003,3.812377e-001
5.736801e+003,3.969876e-001
5.737283e+003,3.902519e-001
5.737765e+003,3.612589e-001
5.738247e+003,3.152174e-001
5.738729e+003,2.605927e-001
5.739211e+003,2.064614e-001
5.739694e+003,1.600646e-001
5.740176e+003,1.252659e-001
5.740658e+003,1.027786e-001
5.741140e+003,9.130846e-002
5.741622e+003,8.903331e-002
5.742104e+003,9.448437e-002
5.742586e+003,1.064013e-001
5.743068e+003,1.227499e-001
5.743551e+003,1.396750e-001
5.744033e+003,1.513117e-001
5.744515e+003,1.509317e-001
5.744997e+003,1.332236e-001
5.745479e+003,9.673434e-002
5.745961e+003,4.520394e-002
5.746443e+003,-1.306558e-002
5.746925e+003,-6.783026e-002
5.747408e+003,-1.104897e-001
5.747890e+003,-1.370264e-001
5.748372e+003,-1.489182e-001
5.748854e+003,-1.514496e-001
5.749336e+003,-1.502143e-001
5.749818e+003,-1.475153e-001
5.750300e+003,-1.405443e-001
5.750783e+003,-1.224826e-001
5.751265e+003,-8.625887e-002
5.751747e+003,-2.929422e-002
5.752229e+003,4.302855e-002
5.752711e+003,1.170814e-001
5.753193e+003,1.744291e-001
5.753675e+003,1.978486e-001
5.754157e+003,1.775676e-001
5.754640e+003,1.151105e-001
5.755122e+003,2.304621e-002
5.755604e+003,-7.922834e-002
5.756086e+003,-1.719659e-001
5.756568e+003,-2.410567e-001
5.757050e+003,-2.812192e-001
5.757532e+003,-2.955015e-001
5.758014e+003,-2.917985e-001
5.758497e+003,-2.783988e-001
5.758979e+003,-2.606454e-001
5.759461e+003,-2.399952e-001
5.759943e+003,-2.154152e-001
5.760425e+003,-1.858644e-001
5.760907e+003,-1.521386e-001
5.761389e+003,-1.169412e-001
5.761872e+003,-8.316506e-002
5.762354e+003,-5.147357e-002
5.762835e+003,-1.880785e-002
5.763318e+003,2.110587e-002
5.763800e+003,7.510073e-002
5.764282e+003,1.469473e-001
5.764764e+003,2.344653e-001
5.765246e+003,3.288927e-001
5.765729e+003,4.170021e-001
5.766210e+003,4.852298e-001
5.766692e+003,5.241255e-001
5.767175e+003,5.313253e-001
5.767657e+003,5.118361e-001
5.768139e+003,4.756331e-001
5.768621e+003,4.336795e-001
5.769103e+003,3.940749e-001
5.769585e+003,3.598475e-001
5.770067e+003,3.290600e-001
5.770550e+003,2.971832e-001
5.771032e+003,2.588682e-001
5.771514e+003,2.112100e-001
5.771996e+003,1.549044e-001
5.772478e+003,9.413631e-002
5.772960e+003,3.538469e-002
5.773442e+003,-1.415329e-002
5.773924e+003,-4.800484e-002
5.774407e+003,-6.146233e-002
5.774889e+003,-5.218695e-002
5.775371e+003,-2.060301e-002
5.775853e+003,2.990205e-002
5.776335e+003,9.303010e-002
5.776817e+003,1.600510e-001
5.777299e+003,2.208642e-001
5.777781e+003,2.656338e-001
5.778264e+003,2.867372e-001
5.778746e+003,2.806463e-001
5.779228e+003,2.491531e-001
5.779710e+003,1.995537e-001
5.780192e+003,1.435344e-001
5.780674e+003,9.484021e-002
5.781156e+003,6.618980e-002
5.781639e+003,6.609507e-002
5.782121e+003,9.632051e-002
5.782603e+003,1.508004e-001
5.783085e+003,2.165038e-001
5.783567e+003,2.763664e-001
5.784049e+003,3.137786e-001
5.784531e+003,3.173938e-001
5.785013e+003,2.847316e-001
5.785496e+003,2.232082e-001
5.785978e+003,1.480598e-001
5.786460e+003,7.781002e-002
5.786942e+003,2.874533e-002
5.787424e+003,1.038186e-002
5.787906e+003,2.339597e-002
5.788388e+003,6.052402e-002
5.788870e+003,1.098523e-001
5.789353e+003,1.590162e-001
5.789834e+003,1.986800e-001
5.790317e+003,2.242554e-001
5.790799e+003,2.356173e-001
5.791281e+003,2.354753e-001
5.791763e+003,2.274822e-001
5.792245e+003,2.149435e-001
5.792728e+003,2.004460e-001
5.793209e+003,1.860901e-001
5.793691e+003,1.736189e-001
5.794174e+003,1.641094e-001
5.794656e+003,1.572535e-001
5.795138e+003,1.508430e-001
5.795620e+003,1.411369e-001
5.796102e+003,1.243471e-001
5.796584e+003,9.872885e-002
5.797066e+003,6.620853e-002
5.797549e+003,3.241312e-002
5.798031e+003,4.732375e-003
5.798513e+003,-1.097810e-002
5.798995e+003,-1.359079e-002
5.799477e+003,-8.098487e-003
5.799959e+003,-4.267156e-003
5.800441e+003,-1.274192e-002
5.800923e+003,-4.019994e-002
5.801406e+003,-8.513046e-002
5.801888e+003,-1.373860e-001
5.802370e+003,-1.831804e-001
5.802852e+003,-2.094403e-001
5.803334e+003,-2.089468e-001
5.803816e+003,-1.829094e-001
5.804298e+003,-1.398572e-001
5.804780e+003,-9.155298e-002
5.805263e+003,-4.809107e-002
5.805745e+003,-1.456638e-002
5.806227e+003,9.165630e-003
5.806709e+003,2.584780e-002
5.807191e+003,3.711789e-002
5.807673e+003,4.101359e-002
5.808155e+003,3.224428e-002
5.808638e+003,5.215173e-003
5.809120e+003,-4.185215e-002
5.809602e+003,-1.039416e-001
5.810084e+003,-1.692706e-001
5.810566e+003,-2.226196e-001
5.811048e+003,-2.505920e-001
5.811530e+003,-2.464157e-001
5.812012e+003,-2.120669e-001
5.812495e+003,-1.568865e-001
5.812977e+003,-9.362376e-002
5.813458e+003,-3.391807e-002
5.813941e+003,1.467198e-002
5.814423e+003,4.907449e-002
5.814905e+003,6.905461e-002
5.815387e+003,7.489321e-002
5.815869e+003,6.614543e-002
5.816352e+003,4.225059e-002
5.816833e+003,4.514978e-003
5.817316e+003,-4.194722e-002
5.817798e+003,-8.789902e-002
5.818280e+003,-1.219834e-001
5.818762e+003,-1.344462e-001
5.819244e+003,-1.208770e-001
5.819727e+003,-8.405349e-002
5.820208e+003,-3.283530e-002
5.820690e+003,2.159240e-002
5.821173e+003,7.036037e-002
5.821655e+003,1.104190e-001
5.822137e+003,1.451616e-001
5.822619e+003,1.820873e-001
5.823101e+003,2.285605e-001
5.823583e+003,2.877156e-001
5.824065e+003,3.562889e-001
5.824547e+003,4.253005e-001
5.825030e+003,4.830898e-001
5.825512e+003,5.192793e-001
5.825994e+003,5.279429e-001
5.826476e+003,5.088858e-001
5.826958e+003,4.669086e-001
5.827440e+003,4.097757e-001
5.827922e+003,3.459725e-001
5.828405e+003,2.830862e-001
5.828887e+003,2.271049e-001
5.829369e+003,1.823672e-001
5.829851e+003,1.516554e-001
5.830333e+003,1.361171e-001
5.830815e+003,1.349422e-001
5.831297e+003,1.451716e-001
5.831779e+003,1.619657e-001
5.832262e+003,1.794107e-001
5.832744e+003,1.922823e-001
5.833226e+003,1.972246e-001
5.833708e+003,1.934621e-001
5.834190e+003,1.826113e-001
5.834672e+003,1.676998e-001
5.835154e+003,1.517584e-001
5.835636e+003,1.365158e-001
5.836119e+003,1.216057e-001
5.836601e+003,1.044381e-001
5.837083e+003,8.073825e-002
5.837565e+003,4.552973e-002
5.838047e+003,-5.605383e-003
5.838529e+003,-7.518970e-002
5.839011e+003,-1.626518e-001
5.839494e+003,-2.635853e-001
5.839976e+003,-3.697474e-001
5.840458e+003,-4.700040e-001
5.840940e+003,-5.521990e-001
5.841422e+003,-6.055993e-001
5.841904e+003,-6.233236e-001
5.842386e+003,-6.040461e-001
5.842868e+003,-5.524387e-001
5.843351e+003,-4.780996e-001
5.843833e+003,-3.932185e-001
5.844314e+003,-3.096555e-001
5.844797e+003,-2.362958e-001
5.845279e+003,-1.774986e-001
5.845761e+003,-1.330837e-001
5.846243e+003,-9.967923e-002
5.846725e+003,-7.289278e-002
5.847208e+003,-4.944119e-002
5.847689e+003,-2.850260e-002
5.848172e+003,-1.187376e-002
5.848654e+003,-2.913208e-003
5.849136e+003,-4.750902e-003
5.849618e+003,-1.856272e-002
5.850100e+003,-4.257454e-002
5.850583e+003,-7.236783e-002
5.851064e+003,-1.023360e-001
5.851546e+003,-1.277792e-001
5.852029e+003,-1.467805e-001
5.852511e+003,-1.610415e-001
5.852993e+003,-1.752550e-001
5.853475e+003,-1.951350e-001
5.853957e+003,-2.248317e-001
5.854439e+003,-2.647469e-001
5.854921e+003,-3.106891e-001
5.855403e+003,-3.547003e-001
5.855886e+003,-3.872716e-001
5.856368e+003,-4.000455e-001
5.856850e+003,-3.880243e-001
5.857332e+003,-3.505477e-001
5.857814e+003,-2.908351e-001
5.858296e+003,-2.145722e-001
5.858778e+003,-1.283143e-001
5.859261e+003,-3.853122e-002
5.859743e+003,4.840386e-002
5.860225e+003,1.255638e-001
5.860707e+003,1.849061e-001
5.861189e+003,2.176370e-001
5.861671e+003,2.158802e-001
5.862153e+003,1.753648e-001
5.862635e+003,9.821209e-002
5.863118e+003,7.957945e-004
5.863600e+003,-1.028223e-001
5.864082e+003,-1.923421e-001
5.864564e+003,-2.477819e-001
5.865046e+003,-2.544260e-001
5.865528e+003,-2.070141e-001
5.866010e+003,-1.118156e-001
5.866492e+003,1.420889e-002
5.866975e+003,1.471231e-001
5.867457e+003,2.616461e-001
5.867939e+003,3.371468e-001
5.868421e+003,3.623360e-001
5.868903e+003,3.373708e-001
5.869385e+003,2.728797e-001
5.869867e+003,1.862863e-001
5.870350e+003,9.668049e-002
5.870832e+003,1.983322e-002
5.871313e+003,-3.514404e-002
5.871796e+003,-6.679993e-002
5.872278e+003,-8.007102e-002
5.872760e+003,-8.359909e-002
5.873242e+003,-8.672486e-002
5.873724e+003,-9.708911e-002
5.874207e+003,-1.192499e-001
5.874688e+003,-1.542497e-001
5.875171e+003,-1.997425e-001
5.875653e+003,-2.503814e-001
5.876135e+003,-2.983918e-001
5.876617e+003,-3.345512e-001
5.877099e+003,-3.497748e-001
5.877581e+003,-3.372518e-001
5.878063e+003,-2.946503e-001
5.878545e+003,-2.256370e-001
5.879028e+003,-1.399510e-001
5.879510e+003,-5.177106e-002
5.879992e+003,2.339556e-002
5.880474e+003,7.243786e-002
5.880956e+003,8.781617e-002
5.881438e+003,6.916849e-002
5.881920e+003,2.284119e-002
5.882402e+003,-4.028061e-002
5.882885e+003,-1.076549e-001
5.883367e+003,-1.675438e-001
5.883849e+003,-2.104122e-001
5.884331e+003,-2.292930e-001
5.884813e+003,-2.197279e-001
5.885295e+003,-1.799383e-001
5.885777e+003,-1.115145e-001
5.886260e+003,-2.033622e-002
5.886742e+003,8.303789e-002
5.887224e+003,1.842477e-001
5.887706e+003,2.675411e-001
5.888188e+003,3.192357e-001
5.888670e+003,3.311539e-001
5.889152e+003,3.027381e-001
5.889634e+003,2.410248e-001
5.890117e+003,1.583855e-001
5.890599e+003,6.894055e-002
5.891081e+003,-1.504156e-002
5.891563e+003,-8.548021e-002
5.892045e+003,-1.389223e-001
5.892527e+003,-1.753305e-001
5.893009e+003,-1.961285e-001
5.893491e+003,-2.026180e-001
5.893974e+003,-1.991305e-001
5.894456e+003,-1.864774e-001
5.894938e+003,-1.661175e-001
5.895420e+003,-1.411657e-001
5.895902e+003,-1.163387e-001
5.896384e+003,-9.653551e-002
5.896866e+003,-8.461074e-002
5.897349e+003,-7.971222e-002
5.897831e+003,-7.730563e-002
5.898313e+003,-7.124215e-002
5.898795e+003,-5.702952e-002
5.899277e+003,-3.462364e-002
5.899759e+003,-9.223092e-003
5.900241e+003,1.056333e-002
5.900723e+003,1.644823e-002
5.901206e+003,4.264800e-003
5.901688e+003,-2.402609e-002
5.902169e+003,-6.117708e-002
5.902652e+003,-9.785630e-002
5.903134e+003,-1.265538e-001
5.903616e+003,-1.442064e-001
5.904098e+003,-1.522767e-001
5.904580e+003,-1.544139e-001
5.905063e+003,-1.532015e-001
5.905544e+003,-1.479009e-001
5.906027e+003,-1.345455e-001
5.906509e+003,-1.083898e-001
5.906991e+003,-6.734387e-002
5.907473e+003,-1.455598e-002
5.907955e+003,4.137608e-002
5.908438e+003,8.884557e-002
5.908919e+003,1.172406e-001
5.909401e+003,1.206779e-001
5.909884e+003,9.965872e-002
5.910366e+003,6.005251e-002
5.910848e+003,1.013484e-002
5.911330e+003,-4.272433e-002
5.911812e+003,-9.413643e-002
5.912294e+003,-1.427904e-001
5.912776e+003,-1.889320e-001
5.913258e+003,-2.322844e-001
5.913741e+003,-2.706454e-001
5.914223e+003,-2.998509e-001
5.914705e+003,-3.149232e-001
5.915187e+003,-3.116699e-001
5.915669e+003,-2.878667e-001
5.916151e+003,-2.435868e-001
5.916633e+003,-1.808509e-001
5.917116e+003,-1.031807e-001
5.917598e+003,-1.554286e-002
5.918080e+003,7.520609e-002
5.918562e+003,1.599476e-001
5.919044e+003,2.276804e-001
5.919526e+003,2.672491e-001
5.920008e+003,2.702394e-001
5.920490e+003,2.340679e-001
5.920973e+003,1.639114e-001
5.921455e+003,7.235621e-002
5.921937e+003,-2.341705e-002
5.922419e+003,-1.060348e-001
5.922901e+003,-1.623337e-001
5.923383e+003,-1.862409e-001
5.923865e+003,-1.792520e-001
5.924347e+003,-1.486649e-001
5.924830e+003,-8.928910e-002
5.925312e+003,-2.604883e-002
5.925794e+003,3.181125e-002
5.926276e+003,7.723917e-002
5.926758e+003,1.048950e-001
5.927240e+003,1.108254e-001
5.927722e+003,9.293789e-002
5.928205e+003,5.220827e-002
5.928687e+003,-6.231469e-003
5.929168e+003,-7.318232e-002
5.929651e+003,-1.372312e-001
5.930133e+003,-1.879316e-001
5.930615e+003,-2.190241e-001
5.931097e+003,-2.301369e-001
5.931579e+003,-2.260350e-001
5.932062e+003,-2.136480e-001
5.932543e+003,-1.983009e-001
5.933025e+003,-1.810349e-001
5.933508e+003,-1.585236e-001
5.933990e+003,-1.257627e-001
5.934472e+003,-8.035179e-002
5.934954e+003,-2.615281e-002
5.935436e+003,2.573283e-002
5.935918e+003,5.954206e-002
5.936400e+003,6.021670e-002
5.936883e+003,1.935131e-002
5.937365e+003,-6.082851e-002
5.937847e+003,-1.672305e-001
5.938329e+003,-2.794619e-001
5.938811e+003,-3.757192e-001
5.939293e+003,-4.385503e-001
5.939775e+003,-4.583781e-001
5.940257e+003,-4.338729e-001
5.940740e+003,-3.697433e-001
5.941222e+003,-2.736317e-001
5.941704e+003,-1.538886e-001
5.942186e+003,-1.912660e-002
5.942668e+003,1.208405e-001
5.943150e+003,2.539554e-001
5.943632e+003,3.662850e-001
5.944114e+003,4.444232e-001
5.944597e+003,4.793341e-001
5.945079e+003,4.699036e-001
5.945561e+003,4.243354e-001
5.946043e+003,3.582493e-001
5.946525e+003,2.899127e-001
5.947007e+003,2.342956e-001
5.947489e+003,1.983527e-001
5.947972e+003,1.794024e-001
5.948454e+003,1.672937e-001
5.948936e+003,1.493434e-001
5.949418e+003,1.159756e-001
5.949900e+003,6.464916e-002
5.950382e+003,6.455861e-004
5.950864e+003,-6.543858e-002
5.951346e+003,-1.221531e-001
5.951829e+003,-1.616027e-001
5.952311e+003,-1.819393e-001
5.952793e+003,-1.870351e-001
5.953275e+003,-1.837471e-001
5.953757e+003,-1.781636e-001
5.954239e+003,-1.726423e-001
5.954721e+003,-1.649654e-001
5.955203e+003,-1.499754e-001
5.955686e+003,-1.221672e-001
5.956167e+003,-8.201873e-002
5.956650e+003,-3.493110e-002
5.957132e+003,8.452587e-003
5.957614e+003,3.537444e-002
5.958096e+003,3.554327e-002
5.958578e+003,5.352397e-003
5.959061e+003,-4.997503e-002
5.959542e+003,-1.173857e-001
5.960024e+003,-1.800334e-001
5.960507e+003,-2.230140e-001
5.960989e+003,-2.386526e-001
5.961471e+003,-2.291935e-001
5.961953e+003,-2.055594e-001
5.962435e+003,-1.826207e-001
5.962917e+003,-1.728061e-001
5.963399e+003,-1.807977e-001
5.963881e+003,-2.015608e-001
5.964364e+003,-2.226036e-001
5.964846e+003,-2.295284e-001
5.965328e+003,-2.125090e-001
5.965810e+003,-1.707634e-001
5.966292e+003,-1.130754e-001
5.966774e+003,-5.409616e-002
5.967256e+003,-8.156047e-003
5.967739e+003,1.652463e-002
5.968221e+003,2.066506e-002
5.968703e+003,1.260957e-002
5.969185e+003,3.722834e-003
5.969667e+003,2.839100e-003
5.970149e+003,1.246141e-002
5.970631e+003,2.852369e-002
5.971113e+003,4.356964e-002
5.971596e+003,5.155076e-002
5.972078e+003,5.161196e-002
5.972560e+003,4.886178e-002
5.973042e+003,5.173765e-002
5.973524e+003,6.739361e-002
5.974006e+003,9.756555e-002
5.974488e+003,1.371285e-001
5.974970e+003,1.761774e-001
5.975453e+003,2.045899e-001
5.975935e+003,2.167867e-001
5.976417e+003,2.143316e-001
5.976899e+003,2.051274e-001
5.977381e+003,1.997782e-001
5.977863e+003,2.069041e-001
5.978345e+003,2.296854e-001
5.978828e+003,2.650886e-001
5.979310e+003,3.058209e-001
5.979792e+003,3.436842e-001
5.980274e+003,3.724563e-001
5.980756e+003,3.889380e-001
5.981238e+003,3.920872e-001
5.981720e+003,3.813025e-001
5.982202e+003,3.553981e-001
5.982685e+003,3.132577e-001
5.983167e+003,2.558936e-001
5.983649e+003,1.885793e-001
5.984131e+003,1.213446e-001
5.984613e+003,6.687001e-002
5.985095e+003,3.622251e-002
5.985577e+003,3.421452e-002
5.986059e+003,5.672252e-002
5.986542e+003,9.143783e-002
5.987023e+003,1.222756e-001
5.987506e+003,1.352827e-001
5.987988e+003,1.238733e-001
5.988470e+003,9.088661e-002
5.988952e+003,4.672217e-002
5.989434e+003,4.414137e-003
5.989917e+003,-2.597605e-002
5.990398e+003,-4.107026e-002
5.990880e+003,-4.440894e-002
5.991363e+003,-4.344320e-002
5.991845e+003,-4.503114e-002
5.992327e+003,-5.188156e-002
5.992809e+003,-6.156112e-002
5.993291e+003,-6.843600e-002
5.993773e+003,-6.728919e-002
5.994255e+003,-5.662082e-002
5.994738e+003,-3.990609e-002
5.995220e+003,-2.426697e-002
5.995702e+003,-1.728253e-002
5.996184e+003,-2.366217e-002
5.996666e+003,-4.328634e-002
5.997148e+003,-7.142901e-002
5.997630e+003,-1.008253e-001
5.998112e+003,-1.244278e-001
5.998595e+003,-1.375727e-001
5.999077e+003,-1.387454e-001
5.999559e+003,-1.289548e-001
6.000041e+003,-1.104540e-001
6.000523e+003,-8.564249e-002
6.001005e+003,-5.671771e-002
6.001487e+003,-2.596503e-002
6.001969e+003,3.781708e-003
6.002452e+003,2.912982e-002
6.002934e+003,4.672363e-002
6.003416e+003,5.425830e-002
6.003898e+003,5.128779e-002
6.004380e+003,3.936012e-002
6.004862e+003,2.134162e-002
6.005344e+003,2.998883e-004
6.005827e+003,-2.143897e-002
6.006309e+003,-4.256664e-002
6.006791e+003,-6.228897e-002
6.007273e+003,-7.944888e-002
6.007755e+003,-9.191617e-002
6.008237e+003,-9.659495e-002
6.008719e+003,-9.023676e-002
6.009201e+003,-7.056374e-002
6.009684e+003,-3.723592e-002
6.010166e+003,7.895019e-003
6.010647e+003,6.117654e-002
6.011130e+003,1.179415e-001
6.011612e+003,1.730870e-001
6.012094e+003,2.212610e-001
6.012576e+003,2.567723e-001
6.013058e+003,2.737150e-001
6.013541e+003,2.667871e-001
6.014022e+003,2.328978e-001
6.014505e+003,1.729455e-001
6.014987e+003,9.295242e-002
6.015469e+003,3.606108e-003
6.015951e+003,-8.199209e-002
6.016433e+003,-1.517537e-001
6.016916e+003,-1.979423e-001
6.017397e+003,-2.191874e-001
6.017879e+003,-2.197972e-001
6.018362e+003,-2.077593e-001
6.018844e+003,-1.912878e-001
6.019326e+003,-1.760225e-001
6.019808e+003,-1.638338e-001
6.020290e+003,-1.535760e-001
6.020772e+003,-1.431332e-001
6.021254e+003,-1.314930e-001
6.021736e+003,-1.196663e-001
6.022219e+003,-1.100936e-001
6.022701e+003,-1.049554e-001
6.023183e+003,-1.045846e-001
6.023665e+003,-1.070167e-001
6.024147e+003,-1.091363e-001
6.024629e+003,-1.088729e-001
6.025111e+003,-1.072346e-001
6.025594e+003,-1.089066e-001
6.026076e+003,-1.208314e-001
6.026558e+003,-1.492040e-001
6.027040e+003,-1.962100e-001
6.027522e+003,-2.580020e-001
6.028004e+003,-3.249520e-001
6.028486e+003,-3.842359e-001
6.028968e+003,-4.237582e-001
6.029451e+003,-4.357952e-001
6.029933e+003,-4.189062e-001
6.030415e+003,-3.774258e-001
6.030897e+003,-3.191158e-001
6.031379e+003,-2.522024e-001
6.031861e+003,-1.831529e-001
6.032343e+003,-1.159447e-001
6.032825e+003,-5.265624e-002
6.033308e+003,5.290336e-003
6.033790e+003,5.622578e-002
6.034272e+003,9.817139e-002
6.034754e+003,1.295353e-001
6.035236e+003,1.499755e-001
6.035718e+003,1.606925e-001
6.036200e+003,1.637800e-001
6.036683e+003,1.608822e-001
6.037165e+003,1.519623e-001
6.037646e+003,1.349669e-001
6.038129e+003,1.069195e-001
6.038611e+003,6.607162e-002
6.039093e+003,1.418112e-002
6.039575e+003,-4.232806e-002
6.040057e+003,-9.318799e-002
6.040540e+003,-1.270712e-001
6.041021e+003,-1.354099e-001
6.041503e+003,-1.156962e-001
6.041986e+003,-7.286340e-002
6.042468e+003,-1.801193e-002
6.042950e+003,3.512289e-002
6.043432e+003,7.472910e-002
6.043914e+003,9.476001e-002
6.044396e+003,9.668224e-002
6.044878e+003,8.846901e-002
6.045361e+003,8.133645e-002
6.045843e+003,8.560403e-002
6.046325e+003,1.072933e-001
6.046807e+003,1.466660e-001
6.047289e+003,1.990139e-001
6.047771e+003,2.570522e-001
6.048253e+003,3.138413e-001
6.048735e+003,3.643636e-001
6.049218e+003,4.063272e-001
6.049700e+003,4.390582e-001
6.050182e+003,4.619226e-001
6.050664e+003,4.731613e-001
6.051146e+003,4.699500e-001
6.051628e+003,4.496720e-001
6.052110e+003,4.118004e-001
6.052592e+003,3.592785e-001
6.053075e+003,2.984556e-001
6.053557e+003,2.373444e-001
6.054039e+003,1.827804e-001
6.054521e+003,1.377464e-001
6.055003e+003,1.001968e-001
6.055485e+003,6.408942e-002
6.055967e+003,2.245860e-002
6.056450e+003,-2.865554e-002
6.056932e+003,-8.712174e-002
6.057414e+003,-1.439590e-001
6.057896e+003,-1.855732e-001
6.058378e+003,-1.983532e-001
6.058860e+003,-1.739203e-001
6.059342e+003,-1.129377e-001
6.059824e+003,-2.592037e-002
6.060307e+003,6.942620e-002
6.060789e+003,1.533002e-001
6.061271e+003,2.095679e-001
6.061753e+003,2.301092e-001
6.062235e+003,2.163472e-001
6.062717e+003,1.777179e-001
6.063199e+003,1.278653e-001
6.063681e+003,8.019321e-002
6.064164e+003,4.422870e-002
6.064646e+003,2.390234e-002
6.065128e+003,1.783677e-002
6.065610e+003,2.113363e-002
6.066092e+003,2.763697e-002
6.066574e+003,3.190685e-002
6.067056e+003,3.036452e-002
6.067539e+003,2.169590e-002
6.068021e+003,6.745995e-003
6.068502e+003,-1.184390e-002
6.068985e+003,-3.010884e-002
6.069467e+003,-4.345962e-002
6.069949e+003,-4.770324e-002
6.070431e+003,-4.029797e-002
6.070913e+003,-2.155134e-002
6.071396e+003,4.736713e-003
6.071877e+003,3.159797e-002
6.072360e+003,5.028357e-002
6.072842e+003,5.246956e-002
6.073324e+003,3.262147e-002
6.073806e+003,-1.018208e-002
6.074288e+003,-7.160529e-002
6.074770e+003,-1.427569e-001
6.075252e+003,-2.120397e-001
6.075734e+003,-2.675988e-001
6.076217e+003,-2.997040e-001
6.076699e+003,-3.025165e-001
6.077181e+003,-2.750002e-001
6.077663e+003,-2.209294e-001
6.078145e+003,-1.481314e-001
6.078627e+003,-6.711577e-002
6.079109e+003,1.019215e-002
6.079591e+003,7.430210e-002
6.080074e+003,1.182747e-001
6.080556e+003,1.396350e-001
6.081038e+003,1.407859e-001
6.081520e+003,1.282517e-001
6.082002e+003,1.109035e-001
6.082484e+003,9.762599e-002
6.082966e+003,9.507804e-002
6.083449e+003,1.062152e-001
6.083931e+003,1.299900e-001
6.084413e+003,1.621837e-001
6.084895e+003,1.969732e-001
6.085377e+003,2.286725e-001
6.085859e+003,2.530176e-001
6.086341e+003,2.678025e-001
6.086823e+003,2.728248e-001
6.087306e+003,2.694468e-001
6.087788e+003,2.600738e-001
6.088270e+003,2.477438e-001
6.088752e+003,2.357643e-001
6.089234e+003,2.272418e-001
6.089716e+003,2.243929e-001
6.090198e+003,2.276796e-001
6.090680e+003,2.351243e-001
6.091163e+003,2.422365e-001
6.091645e+003,2.428714e-001
6.092127e+003,2.310606e-001
6.092609e+003,2.032279e-001
6.093091e+003,1.601781e-001
6.093573e+003,1.078127e-001
6.094055e+003,5.623766e-002
6.094538e+003,1.724047e-002
6.095020e+003,9.655129e-004
6.095501e+003,1.290027e-002
6.095984e+003,5.232480e-002
6.096466e+003,1.128009e-001
6.096948e+003,1.844021e-001
6.097430e+003,2.568544e-001
6.097912e+003,3.223289e-001
6.098395e+003,3.768758e-001
6.098876e+003,4.200807e-001
6.099358e+003,4.532426e-001
6.099841e+003,4.770620e-001
6.100323e+003,4.898826e-001
6.100805e+003,4.874149e-001
6.101287e+003,4.640904e-001
6.101769e+003,4.155598e-001
6.102251e+003,3.413305e-001
6.102733e+003,2.464966e-001
6.103216e+003,1.417886e-001
6.103698e+003,4.187198e-002
6.104180e+003,-3.765047e-002
6.104662e+003,-8.357164e-002
6.105144e+003,-8.794662e-002
6.105626e+003,-4.979731e-002
6.106108e+003,2.445925e-002
6.106590e+003,1.217873e-001
6.107073e+003,2.243185e-001
6.107555e+003,3.119571e-001
6.108037e+003,3.656719e-001
6.108519e+003,3.711828e-001
6.109001e+003,3.223980e-001
6.109483e+003,2.237268e-001
6.109965e+003,9.472235e-002
6.110447e+003,-4.630218e-002
6.110930e+003,-1.721140e-001
6.111412e+003,-2.579338e-001
6.111894e+003,-2.874979e-001
6.112376e+003,-2.571536e-001
6.112858e+003,-1.767778e-001
6.113340e+003,-6.718058e-002
6.113822e+003,4.528039e-002
6.114305e+003,1.352934e-001
6.114787e+003,1.844932e-001
6.115269e+003,1.850664e-001
6.115751e+003,1.403232e-001
6.116233e+003,6.252068e-002
6.116715e+003,-3.112452e-002
6.117197e+003,-1.229283e-001
6.117679e+003,-1.985312e-001
6.118162e+003,-2.491782e-001
6.118644e+003,-2.721541e-001
6.119125e+003,-2.696530e-001
6.119608e+003,-2.467333e-001
6.120090e+003,-2.092008e-001
6.120572e+003,-1.621645e-001
6.121054e+003,-1.096586e-001
6.121536e+003,-5.530235e-002
6.122019e+003,-3.516013e-003
6.122500e+003,3.952635e-002
6.122983e+003,6.603356e-002
6.123465e+003,6.826895e-002
6.123947e+003,4.151321e-002
6.124429e+003,-1.269180e-002
6.124911e+003,-8.451466e-002
6.125394e+003,-1.563678e-001
6.125875e+003,-2.066891e-001
6.126357e+003,-2.162513e-001
6.126840e+003,-1.750917e-001
6.127322e+003,-8.738509e-002
6.127804e+003,2.803050e-002
6.128286e+003,1.423653e-001
6.128768e+003,2.256745e-001
6.129250e+003,2.568689e-001
6.129732e+003,2.312532e-001
6.130214e+003,1.626826e-001
6.130697e+003,7.925738e-002
6.131179e+003,1.394471e-002
6.131661e+003,-6.477602e-003
6.132143e+003,2.978483e-002
6.132625e+003,1.161173e-001
6.133107e+003,2.305747e-001
6.133589e+003,3.440531e-001
6.134072e+003,4.303960e-001
6.134554e+003,4.745943e-001
6.135036e+003,4.762412e-001
6.135518e+003,4.474953e-001
6.136000e+003,4.069390e-001
6.136482e+003,3.721524e-001
6.136964e+003,3.538447e-001
6.137446e+003,3.534196e-001
6.137929e+003,3.642466e-001
6.138411e+003,3.755047e-001
6.138893e+003,3.766541e-001
6.139375e+003,3.607244e-001
6.139857e+003,3.254271e-001
6.140339e+003,2.722026e-001
6.140821e+003,2.035479e-001
6.141303e+003,1.232268e-001
6.141786e+003,3.430089e-002
6.142268e+003,-6.013699e-002
6.142750e+003,-1.559609e-001
6.143232e+003,-2.473024e-001
6.143714e+003,-3.268327e-001
6.144196e+003,-3.871510e-001
6.144678e+003,-4.227394e-001
6.145161e+003,-4.316750e-001
6.145643e+003,-4.162349e-001
6.146125e+003,-3.820845e-001
6.146607e+003,-3.363188e-001
6.147089e+003,-2.851595e-001
6.147571e+003,-2.322660e-001
6.148053e+003,-1.783092e-001
6.148535e+003,-1.218708e-001
6.149018e+003,-6.111651e-002
6.149500e+003,4.574058e-003
6.149982e+003,7.371397e-002
6.150464e+003,1.427860e-001
6.150946e+003,2.070339e-001
6.151428e+003,2.614125e-001
6.151910e+003,3.012608e-001
6.152392e+003,3.225654e-001
6.152875e+003,3.220977e-001
6.153356e+003,2.978294e-001
6.153839e+003,2.497917e-001
6.154321e+003,1.811019e-001
6.154803e+003,9.847149e-002
6.155285e+003,1.147468e-002
6.155767e+003,-6.965604e-002
6.156250e+003,-1.371698e-001
6.156731e+003,-1.885838e-001
6.157213e+003,-2.276275e-001
6.157696e+003,-2.625416e-001
6.158178e+003,-3.020983e-001
6.158660e+003,-3.508764e-001
6.159142e+003,-4.059980e-001
6.159624e+003,-4.569524e-001
6.160106e+003,-4.889748e-001
6.160588e+003,-4.887517e-001
6.161071e+003,-4.499630e-001
6.161553e+003,-3.761852e-001
6.162035e+003,-2.796724e-001
6.162517e+003,-1.765839e-001
6.162999e+003,-8.088494e-002
6.163481e+003,2.344433e-004
6.163963e+003,6.733259e-002
6.164445e+003,1.258838e-001
6.164928e+003,1.812730e-001
6.165410e+003,2.343120e-001
6.165892e+003,2.796602e-001
6.166374e+003,3.079757e-001
6.166856e+003,3.106755e-001
6.167338e+003,2.848111e-001
6.167820e+003,2.354158e-001
6.168302e+003,1.740123e-001
6.168785e+003,1.139291e-001
6.169267e+003,6.474944e-002
6.169749e+003,2.879554e-002
6.170231e+003,1.351580e-003
6.170713e+003,-2.551333e-002
6.171195e+003,-5.774189e-002
6.171677e+003,-8.991821e-002
6.172160e+003,-1.201041e-001
6.172642e+003,-1.392797e-001
6.173124e+003,-1.420942e-001
6.173606e+003,-1.313275e-001
6.174088e+003,-1.182202e-001
6.174570e+003,-1.181456e-001
6.175052e+003,-1.434932e-001
6.175534e+003,-1.972024e-001
6.176017e+003,-2.701613e-001
6.176499e+003,-3.439319e-001
6.176980e+003,-3.977066e-001
6.177463e+003,-4.163645e-001
6.177945e+003,-3.960007e-001
6.178427e+003,-3.444733e-001
6.178909e+003,-2.769352e-001
6.179391e+003,-2.087189e-001
6.179874e+003,-1.490845e-001
6.180355e+003,-9.879199e-002
6.180838e+003,-5.242541e-002
6.181320e+003,-3.936698e-003
6.181802e+003,4.764602e-002
6.182284e+003,9.538898e-002
6.182766e+003,1.260576e-001
6.183249e+003,1.254888e-001
6.183730e+003,8.525281e-002
6.184212e+003,7.464294e-003
6.184695e+003,-9.459824e-002
6.185177e+003,-2.003614e-001
6.185659e+003,-2.887017e-001
6.186141e+003,-3.445791e-001
6.186623e+003,-3.629177e-001
6.187105e+003,-3.483686e-001
6.187587e+003,-3.115220e-001
6.188069e+003,-2.635487e-001
6.188552e+003,-2.117458e-001
6.189034e+003,-1.578064e-001
6.189516e+003,-9.929879e-002
6.189998e+003,-3.327989e-002
6.190480e+003,3.988879e-002
6.190962e+003,1.145089e-001
6.191444e+003,1.803929e-001
6.191927e+003,2.262542e-001
6.192409e+003,2.442524e-001
6.192891e+003,2.337680e-001
6.193373e+003,2.026490e-001
6.193855e+003,1.653267e-001
6.194337e+003,1.383060e-001
6.194819e+003,1.346361e-001
6.195301e+003,1.595190e-001
6.195784e+003,2.086069e-001
6.196266e+003,2.696590e-001
6.196748e+003,3.267935e-001
6.197230e+003,3.656577e-001
6.197712e+003,3.775211e-001
6.198194e+003,3.607877e-001
6.198676e+003,3.195575e-001
6.199158e+003,2.602054e-001
6.199641e+003,1.878188e-001
6.200123e+003,1.043087e-001
6.200605e+003,9.212117e-003
6.201087e+003,-9.728105e-002
6.201569e+003,-2.106354e-001
6.202051e+003,-3.197496e-001
6.202533e+003,-4.067468e-001
6.203016e+003,-4.537745e-001
6.203498e+003,-4.462774e-001
6.203979e+003,-3.797837e-001
6.204462e+003,-2.629960e-001
6.204944e+003,-1.165575e-001
6.205426e+003,3.235946e-002
6.205908e+003,1.577892e-001
6.206390e+003,2.423054e-001
6.206873e+003,2.813998e-001
6.207354e+003,2.834557e-001
6.207836e+003,2.657189e-001
6.208319e+003,2.479409e-001
6.208801e+003,2.461105e-001
6.209283e+003,2.682814e-001
6.209765e+003,3.134324e-001
6.210247e+003,3.730355e-001
6.210729e+003,4.343315e-001
6.211211e+003,4.839639e-001
6.211694e+003,5.111453e-001
6.212176e+003,5.098942e-001
6.212658e+003,4.802368e-001
6.213140e+003,4.282718e-001
6.213622e+003,3.649097e-001
6.214104e+003,3.032517e-001
6.214586e+003,2.550183e-001
6.215068e+003,2.270421e-001
6.215551e+003,2.191137e-001
6.216033e+003,2.242480e-001
6.216515e+003,2.315301e-001
6.216997e+003,2.306693e-001
6.217479e+003,2.165391e-001
6.217961e+003,1.917682e-001
6.218443e+003,1.661676e-001
6.218925e+003,1.528755e-001
6.219408e+003,1.626767e-001
6.219890e+003,1.987582e-001
6.220372e+003,2.541833e-001
6.220854e+003,3.132716e-001
6.221336e+003,3.564150e-001
6.221818e+003,3.664190e-001
6.222300e+003,3.338663e-001
6.222783e+003,2.595100e-001
6.223265e+003,1.531443e-001
6.223747e+003,2.991310e-002
6.224229e+003,-9.401365e-002
6.224711e+003,-2.046605e-001
6.225193e+003,-2.914934e-001
6.225675e+003,-3.470430e-001
6.226157e+003,-3.659189e-001
6.226640e+003,-3.444163e-001
6.227122e+003,-2.812687e-001
6.227604e+003,-1.792690e-001
6.228086e+003,-4.684289e-002
6.228568e+003,1.015055e-001
6.229050e+003,2.465330e-001
6.229532e+003,3.673492e-001
6.230014e+003,4.456241e-001
6.230497e+003,4.697421e-001
6.230979e+003,4.377692e-001
6.231461e+003,3.583220e-001
6.231943e+003,2.489732e-001
6.232425e+003,1.324317e-001
6.232907e+003,3.131526e-002
6.233389e+003,-3.688101e-002
6.233872e+003,-6.592754e-002
6.234354e+003,-6.087169e-002
6.234835e+003,-3.735846e-002
6.235318e+003,-1.670430e-002
6.235800e+003,-1.884262e-002
6.236282e+003,-5.529259e-002
6.236764e+003,-1.245113e-001
6.237246e+003,-2.114832e-001
6.237729e+003,-2.921600e-001
6.238210e+003,-3.414538e-001
6.238693e+003,-3.421658e-001
6.239175e+003,-2.915126e-001
6.239657e+003,-2.027761e-001
6.240139e+003,-1.013828e-001
6.240621e+003,-1.686429e-002
6.241103e+003,2.644338e-002
6.241585e+003,1.673122e-002
6.242067e+003,-4.236357e-002
6.242550e+003,-1.338854e-001
6.243032e+003,-2.336396e-001
6.243514e+003,-3.176608e-001
6.243996e+003,-3.684468e-001
6.244478e+003,-3.782017e-001
6.244960e+003,-3.488877e-001
6.245442e+003,-2.899572e-001
6.245924e+003,-2.151226e-001
6.246407e+003,-1.393311e-001
6.246889e+003,-7.638843e-002
6.247371e+003,-3.718737e-002
6.247853e+003,-2.839520e-002
6.248335e+003,-5.154241e-002
6.248817e+003,-1.026947e-001
6.249299e+003,-1.730496e-001
6.249782e+003,-2.506336e-001
6.250264e+003,-3.228118e-001
6.250746e+003,-3.790082e-001
6.251228e+003,-4.126700e-001
6.251710e+003,-4.218851e-001
6.252192e+003,-4.085239e-001
6.252674e+003,-3.765051e-001
6.253156e+003,-3.300994e-001
6.253639e+003,-2.729445e-001
6.254121e+003,-2.080502e-001
6.254603e+003,-1.382828e-001
6.255085e+003,-6.680032e-002
6.255567e+003,3.127304e-003
6.256049e+003,6.867950e-002
6.256531e+003,1.280382e-001
6.257013e+003,1.802448e-001
6.257496e+003,2.242290e-001
6.257978e+003,2.573985e-001
6.258460e+003,2.748537e-001
6.258942e+003,2.700168e-001
6.259424e+003,2.370931e-001
6.259906e+003,1.744991e-001
6.260388e+003,8.777755e-002
6.260871e+003,-9.629029e-003
6.261353e+003,-9.869151e-002
6.261834e+003,-1.598880e-001
6.262317e+003,-1.794437e-001
6.262799e+003,-1.544119e-001
6.263281e+003,-9.452372e-002
6.263763e+003,-1.977336e-002
6.264245e+003,4.722808e-002
6.264728e+003,8.573768e-002
6.265209e+003,8.464483e-002
6.265691e+003,4.569304e-002
6.266174e+003,-1.743718e-002
6.266656e+003,-8.382960e-002
6.267138e+003,-1.320146e-001
6.267620e+003,-1.465404e-001
6.268102e+003,-1.223817e-001
6.268584e+003,-6.597485e-002
6.269066e+003,7.222829e-003
6.269549e+003,7.774010e-002
6.270031e+003,1.281622e-001
6.270513e+003,1.482362e-001
6.270995e+003,1.374216e-001
6.271477e+003,1.039822e-001
6.271959e+003,6.108629e-002
6.272441e+003,2.149427e-002
6.272923e+003,-7.059834e-003
6.273406e+003,-2.396253e-002
6.273888e+003,-3.455529e-002
6.274370e+003,-4.643683e-002
6.274852e+003,-6.488144e-002
6.275334e+003,-8.952595e-002
6.275816e+003,-1.138838e-001
6.276298e+003,-1.279241e-001
6.276780e+003,-1.225536e-001
6.277263e+003,-9.397566e-002
6.277745e+003,-4.577979e-002
6.278227e+003,1.208047e-002
6.278709e+003,6.706398e-002
6.279191e+003,1.086942e-001
6.279673e+003,1.320657e-001
6.280155e+003,1.387566e-001
6.280638e+003,1.350118e-001
6.281120e+003,1.285180e-001
6.281602e+003,1.254178e-001
6.282084e+003,1.289206e-001
6.282566e+003,1.398457e-001
6.283048e+003,1.581961e-001
6.283530e+003,1.846001e-001
6.284012e+003,2.203820e-001
6.284495e+003,2.661940e-001
6.284977e+003,3.198674e-001
6.285458e+003,3.749721e-001
6.285941e+003,4.211904e-001
6.286423e+003,4.468017e-001
6.286905e+003,4.424922e-001
6.287387e+003,4.049665e-001
6.287869e+003,3.388303e-001
6.288352e+003,2.558066e-001
6.288833e+003,1.715751e-001
6.289316e+003,1.014221e-001
6.289798e+003,5.627420e-002
6.290280e+003,4.047785e-002
6.290762e+003,5.180602e-002
6.291244e+003,8.330492e-002
6.291727e+003,1.261980e-001
6.292208e+003,1.726526e-001
6.292690e+003,2.176343e-001
6.293173e+003,2.593890e-001
6.293655e+003,2.985797e-001
6.294137e+003,3.366193e-001
6.294619e+003,3.738957e-001
6.295101e+003,4.061991e-001
6.295583e+003,4.331980e-001
6.296065e+003,4.529933e-001
6.296547e+003,4.635379e-001
6.297030e+003,4.638821e-001
6.297512e+003,4.550028e-001
6.297994e+003,4.397192e-001
6.298476e+003,4.215414e-001
6.298958e+003,4.029770e-001
6.299440e+003,3.842190e-001
6.299922e+003,3.630493e-001
6.300405e+003,3.363222e-001
6.300887e+003,3.024309e-001
6.301369e+003,2.635734e-001
6.301851e+003,2.264135e-001
6.302333e+003,2.003720e-001
6.302815e+003,1.939099e-001
6.303297e+003,2.102914e-001
6.303779e+003,2.448179e-001
6.304262e+003,2.851408e-001
6.304744e+003,3.149008e-001
6.305226e+003,3.195539e-001
6.305708e+003,2.921231e-001
6.306190e+003,2.365735e-001
6.306672e+003,1.672187e-001
6.307154e+003,1.042110e-001
6.307636e+003,6.656871e-002
6.308119e+003,6.546075e-002
6.308601e+003,1.003048e-001
6.309083e+003,1.591301e-001
6.309565e+003,2.230122e-001
6.310047e+003,2.725973e-001
6.310529e+003,2.941897e-001
6.311011e+003,2.833296e-001
6.311494e+003,2.448802e-001
6.311976e+003,1.902294e-001
6.312458e+003,1.328937e-001
6.312940e+003,8.428601e-002
6.313422e+003,5.100812e-002
6.313904e+003,3.427809e-002
6.314386e+003,3.117602e-002
6.314868e+003,3.692097e-002
6.315351e+003,4.706484e-002
6.315833e+003,5.880505e-002
6.316314e+003,7.103542e-002
6.316797e+003,8.334106e-002
6.317279e+003,9.451467e-002
6.317761e+003,1.013595e-001
6.318243e+003,9.853772e-002
6.318725e+003,7.979522e-002
6.319208e+003,4.029055e-002
6.319689e+003,-2.080709e-002
6.320172e+003,-9.859714e-002
6.320654e+003,-1.826158e-001
6.321136e+003,-2.593427e-001
6.321618e+003,-3.162951e-001
6.322100e+003,-3.464603e-001
6.322583e+003,-3.510519e-001
6.323064e+003,-3.394113e-001
6.323546e+003,-3.255982e-001
6.324029e+003,-3.228651e-001
6.324511e+003,-3.381325e-001
6.324993e+003,-3.686840e-001
6.325475e+003,-4.026787e-001
6.325957e+003,-4.240857e-001
6.326439e+003,-4.178903e-001
6.326921e+003,-3.766766e-001
6.327403e+003,-3.036365e-001
6.327886e+003,-2.113967e-001
6.328368e+003,-1.172327e-001
6.328850e+003,-3.673826e-002
6.329332e+003,2.118528e-002
6.329814e+003,5.618736e-002
6.330296e+003,7.472552e-002
6.330778e+003,8.597113e-002
6.331261e+003,9.745046e-002
6.331743e+003,1.123203e-001
6.332225e+003,1.291852e-001
6.332707e+003,1.441172e-001
6.333189e+003,1.534678e-001
6.333671e+003,1.560226e-001
6.334153e+003,1.534648e-001
6.334635e+003,1.492241e-001
6.335118e+003,1.466394e-001
6.335600e+003,1.475577e-001
6.336082e+003,1.521197e-001
6.336564e+003,1.597026e-001
6.337046e+003,1.702833e-001
6.337528e+003,1.853527e-001
6.338010e+003,2.077194e-001
6.338492e+003,2.402809e-001
6.338975e+003,2.844404e-001
6.339457e+003,3.388583e-001
6.339939e+003,3.990995e-001
6.340421e+003,4.582618e-001
6.340903e+003,5.081877e-001
6.341385e+003,5.407839e-001
6.341867e+003,5.492069e-001
6.342350e+003,5.287206e-001
6.342832e+003,4.775054e-001
6.343313e+003,3.973556e-001
6.343796e+003,2.940949e-001
6.344278e+003,1.773128e-001
6.344760e+003,5.897844e-002
6.345242e+003,-4.907006e-002
6.345724e+003,-1.380905e-001
6.346207e+003,-2.047862e-001
6.346688e+003,-2.519188e-001
6.347171e+003,-2.866859e-001
6.347653e+003,-3.173919e-001
6.348135e+003,-3.496842e-001
6.348617e+003,-3.840398e-001
6.349099e+003,-4.156821e-001
6.349581e+003,-4.370352e-001
6.350063e+003,-4.416234e-001
6.350545e+003,-4.274631e-001
6.351028e+003,-3.982677e-001
6.351510e+003,-3.618095e-001
6.351992e+003,-3.262112e-001
6.352474e+003,-2.960261e-001
6.352956e+003,-2.701758e-001
6.353438e+003,-2.428067e-001
6.353920e+003,-2.069752e-001
6.354402e+003,-1.592819e-001
6.354885e+003,-1.033099e-001
6.355367e+003,-4.997805e-002
6.355849e+003,-1.429893e-002
6.356331e+003,-9.638751e-003
6.356813e+003,-4.173142e-002
6.357295e+003,-1.049166e-001
6.357777e+003,-1.824370e-001
6.358260e+003,-2.508928e-001
6.358742e+003,-2.873589e-001
6.359224e+003,-2.765462e-001
6.359706e+003,-2.154968e-001
6.360188e+003,-1.143871e-001
6.360670e+003,6.540864e-003
6.361152e+003,1.227578e-001
6.361634e+003,2.119285e-001
6.362117e+003,2.592123e-001
6.362599e+003,2.599721e-001
6.363081e+003,2.193579e-001
6.363563e+003,1.494233e-001
6.364045e+003,6.497961e-002
6.364527e+003,-2.029730e-002
6.365009e+003,-9.638747e-002
6.365491e+003,-1.576883e-001
6.365974e+003,-2.023365e-001
6.366456e+003,-2.308995e-001
6.366938e+003,-2.452502e-001
6.367420e+003,-2.480676e-001
6.367902e+003,-2.428260e-001
6.368384e+003,-2.338241e-001
6.368866e+003,-2.255721e-001
6.369349e+003,-2.214378e-001
6.369831e+003,-2.218575e-001
6.370313e+003,-2.230539e-001
6.370795e+003,-2.172354e-001
6.371277e+003,-1.947172e-001
6.371759e+003,-1.475196e-001
6.372241e+003,-7.327412e-002
6.372723e+003,2.224384e-002
6.373206e+003,1.252329e-001
6.373688e+003,2.171689e-001
6.374169e+003,2.803963e-001
6.374652e+003,3.040187e-001
6.375134e+003,2.877536e-001
6.375616e+003,2.420666e-001
6.376098e+003,1.844697e-001
6.376580e+003,1.335141e-001
6.377063e+003,1.028092e-001
6.377544e+003,9.734990e-002
6.378027e+003,1.132134e-001
6.378509e+003,1.402732e-001
6.378991e+003,1.664328e-001
6.379473e+003,1.814264e-001
6.379955e+003,1.788162e-001
6.380438e+003,1.560080e-001
6.380919e+003,1.130199e-001
6.381401e+003,5.133313e-002
6.381884e+003,-2.633045e-002
6.382366e+003,-1.152599e-001
6.382848e+003,-2.079017e-001
6.383330e+003,-2.939515e-001
6.383812e+003,-3.621162e-001
6.384294e+003,-4.031261e-001
6.384776e+003,-4.128742e-001
6.385258e+003,-3.940467e-001
6.385741e+003,-3.553491e-001
6.386223e+003,-3.084316e-001
6.386705e+003,-2.638747e-001
6.387187e+003,-2.279352e-001
6.387669e+003,-1.956402e-001
6.388151e+003,-1.649555e-001
6.388633e+003,-1.309491e-001
6.389116e+003,-9.016819e-002
6.389598e+003,-4.124144e-002
6.390080e+003,1.590648e-002
6.390562e+003,8.127816e-002
6.391044e+003,1.551552e-001
6.391526e+003,2.369496e-001
6.392008e+003,3.229700e-001
6.392490e+003,4.046029e-001
6.392973e+003,4.686954e-001
6.393455e+003,5.007917e-001
6.393937e+003,4.905107e-001
6.394419e+003,4.366907e-001
6.394901e+003,3.497178e-001
6.395383e+003,2.494465e-001
6.395865e+003,1.591340e-001
6.396347e+003,9.768158e-002
6.396830e+003,7.339153e-002
6.397312e+003,8.181041e-002
6.397794e+003,1.084055e-001
6.398276e+003,1.346219e-001
6.398758e+003,1.445241e-001
6.399240e+003,1.291372e-001
6.399722e+003,8.723266e-002
6.400205e+003,2.304184e-002
6.400687e+003,-5.702194e-002
6.401168e+003,-1.466399e-001
6.401651e+003,-2.397773e-001
6.402133e+003,-3.294218e-001
6.402615e+003,-4.064886e-001
6.403097e+003,-4.604847e-001
6.403579e+003,-4.823606e-001
6.404062e+003,-4.684157e-001
6.404543e+003,-4.232171e-001
6.405025e+003,-3.595546e-001
6.405508e+003,-2.948376e-001
6.405990e+003,-2.450349e-001
6.406472e+003,-2.187974e-001
6.406954e+003,-2.145109e-001
6.407436e+003,-2.218763e-001
6.407918e+003,-2.274568e-001
6.408400e+003,-2.215368e-001
6.408883e+003,-2.030650e-001
6.409365e+003,-1.802781e-001
6.409847e+003,-1.666991e-001
6.410329e+003,-1.744032e-001
6.410811e+003,-2.076395e-001
6.411293e+003,-2.597950e-001
6.411775e+003,-3.150763e-001
6.412257e+003,-3.542574e-001
6.412740e+003,-3.619860e-001
6.413222e+003,-3.325946e-001
6.413704e+003,-2.720863e-001
6.414186e+003,-1.955681e-001
6.414668e+003,-1.214302e-001
6.415150e+003,-6.465169e-002
6.415632e+003,-3.197292e-002
6.416114e+003,-2.050020e-002
6.416597e+003,-1.982506e-002
6.417079e+003,-1.635515e-002
6.417561e+003,2.092433e-003
6.418043e+003,4.296852e-002
6.418525e+003,1.023099e-001
6.419007e+003,1.838396e-001
6.419489e+003,2.822542e-001
6.419972e+003,3.893330e-001
6.420454e+003,4.938779e-001
6.420936e+003,5.814608e-001
6.421418e+003,6.352159e-001
6.421900e+003,6.386820e-001
6.422382e+003,5.807754e-001
6.422864e+003,4.614659e-001
6.423346e+003,2.955848e-001
6.423829e+003,1.122862e-001
6.424311e+003,-5.094398e-002
6.424793e+003,-1.585010e-001
6.425275e+003,-1.877005e-001
6.425757e+003,-1.364571e-001
6.426239e+003,-2.435087e-002
6.426721e+003,1.137144e-001
6.427203e+003,2.391667e-001
6.427686e+003,3.224515e-001
6.428167e+003,3.520909e-001
6.428650e+003,3.368450e-001
6.429132e+003,3.005073e-001
6.429614e+003,2.716013e-001
6.430096e+003,2.721748e-001
6.430578e+003,3.100317e-001
6.431061e+003,3.770720e-001
6.431542e+003,4.537627e-001
6.432024e+003,5.172170e-001
6.432507e+003,5.493356e-001
6.432989e+003,5.420196e-001
6.433471e+003,4.980893e-001
6.433953e+003,4.284562e-001
6.434435e+003,3.473181e-001
6.434917e+003,2.675585e-001
6.435399e+003,1.979976e-001
6.435882e+003,1.429692e-001
6.436364e+003,1.035210e-001
6.436846e+003,7.899966e-002
6.437328e+003,6.789239e-002
6.437810e+003,6.765319e-002
6.438292e+003,7.395642e-002
6.438774e+003,8.030684e-002
6.439256e+003,7.874614e-002
6.439739e+003,6.191836e-002
6.440221e+003,2.584196e-002
6.440703e+003,-2.757499e-002
6.441185e+003,-8.949327e-002
6.441667e+003,-1.452322e-001
6.442149e+003,-1.775133e-001
6.442631e+003,-1.710744e-001
6.443113e+003,-1.173957e-001
6.443596e+003,-1.811188e-002
6.444078e+003,1.140568e-001
6.444560e+003,2.575116e-001
6.445042e+003,3.868050e-001
6.445524e+003,4.794155e-001
6.446006e+003,5.221921e-001
6.446488e+003,5.152819e-001
6.446971e+003,4.718967e-001
6.447453e+003,4.137309e-001
6.447935e+003,3.635422e-001
6.448417e+003,3.375481e-001
6.448899e+003,3.403323e-001
6.449381e+003,3.619968e-001
6.449863e+003,3.882244e-001
6.450345e+003,4.018600e-001
6.450828e+003,3.914232e-001
6.451310e+003,3.560567e-001
6.451792e+003,3.060648e-001
6.452274e+003,2.587429e-001
6.452756e+003,2.312424e-001
6.453238e+003,2.334961e-001
6.453720e+003,2.641264e-001
6.454202e+003,3.109582e-001
6.454685e+003,3.557937e-001
6.455167e+003,3.814782e-001
6.455649e+003,3.783090e-001
6.456131e+003,3.473526e-001
6.456613e+003,2.993131e-001
6.457095e+003,2.496655e-001
6.457577e+003,2.120550e-001
6.458060e+003,1.926590e-001
6.458542e+003,1.876823e-001
6.459023e+003,1.847943e-001
6.459506e+003,1.679244e-001
6.459988e+003,1.235796e-001
6.460470e+003,4.649629e-002
6.460952e+003,-5.725506e-002
6.461434e+003,-1.707454e-001
6.461917e+003,-2.700999e-001
6.462398e+003,-3.307326e-001
6.462880e+003,-3.341292e-001
6.463363e+003,-2.731629e-001
6.463845e+003,-1.544198e-001
6.464327e+003,3.160143e-003
6.464809e+003,1.729218e-001
6.465291e+003,3.270022e-001
6.465773e+003,4.426971e-001
6.466255e+003,5.068364e-001
6.466738e+003,5.170084e-001
6.467220e+003,4.795623e-001
6.467702e+003,4.056261e-001
6.468184e+003,3.068066e-001
6.468666e+003,1.923740e-001
6.469148e+003,6.858011e-002
6.469630e+003,-6.016789e-002
6.470112e+003,-1.894965e-001
6.470595e+003,-3.140509e-001
6.471077e+003,-4.280292e-001
6.471559e+003,-5.269234e-001
6.472041e+003,-6.093503e-001
6.472523e+003,-6.774874e-001
6.473005e+003,-7.353757e-001
6.473487e+003,-7.855655e-001
6.473969e+003,-8.256204e-001
6.474452e+003,-8.465211e-001
6.474934e+003,-8.342273e-001
6.475416e+003,-7.743776e-001
6.475898e+003,-6.584035e-001
6.476380e+003,-4.885371e-001
6.476862e+003,-2.793785e-001
6.477344e+003,-5.508269e-002
6.477827e+003,1.569815e-001
6.478309e+003,3.337177e-001
6.478791e+003,4.620655e-001
6.479273e+003,5.409216e-001
6.479755e+003,5.786977e-001
6.480237e+003,5.878271e-001
6.480719e+003,5.791867e-001
6.481201e+003,5.581976e-001
6.481684e+003,5.247119e-001
6.482166e+003,4.758701e-001
6.482647e+003,4.102165e-001
6.483130e+003,3.309441e-001
6.483612e+003,2.467040e-001
6.484094e+003,1.696850e-001
6.484576e+003,1.118532e-001
6.485058e+003,8.092233e-002
6.485541e+003,7.762460e-002
6.486022e+003,9.518398e-002
6.486505e+003,1.210549e-001
6.486987e+003,1.401846e-001
6.487469e+003,1.387967e-001
6.487951e+003,1.077593e-001
6.488433e+003,4.501279e-002
6.488916e+003,-4.331437e-002
6.489397e+003,-1.432475e-001
6.489879e+003,-2.349812e-001
6.490362e+003,-2.964474e-001
6.490844e+003,-3.080648e-001
6.491326e+003,-2.575636e-001
6.491808e+003,-1.435053e-001
6.492290e+003,2.364946e-002
6.492772e+003,2.234341e-001
6.493254e+003,4.296389e-001
6.493736e+003,6.156187e-001
6.494219e+003,7.590064e-001
6.494701e+003,8.446644e-001
6.495183e+003,8.653460e-001
6.495665e+003,8.206119e-001
6.496147e+003,7.150081e-001
6.496629e+003,5.565823e-001
6.497111e+003,3.563850e-001
6.497594e+003,1.286961e-001
6.498076e+003,-1.087631e-001
6.498558e+003,-3.355933e-001
6.499040e+003,-5.308938e-001
6.499522e+003,-6.765430e-001
6.500004e+003,-7.606063e-001
6.500486e+003,-7.797368e-001
6.500968e+003,-7.397369e-001
6.501451e+003,-6.541682e-001
6.501933e+003,-5.414789e-001
6.502415e+003,-4.215399e-001
6.502897e+003,-3.125566e-001
6.503379e+003,-2.288776e-001
6.503861e+003,-1.798758e-001
6.504343e+003,-1.695961e-001
6.504825e+003,-1.968412e-001
6.505308e+003,-2.553990e-001
6.505790e+003,-3.344660e-001
6.506272e+003,-4.195778e-001
6.506754e+003,-4.942757e-001
6.507236e+003,-5.423918e-001
6.507718e+003,-5.506940e-001
6.508200e+003,-5.111225e-001
6.508683e+003,-4.221790e-001
6.509165e+003,-2.890725e-001
6.509646e+003,-1.227261e-001
6.510129e+003,6.209601e-002
6.510611e+003,2.490343e-001
6.511093e+003,4.223598e-001
6.511575e+003,5.689900e-001
6.512057e+003,6.796004e-001
6.512540e+003,7.490555e-001
6.513021e+003,7.761129e-001
6.513504e+003,7.627111e-001
6.513986e+003,7.131431e-001
6.514468e+003,6.333092e-001
6.514950e+003,5.302550e-001
6.515432e+003,4.117668e-001
6.515914e+003,2.860294e-001
6.516396e+003,1.610887e-001
6.516878e+003,4.419761e-002
6.517361e+003,-5.881969e-002
6.517843e+003,-1.438759e-001
6.518325e+003,-2.085051e-001
6.518807e+003,-2.512349e-001
6.519289e+003,-2.708265e-001
6.519771e+003,-2.659015e-001
6.520253e+003,-2.352886e-001
6.520735e+003,-1.792512e-001
6.521218e+003,-1.009354e-001
6.521700e+003,-7.320057e-003
6.522182e+003,9.121998e-002
6.522664e+003,1.830668e-001
6.523146e+003,2.584477e-001
6.523628e+003,3.122860e-001
6.524110e+003,3.451646e-001
6.524593e+003,3.616969e-001
6.525075e+003,3.667272e-001
6.525557e+003,3.612425e-001
6.526039e+003,3.401047e-001
6.526521e+003,2.934016e-001
6.527003e+003,2.112528e-001
6.527485e+003,9.029055e-002
6.527967e+003,-6.125806e-002
6.528450e+003,-2.226733e-001
6.528932e+003,-3.650972e-001
6.529414e+003,-4.600919e-001
6.529896e+003,-4.892770e-001
6.530378e+003,-4.511319e-001
6.530860e+003,-3.619378e-001
6.531342e+003,-2.499063e-001
6.531824e+003,-1.447715e-001
6.532307e+003,-6.715348e-002
6.532789e+003,-2.240300e-002
6.533271e+003,-1.293593e-003
6.533753e+003,1.311687e-002
6.534235e+003,3.609837e-002
6.534717e+003,7.367136e-002
6.535199e+003,1.200339e-001
6.535682e+003,1.606578e-001
6.536164e+003,1.791723e-001
6.536646e+003,1.646953e-001
6.537128e+003,1.163336e-001
6.537610e+003,4.321647e-002
6.538092e+003,-3.951057e-002
6.538574e+003,-1.164007e-001
6.539056e+003,-1.763671e-001
6.539539e+003,-2.145452e-001
6.540021e+003,-2.312782e-001
6.540502e+003,-2.298434e-001
6.540985e+003,-2.146686e-001
6.541467e+003,-1.910719e-001
6.541949e+003,-1.662977e-001
6.542431e+003,-1.489867e-001
6.542913e+003,-1.480837e-001
6.543396e+003,-1.692869e-001
6.543877e+003,-2.109308e-001
6.544360e+003,-2.616550e-001
6.544842e+003,-3.019466e-001
6.545324e+003,-3.099955e-001
6.545806e+003,-2.701266e-001
6.546288e+003,-1.804563e-001
6.546771e+003,-5.607331e-002
6.547252e+003,7.424094e-002
6.547734e+003,1.771278e-001
6.548217e+003,2.260519e-001
6.548699e+003,2.106039e-001
6.549181e+003,1.400737e-001
6.549663e+003,4.010791e-002
6.550145e+003,-5.600877e-002
6.550627e+003,-1.180520e-001
6.551109e+003,-1.275333e-001
6.551591e+003,-8.173304e-002
6.552074e+003,7.688110e-003
6.552556e+003,1.198419e-001
6.553038e+003,2.308326e-001
6.553520e+003,3.188325e-001
6.554002e+003,3.669366e-001
6.554484e+003,3.644297e-001
6.554966e+003,3.074234e-001
6.555449e+003,1.996342e-001
6.555931e+003,5.319532e-002
6.556413e+003,-1.117847e-001
6.556895e+003,-2.694805e-001
6.557377e+003,-3.930276e-001
6.557859e+003,-4.603838e-001
6.558341e+003,-4.593824e-001
6.558823e+003,-3.901533e-001
6.559306e+003,-2.639878e-001
6.559788e+003,-9.926011e-002
6.560270e+003,8.376174e-002
6.560752e+003,2.672096e-001
6.561234e+003,4.374824e-001
6.561716e+003,5.848961e-001
6.562198e+003,7.021552e-001
6.562680e+003,7.830380e-001
6.563163e+003,8.227064e-001
6.563645e+003,8.192732e-001
6.564127e+003,7.755665e-001
6.564609e+003,6.996473e-001
6.565091e+003,6.029466e-001
6.565573e+003,4.965953e-001
6.566055e+003,3.874274e-001
6.566538e+003,2.757411e-001
6.567020e+003,1.563384e-001
6.567501e+003,2.268530e-002
6.567984e+003,-1.276850e-001
6.568466e+003,-2.890668e-001
6.568948e+003,-4.468767e-001
6.569430e+003,-5.810696e-001
6.569912e+003,-6.724890e-001
6.570395e+003,-7.094243e-001
6.570876e+003,-6.915429e-001
6.571358e+003,-6.297935e-001
6.571841e+003,-5.416718e-001
6.572323e+003,-4.446719e-001
6.572805e+003,-3.491356e-001
6.573287e+003,-2.589994e-001
6.573769e+003,-1.708691e-001
6.574251e+003,-7.950612e-002
6.574733e+003,1.648064e-002
6.575216e+003,1.112045e-001
6.575698e+003,1.923013e-001
6.576180e+003,2.452665e-001
6.576662e+003,2.594997e-001
6.577144e+003,2.326961e-001
6.577626e+003,1.716728e-001
6.578108e+003,8.944298e-002
6.578590e+003,3.533899e-004
6.579073e+003,-8.431012e-002
6.579555e+003,-1.578801e-001
6.580037e+003,-2.169832e-001
6.580519e+003,-2.582635e-001
6.581001e+003,-2.756261e-001
6.581483e+003,-2.600021e-001
6.581965e+003,-2.022496e-001
6.582447e+003,-9.803134e-002
6.582930e+003,4.749683e-002
6.583412e+003,2.180141e-001
6.583894e+003,3.885167e-001
6.584376e+003,5.314788e-001
6.584858e+003,6.242598e-001
6.585340e+003,6.548471e-001
6.585822e+003,6.236579e-001
6.586305e+003,5.410410e-001
6.586787e+003,4.222096e-001
6.587269e+003,2.817848e-001
6.587751e+003,1.307913e-001
6.588233e+003,-2.346353e-002
6.588715e+003,-1.749914e-001
6.589197e+003,-3.160604e-001
6.589679e+003,-4.358177e-001
6.590162e+003,-5.213289e-001
6.590644e+003,-5.606443e-001
6.591125e+003,-5.464694e-001
6.591608e+003,-4.785073e-001
6.592090e+003,-3.629852e-001
6.592572e+003,-2.104786e-001
6.593054e+003,-3.269457e-002
6.593536e+003,1.597059e-001
6.594019e+003,3.570728e-001
6.594500e+003,5.488605e-001
6.594983e+003,7.216182e-001
6.595465e+003,8.586521e-001
6.595947e+003,9.428041e-001
6.596429e+003,9.619164e-001
6.596911e+003,9.149760e-001
6.597394e+003,8.157046e-001
6.597875e+003,6.912107e-001
6.598357e+003,5.749325e-001
6.598840e+003,4.961945e-001
6.599322e+003,4.702886e-001
6.599804e+003,4.931879e-001
6.600286e+003,5.434098e-001
6.600768e+003,5.901843e-001
6.601250e+003,6.048098e-001
6.601732e+003,5.706361e-001
6.602214e+003,4.879240e-001
6.602697e+003,3.721061e-001
6.603179e+003,2.467357e-001
6.603661e+003,1.300266e-001
6.604143e+003,4.273092e-002
6.604625e+003,-6.701407e-003
6.605107e+003,-1.691373e-002
6.605589e+003,1.013373e-002
6.606072e+003,7.188901e-002
6.606554e+003,1.651438e-001
6.607036e+003,2.832335e-001
6.607518e+003,4.127112e-001
6.608000e+003,5.321352e-001
6.608482e+003,6.152174e-001
6.608964e+003,6.378333e-001
6.609446e+003,5.867479e-001
6.609929e+003,4.659106e-001
6.610411e+003,2.969877e-001
6.610893e+003,1.130904e-001
6.611375e+003,-5.213252e-002
6.611857e+003,-1.757117e-001
6.612339e+003,-2.523249e-001
6.612821e+003,-2.943940e-001
6.613303e+003,-3.254750e-001
6.613786e+003,-3.696558e-001
6.614268e+003,-4.411002e-001
6.614750e+003,-5.377836e-001
6.615232e+003,-6.417399e-001
6.615714e+003,-7.255213e-001
6.616196e+003,-7.621604e-001
6.616678e+003,-7.348480e-001
6.617161e+003,-6.426374e-001
6.617643e+003,-5.005302e-001
6.618125e+003,-3.341005e-001
6.618607e+003,-1.710070e-001
6.619089e+003,-3.265256e-002
6.619571e+003,7.105241e-002
6.620053e+003,1.422655e-001
6.620535e+003,1.915539e-001
6.621018e+003,2.320378e-001
6.621500e+003,2.737794e-001
6.621982e+003,3.204440e-001
6.622464e+003,3.690718e-001
6.622946e+003,4.124741e-001
6.623428e+003,4.428373e-001
6.623910e+003,4.549527e-001
6.624392e+003,4.477519e-001
6.624875e+003,4.239852e-001
6.625356e+003,3.885939e-001
6.625839e+003,3.467806e-001
6.626321e+003,3.026189e-001
6.626803e+003,2.585335e-001
6.627285e+003,2.154034e-001
6.627767e+003,1.730382e-001
6.628250e+003,1.306567e-001
6.628731e+003,8.753820e-002
6.629213e+003,4.395948e-002
6.629696e+003,2.344958e-003
6.630178e+003,-3.181536e-002
6.630660e+003,-5.022794e-002
6.631142e+003,-4.388749e-002
6.631624e+003,-6.913712e-003
6.632106e+003,5.895313e-002
6.632588e+003,1.413883e-001
6.633071e+003,2.181503e-001
6.633553e+003,2.623576e-001
6.634035e+003,2.513850e-001
6.634517e+003,1.615303e-001
6.634999e+003,2.289358e-002
6.635481e+003,-1.374431e-001
6.635963e+003,-2.824027e-001
6.636445e+003,-3.761088e-001
6.636928e+003,-3.947241e-001
6.637410e+003,-3.328509e-001
6.637892e+003,-2.035196e-001
6.638374e+003,-3.243177e-002
6.638856e+003,1.507387e-001
6.639338e+003,3.203779e-001
6.639820e+003,4.594342e-001
6.640302e+003,5.595579e-001
6.640785e+003,6.181163e-001
6.641267e+003,6.347774e-001
6.641749e+003,6.100049e-001
6.642231e+003,5.461972e-001
6.642713e+003,4.501992e-001
6.643195e+003,3.348967e-001
6.643677e+003,2.178746e-001
6.644160e+003,1.168957e-001
6.644642e+003,4.384155e-002
6.645124e+003,8.498969e-006
6.645606e+003,-2.457826e-002
6.646088e+003,-4.698095e-002
6.646570e+003,-8.377218e-002
6.647052e+003,-1.435000e-001
6.647534e+003,-2.227525e-001
6.648017e+003,-3.076590e-001
6.648499e+003,-3.801990e-001
6.648980e+003,-4.263157e-001
6.649463e+003,-4.420325e-001
6.649945e+003,-4.347448e-001
6.650427e+003,-4.192445e-001
6.650909e+003,-4.105615e-001
6.651391e+003,-4.173272e-001
6.651874e+003,-4.388553e-001
6.652355e+003,-4.670732e-001
6.652838e+003,-4.920104e-001
6.653320e+003,-5.077808e-001
6.653802e+003,-5.160871e-001
6.654284e+003,-5.254585e-001
6.654766e+003,-5.466613e-001
6.655249e+003,-5.865557e-001
6.655730e+003,-6.434178e-001
6.656212e+003,-7.060919e-001
6.656695e+003,-7.573804e-001
6.657177e+003,-7.802518e-001
6.657659e+003,-7.641784e-001
6.658141e+003,-7.090882e-001
6.658623e+003,-6.253324e-001
6.659105e+003,-5.299984e-001
6.659587e+003,-4.410381e-001
6.660069e+003,-3.715779e-001
6.660552e+003,-3.262101e-001
6.661034e+003,-3.002604e-001
6.661516e+003,-2.819903e-001
6.661998e+003,-2.568260e-001
6.662480e+003,-2.123762e-001
6.662962e+003,-1.427455e-001
6.663444e+003,-5.086790e-002
6.663927e+003,5.190218e-002
6.664409e+003,1.488544e-001
6.664891e+003,2.228134e-001
6.665373e+003,2.603139e-001
6.665855e+003,2.587885e-001
6.666337e+003,2.246881e-001
6.666819e+003,1.723110e-001
