4.999633e+003,-5.163658e-002
5.000115e+003,-3.736949e-002
5.000597e+003,-1.988605e-002
5.001079e+003,2.440461e-004
5.001562e+003,2.211949e-002
5.002043e+003,4.425394e-002
5.002525e+003,6.444329e-002
5.003008e+003,7.990467e-002
5.003490e+003,8.776119e-002
5.003972e+003,8.580483e-002
5.004454e+003,7.331511e-002
5.004936e+003,5.161929e-002
5.005418e+003,2.411144e-002
5.005900e+003,-4.385744e-003
5.006382e+003,-2.878534e-002
5.006865e+003,-4.506856e-002
5.007347e+003,-5.132631e-002
5.007829e+003,-4.813605e-002
5.008311e+003,-3.814826e-002
5.008793e+003,-2.506755e-002
5.009275e+003,-1.244695e-002
5.009757e+003,-2.761774e-003
5.010240e+003,2.929693e-003
5.010722e+003,4.720412e-003
5.011204e+003,3.242499e-003
5.011686e+003,-9.034240e-004
5.012168e+003,-7.366415e-003
5.012650e+003,-1.583944e-002
5.013132e+003,-2.562340e-002
5.013614e+003,-3.530584e-002
5.014097e+003,-4.284423e-002
5.014579e+003,-4.611742e-002
5.015061e+003,-4.372701e-002
5.015543e+003,-3.565491e-002
5.016025e+003,-2.341481e-002
5.016507e+003,-9.570927e-003
5.016989e+003,3.183157e-003
5.017471e+003,1.295772e-002
5.017954e+003,1.916637e-002
5.018436e+003,2.236190e-002
5.018918e+003,2.352400e-002
5.019400e+003,2.320807e-002
5.019882e+003,2.105038e-002
5.020364e+003,1.594647e-002
5.020846e+003,6.860529e-003
5.021329e+003,-6.132308e-003
5.021811e+003,-2.113845e-002
5.022292e+003,-3.452335e-002
5.022775e+003,-4.187169e-002
5.023257e+003,-3.950091e-002
5.023739e+003,-2.591201e-002
5.024221e+003,-2.553993e-003
5.024703e+003,2.643695e-002
5.025186e+003,5.542682e-002
5.025667e+003,7.892008e-002
5.026150e+003,9.300619e-002
5.026632e+003,9.610629e-002
5.027114e+003,8.884958e-002
5.027596e+003,7.329053e-002
5.028078e+003,5.192963e-002
5.028560e+003,2.701197e-002
5.029042e+003,3.656426e-004
5.029524e+003,-2.627600e-002
5.030007e+003,-5.070781e-002
5.030489e+003,-7.012524e-002
5.030971e+003,-8.135386e-002
5.031453e+003,-8.161139e-002
5.031935e+003,-6.956678e-002
5.032417e+003,-4.623769e-002
5.032899e+003,-1.531273e-002
5.033381e+003,1.732722e-002
5.033864e+003,4.484135e-002
5.034346e+003,6.110826e-002
5.034828e+003,6.238494e-002
5.035310e+003,4.845429e-002
5.035792e+003,2.288831e-002
5.036274e+003,-7.717728e-003
5.036756e+003,-3.540212e-002
5.037239e+003,-5.297870e-002
5.037721e+003,-5.608405e-002
5.038203e+003,-4.452285e-002
5.038685e+003,-2.245726e-002
5.039167e+003,2.704302e-003
5.039649e+003,2.246865e-002
5.040131e+003,2.985687e-002
5.040613e+003,2.163197e-002
5.041096e+003,-5.896030e-004
5.041578e+003,-3.075394e-002
5.042060e+003,-6.021768e-002
5.042542e+003,-8.043252e-002
5.043024e+003,-8.556926e-002
5.043506e+003,-7.421011e-002
5.043988e+003,-4.958433e-002
5.044470e+003,-1.835395e-002
5.044953e+003,1.154458e-002
5.045435e+003,3.321669e-002
5.045917e+003,4.252863e-002
5.046399e+003,3.876946e-002
5.046881e+003,2.422219e-002
5.047363e+003,2.989986e-003
5.047845e+003,-2.038090e-002
5.048327e+003,-4.197955e-002
5.048810e+003,-5.903765e-002
5.049292e+003,-6.988790e-002
5.049774e+003,-7.362118e-002
5.050256e+003,-6.975967e-002
5.050738e+003,-5.816790e-002
5.051220e+003,-3.923755e-002
5.051702e+003,-1.419913e-002
5.052185e+003,1.467279e-002
5.052667e+003,4.415832e-002
5.053148e+003,7.055488e-002
5.053631e+003,9.039818e-002
5.054113e+003,1.012154e-001
5.054595e+003,1.020591e-001
5.055077e+003,9.364838e-002
5.055559e+003,7.808495e-002
5.056042e+003,5.826142e-002
5.056523e+003,3.717273e-002
5.057006e+003,1.734843e-002
5.057488e+003,5.470457e-004
5.057970e+003,-1.226627e-002
5.058452e+003,-2.074805e-002
5.058934e+003,-2.495306e-002
5.059416e+003,-2.518170e-002
5.059898e+003,-2.194413e-002
5.060380e+003,-1.599945e-002
5.060863e+003,-9.057327e-003
5.061345e+003,-1.927720e-003
5.061827e+003,4.307901e-003
5.062309e+003,8.799716e-003
5.062791e+003,1.102913e-002
5.063273e+003,1.073530e-002
5.063755e+003,7.681545e-003
5.064237e+003,1.390072e-003
5.064720e+003,-8.963170e-003
5.065202e+003,-2.434440e-002
5.065684e+003,-4.534812e-002
5.066166e+003,-7.156406e-002
5.066648e+003,-1.011465e-001
5.067130e+003,-1.308890e-001
5.067612e+003,-1.569189e-001
5.068095e+003,-1.758349e-001
5.068577e+003,-1.858637e-001
5.069059e+003,-1.875223e-001
5.069541e+003,-1.834337e-001
5.070023e+003,-1.772803e-001
5.070505e+003,-1.722742e-001
5.070987e+003,-1.697770e-001
5.071469e+003,-1.686871e-001
5.071952e+003,-1.659081e-001
5.072434e+003,-1.577491e-001
5.072916e+003,-1.416824e-001
5.073398e+003,-1.177107e-001
5.073880e+003,-8.874188e-002
5.074362e+003,-5.979249e-002
5.074844e+003,-3.633317e-002
5.075326e+003,-2.244378e-002
5.075809e+003,-1.950244e-002
5.076291e+003,-2.588344e-002
5.076773e+003,-3.770893e-002
5.077255e+003,-5.028401e-002
5.077737e+003,-5.961861e-002
5.078219e+003,-6.348184e-002
5.078701e+003,-6.169708e-002
5.079184e+003,-5.572724e-002
5.079666e+003,-4.785908e-002
5.080147e+003,-4.037189e-002
5.080630e+003,-3.497535e-002
5.081112e+003,-3.260886e-002
5.081594e+003,-3.352281e-002
5.082076e+003,-3.748291e-002
5.082558e+003,-4.396148e-002
5.083041e+003,-5.225557e-002
5.083522e+003,-6.154177e-002
5.084004e+003,-7.090143e-002
5.084487e+003,-7.933573e-002
5.084969e+003,-8.576857e-002
5.085451e+003,-8.904340e-002
5.085933e+003,-8.795542e-002
5.086415e+003,-8.139312e-002
5.086897e+003,-6.864884e-002
5.087379e+003,-4.987523e-002
5.087862e+003,-2.654191e-002
5.088344e+003,-1.651583e-003
5.088826e+003,2.051950e-002
5.089308e+003,3.525234e-002
5.089790e+003,3.864700e-002
5.090272e+003,2.894021e-002
5.090754e+003,7.389760e-003
5.091236e+003,-2.168073e-002
5.091719e+003,-5.170781e-002
5.092201e+003,-7.586315e-002
5.092683e+003,-8.876976e-002
5.093165e+003,-8.801465e-002
5.093647e+003,-7.473300e-002
5.094129e+003,-5.311652e-002
5.094611e+003,-2.904424e-002
5.095093e+003,-8.323657e-003
5.095576e+003,4.869030e-003
5.096058e+003,8.879022e-003
5.096540e+003,4.598536e-003
5.097022e+003,-5.250953e-003
5.097504e+003,-1.722555e-002
5.097986e+003,-2.822777e-002
5.098468e+003,-3.619712e-002
5.098951e+003,-4.027722e-002
5.099433e+003,-4.052576e-002
5.099915e+003,-3.739165e-002
5.100397e+003,-3.123744e-002
5.100879e+003,-2.213059e-002
5.101361e+003,-9.988190e-003
5.101843e+003,5.008309e-003
5.102325e+003,2.194890e-002
5.102808e+003,3.894890e-002
5.103290e+003,5.332239e-002
5.103771e+003,6.220882e-002
5.104254e+003,6.348290e-002
5.104736e+003,5.661615e-002
5.105218e+003,4.312528e-002
5.105700e+003,2.636185e-002
5.106182e+003,1.064339e-002
5.106665e+003,-3.140409e-006
5.107146e+003,-3.033418e-003
5.107629e+003,1.937670e-003
5.108111e+003,1.323082e-002
5.108593e+003,2.790825e-002
5.109075e+003,4.293438e-002
5.109557e+003,5.619140e-002
5.110040e+003,6.693430e-002
5.110521e+003,7.554332e-002
5.111003e+003,8.277123e-002
5.111486e+003,8.892071e-002
5.111968e+003,9.340760e-002
5.112450e+003,9.495732e-002
5.112932e+003,9.234323e-002
5.113414e+003,8.528183e-002
5.113896e+003,7.499584e-002
5.114378e+003,6.410041e-002
5.114860e+003,5.579120e-002
5.115343e+003,5.265676e-002
5.115825e+003,5.563420e-002
5.116307e+003,6.358012e-002
5.116789e+003,7.365850e-002
5.117271e+003,8.238899e-002
5.117753e+003,8.691373e-002
5.118235e+003,8.596297e-002
5.118718e+003,8.015257e-002
5.119200e+003,7.154739e-002
5.119682e+003,6.273222e-002
5.120164e+003,5.580604e-002
5.120646e+003,5.169721e-002
5.121128e+003,5.001681e-002
5.121610e+003,4.942618e-002
5.122092e+003,4.830433e-002
5.122575e+003,4.486354e-002
5.123057e+003,3.912323e-002
5.123539e+003,3.173874e-002
5.124021e+003,2.420840e-002
5.124503e+003,1.842462e-002
5.124985e+003,1.607979e-002
5.125467e+003,1.807430e-002
5.125949e+003,2.408586e-002
5.126432e+003,3.244748e-002
5.126914e+003,4.042862e-002
5.127396e+003,4.491021e-002
5.127878e+003,4.330933e-002
5.128360e+003,3.448832e-002
5.128842e+003,1.933390e-002
5.129324e+003,7.546862e-004
5.129807e+003,-1.698347e-002
5.130289e+003,-2.943178e-002
5.130771e+003,-3.328611e-002
5.131253e+003,-2.742279e-002
5.131735e+003,-1.327901e-002
5.132217e+003,5.559629e-003
5.132699e+003,2.441885e-002
5.133181e+003,3.887643e-002
5.133664e+003,4.594452e-002
5.134146e+003,4.474504e-002
5.134628e+003,3.653346e-002
5.135110e+003,2.415253e-002
5.135592e+003,1.115897e-002
5.136074e+003,9.140727e-004
5.136556e+003,-4.132876e-003
5.137038e+003,-2.857405e-003
5.137521e+003,4.432646e-003
5.138002e+003,1.614055e-002
5.138485e+003,2.971889e-002
5.138967e+003,4.216522e-002
5.139449e+003,5.063615e-002
5.139931e+003,5.310124e-002
5.140413e+003,4.889921e-002
5.140896e+003,3.902221e-002
5.141377e+003,2.598284e-002
5.141859e+003,1.322478e-002
5.142342e+003,4.193691e-003
5.142824e+003,1.329083e-003
5.143306e+003,5.301698e-003
5.143788e+003,1.476629e-002
5.144270e+003,2.673719e-002
5.144752e+003,3.748398e-002
5.145234e+003,4.366786e-002
5.145717e+003,4.335998e-002
5.146199e+003,3.662499e-002
5.146681e+003,2.549797e-002
5.147163e+003,1.337827e-002
5.147645e+003,4.041857e-003
5.148127e+003,5.798900e-004
5.148609e+003,4.570844e-003
5.149091e+003,1.570106e-002
5.149574e+003,3.189896e-002
5.150056e+003,4.990027e-002
5.150538e+003,6.605443e-002
5.151020e+003,7.714471e-002
5.151502e+003,8.102175e-002
5.151984e+003,7.692987e-002
5.152466e+003,6.550134e-002
5.152948e+003,4.847946e-002
5.153431e+003,2.840203e-002
5.153913e+003,7.942241e-003
5.154395e+003,-1.056949e-002
5.154877e+003,-2.542228e-002
5.155359e+003,-3.573932e-002
5.155841e+003,-4.153427e-002
5.156323e+003,-4.359778e-002
5.156806e+003,-4.322688e-002
5.157288e+003,-4.184423e-002
5.157770e+003,-4.059487e-002
5.158252e+003,-4.003242e-002
5.158734e+003,-3.999918e-002
5.159216e+003,-3.975119e-002
5.159698e+003,-3.829641e-002
5.160180e+003,-3.482609e-002
5.160663e+003,-2.907062e-002
5.161145e+003,-2.142520e-002
5.161626e+003,-1.277702e-002
5.162109e+003,-4.091538e-003
5.162591e+003,4.068639e-003
5.163073e+003,1.187146e-002
5.163555e+003,2.021698e-002
5.164037e+003,3.037473e-002
5.164520e+003,4.337918e-002
5.165001e+003,5.942343e-002
5.165484e+003,7.750642e-002
5.165966e+003,9.549665e-002
5.166448e+003,1.106089e-001
5.166930e+003,1.201303e-001
5.167412e+003,1.221406e-001
5.167895e+003,1.159944e-001
5.168376e+003,1.024368e-001
5.168858e+003,8.337531e-002
5.169341e+003,6.143707e-002
5.169823e+003,3.947553e-002
5.170305e+003,2.014995e-002
5.170787e+003,5.616416e-003
5.171269e+003,-2.695723e-003
5.171751e+003,-4.260933e-003
5.172233e+003,4.144622e-004
5.172715e+003,9.773880e-003
5.173198e+003,2.138840e-002
5.173680e+003,3.237703e-002
5.174162e+003,4.002100e-002
5.174644e+003,4.241933e-002
5.175126e+003,3.898026e-002
5.175608e+003,3.057611e-002
5.176090e+003,1.930211e-002
5.176573e+003,7.921855e-003
5.177055e+003,-8.126841e-004
5.177537e+003,-4.754284e-003
5.178019e+003,-2.721644e-003
5.178501e+003,5.404436e-003
5.178983e+003,1.878196e-002
5.179465e+003,3.580251e-002
5.179947e+003,5.431079e-002
5.180430e+003,7.184830e-002
5.180912e+003,8.596439e-002
5.181394e+003,9.461983e-002
5.181876e+003,9.663048e-002
5.182358e+003,9.201337e-002
5.182840e+003,8.206525e-002
5.183322e+003,6.906597e-002
5.183804e+003,5.564087e-002
5.184287e+003,4.398599e-002
5.184769e+003,3.518531e-002
5.185251e+003,2.902123e-002
5.185733e+003,2.421210e-002
5.186215e+003,1.905258e-002
5.186697e+003,1.215818e-002
5.187179e+003,3.001377e-003
5.187662e+003,-7.959696e-003
5.188144e+003,-1.955549e-002
5.188625e+003,-3.039243e-002
5.189108e+003,-3.928771e-002
5.189590e+003,-4.545575e-002
5.190072e+003,-4.842320e-002
5.190554e+003,-4.782292e-002
5.191036e+003,-4.329296e-002
5.191519e+003,-3.463525e-002
5.192000e+003,-2.221120e-002
5.192482e+003,-7.365800e-003
5.192965e+003,7.412573e-003
5.193447e+003,1.881177e-002
5.193929e+003,2.349940e-002
5.194411e+003,1.917155e-002
5.194893e+003,5.456761e-003
5.195375e+003,-1.569673e-002
5.195857e+003,-4.034137e-002
5.196340e+003,-6.348559e-002
5.196822e+003,-8.037822e-002
5.197304e+003,-8.770446e-002
5.197786e+003,-8.432911e-002
5.198268e+003,-7.140704e-002
5.198750e+003,-5.190788e-002
5.199232e+003,-2.976992e-002
5.199714e+003,-8.953243e-003
5.200197e+003,7.383590e-003
5.200679e+003,1.744769e-002
5.201161e+003,2.105586e-002
5.201643e+003,1.954038e-002
5.202125e+003,1.533017e-002
5.202607e+003,1.126788e-002
5.203089e+003,9.796290e-003
5.203571e+003,1.222137e-002
5.204054e+003,1.828852e-002
5.204536e+003,2.625161e-002
5.205018e+003,3.346148e-002
5.205500e+003,3.729783e-002
5.205982e+003,3.610359e-002
5.206464e+003,2.974783e-002
5.206946e+003,1.958348e-002
5.207429e+003,7.824639e-003
5.207911e+003,-3.373615e-003
5.208393e+003,-1.272320e-002
5.208875e+003,-2.015553e-002
5.209357e+003,-2.660186e-002
5.209839e+003,-3.335510e-002
5.210321e+003,-4.134791e-002
5.210803e+003,-5.068680e-002
5.211286e+003,-6.062022e-002
5.211768e+003,-6.988375e-002
5.212250e+003,-7.718520e-002
5.212732e+003,-8.155819e-002
5.213214e+003,-8.243214e-002
5.213696e+003,-7.946530e-002
5.214178e+003,-7.234379e-002
5.214660e+003,-6.076813e-002
5.215143e+003,-4.483443e-002
5.215625e+003,-2.510266e-002
5.216107e+003,-3.219060e-003
5.216589e+003,1.826063e-002
5.217071e+003,3.642181e-002
5.217553e+003,4.883457e-002
5.218035e+003,5.432330e-002
5.218518e+003,5.328293e-002
5.219000e+003,4.735743e-002
5.219481e+003,3.861017e-002
5.219964e+003,2.858679e-002
5.220446e+003,1.775051e-002
5.220928e+003,5.599454e-003
5.221410e+003,-8.568719e-003
5.221892e+003,-2.462864e-002
5.222375e+003,-4.089062e-002
5.222856e+003,-5.410980e-002
5.223338e+003,-6.036189e-002
5.223821e+003,-5.649669e-002
5.224303e+003,-4.158270e-002
5.224785e+003,-1.771011e-002
5.225267e+003,1.024302e-002
5.225749e+003,3.585063e-002
5.226231e+003,5.293303e-002
5.226713e+003,5.723673e-002
5.227196e+003,4.741674e-002
5.227678e+003,2.506945e-002
5.228160e+003,-6.042039e-003
5.228642e+003,-4.115605e-002
5.229124e+003,-7.561059e-002
5.229606e+003,-1.055579e-001
5.230088e+003,-1.282251e-001
5.230570e+003,-1.418596e-001
5.231053e+003,-1.455877e-001
5.231535e+003,-1.393620e-001
5.232017e+003,-1.240346e-001
5.232499e+003,-1.014576e-001
5.232981e+003,-7.445111e-002
5.233463e+003,-4.652394e-002
5.233945e+003,-2.133514e-002
5.234427e+003,-2.006755e-003
5.234910e+003,9.534912e-003
5.235392e+003,1.300541e-002
5.235874e+003,9.868613e-003
5.236356e+003,3.061213e-003
5.236838e+003,-3.619889e-003
5.237320e+003,-6.355913e-003
5.237802e+003,-2.209892e-003
5.238285e+003,1.009570e-002
5.238767e+003,2.972782e-002
5.239249e+003,5.378221e-002
5.239731e+003,7.787460e-002
5.240213e+003,9.718407e-002
5.240695e+003,1.076820e-001
5.241177e+003,1.071810e-001
5.241659e+003,9.586401e-002
5.242142e+003,7.611328e-002
5.242624e+003,5.169503e-002
5.243105e+003,2.659196e-002
5.243588e+003,3.910159e-003
5.244070e+003,-1.474193e-002
5.244552e+003,-2.920456e-002
5.245034e+003,-4.014065e-002
5.245516e+003,-4.817306e-002
5.245999e+003,-5.315597e-002
5.246480e+003,-5.415076e-002
5.246963e+003,-4.970411e-002
5.247445e+003,-3.862390e-002
5.247927e+003,-2.072663e-002
5.248409e+003,2.778216e-003
5.248891e+003,2.944876e-002
5.249374e+003,5.623744e-002
5.249855e+003,8.029442e-002
5.250337e+003,9.959891e-002
5.250820e+003,1.131813e-001
5.251302e+003,1.209069e-001
5.251784e+003,1.229924e-001
5.252266e+003,1.195243e-001
5.252748e+003,1.102221e-001
5.253230e+003,9.455635e-002
5.253712e+003,7.216588e-002
5.254194e+003,4.338204e-002
5.254677e+003,9.625210e-003
5.255159e+003,-2.650653e-002
5.255641e+003,-6.151442e-002
5.256123e+003,-9.156490e-002
5.256605e+003,-1.131828e-001
5.257087e+003,-1.238936e-001
5.257569e+003,-1.226791e-001
5.258052e+003,-1.101711e-001
5.258534e+003,-8.856407e-002
5.259016e+003,-6.125962e-002
5.259498e+003,-3.229326e-002
5.259980e+003,-5.630575e-003
5.260462e+003,1.553839e-002
5.260944e+003,2.935751e-002
5.261426e+003,3.558742e-002
5.261909e+003,3.554540e-002
5.262391e+003,3.171678e-002
5.262873e+003,2.713224e-002
5.263355e+003,2.465706e-002
5.263837e+003,2.635785e-002
5.264319e+003,3.308948e-002
5.264801e+003,4.438750e-002
5.265283e+003,5.867032e-002
5.265766e+003,7.367717e-002
5.266248e+003,8.701503e-002
5.266730e+003,9.667157e-002
5.267212e+003,1.013725e-001
5.267694e+003,1.007088e-001
5.268176e+003,9.502629e-002
5.268658e+003,8.514102e-002
5.269141e+003,7.200481e-002
5.269623e+003,5.646306e-002
5.270104e+003,3.921011e-002
5.270587e+003,2.095497e-002
5.271069e+003,2.698543e-003
5.271551e+003,-1.405264e-002
5.272033e+003,-2.731089e-002
5.272515e+003,-3.495259e-002
5.272998e+003,-3.531936e-002
5.273479e+003,-2.787019e-002
5.273962e+003,-1.361667e-002
5.274444e+003,4.874456e-003
5.274926e+003,2.397085e-002
5.275408e+003,3.981962e-002
5.275890e+003,4.926104e-002
5.276372e+003,5.049630e-002
5.276854e+003,4.327932e-002
5.277336e+003,2.871938e-002
5.277819e+003,8.714903e-003
5.278301e+003,-1.459074e-002
5.278783e+003,-3.915798e-002
5.279265e+003,-6.312636e-002
5.279747e+003,-8.471173e-002
5.280229e+003,-1.021184e-001
5.280711e+003,-1.136392e-001
5.281193e+003,-1.179882e-001
5.281676e+003,-1.147533e-001
5.282158e+003,-1.047461e-001
5.282640e+003,-9.003820e-002
5.283122e+003,-7.359023e-002
5.283604e+003,-5.855082e-002
5.284086e+003,-4.744808e-002
5.284568e+003,-4.154336e-002
5.285051e+003,-4.055555e-002
5.285533e+003,-4.282107e-002
5.286015e+003,-4.580361e-002
5.286497e+003,-4.677284e-002
5.286979e+003,-4.346403e-002
5.287461e+003,-3.458758e-002
5.287943e+003,-2.012995e-002
5.288425e+003,-1.428885e-003
5.288908e+003,1.899108e-002
5.289390e+003,3.784331e-002
5.289872e+003,5.175494e-002
5.290354e+003,5.810430e-002
5.290836e+003,5.582192e-002
5.291318e+003,4.589104e-002
5.291800e+003,3.131773e-002
5.292282e+003,1.649254e-002
5.292765e+003,6.078963e-003
5.293247e+003,3.750907e-003
5.293729e+003,1.117769e-002
5.294211e+003,2.758182e-002
5.294693e+003,4.999664e-002
5.295175e+003,7.410523e-002
5.295657e+003,9.534969e-002
5.296140e+003,1.099442e-001
5.296622e+003,1.155233e-001
5.297104e+003,1.113492e-001
5.297586e+003,9.817921e-002
5.298068e+003,7.797313e-002
5.298550e+003,5.357266e-002
5.299032e+003,2.837317e-002
5.299514e+003,5.914428e-003
5.299997e+003,-1.067662e-002
5.300479e+003,-1.935094e-002
5.300960e+003,-1.972356e-002
5.301443e+003,-1.331008e-002
5.301925e+003,-3.196804e-003
5.302407e+003,6.871701e-003
5.302889e+003,1.373623e-002
5.303371e+003,1.594025e-002
5.303854e+003,1.424260e-002
5.304335e+003,1.124947e-002
5.304818e+003,1.024721e-002
5.305300e+003,1.367006e-002
5.305782e+003,2.182283e-002
5.306264e+003,3.240757e-002
5.306746e+003,4.109624e-002
5.307229e+003,4.297353e-002
5.307710e+003,3.437322e-002
5.308192e+003,1.416561e-002
5.308675e+003,-1.548594e-002
5.309157e+003,-4.961648e-002
5.309639e+003,-8.174374e-002
5.310121e+003,-1.055178e-001
5.310603e+003,-1.162052e-001
5.311085e+003,-1.116159e-001
5.311567e+003,-9.232609e-002
5.312049e+003,-6.128288e-002
5.312532e+003,-2.302390e-002
5.313014e+003,1.723226e-002
5.313496e+003,5.442944e-002
5.313978e+003,8.434960e-002
5.314460e+003,1.040875e-001
5.314942e+003,1.123157e-001
5.315424e+003,1.093298e-001
5.315907e+003,9.686507e-002
5.316389e+003,7.770514e-002
5.316871e+003,5.515356e-002
5.317353e+003,3.247615e-002
5.317835e+003,1.242763e-002
5.318317e+003,-3.062997e-003
5.318799e+003,-1.303394e-002
5.319281e+003,-1.749112e-002
5.319764e+003,-1.731157e-002
5.320246e+003,-1.407010e-002
5.320728e+003,-9.777872e-003
5.321210e+003,-6.516215e-003
5.321692e+003,-5.987505e-003
5.322174e+003,-9.072521e-003
5.322656e+003,-1.554062e-002
5.323138e+003,-2.405605e-002
5.323621e+003,-3.254025e-002
5.324103e+003,-3.881311e-002
5.324585e+003,-4.130470e-002
5.325067e+003,-3.957294e-002
5.325549e+003,-3.441678e-002
5.326031e+003,-2.752719e-002
5.326513e+003,-2.080636e-002
5.326996e+003,-1.563037e-002
5.327478e+003,-1.235909e-002
5.327959e+003,-1.028807e-002
5.328442e+003,-8.039524e-003
5.328924e+003,-4.198069e-003
5.329406e+003,2.094775e-003
5.329888e+003,1.082770e-002
5.330370e+003,2.118051e-002
5.330853e+003,3.188128e-002
5.331334e+003,4.166610e-002
5.331816e+003,4.963413e-002
5.332299e+003,5.537193e-002
5.332781e+003,5.885348e-002
5.333263e+003,6.023236e-002
5.333745e+003,5.967930e-002
5.334227e+003,5.736575e-002
5.334709e+003,5.359117e-002
5.335191e+003,4.895721e-002
5.335674e+003,4.445459e-002
5.336156e+003,4.136400e-002
5.336638e+003,4.095817e-002
5.337120e+003,4.408894e-002
5.337602e+003,5.080406e-002
5.338084e+003,6.014312e-002
5.338566e+003,7.018007e-002
5.339048e+003,7.848345e-002
5.339531e+003,8.259418e-002
5.340013e+003,8.068947e-002
5.340495e+003,7.212748e-002
5.340977e+003,5.774405e-002
5.341459e+003,3.980040e-002
5.341941e+003,2.154985e-002
5.342423e+003,6.478229e-003
5.342905e+003,-2.633109e-003
5.343388e+003,-4.583663e-003
5.343870e+003,-2.847803e-004
5.344352e+003,7.298707e-003
5.344834e+003,1.388107e-002
5.345316e+003,1.511005e-002
5.345798e+003,7.970545e-003
5.346280e+003,-8.126771e-003
5.346763e+003,-3.095169e-002
5.347245e+003,-5.591096e-002
5.347727e+003,-7.723710e-002
5.348209e+003,-8.956055e-002
5.348691e+003,-8.939394e-002
5.349173e+003,-7.608215e-002
5.349655e+003,-5.194137e-002
5.350137e+003,-2.157571e-002
5.350620e+003,9.378490e-003
5.351102e+003,3.567067e-002
5.351584e+003,5.360106e-002
5.352066e+003,6.164356e-002
5.352548e+003,6.043020e-002
5.353030e+003,5.219191e-002
5.353512e+003,3.988967e-002
5.353994e+003,2.633074e-002
5.354477e+003,1.353312e-002
5.354958e+003,2.488286e-003
5.355441e+003,-6.682160e-003
5.355923e+003,-1.431786e-002
5.356405e+003,-2.077075e-002
5.356887e+003,-2.611037e-002
5.357369e+003,-3.008618e-002
5.357852e+003,-3.232412e-002
5.358333e+003,-3.262363e-002
5.358815e+003,-3.117351e-002
5.359298e+003,-2.854357e-002
5.359780e+003,-2.542822e-002
5.360262e+003,-2.225855e-002
5.360744e+003,-1.889442e-002
5.361226e+003,-1.459775e-002
5.361708e+003,-8.366480e-003
5.362190e+003,4.767332e-004
5.362673e+003,1.170408e-002
5.363155e+003,2.392068e-002
5.363637e+003,3.482087e-002
5.364119e+003,4.193193e-002
5.364601e+003,4.356511e-002
5.365083e+003,3.955181e-002
5.365565e+003,3.139532e-002
5.366047e+003,2.170983e-002
5.366530e+003,1.314749e-002
5.367012e+003,7.276196e-003
5.367494e+003,3.932830e-003
5.367976e+003,1.391153e-003
5.368458e+003,-2.677625e-003
5.368940e+003,-9.850013e-003
5.369422e+003,-1.980905e-002
5.369904e+003,-2.996439e-002
5.370387e+003,-3.611314e-002
5.370869e+003,-3.388931e-002
5.371351e+003,-2.048350e-002
5.371833e+003,4.046850e-003
5.372315e+003,3.640033e-002
5.372797e+003,7.074809e-002
5.373279e+003,1.002857e-001
5.373762e+003,1.190659e-001
5.374244e+003,1.235007e-001
5.374726e+003,1.131076e-001
5.375208e+003,9.039047e-002
5.375690e+003,6.003030e-002
5.376172e+003,2.771313e-002
5.376654e+003,-1.077612e-003
5.377136e+003,-2.206997e-002
5.377619e+003,-3.288363e-002
5.378101e+003,-3.332154e-002
5.378583e+003,-2.524665e-002
5.379065e+003,-1.204493e-002
5.379547e+003,2.265153e-003
5.380029e+003,1.411958e-002
5.380511e+003,2.142356e-002
5.380993e+003,2.416581e-002
5.381476e+003,2.435852e-002
5.381958e+003,2.522928e-002
5.382440e+003,2.988186e-002
5.382922e+003,3.989992e-002
5.383404e+003,5.445161e-002
5.383886e+003,7.029872e-002
5.384368e+003,8.277161e-002
5.384851e+003,8.738032e-002
5.385333e+003,8.145844e-002
5.385814e+003,6.519999e-002
5.386297e+003,4.168517e-002
5.386779e+003,1.590290e-002
5.387261e+003,-6.819312e-003
5.387743e+003,-2.235926e-002
5.388225e+003,-2.877329e-002
5.388708e+003,-2.644946e-002
5.389189e+003,-1.754743e-002
5.389671e+003,-5.082757e-003
5.390154e+003,7.934920e-003
5.390636e+003,1.903829e-002
5.391118e+003,2.647320e-002
5.391600e+003,2.915654e-002
5.392082e+003,2.663192e-002
5.392564e+003,1.914611e-002
5.393046e+003,7.801675e-003
5.393529e+003,-5.389553e-003
5.394011e+003,-1.773599e-002
5.394493e+003,-2.643197e-002
5.394975e+003,-2.931923e-002
5.395457e+003,-2.556070e-002
5.395939e+003,-1.593992e-002
5.396421e+003,-2.639542e-003
5.396903e+003,1.143386e-002
5.397386e+003,2.352474e-002
5.397868e+003,3.177574e-002
5.398350e+003,3.558921e-002
5.398832e+003,3.552400e-002
5.399314e+003,3.284688e-002
5.399796e+003,2.898175e-002
5.400278e+003,2.507403e-002
5.400760e+003,2.190433e-002
5.401243e+003,1.986076e-002
5.401725e+003,1.918048e-002
5.402207e+003,2.009280e-002
5.402689e+003,2.283163e-002
5.403171e+003,2.753467e-002
5.403653e+003,3.411741e-002
5.404135e+003,4.221489e-002
5.404618e+003,5.122710e-002
5.405100e+003,6.043250e-002
5.405582e+003,6.909273e-002
5.406064e+003,7.649107e-002
5.406546e+003,8.190943e-002
5.407028e+003,8.461259e-002
5.407510e+003,8.392343e-002
5.407992e+003,7.942527e-002
5.408475e+003,7.123386e-002
5.408957e+003,6.020152e-002
5.409438e+003,4.789840e-002
5.409921e+003,3.629243e-002
5.410403e+003,2.718841e-002
5.410885e+003,2.161998e-002
5.411367e+003,1.944111e-002
5.411849e+003,1.930436e-002
5.412332e+003,1.906831e-002
5.412813e+003,1.650814e-002
5.413296e+003,1.008102e-002
5.413778e+003,-5.284278e-004
5.414260e+003,-1.427489e-002
5.414742e+003,-2.906206e-002
5.415224e+003,-4.236050e-002
5.415706e+003,-5.190276e-002
5.416188e+003,-5.623552e-002
5.416670e+003,-5.499895e-002
5.417153e+003,-4.891452e-002
5.417635e+003,-3.954171e-002
5.418117e+003,-2.889251e-002
5.418599e+003,-1.898532e-002
5.419081e+003,-1.140582e-002
5.419563e+003,-6.938769e-003
5.420045e+003,-5.347339e-003
5.420527e+003,-5.381024e-003
5.421010e+003,-5.067990e-003
5.421492e+003,-2.277042e-003
5.421974e+003,4.567832e-003
5.422456e+003,1.582819e-002
5.422938e+003,3.028710e-002
5.423420e+003,4.525797e-002
5.423902e+003,5.719933e-002
5.424385e+003,6.268800e-002
5.424867e+003,5.945993e-002
5.425349e+003,4.718082e-002
5.425831e+003,2.768470e-002
5.426313e+003,4.589578e-003
5.426795e+003,-1.759876e-002
5.427277e+003,-3.462083e-002
5.427759e+003,-4.349317e-002
5.428242e+003,-4.313071e-002
5.428724e+003,-3.439406e-002
5.429206e+003,-1.958620e-002
5.429688e+003,-1.606359e-003
5.430170e+003,1.692366e-002
5.430652e+003,3.426086e-002
5.431134e+003,4.982050e-002
5.431616e+003,6.352195e-002
5.432099e+003,7.562188e-002
5.432581e+003,8.601928e-002
5.433063e+003,9.392392e-002
5.433545e+003,9.790634e-002
5.434027e+003,9.633056e-002
5.434509e+003,8.801325e-002
5.434991e+003,7.284785e-002
5.435474e+003,5.212471e-002
5.435956e+003,2.838421e-002
5.436438e+003,4.818524e-003
5.436920e+003,-1.557862e-002
5.437402e+003,-3.081118e-002
5.437884e+003,-4.034130e-002
5.438366e+003,-4.505433e-002
5.438848e+003,-4.675984e-002
5.439331e+003,-4.743199e-002
5.439813e+003,-4.848437e-002
5.440295e+003,-5.035327e-002
5.440777e+003,-5.253474e-002
5.441259e+003,-5.402773e-002
5.441741e+003,-5.396163e-002
5.442223e+003,-5.210919e-002
5.442705e+003,-4.904747e-002
5.443188e+003,-4.589713e-002
5.443669e+003,-4.376280e-002
5.444152e+003,-4.313140e-002
5.444634e+003,-4.350612e-002
5.445116e+003,-4.346058e-002
5.445598e+003,-4.112129e-002
5.446080e+003,-3.490116e-002
5.446563e+003,-2.419088e-002
5.447044e+003,-9.723507e-003
5.447526e+003,6.544564e-003
5.448009e+003,2.200642e-002
5.448491e+003,3.423275e-002
5.448973e+003,4.176423e-002
5.449455e+003,4.458697e-002
5.449937e+003,4.411712e-002
5.450419e+003,4.269183e-002
5.450901e+003,4.274150e-002
5.451384e+003,4.593604e-002
5.451866e+003,5.260815e-002
5.452348e+003,6.165577e-002
5.452830e+003,7.095250e-002
5.453312e+003,7.811306e-002
5.453794e+003,8.133255e-002
5.454276e+003,7.998942e-002
5.454758e+003,7.478396e-002
5.455241e+003,6.735662e-002
5.455723e+003,5.953478e-002
5.456205e+003,5.251531e-002
5.456687e+003,4.633475e-002
5.457169e+003,3.987835e-002
5.457651e+003,3.146645e-002
5.458133e+003,1.981068e-002
5.458615e+003,4.957040e-003
5.459098e+003,-1.119902e-002
5.459580e+003,-2.510555e-002
5.460062e+003,-3.247556e-002
5.460544e+003,-2.966612e-002
5.461026e+003,-1.503717e-002
5.461508e+003,1.021897e-002
5.461990e+003,4.211368e-002
5.462473e+003,7.485054e-002
5.462955e+003,1.022476e-001
5.463437e+003,1.194263e-001
5.463919e+003,1.240285e-001
5.464401e+003,1.166402e-001
5.464883e+003,1.003364e-001
5.465365e+003,7.955403e-002
5.465847e+003,5.870918e-002
5.466330e+003,4.102728e-002
5.466812e+003,2.794203e-002
5.467293e+003,1.919311e-002
5.467776e+003,1.349572e-002
5.468258e+003,9.458754e-003
5.468740e+003,6.361063e-003
5.469222e+003,4.474678e-003
5.469704e+003,4.819466e-003
5.470187e+003,8.469991e-003
5.470668e+003,1.572502e-002
5.471150e+003,2.551971e-002
5.471633e+003,3.538276e-002
5.472115e+003,4.203766e-002
5.472597e+003,4.248855e-002
5.473079e+003,3.521392e-002
5.473561e+003,2.100006e-002
5.474043e+003,3.030108e-003
5.474525e+003,-1.391038e-002
5.475008e+003,-2.491848e-002
5.475490e+003,-2.665783e-002
5.475972e+003,-1.861969e-002
5.476454e+003,-3.456698e-003
5.476936e+003,1.377285e-002
5.477418e+003,2.718928e-002
5.477900e+003,3.192980e-002
5.478382e+003,2.559453e-002
5.478865e+003,8.835595e-003
5.479347e+003,-1.503503e-002
5.479829e+003,-4.118519e-002
5.480311e+003,-6.467469e-002
5.480793e+003,-8.162481e-002
5.481275e+003,-8.980032e-002
5.481757e+003,-8.855362e-002
5.482239e+003,-7.835951e-002
5.482722e+003,-6.029609e-002
5.483204e+003,-3.576066e-002
5.483686e+003,-6.501186e-003
5.484168e+003,2.517913e-002
5.484650e+003,5.630286e-002
5.485132e+003,8.339906e-002
5.485614e+003,1.030262e-001
5.486097e+003,1.124827e-001
5.486579e+003,1.104380e-001
5.487061e+003,9.723722e-002
5.487543e+003,7.477975e-002
5.488025e+003,4.605311e-002
5.488507e+003,1.453458e-002
5.488989e+003,-1.631730e-002
5.489471e+003,-4.336658e-002
5.489954e+003,-6.394114e-002
5.490436e+003,-7.595725e-002
5.490918e+003,-7.815816e-002
5.491400e+003,-7.047266e-002
5.491882e+003,-5.433838e-002
5.492364e+003,-3.274539e-002
5.492846e+003,-9.776963e-003
5.493328e+003,1.017850e-002
5.493811e+003,2.361258e-002
5.494292e+003,2.880814e-002
5.494775e+003,2.622683e-002
5.495257e+003,1.819284e-002
5.495739e+003,8.000810e-003
5.496221e+003,-1.189647e-003
5.496703e+003,-7.238898e-003
5.497186e+003,-9.375392e-003
5.497667e+003,-7.946262e-003
5.498149e+003,-3.774343e-003
5.498632e+003,2.514886e-003
5.499114e+003,1.085690e-002
5.499596e+003,2.164169e-002
5.500078e+003,3.522184e-002
5.500560e+003,5.130411e-002
5.501042e+003,6.854032e-002
5.501524e+003,8.452872e-002
5.502007e+003,9.625090e-002
5.502489e+003,1.007924e-001
5.502971e+003,9.610521e-002
5.503453e+003,8.158752e-002
5.503935e+003,5.834956e-002
5.504417e+003,2.913671e-002
5.504899e+003,-2.048218e-003
5.505381e+003,-3.056355e-002
5.505864e+003,-5.192831e-002
5.506346e+003,-6.272142e-002
5.506828e+003,-6.143533e-002
5.507310e+003,-4.906206e-002
5.507792e+003,-2.916175e-002
5.508274e+003,-7.249679e-003
5.508756e+003,1.046096e-002
5.509238e+003,1.867011e-002
5.509721e+003,1.447625e-002
5.510203e+003,-1.769059e-003
5.510685e+003,-2.657054e-002
5.511167e+003,-5.437474e-002
5.511649e+003,-7.928669e-002
5.512131e+003,-9.682507e-002
5.512613e+003,-1.050926e-001
5.513096e+003,-1.049617e-001
5.513578e+003,-9.926119e-002
5.514060e+003,-9.134340e-002
5.514542e+003,-8.363690e-002
5.515024e+003,-7.676344e-002
5.515506e+003,-6.953942e-002
5.515988e+003,-5.980360e-002
5.516470e+003,-4.567433e-002
5.516953e+003,-2.667768e-002
5.517435e+003,-4.263996e-003
5.517917e+003,1.849383e-002
5.518399e+003,3.788201e-002
5.518881e+003,5.079814e-002
5.519363e+003,5.577498e-002
5.519845e+003,5.338980e-002
5.520327e+003,4.593197e-002
5.520810e+003,3.649918e-002
5.521292e+003,2.790839e-002
5.521774e+003,2.185959e-002
5.522256e+003,1.865610e-002
5.522738e+003,1.753290e-002
5.523220e+003,1.738020e-002
5.523702e+003,1.738866e-002
5.524185e+003,1.776661e-002
5.524667e+003,1.932630e-002
5.525148e+003,2.307525e-002
5.525631e+003,2.952259e-002
5.526113e+003,3.818598e-002
5.526595e+003,4.757353e-002
5.527077e+003,5.568521e-002
5.527559e+003,6.081523e-002
5.528042e+003,6.226914e-002
5.528523e+003,6.062450e-002
5.529006e+003,5.737203e-002
5.529488e+003,5.408027e-002
5.529970e+003,5.148496e-002
5.530452e+003,4.897838e-002
5.530934e+003,4.481098e-002
5.531416e+003,3.698038e-002
5.531898e+003,2.442618e-002
5.532380e+003,7.949101e-003
5.532863e+003,-9.653726e-003
5.533345e+003,-2.441363e-002
5.533827e+003,-3.270422e-002
5.534309e+003,-3.282129e-002
5.534791e+003,-2.592286e-002
5.535273e+003,-1.586336e-002
5.535755e+003,-7.922048e-003
5.536237e+003,-6.913456e-003
5.536720e+003,-1.545033e-002
5.537202e+003,-3.306923e-002
5.537684e+003,-5.654584e-002
5.538166e+003,-8.120404e-002
5.538648e+003,-1.026061e-001
5.539130e+003,-1.178937e-001
5.539612e+003,-1.262723e-001
5.540095e+003,-1.285670e-001
5.540577e+003,-1.262156e-001
5.541059e+003,-1.202814e-001
5.541541e+003,-1.109916e-001
5.542023e+003,-9.797276e-002
5.542505e+003,-8.097430e-002
5.542987e+003,-6.061634e-002
5.543469e+003,-3.871358e-002
5.543952e+003,-1.797227e-002
5.544434e+003,-1.201680e-003
5.544916e+003,9.562280e-003
5.545398e+003,1.359299e-002
5.545880e+003,1.143730e-002
5.546362e+003,4.388628e-003
5.546844e+003,-6.202378e-003
5.547326e+003,-1.939763e-002
5.547809e+003,-3.470040e-002
5.548291e+003,-5.169517e-002
5.548772e+003,-6.958048e-002
5.549255e+003,-8.693248e-002
5.549737e+003,-1.018920e-001
5.550219e+003,-1.127092e-001
5.550701e+003,-1.183582e-001
5.551183e+003,-1.188749e-001
5.551666e+003,-1.152131e-001
5.552147e+003,-1.086689e-001
5.552630e+003,-1.001684e-001
5.553112e+003,-8.979477e-002
5.553594e+003,-7.681553e-002
5.554076e+003,-6.021272e-002
5.554558e+003,-3.940650e-002
5.555040e+003,-1.507906e-002
5.555522e+003,1.089535e-002
5.556004e+003,3.570084e-002
5.556487e+003,5.626960e-002
5.556969e+003,7.001014e-002
5.557451e+003,7.528158e-002
5.557933e+003,7.149104e-002
5.558415e+003,5.890001e-002
5.558897e+003,3.835862e-002
5.559379e+003,1.116852e-002
5.559861e+003,-2.086967e-002
5.560344e+003,-5.534149e-002
5.560826e+003,-8.924389e-002
5.561308e+003,-1.193012e-001
5.561790e+003,-1.425514e-001
5.562272e+003,-1.569965e-001
5.562754e+003,-1.620283e-001
5.563236e+003,-1.584150e-001
5.563719e+003,-1.478431e-001
5.564201e+003,-1.322331e-001
5.564683e+003,-1.131713e-001
5.565165e+003,-9.174040e-002
5.565647e+003,-6.881051e-002
5.566129e+003,-4.558711e-002
5.566611e+003,-2.404773e-002
5.567093e+003,-6.932242e-003
5.567576e+003,2.826828e-003
5.568058e+003,3.048395e-003
5.568540e+003,-6.788811e-003
5.569022e+003,-2.511239e-002
5.569504e+003,-4.854462e-002
5.569986e+003,-7.284005e-002
5.570468e+003,-9.410223e-002
5.570950e+003,-1.097886e-001
5.571433e+003,-1.191197e-001
5.571915e+003,-1.227897e-001
5.572397e+003,-1.221862e-001
5.572879e+003,-1.185210e-001
5.573361e+003,-1.122725e-001
5.573843e+003,-1.031552e-001
5.574325e+003,-9.057066e-002
5.574808e+003,-7.427543e-002
5.575290e+003,-5.492975e-002
5.575771e+003,-3.427248e-002
5.576254e+003,-1.485092e-002
5.576736e+003,5.780587e-004
5.577218e+003,9.748162e-003
5.577700e+003,1.145241e-002
5.578182e+003,5.826885e-003
5.578665e+003,-5.696122e-003
5.579146e+003,-2.072077e-002
5.579629e+003,-3.640949e-002
5.580111e+003,-5.007634e-002
5.580593e+003,-5.972696e-002
5.581075e+003,-6.442066e-002
5.581557e+003,-6.435373e-002
5.582039e+003,-6.062321e-002
5.582521e+003,-5.473206e-002
5.583003e+003,-4.800383e-002
5.583486e+003,-4.113518e-002
5.583968e+003,-3.408088e-002
5.584450e+003,-2.633260e-002
5.584932e+003,-1.746944e-002
5.585414e+003,-7.794047e-003
5.585896e+003,1.713036e-003
5.586378e+003,9.234644e-003
5.586860e+003,1.286125e-002
5.587343e+003,1.137544e-002
5.587825e+003,4.830704e-003
5.588307e+003,-5.363424e-003
5.588789e+003,-1.690726e-002
5.589271e+003,-2.741668e-002
5.589753e+003,-3.518808e-002
5.590235e+003,-3.956763e-002
5.590718e+003,-4.077812e-002
5.591200e+003,-3.934737e-002
5.591682e+003,-3.549892e-002
5.592164e+003,-2.888932e-002
5.592646e+003,-1.888397e-002
5.593128e+003,-5.249415e-003
5.593610e+003,1.112565e-002
5.594092e+003,2.793850e-002
5.594575e+003,4.188970e-002
5.595057e+003,4.974103e-002
5.595539e+003,4.960248e-002
5.596021e+003,4.187076e-002
5.596503e+003,2.935277e-002
5.596985e+003,1.644741e-002
5.597467e+003,7.674195e-003
5.597949e+003,6.126770e-003
5.598432e+003,1.246212e-002
5.598914e+003,2.479939e-002
5.599396e+003,3.951584e-002
5.599878e+003,5.256951e-002
5.600360e+003,6.080989e-002
5.600842e+003,6.281176e-002
5.601324e+003,5.902687e-002
5.601807e+003,5.134582e-002
5.602289e+003,4.236034e-002
5.602771e+003,3.464248e-002
5.603253e+003,3.023761e-002
5.603735e+003,3.040216e-002
5.604217e+003,3.550454e-002
5.604699e+003,4.500209e-002
5.605181e+003,5.747949e-002
5.605664e+003,7.081238e-002
5.606146e+003,8.252746e-002
5.606627e+003,9.034698e-002
5.607110e+003,9.277984e-002
5.607592e+003,8.953670e-002
5.608074e+003,8.157749e-002
5.608556e+003,7.074335e-002
5.609038e+003,5.912098e-002
5.609521e+003,4.841921e-002
5.610002e+003,3.963393e-002
5.610484e+003,3.312275e-002
5.610967e+003,2.898852e-002
5.611449e+003,2.749601e-002
5.611931e+003,2.922463e-002
5.612413e+003,3.481265e-002
5.612896e+003,4.439735e-002
5.613377e+003,5.706805e-002
5.613859e+003,7.069267e-002
5.614342e+003,8.232222e-002
5.614824e+003,8.908264e-002
5.615306e+003,8.919302e-002
5.615788e+003,8.264130e-002
5.616270e+003,7.119981e-002
5.616752e+003,5.767165e-002
5.617234e+003,4.479003e-002
5.617716e+003,3.418768e-002
5.618199e+003,2.591391e-002
5.618681e+003,1.869021e-002
5.619163e+003,1.074884e-002
5.619645e+003,8.294930e-004
5.620127e+003,-1.114634e-002
5.620609e+003,-2.402257e-002
5.621091e+003,-3.595799e-002
5.621573e+003,-4.526713e-002
5.622056e+003,-5.112351e-002
5.622538e+003,-5.379894e-002
5.623020e+003,-5.437135e-002
5.623502e+003,-5.410743e-002
5.623984e+003,-5.387493e-002
5.624466e+003,-5.389100e-002
5.624948e+003,-5.390751e-002
5.625431e+003,-5.368661e-002
5.625913e+003,-5.346720e-002
5.626395e+003,-5.413697e-002
5.626877e+003,-5.699230e-002
5.627359e+003,-6.318988e-002
5.627841e+003,-7.315480e-002
5.628323e+003,-8.622623e-002
5.628805e+003,-1.006971e-001
5.629288e+003,-1.142126e-001
5.629770e+003,-1.243386e-001
5.630252e+003,-1.290738e-001
5.630734e+003,-1.271564e-001
5.631216e+003,-1.181517e-001
5.631698e+003,-1.024189e-001
5.632180e+003,-8.106755e-002
5.632662e+003,-5.594688e-002
5.633145e+003,-2.959987e-002
5.633626e+003,-5.054461e-003
5.634109e+003,1.463835e-002
5.634591e+003,2.707928e-002
5.635073e+003,3.120988e-002
5.635555e+003,2.773041e-002
5.636037e+003,1.900568e-002
5.636520e+003,8.399591e-003
5.637001e+003,-7.804383e-004
5.637483e+003,-6.357545e-003
5.637966e+003,-7.962869e-003
5.638448e+003,-7.035038e-003
5.638930e+003,-6.123396e-003
5.639412e+003,-7.756223e-003
5.639894e+003,-1.331741e-002
5.640376e+003,-2.237445e-002
5.640858e+003,-3.272193e-002
5.641341e+003,-4.111997e-002
5.641823e+003,-4.443483e-002
5.642305e+003,-4.073944e-002
5.642787e+003,-2.995932e-002
5.643269e+003,-1.383729e-002
5.643751e+003,4.742740e-003
5.644233e+003,2.279263e-002
5.644715e+003,3.821462e-002
5.645198e+003,5.038714e-002
5.645680e+003,6.014754e-002
5.646162e+003,6.921825e-002
5.646644e+003,7.933598e-002
5.647126e+003,9.144780e-002
5.647608e+003,1.053012e-001
5.648090e+003,1.195782e-001
5.648572e+003,1.324880e-001
5.649055e+003,1.425427e-001
5.649537e+003,1.491557e-001
5.650019e+003,1.527733e-001
5.650501e+003,1.544633e-001
5.650983e+003,1.551354e-001
5.651465e+003,1.547619e-001
5.651947e+003,1.520022e-001
5.652430e+003,1.444826e-001
5.652912e+003,1.296991e-001
5.653394e+003,1.062154e-001
5.653876e+003,7.465236e-002
5.654358e+003,3.800941e-002
5.654840e+003,1.102248e-003
5.655322e+003,-3.073087e-002
5.655804e+003,-5.318836e-002
5.656287e+003,-6.423303e-002
5.656769e+003,-6.451598e-002
5.657251e+003,-5.685148e-002
5.657733e+003,-4.499068e-002
5.658215e+003,-3.222281e-002
5.658697e+003,-2.037673e-002
5.659179e+003,-9.587283e-003
5.659661e+003,1.171318e-003
5.660144e+003,1.312268e-002
5.660625e+003,2.679766e-002
5.661108e+003,4.163649e-002
5.661590e+003,5.623030e-002
5.662072e+003,6.902016e-002
5.662554e+003,7.905272e-002
5.663036e+003,8.638296e-002
5.663519e+003,9.191589e-002
5.664000e+003,9.678104e-002
5.664482e+003,1.015794e-001
5.664965e+003,1.059086e-001
5.665447e+003,1.084308e-001
5.665929e+003,1.074766e-001
5.666411e+003,1.019069e-001
5.666893e+003,9.182454e-002
5.667375e+003,7.879116e-002
5.667857e+003,6.543195e-002
5.668340e+003,5.458802e-002
5.668822e+003,4.837107e-002
5.669304e+003,4.749927e-002
5.669786e+003,5.115077e-002
5.670268e+003,5.734237e-002
5.670750e+003,6.363615e-002
5.671232e+003,6.788405e-002
5.671714e+003,6.875979e-002
5.672197e+003,6.596131e-002
5.672679e+003,6.011407e-002
5.673161e+003,5.249758e-002
5.673643e+003,4.472559e-002
5.674125e+003,3.845489e-002
5.674607e+003,3.513462e-002
5.675089e+003,3.578026e-002
5.675571e+003,4.077999e-002
5.676054e+003,4.978660e-002
5.676536e+003,6.176974e-002
5.677018e+003,7.526936e-002
5.677500e+003,8.880474e-002
5.677982e+003,1.012964e-001
5.678464e+003,1.123418e-001
5.678946e+003,1.221636e-001
5.679429e+003,1.312706e-001
5.679911e+003,1.399423e-001
5.680393e+003,1.477796e-001
5.680875e+003,1.535517e-001
5.681357e+003,1.554507e-001
5.681839e+003,1.516900e-001
5.682321e+003,1.412161e-001
5.682803e+003,1.242415e-001
5.683286e+003,1.023682e-001
5.683768e+003,7.823790e-002
5.684250e+003,5.483334e-002
5.684732e+003,3.469013e-002
5.685214e+003,1.929860e-002
5.685696e+003,8.887912e-003
5.686178e+003,2.628470e-003
5.686660e+003,-8.622715e-004
5.687143e+003,-2.916102e-003
5.687625e+003,-4.320383e-003
5.688106e+003,-5.073555e-003
5.688589e+003,-4.427400e-003
5.689071e+003,-1.165378e-003
5.689553e+003,5.983203e-003
5.690035e+003,1.790315e-002
5.690518e+003,3.472481e-002
5.691000e+003,5.560515e-002
5.691481e+003,7.871921e-002
5.691964e+003,1.014949e-001
5.692446e+003,1.210761e-001
5.692928e+003,1.349298e-001
5.693410e+003,1.414444e-001
5.693892e+003,1.403382e-001
5.694375e+003,1.327355e-001
5.694856e+003,1.208733e-001
5.695338e+003,1.075328e-001
5.695821e+003,9.539287e-002
5.696303e+003,8.651682e-002
5.696785e+003,8.211757e-002
5.697267e+003,8.260653e-002
5.697749e+003,8.780461e-002
5.698231e+003,9.712744e-002
5.698713e+003,1.096029e-001
5.699195e+003,1.237110e-001
5.699678e+003,1.371929e-001
5.700160e+003,1.470624e-001
5.700642e+003,1.500114e-001
5.701124e+003,1.432292e-001
5.701606e+003,1.254206e-001
5.702088e+003,9.762910e-002
5.702570e+003,6.344549e-002
5.703053e+003,2.835922e-002
5.703535e+003,-1.663880e-003
5.704017e+003,-2.195198e-002
5.704499e+003,-3.061620e-002
5.704981e+003,-2.917168e-002
5.705463e+003,-2.199871e-002
5.705945e+003,-1.479009e-002
5.706427e+003,-1.253318e-002
5.706910e+003,-1.777364e-002
5.707392e+003,-2.980763e-002
5.707874e+003,-4.509220e-002
5.708356e+003,-5.868999e-002
5.708838e+003,-6.616043e-002
5.709320e+003,-6.522333e-002
5.709802e+003,-5.645445e-002
5.710284e+003,-4.293239e-002
5.710767e+003,-2.898171e-002
5.711249e+003,-1.857597e-002
5.711731e+003,-1.403534e-002
5.712213e+003,-1.547287e-002
5.712695e+003,-2.109873e-002
5.713177e+003,-2.814033e-002
5.713659e+003,-3.392468e-002
5.714142e+003,-3.667046e-002
5.714624e+003,-3.573088e-002
5.715105e+003,-3.131177e-002
5.715588e+003,-2.392353e-002
5.716070e+003,-1.390989e-002
5.716552e+003,-1.300313e-003
5.717034e+003,1.397176e-002
5.717516e+003,3.165225e-002
5.717999e+003,5.082481e-002
5.718480e+003,6.987677e-002
5.718963e+003,8.684473e-002
5.719445e+003,1.000131e-001
5.719927e+003,1.085049e-001
5.720409e+003,1.125963e-001
5.720891e+003,1.136050e-001
5.721373e+003,1.133879e-001
5.721855e+003,1.136468e-001
5.722337e+003,1.153127e-001
5.722820e+003,1.182323e-001
5.723302e+003,1.212472e-001
5.723784e+003,1.226001e-001
5.724266e+003,1.204920e-001
5.724748e+003,1.135960e-001
5.725230e+003,1.013905e-001
5.725712e+003,8.427406e-002
5.726194e+003,6.350512e-002
5.726677e+003,4.104109e-002
5.727159e+003,1.932584e-002
5.727641e+003,1.026889e-003
5.728123e+003,-1.130653e-002
5.728605e+003,-1.567943e-002
5.729087e+003,-1.113387e-002
5.729569e+003,1.844554e-003
5.730052e+003,2.116219e-002
5.730534e+003,4.333293e-002
5.731016e+003,6.410966e-002
5.731498e+003,7.942151e-002
5.731980e+003,8.637857e-002
5.732462e+003,8.404599e-002
5.732944e+003,7.373118e-002
5.733426e+003,5.866260e-002
5.733909e+003,4.312605e-002
5.734391e+003,3.130322e-002
5.734873e+003,2.615981e-002
5.735355e+003,2.871577e-002
5.735837e+003,3.790021e-002
5.736319e+003,5.099696e-002
5.736801e+003,6.449904e-002
5.737283e+003,7.507474e-002
5.737766e+003,8.034053e-002
5.738248e+003,7.922829e-002
5.738730e+003,7.189278e-002
5.739212e+003,5.927338e-002
5.739694e+003,4.253674e-002
5.740176e+003,2.267635e-002
5.740658e+003,3.891167e-004
5.741141e+003,-2.368774e-002
5.741623e+003,-4.854925e-002
5.742104e+003,-7.244399e-002
5.742587e+003,-9.279344e-002
5.743069e+003,-1.065530e-001
5.743551e+003,-1.109810e-001
5.744033e+003,-1.045954e-001
5.744515e+003,-8.798059e-002
5.744998e+003,-6.410860e-002
5.745479e+003,-3.796948e-002
5.745962e+003,-1.553253e-002
5.746444e+003,-2.296169e-003
5.746926e+003,-1.850826e-003
5.747408e+003,-1.490237e-002
5.747890e+003,-3.907142e-002
5.748372e+003,-6.954112e-002
5.748854e+003,-1.003553e-001
5.749336e+003,-1.259684e-001
5.749819e+003,-1.425819e-001
5.750301e+003,-1.488902e-001
5.750783e+003,-1.460668e-001
5.751265e+003,-1.370744e-001
5.751747e+003,-1.255814e-001
5.752229e+003,-1.148578e-001
5.752711e+003,-1.069753e-001
5.753193e+003,-1.024876e-001
5.753676e+003,-1.005899e-001
5.754158e+003,-9.961087e-002
5.754640e+003,-9.762795e-002
5.755122e+003,-9.301660e-002
5.755604e+003,-8.482566e-002
5.756086e+003,-7.295972e-002
5.756568e+003,-5.820437e-002
5.757051e+003,-4.213407e-002
5.757533e+003,-2.690976e-002
5.758015e+003,-1.494324e-002
5.758497e+003,-8.416606e-003
5.758979e+003,-8.705233e-003
5.759461e+003,-1.584016e-002
5.759943e+003,-2.820716e-002
5.760425e+003,-4.266600e-002
5.760908e+003,-5.516633e-002
5.761390e+003,-6.176356e-002
5.761872e+003,-5.976473e-002
5.762354e+003,-4.863664e-002
5.762836e+003,-3.033925e-002
5.763318e+003,-8.909347e-003
5.763800e+003,1.063284e-002
5.764282e+003,2.373893e-002
5.764765e+003,2.769096e-002
5.765247e+003,2.242036e-002
5.765729e+003,1.052057e-002
5.766211e+003,-3.543894e-003
5.766693e+003,-1.476533e-002
5.767175e+003,-1.902985e-002
5.767657e+003,-1.422896e-002
5.768139e+003,-7.447303e-004
5.768622e+003,1.877952e-002
5.769104e+003,4.026045e-002
5.769586e+003,5.932065e-002
5.770068e+003,7.243912e-002
5.770550e+003,7.782470e-002
5.771032e+003,7.578539e-002
5.771514e+003,6.859374e-002
5.771997e+003,5.982972e-002
5.772479e+003,5.340611e-002
5.772960e+003,5.251290e-002
5.773443e+003,5.875451e-002
5.773925e+003,7.171990e-002
5.774407e+003,8.912285e-002
5.774889e+003,1.074868e-001
5.775371e+003,1.231668e-001
5.775854e+003,1.333662e-001
5.776335e+003,1.367907e-001
5.776817e+003,1.337092e-001
5.777300e+003,1.254295e-001
5.777782e+003,1.134450e-001
5.778264e+003,9.865270e-002
5.778746e+003,8.101587e-002
5.779228e+003,5.984186e-002
5.779710e+003,3.455093e-002
5.780192e+003,5.559848e-003
5.780675e+003,-2.518571e-002
5.781157e+003,-5.436089e-002
5.781639e+003,-7.811575e-002
5.782121e+003,-9.331424e-002
5.782603e+003,-9.863091e-002
5.783085e+003,-9.501255e-002
5.783567e+003,-8.528300e-002
5.784049e+003,-7.305397e-002
5.784532e+003,-6.141763e-002
5.785014e+003,-5.199159e-002
5.785496e+003,-4.471049e-002
5.785978e+003,-3.839919e-002
5.786460e+003,-3.179115e-002
5.786942e+003,-2.445184e-002
5.787424e+003,-1.713009e-002
5.787906e+003,-1.136256e-002
5.788389e+003,-8.547790e-003
5.788871e+003,-8.991553e-003
5.789353e+003,-1.145508e-002
5.789835e+003,-1.349693e-002
5.790317e+003,-1.250312e-002
5.790799e+003,-6.947561e-003
5.791281e+003,2.715731e-003
5.791764e+003,1.398098e-002
5.792246e+003,2.312745e-002
5.792728e+003,2.663606e-002
5.793210e+003,2.258680e-002
5.793692e+003,1.144184e-002
5.794174e+003,-4.109962e-003
5.794656e+003,-2.016344e-002
5.795138e+003,-3.302759e-002
5.795621e+003,-4.049454e-002
5.796103e+003,-4.247256e-002
5.796585e+003,-4.080135e-002
5.797067e+003,-3.840378e-002
5.797549e+003,-3.816075e-002
5.798031e+003,-4.194449e-002
5.798513e+003,-5.011522e-002
5.798995e+003,-6.156600e-002
5.799478e+003,-7.419618e-002
5.799959e+003,-8.558440e-002
5.800442e+003,-9.363384e-002
5.800924e+003,-9.703803e-002
5.801406e+003,-9.551276e-002
5.801888e+003,-8.977063e-002
5.802370e+003,-8.130234e-002
5.802853e+003,-7.198850e-002
5.803334e+003,-6.361230e-002
5.803816e+003,-5.738540e-002
5.804299e+003,-5.363254e-002
5.804781e+003,-5.176575e-002
5.805263e+003,-5.059362e-002
5.805745e+003,-4.887809e-002
5.806227e+003,-4.592747e-002
5.806709e+003,-4.196868e-002
5.807191e+003,-3.811068e-002
5.807674e+003,-3.587859e-002
5.808156e+003,-3.649386e-002
5.808638e+003,-4.021018e-002
5.809120e+003,-4.601477e-002
5.809602e+003,-5.185879e-002
5.810084e+003,-5.534889e-002
5.810566e+003,-5.462113e-002
5.811048e+003,-4.903321e-002
5.811531e+003,-3.938934e-002
5.812013e+003,-2.761533e-002
5.812495e+003,-1.603219e-002
5.812977e+003,-6.529357e-003
5.813459e+003,4.254735e-005
5.813941e+003,4.054712e-003
5.814423e+003,6.837893e-003
5.814905e+003,1.012270e-002
5.815388e+003,1.541629e-002
5.815870e+003,2.353000e-002
5.816352e+003,3.438042e-002
5.816834e+003,4.707519e-002
5.817316e+003,6.021607e-002
5.817798e+003,7.231883e-002
5.818280e+003,8.224818e-002
5.818763e+003,8.957235e-002
5.819245e+003,9.474242e-002
5.819727e+003,9.901258e-002
5.820209e+003,1.040620e-001
5.820691e+003,1.113681e-001
5.821173e+003,1.214986e-001
5.821655e+003,1.335803e-001
5.822137e+003,1.452076e-001
5.822620e+003,1.529360e-001
5.823102e+003,1.532906e-001
5.823583e+003,1.439843e-001
5.824066e+003,1.248963e-001
5.824548e+003,9.839767e-002
5.825030e+003,6.882927e-002
5.825512e+003,4.126254e-002
5.825994e+003,1.997272e-002
5.826477e+003,7.181643e-003
5.826958e+003,2.532399e-003
5.827440e+003,3.469102e-003
5.827923e+003,6.341044e-003
5.828405e+003,7.784318e-003
5.828887e+003,5.864612e-003
5.829369e+003,6.066473e-004
5.829852e+003,-6.193508e-003
5.830333e+003,-1.170261e-002
5.830815e+003,-1.300070e-002
5.831298e+003,-7.914205e-003
5.831780e+003,4.475174e-003
5.832262e+003,2.367270e-002
5.832744e+003,4.795442e-002
5.833226e+003,7.463863e-002
5.833708e+003,1.005348e-001
5.834190e+003,1.224801e-001
5.834672e+003,1.379560e-001
5.835155e+003,1.456909e-001
5.835637e+003,1.460677e-001
5.836119e+003,1.411307e-001
5.836601e+003,1.340781e-001
5.837083e+003,1.283219e-001
5.837565e+003,1.264021e-001
5.838047e+003,1.291652e-001
5.838529e+003,1.355507e-001
5.839012e+003,1.431078e-001
5.839494e+003,1.490499e-001
5.839976e+003,1.514131e-001
5.840458e+003,1.498221e-001
5.840940e+003,1.455345e-001
5.841422e+003,1.407600e-001
5.841904e+003,1.375730e-001
5.842387e+003,1.369198e-001
5.842869e+003,1.381543e-001
5.843351e+003,1.392881e-001
5.843833e+003,1.378034e-001
5.844315e+003,1.316388e-001
5.844797e+003,1.199097e-001
5.845279e+003,1.030906e-001
5.845761e+003,8.266260e-002
5.846244e+003,6.048314e-002
5.846726e+003,3.822042e-002
5.847208e+003,1.710581e-002
5.847690e+003,-1.961607e-003
5.848172e+003,-1.813077e-002
5.848654e+003,-3.039626e-002
5.849136e+003,-3.766829e-002
5.849618e+003,-3.912422e-002
5.850101e+003,-3.466533e-002
5.850583e+003,-2.522230e-002
5.851065e+003,-1.271599e-002
5.851547e+003,3.470714e-004
5.852029e+003,1.148469e-002
5.852511e+003,1.880432e-002
5.852993e+003,2.131704e-002
5.853476e+003,1.893999e-002
5.853958e+003,1.228639e-002
5.854439e+003,2.422078e-003
5.854922e+003,-9.271926e-003
5.855404e+003,-2.111804e-002
5.855886e+003,-3.115606e-002
5.856368e+003,-3.730735e-002
5.856850e+003,-3.776449e-002
5.857333e+003,-3.152426e-002
5.857814e+003,-1.884164e-002
5.858297e+003,-1.353898e-003
5.858779e+003,1.825955e-002
5.859261e+003,3.700527e-002
5.859743e+003,5.241789e-002
5.860225e+003,6.316750e-002
5.860707e+003,6.918009e-002
5.861189e+003,7.124774e-002
5.861671e+003,7.035349e-002
5.862154e+003,6.707472e-002
5.862636e+003,6.137893e-002
5.863118e+003,5.291446e-002
5.863600e+003,4.160151e-002
5.864082e+003,2.819512e-002
5.864564e+003,1.444422e-002
5.865046e+003,2.702918e-003
5.865528e+003,-4.872901e-003
5.866011e+003,-7.175042e-003
5.866493e+003,-4.621793e-003
5.866975e+003,9.852790e-004
5.867457e+003,7.182116e-003
5.867939e+003,1.181568e-002
5.868421e+003,1.382611e-002
5.868903e+003,1.348890e-002
5.869386e+003,1.203387e-002
5.869868e+003,1.085589e-002
5.870350e+003,1.072074e-002
5.870832e+003,1.135209e-002
5.871314e+003,1.158201e-002
5.871796e+003,9.961826e-003
5.872278e+003,5.510327e-003
5.872760e+003,-1.772113e-003
5.873243e+003,-1.085876e-002
5.873725e+003,-2.011306e-002
5.874207e+003,-2.793572e-002
5.874689e+003,-3.331774e-002
5.875171e+003,-3.604814e-002
5.875653e+003,-3.651800e-002
5.876135e+003,-3.527093e-002
5.876617e+003,-3.256829e-002
5.877100e+003,-2.821123e-002
5.877582e+003,-2.171348e-002
5.878064e+003,-1.273108e-002
5.878546e+003,-1.523473e-003
5.879028e+003,1.079405e-002
5.879510e+003,2.234910e-002
5.879992e+003,3.094594e-002
5.880475e+003,3.467819e-002
5.880957e+003,3.249915e-002
5.881438e+003,2.455710e-002
5.881921e+003,1.220119e-002
5.882403e+003,-2.321797e-003
5.882885e+003,-1.637320e-002
5.883367e+003,-2.749067e-002
5.883849e+003,-3.388758e-002
5.884332e+003,-3.478549e-002
5.884813e+003,-3.051863e-002
5.885296e+003,-2.239204e-002
5.885778e+003,-1.232310e-002
5.886260e+003,-2.351954e-003
5.886742e+003,5.849703e-003
5.887224e+003,1.132922e-002
5.887706e+003,1.395912e-002
5.888188e+003,1.427745e-002
5.888670e+003,1.314193e-002
5.889153e+003,1.135288e-002
5.889635e+003,9.410929e-003
5.890117e+003,7.509984e-003
5.890599e+003,5.749217e-003
5.891081e+003,4.434039e-003
5.891563e+003,4.284001e-003
5.892045e+003,6.406291e-003
5.892527e+003,1.200829e-002
5.893010e+003,2.195905e-002
5.893492e+003,3.639408e-002
5.893974e+003,5.454178e-002
5.894456e+003,7.488678e-002
5.894938e+003,9.552915e-002
5.895420e+003,1.146493e-001
5.895902e+003,1.308444e-001
5.896385e+003,1.432274e-001
5.896867e+003,1.513051e-001
5.897349e+003,1.547582e-001
5.897831e+003,1.532868e-001
5.898313e+003,1.466278e-001
5.898795e+003,1.347366e-001
5.899277e+003,1.180236e-001
5.899759e+003,9.749510e-002
5.900242e+003,7.469939e-002
5.900724e+003,5.148568e-002
5.901206e+003,2.968328e-002
5.901688e+003,1.084706e-002
5.902170e+003,-3.836290e-003
5.902652e+003,-1.349175e-002
5.903134e+003,-1.745996e-002
5.903616e+003,-1.530093e-002
5.904099e+003,-6.973690e-003
5.904581e+003,6.858978e-003
5.905063e+003,2.456745e-002
5.905545e+003,4.353740e-002
5.906027e+003,6.052272e-002
5.906509e+003,7.233533e-002
5.906991e+003,7.667141e-002
5.907474e+003,7.278643e-002
5.907956e+003,6.176549e-002
5.908438e+003,4.627880e-002
5.908920e+003,2.990019e-002
5.909402e+003,1.621619e-002
5.909884e+003,8.003306e-003
5.910366e+003,6.686997e-003
5.910848e+003,1.216203e-002
5.911331e+003,2.292160e-002
5.911813e+003,3.637810e-002
5.912294e+003,4.927604e-002
5.912777e+003,5.816073e-002
5.913259e+003,5.991313e-002
5.913741e+003,5.234321e-002
5.914223e+003,3.475885e-002
5.914705e+003,8.340877e-003
5.915188e+003,-2.386769e-002
5.915669e+003,-5.746905e-002
5.916151e+003,-8.765708e-002
5.916634e+003,-1.103594e-001
5.917116e+003,-1.232203e-001
5.917598e+003,-1.260937e-001
5.918080e+003,-1.208798e-001
5.918563e+003,-1.107762e-001
5.919044e+003,-9.923613e-002
5.919526e+003,-8.901762e-002
5.920009e+003,-8.164262e-002
5.920491e+003,-7.738135e-002
5.920973e+003,-7.564443e-002
5.921455e+003,-7.550882e-002
5.921937e+003,-7.609858e-002
5.922419e+003,-7.667394e-002
5.922901e+003,-7.647536e-002
5.923383e+003,-7.451627e-002
5.923866e+003,-6.954573e-002
5.924348e+003,-6.029758e-002
5.924830e+003,-4.598345e-002
5.925312e+003,-2.675932e-002
5.925794e+003,-4.048338e-003
5.926276e+003,1.958630e-002
5.926758e+003,4.095405e-002
5.927240e+003,5.698427e-002
5.927723e+003,6.544937e-002
5.928205e+003,6.542890e-002
5.928687e+003,5.739813e-002
5.929169e+003,4.297480e-002
5.929651e+003,2.446787e-002
5.930133e+003,4.396314e-003
5.930615e+003,-1.490232e-002
5.931098e+003,-3.153513e-002
5.931580e+003,-4.420867e-002
5.932062e+003,-5.230447e-002
5.932544e+003,-5.587808e-002
5.933026e+003,-5.555644e-002
5.933508e+003,-5.231648e-002
5.933990e+003,-4.717682e-002
5.934472e+003,-4.089937e-002
5.934955e+003,-3.382743e-002
5.935437e+003,-2.595174e-002
5.935919e+003,-1.719140e-002
5.936401e+003,-7.754642e-003
5.936883e+003,1.629403e-003
5.937365e+003,9.786679e-003
5.937847e+003,1.552226e-002
5.938329e+003,1.824853e-002
5.938812e+003,1.853066e-002
5.939293e+003,1.824943e-002
5.939776e+003,2.021494e-002
5.940258e+003,2.730116e-002
5.940740e+003,4.140044e-002
5.941222e+003,6.260996e-002
5.941704e+003,8.899466e-002
5.942187e+003,1.170456e-001
5.942668e+003,1.426679e-001
5.943150e+003,1.623166e-001
5.943633e+003,1.738486e-001
5.944115e+003,1.768015e-001
5.944597e+003,1.720650e-001
5.945079e+003,1.611702e-001
5.945561e+003,1.455557e-001
5.946043e+003,1.261296e-001
5.946525e+003,1.032624e-001
5.947008e+003,7.712289e-002
5.947490e+003,4.811642e-002
5.947972e+003,1.717005e-002
5.948454e+003,-1.426943e-002
5.948936e+003,-4.448598e-002
5.949418e+003,-7.182438e-002
5.949900e+003,-9.491273e-002
5.950382e+003,-1.126860e-001
5.950865e+003,-1.242642e-001
5.951347e+003,-1.288458e-001
5.951829e+003,-1.257772e-001
5.952311e+003,-1.148515e-001
5.952793e+003,-9.673385e-002
5.953275e+003,-7.328872e-002
5.953757e+003,-4.758381e-002
5.954239e+003,-2.346544e-002
5.954722e+003,-4.794363e-003
5.955204e+003,5.401652e-003
5.955686e+003,5.563656e-003
5.956168e+003,-4.249799e-003
5.956650e+003,-2.261163e-002
5.957132e+003,-4.729715e-002
5.957614e+003,-7.585122e-002
5.958097e+003,-1.059223e-001
5.958579e+003,-1.352860e-001
5.959061e+003,-1.616740e-001
5.959543e+003,-1.826409e-001
5.960025e+003,-1.956921e-001
5.960507e+003,-1.987405e-001
5.960989e+003,-1.907635e-001
5.961471e+003,-1.723765e-001
5.961954e+003,-1.460232e-001
5.962436e+003,-1.156099e-001
5.962918e+003,-8.563241e-002
5.963400e+003,-6.005996e-002
5.963882e+003,-4.135462e-002
5.964364e+003,-2.996535e-002
5.964846e+003,-2.446077e-002
5.965328e+003,-2.222402e-002
5.965811e+003,-2.043531e-002
5.966292e+003,-1.698908e-002
5.966775e+003,-1.105624e-002
5.967257e+003,-3.161873e-003
5.967739e+003,5.169752e-003
5.968221e+003,1.202159e-002
5.968703e+003,1.571693e-002
5.969186e+003,1.529427e-002
5.969667e+003,1.072482e-002
5.970149e+003,2.865277e-003
5.970632e+003,-6.796976e-003
5.971114e+003,-1.651724e-002
5.971596e+003,-2.469124e-002
5.972078e+003,-3.019014e-002
5.972560e+003,-3.255910e-002
5.973042e+003,-3.203152e-002
5.973524e+003,-2.935383e-002
5.974007e+003,-2.547128e-002
5.974489e+003,-2.117772e-002
5.974971e+003,-1.685459e-002
5.975453e+003,-1.239955e-002
5.975935e+003,-7.375000e-003
5.976417e+003,-1.314265e-003
5.976899e+003,5.947719e-003
5.977381e+003,1.406913e-002
5.977864e+003,2.221807e-002
5.978346e+003,2.930724e-002
5.978828e+003,3.434230e-002
5.979310e+003,3.672589e-002
5.979792e+003,3.638388e-002
5.980274e+003,3.366716e-002
5.980756e+003,2.909222e-002
5.981238e+003,2.306188e-002
5.981721e+003,1.571464e-002
5.982203e+003,6.984420e-003
5.982685e+003,-3.156825e-003
5.983167e+003,-1.439798e-002
5.983649e+003,-2.589032e-002
5.984131e+003,-3.627099e-002
5.984613e+003,-4.392861e-002
5.985095e+003,-4.742188e-002
5.985578e+003,-4.589340e-002
5.986060e+003,-3.932323e-002
5.986542e+003,-2.853730e-002
5.987024e+003,-1.496633e-002
5.987506e+003,-2.943461e-004
5.987988e+003,1.389690e-002
5.988470e+003,2.635722e-002
5.988953e+003,3.622609e-002
5.989435e+003,4.295442e-002
5.989917e+003,4.617734e-002
5.990399e+003,4.563203e-002
5.990881e+003,4.117549e-002
5.991363e+003,3.289701e-002
5.991845e+003,2.126426e-002
5.992327e+003,7.216671e-003
5.992810e+003,-7.867699e-003
5.993292e+003,-2.236068e-002
5.993773e+003,-3.469618e-002
5.994256e+003,-4.372266e-002
5.994738e+003,-4.898643e-002
5.995220e+003,-5.084473e-002
5.995702e+003,-5.035108e-002
5.996184e+003,-4.892043e-002
5.996667e+003,-4.785535e-002
5.997148e+003,-4.786978e-002
5.997631e+003,-4.876511e-002
5.998113e+003,-4.937854e-002
5.998595e+003,-4.784307e-002
5.999077e+003,-4.209666e-002
5.999559e+003,-3.049304e-002
6.000041e+003,-1.232979e-002
6.000523e+003,1.186147e-002
6.001005e+003,4.033752e-002
6.001488e+003,7.045201e-002
6.001970e+003,9.914175e-002
6.002452e+003,1.234497e-001
6.002934e+003,1.409641e-001
6.003416e+003,1.501109e-001
6.003898e+003,1.502962e-001
6.004380e+003,1.419337e-001
6.004862e+003,1.263896e-001
6.005345e+003,1.058519e-001
6.005827e+003,8.310616e-002
6.006309e+003,6.119349e-002
6.006791e+003,4.296374e-002
6.007273e+003,3.059009e-002
6.007755e+003,2.516014e-002
6.008237e+003,2.646905e-002
6.008720e+003,3.309529e-002
6.009202e+003,4.275479e-002
6.009684e+003,5.283622e-002
6.010166e+003,6.096382e-002
6.010648e+003,6.543760e-002
6.011130e+003,6.545815e-002
6.011612e+003,6.112534e-002
6.012094e+003,5.326813e-002
6.012577e+003,4.319236e-002
6.013059e+003,3.242173e-002
6.013541e+003,2.247184e-002
6.014023e+003,1.466586e-002
6.014505e+003,9.987945e-003
6.014987e+003,8.979718e-003
6.015469e+003,1.169880e-002
6.015951e+003,1.775690e-002
6.016434e+003,2.643141e-002
6.016916e+003,3.680898e-002
6.017398e+003,4.788252e-002
6.017880e+003,5.862404e-002
6.018362e+003,6.788853e-002
6.018844e+003,7.436370e-002
6.019326e+003,7.660532e-002
6.019809e+003,7.326508e-002
6.020291e+003,6.351735e-002
6.020772e+003,4.756704e-002
6.021255e+003,2.702310e-002
6.021737e+003,4.908599e-003
6.022219e+003,-1.482387e-002
6.022701e+003,-2.821835e-002
6.023183e+003,-3.243123e-002
6.023666e+003,-2.665946e-002
6.024147e+003,-1.251873e-002
6.024630e+003,6.322885e-003
6.025112e+003,2.518743e-002
6.025594e+003,3.977883e-002
6.026076e+003,4.745342e-002
6.026558e+003,4.792736e-002
6.027040e+003,4.317955e-002
6.027522e+003,3.659724e-002
6.028004e+003,3.168190e-002
6.028487e+003,3.077845e-002
6.028969e+003,3.426785e-002
6.029451e+003,4.048284e-002
6.029933e+003,4.634762e-002
6.030415e+003,4.849444e-002
6.030897e+003,4.445978e-002
6.031379e+003,3.355420e-002
6.031861e+003,1.712671e-002
6.032344e+003,-1.838100e-003
6.032826e+003,-1.962588e-002
6.033308e+003,-3.287442e-002
6.033790e+003,-3.946348e-002
6.034272e+003,-3.893049e-002
6.034754e+003,-3.231229e-002
6.035236e+003,-2.152730e-002
6.035719e+003,-8.576330e-003
6.036201e+003,5.106444e-003
6.036683e+003,1.890432e-002
6.037165e+003,3.280758e-002
6.037647e+003,4.689235e-002
6.038129e+003,6.078428e-002
6.038611e+003,7.341194e-002
6.039093e+003,8.321682e-002
6.039576e+003,8.875822e-002
6.040058e+003,8.943579e-002
6.040540e+003,8.596066e-002
6.041022e+003,8.029043e-002
6.041504e+003,7.498342e-002
6.041986e+003,7.220859e-002
6.042468e+003,7.284436e-002
6.042950e+003,7.609855e-002
6.043433e+003,7.987599e-002
6.043915e+003,8.178352e-002
6.044396e+003,8.035451e-002
6.044879e+003,7.593875e-002
6.045361e+003,7.082168e-002
6.045843e+003,6.846043e-002
6.046325e+003,7.211456e-002
6.046808e+003,8.342502e-002
6.047290e+003,1.015339e-001
6.047771e+003,1.231198e-001
6.048254e+003,1.433471e-001
6.048736e+003,1.573732e-001
6.049218e+003,1.618145e-001
6.049700e+003,1.556603e-001
6.050182e+003,1.403381e-001
6.050665e+003,1.189966e-001
6.051146e+003,9.535965e-002
6.051629e+003,7.261375e-002
6.052111e+003,5.270052e-002
6.052593e+003,3.615877e-002
6.053075e+003,2.242702e-002
6.053557e+003,1.037593e-002
6.054039e+003,-1.167846e-003
6.054521e+003,-1.305337e-002
6.055003e+003,-2.562249e-002
6.055485e+003,-3.866564e-002
6.055968e+003,-5.145971e-002
6.056450e+003,-6.286837e-002
6.056932e+003,-7.151931e-002
6.057414e+003,-7.607016e-002
6.057896e+003,-7.552844e-002
6.058378e+003,-6.953535e-002
6.058860e+003,-5.850200e-002
6.059343e+003,-4.352912e-002
6.059825e+003,-2.613179e-002
6.060307e+003,-7.884193e-003
6.060789e+003,9.864070e-003
6.061271e+003,2.609379e-002
6.061753e+003,4.004569e-002
6.062235e+003,5.108124e-002
6.062718e+003,5.862132e-002
6.063200e+003,6.225520e-002
6.063682e+003,6.198759e-002
6.064164e+003,5.847528e-002
6.064646e+003,5.306380e-002
6.065128e+003,4.751092e-002
6.065610e+003,4.344156e-002
6.066092e+003,4.174025e-002
6.066574e+003,4.215880e-002
6.067057e+003,4.335097e-002
6.067539e+003,4.336311e-002
6.068021e+003,4.039676e-002
6.068503e+003,3.352335e-002
6.068985e+003,2.304548e-002
6.069467e+003,1.036004e-002
6.069949e+003,-2.595220e-003
6.070432e+003,-1.404818e-002
6.070914e+003,-2.294320e-002
6.071396e+003,-2.913027e-002
6.071878e+003,-3.317922e-002
6.072360e+003,-3.598141e-002
6.072842e+003,-3.837023e-002
6.073324e+003,-4.092877e-002
6.073807e+003,-4.400529e-002
6.074289e+003,-4.781992e-002
6.074771e+003,-5.250088e-002
6.075253e+003,-5.796074e-002
6.075735e+003,-6.366608e-002
6.076217e+003,-6.847357e-002
6.076699e+003,-7.072301e-002
6.077181e+003,-6.866726e-002
6.077663e+003,-6.113290e-002
6.078146e+003,-4.814520e-002
6.078627e+003,-3.120969e-002
6.079110e+003,-1.307293e-002
6.079592e+003,3.056278e-003
6.080074e+003,1.446143e-002
6.080556e+003,1.973702e-002
6.081038e+003,1.912472e-002
6.081521e+003,1.425318e-002
6.082002e+003,7.416311e-003
6.082484e+003,7.081431e-004
6.082967e+003,-4.636561e-003
6.083449e+003,-8.468425e-003
6.083931e+003,-1.149659e-002
6.084413e+003,-1.477778e-002
6.084896e+003,-1.917602e-002
6.085377e+003,-2.500592e-002
6.085859e+003,-3.194799e-002
6.086342e+003,-3.919001e-002
6.086824e+003,-4.567391e-002
6.087306e+003,-5.033192e-002
6.087788e+003,-5.225646e-002
6.088270e+003,-5.081216e-002
6.088752e+003,-4.572471e-002
6.089234e+003,-3.715923e-002
6.089716e+003,-2.575896e-002
6.090199e+003,-1.259266e-002
6.090681e+003,1.017402e-003
6.091163e+003,1.375442e-002
6.091645e+003,2.456215e-002
6.092127e+003,3.279178e-002
6.092609e+003,3.818452e-002
6.093091e+003,4.072220e-002
6.093573e+003,4.045366e-002
6.094056e+003,3.741865e-002
6.094538e+003,3.172853e-002
6.095020e+003,2.375607e-002
6.095502e+003,1.430033e-002
6.095984e+003,4.580404e-003
6.096466e+003,-4.005536e-003
6.096948e+003,-1.028728e-002
6.097431e+003,-1.371325e-002
6.097913e+003,-1.452290e-002
6.098395e+003,-1.359214e-002
6.098877e+003,-1.200964e-002
6.099359e+003,-1.059061e-002
6.099841e+003,-9.579078e-003
6.100323e+003,-8.696190e-003
6.100805e+003,-7.500812e-003
6.101288e+003,-5.845431e-003
6.101770e+003,-4.136452e-003
6.102252e+003,-3.197128e-003
6.102734e+003,-3.746077e-003
6.103216e+003,-5.739437e-003
6.103698e+003,-7.949189e-003
6.104180e+003,-8.086486e-003
6.104662e+003,-3.537941e-003
6.105145e+003,7.525024e-003
6.105626e+003,2.512981e-002
6.106108e+003,4.706782e-002
6.106591e+003,6.932301e-002
6.107073e+003,8.728923e-002
6.107555e+003,9.735025e-002
6.108037e+003,9.821130e-002
6.108520e+003,9.143795e-002
6.109001e+003,8.095769e-002
6.109483e+003,7.168426e-002
6.109966e+003,6.767383e-002
6.110448e+003,7.095369e-002
6.110930e+003,8.048512e-002
6.111412e+003,9.264841e-002
6.111894e+003,1.025026e-001
6.112376e+003,1.054800e-001
6.112858e+003,9.891851e-002
6.113341e+003,8.291447e-002
6.113823e+003,6.024229e-002
6.114305e+003,3.541462e-002
6.114787e+003,1.324719e-002
6.115269e+003,-2.565633e-003
6.115751e+003,-1.039296e-002
6.116233e+003,-1.085268e-002
6.116715e+003,-6.246614e-003
6.117197e+003,4.790644e-004
6.117680e+003,6.815666e-003
6.118162e+003,1.139458e-002
6.118644e+003,1.407159e-002
6.119126e+003,1.543227e-002
6.119608e+003,1.601798e-002
6.120090e+003,1.569542e-002
6.120572e+003,1.351966e-002
6.121055e+003,8.194449e-003
6.121537e+003,-1.075638e-003
6.122019e+003,-1.377499e-002
6.122501e+003,-2.777024e-002
6.122983e+003,-3.976348e-002
6.123465e+003,-4.640484e-002
6.123947e+003,-4.562053e-002
6.124430e+003,-3.755567e-002
6.124912e+003,-2.465993e-002
6.125394e+003,-1.081420e-002
6.125876e+003,1.574527e-004
6.126358e+003,5.943225e-003
6.126840e+003,6.514935e-003
6.127322e+003,3.874322e-003
6.127804e+003,9.138003e-004
6.128286e+003,-4.821867e-005
6.128769e+003,1.653676e-003
6.129251e+003,4.851797e-003
6.129733e+003,7.321710e-003
6.130215e+003,7.085291e-003
6.130697e+003,3.541444e-003
6.131179e+003,-2.183274e-003
6.131661e+003,-7.859376e-003
6.132144e+003,-1.142719e-002
6.132625e+003,-1.222568e-002
6.133107e+003,-1.147679e-002
6.133590e+003,-1.168879e-002
6.134072e+003,-1.520657e-002
6.134554e+003,-2.261739e-002
6.135036e+003,-3.185948e-002
6.135519e+003,-3.859342e-002
6.136000e+003,-3.780529e-002
6.136482e+003,-2.600370e-002
6.136965e+003,-3.042795e-003
6.137447e+003,2.728148e-002
6.137929e+003,5.820113e-002
6.138411e+003,8.216888e-002
6.138893e+003,9.339762e-002
6.139375e+003,8.972507e-002
6.139857e+003,7.308821e-002
6.140339e+003,4.849508e-002
6.140822e+003,2.212153e-002
6.141304e+003,-1.330714e-003
6.141786e+003,-1.944859e-002
6.142268e+003,-3.268544e-002
6.142750e+003,-4.355653e-002
6.143232e+003,-5.518892e-002
6.143714e+003,-6.987355e-002
6.144196e+003,-8.815527e-002
6.144679e+003,-1.086901e-001
6.145161e+003,-1.287675e-001
6.145643e+003,-1.451797e-001
6.146125e+003,-1.550877e-001
6.146607e+003,-1.566426e-001
6.147089e+003,-1.492837e-001
6.147571e+003,-1.337533e-001
6.148054e+003,-1.119050e-001
6.148536e+003,-8.636151e-002
6.149018e+003,-6.005265e-002
6.149500e+003,-3.567415e-002
6.149982e+003,-1.516445e-002
6.150464e+003,6.581622e-004
6.150946e+003,1.216182e-002
6.151428e+003,2.062004e-002
6.151911e+003,2.766583e-002
6.152393e+003,3.467925e-002
6.152875e+003,4.233992e-002
6.153357e+003,5.050543e-002
6.153839e+003,5.843085e-002
6.154321e+003,6.519601e-002
6.154803e+003,7.012442e-002
6.155285e+003,7.300478e-002
6.155768e+003,7.404125e-002
6.156250e+003,7.360154e-002
6.156732e+003,7.192440e-002
6.157214e+003,6.894705e-002
6.157696e+003,6.432806e-002
6.158178e+003,5.762821e-002
6.158660e+003,4.853664e-002
6.159143e+003,3.702645e-002
6.159625e+003,2.338734e-002
6.160106e+003,8.163606e-003
6.160589e+003,-7.925868e-003
6.161071e+003,-2.402160e-002
6.161553e+003,-3.910661e-002
6.162035e+003,-5.199680e-002
6.162517e+003,-6.141499e-002
6.163000e+003,-6.618500e-002
6.163481e+003,-6.550323e-002
6.163964e+003,-5.918173e-002
6.164446e+003,-4.774789e-002
6.164928e+003,-3.234726e-002
6.165410e+003,-1.448856e-002
6.165892e+003,4.253808e-003
6.166374e+003,2.245571e-002
6.166856e+003,3.891349e-002
6.167338e+003,5.260278e-002
6.167821e+003,6.263237e-002
6.168303e+003,6.830259e-002
6.168785e+003,6.929880e-002
6.169267e+003,6.593931e-002
6.169749e+003,5.931769e-002
6.170231e+003,5.118952e-002
6.170713e+003,4.356164e-002
6.171195e+003,3.809527e-002
6.171678e+003,3.555583e-002
6.172160e+003,3.555567e-002
6.172642e+003,3.672777e-002
6.173124e+003,3.728078e-002
6.173606e+003,3.570086e-002
6.174088e+003,3.130588e-002
6.174570e+003,2.442458e-002
6.175053e+003,1.614700e-002
6.175535e+003,7.782661e-003
6.176017e+003,2.826554e-004
6.176499e+003,-6.124379e-003
6.176981e+003,-1.195148e-002
6.177463e+003,-1.816045e-002
6.177945e+003,-2.571566e-002
6.178427e+003,-3.517671e-002
6.178910e+003,-4.646246e-002
6.179392e+003,-5.881974e-002
6.179874e+003,-7.094839e-002
6.180356e+003,-8.121347e-002
6.180838e+003,-8.790439e-002
6.181320e+003,-8.954056e-002
6.181802e+003,-8.522490e-002
6.182284e+003,-7.499965e-002
6.182767e+003,-6.008677e-002
6.183249e+003,-4.286160e-002
6.183730e+003,-2.645615e-002
6.184213e+003,-1.402397e-002
6.184695e+003,-7.862343e-003
6.185177e+003,-8.702496e-003
6.185659e+003,-1.546320e-002
6.186142e+003,-2.560999e-002
6.186624e+003,-3.602019e-002
6.187105e+003,-4.403323e-002
6.187588e+003,-4.827440e-002
6.188070e+003,-4.893356e-002
6.188552e+003,-4.741963e-002
6.189034e+003,-4.558483e-002
6.189516e+003,-4.488677e-002
6.189999e+003,-4.585305e-002
6.190480e+003,-4.804192e-002
6.190963e+003,-5.044339e-002
6.191445e+003,-5.206499e-002
6.191927e+003,-5.238858e-002
6.192409e+003,-5.149044e-002
6.192891e+003,-4.981882e-002
6.193373e+003,-4.780753e-002
6.193855e+003,-4.557520e-002
6.194337e+003,-4.288664e-002
6.194819e+003,-3.938540e-002
6.195302e+003,-3.494194e-002
6.195784e+003,-2.989186e-002
6.196266e+003,-2.500074e-002
6.196748e+003,-2.115100e-002
6.197230e+003,-1.890741e-002
6.197712e+003,-1.819346e-002
6.198194e+003,-1.825800e-002
6.198677e+003,-1.796467e-002
6.199159e+003,-1.627357e-002
6.199641e+003,-1.268901e-002
6.200123e+003,-7.467884e-003
6.200605e+003,-1.501081e-003
6.201087e+003,4.063850e-003
6.201569e+003,8.280281e-003
6.202052e+003,1.074474e-002
6.202534e+003,1.169951e-002
6.203016e+003,1.194493e-002
6.203498e+003,1.264577e-002
6.203980e+003,1.483524e-002
6.204462e+003,1.916041e-002
6.204944e+003,2.576282e-002
6.205426e+003,3.426289e-002
6.205908e+003,4.380548e-002
6.206391e+003,5.315335e-002
6.206873e+003,6.084767e-002
6.207355e+003,6.545252e-002
6.207837e+003,6.585767e-002
6.208319e+003,6.155459e-002
6.208801e+003,5.277538e-002
6.209283e+003,4.042072e-002
6.209766e+003,2.579602e-002
6.210248e+003,1.027598e-002
6.210729e+003,-4.935313e-003
6.211212e+003,-1.882566e-002
6.211694e+003,-3.037875e-002
6.212176e+003,-3.830497e-002
6.212658e+003,-4.092295e-002
6.213141e+003,-3.637502e-002
6.213623e+003,-2.320250e-002
6.214104e+003,-1.102547e-003
6.214587e+003,2.846102e-002
6.215069e+003,6.212469e-002
6.215551e+003,9.514198e-002
6.216033e+003,1.224589e-001
6.216515e+003,1.400118e-001
6.216997e+003,1.457968e-001
6.217479e+003,1.403400e-001
6.217961e+003,1.264136e-001
6.218444e+003,1.081278e-001
6.218926e+003,8.973014e-002
6.219408e+003,7.452027e-002
6.219890e+003,6.419831e-002
6.220372e+003,5.877612e-002
6.220854e+003,5.697794e-002
6.221336e+003,5.691934e-002
6.221818e+003,5.682123e-002
6.222301e+003,5.556620e-002
6.222783e+003,5.299035e-002
6.223265e+003,4.987800e-002
6.223747e+003,4.767940e-002
6.224229e+003,4.800867e-002
6.224711e+003,5.202683e-002
6.225193e+003,5.986662e-002
6.225676e+003,7.029307e-002
6.226158e+003,8.077163e-002
6.226640e+003,8.801314e-002
6.227122e+003,8.889280e-002
6.227604e+003,8.146458e-002
6.228086e+003,6.569903e-002
6.228568e+003,4.363237e-002
6.229050e+003,1.882198e-002
6.229533e+003,-4.717472e-003
6.230015e+003,-2.370297e-002
6.230497e+003,-3.644519e-002
6.230979e+003,-4.307060e-002
6.231461e+003,-4.507006e-002
6.231943e+003,-4.443016e-002
6.232425e+003,-4.277079e-002
6.232907e+003,-4.087304e-002
6.233390e+003,-3.856999e-002
6.233872e+003,-3.574804e-002
6.234354e+003,-3.252685e-002
6.234836e+003,-2.964586e-002
6.235318e+003,-2.823612e-002
6.235800e+003,-2.920632e-002
6.236282e+003,-3.258709e-002
6.236765e+003,-3.723214e-002
6.237247e+003,-4.111404e-002
6.237729e+003,-4.215035e-002
6.238211e+003,-3.920794e-002
6.238693e+003,-3.280083e-002
6.239175e+003,-2.510428e-002
6.239657e+003,-1.920821e-002
6.240139e+003,-1.789550e-002
6.240622e+003,-2.247130e-002
6.241104e+003,-3.217047e-002
6.241586e+003,-4.442138e-002
6.242068e+003,-5.586509e-002
6.242550e+003,-6.369162e-002
6.243032e+003,-6.671464e-002
6.243514e+003,-6.572215e-002
6.243996e+003,-6.296162e-002
6.244479e+003,-6.100041e-002
6.244960e+003,-6.147240e-002
6.245443e+003,-6.426670e-002
6.245925e+003,-6.751204e-002
6.246407e+003,-6.836472e-002
6.246889e+003,-6.426398e-002
6.247371e+003,-5.412914e-002
6.247854e+003,-3.900630e-002
6.248335e+003,-2.190636e-002
6.248817e+003,-6.905286e-003
6.249300e+003,2.142662e-003
6.249782e+003,2.801513e-003
6.250264e+003,-5.246806e-003
6.250746e+003,-2.019159e-002
6.251228e+003,-3.869908e-002
6.251710e+003,-5.685851e-002
6.252192e+003,-7.112338e-002
6.252675e+003,-7.897115e-002
6.253157e+003,-7.916863e-002
6.253639e+003,-7.169691e-002
6.254121e+003,-5.749460e-002
6.254603e+003,-3.817804e-002
6.255085e+003,-1.582355e-002
6.255567e+003,7.206064e-003
6.256049e+003,2.846788e-002
6.256532e+003,4.574400e-002
6.257014e+003,5.743290e-002
6.257496e+003,6.292037e-002
6.257978e+003,6.277077e-002
6.258460e+003,5.861028e-002
6.258942e+003,5.268327e-002
6.259424e+003,4.720397e-002
6.259906e+003,4.372807e-002
6.260389e+003,4.277703e-002
6.260871e+003,4.385137e-002
6.261353e+003,4.580517e-002
6.261835e+003,4.740305e-002
6.262317e+003,4.780905e-002
6.262799e+003,4.680568e-002
6.263281e+003,4.468238e-002
6.263764e+003,4.190233e-002
6.264246e+003,3.884892e-002
6.264728e+003,3.539100e-002
6.265210e+003,3.135684e-002
6.265692e+003,2.676530e-002
6.266174e+003,2.212879e-002
6.266656e+003,1.849499e-002
6.267138e+003,1.711354e-002
6.267621e+003,1.880958e-002
6.268103e+003,2.332557e-002
6.268585e+003,2.896428e-002
6.269067e+003,3.278172e-002
6.269549e+003,3.136671e-002
6.270031e+003,2.199123e-002
6.270513e+003,3.731947e-003
6.270995e+003,-2.186865e-002
6.271478e+003,-5.089589e-002
6.271959e+003,-7.794654e-002
6.272441e+003,-9.755712e-002
6.272924e+003,-1.057358e-001
6.273406e+003,-1.011181e-001
6.273888e+003,-8.539712e-002
6.274370e+003,-6.291443e-002
6.274853e+003,-3.955883e-002
6.275334e+003,-2.130240e-002
6.275816e+003,-1.277818e-002
6.276299e+003,-1.625555e-002
6.276781e+003,-3.123963e-002
6.277263e+003,-5.474879e-002
6.277745e+003,-8.215706e-002
6.278227e+003,-1.083580e-001
6.278709e+003,-1.289435e-001
6.279191e+003,-1.411014e-001
6.279674e+003,-1.440271e-001
6.280156e+003,-1.387812e-001
6.280638e+003,-1.276885e-001
6.281120e+003,-1.134990e-001
6.281602e+003,-9.859264e-002
6.282084e+003,-8.446947e-002
6.282566e+003,-7.165257e-002
6.283048e+003,-5.996712e-002
6.283530e+003,-4.902576e-002
6.284013e+003,-3.868685e-002
6.284495e+003,-2.928633e-002
6.284977e+003,-2.155790e-002
6.285459e+003,-1.629492e-002
6.285941e+003,-1.391616e-002
6.286423e+003,-1.412823e-002
6.286905e+003,-1.582667e-002
6.287388e+003,-1.727585e-002
6.287870e+003,-1.650389e-002
6.288352e+003,-1.178736e-002
6.288834e+003,-2.093856e-003
6.289316e+003,1.261272e-002
6.289798e+003,3.125136e-002
6.290280e+003,5.169955e-002
6.290763e+003,7.105990e-002
6.291245e+003,8.610193e-002
6.291727e+003,9.383951e-002
6.292209e+003,9.216069e-002
6.292691e+003,8.037497e-002
6.293173e+003,5.951767e-002
6.293655e+003,3.227678e-002
6.294137e+003,2.501241e-003
6.294619e+003,-2.561829e-002
6.295102e+003,-4.858899e-002
6.295583e+003,-6.400692e-002
6.296066e+003,-7.136042e-002
6.296548e+003,-7.175874e-002
6.297030e+003,-6.738993e-002
6.297512e+003,-6.078059e-002
6.297994e+003,-5.412293e-002
6.298477e+003,-4.886943e-002
6.298958e+003,-4.565844e-002
6.299440e+003,-4.449230e-002
6.299923e+003,-4.500763e-002
6.300405e+003,-4.668634e-002
6.300887e+003,-4.893985e-002
6.301369e+003,-5.110183e-002
6.301852e+003,-5.242968e-002
6.302333e+003,-5.220760e-002
6.302815e+003,-4.996920e-002
6.303298e+003,-4.576559e-002
6.303780e+003,-4.034310e-002
6.304262e+003,-3.510719e-002
6.304744e+003,-3.182859e-002
6.305226e+003,-3.215895e-002
6.305708e+003,-3.711097e-002
6.306190e+003,-4.667911e-002
6.306672e+003,-5.972729e-002
6.307155e+003,-7.417251e-002
6.307637e+003,-8.739790e-002
6.308119e+003,-9.676975e-002
6.308601e+003,-1.001294e-001
6.309083e+003,-9.616881e-002
6.309565e+003,-8.464839e-002
6.310047e+003,-6.645523e-002
6.310529e+003,-4.350564e-002
6.311012e+003,-1.849598e-002
6.311494e+003,5.494421e-003
6.311976e+003,2.551546e-002
6.312458e+003,3.929307e-002
6.312940e+003,4.568424e-002
6.313422e+003,4.490303e-002
6.313904e+003,3.842465e-002
6.314387e+003,2.856842e-002
6.314869e+003,1.786886e-002
6.315351e+003,8.422853e-003
6.315833e+003,1.412671e-003
6.316315e+003,-3.057305e-003
6.316797e+003,-5.784666e-003
6.317279e+003,-8.043233e-003
6.317761e+003,-1.106975e-002
6.318244e+003,-1.563233e-002
6.318726e+003,-2.179564e-002
6.319208e+003,-2.891613e-002
6.319690e+003,-3.582455e-002
6.320172e+003,-4.111360e-002
6.320654e+003,-4.344809e-002
6.321136e+003,-4.184221e-002
6.321618e+003,-3.587544e-002
6.322101e+003,-2.583257e-002
6.322583e+003,-1.274778e-002
6.323064e+003,1.675843e-003
6.323547e+003,1.529381e-002
6.324029e+003,2.588621e-002
6.324511e+003,3.160562e-002
6.324993e+003,3.140403e-002
6.325476e+003,2.531857e-002
6.325958e+003,1.449770e-002
6.326439e+003,1.039542e-003
6.326922e+003,-1.252422e-002
6.327404e+003,-2.379617e-002
6.327886e+003,-3.107277e-002
6.328368e+003,-3.373334e-002
6.328850e+003,-3.235538e-002
6.329333e+003,-2.852249e-002
6.329814e+003,-2.436447e-002
6.330297e+003,-2.193464e-002
6.330779e+003,-2.257482e-002
6.331261e+003,-2.643659e-002
6.331743e+003,-3.230960e-002
6.332225e+003,-3.784416e-002
6.332707e+003,-4.015203e-002
6.333189e+003,-3.664527e-002
6.333671e+003,-2.587191e-002
6.334153e+003,-8.072476e-003
6.334636e+003,1.475730e-002
6.335118e+003,3.936071e-002
6.335600e+003,6.214112e-002
6.336082e+003,8.021087e-002
6.336564e+003,9.220214e-002
6.337046e+003,9.854070e-002
6.337528e+003,1.010760e-001
6.338011e+003,1.022061e-001
6.338493e+003,1.038374e-001
6.338975e+003,1.065884e-001
6.339457e+003,1.095507e-001
6.339939e+003,1.106910e-001
6.340421e+003,1.077170e-001
6.340903e+003,9.904237e-002
6.341386e+003,8.445464e-002
6.341868e+003,6.522577e-002
6.342350e+003,4.364799e-002
6.342832e+003,2.221693e-002
6.343314e+003,2.820085e-003
6.343796e+003,-1.373810e-002
6.344278e+003,-2.771249e-002
6.344760e+003,-3.996045e-002
6.345242e+003,-5.129987e-002
6.345725e+003,-6.198747e-002
6.346207e+003,-7.154022e-002
6.346689e+003,-7.894693e-002
6.347171e+003,-8.313769e-002
6.347653e+003,-8.347616e-002
6.348135e+003,-8.005639e-002
6.348617e+003,-7.369775e-002
6.349100e+003,-6.567807e-002
6.349582e+003,-5.734987e-002
6.350063e+003,-4.980700e-002
6.350546e+003,-4.371195e-002
6.351028e+003,-3.929844e-002
6.351510e+003,-3.648591e-002
6.351992e+003,-3.501836e-002
6.352475e+003,-3.457131e-002
6.352957e+003,-3.482481e-002
6.353438e+003,-3.553545e-002
6.353921e+003,-3.662967e-002
6.354403e+003,-3.829408e-002
6.354885e+003,-4.099000e-002
6.355367e+003,-4.531578e-002
6.355849e+003,-5.169781e-002
6.356331e+003,-5.999073e-002
6.356813e+003,-6.915304e-002
6.357296e+003,-7.722547e-002
6.357778e+003,-8.160480e-002
6.358260e+003,-7.974152e-002
6.358742e+003,-6.994928e-002
6.359224e+003,-5.204352e-002
6.359706e+003,-2.753914e-002
6.360188e+003,6.994656e-004
6.360670e+003,2.923624e-002
6.361152e+003,5.497123e-002
6.361635e+003,7.582972e-002
6.362117e+003,9.098953e-002
6.362599e+003,1.006174e-001
6.363081e+003,1.053082e-001
6.363563e+003,1.055481e-001
6.364045e+003,1.014904e-001
6.364527e+003,9.315504e-002
6.365010e+003,8.092135e-002
6.365492e+003,6.601103e-002
6.365974e+003,5.063657e-002
6.366456e+003,3.763985e-002
6.366938e+003,2.969991e-002
6.367420e+003,2.842420e-002
6.367902e+003,3.373341e-002
6.368384e+003,4.385051e-002
6.368867e+003,5.594458e-002
6.369349e+003,6.718047e-002
6.369831e+003,7.572748e-002
6.370313e+003,8.128356e-002
6.370795e+003,8.488007e-002
6.371277e+003,8.805577e-002
6.371759e+003,9.178142e-002
6.372241e+003,9.564251e-002
6.372724e+003,9.768514e-002
6.373206e+003,9.503923e-002
6.373688e+003,8.508369e-002
6.374170e+003,6.666649e-002
6.374652e+003,4.085284e-002
6.375134e+003,1.086404e-002
6.375616e+003,-1.879507e-002
6.376099e+003,-4.368535e-002
6.376581e+003,-6.073112e-002
6.377063e+003,-6.896820e-002
6.377545e+003,-6.948179e-002
6.378027e+003,-6.461657e-002
6.378509e+003,-5.683564e-002
6.378991e+003,-4.772775e-002
6.379473e+003,-3.756557e-002
6.379956e+003,-2.555693e-002
6.380438e+003,-1.062478e-002
6.380920e+003,7.663889e-003
6.381402e+003,2.844872e-002
6.381884e+003,4.949611e-002
6.382366e+003,6.772977e-002
6.382848e+003,8.015592e-002
6.383330e+003,8.482003e-002
6.383813e+003,8.144149e-002
6.384294e+003,7.152286e-002
6.384777e+003,5.793585e-002
6.385259e+003,4.416089e-002
6.385741e+003,3.343449e-002
6.386223e+003,2.803589e-002
6.386705e+003,2.885380e-002
6.387188e+003,3.527218e-002
6.387669e+003,4.533939e-002
6.388151e+003,5.619840e-002
6.388634e+003,6.466020e-002
6.389116e+003,6.792125e-002
6.389598e+003,6.428623e-002
6.390080e+003,5.373722e-002
6.390562e+003,3.815128e-002
6.391044e+003,2.101082e-002
6.391526e+003,6.585323e-003
6.392009e+003,-1.243357e-003
6.392491e+003,-1.645396e-004
6.392973e+003,9.785790e-003
6.393455e+003,2.617856e-002
6.393937e+003,4.494810e-002
6.394419e+003,6.171100e-002
6.394901e+003,7.316462e-002
6.395383e+003,7.802757e-002
6.395866e+003,7.716019e-002
6.396348e+003,7.283927e-002
6.396830e+003,6.752086e-002
6.397312e+003,6.264236e-002
6.397794e+003,5.799644e-002
6.398276e+003,5.194840e-002
6.398758e+003,4.238722e-002
6.399240e+003,2.796531e-002
6.399723e+003,9.054251e-003
6.400205e+003,-1.202530e-002
6.400687e+003,-3.161134e-002
6.401169e+003,-4.588814e-002
6.401651e+003,-5.215140e-002
6.402133e+003,-4.963695e-002
6.402615e+003,-3.961621e-002
6.403098e+003,-2.479647e-002
6.403580e+003,-8.349751e-003
6.404062e+003,6.996478e-003
6.404544e+003,1.947876e-002
6.405026e+003,2.834042e-002
6.405508e+003,3.355085e-002
6.405990e+003,3.547202e-002
6.406472e+003,3.468806e-002
6.406955e+003,3.203963e-002
6.407437e+003,2.872323e-002
6.407919e+003,2.624147e-002
6.408401e+003,2.607006e-002
6.408883e+003,2.909707e-002
6.409365e+003,3.507729e-002
6.409847e+003,4.241332e-002
6.410329e+003,4.847119e-002
6.410812e+003,5.039776e-002
6.411293e+003,4.615391e-002
6.411775e+003,3.533863e-002
6.412258e+003,1.943955e-002
6.412740e+003,1.383062e-003
6.413222e+003,-1.543781e-002
6.413704e+003,-2.825378e-002
6.414187e+003,-3.568888e-002
6.414668e+003,-3.793652e-002
6.415150e+003,-3.635029e-002
6.415633e+003,-3.270651e-002
6.416115e+003,-2.849551e-002
6.416597e+003,-2.451619e-002
6.417079e+003,-2.085018e-002
6.417561e+003,-1.709531e-002
6.418043e+003,-1.264822e-002
6.418525e+003,-6.879603e-003
6.419008e+003,8.283459e-004
6.419490e+003,1.103500e-002
6.419972e+003,2.407640e-002
6.420454e+003,3.972736e-002
6.420936e+003,5.682795e-002
6.421418e+003,7.313023e-002
6.421900e+003,8.560210e-002
6.422382e+003,9.123816e-002
6.422864e+003,8.815583e-002
6.423347e+003,7.653654e-002
6.423829e+003,5.894134e-002
6.424311e+003,3.973832e-002
6.424793e+003,2.375598e-002
6.425275e+003,1.464875e-002
6.425757e+003,1.363931e-002
6.426239e+003,1.918037e-002
6.426722e+003,2.770018e-002
6.427204e+003,3.512971e-002
6.427686e+003,3.857338e-002
6.428168e+003,3.742798e-002
6.428650e+003,3.350391e-002
6.429132e+003,3.014300e-002
6.429614e+003,3.075538e-002
6.430097e+003,3.741903e-002
6.430579e+003,5.010615e-002
6.431061e+003,6.677634e-002
6.431543e+003,8.417957e-002
6.432025e+003,9.893461e-002
6.432507e+003,1.084080e-001
6.432989e+003,1.111055e-001
6.433471e+003,1.065795e-001
6.433953e+003,9.509313e-002
6.434436e+003,7.734898e-002
6.434917e+003,5.446088e-002
6.435400e+003,2.813082e-002
6.435882e+003,8.052577e-004
6.436364e+003,-2.444118e-002
6.436846e+003,-4.440847e-002
6.437328e+003,-5.654241e-002
6.437811e+003,-5.967222e-002
6.438292e+003,-5.438248e-002
6.438774e+003,-4.283431e-002
6.439257e+003,-2.809967e-002
6.439739e+003,-1.329380e-002
6.440221e+003,-8.669132e-004
6.440703e+003,7.691226e-003
6.441186e+003,1.171325e-002
6.441667e+003,1.099251e-002
6.442149e+003,5.507404e-003
6.442632e+003,-4.547712e-003
6.443114e+003,-1.842901e-002
6.443596e+003,-3.444529e-002
6.444078e+003,-4.983591e-002
6.444560e+003,-6.116600e-002
6.445042e+003,-6.521853e-002
6.445524e+003,-6.007016e-002
6.446006e+003,-4.587315e-002
6.446489e+003,-2.493303e-002
6.446971e+003,-9.556123e-004
6.447453e+003,2.228741e-002
6.447935e+003,4.233629e-002
6.448417e+003,5.887053e-002
6.448899e+003,7.360964e-002
6.449381e+003,8.931278e-002
6.449863e+003,1.082869e-001
6.450346e+003,1.310609e-001
6.450828e+003,1.557729e-001
6.451310e+003,1.785382e-001
6.451792e+003,1.946416e-001
6.452274e+003,2.000740e-001
6.452756e+003,1.928213e-001
6.453238e+003,1.734589e-001
6.453721e+003,1.449150e-001
6.454203e+003,1.116021e-001
6.454685e+003,7.831071e-002
6.455167e+003,4.926113e-002
6.455649e+003,2.752930e-002
6.456131e+003,1.484452e-002
6.456613e+003,1.160094e-002
6.457095e+003,1.691643e-002
6.457578e+003,2.868274e-002
6.458060e+003,4.369306e-002
6.458542e+003,5.800198e-002
6.459024e+003,6.760748e-002
6.459506e+003,6.936959e-002
6.459988e+003,6.189217e-002
6.460470e+003,4.601066e-002
6.460952e+003,2.461799e-002
6.461435e+003,1.805320e-003
6.461917e+003,-1.841448e-002
6.462399e+003,-3.333220e-002
6.462881e+003,-4.224266e-002
6.463363e+003,-4.635169e-002
6.463845e+003,-4.795423e-002
6.464327e+003,-4.926066e-002
6.464810e+003,-5.139519e-002
6.465292e+003,-5.399765e-002
6.465773e+003,-5.557251e-002
6.466256e+003,-5.438169e-002
6.466738e+003,-4.943506e-002
6.467220e+003,-4.110642e-002
6.467702e+003,-3.109529e-002
6.468184e+003,-2.177152e-002
6.468667e+003,-1.522508e-002
6.469148e+003,-1.246559e-002
6.469631e+003,-1.312415e-002
6.470113e+003,-1.575583e-002
6.470595e+003,-1.855764e-002
6.471077e+003,-2.013788e-002
6.471559e+003,-1.998217e-002
6.472041e+003,-1.843920e-002
6.472523e+003,-1.629891e-002
6.473005e+003,-1.422946e-002
6.473488e+003,-1.238078e-002
6.473970e+003,-1.034684e-002
6.474452e+003,-7.473340e-003
6.474934e+003,-3.316673e-003
6.475416e+003,2.006030e-003
6.475898e+003,7.760564e-003
6.476380e+003,1.285212e-002
6.476862e+003,1.625027e-002
6.477345e+003,1.736468e-002
6.477827e+003,1.620280e-002
6.478309e+003,1.327416e-002
6.478791e+003,9.344541e-003
6.479273e+003,5.206497e-003
6.479755e+003,1.590032e-003
6.480237e+003,-7.806700e-004
6.480720e+003,-1.092882e-003
6.481202e+003,1.534695e-003
6.481684e+003,7.830855e-003
6.482166e+003,1.800144e-002
6.482648e+003,3.138953e-002
6.483130e+003,4.638787e-002
6.483612e+003,6.073995e-002
6.484094e+003,7.218941e-002
6.484577e+003,7.925346e-002
6.485059e+003,8.180328e-002
6.485541e+003,8.118510e-002
6.486023e+003,7.979502e-002
6.486505e+003,8.024489e-002
6.486987e+003,8.442700e-002
6.487469e+003,9.282041e-002
6.487951e+003,1.042755e-001
6.488434e+003,1.163154e-001
6.488916e+003,1.258038e-001
6.489397e+003,1.297255e-001
6.489880e+003,1.258478e-001
6.490362e+003,1.131287e-001
6.490844e+003,9.186412e-002
6.491326e+003,6.362977e-002
6.491809e+003,3.108019e-002
6.492291e+003,-2.381333e-003
6.492772e+003,-3.307828e-002
6.493255e+003,-5.767992e-002
6.493737e+003,-7.388581e-002
6.494219e+003,-8.100446e-002
6.494701e+003,-8.021437e-002
6.495183e+003,-7.434847e-002
6.495665e+003,-6.719060e-002
6.496147e+003,-6.245969e-002
6.496630e+003,-6.279231e-002
6.497112e+003,-6.905479e-002
6.497594e+003,-8.020014e-002
6.498076e+003,-9.368797e-002
6.498558e+003,-1.062878e-001
6.499040e+003,-1.149768e-001
6.499522e+003,-1.176545e-001
6.500004e+003,-1.135111e-001
6.500486e+003,-1.030343e-001
6.500969e+003,-8.774715e-002
6.501451e+003,-6.980626e-002
6.501933e+003,-5.155420e-002
6.502415e+003,-3.507404e-002
6.502897e+003,-2.177398e-002
6.503379e+003,-1.206059e-002
6.503861e+003,-5.203510e-003
6.504344e+003,4.961028e-004
6.504826e+003,7.187953e-003
6.505308e+003,1.669721e-002
6.505790e+003,2.973070e-002
6.506272e+003,4.538067e-002
6.506754e+003,6.118372e-002
6.507236e+003,7.379752e-002
6.507719e+003,8.009847e-002
6.508201e+003,7.829778e-002
6.508683e+003,6.863296e-002
6.509165e+003,5.334777e-002
6.509647e+003,3.596468e-002
6.510129e+003,2.014690e-002
6.510611e+003,8.605498e-003
6.511093e+003,2.460147e-003
6.511575e+003,1.239014e-003
6.512058e+003,3.409046e-003
6.512540e+003,7.113183e-003
6.513022e+003,1.076421e-002
6.513504e+003,1.328500e-002
6.513986e+003,1.402222e-002
6.514468e+003,1.254685e-002
6.514950e+003,8.591599e-003
6.515433e+003,2.242619e-003
6.515915e+003,-5.715459e-003
6.516396e+003,-1.357319e-002
6.516879e+003,-1.887251e-002
6.517361e+003,-1.909383e-002
6.517843e+003,-1.268171e-002
6.518325e+003,3.837635e-006
6.518808e+003,1.628569e-002
6.519290e+003,3.162279e-002
6.519771e+003,4.088121e-002
6.520254e+003,4.002146e-002
6.520736e+003,2.758336e-002
6.521218e+003,5.389015e-003
6.521700e+003,-2.182873e-002
6.522182e+003,-4.775550e-002
6.522664e+003,-6.631247e-002
6.523146e+003,-7.333883e-002
6.523628e+003,-6.761210e-002
6.524111e+003,-5.095711e-002
6.524593e+003,-2.752137e-002
6.525075e+003,-2.537760e-003
6.525557e+003,1.901805e-002
6.526039e+003,3.353215e-002
6.526521e+003,3.941708e-002
6.527003e+003,3.728022e-002
6.527485e+003,2.963533e-002
6.527968e+003,2.024447e-002
6.528450e+003,1.321127e-002
6.528932e+003,1.198606e-002
6.529414e+003,1.849578e-002
6.529896e+003,3.263409e-002
6.530378e+003,5.229706e-002
6.530860e+003,7.400778e-002
6.531343e+003,9.396879e-002
6.531825e+003,1.091988e-001
6.532307e+003,1.183416e-001
6.532789e+003,1.218420e-001
6.533271e+003,1.214356e-001
6.533753e+003,1.191890e-001
6.534235e+003,1.165308e-001
6.534717e+003,1.137132e-001
6.535200e+003,1.099436e-001
6.535682e+003,1.041045e-001
6.536164e+003,9.568775e-002
6.536646e+003,8.545317e-002
6.537128e+003,7.544079e-002
6.537610e+003,6.827588e-002
6.538092e+003,6.605250e-002
6.538574e+003,6.929996e-002
6.539057e+003,7.652263e-002
6.539539e+003,8.456216e-002
6.540021e+003,8.967149e-002
6.540503e+003,8.887426e-002
6.540985e+003,8.105402e-002
6.541467e+003,6.733368e-002
6.541949e+003,5.063278e-002
6.542432e+003,3.451461e-002
6.542914e+003,2.198807e-002
6.543396e+003,1.456727e-002
6.543878e+003,1.198635e-002
6.544360e+003,1.257985e-002
6.544842e+003,1.409009e-002
6.545324e+003,1.453241e-002
6.545806e+003,1.278773e-002
6.546289e+003,8.762175e-003
6.546771e+003,3.159366e-003
6.547253e+003,-2.939922e-003
6.547735e+003,-8.463242e-003
6.548217e+003,-1.254745e-002
6.548699e+003,-1.453794e-002
6.549181e+003,-1.388638e-002
6.549663e+003,-1.009134e-002
6.550146e+003,-2.784740e-003
6.550627e+003,8.031789e-003
6.551109e+003,2.170146e-002
6.551592e+003,3.673758e-002
6.552074e+003,5.090364e-002
6.552556e+003,6.160738e-002
6.553038e+003,6.654589e-002
6.553521e+003,6.442308e-002
6.554002e+003,5.549838e-002
6.554484e+003,4.174318e-002
6.554967e+003,2.648365e-002
6.555449e+003,1.357176e-002
6.555931e+003,6.298273e-003
6.556413e+003,6.381009e-003
6.556895e+003,1.337711e-002
6.557377e+003,2.475711e-002
6.557859e+003,3.666977e-002
6.558342e+003,4.518290e-002
6.558824e+003,4.759684e-002
6.559306e+003,4.337142e-002
6.559788e+003,3.431886e-002
6.560270e+003,2.396934e-002
6.560752e+003,1.631988e-002
6.561234e+003,1.441584e-002
6.561716e+003,1.928549e-002
6.562198e+003,2.961732e-002
6.562681e+003,4.228310e-002
6.563163e+003,5.348569e-002
6.563645e+003,6.007660e-002
6.564127e+003,6.054548e-002
6.564609e+003,5.533647e-002
6.565091e+003,4.642925e-002
6.565573e+003,3.640722e-002
6.566056e+003,2.741160e-002
6.566538e+003,2.038262e-002
6.567020e+003,1.483315e-002
6.567502e+003,9.166244e-003
6.567984e+003,1.341915e-003
6.568466e+003,-1.039625e-002
6.568948e+003,-2.698293e-002
6.569431e+003,-4.829964e-002
6.569913e+003,-7.322289e-002
6.570395e+003,-9.983902e-002
6.570877e+003,-1.257112e-001
6.571359e+003,-1.481458e-001
6.571841e+003,-1.644767e-001
6.572323e+003,-1.724165e-001
6.572805e+003,-1.704966e-001
6.573287e+003,-1.584699e-001
6.573770e+003,-1.376458e-001
6.574252e+003,-1.108874e-001
6.574734e+003,-8.222669e-002
6.575216e+003,-5.611598e-002
6.575698e+003,-3.649060e-002
6.576180e+003,-2.590030e-002
6.576662e+003,-2.496417e-002
6.577145e+003,-3.230366e-002
6.577626e+003,-4.495928e-002
6.578108e+003,-5.915561e-002
6.578591e+003,-7.119212e-002
6.579073e+003,-7.822710e-002
6.579555e+003,-7.877790e-002
6.580037e+003,-7.285596e-002
6.580520e+003,-6.175392e-002
6.581001e+003,-4.757765e-002
6.581483e+003,-3.265859e-002
6.581966e+003,-1.899012e-002
6.582448e+003,-7.816675e-003
6.582930e+003,5.324840e-004
6.583412e+003,6.529699e-003
6.583894e+003,1.109439e-002
6.584376e+003,1.511230e-002
6.584858e+003,1.899386e-002
6.585340e+003,2.243832e-002
6.585823e+003,2.450618e-002
6.586305e+003,2.398964e-002
6.586787e+003,1.994784e-002
6.587269e+003,1.219365e-002
6.587751e+003,1.520152e-003
6.588233e+003,-1.045133e-002
6.588715e+003,-2.176903e-002
6.589197e+003,-3.081271e-002
6.589680e+003,-3.685814e-002
6.590162e+003,-4.030739e-002
6.590644e+003,-4.247654e-002
6.591126e+003,-4.501103e-002
6.591608e+003,-4.915665e-002
6.592090e+003,-5.518025e-002
6.592572e+003,-6.217823e-002
6.593055e+003,-6.835473e-002
6.593537e+003,-7.165610e-002
6.594019e+003,-7.050239e-002
6.594501e+003,-6.431641e-002
6.594983e+003,-5.364135e-002
6.595465e+003,-3.981389e-002
6.595947e+003,-2.435108e-002
6.596429e+003,-8.328523e-003
6.596912e+003,7.970204e-003
6.597394e+003,2.497215e-002
6.597876e+003,4.333063e-002
6.598358e+003,6.325141e-002
6.598840e+003,8.394101e-002
6.599322e+003,1.034552e-001
6.599804e+003,1.190692e-001
6.600286e+003,1.280753e-001
6.600769e+003,1.287255e-001
6.601250e+003,1.209585e-001
6.601733e+003,1.066116e-001
6.602215e+003,8.900224e-002
6.602697e+003,7.199859e-002
6.603179e+003,5.889659e-002
6.603661e+003,5.153111e-002
6.604144e+003,4.973765e-002
6.604625e+003,5.170474e-002
6.605107e+003,5.466103e-002
6.605590e+003,5.582492e-002
6.606072e+003,5.323843e-002
6.606554e+003,4.622317e-002
6.607036e+003,3.536827e-002
6.607518e+003,2.214303e-002
6.608000e+003,8.350303e-003
6.608482e+003,-4.349758e-003
6.608965e+003,-1.470251e-002
6.609447e+003,-2.189709e-002
6.609929e+003,-2.547803e-002
6.610411e+003,-2.526153e-002
6.610893e+003,-2.134157e-002
6.611375e+003,-1.417937e-002
6.611857e+003,-4.692355e-003
6.612339e+003,5.760776e-003
6.612822e+003,1.555282e-002
6.613304e+003,2.308597e-002
6.613786e+003,2.710921e-002
6.614268e+003,2.693366e-002
6.614750e+003,2.247693e-002
6.615232e+003,1.415861e-002
6.615714e+003,2.744679e-003
6.616196e+003,-1.074880e-002
6.616679e+003,-2.504545e-002
6.617161e+003,-3.854700e-002
6.617643e+003,-4.935568e-002
6.618125e+003,-5.551213e-002
6.618607e+003,-5.548315e-002
6.619089e+003,-4.877584e-002
6.619571e+003,-3.642704e-002
6.620054e+003,-2.109219e-002
6.620536e+003,-6.576748e-003
6.621018e+003,3.126177e-003
6.621500e+003,5.000873e-003
6.621982e+003,-2.038238e-003
6.622464e+003,-1.677459e-002
6.622946e+003,-3.605635e-002
6.623428e+003,-5.577352e-002
6.623911e+003,-7.207469e-002
6.624393e+003,-8.236580e-002
6.624875e+003,-8.574166e-002
6.625357e+003,-8.275744e-002
6.625839e+003,-7.473317e-002
6.626321e+003,-6.296966e-002
6.626803e+003,-4.825369e-002
6.627285e+003,-3.085401e-002
6.627768e+003,-1.094496e-002
6.628250e+003,1.082369e-002
6.628731e+003,3.296025e-002
6.629214e+003,5.320849e-002
6.629696e+003,6.908050e-002
6.630178e+003,7.862590e-002
6.630660e+003,8.109505e-002
6.631143e+003,7.719710e-002
6.631625e+003,6.883374e-002
6.632106e+003,5.842175e-002
6.632589e+003,4.808729e-002
6.633071e+003,3.905136e-002
6.633553e+003,3.141971e-002
6.634035e+003,2.440400e-002
6.634517e+003,1.673652e-002
6.635000e+003,7.538193e-003
6.635481e+003,-3.655542e-003
6.635964e+003,-1.663343e-002
6.636446e+003,-3.056872e-002
6.636928e+003,-4.418441e-002
6.637410e+003,-5.593546e-002
6.637892e+003,-6.418363e-002
6.638374e+003,-6.740424e-002
6.638856e+003,-6.447440e-002
6.639338e+003,-5.503834e-002
6.639820e+003,-3.985254e-002
6.640303e+003,-2.094445e-002
6.640785e+003,-1.426918e-003
6.641267e+003,1.508841e-002
6.641749e+003,2.537176e-002
6.642231e+003,2.749264e-002
6.642713e+003,2.145289e-002
6.643195e+003,9.279430e-003
6.643678e+003,-5.502902e-003
6.644160e+003,-1.887332e-002
6.644642e+003,-2.746671e-002
6.645124e+003,-2.948735e-002
6.645606e+003,-2.508271e-002
6.646088e+003,-1.607300e-002
6.646570e+003,-5.164551e-003
6.647053e+003,5.054263e-003
6.647535e+003,1.298274e-002
6.648017e+003,1.846745e-002
6.648499e+003,2.273745e-002
6.648981e+003,2.788354e-002
6.649463e+003,3.608800e-002
6.649945e+003,4.886490e-002
6.650427e+003,6.653479e-002
6.650909e+003,8.805894e-002
6.651392e+003,1.112410e-001
6.651874e+003,1.332085e-001
6.652356e+003,1.510343e-001
6.652838e+003,1.623452e-001
6.653320e+003,1.657894e-001
6.653802e+003,1.612678e-001
6.654284e+003,1.498907e-001
6.654767e+003,1.336758e-001
6.655249e+003,1.150623e-001
6.655730e+003,9.636471e-002
6.656213e+003,7.930179e-002
6.656695e+003,6.472273e-002
6.657177e+003,5.259166e-002
6.657659e+003,4.221880e-002
6.658142e+003,3.265062e-002
6.658624e+003,2.308792e-002
6.659105e+003,1.319635e-002
6.659588e+003,3.219202e-003
6.660070e+003,-6.127994e-003
6.660552e+003,-1.392720e-002
6.661034e+003,-1.938963e-002
6.661516e+003,-2.213727e-002
6.661998e+003,-2.234932e-002
6.662480e+003,-2.073744e-002
6.662962e+003,-1.836547e-002
6.663445e+003,-1.636737e-002
6.663927e+003,-1.563921e-002
6.664409e+003,-1.658200e-002
6.664891e+003,-1.896073e-002
6.665373e+003,-2.190320e-002
6.665855e+003,-2.412748e-002
6.666337e+003,-2.417321e-002
6.666819e+003,-2.081728e-002
6.667302e+003,-1.339183e-002
6.667784e+003,-1.964519e-003
6.668266e+003,1.266678e-002
6.668748e+003,2.915380e-002
6.669230e+003,4.588349e-002
6.669712e+003,6.126935e-002
6.670194e+003,7.395823e-002
6.670677e+003,8.291015e-002
6.671159e+003,8.737487e-002
6.671641e+003,8.683965e-002
6.672123e+003,8.103357e-002
6.672605e+003,7.003341e-002
6.673087e+003,5.444293e-002
6.673569e+003,3.554881e-002
6.674051e+003,1.533075e-002
6.674534e+003,-3.759145e-003
6.675016e+003,-1.924069e-002
6.675498e+003,-2.916285e-002
6.675980e+003,-3.259357e-002
6.676462e+003,-2.986774e-002
6.676944e+003,-2.249848e-002
6.677426e+003,-1.278116e-002
6.677908e+003,-3.228031e-003
6.678391e+003,3.981779e-003
6.678873e+003,7.385538e-003
6.679355e+003,6.394271e-003
6.679837e+003,1.262221e-003
6.680319e+003,-7.039697e-003
6.680801e+003,-1.696812e-002
6.681283e+003,-2.655377e-002
6.681766e+003,-3.359997e-002
6.682248e+003,-3.599749e-002
6.682729e+003,-3.216659e-002
6.683212e+003,-2.153707e-002
6.683694e+003,-4.892688e-003
6.684176e+003,1.560358e-002
6.684658e+003,3.679775e-002
6.685140e+003,5.528026e-002
6.685623e+003,6.824676e-002
6.686104e+003,7.418527e-002
6.686587e+003,7.314079e-002
6.687069e+003,6.647013e-002
6.687551e+003,5.620801e-002
6.688033e+003,4.432175e-002
6.688515e+003,3.216135e-002
6.688997e+003,2.029923e-002
6.689479e+003,8.757768e-003
6.689961e+003,-2.557154e-003
6.690444e+003,-1.347317e-002
6.690926e+003,-2.341630e-002
6.691408e+003,-3.156566e-002
6.691890e+003,-3.717870e-002
6.692372e+003,-3.988428e-002
6.692854e+003,-3.978076e-002
6.693336e+003,-3.730710e-002
6.693818e+003,-3.299949e-002
6.694301e+003,-2.731213e-002
6.694783e+003,-2.063384e-002
6.695265e+003,-1.349260e-002
6.695747e+003,-6.799371e-003
6.696229e+003,-1.936692e-003
6.696711e+003,-4.784405e-004
6.697193e+003,-3.673850e-003
6.697676e+003,-1.182750e-002
6.698158e+003,-2.388751e-002
6.698640e+003,-3.748094e-002
6.699122e+003,-4.945140e-002
6.699604e+003,-5.672944e-002
6.700086e+003,-5.721113e-002
6.700568e+003,-5.031623e-002
6.701050e+003,-3.704530e-002
6.701533e+003,-1.957512e-002
6.702015e+003,-6.140739e-004
6.702497e+003,1.720433e-002
6.702979e+003,3.169442e-002
6.703461e+003,4.122875e-002
6.703943e+003,4.470491e-002
6.704425e+003,4.154042e-002
6.704907e+003,3.179650e-002
6.705390e+003,1.639087e-002
6.705872e+003,-2.761642e-003
6.706354e+003,-2.286341e-002
6.706836e+003,-4.068650e-002
6.707318e+003,-5.327497e-002
6.707800e+003,-5.866219e-002
6.708282e+003,-5.632636e-002
6.708765e+003,-4.720503e-002
6.709247e+003,-3.327578e-002
6.709729e+003,-1.689443e-002
6.710211e+003,-1.686453e-004
6.710693e+003,1.540333e-002
6.711175e+003,2.895460e-002
6.711657e+003,4.002906e-002
6.712139e+003,4.831712e-002
6.712622e+003,5.352788e-002
6.713104e+003,5.546308e-002
6.713586e+003,5.421839e-002
6.714068e+003,5.035343e-002
6.714550e+003,4.488844e-002
6.715032e+003,3.908626e-002
6.715514e+003,3.410146e-002
6.715996e+003,3.065215e-002
6.716479e+003,2.885480e-002
6.716960e+003,2.827585e-002
6.717442e+003,2.814996e-002
6.717925e+003,2.765511e-002
6.718407e+003,2.614361e-002
6.718889e+003,2.328668e-002
6.719371e+003,1.914877e-002
6.719854e+003,1.422343e-002
6.720335e+003,9.426593e-003
6.720817e+003,5.993215e-003
6.721300e+003,5.210029e-003
6.721782e+003,7.977915e-003
6.722264e+003,1.431258e-002
6.722746e+003,2.299834e-002
6.723228e+003,3.162549e-002
6.723710e+003,3.712424e-002
6.724192e+003,3.668850e-002
6.724675e+003,2.876386e-002
6.725157e+003,1.367825e-002
6.725639e+003,-6.402596e-003
6.726121e+003,-2.823555e-002
6.726603e+003,-4.868261e-002
6.727085e+003,-6.586099e-002
6.727567e+003,-7.940654e-002
6.728049e+003,-9.033833e-002
6.728531e+003,-9.990705e-002
6.729014e+003,-1.083623e-001
6.729496e+003,-1.141947e-001
6.729978e+003,-1.143077e-001
6.730460e+003,-1.051513e-001
6.730942e+003,-8.438848e-002
6.731424e+003,-5.238320e-002
6.731906e+003,-1.282495e-002
6.732389e+003,2.785675e-002
6.732871e+003,6.214079e-002
6.733353e+003,8.354693e-002
6.733835e+003,8.848960e-002
6.734317e+003,7.722375e-002
6.734799e+003,5.362424e-002
6.735281e+003,2.397075e-002
6.735764e+003,-4.781365e-003
6.736246e+003,-2.668132e-002
6.736728e+003,-3.798262e-002
6.737210e+003,-3.766918e-002
6.737692e+003,-2.733995e-002
6.738174e+003,-1.060967e-002
6.738656e+003,7.790419e-003
6.739138e+003,2.305270e-002
6.739620e+003,3.132454e-002
6.740103e+003,3.056079e-002
6.740584e+003,2.099775e-002
6.741067e+003,5.078283e-003
6.741549e+003,-1.322432e-002
6.742031e+003,-2.954163e-002
6.742513e+003,-4.037184e-002
6.742995e+003,-4.404704e-002
6.743478e+003,-4.106223e-002
6.743959e+003,-3.365876e-002
6.744441e+003,-2.484920e-002
6.744924e+003,-1.729277e-002
6.745406e+003,-1.247181e-002
6.745888e+003,-1.045682e-002
6.746370e+003,-1.026675e-002
6.746853e+003,-1.056467e-002
6.747334e+003,-1.030919e-002
6.747816e+003,-9.057613e-003
6.748299e+003,-6.839524e-003
6.748781e+003,-3.767169e-003
6.749263e+003,3.133581e-004
6.749745e+003,5.868063e-003
6.750227e+003,1.335209e-002
6.750709e+003,2.268848e-002
6.751191e+003,3.286247e-002
6.751673e+003,4.191641e-002
6.752156e+003,4.743845e-002
6.752638e+003,4.738557e-002
6.753120e+003,4.089566e-002
6.753602e+003,2.872255e-002
6.754084e+003,1.308324e-002
6.754566e+003,-3.034280e-003
6.755048e+003,-1.681853e-002
6.755530e+003,-2.644910e-002
6.756013e+003,-3.146609e-002
6.756495e+003,-3.259172e-002
6.756977e+003,-3.114237e-002
6.757459e+003,-2.833008e-002
6.757941e+003,-2.480279e-002
6.758423e+003,-2.046958e-002
6.758905e+003,-1.483396e-002
6.759388e+003,-7.491955e-003
6.759870e+003,1.375449e-003
6.760352e+003,1.075354e-002
6.760834e+003,1.889002e-002
6.761316e+003,2.369501e-002
6.761798e+003,2.329738e-002
6.762280e+003,1.657099e-002
6.762762e+003,3.473668e-003
6.763245e+003,-1.488337e-002
6.763727e+003,-3.643019e-002
6.764209e+003,-5.851882e-002
6.764691e+003,-7.837448e-002
6.765173e+003,-9.350701e-002
6.765655e+003,-1.020101e-001
6.766137e+003,-1.027325e-001
6.766619e+003,-9.535033e-002
6.767102e+003,-8.038884e-002
6.767583e+003,-5.922272e-002
6.768065e+003,-3.404002e-002
6.768548e+003,-7.709245e-003
6.769030e+003,1.652120e-002
6.769512e+003,3.552324e-002
6.769994e+003,4.692948e-002
6.770477e+003,4.975341e-002
6.770958e+003,4.476490e-002
6.771440e+003,3.442385e-002
6.771923e+003,2.230296e-002
6.772405e+003,1.212527e-002
6.772887e+003,6.720721e-003
6.773369e+003,7.275949e-003
6.773851e+003,1.316158e-002
6.774333e+003,2.239661e-002
6.774815e+003,3.254350e-002
6.775298e+003,4.164573e-002
6.775780e+003,4.880758e-002
6.776262e+003,5.418878e-002
6.776744e+003,5.846327e-002
6.777226e+003,6.204522e-002
6.777708e+003,6.449346e-002
6.778190e+003,6.441376e-002
6.778672e+003,5.993348e-002
6.779154e+003,4.954392e-002
6.779637e+003,3.292830e-002
6.780119e+003,1.140122e-002
6.780601e+003,-1.223156e-002
6.781083e+003,-3.432260e-002
6.781565e+003,-5.126476e-002
6.782047e+003,-6.027408e-002
6.782529e+003,-5.984795e-002
6.783012e+003,-4.986711e-002
6.783494e+003,-3.147108e-002
6.783976e+003,-6.879826e-003
6.784458e+003,2.075270e-002
6.784940e+003,4.751277e-002
6.785422e+003,6.908474e-002
6.785904e+003,8.141347e-002
6.786387e+003,8.162559e-002
6.786869e+003,6.895362e-002
6.787351e+003,4.527698e-002
6.787833e+003,1.494898e-002
6.788315e+003,-1.618130e-002
6.788797e+003,-4.231006e-002
6.789279e+003,-5.927744e-002
6.789761e+003,-6.562839e-002
6.790243e+003,-6.280213e-002
6.790726e+003,-5.435645e-002
6.791208e+003,-4.457281e-002
6.791690e+003,-3.699854e-002
6.792172e+003,-3.346107e-002
6.792654e+003,-3.384679e-002
6.793136e+003,-3.659518e-002
6.793618e+003,-3.957988e-002
6.794101e+003,-4.095124e-002
6.794583e+003,-3.962024e-002
6.795064e+003,-3.529309e-002
6.795547e+003,-2.819262e-002
6.796029e+003,-1.871599e-002
6.796511e+003,-7.238748e-003
6.796993e+003,5.870658e-003
6.797476e+003,2.011685e-002
6.797958e+003,3.478569e-002
6.798439e+003,4.901289e-002
6.798922e+003,6.200666e-002
6.799404e+003,7.329640e-002
6.799886e+003,8.283743e-002
6.800368e+003,9.086700e-002
6.800850e+003,9.754520e-002
6.801332e+003,1.025496e-001
6.801814e+003,1.048473e-001
6.802296e+003,1.028080e-001
6.802779e+003,9.467529e-002
6.803261e+003,7.925025e-002
6.803743e+003,5.653602e-002
6.804225e+003,2.809277e-002
6.804707e+003,-3.053366e-003
6.805189e+003,-3.295276e-002
6.805671e+003,-5.758663e-002
6.806153e+003,-7.379418e-002
6.806636e+003,-8.000872e-002
6.807118e+003,-7.659057e-002
6.807600e+003,-6.565451e-002
6.808082e+003,-5.043263e-002
6.808564e+003,-3.434743e-002
6.809046e+003,-2.006655e-002
6.809528e+003,-8.835549e-003
6.810011e+003,-3.245077e-004
6.810493e+003,6.928471e-003
6.810975e+003,1.460600e-002
6.811457e+003,2.356531e-002
6.811939e+003,3.309462e-002
6.812421e+003,4.084089e-002
6.812903e+003,4.353633e-002
6.813385e+003,3.831580e-002
6.813868e+003,2.412864e-002
6.814350e+003,2.643342e-003
6.814832e+003,-2.180866e-002
6.815314e+003,-4.333911e-002
6.815796e+003,-5.631199e-002
6.816278e+003,-5.718952e-002
6.816760e+003,-4.570169e-002
6.817242e+003,-2.488196e-002
6.817725e+003,3.708652e-005
6.818207e+003,2.341953e-002
6.818689e+003,4.100356e-002
6.819171e+003,5.099178e-002
6.819653e+003,5.410385e-002
6.820135e+003,5.270046e-002
6.820617e+003,4.943407e-002
6.821100e+003,4.607690e-002
6.821582e+003,4.297773e-002
6.822063e+003,3.928234e-002
6.822546e+003,3.368990e-002
6.823028e+003,2.531046e-002
6.823510e+003,1.420632e-002
6.823992e+003,1.411112e-003
6.824474e+003,-1.150552e-002
6.824957e+003,-2.305739e-002
6.825438e+003,-3.233457e-002
6.825921e+003,-3.917221e-002
6.826403e+003,-4.398946e-002
6.826885e+003,-4.745014e-002
6.827367e+003,-5.014795e-002
6.827849e+003,-5.245360e-002
6.828331e+003,-5.453944e-002
6.828813e+003,-5.649218e-002
6.829295e+003,-5.839787e-002
6.829778e+003,-6.033112e-002
6.830260e+003,-6.226169e-002
6.830742e+003,-6.394803e-002
6.831224e+003,-6.488496e-002
6.831706e+003,-6.432805e-002
6.832188e+003,-6.136498e-002
6.832670e+003,-5.499653e-002
6.833152e+003,-4.422547e-002
6.833635e+003,-2.820486e-002
6.834117e+003,-6.510179e-003
6.834599e+003,2.046029e-002
6.835081e+003,5.107279e-002
6.835563e+003,8.225876e-002
6.836045e+003,1.097723e-001
6.836527e+003,1.290219e-001
6.837010e+003,1.363492e-001
6.837492e+003,1.303637e-001
6.837974e+003,1.128018e-001
6.838456e+003,8.845299e-002
6.838938e+003,6.401177e-002
6.839420e+003,4.614056e-002
6.839902e+003,3.939703e-002
6.840384e+003,4.479259e-002
6.840867e+003,5.954801e-002
6.841349e+003,7.816042e-002
6.841831e+003,9.438384e-002
6.842313e+003,1.033700e-001
6.842795e+003,1.031674e-001
6.843277e+003,9.506078e-002
6.843759e+003,8.272616e-002
6.844241e+003,7.064948e-002
6.844724e+003,6.251430e-002
6.845206e+003,6.018205e-002
6.845688e+003,6.355037e-002
6.846170e+003,7.114489e-002
6.846652e+003,8.099985e-002
6.847134e+003,9.133311e-002
6.847616e+003,1.007290e-001
6.848099e+003,1.078723e-001
6.848581e+003,1.111571e-001
6.849063e+003,1.085675e-001
6.849545e+003,9.806971e-002
6.850027e+003,7.844357e-002
6.850509e+003,5.017660e-002
6.850991e+003,1.599170e-002
6.851473e+003,-1.947910e-002
6.851956e+003,-5.076929e-002
6.852438e+003,-7.313324e-002
6.852920e+003,-8.399291e-002
6.853402e+003,-8.370662e-002
6.853884e+003,-7.534744e-002
6.854366e+003,-6.357180e-002
6.854848e+003,-5.301476e-002
6.855330e+003,-4.681739e-002
6.855813e+003,-4.581080e-002
6.856294e+003,-4.860157e-002
6.856776e+003,-5.244450e-002
6.857259e+003,-5.450521e-002
6.857741e+003,-5.300763e-002
6.858223e+003,-4.785815e-002
6.858705e+003,-4.058081e-002
6.859188e+003,-3.367173e-002
6.859669e+003,-2.967684e-002
6.860151e+003,-3.034489e-002
6.860634e+003,-3.611649e-002
6.861116e+003,-4.604169e-002
6.861598e+003,-5.805896e-002
6.862080e+003,-6.947767e-002
6.862562e+003,-7.750480e-002
6.863044e+003,-7.970859e-002
6.863526e+003,-7.437857e-002
6.864009e+003,-6.077823e-002
6.864491e+003,-3.928762e-002
6.864973e+003,-1.141442e-002
6.865455e+003,2.035557e-002
6.865937e+003,5.287718e-002
6.866419e+003,8.279324e-002
6.866901e+003,1.070195e-001
6.867383e+003,1.231528e-001
6.867865e+003,1.297123e-001
6.868348e+003,1.261912e-001
6.868830e+003,1.129727e-001
6.869312e+003,9.121566e-002
6.869794e+003,6.279423e-002
6.870276e+003,3.030220e-002
6.870758e+003,-2.971777e-003
6.871240e+003,-3.325177e-002
6.871723e+003,-5.678707e-002
6.872205e+003,-7.065781e-002
6.872687e+003,-7.367617e-002
6.873169e+003,-6.703957e-002
6.873651e+003,-5.437919e-002
6.874133e+003,-4.100963e-002
6.874615e+003,-3.247955e-002
6.875098e+003,-3.283536e-002
6.875580e+003,-4.319692e-002
6.876062e+003,-6.120359e-002
6.876544e+003,-8.161107e-002
6.877026e+003,-9.789707e-002
6.877508e+003,-1.043344e-001
6.877990e+003,-9.778798e-002
6.878472e+003,-7.858203e-002
6.878954e+003,-5.014401e-002
6.879437e+003,-1.761531e-002
6.879918e+003,1.397440e-002
6.880401e+003,4.122185e-002
6.880883e+003,6.297684e-002
6.881365e+003,7.992361e-002
6.881847e+003,9.342383e-002
6.882329e+003,1.042698e-001
6.882812e+003,1.119783e-001
6.883293e+003,1.149841e-001
6.883775e+003,1.116283e-001
6.884258e+003,1.014333e-001
6.884740e+003,8.599076e-002
6.885222e+003,6.894393e-002
6.885704e+003,5.496072e-002
6.886187e+003,4.806658e-002
6.886668e+003,5.003157e-002
6.887150e+003,5.952241e-002
6.887633e+003,7.243360e-002
6.888115e+003,8.332391e-002
6.888597e+003,8.741955e-002
6.889079e+003,8.240460e-002
6.889561e+003,6.930263e-002
6.890043e+003,5.211940e-002
6.890525e+003,3.639989e-002
6.891007e+003,2.725450e-002
6.891490e+003,2.757726e-002
6.891972e+003,3.707265e-002
6.892454e+003,5.238340e-002
6.892936e+003,6.820861e-002
6.893418e+003,7.897348e-002
6.893900e+003,8.047105e-002
6.894382e+003,7.097293e-002
6.894864e+003,5.153821e-002
6.895347e+003,2.552978e-002
6.895829e+003,-2.425416e-003
6.896311e+003,-2.767872e-002
6.896793e+003,-4.665373e-002
6.897275e+003,-5.753152e-002
6.897757e+003,-6.040829e-002
6.898239e+003,-5.695211e-002
6.898722e+003,-4.970513e-002
6.899204e+003,-4.124866e-002
6.899686e+003,-3.346421e-002
6.900168e+003,-2.708404e-002
6.900650e+003,-2.163915e-002
6.901132e+003,-1.579675e-002
6.901614e+003,-7.965687e-003
6.902096e+003,3.029385e-003
6.902579e+003,1.741669e-002
6.903061e+003,3.424389e-002
6.903543e+003,5.149565e-002
6.904025e+003,6.650667e-002
6.904507e+003,7.654102e-002
6.904989e+003,7.938644e-002
6.905471e+003,7.383808e-002
6.905953e+003,5.999491e-002
6.906436e+003,3.933574e-002
6.906917e+003,1.456504e-002
6.907400e+003,-1.077105e-002
6.907882e+003,-3.288061e-002
6.908364e+003,-4.847167e-002
6.908846e+003,-5.551492e-002
6.909328e+003,-5.382502e-002
6.909811e+003,-4.524422e-002
6.910292e+003,-3.328192e-002
6.910774e+003,-2.222069e-002
6.911257e+003,-1.589813e-002
6.911739e+003,-1.653441e-002
6.912221e+003,-2.401309e-002
6.912703e+003,-3.591495e-002
6.913185e+003,-4.830565e-002
6.913667e+003,-5.705435e-002
6.914149e+003,-5.919393e-002
6.914632e+003,-5.383437e-002
6.915114e+003,-4.230810e-002
6.915596e+003,-2.752742e-002
6.916078e+003,-1.283958e-002
6.916560e+003,-8.455384e-004
6.917042e+003,7.367711e-003
6.917524e+003,1.233306e-002
6.918006e+003,1.569154e-002
6.918489e+003,1.935852e-002
6.918971e+003,2.476084e-002
6.919453e+003,3.244675e-002
6.919935e+003,4.214824e-002
6.920417e+003,5.314323e-002
6.920899e+003,6.463917e-002
6.921381e+003,7.593763e-002
6.921863e+003,8.630810e-002
6.922346e+003,9.470352e-002
6.922828e+003,9.957354e-002
6.923310e+003,9.900625e-002
6.923792e+003,9.125845e-002
6.924274e+003,7.550719e-002
6.924756e+003,5.249044e-002
6.925238e+003,2.469740e-002
6.925721e+003,-4.064397e-003
6.926203e+003,-2.963073e-002
6.926685e+003,-4.863264e-002
6.927167e+003,-5.939808e-002
6.927649e+003,-6.225177e-002
6.928131e+003,-5.910587e-002
6.928613e+003,-5.252323e-002
6.929095e+003,-4.464621e-002
6.929578e+003,-3.642379e-002
6.930060e+003,-2.742803e-002
6.930542e+003,-1.629360e-002
6.931024e+003,-1.557459e-003
6.931506e+003,1.746848e-002
6.931988e+003,4.013888e-002
6.932470e+003,6.441784e-002
6.932952e+003,8.729700e-002
6.933435e+003,1.054928e-001
6.933917e+003,1.161653e-001
6.934398e+003,1.174504e-001
6.934881e+003,1.087173e-001
6.935363e+003,9.057536e-002
6.935845e+003,6.472474e-002
6.936327e+003,3.373064e-002
6.936810e+003,7.563486e-004
6.937292e+003,-3.076188e-002
6.937773e+003,-5.752124e-002
6.938256e+003,-7.682128e-002
6.938738e+003,-8.701157e-002
6.939220e+003,-8.779092e-002
6.939702e+003,-8.024255e-002
6.940184e+003,-6.656148e-002
6.940666e+003,-4.953377e-002
6.941148e+003,-3.191294e-002
6.941631e+003,-1.587343e-002
6.942113e+003,-2.684595e-003
6.942595e+003,7.335830e-003
6.943077e+003,1.463906e-002
6.943559e+003,2.006922e-002
6.944041e+003,2.457125e-002
6.944523e+003,2.891911e-002
6.945005e+003,3.358529e-002
6.945487e+003,3.871965e-002
6.945970e+003,4.419392e-002
6.946452e+003,4.966708e-002
6.946934e+003,5.464602e-002
6.947416e+003,5.853706e-002
6.947898e+003,6.069668e-002
6.948380e+003,6.049159e-002
6.948862e+003,5.737370e-002
6.949345e+003,5.097099e-002
6.949827e+003,4.119080e-002
6.950309e+003,2.832595e-002
6.950791e+003,1.314281e-002
6.951273e+003,-3.084398e-003
6.951755e+003,-1.863645e-002
6.952237e+003,-3.154261e-002
6.952720e+003,-3.990358e-002
6.953202e+003,-4.229159e-002
6.953684e+003,-3.812644e-002
6.954166e+003,-2.790836e-002
6.954648e+003,-1.321261e-002
6.955130e+003,3.579324e-003
6.955612e+003,1.975259e-002
6.956094e+003,3.280567e-002
6.956576e+003,4.091975e-002
6.957059e+003,4.323278e-002
6.957541e+003,3.987667e-002
6.958023e+003,3.181762e-002
6.958505e+003,2.059110e-002
6.958987e+003,8.025571e-003
6.959469e+003,-3.992802e-003
6.959951e+003,-1.371567e-002
6.960434e+003,-1.972051e-002
6.960916e+003,-2.111337e-002
6.961397e+003,-1.772319e-002
6.961880e+003,-1.021707e-002
6.962362e+003,-4.978381e-005
6.962844e+003,1.080273e-002
6.963326e+003,2.029862e-002
6.963809e+003,2.685997e-002
6.964291e+003,2.981624e-002
6.964772e+003,2.961343e-002
6.965255e+003,2.771601e-002
6.965737e+003,2.622834e-002
6.966219e+003,2.734635e-002
6.966701e+003,3.278511e-002
6.967183e+003,4.331350e-002
6.967665e+003,5.848074e-002
6.968147e+003,7.657383e-002
6.968629e+003,9.481496e-002
6.969112e+003,1.097924e-001
6.969594e+003,1.180956e-001
6.970076e+003,1.170773e-001
6.970558e+003,1.055948e-001
6.971040e+003,8.452486e-002
6.971522e+003,5.683865e-002
6.972004e+003,2.711638e-002
6.972486e+003,5.480444e-004
6.972969e+003,-1.833083e-002
6.973451e+003,-2.678255e-002
6.973933e+003,-2.449452e-002
6.974415e+003,-1.350938e-002
6.974897e+003,2.592105e-003
6.975379e+003,1.985460e-002
6.975861e+003,3.504713e-002
6.976344e+003,4.628693e-002
6.976826e+003,5.301882e-002
6.977308e+003,5.548640e-002
6.977790e+003,5.406480e-002
6.978272e+003,4.886165e-002
6.978754e+003,3.981691e-002
6.979236e+003,2.722692e-002
6.979718e+003,1.234755e-002
6.980201e+003,-2.361923e-003
6.980683e+003,-1.364375e-002
6.981165e+003,-1.845746e-002
6.981647e+003,-1.522148e-002
6.982129e+003,-4.712626e-003
6.982611e+003,9.854345e-003
6.983093e+003,2.370787e-002
6.983575e+003,3.207425e-002
6.984058e+003,3.180286e-002
6.984540e+003,2.241007e-002
6.985021e+003,6.134779e-003
6.985504e+003,-1.297353e-002
6.985986e+003,-3.050454e-002
6.986468e+003,-4.304535e-002
6.986950e+003,-4.892183e-002
6.987433e+003,-4.814001e-002
6.987915e+003,-4.174316e-002
6.988396e+003,-3.105191e-002
6.988879e+003,-1.723655e-002
6.989361e+003,-1.407858e-003
6.989843e+003,1.494180e-002
6.990325e+003,2.956364e-002
6.990807e+003,3.955989e-002
6.991290e+003,4.212969e-002
6.991771e+003,3.572720e-002
6.992254e+003,2.110264e-002
6.992736e+003,1.650541e-003
6.993218e+003,-1.726010e-002
6.993700e+003,-2.985548e-002
6.994182e+003,-3.188406e-002
6.994664e+003,-2.215589e-002
6.995146e+003,-3.071452e-003
6.995628e+003,2.008749e-002
6.996110e+003,4.084096e-002
6.996593e+003,5.353271e-002
6.997075e+003,5.496299e-002
6.997557e+003,4.511072e-002
6.998039e+003,2.681969e-002
6.998521e+003,4.712187e-003
6.999003e+003,-1.618291e-002
6.999485e+003,-3.161930e-002
6.999968e+003,-3.886547e-002
7.000450e+003,-3.695365e-002
7.000932e+003,-2.658379e-002
7.001414e+003,-9.849550e-003
7.001896e+003,1.012633e-002
7.002378e+003,2.965806e-002
7.002860e+003,4.510238e-002
7.003343e+003,5.357135e-002
7.003825e+003,5.359804e-002
7.004307e+003,4.551702e-002
7.004789e+003,3.139113e-002
7.005271e+003,1.428715e-002
7.005753e+003,-2.606650e-003
7.006235e+003,-1.694564e-002
7.006717e+003,-2.777070e-002
7.007199e+003,-3.544217e-002
7.007682e+003,-4.103325e-002
7.008164e+003,-4.550338e-002
7.008646e+003,-4.907132e-002
7.009128e+003,-5.109870e-002
7.009610e+003,-5.052912e-002
7.010092e+003,-4.663761e-002
7.010574e+003,-3.968078e-002
7.011057e+003,-3.108255e-002
7.011539e+003,-2.302397e-002
7.012021e+003,-1.760753e-002
7.012503e+003,-1.598357e-002
7.012985e+003,-1.785308e-002
7.013467e+003,-2.158519e-002
7.013949e+003,-2.489937e-002
7.014432e+003,-2.580108e-002
7.014914e+003,-2.335121e-002
7.015396e+003,-1.793914e-002
7.015878e+003,-1.096825e-002
7.016360e+003,-4.127754e-003
7.016842e+003,1.406879e-003
7.017324e+003,5.500443e-003
7.017806e+003,9.112234e-003
7.018288e+003,1.389048e-002
7.018771e+003,2.149482e-002
7.019252e+003,3.290941e-002
7.019735e+003,4.797297e-002
7.020217e+003,6.524834e-002
7.020699e+003,8.224336e-002
7.021181e+003,9.591673e-002
7.021663e+003,1.033626e-001
7.022146e+003,1.025434e-001
7.022627e+003,9.291799e-002
7.023109e+003,7.579169e-002
7.023592e+003,5.423630e-002
7.024074e+003,3.250771e-002
7.024556e+003,1.504235e-002
7.025038e+003,5.283256e-003
7.025521e+003,4.707265e-003
7.026002e+003,1.241516e-002
7.026484e+003,2.548125e-002
7.026967e+003,3.998144e-002
7.027449e+003,5.234030e-002
7.027931e+003,6.049119e-002
7.028413e+003,6.440689e-002
7.028895e+003,6.581648e-002
7.029377e+003,6.726252e-002
7.029859e+003,7.092004e-002
7.030341e+003,7.767450e-002
7.030824e+003,8.681036e-002
7.031306e+003,9.637245e-002
7.031788e+003,1.039692e-001
7.032270e+003,1.076294e-001
7.032752e+003,1.063657e-001
7.033234e+003,1.002940e-001
7.033716e+003,9.039381e-002
7.034198e+003,7.813925e-002
7.034681e+003,6.521922e-002
7.035163e+003,5.342760e-002
7.035645e+003,4.463532e-002
7.036127e+003,4.064517e-002
7.036609e+003,4.285542e-002
7.037091e+003,5.173260e-002
7.037573e+003,6.634362e-002
7.038056e+003,8.423524e-002
7.038538e+003,1.018513e-001
7.039020e+003,1.154358e-001
7.039502e+003,1.221141e-001
7.039984e+003,1.207115e-001
7.040466e+003,1.119561e-001
7.040948e+003,9.797600e-002
7.041430e+003,8.132526e-002
7.041913e+003,6.398307e-002
7.042395e+003,4.676609e-002
7.042877e+003,2.937765e-002
7.043359e+003,1.100293e-002
7.043841e+003,-8.894554e-003
7.044323e+003,-2.998358e-002
7.044805e+003,-5.094488e-002
7.045287e+003,-6.981419e-002
7.045770e+003,-8.454907e-002
7.046251e+003,-9.350467e-002
7.046734e+003,-9.561965e-002
7.047216e+003,-9.033518e-002
7.047698e+003,-7.746039e-002
7.048180e+003,-5.722794e-002
7.048662e+003,-3.063140e-002
7.049145e+003,1.136081e-004
7.049626e+003,3.133111e-002
7.050108e+003,5.820820e-002
7.050591e+003,7.578614e-002
7.051073e+003,8.037110e-002
7.051555e+003,7.082665e-002
7.052037e+003,4.915810e-002
7.052520e+003,2.004037e-002
7.053001e+003,-1.061487e-002
7.053483e+003,-3.751881e-002
7.053966e+003,-5.754301e-002
7.054448e+003,-7.031416e-002
7.054930e+003,-7.766875e-002
7.055412e+003,-8.228614e-002
7.055894e+003,-8.618029e-002
7.056376e+003,-8.976016e-002
7.056858e+003,-9.185883e-002
7.057341e+003,-9.064043e-002
7.057822e+003,-8.486386e-002
7.058305e+003,-7.482603e-002
7.058787e+003,-6.249338e-002
7.059269e+003,-5.075960e-002
7.059751e+003,-4.221307e-002
7.060233e+003,-3.803356e-002
7.060715e+003,-3.755243e-002
7.061197e+003,-3.866139e-002
7.061680e+003,-3.883206e-002
7.062162e+003,-3.622538e-002
7.062644e+003,-3.036029e-002
7.063126e+003,-2.206674e-002
7.063608e+003,-1.282987e-002
7.064090e+003,-3.934508e-003
7.064572e+003,4.104358e-003
7.065055e+003,1.152516e-002
7.065537e+003,1.875381e-002
7.066019e+003,2.563340e-002
7.066501e+003,3.091247e-002
7.066983e+003,3.233223e-002
7.067465e+003,2.736777e-002
7.067947e+003,1.431826e-002
7.068430e+003,-6.704761e-003
7.068911e+003,-3.333221e-002
7.069394e+003,-6.125116e-002
7.069876e+003,-8.519283e-002
7.070358e+003,-1.002627e-001
7.070840e+003,-1.031820e-001
7.071322e+003,-9.307600e-002
7.071804e+003,-7.162868e-002
7.072286e+003,-4.263001e-002
7.072769e+003,-1.109939e-002
7.073250e+003,1.776816e-002
7.073732e+003,3.960362e-002
7.074215e+003,5.164186e-002
7.074697e+003,5.316633e-002
7.075179e+003,4.556127e-002
7.075661e+003,3.196181e-002
7.076144e+003,1.655748e-002
7.076625e+003,3.683321e-003
7.077107e+003,-3.101066e-003
7.077590e+003,-1.723463e-003
7.078072e+003,8.067636e-003
7.078554e+003,2.481093e-002
7.079036e+003,4.581500e-002
7.079519e+003,6.785098e-002
7.080000e+003,8.785535e-002
7.080482e+003,1.034740e-001
7.080965e+003,1.133578e-001
7.081447e+003,1.172059e-001
7.081929e+003,1.156114e-001
7.082411e+003,1.097874e-001
7.082893e+003,1.012402e-001
7.083375e+003,9.143712e-002
7.083857e+003,8.151219e-002
7.084339e+003,7.205246e-002
7.084821e+003,6.301671e-002
7.085304e+003,5.381842e-002
7.085786e+003,4.356697e-002
7.086268e+003,3.140690e-002
7.086750e+003,1.685618e-002
7.087232e+003,4.178664e-005
7.087714e+003,-1.823255e-002
7.088196e+003,-3.659331e-002
7.088679e+003,-5.333523e-002
7.089161e+003,-6.672671e-002
7.089643e+003,-7.532810e-002
7.090125e+003,-7.829106e-002
7.090607e+003,-7.561188e-002
7.091089e+003,-6.829451e-002
7.091571e+003,-5.834831e-002
7.092054e+003,-4.854039e-002
7.092536e+003,-4.187084e-002
7.093018e+003,-4.084202e-002
7.093500e+003,-4.671437e-002
7.093982e+003,-5.901168e-002
7.094464e+003,-7.550445e-002
7.094946e+003,-9.274537e-002
7.095428e+003,-1.070117e-001
7.095910e+003,-1.153237e-001
7.096393e+003,-1.161573e-001
7.096875e+003,-1.095901e-001
7.097356e+003,-9.687491e-002
7.097839e+003,-7.968739e-002
7.098321e+003,-5.945691e-002
7.098803e+003,-3.708765e-002
7.099285e+003,-1.318629e-002
7.099768e+003,1.139104e-002
7.100250e+003,3.505131e-002
7.100731e+003,5.540411e-002
7.101214e+003,6.977999e-002
7.101696e+003,7.615799e-002
7.102178e+003,7.407830e-002
7.102660e+003,6.506411e-002
7.103143e+003,5.227173e-002
7.103625e+003,3.943778e-002
7.104106e+003,2.953551e-002
7.104589e+003,2.370841e-002
7.105071e+003,2.094301e-002
7.105553e+003,1.861291e-002
7.106035e+003,1.363771e-002
7.106517e+003,3.739557e-003
7.106999e+003,-1.172903e-002
7.107481e+003,-3.167719e-002
7.107964e+003,-5.382844e-002
7.108445e+003,-7.558604e-002
7.108928e+003,-9.477655e-002
7.109410e+003,-1.099728e-001
7.109892e+003,-1.203698e-001
7.110374e+003,-1.254318e-001
7.110856e+003,-1.246245e-001
7.111338e+003,-1.174457e-001
7.111820e+003,-1.037481e-001
7.112303e+003,-8.414181e-002
7.112785e+003,-6.019218e-002
7.113267e+003,-3.422929e-002
7.113749e+003,-8.803312e-003
7.114231e+003,1.397873e-002
7.114713e+003,3.292624e-002
7.115195e+003,4.783430e-002
7.115678e+003,5.914440e-002
7.116160e+003,6.739807e-002
7.116642e+003,7.277984e-002
7.117124e+003,7.497776e-002
7.117606e+003,7.340487e-002
7.118088e+003,6.762518e-002
7.118570e+003,5.772976e-002
7.119053e+003,4.446044e-002
7.119534e+003,2.904199e-002
7.120017e+003,1.285088e-002
7.120499e+003,-2.874570e-003
7.120981e+003,-1.713758e-002
7.121463e+003,-2.910008e-002
7.121945e+003,-3.795383e-002
7.122427e+003,-4.292721e-002
7.122909e+003,-4.351952e-002
7.123392e+003,-3.988548e-002
7.123874e+003,-3.314395e-002
7.124355e+003,-2.536217e-002
7.124838e+003,-1.909420e-002
7.125320e+003,-1.657640e-002
7.125802e+003,-1.888652e-002
7.126284e+003,-2.544079e-002
7.126767e+003,-3.408984e-002
7.127249e+003,-4.181935e-002
7.127730e+003,-4.578868e-002
7.128213e+003,-4.428679e-002
7.128695e+003,-3.722848e-002
7.129177e+003,-2.603500e-002
7.129659e+003,-1.301907e-002
7.130142e+003,-5.912629e-004
7.130623e+003,9.370771e-003
7.131105e+003,1.579001e-002
7.131588e+003,1.831364e-002
7.132070e+003,1.708130e-002
7.132552e+003,1.256298e-002
7.133034e+003,5.581832e-003
7.133516e+003,-2.537686e-003
7.133998e+003,-9.890511e-003
7.134480e+003,-1.417723e-002
7.134962e+003,-1.321817e-002
7.135444e+003,-5.658166e-003
7.135927e+003,8.425365e-003
7.136409e+003,2.730877e-002
7.136891e+003,4.795539e-002
7.137373e+003,6.681842e-002
7.137855e+003,8.083125e-002
7.138337e+003,8.822161e-002
7.138819e+003,8.886118e-002
7.139302e+003,8.405982e-002
7.139784e+003,7.593670e-002
7.140266e+003,6.665380e-002
7.140748e+003,5.781102e-002
7.141230e+003,5.019063e-002
7.141712e+003,4.386522e-002
7.142194e+003,3.853805e-002
7.142677e+003,3.392336e-002
7.143159e+003,3.000381e-002
7.143641e+003,2.708648e-002
7.144123e+003,2.566963e-002
7.144605e+003,2.619352e-002
7.145087e+003,2.877138e-002
7.145569e+003,3.299103e-002
7.146051e+003,3.785662e-002
7.146533e+003,4.191286e-002
7.147016e+003,4.355126e-002
7.147498e+003,4.144257e-002
7.147980e+003,3.497681e-002
7.148462e+003,2.455322e-002
7.148944e+003,1.157782e-002
7.149426e+003,-1.889691e-003
7.149908e+003,-1.376274e-002
7.150391e+003,-2.261947e-002
7.150873e+003,-2.818900e-002
7.151354e+003,-3.141652e-002
7.151837e+003,-3.405311e-002
7.152319e+003,-3.792062e-002
7.152801e+003,-4.414910e-002
7.153283e+003,-5.270218e-002
7.153766e+003,-6.237713e-002
7.154248e+003,-7.125606e-002
7.154729e+003,-7.739047e-002
7.155212e+003,-7.941818e-002
7.155694e+003,-7.687577e-002
7.156176e+003,-7.014124e-002
7.156658e+003,-6.013023e-002
7.157140e+003,-4.796949e-002
7.157622e+003,-3.483530e-002
7.158104e+003,-2.199879e-002
7.158587e+003,-1.095530e-002
7.159069e+003,-3.429247e-003
7.159551e+003,-1.114611e-003
7.160033e+003,-5.138539e-003
7.160515e+003,-1.547893e-002
7.160997e+003,-3.062882e-002
7.161479e+003,-4.775697e-002
7.161961e+003,-6.340512e-002
7.162443e+003,-7.451083e-002
7.162926e+003,-7.937535e-002
7.163408e+003,-7.819820e-002
7.163890e+003,-7.296884e-002
7.164372e+003,-6.675725e-002
7.164854e+003,-6.266880e-002
7.165336e+003,-6.282880e-002
7.165818e+003,-6.771907e-002
7.166301e+003,-7.603585e-002
7.166783e+003,-8.505666e-002
7.167265e+003,-9.136748e-002
7.167747e+003,-9.174524e-002
7.168229e+003,-8.400115e-002
7.168711e+003,-6.762553e-002
7.169193e+003,-4.410357e-002
7.169676e+003,-1.679854e-002
7.170158e+003,9.651900e-003
7.170640e+003,3.037585e-002
7.171122e+003,4.154441e-002
7.171604e+003,4.154204e-002
7.172086e+003,3.162460e-002
7.172568e+003,1.574853e-002
7.173050e+003,-4.957011e-004
7.173532e+003,-1.157476e-002
7.174015e+003,-1.376947e-002
7.174497e+003,-6.349765e-003
7.174979e+003,8.297819e-003
7.175461e+003,2.565651e-002
7.175943e+003,4.079507e-002
7.176425e+003,5.012951e-002
7.176907e+003,5.253567e-002
7.177390e+003,4.940663e-002
7.177872e+003,4.370737e-002
7.178354e+003,3.849879e-002
7.178836e+003,3.559800e-002
7.179318e+003,3.493076e-002
7.179800e+003,3.478745e-002
7.180282e+003,3.278233e-002
7.180765e+003,2.702242e-002
7.181247e+003,1.694213e-002
7.181729e+003,3.457905e-003
7.182211e+003,-1.155680e-002
7.182693e+003,-2.615699e-002
7.183175e+003,-3.911415e-002
7.183657e+003,-5.024042e-002
7.184139e+003,-6.014100e-002
7.184621e+003,-6.956393e-002
7.185104e+003,-7.868861e-002
7.185586e+003,-8.669231e-002
7.186067e+003,-9.178821e-002
7.186550e+003,-9.171551e-002
7.187032e+003,-8.448222e-002
7.187514e+003,-6.908050e-002
7.187996e+003,-4.592941e-002
7.188479e+003,-1.691361e-002
7.188960e+003,1.497720e-002
7.189442e+003,4.629299e-002
7.189925e+003,7.387439e-002
7.190407e+003,9.552077e-002
7.190889e+003,1.104042e-001
7.191371e+003,1.191257e-001
7.191854e+003,1.233870e-001
7.192335e+003,1.253564e-001
7.192817e+003,1.269043e-001
7.193300e+003,1.289448e-001
7.193782e+003,1.311099e-001
7.194264e+003,1.318865e-001
7.194746e+003,1.291866e-001
7.195228e+003,1.211561e-001
7.195710e+003,1.069294e-001
7.196192e+003,8.705521e-002
7.196675e+003,6.345240e-002
7.197156e+003,3.893844e-002
7.197639e+003,1.652984e-002
7.198121e+003,-1.225542e-003
7.198603e+003,-1.267686e-002
7.199085e+003,-1.718094e-002
7.199567e+003,-1.495679e-002
7.200049e+003,-6.828736e-003
7.200531e+003,6.002732e-003
7.201014e+003,2.209737e-002
7.201496e+003,3.984714e-002
7.201978e+003,5.756181e-002
7.202460e+003,7.362872e-002
7.202942e+003,8.673707e-002
7.203424e+003,9.608553e-002
7.203906e+003,1.014672e-001
7.204389e+003,1.031705e-001
7.204871e+003,1.017267e-001
7.205353e+003,9.761752e-002
7.205835e+003,9.108425e-002
7.206317e+003,8.212575e-002
7.206799e+003,7.067230e-002
7.207281e+003,5.682793e-002
7.207764e+003,4.104479e-002
7.208245e+003,2.413841e-002
7.208728e+003,7.149084e-003
7.209210e+003,-8.860069e-003
7.209692e+003,-2.295178e-002
7.210174e+003,-3.434286e-002
7.210656e+003,-4.233644e-002
7.211138e+003,-4.626035e-002
7.211620e+003,-4.552170e-002
7.212103e+003,-3.981712e-002
7.212584e+003,-2.942463e-002
7.213066e+003,-1.541375e-002
7.213549e+003,3.905243e-004
7.214031e+003,1.575964e-002
7.214513e+003,2.864602e-002
7.214995e+003,3.778471e-002
7.215478e+003,4.305810e-002
7.215959e+003,4.545166e-002
7.216441e+003,4.659869e-002
7.216924e+003,4.809048e-002
7.217406e+003,5.083025e-002
7.217888e+003,5.468497e-002
7.218370e+003,5.855726e-002
7.218853e+003,6.082383e-002
7.219334e+003,5.994832e-002
7.219816e+003,5.503267e-002
7.220299e+003,4.612460e-002
7.220781e+003,3.421601e-002
7.221263e+003,2.098640e-002
7.221745e+003,8.403230e-003
7.222227e+003,-1.695000e-003
7.222709e+003,-7.955176e-003
7.223191e+003,-9.765549e-003
7.223673e+003,-7.385520e-003
7.224155e+003,-1.916016e-003
7.224638e+003,4.924581e-003
7.225120e+003,1.121747e-002
7.225602e+003,1.537678e-002
7.226084e+003,1.663883e-002
7.226566e+003,1.531123e-002
7.227048e+003,1.264011e-002
7.227530e+003,1.029380e-002
7.228013e+003,9.631703e-003
7.228495e+003,1.104410e-002
7.228977e+003,1.364762e-002
7.229459e+003,1.549477e-002
7.229941e+003,1.425210e-002
7.230423e+003,8.108264e-003
7.230905e+003,-3.431389e-003
7.231388e+003,-1.917392e-002
7.231870e+003,-3.644143e-002
7.232352e+003,-5.177328e-002
7.232834e+003,-6.186438e-002
7.233316e+003,-6.440707e-002
7.233798e+003,-5.857694e-002
7.234280e+003,-4.507215e-002
7.234762e+003,-2.578556e-002
7.235244e+003,-3.287088e-003
7.235727e+003,1.970675e-002
7.236209e+003,4.076356e-002
7.236691e+003,5.803026e-002
7.237173e+003,7.040417e-002
7.237655e+003,7.759625e-002
7.238137e+003,8.008703e-002
7.238619e+003,7.896706e-002
7.239102e+003,7.566952e-002
7.239583e+003,7.164107e-002
7.240065e+003,6.802922e-002
7.240548e+003,6.547096e-002
7.241030e+003,6.403371e-002
7.241512e+003,6.330515e-002
7.241994e+003,6.257622e-002
7.242477e+003,6.104146e-002
7.242958e+003,5.796353e-002
7.243440e+003,5.279417e-002
7.243923e+003,4.528112e-002
7.244405e+003,3.558906e-002
7.244887e+003,2.441940e-002
7.245369e+003,1.305870e-002
7.245851e+003,3.261442e-003
7.246333e+003,-3.088641e-003
7.246815e+003,-4.498748e-003
7.247298e+003,-4.148008e-004
7.247780e+003,8.422454e-003
7.248262e+003,2.000627e-002
7.248744e+003,3.154232e-002
7.249226e+003,4.026157e-002
7.249708e+003,4.430008e-002
7.250190e+003,4.332775e-002
7.250672e+003,3.868711e-002
7.251154e+003,3.298393e-002
7.251637e+003,2.925879e-002
7.252119e+003,3.008464e-002
7.252601e+003,3.677111e-002
7.253083e+003,4.900281e-002
7.253565e+003,6.492203e-002
7.254047e+003,8.158424e-002
7.254529e+003,9.562286e-002
7.255012e+003,1.039512e-001
7.255494e+003,1.043723e-001
7.255976e+003,9.601969e-002
7.256458e+003,7.958276e-002
7.256940e+003,5.727981e-002
7.257422e+003,3.254689e-002
7.257904e+003,9.444178e-003
7.258387e+003,-8.146227e-003
7.258869e+003,-1.737186e-002
7.259351e+003,-1.708855e-002
7.259833e+003,-8.155691e-003
7.260315e+003,6.768737e-003
7.260797e+003,2.389860e-002
7.261279e+003,3.926982e-002
7.261761e+003,4.969605e-002
7.262243e+003,5.346221e-002
7.262726e+003,5.058533e-002
7.263208e+003,4.261460e-002
7.263689e+003,3.207768e-002
7.264172e+003,2.176006e-002
7.264654e+003,1.401794e-002
7.265136e+003,1.028380e-002
7.265618e+003,1.085570e-002
7.266101e+003,1.499092e-002
7.266583e+003,2.125732e-002
7.267064e+003,2.803876e-002
7.267547e+003,3.404679e-002
7.268029e+003,3.867767e-002
7.268511e+003,4.208962e-002
7.268993e+003,4.496468e-002
7.269476e+003,4.804176e-002
7.269958e+003,5.161577e-002
7.270439e+003,5.523635e-002
7.270922e+003,5.777497e-002
7.271404e+003,5.787187e-002
7.271886e+003,5.458821e-002
7.272368e+003,4.796337e-002
7.272850e+003,3.918744e-002
7.273332e+003,3.025597e-002
7.273814e+003,2.321640e-002
7.274297e+003,1.932658e-002
7.274778e+003,1.851632e-002
7.275261e+003,1.942344e-002
7.275743e+003,2.001357e-002
7.276225e+003,1.851371e-002
7.276707e+003,1.423114e-002
7.277189e+003,7.875212e-003
7.277671e+003,1.233772e-003
7.278153e+003,-3.638530e-003
7.278636e+003,-5.331837e-003
7.279118e+003,-3.666085e-003
7.279600e+003,3.077477e-004
7.280082e+003,4.854350e-003
7.280564e+003,8.346256e-003
7.281046e+003,9.894701e-003
7.281528e+003,9.520443e-003
7.282011e+003,7.827286e-003
7.282493e+003,5.402952e-003
7.282975e+003,2.366975e-003
7.283457e+003,-1.743616e-003
7.283939e+003,-7.577813e-003
7.284421e+003,-1.531741e-002
7.284903e+003,-2.412354e-002
7.285386e+003,-3.201647e-002
7.285867e+003,-3.631495e-002
7.286350e+003,-3.448733e-002
7.286832e+003,-2.506636e-002
7.287314e+003,-8.253488e-003
7.287796e+003,1.400924e-002
7.288278e+003,3.848145e-002
7.288760e+003,6.136012e-002
7.289242e+003,7.901849e-002
7.289725e+003,8.853826e-002
7.290207e+003,8.798689e-002
7.290688e+003,7.653381e-002
7.291171e+003,5.453775e-002
7.291653e+003,2.366011e-002
7.292135e+003,-1.307209e-002
7.292617e+003,-5.141990e-002
7.293100e+003,-8.644173e-002
7.293582e+003,-1.133476e-001
7.294063e+003,-1.284892e-001
7.294546e+003,-1.301483e-001
7.295028e+003,-1.188188e-001
7.295510e+003,-9.687362e-002
7.295992e+003,-6.776994e-002
7.296475e+003,-3.513737e-002
7.296956e+003,-2.109288e-003
7.297438e+003,2.889380e-002
7.297921e+003,5.596716e-002
7.298403e+003,7.735945e-002
7.298885e+003,9.126657e-002
7.299367e+003,9.600034e-002
7.299849e+003,9.052495e-002
7.300331e+003,7.512061e-002
7.300813e+003,5.181959e-002
7.301295e+003,2.432473e-002
7.301777e+003,-2.667649e-003
7.302260e+003,-2.455987e-002
7.302742e+003,-3.799811e-002
7.303224e+003,-4.167838e-002
7.303706e+003,-3.654826e-002
7.304188e+003,-2.536161e-002
7.304670e+003,-1.176435e-002
7.305152e+003,7.714801e-004
7.305635e+003,9.830331e-003
7.306117e+003,1.451172e-002
7.306599e+003,1.538052e-002
7.307081e+003,1.398995e-002
7.307563e+003,1.217470e-002
7.308045e+003,1.135486e-002
7.308527e+003,1.205882e-002
7.309010e+003,1.378784e-002
7.309492e+003,1.523784e-002
7.309974e+003,1.478965e-002
7.310456e+003,1.109895e-002
7.310938e+003,3.584962e-003
7.311420e+003,-7.351710e-003
7.311902e+003,-2.044936e-002
7.312384e+003,-3.397570e-002
7.312866e+003,-4.620613e-002
7.313349e+003,-5.573742e-002
7.313831e+003,-6.171749e-002
7.314313e+003,-6.359246e-002
7.314795e+003,-6.091043e-002
7.315277e+003,-5.321993e-002
7.315759e+003,-4.023768e-002
7.316241e+003,-2.225756e-002
7.316724e+003,-5.857009e-004
7.317206e+003,2.230245e-002
7.317688e+003,4.311350e-002
7.318170e+003,5.859620e-002
7.318652e+003,6.663085e-002
7.319134e+003,6.708039e-002
7.319616e+003,6.196019e-002
7.320099e+003,5.473934e-002
7.320581e+003,4.897658e-002
7.321063e+003,4.683172e-002
7.321545e+003,4.810890e-002
7.322027e+003,5.030417e-002
7.322509e+003,4.971159e-002
7.322991e+003,4.316247e-002
7.323473e+003,2.965411e-002
7.323955e+003,1.113010e-002
7.324438e+003,-7.976418e-003
7.324920e+003,-2.229125e-002
7.325401e+003,-2.752324e-002
7.325884e+003,-2.215352e-002
7.326366e+003,-8.124843e-003
7.326848e+003,9.728354e-003
7.327330e+003,2.527496e-002
7.327813e+003,3.308755e-002
7.328294e+003,3.010618e-002
7.328776e+003,1.641090e-002
7.329259e+003,-5.052572e-003
7.329741e+003,-2.954203e-002
7.330223e+003,-5.189849e-002
7.330705e+003,-6.776316e-002
7.331188e+003,-7.434417e-002
7.331669e+003,-7.067683e-002
7.332151e+003,-5.748779e-002
7.332634e+003,-3.682912e-002
7.333116e+003,-1.161204e-002
7.333598e+003,1.489253e-002
7.334080e+003,3.956121e-002
7.334562e+003,5.989114e-002
7.335044e+003,7.435612e-002
7.335526e+003,8.253852e-002
7.336009e+003,8.496823e-002
7.336490e+003,8.269921e-002
7.336973e+003,7.677075e-002
7.337455e+003,6.776748e-002
7.337937e+003,5.566487e-002
7.338419e+003,4.003090e-002
7.338901e+003,2.049829e-002
7.339383e+003,-2.700352e-003
7.339865e+003,-2.837510e-002
7.340348e+003,-5.436176e-002
7.340830e+003,-7.786345e-002
7.341312e+003,-9.602769e-002
7.341794e+003,-1.065690e-001
7.342276e+003,-1.082627e-001
7.342758e+003,-1.012119e-001
7.343240e+003,-8.686233e-002
7.343723e+003,-6.778862e-002
7.344205e+003,-4.761956e-002
7.344687e+003,-2.981596e-002
7.345169e+003,-1.744344e-002
7.345651e+003,-1.247446e-002
7.346133e+003,-1.538952e-002
7.346615e+003,-2.509972e-002
7.347098e+003,-3.923342e-002
7.347579e+003,-5.472910e-002
7.348062e+003,-6.857422e-002
7.348544e+003,-7.847422e-002
7.349026e+003,-8.325787e-002
7.349508e+003,-8.292821e-002
7.349990e+003,-7.840676e-002
7.350472e+003,-7.112610e-002
7.350954e+003,-6.264906e-002
7.351437e+003,-5.442738e-002
7.351918e+003,-4.770331e-002
7.352400e+003,-4.346644e-002
7.352883e+003,-4.236047e-002
7.353365e+003,-4.449513e-002
7.353847e+003,-4.922673e-002
7.354329e+003,-5.505516e-002
7.354812e+003,-5.979248e-002
7.355293e+003,-6.106224e-002
7.355775e+003,-5.702913e-002
7.356258e+003,-4.711011e-002
7.356740e+003,-3.237016e-002
7.357222e+003,-1.539226e-002
7.357704e+003,3.932530e-004
7.358187e+003,1.172251e-002
7.358668e+003,1.651455e-002
7.359150e+003,1.453674e-002
7.359633e+003,7.481114e-003
7.360115e+003,-1.582899e-003
7.360597e+003,-9.196136e-003
7.361079e+003,-1.260026e-002
7.361561e+003,-1.056316e-002
7.362043e+003,-3.673173e-003
7.362525e+003,5.970197e-003
7.363007e+003,1.553378e-002
7.363489e+003,2.241386e-002
7.363972e+003,2.505979e-002
7.364454e+003,2.339655e-002
7.364936e+003,1.873066e-002
7.365418e+003,1.319592e-002
7.365900e+003,8.948339e-003
7.366382e+003,7.397738e-003
7.366864e+003,8.747756e-003
7.367347e+003,1.200019e-002
7.367829e+003,1.540595e-002
7.368311e+003,1.717299e-002
7.368793e+003,1.614306e-002
7.369275e+003,1.216800e-002
7.369757e+003,6.051117e-003
7.370239e+003,-8.898680e-004
7.370722e+003,-7.414067e-003
7.371204e+003,-1.281692e-002
7.371686e+003,-1.704304e-002
7.372168e+003,-2.041348e-002
7.372650e+003,-2.312548e-002
7.373132e+003,-2.480551e-002
7.373614e+003,-2.438337e-002
7.374096e+003,-2.040568e-002
7.374578e+003,-1.168822e-002
7.375061e+003,1.515030e-003
7.375543e+003,1.764649e-002
7.376025e+003,3.414751e-002
7.376507e+003,4.812532e-002
7.376989e+003,5.721699e-002
7.377471e+003,6.021034e-002
7.377953e+003,5.718644e-002
7.378436e+003,4.919643e-002
7.378917e+003,3.770355e-002
7.379399e+003,2.409994e-002
7.379882e+003,9.515070e-003
7.380364e+003,-5.066904e-003
7.380846e+003,-1.855423e-002
7.381328e+003,-2.960510e-002
7.381811e+003,-3.676052e-002
7.382292e+003,-3.883184e-002
7.382774e+003,-3.535155e-002
7.383257e+003,-2.683448e-002
7.383739e+003,-1.468773e-002
7.384221e+003,-7.922448e-004
7.384703e+003,1.304662e-002
7.385185e+003,2.551905e-002
7.385667e+003,3.592204e-002
7.386149e+003,4.395996e-002
7.386632e+003,4.940472e-002
7.387114e+003,5.185836e-002
7.387596e+003,5.079342e-002
7.388078e+003,4.587971e-002
7.388560e+003,3.743283e-002
7.389042e+003,2.673408e-002
7.389524e+003,1.601829e-002
7.390006e+003,8.074855e-003
7.390488e+003,5.578918e-003
7.390971e+003,1.037931e-002
7.391453e+003,2.297660e-002
7.391935e+003,4.233761e-002
7.392417e+003,6.606979e-002
7.392899e+003,9.087466e-002
7.393381e+003,1.131513e-001
7.393863e+003,1.296277e-001
7.394346e+003,1.379245e-001
7.394828e+003,1.369823e-001
7.395310e+003,1.272847e-001
7.395792e+003,1.108129e-001
7.396274e+003,9.069438e-002
7.396756e+003,7.057120e-002
7.397238e+003,5.380836e-002
7.397721e+003,4.273917e-002
7.398203e+003,3.816330e-002
7.398685e+003,3.924723e-002
7.399167e+003,4.384964e-002
7.399649e+003,4.915600e-002
7.400131e+003,5.242021e-002
7.400613e+003,5.160560e-002
7.401095e+003,4.578412e-002
7.401577e+003,3.524747e-002
7.402060e+003,2.136737e-002
7.402542e+003,6.280737e-003
7.403023e+003,-7.520524e-003
7.403506e+003,-1.763508e-002
7.403988e+003,-2.218475e-002
7.404470e+003,-2.018383e-002
7.404952e+003,-1.178348e-002
7.405435e+003,1.670543e-003
7.405917e+003,1.948948e-002
7.406398e+003,3.774859e-002
7.406881e+003,5.277769e-002
7.407363e+003,6.139703e-002
7.407845e+003,6.165436e-002
7.408327e+003,5.329553e-002
7.408810e+003,3.785651e-002
7.409292e+003,1.835526e-002
7.409773e+003,-1.353255e-003
7.410256e+003,-1.742899e-002
7.410738e+003,-2.692802e-002
7.411220e+003,-2.850973e-002
7.411702e+003,-2.277948e-002
7.412184e+003,-1.213860e-002
7.412666e+003,-1.329572e-004
7.413148e+003,9.556776e-003
7.413631e+003,1.420530e-002
7.414112e+003,1.287160e-002
7.414595e+003,6.676671e-003
7.415077e+003,-1.594114e-003
7.415559e+003,-8.454155e-003
7.416041e+003,-1.091681e-002
7.416523e+003,-7.502251e-003
7.417005e+003,1.323683e-003
7.417487e+003,1.343569e-002
7.417970e+003,2.593568e-002
7.418452e+003,3.628103e-002
7.418934e+003,4.321106e-002
7.419416e+003,4.711834e-002
7.419898e+003,4.973924e-002
7.420380e+003,5.330591e-002
7.420862e+003,5.950629e-002
7.421345e+003,6.865992e-002
7.421827e+003,7.941859e-002
7.422309e+003,8.908775e-002
7.422791e+003,9.443660e-002
7.423273e+003,9.270642e-002
7.423755e+003,8.248619e-002
7.424237e+003,6.419517e-002
7.424720e+003,4.004804e-002
7.425201e+003,1.353267e-002
7.425684e+003,-1.144104e-002
7.426166e+003,-3.148354e-002
7.426648e+003,-4.450798e-002
7.427130e+003,-5.014773e-002
7.427612e+003,-4.970283e-002
7.428094e+003,-4.563389e-002
7.428576e+003,-4.074704e-002
7.429059e+003,-3.730607e-002
7.429541e+003,-3.633878e-002
7.430022e+003,-3.735574e-002
7.430505e+003,-3.857721e-002
7.430987e+003,-3.760081e-002
7.431469e+003,-3.229235e-002
7.431951e+003,-2.160099e-002
7.432434e+003,-6.020702e-003
7.432916e+003,1.245922e-002
7.433397e+003,3.089446e-002
7.433880e+003,4.622871e-002
7.434362e+003,5.615561e-002
7.434844e+003,5.972430e-002
7.435326e+003,5.751500e-002
7.435809e+003,5.136105e-002
7.436290e+003,4.373815e-002
7.436772e+003,3.680329e-002
7.437255e+003,3.253862e-002
7.437737e+003,3.161582e-002
7.438219e+003,3.373686e-002
7.438701e+003,3.801903e-002
7.439183e+003,4.352565e-002
7.439665e+003,4.972708e-002
7.440147e+003,5.670680e-002
7.440629e+003,6.502370e-002
7.441111e+003,7.527522e-002
7.441594e+003,8.753219e-002
7.442076e+003,1.008873e-001
7.442558e+003,1.133424e-001
7.443040e+003,1.221488e-001
7.443522e+003,1.245408e-001
7.444004e+003,1.186325e-001
7.444486e+003,1.041517e-001
7.444969e+003,8.271407e-002
7.445451e+003,5.749949e-002
7.445933e+003,3.241138e-002
7.446415e+003,1.100172e-002
7.446897e+003,-4.468147e-003
7.447379e+003,-1.351529e-002
7.447861e+003,-1.733348e-002
7.448344e+003,-1.818854e-002
7.448826e+003,-1.857563e-002
7.449308e+003,-2.045993e-002
7.449790e+003,-2.484154e-002
7.450272e+003,-3.171366e-002
7.450754e+003,-4.031267e-002
7.451236e+003,-4.946953e-002
7.451718e+003,-5.789462e-002
7.452200e+003,-6.433096e-002
7.452683e+003,-6.762364e-002
7.453165e+003,-6.680645e-002
7.453647e+003,-6.127394e-002
7.454129e+003,-5.101386e-002
7.454611e+003,-3.678543e-002
7.455093e+003,-2.010707e-002
7.455575e+003,-2.985067e-003
7.456058e+003,1.255915e-002
7.456540e+003,2.499094e-002
7.457021e+003,3.358679e-002
7.457504e+003,3.844842e-002
7.457986e+003,4.022259e-002
7.458468e+003,3.969000e-002
7.458950e+003,3.744525e-002
7.459433e+003,3.382855e-002
7.459915e+003,2.911353e-002
7.460396e+003,2.379637e-002
7.460879e+003,1.875529e-002
7.461361e+003,1.511213e-002
7.461843e+003,1.380012e-002
7.462325e+003,1.503662e-002
7.462807e+003,1.800361e-002
7.463289e+003,2.098226e-002
7.463771e+003,2.198370e-002
7.464254e+003,1.966074e-002
7.464736e+003,1.410426e-002
7.465218e+003,7.122924e-003
7.465700e+003,1.794670e-003
7.466182e+003,1.388458e-003
7.466664e+003,8.043526e-003
7.467146e+003,2.173040e-002
7.467628e+003,3.993659e-002
7.468110e+003,5.824338e-002
7.468593e+003,7.160799e-002
7.469075e+003,7.593418e-002
7.469557e+003,6.937766e-002
7.470039e+003,5.295080e-002
7.470521e+003,3.024264e-002
7.471003e+003,6.375498e-003
7.471485e+003,-1.344446e-002
7.471968e+003,-2.532963e-002
7.472450e+003,-2.766995e-002
7.472932e+003,-2.141766e-002
7.473414e+003,-9.670248e-003
7.473896e+003,3.293313e-003
7.474378e+003,1.324321e-002
7.474860e+003,1.716492e-002
7.475343e+003,1.405472e-002
7.475825e+003,5.136982e-003
7.476307e+003,-6.549261e-003
7.476789e+003,-1.707001e-002
7.477271e+003,-2.274659e-002
7.477753e+003,-2.118884e-002
7.478235e+003,-1.190255e-002
7.478717e+003,3.689593e-003
7.479199e+003,2.276786e-002
7.479682e+003,4.194475e-002
7.480164e+003,5.808640e-002
7.480646e+003,6.886041e-002
7.481128e+003,7.290422e-002
7.481610e+003,6.969982e-002
7.482092e+003,5.936337e-002
7.482574e+003,4.255391e-002
7.483057e+003,2.057904e-002
7.483539e+003,-4.404479e-003
7.484021e+003,-2.932210e-002
7.484503e+003,-5.046766e-002
7.484985e+003,-6.421603e-002
7.485467e+003,-6.800576e-002
7.485949e+003,-6.124352e-002
7.486432e+003,-4.573708e-002
7.486914e+003,-2.540210e-002
7.487396e+003,-5.263233e-003
7.487878e+003,9.943048e-003
7.488360e+003,1.708448e-002
7.488842e+003,1.541069e-002
7.489324e+003,6.544593e-003
7.489806e+003,-6.257548e-003
7.490288e+003,-1.925497e-002
7.490771e+003,-2.933956e-002
7.491253e+003,-3.474902e-002
7.491734e+003,-3.521373e-002
7.492217e+003,-3.161542e-002
7.492699e+003,-2.540250e-002
7.493181e+003,-1.803799e-002
7.493663e+003,-1.066878e-002
7.494146e+003,-4.060094e-003
7.494627e+003,1.284707e-003
7.495109e+003,4.951610e-003
7.495592e+003,6.503499e-003
7.496074e+003,5.478547e-003
7.496556e+003,1.491362e-003
7.497038e+003,-5.600496e-003
7.497521e+003,-1.550681e-002
7.498002e+003,-2.733329e-002
7.498484e+003,-3.946136e-002
7.498967e+003,-4.968092e-002
7.499449e+003,-5.538656e-002
7.499931e+003,-5.414218e-002
7.500413e+003,-4.441870e-002
7.500895e+003,-2.633120e-002
7.501377e+003,-2.084953e-003
7.501859e+003,2.414050e-002
7.502342e+003,4.698288e-002
7.502823e+003,6.122155e-002
7.503306e+003,6.324783e-002
7.503788e+003,5.217626e-002
7.504270e+003,3.017358e-002
7.504752e+003,1.843372e-003
7.505234e+003,-2.715075e-002
7.505716e+003,-5.174940e-002
7.506198e+003,-6.886308e-002
7.506681e+003,-7.797415e-002
7.507163e+003,-8.081877e-002
7.507645e+003,-8.035287e-002
7.508127e+003,-7.946268e-002
7.508609e+003,-7.992655e-002
7.509091e+003,-8.196890e-002
7.509573e+003,-8.446553e-002
7.510056e+003,-8.559476e-002
7.510538e+003,-8.359695e-002
7.511020e+003,-7.734122e-002
7.511502e+003,-6.655936e-002
7.511984e+003,-5.178878e-002
7.512466e+003,-3.417352e-002
7.512948e+003,-1.526240e-002
7.513431e+003,3.150768e-003
7.513912e+003,1.919989e-002
7.514395e+003,3.121520e-002
7.514877e+003,3.810384e-002
7.515359e+003,3.973463e-002
7.515841e+003,3.712609e-002
7.516323e+003,3.224842e-002
7.516805e+003,2.739033e-002
7.517287e+003,2.425673e-002
7.517770e+003,2.314456e-002
7.518251e+003,2.258710e-002
7.518733e+003,1.971165e-002
7.519216e+003,1.126824e-002
7.519698e+003,-5.018126e-003
7.520180e+003,-2.929846e-002
7.520662e+003,-5.914287e-002
7.521145e+003,-9.001349e-002
7.521626e+003,-1.165402e-001
7.522108e+003,-1.341464e-001
7.522591e+003,-1.404237e-001
7.523073e+003,-1.357542e-001
7.523555e+003,-1.229781e-001
7.524037e+003,-1.062791e-001
7.524520e+003,-8.973786e-002
7.525001e+003,-7.609369e-002
7.525483e+003,-6.611536e-002
7.525966e+003,-5.871417e-002
7.526448e+003,-5.164490e-002
7.526930e+003,-4.245775e-002
7.527412e+003,-2.934166e-002
7.527894e+003,-1.161468e-002
7.528376e+003,1.020273e-002
7.528858e+003,3.464116e-002
7.529340e+003,5.970471e-002
7.529822e+003,8.327829e-002
7.530305e+003,1.034727e-001
7.530787e+003,1.188530e-001
7.531269e+003,1.285715e-001
7.531751e+003,1.324121e-001
7.532233e+003,1.307425e-001
7.532715e+003,1.243744e-001
7.533197e+003,1.143591e-001
7.533680e+003,1.017836e-001
7.534162e+003,8.764754e-002
7.534644e+003,7.287253e-002
7.535126e+003,5.842337e-002
7.535608e+003,4.544248e-002
7.536090e+003,3.526203e-002
7.536572e+003,2.919612e-002
7.537055e+003,2.812289e-002
7.537537e+003,3.199683e-002
7.538019e+003,3.951772e-002
7.538501e+003,4.816842e-002
7.538983e+003,5.470965e-002
7.539465e+003,5.603215e-002
7.539947e+003,5.009651e-002
7.540429e+003,3.662441e-002
7.540911e+003,1.727882e-002
7.541394e+003,-4.743434e-003
7.541876e+003,-2.556374e-002
7.542357e+003,-4.162161e-002
7.542840e+003,-5.049661e-002
7.543322e+003,-5.132517e-002
7.543804e+003,-4.475842e-002
7.544286e+003,-3.257150e-002
7.544769e+003,-1.712376e-002
7.545250e+003,-8.578565e-004
7.545732e+003,1.405883e-002
7.546215e+003,2.594513e-002
7.546697e+003,3.371965e-002
7.547179e+003,3.696013e-002
7.547661e+003,3.590325e-002
7.548144e+003,3.134181e-002
7.548625e+003,2.438509e-002
7.549107e+003,1.611332e-002
7.549590e+003,7.237609e-003
7.550072e+003,-2.081648e-003
7.550554e+003,-1.214461e-002
7.551036e+003,-2.335437e-002
7.551518e+003,-3.573690e-002
7.552000e+003,-4.857434e-002
7.552482e+003,-6.036505e-002
7.552965e+003,-6.918836e-002
7.553446e+003,-7.335769e-002
7.553929e+003,-7.209148e-002
7.554411e+003,-6.589505e-002
7.554893e+003,-5.645809e-002
7.555375e+003,-4.608243e-002
7.555857e+003,-3.686907e-002
7.556339e+003,-3.000672e-002
7.556821e+003,-2.545785e-002
7.557304e+003,-2.215242e-002
7.557786e+003,-1.856376e-002
7.558268e+003,-1.337651e-002
7.558750e+003,-5.941294e-003
7.559232e+003,3.654494e-003
7.559714e+003,1.486083e-002
7.560196e+003,2.708021e-002
7.560679e+003,3.991639e-002
7.561161e+003,5.320013e-002
7.561643e+003,6.667332e-002
7.562125e+003,7.960492e-002
7.562607e+003,9.058682e-002
7.563089e+003,9.770156e-002
7.563571e+003,9.906761e-002
7.564054e+003,9.356712e-002
7.564535e+003,8.144408e-002
7.565018e+003,6.449097e-002
7.565500e+003,4.570407e-002
7.565982e+003,2.850841e-002
7.566464e+003,1.582749e-002
7.566946e+003,9.326931e-003
7.567428e+003,9.074905e-003
7.567910e+003,1.368983e-002
7.568393e+003,2.086349e-002
7.568875e+003,2.803942e-002
7.569356e+003,3.301843e-002
7.569839e+003,3.434364e-002
7.570321e+003,3.142771e-002
7.570803e+003,2.447580e-002
7.571285e+003,1.429304e-002
7.571768e+003,2.054047e-003
7.572250e+003,-1.092326e-002
7.572731e+003,-2.338352e-002
7.573214e+003,-3.430945e-002
7.573696e+003,-4.304695e-002
7.574178e+003,-4.935422e-002
7.574660e+003,-5.335886e-002
7.575143e+003,-5.543461e-002
7.575624e+003,-5.603830e-002
7.576106e+003,-5.556194e-002
7.576589e+003,-5.424263e-002
7.577071e+003,-5.214367e-002
7.577553e+003,-4.918903e-002
7.578035e+003,-4.522058e-002
7.578517e+003,-4.005979e-002
7.578999e+003,-3.357708e-002
7.579481e+003,-2.578481e-002
7.579963e+003,-1.695703e-002
7.580445e+003,-7.742881e-003
7.580928e+003,7.937349e-004
7.581410e+003,7.280394e-003
7.581892e+003,1.032015e-002
7.582374e+003,8.907155e-003
7.582856e+003,2.849310e-003
7.583338e+003,-6.963061e-003
7.583820e+003,-1.857117e-002
7.584303e+003,-2.927930e-002
7.584785e+003,-3.622274e-002
7.585267e+003,-3.700596e-002
7.585749e+003,-3.022815e-002
7.586231e+003,-1.576621e-002
7.586713e+003,5.223940e-003
7.587195e+003,3.054531e-002
7.587678e+003,5.735504e-002
7.588160e+003,8.263897e-002
7.588642e+003,1.037101e-001
7.589124e+003,1.186825e-001
7.589606e+003,1.268493e-001
7.590088e+003,1.288560e-001
7.590570e+003,1.265552e-001
7.591052e+003,1.224951e-001
7.591534e+003,1.190564e-001
7.592017e+003,1.176398e-001
7.592499e+003,1.180218e-001
7.592981e+003,1.183172e-001
7.593463e+003,1.156277e-001
7.593945e+003,1.072038e-001
7.594427e+003,9.169091e-002
7.594909e+003,6.993861e-002
7.595392e+003,4.499087e-002
7.595874e+003,2.119947e-002
7.596355e+003,2.781022e-003
7.596838e+003,-7.606613e-003
7.597320e+003,-9.688787e-003
7.597802e+003,-5.474393e-003
7.598284e+003,1.686014e-003
7.598767e+003,8.434614e-003
7.599249e+003,1.253009e-002
7.599730e+003,1.329436e-002
7.600213e+003,1.127350e-002
7.600695e+003,7.400611e-003
7.601177e+003,2.178611e-003
7.601659e+003,-4.646045e-003
7.602141e+003,-1.374628e-002
7.602623e+003,-2.542488e-002
7.603105e+003,-3.885638e-002
7.603588e+003,-5.185383e-002
7.604070e+003,-6.139605e-002
7.604552e+003,-6.474939e-002
7.605034e+003,-6.068451e-002
7.605516e+003,-5.019965e-002
7.605998e+003,-3.636526e-002
7.606480e+003,-2.330662e-002
7.606962e+003,-1.473929e-002
7.607444e+003,-1.267770e-002
7.607927e+003,-1.685310e-002
7.608409e+003,-2.504756e-002
7.608891e+003,-3.414030e-002
7.609373e+003,-4.136989e-002
7.609855e+003,-4.527296e-002
7.610337e+003,-4.596696e-002
7.610819e+003,-4.477885e-002
7.611302e+003,-4.350652e-002
7.611784e+003,-4.370494e-002
7.612266e+003,-4.628700e-002
7.612748e+003,-5.150273e-002
7.613230e+003,-5.914629e-002
7.613712e+003,-6.875569e-002
7.614194e+003,-7.964494e-002
7.614677e+003,-9.078074e-002
7.615159e+003,-1.006673e-001
7.615641e+003,-1.074372e-001
7.616123e+003,-1.092383e-001
7.616605e+003,-1.048194e-001
7.617087e+003,-9.406939e-002
7.617569e+003,-7.823936e-002
7.618051e+003,-5.971185e-002
7.618533e+003,-4.139296e-002
7.619016e+003,-2.598611e-002
7.619498e+003,-1.545290e-002
7.619979e+003,-1.085223e-002
7.620462e+003,-1.253566e-002
7.620944e+003,-2.048388e-002
7.621426e+003,-3.450505e-002
7.621908e+003,-5.418957e-002
7.622391e+003,-7.830152e-002
7.622873e+003,-1.045864e-001
7.623354e+003,-1.296424e-001
7.623837e+003,-1.493773e-001
7.624319e+003,-1.599634e-001
7.624801e+003,-1.589839e-001
7.625283e+003,-1.463069e-001
7.625766e+003,-1.242860e-001
7.626248e+003,-9.713876e-002
7.626729e+003,-6.969406e-002
7.627212e+003,-4.596967e-002
7.627694e+003,-2.810964e-002
7.628176e+003,-1.606230e-002
7.628658e+003,-8.069526e-003
7.629140e+003,-1.715041e-003
7.629622e+003,4.924410e-003
7.630104e+003,1.248409e-002
7.630587e+003,2.014855e-002
7.631068e+003,2.611811e-002
7.631551e+003,2.845067e-002
7.632033e+003,2.590566e-002
7.632515e+003,1.846046e-002
7.632997e+003,7.340693e-003
7.633479e+003,-5.386364e-003
7.633961e+003,-1.744850e-002
7.634443e+003,-2.697719e-002
7.634926e+003,-3.288621e-002
7.635408e+003,-3.493745e-002
7.635890e+003,-3.353716e-002
7.636372e+003,-2.938693e-002
7.636854e+003,-2.313395e-002
7.637336e+003,-1.513172e-002
7.637818e+003,-5.367890e-003
7.638301e+003,6.438572e-003
7.638783e+003,2.060486e-002
7.639265e+003,3.717464e-002
7.639747e+003,5.560703e-002
7.640229e+003,7.455561e-002
7.640711e+003,9.183373e-002
7.641193e+003,1.046435e-001
7.641676e+003,1.100880e-001
7.642157e+003,1.058968e-001
7.642640e+003,9.119558e-002
7.643122e+003,6.707831e-002
7.643604e+003,3.674215e-002
7.644086e+003,5.039006e-003
7.644568e+003,-2.252858e-002
7.645050e+003,-4.113452e-002
7.645532e+003,-4.789161e-002
7.646015e+003,-4.263002e-002
7.646497e+003,-2.789377e-002
7.646979e+003,-8.110115e-003
7.647461e+003,1.181763e-002
7.647943e+003,2.801512e-002
7.648425e+003,3.870222e-002
7.648907e+003,4.443062e-002
7.649390e+003,4.742183e-002
7.649872e+003,5.029074e-002
7.650354e+003,5.469199e-002
7.650836e+003,6.046046e-002
7.651318e+003,6.561452e-002
7.651800e+003,6.723224e-002
7.652282e+003,6.284464e-002
7.652765e+003,5.175780e-002
7.653246e+003,3.575703e-002
7.653729e+003,1.891563e-002
7.654211e+003,6.457488e-003
7.654693e+003,3.174042e-003
7.655175e+003,1.195133e-002
7.655657e+003,3.290752e-002
7.656139e+003,6.337590e-002
7.656621e+003,9.864137e-002
7.657104e+003,1.331018e-001
7.657585e+003,1.614565e-001
7.658067e+003,1.796213e-001
7.658550e+003,1.852516e-001
7.659032e+003,1.779153e-001
7.659514e+003,1.590246e-001
7.659996e+003,1.316034e-001
7.660479e+003,9.988599e-002
7.660960e+003,6.869974e-002
7.661442e+003,4.262790e-002
7.661925e+003,2.507185e-002
7.662407e+003,1.746554e-002
7.662889e+003,1.894111e-002
7.663371e+003,2.665018e-002
7.663854e+003,3.671711e-002
7.664335e+003,4.553603e-002
7.664817e+003,5.094485e-002
7.665300e+003,5.282051e-002
7.665782e+003,5.285233e-002
7.666264e+003,5.358554e-002
7.666746e+003,5.713519e-002
7.667228e+003,6.411157e-002
7.667710e+003,7.320317e-002
7.668192e+003,8.157788e-002
7.668674e+003,8.591853e-002
7.669156e+003,8.365897e-002
7.669639e+003,7.393196e-002
7.670121e+003,5.788426e-002
7.670603e+003,3.828150e-002
7.671085e+003,1.859693e-002
7.671567e+003,1.946577e-003
7.672049e+003,-9.755936e-003
7.672531e+003,-1.618237e-002
7.673014e+003,-1.846357e-002
7.673496e+003,-1.867693e-002
7.673978e+003,-1.915442e-002
7.674460e+003,-2.181403e-002
7.674942e+003,-2.766170e-002
7.675424e+003,-3.654819e-002
7.675906e+003,-4.721430e-002
7.676389e+003,-5.761327e-002
7.676871e+003,-6.544752e-002
7.677353e+003,-6.879452e-002
7.677835e+003,-6.664833e-002
7.678317e+003,-5.919939e-002
7.678799e+003,-4.773923e-002
7.679281e+003,-3.420154e-002
7.679763e+003,-2.049263e-002
7.680245e+003,-7.862533e-003
7.680728e+003,3.431731e-003
7.681210e+003,1.402920e-002
7.681692e+003,2.497399e-002
7.682174e+003,3.704444e-002
7.682656e+003,5.019853e-002
7.683138e+003,6.338397e-002
7.683620e+003,7.479195e-002
7.684103e+003,8.245823e-002
7.684584e+003,8.495478e-002
7.685066e+003,8.186066e-002
7.685549e+003,7.386353e-002
7.686031e+003,6.248336e-002
7.686513e+003,4.957152e-002
7.686995e+003,3.680594e-002
7.687478e+003,2.536572e-002
7.687959e+003,1.585660e-002
7.688441e+003,8.435324e-003
7.688924e+003,3.010114e-003
7.689406e+003,-6.035017e-004
7.689888e+003,-2.628816e-003
7.690370e+003,-3.358877e-003
7.690852e+003,-3.207684e-003
7.691334e+003,-2.720324e-003
7.691816e+003,-2.518248e-003
7.692299e+003,-3.197389e-003
7.692781e+003,-5.215401e-003
7.693263e+003,-8.792661e-003
7.693745e+003,-1.382968e-002
7.694227e+003,-1.983372e-002
7.694709e+003,-2.586545e-002
7.695191e+003,-3.054911e-002
7.695673e+003,-3.221090e-002
7.696155e+003,-2.918829e-002
7.696638e+003,-2.028470e-002
7.697120e+003,-5.254526e-003
7.697602e+003,1.485938e-002
7.698084e+003,3.770568e-002
7.698566e+003,6.000015e-002
7.699048e+003,7.822886e-002
7.699530e+003,8.947595e-002
7.700013e+003,9.211058e-002
7.700495e+003,8.611239e-002
7.700977e+003,7.294777e-002
7.701459e+003,5.507341e-002
7.701941e+003,3.526722e-002
7.702423e+003,1.602113e-002
7.702905e+003,-8.315378e-004
7.703388e+003,-1.420189e-002
7.703870e+003,-2.361032e-002
7.704352e+003,-2.895938e-002
7.704834e+003,-3.033773e-002
7.705316e+003,-2.792116e-002
7.705798e+003,-2.197260e-002
7.706280e+003,-1.290142e-002
7.706762e+003,-1.337865e-003
7.707244e+003,1.180928e-002
7.707727e+003,2.533015e-002
7.708209e+003,3.775005e-002
7.708690e+003,4.745695e-002
7.709173e+003,5.294666e-002
7.709655e+003,5.317346e-002
7.710137e+003,4.792572e-002
7.710619e+003,3.808615e-002
7.711102e+003,2.562443e-002
7.711583e+003,1.323817e-002
7.712065e+003,3.689032e-003
7.712548e+003,-9.749857e-004
7.713030e+003,-3.792096e-005
7.713512e+003,5.671663e-003
7.713994e+003,1.407774e-002
7.714477e+003,2.257052e-002
7.714958e+003,2.885188e-002
7.715440e+003,3.162020e-002
7.715923e+003,3.081886e-002
7.716405e+003,2.740314e-002
7.716887e+003,2.276427e-002
7.717369e+003,1.807649e-002
7.717851e+003,1.383178e-002
7.718333e+003,9.718076e-003
7.718815e+003,4.839160e-003
7.719298e+003,-1.854149e-003
7.719779e+003,-1.109818e-002
7.720262e+003,-2.295799e-002
7.720744e+003,-3.664236e-002
7.721226e+003,-5.049596e-002
7.721708e+003,-6.215916e-002
7.722190e+003,-6.890281e-002
7.722672e+003,-6.815404e-002
7.723154e+003,-5.818269e-002
7.723637e+003,-3.881874e-002
7.724119e+003,-1.196499e-002
7.724601e+003,1.836647e-002
7.725083e+003,4.667040e-002
7.725565e+003,6.717527e-002
7.726047e+003,7.537279e-002
7.726529e+003,6.935539e-002
7.727012e+003,5.046453e-002
7.727494e+003,2.296358e-002
7.727976e+003,-7.200386e-003
7.728458e+003,-3.413182e-002
7.728940e+003,-5.360905e-002
7.729422e+003,-6.403099e-002
7.729904e+003,-6.640171e-002
7.730387e+003,-6.345505e-002
7.730868e+003,-5.834849e-002
7.731351e+003,-5.347870e-002
7.731833e+003,-4.984874e-002
7.732315e+003,-4.712433e-002
7.732797e+003,-4.420917e-002
7.733279e+003,-3.998544e-002
7.733761e+003,-3.387311e-002
7.734243e+003,-2.602609e-002
7.734726e+003,-1.719412e-002
7.735208e+003,-8.424937e-003
7.735689e+003,-7.946293e-004
7.736172e+003,4.743293e-003
7.736654e+003,7.428295e-003
7.737136e+003,6.790618e-003
7.737618e+003,2.848087e-003
7.738101e+003,-3.641205e-003
7.738583e+003,-1.102455e-002
7.739064e+003,-1.687965e-002
7.739547e+003,-1.850348e-002
7.740029e+003,-1.367476e-002
7.740511e+003,-1.435400e-003
7.740993e+003,1.742380e-002
7.741476e+003,4.040290e-002
7.741957e+003,6.388662e-002
7.742439e+003,8.409623e-002
7.742922e+003,9.806065e-002
7.743404e+003,1.042784e-001
7.743886e+003,1.028919e-001
7.744368e+003,9.540731e-002
7.744850e+003,8.415777e-002
7.745332e+003,7.174920e-002
7.745814e+003,6.065385e-002
7.746296e+003,5.297212e-002
7.746778e+003,5.027599e-002
7.747261e+003,5.343008e-002
7.747743e+003,6.236188e-002
7.748225e+003,7.587205e-002
7.748707e+003,9.164838e-002
7.749189e+003,1.066203e-001
7.749671e+003,1.176564e-001
7.750153e+003,1.224322e-001
7.750636e+003,1.201702e-001
7.751118e+003,1.119502e-001
7.751600e+003,1.004276e-001
7.752082e+003,8.901885e-002
7.752564e+003,8.081768e-002
7.753046e+003,7.761829e-002
7.753528e+003,7.937759e-002
7.754011e+003,8.429211e-002
7.754493e+003,8.944738e-002
7.754975e+003,9.181276e-002
7.755457e+003,8.925683e-002
7.755939e+003,8.127219e-002
7.756421e+003,6.919864e-002
7.756903e+003,5.588253e-002
7.757385e+003,4.486210e-002
7.757867e+003,3.929580e-002
7.758350e+003,4.092882e-002
7.758832e+003,4.940496e-002
7.759313e+003,6.216188e-002
7.759796e+003,7.499963e-002
7.760278e+003,8.321004e-002
7.760760e+003,8.295348e-002
7.761242e+003,7.244845e-002
7.761725e+003,5.255815e-002
7.762207e+003,2.654010e-002
7.762688e+003,-9.841319e-004
7.763171e+003,-2.548687e-002
7.763653e+003,-4.389238e-002
7.764135e+003,-5.533372e-002
7.764617e+003,-6.103949e-002
7.765100e+003,-6.343324e-002
7.765582e+003,-6.485307e-002
7.766063e+003,-6.644977e-002
7.766546e+003,-6.773186e-002
7.767028e+003,-6.692782e-002
7.767510e+003,-6.197618e-002
7.767992e+003,-5.168625e-002
7.768474e+003,-3.655394e-002
7.768956e+003,-1.888082e-002
7.769438e+003,-2.152279e-003
7.769921e+003,1.005716e-002
7.770402e+003,1.520222e-002
7.770885e+003,1.248144e-002
7.771367e+003,2.919480e-003
7.771849e+003,-1.114081e-002
7.772331e+003,-2.687789e-002
7.772813e+003,-4.182467e-002
7.773295e+003,-5.442306e-002
7.773777e+003,-6.418210e-002
7.774260e+003,-7.148240e-002
7.774742e+003,-7.717066e-002
7.775224e+003,-8.210739e-002
7.775706e+003,-8.679084e-002
7.776188e+003,-9.111666e-002
7.776670e+003,-9.433945e-002
7.777152e+003,-9.515855e-002
7.777635e+003,-9.202097e-002
7.778117e+003,-8.355497e-002
7.778599e+003,-6.905185e-002
7.779081e+003,-4.885135e-002
7.779563e+003,-2.447099e-002
7.780045e+003,1.620309e-003
7.780527e+003,2.656304e-002
7.781010e+003,4.783912e-002
7.781491e+003,6.391873e-002
7.781974e+003,7.457473e-002
7.782456e+003,8.074036e-002
7.782938e+003,8.397201e-002
7.783420e+003,8.574548e-002
7.783902e+003,8.688354e-002
7.784384e+003,8.734664e-002
7.784866e+003,8.645139e-002
7.785349e+003,8.338664e-002
7.785831e+003,7.776850e-002
7.786313e+003,6.996977e-002
7.786795e+003,6.107532e-002
7.787277e+003,5.249307e-002
7.787759e+003,4.540636e-002
7.788241e+003,4.031616e-002
7.788724e+003,3.687042e-002
7.789206e+003,3.404361e-002
7.789688e+003,3.057714e-002
7.790170e+003,2.549264e-002
7.790652e+003,1.847794e-002
7.791134e+003,1.001831e-002
7.791616e+003,1.256188e-003
7.792099e+003,-6.339552e-003
7.792580e+003,-1.136651e-002
7.793063e+003,-1.282424e-002
7.793545e+003,-1.032002e-002
7.794027e+003,-4.127468e-003
7.794509e+003,4.878075e-003
7.794991e+003,1.536822e-002
7.795473e+003,2.575773e-002
7.795955e+003,3.442396e-002
7.796438e+003,3.993155e-002
7.796919e+003,4.124581e-002
7.797401e+003,3.791062e-002
7.797884e+003,3.016257e-002
7.798366e+003,1.894915e-002
7.798848e+003,5.824978e-003
7.799330e+003,-7.287217e-003
7.799813e+003,-1.845876e-002
7.800294e+003,-2.619188e-002
7.800776e+003,-2.983944e-002
7.801259e+003,-2.988126e-002
7.801741e+003,-2.792854e-002
7.802223e+003,-2.637789e-002
7.802705e+003,-2.773894e-002
7.803188e+003,-3.379105e-002
7.803669e+003,-4.482836e-002
7.804151e+003,-5.927914e-002
7.804634e+003,-7.389919e-002
7.805116e+003,-8.455776e-002
7.805598e+003,-8.741494e-002
7.806080e+003,-8.012074e-002
7.806562e+003,-6.262255e-002
7.807044e+003,-3.729006e-002
7.807526e+003,-8.262553e-003
7.808008e+003,1.969935e-002
7.808490e+003,4.251555e-002
7.808973e+003,5.777747e-002
7.809455e+003,6.513090e-002
7.809937e+003,6.599098e-002
7.810419e+003,6.277575e-002
7.810901e+003,5.799548e-002
7.811383e+003,5.353583e-002
7.811865e+003,5.034173e-002
7.812348e+003,4.851303e-002
7.812830e+003,4.765877e-002
7.813312e+003,4.728788e-002
7.813794e+003,4.705749e-002
7.814276e+003,4.681459e-002
7.814758e+003,4.648631e-002
7.815240e+003,4.593989e-002
7.815723e+003,4.492359e-002
7.816205e+003,4.313271e-002
7.816687e+003,4.036561e-002
7.817169e+003,3.668620e-002
7.817651e+003,3.251009e-002
7.818133e+003,2.857134e-002
7.818615e+003,2.577620e-002
7.819097e+003,2.498544e-002
7.819579e+003,2.677675e-002
7.820062e+003,3.123492e-002
7.820544e+003,3.781279e-002
7.821026e+003,4.530903e-002
7.821508e+003,5.201009e-002
7.821990e+003,5.602256e-002
7.822472e+003,5.576697e-002
7.822954e+003,5.052581e-002
7.823437e+003,4.086843e-002
7.823918e+003,2.876364e-002
7.824400e+003,1.726298e-002
7.824883e+003,9.780748e-003
7.825365e+003,9.161037e-003
7.825847e+003,1.683063e-002
7.826329e+003,3.233394e-002
7.826812e+003,5.342077e-002
7.827293e+003,7.665382e-002
7.827775e+003,9.830805e-002
7.828258e+003,1.152342e-001
7.828740e+003,1.254023e-001
7.829222e+003,1.280033e-001
7.829704e+003,1.231845e-001
7.830186e+003,1.116376e-001
7.830668e+003,9.427652e-002
7.831150e+003,7.213789e-002
7.831633e+003,4.648068e-002
7.832115e+003,1.892937e-002
7.832597e+003,-8.519650e-003
7.833079e+003,-3.372499e-002
7.833561e+003,-5.480993e-002
7.834043e+003,-7.058263e-002
7.834525e+003,-8.076787e-002
7.835007e+003,-8.593541e-002
7.835489e+003,-8.716080e-002
7.835972e+003,-8.558764e-002
7.836454e+003,-8.210264e-002
7.836936e+003,-7.726137e-002
7.837418e+003,-7.145281e-002
7.837900e+003,-6.517141e-002
7.838382e+003,-5.909789e-002
7.838864e+003,-5.404919e-002
7.839347e+003,-5.065442e-002
7.839829e+003,-4.901000e-002
7.840311e+003,-4.853093e-002
7.840793e+003,-4.814755e-002
7.841275e+003,-4.681233e-002
7.841757e+003,-4.409045e-002
7.842239e+003,-4.052006e-002
7.842722e+003,-3.750171e-002
7.843204e+003,-3.669099e-002
7.843686e+003,-3.912369e-002
7.844168e+003,-4.447162e-002
7.844650e+003,-5.081593e-002
7.845132e+003,-5.512145e-002
7.845614e+003,-5.428804e-002
7.846096e+003,-4.638290e-002
7.846578e+003,-3.154801e-002
7.847061e+003,-1.218579e-002
7.847543e+003,7.693574e-003
7.848024e+003,2.374624e-002
7.848507e+003,3.272960e-002
7.848989e+003,3.357977e-002
7.849471e+003,2.776036e-002
7.849953e+003,1.878921e-002
7.850436e+003,1.114140e-002
7.850917e+003,8.918170e-003
7.851399e+003,1.470997e-002
7.851882e+003,2.897446e-002
7.852364e+003,5.006010e-002
7.852846e+003,7.480688e-002
7.853328e+003,9.950539e-002
7.853811e+003,1.209231e-001
7.854292e+003,1.371111e-001
7.854774e+003,1.477735e-001
7.855257e+003,1.540967e-001
7.855739e+003,1.580851e-001
7.856221e+003,1.615995e-001
7.856703e+003,1.654141e-001
7.857185e+003,1.686430e-001
7.857667e+003,1.688026e-001
7.858149e+003,1.625732e-001
7.858632e+003,1.470568e-001
7.859113e+003,1.210964e-001
7.859596e+003,8.613966e-002
7.860078e+003,4.624694e-002
7.860560e+003,7.154592e-003
7.861042e+003,-2.532413e-002
7.861524e+003,-4.699395e-002
7.862006e+003,-5.644060e-002
7.862488e+003,-5.523114e-002
7.862971e+003,-4.710011e-002
7.863453e+003,-3.647523e-002
7.863935e+003,-2.694869e-002
7.864417e+003,-2.029058e-002
7.864899e+003,-1.633199e-002
7.865381e+003,-1.364387e-002
7.865863e+003,-1.059488e-002
7.866346e+003,-6.248505e-003
7.866828e+003,-7.011506e-004
7.867310e+003,5.213392e-003
7.867792e+003,1.059382e-002
7.868274e+003,1.508185e-002
7.868756e+003,1.903877e-002
7.869238e+003,2.320782e-002
7.869721e+003,2.801410e-002
7.870202e+003,3.298010e-002
7.870685e+003,3.660354e-002
7.871167e+003,3.685264e-002
7.871649e+003,3.209243e-002
7.872131e+003,2.200644e-002
7.872613e+003,8.041454e-003
7.873095e+003,-6.892854e-003
7.873577e+003,-1.939517e-002
7.874060e+003,-2.682189e-002
7.874542e+003,-2.828490e-002
7.875023e+003,-2.497230e-002
7.875506e+003,-1.966471e-002
7.875988e+003,-1.566506e-002
7.876470e+003,-1.559270e-002
7.876952e+003,-2.051236e-002
7.877435e+003,-2.968493e-002
7.877917e+003,-4.094344e-002
7.878398e+003,-5.145586e-002
7.878881e+003,-5.853411e-002
7.879363e+003,-6.021131e-002
7.879845e+003,-5.547601e-002
7.880327e+003,-4.422335e-002
7.880810e+003,-2.707443e-002
7.881291e+003,-5.199007e-003
7.881773e+003,1.981050e-002
7.882256e+003,4.605138e-002
7.882738e+003,7.147294e-002
7.883220e+003,9.410775e-002
7.883702e+003,1.123164e-001
7.884184e+003,1.249472e-001
7.884666e+003,1.313432e-001
7.885148e+003,1.312182e-001
7.885630e+003,1.245173e-001
7.886112e+003,1.114058e-001
7.886595e+003,9.245938e-002
7.887077e+003,6.898612e-002
7.887559e+003,4.328260e-002
7.888041e+003,1.858641e-002
7.888523e+003,-1.408823e-003
7.889005e+003,-1.340756e-002
7.889487e+003,-1.545693e-002
7.889970e+003,-7.602542e-003
7.890452e+003,8.051329e-003
7.890934e+003,2.795465e-002
7.891416e+003,4.818982e-002
7.891898e+003,6.559937e-002
7.892380e+003,7.852466e-002
7.892862e+003,8.689598e-002
7.893345e+003,9.171238e-002
7.893827e+003,9.421907e-002
7.894309e+003,9.520128e-002
7.894791e+003,9.471599e-002
7.895273e+003,9.233035e-002
7.895755e+003,8.766723e-002
7.896237e+003,8.090669e-002
7.896719e+003,7.293919e-002
7.897201e+003,6.507545e-002
7.897684e+003,5.847024e-002
7.898166e+003,5.357754e-002
7.898648e+003,4.993808e-002
7.899130e+003,4.641759e-002
7.899612e+003,4.177542e-002
7.900094e+003,3.527344e-002
7.900576e+003,2.700897e-002
7.901059e+003,1.783053e-002
7.901541e+003,8.908612e-003
7.902022e+003,1.223662e-003
7.902505e+003,-4.744012e-003
7.902987e+003,-8.976212e-003
7.903469e+003,-1.160376e-002
7.903951e+003,-1.256399e-002
7.904434e+003,-1.149594e-002
7.904916e+003,-7.992929e-003
7.905397e+003,-2.097595e-003
7.905880e+003,5.264364e-003
7.906362e+003,1.223834e-002
7.906844e+003,1.653826e-002
7.907326e+003,1.635538e-002
7.907808e+003,1.128996e-002
7.908290e+003,2.839032e-003
7.908772e+003,-5.873888e-003
7.909255e+003,-1.111092e-002
7.909737e+003,-9.909050e-003
7.910219e+003,-1.281360e-003
7.910701e+003,1.327856e-002
7.911183e+003,3.020789e-002
7.911665e+003,4.503088e-002
7.912147e+003,5.378468e-002
7.912629e+003,5.415744e-002
7.913111e+003,4.595048e-002
7.913594e+003,3.079755e-002
7.914076e+003,1.138882e-002
7.914558e+003,-9.395217e-003
7.915040e+003,-2.909142e-002
7.915522e+003,-4.587251e-002
7.916004e+003,-5.848791e-002
7.916486e+003,-6.617095e-002
7.916969e+003,-6.870921e-002
7.917451e+003,-6.668910e-002
7.917933e+003,-6.172341e-002
7.918415e+003,-5.638354e-002
7.918897e+003,-5.365448e-002
7.919379e+003,-5.597647e-002
7.919861e+003,-6.420214e-002
7.920344e+003,-7.693437e-002
7.920826e+003,-9.062438e-002
7.921308e+003,-1.005225e-001
7.921790e+003,-1.022066e-001
7.922272e+003,-9.313431e-002
7.922754e+003,-7.361734e-002
7.923236e+003,-4.682374e-002
7.923718e+003,-1.780089e-002
7.924200e+003,8.098483e-003
7.924683e+003,2.678773e-002
7.925165e+003,3.645521e-002
7.925646e+003,3.772103e-002
7.926129e+003,3.301329e-002
7.926611e+003,2.552614e-002
7.927093e+003,1.821995e-002
7.927575e+003,1.321045e-002
7.928058e+003,1.164521e-002
7.928540e+003,1.392072e-002
7.929021e+003,1.996709e-002
7.929504e+003,2.937264e-002
7.929986e+003,4.128957e-002
7.930468e+003,5.424400e-002
7.930950e+003,6.614388e-002
7.931433e+003,7.451662e-002
7.931915e+003,7.717893e-002
7.932396e+003,7.303585e-002
7.932879e+003,6.269985e-002
7.933361e+003,4.861130e-002
7.933843e+003,3.451433e-002
7.934325e+003,2.439797e-002
7.934807e+003,2.124194e-002
7.935289e+003,2.601014e-002
7.935771e+003,3.726397e-002
7.936254e+003,5.155572e-002
7.936735e+003,6.448586e-002
7.937218e+003,7.207906e-002
7.937700e+003,7.202629e-002
7.938182e+003,6.439347e-002
7.938664e+003,5.157791e-002
7.939146e+003,3.754030e-002
7.939628e+003,2.656390e-002
7.940110e+003,2.193117e-002
7.940593e+003,2.492116e-002
7.941075e+003,3.442455e-002
7.941557e+003,4.728064e-002
7.942039e+003,5.922257e-002
7.942521e+003,6.613898e-002
7.943003e+003,6.527337e-002
7.943485e+003,5.600951e-002
7.943968e+003,4.001997e-002
7.944450e+003,2.074671e-002
7.944932e+003,2.380914e-003
7.945414e+003,-1.134225e-002
7.945896e+003,-1.816825e-002
7.946378e+003,-1.786586e-002
7.946860e+003,-1.214467e-002
7.947343e+003,-4.003935e-003
7.947824e+003,3.258605e-003
7.948307e+003,7.058199e-003
7.948789e+003,6.249910e-003
7.949271e+003,1.373759e-003
7.949753e+003,-5.618179e-003
7.950235e+003,-1.203066e-002
7.950717e+003,-1.526140e-002
7.951199e+003,-1.355009e-002
7.951682e+003,-6.439771e-003
7.952164e+003,5.145514e-003
7.952646e+003,1.918424e-002
7.953128e+003,3.308564e-002
7.953610e+003,4.429856e-002
7.954092e+003,5.084238e-002
7.954574e+003,5.164742e-002
7.955057e+003,4.666096e-002
7.955539e+003,3.673885e-002
7.956021e+003,2.338765e-002
7.956503e+003,8.440175e-003
7.956985e+003,-6.257951e-003
7.957467e+003,-1.909506e-002
7.957949e+003,-2.884638e-002
7.958432e+003,-3.473349e-002
7.958913e+003,-3.640949e-002
7.959396e+003,-3.389565e-002
7.959878e+003,-2.749417e-002
7.960360e+003,-1.769415e-002
7.960842e+003,-5.084390e-003
7.961324e+003,9.681890e-003
7.961806e+003,2.600916e-002
7.962288e+003,4.326360e-002
7.962771e+003,6.072893e-002
7.963252e+003,7.752353e-002
7.963734e+003,9.255622e-002
7.964217e+003,1.045785e-001
7.964699e+003,1.123664e-001
7.965181e+003,1.150116e-001
7.965663e+003,1.122446e-001
7.966146e+003,1.046648e-001
7.966627e+003,9.376010e-002
7.967109e+003,8.164796e-002
7.967592e+003,7.056969e-002
7.968074e+003,6.227199e-002
7.968556e+003,5.747700e-002
7.969038e+003,5.563708e-002
7.969521e+003,5.508861e-002
7.970002e+003,5.358261e-002
7.970484e+003,4.903474e-002
7.970967e+003,4.025096e-002
7.971449e+003,2.738669e-002
7.971931e+003,1.198452e-002
7.972413e+003,-3.424500e-003
7.972895e+003,-1.602683e-002
7.973377e+003,-2.351694e-002
7.973859e+003,-2.473215e-002
7.974341e+003,-1.995302e-002
7.974823e+003,-1.080171e-002
7.975306e+003,2.106491e-004
7.975788e+003,1.034530e-002
7.976270e+003,1.732380e-002
7.976752e+003,1.987066e-002
7.977234e+003,1.798980e-002
7.977716e+003,1.292324e-002
7.978198e+003,6.813216e-003
7.978681e+003,2.151293e-003
7.979163e+003,1.142757e-003
7.979645e+003,5.135186e-003
7.980127e+003,1.425089e-002
7.980609e+003,2.732001e-002
7.981091e+003,4.213899e-002
7.981573e+003,5.599286e-002
7.982056e+003,6.630556e-002
7.982538e+003,7.124255e-002
7.983020e+003,7.010186e-002
7.983502e+003,6.338955e-002
7.983984e+003,5.256862e-002
7.984466e+003,3.956691e-002
7.984948e+003,2.620019e-002
7.985430e+003,1.368925e-002
7.985912e+003,2.415237e-003
7.986395e+003,-8.018540e-003
7.986877e+003,-1.844892e-002
7.987358e+003,-2.965643e-002
7.987841e+003,-4.187918e-002
7.988323e+003,-5.450637e-002
7.988805e+003,-6.606771e-002
7.989287e+003,-7.454424e-002
7.989770e+003,-7.792154e-002
7.990251e+003,-7.481984e-002
7.990733e+003,-6.499535e-002
7.991216e+003,-4.953114e-002
7.991698e+003,-3.062739e-002
7.992180e+003,-1.107352e-002
7.992662e+003,6.579605e-003
7.993145e+003,2.056396e-002
7.993626e+003,3.023382e-002
7.994108e+003,3.594561e-002
7.994591e+003,3.857378e-002
7.995073e+003,3.889201e-002
7.995555e+003,3.711578e-002
7.996037e+003,3.283792e-002
7.996519e+003,2.541365e-002
7.997001e+003,1.463350e-002
7.997483e+003,1.361124e-003
7.997966e+003,-1.221162e-002
7.998447e+003,-2.290141e-002
7.998930e+003,-2.742088e-002
7.999412e+003,-2.351677e-002
7.999894e+003,-1.091539e-002
8.000376e+003,8.327464e-003
8.000858e+003,3.025280e-002
8.001340e+003,5.007302e-002
8.001822e+003,6.350726e-002
8.002305e+003,6.789351e-002
8.002787e+003,6.270245e-002
8.003269e+003,4.933815e-002
8.003751e+003,3.040238e-002
8.004233e+003,8.791188e-003
8.004715e+003,-1.299804e-002
8.005197e+003,-3.313449e-002
8.005680e+003,-5.033013e-002
8.006162e+003,-6.355724e-002
8.006644e+003,-7.189360e-002
8.007126e+003,-7.466573e-002
8.007608e+003,-7.184271e-002
8.008090e+003,-6.443793e-002
8.008572e+003,-5.461043e-002
8.009055e+003,-4.527098e-002
8.009536e+003,-3.923724e-002
8.010019e+003,-3.823101e-002
8.010501e+003,-4.213603e-002
8.010983e+003,-4.886709e-002
8.011465e+003,-5.495924e-002
8.011947e+003,-5.668222e-002
8.012429e+003,-5.126045e-002
8.012911e+003,-3.773837e-002
8.013394e+003,-1.719269e-002
8.013875e+003,7.725881e-003
8.014357e+003,3.366972e-002
8.014840e+003,5.750075e-002
8.015322e+003,7.688684e-002
8.015804e+003,9.044468e-002
8.016286e+003,9.752560e-002
8.016769e+003,9.789851e-002
8.017250e+003,9.158847e-002
8.017732e+003,7.898401e-002
8.018215e+003,6.112396e-002
8.018697e+003,3.992671e-002
8.019179e+003,1.811940e-002
8.019661e+003,-1.233720e-003
8.020144e+003,-1.548714e-002
8.020625e+003,-2.316261e-002
8.021107e+003,-2.436121e-002
8.021590e+003,-2.063861e-002
8.022072e+003,-1.437636e-002
8.022554e+003,-7.911312e-003
8.023036e+003,-2.819254e-003
8.023518e+003,4.941048e-004
8.024000e+003,2.436714e-003
8.024482e+003,3.689775e-003
8.024964e+003,4.578220e-003
8.025446e+003,4.742342e-003
8.025929e+003,3.286169e-003
8.026411e+003,-6.723538e-004
8.026893e+003,-7.339642e-003
8.027375e+003,-1.583662e-002
8.027857e+003,-2.429217e-002
8.028339e+003,-3.045058e-002
8.028821e+003,-3.254521e-002
8.029304e+003,-3.004641e-002
8.029786e+003,-2.392844e-002
8.030268e+003,-1.630711e-002
8.030750e+003,-9.578126e-003
8.031232e+003,-5.415510e-003
8.031714e+003,-4.061910e-003
8.032196e+003,-4.224003e-003
8.032679e+003,-3.628738e-003
8.033161e+003,-1.245291e-005
8.033643e+003,7.864010e-003
8.034125e+003,1.958584e-002
8.034607e+003,3.308383e-002
8.035089e+003,4.525129e-002
8.035571e+003,5.292761e-002
8.036053e+003,5.387485e-002
8.036535e+003,4.740568e-002
8.037018e+003,3.448424e-002
8.037500e+003,1.733644e-002
8.037982e+003,-1.222013e-003
8.038464e+003,-1.847019e-002
8.038946e+003,-3.226744e-002
8.039428e+003,-4.125561e-002
8.039910e+003,-4.482342e-002
8.040393e+003,-4.295084e-002
8.040875e+003,-3.604954e-002
8.041356e+003,-2.485978e-002
8.041839e+003,-1.039597e-002
8.042321e+003,6.107448e-003
8.042803e+003,2.329453e-002
8.043285e+003,3.983886e-002
8.043768e+003,5.461377e-002
8.044250e+003,6.682844e-002
8.044731e+003,7.608790e-002
8.045214e+003,8.236693e-002
8.045696e+003,8.591883e-002
8.046178e+003,8.715418e-002
8.046660e+003,8.651733e-002
8.047142e+003,8.437315e-002
8.047624e+003,8.091010e-002
8.048106e+003,7.607703e-002
8.048589e+003,6.959059e-002
8.049071e+003,6.105676e-002
8.049553e+003,5.022059e-002
8.050035e+003,3.729404e-002
8.050517e+003,2.323385e-002
8.050999e+003,9.801424e-003
8.051481e+003,-7.279782e-004
8.051963e+003,-6.217647e-003
8.052445e+003,-5.521194e-003
8.052928e+003,7.747493e-004
8.053410e+003,1.006719e-002
8.053892e+003,1.817002e-002
8.054374e+003,2.036296e-002
8.054856e+003,1.296764e-002
8.055338e+003,-5.251685e-003
8.055820e+003,-3.228488e-002
8.056303e+003,-6.304645e-002
8.056785e+003,-9.054689e-002
8.057267e+003,-1.077314e-001
8.057749e+003,-1.094022e-001
8.058231e+003,-9.360620e-002
8.058713e+003,-6.206831e-002
8.059195e+003,-1.960091e-002
8.059678e+003,2.723269e-002
8.060160e+003,7.171538e-002
8.060642e+003,1.083441e-001
8.061124e+003,1.336472e-001
8.061606e+003,1.463741e-001
8.062088e+003,1.471912e-001
8.062570e+003,1.381230e-001
8.063052e+003,1.219619e-001
8.063534e+003,1.017721e-001
8.064017e+003,8.050995e-002
8.064499e+003,6.072657e-002
8.064980e+003,4.432542e-002
8.065463e+003,3.239881e-002
8.065945e+003,2.519478e-002
8.066427e+003,2.224902e-002
8.066909e+003,2.264947e-002
8.067392e+003,2.533183e-002
8.067874e+003,2.928255e-002
8.068355e+003,3.357896e-002
8.068838e+003,3.729972e-002
8.069320e+003,3.943531e-002
8.069802e+003,3.894943e-002
8.070284e+003,3.506369e-002
8.070767e+003,2.768600e-002
8.071249e+003,1.776337e-002
8.071730e+003,7.300850e-003
8.072213e+003,-1.105587e-003
8.072695e+003,-5.150882e-003
8.073177e+003,-3.808449e-003
8.073659e+003,2.013424e-003
8.074141e+003,9.512122e-003
8.074623e+003,1.482676e-002
8.075105e+003,1.441419e-002
8.075588e+003,6.435414e-003
8.076069e+003,-8.429048e-003
8.076552e+003,-2.710384e-002
8.077034e+003,-4.516108e-002
8.077516e+003,-5.835277e-002
8.077998e+003,-6.398314e-002
8.078480e+003,-6.153639e-002
8.078962e+003,-5.232117e-002
8.079444e+003,-3.835468e-002
8.079927e+003,-2.107229e-002
8.080409e+003,-5.345786e-004
8.080891e+003,2.443480e-002
8.081373e+003,5.520200e-002
8.081855e+003,9.185483e-002
8.082337e+003,1.320538e-001
8.082819e+003,1.708490e-001
8.083302e+003,2.016983e-001
8.083784e+003,2.183836e-001
8.084266e+003,2.170947e-001
8.084748e+003,1.979129e-001
8.085230e+003,1.647797e-001
8.085712e+003,1.244530e-001
8.086194e+003,8.440394e-002
8.086677e+003,5.066823e-002
8.087158e+003,2.642526e-002
8.087641e+003,1.177052e-002
8.088123e+003,4.622161e-003
8.088605e+003,2.236492e-003
8.089087e+003,2.601748e-003
8.089569e+003,5.110288e-003
8.090051e+003,1.029620e-002
8.090533e+003,1.888219e-002
8.091016e+003,3.069898e-002
8.091498e+003,4.407865e-002
8.091979e+003,5.607531e-002
8.092462e+003,6.345224e-002
8.092944e+003,6.399524e-002
8.093426e+003,5.753975e-002
8.093908e+003,4.621275e-002
8.094391e+003,3.373356e-002
8.094873e+003,2.403310e-002
8.095354e+003,1.975404e-002
8.095837e+003,2.124975e-002
8.096319e+003,2.648909e-002
8.096801e+003,3.189344e-002
8.097283e+003,3.375236e-002
8.097766e+003,2.964201e-002
8.098247e+003,1.929434e-002
8.098729e+003,4.612201e-003
8.099212e+003,-1.111846e-002
8.099694e+003,-2.445594e-002
8.100176e+003,-3.296361e-002
8.100658e+003,-3.587214e-002
8.101140e+003,-3.405099e-002
8.101622e+003,-2.939137e-002
8.102104e+003,-2.392261e-002
8.102586e+003,-1.904715e-002
8.103068e+003,-1.517465e-002
8.103551e+003,-1.182890e-002
8.104033e+003,-8.092932e-003
8.104515e+003,-3.137206e-003
8.104997e+003,3.415255e-003
8.105479e+003,1.141625e-002
8.105961e+003,2.038569e-002
8.106443e+003,2.982371e-002
8.106926e+003,3.945974e-002
8.107408e+003,4.931166e-002
8.107890e+003,5.953567e-002
8.108372e+003,7.015224e-002
8.108854e+003,8.078719e-002
8.109336e+003,9.055667e-002
8.109818e+003,9.815699e-002
8.110301e+003,1.021366e-001
8.110783e+003,1.012603e-001
8.111265e+003,9.484661e-002
8.111747e+003,8.297387e-002
8.112229e+003,6.649040e-002
8.112711e+003,4.681958e-002
8.113193e+003,2.560627e-002
8.113675e+003,4.300336e-003
8.114157e+003,-1.619663e-002
8.114640e+003,-3.569455e-002
8.115122e+003,-5.460257e-002
8.115604e+003,-7.355519e-002
8.116086e+003,-9.278401e-002
8.116568e+003,-1.116280e-001
8.117050e+003,-1.282016e-001
8.117532e+003,-1.395276e-001
8.118015e+003,-1.421672e-001
8.118497e+003,-1.332144e-001
8.118979e+003,-1.113568e-001
8.119461e+003,-7.763476e-002
8.119943e+003,-3.559844e-002
8.120425e+003,9.253750e-003
8.120907e+003,5.063181e-002
8.121390e+003,8.288518e-002
8.121872e+003,1.022924e-001
8.122354e+003,1.078408e-001
8.122836e+003,1.012959e-001
8.123318e+003,8.658364e-002
8.123800e+003,6.871603e-002
8.124282e+003,5.258945e-002
8.124764e+003,4.197342e-002
8.125246e+003,3.889478e-002
8.125729e+003,4.347830e-002
8.126211e+003,5.418666e-002
8.126693e+003,6.833688e-002
8.127175e+003,8.275584e-002
8.127657e+003,9.444682e-002
8.128139e+003,1.011577e-001
8.128621e+003,1.017572e-001
8.129104e+003,9.635277e-002
8.129585e+003,8.613253e-002
8.130067e+003,7.297803e-002
8.130550e+003,5.896487e-002
8.131032e+003,4.590323e-002
8.131514e+003,3.505022e-002
8.131996e+003,2.704881e-002
8.132479e+003,2.204285e-002
8.132960e+003,1.984127e-002
8.133442e+003,1.999847e-002
8.133925e+003,2.175560e-002
8.134407e+003,2.390752e-002
8.134889e+003,2.475712e-002
8.135371e+003,2.232396e-002
8.135853e+003,1.486882e-002
8.136335e+003,1.616316e-003
8.136817e+003,-1.660518e-002
8.137300e+003,-3.714213e-002
8.137782e+003,-5.593843e-002
8.138264e+003,-6.858210e-002
8.138746e+003,-7.167416e-002
8.139228e+003,-6.403412e-002
8.139710e+003,-4.726634e-002
8.140192e+003,-2.542693e-002
8.140674e+003,-3.866818e-003
8.141156e+003,1.235600e-002
8.141639e+003,1.993458e-002
8.142121e+003,1.813599e-002
8.142603e+003,8.737036e-003
8.143085e+003,-4.832743e-003
8.143567e+003,-1.875715e-002
8.144049e+003,-3.001220e-002
8.144531e+003,-3.706149e-002
8.145014e+003,-3.991939e-002
8.145496e+003,-3.970077e-002
8.145978e+003,-3.794784e-002
8.146460e+003,-3.592583e-002
8.146942e+003,-3.465596e-002
8.147424e+003,-3.450567e-002
8.147906e+003,-3.541572e-002
8.148389e+003,-3.700971e-002
8.148871e+003,-3.861373e-002
8.149353e+003,-3.920623e-002
8.149835e+003,-3.740703e-002
8.150317e+003,-3.162989e-002
8.150799e+003,-2.045109e-002
8.151281e+003,-3.127205e-003
8.151763e+003,1.991167e-002
8.152245e+003,4.680411e-002
8.152728e+003,7.439297e-002
8.153210e+003,9.878805e-002
8.153691e+003,1.162410e-001
8.154174e+003,1.241003e-001
8.154656e+003,1.215666e-001
8.155138e+003,1.100059e-001
8.155620e+003,9.269319e-002
8.156103e+003,7.402184e-002
8.156584e+003,5.837283e-002
8.157066e+003,4.895489e-002
8.157549e+003,4.695277e-002
8.158031e+003,5.125052e-002
8.158513e+003,5.883512e-002
8.158995e+003,6.577719e-002
8.159478e+003,6.849229e-002
8.159959e+003,6.487917e-002
8.160441e+003,5.495970e-002
8.160924e+003,4.081075e-002
8.161406e+003,2.582513e-002
8.161888e+003,1.357578e-002
8.162370e+003,6.691412e-003
8.162852e+003,6.129649e-003
8.163334e+003,1.106371e-002
8.163816e+003,1.934921e-002
8.164299e+003,2.831834e-002
8.164780e+003,3.555148e-002
8.165263e+003,3.934378e-002
8.165745e+003,3.877273e-002
8.166227e+003,3.348066e-002
8.166709e+003,2.340933e-002
8.167191e+003,8.703415e-003
8.167673e+003,-1.014133e-002
8.168155e+003,-3.199128e-002
8.168638e+003,-5.487434e-002
8.169120e+003,-7.608081e-002
8.169602e+003,-9.264024e-002
8.170084e+003,-1.020538e-001
8.170566e+003,-1.030125e-001
8.171048e+003,-9.581056e-002
8.171530e+003,-8.228268e-002
8.172013e+003,-6.529076e-002
8.172495e+003,-4.796855e-002
8.172977e+003,-3.301174e-002
8.173459e+003,-2.224623e-002
8.173941e+003,-1.655421e-002
8.174423e+003,-1.606640e-002
8.174905e+003,-2.043085e-002
8.175388e+003,-2.898608e-002
8.175869e+003,-4.077839e-002
8.176352e+003,-5.449868e-002
8.176834e+003,-6.848956e-002
8.177316e+003,-8.094542e-002
8.177798e+003,-9.031208e-002
8.178280e+003,-9.573960e-002
8.178762e+003,-9.740376e-002
8.179244e+003,-9.649516e-002
8.179727e+003,-9.482847e-002
8.180208e+003,-9.419073e-002
8.180690e+003,-9.567179e-002
8.181173e+003,-9.923546e-002
8.181655e+003,-1.036938e-001
8.182137e+003,-1.070819e-001
8.182619e+003,-1.072781e-001
8.183102e+003,-1.026378e-001
8.183583e+003,-9.243011e-002
8.184065e+003,-7.697061e-002
8.184548e+003,-5.746945e-002
8.185030e+003,-3.570510e-002
8.185512e+003,-1.366378e-002
8.185994e+003,6.750361e-003
8.186477e+003,2.389409e-002
8.186958e+003,3.647043e-002
8.187440e+003,4.356576e-002
8.187923e+003,4.467879e-002
8.188405e+003,3.975859e-002
8.188887e+003,2.924471e-002
8.189369e+003,1.408821e-002
8.189851e+003,-4.273428e-003
8.190333e+003,-2.401287e-002
8.190815e+003,-4.310045e-002
8.191297e+003,-5.958288e-002
8.191779e+003,-7.192060e-002
8.192262e+003,-7.930849e-002
8.192744e+003,-8.187290e-002
8.193226e+003,-8.064363e-002
8.193708e+003,-7.725681e-002
8.194190e+003,-7.344290e-002
8.194672e+003,-7.045943e-002
8.195154e+003,-6.868258e-002
8.195637e+003,-6.753805e-002
8.196119e+003,-6.582943e-002
8.196601e+003,-6.234862e-002
8.197083e+003,-5.651471e-002
8.197565e+003,-4.874996e-002
8.198047e+003,-4.040054e-002
8.198529e+003,-3.320606e-002
8.199012e+003,-2.853301e-002
8.199494e+003,-2.670925e-002
8.199976e+003,-2.676732e-002
8.200458e+003,-2.672791e-002
8.200939e+003,-2.431407e-002
8.201422e+003,-1.779562e-002
8.201904e+003,-6.617541e-003
8.202387e+003,8.417232e-003
8.202868e+003,2.542430e-002
8.203351e+003,4.198681e-002
8.203833e+003,5.570318e-002
8.204314e+003,6.452364e-002
8.204797e+003,6.683426e-002
8.205279e+003,6.141755e-002
8.205762e+003,4.749030e-002
8.206243e+003,2.494777e-002
8.206726e+003,-5.230528e-003
8.207207e+003,-4.063188e-002
8.207689e+003,-7.739885e-002
8.208172e+003,-1.105640e-001
8.208654e+003,-1.354842e-001
8.209136e+003,-1.486208e-001
8.209618e+003,-1.485644e-001
8.210101e+003,-1.363592e-001
8.210582e+003,-1.151047e-001
8.211064e+003,-8.900312e-002
8.211547e+003,-6.222509e-002
8.212029e+003,-3.799609e-002
8.212511e+003,-1.815253e-002
8.212993e+003,-3.182207e-003
8.213475e+003,7.435350e-003
8.213957e+003,1.483288e-002
8.214439e+003,2.046183e-002
8.214922e+003,2.589848e-002
8.215403e+003,3.262912e-002
8.215886e+003,4.169941e-002
8.216368e+003,5.324975e-002
8.216850e+003,6.613214e-002
8.217332e+003,7.789484e-002
8.217814e+003,8.533677e-002
8.218297e+003,8.558272e-002
8.218778e+003,7.732867e-002
8.219261e+003,6.172032e-002
8.219742e+003,4.239161e-002
8.220225e+003,2.450703e-002
8.220707e+003,1.309106e-002
8.221189e+003,1.127716e-002
8.221672e+003,1.919247e-002
8.222153e+003,3.395332e-002
8.222636e+003,5.078158e-002
8.223117e+003,6.476843e-002
8.223600e+003,7.254017e-002
8.224082e+003,7.315148e-002
8.224564e+003,6.791439e-002
8.225046e+003,5.937437e-002
8.225528e+003,5.001579e-002
8.226011e+003,4.134113e-002
8.226492e+003,3.370554e-002
8.226975e+003,2.684905e-002
8.227457e+003,2.068947e-002
8.227939e+003,1.581930e-002
8.228421e+003,1.334982e-002
8.228903e+003,1.415573e-002
8.229385e+003,1.796451e-002
8.229867e+003,2.288462e-002
8.230350e+003,2.578248e-002
8.230832e+003,2.348163e-002
8.231313e+003,1.429354e-002
8.231796e+003,-8.598051e-004
8.232278e+003,-1.835795e-002
8.232760e+003,-3.301478e-002
8.233242e+003,-4.004913e-002
8.233725e+003,-3.708554e-002
8.234207e+003,-2.530642e-002
8.234688e+003,-9.209419e-003
8.235171e+003,4.985989e-003
8.235652e+003,1.165562e-002
8.236135e+003,7.875734e-003
8.236617e+003,-5.515203e-003
8.237100e+003,-2.427271e-002
8.237581e+003,-4.230249e-002
8.238063e+003,-5.374010e-002
8.238546e+003,-5.474017e-002
8.239027e+003,-4.436155e-002
8.239510e+003,-2.444153e-002
8.239992e+003,1.392387e-003
8.240475e+003,2.890674e-002
8.240956e+003,5.421847e-002
8.241438e+003,7.426517e-002
8.241920e+003,8.685721e-002
8.242402e+003,9.058165e-002
8.242885e+003,8.482553e-002
8.243367e+003,7.000878e-002
8.243850e+003,4.788520e-002
8.244331e+003,2.162932e-002
8.244813e+003,-4.534658e-003
8.245295e+003,-2.620188e-002
8.245777e+003,-3.992954e-002
8.246260e+003,-4.424582e-002
8.246742e+003,-4.011575e-002
8.247224e+003,-3.064544e-002
8.247706e+003,-2.010762e-002
8.248188e+003,-1.264106e-002
8.248670e+003,-1.109725e-002
8.249152e+003,-1.642401e-002
8.249635e+003,-2.773843e-002
8.250117e+003,-4.296053e-002
8.250599e+003,-5.967914e-002
8.251081e+003,-7.588045e-002
8.251563e+003,-9.028756e-002
8.252045e+003,-1.022706e-001
8.252527e+003,-1.114849e-001
8.253010e+003,-1.174934e-001
8.253491e+003,-1.195961e-001
8.253974e+003,-1.169548e-001
8.254456e+003,-1.089408e-001
8.254938e+003,-9.552278e-002
8.255420e+003,-7.749955e-002
8.255902e+003,-5.645867e-002
8.256385e+003,-3.446733e-002
8.256866e+003,-1.361444e-002
8.257349e+003,4.425248e-003
8.257830e+003,1.865792e-002
8.258313e+003,2.880271e-002
8.258795e+003,3.511928e-002
8.259277e+003,3.813357e-002
8.259759e+003,3.838657e-002
8.260241e+003,3.630441e-002
8.260724e+003,3.222690e-002
8.261205e+003,2.656314e-002
8.261688e+003,1.999045e-002
8.262170e+003,1.359020e-002
8.262652e+003,8.828408e-003
8.263134e+003,7.337765e-003
8.263616e+003,1.052536e-002
8.264098e+003,1.910311e-002
8.264580e+003,3.268968e-002
8.265063e+003,4.964167e-002
8.265545e+003,6.722603e-002
8.266027e+003,8.214529e-002
8.266509e+003,9.130575e-002
8.266991e+003,9.261457e-002
8.267473e+003,8.555582e-002
8.267955e+003,7.134796e-002
8.268438e+003,5.261724e-002
8.268920e+003,3.268518e-002
8.269401e+003,1.470424e-002
8.269884e+003,8.139845e-004
8.270366e+003,-7.844484e-003
8.270848e+003,-1.150121e-002
8.271330e+003,-1.118430e-002
8.271813e+003,-8.173738e-003
8.272295e+003,-3.580378e-003
8.272776e+003,1.783985e-003
8.273259e+003,7.241185e-003
8.273740e+003,1.193857e-002
8.274223e+003,1.463092e-002
8.274705e+003,1.374563e-002
8.275188e+003,7.785697e-003
8.275669e+003,-4.052122e-003
8.276151e+003,-2.129513e-002
8.276634e+003,-4.191996e-002
8.277115e+003,-6.255362e-002
8.277598e+003,-7.913858e-002
8.278080e+003,-8.787091e-002
8.278563e+003,-8.612096e-002
8.279044e+003,-7.305922e-002
8.279526e+003,-4.982566e-002
8.280008e+003,-1.923956e-002
8.280490e+003,1.481346e-002
8.280973e+003,4.811399e-002
8.281455e+003,7.677231e-002
8.281937e+003,9.771036e-002
8.282419e+003,1.089367e-001
8.282901e+003,1.096471e-001
8.283383e+003,1.001934e-001
8.283865e+003,8.194163e-002
8.284348e+003,5.701717e-002
8.284830e+003,2.794193e-002
8.285312e+003,-2.794633e-003
8.285794e+003,-3.313780e-002
8.286275e+003,-6.172659e-002
8.286758e+003,-8.791718e-002
8.287240e+003,-1.115549e-001
8.287723e+003,-1.325791e-001
8.288205e+003,-1.506226e-001
8.288687e+003,-1.647843e-001
8.289169e+003,-1.736943e-001
8.289650e+003,-1.758724e-001
8.290133e+003,-1.702578e-001
8.290615e+003,-1.567098e-001
8.291098e+003,-1.362824e-001
8.291579e+003,-1.111560e-001
8.292062e+003,-8.423851e-002
8.292544e+003,-5.856597e-002
8.293025e+003,-3.670315e-002
8.293508e+003,-2.032670e-002
8.293990e+003,-1.009040e-002
8.294473e+003,-5.755194e-003
8.294954e+003,-6.473636e-003
8.295437e+003,-1.108611e-002
8.295918e+003,-1.832195e-002
8.296400e+003,-2.687665e-002
8.296883e+003,-3.541546e-002
8.297365e+003,-4.259536e-002
8.297847e+003,-4.718205e-002
8.298329e+003,-4.827421e-002
8.298812e+003,-4.556860e-002
8.299293e+003,-3.954422e-002
8.299775e+003,-3.144633e-002
8.300258e+003,-2.301496e-002
8.300740e+003,-1.603752e-002
8.301222e+003,-1.171339e-002
8.301704e+003,-1.033475e-002
8.302186e+003,-1.116877e-002
8.302668e+003,-1.272476e-002
8.303150e+003,-1.330394e-002
8.303633e+003,-1.162925e-002
8.304114e+003,-7.307814e-003
8.304597e+003,-9.391825e-004
8.305079e+003,6.174260e-003
8.305561e+003,1.258673e-002
8.306043e+003,1.729238e-002
8.306525e+003,2.007228e-002
8.307008e+003,2.144942e-002
8.307489e+003,2.227329e-002
8.307972e+003,2.313074e-002
8.308453e+003,2.387110e-002
8.308936e+003,2.349393e-002
8.309418e+003,2.048977e-002
8.309900e+003,1.351402e-002
8.310383e+003,2.109257e-003
8.310864e+003,-1.284961e-002
8.311347e+003,-2.920718e-002
8.311828e+003,-4.409201e-002
8.312311e+003,-5.479373e-002
8.312793e+003,-5.962541e-002
8.313275e+003,-5.845214e-002
8.313757e+003,-5.270927e-002
8.314239e+003,-4.493412e-002
8.314722e+003,-3.800958e-002
8.315203e+003,-3.438767e-002
8.315686e+003,-3.551768e-002
8.316168e+003,-4.158235e-002
8.316650e+003,-5.152410e-002
8.317132e+003,-6.327698e-002
8.317614e+003,-7.412693e-002
8.318096e+003,-8.116897e-002
8.318578e+003,-8.186007e-002
8.319061e+003,-7.463805e-002
8.319543e+003,-5.949452e-002
8.320024e+003,-3.830515e-002
8.320507e+003,-1.470311e-002
8.320989e+003,6.619817e-003
8.321471e+003,2.110097e-002
8.321953e+003,2.567378e-002
8.322436e+003,1.985710e-002
8.322918e+003,6.130771e-003
8.323399e+003,-1.063103e-002
8.323882e+003,-2.456480e-002
8.324363e+003,-3.063179e-002
8.324846e+003,-2.622938e-002
8.325328e+003,-1.203756e-002
8.325811e+003,8.196778e-003
8.326292e+003,2.885451e-002
8.326774e+003,4.419441e-002
8.327257e+003,5.006467e-002
8.327738e+003,4.503661e-002
8.328221e+003,3.066192e-002
8.328703e+003,1.086910e-002
8.329186e+003,-9.222835e-003
8.329667e+003,-2.467117e-002
8.330149e+003,-3.187494e-002
8.330631e+003,-2.928652e-002
8.331113e+003,-1.757346e-002
8.331596e+003,7.302463e-004
8.332078e+003,2.192101e-002
8.332561e+003,4.205960e-002
8.333042e+003,5.785229e-002
8.333524e+003,6.731915e-002
8.334006e+003,7.006500e-002
8.334488e+003,6.706776e-002
8.334971e+003,6.004369e-002
8.335453e+003,5.061388e-002
8.335935e+003,3.960244e-002
8.336417e+003,2.678320e-002
8.336899e+003,1.122923e-002
8.337381e+003,-7.838045e-003
8.337863e+003,-3.005457e-002
8.338346e+003,-5.325404e-002
8.338828e+003,-7.354211e-002
8.339310e+003,-8.622149e-002
8.339792e+003,-8.730679e-002
8.340273e+003,-7.506475e-002
8.340756e+003,-5.094275e-002
8.341238e+003,-1.945286e-002
8.341721e+003,1.301694e-002
8.342202e+003,4.006589e-002
8.342685e+003,5.714392e-002
8.343167e+003,6.273611e-002
8.343648e+003,5.845469e-002
8.344131e+003,4.805704e-002
8.344613e+003,3.582251e-002
8.345096e+003,2.494394e-002
8.345577e+003,1.653456e-002
8.346060e+003,9.560562e-003
8.346541e+003,1.622714e-003
8.347023e+003,-9.804912e-003
8.347506e+003,-2.619734e-002
8.347988e+003,-4.729050e-002
8.348470e+003,-7.107017e-002
8.348952e+003,-9.435342e-002
8.349435e+003,-1.136874e-001
8.349916e+003,-1.262355e-001
8.350398e+003,-1.303948e-001
8.350881e+003,-1.260248e-001
8.351363e+003,-1.143040e-001
8.351845e+003,-9.732147e-002
8.352327e+003,-7.754075e-002
8.352809e+003,-5.726991e-002
8.353291e+003,-3.824478e-002
8.353773e+003,-2.140345e-002
8.354256e+003,-6.894673e-003
8.354738e+003,5.689560e-003
8.355220e+003,1.693266e-002
8.355702e+003,2.720010e-002
8.356184e+003,3.639523e-002
8.356666e+003,4.398536e-002
8.357148e+003,4.931429e-002
8.357631e+003,5.208392e-002
8.358112e+003,5.278585e-002
8.358595e+003,5.285033e-002
8.359077e+003,5.437509e-002
8.359559e+003,5.946951e-002
8.360041e+003,6.942856e-002
8.360523e+003,8.405817e-002
8.361006e+003,1.014530e-001
8.361487e+003,1.183790e-001
8.361970e+003,1.311874e-001
8.362451e+003,1.369750e-001
8.362934e+003,1.345693e-001
8.363416e+003,1.250281e-001
8.363898e+003,1.114318e-001
8.364380e+003,9.805285e-002
8.364862e+003,8.916816e-002
8.365345e+003,8.788948e-002
8.365826e+003,9.536437e-002
8.366309e+003,1.105663e-001
8.366791e+003,1.307026e-001
8.367273e+003,1.520762e-001
8.367755e+003,1.711151e-001
8.368237e+003,1.852535e-001
8.368719e+003,1.934250e-001
8.369201e+003,1.960629e-001
8.369684e+003,1.946596e-001
8.370166e+003,1.910642e-001
8.370647e+003,1.867632e-001
8.371130e+003,1.823767e-001
8.371612e+003,1.775238e-001
8.372094e+003,1.710786e-001
8.372576e+003,1.617098e-001
8.373059e+003,1.485031e-001
8.373541e+003,1.314385e-001
8.374022e+003,1.115562e-001
8.374505e+003,9.075375e-002
8.374986e+003,7.129570e-002
8.375469e+003,5.521367e-002
8.375951e+003,4.380810e-002
8.376434e+003,3.741268e-002
8.376915e+003,3.547522e-002
8.377397e+003,3.688627e-002
8.377880e+003,4.039764e-002
8.378361e+003,4.495290e-002
8.378844e+003,4.980581e-002
8.379326e+003,5.441077e-002
8.379809e+003,5.817866e-002
8.380290e+003,6.026056e-002
8.380772e+003,5.951469e-002
8.381255e+003,5.473414e-002
8.381736e+003,4.509057e-002
8.382219e+003,3.063468e-002
8.382701e+003,1.263889e-002
8.383184e+003,-6.399235e-003
8.383665e+003,-2.316351e-002
8.384147e+003,-3.425887e-002
8.384629e+003,-3.707953e-002
8.385111e+003,-3.053792e-002
8.385594e+003,-1.541308e-002
8.386076e+003,5.809784e-003
8.386558e+003,2.957030e-002
8.387040e+003,5.213336e-002
8.387522e+003,7.046728e-002
8.388004e+003,8.282881e-002
8.388486e+003,8.890645e-002
8.388969e+003,8.954734e-002
8.389451e+003,8.624011e-002
8.389933e+003,8.059071e-002
8.390415e+003,7.398762e-002
8.390896e+003,6.753550e-002
8.391379e+003,6.219161e-002
8.391861e+003,5.894582e-002
8.392344e+003,5.887397e-002
8.392825e+003,6.297466e-002
8.393308e+003,7.182290e-002
8.393790e+003,8.519849e-002
8.394271e+003,1.018542e-001
8.394754e+003,1.195819e-001
8.395236e+003,1.355940e-001
8.395719e+003,1.471270e-001
8.396200e+003,1.520873e-001
8.396683e+003,1.495499e-001
8.397164e+003,1.399734e-001
8.397646e+003,1.250814e-001
8.398129e+003,1.074512e-001
8.398611e+003,8.990800e-002
8.399093e+003,7.485473e-002
8.399575e+003,6.367673e-002
8.400058e+003,5.636167e-002
8.400539e+003,5.146063e-002
8.401021e+003,4.647143e-002
8.401504e+003,3.862299e-002
8.401986e+003,2.589410e-002
8.402468e+003,7.959081e-003
8.402950e+003,-1.330738e-002
8.403433e+003,-3.405089e-002
8.403914e+003,-4.944126e-002
8.404396e+003,-5.521338e-002
8.404879e+003,-4.923813e-002
8.405361e+003,-3.252212e-002
8.405843e+003,-9.181922e-003
8.406325e+003,1.469810e-002
8.406807e+003,3.296714e-002
8.407289e+003,4.137591e-002
8.407771e+003,3.885893e-002
8.408254e+003,2.764280e-002
8.408735e+003,1.216891e-002
8.409218e+003,-2.695462e-003
8.409700e+003,-1.340548e-002
8.410182e+003,-1.874640e-002
8.410664e+003,-1.975825e-002
8.411146e+003,-1.873294e-002
8.411629e+003,-1.784651e-002
8.412110e+003,-1.810929e-002
8.412593e+003,-1.910618e-002
8.413074e+003,-1.956485e-002
8.413557e+003,-1.836468e-002
8.414039e+003,-1.539132e-002
8.414521e+003,-1.175585e-002
8.415003e+003,-9.260924e-003
8.415485e+003,-9.417715e-003
8.415968e+003,-1.257047e-002
8.416449e+003,-1.763978e-002
8.416932e+003,-2.266980e-002
8.417414e+003,-2.593381e-002
8.417896e+003,-2.703354e-002
8.418378e+003,-2.739566e-002
8.418860e+003,-2.984046e-002
8.419342e+003,-3.734650e-002
8.419824e+003,-5.154110e-002
8.420307e+003,-7.160831e-002
8.420789e+003,-9.414132e-002
8.421271e+003,-1.140500e-001
8.421753e+003,-1.261703e-001
8.422235e+003,-1.269272e-001
8.422717e+003,-1.154105e-001
8.423199e+003,-9.350125e-002
8.423682e+003,-6.509667e-002
8.424164e+003,-3.481751e-002
8.424646e+003,-6.743355e-003
8.425128e+003,1.644380e-002
8.425610e+003,3.368024e-002
8.426092e+003,4.523705e-002
8.426574e+003,5.218621e-002
8.427057e+003,5.588284e-002
8.427539e+003,5.761373e-002
8.428021e+003,5.841801e-002
8.428503e+003,5.899919e-002
8.428984e+003,5.965411e-002
8.429467e+003,6.021098e-002
8.429949e+003,6.003386e-002
8.430432e+003,5.815629e-002
8.430913e+003,5.355000e-002
8.431396e+003,4.545057e-002
8.431878e+003,3.361484e-002
8.432359e+003,1.840825e-002
8.432842e+003,7.108093e-004
8.433324e+003,-1.827259e-002
8.433807e+003,-3.716820e-002
8.434288e+003,-5.447358e-002
8.434771e+003,-6.850938e-002
8.435252e+003,-7.741129e-002
8.435734e+003,-7.931145e-002
8.436217e+003,-7.276896e-002
8.436699e+003,-5.734831e-002
8.437181e+003,-3.410114e-002
8.437663e+003,-5.675924e-003
8.438146e+003,2.410385e-002
8.438627e+003,5.112626e-002
8.439109e+003,7.205378e-002
8.439592e+003,8.516816e-002
8.440074e+003,9.067908e-002
8.440556e+003,9.040151e-002
8.441038e+003,8.696979e-002
8.441520e+003,8.293134e-002
8.442002e+003,8.006683e-002
8.442484e+003,7.912835e-002
8.442967e+003,7.996468e-002
8.443448e+003,8.183403e-002
8.443931e+003,8.367909e-002
8.444413e+003,8.425486e-002
8.444895e+003,8.217255e-002
8.445377e+003,7.603728e-002
8.445859e+003,6.482486e-002
8.446342e+003,4.847361e-002
8.446823e+003,2.845844e-002
8.447306e+003,7.997988e-003
8.447787e+003,-8.377825e-003
8.448270e+003,-1.591707e-002
8.448752e+003,-1.108354e-002
8.449234e+003,7.189034e-003
8.449717e+003,3.695375e-002
8.450198e+003,7.368859e-002
8.450681e+003,1.115839e-001
8.451162e+003,1.451875e-001
8.451645e+003,1.707715e-001
8.452127e+003,1.869310e-001
8.452609e+003,1.942896e-001
8.453091e+003,1.945841e-001
8.453573e+003,1.896464e-001
8.454056e+003,1.807671e-001
8.454537e+003,1.686651e-001
8.455020e+003,1.539614e-001
8.455502e+003,1.376002e-001
8.455984e+003,1.211498e-001
8.456466e+003,1.064309e-001
8.456948e+003,9.479956e-002
8.457430e+003,8.643289e-002
8.457912e+003,8.004742e-002
8.458395e+003,7.329131e-002
8.458877e+003,6.371386e-002
8.459358e+003,4.991202e-002
8.459841e+003,3.233326e-002
8.460323e+003,1.334581e-002
8.460805e+003,-3.490363e-003
8.461287e+003,-1.466534e-002
8.461770e+003,-1.797081e-002
8.462252e+003,-1.327252e-002
8.462733e+003,-2.536323e-003
8.463216e+003,1.084665e-002
8.463697e+003,2.313625e-002
8.464180e+003,3.132439e-002
8.464662e+003,3.389616e-002
8.465145e+003,3.111662e-002
8.465626e+003,2.485645e-002
8.466108e+003,1.806758e-002
8.466591e+003,1.404138e-002
8.467072e+003,1.557239e-002
8.467555e+003,2.415781e-002
8.468037e+003,3.939899e-002
8.468520e+003,5.880498e-002
8.469001e+003,7.816482e-002
8.469483e+003,9.252114e-002
8.469965e+003,9.755469e-002
8.470447e+003,9.096897e-002
8.470930e+003,7.335967e-002
8.471412e+003,4.816491e-002
8.471895e+003,2.061278e-002
8.472376e+003,-4.001586e-003
8.472858e+003,-2.206105e-002
8.473340e+003,-3.269166e-002
8.473822e+003,-3.770282e-002
8.474305e+003,-4.042744e-002
8.474787e+003,-4.396524e-002
8.475269e+003,-4.960225e-002
8.475751e+003,-5.610694e-002
8.476233e+003,-6.021632e-002
8.476715e+003,-5.809314e-002
8.477197e+003,-4.710682e-002
8.477680e+003,-2.715748e-002
8.478162e+003,-9.838273e-004
8.478644e+003,2.664566e-002
8.479126e+003,5.047605e-002
8.479607e+003,6.638194e-002
8.480090e+003,7.242853e-002
8.480572e+003,6.905526e-002
8.481055e+003,5.846697e-002
8.481536e+003,4.362559e-002
8.482019e+003,2.731734e-002
8.482501e+003,1.161855e-002
8.482982e+003,-2.187057e-003
8.483465e+003,-1.342307e-002
8.483947e+003,-2.182623e-002
8.484430e+003,-2.750457e-002
8.484911e+003,-3.101655e-002
8.485394e+003,-3.339102e-002
8.485875e+003,-3.587619e-002
8.486357e+003,-3.944419e-002
8.486840e+003,-4.420308e-002
8.487322e+003,-4.897176e-002
8.487804e+003,-5.137628e-002
8.488286e+003,-4.854698e-002
8.488769e+003,-3.821654e-002
8.489250e+003,-1.978693e-002
8.489732e+003,5.111778e-003
8.490215e+003,3.286580e-002
8.490697e+003,5.888443e-002
8.491179e+003,7.899265e-002
8.491661e+003,9.066406e-002
8.492143e+003,9.362464e-002
8.492625e+003,8.964048e-002
8.493107e+003,8.164776e-002
8.493590e+003,7.263174e-002
8.494072e+003,6.471281e-002
8.494554e+003,5.874440e-002
8.495036e+003,5.446155e-002
8.495518e+003,5.097468e-002
8.496000e+003,4.729432e-002
8.496482e+003,4.263758e-002
8.496965e+003,3.644773e-002
8.497446e+003,2.824726e-002
8.497929e+003,1.753709e-002
8.498411e+003,3.905320e-003
8.498893e+003,-1.264466e-002
8.499375e+003,-3.130398e-002
8.499857e+003,-5.024892e-002
8.500340e+003,-6.680825e-002
8.500821e+003,-7.804714e-002
8.501304e+003,-8.161205e-002
8.501785e+003,-7.654394e-002
8.502268e+003,-6.374653e-002
8.502750e+003,-4.591027e-002
8.503232e+003,-2.688878e-002
8.503714e+003,-1.071709e-002
8.504196e+003,-5.742206e-004
8.504679e+003,2.008162e-003
8.505160e+003,-2.513176e-003
8.505643e+003,-1.186436e-002
8.506125e+003,-2.256041e-002
8.506607e+003,-3.077060e-002
8.507089e+003,-3.322655e-002
8.507571e+003,-2.797011e-002
8.508053e+003,-1.478925e-002
8.508535e+003,4.734386e-003
8.509018e+003,2.756471e-002
8.509500e+003,4.985462e-002
8.509981e+003,6.774885e-002
8.510464e+003,7.816328e-002
8.510946e+003,7.936807e-002
8.511428e+003,7.125513e-002
8.511910e+003,5.525769e-002
8.512393e+003,3.397390e-002
8.512875e+003,1.060762e-002
8.513356e+003,-1.163775e-002
8.513839e+003,-3.008902e-002
8.514320e+003,-4.296869e-002
8.514803e+003,-4.955408e-002
8.515285e+003,-5.012979e-002
8.515768e+003,-4.576788e-002
8.516250e+003,-3.799360e-002
8.516731e+003,-2.850937e-002
8.517214e+003,-1.867205e-002
8.517695e+003,-9.449124e-003
8.518178e+003,-1.315748e-003
8.518660e+003,5.581701e-003
8.519143e+003,1.112099e-002
8.519624e+003,1.488087e-002
8.520106e+003,1.594767e-002
8.520589e+003,1.296992e-002
8.521070e+003,4.494203e-003
8.521553e+003,-1.049510e-002
8.522035e+003,-3.200143e-002
8.522518e+003,-5.861684e-002
8.522999e+003,-8.746899e-002
8.523481e+003,-1.145859e-001
8.523963e+003,-1.356214e-001
8.524445e+003,-1.467748e-001
8.524928e+003,-1.456724e-001
8.525410e+003,-1.319842e-001
8.525892e+003,-1.076052e-001
8.526374e+003,-7.633600e-002
8.526856e+003,-4.311731e-002
8.527338e+003,-1.298968e-002
8.527820e+003,9.972058e-003
8.528303e+003,2.347447e-002
8.528785e+003,2.734276e-002
8.529267e+003,2.327382e-002
8.529749e+003,1.407606e-002
8.530230e+003,2.649495e-003
8.530713e+003,-8.928776e-003
8.531195e+003,-1.986692e-002
8.531678e+003,-3.048686e-002
8.532159e+003,-4.149499e-002
8.532642e+003,-5.302195e-002
8.533124e+003,-6.388789e-002
8.533605e+003,-7.148860e-002
8.534088e+003,-7.244454e-002
8.534570e+003,-6.381273e-002
8.535053e+003,-4.437640e-002
8.535534e+003,-1.545071e-002
8.536017e+003,1.918413e-002
8.536498e+003,5.425268e-002
8.536980e+003,8.450616e-002
8.537463e+003,1.062078e-001
8.537945e+003,1.180095e-001
8.538428e+003,1.209107e-001
8.538909e+003,1.173957e-001
8.539392e+003,1.101966e-001
8.539873e+003,1.012751e-001
8.540355e+003,9.146555e-002
8.540838e+003,8.086747e-002
8.541320e+003,6.968582e-002
8.541802e+003,5.899172e-002
8.542284e+003,5.092406e-002
8.542767e+003,4.814411e-002
8.543248e+003,5.274765e-002
8.543730e+003,6.513662e-002
8.544213e+003,8.341100e-002
8.544695e+003,1.036257e-001
8.545177e+003,1.208741e-001
8.545659e+003,1.307935e-001
8.546141e+003,1.309104e-001
8.546623e+003,1.213284e-001
8.547105e+003,1.045454e-001
8.547588e+003,8.438521e-002
8.548069e+003,6.525127e-002
8.548552e+003,5.043941e-002
8.549034e+003,4.154561e-002
8.549516e+003,3.830527e-002
8.549998e+003,3.892175e-002
8.550480e+003,4.067185e-002
8.550963e+003,4.057555e-002
8.551444e+003,3.599511e-002
8.551927e+003,2.511341e-002
8.552408e+003,7.278837e-003
8.552891e+003,-1.681147e-002
8.553373e+003,-4.514736e-002
8.553855e+003,-7.471055e-002
8.554337e+003,-1.020330e-001
8.554819e+003,-1.238942e-001
8.555302e+003,-1.379620e-001
8.555783e+003,-1.431840e-001
8.556266e+003,-1.398174e-001
8.556748e+003,-1.291361e-001
8.557230e+003,-1.129756e-001
8.557712e+003,-9.332173e-002
8.558194e+003,-7.209050e-002
8.558676e+003,-5.111286e-002
8.559158e+003,-3.220818e-002
8.559641e+003,-1.717918e-002
8.560123e+003,-7.613839e-003
8.560605e+003,-4.509636e-003
8.561087e+003,-7.866730e-003
8.561569e+003,-1.645191e-002
8.562051e+003,-2.788480e-002
8.562533e+003,-3.906665e-002
8.563016e+003,-4.682799e-002
8.563498e+003,-4.858981e-002
8.563979e+003,-4.284864e-002
8.564462e+003,-2.939253e-002
8.564944e+003,-9.274587e-003
8.565426e+003,1.535868e-002
8.565908e+003,4.150164e-002
8.566391e+003,6.557912e-002
8.566873e+003,8.385691e-002
8.567354e+003,9.303936e-002
8.567837e+003,9.102477e-002
8.568318e+003,7.764025e-002
8.568801e+003,5.506325e-002
8.569283e+003,2.764476e-002
8.569766e+003,1.011621e-003
8.570247e+003,-1.940090e-002
8.570729e+003,-2.996373e-002
8.571212e+003,-3.005311e-002
8.571693e+003,-2.235068e-002
8.572176e+003,-1.205581e-002
8.572658e+003,-5.224031e-003
8.573141e+003,-6.788431e-003
8.573622e+003,-1.895504e-002
8.574104e+003,-4.053284e-002
8.574586e+003,-6.741703e-002
8.575068e+003,-9.402393e-002
8.575551e+003,-1.151389e-001
8.576033e+003,-1.275063e-001
8.576515e+003,-1.306188e-001
8.576997e+003,-1.264834e-001
8.577479e+003,-1.185392e-001
8.577961e+003,-1.101978e-001
8.578443e+003,-1.035451e-001
8.578926e+003,-9.881989e-002
8.579408e+003,-9.458342e-002
8.579890e+003,-8.860718e-002
8.580372e+003,-7.899703e-002
8.580854e+003,-6.509292e-002
8.581336e+003,-4.778727e-002
8.581818e+003,-2.916410e-002
8.582301e+003,-1.165069e-002
8.582783e+003,2.927762e-003
8.583265e+003,1.397014e-002
8.583747e+003,2.212662e-002
8.584229e+003,2.872878e-002
8.584711e+003,3.489246e-002
8.585193e+003,4.072043e-002
8.585676e+003,4.499370e-002
8.586157e+003,4.552205e-002
8.586640e+003,4.002083e-002
8.587122e+003,2.713272e-002
8.587604e+003,7.136536e-003
8.588086e+003,-1.797937e-002
8.588568e+003,-4.511157e-002
8.589051e+003,-7.102871e-002
8.589532e+003,-9.329778e-002
8.590015e+003,-1.107379e-001
8.590496e+003,-1.232328e-001
8.590979e+003,-1.310584e-001
8.591461e+003,-1.341297e-001
8.591943e+003,-1.316082e-001
8.592425e+003,-1.221234e-001
8.592907e+003,-1.045374e-001
8.593390e+003,-7.888603e-002
8.593871e+003,-4.701263e-002
8.594354e+003,-1.253511e-002
8.594836e+003,1.991258e-002
8.595318e+003,4.588389e-002
8.595800e+003,6.228273e-002
8.596282e+003,6.802718e-002
8.596764e+003,6.399952e-002
8.597246e+003,5.240281e-002
8.597729e+003,3.589089e-002
8.598211e+003,1.688393e-002
8.598692e+003,-2.686460e-003
8.599175e+003,-2.123227e-002
8.599657e+003,-3.721621e-002
8.600139e+003,-4.901689e-002
8.600621e+003,-5.512257e-002
8.601104e+003,-5.458674e-002
8.601586e+003,-4.748166e-002
8.602067e+003,-3.504869e-002
8.602550e+003,-1.939218e-002
8.603031e+003,-2.813549e-003
8.603514e+003,1.290603e-002
8.603996e+003,2.692124e-002
8.604479e+003,3.923431e-002
8.604960e+003,5.017174e-002
8.605442e+003,5.973496e-002
8.605925e+003,6.720976e-002
8.606406e+003,7.128046e-002
8.606889e+003,7.061712e-002
8.607371e+003,6.463274e-002
8.607854e+003,5.399465e-002
8.608335e+003,4.058573e-002
8.608817e+003,2.688708e-002
8.609300e+003,1.504271e-002
8.609781e+003,6.072443e-003
8.610264e+003,-4.585677e-004
8.610746e+003,-6.108682e-003
8.611229e+003,-1.278425e-002
8.611710e+003,-2.189579e-002
8.612192e+003,-3.382038e-002
8.612674e+003,-4.785190e-002
8.613156e+003,-6.255982e-002
8.613639e+003,-7.629343e-002
8.614121e+003,-8.755849e-002
8.614603e+003,-9.513929e-002
8.615085e+003,-9.804411e-002
8.615567e+003,-9.547678e-002
8.616049e+003,-8.700723e-002
8.616531e+003,-7.293975e-002
8.617014e+003,-5.467448e-002
8.617496e+003,-3.475872e-002
8.617978e+003,-1.642107e-002
8.618460e+003,-2.638679e-003
8.618941e+003,4.920003e-003
8.619424e+003,6.587335e-003
8.619906e+003,4.633246e-003
8.620389e+003,2.383709e-003
8.620870e+003,2.855672e-003
8.621353e+003,7.501467e-003
8.621835e+003,1.563618e-002
8.622316e+003,2.481406e-002
8.622799e+003,3.197208e-002
8.623281e+003,3.478546e-002
8.623764e+003,3.258014e-002
8.624245e+003,2.637591e-002
8.624728e+003,1.808875e-002
8.625209e+003,9.362235e-003
8.625691e+003,6.950318e-004
8.626174e+003,-8.627019e-003
8.626656e+003,-1.972166e-002
8.627138e+003,-3.284022e-002
8.627620e+003,-4.633924e-002
8.628103e+003,-5.652710e-002
8.628584e+003,-5.861569e-002
8.629066e+003,-4.846840e-002
8.629549e+003,-2.442133e-002
8.630031e+003,1.162288e-002
8.630513e+003,5.433618e-002
8.630995e+003,9.632641e-002
8.631478e+003,1.301991e-001
8.631959e+003,1.505400e-001
8.632441e+003,1.551273e-001
8.632924e+003,1.450530e-001
8.633406e+003,1.238955e-001
8.633888e+003,9.641834e-002
8.634370e+003,6.734081e-002
8.634852e+003,4.053156e-002
8.635334e+003,1.867988e-002
8.635816e+003,3.259106e-003
8.636299e+003,-5.451327e-003
8.636780e+003,-8.392301e-003
8.637263e+003,-7.712337e-003
8.637745e+003,-6.514786e-003
8.638227e+003,-8.222226e-003
8.638709e+003,-1.562248e-002
8.639191e+003,-2.989607e-002
8.639674e+003,-5.003982e-002
8.640155e+003,-7.297599e-002
8.640638e+003,-9.456228e-002
8.641119e+003,-1.107932e-001
8.641602e+003,-1.191018e-001
8.642084e+003,-1.190269e-001
8.642566e+003,-1.120202e-001
8.643048e+003,-1.005163e-001
8.643530e+003,-8.671577e-002
8.644013e+003,-7.164662e-002
8.644494e+003,-5.492393e-002
8.644977e+003,-3.528747e-002
8.645459e+003,-1.163769e-002
8.645941e+003,1.593262e-002
8.646423e+003,4.559360e-002
8.646905e+003,7.396847e-002
8.647387e+003,9.697861e-002
8.647869e+003,1.109990e-001
8.648352e+003,1.138905e-001
8.648834e+003,1.055717e-001
8.649315e+003,8.800127e-002
8.649798e+003,6.466131e-002
8.650280e+003,3.976069e-002
8.650762e+003,1.740058e-002
8.651244e+003,8.742990e-004
8.651727e+003,-7.812409e-003
8.652209e+003,-8.176708e-003
8.652690e+003,-1.238512e-003
8.653173e+003,1.076762e-002
8.653654e+003,2.494011e-002
8.654137e+003,3.844284e-002
8.654619e+003,4.925565e-002
8.655102e+003,5.671524e-002
8.655584e+003,6.163755e-002
8.656065e+003,6.593763e-002
8.656548e+003,7.185017e-002
8.657029e+003,8.102737e-002
8.657512e+003,9.385876e-002
8.657994e+003,1.092776e-001
8.658477e+003,1.251193e-001
8.658958e+003,1.388678e-001
8.659440e+003,1.484705e-001
8.659923e+003,1.528926e-001
8.660404e+003,1.522184e-001
8.660887e+003,1.473226e-001
8.661369e+003,1.393270e-001
8.661852e+003,1.291385e-001
8.662333e+003,1.172896e-001
8.662815e+003,1.041288e-001
8.663297e+003,9.021226e-002
8.663779e+003,7.663332e-002
8.664262e+003,6.505155e-002
8.664744e+003,5.732382e-002
8.665226e+003,5.484078e-002
8.665708e+003,5.782970e-002
8.666190e+003,6.493321e-002
8.666672e+003,7.328681e-002
8.667154e+003,7.914035e-002
8.667637e+003,7.886755e-002
8.668119e+003,7.005873e-002
8.668601e+003,5.234786e-002
8.669083e+003,2.769782e-002
8.669564e+003,3.655541e-005
8.670047e+003,-2.565762e-002
8.670529e+003,-4.455237e-002
8.671012e+003,-5.306473e-002
8.671493e+003,-4.971515e-002
8.671976e+003,-3.517433e-002
8.672458e+003,-1.194876e-002
8.672939e+003,1.637678e-002
8.673422e+003,4.600848e-002
8.673904e+003,7.364318e-002
8.674387e+003,9.681919e-002
8.674868e+003,1.139075e-001
8.675351e+003,1.238941e-001
8.675832e+003,1.261774e-001
8.676314e+003,1.205662e-001
8.676797e+003,1.075072e-001
8.677279e+003,8.840129e-002
8.677762e+003,6.575741e-002
8.678243e+003,4.295887e-002
8.678726e+003,2.358731e-002
8.679207e+003,1.048013e-002
8.679689e+003,4.882576e-003
8.680172e+003,6.084895e-003
8.680654e+003,1.176965e-002
8.681136e+003,1.899197e-002
8.681618e+003,2.540782e-002
8.682101e+003,3.020907e-002
8.682582e+003,3.431413e-002
8.683064e+003,3.968291e-002
8.683547e+003,4.803413e-002
8.684029e+003,5.955260e-002
8.684511e+003,7.222671e-002
8.684993e+003,8.221474e-002
8.685475e+003,8.519376e-002
8.685957e+003,7.819085e-002
8.686439e+003,6.113395e-002
8.686922e+003,3.742223e-002
8.687403e+003,1.318950e-002
8.687886e+003,-4.537109e-003
8.688368e+003,-1.012430e-002
8.688850e+003,-1.222108e-003
8.689332e+003,2.042993e-002
8.689814e+003,4.954580e-002
8.690297e+003,7.895058e-002
8.690778e+003,1.017353e-001
8.691261e+003,1.131660e-001
8.691742e+003,1.117544e-001
8.692225e+003,9.924047e-002
8.692707e+003,7.962555e-002
8.693189e+003,5.767868e-002
8.693671e+003,3.744407e-002
8.694153e+003,2.120013e-002
8.694636e+003,9.121611e-003
8.695117e+003,-3.377964e-004
8.695600e+003,-9.528248e-003
8.696082e+003,-2.046731e-002
8.696564e+003,-3.384315e-002
8.697046e+003,-4.847496e-002
8.697528e+003,-6.143025e-002
8.698010e+003,-6.881645e-002
8.698492e+003,-6.704863e-002
8.698975e+003,-5.420315e-002
8.699457e+003,-3.097509e-002
8.699939e+003,-8.341431e-004
8.700421e+003,3.078022e-002
8.700903e+003,5.803358e-002
8.701385e+003,7.653621e-002
8.701867e+003,8.478916e-002
8.702350e+003,8.469228e-002
8.702832e+003,8.083626e-002
8.703313e+003,7.880887e-002
8.703796e+003,8.309434e-002
8.704278e+003,9.533639e-002
8.704760e+003,1.136195e-001
8.705242e+003,1.330470e-001
8.705725e+003,1.474173e-001
8.706207e+003,1.513994e-001
8.706688e+003,1.424481e-001
8.707171e+003,1.218050e-001
8.707652e+003,9.426655e-002
8.708135e+003,6.682173e-002
8.708617e+003,4.662263e-002
8.709100e+003,3.893708e-002
8.709581e+003,4.569245e-002
8.710063e+003,6.499960e-002
8.710546e+003,9.173579e-002
8.711027e+003,1.189682e-001
8.711510e+003,1.397897e-001
8.711992e+003,1.490525e-001
8.712475e+003,1.445371e-001
8.712956e+003,1.272613e-001
8.713438e+003,1.008821e-001
8.713920e+003,7.041254e-002
8.714402e+003,4.067721e-002
8.714885e+003,1.500394e-002
8.715367e+003,-5.441933e-003
8.715849e+003,-2.150328e-002
8.716331e+003,-3.517095e-002
8.716813e+003,-4.838278e-002
8.717295e+003,-6.195885e-002
8.717777e+003,-7.508336e-002
8.718260e+003,-8.551482e-002
8.718742e+003,-9.041691e-002
8.719224e+003,-8.746666e-002
8.719706e+003,-7.581008e-002
8.720188e+003,-5.652231e-002
8.720670e+003,-3.243713e-002
8.721152e+003,-7.446462e-003
8.721635e+003,1.446576e-002
8.722117e+003,3.014370e-002
8.722599e+003,3.789679e-002
8.723081e+003,3.774396e-002
8.723563e+003,3.127885e-002
8.724045e+003,2.123481e-002
8.724527e+003,1.084654e-002
8.725010e+003,3.106861e-003
8.725491e+003,3.930229e-005
8.725974e+003,2.145078e-003
8.726456e+003,8.204733e-003
8.726938e+003,1.556449e-002
8.727420e+003,2.090398e-002
8.727902e+003,2.129757e-002
8.728385e+003,1.522951e-002
8.728866e+003,3.184753e-003
8.729349e+003,-1.243865e-002
8.729830e+003,-2.809513e-002
8.730313e+003,-4.025284e-002
8.730795e+003,-4.649256e-002
8.731277e+003,-4.611474e-002
8.731759e+003,-4.005341e-002
8.732241e+003,-3.021314e-002
8.732724e+003,-1.857220e-002
8.733205e+003,-6.600226e-003
8.733688e+003,4.967722e-003
8.734170e+003,1.580901e-002
8.734652e+003,2.550870e-002
8.735134e+003,3.324181e-002
8.735616e+003,3.790148e-002
8.736098e+003,3.865137e-002
8.736580e+003,3.559755e-002
8.737063e+003,3.015075e-002
8.737545e+003,2.476458e-002
8.738026e+003,2.204607e-002
8.738509e+003,2.358232e-002
8.738991e+003,2.902594e-002
8.739473e+003,3.591236e-002
8.739955e+003,4.036942e-002
8.740438e+003,3.847766e-002
8.740920e+003,2.774492e-002
8.741401e+003,8.106313e-003
8.741884e+003,-1.793078e-002
8.742365e+003,-4.601385e-002
8.742848e+003,-7.121705e-002
8.743330e+003,-8.935754e-002
8.743813e+003,-9.792566e-002
8.744295e+003,-9.643461e-002
8.744776e+003,-8.625725e-002
8.745259e+003,-7.016503e-002
8.745740e+003,-5.176812e-002
8.746223e+003,-3.493905e-002
8.746705e+003,-2.319098e-002
8.747188e+003,-1.898017e-002
8.747669e+003,-2.301299e-002
8.748151e+003,-3.378996e-002
8.748634e+003,-4.768591e-002
8.749115e+003,-5.975729e-002
8.749598e+003,-6.518940e-002
8.750080e+003,-6.096245e-002
8.750563e+003,-4.710698e-002
8.751044e+003,-2.697587e-002
8.751526e+003,-6.304840e-003
8.752008e+003,8.675398e-003
8.752490e+003,1.339746e-002
8.752973e+003,6.567974e-003
8.753455e+003,-9.383586e-003
8.753937e+003,-2.917253e-002
8.754419e+003,-4.648199e-002
8.754901e+003,-5.603109e-002
8.755383e+003,-5.513615e-002
8.755865e+003,-4.427733e-002
8.756348e+003,-2.661040e-002
8.756830e+003,-6.753418e-003
8.757312e+003,1.063021e-002
8.757794e+003,2.197721e-002
8.758275e+003,2.544023e-002
8.758758e+003,2.096315e-002
8.759240e+003,9.967423e-003
8.759723e+003,-5.166438e-003
8.760204e+003,-2.169289e-002
8.760687e+003,-3.710204e-002
8.761169e+003,-4.966397e-002
8.761650e+003,-5.880757e-002
8.762133e+003,-6.518931e-002
8.762615e+003,-7.035123e-002
8.763098e+003,-7.601140e-002
8.763579e+003,-8.317585e-002
8.764062e+003,-9.163617e-002
8.764543e+003,-9.975452e-002
8.765025e+003,-1.051186e-001
8.765508e+003,-1.055976e-001
8.765990e+003,-1.004044e-001
8.766473e+003,-9.064487e-002
8.766954e+003,-7.903799e-002
8.767437e+003,-6.887446e-002
8.767918e+003,-6.265684e-002
8.768400e+003,-6.104844e-002
8.768883e+003,-6.263909e-002
8.769365e+003,-6.466836e-002
8.769847e+003,-6.439291e-002
8.770329e+003,-6.047024e-002
8.770812e+003,-5.370787e-002
8.771293e+003,-4.681440e-002
8.771775e+003,-4.324580e-002
8.772258e+003,-4.564570e-002
8.772740e+003,-5.454700e-002
8.773222e+003,-6.786738e-002
8.773704e+003,-8.137801e-002
8.774186e+003,-8.992656e-002
8.774668e+003,-8.892979e-002
8.775150e+003,-7.561786e-002
8.775633e+003,-4.968696e-002
8.776114e+003,-1.328410e-002
8.776597e+003,2.953061e-002
8.777079e+003,7.360743e-002
8.777561e+003,1.136127e-001
8.778043e+003,1.448975e-001
8.778525e+003,1.642600e-001
8.779008e+003,1.705137e-001
8.779489e+003,1.647229e-001
8.779972e+003,1.499554e-001
8.780453e+003,1.305022e-001
8.780936e+003,1.107102e-001
8.781418e+003,9.377882e-002
8.781900e+003,8.095852e-002
8.782382e+003,7.148480e-002
8.782864e+003,6.329462e-002
8.783347e+003,5.424068e-002
8.783828e+003,4.329071e-002
8.784311e+003,3.119400e-002
8.784793e+003,2.032847e-002
8.785275e+003,1.380595e-002
8.785757e+003,1.424268e-002
8.786239e+003,2.273392e-002
8.786721e+003,3.844710e-002
8.787203e+003,5.893623e-002
8.787686e+003,8.095328e-002
8.788168e+003,1.013462e-001
8.788650e+003,1.176712e-001
8.789132e+003,1.283591e-001
8.789614e+003,1.325404e-001
8.790096e+003,1.297940e-001
8.790578e+003,1.200755e-001
8.791061e+003,1.039018e-001
8.791543e+003,8.265314e-002
8.792024e+003,5.872212e-002
8.792507e+003,3.527700e-002
8.792989e+003,1.559789e-002
8.793471e+003,2.181710e-003
8.793953e+003,-4.035092e-003
8.794436e+003,-4.312287e-003
8.794918e+003,-1.129447e-003
8.795399e+003,2.208643e-003
8.795882e+003,2.643117e-003
8.796363e+003,-1.857608e-003
8.796846e+003,-1.190542e-002
8.797328e+003,-2.672593e-002
8.797811e+003,-4.449772e-002
8.798292e+003,-6.281741e-002
8.798774e+003,-7.915253e-002
8.799257e+003,-9.122887e-002
8.799738e+003,-9.736314e-002
8.800221e+003,-9.674862e-002
8.800703e+003,-8.964867e-002
8.801186e+003,-7.740875e-002
8.801667e+003,-6.221320e-002
8.802149e+003,-4.660662e-002
8.802631e+003,-3.291751e-002
8.803113e+003,-2.279728e-002
8.803596e+003,-1.705099e-002
8.804078e+003,-1.579746e-002
8.804560e+003,-1.881981e-002
8.805042e+003,-2.585672e-002
8.805524e+003,-3.661698e-002
8.806006e+003,-5.047043e-002
8.806488e+003,-6.599327e-002
8.806971e+003,-8.069411e-002
8.807453e+003,-9.122021e-002
8.807935e+003,-9.412931e-002
8.808417e+003,-8.700258e-002
8.808898e+003,-6.944022e-002
8.809381e+003,-4.345771e-002
8.809863e+003,-1.303370e-002
8.810346e+003,1.706092e-002
8.810828e+003,4.268323e-002
8.811310e+003,6.139198e-002
8.811792e+003,7.273025e-002
8.812273e+003,7.763981e-002
8.812756e+003,7.734094e-002
8.813238e+003,7.227019e-002
8.813721e+003,6.163847e-002
8.814202e+003,4.386408e-002
8.814685e+003,1.769818e-002
8.815167e+003,-1.648723e-002
8.815648e+003,-5.587949e-002
8.816131e+003,-9.531364e-002
8.816613e+003,-1.283260e-001
8.817096e+003,-1.488231e-001
8.817577e+003,-1.527688e-001
8.818060e+003,-1.393067e-001
8.818541e+003,-1.109815e-001
8.819023e+003,-7.307028e-002
8.819506e+003,-3.231740e-002
8.819988e+003,4.525200e-003
8.820470e+003,3.199599e-002
8.820952e+003,4.684199e-002
8.821435e+003,4.846916e-002
8.821916e+003,3.891430e-002
8.822398e+003,2.236003e-002
8.822881e+003,4.238424e-003
8.823363e+003,-9.970107e-003
8.823845e+003,-1.603976e-002
8.824327e+003,-1.209947e-002
8.824809e+003,8.078560e-004
8.825291e+003,2.005892e-002
8.825773e+003,3.893642e-002
8.826256e+003,5.202312e-002
8.826737e+003,5.576124e-002
8.827220e+003,4.959121e-002
8.827702e+003,3.612538e-002
8.828184e+003,2.030050e-002
8.828666e+003,7.798875e-003
8.829148e+003,3.259424e-003
8.829631e+003,8.845274e-003
8.830112e+003,2.359499e-002
8.830595e+003,4.372491e-002
8.831076e+003,6.375886e-002
8.831559e+003,7.812792e-002
8.832041e+003,8.276866e-002
8.832523e+003,7.627014e-002
8.833005e+003,6.026320e-002
8.833487e+003,3.895635e-002
8.833970e+003,1.795071e-002
8.834451e+003,2.657754e-003
8.834934e+003,-3.245764e-003
8.835416e+003,1.114600e-003
8.835898e+003,1.354235e-002
8.836380e+003,2.940364e-002
8.836862e+003,4.299423e-002
8.837345e+003,4.923555e-002
8.837826e+003,4.517581e-002
8.838309e+003,3.082879e-002
8.838791e+003,9.095970e-003
8.839273e+003,-1.517735e-002
8.839755e+003,-3.667715e-002
8.840237e+003,-5.112927e-002
8.840719e+003,-5.635943e-002
8.841201e+003,-5.260255e-002
8.841684e+003,-4.203928e-002
8.842166e+003,-2.780339e-002
8.842647e+003,-1.286582e-002
8.843130e+003,7.970096e-004
8.843612e+003,1.249085e-002
8.844094e+003,2.252062e-002
8.844576e+003,3.153282e-002
8.845059e+003,3.981286e-002
8.845541e+003,4.685676e-002
8.846022e+003,5.140274e-002
8.846505e+003,5.190028e-002
8.846986e+003,4.720744e-002
8.847469e+003,3.721029e-002
8.847951e+003,2.309461e-002
8.848434e+003,7.149727e-003
8.848915e+003,-7.819281e-003
8.849397e+003,-1.923645e-002
8.849880e+003,-2.537291e-002
8.850361e+003,-2.563141e-002
8.850844e+003,-2.045386e-002
8.851326e+003,-1.097761e-002
8.851809e+003,1.344283e-003
8.852290e+003,1.497004e-002
8.852772e+003,2.828173e-002
8.853254e+003,3.947519e-002
8.853736e+003,4.651511e-002
8.854219e+003,4.732485e-002
8.854701e+003,4.025289e-002
8.855183e+003,2.468697e-002
8.855665e+003,1.563117e-003
8.856147e+003,-2.641232e-002
8.856629e+003,-5.495399e-002
8.857111e+003,-7.959752e-002
8.857594e+003,-9.630498e-002
8.858076e+003,-1.023014e-001
8.858558e+003,-9.657303e-002
8.859040e+003,-7.994746e-002
8.859522e+003,-5.482142e-002
8.860004e+003,-2.468515e-002
8.860486e+003,6.421613e-003
8.860969e+003,3.445534e-002
8.861451e+003,5.590823e-002
8.861933e+003,6.833703e-002
8.862415e+003,7.081627e-002
8.862896e+003,6.418057e-002
8.863379e+003,5.090252e-002
8.863861e+003,3.453378e-002
8.864344e+003,1.879763e-002
8.864825e+003,6.591785e-003
8.865308e+003,-7.531930e-004
8.865790e+003,-3.676724e-003
8.866271e+003,-3.972439e-003
8.866754e+003,-3.930899e-003
8.867236e+003,-5.407311e-003
8.867719e+003,-9.203210e-003
8.868200e+003,-1.499110e-002
8.868683e+003,-2.174863e-002
8.869164e+003,-2.843479e-002
8.869646e+003,-3.454814e-002
8.870129e+003,-4.029916e-002
8.870611e+003,-4.634874e-002
8.871093e+003,-5.329469e-002
8.871575e+003,-6.120485e-002
8.872058e+003,-6.944653e-002
8.872539e+003,-7.687922e-002
8.873021e+003,-8.227630e-002
8.873504e+003,-8.472729e-002
8.873986e+003,-8.381183e-002
8.874468e+003,-7.949486e-002
8.874950e+003,-7.187466e-002
8.875432e+003,-6.100764e-002
8.875914e+003,-4.697779e-002
8.876396e+003,-3.020561e-002
8.876879e+003,-1.180482e-002
8.877360e+003,6.286446e-003
8.877843e+003,2.159113e-002
8.878325e+003,3.177261e-002
8.878807e+003,3.545347e-002
8.879289e+003,3.279924e-002
8.879771e+003,2.556170e-002
8.880254e+003,1.651132e-002
8.880735e+003,8.477911e-003
8.881218e+003,3.411816e-003
8.881699e+003,1.872719e-003
8.882182e+003,3.146380e-003
8.882664e+003,5.882255e-003
8.883146e+003,8.897061e-003
8.883629e+003,1.172299e-002
8.884110e+003,1.463130e-002
8.884593e+003,1.814921e-002
8.885074e+003,2.236774e-002
8.885557e+003,2.646328e-002
8.886039e+003,2.876258e-002
8.886521e+003,2.740763e-002
8.887003e+003,2.126089e-002
8.887485e+003,1.139424e-002
8.887968e+003,5.386315e-004
8.888449e+003,-7.264691e-003
8.888932e+003,-7.860770e-003
8.889414e+003,1.565629e-003
8.889896e+003,2.129674e-002
8.890378e+003,4.860802e-002
8.890860e+003,7.824321e-002
8.891342e+003,1.037421e-001
8.891824e+003,1.192228e-001
8.892307e+003,1.210543e-001
8.892789e+003,1.088779e-001
8.893271e+003,8.565099e-002
8.893753e+003,5.669716e-002
8.894235e+003,2.807580e-002
8.894717e+003,4.802396e-003
8.895199e+003,-1.050562e-002
8.895682e+003,-1.813876e-002
8.896164e+003,-2.084678e-002
8.896646e+003,-2.266199e-002
8.897128e+003,-2.747444e-002
8.897609e+003,-3.789444e-002
8.898092e+003,-5.476985e-002
8.898574e+003,-7.740652e-002
8.899057e+003,-1.042211e-001
8.899538e+003,-1.333878e-001
8.900021e+003,-1.631148e-001
8.900503e+003,-1.914611e-001
8.900984e+003,-2.159286e-001
8.901467e+003,-2.332617e-001
8.901949e+003,-2.398205e-001
8.902432e+003,-2.325895e-001
8.902913e+003,-2.104831e-001
8.903396e+003,-1.753288e-001
8.903877e+003,-1.319374e-001
8.904359e+003,-8.701005e-002
8.904842e+003,-4.716342e-002
8.905324e+003,-1.681556e-002
8.905807e+003,3.178626e-003
8.906288e+003,1.552189e-002
8.906771e+003,2.506528e-002
8.907252e+003,3.659709e-002
8.907734e+003,5.279924e-002
8.908217e+003,7.325400e-002
8.908699e+003,9.487867e-002
8.909181e+003,1.134896e-001
8.909663e+003,1.256841e-001
8.910146e+003,1.301321e-001
8.910627e+003,1.277263e-001
8.911109e+003,1.206619e-001
8.911592e+003,1.110608e-001
8.912074e+003,9.995759e-002
8.912556e+003,8.720975e-002
8.913038e+003,7.234356e-002
8.913520e+003,5.579558e-002
8.914002e+003,3.975398e-002
8.914484e+003,2.799291e-002
8.914967e+003,2.462901e-002
8.915448e+003,3.232429e-002
8.915931e+003,5.079575e-002
8.916413e+003,7.638760e-002
8.916895e+003,1.029777e-001
8.917377e+003,1.238753e-001
8.917859e+003,1.339583e-001
8.918342e+003,1.310396e-001
8.918823e+003,1.162884e-001
8.919306e+003,9.336431e-002
8.919787e+003,6.696820e-002
8.920270e+003,4.144561e-002
8.920752e+003,1.994642e-002
8.921234e+003,4.259107e-003
8.921716e+003,-4.922979e-003
8.922198e+003,-7.682028e-003
8.922681e+003,-4.750891e-003
8.923162e+003,2.446423e-003
8.923645e+003,1.183801e-002
8.924127e+003,2.108751e-002
8.924609e+003,2.835070e-002
8.925091e+003,3.312482e-002
8.925573e+003,3.671553e-002
8.926055e+003,4.192142e-002
8.926537e+003,5.188479e-002
8.927020e+003,6.850512e-002
8.927502e+003,9.111899e-002
8.927984e+003,1.161187e-001
8.928466e+003,1.378065e-001
8.928948e+003,1.502237e-001
8.929430e+003,1.492369e-001
8.929912e+003,1.340252e-001
8.930395e+003,1.073740e-001
8.930877e+003,7.470890e-002
8.931358e+003,4.234351e-002
8.931841e+003,1.570278e-002
8.932323e+003,-1.806019e-003
8.932805e+003,-8.991243e-003
8.933287e+003,-6.328761e-003
8.933770e+003,4.849221e-003
8.934252e+003,2.294591e-002
8.934733e+003,4.624791e-002
8.935216e+003,7.274237e-002
8.935697e+003,9.993083e-002
8.936180e+003,1.249426e-001
8.936662e+003,1.450258e-001
8.937145e+003,1.582174e-001
8.937626e+003,1.638452e-001
8.938108e+003,1.625838e-001
8.938591e+003,1.560277e-001
8.939072e+003,1.460150e-001
8.939555e+003,1.340601e-001
8.940037e+003,1.211704e-001
8.940520e+003,1.080674e-001
8.941001e+003,9.557261e-002
8.941483e+003,8.481187e-002
8.941965e+003,7.701291e-002
8.942447e+003,7.294448e-002
8.942930e+003,7.231402e-002
8.943412e+003,7.352634e-002
8.943894e+003,7.404977e-002
8.944376e+003,7.131031e-002
8.944858e+003,6.372245e-002
8.945340e+003,5.135235e-002
8.945822e+003,3.586790e-002
8.946305e+003,1.979044e-002
8.946787e+003,5.425788e-003
8.947269e+003,-5.977655e-003
8.947751e+003,-1.442415e-002
8.948232e+003,-2.065714e-002
8.948715e+003,-2.523758e-002
8.949197e+003,-2.791196e-002
8.949680e+003,-2.744358e-002
8.950162e+003,-2.223642e-002
8.950644e+003,-1.134682e-002
8.951126e+003,4.663046e-003
8.951607e+003,2.352924e-002
8.952090e+003,4.191235e-002
8.952572e+003,5.658044e-002
8.953055e+003,6.558884e-002
8.953536e+003,6.889662e-002
8.954019e+003,6.815178e-002
8.954501e+003,6.579842e-002
8.954982e+003,6.397845e-002
8.955465e+003,6.375521e-002
8.955947e+003,6.495883e-002
8.956430e+003,6.659448e-002
8.956911e+003,6.746699e-002
8.957394e+003,6.662031e-002
8.957875e+003,6.337886e-002
8.958357e+003,5.709070e-002
8.958840e+003,4.690174e-002
8.959322e+003,3.189703e-002
8.959804e+003,1.170042e-002
8.960286e+003,-1.272103e-002
8.960769e+003,-3.854216e-002
8.961250e+003,-6.131088e-002
8.961732e+003,-7.605949e-002
8.962215e+003,-7.897637e-002
8.962697e+003,-6.897230e-002
8.963179e+003,-4.842953e-002
8.963661e+003,-2.271689e-002
8.964143e+003,1.429765e-003
8.964625e+003,1.806839e-002
8.965107e+003,2.391232e-002
8.965590e+003,1.917890e-002
8.966071e+003,7.149809e-003
8.966554e+003,-7.287507e-003
8.967036e+003,-1.945485e-002
8.967518e+003,-2.632141e-002
8.968000e+003,-2.708252e-002
8.968482e+003,-2.282162e-002
8.968965e+003,-1.558061e-002
8.969446e+003,-7.341618e-003
8.969929e+003,6.514944e-004
8.970410e+003,8.048342e-003
8.970893e+003,1.510973e-002
8.971375e+003,2.223499e-002
8.971857e+003,2.955156e-002
8.972340e+003,3.670753e-002
8.972821e+003,4.287552e-002
8.973304e+003,4.689779e-002
8.973785e+003,4.750226e-002
8.974268e+003,4.356037e-002
8.974750e+003,3.438021e-002
8.975232e+003,2.000202e-002
8.975714e+003,1.401511e-003
8.976196e+003,-1.952895e-002
8.976679e+003,-4.031383e-002
8.977160e+003,-5.851027e-002
8.977643e+003,-7.241797e-002
8.978125e+003,-8.159338e-002
8.978607e+003,-8.690746e-002
8.979089e+003,-9.006007e-002
8.979571e+003,-9.275997e-002
8.980053e+003,-9.568337e-002
8.980535e+003,-9.813218e-002
8.981018e+003,-9.814112e-002
8.981500e+003,-9.325965e-002
8.981981e+003,-8.165746e-002
8.982464e+003,-6.309477e-002
8.982946e+003,-3.934418e-002
8.983428e+003,-1.387679e-002
8.983910e+003,9.070880e-003
8.984393e+003,2.569237e-002
8.984875e+003,3.363506e-002
8.985356e+003,3.252174e-002
8.985839e+003,2.385876e-002
8.986320e+003,1.044408e-002
8.986803e+003,-4.469685e-003
8.987285e+003,-1.797783e-002
8.987768e+003,-2.808469e-002
8.988249e+003,-3.392981e-002
8.988731e+003,-3.569483e-002
8.989214e+003,-3.427727e-002
8.989695e+003,-3.085618e-002
8.990178e+003,-2.648487e-002
8.990660e+003,-2.183507e-002
8.991143e+003,-1.717558e-002
8.991624e+003,-1.259232e-002
8.992106e+003,-8.355051e-003
8.992588e+003,-5.249097e-003
8.993070e+003,-4.664651e-003
8.993553e+003,-8.311127e-003
8.994035e+003,-1.758586e-002
8.994518e+003,-3.281859e-002
8.994999e+003,-5.273411e-002
8.995481e+003,-7.444379e-002
8.995963e+003,-9.407973e-002
8.996445e+003,-1.078999e-001
8.996928e+003,-1.134636e-001
8.997410e+003,-1.104140e-001
8.997892e+003,-1.005554e-001
8.998374e+003,-8.719521e-002
8.998856e+003,-7.402090e-002
8.999338e+003,-6.395471e-002
8.999820e+003,-5.840893e-002
9.000303e+003,-5.715603e-002
9.000785e+003,-5.874119e-002
9.001267e+003,-6.114683e-002
9.001749e+003,-6.237784e-002
9.002230e+003,-6.077639e-002
9.002713e+003,-5.509537e-002
9.003195e+003,-4.451558e-002
9.003678e+003,-2.878586e-002
9.004159e+003,-8.510193e-003
9.004642e+003,1.459499e-002
9.005124e+003,3.774846e-002
9.005605e+003,5.764337e-002
9.006088e+003,7.141005e-002
9.006570e+003,7.764903e-002
9.007053e+003,7.703421e-002
9.007534e+003,7.209537e-002
9.008017e+003,6.613924e-002
9.008498e+003,6.170751e-002
9.008980e+003,5.926394e-002
9.009463e+003,5.677744e-002
9.009945e+003,5.049459e-002
9.010427e+003,3.663453e-002
9.010909e+003,1.333964e-002
9.011392e+003,-1.813064e-002
9.011873e+003,-5.341941e-002
9.012355e+003,-8.642872e-002
9.012838e+003,-1.114474e-001
9.013320e+003,-1.251390e-001
9.013802e+003,-1.275362e-001
9.014284e+003,-1.216405e-001
9.014766e+003,-1.118574e-001
9.015248e+003,-1.020029e-001
9.015730e+003,-9.376936e-002
9.016213e+003,-8.627527e-002
9.016695e+003,-7.679466e-002
9.017177e+003,-6.222392e-002
9.017659e+003,-4.055478e-002
9.018141e+003,-1.170172e-002
9.018623e+003,2.259127e-002
9.019105e+003,5.956829e-002
9.019588e+003,9.648621e-002
9.020069e+003,1.312985e-001
9.020552e+003,1.627051e-001
9.021034e+003,1.896571e-001
9.021516e+003,2.107168e-001
9.021998e+003,2.237505e-001
9.022480e+003,2.262507e-001
9.022963e+003,2.162391e-001
9.023444e+003,1.933765e-001
9.023927e+003,1.597494e-001
9.024408e+003,1.199119e-001
9.024891e+003,8.005960e-002
9.025373e+003,4.656997e-002
9.025855e+003,2.439581e-002
9.026337e+003,1.583827e-002
9.026819e+003,2.006822e-002
9.027302e+003,3.348947e-002
9.027783e+003,5.076646e-002
9.028266e+003,6.616479e-002
9.028748e+003,7.481833e-002
9.029230e+003,7.362689e-002
9.029712e+003,6.165063e-002
9.030194e+003,4.003015e-002
9.030676e+003,1.156752e-002
9.031158e+003,-1.986491e-002
9.031641e+003,-4.995359e-002
9.032123e+003,-7.453488e-002
9.032604e+003,-9.012086e-002
9.033087e+003,-9.435199e-002
9.033569e+003,-8.635808e-002
9.034051e+003,-6.697687e-002
9.034533e+003,-3.875646e-002
9.035016e+003,-5.667034e-003
9.035498e+003,2.750442e-002
9.035979e+003,5.601583e-002
9.036462e+003,7.611970e-002
9.036943e+003,8.585619e-002
9.037426e+003,8.544573e-002
9.037908e+003,7.713549e-002
9.038391e+003,6.452260e-002
9.038872e+003,5.155314e-002
9.039354e+003,4.150523e-002
9.039837e+003,3.626589e-002
9.040318e+003,3.609733e-002
9.040801e+003,3.990755e-002
9.041283e+003,4.583820e-002
9.041766e+003,5.200751e-002
9.042247e+003,5.694896e-002
9.042729e+003,5.980412e-002
9.043212e+003,6.023751e-002
9.043693e+003,5.823961e-002
9.044176e+003,5.398893e-002
9.044658e+003,4.785942e-002
9.045141e+003,4.053874e-002
9.045622e+003,3.313203e-002
9.046104e+003,2.712353e-002
9.046586e+003,2.414685e-002
9.047068e+003,2.562930e-002
9.047551e+003,3.244976e-002
9.048033e+003,4.474301e-002
9.048515e+003,6.190060e-002
9.048997e+003,8.271439e-002
9.049479e+003,1.055515e-001
9.049961e+003,1.284757e-001
9.050443e+003,1.493230e-001
9.050926e+003,1.658295e-001
9.051408e+003,1.759319e-001
9.051890e+003,1.782706e-001
9.052372e+003,1.727670e-001
9.052854e+003,1.610036e-001
9.053336e+003,1.461236e-001
9.053818e+003,1.321080e-001
9.054301e+003,1.225682e-001
9.054782e+003,1.194612e-001
9.055265e+003,1.222588e-001
9.055747e+003,1.279861e-001
9.056229e+003,1.322130e-001
9.056711e+003,1.306612e-001
9.057193e+003,1.207905e-001
9.057676e+003,1.027002e-001
9.058157e+003,7.896388e-002
9.058640e+003,5.348743e-002
9.059121e+003,2.991263e-002
9.059604e+003,1.028686e-002
9.060086e+003,-5.420981e-003
9.060568e+003,-1.878096e-002
9.061050e+003,-3.164437e-002
9.061532e+003,-4.480649e-002
9.062015e+003,-5.725515e-002
9.062496e+003,-6.638024e-002
9.062979e+003,-6.905609e-002
9.063461e+003,-6.309426e-002
9.063943e+003,-4.839544e-002
9.064425e+003,-2.727417e-002
9.064907e+003,-3.812344e-003
9.065390e+003,1.746865e-002
9.065871e+003,3.304319e-002
9.066354e+003,4.134107e-002
9.066836e+003,4.289917e-002
9.067318e+003,3.974960e-002
9.067800e+003,3.440420e-002
9.068282e+003,2.891611e-002
9.068764e+003,2.439167e-002
9.069246e+003,2.106965e-002
9.069729e+003,1.881120e-002
9.070211e+003,1.767536e-002
9.070692e+003,1.825550e-002
9.071175e+003,2.159499e-002
9.071657e+003,2.870863e-002
9.072139e+003,3.995365e-002
9.072621e+003,5.431492e-002
9.073104e+003,6.930166e-002
9.073586e+003,8.115628e-002
9.074067e+003,8.557473e-002
9.074550e+003,7.875944e-002
9.075031e+003,5.855411e-002
9.075514e+003,2.535283e-002
9.075996e+003,-1.751253e-002
9.076479e+003,-6.410751e-002
9.076960e+003,-1.069801e-001
9.077442e+003,-1.387988e-001
9.077925e+003,-1.541422e-001
9.078406e+003,-1.509228e-001
9.078889e+003,-1.309759e-001
9.079371e+003,-9.956395e-002
9.079854e+003,-6.389216e-002
9.080335e+003,-3.107907e-002
9.080817e+003,-6.239491e-003
9.081299e+003,8.688672e-003
9.081781e+003,1.501076e-002
9.082264e+003,1.627738e-002
9.082746e+003,1.664478e-002
9.083228e+003,1.922003e-002
9.083710e+003,2.497929e-002
9.084192e+003,3.259555e-002
9.084674e+003,3.915701e-002
9.085156e+003,4.143700e-002
9.085639e+003,3.721254e-002
9.086121e+003,2.616561e-002
9.086603e+003,1.010267e-002
9.087085e+003,-7.510218e-003
9.087566e+003,-2.248606e-002
9.088049e+003,-3.101809e-002
9.088531e+003,-3.064510e-002
9.089014e+003,-2.086565e-002
9.089496e+003,-3.290405e-003
9.089978e+003,1.868413e-002
9.090460e+003,4.061645e-002
9.090941e+003,5.803415e-002
9.091424e+003,6.750803e-002
9.091906e+003,6.752338e-002
9.092389e+003,5.889236e-002
9.092870e+003,4.454107e-002
9.093353e+003,2.867610e-002
9.093835e+003,1.553925e-002
9.094316e+003,8.125513e-003
9.094799e+003,7.290883e-003
9.095281e+003,1.157436e-002
9.095764e+003,1.782153e-002
9.096245e+003,2.240622e-002
9.096728e+003,2.261294e-002
9.097209e+003,1.767015e-002
9.097691e+003,9.049203e-003
9.098174e+003,-7.839434e-005
9.098656e+003,-6.013343e-003
9.099139e+003,-5.885411e-003
9.099620e+003,1.309464e-003
9.100102e+003,1.436408e-002
9.100584e+003,3.030687e-002
9.101066e+003,4.544060e-002
9.101549e+003,5.655688e-002
9.102031e+003,6.187045e-002
9.102513e+003,6.135700e-002
9.102995e+003,5.643795e-002
9.103477e+003,4.921770e-002
9.103959e+003,4.163700e-002
9.104441e+003,3.490743e-002
9.104924e+003,2.942261e-002
9.105406e+003,2.510707e-002
9.105888e+003,2.195991e-002
9.106370e+003,2.046482e-002
9.106852e+003,2.161416e-002
9.107334e+003,2.649726e-002
9.107816e+003,3.563522e-002
9.108299e+003,4.839989e-002
9.108780e+003,6.284928e-002
9.109263e+003,7.614066e-002
9.109744e+003,8.541633e-002
9.110227e+003,8.881500e-002
9.110709e+003,8.616711e-002
9.111191e+003,7.903618e-002
9.111674e+003,7.003873e-002
9.112155e+003,6.169897e-002
9.112638e+003,5.532409e-002
9.113119e+003,5.040908e-002
9.113602e+003,4.487257e-002
9.114084e+003,3.606509e-002
9.114566e+003,2.213805e-002
9.115049e+003,3.181425e-003
9.115530e+003,-1.838705e-002
9.116012e+003,-3.838885e-002
9.116494e+003,-5.221368e-002
9.116977e+003,-5.638839e-002
9.117459e+003,-4.976266e-002
9.117941e+003,-3.385004e-002
9.118423e+003,-1.221974e-002
9.118905e+003,1.078023e-002
9.119387e+003,3.143924e-002
9.119869e+003,4.770053e-002
9.120352e+003,5.944655e-002
9.120834e+003,6.804587e-002
9.121316e+003,7.544480e-002
9.121798e+003,8.322795e-002
9.122279e+003,9.202195e-002
9.122762e+003,1.014195e-001
9.123244e+003,1.103556e-001
9.123727e+003,1.176931e-001
9.124209e+003,1.227268e-001
9.124690e+003,1.254028e-001
9.125173e+003,1.262006e-001
9.125654e+003,1.257711e-001
9.126137e+003,1.245026e-001
9.126619e+003,1.221887e-001
9.127102e+003,1.179104e-001
9.127584e+003,1.101753e-001
9.128065e+003,9.728089e-002
9.128547e+003,7.781935e-002
9.129029e+003,5.120798e-002
9.129512e+003,1.810093e-002
9.129994e+003,-1.945724e-002
9.130477e+003,-5.823710e-002
9.130958e+003,-9.439987e-002
9.131440e+003,-1.243250e-001
9.131922e+003,-1.454566e-001
9.132404e+003,-1.568856e-001
9.132887e+003,-1.594464e-001
9.133369e+003,-1.552752e-001
9.133852e+003,-1.469784e-001
9.134333e+003,-1.367986e-001
9.134815e+003,-1.259150e-001
9.135297e+003,-1.144075e-001
9.135779e+003,-1.017095e-001
9.136262e+003,-8.735134e-002
9.136744e+003,-7.161417e-002
9.137227e+003,-5.575107e-002
9.137708e+003,-4.163653e-002
9.138189e+003,-3.098612e-002
9.138672e+003,-2.451096e-002
9.139154e+003,-2.142814e-002
9.139637e+003,-1.961137e-002
9.140119e+003,-1.638841e-002
9.140601e+003,-9.694220e-003
9.141083e+003,8.944788e-004
9.141564e+003,1.369762e-002
9.142047e+003,2.527425e-002
9.142529e+003,3.147352e-002
9.143012e+003,2.881337e-002
9.143494e+003,1.567889e-002
9.143976e+003,-7.088560e-003
9.144457e+003,-3.640587e-002
9.144939e+003,-6.785836e-002
9.145422e+003,-9.695926e-002
9.145904e+003,-1.203173e-001
9.146387e+003,-1.363524e-001
9.146868e+003,-1.454035e-001
9.147351e+003,-1.492991e-001
9.147832e+003,-1.506204e-001
9.148314e+003,-1.519318e-001
9.148797e+003,-1.551875e-001
9.149279e+003,-1.614098e-001
9.149762e+003,-1.706143e-001
9.150243e+003,-1.818997e-001
9.150725e+003,-1.936118e-001
9.151207e+003,-2.035439e-001
9.151689e+003,-2.091851e-001
9.152172e+003,-2.080531e-001
9.152654e+003,-1.981234e-001
9.153136e+003,-1.783053e-001
9.153618e+003,-1.488481e-001
9.154100e+003,-1.115341e-001
9.154582e+003,-6.954350e-002
9.155064e+003,-2.696824e-002
9.155547e+003,1.193440e-002
9.156029e+003,4.356347e-002
9.156511e+003,6.565277e-002
9.156993e+003,7.763022e-002
9.157475e+003,8.058344e-002
9.157957e+003,7.687691e-002
9.158439e+003,6.955799e-002
9.158922e+003,6.172185e-002
9.159404e+003,5.597548e-002
9.159886e+003,5.407236e-002
9.160367e+003,5.672266e-002
9.160850e+003,6.355001e-002
9.161332e+003,7.317446e-002
9.161814e+003,8.343287e-002
9.162297e+003,9.176357e-002
9.162778e+003,9.575272e-002
9.163261e+003,9.376194e-002
9.163742e+003,8.546661e-002
9.164225e+003,7.208852e-002
9.164707e+003,5.617585e-002
9.165189e+003,4.080761e-002
9.165672e+003,2.862023e-002
9.166153e+003,2.081805e-002
9.166635e+003,1.663801e-002
9.167117e+003,1.351330e-002
9.167600e+003,7.936864e-003
9.168082e+003,-3.261030e-003
9.168564e+003,-2.169838e-002
9.169046e+003,-4.676304e-002
9.169528e+003,-7.573503e-002
9.170010e+003,-1.046426e-001
9.170492e+003,-1.294853e-001
9.170975e+003,-1.473228e-001
9.171457e+003,-1.568217e-001
9.171939e+003,-1.581186e-001
9.172421e+003,-1.521741e-001
9.172902e+003,-1.400038e-001
9.173385e+003,-1.221929e-001
9.173867e+003,-9.891480e-002
9.174350e+003,-7.038775e-002
9.174832e+003,-3.746130e-002
9.175313e+003,-1.951601e-003
9.175796e+003,3.352300e-002
9.176277e+003,6.618855e-002
9.176760e+003,9.396400e-002
9.177242e+003,1.161065e-001
9.177725e+003,1.333239e-001
9.178207e+003,1.472682e-001
9.178688e+003,1.596100e-001
9.179171e+003,1.710967e-001
9.179652e+003,1.810080e-001
9.180135e+003,1.872580e-001
9.180617e+003,1.871177e-001
9.181100e+003,1.782793e-001
9.181582e+003,1.598573e-001
9.182063e+003,1.329622e-001
9.182545e+003,1.006625e-001
9.183027e+003,6.737355e-002
9.183510e+003,3.788993e-002
9.183992e+003,1.635232e-002
9.184475e+003,5.411098e-003
9.184956e+003,5.761034e-003
9.185438e+003,1.611904e-002
9.185920e+003,3.362443e-002
9.186402e+003,5.456485e-002
9.186885e+003,7.526498e-002
9.187367e+003,9.292834e-002
9.187850e+003,1.062147e-001
9.188331e+003,1.153878e-001
9.188813e+003,1.219806e-001
9.189295e+003,1.280734e-001
9.189777e+003,1.354145e-001
9.190260e+003,1.446797e-001
9.190742e+003,1.551294e-001
9.191224e+003,1.647853e-001
9.191706e+003,1.710559e-001
9.192188e+003,1.715741e-001
9.192670e+003,1.649536e-001
9.193152e+003,1.512214e-001
9.193635e+003,1.318357e-001
9.194117e+003,1.093423e-001
9.194599e+003,8.682231e-002
9.195080e+003,6.728303e-002
9.195563e+003,5.310319e-002
9.196045e+003,4.559549e-002
9.196527e+003,4.471102e-002
9.197010e+003,4.894850e-002
9.197491e+003,5.554885e-002
9.197974e+003,6.103872e-002
9.198455e+003,6.208797e-002
9.198938e+003,5.649480e-002
9.199420e+003,4.397574e-002
9.199902e+003,2.641576e-002
9.200385e+003,7.373937e-003
9.200866e+003,-9.079646e-003
9.201349e+003,-1.982386e-002
9.201830e+003,-2.389649e-002
9.202313e+003,-2.295827e-002
9.202795e+003,-2.078090e-002
9.203277e+003,-2.191422e-002
9.203760e+003,-3.002528e-002
9.204241e+003,-4.654637e-002
9.204723e+003,-7.014010e-002
9.205205e+003,-9.714409e-002
9.205688e+003,-1.227520e-001
9.206170e+003,-1.424193e-001
9.206652e+003,-1.529626e-001
9.207134e+003,-1.530372e-001
9.207616e+003,-1.429928e-001
9.208098e+003,-1.243638e-001
9.208580e+003,-9.932847e-002
9.209063e+003,-7.036890e-002
9.209545e+003,-4.015569e-002
9.210027e+003,-1.150682e-002
9.210509e+003,1.277634e-002
9.210990e+003,3.028836e-002
9.211473e+003,3.952931e-002
9.211955e+003,4.032531e-002
9.212438e+003,3.393870e-002
9.212920e+003,2.277955e-002
9.213401e+003,9.823928e-003
9.213884e+003,-2.021004e-003
9.214365e+003,-1.036523e-002
9.214848e+003,-1.349510e-002
9.215330e+003,-1.032962e-002
9.215813e+003,-3.802346e-004
9.216295e+003,1.611096e-002
9.216776e+003,3.785030e-002
9.217258e+003,6.219331e-002
9.217740e+003,8.517604e-002
9.218223e+003,1.021019e-001
9.218705e+003,1.086505e-001
9.219188e+003,1.021728e-001
9.219669e+003,8.265061e-002
9.220151e+003,5.286509e-002
9.220633e+003,1.762037e-002
9.221115e+003,-1.770725e-002
9.221598e+003,-4.870351e-002
9.222080e+003,-7.289413e-002
9.222563e+003,-8.978845e-002
9.223044e+003,-1.000643e-001
9.223526e+003,-1.043861e-001
9.224008e+003,-1.025235e-001
9.224490e+003,-9.327026e-002
9.224973e+003,-7.524403e-002
9.225455e+003,-4.817085e-002
9.225937e+003,-1.397937e-002
9.226419e+003,2.290455e-002
9.226900e+003,5.638907e-002
9.227383e+003,8.030478e-002
9.227865e+003,9.028057e-002
9.228348e+003,8.511458e-002
9.228830e+003,6.714731e-002
9.229312e+003,4.154671e-002
9.229794e+003,1.483893e-002
9.230275e+003,-6.741637e-003
9.230758e+003,-1.854216e-002
9.231240e+003,-1.813205e-002
9.231723e+003,-5.315544e-003
9.232205e+003,1.825156e-002
9.232687e+003,4.957853e-002
9.233168e+003,8.483896e-002
9.233650e+003,1.198449e-001
9.234133e+003,1.505556e-001
9.234615e+003,1.736326e-001
9.235098e+003,1.869371e-001
9.235579e+003,1.897854e-001
9.236062e+003,1.828105e-001
9.236543e+003,1.674386e-001
9.237025e+003,1.451867e-001
9.237508e+003,1.171102e-001
9.237990e+003,8.369131e-002
9.238473e+003,4.525086e-002
9.238954e+003,2.696547e-003
9.239436e+003,-4.178529e-002
9.239918e+003,-8.450471e-002
9.240400e+003,-1.207298e-001
9.240883e+003,-1.457397e-001
9.241365e+003,-1.560869e-001
9.241847e+003,-1.505747e-001
9.242329e+003,-1.305738e-001
9.242811e+003,-9.958539e-002
9.243293e+003,-6.226728e-002
9.243775e+003,-2.332592e-002
9.244258e+003,1.334090e-002
9.244740e+003,4.504402e-002
9.245222e+003,7.027783e-002
9.245704e+003,8.846764e-002
9.246186e+003,9.970932e-002
9.246668e+003,1.046171e-001
9.247150e+003,1.042499e-001
9.247633e+003,1.000021e-001
9.248114e+003,9.337137e-002
9.248597e+003,8.562688e-002
9.249078e+003,7.751859e-002
9.249561e+003,6.919564e-002
9.250043e+003,6.041225e-002
9.250525e+003,5.093594e-002
9.251008e+003,4.093568e-002
9.251489e+003,3.110864e-002
9.251972e+003,2.243030e-002
9.252453e+003,1.562272e-002
9.252936e+003,1.061645e-002
9.253418e+003,6.320835e-003
9.253900e+003,8.820446e-004
9.254383e+003,-7.640436e-003
9.254864e+003,-2.047778e-002
9.255346e+003,-3.761667e-002
9.255828e+003,-5.778466e-002
9.256311e+003,-7.895304e-002
9.256793e+003,-9.908633e-002
9.257275e+003,-1.167726e-001
9.257757e+003,-1.312682e-001
9.258239e+003,-1.422271e-001
9.258721e+003,-1.490773e-001
9.259203e+003,-1.505790e-001
9.259686e+003,-1.448890e-001
9.260168e+003,-1.302133e-001
9.260650e+003,-1.057959e-001
9.261132e+003,-7.276601e-002
9.261613e+003,-3.437639e-002
9.262096e+003,4.583528e-003
9.262578e+003,3.903872e-002
9.263061e+003,6.506903e-002
9.263543e+003,8.096360e-002
9.264024e+003,8.747063e-002
9.264507e+003,8.716630e-002
9.264988e+003,8.323351e-002
9.265471e+003,7.817028e-002
9.265953e+003,7.294247e-002
9.266436e+003,6.686901e-002
9.266918e+003,5.820254e-002
9.267399e+003,4.509660e-002
9.267882e+003,2.654111e-002
9.268363e+003,2.921534e-003
9.268846e+003,-2.395281e-002
9.269328e+003,-5.129471e-002
9.269811e+003,-7.605662e-002
9.270292e+003,-9.567095e-002
9.270774e+003,-1.086091e-001
9.271256e+003,-1.146458e-001
9.271738e+003,-1.148046e-001
9.272221e+003,-1.110247e-001
9.272703e+003,-1.056331e-001
9.273186e+003,-1.007333e-001
9.273667e+003,-9.765241e-002
9.274149e+003,-9.659933e-002
9.274631e+003,-9.665193e-002
9.275113e+003,-9.611010e-002
9.275596e+003,-9.312746e-002
9.276078e+003,-8.642559e-002
9.276561e+003,-7.584831e-002
9.277042e+003,-6.256083e-002
9.277523e+003,-4.882463e-002
9.278006e+003,-3.742561e-002
9.278488e+003,-3.094046e-002
9.278971e+003,-3.105408e-002
9.279453e+003,-3.809267e-002
9.279935e+003,-5.085254e-002
9.280417e+003,-6.672933e-002
9.280898e+003,-8.211307e-002
9.281381e+003,-9.300506e-002
9.281863e+003,-9.579992e-002
9.282346e+003,-8.813085e-002
9.282828e+003,-6.960057e-002
9.283310e+003,-4.215918e-002
9.283791e+003,-9.904205e-003
9.284273e+003,2.178472e-002
9.284756e+003,4.762696e-002
9.285238e+003,6.394321e-002
9.285721e+003,6.975101e-002
9.286202e+003,6.700677e-002
9.286685e+003,5.983693e-002
9.287166e+003,5.300409e-002
9.287648e+003,5.018886e-002
9.288131e+003,5.276919e-002
9.288613e+003,5.961973e-002
9.289096e+003,6.798230e-002
9.289577e+003,7.497074e-002
9.290060e+003,7.904801e-002
9.290541e+003,8.078928e-002
9.291023e+003,8.259253e-002
9.291506e+003,8.748618e-002
9.291988e+003,9.759995e-002
9.292470e+003,1.130159e-001
9.292952e+003,1.315274e-001
9.293434e+003,1.494059e-001
9.293916e+003,1.628075e-001
9.294398e+003,1.691791e-001
9.294881e+003,1.680600e-001
9.295363e+003,1.609855e-001
9.295845e+003,1.506231e-001
9.296327e+003,1.396038e-001
9.296809e+003,1.296041e-001
9.297291e+003,1.210552e-001
9.297773e+003,1.135179e-001
9.298256e+003,1.064314e-001
9.298738e+003,9.979165e-002
9.299220e+003,9.439716e-002
9.299701e+003,9.155517e-002
9.300184e+003,9.242823e-002
9.300666e+003,9.737607e-002
9.301148e+003,1.056317e-001
9.301631e+003,1.154716e-001
9.302112e+003,1.247936e-001
9.302595e+003,1.318332e-001
9.303076e+003,1.357005e-001
9.303559e+003,1.365242e-001
9.304041e+003,1.351753e-001
9.304523e+003,1.327225e-001
9.305006e+003,1.298698e-001
9.305487e+003,1.266118e-001
9.305969e+003,1.222366e-001
9.306451e+003,1.156695e-001
9.306934e+003,1.060277e-001
9.307416e+003,9.318563e-002
9.307898e+003,7.814436e-002
9.308380e+003,6.305268e-002
9.308862e+003,5.082487e-002
9.309344e+003,4.442308e-002
9.309826e+003,4.599079e-002
9.310309e+003,5.610380e-002
9.310791e+003,7.341122e-002
9.311273e+003,9.484906e-002
9.311755e+003,1.164249e-001
9.312237e+003,1.343536e-001
9.312719e+003,1.461574e-001
9.313201e+003,1.513208e-001
9.313684e+003,1.512337e-001
9.314166e+003,1.484300e-001
9.314647e+003,1.454100e-001
9.315130e+003,1.435183e-001
9.315611e+003,1.423370e-001
9.316094e+003,1.398528e-001
9.316576e+003,1.333315e-001
9.317059e+003,1.205333e-001
9.317541e+003,1.007611e-001
9.318022e+003,7.532152e-002
9.318505e+003,4.723388e-002
9.318986e+003,2.036213e-002
9.319469e+003,-1.802931e-003
9.319951e+003,-1.698369e-002
9.320434e+003,-2.461068e-002
9.320916e+003,-2.573229e-002
9.321397e+003,-2.251841e-002
9.321879e+003,-1.760917e-002
9.322361e+003,-1.352975e-002
9.322844e+003,-1.227570e-002
9.323326e+003,-1.505761e-002
9.323809e+003,-2.214982e-002
9.324290e+003,-3.282507e-002
9.324772e+003,-4.542390e-002
9.325254e+003,-5.763826e-002
9.325736e+003,-6.703201e-002
9.326219e+003,-7.170195e-002
9.326701e+003,-7.086211e-002
9.327184e+003,-6.510077e-002
9.327665e+003,-5.615167e-002
9.328146e+003,-4.622064e-002
9.328629e+003,-3.712507e-002
9.329111e+003,-2.962094e-002
9.329594e+003,-2.323762e-002
9.330076e+003,-1.671510e-002
9.330558e+003,-8.850808e-003
9.331040e+003,6.504474e-004
9.331521e+003,1.075408e-002
9.332004e+003,1.934504e-002
9.332486e+003,2.408003e-002
9.332969e+003,2.347791e-002
9.333451e+003,1.774846e-002
9.333933e+003,8.953823e-003
9.334414e+003,3.811663e-004
9.334896e+003,-4.649545e-003
9.335379e+003,-4.067366e-003
9.335861e+003,2.102542e-003
9.336344e+003,1.167753e-002
9.336825e+003,2.107726e-002
9.337308e+003,2.661290e-002
9.337789e+003,2.581468e-002
9.338271e+003,1.830647e-002
9.338754e+003,5.927627e-003
9.339236e+003,-7.906268e-003
9.339719e+003,-1.933757e-002
9.340200e+003,-2.527597e-002
9.340683e+003,-2.426891e-002
9.341164e+003,-1.676789e-002
9.341646e+003,-4.748856e-003
9.342129e+003,9.133655e-003
9.342611e+003,2.253195e-002
9.343094e+003,3.416928e-002
9.343575e+003,4.411668e-002
9.344057e+003,5.350043e-002
9.344539e+003,6.377897e-002
9.345021e+003,7.589805e-002
9.345504e+003,8.968877e-002
9.345986e+003,1.037836e-001
9.346468e+003,1.161170e-001
9.346950e+003,1.248239e-001
9.347432e+003,1.291563e-001
9.347914e+003,1.299962e-001
9.348396e+003,1.296824e-001
9.348879e+003,1.311504e-001
9.349361e+003,1.366903e-001
9.349843e+003,1.468223e-001
9.350324e+003,1.598057e-001
9.350807e+003,1.719734e-001
9.351289e+003,1.788778e-001
9.351771e+003,1.768101e-001
9.352254e+003,1.641376e-001
9.352735e+003,1.419783e-001
9.353218e+003,1.139914e-001
9.353699e+003,8.540021e-002
9.354182e+003,6.162599e-002
9.354664e+003,4.699599e-002
9.355146e+003,4.388717e-002
9.355629e+003,5.244014e-002
9.356110e+003,7.075666e-002
9.356592e+003,9.537841e-002
9.357074e+003,1.218696e-001
9.357557e+003,1.454346e-001
9.358039e+003,1.615943e-001
9.358521e+003,1.669472e-001
9.359003e+003,1.599340e-001
9.359485e+003,1.413985e-001
9.359967e+003,1.146705e-001
9.360449e+003,8.499373e-002
9.360932e+003,5.833995e-002
9.361414e+003,3.992107e-002
9.361896e+003,3.287156e-002
9.362378e+003,3.755285e-002
9.362860e+003,5.170278e-002
9.363342e+003,7.132576e-002
9.363824e+003,9.193310e-002
9.364307e+003,1.096377e-001
9.364789e+003,1.217314e-001
9.365271e+003,1.266636e-001
9.365753e+003,1.236474e-001
9.366234e+003,1.122824e-001
9.366717e+003,9.251930e-002
9.367199e+003,6.503604e-002
9.367682e+003,3.179239e-002
9.368164e+003,-3.649584e-003
9.368646e+003,-3.640195e-002
9.369128e+003,-6.122068e-002
9.369609e+003,-7.391005e-002
9.370092e+003,-7.263865e-002
9.370574e+003,-5.861128e-002
9.371057e+003,-3.577505e-002
9.371539e+003,-9.631897e-003
9.372021e+003,1.439148e-002
9.372502e+003,3.239244e-002
9.372984e+003,4.273879e-002
9.373467e+003,4.592159e-002
9.373949e+003,4.371006e-002
9.374432e+003,3.807537e-002
9.374913e+003,3.038478e-002
9.375396e+003,2.117579e-002
9.375877e+003,1.050748e-002
9.376359e+003,-1.391759e-003
9.376842e+003,-1.357548e-002
9.377324e+003,-2.423746e-002
9.377807e+003,-3.105804e-002
9.378288e+003,-3.187637e-002
9.378770e+003,-2.538522e-002
9.379252e+003,-1.156267e-002
9.379734e+003,8.300549e-003
9.380217e+003,3.193439e-002
9.380699e+003,5.660579e-002
9.381181e+003,7.962596e-002
9.381663e+003,9.870717e-002
9.382145e+003,1.121702e-001
9.382627e+003,1.190634e-001
9.383109e+003,1.192646e-001
9.383592e+003,1.135677e-001
9.384074e+003,1.036765e-001
9.384556e+003,9.199163e-002
9.385038e+003,8.113477e-002
9.385520e+003,7.327609e-002
9.386002e+003,6.946859e-002
9.386484e+003,6.925528e-002
9.386967e+003,7.075818e-002
9.387449e+003,7.128894e-002
9.387931e+003,6.830886e-002
9.388412e+003,6.040174e-002
9.388895e+003,4.788657e-002
9.389377e+003,3.281296e-002
9.389859e+003,1.831399e-002
9.390342e+003,7.548308e-003
9.390823e+003,2.634499e-003
9.391306e+003,3.990670e-003
9.391787e+003,1.032911e-002
9.392270e+003,1.929033e-002
9.392752e+003,2.844046e-002
9.393234e+003,3.621143e-002
9.393717e+003,4.239257e-002
9.394198e+003,4.797823e-002
9.394680e+003,5.445702e-002
9.395162e+003,6.287353e-002
9.395645e+003,7.309797e-002
9.396127e+003,8.365241e-002
9.396609e+003,9.220491e-002
9.397091e+003,9.654698e-002
9.397573e+003,9.564759e-002
9.398055e+003,9.031959e-002
9.398537e+003,8.317620e-002
9.399020e+003,7.783861e-002
9.399502e+003,7.766119e-002
9.399984e+003,8.444095e-002
9.400466e+003,9.759456e-002
9.400947e+003,1.141167e-001
9.401430e+003,1.293495e-001
9.401912e+003,1.383079e-001
9.402395e+003,1.371189e-001
9.402877e+003,1.241210e-001
9.403358e+003,1.003140e-001
9.403841e+003,6.908150e-002
9.404322e+003,3.533195e-002
9.404805e+003,4.335750e-003
9.405287e+003,-1.943110e-002
9.405770e+003,-3.318259e-002
9.406252e+003,-3.629293e-002
9.406733e+003,-3.027317e-002
9.407216e+003,-1.827950e-002
9.407697e+003,-4.264785e-003
9.408180e+003,8.032355e-003
9.408662e+003,1.600721e-002
9.409145e+003,1.875663e-002
9.409627e+003,1.710781e-002
9.410108e+003,1.307930e-002
9.410590e+003,8.947119e-003
9.411072e+003,6.256910e-003
9.411555e+003,5.177319e-003
9.412037e+003,4.482995e-003
9.412520e+003,2.188873e-003
9.413001e+003,-3.409864e-003
9.413483e+003,-1.275827e-002
9.413965e+003,-2.458069e-002
9.414447e+003,-3.618399e-002
9.414930e+003,-4.443028e-002
9.415412e+003,-4.697224e-002
9.415895e+003,-4.320825e-002
9.416376e+003,-3.452357e-002
9.416857e+003,-2.369467e-002
9.417340e+003,-1.370898e-002
9.417822e+003,-6.521161e-003
9.418305e+003,-2.296870e-003
9.418787e+003,5.302462e-004
9.419269e+003,4.441443e-003
9.419751e+003,1.165711e-002
9.420232e+003,2.315194e-002
9.420715e+003,3.829370e-002
9.421197e+003,5.522232e-002
9.421680e+003,7.173332e-002
9.422162e+003,8.621244e-002
9.422644e+003,9.818042e-002
9.423125e+003,1.082274e-001
9.423607e+003,1.174253e-001
9.424090e+003,1.265447e-001
9.424572e+003,1.354672e-001
9.425055e+003,1.430519e-001
9.425536e+003,1.474714e-001
9.426019e+003,1.468156e-001
9.426500e+003,1.396704e-001
9.426982e+003,1.254519e-001
9.427465e+003,1.044438e-001
9.427947e+003,7.765452e-002
9.428430e+003,4.666451e-002
9.428911e+003,1.357973e-002
9.429394e+003,-1.893844e-002
9.429875e+003,-4.771008e-002
9.430357e+003,-6.930279e-002
9.430840e+003,-8.058419e-002
9.431322e+003,-7.944906e-002
9.431805e+003,-6.546996e-002
9.432286e+003,-4.019232e-002
9.432768e+003,-6.909217e-003
9.433250e+003,3.005047e-002
9.433732e+003,6.628855e-002
9.434215e+003,9.823266e-002
9.434697e+003,1.236808e-001
9.435179e+003,1.418783e-001
9.435661e+003,1.531989e-001
9.436143e+003,1.586289e-001
9.436625e+003,1.592683e-001
9.437107e+003,1.559889e-001
9.437590e+003,1.492748e-001
9.438072e+003,1.392045e-001
9.438554e+003,1.255254e-001
9.439035e+003,1.078172e-001
9.439518e+003,8.577435e-002
9.440000e+003,5.961549e-002
9.440482e+003,3.053820e-002
9.440965e+003,1.035493e-003
9.441446e+003,-2.515546e-002
9.441929e+003,-4.362741e-002
9.442410e+003,-5.036953e-002
9.442893e+003,-4.302986e-002
9.443375e+003,-2.194468e-002
9.443857e+003,9.505880e-003
9.444340e+003,4.547950e-002
9.444821e+003,7.909372e-002
9.445303e+003,1.042610e-001
9.445785e+003,1.173268e-001
9.446268e+003,1.179569e-001
9.446750e+003,1.089945e-001
9.447232e+003,9.538113e-002
9.447714e+003,8.255792e-002
9.448196e+003,7.490991e-002
9.448678e+003,7.473857e-002
9.449160e+003,8.200461e-002
9.449643e+003,9.478109e-002
9.450125e+003,1.101254e-001
9.450607e+003,1.249990e-001
9.451089e+003,1.369353e-001
9.451571e+003,1.443270e-001
9.452053e+003,1.463722e-001
9.452535e+003,1.428360e-001
9.453018e+003,1.337989e-001
9.453500e+003,1.195207e-001
9.453981e+003,1.004603e-001
9.454464e+003,7.741612e-002
9.454945e+003,5.170052e-002
9.455428e+003,2.523924e-002
9.455910e+003,4.961024e-004
9.456393e+003,-1.983809e-002
9.456875e+003,-3.338465e-002
9.457356e+003,-3.874294e-002
9.457839e+003,-3.609174e-002
9.458320e+003,-2.748631e-002
9.458803e+003,-1.664717e-002
9.459285e+003,-8.174349e-003
9.459768e+003,-6.327484e-003
9.460250e+003,-1.371601e-002
9.460731e+003,-3.034335e-002
9.461213e+003,-5.338209e-002
9.461695e+003,-7.782755e-002
9.462178e+003,-9.786787e-002
9.462660e+003,-1.085441e-001
9.463143e+003,-1.071610e-001
9.463624e+003,-9.399462e-002
9.464106e+003,-7.209186e-002
9.464588e+003,-4.627194e-002
9.465070e+003,-2.169556e-002
9.465553e+003,-2.470218e-003
9.466035e+003,9.316646e-003
9.466518e+003,1.394192e-002
9.466999e+003,1.379021e-002
9.467480e+003,1.266104e-002
9.467963e+003,1.484547e-002
9.468445e+003,2.414280e-002
9.468928e+003,4.294368e-002
9.469410e+003,7.149729e-002
9.469892e+003,1.075103e-001
9.470374e+003,1.462492e-001
9.470855e+003,1.812730e-001
9.471338e+003,2.057743e-001
9.471820e+003,2.142831e-001
9.472303e+003,2.042721e-001
9.472785e+003,1.771151e-001
9.473267e+003,1.380528e-001
9.473749e+003,9.472241e-002
9.474230e+003,5.532859e-002
9.474713e+003,2.639286e-002
9.475195e+003,1.118499e-002
9.475678e+003,9.282010e-003
9.476159e+003,1.733600e-002
9.476642e+003,3.067530e-002
9.477123e+003,4.507576e-002
9.477605e+003,5.803519e-002
9.478088e+003,6.914930e-002
9.478570e+003,7.959495e-002
9.479053e+003,9.108449e-002
9.479534e+003,1.048139e-001
9.480017e+003,1.208420e-001
9.480498e+003,1.380672e-001
9.480980e+003,1.546743e-001
9.481463e+003,1.687279e-001
9.481945e+003,1.785913e-001
9.482428e+003,1.830082e-001
9.482909e+003,1.809092e-001
9.483391e+003,1.711666e-001
9.483873e+003,1.525418e-001
9.484355e+003,1.239492e-001
9.484838e+003,8.497681e-002
9.485320e+003,3.645176e-002
9.485802e+003,-1.919601e-002
9.486284e+003,-7.794113e-002
9.486766e+003,-1.345595e-001
9.487248e+003,-1.833039e-001
9.487730e+003,-2.186927e-001
9.488213e+003,-2.362745e-001
9.488695e+003,-2.332937e-001
9.489177e+003,-2.092194e-001
9.489658e+003,-1.660835e-001
9.490141e+003,-1.085241e-001
9.490623e+003,-4.340144e-002
9.491105e+003,2.109362e-002
9.491588e+003,7.677362e-002
9.492069e+003,1.169825e-001
9.492552e+003,1.379243e-001
9.493033e+003,1.393830e-001
9.493516e+003,1.245616e-001
9.493998e+003,9.904297e-002
9.494480e+003,6.917512e-002
9.494963e+003,4.039684e-002
9.495444e+003,1.605002e-002
9.495927e+003,-2.961966e-003
9.496408e+003,-1.763111e-002
9.496891e+003,-2.970660e-002
9.497373e+003,-4.045342e-002
9.497855e+003,-4.980055e-002
9.498337e+003,-5.618668e-002
9.498819e+003,-5.712421e-002
9.499301e+003,-5.023262e-002
9.499783e+003,-3.434027e-002
9.500266e+003,-1.025856e-002
9.500748e+003,1.902747e-002
9.501230e+003,4.880946e-002
9.501712e+003,7.361776e-002
9.502194e+003,8.843963e-002
9.502676e+003,8.988835e-002
9.503158e+003,7.703897e-002
9.503641e+003,5.172679e-002
9.504123e+003,1.819703e-002
9.504605e+003,-1.764397e-002
9.505087e+003,-4.955306e-002
9.505568e+003,-7.220796e-002
9.506051e+003,-8.220857e-002
9.506533e+003,-7.855603e-002
9.507016e+003,-6.252633e-002
9.507498e+003,-3.705154e-002
9.507979e+003,-5.878266e-003
9.508462e+003,2.718240e-002
9.508943e+003,5.869114e-002
9.509426e+003,8.567339e-002
9.509908e+003,1.055372e-001
9.510391e+003,1.160787e-001
9.510873e+003,1.157709e-001
9.511354e+003,1.043273e-001
9.511836e+003,8.329546e-002
9.512318e+003,5.629620e-002
9.512801e+003,2.858839e-002
9.513283e+003,5.896553e-003
9.513766e+003,-7.214847e-003
9.514247e+003,-8.860128e-003
9.514729e+003,-6.318639e-004
9.515211e+003,1.271063e-002
9.515693e+003,2.463542e-002
9.516176e+003,2.884853e-002
9.516658e+003,2.119391e-002
9.517141e+003,7.613601e-004
9.517622e+003,-3.014806e-002
9.518104e+003,-6.707052e-002
9.518586e+003,-1.049153e-001
9.519068e+003,-1.393178e-001
9.519551e+003,-1.673182e-001
9.520033e+003,-1.872646e-001
9.520515e+003,-1.982423e-001
9.520997e+003,-1.995342e-001
9.521479e+003,-1.905256e-001
9.521961e+003,-1.711466e-001
9.522443e+003,-1.425733e-001
9.522926e+003,-1.076910e-001
9.523408e+003,-7.089427e-002
9.523890e+003,-3.712255e-002
9.524372e+003,-1.044478e-002
9.524854e+003,7.213058e-003
9.525336e+003,1.661285e-002
9.525818e+003,2.074064e-002
9.526301e+003,2.350897e-002
9.526783e+003,2.818381e-002
9.527265e+003,3.621741e-002
9.527746e+003,4.696788e-002
9.528229e+003,5.835950e-002
9.528711e+003,6.809650e-002
9.529193e+003,7.480472e-002
9.529676e+003,7.855532e-002
9.530157e+003,8.056848e-002
9.530640e+003,8.232075e-002
9.531121e+003,8.456749e-002
9.531604e+003,8.680242e-002
9.532086e+003,8.741529e-002
9.532568e+003,8.442999e-002
9.533051e+003,7.640657e-002
9.533532e+003,6.303646e-002
9.534014e+003,4.515898e-002
9.534496e+003,2.426787e-002
9.534979e+003,1.827745e-003
9.535461e+003,-2.112859e-002
9.535943e+003,-4.384985e-002
9.536425e+003,-6.542732e-002
9.536907e+003,-8.428860e-002
9.537389e+003,-9.807942e-002
9.537871e+003,-1.041583e-001
9.538354e+003,-1.005756e-001
9.538836e+003,-8.709009e-002
9.539318e+003,-6.567571e-002
9.539800e+003,-4.017376e-002
9.540282e+003,-1.514903e-002
9.540764e+003,5.581964e-003
9.541246e+003,2.009179e-002
9.541729e+003,2.862698e-002
9.542211e+003,3.291387e-002
9.542692e+003,3.484099e-002
9.543175e+003,3.518737e-002
9.543656e+003,3.305624e-002
9.544139e+003,2.633037e-002
9.544621e+003,1.295532e-002
9.545104e+003,-7.572975e-003
9.545586e+003,-3.327007e-002
9.546067e+003,-5.979313e-002
9.546550e+003,-8.167017e-002
9.547031e+003,-9.415132e-002
9.547514e+003,-9.492000e-002
9.547996e+003,-8.496179e-002
9.548479e+003,-6.825617e-002
9.548961e+003,-5.044726e-002
9.549442e+003,-3.704252e-002
9.549924e+003,-3.182048e-002
9.550406e+003,-3.597197e-002
9.550889e+003,-4.815596e-002
9.551371e+003,-6.528937e-002
9.551854e+003,-8.366768e-002
9.552335e+003,-9.999385e-002
9.552817e+003,-1.120431e-001
9.553299e+003,-1.188946e-001
9.553781e+003,-1.208146e-001
9.554264e+003,-1.189208e-001
9.554746e+003,-1.147246e-001
9.555229e+003,-1.096066e-001
9.555710e+003,-1.042878e-001
9.556191e+003,-9.842689e-002
9.556674e+003,-9.053016e-002
9.557156e+003,-7.833967e-002
9.557639e+003,-5.972032e-002
9.558121e+003,-3.383141e-002
9.558603e+003,-2.154707e-003
9.559085e+003,3.111224e-002
9.559566e+003,5.963484e-002
9.560049e+003,7.648400e-002
9.560531e+003,7.622496e-002
9.561014e+003,5.684422e-002
9.561496e+003,2.077500e-002
9.561978e+003,-2.544072e-002
9.562459e+003,-7.282933e-002
9.562941e+003,-1.124763e-001
9.563424e+003,-1.379991e-001
9.563906e+003,-1.471793e-001
9.564389e+003,-1.422500e-001
9.564870e+003,-1.288109e-001
9.565353e+003,-1.138177e-001
9.565834e+003,-1.033563e-001
9.566316e+003,-1.009534e-001
9.566799e+003,-1.068695e-001
9.567281e+003,-1.184711e-001
9.567764e+003,-1.314316e-001
9.568245e+003,-1.412834e-001
9.568728e+003,-1.448156e-001
9.569209e+003,-1.409372e-001
9.569691e+003,-1.308306e-001
9.570174e+003,-1.174376e-001
9.570656e+003,-1.044902e-001
9.571139e+003,-9.540049e-002
9.571620e+003,-9.233254e-002
9.572102e+003,-9.570279e-002
9.572584e+003,-1.042174e-001
9.573066e+003,-1.153903e-001
9.573549e+003,-1.263438e-001
9.574031e+003,-1.346118e-001
9.574513e+003,-1.386862e-001
9.574995e+003,-1.381546e-001
9.575477e+003,-1.334547e-001
9.575959e+003,-1.254232e-001
9.576441e+003,-1.148921e-001
9.576924e+003,-1.025307e-001
9.577406e+003,-8.897764e-002
9.577888e+003,-7.512927e-002
9.578369e+003,-6.234892e-002
9.578852e+003,-5.238554e-002
9.579334e+003,-4.693916e-002
9.579816e+003,-4.701505e-002
9.580299e+003,-5.235507e-002
9.580780e+003,-6.124360e-002
9.581263e+003,-7.083919e-002
9.581744e+003,-7.794870e-002
9.582227e+003,-7.995859e-002
9.582709e+003,-7.556239e-002
9.583191e+003,-6.501853e-002
9.583674e+003,-4.988446e-002
9.584155e+003,-3.239987e-002
9.584637e+003,-1.482390e-002
9.585119e+003,9.958784e-004
9.585602e+003,1.370392e-002
9.586084e+003,2.225614e-002
9.586566e+003,2.570437e-002
9.587048e+003,2.316889e-002
9.587530e+003,1.408748e-002
9.588012e+003,-1.359855e-003
9.588494e+003,-2.188317e-002
9.588977e+003,-4.501068e-002
9.589459e+003,-6.742591e-002
9.589941e+003,-8.563726e-002
9.590423e+003,-9.675231e-002
9.590905e+003,-9.909279e-002
9.591387e+003,-9.247630e-002
9.591869e+003,-7.815226e-002
9.592352e+003,-5.850808e-002
9.592834e+003,-3.669399e-002
9.593316e+003,-1.624245e-002
9.593798e+003,-6.531127e-004
9.594279e+003,7.134612e-003
9.594762e+003,5.396909e-003
9.595244e+003,-5.728335e-003
9.595727e+003,-2.388569e-002
9.596209e+003,-4.474006e-002
9.596690e+003,-6.309600e-002
9.597173e+003,-7.396763e-002
9.597654e+003,-7.471212e-002
9.598137e+003,-6.595119e-002
9.598619e+003,-5.158687e-002
9.599102e+003,-3.759029e-002
9.599584e+003,-2.990245e-002
9.600065e+003,-3.219730e-002
9.600547e+003,-4.438248e-002
9.601029e+003,-6.247145e-002
9.601512e+003,-7.993162e-002
9.601994e+003,-9.002748e-002
9.602477e+003,-8.827896e-002
9.602958e+003,-7.411288e-002
9.603440e+003,-5.110761e-002
9.603922e+003,-2.577299e-002
9.604404e+003,-5.350288e-003
9.604887e+003,4.556637e-003
9.605369e+003,1.708118e-003
9.605852e+003,-1.219511e-002
9.606333e+003,-3.214746e-002
9.606814e+003,-5.134276e-002
9.607297e+003,-6.299630e-002
9.607779e+003,-6.195396e-002
9.608262e+003,-4.573752e-002
9.608744e+003,-1.490053e-002
9.609226e+003,2.725737e-002
9.609708e+003,7.547361e-002
9.610189e+003,1.236216e-001
9.610672e+003,1.659174e-001
9.611154e+003,1.979997e-001
9.611637e+003,2.176409e-001
9.612119e+003,2.249036e-001
9.612601e+003,2.216883e-001
9.613083e+003,2.108112e-001
9.613564e+003,1.949235e-001
9.614047e+003,1.756628e-001
9.614529e+003,1.533519e-001
9.615012e+003,1.273507e-001
9.615494e+003,9.689298e-002
9.615976e+003,6.203208e-002
9.616457e+003,2.426990e-002
9.616939e+003,-1.341688e-002
9.617422e+003,-4.717462e-002
9.617904e+003,-7.325555e-002
9.618387e+003,-8.900643e-002
9.618868e+003,-9.351749e-002
9.619351e+003,-8.776362e-002
9.619832e+003,-7.428488e-002
9.620314e+003,-5.659994e-002
9.620797e+003,-3.856542e-002
9.621279e+003,-2.380724e-002
9.621762e+003,-1.523351e-002
9.622243e+003,-1.458544e-002
9.622725e+003,-2.202137e-002
9.623207e+003,-3.583490e-002
9.623689e+003,-5.248772e-002
9.624172e+003,-6.711651e-002
9.624654e+003,-7.452621e-002
9.625136e+003,-7.046671e-002
9.625618e+003,-5.281756e-002
9.626100e+003,-2.227816e-002
9.626582e+003,1.768817e-002
9.627064e+003,6.163824e-002
9.627547e+003,1.033574e-001
9.628029e+003,1.371711e-001
9.628511e+003,1.589466e-001
9.628992e+003,1.665370e-001
9.629475e+003,1.598936e-001
9.629957e+003,1.409815e-001
9.630439e+003,1.136282e-001
9.630922e+003,8.326706e-002
9.631403e+003,5.639172e-002
9.631886e+003,3.953676e-002
9.632367e+003,3.779769e-002
9.632850e+003,5.321456e-002
9.633332e+003,8.360341e-002
9.633814e+003,1.224443e-001
9.634297e+003,1.601555e-001
9.634778e+003,1.865703e-001
9.635261e+003,1.939032e-001
9.635742e+003,1.791875e-001
9.636225e+003,1.452628e-001
9.636707e+003,9.989461e-002
9.637189e+003,5.331584e-002
9.637672e+003,1.510209e-002
9.638153e+003,-8.461624e-003
9.638635e+003,-1.560876e-002
9.639117e+003,-8.620254e-003
9.639600e+003,7.928633e-003
9.640082e+003,2.931022e-002
9.640564e+003,5.223821e-002
9.641046e+003,7.535058e-002
9.641528e+003,9.860677e-002
9.642010e+003,1.221312e-001
9.642492e+003,1.452230e-001
9.642975e+003,1.660552e-001
9.643457e+003,1.821458e-001
9.643939e+003,1.912469e-001
9.644421e+003,1.921032e-001
9.644902e+003,1.846699e-001
9.645385e+003,1.697311e-001
9.645867e+003,1.482375e-001
9.646350e+003,1.208419e-001
9.646832e+003,8.797956e-002
9.647313e+003,5.048465e-002
9.647796e+003,1.035387e-002
9.648277e+003,-2.889726e-002
9.648760e+003,-6.268756e-002
9.649242e+003,-8.661725e-002
9.649725e+003,-9.802321e-002
9.650207e+003,-9.709413e-002
9.650688e+003,-8.690976e-002
9.651170e+003,-7.223608e-002
9.651652e+003,-5.751231e-002
9.652135e+003,-4.490974e-002
9.652617e+003,-3.338617e-002
9.653100e+003,-1.926708e-002
9.653581e+003,1.792754e-003
9.654063e+003,3.226436e-002
9.654545e+003,7.074445e-002
9.655027e+003,1.114619e-001
9.655510e+003,1.456459e-001
9.655992e+003,1.643271e-001
9.656475e+003,1.615201e-001
9.656956e+003,1.365466e-001
9.657438e+003,9.457261e-002
9.657920e+003,4.511913e-002
9.658402e+003,-1.062301e-003
9.658885e+003,-3.492782e-002
9.659367e+003,-5.202998e-002
9.659850e+003,-5.325682e-002
9.660331e+003,-4.380315e-002
9.660813e+003,-3.078849e-002
9.661295e+003,-2.049224e-002
9.661777e+003,-1.623541e-002
9.662260e+003,-1.761035e-002
9.662742e+003,-2.120351e-002
9.663224e+003,-2.239261e-002
9.663706e+003,-1.743607e-002
9.664188e+003,-5.034157e-003
9.664670e+003,1.318423e-002
9.665152e+003,3.333558e-002
9.665635e+003,5.074786e-002
9.666117e+003,6.157941e-002
9.666599e+003,6.395673e-002
9.667080e+003,5.825368e-002
9.667563e+003,4.651951e-002
9.668045e+003,3.140723e-002
9.668527e+003,1.512334e-002
9.669010e+003,-1.142898e-003
9.669491e+003,-1.711257e-002
9.669974e+003,-3.276818e-002
9.670455e+003,-4.755621e-002
9.670938e+003,-5.989830e-002
9.671420e+003,-6.731021e-002
9.671902e+003,-6.712744e-002
9.672385e+003,-5.753803e-002
9.672866e+003,-3.846560e-002
9.673348e+003,-1.189918e-002
9.673830e+003,1.849370e-002
9.674313e+003,4.832017e-002
9.674795e+003,7.359147e-002
9.675277e+003,9.158692e-002
9.675759e+003,1.011611e-001
9.676241e+003,1.024823e-001
9.676723e+003,9.644581e-002
9.677205e+003,8.412773e-002
9.677688e+003,6.656698e-002
9.678170e+003,4.494381e-002
9.678652e+003,2.097071e-002
9.679134e+003,-2.829772e-003
9.679616e+003,-2.324564e-002
9.680098e+003,-3.697430e-002
9.680580e+003,-4.152155e-002
9.681063e+003,-3.604208e-002
9.681545e+003,-2.175376e-002
9.682026e+003,-1.722072e-003
9.682509e+003,1.992260e-002
9.682990e+003,3.903726e-002
9.683473e+003,5.238971e-002
9.683955e+003,5.814250e-002
9.684438e+003,5.580636e-002
9.684920e+003,4.581866e-002
9.685401e+003,2.904594e-002
9.685884e+003,6.493315e-003
9.686365e+003,-2.065624e-002
9.686848e+003,-5.076002e-002
9.687330e+003,-8.142956e-002
9.687813e+003,-1.094995e-001
9.688295e+003,-1.313941e-001
9.688776e+003,-1.438427e-001
9.689258e+003,-1.447543e-001
9.689740e+003,-1.337682e-001
9.690223e+003,-1.126031e-001
9.690705e+003,-8.473615e-002
9.691188e+003,-5.467206e-002
9.691669e+003,-2.697311e-002
9.692151e+003,-5.299825e-003
9.692633e+003,8.321599e-003
9.693115e+003,1.386553e-002
9.693598e+003,1.325252e-002
9.694080e+003,9.894974e-003
9.694563e+003,7.924412e-003
9.695044e+003,1.123719e-002
9.695525e+003,2.254241e-002
9.696008e+003,4.262261e-002
9.696490e+003,7.000402e-002
9.696973e+003,1.011625e-001
9.697455e+003,1.312630e-001
9.697937e+003,1.552776e-001
9.698419e+003,1.692006e-001
9.698900e+003,1.710291e-001
9.699383e+003,1.612332e-001
9.699865e+003,1.425801e-001
9.700348e+003,1.193607e-001
9.700830e+003,9.623736e-002
9.701312e+003,7.703827e-002
9.701794e+003,6.384178e-002
9.702275e+003,5.661592e-002
9.702758e+003,5.351988e-002
9.703240e+003,5.177390e-002
9.703723e+003,4.881891e-002
9.704204e+003,4.337822e-002
9.704687e+003,3.604417e-002
9.705168e+003,2.915754e-002
9.705650e+003,2.598556e-002
9.706133e+003,2.946419e-002
9.706615e+003,4.095448e-002
9.707098e+003,5.949716e-002
9.707579e+003,8.189704e-002
9.708062e+003,1.036657e-001
9.708543e+003,1.205012e-001
9.709025e+003,1.297320e-001
9.709508e+003,1.311309e-001
9.709990e+003,1.267430e-001
9.710473e+003,1.197911e-001
9.710954e+003,1.131219e-001
9.711436e+003,1.078660e-001
9.711918e+003,1.028967e-001
9.712400e+003,9.532899e-002
9.712883e+003,8.184207e-002
9.713365e+003,6.024998e-002
9.713847e+003,3.063594e-002
9.714329e+003,-4.424657e-003
9.714811e+003,-4.061326e-002
9.715293e+003,-7.321777e-002
9.715775e+003,-9.847871e-002
9.716258e+003,-1.143872e-001
9.716740e+003,-1.207038e-001
9.717222e+003,-1.183574e-001
9.717703e+003,-1.086596e-001
9.718186e+003,-9.278776e-002
9.718668e+003,-7.177305e-002
9.719150e+003,-4.689496e-002
9.719633e+003,-2.013309e-002
9.720114e+003,5.709872e-003
9.720597e+003,2.738770e-002
9.721078e+003,4.199441e-002
9.721561e+003,4.776182e-002
9.722043e+003,4.449234e-002
9.722525e+003,3.342938e-002
9.723008e+003,1.668073e-002
9.723489e+003,-3.454263e-003
9.723972e+003,-2.488217e-002
9.724453e+003,-4.567506e-002
9.724936e+003,-6.374677e-002
9.725418e+003,-7.663252e-002
9.725900e+003,-8.175085e-002
9.726382e+003,-7.725336e-002
9.726864e+003,-6.316818e-002
9.727346e+003,-4.224098e-002
9.727828e+003,-1.987134e-002
9.728311e+003,-2.875051e-003
9.728793e+003,2.655118e-003
9.729275e+003,-6.375956e-003
9.729757e+003,-2.861509e-002
9.730239e+003,-5.835224e-002
9.730721e+003,-8.726724e-002
9.731203e+003,-1.072365e-001
9.731686e+003,-1.131250e-001
9.732168e+003,-1.044712e-001
9.732650e+003,-8.543175e-002
9.733132e+003,-6.306197e-002
9.733613e+003,-4.465554e-002
9.734096e+003,-3.518176e-002
9.734578e+003,-3.573954e-002
9.735061e+003,-4.348580e-002
9.735543e+003,-5.290470e-002
9.736024e+003,-5.782569e-002
9.736507e+003,-5.343106e-002
9.736988e+003,-3.763862e-002
9.737471e+003,-1.156915e-002
9.737953e+003,2.086335e-002
9.738436e+003,5.399717e-002
9.738918e+003,8.179867e-002
9.739399e+003,9.928203e-002
9.739881e+003,1.037119e-001
9.740363e+003,9.533957e-002
9.740846e+003,7.744854e-002
9.741328e+003,5.559422e-002
9.741811e+003,3.612386e-002
9.742292e+003,2.433350e-002
9.742774e+003,2.282977e-002
9.743256e+003,3.070013e-002
9.743738e+003,4.387034e-002
9.744221e+003,5.659478e-002
9.744703e+003,6.355337e-002
9.745186e+003,6.174719e-002
9.745667e+003,5.144221e-002
9.746149e+003,3.580343e-002
9.746631e+003,1.941281e-002
9.747113e+003,6.324739e-003
9.747596e+003,-1.518506e-003
9.748078e+003,-4.888299e-003
9.748560e+003,-6.724712e-003
9.749042e+003,-1.078008e-002
9.749523e+003,-2.008478e-002
9.750006e+003,-3.584476e-002
9.750488e+003,-5.708416e-002
9.750971e+003,-8.096180e-002
9.751453e+003,-1.035004e-001
9.751935e+003,-1.202766e-001
9.752417e+003,-1.270048e-001
9.752898e+003,-1.200387e-001
9.753381e+003,-9.695628e-002
9.753863e+003,-5.729925e-002
9.754346e+003,-3.294856e-003
9.754828e+003,5.982284e-002
9.755310e+003,1.242995e-001
9.755791e+003,1.813089e-001
9.756273e+003,2.230821e-001
9.756756e+003,2.450364e-001
9.757238e+003,2.470880e-001
9.757721e+003,2.335745e-001
9.758202e+003,2.117444e-001
9.758685e+003,1.893515e-001
9.759166e+003,1.722460e-001
9.759648e+003,1.628304e-001
9.760131e+003,1.598577e-001
9.760613e+003,1.594751e-001
9.761096e+003,1.569421e-001
9.761577e+003,1.482687e-001
9.762059e+003,1.311999e-001
9.762541e+003,1.053802e-001
9.763023e+003,7.193340e-002
9.763506e+003,3.288421e-002
9.763988e+003,-9.235042e-003
9.764470e+003,-5.152172e-002
9.764952e+003,-9.076878e-002
9.765434e+003,-1.237237e-001
9.765916e+003,-1.476584e-001
9.766398e+003,-1.610921e-001
9.766881e+003,-1.642966e-001
9.767363e+003,-1.592176e-001
9.767845e+003,-1.487010e-001
9.768327e+003,-1.352931e-001
9.768809e+003,-1.201752e-001
9.769291e+003,-1.028039e-001
9.769773e+003,-8.151739e-002
9.770256e+003,-5.487918e-002
9.770737e+003,-2.311432e-002
9.771220e+003,1.112644e-002
9.771701e+003,4.316916e-002
9.772184e+003,6.784009e-002
9.772666e+003,8.149743e-002
9.773148e+003,8.365205e-002
9.773631e+003,7.738384e-002
9.774112e+003,6.827901e-002
9.774595e+003,6.228050e-002
9.775076e+003,6.333829e-002
9.775559e+003,7.183887e-002
9.776041e+003,8.445428e-002
9.776523e+003,9.544799e-002
9.777006e+003,9.888136e-002
9.777487e+003,9.083508e-002
9.777969e+003,7.081657e-002
9.778451e+003,4.191519e-002
9.778934e+003,9.779917e-003
9.779416e+003,-1.909597e-002
9.779898e+003,-3.915024e-002
9.780380e+003,-4.706040e-002
9.780862e+003,-4.231833e-002
9.781344e+003,-2.707454e-002
9.781826e+003,-5.428716e-003
9.782309e+003,1.754714e-002
9.782791e+003,3.688947e-002
9.783273e+003,4.870028e-002
9.783755e+003,5.085105e-002
9.784236e+003,4.331344e-002
9.784719e+003,2.803602e-002
9.785201e+003,8.377239e-003
9.785684e+003,-1.176291e-002
9.786166e+003,-2.885320e-002
9.786647e+003,-4.039393e-002
9.787130e+003,-4.513972e-002
9.787611e+003,-4.288276e-002
9.788094e+003,-3.398881e-002
9.788576e+003,-1.898057e-002
9.789059e+003,1.589003e-003
9.789541e+003,2.690548e-002
9.790022e+003,5.545310e-002
9.790504e+003,8.465885e-002
9.790986e+003,1.109049e-001
9.791469e+003,1.300354e-001
9.791951e+003,1.382534e-001
9.792434e+003,1.331164e-001
9.792915e+003,1.142810e-001
9.793397e+003,8.374709e-002
9.793879e+003,4.554195e-002
9.794361e+003,4.983237e-003
9.794844e+003,-3.223678e-002
9.795326e+003,-6.091972e-002
9.795809e+003,-7.706108e-002
9.796290e+003,-7.836505e-002
9.796772e+003,-6.459752e-002
9.797254e+003,-3.775783e-002
9.797736e+003,-1.980872e-003
9.798219e+003,3.694673e-002
9.798701e+003,7.250191e-002
9.799184e+003,9.866877e-002
9.799665e+003,1.112399e-001
9.800146e+003,1.088093e-001
9.800629e+003,9.312235e-002
9.801111e+003,6.861759e-002
9.801594e+003,4.125240e-002
9.802076e+003,1.695622e-002
9.802558e+003,1.831301e-004
9.803040e+003,-7.006438e-003
9.803521e+003,-5.112975e-003
9.804004e+003,3.346166e-003
9.804486e+003,1.483845e-002
9.804969e+003,2.592537e-002
9.805451e+003,3.415387e-002
9.805933e+003,3.851520e-002
9.806414e+003,3.940706e-002
9.806896e+003,3.817981e-002
9.807379e+003,3.645647e-002
9.807861e+003,3.546421e-002
9.808344e+003,3.559232e-002
9.808825e+003,3.631062e-002
9.809308e+003,3.645815e-002
9.809789e+003,3.478062e-002
9.810271e+003,3.049455e-002
9.810754e+003,2.363363e-002
9.811236e+003,1.501040e-002
9.811719e+003,5.795167e-003
9.812200e+003,-3.099396e-003
9.812682e+003,-1.151569e-002
9.813164e+003,-2.016190e-002
9.813646e+003,-3.020388e-002
9.814129e+003,-4.249964e-002
9.814611e+003,-5.681926e-002
9.815093e+003,-7.146461e-002
9.815575e+003,-8.355141e-002
9.816057e+003,-8.992040e-002
9.816539e+003,-8.834082e-002
9.817021e+003,-7.849818e-002
9.817504e+003,-6.231946e-002
9.817986e+003,-4.346322e-002
9.818468e+003,-2.616981e-002
9.818950e+003,-1.394494e-002
9.819432e+003,-8.606445e-003
9.819914e+003,-1.002674e-002
9.820396e+003,-1.656023e-002
9.820879e+003,-2.584060e-002
9.821361e+003,-3.551240e-002
9.821843e+003,-4.358269e-002
9.822324e+003,-4.835185e-002
9.822807e+003,-4.815578e-002
9.823289e+003,-4.125812e-002
9.823771e+003,-2.612170e-002
9.824254e+003,-2.020696e-003
9.824735e+003,3.030060e-002
9.825218e+003,6.831821e-002
9.825699e+003,1.080308e-001
9.826182e+003,1.448444e-001
9.826664e+003,1.747081e-001
9.827146e+003,1.950345e-001
9.827629e+003,2.050442e-001
9.828110e+003,2.054749e-001
9.828592e+003,1.979102e-001
9.829074e+003,1.841446e-001
9.829557e+003,1.659065e-001
9.830039e+003,1.449844e-001
9.830521e+003,1.234971e-001
9.831003e+003,1.039245e-001
9.831485e+003,8.864211e-002
9.831967e+003,7.904067e-002
9.832449e+003,7.465169e-002
9.832932e+003,7.284164e-002
9.833414e+003,6.945724e-002
9.833896e+003,6.035804e-002
9.834378e+003,4.327805e-002
9.834859e+003,1.918488e-002
9.835342e+003,-7.572064e-003
9.835824e+003,-3.053701e-002
9.836307e+003,-4.342024e-002
9.836789e+003,-4.246358e-002
9.837271e+003,-2.792143e-002
9.837753e+003,-4.048753e-003
9.838234e+003,2.236805e-002
9.838717e+003,4.428434e-002
9.839199e+003,5.651559e-002
9.839682e+003,5.688870e-002
9.840164e+003,4.612091e-002
9.840646e+003,2.672289e-002
9.841128e+003,1.617124e-003
9.841609e+003,-2.682651e-002
9.842092e+003,-5.697663e-002
9.842574e+003,-8.746544e-002
9.843057e+003,-1.165243e-001
9.843539e+003,-1.416541e-001
9.844021e+003,-1.599062e-001
9.844502e+003,-1.686514e-001
9.844984e+003,-1.664198e-001
9.845467e+003,-1.533466e-001
9.845949e+003,-1.309958e-001
9.846432e+003,-1.017017e-001
9.846913e+003,-6.783696e-002
9.847396e+003,-3.143636e-002
9.847877e+003,5.642351e-003
9.848359e+003,4.120830e-002
9.848842e+003,7.232712e-002
9.849324e+003,9.545869e-002
9.849807e+003,1.073044e-001
9.850288e+003,1.060998e-001
9.850770e+003,9.275525e-002
9.851252e+003,7.121042e-002
9.851734e+003,4.766846e-002
9.852217e+003,2.888197e-002
9.852699e+003,2.011930e-002
9.853181e+003,2.361128e-002
9.853663e+003,3.808326e-002
9.854145e+003,5.951332e-002
9.854627e+003,8.274242e-002
9.855109e+003,1.032298e-001
9.855592e+003,1.182442e-001
9.856074e+003,1.270947e-001
9.856556e+003,1.304789e-001
9.857037e+003,1.294166e-001
9.857520e+003,1.243628e-001
9.858002e+003,1.149138e-001
9.858484e+003,1.001708e-001
9.858967e+003,7.948528e-002
9.859448e+003,5.315714e-002
9.859931e+003,2.272799e-002
9.860412e+003,-9.247337e-003
9.860895e+003,-3.979828e-002
9.861377e+003,-6.619879e-002
9.861859e+003,-8.641145e-002
9.862342e+003,-9.920718e-002
9.862823e+003,-1.040469e-001
9.863306e+003,-1.009141e-001
9.863787e+003,-9.025446e-002
9.864270e+003,-7.304696e-002
9.864752e+003,-5.089826e-002
9.865234e+003,-2.600550e-002
9.865717e+003,-9.012169e-004
9.866198e+003,2.197053e-002
9.866680e+003,4.068069e-002
9.867162e+003,5.406042e-002
9.867645e+003,6.167038e-002
9.868127e+003,6.355379e-002
9.868609e+003,5.995480e-002
9.869091e+003,5.120396e-002
9.869573e+003,3.786756e-002
9.870055e+003,2.107968e-002
9.870537e+003,2.825459e-003
9.871020e+003,-1.408523e-002
9.871502e+003,-2.649349e-002
9.871984e+003,-3.173184e-002
9.872466e+003,-2.853003e-002
9.872947e+003,-1.759518e-002
9.873430e+003,-1.563961e-003
9.873912e+003,1.572829e-002
9.874395e+003,3.043640e-002
9.874877e+003,3.987027e-002
9.875358e+003,4.325655e-002
9.875841e+003,4.174737e-002
9.876322e+003,3.772425e-002
9.876805e+003,3.369748e-002
9.877287e+003,3.126185e-002
9.877770e+003,3.052529e-002
9.878252e+003,3.021093e-002
9.878733e+003,2.833788e-002
9.879215e+003,2.314610e-002
9.879697e+003,1.384616e-002
9.880180e+003,8.762633e-004
9.880662e+003,-1.441146e-002
9.881145e+003,-3.044977e-002
9.881626e+003,-4.618272e-002
9.882108e+003,-6.145515e-002
9.882590e+003,-7.686403e-002
9.883072e+003,-9.312679e-002
9.883555e+003,-1.102619e-001
9.884037e+003,-1.269861e-001
9.884520e+003,-1.406644e-001
9.885001e+003,-1.479151e-001
9.885483e+003,-1.456833e-001
9.885965e+003,-1.323770e-001
9.886447e+003,-1.086042e-001
9.886930e+003,-7.719751e-002
9.887412e+003,-4.248498e-002
9.887894e+003,-9.070964e-003
9.888376e+003,1.941469e-002
9.888857e+003,4.112809e-002
9.889340e+003,5.609891e-002
9.889822e+003,6.561545e-002
9.890305e+003,7.122530e-002
9.890787e+003,7.382292e-002
9.891269e+003,7.323473e-002
9.891751e+003,6.846943e-002
9.892232e+003,5.849344e-002
9.892715e+003,4.315401e-002
9.893197e+003,2.381131e-002
9.893680e+003,3.370070e-003
9.894162e+003,-1.433650e-002
9.894644e+003,-2.557924e-002
9.895125e+003,-2.777784e-002
9.895607e+003,-2.016173e-002
9.896090e+003,-3.832608e-003
9.896572e+003,1.872542e-002
9.897055e+003,4.442908e-002
9.897536e+003,7.033999e-002
9.898019e+003,9.411740e-002
9.898500e+003,1.141009e-001
9.898982e+003,1.291238e-001
9.899465e+003,1.382526e-001
9.899947e+003,1.406419e-001
9.900430e+003,1.355937e-001
9.900911e+003,1.227825e-001
9.901393e+003,1.025214e-001
9.901875e+003,7.592582e-002
9.902357e+003,4.488783e-002
9.902840e+003,1.186472e-002
9.903322e+003,-2.044281e-002
9.903804e+003,-4.942391e-002
9.904286e+003,-7.283295e-002
9.904768e+003,-8.899111e-002
9.905250e+003,-9.694511e-002
9.905732e+003,-9.656981e-002
9.906215e+003,-8.867850e-002
9.906697e+003,-7.499436e-002
9.907179e+003,-5.796526e-002
9.907661e+003,-4.038468e-002
9.908143e+003,-2.487614e-002
9.908625e+003,-1.337706e-002
9.909107e+003,-6.793179e-003
9.909590e+003,-4.958168e-003
9.910071e+003,-6.931840e-003
9.910554e+003,-1.154238e-002
9.911035e+003,-1.796807e-002
9.911518e+003,-2.611264e-002
9.912000e+003,-3.658658e-002
9.912482e+003,-5.025291e-002
9.912965e+003,-6.748437e-002
9.913446e+003,-8.743459e-002
9.913929e+003,-1.076737e-001
9.914410e+003,-1.244465e-001
9.914893e+003,-1.335919e-001
9.915375e+003,-1.318844e-001
9.915857e+003,-1.183334e-001
9.916340e+003,-9.490744e-002
9.916821e+003,-6.628919e-002
9.917303e+003,-3.860416e-002
9.917785e+003,-1.746760e-002
9.918268e+003,-6.021899e-003
9.918750e+003,-3.733884e-003
9.919232e+003,-6.508280e-003
9.919714e+003,-8.195245e-003
9.920196e+003,-3.001380e-003
9.920678e+003,1.209866e-002
9.921160e+003,3.591320e-002
9.921643e+003,6.317334e-002
9.922125e+003,8.628143e-002
9.922607e+003,9.804896e-002
9.923089e+003,9.438413e-002
9.923570e+003,7.587528e-002
9.924053e+003,4.763359e-002
9.924535e+003,1.745594e-002
9.925018e+003,-6.952421e-003
9.925500e+003,-2.059473e-002
9.925981e+003,-2.264575e-002
9.926464e+003,-1.627959e-002
9.926945e+003,-7.060017e-003
9.927428e+003,-6.435990e-004
9.927910e+003,-7.469075e-004
9.928393e+003,-8.118283e-003
9.928875e+003,-2.075591e-002
9.929356e+003,-3.507138e-002
9.929839e+003,-4.735991e-002
9.930320e+003,-5.492594e-002
9.930803e+003,-5.649775e-002
9.931285e+003,-5.196728e-002
9.931768e+003,-4.181331e-002
9.932249e+003,-2.664724e-002
9.932731e+003,-7.157909e-003
9.933213e+003,1.556880e-002
9.933695e+003,3.963421e-002
9.934178e+003,6.217320e-002
9.934660e+003,7.968664e-002
9.935143e+003,8.882122e-002
9.935624e+003,8.730402e-002
9.936106e+003,7.462470e-002
9.936588e+003,5.221969e-002
9.937070e+003,2.299313e-002
9.937553e+003,-9.507571e-003
9.938035e+003,-4.196262e-002
9.938518e+003,-7.186697e-002
9.938999e+003,-9.768084e-002
9.939480e+003,-1.186015e-001
9.939963e+003,-1.341610e-001
9.940445e+003,-1.438821e-001
9.940928e+003,-1.471402e-001
9.941410e+003,-1.432406e-001
9.941892e+003,-1.316189e-001
9.942374e+003,-1.120376e-001
9.942855e+003,-8.470371e-002
9.943338e+003,-5.030839e-002
9.943820e+003,-1.004794e-002
9.944303e+003,3.431889e-002
9.944785e+003,8.037671e-002
9.945267e+003,1.249920e-001
9.945748e+003,1.643955e-001
9.946230e+003,1.944958e-001
9.946713e+003,2.114384e-001
9.947195e+003,2.123238e-001
9.947678e+003,1.959222e-001
9.948159e+003,1.631988e-001
9.948642e+003,1.174953e-001
9.949123e+003,6.428127e-002
9.949605e+003,1.047188e-002
9.950088e+003,-3.661052e-002
9.950570e+003,-7.047351e-002
9.951053e+003,-8.665545e-002
9.951534e+003,-8.360703e-002
9.952017e+003,-6.299036e-002
9.952498e+003,-2.924555e-002
9.952980e+003,1.151885e-002
9.953463e+003,5.303060e-002
9.953945e+003,9.030755e-002
9.954427e+003,1.206062e-001
9.954909e+003,1.435727e-001
9.955391e+003,1.606015e-001
9.955873e+003,1.737104e-001
9.956355e+003,1.844303e-001
9.956838e+003,1.931781e-001
9.957320e+003,1.993458e-001
9.957802e+003,2.019977e-001
9.958284e+003,2.007773e-001
9.958766e+003,1.965317e-001
9.959248e+003,1.912978e-001
9.959730e+003,1.876117e-001
9.960213e+003,1.874322e-001
9.960695e+003,1.911674e-001
9.961177e+003,1.972558e-001
9.961658e+003,2.025058e-001
9.962141e+003,2.030643e-001
9.962623e+003,1.956167e-001
9.963105e+003,1.783518e-001
9.963588e+003,1.513796e-001
9.964069e+003,1.165616e-001
9.964552e+003,7.696746e-002
9.965033e+003,3.626315e-002
9.965516e+003,-1.749480e-003
9.965998e+003,-3.341515e-002
9.966480e+003,-5.547130e-002
9.966963e+003,-6.543175e-002
9.967444e+003,-6.216884e-002
9.967926e+003,-4.652734e-002
9.968408e+003,-2.167083e-002
9.968891e+003,7.154615e-003
9.969373e+003,3.356450e-002
9.969855e+003,5.151831e-002
9.970337e+003,5.690678e-002
9.970819e+003,4.870307e-002
9.971301e+003,2.925110e-002
9.971783e+003,3.563406e-003
9.972266e+003,-2.213132e-002
9.972748e+003,-4.208080e-002
9.973230e+003,-5.236835e-002
9.973712e+003,-5.153603e-002
9.974194e+003,-4.038291e-002
9.974676e+003,-2.116155e-002
9.975158e+003,3.420450e-003
9.975641e+003,3.099288e-002
9.976123e+003,5.986745e-002
9.976604e+003,8.891569e-002
9.977087e+003,1.171461e-001
9.977568e+003,1.432297e-001
9.978051e+003,1.652027e-001
9.978533e+003,1.804833e-001
9.979016e+003,1.862317e-001
9.979498e+003,1.799810e-001
9.979979e+003,1.603991e-001
9.980462e+003,1.279861e-001
9.980943e+003,8.549407e-002
9.981426e+003,3.787388e-002
9.981908e+003,-8.356131e-003
9.982391e+003,-4.627743e-002
9.982873e+003,-7.004128e-002
9.983354e+003,-7.625633e-002
9.983836e+003,-6.486256e-002
9.984318e+003,-3.917151e-002
9.984801e+003,-5.007500e-003
9.985283e+003,3.080019e-002
9.985766e+003,6.207924e-002
9.986247e+003,8.457889e-002
9.986729e+003,9.645730e-002
9.987211e+003,9.794651e-002
9.987693e+003,9.048976e-002
9.988176e+003,7.583202e-002
9.988658e+003,5.549505e-002
9.989141e+003,3.081376e-002
9.989622e+003,3.385264e-003
9.990104e+003,-2.445219e-002
9.990586e+003,-4.951692e-002
9.991068e+003,-6.826479e-002
9.991551e+003,-7.773804e-002
9.992033e+003,-7.658321e-002
9.992515e+003,-6.564827e-002
9.992997e+003,-4.781896e-002
9.993479e+003,-2.708412e-002
9.993961e+003,-7.177234e-003
9.994443e+003,9.649425e-003
9.994926e+003,2.319907e-002
9.995408e+003,3.501613e-002
9.995890e+003,4.732982e-002
9.996371e+003,6.172951e-002
9.996854e+003,7.815453e-002
9.997336e+003,9.464643e-002
9.997818e+003,1.079776e-001
9.998301e+003,1.149295e-001
9.998782e+003,1.136509e-001
9.999265e+003,1.046101e-001
9.999746e+003,9.073507e-002
1.000023e+004,7.668670e-002
1.000071e+004,6.751970e-002
1.000119e+004,6.718001e-002
1.000168e+004,7.732084e-002
1.000216e+004,9.678963e-002
1.000264e+004,1.219151e-001
1.000312e+004,1.474797e-001
1.000360e+004,1.680779e-001
1.000409e+004,1.794716e-001
1.000457e+004,1.795768e-001
1.000505e+004,1.688235e-001
1.000553e+004,1.498112e-001
1.000601e+004,1.263690e-001
1.000650e+004,1.023103e-001
1.000698e+004,8.027025e-002
1.000746e+004,6.100318e-002
1.000794e+004,4.339255e-002
1.000842e+004,2.519434e-002
1.000891e+004,4.282529e-003
1.000939e+004,-2.004158e-002
1.000987e+004,-4.617913e-002
1.001035e+004,-7.018784e-002
1.001084e+004,-8.666442e-002
1.001132e+004,-9.031192e-002
1.001180e+004,-7.767326e-002
1.001228e+004,-4.842438e-002
1.001276e+004,-5.759750e-003
1.001325e+004,4.427981e-002
1.001373e+004,9.431417e-002
1.001421e+004,1.374559e-001
1.001469e+004,1.688686e-001
1.001517e+004,1.865896e-001
1.001566e+004,1.914575e-001
1.001614e+004,1.863156e-001
1.001662e+004,1.748862e-001
1.001710e+004,1.607483e-001
1.001759e+004,1.467081e-001
1.001807e+004,1.346137e-001
1.001855e+004,1.254625e-001
1.001903e+004,1.195677e-001
1.001951e+004,1.166167e-001
1.002000e+004,1.156142e-001
1.002048e+004,1.148436e-001
1.002096e+004,1.120274e-001
1.002144e+004,1.047752e-001
1.002192e+004,9.123991e-002
1.002241e+004,7.074992e-002
1.002289e+004,4.414554e-002
1.002337e+004,1.365525e-002
1.002385e+004,-1.765331e-002
1.002433e+004,-4.662352e-002
1.002482e+004,-7.065617e-002
1.002530e+004,-8.802243e-002
1.002578e+004,-9.780253e-002
1.002626e+004,-9.961451e-002
1.002675e+004,-9.340236e-002
1.002723e+004,-7.949110e-002
1.002771e+004,-5.891494e-002
1.002819e+004,-3.379571e-002
1.002867e+004,-7.405384e-003
1.002916e+004,1.621097e-002
1.002964e+004,3.334718e-002
1.003012e+004,4.184928e-002
1.003060e+004,4.206599e-002
1.003108e+004,3.700238e-002
1.003157e+004,3.146494e-002
1.003205e+004,3.041796e-002
1.003253e+004,3.715321e-002
1.003301e+004,5.200732e-002
1.003350e+004,7.216543e-002
1.003398e+004,9.264261e-002
1.003446e+004,1.080345e-001
1.003494e+004,1.143182e-001
1.003542e+004,1.099957e-001
1.003591e+004,9.619294e-002
1.003639e+004,7.579679e-002
1.003687e+004,5.211211e-002
1.003735e+004,2.767498e-002
1.003783e+004,3.713503e-003
1.003832e+004,-1.961055e-002
1.003880e+004,-4.243296e-002
1.003928e+004,-6.436941e-002
1.003976e+004,-8.409929e-002
1.004025e+004,-9.955788e-002
1.004073e+004,-1.086258e-001
1.004121e+004,-1.099695e-001
1.004169e+004,-1.036405e-001
1.004217e+004,-9.117816e-002
1.004266e+004,-7.519739e-002
1.004314e+004,-5.864531e-002
1.004362e+004,-4.399720e-002
1.004410e+004,-3.262205e-002
1.004458e+004,-2.444473e-002
1.004507e+004,-1.794268e-002
1.004555e+004,-1.047189e-002
1.004603e+004,1.098314e-003
1.004651e+004,1.950382e-002
1.004700e+004,4.610998e-002
1.004748e+004,8.011185e-002
1.004796e+004,1.182379e-001
1.004844e+004,1.552068e-001
1.004892e+004,1.849510e-001
1.004941e+004,2.022941e-001
1.004989e+004,2.045165e-001
1.005037e+004,1.921932e-001
1.005085e+004,1.689295e-001
1.005133e+004,1.400554e-001
1.005182e+004,1.108026e-001
1.005230e+004,8.473308e-002
1.005278e+004,6.309392e-002
1.005326e+004,4.533474e-002
1.005374e+004,3.045684e-002
1.005423e+004,1.843197e-002
1.005471e+004,1.088131e-002
1.005519e+004,1.057940e-002
1.005567e+004,1.996854e-002
1.005616e+004,3.942160e-002
1.005664e+004,6.618690e-002
1.005712e+004,9.466933e-002
1.005760e+004,1.180727e-001
1.005808e+004,1.307503e-001
1.005857e+004,1.302450e-001
1.005905e+004,1.181278e-001
1.005953e+004,9.928695e-002
1.006001e+004,8.012223e-002
1.006049e+004,6.635438e-002
1.006098e+004,6.147350e-002
1.006146e+004,6.628767e-002
1.006194e+004,7.949372e-002
1.006242e+004,9.868976e-002
1.006290e+004,1.211350e-001
1.006339e+004,1.438730e-001
1.006387e+004,1.633695e-001
1.006435e+004,1.752369e-001
1.006483e+004,1.746541e-001
1.006532e+004,1.577017e-001
1.006580e+004,1.232203e-001
1.006628e+004,7.430765e-002
1.006676e+004,1.852140e-002
1.006724e+004,-3.368895e-002
1.006773e+004,-7.198152e-002
1.006821e+004,-8.946792e-002
1.006869e+004,-8.501672e-002
1.006917e+004,-6.347831e-002
1.006965e+004,-3.366257e-002
1.007014e+004,-4.884502e-003
1.007062e+004,1.648560e-002
1.007110e+004,2.905854e-002
1.007158e+004,3.628849e-002
1.007207e+004,4.434426e-002
1.007255e+004,5.898589e-002
1.007303e+004,8.278021e-002
1.007351e+004,1.137425e-001
1.007399e+004,1.458184e-001
1.007448e+004,1.708485e-001
1.007496e+004,1.811482e-001
1.007544e+004,1.717602e-001
1.007592e+004,1.417532e-001
1.007640e+004,9.440497e-002
1.007689e+004,3.647650e-002
1.007737e+004,-2.307855e-002
1.007785e+004,-7.468220e-002
1.007833e+004,-1.098015e-001
1.007881e+004,-1.225754e-001
1.007930e+004,-1.111689e-001
1.007978e+004,-7.850432e-002
1.008026e+004,-3.199910e-002
1.008074e+004,1.786776e-002
1.008123e+004,5.995990e-002
1.008171e+004,8.523899e-002
1.008219e+004,8.901194e-002
1.008267e+004,7.190865e-002
1.008315e+004,3.926738e-002
1.008364e+004,-7.955943e-004
1.008412e+004,-3.986786e-002
1.008460e+004,-7.136083e-002
1.008508e+004,-9.160658e-002
1.008556e+004,-9.978093e-002
1.008605e+004,-9.701792e-002
1.008653e+004,-8.534229e-002
1.008701e+004,-6.696846e-002
1.008749e+004,-4.416458e-002
1.008798e+004,-1.948970e-002
1.008846e+004,4.009822e-003
1.008894e+004,2.299245e-002
1.008942e+004,3.446686e-002
1.008990e+004,3.662533e-002
1.009039e+004,2.941829e-002
1.009087e+004,1.461933e-002
1.009135e+004,-4.821396e-003
1.009183e+004,-2.573033e-002
1.009231e+004,-4.560636e-002
1.009280e+004,-6.308368e-002
1.009328e+004,-7.785252e-002
1.009376e+004,-9.021155e-002
1.009424e+004,-1.005778e-001
1.009472e+004,-1.092251e-001
1.009521e+004,-1.163121e-001
1.009569e+004,-1.220432e-001
1.009617e+004,-1.267261e-001
1.009665e+004,-1.305973e-001
1.009714e+004,-1.335021e-001
1.009762e+004,-1.346841e-001
1.009810e+004,-1.329325e-001
1.009858e+004,-1.271328e-001
1.009906e+004,-1.169764e-001
1.009955e+004,-1.034017e-001
1.010003e+004,-8.838967e-002
1.010051e+004,-7.405468e-002
1.010099e+004,-6.139367e-002
1.010147e+004,-4.934660e-002
1.010196e+004,-3.478754e-002
1.010244e+004,-1.366892e-002
1.010292e+004,1.702920e-002
1.010340e+004,5.736035e-002
1.010389e+004,1.034036e-001
1.010437e+004,1.477741e-001
1.010485e+004,1.816047e-001
1.010533e+004,1.972866e-001
1.010581e+004,1.908990e-001
1.010630e+004,1.633706e-001
1.010678e+004,1.199764e-001
1.010726e+004,6.848282e-002
1.010774e+004,1.678557e-002
1.010822e+004,-2.902058e-002
1.010871e+004,-6.552318e-002
1.010919e+004,-9.176490e-002
1.010967e+004,-1.083342e-001
1.011015e+004,-1.163988e-001
1.011063e+004,-1.171525e-001
1.011112e+004,-1.117750e-001
1.011160e+004,-1.016463e-001
1.011208e+004,-8.842930e-002
1.011256e+004,-7.377298e-002
1.011305e+004,-5.871139e-002
1.011353e+004,-4.310143e-002
1.011401e+004,-2.550992e-002
1.011449e+004,-3.758432e-003
1.011497e+004,2.401641e-002
1.011546e+004,5.823586e-002
1.011594e+004,9.721394e-002
1.011642e+004,1.372846e-001
1.011690e+004,1.736820e-001
1.011738e+004,2.017951e-001
1.011787e+004,2.182893e-001
1.011835e+004,2.217115e-001
1.011883e+004,2.125004e-001
1.011931e+004,1.926051e-001
1.011980e+004,1.650424e-001
1.012028e+004,1.336215e-001
1.012076e+004,1.028340e-001
1.012124e+004,7.763118e-002
1.012172e+004,6.310806e-002
1.012221e+004,6.341978e-002
1.012269e+004,8.065169e-002
1.012317e+004,1.138149e-001
1.012365e+004,1.584901e-001
1.012413e+004,2.074102e-001
1.012462e+004,2.519193e-001
1.012510e+004,2.838983e-001
1.012558e+004,2.975599e-001
1.012606e+004,2.905802e-001
1.012654e+004,2.642974e-001
1.012703e+004,2.230484e-001
1.012751e+004,1.729688e-001
1.012799e+004,1.206666e-001
1.012847e+004,7.208677e-002
1.012896e+004,3.172735e-002
1.012944e+004,2.210927e-003
1.012992e+004,-1.584232e-002
1.013040e+004,-2.368688e-002
1.013088e+004,-2.408706e-002
1.013137e+004,-2.074110e-002
1.013185e+004,-1.757577e-002
1.013233e+004,-1.805555e-002
1.013281e+004,-2.465983e-002
1.013329e+004,-3.860934e-002
1.013378e+004,-5.980168e-002
1.013426e+004,-8.683041e-002
1.013474e+004,-1.169822e-001
1.013522e+004,-1.462339e-001
1.013571e+004,-1.694314e-001
1.013619e+004,-1.808929e-001
1.013667e+004,-1.755664e-001
1.013715e+004,-1.505733e-001
1.013763e+004,-1.066515e-001
1.013812e+004,-4.883478e-002
1.013860e+004,1.414661e-002
1.013908e+004,7.180732e-002
1.013956e+004,1.146640e-001
1.014004e+004,1.368450e-001
1.014053e+004,1.375463e-001
1.014101e+004,1.207442e-001
1.014149e+004,9.329534e-002
1.014197e+004,6.225187e-002
1.014246e+004,3.255773e-002
1.014294e+004,6.091781e-003
1.014342e+004,-1.764132e-002
1.014390e+004,-3.968272e-002
1.014438e+004,-5.971987e-002
1.014487e+004,-7.519741e-002
1.014535e+004,-8.197784e-002
1.014583e+004,-7.626803e-002
1.014631e+004,-5.683589e-002
1.014679e+004,-2.633242e-002
1.014728e+004,9.079052e-003
1.014776e+004,4.177557e-002
1.014824e+004,6.555557e-002
1.014872e+004,7.804014e-002
1.014921e+004,8.146106e-002
1.014969e+004,8.144668e-002
1.015017e+004,8.434827e-002
1.015065e+004,9.431918e-002
1.015113e+004,1.114371e-001
1.015162e+004,1.316562e-001
1.015210e+004,1.485107e-001
1.015258e+004,1.559262e-001
1.015306e+004,1.506509e-001
1.015354e+004,1.335443e-001
1.015403e+004,1.091509e-001
1.015451e+004,8.387554e-002
1.015499e+004,6.361516e-002
1.015547e+004,5.183758e-002
1.015596e+004,4.879264e-002
1.015644e+004,5.199239e-002
1.015692e+004,5.758609e-002
1.015740e+004,6.198891e-002
1.015788e+004,6.315286e-002
1.015837e+004,6.111005e-002
1.015885e+004,5.772819e-002
1.015933e+004,5.586545e-002
1.015981e+004,5.824137e-002
1.016029e+004,6.635076e-002
1.016078e+004,7.969320e-002
1.016126e+004,9.551574e-002
1.016174e+004,1.091739e-001
1.016222e+004,1.151001e-001
1.016271e+004,1.082084e-001
1.016319e+004,8.539718e-002
1.016367e+004,4.670947e-002
1.016415e+004,-4.253943e-003
1.016463e+004,-6.087593e-002
1.016512e+004,-1.149245e-001
1.016560e+004,-1.584365e-001
1.016608e+004,-1.855446e-001
1.016656e+004,-1.937457e-001
1.016704e+004,-1.843045e-001
1.016753e+004,-1.617719e-001
1.016801e+004,-1.328342e-001
1.016849e+004,-1.048390e-001
1.016897e+004,-8.432546e-002
1.016946e+004,-7.580900e-002
1.016994e+004,-8.097428e-002
1.017042e+004,-9.838495e-002
1.017090e+004,-1.237905e-001
1.017138e+004,-1.510466e-001
1.017187e+004,-1.735302e-001
1.017235e+004,-1.857428e-001
1.017283e+004,-1.846559e-001
1.017331e+004,-1.703434e-001
1.017379e+004,-1.456468e-001
1.017428e+004,-1.149648e-001
1.017476e+004,-8.262266e-002
1.017524e+004,-5.147928e-002
1.017572e+004,-2.234928e-002
1.017620e+004,5.537794e-003
1.017669e+004,3.330173e-002
1.017717e+004,6.104080e-002
1.017765e+004,8.704995e-002
1.017813e+004,1.080813e-001
1.017862e+004,1.205870e-001
1.017910e+004,1.223758e-001
1.017958e+004,1.138725e-001
1.018006e+004,9.832802e-002
1.018054e+004,8.083113e-002
1.018103e+004,6.654561e-002
1.018151e+004,5.896598e-002
1.018199e+004,5.894893e-002
1.018247e+004,6.488322e-002
1.018295e+004,7.380568e-002
1.018344e+004,8.285651e-002
1.018392e+004,9.034310e-002
1.018440e+004,9.598403e-002
1.018488e+004,1.003600e-001
1.018537e+004,1.040350e-001
1.018585e+004,1.069497e-001
1.018633e+004,1.084667e-001
1.018681e+004,1.080079e-001
1.018729e+004,1.058231e-001
1.018778e+004,1.033063e-001
1.018826e+004,1.025164e-001
1.018874e+004,1.050207e-001
1.018922e+004,1.106188e-001
1.018970e+004,1.166771e-001
1.019019e+004,1.185774e-001
1.019067e+004,1.112708e-001
1.019115e+004,9.134997e-002
1.019163e+004,5.873842e-002
1.019211e+004,1.720029e-002
1.019260e+004,-2.662460e-002
1.019308e+004,-6.530712e-002
1.019356e+004,-9.299351e-002
1.019404e+004,-1.071134e-001
1.019453e+004,-1.088181e-001
1.019501e+004,-1.021147e-001
1.019549e+004,-9.219252e-002
1.019597e+004,-8.370563e-002
1.019645e+004,-7.965303e-002
1.019694e+004,-8.112316e-002
1.019742e+004,-8.773033e-002
1.019790e+004,-9.831474e-002
1.019838e+004,-1.114909e-001
1.019886e+004,-1.258662e-001
1.019935e+004,-1.400333e-001
1.019983e+004,-1.525857e-001
1.020031e+004,-1.623362e-001
1.020079e+004,-1.686884e-001
1.020128e+004,-1.718995e-001
1.020176e+004,-1.729257e-001
1.020224e+004,-1.727359e-001
1.020272e+004,-1.713149e-001
1.020320e+004,-1.668672e-001
1.020369e+004,-1.557758e-001
1.020417e+004,-1.335995e-001
1.020465e+004,-9.689600e-002
1.020513e+004,-4.518650e-002
1.020561e+004,1.783146e-002
1.020610e+004,8.451323e-002
1.020658e+004,1.450751e-001
1.020706e+004,1.904372e-001
1.020754e+004,2.150600e-001
1.020802e+004,2.186490e-001
1.020851e+004,2.060165e-001
1.020899e+004,1.851219e-001
1.020947e+004,1.640752e-001
1.020995e+004,1.483047e-001
1.021044e+004,1.390005e-001
1.021092e+004,1.333706e-001
1.021140e+004,1.264768e-001
1.021188e+004,1.137745e-001
1.021236e+004,9.324831e-002
1.021285e+004,6.627242e-002
1.021333e+004,3.692751e-002
1.021381e+004,1.031037e-002
1.021429e+004,-9.938293e-003
1.021477e+004,-2.270929e-002
1.021526e+004,-2.978151e-002
1.021574e+004,-3.488577e-002
1.021622e+004,-4.205759e-002
1.021670e+004,-5.398726e-002
1.021719e+004,-7.099694e-002
1.021767e+004,-9.095220e-002
1.021815e+004,-1.100159e-001
1.021863e+004,-1.238547e-001
1.021911e+004,-1.288296e-001
1.021960e+004,-1.228271e-001
1.022008e+004,-1.056237e-001
1.022056e+004,-7.886396e-002
1.022104e+004,-4.580212e-002
1.022152e+004,-1.090924e-002
1.022201e+004,2.065420e-002
1.022249e+004,4.375325e-002
1.022297e+004,5.418973e-002
1.022345e+004,4.969003e-002
1.022393e+004,3.070554e-002
1.022442e+004,7.004226e-004
1.022490e+004,-3.430911e-002
1.022538e+004,-6.696765e-002
1.022586e+004,-9.026054e-002
1.022635e+004,-9.917373e-002
1.022683e+004,-9.182860e-002
1.022731e+004,-6.977037e-002
1.022779e+004,-3.738178e-002
1.022827e+004,-6.661288e-004
1.022876e+004,3.419873e-002
1.022924e+004,6.213186e-002
1.022972e+004,7.996087e-002
1.023020e+004,8.667122e-002
1.023068e+004,8.315478e-002
1.023117e+004,7.162090e-002
1.023165e+004,5.485371e-002
1.023213e+004,3.547486e-002
1.023261e+004,1.533844e-002
1.023310e+004,-4.827667e-003
1.023358e+004,-2.543292e-002
1.023406e+004,-4.763749e-002
1.023454e+004,-7.263009e-002
1.023502e+004,-1.007830e-001
1.023551e+004,-1.310133e-001
1.023599e+004,-1.606706e-001
1.023647e+004,-1.861079e-001
1.023695e+004,-2.038009e-001
1.023743e+004,-2.115985e-001
1.023792e+004,-2.095529e-001
1.023840e+004,-1.998957e-001
1.023888e+004,-1.860700e-001
1.023936e+004,-1.711698e-001
1.023984e+004,-1.564703e-001
1.024033e+004,-1.407676e-001
1.024081e+004,-1.209351e-001
1.024129e+004,-9.355018e-002
1.024177e+004,-5.691105e-002
1.024226e+004,-1.251333e-002
1.024274e+004,3.476622e-002
1.024322e+004,7.798715e-002
1.024370e+004,1.105015e-001
1.024418e+004,1.283920e-001
1.024467e+004,1.318870e-001
1.024515e+004,1.254050e-001
1.024563e+004,1.157209e-001
1.024611e+004,1.094382e-001
1.024659e+004,1.106457e-001
1.024708e+004,1.196960e-001
1.024756e+004,1.334898e-001
1.024804e+004,1.469827e-001
1.024852e+004,1.551589e-001
1.024900e+004,1.546287e-001
1.024949e+004,1.443193e-001
1.024997e+004,1.252398e-001
1.025045e+004,9.973628e-002
1.025093e+004,7.078602e-002
1.025142e+004,4.167679e-002
1.025190e+004,1.602568e-002
1.025238e+004,-2.224757e-003
1.025286e+004,-9.244642e-003
1.025334e+004,-2.328354e-003
1.025383e+004,1.881735e-002
1.025431e+004,5.114939e-002
1.025479e+004,8.838493e-002
1.025527e+004,1.223986e-001
1.025575e+004,1.455881e-001
1.025624e+004,1.533391e-001
1.025672e+004,1.455553e-001
1.025720e+004,1.265499e-001
1.025768e+004,1.032812e-001
1.025817e+004,8.264070e-002
1.025865e+004,6.893201e-002
1.025913e+004,6.259428e-002
1.025961e+004,6.067454e-002
1.026009e+004,5.875751e-002
1.026058e+004,5.340004e-002
1.026106e+004,4.390602e-002
1.026154e+004,3.262237e-002
1.026202e+004,2.366423e-002
1.026250e+004,2.072459e-002
1.026299e+004,2.503667e-002
1.026347e+004,3.446272e-002
1.026395e+004,4.413864e-002
1.026443e+004,4.837914e-002
1.026492e+004,4.297750e-002
1.026540e+004,2.688061e-002
1.026588e+004,2.543382e-003
1.026636e+004,-2.511089e-002
1.026684e+004,-5.058683e-002
1.026733e+004,-6.971686e-002
1.026781e+004,-8.080757e-002
1.026829e+004,-8.470010e-002
1.026877e+004,-8.393463e-002
1.026925e+004,-8.156981e-002
1.026974e+004,-8.025428e-002
1.027022e+004,-8.189281e-002
1.027070e+004,-8.785541e-002
1.027118e+004,-9.936612e-002
1.027167e+004,-1.176315e-001
1.027215e+004,-1.434643e-001
1.027263e+004,-1.765069e-001
1.027311e+004,-2.144744e-001
1.027359e+004,-2.529318e-001
1.027408e+004,-2.859409e-001
1.027456e+004,-3.075279e-001
1.027504e+004,-3.135272e-001
1.027552e+004,-3.032107e-001
1.027600e+004,-2.795369e-001
1.027649e+004,-2.485181e-001
1.027697e+004,-2.171965e-001
1.027745e+004,-1.911487e-001
1.027793e+004,-1.724295e-001
1.027841e+004,-1.588009e-001
1.027890e+004,-1.446201e-001
1.027938e+004,-1.231173e-001
1.027986e+004,-8.923950e-002
1.028034e+004,-4.199396e-002
1.028083e+004,1.461370e-002
1.028131e+004,7.244454e-002
1.028179e+004,1.216263e-001
1.028227e+004,1.536376e-001
1.028275e+004,1.639510e-001
1.028324e+004,1.532714e-001
1.028372e+004,1.269485e-001
1.028420e+004,9.286102e-002
1.028468e+004,5.866819e-002
1.028516e+004,2.954110e-002
1.028565e+004,7.247555e-003
1.028613e+004,-9.147275e-003
1.028661e+004,-2.141556e-002
1.028709e+004,-3.010101e-002
1.028758e+004,-3.330039e-002
1.028806e+004,-2.694358e-002
1.028854e+004,-6.526493e-003
1.028902e+004,3.043186e-002
1.028950e+004,8.230458e-002
1.028999e+004,1.426375e-001
1.029047e+004,2.012640e-001
1.029095e+004,2.469894e-001
1.029143e+004,2.709192e-001
1.029191e+004,2.691970e-001
1.029240e+004,2.441134e-001
1.029288e+004,2.031758e-001
1.029336e+004,1.565379e-001
1.029384e+004,1.138032e-001
1.029432e+004,8.138560e-002
1.029481e+004,6.129472e-002
1.029529e+004,5.158502e-002
1.029577e+004,4.806018e-002
1.029625e+004,4.640780e-002
1.029674e+004,4.389637e-002
1.029722e+004,4.006454e-002
1.029770e+004,3.631559e-002
1.029818e+004,3.477918e-002
1.029866e+004,3.703609e-002
1.029915e+004,4.325703e-002
1.029963e+004,5.203781e-002
1.030011e+004,6.086845e-002
1.030059e+004,6.691544e-002
1.030107e+004,6.772394e-002
1.030156e+004,6.158072e-002
1.030204e+004,4.751735e-002
1.030252e+004,2.514561e-002
1.030300e+004,-5.409691e-003
1.030349e+004,-4.331889e-002
1.030397e+004,-8.664493e-002
1.030445e+004,-1.319843e-001
1.030493e+004,-1.744832e-001
1.030541e+004,-2.084537e-001
1.030590e+004,-2.285578e-001
1.030638e+004,-2.312926e-001
1.030686e+004,-2.159387e-001
1.030734e+004,-1.851456e-001
1.030782e+004,-1.442928e-001
1.030831e+004,-1.000692e-001
1.030879e+004,-5.868959e-002
1.030927e+004,-2.438597e-002
1.030975e+004,1.274178e-003
1.031023e+004,1.902561e-002
1.031072e+004,3.072222e-002
1.031120e+004,3.791613e-002
1.031168e+004,4.088298e-002
1.031216e+004,3.856600e-002
1.031265e+004,2.947296e-002
1.031313e+004,1.309536e-002
1.031361e+004,-8.866387e-003
1.031409e+004,-3.215383e-002
1.031457e+004,-5.080514e-002
1.031506e+004,-5.901064e-002
1.031554e+004,-5.328821e-002
1.031602e+004,-3.409126e-002
1.031650e+004,-6.129147e-003
1.031698e+004,2.283970e-002
1.031747e+004,4.437773e-002
1.031795e+004,5.206118e-002
1.031843e+004,4.350581e-002
1.031891e+004,2.098594e-002
1.031940e+004,-9.553208e-003
1.031988e+004,-4.068156e-002
1.032036e+004,-6.604171e-002
1.032084e+004,-8.235623e-002
1.032132e+004,-9.021513e-002
1.032181e+004,-9.344320e-002
1.032229e+004,-9.736021e-002
1.032277e+004,-1.066155e-001
1.032325e+004,-1.233892e-001
1.032373e+004,-1.465750e-001
1.032422e+004,-1.721828e-001
1.032470e+004,-1.947607e-001
1.032518e+004,-2.092879e-001
1.032566e+004,-2.128506e-001
1.032614e+004,-2.055169e-001
1.032663e+004,-1.901381e-001
1.032711e+004,-1.712021e-001
1.032759e+004,-1.532146e-001
1.032807e+004,-1.392480e-001
1.032856e+004,-1.302199e-001
1.032904e+004,-1.251558e-001
1.032952e+004,-1.222737e-001
1.033000e+004,-1.203578e-001
1.033048e+004,-1.197333e-001
1.033097e+004,-1.223093e-001
1.033145e+004,-1.305692e-001
1.033193e+004,-1.458911e-001
1.033241e+004,-1.669624e-001
1.033289e+004,-1.891028e-001
1.033338e+004,-2.049858e-001
1.033386e+004,-2.066438e-001
1.033434e+004,-1.880405e-001
1.033482e+004,-1.471780e-001
1.033530e+004,-8.686442e-002
1.033579e+004,-1.383075e-002
1.033627e+004,6.339877e-002
1.033675e+004,1.369539e-001
1.033723e+004,2.013916e-001
1.033772e+004,2.539504e-001
1.033820e+004,2.938304e-001
1.033868e+004,3.205579e-001
1.033916e+004,3.327466e-001
1.033964e+004,3.279635e-001
1.034013e+004,3.038623e-001
1.034061e+004,2.600141e-001
1.034109e+004,1.994296e-001
1.034157e+004,1.288262e-001
1.034205e+004,5.728884e-002
1.034254e+004,-6.232551e-003
1.034302e+004,-5.552835e-002
1.034350e+004,-8.868156e-002
1.034398e+004,-1.078775e-001
1.034447e+004,-1.175918e-001
1.034495e+004,-1.220389e-001
1.034543e+004,-1.230924e-001
1.034591e+004,-1.196308e-001
1.034639e+004,-1.085356e-001
1.034688e+004,-8.676404e-002
1.034736e+004,-5.343552e-002
1.034784e+004,-1.092794e-002
1.034832e+004,3.549001e-002
1.034880e+004,7.924552e-002
1.034929e+004,1.144725e-001
1.034977e+004,1.375301e-001
1.035025e+004,1.474561e-001
1.035073e+004,1.453872e-001
1.035121e+004,1.334938e-001
1.035170e+004,1.141333e-001
1.035218e+004,8.965959e-002
1.035266e+004,6.283098e-002
1.035314e+004,3.732632e-002
1.035363e+004,1.777839e-002
1.035411e+004,9.011822e-003
1.035459e+004,1.467380e-002
1.035507e+004,3.586366e-002
1.035555e+004,7.045510e-002
1.035604e+004,1.135112e-001
1.035652e+004,1.586712e-001
1.035700e+004,1.999190e-001
1.035748e+004,2.329600e-001
1.035796e+004,2.556424e-001
1.035845e+004,2.673609e-001
1.035893e+004,2.679234e-001
1.035941e+004,2.566420e-001
1.035989e+004,2.322659e-001
1.036038e+004,1.938828e-001
1.036086e+004,1.423309e-001
1.036134e+004,8.131795e-002
1.036182e+004,1.751112e-002
1.036230e+004,-4.068829e-002
1.036279e+004,-8.535003e-002
1.036327e+004,-1.113853e-001
1.036375e+004,-1.181423e-001
1.036423e+004,-1.095730e-001
1.036471e+004,-9.288006e-002
1.036520e+004,-7.613315e-002
1.036568e+004,-6.570740e-002
1.036616e+004,-6.440755e-002
1.036664e+004,-7.084089e-002
1.036713e+004,-8.014420e-002
1.036761e+004,-8.574425e-002
1.036809e+004,-8.155314e-002
1.036857e+004,-6.416589e-002
1.036905e+004,-3.371426e-002
1.036954e+004,5.742571e-003
1.037002e+004,4.708688e-002
1.037050e+004,8.192568e-002
1.037098e+004,1.028815e-001
1.037146e+004,1.057990e-001
1.037195e+004,9.120113e-002
1.037243e+004,6.444227e-002
1.037291e+004,3.434579e-002
1.037339e+004,1.061600e-002
1.037388e+004,7.958363e-004
1.037436e+004,7.784786e-003
1.037484e+004,2.879493e-002
1.037532e+004,5.613169e-002
1.037580e+004,7.953260e-002
1.037629e+004,8.924506e-002
1.037677e+004,7.880268e-002
1.037725e+004,4.665270e-002
1.037773e+004,-3.719550e-003
1.037821e+004,-6.495831e-002
1.037870e+004,-1.277097e-001
1.037918e+004,-1.825421e-001
1.037966e+004,-2.214640e-001
1.038014e+004,-2.389006e-001
1.038063e+004,-2.322319e-001
1.038111e+004,-2.020445e-001
1.038159e+004,-1.521459e-001
1.038207e+004,-8.923025e-002
1.038255e+004,-2.203293e-002
1.038304e+004,4.007503e-002
1.038352e+004,8.885123e-002
1.038400e+004,1.188605e-001
1.038448e+004,1.285353e-001
1.038496e+004,1.202439e-001
1.038545e+004,9.933561e-002
1.038593e+004,7.251901e-002
1.038641e+004,4.614922e-002
1.038689e+004,2.496692e-002
1.038738e+004,1.156712e-002
1.038786e+004,6.538396e-003
1.038834e+004,8.977621e-003
1.038882e+004,1.705466e-002
1.038930e+004,2.845578e-002
1.038979e+004,4.073394e-002
1.039027e+004,5.170342e-002
1.039075e+004,5.994651e-002
1.039123e+004,6.531377e-002
1.039171e+004,6.913511e-002
1.039220e+004,7.386814e-002
1.039268e+004,8.214470e-002
1.039316e+004,9.552835e-002
1.039364e+004,1.135615e-001
1.039413e+004,1.336599e-001
1.039461e+004,1.520638e-001
1.039509e+004,1.655151e-001
1.039557e+004,1.728916e-001
1.039605e+004,1.759290e-001
1.039654e+004,1.785196e-001
1.039702e+004,1.847497e-001
1.039750e+004,1.965090e-001
1.039798e+004,2.118256e-001
1.039846e+004,2.248602e-001
1.039895e+004,2.277148e-001
1.039943e+004,2.135338e-001
1.039991e+004,1.797136e-001
1.040039e+004,1.291887e-001
1.040088e+004,6.962141e-002
1.040136e+004,1.060419e-002
1.040184e+004,-3.993028e-002
1.040232e+004,-7.850716e-002
1.040280e+004,-1.068770e-001
1.040329e+004,-1.304307e-001
1.040377e+004,-1.550082e-001
1.040425e+004,-1.835778e-001
1.040473e+004,-2.143111e-001
1.040521e+004,-2.409355e-001
1.040570e+004,-2.551965e-001
1.040618e+004,-2.503282e-001
1.040666e+004,-2.240113e-001
1.040714e+004,-1.795889e-001
1.040762e+004,-1.250994e-001
1.040811e+004,-7.063080e-002
1.040859e+004,-2.514615e-002
1.040907e+004,5.951717e-003
1.040955e+004,2.168203e-002
1.041004e+004,2.468558e-002
1.041052e+004,1.937339e-002
1.041100e+004,9.986579e-003
1.041148e+004,-5.959214e-004
1.041196e+004,-1.095232e-002
1.041245e+004,-2.035313e-002
1.041293e+004,-2.776741e-002
1.041341e+004,-3.131244e-002
1.041389e+004,-2.851582e-002
1.041437e+004,-1.728711e-002
1.041486e+004,2.906424e-003
1.041534e+004,3.030081e-002
1.041582e+004,6.098890e-002
1.041630e+004,9.000787e-002
1.041679e+004,1.129628e-001
1.041727e+004,1.275192e-001
1.041775e+004,1.341200e-001
1.041823e+004,1.355870e-001
1.041871e+004,1.357414e-001
1.041920e+004,1.376127e-001
1.041968e+004,1.420151e-001
1.042016e+004,1.471286e-001
1.042064e+004,1.492905e-001
1.042112e+004,1.446708e-001
1.042161e+004,1.311077e-001
1.042209e+004,1.092931e-001
1.042257e+004,8.274754e-002
1.042305e+004,5.652718e-002
1.042353e+004,3.515351e-002
1.042402e+004,2.062895e-002
1.042450e+004,1.141159e-002
1.042498e+004,2.849833e-003
1.042546e+004,-1.102786e-002
1.042595e+004,-3.504619e-002
1.042643e+004,-7.070483e-002
1.042691e+004,-1.151397e-001
1.042739e+004,-1.616182e-001
1.042787e+004,-2.013658e-001
1.042836e+004,-2.260394e-001
1.042884e+004,-2.299827e-001
1.042932e+004,-2.115631e-001
1.042980e+004,-1.732924e-001
1.043028e+004,-1.208683e-001
1.043077e+004,-6.161057e-002
1.043125e+004,-2.822838e-003
1.043173e+004,4.949052e-002
1.043221e+004,9.135738e-002
1.043269e+004,1.210324e-001
1.043318e+004,1.387767e-001
1.043366e+004,1.463528e-001
1.043414e+004,1.463415e-001
1.043462e+004,1.413779e-001
1.043511e+004,1.334600e-001
1.043559e+004,1.235300e-001
1.043607e+004,1.115130e-001
1.043655e+004,9.686821e-002
1.043703e+004,7.948238e-002
1.043752e+004,6.053587e-002
1.043800e+004,4.289706e-002
1.043848e+004,3.073922e-002
1.043896e+004,2.838224e-002
1.043944e+004,3.872004e-002
1.043993e+004,6.183057e-002
1.044041e+004,9.435424e-002
1.044089e+004,1.299600e-001
1.044137e+004,1.608075e-001
1.044186e+004,1.795418e-001
1.044234e+004,1.811775e-001
1.044282e+004,1.643109e-001
1.044330e+004,1.313683e-001
1.044378e+004,8.793140e-002
1.044427e+004,4.142224e-002
1.044475e+004,-4.871952e-004
1.044523e+004,-3.142546e-002
1.044571e+004,-4.760349e-002
1.044619e+004,-4.864629e-002
1.044668e+004,-3.779108e-002
1.044716e+004,-2.128845e-002
1.044764e+004,-6.970767e-003
1.044812e+004,-2.204338e-003
1.044860e+004,-1.173791e-002
1.044909e+004,-3.614447e-002
1.044957e+004,-7.148284e-002
1.045005e+004,-1.104540e-001
1.045053e+004,-1.447773e-001
1.045102e+004,-1.679959e-001
1.045150e+004,-1.776610e-001
1.045198e+004,-1.760208e-001
1.045246e+004,-1.689117e-001
1.045294e+004,-1.633004e-001
1.045343e+004,-1.644934e-001
1.045391e+004,-1.741542e-001
1.045439e+004,-1.898832e-001
1.045487e+004,-2.064117e-001
1.045535e+004,-2.177828e-001
1.045584e+004,-2.195339e-001
1.045632e+004,-2.100172e-001
1.045680e+004,-1.904777e-001
1.045728e+004,-1.641124e-001
1.045777e+004,-1.347392e-001
1.045825e+004,-1.057450e-001
1.045873e+004,-7.967120e-002
1.045921e+004,-5.835170e-002
1.045969e+004,-4.319224e-002
1.046018e+004,-3.517679e-002
1.046066e+004,-3.477794e-002
1.046114e+004,-4.037239e-002
1.046162e+004,-4.897753e-002
1.046210e+004,-5.648919e-002
1.046259e+004,-5.887622e-002
1.046307e+004,-5.366679e-002
1.046355e+004,-4.103705e-002
1.046403e+004,-2.389318e-002
1.046451e+004,-6.765762e-003
1.046500e+004,6.092928e-003
1.046548e+004,1.259458e-002
1.046596e+004,1.381662e-002
1.046644e+004,1.362538e-002
1.046693e+004,1.703373e-002
1.046741e+004,2.797437e-002
1.046789e+004,4.741824e-002
1.046837e+004,7.260354e-002
1.046885e+004,9.765286e-002
1.046934e+004,1.152941e-001
1.046982e+004,1.190100e-001
1.047030e+004,1.048764e-001
1.047078e+004,7.257181e-002
1.047126e+004,2.540325e-002
1.047175e+004,-3.050070e-002
1.047223e+004,-8.752724e-002
1.047271e+004,-1.381470e-001
1.047319e+004,-1.764660e-001
1.047368e+004,-1.995334e-001
1.047416e+004,-2.081295e-001
1.047464e+004,-2.067318e-001
1.047512e+004,-2.024457e-001
1.047560e+004,-2.029607e-001
1.047609e+004,-2.139859e-001
1.047657e+004,-2.369647e-001
1.047705e+004,-2.679516e-001
1.047753e+004,-2.982558e-001
1.047801e+004,-3.168512e-001
1.047850e+004,-3.138738e-001
1.047898e+004,-2.840443e-001
1.047946e+004,-2.288240e-001
1.047994e+004,-1.565275e-001
1.048042e+004,-8.034349e-002
1.048091e+004,-1.493264e-002
1.048139e+004,2.729213e-002
1.048187e+004,3.908827e-002
1.048235e+004,1.977486e-002
1.048284e+004,-2.506982e-002
1.048332e+004,-8.526594e-002
1.048380e+004,-1.484325e-001
1.048428e+004,-2.025146e-001
1.048476e+004,-2.379684e-001
1.048525e+004,-2.493090e-001
1.048573e+004,-2.358351e-001
1.048621e+004,-2.014226e-001
1.048669e+004,-1.533868e-001
1.048717e+004,-1.006114e-001
1.048766e+004,-5.138559e-002
1.048814e+004,-1.156784e-002
1.048862e+004,1.633359e-002
1.048910e+004,3.285686e-002
1.048959e+004,4.023420e-002
1.049007e+004,4.063044e-002
1.049055e+004,3.483152e-002
1.049103e+004,2.205447e-002
1.049151e+004,1.608637e-003
1.049200e+004,-2.709819e-002
1.049248e+004,-6.124662e-002
1.049296e+004,-9.470832e-002
1.049344e+004,-1.192176e-001
1.049392e+004,-1.268472e-001
1.049441e+004,-1.128161e-001
1.049489e+004,-7.742755e-002
1.049537e+004,-2.627579e-002
1.049585e+004,3.138216e-002
1.049633e+004,8.540688e-002
1.049682e+004,1.275783e-001
1.049730e+004,1.533700e-001
1.049778e+004,1.621740e-001
1.049826e+004,1.561698e-001
1.049875e+004,1.385868e-001
1.049923e+004,1.122689e-001
1.049971e+004,7.914782e-002
1.050019e+004,4.066051e-002
1.050067e+004,-1.367982e-003
1.050116e+004,-4.405409e-002
1.050164e+004,-8.347365e-002
1.050212e+004,-1.154190e-001
1.050260e+004,-1.365355e-001
1.050308e+004,-1.453165e-001
1.050357e+004,-1.425581e-001
1.050405e+004,-1.311942e-001
1.050453e+004,-1.156984e-001
1.050501e+004,-1.013385e-001
1.050550e+004,-9.343988e-002
1.050598e+004,-9.661578e-002
1.050646e+004,-1.138286e-001
1.050694e+004,-1.452726e-001
1.050742e+004,-1.873622e-001
1.050791e+004,-2.323811e-001
1.050839e+004,-2.693642e-001
1.050887e+004,-2.864444e-001
1.050935e+004,-2.742658e-001
1.050983e+004,-2.294158e-001
1.051032e+004,-1.565045e-001
1.051080e+004,-6.779751e-002
1.051128e+004,1.982778e-002
1.051176e+004,8.971480e-002
1.051225e+004,1.303409e-001
1.051273e+004,1.384975e-001
1.051321e+004,1.195945e-001
1.051369e+004,8.508329e-002
1.051417e+004,4.810124e-002
1.051466e+004,1.906607e-002
1.051514e+004,2.852883e-003
1.051562e+004,-1.571096e-003
1.051610e+004,7.516892e-004
1.051658e+004,3.839877e-003
1.051707e+004,3.590538e-003
1.051755e+004,-7.580995e-004
1.051803e+004,-6.858340e-003
1.051851e+004,-1.073220e-002
1.051899e+004,-8.595863e-003
1.051948e+004,1.833824e-003
1.051996e+004,2.098580e-002
1.052044e+004,4.791771e-002
1.052092e+004,8.114091e-002
1.052141e+004,1.192388e-001
1.052189e+004,1.609803e-001
1.052237e+004,2.048571e-001
1.052285e+004,2.490857e-001
1.052333e+004,2.909462e-001
1.052382e+004,3.271598e-001
1.052430e+004,3.544830e-001
1.052478e+004,3.704253e-001
1.052526e+004,3.738282e-001
1.052574e+004,3.651403e-001
1.052623e+004,3.463778e-001
1.052671e+004,3.208365e-001
1.052719e+004,2.926304e-001
1.052767e+004,2.660658e-001
1.052816e+004,2.448468e-001
1.052864e+004,2.311745e-001
1.052912e+004,2.249579e-001
1.052960e+004,2.234781e-001
1.053008e+004,2.218250e-001
1.053057e+004,2.141862e-001
1.053105e+004,1.956852e-001
1.053153e+004,1.641421e-001
1.053201e+004,1.210533e-001
1.053249e+004,7.135051e-002
1.053298e+004,2.198851e-002
1.053346e+004,-2.008401e-002
1.053394e+004,-4.974726e-002
1.053442e+004,-6.461086e-002
1.053490e+004,-6.473422e-002
1.053539e+004,-5.149518e-002
1.053587e+004,-2.634712e-002
1.053635e+004,9.787502e-003
1.053683e+004,5.614598e-002
1.053732e+004,1.110382e-001
1.053780e+004,1.707827e-001
1.053828e+004,2.294899e-001
1.053876e+004,2.801252e-001
1.053924e+004,3.166119e-001
1.053973e+004,3.361097e-001
1.054021e+004,3.403966e-001
1.054069e+004,3.355974e-001
1.054117e+004,3.302076e-001
1.054165e+004,3.321188e-001
1.054214e+004,3.458152e-001
1.054262e+004,3.708591e-001
1.054310e+004,4.022390e-001
1.054358e+004,4.323511e-001
1.054407e+004,4.537086e-001
1.054455e+004,4.612467e-001
1.054503e+004,4.533785e-001
1.054551e+004,4.316031e-001
1.054599e+004,3.991147e-001
1.054648e+004,3.592297e-001
1.054696e+004,3.143968e-001
1.054744e+004,2.661356e-001
1.054792e+004,2.157346e-001
1.054840e+004,1.651551e-001
1.054889e+004,1.175463e-001
1.054937e+004,7.703298e-002
1.054985e+004,4.784000e-002
1.055033e+004,3.314643e-002
1.055081e+004,3.416283e-002
1.055130e+004,4.977380e-002
1.055178e+004,7.679991e-002
1.055226e+004,1.106653e-001
1.055274e+004,1.461533e-001
1.055323e+004,1.780798e-001
1.055371e+004,2.015578e-001
1.055419e+004,2.123946e-001
1.055467e+004,2.074376e-001
1.055515e+004,1.850419e-001
1.055564e+004,1.455330e-001
1.055612e+004,9.145826e-002
1.055660e+004,2.744534e-002
1.055708e+004,-4.037775e-002
1.055756e+004,-1.052743e-001
1.055805e+004,-1.608568e-001
1.055853e+004,-2.018711e-001
1.055901e+004,-2.246795e-001
1.055949e+004,-2.274662e-001
1.055998e+004,-2.102968e-001
1.056046e+004,-1.751562e-001
1.056094e+004,-1.259789e-001
1.056142e+004,-6.854542e-002
1.056190e+004,-1.004907e-002
1.056239e+004,4.179617e-002
1.056287e+004,8.004270e-002
1.056335e+004,9.989627e-002
1.056383e+004,9.975941e-002
1.056431e+004,8.152167e-002
1.056480e+004,4.991006e-002
1.056528e+004,1.106025e-002
1.056576e+004,-2.921648e-002
1.056624e+004,-6.684676e-002
1.056672e+004,-1.000705e-001
1.056721e+004,-1.289836e-001
1.056769e+004,-1.542837e-001
1.056817e+004,-1.758005e-001
1.056865e+004,-1.915008e-001
1.056914e+004,-1.974687e-001
1.056962e+004,-1.889475e-001
1.057010e+004,-1.620799e-001
1.057058e+004,-1.156772e-001
1.057106e+004,-5.231689e-002
1.057155e+004,2.168868e-002
1.057203e+004,9.748799e-002
1.057251e+004,1.656484e-001
1.057299e+004,2.182012e-001
1.057347e+004,2.500992e-001
1.057396e+004,2.596987e-001
1.057444e+004,2.483040e-001
1.057492e+004,2.191972e-001
1.057540e+004,1.767119e-001
1.057589e+004,1.257606e-001
1.057637e+004,7.184885e-002
1.057685e+004,2.122554e-002
1.057733e+004,-1.937426e-002
1.057781e+004,-4.379378e-002
1.057830e+004,-4.828014e-002
1.057878e+004,-3.346802e-002
1.057926e+004,-5.544075e-003
1.057974e+004,2.432636e-002
1.058022e+004,4.266832e-002
1.058071e+004,3.793381e-002
1.058119e+004,4.956569e-003
1.058167e+004,-5.209244e-002
1.058215e+004,-1.196460e-001
1.058263e+004,-1.780346e-001
1.058312e+004,-2.073400e-001
1.058360e+004,-1.939425e-001
1.058408e+004,-1.354551e-001
1.058456e+004,-4.241983e-002
1.058505e+004,6.479396e-002
1.058553e+004,1.618118e-001
1.058601e+004,2.274500e-001
1.058649e+004,2.496883e-001
1.058697e+004,2.284732e-001
1.058746e+004,1.745875e-001
1.058794e+004,1.052255e-001
1.058842e+004,3.804583e-002
1.058890e+004,-1.411506e-002
1.058938e+004,-4.611315e-002
1.058987e+004,-6.027536e-002
1.059035e+004,-6.362882e-002
1.059083e+004,-6.398641e-002
1.059131e+004,-6.650688e-002
1.059180e+004,-7.193505e-002
1.059228e+004,-7.693194e-002
1.059276e+004,-7.607472e-002
1.059324e+004,-6.454241e-002
1.059372e+004,-4.037778e-002
1.059421e+004,-5.518549e-003
1.059469e+004,3.465890e-002
1.059517e+004,7.297951e-002
1.059565e+004,1.026196e-001
1.059613e+004,1.190029e-001
1.059662e+004,1.208524e-001
1.059710e+004,1.101474e-001
1.059758e+004,9.112212e-002
1.059806e+004,6.874131e-002
1.059854e+004,4.722635e-002
1.059903e+004,2.913420e-002
1.059951e+004,1.524357e-002
1.059999e+004,5.171203e-003
1.060047e+004,-1.659334e-003
1.060096e+004,-5.210542e-003
1.060144e+004,-4.613557e-003
1.060192e+004,1.320808e-003
1.060240e+004,1.309485e-002
1.060288e+004,2.953526e-002
1.060337e+004,4.739014e-002
1.060385e+004,6.185804e-002
1.060433e+004,6.798465e-002
1.060481e+004,6.244917e-002
1.060529e+004,4.503147e-002
1.060578e+004,1.912346e-002
1.060626e+004,-8.996940e-003
1.060674e+004,-3.190846e-002
1.060722e+004,-4.316231e-002
1.060771e+004,-3.897752e-002
1.060819e+004,-1.892730e-002
1.060867e+004,1.450565e-002
1.060915e+004,5.713124e-002
1.060963e+004,1.043560e-001
1.061012e+004,1.519923e-001
1.061060e+004,1.963259e-001
1.061108e+004,2.336484e-001
1.061156e+004,2.597783e-001
1.061204e+004,2.701221e-001
1.061253e+004,2.605447e-001
1.061301e+004,2.288605e-001
1.061349e+004,1.763605e-001
1.061397e+004,1.086397e-001
1.061446e+004,3.517848e-002
1.061494e+004,-3.196734e-002
1.061542e+004,-8.215372e-002
1.061590e+004,-1.079703e-001
1.061638e+004,-1.074464e-001
1.061687e+004,-8.469940e-002
1.061735e+004,-4.900108e-002
1.061783e+004,-1.249521e-002
1.061831e+004,1.282979e-002
1.061879e+004,1.811662e-002
1.061928e+004,-2.111322e-004
1.061976e+004,-3.966226e-002
1.062024e+004,-9.242475e-002
1.062072e+004,-1.474302e-001
1.062121e+004,-1.932083e-001
1.062169e+004,-2.208125e-001
1.062217e+004,-2.260577e-001
1.062265e+004,-2.104436e-001
1.062313e+004,-1.804769e-001
1.062362e+004,-1.455937e-001
1.062410e+004,-1.153428e-001
1.062458e+004,-9.673311e-002
1.062506e+004,-9.254093e-002
1.062554e+004,-1.009884e-001
1.062603e+004,-1.167118e-001
1.062651e+004,-1.325361e-001
1.062699e+004,-1.413979e-001
1.062747e+004,-1.378429e-001
1.062796e+004,-1.188225e-001
1.062844e+004,-8.385231e-002
1.062892e+004,-3.482035e-002
1.062940e+004,2.428195e-002
1.062988e+004,8.762608e-002
1.063037e+004,1.479608e-001
1.063085e+004,1.974063e-001
1.063133e+004,2.287094e-001
1.063181e+004,2.367354e-001
1.063229e+004,2.197001e-001
1.063278e+004,1.796128e-001
1.063326e+004,1.216676e-001
1.063374e+004,5.277396e-002
1.063422e+004,-2.018619e-002
1.063471e+004,-9.166042e-002
1.063519e+004,-1.577932e-001
1.063567e+004,-2.158436e-001
1.063615e+004,-2.631461e-001
1.063663e+004,-2.963775e-001
1.063712e+004,-3.117635e-001
1.063760e+004,-3.063540e-001
1.063808e+004,-2.798655e-001
1.063856e+004,-2.361483e-001
1.063904e+004,-1.833480e-001
1.063953e+004,-1.323293e-001
1.064001e+004,-9.371077e-002
1.064049e+004,-7.456985e-002
1.064097e+004,-7.614799e-002
1.064146e+004,-9.356229e-002
1.064194e+004,-1.177192e-001
1.064242e+004,-1.387020e-001
1.064290e+004,-1.492797e-001
1.064338e+004,-1.471581e-001
1.064387e+004,-1.351446e-001
1.064435e+004,-1.192960e-001
1.064483e+004,-1.059401e-001
1.064531e+004,-9.887618e-002
1.064579e+004,-1.019796e-001
1.064628e+004,-1.074792e-001
1.064676e+004,-1.090313e-001
1.064724e+004,-1.010081e-001
1.064772e+004,-8.061056e-002
1.064820e+004,-4.870885e-002
1.064869e+004,-9.264770e-003
1.064917e+004,3.221560e-002
1.064965e+004,7.043599e-002
1.065013e+004,1.015624e-001
1.065062e+004,1.236147e-001
1.065110e+004,1.360845e-001
1.065158e+004,1.391916e-001
1.065206e+004,1.332688e-001
1.065254e+004,1.185975e-001
1.065303e+004,9.572238e-002
1.065351e+004,6.600957e-002
1.065399e+004,3.208762e-002
1.065447e+004,-2.132483e-003
1.065495e+004,-3.197670e-002
1.065544e+004,-5.295708e-002
1.065592e+004,-6.187070e-002
1.065640e+004,-5.770131e-002
1.065688e+004,-4.203629e-002
1.065737e+004,-1.885339e-002
1.065785e+004,6.283689e-003
1.065833e+004,2.741926e-002
1.065881e+004,3.948882e-002
1.065929e+004,3.938051e-002
1.065978e+004,2.653466e-002
1.066026e+004,2.971168e-003
1.066074e+004,-2.722518e-002
1.066122e+004,-5.880731e-002
1.066170e+004,-8.643353e-002
1.066219e+004,-1.056680e-001
1.066267e+004,-1.137240e-001
1.066315e+004,-1.098334e-001
1.066363e+004,-9.520590e-002
1.066411e+004,-7.261705e-002
1.066460e+004,-4.572820e-002
1.066508e+004,-1.829728e-002
1.066556e+004,6.534476e-003
1.066604e+004,2.671151e-002
1.066653e+004,4.139314e-002
1.066701e+004,5.076253e-002
1.066749e+004,5.564934e-002
1.066797e+004,5.716290e-002
1.066845e+004,5.650059e-002
1.066894e+004,5.497579e-002
1.066942e+004,5.415249e-002
1.066990e+004,5.586895e-002
1.067038e+004,6.195755e-002
1.067086e+004,7.362570e-002
1.067135e+004,9.069739e-002
1.067183e+004,1.110873e-001
1.067231e+004,1.308894e-001
1.067279e+004,1.452576e-001
1.067328e+004,1.499063e-001
1.067376e+004,1.427189e-001
1.067424e+004,1.248124e-001
1.067472e+004,1.005516e-001
1.067520e+004,7.641276e-002
1.067569e+004,5.906655e-002
1.067617e+004,5.339389e-002
1.067665e+004,6.090849e-002
1.067713e+004,8.036311e-002
1.067761e+004,1.079640e-001
1.067810e+004,1.390672e-001
1.067858e+004,1.695576e-001
1.067906e+004,1.965625e-001
1.067954e+004,2.183875e-001
1.068002e+004,2.340054e-001
1.068051e+004,2.426428e-001
1.068099e+004,2.438738e-001
1.068147e+004,2.382467e-001
1.068195e+004,2.280411e-001
1.068244e+004,2.175403e-001
1.068292e+004,2.123513e-001
1.068340e+004,2.177527e-001
1.068388e+004,2.366010e-001
1.068436e+004,2.676650e-001
1.068485e+004,3.052148e-001
1.068533e+004,3.402402e-001
1.068581e+004,3.630094e-001
1.068629e+004,3.660962e-001
1.068677e+004,3.467809e-001
1.068726e+004,3.079479e-001
1.068774e+004,2.571880e-001
1.068822e+004,2.044795e-001
1.068870e+004,1.593243e-001
1.068919e+004,1.283423e-001
1.068967e+004,1.140747e-001
1.069015e+004,1.152338e-001
1.069063e+004,1.280933e-001
1.069111e+004,1.483349e-001
1.069160e+004,1.725838e-001
1.069208e+004,1.990675e-001
1.069256e+004,2.272338e-001
1.069304e+004,2.566031e-001
1.069352e+004,2.854619e-001
1.069401e+004,3.100920e-001
1.069449e+004,3.250481e-001
1.069497e+004,3.245941e-001
1.069545e+004,3.049079e-001
1.069593e+004,2.662586e-001
1.069642e+004,2.142007e-001
1.069690e+004,1.590442e-001
1.069738e+004,1.134186e-001
1.069786e+004,8.851012e-002
1.069835e+004,9.019975e-002
1.069883e+004,1.165750e-001
1.069931e+004,1.579336e-001
1.069979e+004,1.995321e-001
1.070027e+004,2.262667e-001
1.070076e+004,2.276527e-001
1.070124e+004,2.012666e-001
1.070172e+004,1.533293e-001
1.070220e+004,9.619837e-002
1.070268e+004,4.373774e-002
1.070317e+004,6.381875e-003
1.070365e+004,-1.218627e-002
1.070413e+004,-1.553229e-002
1.070461e+004,-1.213679e-002
1.070509e+004,-1.139548e-002
1.070558e+004,-1.971922e-002
1.070606e+004,-3.830618e-002
1.070654e+004,-6.330537e-002
1.070702e+004,-8.799818e-002
1.070751e+004,-1.038368e-001
1.070799e+004,-1.088205e-001
1.070847e+004,-1.028671e-001
1.070895e+004,-8.869705e-002
1.070943e+004,-7.018624e-002
1.070992e+004,-5.077839e-002
1.071040e+004,-3.270358e-002
1.071088e+004,-1.718076e-002
1.071136e+004,-5.200671e-003
1.071184e+004,1.803741e-003
1.071233e+004,1.951078e-003
1.071281e+004,-6.357706e-003
1.071329e+004,-2.340906e-002
1.071377e+004,-4.752002e-002
1.071426e+004,-7.524195e-002
1.071474e+004,-1.024308e-001
1.071522e+004,-1.256969e-001
1.071570e+004,-1.435140e-001
1.071618e+004,-1.564174e-001
1.071667e+004,-1.661785e-001
1.071715e+004,-1.743702e-001
1.071763e+004,-1.810704e-001
1.071811e+004,-1.843911e-001
1.071859e+004,-1.811095e-001
1.071908e+004,-1.681059e-001
1.071956e+004,-1.438983e-001
1.072004e+004,-1.095287e-001
1.072052e+004,-6.839881e-002
1.072100e+004,-2.518948e-002
1.072149e+004,1.557120e-002
1.072197e+004,5.061452e-002
1.072245e+004,7.827246e-002
1.072293e+004,9.805173e-002
1.072342e+004,1.098356e-001
1.072390e+004,1.132677e-001
1.072438e+004,1.077148e-001
1.072486e+004,9.284314e-002
1.072534e+004,6.946225e-002
1.072583e+004,4.012084e-002
1.072631e+004,9.057528e-003
1.072679e+004,-1.855201e-002
1.072727e+004,-3.775246e-002
1.072775e+004,-4.489380e-002
1.072824e+004,-3.825976e-002
1.072872e+004,-1.814031e-002
1.072920e+004,1.345667e-002
1.072968e+004,5.313315e-002
1.073017e+004,9.625547e-002
1.073065e+004,1.369976e-001
1.073113e+004,1.685875e-001
1.073161e+004,1.841209e-001
1.073209e+004,1.780760e-001
1.073258e+004,1.482365e-001
1.073306e+004,9.733068e-002
1.073354e+004,3.353561e-002
1.073402e+004,-3.076550e-002
1.073450e+004,-8.197948e-002
1.073499e+004,-1.092902e-001
1.073547e+004,-1.082842e-001
1.073595e+004,-8.278649e-002
1.073643e+004,-4.402410e-002
1.073692e+004,-7.218430e-003
1.073740e+004,1.329372e-002
1.073788e+004,8.699546e-003
1.073836e+004,-2.157688e-002
1.073884e+004,-7.000702e-002
1.073933e+004,-1.238857e-001
1.073981e+004,-1.699239e-001
1.074029e+004,-1.985534e-001
1.074077e+004,-2.064176e-001
1.074125e+004,-1.963069e-001
1.074174e+004,-1.748580e-001
1.074222e+004,-1.491809e-001
1.074270e+004,-1.238822e-001
1.074318e+004,-9.965242e-002
1.074367e+004,-7.382870e-002
1.074415e+004,-4.246200e-002
1.074463e+004,-2.797928e-003
1.074511e+004,4.500150e-002
1.074559e+004,9.761165e-002
1.074608e+004,1.497416e-001
1.074656e+004,1.960710e-001
1.074704e+004,2.329496e-001
1.074752e+004,2.591008e-001
1.074800e+004,2.751492e-001
1.074849e+004,2.824158e-001
1.074897e+004,2.817705e-001
1.074945e+004,2.732483e-001
1.074993e+004,2.566732e-001
1.075041e+004,2.329416e-001
1.075090e+004,2.051956e-001
1.075138e+004,1.790907e-001
1.075186e+004,1.617595e-001
1.075234e+004,1.597008e-001
1.075283e+004,1.763816e-001
1.075331e+004,2.105346e-001
1.075379e+004,2.559005e-001
1.075427e+004,3.025920e-001
1.075475e+004,3.396105e-001
1.075524e+004,3.576318e-001
1.075572e+004,3.511443e-001
1.075620e+004,3.193906e-001
1.075668e+004,2.660878e-001
1.075716e+004,1.983068e-001
1.075765e+004,1.250009e-001
1.075813e+004,5.554010e-002
1.075861e+004,-1.635744e-003
1.075909e+004,-4.025780e-002
1.075958e+004,-5.732650e-002
1.076006e+004,-5.384798e-002
1.076054e+004,-3.484860e-002
1.076102e+004,-8.360213e-003
1.076150e+004,1.662835e-002
1.076199e+004,3.281058e-002
1.076247e+004,3.695576e-002
1.076295e+004,3.111331e-002
1.076343e+004,2.199979e-002
1.076391e+004,1.861817e-002
1.076440e+004,2.893080e-002
1.076488e+004,5.688692e-002
1.076536e+004,1.010201e-001
1.076584e+004,1.551726e-001
1.076632e+004,2.109725e-001
1.076681e+004,2.609150e-001
1.076729e+004,3.006594e-001
1.076777e+004,3.295618e-001
1.076825e+004,3.493491e-001
1.076874e+004,3.617872e-001
1.076922e+004,3.666615e-001
1.076970e+004,3.615134e-001
1.077018e+004,3.428207e-001
1.077066e+004,3.086463e-001
1.077115e+004,2.609840e-001
1.077163e+004,2.064730e-001
1.077211e+004,1.548104e-001
1.077259e+004,1.153324e-001
1.077307e+004,9.321798e-002
1.077356e+004,8.711089e-002
1.077404e+004,8.943252e-002
1.077452e+004,8.947597e-002
1.077500e+004,7.808188e-002
1.077549e+004,5.189881e-002
1.077597e+004,1.531733e-002
1.077645e+004,-2.086948e-002
1.077693e+004,-4.359822e-002
1.077741e+004,-4.272460e-002
1.077790e+004,-1.504097e-002
1.077838e+004,3.457250e-002
1.077886e+004,9.525405e-002
1.077934e+004,1.544582e-001
1.077982e+004,2.024685e-001
1.078031e+004,2.351688e-001
1.078079e+004,2.540225e-001
1.078127e+004,2.635542e-001
1.078175e+004,2.677896e-001
1.078223e+004,2.675522e-001
1.078272e+004,2.600333e-001
1.078320e+004,2.408667e-001
1.078368e+004,2.076528e-001
1.078416e+004,1.630878e-001
1.078465e+004,1.159675e-001
1.078513e+004,7.926869e-002
1.078561e+004,6.585462e-002
1.078609e+004,8.347182e-002
1.078657e+004,1.311171e-001
1.078706e+004,1.983673e-001
1.078754e+004,2.681003e-001
1.078802e+004,3.216901e-001
1.078850e+004,3.447792e-001
1.078898e+004,3.315203e-001
1.078947e+004,2.858223e-001
1.078995e+004,2.193438e-001
1.079043e+004,1.472339e-001
1.079091e+004,8.335681e-002
1.079139e+004,3.670764e-002
1.079188e+004,1.001676e-002
1.079236e+004,5.596053e-004
1.079284e+004,2.380730e-003
1.079332e+004,8.807301e-003
1.079381e+004,1.432157e-002
1.079429e+004,1.540283e-002
1.079477e+004,1.052778e-002
1.079525e+004,-1.600456e-004
1.079573e+004,-1.506257e-002
1.079622e+004,-3.112430e-002
1.079670e+004,-4.389510e-002
1.079718e+004,-4.808792e-002
1.079766e+004,-3.886304e-002
1.079814e+004,-1.361190e-002
1.079863e+004,2.643627e-002
1.079911e+004,7.563020e-002
1.079959e+004,1.249043e-001
1.080007e+004,1.642738e-001
1.080056e+004,1.861611e-001
1.080104e+004,1.880116e-001
1.080152e+004,1.734039e-001
1.080200e+004,1.509224e-001
1.080248e+004,1.311896e-001
1.080297e+004,1.231591e-001
1.080345e+004,1.310877e-001
1.080393e+004,1.533444e-001
1.080441e+004,1.834548e-001
1.080489e+004,2.128296e-001
1.080538e+004,2.339491e-001
1.080586e+004,2.426698e-001
1.080634e+004,2.388440e-001
1.080682e+004,2.252692e-001
1.080730e+004,2.057172e-001
1.080779e+004,1.830864e-001
1.080827e+004,1.585118e-001
1.080875e+004,1.316929e-001
1.080923e+004,1.020657e-001
1.080972e+004,7.005202e-002
1.081020e+004,3.765805e-002
1.081068e+004,8.099886e-003
1.081116e+004,-1.531697e-002
1.081164e+004,-3.046003e-002
1.081213e+004,-3.713148e-002
1.081261e+004,-3.698937e-002
1.081309e+004,-3.274635e-002
1.081357e+004,-2.712667e-002
1.081405e+004,-2.214298e-002
1.081454e+004,-1.902327e-002
1.081502e+004,-1.871569e-002
1.081550e+004,-2.255252e-002
1.081598e+004,-3.255989e-002
1.081647e+004,-5.111325e-002
1.081695e+004,-8.002964e-002
1.081743e+004,-1.195448e-001
1.081791e+004,-1.677301e-001
1.081839e+004,-2.207007e-001
1.081888e+004,-2.735647e-001
1.081936e+004,-3.216762e-001
1.081984e+004,-3.615877e-001
1.082032e+004,-3.912651e-001
1.082080e+004,-4.095245e-001
1.082129e+004,-4.150981e-001
1.082177e+004,-4.059734e-001
1.082225e+004,-3.795520e-001
1.082273e+004,-3.337711e-001
1.082321e+004,-2.688003e-001
1.082370e+004,-1.885453e-001
1.082418e+004,-1.011364e-001
1.082466e+004,-1.794882e-002
1.082514e+004,4.870600e-002
1.082563e+004,8.851605e-002
1.082611e+004,9.577031e-002
1.082659e+004,7.079373e-002
1.082707e+004,1.980452e-002
1.082755e+004,-4.669046e-002
1.082804e+004,-1.163998e-001
1.082852e+004,-1.778758e-001
1.082900e+004,-2.225547e-001
1.082948e+004,-2.458042e-001
1.082996e+004,-2.469660e-001
1.083045e+004,-2.286813e-001
1.083093e+004,-1.958485e-001
1.083141e+004,-1.547567e-001
1.083189e+004,-1.120602e-001
1.083238e+004,-7.404607e-002
1.083286e+004,-4.593424e-002
1.083334e+004,-3.125457e-002
1.083382e+004,-3.138321e-002
1.083430e+004,-4.535930e-002
1.083479e+004,-7.006770e-002
1.083527e+004,-1.007771e-001
1.083575e+004,-1.319151e-001
1.083623e+004,-1.579020e-001
1.083671e+004,-1.738809e-001
1.083720e+004,-1.762595e-001
1.083768e+004,-1.630706e-001
1.083816e+004,-1.342021e-001
1.083864e+004,-9.152630e-002
1.083913e+004,-3.887938e-002
1.083961e+004,1.822509e-002
1.084009e+004,7.326655e-002
1.084057e+004,1.197998e-001
1.084105e+004,1.528068e-001
1.084154e+004,1.700064e-001
1.084202e+004,1.727070e-001
1.084250e+004,1.658144e-001
1.084298e+004,1.567960e-001
1.084346e+004,1.537186e-001
1.084395e+004,1.628297e-001
1.084443e+004,1.864089e-001
1.084491e+004,2.216286e-001
1.084539e+004,2.609036e-001
1.084588e+004,2.937434e-001
1.084636e+004,3.096248e-001
1.084684e+004,3.010579e-001
1.084732e+004,2.659199e-001
1.084780e+004,2.083355e-001
1.084829e+004,1.378058e-001
1.084877e+004,6.682956e-002
1.084925e+004,7.718533e-003
1.084973e+004,-3.045608e-002
1.085021e+004,-4.392630e-002
1.085070e+004,-3.479325e-002
1.085118e+004,-1.007215e-002
1.085166e+004,2.036695e-002
1.085214e+004,4.629832e-002
1.085263e+004,5.940699e-002
1.085311e+004,5.484359e-002
1.085359e+004,3.186709e-002
1.085407e+004,-6.379725e-003
1.085455e+004,-5.376402e-002
1.085504e+004,-1.024784e-001
1.085552e+004,-1.445332e-001
1.085600e+004,-1.731993e-001
1.085648e+004,-1.841913e-001
1.085696e+004,-1.763984e-001
1.085745e+004,-1.520208e-001
1.085793e+004,-1.160594e-001
1.085841e+004,-7.523347e-002
1.085889e+004,-3.655160e-002
1.085938e+004,-5.867357e-003
1.085986e+004,1.321058e-002
1.086034e+004,1.977595e-002
1.086082e+004,1.536381e-002
1.086130e+004,3.116996e-003
1.086179e+004,-1.332298e-002
1.086227e+004,-3.072937e-002
1.086275e+004,-4.694579e-002
1.086323e+004,-6.100800e-002
1.086371e+004,-7.291931e-002
1.086420e+004,-8.325335e-002
1.086468e+004,-9.277600e-002
1.086516e+004,-1.021936e-001
1.086564e+004,-1.120235e-001
1.086613e+004,-1.224942e-001
1.086661e+004,-1.333789e-001
1.086709e+004,-1.437278e-001
1.086757e+004,-1.515869e-001
1.086805e+004,-1.538934e-001
1.086854e+004,-1.467677e-001
1.086902e+004,-1.263440e-001
1.086950e+004,-9.009092e-002
1.086998e+004,-3.832949e-002
1.087046e+004,2.454519e-002
1.087095e+004,8.971249e-002
1.087143e+004,1.448808e-001
1.087191e+004,1.766369e-001
1.087239e+004,1.737806e-001
1.087288e+004,1.307671e-001
1.087336e+004,5.013479e-002
1.087384e+004,-5.704024e-002
1.087432e+004,-1.730797e-001
1.087480e+004,-2.776736e-001
1.087529e+004,-3.528234e-001
1.087577e+004,-3.872925e-001
1.087625e+004,-3.791474e-001
1.087673e+004,-3.355267e-001
1.087721e+004,-2.696891e-001
1.087770e+004,-1.963998e-001
1.087818e+004,-1.273665e-001
1.087866e+004,-6.841079e-002
1.087914e+004,-1.930802e-002
1.087962e+004,2.390542e-002
1.088011e+004,6.535883e-002
1.088059e+004,1.061620e-001
1.088107e+004,1.430059e-001
1.088155e+004,1.691281e-001
1.088204e+004,1.771681e-001
1.088252e+004,1.626080e-001
1.088300e+004,1.262363e-001
1.088348e+004,7.452260e-002
1.088396e+004,1.773129e-002
1.088445e+004,-3.340707e-002
1.088493e+004,-7.105238e-002
1.088541e+004,-9.228799e-002
1.088589e+004,-9.912685e-002
1.088637e+004,-9.669941e-002
1.088686e+004,-9.056932e-002
1.088734e+004,-8.438209e-002
1.088782e+004,-7.876901e-002
1.088830e+004,-7.179068e-002
1.088878e+004,-6.052136e-002
1.088927e+004,-4.294552e-002
1.088975e+004,-1.932280e-002
1.089023e+004,7.478338e-003
1.089071e+004,3.267695e-002
1.089120e+004,5.091693e-002
1.089168e+004,5.773201e-002
1.089216e+004,5.074143e-002
1.089264e+004,3.028093e-002
1.089312e+004,-1.284194e-005
1.089361e+004,-3.381980e-002
1.089409e+004,-6.282295e-002
1.089457e+004,-7.809730e-002
1.089505e+004,-7.200936e-002
1.089553e+004,-4.030909e-002
1.089602e+004,1.616511e-002
1.089650e+004,9.085841e-002
1.089698e+004,1.724610e-001
1.089746e+004,2.474790e-001
1.089795e+004,3.037883e-001
1.089843e+004,3.340272e-001
1.089891e+004,3.375857e-001
1.089939e+004,3.203898e-001
1.089987e+004,2.925062e-001
1.090036e+004,2.644613e-001
1.090084e+004,2.436801e-001
1.090132e+004,2.323777e-001
1.090180e+004,2.276016e-001
1.090228e+004,2.232256e-001
1.090277e+004,2.129171e-001
1.090325e+004,1.927820e-001
1.090373e+004,1.626296e-001
1.090421e+004,1.254855e-001
1.090469e+004,8.578333e-002
1.090518e+004,4.723320e-002
1.090566e+004,1.141691e-002
1.090614e+004,-2.229681e-002
1.090662e+004,-5.564070e-002
1.090711e+004,-8.985715e-002
1.090759e+004,-1.245221e-001
1.090807e+004,-1.573934e-001
1.090855e+004,-1.853087e-001
1.090903e+004,-2.055889e-001
1.090952e+004,-2.171442e-001
1.091000e+004,-2.206645e-001
1.091048e+004,-2.177935e-001
1.091096e+004,-2.097526e-001
1.091144e+004,-1.962100e-001
1.091193e+004,-1.750883e-001
1.091241e+004,-1.435470e-001
1.091289e+004,-9.974575e-002
1.091337e+004,-4.453487e-002
1.091386e+004,1.782839e-002
1.091434e+004,8.042394e-002
1.091482e+004,1.356692e-001
1.091530e+004,1.777590e-001
1.091578e+004,2.044757e-001
1.091627e+004,2.175498e-001
1.091675e+004,2.213834e-001
1.091723e+004,2.207087e-001
1.091771e+004,2.182644e-001
1.091819e+004,2.135886e-001
1.091868e+004,2.035126e-001
1.091916e+004,1.841493e-001
1.091964e+004,1.534442e-001
1.092012e+004,1.130545e-001
1.092060e+004,6.857258e-002
1.092109e+004,2.783304e-002
1.092157e+004,-2.067940e-003
1.092205e+004,-1.776127e-002
1.092253e+004,-2.123355e-002
1.092302e+004,-1.925332e-002
1.092350e+004,-2.068955e-002
1.092398e+004,-3.271941e-002
1.092446e+004,-5.751925e-002
1.092494e+004,-9.085988e-002
1.092543e+004,-1.232854e-001
1.092591e+004,-1.434968e-001
1.092639e+004,-1.426656e-001
1.092687e+004,-1.180380e-001
1.092735e+004,-7.447071e-002
1.092784e+004,-2.332003e-002
1.092832e+004,2.092658e-002
1.092880e+004,4.508761e-002
1.092928e+004,4.125642e-002
1.092977e+004,9.005007e-003
1.093025e+004,-4.477382e-002
1.093073e+004,-1.081326e-001
1.093121e+004,-1.675441e-001
1.093169e+004,-2.114406e-001
1.093218e+004,-2.328351e-001
1.093266e+004,-2.304579e-001
1.093314e+004,-2.083285e-001
1.093362e+004,-1.740918e-001
1.093410e+004,-1.366884e-001
1.093459e+004,-1.039945e-001
1.093507e+004,-8.099330e-002
1.093555e+004,-6.886425e-002
1.093603e+004,-6.515680e-002
1.093651e+004,-6.496602e-002
1.093700e+004,-6.278583e-002
1.093748e+004,-5.452750e-002
1.093796e+004,-3.910222e-002
1.093844e+004,-1.903294e-002
1.093893e+004,1.948839e-004
1.093941e+004,1.194379e-002
1.093989e+004,1.086233e-002
1.094037e+004,-4.881066e-003
1.094085e+004,-3.240811e-002
1.094134e+004,-6.450249e-002
1.094182e+004,-9.152345e-002
1.094230e+004,-1.042909e-001
1.094278e+004,-9.700570e-002
1.094326e+004,-6.920884e-002
1.094375e+004,-2.606002e-002
1.094423e+004,2.322325e-002
1.094471e+004,6.827300e-002
1.094519e+004,1.008344e-001
1.094568e+004,1.172725e-001
1.094616e+004,1.194991e-001
1.094664e+004,1.140663e-001
1.094712e+004,1.097785e-001
1.094760e+004,1.146225e-001
1.094809e+004,1.329907e-001
1.094857e+004,1.640483e-001
1.094905e+004,2.017224e-001
1.094953e+004,2.362891e-001
1.095001e+004,2.570543e-001
1.095050e+004,2.553163e-001
1.095098e+004,2.267525e-001
1.095146e+004,1.725853e-001
1.095194e+004,9.927155e-002
1.095242e+004,1.689207e-002
1.095291e+004,-6.324041e-002
1.095339e+004,-1.310851e-001
1.095387e+004,-1.798718e-001
1.095435e+004,-2.070992e-001
1.095484e+004,-2.148349e-001
1.095532e+004,-2.085308e-001
1.095580e+004,-1.955605e-001
1.095628e+004,-1.834194e-001
1.095676e+004,-1.780321e-001
1.095725e+004,-1.824563e-001
1.095773e+004,-1.962001e-001
1.095821e+004,-2.152809e-001
1.095869e+004,-2.330573e-001
1.095917e+004,-2.417233e-001
1.095966e+004,-2.341846e-001
1.096014e+004,-2.058919e-001
1.096062e+004,-1.561549e-001
1.096110e+004,-8.855259e-002
1.096159e+004,-1.028824e-002
1.096207e+004,6.934270e-002
1.096255e+004,1.409196e-001
1.096303e+004,1.967044e-001
1.096351e+004,2.317927e-001
1.096400e+004,2.444112e-001
1.096448e+004,2.355407e-001
1.096496e+004,2.082856e-001
1.096544e+004,1.674093e-001
1.096592e+004,1.191951e-001
1.096641e+004,7.143714e-002
1.096689e+004,3.312076e-002
1.096737e+004,1.338362e-002
1.096785e+004,1.967967e-002
1.096833e+004,5.554086e-002
1.096882e+004,1.187120e-001
1.096930e+004,2.005136e-001
1.096978e+004,2.870041e-001
1.097026e+004,3.619234e-001
1.097075e+004,4.106955e-001
1.097123e+004,4.242336e-001
1.097171e+004,4.012110e-001
1.097219e+004,3.479561e-001
1.097267e+004,2.760403e-001
1.097316e+004,1.985242e-001
1.097364e+004,1.262968e-001
1.097412e+004,6.579607e-002
1.097460e+004,1.873811e-002
1.097508e+004,-1.636876e-002
1.097557e+004,-4.183922e-002
1.097605e+004,-5.873115e-002
1.097653e+004,-6.599405e-002
1.097701e+004,-6.114855e-002
1.097750e+004,-4.208006e-002
1.097798e+004,-9.033276e-003
1.097846e+004,3.418756e-002
1.097894e+004,8.045758e-002
1.097942e+004,1.210389e-001
1.097991e+004,1.481704e-001
1.098039e+004,1.575826e-001
1.098087e+004,1.499866e-001
1.098135e+004,1.309498e-001
1.098183e+004,1.091488e-001
1.098232e+004,9.357619e-002
1.098280e+004,9.065102e-002
1.098328e+004,1.022097e-001
1.098376e+004,1.250346e-001
1.098425e+004,1.520389e-001
1.098473e+004,1.746738e-001
1.098521e+004,1.856684e-001
1.098569e+004,1.814032e-001
1.098617e+004,1.627000e-001
1.098666e+004,1.341581e-001
1.098714e+004,1.021830e-001
1.098762e+004,7.256676e-002
1.098810e+004,4.859113e-002
1.098858e+004,3.037067e-002
1.098907e+004,1.560824e-002
1.098955e+004,1.345737e-003
1.099003e+004,-1.411467e-002
1.099051e+004,-2.999018e-002
1.099099e+004,-4.303480e-002
1.099148e+004,-4.875681e-002
1.099196e+004,-4.326513e-002
1.099244e+004,-2.492982e-002
1.099292e+004,4.812232e-003
1.099341e+004,4.175141e-002
1.099389e+004,8.005901e-002
1.099437e+004,1.137399e-001
1.099485e+004,1.378111e-001
1.099533e+004,1.489049e-001
1.099582e+004,1.453870e-001
1.099630e+004,1.273533e-001
1.099678e+004,9.683412e-002
1.099726e+004,5.822487e-002
1.099774e+004,1.856147e-002
1.099823e+004,-1.293890e-002
1.099871e+004,-2.646916e-002
1.099919e+004,-1.421277e-002
1.099967e+004,2.684255e-002
1.100016e+004,9.297136e-002
1.100064e+004,1.736347e-001
1.100112e+004,2.536373e-001
1.100160e+004,3.170404e-001
1.100208e+004,3.516016e-001
1.100257e+004,3.521948e-001
1.100305e+004,3.219662e-001
1.100353e+004,2.708438e-001
1.100401e+004,2.120529e-001
1.100449e+004,1.580188e-001
1.100498e+004,1.171461e-001
1.100546e+004,9.245245e-002
1.100594e+004,8.219878e-002
1.100642e+004,8.188537e-002
1.100690e+004,8.659264e-002
1.100739e+004,9.274191e-002
1.100787e+004,9.882092e-002
1.100835e+004,1.051778e-001
1.100883e+004,1.133336e-001
1.100932e+004,1.252675e-001
1.100980e+004,1.428696e-001
1.101028e+004,1.674618e-001
1.101076e+004,1.991878e-001
1.101124e+004,2.362412e-001
1.101173e+004,2.742111e-001
1.101221e+004,3.060672e-001
1.101269e+004,3.232386e-001
1.101317e+004,3.178457e-001
1.101365e+004,2.855419e-001
1.101414e+004,2.279297e-001
1.101462e+004,1.534148e-001
1.101510e+004,7.581533e-002
1.101558e+004,1.088165e-002
1.101607e+004,-2.818858e-002
1.101655e+004,-3.483953e-002
1.101703e+004,-1.110093e-002
1.101751e+004,3.306521e-002
1.101799e+004,8.291472e-002
1.101848e+004,1.234036e-001
1.101896e+004,1.434469e-001
1.101944e+004,1.385795e-001
1.101992e+004,1.113245e-001
1.102040e+004,6.943296e-002
1.102089e+004,2.285954e-002
1.102137e+004,-1.936526e-002
1.102185e+004,-5.135507e-002
1.102233e+004,-7.114534e-002
1.102281e+004,-8.007552e-002
1.102330e+004,-8.128500e-002
1.102378e+004,-7.803874e-002
1.102426e+004,-7.251928e-002
1.102474e+004,-6.545176e-002
1.102523e+004,-5.657599e-002
1.102571e+004,-4.567444e-002
1.102619e+004,-3.366302e-002
1.102667e+004,-2.322223e-002
1.102715e+004,-1.858737e-002
1.102764e+004,-2.442623e-002
1.102812e+004,-4.412269e-002
1.102860e+004,-7.810455e-002
1.102908e+004,-1.229596e-001
1.102956e+004,-1.718681e-001
1.103005e+004,-2.164032e-001
1.103053e+004,-2.491639e-001
1.103101e+004,-2.662856e-001
1.103149e+004,-2.687851e-001
1.103198e+004,-2.620808e-001
1.103246e+004,-2.537288e-001
1.103294e+004,-2.501943e-001
1.103342e+004,-2.539616e-001
1.103390e+004,-2.622241e-001
1.103439e+004,-2.677958e-001
1.103487e+004,-2.619604e-001
1.103535e+004,-2.381431e-001
1.103583e+004,-1.949000e-001
1.103631e+004,-1.369570e-001
1.103680e+004,-7.381964e-002
1.103728e+004,-1.649167e-002
1.103776e+004,2.637587e-002
1.103824e+004,5.138217e-002
1.103872e+004,6.126494e-002
1.103921e+004,6.361166e-002
1.103969e+004,6.809627e-002
1.104017e+004,8.341443e-002
1.104065e+004,1.149999e-001
1.104114e+004,1.640750e-001
1.104162e+004,2.279289e-001
1.104210e+004,3.008575e-001
1.104258e+004,3.751405e-001
1.104306e+004,4.417333e-001
1.104355e+004,4.908099e-001
1.104403e+004,5.125912e-001
1.104451e+004,4.988492e-001
1.104499e+004,4.450741e-001
1.104547e+004,3.527581e-001
1.104596e+004,2.308493e-001
1.104644e+004,9.543214e-002
1.104692e+004,-3.290651e-002
1.104740e+004,-1.333692e-001
1.104789e+004,-1.904220e-001
1.104837e+004,-1.979693e-001
1.104885e+004,-1.611556e-001
1.104933e+004,-9.501094e-002
1.104981e+004,-2.035107e-002
1.105030e+004,4.174779e-002
1.105078e+004,7.520442e-002
1.105126e+004,7.243900e-002
1.105174e+004,3.530153e-002
1.105222e+004,-2.656450e-002
1.105271e+004,-9.914200e-002
1.105319e+004,-1.680143e-001
1.105367e+004,-2.216763e-001
1.105415e+004,-2.533962e-001
1.105463e+004,-2.614760e-001
1.105512e+004,-2.483021e-001
1.105560e+004,-2.188440e-001
1.105608e+004,-1.792066e-001
1.105656e+004,-1.355752e-001
1.105705e+004,-9.359328e-002
1.105753e+004,-5.799543e-002
1.105801e+004,-3.227893e-002
1.105849e+004,-1.830428e-002
1.105897e+004,-1.588717e-002
1.105946e+004,-2.258177e-002
1.105994e+004,-3.387560e-002
1.106042e+004,-4.391529e-002
1.106090e+004,-4.669791e-002
1.106138e+004,-3.748449e-002
1.106187e+004,-1.408068e-002
1.106235e+004,2.236360e-002
1.106283e+004,6.727557e-002
1.106331e+004,1.133579e-001
1.106379e+004,1.519380e-001
1.106428e+004,1.747038e-001
1.106476e+004,1.754954e-001
1.106524e+004,1.518037e-001
1.106572e+004,1.056453e-001
1.106621e+004,4.353491e-002
1.106669e+004,-2.457736e-002
1.106717e+004,-8.729495e-002
1.106765e+004,-1.342662e-001
1.106813e+004,-1.585138e-001
1.106862e+004,-1.579026e-001
1.106910e+004,-1.352668e-001
1.106958e+004,-9.712527e-002
1.107006e+004,-5.137685e-002
1.107054e+004,-4.730671e-003
1.107103e+004,3.922758e-002
1.107151e+004,8.060358e-002
1.107199e+004,1.221444e-001
1.107247e+004,1.669648e-001
1.107296e+004,2.159890e-001
1.107344e+004,2.662274e-001
1.107392e+004,3.107279e-001
1.107440e+004,3.403957e-001
1.107488e+004,3.471237e-001
1.107537e+004,3.271103e-001
1.107585e+004,2.830935e-001
1.107633e+004,2.245766e-001
1.107681e+004,1.658256e-001
1.107729e+004,1.222049e-001
1.107778e+004,1.060689e-001
1.107826e+004,1.229713e-001
1.107874e+004,1.703496e-001
1.107922e+004,2.379855e-001
1.107971e+004,3.106601e-001
1.108019e+004,3.721273e-001
1.108067e+004,4.092909e-001
1.108115e+004,4.154504e-001
1.108163e+004,3.917737e-001
1.108212e+004,3.466456e-001
1.108260e+004,2.931017e-001
1.108308e+004,2.450375e-001
1.108356e+004,2.132033e-001
1.108404e+004,2.020816e-001
1.108453e+004,2.085484e-001
1.108501e+004,2.227649e-001
1.108549e+004,2.311044e-001
1.108597e+004,2.202802e-001
1.108646e+004,1.814272e-001
1.108694e+004,1.129047e-001
1.108742e+004,2.102277e-002
1.108790e+004,-8.139698e-002
1.108838e+004,-1.780614e-001
1.108887e+004,-2.528979e-001
1.108935e+004,-2.934324e-001
1.108983e+004,-2.931461e-001
1.109031e+004,-2.524835e-001
1.109079e+004,-1.785378e-001
1.109128e+004,-8.365165e-002
1.109176e+004,1.676470e-002
1.109224e+004,1.069325e-001
1.109272e+004,1.736534e-001
1.109321e+004,2.091251e-001
1.109369e+004,2.130173e-001
1.109417e+004,1.930484e-001
1.109465e+004,1.634416e-001
1.109513e+004,1.411936e-001
1.109562e+004,1.409397e-001
1.109610e+004,1.699766e-001
1.109658e+004,2.252733e-001
1.109706e+004,2.938244e-001
1.109754e+004,3.565615e-001
1.109803e+004,3.946722e-001
1.109851e+004,3.961399e-001
1.109899e+004,3.601097e-001
1.109947e+004,2.974363e-001
1.109996e+004,2.271871e-001
1.110044e+004,1.703909e-001
1.110092e+004,1.432875e-001
1.110140e+004,1.524431e-001
1.110188e+004,1.933178e-001
1.110237e+004,2.525540e-001
1.110285e+004,3.128998e-001
1.110333e+004,3.588195e-001
1.110381e+004,3.807947e-001
1.110429e+004,3.770429e-001
1.110478e+004,3.524770e-001
1.110526e+004,3.157195e-001
1.110574e+004,2.755081e-001
1.110622e+004,2.377768e-001
1.110671e+004,2.042354e-001
1.110719e+004,1.726407e-001
1.110767e+004,1.384004e-001
1.110815e+004,9.683856e-002
1.110863e+004,4.544315e-002
1.110912e+004,-1.486907e-002
1.110960e+004,-7.927074e-002
1.111008e+004,-1.400957e-001
1.111056e+004,-1.889538e-001
1.111104e+004,-2.193678e-001
1.111153e+004,-2.290736e-001
1.111201e+004,-2.211119e-001
1.111249e+004,-2.031742e-001
1.111297e+004,-1.852824e-001
1.111346e+004,-1.765437e-001
1.111394e+004,-1.821443e-001
1.111442e+004,-2.017156e-001
1.111490e+004,-2.297017e-001
1.111538e+004,-2.575741e-001
1.111587e+004,-2.769919e-001
1.111635e+004,-2.826382e-001
1.111683e+004,-2.736260e-001
1.111731e+004,-2.530192e-001
1.111779e+004,-2.258604e-001
1.111828e+004,-1.967226e-001
1.111876e+004,-1.679364e-001
1.111924e+004,-1.391867e-001
1.111972e+004,-1.084561e-001
1.112020e+004,-7.364655e-002
1.112069e+004,-3.399938e-002
1.112117e+004,9.325190e-003
1.112165e+004,5.360887e-002
1.112213e+004,9.547894e-002
1.112262e+004,1.317566e-001
1.112310e+004,1.598385e-001
1.112358e+004,1.776163e-001
1.112406e+004,1.833056e-001
1.112454e+004,1.756200e-001
1.112503e+004,1.544460e-001
1.112551e+004,1.217256e-001
1.112599e+004,8.193293e-002
1.112647e+004,4.158751e-002
1.112695e+004,7.676553e-003
1.112744e+004,-1.452469e-002
1.112792e+004,-2.331046e-002
1.112840e+004,-2.115294e-002
1.112888e+004,-1.365018e-002
1.112937e+004,-7.193121e-003
1.112985e+004,-6.391152e-003
1.113033e+004,-1.242078e-002
1.113081e+004,-2.298552e-002
1.113129e+004,-3.374752e-002
1.113178e+004,-4.037924e-002
1.113226e+004,-4.014169e-002
1.113274e+004,-3.223518e-002
1.113322e+004,-1.690361e-002
1.113370e+004,5.980469e-003
1.113419e+004,3.779142e-002
1.113467e+004,8.072586e-002
1.113515e+004,1.361153e-001
1.113563e+004,2.023572e-001
1.113611e+004,2.737370e-001
1.113660e+004,3.410905e-001
1.113708e+004,3.943582e-001
1.113756e+004,4.260623e-001
1.113804e+004,4.341624e-001
1.113853e+004,4.228932e-001
1.113901e+004,4.010545e-001
1.113949e+004,3.785242e-001
1.113997e+004,3.615999e-001
1.114045e+004,3.509594e-001
1.114094e+004,3.412581e-001
1.114142e+004,3.235532e-001
1.114190e+004,2.892292e-001
1.114238e+004,2.337183e-001
1.114286e+004,1.585124e-001
1.114335e+004,7.081352e-002
1.114383e+004,-1.879184e-002
1.114431e+004,-9.952994e-002
1.114479e+004,-1.632340e-001
1.114528e+004,-2.058455e-001
1.114576e+004,-2.274165e-001
1.114624e+004,-2.310349e-001
1.114672e+004,-2.213895e-001
1.114720e+004,-2.035727e-001
1.114769e+004,-1.823481e-001
1.114817e+004,-1.617590e-001
1.114865e+004,-1.448222e-001
1.114913e+004,-1.331742e-001
1.114961e+004,-1.267626e-001
1.115010e+004,-1.238238e-001
1.115058e+004,-1.213393e-001
1.115106e+004,-1.159512e-001
1.115154e+004,-1.050702e-001
1.115202e+004,-8.778022e-002
1.115251e+004,-6.520908e-002
1.115299e+004,-4.026254e-002
1.115347e+004,-1.687753e-002
1.115395e+004,9.026445e-004
1.115444e+004,9.768986e-003
1.115492e+004,7.797063e-003
1.115540e+004,-5.060952e-003
1.115588e+004,-2.661647e-002
1.115636e+004,-5.232473e-002
1.115685e+004,-7.566451e-002
1.115733e+004,-8.926123e-002
1.115781e+004,-8.675194e-002
1.115829e+004,-6.497845e-002
1.115877e+004,-2.573372e-002
1.115926e+004,2.378282e-002
1.115974e+004,7.231075e-002
1.116022e+004,1.075172e-001
1.116070e+004,1.197552e-001
1.116118e+004,1.052891e-001
1.116167e+004,6.779232e-002
1.116215e+004,1.751616e-002
1.116263e+004,-3.160512e-002
1.116311e+004,-6.590655e-002
1.116360e+004,-7.564185e-002
1.116408e+004,-5.715377e-002
1.116456e+004,-1.302707e-002
1.116504e+004,4.951066e-002
1.116552e+004,1.210801e-001
1.116601e+004,1.925413e-001
1.116649e+004,2.566117e-001
1.116697e+004,3.085425e-001
1.116745e+004,3.460801e-001
1.116793e+004,3.690654e-001
1.116842e+004,3.789046e-001
1.116890e+004,3.779753e-001
1.116938e+004,3.689477e-001
1.116986e+004,3.540839e-001
1.117035e+004,3.347892e-001
1.117083e+004,3.114174e-001
1.117131e+004,2.840212e-001
1.117179e+004,2.533548e-001
1.117227e+004,2.218833e-001
1.117276e+004,1.941170e-001
1.117324e+004,1.758072e-001
1.117372e+004,1.720593e-001
1.117420e+004,1.850172e-001
1.117468e+004,2.121388e-001
1.117517e+004,2.459759e-001
1.117565e+004,2.758152e-001
1.117613e+004,2.907607e-001
1.117661e+004,2.831925e-001
1.117709e+004,2.513144e-001
1.117758e+004,1.998334e-001
1.117806e+004,1.385626e-001
1.117854e+004,7.957216e-002
1.117902e+004,3.401104e-002
1.117951e+004,9.700472e-003
1.117999e+004,1.008415e-002
1.118047e+004,3.444233e-002
1.118095e+004,7.879058e-002
1.118143e+004,1.368119e-001
1.118192e+004,2.004878e-001
1.118240e+004,2.605501e-001
1.118288e+004,3.071621e-001
1.118336e+004,3.311712e-001
1.118384e+004,3.258760e-001
1.118433e+004,2.887993e-001
1.118481e+004,2.227076e-001
1.118529e+004,1.353063e-001
1.118577e+004,3.754257e-002
1.118626e+004,-5.895526e-002
1.118674e+004,-1.444048e-001
1.118722e+004,-2.125017e-001
1.118770e+004,-2.607295e-001
1.118818e+004,-2.895319e-001
1.118867e+004,-3.010149e-001
1.118915e+004,-2.979427e-001
1.118963e+004,-2.834595e-001
1.119011e+004,-2.614268e-001
1.119059e+004,-2.367981e-001
1.119108e+004,-2.153827e-001
1.119156e+004,-2.026781e-001
1.119204e+004,-2.020441e-001
1.119252e+004,-2.130045e-001
1.119300e+004,-2.305827e-001
1.119349e+004,-2.462172e-001
1.119397e+004,-2.501388e-001
1.119445e+004,-2.344446e-001
1.119493e+004,-1.957955e-001
1.119542e+004,-1.367726e-001
1.119590e+004,-6.543048e-002
1.119638e+004,6.770331e-003
1.119686e+004,6.791978e-002
1.119734e+004,1.085342e-001
1.119783e+004,1.235242e-001
1.119831e+004,1.128351e-001
1.119879e+004,8.082279e-002
1.119927e+004,3.477052e-002
1.119975e+004,-1.691926e-002
1.120024e+004,-6.639236e-002
1.120072e+004,-1.075708e-001
1.120120e+004,-1.365501e-001
1.120168e+004,-1.525026e-001
1.120217e+004,-1.564232e-001
1.120265e+004,-1.506929e-001
1.120313e+004,-1.382148e-001
1.120361e+004,-1.216678e-001
1.120409e+004,-1.030691e-001
1.120458e+004,-8.370972e-002
1.120506e+004,-6.437752e-002
1.120554e+004,-4.568672e-002
1.120602e+004,-2.833879e-002
1.120650e+004,-1.325022e-002
1.120699e+004,-1.605227e-003
1.120747e+004,5.056676e-003
1.120795e+004,4.689127e-003
1.120843e+004,-5.344588e-003
1.120892e+004,-2.802230e-002
1.120940e+004,-6.585590e-002
1.120988e+004,-1.195579e-001
1.121036e+004,-1.865944e-001
1.121084e+004,-2.603339e-001
1.121133e+004,-3.304822e-001
1.121181e+004,-3.850798e-001
1.121229e+004,-4.136711e-001
1.121277e+004,-4.105961e-001
1.121325e+004,-3.770904e-001
1.121374e+004,-3.211387e-001
1.121422e+004,-2.548367e-001
1.121470e+004,-1.900812e-001
1.121518e+004,-1.342349e-001
1.121567e+004,-8.758663e-002
1.121615e+004,-4.373053e-002
1.121663e+004,7.236605e-003
1.121711e+004,7.402834e-002
1.121759e+004,1.599532e-001
1.121808e+004,2.609263e-001
1.121856e+004,3.664921e-001
1.121904e+004,4.633252e-001
1.121952e+004,5.396059e-001
1.122000e+004,5.883704e-001
1.122049e+004,6.085588e-001
1.122097e+004,6.036751e-001
1.122145e+004,5.790741e-001
1.122193e+004,5.394056e-001
1.122241e+004,4.874345e-001
1.122290e+004,4.246208e-001
1.122338e+004,3.528598e-001
1.122386e+004,2.761714e-001
1.122434e+004,2.011894e-001
1.122483e+004,1.359729e-001
1.122531e+004,8.759001e-002
1.122579e+004,5.960055e-002
1.122627e+004,5.063920e-002
1.122675e+004,5.478420e-002
1.122724e+004,6.356042e-002
1.122772e+004,6.870283e-002
1.122820e+004,6.453317e-002
1.122868e+004,4.909556e-002
1.122916e+004,2.384941e-002
1.122965e+004,-7.620561e-003
1.123013e+004,-4.108950e-002
1.123061e+004,-7.269633e-002
1.123109e+004,-9.921744e-002
1.123158e+004,-1.178228e-001
1.123206e+004,-1.263737e-001
1.123254e+004,-1.215371e-001
1.123302e+004,-1.014438e-001
1.123350e+004,-6.592461e-002
1.123399e+004,-1.718049e-002
1.123447e+004,4.008413e-002
1.123495e+004,9.916154e-002
1.123543e+004,1.523110e-001
1.123591e+004,1.919244e-001
1.123640e+004,2.116643e-001
1.123688e+004,2.074851e-001
1.123736e+004,1.785245e-001
1.123784e+004,1.277968e-001
1.123832e+004,6.247282e-002
1.123881e+004,-6.587222e-003
1.123929e+004,-6.632528e-002
1.123977e+004,-1.040082e-001
1.124025e+004,-1.103538e-001
1.124074e+004,-8.240852e-002
1.124122e+004,-2.512546e-002
1.124170e+004,4.921442e-002
1.124218e+004,1.239260e-001
1.124266e+004,1.824753e-001
1.124315e+004,2.132014e-001
1.124363e+004,2.125645e-001
1.124411e+004,1.858060e-001
1.124459e+004,1.448861e-001
1.124507e+004,1.045647e-001
1.124556e+004,7.809165e-002
1.124604e+004,7.397218e-002
1.124652e+004,9.470347e-002
1.124700e+004,1.375058e-001
1.124748e+004,1.962883e-001
1.124797e+004,2.637596e-001
1.124845e+004,3.328164e-001
1.124893e+004,3.969415e-001
1.124941e+004,4.499553e-001
1.124990e+004,4.857871e-001
1.125038e+004,4.988255e-001
1.125086e+004,4.849844e-001
1.125134e+004,4.431064e-001
1.125182e+004,3.760292e-001
1.125231e+004,2.906979e-001
1.125279e+004,1.970874e-001
1.125327e+004,1.061806e-001
1.125375e+004,2.762623e-002
1.125423e+004,-3.221888e-002
1.125472e+004,-7.133991e-002
1.125520e+004,-9.204761e-002
1.125568e+004,-1.000825e-001
1.125616e+004,-1.032202e-001
1.125665e+004,-1.097337e-001
1.125713e+004,-1.269138e-001
1.125761e+004,-1.597026e-001
1.125809e+004,-2.094873e-001
1.125857e+004,-2.732192e-001
1.125906e+004,-3.431816e-001
1.125954e+004,-4.077600e-001
1.126002e+004,-4.533795e-001
1.126050e+004,-4.674071e-001
1.126098e+004,-4.413945e-001
1.126147e+004,-3.737681e-001
1.126195e+004,-2.710792e-001
1.126243e+004,-1.472626e-001
1.126291e+004,-2.013974e-002
1.126339e+004,9.033953e-002
1.126388e+004,1.683194e-001
1.126436e+004,2.048389e-001
1.126484e+004,1.993811e-001
1.126532e+004,1.592946e-001
1.126581e+004,9.739882e-002
1.126629e+004,2.854093e-002
1.126677e+004,-3.393086e-002
1.126725e+004,-8.088420e-002
1.126773e+004,-1.087069e-001
1.126822e+004,-1.190339e-001
1.126870e+004,-1.171775e-001
1.126918e+004,-1.098718e-001
1.126966e+004,-1.030540e-001
1.127014e+004,-1.003142e-001
1.127063e+004,-1.023926e-001
1.127111e+004,-1.077751e-001
1.127159e+004,-1.140849e-001
1.127207e+004,-1.196981e-001
1.127256e+004,-1.248921e-001
1.127304e+004,-1.319833e-001
1.127352e+004,-1.442889e-001
1.127400e+004,-1.642594e-001
1.127448e+004,-1.915601e-001
1.127497e+004,-2.220408e-001
1.127545e+004,-2.482842e-001
1.127593e+004,-2.618233e-001
1.127641e+004,-2.563398e-001
1.127689e+004,-2.305838e-001
1.127738e+004,-1.896775e-001
1.127786e+004,-1.440167e-001
1.127834e+004,-1.059447e-001
1.127882e+004,-8.534586e-002
1.127930e+004,-8.585648e-002
1.127979e+004,-1.032765e-001
1.128027e+004,-1.269688e-001
1.128075e+004,-1.438614e-001
1.128123e+004,-1.435560e-001
1.128172e+004,-1.225058e-001
1.128220e+004,-8.552693e-002
1.128268e+004,-4.396315e-002
1.128316e+004,-1.120221e-002
1.128364e+004,2.667455e-003
1.128413e+004,-5.071044e-003
1.128461e+004,-2.854209e-002
1.128509e+004,-5.530255e-002
1.128557e+004,-7.072566e-002
1.128605e+004,-6.300744e-002
1.128654e+004,-2.696682e-002
1.128702e+004,3.456680e-002
1.128750e+004,1.119750e-001
1.128798e+004,1.919381e-001
1.128847e+004,2.611382e-001
1.128895e+004,3.093690e-001
1.128943e+004,3.313060e-001
1.128991e+004,3.267803e-001
1.129039e+004,2.998471e-001
1.129088e+004,2.571360e-001
1.129136e+004,2.059575e-001
1.129184e+004,1.525581e-001
1.129232e+004,1.008494e-001
1.129280e+004,5.191457e-002
1.129329e+004,4.486772e-003
1.129377e+004,-4.293356e-002
1.129425e+004,-9.269431e-002
1.129473e+004,-1.434500e-001
1.129521e+004,-1.901870e-001
1.129570e+004,-2.250015e-001
1.129618e+004,-2.394990e-001
1.129666e+004,-2.280859e-001
1.129714e+004,-1.908579e-001
1.129763e+004,-1.347370e-001
1.129811e+004,-7.208148e-002
1.129859e+004,-1.704120e-002
1.129907e+004,1.903168e-002
1.129955e+004,3.128726e-002
1.130004e+004,2.265903e-002
1.130052e+004,2.170056e-003
1.130100e+004,-1.904400e-002
1.130148e+004,-3.234137e-002
1.130196e+004,-3.489962e-002
1.130245e+004,-3.042130e-002
1.130293e+004,-2.704986e-002
1.130341e+004,-3.355014e-002
1.130389e+004,-5.550649e-002
1.130438e+004,-9.313660e-002
1.130486e+004,-1.414481e-001
1.130534e+004,-1.923579e-001
1.130582e+004,-2.375863e-001
1.130630e+004,-2.709764e-001
1.130679e+004,-2.893825e-001
1.130727e+004,-2.921335e-001
1.130775e+004,-2.798337e-001
1.130823e+004,-2.535124e-001
1.130871e+004,-2.147659e-001
1.130920e+004,-1.667773e-001
1.130968e+004,-1.154067e-001
1.131016e+004,-6.931009e-002
1.131064e+004,-3.842401e-002
1.131113e+004,-3.099197e-002
1.131161e+004,-5.019187e-002
1.131209e+004,-9.187277e-002
1.131257e+004,-1.446586e-001
1.131305e+004,-1.927772e-001
1.131354e+004,-2.208353e-001
1.131402e+004,-2.188797e-001
1.131450e+004,-1.858676e-001
1.131498e+004,-1.302018e-001
1.131546e+004,-6.706492e-002
1.131595e+004,-1.344534e-002
1.131643e+004,1.744323e-002
1.131691e+004,2.045193e-002
1.131739e+004,4.145986e-005
1.131788e+004,-3.145673e-002
1.131836e+004,-5.827112e-002
1.131884e+004,-6.675854e-002
1.131932e+004,-5.013264e-002
1.131980e+004,-1.070241e-002
1.132029e+004,4.109363e-002
1.132077e+004,9.042481e-002
1.132125e+004,1.232223e-001
1.132173e+004,1.309540e-001
1.132221e+004,1.133654e-001
1.132270e+004,7.822096e-002
1.132318e+004,3.818875e-002
1.132366e+004,6.119625e-003
1.132414e+004,-9.375203e-003
1.132463e+004,-6.123756e-003
1.132511e+004,1.077255e-002
1.132559e+004,3.341843e-002
1.132607e+004,5.445796e-002
1.132655e+004,7.009203e-002
1.132704e+004,8.094037e-002
1.132752e+004,9.048066e-002
1.132800e+004,1.019461e-001
1.132848e+004,1.152906e-001
1.132896e+004,1.257931e-001
1.132945e+004,1.250849e-001
1.132993e+004,1.042204e-001
1.133041e+004,5.742764e-002
1.133089e+004,-1.514462e-002
1.133138e+004,-1.068580e-001
1.133186e+004,-2.063166e-001
1.133234e+004,-3.004972e-001
1.133282e+004,-3.779049e-001
1.133330e+004,-4.306270e-001
1.133379e+004,-4.548868e-001
1.133427e+004,-4.504564e-001
1.133475e+004,-4.197221e-001
1.133523e+004,-3.670800e-001
1.133571e+004,-2.988372e-001
1.133620e+004,-2.232033e-001
1.133668e+004,-1.496977e-001
1.133716e+004,-8.755364e-002
1.133764e+004,-4.334451e-002
1.133813e+004,-1.871584e-002
1.133861e+004,-9.377637e-003
1.133909e+004,-6.186174e-003
1.133957e+004,1.727525e-003
1.134005e+004,2.285881e-002
1.134054e+004,5.999560e-002
1.134102e+004,1.092209e-001
1.134150e+004,1.618075e-001
1.134198e+004,2.081638e-001
1.134246e+004,2.419516e-001
1.134295e+004,2.623836e-001
1.134343e+004,2.735873e-001
1.134391e+004,2.813621e-001
1.134439e+004,2.889459e-001
1.134487e+004,2.939748e-001
1.134536e+004,2.883288e-001
1.134584e+004,2.612467e-001
1.134632e+004,2.044912e-001
1.134680e+004,1.172845e-001
1.134729e+004,8.734657e-003
1.134777e+004,-1.034483e-001
1.134825e+004,-1.975756e-001
1.134873e+004,-2.542256e-001
1.134921e+004,-2.618457e-001
1.134970e+004,-2.197873e-001
1.135018e+004,-1.379078e-001
1.135066e+004,-3.317411e-002
1.135114e+004,7.526241e-002
1.135162e+004,1.707060e-001
1.135211e+004,2.418882e-001
1.135259e+004,2.837981e-001
1.135307e+004,2.967845e-001
1.135355e+004,2.848160e-001
1.135404e+004,2.537336e-001
1.135452e+004,2.099466e-001
1.135500e+004,1.596030e-001
1.135548e+004,1.084832e-001
1.135596e+004,6.062729e-002
1.135645e+004,1.836340e-002
1.135693e+004,-1.758947e-002
1.135741e+004,-4.770533e-002
1.135789e+004,-7.297391e-002
1.135837e+004,-9.422805e-002
1.135886e+004,-1.117948e-001
1.135934e+004,-1.256460e-001
1.135982e+004,-1.359650e-001
1.136030e+004,-1.437898e-001
1.136078e+004,-1.512899e-001
1.136127e+004,-1.613631e-001
1.136175e+004,-1.765581e-001
1.136223e+004,-1.977077e-001
1.136271e+004,-2.228856e-001
1.136320e+004,-2.472352e-001
1.136368e+004,-2.638924e-001
1.136416e+004,-2.657720e-001
1.136464e+004,-2.476552e-001
1.136512e+004,-2.078747e-001
1.136561e+004,-1.490353e-001
1.136609e+004,-7.749490e-002
1.136657e+004,-1.747617e-003
1.136705e+004,6.980256e-002
1.136753e+004,1.309696e-001
1.136802e+004,1.791380e-001
1.136850e+004,2.154089e-001
1.136898e+004,2.434822e-001
1.136946e+004,2.676135e-001
1.136995e+004,2.902876e-001
1.137043e+004,3.104089e-001
1.137091e+004,3.227424e-001
1.137139e+004,3.190131e-001
1.137187e+004,2.905277e-001
1.137236e+004,2.315906e-001
1.137284e+004,1.425716e-001
1.137332e+004,3.148576e-002
1.137380e+004,-8.664454e-002
1.137428e+004,-1.926612e-001
1.137477e+004,-2.676730e-001
1.137525e+004,-2.977692e-001
1.137573e+004,-2.776662e-001
1.137621e+004,-2.121617e-001
1.137669e+004,-1.148956e-001
1.137718e+004,-4.757738e-003
1.137766e+004,9.892350e-002
1.137814e+004,1.808751e-001
1.137862e+004,2.327137e-001
1.137911e+004,2.534823e-001
1.137959e+004,2.481360e-001
1.138007e+004,2.248767e-001
1.138055e+004,1.924180e-001
1.138103e+004,1.579941e-001
1.138152e+004,1.264201e-001
1.138200e+004,1.000394e-001
1.138248e+004,7.912259e-002
1.138296e+004,6.230458e-002
1.138344e+004,4.686473e-002
1.138393e+004,2.893223e-002
1.138441e+004,3.868693e-003
1.138489e+004,-3.294934e-002
1.138537e+004,-8.493657e-002
1.138586e+004,-1.529510e-001
1.138634e+004,-2.341893e-001
1.138682e+004,-3.219534e-001
1.138730e+004,-4.059778e-001
1.138778e+004,-4.740357e-001
1.138827e+004,-5.141742e-001
1.138875e+004,-5.171862e-001
1.138923e+004,-4.787429e-001
1.138971e+004,-4.006147e-001
1.139019e+004,-2.906080e-001
1.139068e+004,-1.611898e-001
1.139116e+004,-2.718927e-002
1.139164e+004,9.678382e-002
1.139212e+004,1.986004e-001
1.139260e+004,2.701814e-001
1.139309e+004,3.082848e-001
1.139357e+004,3.145696e-001
1.139405e+004,2.950085e-001
1.139453e+004,2.586751e-001
1.139502e+004,2.159533e-001
1.139550e+004,1.763745e-001
1.139598e+004,1.464954e-001
1.139646e+004,1.283999e-001
1.139694e+004,1.193713e-001
1.139743e+004,1.130122e-001
1.139791e+004,1.016271e-001
1.139839e+004,7.917510e-002
1.139887e+004,4.376485e-002
1.139935e+004,-1.335629e-003
1.139984e+004,-4.874849e-002
1.140032e+004,-8.990461e-002
1.140080e+004,-1.188237e-001
1.140128e+004,-1.352537e-001
1.140177e+004,-1.457345e-001
1.140225e+004,-1.618477e-001
1.140273e+004,-1.960120e-001
1.140321e+004,-2.562764e-001
1.140369e+004,-3.421223e-001
1.140418e+004,-4.430282e-001
1.140466e+004,-5.405095e-001
1.140514e+004,-6.130141e-001
1.140562e+004,-6.419821e-001
1.140610e+004,-6.169951e-001
1.140659e+004,-5.383605e-001
1.140707e+004,-4.164724e-001
1.140755e+004,-2.685020e-001
1.140803e+004,-1.138513e-001
1.140851e+004,2.998487e-002
1.140900e+004,1.500177e-001
1.140948e+004,2.385903e-001
1.140996e+004,2.929666e-001
1.141044e+004,3.145004e-001
1.141093e+004,3.079559e-001
1.141141e+004,2.810231e-001
1.141189e+004,2.436525e-001
1.141237e+004,2.067910e-001
1.141285e+004,1.804675e-001
1.141334e+004,1.716834e-001
1.141382e+004,1.828706e-001
1.141430e+004,2.115629e-001
1.141478e+004,2.514525e-001
1.141526e+004,2.944000e-001
1.141575e+004,3.325543e-001
1.141623e+004,3.597365e-001
1.141671e+004,3.716785e-001
1.141719e+004,3.652292e-001
1.141767e+004,3.377320e-001
1.141816e+004,2.872224e-001
1.141864e+004,2.134970e-001
1.141912e+004,1.198079e-001
1.141960e+004,1.411237e-002
1.142009e+004,-9.119873e-002
1.142057e+004,-1.815664e-001
1.142105e+004,-2.440109e-001
1.142153e+004,-2.710174e-001
1.142201e+004,-2.629609e-001
1.142250e+004,-2.279700e-001
1.142298e+004,-1.791603e-001
1.142346e+004,-1.302866e-001
1.142394e+004,-9.156118e-002
1.142442e+004,-6.729230e-002
1.142491e+004,-5.613470e-002
1.142539e+004,-5.350582e-002
1.142587e+004,-5.474804e-002
1.142635e+004,-5.739236e-002
1.142684e+004,-6.147044e-002
1.142732e+004,-6.792536e-002
1.142780e+004,-7.618890e-002
1.142828e+004,-8.246759e-002
1.142876e+004,-7.991537e-002
1.142925e+004,-6.091394e-002
1.142973e+004,-2.053439e-002
1.143021e+004,4.039957e-002
1.143069e+004,1.141823e-001
1.143117e+004,1.877291e-001
1.143166e+004,2.463245e-001
1.143214e+004,2.782237e-001
1.143262e+004,2.783883e-001
1.143310e+004,2.499581e-001
1.143358e+004,2.030119e-001
1.143407e+004,1.511979e-001
1.143455e+004,1.075565e-001
1.143503e+004,8.100800e-002
1.143551e+004,7.457671e-002
1.143600e+004,8.571757e-002
1.143648e+004,1.083687e-001
1.143696e+004,1.358358e-001
1.143744e+004,1.634111e-001
1.143792e+004,1.898004e-001
1.143841e+004,2.168663e-001
1.143889e+004,2.478052e-001
1.143937e+004,2.844298e-001
1.143985e+004,3.245998e-001
1.144033e+004,3.608876e-001
1.144082e+004,3.812462e-001
1.144130e+004,3.718316e-001
1.144178e+004,3.213394e-001
1.144226e+004,2.255061e-001
1.144275e+004,9.011044e-002
1.144323e+004,-6.888952e-002
1.144371e+004,-2.285020e-001
1.144419e+004,-3.643346e-001
1.144467e+004,-4.569204e-001
1.144516e+004,-4.966211e-001
1.144564e+004,-4.854538e-001
1.144612e+004,-4.352618e-001
1.144660e+004,-3.629726e-001
1.144708e+004,-2.847532e-001
1.144757e+004,-2.113074e-001
1.144805e+004,-1.459667e-001
1.144853e+004,-8.617436e-002
1.144901e+004,-2.782050e-002
1.144950e+004,3.061270e-002
1.144998e+004,8.532006e-002
1.145046e+004,1.271528e-001
1.145094e+004,1.442782e-001
1.145142e+004,1.264272e-001
1.145191e+004,6.904598e-002
1.145239e+004,-2.423845e-002
1.145287e+004,-1.417233e-001
1.145335e+004,-2.661819e-001
1.145383e+004,-3.788852e-001
1.145432e+004,-4.637642e-001
1.145480e+004,-5.105560e-001
1.145528e+004,-5.162773e-001
1.145576e+004,-4.849043e-001
1.145625e+004,-4.255776e-001
1.145673e+004,-3.499058e-001
1.145721e+004,-2.690971e-001
1.145769e+004,-1.916231e-001
1.145817e+004,-1.219801e-001
1.145866e+004,-6.079751e-002
1.145914e+004,-6.167679e-003
1.145962e+004,4.432206e-002
1.146010e+004,9.163146e-002
1.146058e+004,1.341715e-001
1.146107e+004,1.680474e-001
1.146155e+004,1.885519e-001
1.146203e+004,1.922354e-001
1.146251e+004,1.785653e-001
1.146299e+004,1.503379e-001
1.146348e+004,1.125776e-001
1.146396e+004,7.041473e-002
1.146444e+004,2.700731e-002
1.146492e+004,-1.732759e-002
1.146541e+004,-6.413464e-002
1.146589e+004,-1.143069e-001
1.146637e+004,-1.652752e-001
1.146685e+004,-2.094932e-001
1.146733e+004,-2.353621e-001
1.146782e+004,-2.306590e-001
1.146830e+004,-1.873228e-001
1.146878e+004,-1.056463e-001
1.146926e+004,4.071925e-003
1.146974e+004,1.234850e-001
1.147023e+004,2.313560e-001
1.147071e+004,3.100623e-001
1.147119e+004,3.508850e-001
1.147167e+004,3.559701e-001
1.147216e+004,3.362544e-001
1.147264e+004,3.063900e-001
1.147312e+004,2.789191e-001
1.147360e+004,2.601432e-001
1.147408e+004,2.492198e-001
1.147457e+004,2.405110e-001
1.147505e+004,2.277662e-001
1.147553e+004,2.080630e-001
1.147601e+004,1.837208e-001
1.147649e+004,1.614978e-001
1.147698e+004,1.496653e-001
1.147746e+004,1.544498e-001
1.147794e+004,1.774556e-001
1.147842e+004,2.150515e-001
1.147890e+004,2.583933e-001
1.147939e+004,3.003587e-001
1.147987e+004,3.329871e-001
1.148035e+004,3.503703e-001
1.148083e+004,3.488381e-001
1.148132e+004,3.265270e-001
1.148180e+004,2.830021e-001
1.148228e+004,2.193475e-001
1.148276e+004,1.386462e-001
1.148324e+004,4.633017e-002
1.148373e+004,-5.016841e-002
1.148421e+004,-1.426811e-001
1.148469e+004,-2.241406e-001
1.148517e+004,-2.902317e-001
1.148565e+004,-3.400849e-001
1.148614e+004,-3.756652e-001
1.148662e+004,-4.001530e-001
1.148710e+004,-4.161141e-001
1.148758e+004,-4.243536e-001
1.148807e+004,-4.239672e-001
1.148855e+004,-4.134446e-001
1.148903e+004,-3.920954e-001
1.148951e+004,-3.608777e-001
1.148999e+004,-3.220770e-001
1.149048e+004,-2.779698e-001
1.149096e+004,-2.292619e-001
1.149144e+004,-1.743146e-001
1.149192e+004,-1.098101e-001
1.149240e+004,-3.276763e-002
1.149289e+004,5.694832e-002
1.149337e+004,1.548499e-001
1.149385e+004,2.517674e-001
1.149433e+004,3.357608e-001
1.149481e+004,3.953619e-001
1.149530e+004,4.228975e-001
1.149578e+004,4.166122e-001
1.149626e+004,3.808464e-001
1.149674e+004,3.243957e-001
1.149723e+004,2.579136e-001
1.149771e+004,1.914919e-001
1.149819e+004,1.332151e-001
1.149867e+004,8.880639e-002
1.149915e+004,6.186220e-002
1.149964e+004,5.398222e-002
1.150012e+004,6.440783e-002
1.150060e+004,8.936412e-002
1.150108e+004,1.217884e-001
1.150156e+004,1.521612e-001
1.150205e+004,1.706699e-001
1.150253e+004,1.701555e-001
1.150301e+004,1.486791e-001
1.150349e+004,1.105014e-001
1.150398e+004,6.484090e-002
1.150446e+004,2.273161e-002
1.150494e+004,-6.845615e-003
1.150542e+004,-1.999588e-002
1.150590e+004,-1.884907e-002
1.150639e+004,-1.002783e-002
1.150687e+004,-1.362900e-003
1.150735e+004,1.637460e-003
1.150783e+004,-2.026703e-003
1.150831e+004,-8.930522e-003
1.150880e+004,-1.343140e-002
1.150928e+004,-1.089724e-002
1.150976e+004,-4.848834e-004
1.151024e+004,1.408235e-002
1.151072e+004,2.537630e-002
1.151121e+004,2.531563e-002
1.151169e+004,8.610727e-003
1.151217e+004,-2.463477e-002
1.151265e+004,-6.814479e-002
1.151314e+004,-1.107695e-001
1.151362e+004,-1.393906e-001
1.151410e+004,-1.424965e-001
1.151458e+004,-1.133753e-001
1.151506e+004,-5.205989e-002
1.151555e+004,3.447669e-002
1.151603e+004,1.338956e-001
1.151651e+004,2.313884e-001
1.151699e+004,3.130698e-001
1.151747e+004,3.689141e-001
1.151796e+004,3.944463e-001
1.151844e+004,3.907993e-001
1.151892e+004,3.632685e-001
1.151940e+004,3.189625e-001
1.151988e+004,2.644412e-001
1.152037e+004,2.042168e-001
1.152085e+004,1.406364e-001
1.152133e+004,7.503616e-002
1.152181e+004,9.440812e-003
1.152230e+004,-5.219223e-002
1.152278e+004,-1.039615e-001
1.152326e+004,-1.393792e-001
1.152374e+004,-1.535240e-001
1.152422e+004,-1.449534e-001
1.152471e+004,-1.164014e-001
1.152519e+004,-7.383048e-002
1.152567e+004,-2.424675e-002
1.152615e+004,2.665789e-002
1.152663e+004,7.582495e-002
1.152712e+004,1.224488e-001
1.152760e+004,1.661600e-001
1.152808e+004,2.048728e-001
1.152856e+004,2.336607e-001
1.152905e+004,2.455604e-001
1.152953e+004,2.342187e-001
1.153001e+004,1.972724e-001
1.153049e+004,1.388227e-001
1.153097e+004,6.963942e-002
1.153146e+004,4.715943e-003
1.153194e+004,-4.099831e-002
1.153242e+004,-5.703585e-002
1.153290e+004,-4.032195e-002
1.153338e+004,4.423171e-003
1.153387e+004,6.669324e-002
1.153435e+004,1.335870e-001
1.153483e+004,1.931874e-001
1.153531e+004,2.368247e-001
1.153579e+004,2.598541e-001
1.153628e+004,2.613280e-001
1.153676e+004,2.433061e-001
1.153724e+004,2.103687e-001
1.153772e+004,1.693722e-001
1.153821e+004,1.289825e-001
1.153869e+004,9.842919e-002
1.153917e+004,8.532694e-002
1.153965e+004,9.309342e-002
1.154013e+004,1.190414e-001
1.154062e+004,1.549977e-001
1.154110e+004,1.872682e-001
1.154158e+004,2.028493e-001
1.154206e+004,1.931896e-001
1.154254e+004,1.573190e-001
1.154303e+004,1.022373e-001
1.154351e+004,4.028279e-002
1.154399e+004,-1.548959e-002
1.154447e+004,-5.602052e-002
1.154496e+004,-7.911863e-002
1.154544e+004,-8.938929e-002
1.154592e+004,-9.537578e-002
1.154640e+004,-1.052152e-001
1.154688e+004,-1.226726e-001
1.154737e+004,-1.451918e-001
1.154785e+004,-1.647197e-001
1.154833e+004,-1.709161e-001
1.154881e+004,-1.554120e-001
1.154929e+004,-1.154113e-001
1.154978e+004,-5.524183e-002
1.155026e+004,1.469924e-002
1.155074e+004,8.113524e-002
1.155122e+004,1.319740e-001
1.155171e+004,1.597282e-001
1.155219e+004,1.631211e-001
1.155267e+004,1.464705e-001
1.155315e+004,1.172699e-001
1.155363e+004,8.299778e-002
1.155412e+004,4.838507e-002
1.155460e+004,1.416432e-002
1.155508e+004,-2.227069e-002
1.155556e+004,-6.462737e-002
1.155604e+004,-1.149052e-001
1.155653e+004,-1.712835e-001
1.155701e+004,-2.277095e-001
1.155749e+004,-2.754798e-001
1.155797e+004,-3.062581e-001
1.155846e+004,-3.153107e-001
1.155894e+004,-3.035346e-001
1.155942e+004,-2.772844e-001
1.155990e+004,-2.459224e-001
1.156038e+004,-2.180918e-001
1.156087e+004,-1.983738e-001
1.156135e+004,-1.858754e-001
1.156183e+004,-1.754299e-001
1.156231e+004,-1.608739e-001
1.156279e+004,-1.388852e-001
1.156328e+004,-1.115613e-001
1.156376e+004,-8.644088e-002
1.156424e+004,-7.378931e-002
1.156472e+004,-8.221138e-002
1.156521e+004,-1.144613e-001
1.156569e+004,-1.653311e-001
1.156617e+004,-2.226764e-001
1.156665e+004,-2.713154e-001
1.156713e+004,-2.982863e-001
1.156762e+004,-2.973389e-001
1.156810e+004,-2.708859e-001
1.156858e+004,-2.287140e-001
1.156906e+004,-1.840728e-001
1.156954e+004,-1.486890e-001
1.157003e+004,-1.285442e-001
1.157051e+004,-1.218680e-001
1.157099e+004,-1.199558e-001
1.157147e+004,-1.106772e-001
1.157196e+004,-8.266692e-002
1.157244e+004,-2.936189e-002
1.157292e+004,4.815339e-002
1.157340e+004,1.408733e-001
1.157388e+004,2.340528e-001
1.157437e+004,3.111981e-001
1.157485e+004,3.586868e-001
1.157533e+004,3.696042e-001
1.157581e+004,3.455730e-001
1.157629e+004,2.959848e-001
1.157678e+004,2.349206e-001
1.157726e+004,1.768380e-001
1.157774e+004,1.325158e-001
1.157822e+004,1.066321e-001
1.157871e+004,9.775675e-002
1.157919e+004,1.006177e-001
1.157967e+004,1.095892e-001
1.158015e+004,1.218220e-001
1.158063e+004,1.386062e-001
1.158112e+004,1.643657e-001
1.158160e+004,2.037771e-001
1.158208e+004,2.583503e-001
1.158256e+004,3.240762e-001
1.158304e+004,3.913136e-001
1.158353e+004,4.471646e-001
1.158401e+004,4.795002e-001
1.158449e+004,4.810639e-001
1.158497e+004,4.520169e-001
1.158546e+004,3.999404e-001
1.158594e+004,3.373472e-001
1.158642e+004,2.776912e-001
1.158690e+004,2.313166e-001
1.158738e+004,2.026740e-001
1.158787e+004,1.895643e-001
1.158835e+004,1.844342e-001
1.158883e+004,1.771166e-001
1.158931e+004,1.580714e-001
1.158979e+004,1.211866e-001
1.159028e+004,6.546555e-002
1.159076e+004,-4.695220e-003
1.159124e+004,-8.055011e-002
1.159172e+004,-1.509931e-001
1.159220e+004,-2.049295e-001
1.159269e+004,-2.334252e-001
1.159317e+004,-2.311390e-001
1.159365e+004,-1.967819e-001
1.159413e+004,-1.326823e-001
1.159462e+004,-4.384231e-002
1.159510e+004,6.297530e-002
1.159558e+004,1.797022e-001
1.159606e+004,2.968901e-001
1.159654e+004,4.034915e-001
1.159703e+004,4.871859e-001
1.159751e+004,5.358579e-001
1.159799e+004,5.403290e-001
1.159847e+004,4.976804e-001
1.159895e+004,4.138687e-001
1.159944e+004,3.042141e-001
1.159992e+004,1.909248e-001
1.160040e+004,9.792134e-002
1.160088e+004,4.440138e-002
1.160137e+004,3.927604e-002
1.160185e+004,7.850143e-002
1.160233e+004,1.462301e-001
1.160281e+004,2.201414e-001
1.160329e+004,2.779542e-001
1.160378e+004,3.040338e-001
1.160426e+004,2.933949e-001
1.160474e+004,2.521838e-001
1.160522e+004,1.949087e-001
1.160570e+004,1.397049e-001
1.160619e+004,1.032597e-001
1.160667e+004,9.673282e-002
1.160715e+004,1.233704e-001
1.160763e+004,1.779030e-001
1.160811e+004,2.474996e-001
1.160860e+004,3.140141e-001
1.160908e+004,3.573279e-001
1.160956e+004,3.595244e-001
1.161004e+004,3.093306e-001
1.161053e+004,2.058824e-001
1.161101e+004,6.063857e-002
1.161149e+004,-1.035565e-001
1.161197e+004,-2.566556e-001
1.161245e+004,-3.682681e-001
1.161294e+004,-4.155866e-001
1.161342e+004,-3.900260e-001
1.161390e+004,-3.002269e-001
1.161438e+004,-1.701066e-001
1.161486e+004,-3.242067e-002
1.161535e+004,7.999280e-002
1.161583e+004,1.423967e-001
1.161631e+004,1.434210e-001
1.161679e+004,8.639184e-002
1.161727e+004,-1.295704e-002
1.161776e+004,-1.312318e-001
1.161824e+004,-2.431237e-001
1.161872e+004,-3.267570e-001
1.161920e+004,-3.675631e-001
1.161969e+004,-3.600878e-001
1.162017e+004,-3.077167e-001
1.162065e+004,-2.207963e-001
1.162113e+004,-1.139080e-001
1.162161e+004,-3.050972e-003
1.162210e+004,9.667367e-002
1.162258e+004,1.725741e-001
1.162306e+004,2.150844e-001
1.162354e+004,2.179962e-001
1.162402e+004,1.786879e-001
1.162451e+004,9.873538e-002
1.162499e+004,-1.508721e-002
1.162547e+004,-1.499492e-001
1.162595e+004,-2.871679e-001
1.162644e+004,-4.043353e-001
1.162692e+004,-4.795773e-001
1.162740e+004,-4.971100e-001
1.162788e+004,-4.523388e-001
1.162836e+004,-3.544608e-001
1.162885e+004,-2.251789e-001
1.162933e+004,-9.346978e-002
1.162981e+004,1.216002e-002
1.163029e+004,7.144410e-002
1.163077e+004,7.752232e-002
1.163126e+004,3.774838e-002
1.163174e+004,-2.997869e-002
1.163222e+004,-1.037448e-001
1.163270e+004,-1.643743e-001
1.163318e+004,-2.001104e-001
1.163367e+004,-2.071838e-001
1.163415e+004,-1.884604e-001
1.163463e+004,-1.499394e-001
1.163511e+004,-9.784900e-002
1.163560e+004,-3.732319e-002
1.163608e+004,2.728115e-002
1.163656e+004,9.130225e-002
1.163704e+004,1.490925e-001
1.163752e+004,1.944694e-001
1.163801e+004,2.221870e-001
1.163849e+004,2.296048e-001
1.163897e+004,2.175643e-001
1.163945e+004,1.899294e-001
1.163993e+004,1.520024e-001
1.164042e+004,1.086535e-001
1.164090e+004,6.309978e-002
1.164138e+004,1.683361e-002
1.164186e+004,-2.952228e-002
1.164235e+004,-7.519321e-002
1.164283e+004,-1.188612e-001
1.164331e+004,-1.591973e-001
1.164379e+004,-1.958972e-001
1.164427e+004,-2.303285e-001
1.164476e+004,-2.650102e-001
1.164524e+004,-3.018360e-001
1.164572e+004,-3.398191e-001
1.164620e+004,-3.736801e-001
1.164668e+004,-3.943986e-001
1.164717e+004,-3.919751e-001
1.164765e+004,-3.595016e-001
1.164813e+004,-2.968184e-001
1.164861e+004,-2.120125e-001
1.164909e+004,-1.198224e-001
1.164958e+004,-3.732315e-002
1.165006e+004,2.152087e-002
1.165054e+004,5.031260e-002
1.165102e+004,5.196825e-002
1.165151e+004,3.719182e-002
1.165199e+004,2.047859e-002
1.165247e+004,1.534066e-002
1.165295e+004,3.051721e-002
1.165343e+004,6.824070e-002
1.165392e+004,1.246487e-001
1.165440e+004,1.916706e-001
1.165488e+004,2.594652e-001
1.165536e+004,3.186898e-001
1.165584e+004,3.622632e-001
1.165633e+004,3.865466e-001
1.165681e+004,3.919038e-001
1.165729e+004,3.824826e-001
1.165777e+004,3.650656e-001
1.165826e+004,3.470580e-001
1.165874e+004,3.341320e-001
1.165922e+004,3.284101e-001
1.165970e+004,3.280904e-001
1.166018e+004,3.288980e-001
1.166067e+004,3.268901e-001
1.166115e+004,3.213002e-001
1.166163e+004,3.158523e-001
1.166211e+004,3.175249e-001
1.166259e+004,3.330113e-001
1.166308e+004,3.644381e-001
1.166356e+004,4.065633e-001
1.166404e+004,4.470555e-001
1.166452e+004,4.709577e-001
1.166500e+004,4.661471e-001
1.166549e+004,4.289539e-001
1.166597e+004,3.663895e-001
1.166645e+004,2.938199e-001
1.166693e+004,2.288228e-001
1.166742e+004,1.838695e-001
1.166790e+004,1.612227e-001
1.166838e+004,1.525194e-001
1.166886e+004,1.432633e-001
1.166934e+004,1.200678e-001
1.166983e+004,7.716367e-002
1.167031e+004,1.909528e-002
1.167079e+004,-4.158571e-002
1.167127e+004,-9.041752e-002
1.167175e+004,-1.179255e-001
1.167224e+004,-1.240106e-001
1.167272e+004,-1.178370e-001
1.167320e+004,-1.134924e-001
1.167368e+004,-1.237528e-001
1.167417e+004,-1.550701e-001
1.167465e+004,-2.060665e-001
1.167513e+004,-2.698887e-001
1.167561e+004,-3.387660e-001
1.167609e+004,-4.080468e-001
1.167658e+004,-4.773788e-001
1.167706e+004,-5.483490e-001
1.167754e+004,-6.199460e-001
1.167802e+004,-6.845726e-001
1.167850e+004,-7.272358e-001
1.167899e+004,-7.290515e-001
1.167947e+004,-6.740539e-001
1.167995e+004,-5.565659e-001
1.168043e+004,-3.858697e-001
1.168092e+004,-1.858921e-001
1.168140e+004,1.039788e-002
1.168188e+004,1.700307e-001
1.168236e+004,2.693346e-001
1.168284e+004,3.002958e-001
1.168333e+004,2.720036e-001
1.168381e+004,2.070300e-001
1.168429e+004,1.342627e-001
1.168477e+004,8.069403e-002
1.168525e+004,6.468679e-002
1.168574e+004,9.246197e-002
1.168622e+004,1.583308e-001
1.168670e+004,2.480292e-001
1.168718e+004,3.437780e-001
1.168767e+004,4.294913e-001
1.168815e+004,4.947735e-001
1.168863e+004,5.367842e-001
1.168911e+004,5.595936e-001
1.168959e+004,5.713000e-001
1.169008e+004,5.798437e-001
1.169056e+004,5.889637e-001
1.169104e+004,5.958290e-001
1.169152e+004,5.913891e-001
1.169200e+004,5.635387e-001
1.169249e+004,5.020981e-001
1.169297e+004,4.037890e-001
1.169345e+004,2.752075e-001
1.169393e+004,1.323729e-001
1.169441e+004,-3.287846e-003
1.169490e+004,-1.112726e-001
1.169538e+004,-1.778592e-001
1.169586e+004,-2.000492e-001
1.169634e+004,-1.852909e-001
1.169683e+004,-1.477473e-001
1.169731e+004,-1.027164e-001
1.169779e+004,-6.150810e-002
1.169827e+004,-2.868707e-002
1.169875e+004,-2.429629e-003
1.169924e+004,2.263022e-002
1.169972e+004,5.167709e-002
1.170020e+004,8.690933e-002
1.170068e+004,1.267867e-001
1.170116e+004,1.673288e-001
1.170165e+004,2.044301e-001
1.170213e+004,2.357456e-001
1.170261e+004,2.610734e-001
1.170309e+004,2.810768e-001
1.170357e+004,2.951417e-001
1.170406e+004,2.996857e-001
1.170454e+004,2.880667e-001
1.170502e+004,2.524888e-001
1.170550e+004,1.873202e-001
1.170599e+004,9.249907e-002
1.170647e+004,-2.447888e-002
1.170695e+004,-1.489780e-001
1.170743e+004,-2.620850e-001
1.170791e+004,-3.449916e-001
1.170840e+004,-3.834335e-001
1.170888e+004,-3.708017e-001
1.170936e+004,-3.091295e-001
1.170984e+004,-2.079409e-001
1.171032e+004,-8.160415e-002
1.171081e+004,5.386376e-002
1.171129e+004,1.836625e-001
1.171177e+004,2.962022e-001
1.171225e+004,3.840735e-001
1.171274e+004,4.441261e-001
1.171322e+004,4.768877e-001
1.171370e+004,4.855366e-001
1.171418e+004,4.745922e-001
1.171466e+004,4.485203e-001
1.171515e+004,4.105319e-001
1.171563e+004,3.619166e-001
1.171611e+004,3.021860e-001
1.171659e+004,2.300832e-001
1.171707e+004,1.451847e-001
1.171756e+004,4.954328e-002
1.171804e+004,-5.129578e-002
1.171852e+004,-1.484166e-001
1.171900e+004,-2.309191e-001
1.171948e+004,-2.882238e-001
1.171997e+004,-3.125982e-001
1.172045e+004,-3.011268e-001
1.172093e+004,-2.565487e-001
1.172141e+004,-1.867867e-001
1.172190e+004,-1.033848e-001
1.172238e+004,-1.932911e-002
1.172286e+004,5.322040e-002
1.172334e+004,1.048930e-001
1.172382e+004,1.305550e-001
1.172431e+004,1.301616e-001
1.172479e+004,1.089102e-001
1.172527e+004,7.651439e-002
1.172575e+004,4.543558e-002
1.172623e+004,2.794173e-002
1.172672e+004,3.271222e-002
1.172720e+004,6.170081e-002
1.172768e+004,1.085728e-001
1.172816e+004,1.596112e-001
1.172865e+004,1.972005e-001
1.172913e+004,2.049813e-001
1.172961e+004,1.730050e-001
1.173009e+004,1.010824e-001
1.173057e+004,-9.098907e-004
1.173106e+004,-1.159265e-001
1.173154e+004,-2.248432e-001
1.173202e+004,-3.119149e-001
1.173250e+004,-3.686678e-001
1.173298e+004,-3.949762e-001
1.173347e+004,-3.972481e-001
1.173395e+004,-3.848131e-001
1.173443e+004,-3.661773e-001
1.173491e+004,-3.466128e-001
1.173539e+004,-3.276855e-001
1.173588e+004,-3.083531e-001
1.173636e+004,-2.866115e-001
1.173684e+004,-2.606641e-001
1.173732e+004,-2.291102e-001
1.173781e+004,-1.903975e-001
1.173829e+004,-1.423019e-001
1.173877e+004,-8.218683e-002
1.173925e+004,-8.268740e-003
1.173973e+004,7.859378e-002
1.174022e+004,1.735439e-001
1.174070e+004,2.676910e-001
1.174118e+004,3.497054e-001
1.174166e+004,4.085763e-001
1.174214e+004,4.364838e-001
1.174263e+004,4.306987e-001
1.174311e+004,3.938945e-001
1.174359e+004,3.330150e-001
1.174407e+004,2.574200e-001
1.174456e+004,1.771549e-001
1.174504e+004,1.018308e-001
1.174552e+004,4.002763e-002
1.174600e+004,-1.267864e-003
1.174648e+004,-1.763142e-002
1.174697e+004,-8.549859e-003
1.174745e+004,2.146535e-002
1.174793e+004,6.290664e-002
1.174841e+004,1.030680e-001
1.174889e+004,1.294617e-001
1.174938e+004,1.337738e-001
1.174986e+004,1.147116e-001
1.175034e+004,7.830147e-002
1.175082e+004,3.522998e-002
1.175130e+004,-3.759983e-003
1.175179e+004,-3.236030e-002
1.175227e+004,-5.095681e-002
1.175275e+004,-6.552176e-002
1.175323e+004,-8.359417e-002
1.175372e+004,-1.092443e-001
1.175420e+004,-1.395534e-001
1.175468e+004,-1.645784e-001
1.175516e+004,-1.711563e-001
1.175564e+004,-1.489818e-001
1.175613e+004,-9.616720e-002
1.175661e+004,-2.164365e-002
1.175709e+004,5.680271e-002
1.175757e+004,1.181943e-001
1.175805e+004,1.454621e-001
1.175854e+004,1.312359e-001
1.175902e+004,8.020169e-002
1.175950e+004,7.371245e-003
1.175998e+004,-6.676099e-002
1.176047e+004,-1.221903e-001
1.176095e+004,-1.444865e-001
1.176143e+004,-1.277590e-001
1.176191e+004,-7.528953e-002
1.176239e+004,1.672649e-003
1.176288e+004,8.630295e-002
1.176336e+004,1.593584e-001
1.176384e+004,2.029296e-001
1.176432e+004,2.045725e-001
1.176480e+004,1.611958e-001
1.176529e+004,8.154846e-002
1.176577e+004,-1.405543e-002
1.176625e+004,-9.764682e-002
1.176673e+004,-1.407817e-001
1.176721e+004,-1.231085e-001
1.176770e+004,-3.941441e-002
1.176818e+004,9.759757e-002
1.176866e+004,2.601535e-001
1.176914e+004,4.131446e-001
1.176963e+004,5.241807e-001
1.177011e+004,5.725203e-001
1.177059e+004,5.538952e-001
1.177107e+004,4.798656e-001
1.177155e+004,3.725044e-001
1.177204e+004,2.569115e-001
1.177252e+004,1.545707e-001
1.177300e+004,7.964566e-002
1.177348e+004,3.864209e-002
1.177396e+004,3.231343e-002
1.177445e+004,5.801885e-002
1.177493e+004,1.111037e-001
1.177541e+004,1.849178e-001
1.177589e+004,2.701662e-001
1.177638e+004,3.547852e-001
1.177686e+004,4.252090e-001
1.177734e+004,4.689972e-001
1.177782e+004,4.778903e-001
1.177830e+004,4.499702e-001
1.177879e+004,3.899059e-001
1.177927e+004,3.071302e-001
1.177975e+004,2.127698e-001
1.178023e+004,1.167472e-001
1.178071e+004,2.631869e-002
1.178120e+004,-5.353689e-002
1.178168e+004,-1.185227e-001
1.178216e+004,-1.635317e-001
1.178264e+004,-1.824616e-001
1.178313e+004,-1.697591e-001
1.178361e+004,-1.230829e-001
1.178409e+004,-4.575378e-002
1.178457e+004,5.239510e-002
1.178505e+004,1.564888e-001
1.178554e+004,2.500843e-001
1.178602e+004,3.194215e-001
1.178650e+004,3.568723e-001
1.178698e+004,3.623472e-001
1.178746e+004,3.423181e-001
1.178795e+004,3.068150e-001
1.178843e+004,2.660724e-001
1.178891e+004,2.276986e-001
1.178939e+004,1.954263e-001
1.178988e+004,1.695133e-001
1.179036e+004,1.482744e-001
1.179084e+004,1.299337e-001
1.179132e+004,1.140759e-001
1.179180e+004,1.022632e-001
1.179229e+004,9.774505e-002
1.179277e+004,1.044429e-001
1.179325e+004,1.255458e-001
1.179373e+004,1.621002e-001
1.179421e+004,2.119682e-001
1.179470e+004,2.694780e-001
1.179518e+004,3.259703e-001
1.179566e+004,3.712402e-001
1.179614e+004,3.955884e-001
1.179663e+004,3.919578e-001
1.179711e+004,3.575213e-001
1.179759e+004,2.942450e-001
1.179807e+004,2.082983e-001
1.179855e+004,1.086084e-001
1.179904e+004,5.138934e-003
1.179952e+004,-9.251852e-002
1.180000e+004,-1.759237e-001
1.180048e+004,-2.380282e-001
1.180096e+004,-2.732708e-001
1.180145e+004,-2.779503e-001
1.180193e+004,-2.510104e-001
1.180241e+004,-1.949493e-001
1.180289e+004,-1.162407e-001
1.180338e+004,-2.466484e-002
1.180386e+004,6.864376e-002
1.180434e+004,1.539490e-001
1.180482e+004,2.254120e-001
1.180530e+004,2.821640e-001
1.180579e+004,3.272937e-001
1.180627e+004,3.650302e-001
1.180675e+004,3.973142e-001
1.180723e+004,4.213644e-001
1.180771e+004,4.295194e-001
1.180820e+004,4.116849e-001
1.180868e+004,3.595396e-001
1.180916e+004,2.708119e-001
1.180964e+004,1.518167e-001
1.181013e+004,1.713111e-002
1.181061e+004,-1.135814e-001
1.181109e+004,-2.204982e-001
1.181157e+004,-2.886063e-001
1.181205e+004,-3.110540e-001
1.181254e+004,-2.898872e-001
1.181302e+004,-2.341864e-001
1.181350e+004,-1.565863e-001
1.181398e+004,-6.968340e-002
1.181446e+004,1.634431e-002
1.181495e+004,9.432511e-002
1.181543e+004,1.592313e-001
1.181591e+004,2.068436e-001
1.181639e+004,2.329848e-001
1.181687e+004,2.339117e-001
1.181736e+004,2.077417e-001
1.181784e+004,1.561940e-001
1.181832e+004,8.575506e-002
1.181880e+004,7.309909e-003
1.181929e+004,-6.533106e-002
1.181977e+004,-1.182008e-001
1.182025e+004,-1.400515e-001
1.182073e+004,-1.245387e-001
1.182121e+004,-7.116102e-002
1.182170e+004,1.509814e-002
1.182218e+004,1.250294e-001
1.182266e+004,2.467728e-001
1.182314e+004,3.672376e-001
1.182362e+004,4.732200e-001
1.182411e+004,5.523869e-001
1.182459e+004,5.944118e-001
1.182507e+004,5.924057e-001
1.182555e+004,5.444516e-001
1.182604e+004,4.547571e-001
1.182652e+004,3.338185e-001
1.182700e+004,1.971793e-001
1.182748e+004,6.280889e-002
1.182796e+004,-5.236275e-002
1.182845e+004,-1.357940e-001
1.182893e+004,-1.815318e-001
1.182941e+004,-1.905643e-001
1.182989e+004,-1.692971e-001
1.183037e+004,-1.268406e-001
1.183086e+004,-7.222351e-002
1.183134e+004,-1.255375e-002
1.183182e+004,4.737268e-002
1.183230e+004,1.042316e-001
1.183278e+004,1.548499e-001
1.183327e+004,1.953002e-001
1.183375e+004,2.210135e-001
1.183423e+004,2.279388e-001
1.183471e+004,2.142107e-001
1.183520e+004,1.815040e-001
1.183568e+004,1.353782e-001
1.183616e+004,8.436660e-002
1.183664e+004,3.808701e-002
1.183712e+004,4.994279e-003
1.183761e+004,-9.555690e-003
1.183809e+004,-4.446501e-003
1.183857e+004,1.705329e-002
1.183905e+004,4.810164e-002
1.183953e+004,7.985574e-002
1.184002e+004,1.035173e-001
1.184050e+004,1.124765e-001
1.184098e+004,1.040910e-001
1.184146e+004,8.059174e-002
1.184195e+004,4.869121e-002
1.184243e+004,1.774294e-002
1.184291e+004,-3.239054e-003
1.184339e+004,-8.878107e-003
1.184387e+004,1.355581e-004
1.184436e+004,1.660781e-002
1.184484e+004,2.892315e-002
1.184532e+004,2.516290e-002
1.184580e+004,-2.204380e-003
1.184628e+004,-5.298674e-002
1.184677e+004,-1.188299e-001
1.184725e+004,-1.860967e-001
1.184773e+004,-2.410451e-001
1.184821e+004,-2.751819e-001
1.184869e+004,-2.884365e-001
1.184918e+004,-2.886941e-001
1.184966e+004,-2.878304e-001
1.185014e+004,-2.960914e-001
1.185062e+004,-3.174239e-001
1.185111e+004,-3.478149e-001
1.185159e+004,-3.773111e-001
1.185207e+004,-3.946793e-001
1.185255e+004,-3.924899e-001
1.185303e+004,-3.702483e-001
1.185352e+004,-3.341427e-001
1.185400e+004,-2.936248e-001
1.185448e+004,-2.565874e-001
1.185496e+004,-2.255517e-001
1.185544e+004,-1.966794e-001
1.185593e+004,-1.619313e-001
1.185641e+004,-1.131571e-001
1.185689e+004,-4.608681e-002
1.185737e+004,3.756910e-002
1.185786e+004,1.306433e-001
1.185834e+004,2.230860e-001
1.185882e+004,3.051351e-001
1.185930e+004,3.695808e-001
1.185978e+004,4.123740e-001
1.186027e+004,4.319015e-001
1.186075e+004,4.279628e-001
1.186123e+004,4.014571e-001
1.186171e+004,3.550364e-001
1.186219e+004,2.940643e-001
1.186268e+004,2.266990e-001
1.186316e+004,1.622465e-001
1.186364e+004,1.079715e-001
1.186412e+004,6.572580e-002
1.186460e+004,3.029645e-002
1.186509e+004,-9.181846e-003
1.186557e+004,-6.482828e-002
1.186605e+004,-1.442994e-001
1.186653e+004,-2.463077e-001
1.186702e+004,-3.596374e-001
1.186750e+004,-4.664612e-001
1.186798e+004,-5.487884e-001
1.186846e+004,-5.952748e-001
1.186894e+004,-6.052932e-001
1.186943e+004,-5.883216e-001
1.186991e+004,-5.588925e-001
1.187039e+004,-5.294529e-001
1.187087e+004,-5.045246e-001
1.187135e+004,-4.789555e-001
1.187184e+004,-4.411609e-001
1.187232e+004,-3.798885e-001
1.187280e+004,-2.913720e-001
1.187328e+004,-1.835047e-001
1.187376e+004,-7.501775e-002
1.187425e+004,1.012168e-002
1.187473e+004,5.077674e-002
1.187521e+004,3.589088e-002
1.187569e+004,-3.183449e-002
1.187618e+004,-1.369220e-001
1.187666e+004,-2.559009e-001
1.187714e+004,-3.637371e-001
1.187762e+004,-4.395747e-001
1.187810e+004,-4.702576e-001
1.187859e+004,-4.513154e-001
1.187907e+004,-3.860796e-001
1.187955e+004,-2.839451e-001
1.188003e+004,-1.585131e-001
1.188051e+004,-2.574985e-002
1.188100e+004,9.805750e-002
1.188148e+004,1.988266e-001
1.188196e+004,2.674254e-001
1.188244e+004,3.018576e-001
1.188293e+004,3.078738e-001
1.188341e+004,2.973326e-001
1.188389e+004,2.844847e-001
1.188437e+004,2.813241e-001
1.188485e+004,2.937439e-001
1.188534e+004,3.200531e-001
1.188582e+004,3.524532e-001
1.188630e+004,3.807965e-001
1.188678e+004,3.969345e-001
1.188726e+004,3.977802e-001
1.188775e+004,3.858832e-001
1.188823e+004,3.675441e-001
1.188871e+004,3.495927e-001
1.188919e+004,3.364593e-001
1.188967e+004,3.288372e-001
1.189016e+004,3.243395e-001
1.189064e+004,3.195338e-001
1.189112e+004,3.121349e-001
1.189160e+004,3.021759e-001
1.189209e+004,2.916324e-001
1.189257e+004,2.828327e-001
1.189305e+004,2.766125e-001
1.189353e+004,2.712482e-001
1.189401e+004,2.627513e-001
1.189450e+004,2.463708e-001
1.189498e+004,2.185440e-001
1.189546e+004,1.783379e-001
1.189594e+004,1.277545e-001
1.189642e+004,7.088458e-002
1.189691e+004,1.246402e-002
1.189739e+004,-4.340811e-002
1.189787e+004,-9.383016e-002
1.189835e+004,-1.368466e-001
1.189884e+004,-1.707507e-001
1.189932e+004,-1.935187e-001
1.189980e+004,-2.028145e-001
1.190028e+004,-1.966129e-001
1.190076e+004,-1.740846e-001
1.190125e+004,-1.362033e-001
1.190173e+004,-8.565108e-002
1.190221e+004,-2.595579e-002
1.190269e+004,3.978288e-002
1.190317e+004,1.099354e-001
1.190366e+004,1.845245e-001
1.190414e+004,2.642886e-001
1.190462e+004,3.489334e-001
1.190510e+004,4.353444e-001
1.190558e+004,5.166681e-001
1.190607e+004,5.828855e-001
1.190655e+004,6.229485e-001
1.190703e+004,6.279120e-001
1.190751e+004,5.940334e-001
1.190800e+004,5.246961e-001
1.190848e+004,4.303640e-001
1.190896e+004,3.264438e-001
1.190944e+004,2.296870e-001
1.190992e+004,1.542813e-001
1.191041e+004,1.088996e-001
1.191089e+004,9.562090e-002
1.191137e+004,1.109563e-001
1.191185e+004,1.484097e-001
1.191233e+004,2.014103e-001
1.191282e+004,2.653375e-001
1.191330e+004,3.377967e-001
1.191378e+004,4.171159e-001
1.191426e+004,4.998789e-001
1.191475e+004,5.788377e-001
1.191523e+004,6.425028e-001
1.191571e+004,6.770432e-001
1.191619e+004,6.701283e-001
1.191667e+004,6.153831e-001
1.191716e+004,5.156955e-001
1.191764e+004,3.838480e-001
1.191812e+004,2.398643e-001
1.191860e+004,1.057046e-001
1.191908e+004,-8.916699e-004
1.191957e+004,-7.111731e-002
1.192005e+004,-1.065469e-001
1.192053e+004,-1.168596e-001
1.192101e+004,-1.149453e-001
1.192150e+004,-1.115591e-001
1.192198e+004,-1.117724e-001
1.192246e+004,-1.145803e-001
1.192294e+004,-1.155780e-001
1.192342e+004,-1.111844e-001
1.192391e+004,-1.021683e-001
1.192439e+004,-9.457946e-002
1.192487e+004,-9.749493e-002
1.192535e+004,-1.185840e-001
1.192583e+004,-1.596037e-001
1.192632e+004,-2.140695e-001
1.192680e+004,-2.684603e-001
1.192728e+004,-3.067753e-001
1.192776e+004,-3.167058e-001
1.192825e+004,-2.948126e-001
1.192873e+004,-2.484023e-001
1.192921e+004,-1.932081e-001
1.192969e+004,-1.478201e-001
1.193017e+004,-1.272056e-001
1.193066e+004,-1.379474e-001
1.193114e+004,-1.768916e-001
1.193162e+004,-2.332910e-001
1.193210e+004,-2.930277e-001
1.193258e+004,-3.428503e-001
1.193307e+004,-3.729562e-001
1.193355e+004,-3.773756e-001
1.193403e+004,-3.528405e-001
1.193451e+004,-2.975143e-001
1.193499e+004,-2.108171e-001
1.193548e+004,-9.468090e-002
1.193596e+004,4.455568e-002
1.193644e+004,1.950845e-001
1.193692e+004,3.406638e-001
1.193741e+004,4.640187e-001
1.193789e+004,5.515766e-001
1.193837e+004,5.975814e-001
1.193885e+004,6.056033e-001
1.193933e+004,5.864726e-001
1.193982e+004,5.533323e-001
1.194030e+004,5.159822e-001
1.194078e+004,4.771264e-001
1.194126e+004,4.323051e-001
1.194174e+004,3.735886e-001
1.194223e+004,2.952972e-001
1.194271e+004,1.991295e-001
1.194319e+004,9.601516e-002
1.194367e+004,3.567300e-003
1.194416e+004,-6.000607e-002
1.194464e+004,-8.297261e-002
1.194512e+004,-6.511208e-002
1.194560e+004,-1.867490e-002
1.194608e+004,3.502399e-002
1.194657e+004,7.198989e-002
1.194705e+004,7.258825e-002
1.194753e+004,2.692650e-002
1.194801e+004,-6.290431e-002
1.194849e+004,-1.839359e-001
1.194898e+004,-3.158468e-001
1.194946e+004,-4.354632e-001
1.194994e+004,-5.210249e-001
1.195042e+004,-5.556491e-001
1.195090e+004,-5.299490e-001
1.195139e+004,-4.438201e-001
1.195187e+004,-3.071269e-001
1.195235e+004,-1.387229e-001
1.195283e+004,3.661845e-002
1.195332e+004,1.931626e-001
1.195380e+004,3.100106e-001
1.195428e+004,3.760650e-001
1.195476e+004,3.925049e-001
1.195524e+004,3.718014e-001
1.195573e+004,3.334967e-001
1.195621e+004,2.981591e-001
1.195669e+004,2.816322e-001
1.195717e+004,2.914986e-001
1.195765e+004,3.266401e-001
1.195814e+004,3.793990e-001
1.195862e+004,4.388669e-001
1.195910e+004,4.937166e-001
1.195958e+004,5.337258e-001
1.196007e+004,5.501730e-001
1.196055e+004,5.360315e-001
1.196103e+004,4.868654e-001
1.196151e+004,4.026523e-001
1.196199e+004,2.897715e-001
1.196248e+004,1.618081e-001
1.196296e+004,3.801384e-002
1.196344e+004,-6.075573e-002
1.196392e+004,-1.175630e-001
1.196440e+004,-1.244145e-001
1.196489e+004,-8.478918e-002
1.196537e+004,-1.252671e-002
1.196585e+004,7.262069e-002
1.196633e+004,1.510772e-001
1.196681e+004,2.088364e-001
1.196730e+004,2.402611e-001
1.196778e+004,2.476777e-001
1.196826e+004,2.385830e-001
1.196874e+004,2.221175e-001
1.196923e+004,2.063643e-001
1.196971e+004,1.971774e-001
1.197019e+004,1.982077e-001
1.197067e+004,2.111776e-001
1.197115e+004,2.355948e-001
1.197164e+004,2.678587e-001
1.197212e+004,3.005655e-001
1.197260e+004,3.232242e-001
1.197308e+004,3.247269e-001
1.197356e+004,2.977313e-001
1.197405e+004,2.426827e-001
1.197453e+004,1.696405e-001
1.197501e+004,9.639619e-002
1.197549e+004,4.299742e-002
1.197597e+004,2.454817e-002
1.197646e+004,4.516895e-002
1.197694e+004,9.577575e-002
1.197742e+004,1.569017e-001
1.197790e+004,2.057054e-001
1.197839e+004,2.244573e-001
1.197887e+004,2.070539e-001
1.197935e+004,1.609013e-001
1.197983e+004,1.035381e-001
1.198031e+004,5.562584e-002
1.198080e+004,3.333782e-002
1.198128e+004,4.314120e-002
1.198176e+004,8.065136e-002
1.198224e+004,1.333732e-001
1.198272e+004,1.856119e-001
1.198321e+004,2.232888e-001
1.198369e+004,2.369538e-001
1.198417e+004,2.225206e-001
1.198465e+004,1.804203e-001
1.198514e+004,1.143797e-001
1.198562e+004,3.073178e-002
1.198610e+004,-6.165189e-002
1.198658e+004,-1.514554e-001
1.198706e+004,-2.259151e-001
1.198755e+004,-2.731183e-001
1.198803e+004,-2.851420e-001
1.198851e+004,-2.608294e-001
1.198899e+004,-2.068676e-001
1.198947e+004,-1.364250e-001
1.198996e+004,-6.563753e-002
1.199044e+004,-9.184777e-003
1.199092e+004,2.341789e-002
1.199140e+004,2.955148e-002
1.199188e+004,1.290017e-002
1.199237e+004,-1.884359e-002
1.199285e+004,-5.677792e-002
1.199333e+004,-9.296210e-002
1.199381e+004,-1.214134e-001
1.199430e+004,-1.381269e-001
1.199478e+004,-1.407778e-001
1.199526e+004,-1.287401e-001
1.199574e+004,-1.035812e-001
1.199622e+004,-6.963299e-002
1.199671e+004,-3.394030e-002
1.199719e+004,-5.076012e-003
1.199767e+004,9.112391e-003
1.199815e+004,4.083549e-003
1.199863e+004,-1.960951e-002
1.199912e+004,-5.625395e-002
1.199960e+004,-9.682159e-002
1.200008e+004,-1.319831e-001
1.200056e+004,-1.549660e-001
1.200105e+004,-1.630399e-001
1.200153e+004,-1.571518e-001
1.200201e+004,-1.401699e-001
1.200249e+004,-1.148339e-001
1.200297e+004,-8.254273e-002
1.200346e+004,-4.354438e-002
1.200394e+004,1.691485e-003
1.200442e+004,5.086883e-002
1.200490e+004,9.920514e-002
1.200538e+004,1.403036e-001
1.200587e+004,1.683620e-001
1.200635e+004,1.807094e-001
1.200683e+004,1.793754e-001
1.200731e+004,1.707794e-001
1.200779e+004,1.634940e-001
1.200828e+004,1.649705e-001
1.200876e+004,1.786279e-001
1.200924e+004,2.025613e-001
1.200972e+004,2.303678e-001
1.201021e+004,2.536007e-001
1.201069e+004,2.646625e-001
1.201117e+004,2.588667e-001
1.201165e+004,2.349509e-001
1.201213e+004,1.941671e-001
1.201262e+004,1.387837e-001
1.201310e+004,7.101794e-002
1.201358e+004,-6.945549e-003
1.201406e+004,-9.193704e-002
1.201454e+004,-1.785505e-001
1.201503e+004,-2.586710e-001
1.201551e+004,-3.224431e-001
1.201599e+004,-3.605655e-001
1.201647e+004,-3.670336e-001
1.201696e+004,-3.411082e-001
1.201744e+004,-2.875693e-001
1.201792e+004,-2.150909e-001
1.201840e+004,-1.334496e-001
1.201888e+004,-5.082174e-002
1.201937e+004,2.763515e-002
1.201985e+004,9.936390e-002
1.202033e+004,1.625323e-001
1.202081e+004,2.138586e-001
1.202129e+004,2.475215e-001
1.202178e+004,2.560456e-001
1.202226e+004,2.330575e-001
1.202274e+004,1.767971e-001
1.202322e+004,9.277231e-002
1.202371e+004,-5.818946e-003
1.202419e+004,-1.004336e-001
1.202467e+004,-1.717544e-001
1.202515e+004,-2.050418e-001
1.202563e+004,-1.944269e-001
1.202612e+004,-1.446188e-001
1.202660e+004,-6.943166e-002
1.202708e+004,1.228101e-002
1.202756e+004,8.182903e-002
1.202804e+004,1.253425e-001
1.202853e+004,1.366333e-001
1.202901e+004,1.177659e-001
1.202949e+004,7.758330e-002
1.202997e+004,2.892690e-002
1.203046e+004,-1.454280e-002
1.203094e+004,-4.114610e-002
1.203142e+004,-4.313980e-002
1.203190e+004,-1.770351e-002
1.203238e+004,3.294314e-002
1.203287e+004,1.021369e-001
1.203335e+004,1.799562e-001
1.203383e+004,2.548853e-001
1.203431e+004,3.157501e-001
1.203479e+004,3.536398e-001
1.203528e+004,3.634520e-001
1.203576e+004,3.446238e-001
1.203624e+004,3.010000e-001
1.203672e+004,2.399156e-001
1.203721e+004,1.707448e-001
1.203769e+004,1.032309e-001
1.203817e+004,4.587669e-002
1.203865e+004,4.627397e-003
1.203913e+004,-1.797330e-002
1.203962e+004,-2.301872e-002
1.204010e+004,-1.480959e-002
1.204058e+004,1.775345e-004
1.204106e+004,1.471535e-002
1.204154e+004,2.231555e-002
1.204203e+004,1.841721e-002
1.204251e+004,9.925406e-004
1.204299e+004,-2.952088e-002
1.204347e+004,-7.082045e-002
1.204396e+004,-1.195479e-001
1.204444e+004,-1.719510e-001
1.204492e+004,-2.241804e-001
1.204540e+004,-2.722679e-001
1.204588e+004,-3.120584e-001
1.204637e+004,-3.394274e-001
1.204685e+004,-3.509208e-001
1.204733e+004,-3.446452e-001
1.204781e+004,-3.209458e-001
1.204829e+004,-2.823798e-001
1.204878e+004,-2.327659e-001
1.204926e+004,-1.755946e-001
1.204974e+004,-1.125771e-001
1.205022e+004,-4.325724e-002
1.205071e+004,3.378194e-002
1.205119e+004,1.183948e-001
1.205167e+004,2.061633e-001
1.205215e+004,2.870295e-001
1.205263e+004,3.464576e-001
1.205312e+004,3.693198e-001
1.205360e+004,3.454046e-001
1.205408e+004,2.744460e-001
1.205456e+004,1.683713e-001
1.205504e+004,4.933309e-002
1.205553e+004,-5.625174e-002
1.205601e+004,-1.256480e-001
1.205649e+004,-1.467117e-001
1.205697e+004,-1.210527e-001
1.205746e+004,-6.229023e-002
1.205794e+004,9.723128e-003
1.205842e+004,7.625607e-002
1.205890e+004,1.257139e-001
1.205938e+004,1.561492e-001
1.205987e+004,1.736684e-001
1.206035e+004,1.878583e-001
1.206083e+004,2.065535e-001
1.206131e+004,2.323389e-001
1.206179e+004,2.621506e-001
1.206228e+004,2.897134e-001
1.206276e+004,3.092496e-001
1.206324e+004,3.184965e-001
1.206372e+004,3.196465e-001
1.206420e+004,3.179285e-001
1.206469e+004,3.186694e-001
1.206517e+004,3.242009e-001
1.206565e+004,3.326855e-001
1.206613e+004,3.383396e-001
1.206662e+004,3.338548e-001
1.206710e+004,3.133945e-001
1.206758e+004,2.750426e-001
1.206806e+004,2.218777e-001
1.206854e+004,1.614960e-001
1.206903e+004,1.043168e-001
1.206951e+004,6.125754e-002
1.206999e+004,4.134044e-002
1.207047e+004,4.964486e-002
1.207095e+004,8.589409e-002
1.207144e+004,1.439584e-001
1.207192e+004,2.125905e-001
1.207240e+004,2.775906e-001
1.207288e+004,3.251771e-001
1.207336e+004,3.457006e-001
1.207385e+004,3.363712e-001
1.207433e+004,3.018114e-001
1.207481e+004,2.520413e-001
1.207529e+004,1.986475e-001
1.207578e+004,1.507181e-001
1.207626e+004,1.123000e-001
1.207674e+004,8.252134e-002
1.207722e+004,5.834141e-002
1.207770e+004,3.856247e-002
1.207819e+004,2.690472e-002
1.207867e+004,3.213897e-002
1.207915e+004,6.459811e-002
1.207963e+004,1.302734e-001
1.208011e+004,2.251772e-001
1.208060e+004,3.329125e-001
1.208108e+004,4.272370e-001
1.208156e+004,4.793047e-001
1.208204e+004,4.671839e-001
1.208253e+004,3.840688e-001
1.208301e+004,2.419493e-001
1.208349e+004,6.914408e-002
1.208397e+004,-9.753803e-002
1.208445e+004,-2.232395e-001
1.208494e+004,-2.843941e-001
1.208542e+004,-2.738510e-001
1.208590e+004,-2.004670e-001
1.208638e+004,-8.406805e-002
1.208686e+004,5.172138e-002
1.208735e+004,1.859132e-001
1.208783e+004,3.038312e-001
1.208831e+004,3.975291e-001
1.208879e+004,4.638949e-001
1.208927e+004,5.021512e-001
1.208976e+004,5.123169e-001
1.209024e+004,4.953110e-001
1.209072e+004,4.543251e-001
1.209120e+004,3.963732e-001
1.209169e+004,3.328887e-001
1.209217e+004,2.786967e-001
1.209265e+004,2.494250e-001
1.209313e+004,2.580247e-001
1.209361e+004,3.114211e-001
1.209410e+004,4.082711e-001
1.209458e+004,5.384780e-001
1.209506e+004,6.846236e-001
1.209554e+004,8.250412e-001
1.209602e+004,9.378539e-001
1.209651e+004,1.005595e+000
1.209699e+004,1.018786e+000
1.209747e+004,9.781826e-001
1.209795e+004,8.945704e-001
1.209844e+004,7.858675e-001
1.209892e+004,6.720236e-001
1.209940e+004,5.692120e-001
1.209988e+004,4.853780e-001
1.210036e+004,4.189589e-001
1.210085e+004,3.613884e-001
1.210133e+004,3.023879e-001
1.210181e+004,2.357648e-001
1.210229e+004,1.631733e-001
1.210277e+004,9.411599e-002
1.210326e+004,4.206199e-002
1.210374e+004,1.826800e-002
1.210422e+004,2.601964e-002
1.210470e+004,5.800194e-002
1.210518e+004,9.822474e-002
1.210567e+004,1.278362e-001
1.210615e+004,1.322591e-001
1.210663e+004,1.063803e-001
1.210711e+004,5.543575e-002
1.210760e+004,-8.671317e-003
1.210808e+004,-7.367609e-002
1.210856e+004,-1.326955e-001
1.210904e+004,-1.865278e-001
1.210952e+004,-2.413132e-001
1.211001e+004,-3.026938e-001
1.211049e+004,-3.695012e-001
1.211097e+004,-4.305160e-001
1.211145e+004,-4.665270e-001
1.211193e+004,-4.573398e-001
1.211242e+004,-3.907799e-001
1.211290e+004,-2.695647e-001
1.211338e+004,-1.127176e-001
1.211386e+004,4.942308e-002
1.211435e+004,1.847668e-001
1.211483e+004,2.697379e-001
1.211531e+004,2.960267e-001
1.211579e+004,2.711267e-001
1.211627e+004,2.127704e-001
1.211676e+004,1.401259e-001
1.211724e+004,6.594080e-002
1.211772e+004,-6.830973e-003
1.211820e+004,-8.261906e-002
1.211868e+004,-1.665078e-001
1.211917e+004,-2.567765e-001
1.211965e+004,-3.407928e-001
1.212013e+004,-3.968171e-001
1.212061e+004,-4.013935e-001
1.212109e+004,-3.392243e-001
1.212158e+004,-2.112351e-001
1.212206e+004,-3.730055e-002
1.212254e+004,1.477185e-001
1.212302e+004,3.034489e-001
1.212351e+004,3.957493e-001
1.212399e+004,4.066087e-001
1.212447e+004,3.387707e-001
1.212495e+004,2.137176e-001
1.212543e+004,6.420345e-002
1.212592e+004,-7.565490e-002
1.212640e+004,-1.792956e-001
1.212688e+004,-2.330642e-001
1.212736e+004,-2.373956e-001
1.212784e+004,-2.037968e-001
1.212833e+004,-1.498283e-001
1.212881e+004,-9.357672e-002
1.212929e+004,-4.911090e-002
1.212977e+004,-2.373661e-002
1.213026e+004,-1.734082e-002
1.213074e+004,-2.373536e-002
1.213122e+004,-3.359000e-002
1.213170e+004,-3.815381e-002
1.213218e+004,-3.261934e-002
1.213267e+004,-1.796084e-002
1.213315e+004,-5.310255e-004
1.213363e+004,1.048091e-002
1.213411e+004,6.786459e-003
1.213459e+004,-1.553555e-002
1.213508e+004,-5.429739e-002
1.213556e+004,-1.020193e-001
1.213604e+004,-1.490746e-001
1.213652e+004,-1.878252e-001
1.213700e+004,-2.158578e-001
1.213749e+004,-2.367535e-001
1.213797e+004,-2.579647e-001
1.213845e+004,-2.867104e-001
1.213893e+004,-3.257456e-001
1.213942e+004,-3.709379e-001
1.213990e+004,-4.117963e-001
1.214038e+004,-4.347897e-001
1.214086e+004,-4.280883e-001
1.214134e+004,-3.858193e-001
1.214183e+004,-3.102373e-001
1.214231e+004,-2.111732e-001
1.214279e+004,-1.032379e-001
1.214327e+004,-2.023645e-003
1.214375e+004,7.934000e-002
1.214424e+004,1.323995e-001
1.214472e+004,1.542301e-001
1.214520e+004,1.473099e-001
1.214568e+004,1.188492e-001
1.214617e+004,7.967094e-002
1.214665e+004,4.242723e-002
1.214713e+004,1.899575e-002
1.214761e+004,1.740348e-002
1.214809e+004,3.924724e-002
1.214858e+004,7.882647e-002
1.214906e+004,1.247862e-001
1.214954e+004,1.640835e-001
1.215002e+004,1.869718e-001
1.215050e+004,1.909912e-001
1.215099e+004,1.820859e-001
1.215147e+004,1.720547e-001
1.215195e+004,1.732098e-001
1.215243e+004,1.925881e-001
1.215292e+004,2.284640e-001
1.215340e+004,2.709375e-001
1.215388e+004,3.064137e-001
1.215436e+004,3.238560e-001
1.215484e+004,3.197480e-001
1.215533e+004,2.993242e-001
1.215581e+004,2.734784e-001
1.215629e+004,2.529648e-001
1.215677e+004,2.428490e-001
1.215725e+004,2.400197e-001
1.215774e+004,2.349185e-001
1.215822e+004,2.170448e-001
1.215870e+004,1.804952e-001
1.215918e+004,1.277991e-001
1.215966e+004,6.949520e-002
1.216015e+004,1.988597e-002
1.216063e+004,-8.822564e-003
1.216111e+004,-1.110417e-002
1.216159e+004,1.061142e-002
1.216208e+004,4.816668e-002
1.216256e+004,9.181316e-002
1.216304e+004,1.338464e-001
1.216352e+004,1.698795e-001
1.216400e+004,1.974886e-001
1.216449e+004,2.136451e-001
1.216497e+004,2.131484e-001
1.216545e+004,1.896892e-001
1.216593e+004,1.395092e-001
1.216641e+004,6.580409e-002
1.216690e+004,-1.888129e-002
1.216738e+004,-9.436061e-002
1.216786e+004,-1.387015e-001
1.216834e+004,-1.361115e-001
1.216883e+004,-8.332697e-002
1.216931e+004,8.538269e-003
1.216979e+004,1.177423e-001
1.217027e+004,2.197952e-001
1.217075e+004,2.961228e-001
1.217124e+004,3.398662e-001
1.217172e+004,3.565941e-001
1.217220e+004,3.601058e-001
1.217268e+004,3.657050e-001
1.217316e+004,3.841817e-001
1.217365e+004,4.189843e-001
1.217413e+004,4.671910e-001
1.217461e+004,5.229121e-001
1.217509e+004,5.807127e-001
1.217557e+004,6.369981e-001
1.217606e+004,6.888030e-001
1.217654e+004,7.311578e-001
1.217702e+004,7.551526e-001
1.217750e+004,7.484995e-001
1.217799e+004,6.989291e-001
1.217847e+004,5.991019e-001
1.217895e+004,4.507116e-001
1.217943e+004,2.658068e-001
1.217991e+004,6.469032e-002
1.218040e+004,-1.286337e-001
1.218088e+004,-2.915636e-001
1.218136e+004,-4.067510e-001
1.218184e+004,-4.638318e-001
1.218232e+004,-4.593746e-001
1.218281e+004,-3.961441e-001
1.218329e+004,-2.827454e-001
1.218377e+004,-1.338796e-001
1.218425e+004,2.955470e-002
1.218474e+004,1.818198e-001
1.218522e+004,2.960220e-001
1.218570e+004,3.497770e-001
1.218618e+004,3.311425e-001
1.218666e+004,2.424297e-001
1.218715e+004,1.000243e-001
1.218763e+004,-7.010107e-002
1.218811e+004,-2.396437e-001
1.218859e+004,-3.854170e-001
1.218907e+004,-4.934225e-001
1.218956e+004,-5.598400e-001
1.219004e+004,-5.877246e-001
1.219052e+004,-5.824317e-001
1.219100e+004,-5.482682e-001
1.219148e+004,-4.881143e-001
1.219197e+004,-4.058811e-001
1.219245e+004,-3.099217e-001
1.219293e+004,-2.148072e-001
1.219341e+004,-1.396054e-001
1.219390e+004,-1.026595e-001
1.219438e+004,-1.148612e-001
1.219486e+004,-1.745205e-001
1.219534e+004,-2.664252e-001
1.219582e+004,-3.658498e-001
1.219631e+004,-4.460750e-001
1.219679e+004,-4.865488e-001
1.219727e+004,-4.786977e-001
1.219775e+004,-4.275167e-001
1.219823e+004,-3.487807e-001
1.219872e+004,-2.633678e-001
1.219920e+004,-1.909973e-001
1.219968e+004,-1.454936e-001
1.220016e+004,-1.326008e-001
1.220065e+004,-1.501222e-001
1.220113e+004,-1.893588e-001
1.220161e+004,-2.368334e-001
1.220209e+004,-2.759141e-001
1.220257e+004,-2.886740e-001
1.220306e+004,-2.585997e-001
1.220354e+004,-1.743626e-001
1.220402e+004,-3.399381e-002
1.220450e+004,1.519975e-001
1.220498e+004,3.602440e-001
1.220547e+004,5.578989e-001
1.220595e+004,7.095265e-001
1.220643e+004,7.858993e-001
1.220691e+004,7.721965e-001
1.220739e+004,6.730436e-001
1.220788e+004,5.125498e-001
1.220836e+004,3.288590e-001
1.220884e+004,1.644066e-001
1.220932e+004,5.460612e-002
1.220981e+004,1.846718e-002
1.221029e+004,5.415537e-002
1.221077e+004,1.408289e-001
1.221125e+004,2.459388e-001
1.221173e+004,3.354901e-001
1.221222e+004,3.840688e-001
1.221270e+004,3.816963e-001
1.221318e+004,3.356036e-001
1.221366e+004,2.664755e-001
1.221414e+004,2.004820e-001
1.221463e+004,1.598433e-001
1.221511e+004,1.552645e-001
1.221559e+004,1.828853e-001
1.221607e+004,2.266982e-001
1.221656e+004,2.653643e-001
1.221704e+004,2.807784e-001
1.221752e+004,2.651180e-001
1.221800e+004,2.237204e-001
1.221848e+004,1.727402e-001
1.221897e+004,1.326005e-001
1.221945e+004,1.198700e-001
1.221993e+004,1.407380e-001
1.222041e+004,1.884964e-001
1.222089e+004,2.459067e-001
1.222138e+004,2.914735e-001
1.222186e+004,3.072635e-001
1.222234e+004,2.853583e-001
1.222282e+004,2.305824e-001
1.222330e+004,1.586041e-001
1.222379e+004,9.026533e-002
1.222427e+004,4.434785e-002
1.222475e+004,3.139522e-002
1.222523e+004,5.067002e-002
1.222572e+004,9.113631e-002
1.222620e+004,1.359766e-001
1.222668e+004,1.690078e-001
1.222716e+004,1.807893e-001
1.222764e+004,1.723460e-001
1.222813e+004,1.552254e-001
1.222861e+004,1.477774e-001
1.222909e+004,1.687569e-001
1.222957e+004,2.302700e-001
1.223005e+004,3.324254e-001
1.223054e+004,4.616643e-001
1.223102e+004,5.935798e-001
1.223150e+004,6.994920e-001
1.223198e+004,7.546726e-001
1.223246e+004,7.455598e-001
1.223295e+004,6.736953e-001
1.223343e+004,5.552815e-001
1.223391e+004,4.166105e-001
1.223439e+004,2.868220e-001
1.223488e+004,1.901755e-001
1.223536e+004,1.401332e-001
1.223584e+004,1.369632e-001
1.223632e+004,1.693899e-001
1.223680e+004,2.194444e-001
1.223729e+004,2.686608e-001
1.223777e+004,3.035063e-001
1.223825e+004,3.184569e-001
1.223873e+004,3.160915e-001
1.223921e+004,3.046012e-001
1.223970e+004,2.938385e-001
1.224018e+004,2.913519e-001
1.224066e+004,2.996829e-001
1.224114e+004,3.156802e-001
1.224163e+004,3.318766e-001
1.224211e+004,3.393504e-001
1.224259e+004,3.311057e-001
1.224307e+004,3.049254e-001
1.224355e+004,2.648366e-001
1.224404e+004,2.207226e-001
1.224452e+004,1.861360e-001
1.224500e+004,1.749062e-001
1.224548e+004,1.974938e-001
1.224596e+004,2.581150e-001
1.224645e+004,3.533902e-001
1.224693e+004,4.727929e-001
1.224741e+004,6.006647e-001
1.224789e+004,7.192141e-001
1.224838e+004,8.117808e-001
1.224886e+004,8.657118e-001
1.224934e+004,8.744003e-001
1.224982e+004,8.382309e-001
1.225030e+004,7.643652e-001
1.225079e+004,6.654413e-001
1.225127e+004,5.572574e-001
1.225175e+004,4.558600e-001
1.225223e+004,3.745074e-001
1.225271e+004,3.211897e-001
1.225320e+004,2.973779e-001
1.225368e+004,2.984163e-001
1.225416e+004,3.154329e-001
1.225464e+004,3.380506e-001
1.225513e+004,3.568462e-001
1.225561e+004,3.646612e-001
1.225609e+004,3.564968e-001
1.225657e+004,3.285343e-001
1.225705e+004,2.773220e-001
1.225754e+004,2.001030e-001
1.225802e+004,9.655885e-002
1.225850e+004,-2.875020e-002
1.225898e+004,-1.647362e-001
1.225946e+004,-2.944329e-001
1.225995e+004,-3.985438e-001
1.226043e+004,-4.609848e-001
1.226091e+004,-4.742067e-001
1.226139e+004,-4.417840e-001
1.226188e+004,-3.767897e-001
1.226236e+004,-2.963889e-001
1.226284e+004,-2.149222e-001
1.226332e+004,-1.385621e-001
1.226380e+004,-6.400865e-002
1.226429e+004,1.803584e-002
1.226477e+004,1.160277e-001
1.226525e+004,2.305067e-001
1.226573e+004,3.503703e-001
1.226621e+004,4.548347e-001
1.226670e+004,5.207223e-001
1.226718e+004,5.319166e-001
1.226766e+004,4.865300e-001
1.226814e+004,3.984005e-001
1.226863e+004,2.922400e-001
1.226911e+004,1.946536e-001
1.226959e+004,1.248934e-001
1.227007e+004,8.917118e-002
1.227055e+004,8.067336e-002
1.227104e+004,8.485758e-002
1.227152e+004,8.725009e-002
1.227200e+004,7.997324e-002
1.227248e+004,6.410896e-002
1.227296e+004,4.722632e-002
1.227345e+004,3.777503e-002
1.227393e+004,3.943105e-002
1.227441e+004,4.827377e-002
1.227489e+004,5.406875e-002
1.227538e+004,4.476223e-002
1.227586e+004,1.175114e-002
1.227634e+004,-4.665864e-002
1.227682e+004,-1.250152e-001
1.227730e+004,-2.133944e-001
1.227779e+004,-3.013332e-001
1.227827e+004,-3.809930e-001
1.227875e+004,-4.481957e-001
1.227923e+004,-5.013024e-001
1.227971e+004,-5.391376e-001
1.228020e+004,-5.595773e-001
1.228068e+004,-5.598198e-001
1.228116e+004,-5.382629e-001
1.228164e+004,-4.962226e-001
1.228213e+004,-4.395156e-001
1.228261e+004,-3.772665e-001
1.228309e+004,-3.191524e-001
1.228357e+004,-2.721882e-001
1.228405e+004,-2.386522e-001
1.228454e+004,-2.161519e-001
1.228502e+004,-1.996710e-001
1.228550e+004,-1.844118e-001
1.228598e+004,-1.679369e-001
1.228646e+004,-1.506071e-001
1.228695e+004,-1.343358e-001
1.228743e+004,-1.206506e-001
1.228791e+004,-1.093974e-001
1.228839e+004,-9.895064e-002
1.228887e+004,-8.777061e-002
1.228936e+004,-7.624485e-002
1.228984e+004,-6.747074e-002
1.229032e+004,-6.617209e-002
1.229080e+004,-7.601085e-002
1.229129e+004,-9.658583e-002
1.229177e+004,-1.217782e-001
1.229225e+004,-1.405317e-001
1.229273e+004,-1.399099e-001
1.229321e+004,-1.091169e-001
1.229370e+004,-4.271024e-002
1.229418e+004,5.826936e-002
1.229466e+004,1.874431e-001
1.229514e+004,3.355757e-001
1.229562e+004,4.928625e-001
1.229611e+004,6.497657e-001
1.229659e+004,7.961525e-001
1.229707e+004,9.196891e-001
1.229755e+004,1.005125e+000
1.229804e+004,1.035830e+000
1.229852e+004,9.978148e-001
1.229900e+004,8.850235e-001
1.229948e+004,7.036842e-001
1.229996e+004,4.734859e-001
1.230045e+004,2.244116e-001
1.230093e+004,-1.019912e-002
1.230141e+004,-2.021718e-001
1.230189e+004,-3.356585e-001
1.230237e+004,-4.104753e-001
1.230286e+004,-4.406193e-001
1.230334e+004,-4.487379e-001
1.230382e+004,-4.586187e-001
1.230430e+004,-4.881263e-001
1.230478e+004,-5.445462e-001
1.230527e+004,-6.233162e-001
1.230575e+004,-7.101515e-001
1.230623e+004,-7.857234e-001
1.230671e+004,-8.315248e-001
1.230720e+004,-8.352641e-001
1.230768e+004,-7.942939e-001
1.230816e+004,-7.160884e-001
1.230864e+004,-6.156434e-001
1.230912e+004,-5.106410e-001
1.230961e+004,-4.159722e-001
1.231009e+004,-3.395103e-001
1.231057e+004,-2.806786e-001
1.231105e+004,-2.323656e-001
1.231153e+004,-1.854494e-001
1.231202e+004,-1.336135e-001
1.231250e+004,-7.851478e-002
1.231298e+004,-2.878201e-002
1.231346e+004,2.507976e-003
1.231395e+004,3.463505e-003
1.231443e+004,-3.089291e-002
1.231491e+004,-9.548208e-002
1.231539e+004,-1.762794e-001
1.231587e+004,-2.553951e-001
1.231636e+004,-3.178907e-001
1.231684e+004,-3.571474e-001
1.231732e+004,-3.762393e-001
1.231780e+004,-3.846377e-001
1.231828e+004,-3.918274e-001
1.231877e+004,-4.009479e-001
1.231925e+004,-4.056921e-001
1.231973e+004,-3.922806e-001
1.232021e+004,-3.459536e-001
1.232069e+004,-2.591265e-001
1.232118e+004,-1.373137e-001
1.232166e+004,3.057888e-004
1.232214e+004,1.264605e-001
1.232262e+004,2.154842e-001
1.232311e+004,2.531416e-001
1.232359e+004,2.423419e-001
1.232407e+004,2.021242e-001
1.232455e+004,1.601228e-001
1.232503e+004,1.415383e-001
1.232552e+004,1.591808e-001
1.232600e+004,2.087053e-001
1.232648e+004,2.709595e-001
1.232696e+004,3.204320e-001
1.232744e+004,3.363138e-001
1.232793e+004,3.116260e-001
1.232841e+004,2.566032e-001
1.232889e+004,1.948439e-001
1.232937e+004,1.537526e-001
1.232985e+004,1.532038e-001
1.233034e+004,1.970439e-001
1.233082e+004,2.708185e-001
1.233130e+004,3.466270e-001
1.233178e+004,3.933416e-001
1.233227e+004,3.884021e-001
1.233275e+004,3.266979e-001
1.233323e+004,2.229989e-001
1.233371e+004,1.069605e-001
1.233419e+004,1.282675e-002
1.233468e+004,-3.188906e-002
1.233516e+004,-1.440694e-002
1.233564e+004,6.119526e-002
1.233612e+004,1.777175e-001
1.233660e+004,3.122299e-001
1.233709e+004,4.437845e-001
1.233757e+004,5.583268e-001
1.233805e+004,6.491656e-001
1.233853e+004,7.136423e-001
1.233902e+004,7.485818e-001
1.233950e+004,7.477288e-001
1.233998e+004,7.031794e-001
1.234046e+004,6.105072e-001
1.234094e+004,4.749694e-001
1.234143e+004,3.151232e-001
1.234191e+004,1.609112e-001
1.234239e+004,4.567258e-002
1.234287e+004,-2.260298e-003
1.234335e+004,1.875213e-002
1.234384e+004,9.125337e-002
1.234432e+004,1.790203e-001
1.234480e+004,2.387927e-001
1.234528e+004,2.350928e-001
1.234576e+004,1.522712e-001
1.234625e+004,-9.665116e-004
1.234673e+004,-1.960721e-001
1.234721e+004,-3.959030e-001
1.234769e+004,-5.677355e-001
1.234818e+004,-6.927210e-001
1.234866e+004,-7.684147e-001
1.234914e+004,-8.042869e-001
1.234962e+004,-8.132161e-001
1.235010e+004,-8.034974e-001
1.235059e+004,-7.752435e-001
1.235107e+004,-7.225603e-001
1.235155e+004,-6.398685e-001
1.235203e+004,-5.286802e-001
1.235251e+004,-4.010489e-001
1.235300e+004,-2.777598e-001
1.235348e+004,-1.820398e-001
1.235396e+004,-1.317974e-001
1.235444e+004,-1.339395e-001
1.235493e+004,-1.831101e-001
1.235541e+004,-2.649659e-001
1.235589e+004,-3.621043e-001
1.235637e+004,-4.598544e-001
1.235685e+004,-5.496271e-001
1.235734e+004,-6.289554e-001
1.235782e+004,-6.990053e-001
1.235830e+004,-7.613389e-001
1.235878e+004,-8.156980e-001
1.235926e+004,-8.596196e-001
1.235975e+004,-8.895026e-001
1.236023e+004,-9.019818e-001
1.236071e+004,-8.945728e-001
1.236119e+004,-8.653096e-001
1.236167e+004,-8.119995e-001
1.236216e+004,-7.321050e-001
1.236264e+004,-6.239299e-001
1.236312e+004,-4.888536e-001
1.236360e+004,-3.334979e-001
1.236409e+004,-1.703933e-001
1.236457e+004,-1.628188e-002
1.236505e+004,1.117205e-001
1.236553e+004,2.007944e-001
1.236601e+004,2.460942e-001
1.236650e+004,2.519103e-001
1.236698e+004,2.297861e-001
1.236746e+004,1.943551e-001
1.236794e+004,1.586283e-001
1.236842e+004,1.306309e-001
1.236891e+004,1.125357e-001
1.236939e+004,1.022224e-001
1.236987e+004,9.615412e-002
1.237035e+004,9.211545e-002
1.237084e+004,9.071778e-002
1.237132e+004,9.533424e-002
1.237180e+004,1.108314e-001
1.237228e+004,1.418231e-001
1.237276e+004,1.910728e-001
1.237325e+004,2.583191e-001
1.237373e+004,3.412824e-001
1.237421e+004,4.285952e-001
1.237469e+004,5.068020e-001
1.237517e+004,5.596845e-001
1.237566e+004,5.706103e-001
1.237614e+004,5.259456e-001
1.237662e+004,4.188910e-001
1.237710e+004,2.525007e-001
1.237758e+004,4.054174e-002
1.237807e+004,-1.945309e-001
1.237855e+004,-4.260857e-001
1.237903e+004,-6.288667e-001
1.237951e+004,-7.837334e-001
1.238000e+004,-8.801726e-001
1.238048e+004,-9.161537e-001
1.238096e+004,-8.960217e-001
1.238144e+004,-8.277566e-001
1.238192e+004,-7.209602e-001
1.238241e+004,-5.862570e-001
1.238289e+004,-4.358949e-001
1.238337e+004,-2.845384e-001
1.238385e+004,-1.490893e-001
1.238433e+004,-4.684500e-002
1.238482e+004,7.780528e-003
1.238530e+004,6.928740e-003
1.238578e+004,-4.801120e-002
1.238626e+004,-1.457931e-001
1.238675e+004,-2.671953e-001
1.238723e+004,-3.889752e-001
1.238771e+004,-4.887928e-001
1.238819e+004,-5.496924e-001
1.238867e+004,-5.629132e-001
1.238916e+004,-5.284204e-001
1.238964e+004,-4.533383e-001
1.239012e+004,-3.490657e-001
1.239060e+004,-2.281009e-001
1.239108e+004,-1.014536e-001
1.239157e+004,2.279757e-002
1.239205e+004,1.396654e-001
1.239253e+004,2.463352e-001
1.239301e+004,3.406631e-001
1.239350e+004,4.197078e-001
1.239398e+004,4.788782e-001
1.239446e+004,5.120546e-001
1.239494e+004,5.127194e-001
1.239542e+004,4.757807e-001
1.239591e+004,3.995018e-001
1.239639e+004,2.868981e-001
1.239687e+004,1.461438e-001
1.239735e+004,-1.008840e-002
1.239783e+004,-1.660865e-001
1.239832e+004,-3.049262e-001
1.239880e+004,-4.103580e-001
1.239928e+004,-4.686646e-001
1.239976e+004,-4.705260e-001
1.240025e+004,-4.128279e-001
1.240073e+004,-3.000703e-001
1.240121e+004,-1.447815e-001
1.240169e+004,3.365840e-002
1.240217e+004,2.119983e-001
1.240266e+004,3.674656e-001
1.240314e+004,4.823689e-001
1.240362e+004,5.474796e-001
1.240410e+004,5.629731e-001
1.240458e+004,5.425192e-001
1.240507e+004,4.916822e-001
1.240555e+004,4.205613e-001
1.240603e+004,3.356243e-001
1.240651e+004,2.394952e-001
1.240699e+004,1.333615e-001
1.240748e+004,2.073346e-002
1.240796e+004,-8.944738e-002
1.240844e+004,-1.821898e-001
1.240892e+004,-2.390641e-001
1.240941e+004,-2.432501e-001
1.240989e+004,-1.850313e-001
1.241037e+004,-6.547813e-002
1.241085e+004,1.031614e-001
1.241133e+004,3.004966e-001
1.241182e+004,5.032321e-001
1.241230e+004,6.906027e-001
1.241278e+004,8.480167e-001
1.241326e+004,9.677632e-001
1.241374e+004,1.047001e+000
1.241423e+004,1.084475e+000
1.241471e+004,1.077993e+000
1.241519e+004,1.024126e+000
1.241567e+004,9.204097e-001
1.241615e+004,7.688735e-001
1.241664e+004,5.789686e-001
1.241712e+004,3.680959e-001
1.241760e+004,1.589122e-001
1.241808e+004,-2.598916e-002
1.241857e+004,-1.701612e-001
1.241905e+004,-2.677361e-001
1.241953e+004,-3.242642e-001
1.242001e+004,-3.534183e-001
1.242049e+004,-3.707325e-001
1.242098e+004,-3.868165e-001
1.242146e+004,-4.027357e-001
1.242194e+004,-4.094149e-001
1.242242e+004,-3.913657e-001
1.242290e+004,-3.333412e-001
1.242339e+004,-2.273886e-001
1.242387e+004,-7.758328e-002
1.242435e+004,9.933993e-002
1.242483e+004,2.776760e-001
1.242532e+004,4.293953e-001
1.242580e+004,5.314428e-001
1.242628e+004,5.713213e-001
1.242676e+004,5.493250e-001
1.242724e+004,4.770151e-001
1.242773e+004,3.728061e-001
1.242821e+004,2.564476e-001
1.242869e+004,1.443707e-001
1.242917e+004,4.730823e-002
1.242965e+004,-2.946127e-002
1.243014e+004,-8.396090e-002
1.243062e+004,-1.148549e-001
1.243110e+004,-1.197304e-001
1.243158e+004,-9.519432e-002
1.243206e+004,-3.872699e-002
1.243255e+004,4.862830e-002
1.243303e+004,1.600858e-001
1.243351e+004,2.826187e-001
1.243399e+004,3.986824e-001
1.243448e+004,4.898586e-001
1.243496e+004,5.413282e-001
1.243544e+004,5.480054e-001
1.243592e+004,5.088436e-001
1.243640e+004,4.320882e-001
1.243689e+004,3.299464e-001
1.243737e+004,2.144818e-001
1.243785e+004,9.442323e-002
1.243833e+004,-2.590582e-002
1.243881e+004,-1.452744e-001
1.243930e+004,-2.626216e-001
1.243978e+004,-3.739932e-001
1.244026e+004,-4.709125e-001
1.244074e+004,-5.412157e-001
1.244123e+004,-5.723297e-001
1.244171e+004,-5.558745e-001
1.244219e+004,-4.917437e-001
1.244267e+004,-3.898651e-001
1.244315e+004,-2.686149e-001
1.244364e+004,-1.501870e-001
1.244412e+004,-5.446631e-002
1.244460e+004,6.362438e-003
1.244508e+004,3.052025e-002
1.244556e+004,2.576871e-002
1.244605e+004,5.446367e-003
1.244653e+004,-1.702914e-002
1.244701e+004,-3.316799e-002
1.244749e+004,-4.214397e-002
1.244797e+004,-5.033666e-002
1.244846e+004,-6.795051e-002
1.244894e+004,-1.040816e-001
1.244942e+004,-1.621491e-001
1.244990e+004,-2.373873e-001
1.245039e+004,-3.172592e-001
1.245087e+004,-3.846061e-001
1.245135e+004,-4.224982e-001
1.245183e+004,-4.192932e-001
1.245231e+004,-3.724000e-001
1.245280e+004,-2.895974e-001
1.245328e+004,-1.874591e-001
1.245376e+004,-8.724195e-002
1.245424e+004,-9.365927e-003
1.245472e+004,3.196856e-002
1.245521e+004,3.248176e-002
1.245569e+004,-1.264109e-003
1.245617e+004,-5.405502e-002
1.245665e+004,-1.067686e-001
1.245714e+004,-1.422884e-001
1.245762e+004,-1.507172e-001
1.245810e+004,-1.321004e-001
1.245858e+004,-9.560379e-002
1.245906e+004,-5.532417e-002
1.245955e+004,-2.419098e-002
1.246003e+004,-8.233858e-003
1.246051e+004,-3.469870e-003
1.246099e+004,3.223147e-003
1.246147e+004,2.932671e-002
1.246196e+004,8.957873e-002
1.246244e+004,1.891375e-001
1.246292e+004,3.196887e-001
1.246340e+004,4.602127e-001
1.246388e+004,5.824469e-001
1.246437e+004,6.593122e-001
1.246485e+004,6.734521e-001
1.246533e+004,6.229376e-001
1.246581e+004,5.221350e-001
1.246630e+004,3.967174e-001
1.246678e+004,2.776554e-001
1.246726e+004,1.889493e-001
1.246774e+004,1.412142e-001
1.246822e+004,1.285113e-001
1.246871e+004,1.305500e-001
1.246919e+004,1.195287e-001
1.246967e+004,6.940395e-002
1.247015e+004,-3.535786e-002
1.247063e+004,-1.943153e-001
1.247112e+004,-3.905849e-001
1.247160e+004,-5.954795e-001
1.247208e+004,-7.766918e-001
1.247256e+004,-9.073439e-001
1.247305e+004,-9.730000e-001
1.247353e+004,-9.745259e-001
1.247401e+004,-9.260995e-001
1.247449e+004,-8.492688e-001
1.247497e+004,-7.651944e-001
1.247546e+004,-6.877619e-001
1.247594e+004,-6.198782e-001
1.247642e+004,-5.541928e-001
1.247690e+004,-4.778913e-001
1.247738e+004,-3.797872e-001
1.247787e+004,-2.569977e-001
1.247835e+004,-1.185929e-001
1.247883e+004,1.533833e-002
1.247931e+004,1.190137e-001
1.247979e+004,1.687804e-001
1.248028e+004,1.505761e-001
1.248076e+004,6.435315e-002
1.248124e+004,-7.601675e-002
1.248172e+004,-2.471724e-001
1.248221e+004,-4.233459e-001
1.248269e+004,-5.835394e-001
1.248317e+004,-7.162991e-001
1.248365e+004,-8.204873e-001
1.248413e+004,-9.019850e-001
1.248462e+004,-9.678193e-001
1.248510e+004,-1.020240e+000
1.248558e+004,-1.053321e+000
1.248606e+004,-1.053708e+000
1.248654e+004,-1.005487e+000
1.248703e+004,-8.974809e-001
1.248751e+004,-7.301942e-001
1.248799e+004,-5.195093e-001
1.248847e+004,-2.953054e-001
1.248896e+004,-9.493712e-002
1.248944e+004,4.656853e-002
1.248992e+004,1.064325e-001
1.249040e+004,8.083833e-002
1.249088e+004,-1.384966e-002
1.249137e+004,-1.457879e-001
1.249185e+004,-2.767203e-001
1.249233e+004,-3.724325e-001
1.249281e+004,-4.112485e-001
1.249329e+004,-3.880067e-001
1.249378e+004,-3.126565e-001
1.249426e+004,-2.045696e-001
1.249474e+004,-8.515033e-002
1.249522e+004,2.832778e-002
1.249571e+004,1.256044e-001
1.249619e+004,2.026453e-001
1.249667e+004,2.584548e-001
1.249715e+004,2.917742e-001
1.249763e+004,2.989395e-001
1.249812e+004,2.757407e-001
1.249860e+004,2.204847e-001
1.249908e+004,1.376401e-001
1.249956e+004,3.971966e-002
1.250004e+004,-5.398651e-002
